fold,rotation,draw,policy,encoder,pool_scope,n_evaluation_people,n_candidate_people,n_selected_people,nn1_mean,nn1_max,nn3_mean,selected_global_loso_distance_mean,pool_global_loso_distance_mean,selected_outlier_mean_percentile
0,0,0,C,ecapa,including_selected,60,60,24,0.35410855696376226,0.7165516463383919,0.5952424549743507,0.8607054634895964,0.8382000548002274,0.6923611111111111
0,0,0,C,ecapa,excluding_selected,36,60,24,0.5901809282729371,0.7165516463383919,0.6576329031018922,0.8607054634895964,0.8382000548002274,0.6923611111111111
0,0,0,R,ecapa,including_selected,60,60,24,0.3209140278410591,0.6891136042418198,0.55954729455593,0.844197890561898,0.8382000548002274,0.5472222222222222
0,0,0,R,ecapa,excluding_selected,36,60,24,0.5348567130684319,0.6891136042418198,0.6257541545479894,0.844197890561898,0.8382000548002274,0.5472222222222222
0,0,0,U,ecapa,including_selected,60,60,24,0.35821386268521904,0.790334567218776,0.5612224157423983,0.8347871367660091,0.8382000548002274,0.4923611111111111
0,0,0,U,ecapa,excluding_selected,36,60,24,0.597023104475365,0.790334567218776,0.6558723604472226,0.8347871367660091,0.8382000548002274,0.4923611111111111
0,0,1,C,ecapa,including_selected,60,60,24,0.35410855696376226,0.7165516463383919,0.5952424549743507,0.8607054634895964,0.8382000548002274,0.6923611111111111
0,0,1,C,ecapa,excluding_selected,36,60,24,0.5901809282729371,0.7165516463383919,0.6576329031018922,0.8607054634895964,0.8382000548002274,0.6923611111111111
0,0,1,R,ecapa,including_selected,60,60,24,0.3209140278410591,0.6891136042418198,0.55954729455593,0.844197890561898,0.8382000548002274,0.5472222222222222
0,0,1,R,ecapa,excluding_selected,36,60,24,0.5348567130684319,0.6891136042418198,0.6257541545479894,0.844197890561898,0.8382000548002274,0.5472222222222222
0,0,1,U,ecapa,including_selected,60,60,24,0.3682810800592538,0.8404717039369314,0.5713879525051153,0.8374494770295645,0.8382000548002274,0.5034722222222222
0,0,1,U,ecapa,excluding_selected,36,60,24,0.6138018000987564,0.8404717039369314,0.667838781239629,0.8374494770295645,0.8382000548002274,0.5034722222222222
0,0,2,C,ecapa,including_selected,60,60,24,0.35410855696376226,0.7165516463383919,0.5952424549743507,0.8607054634895964,0.8382000548002274,0.6923611111111111
0,0,2,C,ecapa,excluding_selected,36,60,24,0.5901809282729371,0.7165516463383919,0.6576329031018922,0.8607054634895964,0.8382000548002274,0.6923611111111111
0,0,2,R,ecapa,including_selected,60,60,24,0.3209140278410591,0.6891136042418198,0.55954729455593,0.844197890561898,0.8382000548002274,0.5472222222222222
0,0,2,R,ecapa,excluding_selected,36,60,24,0.5348567130684319,0.6891136042418198,0.6257541545479894,0.844197890561898,0.8382000548002274,0.5472222222222222
0,0,2,U,ecapa,including_selected,60,60,24,0.3572223133906244,0.7856744979795032,0.5717435972835028,0.8476924252363803,0.8382000548002274,0.5826388888888889
0,0,2,U,ecapa,excluding_selected,36,60,24,0.5953705223177073,0.7856744979795032,0.6549743982236713,0.8476924252363803,0.8382000548002274,0.5826388888888889
0,0,0,C,xvector,including_selected,60,60,24,0.010867178975999002,0.025289493893415838,0.019484140337034286,0.05165529226049096,0.050079347304362566,0.5583333333333333
0,0,0,C,xvector,excluding_selected,36,60,24,0.018111964959998336,0.025289493893415838,0.021263225256181763,0.05165529226049096,0.050079347304362566,0.5583333333333333
0,0,0,R,xvector,including_selected,60,60,24,0.010498399276921918,0.027988531736521383,0.018571313601120354,0.050821467653199136,0.050079347304362566,0.5284722222222222
0,0,0,R,xvector,excluding_selected,36,60,24,0.017497332128203195,0.027988531736521383,0.02082807936362518,0.050821467653199136,0.050079347304362566,0.5284722222222222
0,0,0,U,xvector,including_selected,60,60,24,0.011615714324820024,0.028799209708475493,0.018763787236943396,0.0513579678540931,0.050079347304362566,0.5680555555555555
0,0,0,U,xvector,excluding_selected,36,60,24,0.019359523874700038,0.028799209708475493,0.022295802628496838,0.0513579678540931,0.050079347304362566,0.5680555555555555
0,0,1,C,xvector,including_selected,60,60,24,0.010867178975999002,0.025289493893415838,0.019484140337034286,0.05165529226049096,0.050079347304362566,0.5583333333333333
0,0,1,C,xvector,excluding_selected,36,60,24,0.018111964959998336,0.025289493893415838,0.021263225256181763,0.05165529226049096,0.050079347304362566,0.5583333333333333
0,0,1,R,xvector,including_selected,60,60,24,0.010498399276921918,0.027988531736521383,0.018571313601120354,0.050821467653199136,0.050079347304362566,0.5284722222222222
0,0,1,R,xvector,excluding_selected,36,60,24,0.017497332128203195,0.027988531736521383,0.02082807936362518,0.050821467653199136,0.050079347304362566,0.5284722222222222
0,0,1,U,xvector,including_selected,60,60,24,0.012121668822940837,0.03272809412509836,0.019204420716822195,0.04871304331950819,0.050079347304362566,0.43402777777777785
0,0,1,U,xvector,excluding_selected,36,60,24,0.020202781371568064,0.03272809412509836,0.022342147919180343,0.04871304331950819,0.050079347304362566,0.43402777777777785
0,0,2,C,xvector,including_selected,60,60,24,0.010867178975999002,0.025289493893415838,0.019484140337034286,0.05165529226049096,0.050079347304362566,0.5583333333333333
0,0,2,C,xvector,excluding_selected,36,60,24,0.018111964959998336,0.025289493893415838,0.021263225256181763,0.05165529226049096,0.050079347304362566,0.5583333333333333
0,0,2,R,xvector,including_selected,60,60,24,0.010498399276921918,0.027988531736521383,0.018571313601120354,0.050821467653199136,0.050079347304362566,0.5284722222222222
0,0,2,R,xvector,excluding_selected,36,60,24,0.017497332128203195,0.027988531736521383,0.02082807936362518,0.050821467653199136,0.050079347304362566,0.5284722222222222
0,0,2,U,xvector,including_selected,60,60,24,0.011193274714598429,0.031596124463250885,0.018941953777285695,0.05016812367795422,0.050079347304362566,0.5041666666666667
0,0,2,U,xvector,excluding_selected,36,60,24,0.018655457857664048,0.031596124463250885,0.021711759317299052,0.05016812367795422,0.050079347304362566,0.5041666666666667
0,1,0,C,ecapa,including_selected,58,58,24,0.3364028926778387,0.702994192038246,0.5814072281926883,0.8489395102452081,0.8319928900844056,0.6422413793103448
0,1,0,C,ecapa,excluding_selected,34,58,24,0.5738637580974895,0.702994192038246,0.6479487433628167,0.8489395102452081,0.8319928900844056,0.6422413793103448
0,1,0,R,ecapa,including_selected,58,58,24,0.3126843408207955,0.6599800670763816,0.5575350775976701,0.8350235361963363,0.8319928900844056,0.5294540229885057
0,1,0,R,ecapa,excluding_selected,34,58,24,0.5334026990472394,0.6599800670763816,0.6285659762480925,0.8350235361963363,0.8319928900844056,0.5294540229885057
0,1,0,U,ecapa,including_selected,58,58,24,0.3478755984596952,0.7902371031439188,0.5659990395510861,0.8405482474451142,0.8319928900844056,0.5574712643678161
0,1,0,U,ecapa,excluding_selected,34,58,24,0.5934348444312447,0.7902371031439188,0.6507098134717649,0.8405482474451142,0.8319928900844056,0.5574712643678161
0,1,1,C,ecapa,including_selected,58,58,24,0.3364028926778387,0.702994192038246,0.5814072281926883,0.8489395102452081,0.8319928900844056,0.6422413793103448
0,1,1,C,ecapa,excluding_selected,34,58,24,0.5738637580974895,0.702994192038246,0.6479487433628167,0.8489395102452081,0.8319928900844056,0.6422413793103448
0,1,1,R,ecapa,including_selected,58,58,24,0.3126843408207955,0.6599800670763816,0.5575350775976701,0.8350235361963363,0.8319928900844056,0.5294540229885057
0,1,1,R,ecapa,excluding_selected,34,58,24,0.5334026990472394,0.6599800670763816,0.6285659762480925,0.8350235361963363,0.8319928900844056,0.5294540229885057
0,1,1,U,ecapa,including_selected,58,58,24,0.3556343685082559,0.831820946353133,0.5558968797989574,0.8287670687905093,0.8319928900844056,0.4640804597701149
0,1,1,U,ecapa,excluding_selected,34,58,24,0.6066703933376131,0.831820946353133,0.6580611954586381,0.8287670687905093,0.8319928900844056,0.4640804597701149
0,1,2,C,ecapa,including_selected,58,58,24,0.3364028926778387,0.702994192038246,0.5814072281926883,0.8489395102452081,0.8319928900844056,0.6422413793103448
0,1,2,C,ecapa,excluding_selected,34,58,24,0.5738637580974895,0.702994192038246,0.6479487433628167,0.8489395102452081,0.8319928900844056,0.6422413793103448
0,1,2,R,ecapa,including_selected,58,58,24,0.3126843408207955,0.6599800670763816,0.5575350775976701,0.8350235361963363,0.8319928900844056,0.5294540229885057
0,1,2,R,ecapa,excluding_selected,34,58,24,0.5334026990472394,0.6599800670763816,0.6285659762480925,0.8350235361963363,0.8319928900844056,0.5294540229885057
0,1,2,U,ecapa,including_selected,58,58,24,0.34758475486888213,0.7536876176097334,0.5616575781847325,0.8301457975918013,0.8319928900844056,0.507183908045977
0,1,2,U,ecapa,excluding_selected,34,58,24,0.5929386994822108,0.7536876176097334,0.6437778905693486,0.8301457975918013,0.8319928900844056,0.507183908045977
0,1,0,C,xvector,including_selected,58,58,24,0.010096096041453445,0.026032775067861724,0.017700466241266345,0.047948670060368494,0.0465265257806029,0.5589080459770116
0,1,0,C,xvector,excluding_selected,34,58,24,0.0172227520707147,0.026032775067861724,0.019713060718825955,0.047948670060368494,0.0465265257806029,0.5589080459770116
0,1,0,R,xvector,including_selected,58,58,24,0.009780953468457776,0.026032775067861724,0.01658052089152997,0.04642961262490702,0.0465265257806029,0.5014367816091955
0,1,0,R,xvector,excluding_selected,34,58,24,0.01668515591678091,0.026032775067861724,0.019471867821095543,0.04642961262490702,0.0465265257806029,0.5014367816091955
0,1,0,U,xvector,including_selected,58,58,24,0.010037360639992965,0.025193667929271357,0.017467028237457136,0.04833602037304973,0.0465265257806029,0.5790229885057472
0,1,0,U,xvector,excluding_selected,34,58,24,0.017122556385870354,0.025193667929271357,0.01962365958899727,0.04833602037304973,0.0465265257806029,0.5790229885057472
0,1,1,C,xvector,including_selected,58,58,24,0.010096096041453445,0.026032775067861724,0.017700466241266345,0.047948670060368494,0.0465265257806029,0.5589080459770116
0,1,1,C,xvector,excluding_selected,34,58,24,0.0172227520707147,0.026032775067861724,0.019713060718825955,0.047948670060368494,0.0465265257806029,0.5589080459770116
0,1,1,R,xvector,including_selected,58,58,24,0.009780953468457776,0.026032775067861724,0.01658052089152997,0.04642961262490702,0.0465265257806029,0.5014367816091955
0,1,1,R,xvector,excluding_selected,34,58,24,0.01668515591678091,0.026032775067861724,0.019471867821095543,0.04642961262490702,0.0465265257806029,0.5014367816091955
0,1,1,U,xvector,including_selected,58,58,24,0.010514426833749714,0.028292952752037026,0.016915456360267606,0.0445772264586749,0.0465265257806029,0.4001436781609195
0,1,1,U,xvector,excluding_selected,34,58,24,0.017936375186984804,0.028292952752037026,0.020350173678642954,0.0445772264586749,0.0465265257806029,0.4001436781609195
0,1,2,C,xvector,including_selected,58,58,24,0.010096096041453445,0.026032775067861724,0.017700466241266345,0.047948670060368494,0.0465265257806029,0.5589080459770116
0,1,2,C,xvector,excluding_selected,34,58,24,0.0172227520707147,0.026032775067861724,0.019713060718825955,0.047948670060368494,0.0465265257806029,0.5589080459770116
0,1,2,R,xvector,including_selected,58,58,24,0.009780953468457776,0.026032775067861724,0.01658052089152997,0.04642961262490702,0.0465265257806029,0.5014367816091955
0,1,2,R,xvector,excluding_selected,34,58,24,0.01668515591678091,0.026032775067861724,0.019471867821095543,0.04642961262490702,0.0465265257806029,0.5014367816091955
0,1,2,U,xvector,including_selected,58,58,24,0.010276621704057014,0.028927988090726053,0.017513806392419964,0.04682056616965727,0.0465265257806029,0.5201149425287356
0,1,2,U,xvector,excluding_selected,34,58,24,0.01753070761280314,0.028927988090726053,0.020150343826954128,0.04682056616965727,0.0465265257806029,0.5201149425287356
0,2,0,C,ecapa,including_selected,62,62,24,0.35780763950302574,0.6789745364092534,0.5936238737355439,0.8618839995730242,0.837032852785372,0.7009408602150536
0,2,0,C,ecapa,excluding_selected,38,62,24,0.5837914118207262,0.6789745364092534,0.6540055978173576,0.8618839995730242,0.837032852785372,0.7009408602150536
0,2,0,R,ecapa,including_selected,62,62,24,0.32506067961750285,0.6387911269116993,0.5579031020313322,0.8422059874427846,0.837032852785372,0.5282258064516129
0,2,0,R,ecapa,excluding_selected,38,62,24,0.5303621614811891,0.6387911269116993,0.6201571638147545,0.8422059874427846,0.837032852785372,0.5282258064516129
0,2,0,U,ecapa,including_selected,62,62,24,0.3633158512730523,0.7901848802950779,0.5720410573209818,0.8384421408126922,0.837032852785372,0.5188172043010754
0,2,0,U,ecapa,excluding_selected,38,62,24,0.5927784941823485,0.7901848802950779,0.6595259911444732,0.8384421408126922,0.837032852785372,0.5188172043010754
0,2,1,C,ecapa,including_selected,62,62,24,0.35780763950302574,0.6789745364092534,0.5936238737355439,0.8618839995730242,0.837032852785372,0.7009408602150536
0,2,1,C,ecapa,excluding_selected,38,62,24,0.5837914118207262,0.6789745364092534,0.6540055978173576,0.8618839995730242,0.837032852785372,0.7009408602150536
0,2,1,R,ecapa,including_selected,62,62,24,0.32506067961750285,0.6387911269116993,0.5579031020313322,0.8422059874427846,0.837032852785372,0.5282258064516129
0,2,1,R,ecapa,excluding_selected,38,62,24,0.5303621614811891,0.6387911269116993,0.6201571638147545,0.8422059874427846,0.837032852785372,0.5282258064516129
0,2,1,U,ecapa,including_selected,62,62,24,0.36638549563951733,0.7870655350247525,0.5654580230199254,0.844481371485902,0.837032852785372,0.5571236559139785
0,2,1,U,ecapa,excluding_selected,38,62,24,0.5977868613065809,0.7870655350247525,0.6531382373471452,0.844481371485902,0.837032852785372,0.5571236559139785
0,2,2,C,ecapa,including_selected,62,62,24,0.35780763950302574,0.6789745364092534,0.5936238737355439,0.8618839995730242,0.837032852785372,0.7009408602150536
0,2,2,C,ecapa,excluding_selected,38,62,24,0.5837914118207262,0.6789745364092534,0.6540055978173576,0.8618839995730242,0.837032852785372,0.7009408602150536
0,2,2,R,ecapa,including_selected,62,62,24,0.32506067961750285,0.6387911269116993,0.5579031020313322,0.8422059874427846,0.837032852785372,0.5282258064516129
0,2,2,R,ecapa,excluding_selected,38,62,24,0.5303621614811891,0.6387911269116993,0.6201571638147545,0.8422059874427846,0.837032852785372,0.5282258064516129
0,2,2,U,ecapa,including_selected,62,62,24,0.36263012466365224,0.7452807293089068,0.5668141290121922,0.8399911832834995,0.837032852785372,0.5120967741935484
0,2,2,U,ecapa,excluding_selected,38,62,24,0.5916596770828011,0.7452807293089068,0.6525638043954414,0.8399911832834995,0.837032852785372,0.5120967741935484
0,2,0,C,xvector,including_selected,62,62,24,0.011051646482883844,0.02739498972543053,0.019198152591864928,0.05028526826588551,0.04801421193575247,0.5880376344086021
0,2,0,C,xvector,excluding_selected,38,62,24,0.018031633735231534,0.02739498972543053,0.02083258780744995,0.05028526826588551,0.04801421193575247,0.5880376344086021
0,2,0,R,xvector,including_selected,62,62,24,0.010227004984571351,0.02426696243598414,0.017825022983784362,0.04867455805738427,0.04801421193575247,0.5268817204301075
0,2,0,R,xvector,excluding_selected,38,62,24,0.01668616602745852,0.02426696243598414,0.019804706805554996,0.04867455805738427,0.04801421193575247,0.5268817204301075
0,2,0,U,xvector,including_selected,62,62,24,0.011277232016857461,0.03292747419361164,0.01835066144010758,0.04749567453473589,0.04801421193575247,0.4825268817204302
0,2,0,U,xvector,excluding_selected,38,62,24,0.018399694343293752,0.03292747419361164,0.021569477586371257,0.04749567453473589,0.04801421193575247,0.4825268817204302
0,2,1,C,xvector,including_selected,62,62,24,0.011051646482883844,0.02739498972543053,0.019198152591864928,0.05028526826588551,0.04801421193575247,0.5880376344086021
0,2,1,C,xvector,excluding_selected,38,62,24,0.018031633735231534,0.02739498972543053,0.02083258780744995,0.05028526826588551,0.04801421193575247,0.5880376344086021
0,2,1,R,xvector,including_selected,62,62,24,0.010227004984571351,0.02426696243598414,0.017825022983784362,0.04867455805738427,0.04801421193575247,0.5268817204301075
0,2,1,R,xvector,excluding_selected,38,62,24,0.01668616602745852,0.02426696243598414,0.019804706805554996,0.04867455805738427,0.04801421193575247,0.5268817204301075
0,2,1,U,xvector,including_selected,62,62,24,0.011392034256818643,0.03292747419361164,0.019033823196550104,0.050866536423318696,0.04801421193575247,0.6155913978494624
0,2,1,U,xvector,excluding_selected,38,62,24,0.018587003261125157,0.03292747419361164,0.021394842159576977,0.050866536423318696,0.04801421193575247,0.6155913978494624
0,2,2,C,xvector,including_selected,62,62,24,0.011051646482883844,0.02739498972543053,0.019198152591864928,0.05028526826588551,0.04801421193575247,0.5880376344086021
0,2,2,C,xvector,excluding_selected,38,62,24,0.018031633735231534,0.02739498972543053,0.02083258780744995,0.05028526826588551,0.04801421193575247,0.5880376344086021
0,2,2,R,xvector,including_selected,62,62,24,0.010227004984571351,0.02426696243598414,0.017825022983784362,0.04867455805738427,0.04801421193575247,0.5268817204301075
0,2,2,R,xvector,excluding_selected,38,62,24,0.01668616602745852,0.02426696243598414,0.019804706805554996,0.04867455805738427,0.04801421193575247,0.5268817204301075
0,2,2,U,xvector,including_selected,62,62,24,0.011672611079536805,0.02996176019625385,0.018750109461025972,0.04865257568252541,0.04801421193575247,0.5268817204301075
0,2,2,U,xvector,excluding_selected,38,62,24,0.019044786498191628,0.02996176019625385,0.02160000083381559,0.04865257568252541,0.04801421193575247,0.5268817204301075
0,3,0,C,ecapa,including_selected,61,61,24,0.348678063733601,0.6956945398224741,0.5936137166757728,0.8635739085523874,0.8465078395495738,0.6461748633879781
0,3,0,C,ecapa,excluding_selected,37,61,24,0.5748476185878286,0.6956945398224741,0.65902588837811,0.8635739085523874,0.8465078395495738,0.6461748633879781
0,3,0,R,ecapa,including_selected,61,61,24,0.32730651154784385,0.687646351417767,0.568398595791458,0.8501843177952623,0.8465078395495738,0.5307377049180327
0,3,0,R,ecapa,excluding_selected,37,61,24,0.5396134379572561,0.687646351417767,0.6350825252645981,0.8501843177952623,0.8465078395495738,0.5307377049180327
0,3,0,U,ecapa,including_selected,61,61,24,0.37010925684950147,0.819742430488666,0.5724696290383906,0.8449273165443723,0.8465078395495738,0.47950819672131145
0,3,0,U,ecapa,excluding_selected,37,61,24,0.6101801261572862,0.819742430488666,0.6689365464146922,0.8449273165443723,0.8465078395495738,0.47950819672131145
0,3,1,C,ecapa,including_selected,61,61,24,0.348678063733601,0.6956945398224741,0.5936137166757728,0.8635739085523874,0.8465078395495738,0.6461748633879781
0,3,1,C,ecapa,excluding_selected,37,61,24,0.5748476185878286,0.6956945398224741,0.65902588837811,0.8635739085523874,0.8465078395495738,0.6461748633879781
0,3,1,R,ecapa,including_selected,61,61,24,0.32730651154784385,0.687646351417767,0.568398595791458,0.8501843177952623,0.8465078395495738,0.5307377049180327
0,3,1,R,ecapa,excluding_selected,37,61,24,0.5396134379572561,0.687646351417767,0.6350825252645981,0.8501843177952623,0.8465078395495738,0.5307377049180327
0,3,1,U,ecapa,including_selected,61,61,24,0.35636926745841946,0.7415104935188497,0.584380827898859,0.856414153102602,0.8465078395495738,0.5949453551912569
0,3,1,U,ecapa,excluding_selected,37,61,24,0.587527711215232,0.7415104935188497,0.6630998370047343,0.856414153102602,0.8465078395495738,0.5949453551912569
0,3,2,C,ecapa,including_selected,61,61,24,0.348678063733601,0.6956945398224741,0.5936137166757728,0.8635739085523874,0.8465078395495738,0.6461748633879781
0,3,2,C,ecapa,excluding_selected,37,61,24,0.5748476185878286,0.6956945398224741,0.65902588837811,0.8635739085523874,0.8465078395495738,0.6461748633879781
0,3,2,R,ecapa,including_selected,61,61,24,0.32730651154784385,0.687646351417767,0.568398595791458,0.8501843177952623,0.8465078395495738,0.5307377049180327
0,3,2,R,ecapa,excluding_selected,37,61,24,0.5396134379572561,0.687646351417767,0.6350825252645981,0.8501843177952623,0.8465078395495738,0.5307377049180327
0,3,2,U,ecapa,including_selected,61,61,24,0.3674054713074222,0.7826216402789289,0.5685470391140491,0.8423154295763101,0.8465078395495738,0.47404371584699456
0,3,2,U,ecapa,excluding_selected,37,61,24,0.6057225337771014,0.7826216402789289,0.6690608290499805,0.8423154295763101,0.8465078395495738,0.47404371584699456
0,3,0,C,xvector,including_selected,61,61,24,0.011224661482612001,0.029760973852043793,0.020297411318083797,0.05293893750345601,0.050094426185703145,0.6222677595628415
0,3,0,C,xvector,excluding_selected,37,61,24,0.01850552298484681,0.029760973852043793,0.02258805143528146,0.05293893750345601,0.050094426185703145,0.6222677595628415
0,3,0,R,xvector,including_selected,61,61,24,0.011128238267010043,0.027231509610661342,0.018756788816068088,0.050243935291030085,0.050094426185703145,0.5013661202185793
0,3,0,R,xvector,excluding_selected,37,61,24,0.018346554980746287,0.027231509610661342,0.02133489063285528,0.050243935291030085,0.050094426185703145,0.5013661202185793
0,3,0,U,xvector,including_selected,61,61,24,0.01223889685427323,0.03443569127331447,0.01919266219668173,0.04816500410606247,0.050094426185703145,0.4316939890710383
0,3,0,U,xvector,excluding_selected,37,61,24,0.020177640759747758,0.03443569127331447,0.02283640415122876,0.04816500410606247,0.050094426185703145,0.4316939890710383
0,3,1,C,xvector,including_selected,61,61,24,0.011224661482612001,0.029760973852043793,0.020297411318083797,0.05293893750345601,0.050094426185703145,0.6222677595628415
0,3,1,C,xvector,excluding_selected,37,61,24,0.01850552298484681,0.029760973852043793,0.02258805143528146,0.05293893750345601,0.050094426185703145,0.6222677595628415
0,3,1,R,xvector,including_selected,61,61,24,0.011128238267010043,0.027231509610661342,0.018756788816068088,0.050243935291030085,0.050094426185703145,0.5013661202185793
0,3,1,R,xvector,excluding_selected,37,61,24,0.018346554980746287,0.027231509610661342,0.02133489063285528,0.050243935291030085,0.050094426185703145,0.5013661202185793
0,3,1,U,xvector,including_selected,61,61,24,0.012072364076032148,0.028367471739623173,0.019961758149313214,0.05188151460273508,0.050094426185703145,0.5846994535519126
0,3,1,U,xvector,excluding_selected,37,61,24,0.019903086719944892,0.028367471739623173,0.022927230513342625,0.05188151460273508,0.050094426185703145,0.5846994535519126
0,3,2,C,xvector,including_selected,61,61,24,0.011224661482612001,0.029760973852043793,0.020297411318083797,0.05293893750345601,0.050094426185703145,0.6222677595628415
0,3,2,C,xvector,excluding_selected,37,61,24,0.01850552298484681,0.029760973852043793,0.02258805143528146,0.05293893750345601,0.050094426185703145,0.6222677595628415
0,3,2,R,xvector,including_selected,61,61,24,0.011128238267010043,0.027231509610661342,0.018756788816068088,0.050243935291030085,0.050094426185703145,0.5013661202185793
0,3,2,R,xvector,excluding_selected,37,61,24,0.018346554980746287,0.027231509610661342,0.02133489063285528,0.050243935291030085,0.050094426185703145,0.5013661202185793
0,3,2,U,xvector,including_selected,61,61,24,0.012457333151150591,0.038088398627244224,0.019267388847359672,0.0482096964814823,0.050094426185703145,0.4323770491803279
0,3,2,U,xvector,excluding_selected,37,61,24,0.020537765465410432,0.038088398627244224,0.023077404829396735,0.0482096964814823,0.050094426185703145,0.4323770491803279
0,4,0,C,ecapa,including_selected,59,59,24,0.3389211436930218,0.6980257923835053,0.5896851681624093,0.8614191284079326,0.8407224658851629,0.6765536723163841
0,4,0,C,ecapa,excluding_selected,35,59,24,0.571324213653951,0.6980257923835053,0.6507877160416218,0.8614191284079326,0.8407224658851629,0.6765536723163841
0,4,0,R,ecapa,including_selected,59,59,24,0.3175463188066493,0.6552613827824494,0.5608555169439585,0.8445810206100502,0.8407224658851629,0.53954802259887
0,4,0,R,ecapa,excluding_selected,35,59,24,0.5352923659883516,0.6552613827824494,0.6330817372235954,0.8445810206100502,0.8407224658851629,0.53954802259887
0,4,0,U,ecapa,including_selected,59,59,24,0.36006210748866513,0.8002183331026967,0.5564619316599305,0.835645577890428,0.8407224658851629,0.4491525423728813
0,4,0,U,ecapa,excluding_selected,35,59,24,0.6069618383380355,0.8002183331026967,0.6596939505973652,0.835645577890428,0.8407224658851629,0.4491525423728813
0,4,1,C,ecapa,including_selected,59,59,24,0.3389211436930218,0.6980257923835053,0.5896851681624093,0.8614191284079326,0.8407224658851629,0.6765536723163841
0,4,1,C,ecapa,excluding_selected,35,59,24,0.571324213653951,0.6980257923835053,0.6507877160416218,0.8614191284079326,0.8407224658851629,0.6765536723163841
0,4,1,R,ecapa,including_selected,59,59,24,0.3175463188066493,0.6552613827824494,0.5608555169439585,0.8445810206100502,0.8407224658851629,0.53954802259887
0,4,1,R,ecapa,excluding_selected,35,59,24,0.5352923659883516,0.6552613827824494,0.6330817372235954,0.8445810206100502,0.8407224658851629,0.53954802259887
0,4,1,U,ecapa,including_selected,59,59,24,0.3673689621055507,0.7719681391166875,0.570999170748359,0.8425795776868874,0.8407224658851629,0.5190677966101694
0,4,1,U,ecapa,excluding_selected,35,59,24,0.6192791075493569,0.7719681391166875,0.6740265929884011,0.8425795776868874,0.8407224658851629,0.5190677966101694
0,4,2,C,ecapa,including_selected,59,59,24,0.3389211436930218,0.6980257923835053,0.5896851681624093,0.8614191284079326,0.8407224658851629,0.6765536723163841
0,4,2,C,ecapa,excluding_selected,35,59,24,0.571324213653951,0.6980257923835053,0.6507877160416218,0.8614191284079326,0.8407224658851629,0.6765536723163841
0,4,2,R,ecapa,including_selected,59,59,24,0.3175463188066493,0.6552613827824494,0.5608555169439585,0.8445810206100502,0.8407224658851629,0.53954802259887
0,4,2,R,ecapa,excluding_selected,35,59,24,0.5352923659883516,0.6552613827824494,0.6330817372235954,0.8445810206100502,0.8407224658851629,0.53954802259887
0,4,2,U,ecapa,including_selected,59,59,24,0.36193498491813814,0.8063643432540981,0.5598556202538243,0.8364606982605635,0.8407224658851629,0.4788135593220339
0,4,2,U,ecapa,excluding_selected,35,59,24,0.61011897457629,0.8063643432540981,0.6589770753968165,0.8364606982605635,0.8407224658851629,0.4788135593220339
0,4,0,C,xvector,including_selected,59,59,24,0.010260335326616282,0.0274956567219089,0.019230788517281903,0.05160860147637112,0.04896684386088123,0.6016949152542372
0,4,0,C,xvector,excluding_selected,35,59,24,0.017295993836296018,0.0274956567219089,0.020746121943370315,0.05160860147637112,0.04896684386088123,0.6016949152542372
0,4,0,R,xvector,including_selected,59,59,24,0.010483562080386095,0.026517058493164214,0.01796691406994833,0.04907377760553796,0.04896684386088123,0.516949152542373
0,4,0,R,xvector,excluding_selected,35,59,24,0.017672290364079416,0.026517058493164214,0.020479393968697534,0.04907377760553796,0.04896684386088123,0.516949152542373
0,4,0,U,xvector,including_selected,59,59,24,0.011399955371856679,0.030164164936272164,0.01768223206674393,0.0488952072002537,0.04896684386088123,0.509180790960452
0,4,0,U,xvector,excluding_selected,35,59,24,0.019217067626844116,0.030164164936272164,0.02145166775198852,0.0488952072002537,0.04896684386088123,0.509180790960452
0,4,1,C,xvector,including_selected,59,59,24,0.010260335326616282,0.0274956567219089,0.019230788517281903,0.05160860147637112,0.04896684386088123,0.6016949152542372
0,4,1,C,xvector,excluding_selected,35,59,24,0.017295993836296018,0.0274956567219089,0.020746121943370315,0.05160860147637112,0.04896684386088123,0.6016949152542372
0,4,1,R,xvector,including_selected,59,59,24,0.010483562080386095,0.026517058493164214,0.01796691406994833,0.04907377760553796,0.04896684386088123,0.516949152542373
0,4,1,R,xvector,excluding_selected,35,59,24,0.017672290364079416,0.026517058493164214,0.020479393968697534,0.04907377760553796,0.04896684386088123,0.516949152542373
0,4,1,U,xvector,including_selected,59,59,24,0.011228233810717667,0.032768551181976635,0.018778105622848505,0.0491724770602879,0.04896684386088123,0.49858757062146886
0,4,1,U,xvector,excluding_selected,35,59,24,0.018927594138066925,0.032768551181976635,0.02162325599348952,0.0491724770602879,0.04896684386088123,0.49858757062146886
0,4,2,C,xvector,including_selected,59,59,24,0.010260335326616282,0.0274956567219089,0.019230788517281903,0.05160860147637112,0.04896684386088123,0.6016949152542372
0,4,2,C,xvector,excluding_selected,35,59,24,0.017295993836296018,0.0274956567219089,0.020746121943370315,0.05160860147637112,0.04896684386088123,0.6016949152542372
0,4,2,R,xvector,including_selected,59,59,24,0.010483562080386095,0.026517058493164214,0.01796691406994833,0.04907377760553796,0.04896684386088123,0.516949152542373
0,4,2,R,xvector,excluding_selected,35,59,24,0.017672290364079416,0.026517058493164214,0.020479393968697534,0.04907377760553796,0.04896684386088123,0.516949152542373
0,4,2,U,xvector,including_selected,59,59,24,0.011424343499983175,0.028979436902558442,0.018492696882161548,0.047826625925269595,0.04896684386088123,0.4590395480225989
0,4,2,U,xvector,excluding_selected,35,59,24,0.01925817904282878,0.028979436902558442,0.021798692661875455,0.047826625925269595,0.04896684386088123,0.4590395480225989
0,5,0,C,ecapa,including_selected,59,59,24,0.35318071314464705,0.7095309557184368,0.5939599308111958,0.8568175252240469,0.8378488893615161,0.6927966101694913
0,5,0,C,ecapa,excluding_selected,35,59,24,0.5953617735866907,0.7095309557184368,0.6597694796697322,0.8568175252240469,0.8378488893615161,0.6927966101694913
0,5,0,R,ecapa,including_selected,59,59,24,0.323546012980882,0.6602671767680559,0.5602520738890062,0.8423129165703468,0.8378488893615161,0.5303672316384181
0,5,0,R,ecapa,excluding_selected,35,59,24,0.5454061361677724,0.6602671767680559,0.6351417637231203,0.8423129165703468,0.8378488893615161,0.5303672316384181
0,5,0,U,ecapa,including_selected,59,59,24,0.3490899810472931,0.7320216278479907,0.5680108033441239,0.8376940133738208,0.8378488893615161,0.5021186440677966
0,5,0,U,ecapa,excluding_selected,35,59,24,0.5884659680511513,0.7320216278479907,0.6547306348814983,0.8376940133738208,0.8378488893615161,0.5021186440677966
0,5,1,C,ecapa,including_selected,59,59,24,0.35318071314464705,0.7095309557184368,0.5939599308111958,0.8568175252240469,0.8378488893615161,0.6927966101694913
0,5,1,C,ecapa,excluding_selected,35,59,24,0.5953617735866907,0.7095309557184368,0.6597694796697322,0.8568175252240469,0.8378488893615161,0.6927966101694913
0,5,1,R,ecapa,including_selected,59,59,24,0.323546012980882,0.6602671767680559,0.5602520738890062,0.8423129165703468,0.8378488893615161,0.5303672316384181
0,5,1,R,ecapa,excluding_selected,35,59,24,0.5454061361677724,0.6602671767680559,0.6351417637231203,0.8423129165703468,0.8378488893615161,0.5303672316384181
0,5,1,U,ecapa,including_selected,59,59,24,0.35702739160507185,0.8119213133002903,0.5555895458825058,0.8384830679925246,0.8378488893615161,0.5098870056497175
0,5,1,U,ecapa,excluding_selected,35,59,24,0.6018461744199785,0.8119213133002903,0.6558436542303889,0.8384830679925246,0.8378488893615161,0.5098870056497175
0,5,2,C,ecapa,including_selected,59,59,24,0.35318071314464705,0.7095309557184368,0.5939599308111958,0.8568175252240469,0.8378488893615161,0.6927966101694913
0,5,2,C,ecapa,excluding_selected,35,59,24,0.5953617735866907,0.7095309557184368,0.6597694796697322,0.8568175252240469,0.8378488893615161,0.6927966101694913
0,5,2,R,ecapa,including_selected,59,59,24,0.323546012980882,0.6602671767680559,0.5602520738890062,0.8423129165703468,0.8378488893615161,0.5303672316384181
0,5,2,R,ecapa,excluding_selected,35,59,24,0.5454061361677724,0.6602671767680559,0.6351417637231203,0.8423129165703468,0.8378488893615161,0.5303672316384181
0,5,2,U,ecapa,including_selected,59,59,24,0.36324582111211856,0.8245168640789339,0.5612693828473337,0.830984622726744,0.8378488893615161,0.4519774011299435
0,5,2,U,ecapa,excluding_selected,35,59,24,0.6123286698747142,0.8245168640789339,0.6638450221845044,0.830984622726744,0.8378488893615161,0.4519774011299435
0,5,0,C,xvector,including_selected,59,59,24,0.010739528185506499,0.025520867304373862,0.019084095923103957,0.0509670120602711,0.04871407113238983,0.6002824858757062
0,5,0,C,xvector,excluding_selected,35,59,24,0.018103776084139527,0.025520867304373862,0.02094454126791247,0.0509670120602711,0.04871407113238983,0.6002824858757062
0,5,0,R,xvector,including_selected,59,59,24,0.010259700045215817,0.024316335618207008,0.017735082033289003,0.049505962002436454,0.04871407113238983,0.5338983050847458
0,5,0,R,xvector,excluding_selected,35,59,24,0.017294922933363807,0.024316335618207008,0.01994481764801555,0.049505962002436454,0.04871407113238983,0.5338983050847458
0,5,0,U,xvector,including_selected,59,59,24,0.01096498101528471,0.02778916133995124,0.018139558936184085,0.04835920642451933,0.04871407113238983,0.4957627118644068
0,5,0,U,xvector,excluding_selected,35,59,24,0.01848382514005137,0.02778916133995124,0.021114790397426437,0.04835920642451933,0.04871407113238983,0.4957627118644068
0,5,1,C,xvector,including_selected,59,59,24,0.010739528185506499,0.025520867304373862,0.019084095923103957,0.0509670120602711,0.04871407113238983,0.6002824858757062
0,5,1,C,xvector,excluding_selected,35,59,24,0.018103776084139527,0.025520867304373862,0.02094454126791247,0.0509670120602711,0.04871407113238983,0.6002824858757062
0,5,1,R,xvector,including_selected,59,59,24,0.010259700045215817,0.024316335618207008,0.017735082033289003,0.049505962002436454,0.04871407113238983,0.5338983050847458
0,5,1,R,xvector,excluding_selected,35,59,24,0.017294922933363807,0.024316335618207008,0.01994481764801555,0.049505962002436454,0.04871407113238983,0.5338983050847458
0,5,1,U,xvector,including_selected,59,59,24,0.011350341311583953,0.02778916133995124,0.018712145123915707,0.05041236995894267,0.04871407113238983,0.5628531073446328
0,5,1,U,xvector,excluding_selected,35,59,24,0.019133432496670093,0.02778916133995124,0.021438494716790216,0.05041236995894267,0.04871407113238983,0.5628531073446328
0,5,2,C,xvector,including_selected,59,59,24,0.010739528185506499,0.025520867304373862,0.019084095923103957,0.0509670120602711,0.04871407113238983,0.6002824858757062
0,5,2,C,xvector,excluding_selected,35,59,24,0.018103776084139527,0.025520867304373862,0.02094454126791247,0.0509670120602711,0.04871407113238983,0.6002824858757062
0,5,2,R,xvector,including_selected,59,59,24,0.010259700045215817,0.024316335618207008,0.017735082033289003,0.049505962002436454,0.04871407113238983,0.5338983050847458
0,5,2,R,xvector,excluding_selected,35,59,24,0.017294922933363807,0.024316335618207008,0.01994481764801555,0.049505962002436454,0.04871407113238983,0.5338983050847458
0,5,2,U,xvector,including_selected,59,59,24,0.011640480014196108,0.03397557770119697,0.018317493909872563,0.04714047294356302,0.04871407113238983,0.4427966101694915
0,5,2,U,xvector,excluding_selected,35,59,24,0.01962252345250201,0.03397557770119697,0.022267323177646996,0.04714047294356302,0.04871407113238983,0.4427966101694915
1,0,0,C,ecapa,including_selected,60,60,24,0.3533950566660647,0.7164385872756693,0.5869775832309646,0.8573897025185668,0.8367040724567855,0.6722222222222222
1,0,0,C,ecapa,excluding_selected,36,60,24,0.5889917611101079,0.7164385872756693,0.6499379341110723,0.8573897025185668,0.8367040724567855,0.6722222222222222
1,0,0,R,ecapa,including_selected,60,60,24,0.32550132595305636,0.6489682578582624,0.5587431822409608,0.83920664741837,0.8367040724567855,0.5159722222222222
1,0,0,R,ecapa,excluding_selected,36,60,24,0.5425022099217606,0.6489682578582624,0.6297658008186576,0.83920664741837,0.8367040724567855,0.5159722222222222
1,0,0,U,ecapa,including_selected,60,60,24,0.3543075491334081,0.7579497624404318,0.5589827919312574,0.8334442808256853,0.8367040724567855,0.47222222222222227
1,0,0,U,ecapa,excluding_selected,36,60,24,0.5905125818890135,0.7579497624404318,0.6421734402056032,0.8334442808256853,0.8367040724567855,0.47222222222222227
1,0,1,C,ecapa,including_selected,60,60,24,0.3533950566660647,0.7164385872756693,0.5869775832309646,0.8573897025185668,0.8367040724567855,0.6722222222222222
1,0,1,C,ecapa,excluding_selected,36,60,24,0.5889917611101079,0.7164385872756693,0.6499379341110723,0.8573897025185668,0.8367040724567855,0.6722222222222222
1,0,1,R,ecapa,including_selected,60,60,24,0.32550132595305636,0.6489682578582624,0.5587431822409608,0.83920664741837,0.8367040724567855,0.5159722222222222
1,0,1,R,ecapa,excluding_selected,36,60,24,0.5425022099217606,0.6489682578582624,0.6297658008186576,0.83920664741837,0.8367040724567855,0.5159722222222222
1,0,1,U,ecapa,including_selected,60,60,24,0.36321520264917034,0.7768041965734211,0.550879244322858,0.8299975649333232,0.8367040724567855,0.4541666666666666
1,0,1,U,ecapa,excluding_selected,36,60,24,0.6053586710819505,0.7768041965734211,0.6550823334150363,0.8299975649333232,0.8367040724567855,0.4541666666666666
1,0,2,C,ecapa,including_selected,60,60,24,0.3533950566660647,0.7164385872756693,0.5869775832309646,0.8573897025185668,0.8367040724567855,0.6722222222222222
1,0,2,C,ecapa,excluding_selected,36,60,24,0.5889917611101079,0.7164385872756693,0.6499379341110723,0.8573897025185668,0.8367040724567855,0.6722222222222222
1,0,2,R,ecapa,including_selected,60,60,24,0.32550132595305636,0.6489682578582624,0.5587431822409608,0.83920664741837,0.8367040724567855,0.5159722222222222
1,0,2,R,ecapa,excluding_selected,36,60,24,0.5425022099217606,0.6489682578582624,0.6297658008186576,0.83920664741837,0.8367040724567855,0.5159722222222222
1,0,2,U,ecapa,including_selected,60,60,24,0.36534687495749996,0.7667848845479597,0.5643764981367324,0.8369017727768863,0.8367040724567855,0.49722222222222223
1,0,2,U,ecapa,excluding_selected,36,60,24,0.6089114582625,0.7667848845479597,0.655953939458157,0.8369017727768863,0.8367040724567855,0.49722222222222223
1,0,0,C,xvector,including_selected,60,60,24,0.011480013595689552,0.02802720775094214,0.02012200697053642,0.05287204486029804,0.05056843912890195,0.5805555555555556
1,0,0,C,xvector,excluding_selected,36,60,24,0.019133355992815917,0.02802720775094214,0.02204878081545885,0.05287204486029804,0.05056843912890195,0.5805555555555556
1,0,0,R,xvector,including_selected,60,60,24,0.010872569062566378,0.02435666873726461,0.018912372190816863,0.05208857810624536,0.05056843912890195,0.5520833333333334
1,0,0,R,xvector,excluding_selected,36,60,24,0.01812094843761063,0.02435666873726461,0.021066915036907483,0.05208857810624536,0.05056843912890195,0.5520833333333334
1,0,0,U,xvector,including_selected,60,60,24,0.011482222411707934,0.029649047600390777,0.018706856622955036,0.05075984201302671,0.05056843912890195,0.5027777777777778
1,0,0,U,xvector,excluding_selected,36,60,24,0.019137037352846557,0.029649047600390777,0.021616677052728357,0.05075984201302671,0.05056843912890195,0.5027777777777778
1,0,1,C,xvector,including_selected,60,60,24,0.011480013595689552,0.02802720775094214,0.02012200697053642,0.05287204486029804,0.05056843912890195,0.5805555555555556
1,0,1,C,xvector,excluding_selected,36,60,24,0.019133355992815917,0.02802720775094214,0.02204878081545885,0.05287204486029804,0.05056843912890195,0.5805555555555556
1,0,1,R,xvector,including_selected,60,60,24,0.010872569062566378,0.02435666873726461,0.018912372190816863,0.05208857810624536,0.05056843912890195,0.5520833333333334
1,0,1,R,xvector,excluding_selected,36,60,24,0.01812094843761063,0.02435666873726461,0.021066915036907483,0.05208857810624536,0.05056843912890195,0.5520833333333334
1,0,1,U,xvector,including_selected,60,60,24,0.01146423370932042,0.02962306710755014,0.01827781845334414,0.04997698848253509,0.05056843912890195,0.48611111111111116
1,0,1,U,xvector,excluding_selected,36,60,24,0.0191070561822007,0.02962306710755014,0.02183216757300943,0.04997698848253509,0.05056843912890195,0.48611111111111116
1,0,2,C,xvector,including_selected,60,60,24,0.011480013595689552,0.02802720775094214,0.02012200697053642,0.05287204486029804,0.05056843912890195,0.5805555555555556
1,0,2,C,xvector,excluding_selected,36,60,24,0.019133355992815917,0.02802720775094214,0.02204878081545885,0.05287204486029804,0.05056843912890195,0.5805555555555556
1,0,2,R,xvector,including_selected,60,60,24,0.010872569062566378,0.02435666873726461,0.018912372190816863,0.05208857810624536,0.05056843912890195,0.5520833333333334
1,0,2,R,xvector,excluding_selected,36,60,24,0.01812094843761063,0.02435666873726461,0.021066915036907483,0.05208857810624536,0.05056843912890195,0.5520833333333334
1,0,2,U,xvector,including_selected,60,60,24,0.011977680632577628,0.028404019831399174,0.01975457308598491,0.0508579335323659,0.05056843912890195,0.517361111111111
1,0,2,U,xvector,excluding_selected,36,60,24,0.01996280105429605,0.028404019831399174,0.02297882986839293,0.0508579335323659,0.05056843912890195,0.517361111111111
1,1,0,C,ecapa,including_selected,59,59,24,0.3411691940927591,0.6854310263967579,0.577006936704245,0.845179100358214,0.8317581870039162,0.6221751412429378
1,1,0,C,ecapa,excluding_selected,35,59,24,0.5751137843277939,0.6854310263967579,0.6432474217608357,0.845179100358214,0.8317581870039162,0.6221751412429378
1,1,0,R,ecapa,including_selected,59,59,24,0.32156833316298045,0.643570991778656,0.5467193021570816,0.831919258268656,0.8317581870039162,0.5134180790960452
1,1,0,R,ecapa,excluding_selected,35,59,24,0.5420723330461671,0.643570991778656,0.6204156911567665,0.831919258268656,0.8317581870039162,0.5134180790960452
1,1,0,U,ecapa,including_selected,59,59,24,0.35581485378709793,0.7438128693308494,0.5525805646957082,0.8357672857384891,0.8317581870039162,0.5296610169491526
1,1,0,U,ecapa,excluding_selected,35,59,24,0.5998021820982509,0.7438128693308494,0.6514969002326628,0.8357672857384891,0.8317581870039162,0.5296610169491526
1,1,1,C,ecapa,including_selected,59,59,24,0.3411691940927591,0.6854310263967579,0.577006936704245,0.845179100358214,0.8317581870039162,0.6221751412429378
1,1,1,C,ecapa,excluding_selected,35,59,24,0.5751137843277939,0.6854310263967579,0.6432474217608357,0.845179100358214,0.8317581870039162,0.6221751412429378
1,1,1,R,ecapa,including_selected,59,59,24,0.32156833316298045,0.643570991778656,0.5467193021570816,0.831919258268656,0.8317581870039162,0.5134180790960452
1,1,1,R,ecapa,excluding_selected,35,59,24,0.5420723330461671,0.643570991778656,0.6204156911567665,0.831919258268656,0.8317581870039162,0.5134180790960452
1,1,1,U,ecapa,including_selected,59,59,24,0.3537544847158269,0.7404790827488132,0.5592816983362607,0.8378655603651785,0.8317581870039162,0.559322033898305
1,1,1,U,ecapa,excluding_selected,35,59,24,0.5963289885209654,0.7404790827488132,0.6526363960142461,0.8378655603651785,0.8317581870039162,0.559322033898305
1,1,2,C,ecapa,including_selected,59,59,24,0.3411691940927591,0.6854310263967579,0.577006936704245,0.845179100358214,0.8317581870039162,0.6221751412429378
1,1,2,C,ecapa,excluding_selected,35,59,24,0.5751137843277939,0.6854310263967579,0.6432474217608357,0.845179100358214,0.8317581870039162,0.6221751412429378
1,1,2,R,ecapa,including_selected,59,59,24,0.32156833316298045,0.643570991778656,0.5467193021570816,0.831919258268656,0.8317581870039162,0.5134180790960452
1,1,2,R,ecapa,excluding_selected,35,59,24,0.5420723330461671,0.643570991778656,0.6204156911567665,0.831919258268656,0.8317581870039162,0.5134180790960452
1,1,2,U,ecapa,including_selected,59,59,24,0.347604652975603,0.7472616678678127,0.5501913151222025,0.8288557338227894,0.8317581870039162,0.47528248587570615
1,1,2,U,ecapa,excluding_selected,35,59,24,0.5859621293017307,0.7472616678678127,0.6411224410706726,0.8288557338227894,0.8317581870039162,0.47528248587570615
1,1,0,C,xvector,including_selected,59,59,24,0.009792945120316534,0.025979364222652235,0.017622086578730985,0.04846698074450153,0.04672579615470174,0.5706214689265536
1,1,0,C,xvector,excluding_selected,35,59,24,0.016508107488533583,0.025979364222652235,0.019625696933454312,0.04846698074450153,0.04672579615470174,0.5706214689265536
1,1,0,R,xvector,including_selected,59,59,24,0.009826638014522044,0.025985739824354814,0.01707730869288968,0.04852697264926181,0.04672579615470174,0.576271186440678
1,1,0,R,xvector,excluding_selected,35,59,24,0.016564904081622873,0.025985739824354814,0.019618486091652756,0.04852697264926181,0.04672579615470174,0.576271186440678
1,1,0,U,xvector,including_selected,59,59,24,0.010646716892562597,0.028130060610535912,0.017051951519005657,0.046351429177405014,0.04672579615470174,0.47245762711864403
1,1,0,U,xvector,excluding_selected,35,59,24,0.017947322761748378,0.028130060610535912,0.02011122535078558,0.046351429177405014,0.04672579615470174,0.47245762711864403
1,1,1,C,xvector,including_selected,59,59,24,0.009792945120316534,0.025979364222652235,0.017622086578730985,0.04846698074450153,0.04672579615470174,0.5706214689265536
1,1,1,C,xvector,excluding_selected,35,59,24,0.016508107488533583,0.025979364222652235,0.019625696933454312,0.04846698074450153,0.04672579615470174,0.5706214689265536
1,1,1,R,xvector,including_selected,59,59,24,0.009826638014522044,0.025985739824354814,0.01707730869288968,0.04852697264926181,0.04672579615470174,0.576271186440678
1,1,1,R,xvector,excluding_selected,35,59,24,0.016564904081622873,0.025985739824354814,0.019618486091652756,0.04852697264926181,0.04672579615470174,0.576271186440678
1,1,1,U,xvector,including_selected,59,59,24,0.010169365895761878,0.024973464834022963,0.016847543113103314,0.04797130019048346,0.04672579615470174,0.5395480225988701
1,1,1,U,xvector,excluding_selected,35,59,24,0.01714264536714145,0.024973464834022963,0.019638353466207802,0.04797130019048346,0.04672579615470174,0.5395480225988701
1,1,2,C,xvector,including_selected,59,59,24,0.009792945120316534,0.025979364222652235,0.017622086578730985,0.04846698074450153,0.04672579615470174,0.5706214689265536
1,1,2,C,xvector,excluding_selected,35,59,24,0.016508107488533583,0.025979364222652235,0.019625696933454312,0.04846698074450153,0.04672579615470174,0.5706214689265536
1,1,2,R,xvector,including_selected,59,59,24,0.009826638014522044,0.025985739824354814,0.01707730869288968,0.04852697264926181,0.04672579615470174,0.576271186440678
1,1,2,R,xvector,excluding_selected,35,59,24,0.016564904081622873,0.025985739824354814,0.019618486091652756,0.04852697264926181,0.04672579615470174,0.576271186440678
1,1,2,U,xvector,including_selected,59,59,24,0.010097239887770653,0.027387866241035064,0.01673871901331834,0.04723242578388037,0.04672579615470174,0.5254237288135593
1,1,2,U,xvector,excluding_selected,35,59,24,0.0170210615250991,0.027387866241035064,0.01961869897385923,0.04723242578388037,0.04672579615470174,0.5254237288135593
1,2,0,C,ecapa,including_selected,62,62,24,0.3572766885537711,0.7015405141842213,0.5875647546174382,0.8563655130931466,0.8375764523405694,0.6612903225806451
1,2,0,C,ecapa,excluding_selected,38,62,24,0.5829251234298372,0.7015405141842213,0.6472724597749171,0.8563655130931466,0.8375764523405694,0.6612903225806451
1,2,0,R,ecapa,including_selected,62,62,24,0.3333928596152558,0.6214556625424614,0.5577648333336471,0.8346774837658675,0.8375764523405694,0.4543010752688172
1,2,0,R,ecapa,excluding_selected,38,62,24,0.5439567709512069,0.6214556625424614,0.6297027239183947,0.8346774837658675,0.8375764523405694,0.4543010752688172
1,2,0,U,ecapa,including_selected,62,62,24,0.3637001511435383,0.7513133725464913,0.5547319561985874,0.829679443634029,0.8375764523405694,0.4381720430107527
1,2,0,U,ecapa,excluding_selected,38,62,24,0.5934055097605099,0.7513133725464913,0.6507644450976371,0.829679443634029,0.8375764523405694,0.4381720430107527
1,2,1,C,ecapa,including_selected,62,62,24,0.3572766885537711,0.7015405141842213,0.5875647546174382,0.8563655130931466,0.8375764523405694,0.6612903225806451
1,2,1,C,ecapa,excluding_selected,38,62,24,0.5829251234298372,0.7015405141842213,0.6472724597749171,0.8563655130931466,0.8375764523405694,0.6612903225806451
1,2,1,R,ecapa,including_selected,62,62,24,0.3333928596152558,0.6214556625424614,0.5577648333336471,0.8346774837658675,0.8375764523405694,0.4543010752688172
1,2,1,R,ecapa,excluding_selected,38,62,24,0.5439567709512069,0.6214556625424614,0.6297027239183947,0.8346774837658675,0.8375764523405694,0.4543010752688172
1,2,1,U,ecapa,including_selected,62,62,24,0.35689189465098636,0.7400844226880399,0.5533440816481869,0.8357935245818405,0.8375764523405694,0.47177419354838707
1,2,1,U,ecapa,excluding_selected,38,62,24,0.5822973017989778,0.7400844226880399,0.6378212022722817,0.8357935245818405,0.8375764523405694,0.47177419354838707
1,2,2,C,ecapa,including_selected,62,62,24,0.3572766885537711,0.7015405141842213,0.5875647546174382,0.8563655130931466,0.8375764523405694,0.6612903225806451
1,2,2,C,ecapa,excluding_selected,38,62,24,0.5829251234298372,0.7015405141842213,0.6472724597749171,0.8563655130931466,0.8375764523405694,0.6612903225806451
1,2,2,R,ecapa,including_selected,62,62,24,0.3333928596152558,0.6214556625424614,0.5577648333336471,0.8346774837658675,0.8375764523405694,0.4543010752688172
1,2,2,R,ecapa,excluding_selected,38,62,24,0.5439567709512069,0.6214556625424614,0.6297027239183947,0.8346774837658675,0.8375764523405694,0.4543010752688172
1,2,2,U,ecapa,including_selected,62,62,24,0.3774404604405476,0.7748993020799443,0.5667655603987306,0.8366149297633111,0.8375764523405694,0.49798387096774194
1,2,2,U,ecapa,excluding_selected,38,62,24,0.6158239091398408,0.7748993020799443,0.6616374172003973,0.8366149297633111,0.8375764523405694,0.49798387096774194
1,2,0,C,xvector,including_selected,62,62,24,0.010740284963461234,0.02600999349016364,0.01909484104173952,0.05145906769317824,0.04817493119914986,0.6202956989247311
1,2,0,C,xvector,excluding_selected,38,62,24,0.01752362283512096,0.02600999349016364,0.020974223409172658,0.05145906769317824,0.04817493119914986,0.6202956989247311
1,2,0,R,xvector,including_selected,62,62,24,0.011164012184709516,0.026809723109549877,0.018002761396780042,0.04869492402195753,0.04817493119914986,0.5275537634408602
1,2,0,R,xvector,excluding_selected,38,62,24,0.01821496724873658,0.026809723109549877,0.020686419407132537,0.04869492402195753,0.04817493119914986,0.5275537634408602
1,2,0,U,xvector,including_selected,62,62,24,0.011340295137038551,0.026809723109549877,0.018061703264021036,0.04747164224454,0.04817493119914986,0.4637096774193548
1,2,0,U,xvector,excluding_selected,38,62,24,0.018502586802536584,0.026809723109549877,0.02140106424850129,0.04747164224454,0.04817493119914986,0.4637096774193548
1,2,1,C,xvector,including_selected,62,62,24,0.010740284963461234,0.02600999349016364,0.01909484104173952,0.05145906769317824,0.04817493119914986,0.6202956989247311
1,2,1,C,xvector,excluding_selected,38,62,24,0.01752362283512096,0.02600999349016364,0.020974223409172658,0.05145906769317824,0.04817493119914986,0.6202956989247311
1,2,1,R,xvector,including_selected,62,62,24,0.011164012184709516,0.026809723109549877,0.018002761396780042,0.04869492402195753,0.04817493119914986,0.5275537634408602
1,2,1,R,xvector,excluding_selected,38,62,24,0.01821496724873658,0.026809723109549877,0.020686419407132537,0.04869492402195753,0.04817493119914986,0.5275537634408602
1,2,1,U,xvector,including_selected,62,62,24,0.011045629387056928,0.025681864289566758,0.01817273829241181,0.048681941162510255,0.04817493119914986,0.5228494623655914
1,2,1,U,xvector,excluding_selected,38,62,24,0.01802181636835604,0.025681864289566758,0.020724668702686744,0.048681941162510255,0.04817493119914986,0.5228494623655914
1,2,2,C,xvector,including_selected,62,62,24,0.010740284963461234,0.02600999349016364,0.01909484104173952,0.05145906769317824,0.04817493119914986,0.6202956989247311
1,2,2,C,xvector,excluding_selected,38,62,24,0.01752362283512096,0.02600999349016364,0.020974223409172658,0.05145906769317824,0.04817493119914986,0.6202956989247311
1,2,2,R,xvector,including_selected,62,62,24,0.011164012184709516,0.026809723109549877,0.018002761396780042,0.04869492402195753,0.04817493119914986,0.5275537634408602
1,2,2,R,xvector,excluding_selected,38,62,24,0.01821496724873658,0.026809723109549877,0.020686419407132537,0.04869492402195753,0.04817493119914986,0.5275537634408602
1,2,2,U,xvector,including_selected,62,62,24,0.01130933167505396,0.031905970594831023,0.01805843578285536,0.04833050497706439,0.04817493119914986,0.5073924731182796
1,2,2,U,xvector,excluding_selected,38,62,24,0.018452067469824883,0.031905970594831023,0.020986080085523693,0.04833050497706439,0.04817493119914986,0.5073924731182796
1,3,0,C,ecapa,including_selected,61,61,24,0.35242285041851856,0.6893089140420527,0.584673938877829,0.860726678309209,0.8415643202250719,0.6646174863387978
1,3,0,C,ecapa,excluding_selected,37,61,24,0.5810214560953953,0.6893089140420527,0.6486602453985975,0.860726678309209,0.8415643202250719,0.6646174863387978
1,3,0,R,ecapa,including_selected,61,61,24,0.32921892091352306,0.6531919383702514,0.5511233770802203,0.8359154021428323,0.8415643202250719,0.44945355191256836
1,3,0,R,ecapa,excluding_selected,37,61,24,0.5427663290736461,0.6531919383702514,0.6222853982029234,0.8359154021428323,0.8415643202250719,0.44945355191256836
1,3,0,U,ecapa,including_selected,61,61,24,0.36059859891613705,0.742537018946976,0.5626791786954366,0.8460800446895641,0.8415643202250719,0.51775956284153
1,3,0,U,ecapa,excluding_selected,37,61,24,0.5945003928076854,0.742537018946976,0.6505899314742098,0.8460800446895641,0.8415643202250719,0.51775956284153
1,3,1,C,ecapa,including_selected,61,61,24,0.35242285041851856,0.6893089140420527,0.584673938877829,0.860726678309209,0.8415643202250719,0.6646174863387978
1,3,1,C,ecapa,excluding_selected,37,61,24,0.5810214560953953,0.6893089140420527,0.6486602453985975,0.860726678309209,0.8415643202250719,0.6646174863387978
1,3,1,R,ecapa,including_selected,61,61,24,0.32921892091352306,0.6531919383702514,0.5511233770802203,0.8359154021428323,0.8415643202250719,0.44945355191256836
1,3,1,R,ecapa,excluding_selected,37,61,24,0.5427663290736461,0.6531919383702514,0.6222853982029234,0.8359154021428323,0.8415643202250719,0.44945355191256836
1,3,1,U,ecapa,including_selected,61,61,24,0.355401190309785,0.7415104935188497,0.5634033525060662,0.8447096333201051,0.8415643202250719,0.5273224043715846
1,3,1,U,ecapa,excluding_selected,37,61,24,0.5859316921323483,0.7415104935188497,0.6557864986499276,0.8447096333201051,0.8415643202250719,0.5273224043715846
1,3,2,C,ecapa,including_selected,61,61,24,0.35242285041851856,0.6893089140420527,0.584673938877829,0.860726678309209,0.8415643202250719,0.6646174863387978
1,3,2,C,ecapa,excluding_selected,37,61,24,0.5810214560953953,0.6893089140420527,0.6486602453985975,0.860726678309209,0.8415643202250719,0.6646174863387978
1,3,2,R,ecapa,including_selected,61,61,24,0.32921892091352306,0.6531919383702514,0.5511233770802203,0.8359154021428323,0.8415643202250719,0.44945355191256836
1,3,2,R,ecapa,excluding_selected,37,61,24,0.5427663290736461,0.6531919383702514,0.6222853982029234,0.8359154021428323,0.8415643202250719,0.44945355191256836
1,3,2,U,ecapa,including_selected,61,61,24,0.3483549578576418,0.7388393834457492,0.5688292881068774,0.8474243289346856,0.8415643202250719,0.549863387978142
1,3,2,U,ecapa,excluding_selected,37,61,24,0.5743149305220581,0.7388393834457492,0.6510854852648836,0.8474243289346856,0.8415643202250719,0.549863387978142
1,3,0,C,xvector,including_selected,61,61,24,0.012256690985740505,0.027255307485945512,0.02070291149444376,0.05456379701153041,0.05072248745441841,0.6372950819672131
1,3,0,C,xvector,excluding_selected,37,61,24,0.020206977030545158,0.027255307485945512,0.022988860707588415,0.05456379701153041,0.05072248745441841,0.6372950819672131
1,3,0,R,xvector,including_selected,61,61,24,0.011322175079646196,0.02917748574678447,0.01943096302332843,0.051654595050261064,0.05072248745441841,0.5409836065573771
1,3,0,R,xvector,excluding_selected,37,61,24,0.018666288644822105,0.02917748574678447,0.021549700112251137,0.051654595050261064,0.05072248745441841,0.5409836065573771
1,3,0,U,xvector,including_selected,61,61,24,0.012031472422203171,0.02923796454974381,0.019668916732511012,0.049690073559867355,0.05072248745441841,0.48087431693989074
1,3,0,U,xvector,excluding_selected,37,61,24,0.01983567075011874,0.02923796454974381,0.022944337073361985,0.049690073559867355,0.05072248745441841,0.48087431693989074
1,3,1,C,xvector,including_selected,61,61,24,0.012256690985740505,0.027255307485945512,0.02070291149444376,0.05456379701153041,0.05072248745441841,0.6372950819672131
1,3,1,C,xvector,excluding_selected,37,61,24,0.020206977030545158,0.027255307485945512,0.022988860707588415,0.05456379701153041,0.05072248745441841,0.6372950819672131
1,3,1,R,xvector,including_selected,61,61,24,0.011322175079646196,0.02917748574678447,0.01943096302332843,0.051654595050261064,0.05072248745441841,0.5409836065573771
1,3,1,R,xvector,excluding_selected,37,61,24,0.018666288644822105,0.02917748574678447,0.021549700112251137,0.051654595050261064,0.05072248745441841,0.5409836065573771
1,3,1,U,xvector,including_selected,61,61,24,0.011953688532052954,0.02929147524176856,0.019568431907837892,0.05167663071709903,0.05072248745441841,0.5348360655737705
1,3,1,U,xvector,excluding_selected,37,61,24,0.01970743244473595,0.02929147524176856,0.022985372242838004,0.05167663071709903,0.05072248745441841,0.5348360655737705
1,3,2,C,xvector,including_selected,61,61,24,0.012256690985740505,0.027255307485945512,0.02070291149444376,0.05456379701153041,0.05072248745441841,0.6372950819672131
1,3,2,C,xvector,excluding_selected,37,61,24,0.020206977030545158,0.027255307485945512,0.022988860707588415,0.05456379701153041,0.05072248745441841,0.6372950819672131
1,3,2,R,xvector,including_selected,61,61,24,0.011322175079646196,0.02917748574678447,0.01943096302332843,0.051654595050261064,0.05072248745441841,0.5409836065573771
1,3,2,R,xvector,excluding_selected,37,61,24,0.018666288644822105,0.02917748574678447,0.021549700112251137,0.051654595050261064,0.05072248745441841,0.5409836065573771
1,3,2,U,xvector,including_selected,61,61,24,0.01162603124423179,0.027206146495930228,0.01975376024738611,0.05224655512168857,0.05072248745441841,0.5642076502732242
1,3,2,U,xvector,excluding_selected,37,61,24,0.019167240699949708,0.027206146495930228,0.02249477035217048,0.05224655512168857,0.05072248745441841,0.5642076502732242
1,4,0,C,ecapa,including_selected,59,59,24,0.34787919029691805,0.7101412380338988,0.5923052589273676,0.8605868329907077,0.8377623110141401,0.7005649717514125
1,4,0,C,ecapa,excluding_selected,35,59,24,0.5864249207862334,0.7101412380338988,0.6597030945965671,0.8605868329907077,0.8377623110141401,0.7005649717514125
1,4,0,R,ecapa,including_selected,59,59,24,0.31519680425054347,0.6420976267932192,0.5595008958297296,0.8421449031017,0.8377623110141401,0.5374293785310734
1,4,0,R,ecapa,excluding_selected,35,59,24,0.5313317557366304,0.6420976267932192,0.6272527011827166,0.8421449031017,0.8377623110141401,0.5374293785310734
1,4,0,U,ecapa,including_selected,59,59,24,0.35366370946662734,0.7804706997394253,0.5609496405602358,0.8332402642892704,0.8377623110141401,0.4759887005649717
1,4,0,U,ecapa,excluding_selected,35,59,24,0.5961759673866004,0.7804706997394253,0.6535943064465295,0.8332402642892704,0.8377623110141401,0.4759887005649717
1,4,1,C,ecapa,including_selected,59,59,24,0.34787919029691805,0.7101412380338988,0.5923052589273676,0.8605868329907077,0.8377623110141401,0.7005649717514125
1,4,1,C,ecapa,excluding_selected,35,59,24,0.5864249207862334,0.7101412380338988,0.6597030945965671,0.8605868329907077,0.8377623110141401,0.7005649717514125
1,4,1,R,ecapa,including_selected,59,59,24,0.31519680425054347,0.6420976267932192,0.5595008958297296,0.8421449031017,0.8377623110141401,0.5374293785310734
1,4,1,R,ecapa,excluding_selected,35,59,24,0.5313317557366304,0.6420976267932192,0.6272527011827166,0.8421449031017,0.8377623110141401,0.5374293785310734
1,4,1,U,ecapa,including_selected,59,59,24,0.3491921743440726,0.765617501736421,0.5489460716894626,0.8310677301956781,0.8377623110141401,0.43573446327683624
1,4,1,U,ecapa,excluding_selected,35,59,24,0.5886382367514368,0.765617501736421,0.6544457716078929,0.8310677301956781,0.8377623110141401,0.43573446327683624
1,4,2,C,ecapa,including_selected,59,59,24,0.34787919029691805,0.7101412380338988,0.5923052589273676,0.8605868329907077,0.8377623110141401,0.7005649717514125
1,4,2,C,ecapa,excluding_selected,35,59,24,0.5864249207862334,0.7101412380338988,0.6597030945965671,0.8605868329907077,0.8377623110141401,0.7005649717514125
1,4,2,R,ecapa,including_selected,59,59,24,0.31519680425054347,0.6420976267932192,0.5595008958297296,0.8421449031017,0.8377623110141401,0.5374293785310734
1,4,2,R,ecapa,excluding_selected,35,59,24,0.5313317557366304,0.6420976267932192,0.6272527011827166,0.8421449031017,0.8377623110141401,0.5374293785310734
1,4,2,U,ecapa,including_selected,59,59,24,0.341682368646825,0.7455744027039679,0.5507994652977829,0.837392027654701,0.8377623110141401,0.4943502824858757
1,4,2,U,ecapa,excluding_selected,35,59,24,0.575978850004648,0.7455744027039679,0.6424273543872914,0.837392027654701,0.8377623110141401,0.4943502824858757
1,4,0,C,xvector,including_selected,59,59,24,0.010497319453046407,0.02650121716798748,0.01937392148302928,0.05360661285564746,0.04952933105046036,0.6355932203389831
1,4,0,C,xvector,excluding_selected,35,59,24,0.0176954813637068,0.02650121716798748,0.021589107337172356,0.05360661285564746,0.04952933105046036,0.6355932203389831
1,4,0,R,xvector,including_selected,59,59,24,0.010007322177256913,0.02676085290372132,0.017851812160610447,0.050292498694006676,0.04952933105046036,0.5367231638418078
1,4,0,R,xvector,excluding_selected,35,59,24,0.01686948595594737,0.02676085290372132,0.0203252319984446,0.050292498694006676,0.04952933105046036,0.5367231638418078
1,4,0,U,xvector,including_selected,59,59,24,0.010404816864760526,0.03091460036968985,0.01838891512192865,0.049521002598435455,0.04952933105046036,0.4901129943502825
1,4,0,U,xvector,excluding_selected,35,59,24,0.01753954842916774,0.03091460036968985,0.0210929841722438,0.049521002598435455,0.04952933105046036,0.4901129943502825
1,4,1,C,xvector,including_selected,59,59,24,0.010497319453046407,0.02650121716798748,0.01937392148302928,0.05360661285564746,0.04952933105046036,0.6355932203389831
1,4,1,C,xvector,excluding_selected,35,59,24,0.0176954813637068,0.02650121716798748,0.021589107337172356,0.05360661285564746,0.04952933105046036,0.6355932203389831
1,4,1,R,xvector,including_selected,59,59,24,0.010007322177256913,0.02676085290372132,0.017851812160610447,0.050292498694006676,0.04952933105046036,0.5367231638418078
1,4,1,R,xvector,excluding_selected,35,59,24,0.01686948595594737,0.02676085290372132,0.0203252319984446,0.050292498694006676,0.04952933105046036,0.5367231638418078
1,4,1,U,xvector,including_selected,59,59,24,0.011197789472618904,0.03002534943381696,0.017960081028244708,0.04987433693694629,0.04952933105046036,0.4915254237288136
1,4,1,U,xvector,excluding_selected,35,59,24,0.01887627368241472,0.03002534943381696,0.021514660980616777,0.04987433693694629,0.04952933105046036,0.4915254237288136
1,4,2,C,xvector,including_selected,59,59,24,0.010497319453046407,0.02650121716798748,0.01937392148302928,0.05360661285564746,0.04952933105046036,0.6355932203389831
1,4,2,C,xvector,excluding_selected,35,59,24,0.0176954813637068,0.02650121716798748,0.021589107337172356,0.05360661285564746,0.04952933105046036,0.6355932203389831
1,4,2,R,xvector,including_selected,59,59,24,0.010007322177256913,0.02676085290372132,0.017851812160610447,0.050292498694006676,0.04952933105046036,0.5367231638418078
1,4,2,R,xvector,excluding_selected,35,59,24,0.01686948595594737,0.02676085290372132,0.0203252319984446,0.050292498694006676,0.04952933105046036,0.5367231638418078
1,4,2,U,xvector,including_selected,59,59,24,0.011171349621632288,0.03168877733841935,0.018148329690407305,0.05080398336530593,0.04952933105046036,0.5353107344632768
1,4,2,U,xvector,excluding_selected,35,59,24,0.018831703647894427,0.03168877733841935,0.021430121735301517,0.05080398336530593,0.04952933105046036,0.5353107344632768
1,5,0,C,ecapa,including_selected,59,59,24,0.3517932089288206,0.7095309557184368,0.5879417468689078,0.8593941505607692,0.8407704181572785,0.6638418079096046
1,5,0,C,ecapa,excluding_selected,35,59,24,0.5930228379085832,0.7095309557184368,0.6532520020680467,0.8593941505607692,0.8407704181572785,0.6638418079096046
1,5,0,R,ecapa,including_selected,59,59,24,0.3297011060268806,0.6577505007210331,0.5623889399220179,0.8456616905159929,0.8407704181572785,0.565677966101695
1,5,0,R,ecapa,excluding_selected,35,59,24,0.555781864445313,0.6577505007210331,0.6339557252308567,0.8456616905159929,0.8407704181572785,0.565677966101695
1,5,0,U,ecapa,including_selected,59,59,24,0.3476572112249006,0.7319888006722826,0.5595925946383004,0.840815777891029,0.8407704181572785,0.4731638418079096
1,5,0,U,ecapa,excluding_selected,35,59,24,0.5860507274934038,0.7319888006722826,0.641216519965685,0.840815777891029,0.8407704181572785,0.4731638418079096
1,5,1,C,ecapa,including_selected,59,59,24,0.3517932089288206,0.7095309557184368,0.5879417468689078,0.8593941505607692,0.8407704181572785,0.6638418079096046
1,5,1,C,ecapa,excluding_selected,35,59,24,0.5930228379085832,0.7095309557184368,0.6532520020680467,0.8593941505607692,0.8407704181572785,0.6638418079096046
1,5,1,R,ecapa,including_selected,59,59,24,0.3297011060268806,0.6577505007210331,0.5623889399220179,0.8456616905159929,0.8407704181572785,0.565677966101695
1,5,1,R,ecapa,excluding_selected,35,59,24,0.555781864445313,0.6577505007210331,0.6339557252308567,0.8456616905159929,0.8407704181572785,0.565677966101695
1,5,1,U,ecapa,including_selected,59,59,24,0.3631583079308894,0.7547074586582563,0.5627605561881792,0.8417969759004587,0.8407704181572785,0.5148305084745762
1,5,1,U,ecapa,excluding_selected,35,59,24,0.6121811476549278,0.7547074586582563,0.6584380625741715,0.8417969759004587,0.8407704181572785,0.5148305084745762
1,5,2,C,ecapa,including_selected,59,59,24,0.3517932089288206,0.7095309557184368,0.5879417468689078,0.8593941505607692,0.8407704181572785,0.6638418079096046
1,5,2,C,ecapa,excluding_selected,35,59,24,0.5930228379085832,0.7095309557184368,0.6532520020680467,0.8593941505607692,0.8407704181572785,0.6638418079096046
1,5,2,R,ecapa,including_selected,59,59,24,0.3297011060268806,0.6577505007210331,0.5623889399220179,0.8456616905159929,0.8407704181572785,0.565677966101695
1,5,2,R,ecapa,excluding_selected,35,59,24,0.555781864445313,0.6577505007210331,0.6339557252308567,0.8456616905159929,0.8407704181572785,0.565677966101695
1,5,2,U,ecapa,including_selected,59,59,24,0.34985378651819987,0.7275170882302227,0.5511239576755657,0.8355101296662557,0.8407704181572785,0.4653954802259886
1,5,2,U,ecapa,excluding_selected,35,59,24,0.5897535258449655,0.7275170882302227,0.6427658020807296,0.8355101296662557,0.8407704181572785,0.4653954802259886
1,5,0,C,xvector,including_selected,59,59,24,0.010878500818968967,0.026213269843897047,0.019383064754845275,0.05196234550098112,0.04889772760692759,0.6151129943502824
1,5,0,C,xvector,excluding_selected,35,59,24,0.018338044237690542,0.026213269843897047,0.021651144327139712,0.05196234550098112,0.04889772760692759,0.6151129943502824
1,5,0,R,xvector,including_selected,59,59,24,0.010609690881241493,0.026213269843897047,0.018519098783822435,0.050793835117381,0.04889772760692759,0.5628531073446328
1,5,0,R,xvector,excluding_selected,35,59,24,0.017884907485521375,0.026213269843897047,0.020848876145450924,0.050793835117381,0.04889772760692759,0.5628531073446328
1,5,0,U,xvector,including_selected,59,59,24,0.010796146731146707,0.028053446072089816,0.01826981816333864,0.04874945381411646,0.04889772760692759,0.4901129943502825
1,5,0,U,xvector,excluding_selected,35,59,24,0.01819921877536159,0.028053446072089816,0.02100316675680477,0.04874945381411646,0.04889772760692759,0.4901129943502825
1,5,1,C,xvector,including_selected,59,59,24,0.010878500818968967,0.026213269843897047,0.019383064754845275,0.05196234550098112,0.04889772760692759,0.6151129943502824
1,5,1,C,xvector,excluding_selected,35,59,24,0.018338044237690542,0.026213269843897047,0.021651144327139712,0.05196234550098112,0.04889772760692759,0.6151129943502824
1,5,1,R,xvector,including_selected,59,59,24,0.010609690881241493,0.026213269843897047,0.018519098783822435,0.050793835117381,0.04889772760692759,0.5628531073446328
1,5,1,R,xvector,excluding_selected,35,59,24,0.017884907485521375,0.026213269843897047,0.020848876145450924,0.050793835117381,0.04889772760692759,0.5628531073446328
1,5,1,U,xvector,including_selected,59,59,24,0.011526569505775583,0.030111928664688814,0.018414374918762914,0.04844937505464814,0.04889772760692759,0.4894067796610169
1,5,1,U,xvector,excluding_selected,35,59,24,0.019430502881164557,0.030111928664688814,0.022175410445979843,0.04844937505464814,0.04889772760692759,0.4894067796610169
1,5,2,C,xvector,including_selected,59,59,24,0.010878500818968967,0.026213269843897047,0.019383064754845275,0.05196234550098112,0.04889772760692759,0.6151129943502824
1,5,2,C,xvector,excluding_selected,35,59,24,0.018338044237690542,0.026213269843897047,0.021651144327139712,0.05196234550098112,0.04889772760692759,0.6151129943502824
1,5,2,R,xvector,including_selected,59,59,24,0.010609690881241493,0.026213269843897047,0.018519098783822435,0.050793835117381,0.04889772760692759,0.5628531073446328
1,5,2,R,xvector,excluding_selected,35,59,24,0.017884907485521375,0.026213269843897047,0.020848876145450924,0.050793835117381,0.04889772760692759,0.5628531073446328
1,5,2,U,xvector,including_selected,59,59,24,0.01099460555747464,0.029546604557986855,0.017886719596010094,0.04872132541038835,0.04889772760692759,0.5021186440677966
1,5,2,U,xvector,excluding_selected,35,59,24,0.01853376365402868,0.029546604557986855,0.020913390871383976,0.04872132541038835,0.04889772760692759,0.5021186440677966
2,0,0,C,ecapa,including_selected,59,59,24,0.34459002909439607,0.7051968760190153,0.5853879175014497,0.854248570458373,0.8332313883912532,0.6829096045197741
2,0,0,C,ecapa,excluding_selected,35,59,24,0.5808803347591248,0.7051968760190153,0.6468533047206476,0.854248570458373,0.8332313883912532,0.6829096045197741
2,0,0,R,ecapa,including_selected,59,59,24,0.30948180229441696,0.6608701371011276,0.5552088682560768,0.8397682936093863,0.8332313883912532,0.550141242937853
2,0,0,R,ecapa,excluding_selected,35,59,24,0.5216978952963028,0.6608701371011276,0.6207087107089612,0.8397682936093863,0.8332313883912532,0.550141242937853
2,0,0,U,ecapa,including_selected,59,59,24,0.34141679384766777,0.7830752979697917,0.552794761977636,0.8324720195988214,0.8332313883912532,0.5028248587570622
2,0,0,U,ecapa,excluding_selected,35,59,24,0.5755311667717827,0.7830752979697917,0.6433754132285343,0.8324720195988214,0.8332313883912532,0.5028248587570622
2,0,1,C,ecapa,including_selected,59,59,24,0.34459002909439607,0.7051968760190153,0.5853879175014497,0.854248570458373,0.8332313883912532,0.6829096045197741
2,0,1,C,ecapa,excluding_selected,35,59,24,0.5808803347591248,0.7051968760190153,0.6468533047206476,0.854248570458373,0.8332313883912532,0.6829096045197741
2,0,1,R,ecapa,including_selected,59,59,24,0.30948180229441696,0.6608701371011276,0.5552088682560768,0.8397682936093863,0.8332313883912532,0.550141242937853
2,0,1,R,ecapa,excluding_selected,35,59,24,0.5216978952963028,0.6608701371011276,0.6207087107089612,0.8397682936093863,0.8332313883912532,0.550141242937853
2,0,1,U,ecapa,including_selected,59,59,24,0.34160131027119595,0.7803048832832207,0.5493128545028724,0.8304451524370267,0.8332313883912532,0.4689265536723164
2,0,1,U,ecapa,excluding_selected,35,59,24,0.5758422087428733,0.7803048832832207,0.6410416527751319,0.8304451524370267,0.8332313883912532,0.4689265536723164
2,0,2,C,ecapa,including_selected,59,59,24,0.34459002909439607,0.7051968760190153,0.5853879175014497,0.854248570458373,0.8332313883912532,0.6829096045197741
2,0,2,C,ecapa,excluding_selected,35,59,24,0.5808803347591248,0.7051968760190153,0.6468533047206476,0.854248570458373,0.8332313883912532,0.6829096045197741
2,0,2,R,ecapa,including_selected,59,59,24,0.30948180229441696,0.6608701371011276,0.5552088682560768,0.8397682936093863,0.8332313883912532,0.550141242937853
2,0,2,R,ecapa,excluding_selected,35,59,24,0.5216978952963028,0.6608701371011276,0.6207087107089612,0.8397682936093863,0.8332313883912532,0.550141242937853
2,0,2,U,ecapa,including_selected,59,59,24,0.35290550087225764,0.7803048832832207,0.5527999326460123,0.8361775284302025,0.8332313883912532,0.5338983050847457
2,0,2,U,ecapa,excluding_selected,35,59,24,0.59489784432752,0.7803048832832207,0.6517074123875973,0.8361775284302025,0.8332313883912532,0.5338983050847457
2,0,0,C,xvector,including_selected,59,59,24,0.010691404138545042,0.02962306710755014,0.01938402393380081,0.05316618383038011,0.049830309206155034,0.6094632768361582
2,0,0,C,xvector,excluding_selected,35,59,24,0.018022652690690213,0.02962306710755014,0.021641873091704778,0.05316618383038011,0.049830309206155034,0.6094632768361582
2,0,0,R,xvector,including_selected,59,59,24,0.010411719582443704,0.030524841465394026,0.018509198150526422,0.05008363405248572,0.049830309206155034,0.5282485875706215
2,0,0,R,xvector,excluding_selected,35,59,24,0.01755118443897653,0.030524841465394026,0.021126693295875028,0.05008363405248572,0.049830309206155034,0.5282485875706215
2,0,0,U,xvector,including_selected,59,59,24,0.010995792851835136,0.0338206404868564,0.017657281180013768,0.04890590908333493,0.049830309206155034,0.4689265536723164
2,0,0,U,xvector,excluding_selected,35,59,24,0.018535765093093515,0.0338206404868564,0.02099783390266266,0.04890590908333493,0.049830309206155034,0.4689265536723164
2,0,1,C,xvector,including_selected,59,59,24,0.010691404138545042,0.02962306710755014,0.01938402393380081,0.05316618383038011,0.049830309206155034,0.6094632768361582
2,0,1,C,xvector,excluding_selected,35,59,24,0.018022652690690213,0.02962306710755014,0.021641873091704778,0.05316618383038011,0.049830309206155034,0.6094632768361582
2,0,1,R,xvector,including_selected,59,59,24,0.010411719582443704,0.030524841465394026,0.018509198150526422,0.05008363405248572,0.049830309206155034,0.5282485875706215
2,0,1,R,xvector,excluding_selected,35,59,24,0.01755118443897653,0.030524841465394026,0.021126693295875028,0.05008363405248572,0.049830309206155034,0.5282485875706215
2,0,1,U,xvector,including_selected,59,59,24,0.011549128515355344,0.036449556578154296,0.018972744387490564,0.050235674880520276,0.049830309206155034,0.5169491525423728
2,0,1,U,xvector,excluding_selected,35,59,24,0.019468530925884724,0.036449556578154296,0.022119446921061166,0.050235674880520276,0.049830309206155034,0.5169491525423728
2,0,2,C,xvector,including_selected,59,59,24,0.010691404138545042,0.02962306710755014,0.01938402393380081,0.05316618383038011,0.049830309206155034,0.6094632768361582
2,0,2,C,xvector,excluding_selected,35,59,24,0.018022652690690213,0.02962306710755014,0.021641873091704778,0.05316618383038011,0.049830309206155034,0.6094632768361582
2,0,2,R,xvector,including_selected,59,59,24,0.010411719582443704,0.030524841465394026,0.018509198150526422,0.05008363405248572,0.049830309206155034,0.5282485875706215
2,0,2,R,xvector,excluding_selected,35,59,24,0.01755118443897653,0.030524841465394026,0.021126693295875028,0.05008363405248572,0.049830309206155034,0.5282485875706215
2,0,2,U,xvector,including_selected,59,59,24,0.011434461544652096,0.034818529374912144,0.01840267957618955,0.050465151237365356,0.049830309206155034,0.518361581920904
2,0,2,U,xvector,excluding_selected,35,59,24,0.019275235175270678,0.034818529374912144,0.021893465420838847,0.050465151237365356,0.049830309206155034,0.518361581920904
2,1,0,C,ecapa,including_selected,58,58,24,0.3303903444794627,0.7090309525942097,0.5720211373917856,0.8469753911603078,0.8264997859546909,0.673132183908046
2,1,0,C,ecapa,excluding_selected,34,58,24,0.5636070582296717,0.7090309525942097,0.6342353537256106,0.8469753911603078,0.8264997859546909,0.673132183908046
2,1,0,R,ecapa,including_selected,58,58,24,0.30598711361638486,0.6637243539767264,0.5422098024577885,0.8244494824466818,0.8264997859546909,0.466235632183908
2,1,0,R,ecapa,excluding_selected,34,58,24,0.5219780173455978,0.6637243539767264,0.6148059290587273,0.8244494824466818,0.8264997859546909,0.466235632183908
2,1,0,U,ecapa,including_selected,58,58,24,0.34497079863251495,0.73525838233785,0.5503531622568785,0.8287257320135376,0.8264997859546909,0.5165229885057472
2,1,0,U,ecapa,excluding_selected,34,58,24,0.5884795976672316,0.73525838233785,0.6405134699735614,0.8287257320135376,0.8264997859546909,0.5165229885057472
2,1,1,C,ecapa,including_selected,58,58,24,0.3303903444794627,0.7090309525942097,0.5720211373917856,0.8469753911603078,0.8264997859546909,0.673132183908046
2,1,1,C,ecapa,excluding_selected,34,58,24,0.5636070582296717,0.7090309525942097,0.6342353537256106,0.8469753911603078,0.8264997859546909,0.673132183908046
2,1,1,R,ecapa,including_selected,58,58,24,0.30598711361638486,0.6637243539767264,0.5422098024577885,0.8244494824466818,0.8264997859546909,0.466235632183908
2,1,1,R,ecapa,excluding_selected,34,58,24,0.5219780173455978,0.6637243539767264,0.6148059290587273,0.8244494824466818,0.8264997859546909,0.466235632183908
2,1,1,U,ecapa,including_selected,58,58,24,0.3431421533245821,0.7511373988369152,0.5455928413754346,0.822227506761719,0.8264997859546909,0.47126436781609193
2,1,1,U,ecapa,excluding_selected,34,58,24,0.58536014390664,0.7511373988369152,0.6408286164380836,0.822227506761719,0.8264997859546909,0.47126436781609193
2,1,2,C,ecapa,including_selected,58,58,24,0.3303903444794627,0.7090309525942097,0.5720211373917856,0.8469753911603078,0.8264997859546909,0.673132183908046
2,1,2,C,ecapa,excluding_selected,34,58,24,0.5636070582296717,0.7090309525942097,0.6342353537256106,0.8469753911603078,0.8264997859546909,0.673132183908046
2,1,2,R,ecapa,including_selected,58,58,24,0.30598711361638486,0.6637243539767264,0.5422098024577885,0.8244494824466818,0.8264997859546909,0.466235632183908
2,1,2,R,ecapa,excluding_selected,34,58,24,0.5219780173455978,0.6637243539767264,0.6148059290587273,0.8244494824466818,0.8264997859546909,0.466235632183908
2,1,2,U,ecapa,including_selected,58,58,24,0.3414199968088428,0.7425518786616412,0.5435039507220576,0.8285621128892567,0.8264997859546909,0.505028735632184
2,1,2,U,ecapa,excluding_selected,34,58,24,0.5824223474974376,0.7425518786616412,0.6345668548376037,0.8285621128892567,0.8264997859546909,0.505028735632184
2,1,0,C,xvector,including_selected,58,58,24,0.010030691835688629,0.030164598085614225,0.017262695977832955,0.04806056557423009,0.046531449659813845,0.555316091954023
2,1,0,C,xvector,excluding_selected,34,58,24,0.01711118019029237,0.030164598085614225,0.01953824251273133,0.04806056557423009,0.046531449659813845,0.555316091954023
2,1,0,R,xvector,including_selected,58,58,24,0.009501594732964157,0.02442969856618693,0.016784699211143027,0.04636501990991857,0.046531449659813845,0.4971264367816092
2,1,0,R,xvector,excluding_selected,34,58,24,0.016208602779762386,0.02442969856618693,0.01907126730948102,0.04636501990991857,0.046531449659813845,0.4971264367816092
2,1,0,U,xvector,including_selected,58,58,24,0.011228994382874061,0.03299027965685197,0.017059426572673366,0.04586609420407114,0.046531449659813845,0.48563218390804597
2,1,0,U,xvector,excluding_selected,34,58,24,0.019155343359020457,0.03299027965685197,0.020941611869112763,0.04586609420407114,0.046531449659813845,0.48563218390804597
2,1,1,C,xvector,including_selected,58,58,24,0.010030691835688629,0.030164598085614225,0.017262695977832955,0.04806056557423009,0.046531449659813845,0.555316091954023
2,1,1,C,xvector,excluding_selected,34,58,24,0.01711118019029237,0.030164598085614225,0.01953824251273133,0.04806056557423009,0.046531449659813845,0.555316091954023
2,1,1,R,xvector,including_selected,58,58,24,0.009501594732964157,0.02442969856618693,0.016784699211143027,0.04636501990991857,0.046531449659813845,0.4971264367816092
2,1,1,R,xvector,excluding_selected,34,58,24,0.016208602779762386,0.02442969856618693,0.01907126730948102,0.04636501990991857,0.046531449659813845,0.4971264367816092
2,1,1,U,xvector,including_selected,58,58,24,0.010476454682750517,0.03299027965685197,0.01673101665502529,0.0454183417701724,0.046531449659813845,0.4676724137931034
2,1,1,U,xvector,excluding_selected,34,58,24,0.01787159916469206,0.03299027965685197,0.02005800719102741,0.0454183417701724,0.046531449659813845,0.4676724137931034
2,1,2,C,xvector,including_selected,58,58,24,0.010030691835688629,0.030164598085614225,0.017262695977832955,0.04806056557423009,0.046531449659813845,0.555316091954023
2,1,2,C,xvector,excluding_selected,34,58,24,0.01711118019029237,0.030164598085614225,0.01953824251273133,0.04806056557423009,0.046531449659813845,0.555316091954023
2,1,2,R,xvector,including_selected,58,58,24,0.009501594732964157,0.02442969856618693,0.016784699211143027,0.04636501990991857,0.046531449659813845,0.4971264367816092
2,1,2,R,xvector,excluding_selected,34,58,24,0.016208602779762386,0.02442969856618693,0.01907126730948102,0.04636501990991857,0.046531449659813845,0.4971264367816092
2,1,2,U,xvector,including_selected,58,58,24,0.01033262912845769,0.035239074058831754,0.01712878476276353,0.0469678529900698,0.046531449659813845,0.5129310344827586
2,1,2,U,xvector,excluding_selected,34,58,24,0.017626249689721943,0.035239074058831754,0.020073087862935705,0.0469678529900698,0.046531449659813845,0.5129310344827586
2,2,0,C,ecapa,including_selected,61,61,24,0.346415912576575,0.6739599638551419,0.5782627639404476,0.8488478044919988,0.8324878588165422,0.6495901639344261
2,2,0,C,ecapa,excluding_selected,37,61,24,0.5711181261397588,0.6739599638551419,0.6369308776612753,0.8488478044919988,0.8324878588165422,0.6495901639344261
2,2,0,R,ecapa,including_selected,61,61,24,0.31195368094057085,0.6157168117986563,0.544563648511394,0.8345978557035062,0.8324878588165422,0.5013661202185792
2,2,0,R,ecapa,excluding_selected,37,61,24,0.5143020145236439,0.6157168117986563,0.6074022815293003,0.8345978557035062,0.8324878588165422,0.5013661202185792
2,2,0,U,ecapa,including_selected,61,61,24,0.34942819697673333,0.7430083673896495,0.5659496911805143,0.8430402447476281,0.8324878588165422,0.5881147540983607
2,2,0,U,ecapa,excluding_selected,37,61,24,0.5760843247454251,0.7430083673896495,0.6420062762789585,0.8430402447476281,0.8324878588165422,0.5881147540983607
2,2,1,C,ecapa,including_selected,61,61,24,0.346415912576575,0.6739599638551419,0.5782627639404476,0.8488478044919988,0.8324878588165422,0.6495901639344261
2,2,1,C,ecapa,excluding_selected,37,61,24,0.5711181261397588,0.6739599638551419,0.6369308776612753,0.8488478044919988,0.8324878588165422,0.6495901639344261
2,2,1,R,ecapa,including_selected,61,61,24,0.31195368094057085,0.6157168117986563,0.544563648511394,0.8345978557035062,0.8324878588165422,0.5013661202185792
2,2,1,R,ecapa,excluding_selected,37,61,24,0.5143020145236439,0.6157168117986563,0.6074022815293003,0.8345978557035062,0.8324878588165422,0.5013661202185792
2,2,1,U,ecapa,including_selected,61,61,24,0.3581187727270847,0.7901848802950779,0.5467249664535122,0.8251054182686649,0.8324878588165422,0.4412568306010929
2,2,1,U,ecapa,excluding_selected,37,61,24,0.5904120307122206,0.7901848802950779,0.6405435914790603,0.8251054182686649,0.8324878588165422,0.4412568306010929
2,2,2,C,ecapa,including_selected,61,61,24,0.346415912576575,0.6739599638551419,0.5782627639404476,0.8488478044919988,0.8324878588165422,0.6495901639344261
2,2,2,C,ecapa,excluding_selected,37,61,24,0.5711181261397588,0.6739599638551419,0.6369308776612753,0.8488478044919988,0.8324878588165422,0.6495901639344261
2,2,2,R,ecapa,including_selected,61,61,24,0.31195368094057085,0.6157168117986563,0.544563648511394,0.8345978557035062,0.8324878588165422,0.5013661202185792
2,2,2,R,ecapa,excluding_selected,37,61,24,0.5143020145236439,0.6157168117986563,0.6074022815293003,0.8345978557035062,0.8324878588165422,0.5013661202185792
2,2,2,U,ecapa,including_selected,61,61,24,0.35621064293405086,0.7655655381624529,0.5572916536968698,0.8297415634897641,0.8324878588165422,0.4774590163934426
2,2,2,U,ecapa,excluding_selected,37,61,24,0.5872661951074892,0.7655655381624529,0.6468998710436472,0.8297415634897641,0.8324878588165422,0.4774590163934426
2,2,0,C,xvector,including_selected,61,61,24,0.010716578469277586,0.027682330031311597,0.018625538924448924,0.049535028987224373,0.047578382984427285,0.569672131147541
2,2,0,C,xvector,excluding_selected,37,61,24,0.017667872611511697,0.027682330031311597,0.02026261374670035,0.049535028987224373,0.047578382984427285,0.569672131147541
2,2,0,R,xvector,including_selected,61,61,24,0.010121105427194667,0.030737050387822817,0.017663992307595723,0.04920926442436957,0.047578382984427285,0.5724043715846995
2,2,0,R,xvector,excluding_selected,37,61,24,0.016686146785374993,0.030737050387822817,0.01974883114190388,0.04920926442436957,0.047578382984427285,0.5724043715846995
2,2,0,U,xvector,including_selected,61,61,24,0.010974586675453495,0.03513184158687821,0.01781139831498963,0.04733419350475604,0.047578382984427285,0.4836065573770492
2,2,0,U,xvector,excluding_selected,37,61,24,0.01809323749196387,0.03513184158687821,0.020463726949073353,0.04733419350475604,0.047578382984427285,0.4836065573770492
2,2,1,C,xvector,including_selected,61,61,24,0.010716578469277586,0.027682330031311597,0.018625538924448924,0.049535028987224373,0.047578382984427285,0.569672131147541
2,2,1,C,xvector,excluding_selected,37,61,24,0.017667872611511697,0.027682330031311597,0.02026261374670035,0.049535028987224373,0.047578382984427285,0.569672131147541
2,2,1,R,xvector,including_selected,61,61,24,0.010121105427194667,0.030737050387822817,0.017663992307595723,0.04920926442436957,0.047578382984427285,0.5724043715846995
2,2,1,R,xvector,excluding_selected,37,61,24,0.016686146785374993,0.030737050387822817,0.01974883114190388,0.04920926442436957,0.047578382984427285,0.5724043715846995
2,2,1,U,xvector,including_selected,61,61,24,0.011675029809221955,0.03498001625441627,0.017695118887299834,0.04690153991291058,0.047578382984427285,0.46516393442622944
2,2,1,U,xvector,excluding_selected,37,61,24,0.019248022117906466,0.03498001625441627,0.021001119399944545,0.04690153991291058,0.047578382984427285,0.46516393442622944
2,2,2,C,xvector,including_selected,61,61,24,0.010716578469277586,0.027682330031311597,0.018625538924448924,0.049535028987224373,0.047578382984427285,0.569672131147541
2,2,2,C,xvector,excluding_selected,37,61,24,0.017667872611511697,0.027682330031311597,0.02026261374670035,0.049535028987224373,0.047578382984427285,0.569672131147541
2,2,2,R,xvector,including_selected,61,61,24,0.010121105427194667,0.030737050387822817,0.017663992307595723,0.04920926442436957,0.047578382984427285,0.5724043715846995
2,2,2,R,xvector,excluding_selected,37,61,24,0.016686146785374993,0.030737050387822817,0.01974883114190388,0.04920926442436957,0.047578382984427285,0.5724043715846995
2,2,2,U,xvector,including_selected,61,61,24,0.011345127125257107,0.03779387704898385,0.018218499211997075,0.045926823080735014,0.047578382984427285,0.4296448087431694
2,2,2,U,xvector,excluding_selected,37,61,24,0.018704128503802257,0.03779387704898385,0.02133684802549298,0.045926823080735014,0.047578382984427285,0.4296448087431694
2,3,0,C,ecapa,including_selected,61,61,24,0.338971413656803,0.7049605776434761,0.5828754481330034,0.8593629764374394,0.835514312746123,0.6898907103825137
2,3,0,C,ecapa,excluding_selected,37,61,24,0.5588447630558103,0.7049605776434761,0.641077457439517,0.8593629764374394,0.835514312746123,0.6898907103825137
2,3,0,R,ecapa,including_selected,61,61,24,0.3199571672096921,0.6700923284032306,0.5481815224625107,0.8390917990698057,0.835514312746123,0.5198087431693988
2,3,0,R,ecapa,excluding_selected,37,61,24,0.5274969513457084,0.6700923284032306,0.6180077190676199,0.8390917990698057,0.835514312746123,0.5198087431693988
2,3,0,U,ecapa,including_selected,61,61,24,0.34594383265233136,0.8029462584869892,0.5514780423757024,0.8306151420588946,0.835514312746123,0.45696721311475413
2,3,0,U,ecapa,excluding_selected,37,61,24,0.5703398322106004,0.8029462584869892,0.640962250160523,0.8306151420588946,0.835514312746123,0.45696721311475413
2,3,1,C,ecapa,including_selected,61,61,24,0.338971413656803,0.7049605776434761,0.5828754481330034,0.8593629764374394,0.835514312746123,0.6898907103825137
2,3,1,C,ecapa,excluding_selected,37,61,24,0.5588447630558103,0.7049605776434761,0.641077457439517,0.8593629764374394,0.835514312746123,0.6898907103825137
2,3,1,R,ecapa,including_selected,61,61,24,0.3199571672096921,0.6700923284032306,0.5481815224625107,0.8390917990698057,0.835514312746123,0.5198087431693988
2,3,1,R,ecapa,excluding_selected,37,61,24,0.5274969513457084,0.6700923284032306,0.6180077190676199,0.8390917990698057,0.835514312746123,0.5198087431693988
2,3,1,U,ecapa,including_selected,61,61,24,0.35513417373322415,0.7653862169618986,0.567134266774534,0.843728091296834,0.835514312746123,0.5724043715846995
2,3,1,U,ecapa,excluding_selected,37,61,24,0.5854914756142343,0.7653862169618986,0.6470113272393555,0.843728091296834,0.835514312746123,0.5724043715846995
2,3,2,C,ecapa,including_selected,61,61,24,0.338971413656803,0.7049605776434761,0.5828754481330034,0.8593629764374394,0.835514312746123,0.6898907103825137
2,3,2,C,ecapa,excluding_selected,37,61,24,0.5588447630558103,0.7049605776434761,0.641077457439517,0.8593629764374394,0.835514312746123,0.6898907103825137
2,3,2,R,ecapa,including_selected,61,61,24,0.3199571672096921,0.6700923284032306,0.5481815224625107,0.8390917990698057,0.835514312746123,0.5198087431693988
2,3,2,R,ecapa,excluding_selected,37,61,24,0.5274969513457084,0.6700923284032306,0.6180077190676199,0.8390917990698057,0.835514312746123,0.5198087431693988
2,3,2,U,ecapa,including_selected,61,61,24,0.3555999218395061,0.7420783072276756,0.5413326737958257,0.8231565327110152,0.835514312746123,0.398224043715847
2,3,2,U,ecapa,excluding_selected,37,61,24,0.5862593306002668,0.7420783072276756,0.6484710340326036,0.8231565327110152,0.835514312746123,0.398224043715847
2,3,0,C,xvector,including_selected,61,61,24,0.011508256076998276,0.03586221935463629,0.020671702974802343,0.053080199372651536,0.049571821143866664,0.6140710382513661
2,3,0,C,xvector,excluding_selected,37,61,24,0.018973070829645805,0.03586221935463629,0.02264323691677349,0.053080199372651536,0.049571821143866664,0.6140710382513661
2,3,0,R,xvector,including_selected,61,61,24,0.010839229848217379,0.030180949607294005,0.018314902731773695,0.0512049905257096,0.049571821143866664,0.5566939890710382
2,3,0,R,xvector,excluding_selected,37,61,24,0.017870081641655676,0.030180949607294005,0.020784480595475184,0.0512049905257096,0.049571821143866664,0.5566939890710382
2,3,0,U,xvector,including_selected,61,61,24,0.011707901906489189,0.03791445989308373,0.018568947288538952,0.04852118389287922,0.049571821143866664,0.45628415300546443
2,3,0,U,xvector,excluding_selected,37,61,24,0.01930221665664434,0.03791445989308373,0.022019902580299757,0.04852118389287922,0.049571821143866664,0.45628415300546443
2,3,1,C,xvector,including_selected,61,61,24,0.011508256076998276,0.03586221935463629,0.020671702974802343,0.053080199372651536,0.049571821143866664,0.6140710382513661
2,3,1,C,xvector,excluding_selected,37,61,24,0.018973070829645805,0.03586221935463629,0.02264323691677349,0.053080199372651536,0.049571821143866664,0.6140710382513661
2,3,1,R,xvector,including_selected,61,61,24,0.010839229848217379,0.030180949607294005,0.018314902731773695,0.0512049905257096,0.049571821143866664,0.5566939890710382
2,3,1,R,xvector,excluding_selected,37,61,24,0.017870081641655676,0.030180949607294005,0.020784480595475184,0.0512049905257096,0.049571821143866664,0.5566939890710382
2,3,1,U,xvector,including_selected,61,61,24,0.011870451953004582,0.031279760584182914,0.019434238721878425,0.05145062202397655,0.049571821143866664,0.5771857923497268
2,3,1,U,xvector,excluding_selected,37,61,24,0.019570204571169716,0.031279760584182914,0.022287649172538674,0.05145062202397655,0.049571821143866664,0.5771857923497268
2,3,2,C,xvector,including_selected,61,61,24,0.011508256076998276,0.03586221935463629,0.020671702974802343,0.053080199372651536,0.049571821143866664,0.6140710382513661
2,3,2,C,xvector,excluding_selected,37,61,24,0.018973070829645805,0.03586221935463629,0.02264323691677349,0.053080199372651536,0.049571821143866664,0.6140710382513661
2,3,2,R,xvector,including_selected,61,61,24,0.010839229848217379,0.030180949607294005,0.018314902731773695,0.0512049905257096,0.049571821143866664,0.5566939890710382
2,3,2,R,xvector,excluding_selected,37,61,24,0.017870081641655676,0.030180949607294005,0.020784480595475184,0.0512049905257096,0.049571821143866664,0.5566939890710382
2,3,2,U,xvector,including_selected,61,61,24,0.012129425828694439,0.03360984875316919,0.017988381433006618,0.048921670298210373,0.049571821143866664,0.4788251366120218
2,3,2,U,xvector,excluding_selected,37,61,24,0.0199971615013611,0.03360984875316919,0.022189639707507685,0.048921670298210373,0.049571821143866664,0.4788251366120218
2,4,0,C,ecapa,including_selected,59,59,24,0.33705025417081785,0.7053459213134315,0.5780855710516434,0.8529654408524069,0.8316771920748021,0.6765536723163841
2,4,0,C,ecapa,excluding_selected,35,59,24,0.5681704284593787,0.7053459213134315,0.6395669843758699,0.8529654408524069,0.8316771920748021,0.6765536723163841
2,4,0,R,ecapa,including_selected,59,59,24,0.307331929594993,0.6483977140533734,0.5438030844811407,0.8344110709131867,0.8316771920748021,0.5112994350282486
2,4,0,R,ecapa,excluding_selected,35,59,24,0.5180738241744167,0.6483977140533734,0.614501701621268,0.8344110709131867,0.8316771920748021,0.5112994350282486
2,4,0,U,ecapa,including_selected,59,59,24,0.34676336102223576,0.7690805518441484,0.546953131202817,0.8306176630937134,0.8316771920748021,0.49929378531073443
2,4,0,U,ecapa,excluding_selected,35,59,24,0.5845439514374831,0.7690805518441484,0.6393593669538177,0.8306176630937134,0.8316771920748021,0.49929378531073443
2,4,1,C,ecapa,including_selected,59,59,24,0.33705025417081785,0.7053459213134315,0.5780855710516434,0.8529654408524069,0.8316771920748021,0.6765536723163841
2,4,1,C,ecapa,excluding_selected,35,59,24,0.5681704284593787,0.7053459213134315,0.6395669843758699,0.8529654408524069,0.8316771920748021,0.6765536723163841
2,4,1,R,ecapa,including_selected,59,59,24,0.307331929594993,0.6483977140533734,0.5438030844811407,0.8344110709131867,0.8316771920748021,0.5112994350282486
2,4,1,R,ecapa,excluding_selected,35,59,24,0.5180738241744167,0.6483977140533734,0.614501701621268,0.8344110709131867,0.8316771920748021,0.5112994350282486
2,4,1,U,ecapa,including_selected,59,59,24,0.35093986058716176,0.7729186454500628,0.5518214428108009,0.8266795650193521,0.8316771920748021,0.4661016949152543
2,4,1,U,ecapa,excluding_selected,35,59,24,0.5915843364183584,0.7729186454500628,0.6472164194662648,0.8266795650193521,0.8316771920748021,0.4661016949152543
2,4,2,C,ecapa,including_selected,59,59,24,0.33705025417081785,0.7053459213134315,0.5780855710516434,0.8529654408524069,0.8316771920748021,0.6765536723163841
2,4,2,C,ecapa,excluding_selected,35,59,24,0.5681704284593787,0.7053459213134315,0.6395669843758699,0.8529654408524069,0.8316771920748021,0.6765536723163841
2,4,2,R,ecapa,including_selected,59,59,24,0.307331929594993,0.6483977140533734,0.5438030844811407,0.8344110709131867,0.8316771920748021,0.5112994350282486
2,4,2,R,ecapa,excluding_selected,35,59,24,0.5180738241744167,0.6483977140533734,0.614501701621268,0.8344110709131867,0.8316771920748021,0.5112994350282486
2,4,2,U,ecapa,including_selected,59,59,24,0.3350392470335575,0.7690805518441484,0.5451586015565799,0.8312892963664079,0.8316771920748021,0.47951977401129947
2,4,2,U,ecapa,excluding_selected,35,59,24,0.5647804449994254,0.7690805518441484,0.6351382815100466,0.8312892963664079,0.8316771920748021,0.47951977401129947
2,4,0,C,xvector,including_selected,59,59,24,0.010146790180795137,0.030869788489603645,0.018798523044800182,0.0515660890750076,0.048460227435745615,0.6009887005649718
2,4,0,C,xvector,excluding_selected,35,59,24,0.017104589161911803,0.030869788489603645,0.02057471405718622,0.0515660890750076,0.048460227435745615,0.6009887005649718
2,4,0,R,xvector,including_selected,59,59,24,0.010154573621745997,0.032401620030233724,0.0179499395373366,0.04905355531479364,0.048460227435745615,0.5360169491525424
2,4,0,R,xvector,excluding_selected,35,59,24,0.01711770981951468,0.032401620030233724,0.02005104292081939,0.04905355531479364,0.048460227435745615,0.5360169491525424
2,4,0,U,xvector,including_selected,59,59,24,0.011103339231972605,0.03514038890557403,0.018166212089041508,0.04816065802387861,0.048460227435745615,0.49223163841807915
2,4,0,U,xvector,excluding_selected,35,59,24,0.018717057562468106,0.03514038890557403,0.02141462658342139,0.04816065802387861,0.048460227435745615,0.49223163841807915
2,4,1,C,xvector,including_selected,59,59,24,0.010146790180795137,0.030869788489603645,0.018798523044800182,0.0515660890750076,0.048460227435745615,0.6009887005649718
2,4,1,C,xvector,excluding_selected,35,59,24,0.017104589161911803,0.030869788489603645,0.02057471405718622,0.0515660890750076,0.048460227435745615,0.6009887005649718
2,4,1,R,xvector,including_selected,59,59,24,0.010154573621745997,0.032401620030233724,0.0179499395373366,0.04905355531479364,0.048460227435745615,0.5360169491525424
2,4,1,R,xvector,excluding_selected,35,59,24,0.01711770981951468,0.032401620030233724,0.02005104292081939,0.04905355531479364,0.048460227435745615,0.5360169491525424
2,4,1,U,xvector,including_selected,59,59,24,0.011052807949795105,0.031116726418987106,0.018207885879447244,0.04843234028044866,0.048460227435745615,0.4915254237288136
2,4,1,U,xvector,excluding_selected,35,59,24,0.018631876258226033,0.031116726418987106,0.021520052117983055,0.04843234028044866,0.048460227435745615,0.4915254237288136
2,4,2,C,xvector,including_selected,59,59,24,0.010146790180795137,0.030869788489603645,0.018798523044800182,0.0515660890750076,0.048460227435745615,0.6009887005649718
2,4,2,C,xvector,excluding_selected,35,59,24,0.017104589161911803,0.030869788489603645,0.02057471405718622,0.0515660890750076,0.048460227435745615,0.6009887005649718
2,4,2,R,xvector,including_selected,59,59,24,0.010154573621745997,0.032401620030233724,0.0179499395373366,0.04905355531479364,0.048460227435745615,0.5360169491525424
2,4,2,R,xvector,excluding_selected,35,59,24,0.01711770981951468,0.032401620030233724,0.02005104292081939,0.04905355531479364,0.048460227435745615,0.5360169491525424
2,4,2,U,xvector,including_selected,59,59,24,0.011058580369020033,0.03214521953451399,0.018177603527899152,0.048597316509843,0.048460227435745615,0.5204802259887006
2,4,2,U,xvector,excluding_selected,35,59,24,0.018641606907776626,0.03214521953451399,0.021223440139425002,0.048597316509843,0.048460227435745615,0.5204802259887006
2,5,0,C,ecapa,including_selected,57,57,24,0.33794874906327177,0.6938528858449058,0.581438626305758,0.8555838676495017,0.8367212380866551,0.6659356725146198
2,5,0,C,ecapa,excluding_selected,33,57,24,0.5837296574729239,0.6938528858449058,0.6488574121298063,0.8555838676495017,0.8367212380866551,0.6659356725146198
2,5,0,R,ecapa,including_selected,57,57,24,0.3094696275937174,0.6900822056866991,0.5488757401482971,0.8398742537730722,0.8367212380866551,0.5219298245614036
2,5,0,R,ecapa,excluding_selected,33,57,24,0.5345384476618754,0.6900822056866991,0.6229655463654483,0.8398742537730722,0.8367212380866551,0.5219298245614036
2,5,0,U,ecapa,including_selected,57,57,24,0.34058706131684724,0.8105585158169661,0.5441165878969946,0.8273596336479083,0.8367212380866551,0.4181286549707603
2,5,0,U,ecapa,excluding_selected,33,57,24,0.5882867422745544,0.8105585158169661,0.6480523303387575,0.8273596336479083,0.8367212380866551,0.4181286549707603
2,5,1,C,ecapa,including_selected,57,57,24,0.33794874906327177,0.6938528858449058,0.581438626305758,0.8555838676495017,0.8367212380866551,0.6659356725146198
2,5,1,C,ecapa,excluding_selected,33,57,24,0.5837296574729239,0.6938528858449058,0.6488574121298063,0.8555838676495017,0.8367212380866551,0.6659356725146198
2,5,1,R,ecapa,including_selected,57,57,24,0.3094696275937174,0.6900822056866991,0.5488757401482971,0.8398742537730722,0.8367212380866551,0.5219298245614036
2,5,1,R,ecapa,excluding_selected,33,57,24,0.5345384476618754,0.6900822056866991,0.6229655463654483,0.8398742537730722,0.8367212380866551,0.5219298245614036
2,5,1,U,ecapa,including_selected,57,57,24,0.35400647140489855,0.7652069148205933,0.5610134297552303,0.8426550848873394,0.8367212380866551,0.5533625730994153
2,5,1,U,ecapa,excluding_selected,33,57,24,0.611465723335734,0.7652069148205933,0.6569899439608172,0.8426550848873394,0.8367212380866551,0.5533625730994153
2,5,2,C,ecapa,including_selected,57,57,24,0.33794874906327177,0.6938528858449058,0.581438626305758,0.8555838676495017,0.8367212380866551,0.6659356725146198
2,5,2,C,ecapa,excluding_selected,33,57,24,0.5837296574729239,0.6938528858449058,0.6488574121298063,0.8555838676495017,0.8367212380866551,0.6659356725146198
2,5,2,R,ecapa,including_selected,57,57,24,0.3094696275937174,0.6900822056866991,0.5488757401482971,0.8398742537730722,0.8367212380866551,0.5219298245614036
2,5,2,R,ecapa,excluding_selected,33,57,24,0.5345384476618754,0.6900822056866991,0.6229655463654483,0.8398742537730722,0.8367212380866551,0.5219298245614036
2,5,2,U,ecapa,including_selected,57,57,24,0.34368196668534257,0.7368238704762444,0.5565799341292699,0.8354004177348017,0.8367212380866551,0.49415204678362573
2,5,2,U,ecapa,excluding_selected,33,57,24,0.5936324879110462,0.7368238704762444,0.6545667705834736,0.8354004177348017,0.8367212380866551,0.49415204678362573
2,5,0,C,xvector,including_selected,57,57,24,0.010330716548592774,0.03173593954087628,0.018878814846359032,0.04978212572983635,0.04870991445580209,0.540204678362573
2,5,0,C,xvector,excluding_selected,33,57,24,0.017843964947569336,0.03173593954087628,0.021271044715403746,0.04978212572983635,0.04870991445580209,0.540204678362573
2,5,0,R,xvector,including_selected,57,57,24,0.00975787508066241,0.023453603848505367,0.018301670587123887,0.0497654900068206,0.04870991445580209,0.5460526315789475
2,5,0,R,xvector,excluding_selected,33,57,24,0.016854511502962344,0.023453603848505367,0.020376292460634698,0.0497654900068206,0.04870991445580209,0.5460526315789475
2,5,0,U,xvector,including_selected,57,57,24,0.010817036077899302,0.03178322562421443,0.01751969476439291,0.04807632853395924,0.04870991445580209,0.46783625730994155
2,5,0,U,xvector,excluding_selected,33,57,24,0.018683971407280613,0.03178322562421443,0.021047236159542113,0.04807632853395924,0.04870991445580209,0.46783625730994155
2,5,1,C,xvector,including_selected,57,57,24,0.010330716548592774,0.03173593954087628,0.018878814846359032,0.04978212572983635,0.04870991445580209,0.540204678362573
2,5,1,C,xvector,excluding_selected,33,57,24,0.017843964947569336,0.03173593954087628,0.021271044715403746,0.04978212572983635,0.04870991445580209,0.540204678362573
2,5,1,R,xvector,including_selected,57,57,24,0.00975787508066241,0.023453603848505367,0.018301670587123887,0.0497654900068206,0.04870991445580209,0.5460526315789475
2,5,1,R,xvector,excluding_selected,33,57,24,0.016854511502962344,0.023453603848505367,0.020376292460634698,0.0497654900068206,0.04870991445580209,0.5460526315789475
2,5,1,U,xvector,including_selected,57,57,24,0.01087990831670968,0.03507704613535256,0.017934902236672923,0.049073167775142666,0.04870991445580209,0.5168128654970761
2,5,1,U,xvector,excluding_selected,33,57,24,0.018792568910680357,0.03507704613535256,0.02133752574698268,0.049073167775142666,0.04870991445580209,0.5168128654970761
2,5,2,C,xvector,including_selected,57,57,24,0.010330716548592774,0.03173593954087628,0.018878814846359032,0.04978212572983635,0.04870991445580209,0.540204678362573
2,5,2,C,xvector,excluding_selected,33,57,24,0.017843964947569336,0.03173593954087628,0.021271044715403746,0.04978212572983635,0.04870991445580209,0.540204678362573
2,5,2,R,xvector,including_selected,57,57,24,0.00975787508066241,0.023453603848505367,0.018301670587123887,0.0497654900068206,0.04870991445580209,0.5460526315789475
2,5,2,R,xvector,excluding_selected,33,57,24,0.016854511502962344,0.023453603848505367,0.020376292460634698,0.0497654900068206,0.04870991445580209,0.5460526315789475
2,5,2,U,xvector,including_selected,57,57,24,0.010592080201600691,0.029652922692693817,0.018109672554938335,0.04701667438126591,0.04870991445580209,0.4283625730994152
2,5,2,U,xvector,excluding_selected,33,57,24,0.018295411257310285,0.029652922692693817,0.021328027369095955,0.04701667438126591,0.04870991445580209,0.4283625730994152
3,0,0,C,ecapa,including_selected,62,62,24,0.36162503484678127,0.7036133731463841,0.5986808693596395,0.8587719892956657,0.8376451514251798,0.6693548387096774
3,0,0,C,ecapa,excluding_selected,38,62,24,0.59001979369738,0.7036133731463841,0.6571418710757431,0.8587719892956657,0.8376451514251798,0.6693548387096774
3,0,0,R,ecapa,including_selected,62,62,24,0.3331969972980774,0.6630519774523016,0.5655600792068539,0.8460387096412069,0.8376451514251798,0.5577956989247311
3,0,0,R,ecapa,excluding_selected,38,62,24,0.5436372061179156,0.6630519774523016,0.6308392652674635,0.8460387096412069,0.8376451514251798,0.5577956989247311
3,0,0,U,ecapa,including_selected,62,62,24,0.3696708765024797,0.7349745304313118,0.5640083243319908,0.8359541738360253,0.8376451514251798,0.4825268817204302
3,0,0,U,ecapa,excluding_selected,38,62,24,0.6031472195566774,0.7349745304313118,0.6547454718050801,0.8359541738360253,0.8376451514251798,0.4825268817204302
3,0,1,C,ecapa,including_selected,62,62,24,0.36162503484678127,0.7036133731463841,0.5986808693596395,0.8587719892956657,0.8376451514251798,0.6693548387096774
3,0,1,C,ecapa,excluding_selected,38,62,24,0.59001979369738,0.7036133731463841,0.6571418710757431,0.8587719892956657,0.8376451514251798,0.6693548387096774
3,0,1,R,ecapa,including_selected,62,62,24,0.3331969972980774,0.6630519774523016,0.5655600792068539,0.8460387096412069,0.8376451514251798,0.5577956989247311
3,0,1,R,ecapa,excluding_selected,38,62,24,0.5436372061179156,0.6630519774523016,0.6308392652674635,0.8460387096412069,0.8376451514251798,0.5577956989247311
3,0,1,U,ecapa,including_selected,62,62,24,0.3792511532537924,0.7862575830366508,0.578789395401885,0.8509123222483961,0.8376451514251798,0.6048387096774194
3,0,1,U,ecapa,excluding_selected,38,62,24,0.6187781974140822,0.7862575830366508,0.6661742669466725,0.8509123222483961,0.8376451514251798,0.6048387096774194
3,0,2,C,ecapa,including_selected,62,62,24,0.36162503484678127,0.7036133731463841,0.5986808693596395,0.8587719892956657,0.8376451514251798,0.6693548387096774
3,0,2,C,ecapa,excluding_selected,38,62,24,0.59001979369738,0.7036133731463841,0.6571418710757431,0.8587719892956657,0.8376451514251798,0.6693548387096774
3,0,2,R,ecapa,including_selected,62,62,24,0.3331969972980774,0.6630519774523016,0.5655600792068539,0.8460387096412069,0.8376451514251798,0.5577956989247311
3,0,2,R,ecapa,excluding_selected,38,62,24,0.5436372061179156,0.6630519774523016,0.6308392652674635,0.8460387096412069,0.8376451514251798,0.5577956989247311
3,0,2,U,ecapa,including_selected,62,62,24,0.36587498291125875,0.7843655029712815,0.565518104125754,0.8431401896142873,0.8376451514251798,0.5362903225806451
3,0,2,U,ecapa,excluding_selected,38,62,24,0.5969539194867907,0.7843655029712815,0.6584944640353334,0.8431401896142873,0.8376451514251798,0.5362903225806451
3,0,0,C,xvector,including_selected,62,62,24,0.01128773671994403,0.02962306710755014,0.02052352657192742,0.052949264927572105,0.049859435835814994,0.6129032258064516
3,0,0,C,xvector,excluding_selected,38,62,24,0.01841683359569815,0.02962306710755014,0.022194624505534447,0.052949264927572105,0.049859435835814994,0.6129032258064516
3,0,0,R,xvector,including_selected,62,62,24,0.01109273342257286,0.030524841465394248,0.019546389783441403,0.05263482425265261,0.049859435835814994,0.5994623655913979
3,0,0,R,xvector,excluding_selected,38,62,24,0.018098670321039928,0.030524841465394248,0.021462100941592798,0.05263482425265261,0.049859435835814994,0.5994623655913979
3,0,0,U,xvector,including_selected,62,62,24,0.012322695673523835,0.03176716795081358,0.01916388176085216,0.050020959798333375,0.049859435835814994,0.519489247311828
3,0,0,U,xvector,excluding_selected,38,62,24,0.020105450835749415,0.03176716795081358,0.022606901232581203,0.050020959798333375,0.049859435835814994,0.519489247311828
3,0,1,C,xvector,including_selected,62,62,24,0.01128773671994403,0.02962306710755014,0.02052352657192742,0.052949264927572105,0.049859435835814994,0.6129032258064516
3,0,1,C,xvector,excluding_selected,38,62,24,0.01841683359569815,0.02962306710755014,0.022194624505534447,0.052949264927572105,0.049859435835814994,0.6129032258064516
3,0,1,R,xvector,including_selected,62,62,24,0.01109273342257286,0.030524841465394248,0.019546389783441403,0.05263482425265261,0.049859435835814994,0.5994623655913979
3,0,1,R,xvector,excluding_selected,38,62,24,0.018098670321039928,0.030524841465394248,0.021462100941592798,0.05263482425265261,0.049859435835814994,0.5994623655913979
3,0,1,U,xvector,including_selected,62,62,24,0.012066514064106582,0.032879888359783616,0.019590729898293066,0.05052571883327452,0.049859435835814994,0.5174731182795699
3,0,1,U,xvector,excluding_selected,38,62,24,0.019687470315121264,0.032879888359783616,0.022555512170219793,0.05052571883327452,0.049859435835814994,0.5174731182795699
3,0,2,C,xvector,including_selected,62,62,24,0.01128773671994403,0.02962306710755014,0.02052352657192742,0.052949264927572105,0.049859435835814994,0.6129032258064516
3,0,2,C,xvector,excluding_selected,38,62,24,0.01841683359569815,0.02962306710755014,0.022194624505534447,0.052949264927572105,0.049859435835814994,0.6129032258064516
3,0,2,R,xvector,including_selected,62,62,24,0.01109273342257286,0.030524841465394248,0.019546389783441403,0.05263482425265261,0.049859435835814994,0.5994623655913979
3,0,2,R,xvector,excluding_selected,38,62,24,0.018098670321039928,0.030524841465394248,0.021462100941592798,0.05263482425265261,0.049859435835814994,0.5994623655913979
3,0,2,U,xvector,including_selected,62,62,24,0.011838179707151432,0.03295411731454534,0.019478984206994177,0.04973899391447586,0.049859435835814994,0.5020161290322581
3,0,2,U,xvector,excluding_selected,38,62,24,0.019314924785352336,0.03295411731454534,0.022276697343550263,0.04973899391447586,0.049859435835814994,0.5020161290322581
3,1,0,C,ecapa,including_selected,62,62,24,0.3497120752814049,0.6916132956226602,0.5819717767068437,0.851251200412055,0.8263245490327285,0.6814516129032259
3,1,0,C,ecapa,excluding_selected,38,62,24,0.5705828596696606,0.6916132956226602,0.6396496509503327,0.851251200412055,0.8263245490327285,0.6814516129032259
3,1,0,R,ecapa,including_selected,62,62,24,0.3271600921813111,0.6576069150820749,0.5442348694799529,0.8216270775905956,0.8263245490327285,0.45497311827956993
3,1,0,R,ecapa,excluding_selected,38,62,24,0.533787518822139,0.6576069150820749,0.6168111592039134,0.8216270775905956,0.8263245490327285,0.45497311827956993
3,1,0,U,ecapa,including_selected,62,62,24,0.3628383079299015,0.8162742741565857,0.5535640793888194,0.8217313975972087,0.8263245490327285,0.4630376344086022
3,1,0,U,ecapa,excluding_selected,38,62,24,0.5919993445172077,0.8162742741565857,0.6451373488501334,0.8217313975972087,0.8263245490327285,0.4630376344086022
3,1,1,C,ecapa,including_selected,62,62,24,0.3497120752814049,0.6916132956226602,0.5819717767068437,0.851251200412055,0.8263245490327285,0.6814516129032259
3,1,1,C,ecapa,excluding_selected,38,62,24,0.5705828596696606,0.6916132956226602,0.6396496509503327,0.851251200412055,0.8263245490327285,0.6814516129032259
3,1,1,R,ecapa,including_selected,62,62,24,0.3271600921813111,0.6576069150820749,0.5442348694799529,0.8216270775905956,0.8263245490327285,0.45497311827956993
3,1,1,R,ecapa,excluding_selected,38,62,24,0.533787518822139,0.6576069150820749,0.6168111592039134,0.8216270775905956,0.8263245490327285,0.45497311827956993
3,1,1,U,ecapa,including_selected,62,62,24,0.35591675642029774,0.742027963442141,0.5536288800729586,0.8304075554368855,0.8263245490327285,0.5309139784946236
3,1,1,U,ecapa,excluding_selected,38,62,24,0.5807062867910121,0.742027963442141,0.6392213083663812,0.8304075554368855,0.8263245490327285,0.5309139784946236
3,1,2,C,ecapa,including_selected,62,62,24,0.3497120752814049,0.6916132956226602,0.5819717767068437,0.851251200412055,0.8263245490327285,0.6814516129032259
3,1,2,C,ecapa,excluding_selected,38,62,24,0.5705828596696606,0.6916132956226602,0.6396496509503327,0.851251200412055,0.8263245490327285,0.6814516129032259
3,1,2,R,ecapa,including_selected,62,62,24,0.3271600921813111,0.6576069150820749,0.5442348694799529,0.8216270775905956,0.8263245490327285,0.45497311827956993
3,1,2,R,ecapa,excluding_selected,38,62,24,0.533787518822139,0.6576069150820749,0.6168111592039134,0.8216270775905956,0.8263245490327285,0.45497311827956993
3,1,2,U,ecapa,including_selected,62,62,24,0.37530231540005543,0.7371909953417762,0.5514802220102403,0.820068227869522,0.8263245490327285,0.4415322580645162
3,1,2,U,ecapa,excluding_selected,38,62,24,0.6123353567053537,0.7371909953417762,0.6519885315225834,0.820068227869522,0.8263245490327285,0.4415322580645162
3,1,0,C,xvector,including_selected,62,62,24,0.010055056787947637,0.030164598085614225,0.01841027738514209,0.04952823188723889,0.046117929303479625,0.6303763440860215
3,1,0,C,xvector,excluding_selected,38,62,24,0.016405618969809303,0.030164598085614225,0.01988724962243263,0.04952823188723889,0.046117929303479625,0.6303763440860215
3,1,0,R,xvector,including_selected,62,62,24,0.01018109412877714,0.02740433440603307,0.016952035621601472,0.04598728770808771,0.046117929303479625,0.48118279569892475
3,1,0,R,xvector,excluding_selected,38,62,24,0.016611258841689017,0.02740433440603307,0.019472490178116933,0.04598728770808771,0.046117929303479625,0.48118279569892475
3,1,0,U,xvector,including_selected,62,62,24,0.0106276424121939,0.028927988090726053,0.017184867434756296,0.04503032131582535,0.046117929303479625,0.4549731182795698
3,1,0,U,xvector,excluding_selected,38,62,24,0.017339837619895312,0.028927988090726053,0.019843785055022732,0.04503032131582535,0.046117929303479625,0.4549731182795698
3,1,1,C,xvector,including_selected,62,62,24,0.010055056787947637,0.030164598085614225,0.01841027738514209,0.04952823188723889,0.046117929303479625,0.6303763440860215
3,1,1,C,xvector,excluding_selected,38,62,24,0.016405618969809303,0.030164598085614225,0.01988724962243263,0.04952823188723889,0.046117929303479625,0.6303763440860215
3,1,1,R,xvector,including_selected,62,62,24,0.01018109412877714,0.02740433440603307,0.016952035621601472,0.04598728770808771,0.046117929303479625,0.48118279569892475
3,1,1,R,xvector,excluding_selected,38,62,24,0.016611258841689017,0.02740433440603307,0.019472490178116933,0.04598728770808771,0.046117929303479625,0.48118279569892475
3,1,1,U,xvector,including_selected,62,62,24,0.010809514080494818,0.030164598085614225,0.017553427040037234,0.0475084177972586,0.046117929303479625,0.5638440860215054
3,1,1,U,xvector,excluding_selected,38,62,24,0.017636575605017864,0.030164598085614225,0.020072289728271245,0.0475084177972586,0.046117929303479625,0.5638440860215054
3,1,2,C,xvector,including_selected,62,62,24,0.010055056787947637,0.030164598085614225,0.01841027738514209,0.04952823188723889,0.046117929303479625,0.6303763440860215
3,1,2,C,xvector,excluding_selected,38,62,24,0.016405618969809303,0.030164598085614225,0.01988724962243263,0.04952823188723889,0.046117929303479625,0.6303763440860215
3,1,2,R,xvector,including_selected,62,62,24,0.01018109412877714,0.02740433440603307,0.016952035621601472,0.04598728770808771,0.046117929303479625,0.48118279569892475
3,1,2,R,xvector,excluding_selected,38,62,24,0.016611258841689017,0.02740433440603307,0.019472490178116933,0.04598728770808771,0.046117929303479625,0.48118279569892475
3,1,2,U,xvector,including_selected,62,62,24,0.011270572160094094,0.027397793985278973,0.017227681202236046,0.046240966830913076,0.046117929303479625,0.49193548387096775
3,1,2,U,xvector,excluding_selected,38,62,24,0.018388828261206153,0.027397793985278973,0.020410779514058064,0.046240966830913076,0.046117929303479625,0.49193548387096775
3,2,0,C,ecapa,including_selected,63,63,24,0.36743869469957124,0.6993855747199942,0.6005216778435604,0.8690575334119256,0.839445356287706,0.7222222222222223
3,2,0,C,ecapa,excluding_selected,39,63,24,0.5935548145146919,0.6993855747199942,0.6594923835226569,0.8690575334119256,0.839445356287706,0.7222222222222223
3,2,0,R,ecapa,including_selected,63,63,24,0.33792943143851206,0.6596932700390334,0.5601289841237984,0.8455094473156936,0.839445356287706,0.5350529100529101
3,2,0,R,ecapa,excluding_selected,39,63,24,0.5458860046314425,0.6596932700390334,0.6261834354845527,0.8455094473156936,0.839445356287706,0.5350529100529101
3,2,0,U,ecapa,including_selected,63,63,24,0.362384958610565,0.7700237612303352,0.5659642812860066,0.8386022095613977,0.839445356287706,0.49867724867724866
3,2,0,U,ecapa,excluding_selected,39,63,24,0.5853910869862974,0.7700237612303352,0.6504624091595852,0.8386022095613977,0.839445356287706,0.49867724867724866
3,2,1,C,ecapa,including_selected,63,63,24,0.36743869469957124,0.6993855747199942,0.6005216778435604,0.8690575334119256,0.839445356287706,0.7222222222222223
3,2,1,C,ecapa,excluding_selected,39,63,24,0.5935548145146919,0.6993855747199942,0.6594923835226569,0.8690575334119256,0.839445356287706,0.7222222222222223
3,2,1,R,ecapa,including_selected,63,63,24,0.33792943143851206,0.6596932700390334,0.5601289841237984,0.8455094473156936,0.839445356287706,0.5350529100529101
3,2,1,R,ecapa,excluding_selected,39,63,24,0.5458860046314425,0.6596932700390334,0.6261834354845527,0.8455094473156936,0.839445356287706,0.5350529100529101
3,2,1,U,ecapa,including_selected,63,63,24,0.3677094958611742,0.7655655381624529,0.5610771676163142,0.832047180101549,0.839445356287706,0.4523809523809524
3,2,1,U,ecapa,excluding_selected,39,63,24,0.5939922625449737,0.7655655381624529,0.6519020476348011,0.832047180101549,0.839445356287706,0.4523809523809524
3,2,2,C,ecapa,including_selected,63,63,24,0.36743869469957124,0.6993855747199942,0.6005216778435604,0.8690575334119256,0.839445356287706,0.7222222222222223
3,2,2,C,ecapa,excluding_selected,39,63,24,0.5935548145146919,0.6993855747199942,0.6594923835226569,0.8690575334119256,0.839445356287706,0.7222222222222223
3,2,2,R,ecapa,including_selected,63,63,24,0.33792943143851206,0.6596932700390334,0.5601289841237984,0.8455094473156936,0.839445356287706,0.5350529100529101
3,2,2,R,ecapa,excluding_selected,39,63,24,0.5458860046314425,0.6596932700390334,0.6261834354845527,0.8455094473156936,0.839445356287706,0.5350529100529101
3,2,2,U,ecapa,including_selected,63,63,24,0.35718344414343683,0.7655655381624529,0.559012865223845,0.8361762219545722,0.839445356287706,0.4735449735449735
3,2,2,U,ecapa,excluding_selected,39,63,24,0.5769886405393981,0.7655655381624529,0.6451914685908918,0.8361762219545722,0.839445356287706,0.4735449735449735
3,2,0,C,xvector,including_selected,63,63,24,0.011303311705117882,0.030874199151272097,0.02018132173091574,0.05247832772388111,0.048180812007951115,0.6666666666666666
3,2,0,C,xvector,excluding_selected,39,63,24,0.01825919583134427,0.030874199151272097,0.022061132925775457,0.05247832772388111,0.048180812007951115,0.6666666666666666
3,2,0,R,xvector,including_selected,63,63,24,0.010595687945585136,0.030737050387822817,0.01882272344524925,0.049147614822836215,0.048180812007951115,0.544973544973545
3,2,0,R,xvector,excluding_selected,39,63,24,0.017116111296714448,0.030737050387822817,0.02069608956108756,0.049147614822836215,0.048180812007951115,0.544973544973545
3,2,0,U,xvector,including_selected,63,63,24,0.011153745852309993,0.02996176019625385,0.018530943540202953,0.049025808771029245,0.048180812007951115,0.5218253968253969
3,2,0,U,xvector,excluding_selected,39,63,24,0.01801758945373153,0.02996176019625385,0.021196696339116042,0.049025808771029245,0.048180812007951115,0.5218253968253969
3,2,1,C,xvector,including_selected,63,63,24,0.011303311705117882,0.030874199151272097,0.02018132173091574,0.05247832772388111,0.048180812007951115,0.6666666666666666
3,2,1,C,xvector,excluding_selected,39,63,24,0.01825919583134427,0.030874199151272097,0.022061132925775457,0.05247832772388111,0.048180812007951115,0.6666666666666666
3,2,1,R,xvector,including_selected,63,63,24,0.010595687945585136,0.030737050387822817,0.01882272344524925,0.049147614822836215,0.048180812007951115,0.544973544973545
3,2,1,R,xvector,excluding_selected,39,63,24,0.017116111296714448,0.030737050387822817,0.02069608956108756,0.049147614822836215,0.048180812007951115,0.544973544973545
3,2,1,U,xvector,including_selected,63,63,24,0.011091058027834964,0.03582728644509037,0.01815924815483548,0.04787046537552555,0.048180812007951115,0.49272486772486773
3,2,1,U,xvector,excluding_selected,39,63,24,0.017916324506502636,0.03582728644509037,0.020991835753486048,0.04787046537552555,0.048180812007951115,0.49272486772486773
3,2,2,C,xvector,including_selected,63,63,24,0.011303311705117882,0.030874199151272097,0.02018132173091574,0.05247832772388111,0.048180812007951115,0.6666666666666666
3,2,2,C,xvector,excluding_selected,39,63,24,0.01825919583134427,0.030874199151272097,0.022061132925775457,0.05247832772388111,0.048180812007951115,0.6666666666666666
3,2,2,R,xvector,including_selected,63,63,24,0.010595687945585136,0.030737050387822817,0.01882272344524925,0.049147614822836215,0.048180812007951115,0.544973544973545
3,2,2,R,xvector,excluding_selected,39,63,24,0.017116111296714448,0.030737050387822817,0.02069608956108756,0.049147614822836215,0.048180812007951115,0.544973544973545
3,2,2,U,xvector,including_selected,63,63,24,0.011738794127153706,0.035676659769108277,0.018971287463555406,0.047690159342760684,0.048180812007951115,0.49338624338624343
3,2,2,U,xvector,excluding_selected,39,63,24,0.018962667436171372,0.035676659769108277,0.021872749099987054,0.047690159342760684,0.048180812007951115,0.49338624338624343
3,3,0,C,ecapa,including_selected,62,62,24,0.35722438806142925,0.6845280454081919,0.6018358112843694,0.8664868947543662,0.844718412205935,0.6619623655913979
3,3,0,C,ecapa,excluding_selected,38,62,24,0.5828397910475951,0.6845280454081919,0.659940924744839,0.8664868947543662,0.844718412205935,0.6619623655913979
3,3,0,R,ecapa,including_selected,62,62,24,0.33444033148881525,0.6597248363388442,0.5743992589489546,0.8536179286851505,0.844718412205935,0.5658602150537635
3,3,0,R,ecapa,excluding_selected,38,62,24,0.545665804008067,0.6597248363388442,0.6407142063805741,0.8536179286851505,0.844718412205935,0.5658602150537635
3,3,0,U,ecapa,including_selected,62,62,24,0.37466506713634556,0.7787172678435389,0.5635960517860925,0.8428040546473253,0.844718412205935,0.4932795698924732
3,3,0,U,ecapa,excluding_selected,38,62,24,0.6112956358540376,0.7787172678435389,0.6605564852016607,0.8428040546473253,0.844718412205935,0.4932795698924732
3,3,1,C,ecapa,including_selected,62,62,24,0.35722438806142925,0.6845280454081919,0.6018358112843694,0.8664868947543662,0.844718412205935,0.6619623655913979
3,3,1,C,ecapa,excluding_selected,38,62,24,0.5828397910475951,0.6845280454081919,0.659940924744839,0.8664868947543662,0.844718412205935,0.6619623655913979
3,3,1,R,ecapa,including_selected,62,62,24,0.33444033148881525,0.6597248363388442,0.5743992589489546,0.8536179286851505,0.844718412205935,0.5658602150537635
3,3,1,R,ecapa,excluding_selected,38,62,24,0.545665804008067,0.6597248363388442,0.6407142063805741,0.8536179286851505,0.844718412205935,0.5658602150537635
3,3,1,U,ecapa,including_selected,62,62,24,0.36934135805744267,0.7669194015799007,0.5761129702858138,0.8485909767002952,0.844718412205935,0.5228494623655914
3,3,1,U,ecapa,excluding_selected,38,62,24,0.6026095841989855,0.7669194015799007,0.6651646067686721,0.8485909767002952,0.844718412205935,0.5228494623655914
3,3,2,C,ecapa,including_selected,62,62,24,0.35722438806142925,0.6845280454081919,0.6018358112843694,0.8664868947543662,0.844718412205935,0.6619623655913979
3,3,2,C,ecapa,excluding_selected,38,62,24,0.5828397910475951,0.6845280454081919,0.659940924744839,0.8664868947543662,0.844718412205935,0.6619623655913979
3,3,2,R,ecapa,including_selected,62,62,24,0.33444033148881525,0.6597248363388442,0.5743992589489546,0.8536179286851505,0.844718412205935,0.5658602150537635
3,3,2,R,ecapa,excluding_selected,38,62,24,0.545665804008067,0.6597248363388442,0.6407142063805741,0.8536179286851505,0.844718412205935,0.5658602150537635
3,3,2,U,ecapa,including_selected,62,62,24,0.37613079774151115,0.8026291334647295,0.5710502131947283,0.8368080553013107,0.844718412205935,0.45161290322580644
3,3,2,U,ecapa,excluding_selected,38,62,24,0.6136870910519392,0.8026291334647295,0.665028973733747,0.8368080553013107,0.844718412205935,0.45161290322580644
3,3,0,C,xvector,including_selected,62,62,24,0.011320833820430922,0.030803690056557365,0.020496852704679627,0.05417815559215657,0.0503189347028467,0.6465053763440861
3,3,0,C,xvector,excluding_selected,38,62,24,0.018470834128071503,0.030803690056557365,0.022659702530634235,0.05417815559215657,0.0503189347028467,0.6465053763440861
3,3,0,R,xvector,including_selected,62,62,24,0.011624953620606346,0.030255218147072882,0.020049487135114983,0.05340256986830222,0.0503189347028467,0.6001344086021505
3,3,0,R,xvector,excluding_selected,38,62,24,0.018967029591515618,0.030255218147072882,0.02233692652404345,0.05340256986830222,0.0503189347028467,0.6001344086021505
3,3,0,U,xvector,including_selected,62,62,24,0.012590088571101648,0.03706870825278252,0.01993281923315784,0.050427988490421925,0.0503189347028467,0.5147849462365591
3,3,0,U,xvector,excluding_selected,38,62,24,0.020541723458113215,0.03706870825278252,0.02350723130380957,0.050427988490421925,0.0503189347028467,0.5147849462365591
3,3,1,C,xvector,including_selected,62,62,24,0.011320833820430922,0.030803690056557365,0.020496852704679627,0.05417815559215657,0.0503189347028467,0.6465053763440861
3,3,1,C,xvector,excluding_selected,38,62,24,0.018470834128071503,0.030803690056557365,0.022659702530634235,0.05417815559215657,0.0503189347028467,0.6465053763440861
3,3,1,R,xvector,including_selected,62,62,24,0.011624953620606346,0.030255218147072882,0.020049487135114983,0.05340256986830222,0.0503189347028467,0.6001344086021505
3,3,1,R,xvector,excluding_selected,38,62,24,0.018967029591515618,0.030255218147072882,0.02233692652404345,0.05340256986830222,0.0503189347028467,0.6001344086021505
3,3,1,U,xvector,including_selected,62,62,24,0.012831247399931715,0.03222840311415731,0.020860179527969865,0.05137446776428258,0.0503189347028467,0.5309139784946236
3,3,1,U,xvector,excluding_selected,38,62,24,0.020935193126204378,0.03222840311415731,0.024051660596424537,0.05137446776428258,0.0503189347028467,0.5309139784946236
3,3,2,C,xvector,including_selected,62,62,24,0.011320833820430922,0.030803690056557365,0.020496852704679627,0.05417815559215657,0.0503189347028467,0.6465053763440861
3,3,2,C,xvector,excluding_selected,38,62,24,0.018470834128071503,0.030803690056557365,0.022659702530634235,0.05417815559215657,0.0503189347028467,0.6465053763440861
3,3,2,R,xvector,including_selected,62,62,24,0.011624953620606346,0.030255218147072882,0.020049487135114983,0.05340256986830222,0.0503189347028467,0.6001344086021505
3,3,2,R,xvector,excluding_selected,38,62,24,0.018967029591515618,0.030255218147072882,0.02233692652404345,0.05340256986830222,0.0503189347028467,0.6001344086021505
3,3,2,U,xvector,including_selected,62,62,24,0.012641826883861717,0.03443569127331447,0.01971151390687751,0.04948939180154568,0.0503189347028467,0.4556451612903225
3,3,2,U,xvector,excluding_selected,38,62,24,0.020626138599984904,0.03443569127331447,0.023475000861800606,0.04948939180154568,0.0503189347028467,0.4556451612903225
3,4,0,C,ecapa,including_selected,62,62,24,0.3522116407016598,0.6916022498641725,0.5869482845756461,0.8513737859625241,0.8349639967911275,0.6310483870967741
3,4,0,C,ecapa,excluding_selected,38,62,24,0.5746610979869187,0.6916022498641725,0.6451258794928492,0.8513737859625241,0.8349639967911275,0.6310483870967741
3,4,0,R,ecapa,including_selected,62,62,24,0.323546430908094,0.6428401865849009,0.5625642712720151,0.8437464459157304,0.8349639967911275,0.5584677419354839
3,4,0,R,ecapa,excluding_selected,38,62,24,0.5278915451658377,0.6428401865849009,0.6238504023208774,0.8437464459157304,0.8349639967911275,0.5584677419354839
3,4,0,U,ecapa,including_selected,62,62,24,0.3650714827724465,0.7836019538229558,0.5637347306271694,0.8336774708760742,0.8349639967911275,0.4959677419354838
3,4,0,U,ecapa,excluding_selected,38,62,24,0.5956429455760969,0.7836019538229558,0.6544168171763323,0.8336774708760742,0.8349639967911275,0.4959677419354838
3,4,1,C,ecapa,including_selected,62,62,24,0.3522116407016598,0.6916022498641725,0.5869482845756461,0.8513737859625241,0.8349639967911275,0.6310483870967741
3,4,1,C,ecapa,excluding_selected,38,62,24,0.5746610979869187,0.6916022498641725,0.6451258794928492,0.8513737859625241,0.8349639967911275,0.6310483870967741
3,4,1,R,ecapa,including_selected,62,62,24,0.323546430908094,0.6428401865849009,0.5625642712720151,0.8437464459157304,0.8349639967911275,0.5584677419354839
3,4,1,R,ecapa,excluding_selected,38,62,24,0.5278915451658377,0.6428401865849009,0.6238504023208774,0.8437464459157304,0.8349639967911275,0.5584677419354839
3,4,1,U,ecapa,including_selected,62,62,24,0.3615165664542083,0.760946276582525,0.5594741732258869,0.8321044968258682,0.8349639967911275,0.480510752688172
3,4,1,U,ecapa,excluding_selected,38,62,24,0.589842818951603,0.760946276582525,0.6541840315450278,0.8321044968258682,0.8349639967911275,0.480510752688172
3,4,2,C,ecapa,including_selected,62,62,24,0.3522116407016598,0.6916022498641725,0.5869482845756461,0.8513737859625241,0.8349639967911275,0.6310483870967741
3,4,2,C,ecapa,excluding_selected,38,62,24,0.5746610979869187,0.6916022498641725,0.6451258794928492,0.8513737859625241,0.8349639967911275,0.6310483870967741
3,4,2,R,ecapa,including_selected,62,62,24,0.323546430908094,0.6428401865849009,0.5625642712720151,0.8437464459157304,0.8349639967911275,0.5584677419354839
3,4,2,R,ecapa,excluding_selected,38,62,24,0.5278915451658377,0.6428401865849009,0.6238504023208774,0.8437464459157304,0.8349639967911275,0.5584677419354839
3,4,2,U,ecapa,including_selected,62,62,24,0.36103622991981216,0.760946276582525,0.5607514014852779,0.8346724004845839,0.8349639967911275,0.49126344086021506
3,4,2,U,ecapa,excluding_selected,38,62,24,0.5890591119744302,0.760946276582525,0.649549552748768,0.8346724004845839,0.8349639967911275,0.49126344086021506
3,4,0,C,xvector,including_selected,62,62,24,0.010808617870621328,0.03091460036968985,0.019837409336098087,0.05214520127011837,0.04848442510282128,0.627016129032258
3,4,0,C,xvector,excluding_selected,38,62,24,0.01763511336785585,0.03091460036968985,0.02157034794041952,0.05214520127011837,0.04848442510282128,0.627016129032258
3,4,0,R,xvector,including_selected,62,62,24,0.01066494845474879,0.02722211284535936,0.01865373961105897,0.05144783389530078,0.04848442510282128,0.605510752688172
3,4,0,R,xvector,excluding_selected,38,62,24,0.0174007053735375,0.02722211284535936,0.02050641740895983,0.05144783389530078,0.04848442510282128,0.605510752688172
3,4,0,U,xvector,including_selected,62,62,24,0.011604120872067105,0.031013900019442264,0.018857111299960965,0.04830517994425535,0.04848442510282128,0.4905913978494623
3,4,0,U,xvector,excluding_selected,38,62,24,0.018933039317583174,0.031013900019442264,0.02189328462594056,0.04830517994425535,0.04848442510282128,0.4905913978494623
3,4,1,C,xvector,including_selected,62,62,24,0.010808617870621328,0.03091460036968985,0.019837409336098087,0.05214520127011837,0.04848442510282128,0.627016129032258
3,4,1,C,xvector,excluding_selected,38,62,24,0.01763511336785585,0.03091460036968985,0.02157034794041952,0.05214520127011837,0.04848442510282128,0.627016129032258
3,4,1,R,xvector,including_selected,62,62,24,0.01066494845474879,0.02722211284535936,0.01865373961105897,0.05144783389530078,0.04848442510282128,0.605510752688172
3,4,1,R,xvector,excluding_selected,38,62,24,0.0174007053735375,0.02722211284535936,0.02050641740895983,0.05144783389530078,0.04848442510282128,0.605510752688172
3,4,1,U,xvector,including_selected,62,62,24,0.012003150854278815,0.031861511805580944,0.019226515763425992,0.04667289866036701,0.04848442510282128,0.44153225806451607
3,4,1,U,xvector,excluding_selected,38,62,24,0.019584088235928592,0.031861511805580944,0.022645996992894973,0.04667289866036701,0.04848442510282128,0.44153225806451607
3,4,2,C,xvector,including_selected,62,62,24,0.010808617870621328,0.03091460036968985,0.019837409336098087,0.05214520127011837,0.04848442510282128,0.627016129032258
3,4,2,C,xvector,excluding_selected,38,62,24,0.01763511336785585,0.03091460036968985,0.02157034794041952,0.05214520127011837,0.04848442510282128,0.627016129032258
3,4,2,R,xvector,including_selected,62,62,24,0.01066494845474879,0.02722211284535936,0.01865373961105897,0.05144783389530078,0.04848442510282128,0.605510752688172
3,4,2,R,xvector,excluding_selected,38,62,24,0.0174007053735375,0.02722211284535936,0.02050641740895983,0.05144783389530078,0.04848442510282128,0.605510752688172
3,4,2,U,xvector,including_selected,62,62,24,0.011587462571387132,0.03168877733841935,0.018638076069481493,0.048202902054055446,0.04848442510282128,0.48655913978494625
3,4,2,U,xvector,excluding_selected,38,62,24,0.01890585998489479,0.03168877733841935,0.02197423350497535,0.048202902054055446,0.04848442510282128,0.48655913978494625
3,5,0,C,ecapa,including_selected,60,60,24,0.3589018195444225,0.6973557246110744,0.5938306955944039,0.8597491235744288,0.837488966564408,0.6902777777777778
3,5,0,C,ecapa,excluding_selected,36,60,24,0.5981696992407042,0.6973557246110744,0.6599370519911898,0.8597491235744288,0.837488966564408,0.6902777777777778
3,5,0,R,ecapa,including_selected,60,60,24,0.3296900616981295,0.6891795041892189,0.5612727654186467,0.8428827951402531,0.837488966564408,0.5381944444444444
3,5,0,R,ecapa,excluding_selected,36,60,24,0.549483436163549,0.6891795041892189,0.6338109845463237,0.8428827951402531,0.837488966564408,0.5381944444444444
3,5,0,U,ecapa,including_selected,60,60,24,0.35675594740681,0.795440153344168,0.571362297462346,0.8381051344506796,0.837488966564408,0.5
3,5,0,U,ecapa,excluding_selected,36,60,24,0.5945932456780167,0.795440153344168,0.660820599209745,0.8381051344506796,0.837488966564408,0.5
3,5,1,C,ecapa,including_selected,60,60,24,0.3589018195444225,0.6973557246110744,0.5938306955944039,0.8597491235744288,0.837488966564408,0.6902777777777778
3,5,1,C,ecapa,excluding_selected,36,60,24,0.5981696992407042,0.6973557246110744,0.6599370519911898,0.8597491235744288,0.837488966564408,0.6902777777777778
3,5,1,R,ecapa,including_selected,60,60,24,0.3296900616981295,0.6891795041892189,0.5612727654186467,0.8428827951402531,0.837488966564408,0.5381944444444444
3,5,1,R,ecapa,excluding_selected,36,60,24,0.549483436163549,0.6891795041892189,0.6338109845463237,0.8428827951402531,0.837488966564408,0.5381944444444444
3,5,1,U,ecapa,including_selected,60,60,24,0.3684430446333113,0.8105585158169661,0.5606382928498298,0.8317722679792222,0.837488966564408,0.4618055555555555
3,5,1,U,ecapa,excluding_selected,36,60,24,0.6140717410555188,0.8105585158169661,0.6600709854892878,0.8317722679792222,0.837488966564408,0.4618055555555555
3,5,2,C,ecapa,including_selected,60,60,24,0.3589018195444225,0.6973557246110744,0.5938306955944039,0.8597491235744288,0.837488966564408,0.6902777777777778
3,5,2,C,ecapa,excluding_selected,36,60,24,0.5981696992407042,0.6973557246110744,0.6599370519911898,0.8597491235744288,0.837488966564408,0.6902777777777778
3,5,2,R,ecapa,including_selected,60,60,24,0.3296900616981295,0.6891795041892189,0.5612727654186467,0.8428827951402531,0.837488966564408,0.5381944444444444
3,5,2,R,ecapa,excluding_selected,36,60,24,0.549483436163549,0.6891795041892189,0.6338109845463237,0.8428827951402531,0.837488966564408,0.5381944444444444
3,5,2,U,ecapa,including_selected,60,60,24,0.36063581754686663,0.7860022094661283,0.5665287016703539,0.8460763360139728,0.837488966564408,0.5625
3,5,2,U,ecapa,excluding_selected,36,60,24,0.6010596959114444,0.7860022094661283,0.6513076002127939,0.8460763360139728,0.837488966564408,0.5625
3,5,0,C,xvector,including_selected,60,60,24,0.010880846962736678,0.030816700980057954,0.019615821460763714,0.05187873080587041,0.04877426477372637,0.6138888888888889
3,5,0,C,xvector,excluding_selected,36,60,24,0.018134744937894465,0.030816700980057954,0.021589744147277115,0.05187873080587041,0.04877426477372637,0.6138888888888889
3,5,0,R,xvector,including_selected,60,60,24,0.010254531893181618,0.030281936528216424,0.01874400508897029,0.05058037193309043,0.04877426477372637,0.5618055555555556
3,5,0,R,xvector,excluding_selected,36,60,24,0.01709088648863603,0.030281936528216424,0.020794361377001528,0.05058037193309043,0.04877426477372637,0.5618055555555556
3,5,0,U,xvector,including_selected,60,60,24,0.011446149518498856,0.03352613890250966,0.018649983315010533,0.04792624278025188,0.04877426477372637,0.4583333333333333
3,5,0,U,xvector,excluding_selected,36,60,24,0.01907691586416476,0.03352613890250966,0.02199133293162472,0.04792624278025188,0.04877426477372637,0.4583333333333333
3,5,1,C,xvector,including_selected,60,60,24,0.010880846962736678,0.030816700980057954,0.019615821460763714,0.05187873080587041,0.04877426477372637,0.6138888888888889
3,5,1,C,xvector,excluding_selected,36,60,24,0.018134744937894465,0.030816700980057954,0.021589744147277115,0.05187873080587041,0.04877426477372637,0.6138888888888889
3,5,1,R,xvector,including_selected,60,60,24,0.010254531893181618,0.030281936528216424,0.01874400508897029,0.05058037193309043,0.04877426477372637,0.5618055555555556
3,5,1,R,xvector,excluding_selected,36,60,24,0.01709088648863603,0.030281936528216424,0.020794361377001528,0.05058037193309043,0.04877426477372637,0.5618055555555556
3,5,1,U,xvector,including_selected,60,60,24,0.011866172781307084,0.030574783183651477,0.01855892983351128,0.0486473030857289,0.04877426477372637,0.49583333333333335
3,5,1,U,xvector,excluding_selected,36,60,24,0.01977695463551181,0.030574783183651477,0.022277068585956954,0.0486473030857289,0.04877426477372637,0.49583333333333335
3,5,2,C,xvector,including_selected,60,60,24,0.010880846962736678,0.030816700980057954,0.019615821460763714,0.05187873080587041,0.04877426477372637,0.6138888888888889
3,5,2,C,xvector,excluding_selected,36,60,24,0.018134744937894465,0.030816700980057954,0.021589744147277115,0.05187873080587041,0.04877426477372637,0.6138888888888889
3,5,2,R,xvector,including_selected,60,60,24,0.010254531893181618,0.030281936528216424,0.01874400508897029,0.05058037193309043,0.04877426477372637,0.5618055555555556
3,5,2,R,xvector,excluding_selected,36,60,24,0.01709088648863603,0.030281936528216424,0.020794361377001528,0.05058037193309043,0.04877426477372637,0.5618055555555556
3,5,2,U,xvector,including_selected,60,60,24,0.011538573792825708,0.03173593954087628,0.01903243773175857,0.048639399396016435,0.04877426477372637,0.4916666666666667
3,5,2,U,xvector,excluding_selected,36,60,24,0.01923095632137618,0.03173593954087628,0.022167108877999088,0.048639399396016435,0.04877426477372637,0.4916666666666667
4,0,0,C,ecapa,including_selected,61,61,24,0.3444874176203359,0.6735541934821914,0.5796310038500077,0.8523370296835994,0.8344122279686593,0.6577868852459017
4,0,0,C,ecapa,excluding_selected,37,61,24,0.5679387155362295,0.6735541934821914,0.6411333960079072,0.8523370296835994,0.8344122279686593,0.6577868852459017
4,0,0,R,ecapa,including_selected,61,61,24,0.3206418212372956,0.6588576715035996,0.5584786628201381,0.8453139365261357,0.8344122279686593,0.5614754098360656
4,0,0,R,ecapa,excluding_selected,37,61,24,0.5286257052831091,0.6588576715035996,0.6272505221858578,0.8453139365261357,0.8344122279686593,0.5614754098360656
4,0,0,U,ecapa,including_selected,61,61,24,0.3549897922522326,0.7569999616024707,0.5645506960763335,0.8356024231242051,0.8344122279686593,0.5403005464480873
4,0,0,U,ecapa,excluding_selected,37,61,24,0.5852534412807078,0.7569999616024707,0.6478600985029351,0.8356024231242051,0.8344122279686593,0.5403005464480873
4,0,1,C,ecapa,including_selected,61,61,24,0.3444874176203359,0.6735541934821914,0.5796310038500077,0.8523370296835994,0.8344122279686593,0.6577868852459017
4,0,1,C,ecapa,excluding_selected,37,61,24,0.5679387155362295,0.6735541934821914,0.6411333960079072,0.8523370296835994,0.8344122279686593,0.6577868852459017
4,0,1,R,ecapa,including_selected,61,61,24,0.3206418212372956,0.6588576715035996,0.5584786628201381,0.8453139365261357,0.8344122279686593,0.5614754098360656
4,0,1,R,ecapa,excluding_selected,37,61,24,0.5286257052831091,0.6588576715035996,0.6272505221858578,0.8453139365261357,0.8344122279686593,0.5614754098360656
4,0,1,U,ecapa,including_selected,61,61,24,0.34888391281648246,0.7862575830366508,0.5491545934750939,0.829025763809438,0.8344122279686593,0.43169398907103823
4,0,1,U,ecapa,excluding_selected,37,61,24,0.5751869914001467,0.7862575830366508,0.6375357693555755,0.829025763809438,0.8344122279686593,0.43169398907103823
4,0,2,C,ecapa,including_selected,61,61,24,0.3444874176203359,0.6735541934821914,0.5796310038500077,0.8523370296835994,0.8344122279686593,0.6577868852459017
4,0,2,C,ecapa,excluding_selected,37,61,24,0.5679387155362295,0.6735541934821914,0.6411333960079072,0.8523370296835994,0.8344122279686593,0.6577868852459017
4,0,2,R,ecapa,including_selected,61,61,24,0.3206418212372956,0.6588576715035996,0.5584786628201381,0.8453139365261357,0.8344122279686593,0.5614754098360656
4,0,2,R,ecapa,excluding_selected,37,61,24,0.5286257052831091,0.6588576715035996,0.6272505221858578,0.8453139365261357,0.8344122279686593,0.5614754098360656
4,0,2,U,ecapa,including_selected,61,61,24,0.36683525721705845,0.7682293724210048,0.5537887021251475,0.8337858245206377,0.8344122279686593,0.4863387978142077
4,0,2,U,ecapa,excluding_selected,37,61,24,0.6047824510875828,0.7682293724210048,0.6603297057120059,0.8337858245206377,0.8344122279686593,0.4863387978142077
4,0,0,C,xvector,including_selected,61,61,24,0.011967122351922271,0.0317567338501088,0.020192191293555827,0.05190987915486134,0.04934211183206618,0.6099726775956285
4,0,0,C,xvector,excluding_selected,37,61,24,0.01972958009370969,0.0317567338501088,0.02267593337126748,0.05190987915486134,0.04934211183206618,0.6099726775956285
4,0,0,R,xvector,including_selected,61,61,24,0.010607320556736742,0.025700773002610422,0.018854811966625782,0.05028899938467047,0.04934211183206618,0.5307377049180327
4,0,0,R,xvector,excluding_selected,37,61,24,0.01748774470164706,0.025700773002610422,0.020952563620359202,0.05028899938467047,0.04934211183206618,0.5307377049180327
4,0,0,U,xvector,including_selected,61,61,24,0.011670452981742676,0.02777698382332039,0.019319344358384,0.05201129509282006,0.04934211183206618,0.592896174863388
4,0,0,U,xvector,excluding_selected,37,61,24,0.019240476537467657,0.02777698382332039,0.02236913542115953,0.05201129509282006,0.04934211183206618,0.592896174863388
4,0,1,C,xvector,including_selected,61,61,24,0.011967122351922271,0.0317567338501088,0.020192191293555827,0.05190987915486134,0.04934211183206618,0.6099726775956285
4,0,1,C,xvector,excluding_selected,37,61,24,0.01972958009370969,0.0317567338501088,0.02267593337126748,0.05190987915486134,0.04934211183206618,0.6099726775956285
4,0,1,R,xvector,including_selected,61,61,24,0.010607320556736742,0.025700773002610422,0.018854811966625782,0.05028899938467047,0.04934211183206618,0.5307377049180327
4,0,1,R,xvector,excluding_selected,37,61,24,0.01748774470164706,0.025700773002610422,0.020952563620359202,0.05028899938467047,0.04934211183206618,0.5307377049180327
4,0,1,U,xvector,including_selected,61,61,24,0.012345585277586488,0.034149007945105,0.019333071311281487,0.047690697714430214,0.04934211183206618,0.4275956284153006
4,0,1,U,xvector,excluding_selected,37,61,24,0.020353532484669614,0.034149007945105,0.02330056774090071,0.047690697714430214,0.04934211183206618,0.4275956284153006
4,0,2,C,xvector,including_selected,61,61,24,0.011967122351922271,0.0317567338501088,0.020192191293555827,0.05190987915486134,0.04934211183206618,0.6099726775956285
4,0,2,C,xvector,excluding_selected,37,61,24,0.01972958009370969,0.0317567338501088,0.02267593337126748,0.05190987915486134,0.04934211183206618,0.6099726775956285
4,0,2,R,xvector,including_selected,61,61,24,0.010607320556736742,0.025700773002610422,0.018854811966625782,0.05028899938467047,0.04934211183206618,0.5307377049180327
4,0,2,R,xvector,excluding_selected,37,61,24,0.01748774470164706,0.025700773002610422,0.020952563620359202,0.05028899938467047,0.04934211183206618,0.5307377049180327
4,0,2,U,xvector,including_selected,61,61,24,0.012410575852208063,0.0317567338501088,0.018923061440597397,0.05048571951724784,0.04934211183206618,0.5744535519125683
4,0,2,U,xvector,excluding_selected,37,61,24,0.020460679107694373,0.0317567338501088,0.022625342638013426,0.05048571951724784,0.04934211183206618,0.5744535519125683
4,1,0,C,ecapa,including_selected,60,60,24,0.32848597047739525,0.6591753140461304,0.5633625752815019,0.8476830284130846,0.8273707080432025,0.6722222222222222
4,1,0,C,ecapa,excluding_selected,36,60,24,0.5474766174623255,0.6591753140461304,0.618587120225625,0.8476830284130846,0.8273707080432025,0.6722222222222222
4,1,0,R,ecapa,including_selected,60,60,24,0.3112388221576749,0.6575311203113481,0.539423532958855,0.8315048816489989,0.8273707080432025,0.5354166666666668
4,1,0,R,ecapa,excluding_selected,36,60,24,0.5187313702627915,0.6575311203113481,0.602044508906834,0.8315048816489989,0.8273707080432025,0.5354166666666668
4,1,0,U,ecapa,including_selected,60,60,24,0.33119405763131954,0.7672753353566433,0.547210563511545,0.835304098192969,0.8273707080432025,0.5673611111111111
4,1,0,U,ecapa,excluding_selected,36,60,24,0.5519900960521993,0.7672753353566433,0.628781575652899,0.835304098192969,0.8273707080432025,0.5673611111111111
4,1,1,C,ecapa,including_selected,60,60,24,0.32848597047739525,0.6591753140461304,0.5633625752815019,0.8476830284130846,0.8273707080432025,0.6722222222222222
4,1,1,C,ecapa,excluding_selected,36,60,24,0.5474766174623255,0.6591753140461304,0.618587120225625,0.8476830284130846,0.8273707080432025,0.6722222222222222
4,1,1,R,ecapa,including_selected,60,60,24,0.3112388221576749,0.6575311203113481,0.539423532958855,0.8315048816489989,0.8273707080432025,0.5354166666666668
4,1,1,R,ecapa,excluding_selected,36,60,24,0.5187313702627915,0.6575311203113481,0.602044508906834,0.8315048816489989,0.8273707080432025,0.5354166666666668
4,1,1,U,ecapa,including_selected,60,60,24,0.3345215428616397,0.7425518786616412,0.5409080222815172,0.8289226600767297,0.8273707080432025,0.5111111111111111
4,1,1,U,ecapa,excluding_selected,36,60,24,0.5575359047693995,0.7425518786616412,0.624724709741008,0.8289226600767297,0.8273707080432025,0.5111111111111111
4,1,2,C,ecapa,including_selected,60,60,24,0.32848597047739525,0.6591753140461304,0.5633625752815019,0.8476830284130846,0.8273707080432025,0.6722222222222222
4,1,2,C,ecapa,excluding_selected,36,60,24,0.5474766174623255,0.6591753140461304,0.618587120225625,0.8476830284130846,0.8273707080432025,0.6722222222222222
4,1,2,R,ecapa,including_selected,60,60,24,0.3112388221576749,0.6575311203113481,0.539423532958855,0.8315048816489989,0.8273707080432025,0.5354166666666668
4,1,2,R,ecapa,excluding_selected,36,60,24,0.5187313702627915,0.6575311203113481,0.602044508906834,0.8315048816489989,0.8273707080432025,0.5354166666666668
4,1,2,U,ecapa,including_selected,60,60,24,0.34319726357421154,0.7709243671347842,0.542594152788145,0.8216663945488675,0.8273707080432025,0.4826388888888889
4,1,2,U,ecapa,excluding_selected,36,60,24,0.5719954392903526,0.7709243671347842,0.6285002506531001,0.8216663945488675,0.8273707080432025,0.4826388888888889
4,1,0,C,xvector,including_selected,60,60,24,0.010453792020886506,0.025576209631388513,0.017990846559635648,0.04726522283035418,0.04579762286410576,0.5534722222222221
4,1,0,C,xvector,excluding_selected,36,60,24,0.01742298670147751,0.025576209631388513,0.02007109483002089,0.04726522283035418,0.04579762286410576,0.5534722222222221
4,1,0,R,xvector,including_selected,60,60,24,0.009650270807657168,0.028847913353919563,0.016920974539293913,0.04545883539053697,0.04579762286410576,0.4979166666666666
4,1,0,R,xvector,excluding_selected,36,60,24,0.01608378467942861,0.028847913353919563,0.01914871328687941,0.04545883539053697,0.04579762286410576,0.4979166666666666
4,1,0,U,xvector,including_selected,60,60,24,0.010416875943601519,0.03462212271458087,0.017685532396713357,0.046363711046888544,0.04579762286410576,0.5041666666666668
4,1,0,U,xvector,excluding_selected,36,60,24,0.017361459906002533,0.03462212271458087,0.020359080331738513,0.046363711046888544,0.04579762286410576,0.5041666666666668
4,1,1,C,xvector,including_selected,60,60,24,0.010453792020886506,0.025576209631388513,0.017990846559635648,0.04726522283035418,0.04579762286410576,0.5534722222222221
4,1,1,C,xvector,excluding_selected,36,60,24,0.01742298670147751,0.025576209631388513,0.02007109483002089,0.04726522283035418,0.04579762286410576,0.5534722222222221
4,1,1,R,xvector,including_selected,60,60,24,0.009650270807657168,0.028847913353919563,0.016920974539293913,0.04545883539053697,0.04579762286410576,0.4979166666666666
4,1,1,R,xvector,excluding_selected,36,60,24,0.01608378467942861,0.028847913353919563,0.01914871328687941,0.04545883539053697,0.04579762286410576,0.4979166666666666
4,1,1,U,xvector,including_selected,60,60,24,0.01073013877616469,0.02682833409486518,0.017204570322614875,0.04426745219515268,0.04579762286410576,0.4048611111111111
4,1,1,U,xvector,excluding_selected,36,60,24,0.01788356462694115,0.02682833409486518,0.020260132043165797,0.04426745219515268,0.04579762286410576,0.4048611111111111
4,1,2,C,xvector,including_selected,60,60,24,0.010453792020886506,0.025576209631388513,0.017990846559635648,0.04726522283035418,0.04579762286410576,0.5534722222222221
4,1,2,C,xvector,excluding_selected,36,60,24,0.01742298670147751,0.025576209631388513,0.02007109483002089,0.04726522283035418,0.04579762286410576,0.5534722222222221
4,1,2,R,xvector,including_selected,60,60,24,0.009650270807657168,0.028847913353919563,0.016920974539293913,0.04545883539053697,0.04579762286410576,0.4979166666666666
4,1,2,R,xvector,excluding_selected,36,60,24,0.01608378467942861,0.028847913353919563,0.01914871328687941,0.04545883539053697,0.04579762286410576,0.4979166666666666
4,1,2,U,xvector,including_selected,60,60,24,0.010657310475268668,0.028464513568325245,0.01733273816072584,0.043696091285289486,0.04579762286410576,0.40277777777777773
4,1,2,U,xvector,excluding_selected,36,60,24,0.01776218412544778,0.028464513568325245,0.02021858947062444,0.043696091285289486,0.04579762286410576,0.40277777777777773
4,2,0,C,ecapa,including_selected,64,64,24,0.3537776500598463,0.7028040820577204,0.5832525175800819,0.856535875477824,0.8329222336579714,0.6881510416666666
4,2,0,C,ecapa,excluding_selected,40,64,24,0.5660442400957539,0.7028040820577204,0.6389996955097063,0.856535875477824,0.8329222336579714,0.6881510416666666
4,2,0,R,ecapa,including_selected,64,64,24,0.33110048994374924,0.6249099505988404,0.5490947796525355,0.8332292962982256,0.8329222336579714,0.482421875
4,2,0,R,ecapa,excluding_selected,40,64,24,0.5297607839099989,0.6249099505988404,0.6176790643346912,0.8332292962982256,0.8329222336579714,0.482421875
4,2,0,U,ecapa,including_selected,64,64,24,0.3740497179293745,0.7680093188512612,0.558713606688899,0.8315069216787602,0.8329222336579714,0.49609375
4,2,0,U,ecapa,excluding_selected,40,64,24,0.5984795486869993,0.7680093188512612,0.6503200706329917,0.8315069216787602,0.8329222336579714,0.49609375
4,2,1,C,ecapa,including_selected,64,64,24,0.3537776500598463,0.7028040820577204,0.5832525175800819,0.856535875477824,0.8329222336579714,0.6881510416666666
4,2,1,C,ecapa,excluding_selected,40,64,24,0.5660442400957539,0.7028040820577204,0.6389996955097063,0.856535875477824,0.8329222336579714,0.6881510416666666
4,2,1,R,ecapa,including_selected,64,64,24,0.33110048994374924,0.6249099505988404,0.5490947796525355,0.8332292962982256,0.8329222336579714,0.482421875
4,2,1,R,ecapa,excluding_selected,40,64,24,0.5297607839099989,0.6249099505988404,0.6176790643346912,0.8332292962982256,0.8329222336579714,0.482421875
4,2,1,U,ecapa,including_selected,64,64,24,0.3671865642399686,0.7406107299029667,0.5622928877754271,0.8382518647288313,0.8329222336579714,0.54296875
4,2,1,U,ecapa,excluding_selected,40,64,24,0.5874985027839497,0.7406107299029667,0.6472596644772038,0.8382518647288313,0.8329222336579714,0.54296875
4,2,2,C,ecapa,including_selected,64,64,24,0.3537776500598463,0.7028040820577204,0.5832525175800819,0.856535875477824,0.8329222336579714,0.6881510416666666
4,2,2,C,ecapa,excluding_selected,40,64,24,0.5660442400957539,0.7028040820577204,0.6389996955097063,0.856535875477824,0.8329222336579714,0.6881510416666666
4,2,2,R,ecapa,including_selected,64,64,24,0.33110048994374924,0.6249099505988404,0.5490947796525355,0.8332292962982256,0.8329222336579714,0.482421875
4,2,2,R,ecapa,excluding_selected,40,64,24,0.5297607839099989,0.6249099505988404,0.6176790643346912,0.8332292962982256,0.8329222336579714,0.482421875
4,2,2,U,ecapa,including_selected,64,64,24,0.3672139819820772,0.7935697023284206,0.5649071732659089,0.828840804355817,0.8329222336579714,0.4856770833333333
4,2,2,U,ecapa,excluding_selected,40,64,24,0.5875423711713235,0.7935697023284206,0.6479851912722048,0.828840804355817,0.8329222336579714,0.4856770833333333
4,2,0,C,xvector,including_selected,64,64,24,0.011088564277155622,0.026811317589226835,0.018469285604521064,0.04909096895172375,0.046780429163136086,0.587890625
4,2,0,C,xvector,excluding_selected,40,64,24,0.017741702843448996,0.026811317589226835,0.020620001470276917,0.04909096895172375,0.046780429163136086,0.587890625
4,2,0,R,xvector,including_selected,64,64,24,0.010931552304557102,0.026809723109549877,0.017466699610382233,0.04702342588260592,0.046780429163136086,0.515625
4,2,0,R,xvector,excluding_selected,40,64,24,0.017490483687291364,0.026809723109549877,0.01998201692597207,0.04702342588260592,0.046780429163136086,0.515625
4,2,0,U,xvector,including_selected,64,64,24,0.011559083148412003,0.03138921846504905,0.01785258033747609,0.04685238241707631,0.046780429163136086,0.4954427083333333
4,2,0,U,xvector,excluding_selected,40,64,24,0.018494533037459203,0.03138921846504905,0.0208585096110548,0.04685238241707631,0.046780429163136086,0.4954427083333333
4,2,1,C,xvector,including_selected,64,64,24,0.011088564277155622,0.026811317589226835,0.018469285604521064,0.04909096895172375,0.046780429163136086,0.587890625
4,2,1,C,xvector,excluding_selected,40,64,24,0.017741702843448996,0.026811317589226835,0.020620001470276917,0.04909096895172375,0.046780429163136086,0.587890625
4,2,1,R,xvector,including_selected,64,64,24,0.010931552304557102,0.026809723109549877,0.017466699610382233,0.04702342588260592,0.046780429163136086,0.515625
4,2,1,R,xvector,excluding_selected,40,64,24,0.017490483687291364,0.026809723109549877,0.01998201692597207,0.04702342588260592,0.046780429163136086,0.515625
4,2,1,U,xvector,including_selected,64,64,24,0.011991537603806765,0.0367818649553191,0.01832767705819059,0.046376595571241575,0.046780429163136086,0.5013020833333334
4,2,1,U,xvector,excluding_selected,40,64,24,0.019186460166090824,0.0367818649553191,0.021377511926982107,0.046376595571241575,0.046780429163136086,0.5013020833333334
4,2,2,C,xvector,including_selected,64,64,24,0.011088564277155622,0.026811317589226835,0.018469285604521064,0.04909096895172375,0.046780429163136086,0.587890625
4,2,2,C,xvector,excluding_selected,40,64,24,0.017741702843448996,0.026811317589226835,0.020620001470276917,0.04909096895172375,0.046780429163136086,0.587890625
4,2,2,R,xvector,including_selected,64,64,24,0.010931552304557102,0.026809723109549877,0.017466699610382233,0.04702342588260592,0.046780429163136086,0.515625
4,2,2,R,xvector,excluding_selected,40,64,24,0.017490483687291364,0.026809723109549877,0.01998201692597207,0.04702342588260592,0.046780429163136086,0.515625
4,2,2,U,xvector,including_selected,64,64,24,0.011413023615993119,0.025753062104947988,0.018225221583452248,0.04681994594277707,0.046780429163136086,0.4772135416666667
4,2,2,U,xvector,excluding_selected,40,64,24,0.01826083778558899,0.025753062104947988,0.020790015660497915,0.04681994594277707,0.046780429163136086,0.4772135416666667
4,3,0,C,ecapa,including_selected,62,62,24,0.34949085766573174,0.6974791726627614,0.5913110796341418,0.862052253741076,0.8389713849805097,0.698252688172043
4,3,0,C,ecapa,excluding_selected,38,62,24,0.5702219256651413,0.6974791726627614,0.6450617198549697,0.862052253741076,0.8389713849805097,0.698252688172043
4,3,0,R,ecapa,including_selected,62,62,24,0.3228120701208432,0.6621689330877886,0.5594798462082418,0.8452008544900819,0.8389713849805097,0.5342741935483871
4,3,0,R,ecapa,excluding_selected,38,62,24,0.5266933775655861,0.6621689330877886,0.625220397452765,0.8452008544900819,0.8389713849805097,0.5342741935483871
4,3,0,U,ecapa,including_selected,62,62,24,0.36134294314449883,0.7855679510839332,0.570458972140982,0.8452105413349682,0.8389713849805097,0.5544354838709676
4,3,0,U,ecapa,excluding_selected,38,62,24,0.5895595388147088,0.7855679510839332,0.6512439074029857,0.8452105413349682,0.8389713849805097,0.5544354838709676
4,3,1,C,ecapa,including_selected,62,62,24,0.34949085766573174,0.6974791726627614,0.5913110796341418,0.862052253741076,0.8389713849805097,0.698252688172043
4,3,1,C,ecapa,excluding_selected,38,62,24,0.5702219256651413,0.6974791726627614,0.6450617198549697,0.862052253741076,0.8389713849805097,0.698252688172043
4,3,1,R,ecapa,including_selected,62,62,24,0.3228120701208432,0.6621689330877886,0.5594798462082418,0.8452008544900819,0.8389713849805097,0.5342741935483871
4,3,1,R,ecapa,excluding_selected,38,62,24,0.5266933775655861,0.6621689330877886,0.625220397452765,0.8452008544900819,0.8389713849805097,0.5342741935483871
4,3,1,U,ecapa,including_selected,62,62,24,0.35049334927596887,0.7785689204795094,0.5546488236137352,0.8448045174931179,0.8389713849805097,0.5416666666666666
4,3,1,U,ecapa,excluding_selected,38,62,24,0.5718575698713178,0.7785689204795094,0.6375159646964679,0.8448045174931179,0.8389713849805097,0.5416666666666666
4,3,2,C,ecapa,including_selected,62,62,24,0.34949085766573174,0.6974791726627614,0.5913110796341418,0.862052253741076,0.8389713849805097,0.698252688172043
4,3,2,C,ecapa,excluding_selected,38,62,24,0.5702219256651413,0.6974791726627614,0.6450617198549697,0.862052253741076,0.8389713849805097,0.698252688172043
4,3,2,R,ecapa,including_selected,62,62,24,0.3228120701208432,0.6621689330877886,0.5594798462082418,0.8452008544900819,0.8389713849805097,0.5342741935483871
4,3,2,R,ecapa,excluding_selected,38,62,24,0.5266933775655861,0.6621689330877886,0.625220397452765,0.8452008544900819,0.8389713849805097,0.5342741935483871
4,3,2,U,ecapa,including_selected,62,62,24,0.3588237545973087,0.7966939748867639,0.5583274096387408,0.8355935186971051,0.8389713849805097,0.4543010752688172
4,3,2,U,ecapa,excluding_selected,38,62,24,0.5854492838166616,0.7966939748867639,0.6556530789379849,0.8355935186971051,0.8389713849805097,0.4543010752688172
4,3,0,C,xvector,including_selected,62,62,24,0.012621631508820431,0.03109131368108653,0.02091189054326425,0.05226709907825313,0.049227691765581734,0.6243279569892474
4,3,0,C,xvector,excluding_selected,38,62,24,0.020593188251233335,0.03109131368108653,0.023270658998621355,0.05226709907825313,0.049227691765581734,0.6243279569892474
4,3,0,R,xvector,including_selected,62,62,24,0.011861309802601128,0.037256279839198214,0.019263357143021062,0.048162349960151785,0.049227691765581734,0.4576612903225807
4,3,0,R,xvector,excluding_selected,38,62,24,0.019352663362138683,0.037256279839198214,0.022337574408532655,0.048162349960151785,0.049227691765581734,0.4576612903225807
4,3,0,U,xvector,including_selected,62,62,24,0.01288532918946875,0.031914967180198595,0.020068605723900776,0.050264830902034964,0.049227691765581734,0.5450268817204301
4,3,0,U,xvector,excluding_selected,38,62,24,0.021023431835449014,0.031914967180198595,0.023474524409263217,0.050264830902034964,0.049227691765581734,0.5450268817204301
4,3,1,C,xvector,including_selected,62,62,24,0.012621631508820431,0.03109131368108653,0.02091189054326425,0.05226709907825313,0.049227691765581734,0.6243279569892474
4,3,1,C,xvector,excluding_selected,38,62,24,0.020593188251233335,0.03109131368108653,0.023270658998621355,0.05226709907825313,0.049227691765581734,0.6243279569892474
4,3,1,R,xvector,including_selected,62,62,24,0.011861309802601128,0.037256279839198214,0.019263357143021062,0.048162349960151785,0.049227691765581734,0.4576612903225807
4,3,1,R,xvector,excluding_selected,38,62,24,0.019352663362138683,0.037256279839198214,0.022337574408532655,0.048162349960151785,0.049227691765581734,0.4576612903225807
4,3,1,U,xvector,including_selected,62,62,24,0.012132202361806347,0.03179521588605272,0.019421301075742175,0.050208890355670534,0.049227691765581734,0.551747311827957
4,3,1,U,xvector,excluding_selected,38,62,24,0.019794645958736673,0.03179521588605272,0.022505511176425838,0.050208890355670534,0.049227691765581734,0.551747311827957
4,3,2,C,xvector,including_selected,62,62,24,0.012621631508820431,0.03109131368108653,0.02091189054326425,0.05226709907825313,0.049227691765581734,0.6243279569892474
4,3,2,C,xvector,excluding_selected,38,62,24,0.020593188251233335,0.03109131368108653,0.023270658998621355,0.05226709907825313,0.049227691765581734,0.6243279569892474
4,3,2,R,xvector,including_selected,62,62,24,0.011861309802601128,0.037256279839198214,0.019263357143021062,0.048162349960151785,0.049227691765581734,0.4576612903225807
4,3,2,R,xvector,excluding_selected,38,62,24,0.019352663362138683,0.037256279839198214,0.022337574408532655,0.048162349960151785,0.049227691765581734,0.4576612903225807
4,3,2,U,xvector,including_selected,62,62,24,0.01254816002787755,0.03839443941171261,0.019694389900436076,0.04718692495026779,0.049227691765581734,0.4280913978494623
4,3,2,U,xvector,excluding_selected,38,62,24,0.02047331372969495,0.03839443941171261,0.02345862448988768,0.04718692495026779,0.049227691765581734,0.4280913978494623
4,4,0,C,ecapa,including_selected,60,60,24,0.34887540830995495,0.7071507848514103,0.5862074252597658,0.8571469040415008,0.8369557743910171,0.6840277777777777
4,4,0,C,ecapa,excluding_selected,36,60,24,0.5814590138499249,0.7071507848514103,0.6515230902930566,0.8571469040415008,0.8369557743910171,0.6840277777777777
4,4,0,R,ecapa,including_selected,60,60,24,0.31020947628781115,0.6420976267932192,0.544319703561625,0.837135716580527,0.8369557743910171,0.4756944444444444
4,4,0,R,ecapa,excluding_selected,36,60,24,0.5170157938130187,0.6420976267932192,0.613428812836235,0.837135716580527,0.8369557743910171,0.4756944444444444
4,4,0,U,ecapa,including_selected,60,60,24,0.3422579825340925,0.7387625917470421,0.5533532366713991,0.842140249118625,0.8369557743910171,0.5451388888888888
4,4,0,U,ecapa,excluding_selected,36,60,24,0.5704299708901543,0.7387625917470421,0.6400965935933077,0.842140249118625,0.8369557743910171,0.5451388888888888
4,4,1,C,ecapa,including_selected,60,60,24,0.34887540830995495,0.7071507848514103,0.5862074252597658,0.8571469040415008,0.8369557743910171,0.6840277777777777
4,4,1,C,ecapa,excluding_selected,36,60,24,0.5814590138499249,0.7071507848514103,0.6515230902930566,0.8571469040415008,0.8369557743910171,0.6840277777777777
4,4,1,R,ecapa,including_selected,60,60,24,0.31020947628781115,0.6420976267932192,0.544319703561625,0.837135716580527,0.8369557743910171,0.4756944444444444
4,4,1,R,ecapa,excluding_selected,36,60,24,0.5170157938130187,0.6420976267932192,0.613428812836235,0.837135716580527,0.8369557743910171,0.4756944444444444
4,4,1,U,ecapa,including_selected,60,60,24,0.3403813138923507,0.7674403844099835,0.5528733459257066,0.833720716047312,0.8369557743910171,0.4819444444444445
4,4,1,U,ecapa,excluding_selected,36,60,24,0.5673021898205846,0.7674403844099835,0.6384420390398641,0.833720716047312,0.8369557743910171,0.4819444444444445
4,4,2,C,ecapa,including_selected,60,60,24,0.34887540830995495,0.7071507848514103,0.5862074252597658,0.8571469040415008,0.8369557743910171,0.6840277777777777
4,4,2,C,ecapa,excluding_selected,36,60,24,0.5814590138499249,0.7071507848514103,0.6515230902930566,0.8571469040415008,0.8369557743910171,0.6840277777777777
4,4,2,R,ecapa,including_selected,60,60,24,0.31020947628781115,0.6420976267932192,0.544319703561625,0.837135716580527,0.8369557743910171,0.4756944444444444
4,4,2,R,ecapa,excluding_selected,36,60,24,0.5170157938130187,0.6420976267932192,0.613428812836235,0.837135716580527,0.8369557743910171,0.4756944444444444
4,4,2,U,ecapa,including_selected,60,60,24,0.34611672801317234,0.7894088323904536,0.565950906409445,0.8485565693290053,0.8369557743910171,0.5958333333333333
4,4,2,U,ecapa,excluding_selected,36,60,24,0.5768612133552872,0.7894088323904536,0.6479154520047904,0.8485565693290053,0.8369557743910171,0.5958333333333333
4,4,0,C,xvector,including_selected,60,60,24,0.011774219225300519,0.030591908431992332,0.01950192166703022,0.05009205071922932,0.04809728775820057,0.6041666666666666
4,4,0,C,xvector,excluding_selected,36,60,24,0.019623698708834195,0.030591908431992332,0.022152021245850865,0.05009205071922932,0.04809728775820057,0.6041666666666666
4,4,0,R,xvector,including_selected,60,60,24,0.01077739632612631,0.030591908431992332,0.018073709045684835,0.04735819298276222,0.04809728775820057,0.46875
4,4,0,R,xvector,excluding_selected,36,60,24,0.017962327210210516,0.030591908431992332,0.020916572082593763,0.04735819298276222,0.04809728775820057,0.46875
4,4,0,U,xvector,including_selected,60,60,24,0.011845290545189985,0.041211446502228855,0.018346621172629137,0.048845444994040234,0.04809728775820057,0.5430555555555555
4,4,0,U,xvector,excluding_selected,36,60,24,0.019742150908649975,0.041211446502228855,0.021970535848122922,0.048845444994040234,0.04809728775820057,0.5430555555555555
4,4,1,C,xvector,including_selected,60,60,24,0.011774219225300519,0.030591908431992332,0.01950192166703022,0.05009205071922932,0.04809728775820057,0.6041666666666666
4,4,1,C,xvector,excluding_selected,36,60,24,0.019623698708834195,0.030591908431992332,0.022152021245850865,0.05009205071922932,0.04809728775820057,0.6041666666666666
4,4,1,R,xvector,including_selected,60,60,24,0.01077739632612631,0.030591908431992332,0.018073709045684835,0.04735819298276222,0.04809728775820057,0.46875
4,4,1,R,xvector,excluding_selected,36,60,24,0.017962327210210516,0.030591908431992332,0.020916572082593763,0.04735819298276222,0.04809728775820057,0.46875
4,4,1,U,xvector,including_selected,60,60,24,0.011002684348779452,0.03169207257020701,0.01853767673177021,0.0474456336005293,0.04809728775820057,0.4666666666666666
4,4,1,U,xvector,excluding_selected,36,60,24,0.018337807247965753,0.03169207257020701,0.021621191140268222,0.0474456336005293,0.04809728775820057,0.4666666666666666
4,4,2,C,xvector,including_selected,60,60,24,0.011774219225300519,0.030591908431992332,0.01950192166703022,0.05009205071922932,0.04809728775820057,0.6041666666666666
4,4,2,C,xvector,excluding_selected,36,60,24,0.019623698708834195,0.030591908431992332,0.022152021245850865,0.05009205071922932,0.04809728775820057,0.6041666666666666
4,4,2,R,xvector,including_selected,60,60,24,0.01077739632612631,0.030591908431992332,0.018073709045684835,0.04735819298276222,0.04809728775820057,0.46875
4,4,2,R,xvector,excluding_selected,36,60,24,0.017962327210210516,0.030591908431992332,0.020916572082593763,0.04735819298276222,0.04809728775820057,0.46875
4,4,2,U,xvector,including_selected,60,60,24,0.011522134745738545,0.02955835161537701,0.019196540357889605,0.04830431600598958,0.04809728775820057,0.49652777777777773
4,4,2,U,xvector,excluding_selected,36,60,24,0.019203557909564243,0.02955835161537701,0.021988463930662606,0.04830431600598958,0.04809728775820057,0.49652777777777773
4,5,0,C,ecapa,including_selected,59,59,24,0.3431374981150823,0.6816811453368293,0.5836864289174652,0.8571938087485936,0.8382593267662705,0.6836158192090395
4,5,0,C,ecapa,excluding_selected,35,59,24,0.578431782536853,0.6816811453368293,0.6519605352064894,0.8571938087485936,0.8382593267662705,0.6836158192090395
4,5,0,R,ecapa,including_selected,59,59,24,0.3171564221936661,0.685483436071746,0.5571489211242172,0.8434731438234389,0.8382593267662705,0.5324858757062146
4,5,0,R,ecapa,excluding_selected,35,59,24,0.5346351116978943,0.685483436071746,0.6303000982120657,0.8434731438234389,0.8382593267662705,0.5324858757062146
4,5,0,U,ecapa,including_selected,59,59,24,0.34627317977759914,0.7860022094661283,0.5541504991302185,0.8368259534147993,0.8382593267662705,0.4922316384180791
4,5,0,U,ecapa,excluding_selected,35,59,24,0.58371764591081,0.7860022094661283,0.645453273375732,0.8368259534147993,0.8382593267662705,0.4922316384180791
4,5,1,C,ecapa,including_selected,59,59,24,0.3431374981150823,0.6816811453368293,0.5836864289174652,0.8571938087485936,0.8382593267662705,0.6836158192090395
4,5,1,C,ecapa,excluding_selected,35,59,24,0.578431782536853,0.6816811453368293,0.6519605352064894,0.8571938087485936,0.8382593267662705,0.6836158192090395
4,5,1,R,ecapa,including_selected,59,59,24,0.3171564221936661,0.685483436071746,0.5571489211242172,0.8434731438234389,0.8382593267662705,0.5324858757062146
4,5,1,R,ecapa,excluding_selected,35,59,24,0.5346351116978943,0.685483436071746,0.6303000982120657,0.8434731438234389,0.8382593267662705,0.5324858757062146
4,5,1,U,ecapa,including_selected,59,59,24,0.35579881578894795,0.7302975293048145,0.5549018705476692,0.8302482393419903,0.8382593267662705,0.42937853107344637
4,5,1,U,ecapa,excluding_selected,35,59,24,0.5997751466156552,0.7302975293048145,0.6552161610058042,0.8302482393419903,0.8382593267662705,0.42937853107344637
4,5,2,C,ecapa,including_selected,59,59,24,0.3431374981150823,0.6816811453368293,0.5836864289174652,0.8571938087485936,0.8382593267662705,0.6836158192090395
4,5,2,C,ecapa,excluding_selected,35,59,24,0.578431782536853,0.6816811453368293,0.6519605352064894,0.8571938087485936,0.8382593267662705,0.6836158192090395
4,5,2,R,ecapa,including_selected,59,59,24,0.3171564221936661,0.685483436071746,0.5571489211242172,0.8434731438234389,0.8382593267662705,0.5324858757062146
4,5,2,R,ecapa,excluding_selected,35,59,24,0.5346351116978943,0.685483436071746,0.6303000982120657,0.8434731438234389,0.8382593267662705,0.5324858757062146
4,5,2,U,ecapa,including_selected,59,59,24,0.3566674060012565,0.7884175933845052,0.5548140695138655,0.8354205844766057,0.8382593267662705,0.46680790960451973
4,5,2,U,ecapa,excluding_selected,35,59,24,0.6012393415449752,0.7884175933845052,0.6497610652947504,0.8354205844766057,0.8382593267662705,0.46680790960451973
4,5,0,C,xvector,including_selected,59,59,24,0.011452196777636921,0.028395998079078,0.019167851448440434,0.05098005037737383,0.04815272785680642,0.6024011299435029
4,5,0,C,xvector,excluding_selected,35,59,24,0.01930513171087367,0.028395998079078,0.022018980714712835,0.05098005037737383,0.04815272785680642,0.6024011299435029
4,5,0,R,xvector,including_selected,59,59,24,0.010242780459580107,0.02991296125998133,0.018028504480619156,0.0482568085281657,0.04815272785680642,0.4872881355932203
4,5,0,R,xvector,excluding_selected,35,59,24,0.01726640134614932,0.02991296125998133,0.02056388424793748,0.0482568085281657,0.04815272785680642,0.4872881355932203
4,5,0,U,xvector,including_selected,59,59,24,0.010638424461622066,0.03599750998619933,0.018404143245623634,0.04838164105741599,0.04815272785680642,0.5204802259887006
4,5,0,U,xvector,excluding_selected,35,59,24,0.017933344092448626,0.03599750998619933,0.02136169505566229,0.04838164105741599,0.04815272785680642,0.5204802259887006
4,5,1,C,xvector,including_selected,59,59,24,0.011452196777636921,0.028395998079078,0.019167851448440434,0.05098005037737383,0.04815272785680642,0.6024011299435029
4,5,1,C,xvector,excluding_selected,35,59,24,0.01930513171087367,0.028395998079078,0.022018980714712835,0.05098005037737383,0.04815272785680642,0.6024011299435029
4,5,1,R,xvector,including_selected,59,59,24,0.010242780459580107,0.02991296125998133,0.018028504480619156,0.0482568085281657,0.04815272785680642,0.4872881355932203
4,5,1,R,xvector,excluding_selected,35,59,24,0.01726640134614932,0.02991296125998133,0.02056388424793748,0.0482568085281657,0.04815272785680642,0.4872881355932203
4,5,1,U,xvector,including_selected,59,59,24,0.011352887303386633,0.032070304377834535,0.01836589652402604,0.04912683648918691,0.04815272785680642,0.5550847457627118
4,5,1,U,xvector,excluding_selected,35,59,24,0.01913772431142318,0.032070304377834535,0.02146179784835738,0.04912683648918691,0.04815272785680642,0.5550847457627118
4,5,2,C,xvector,including_selected,59,59,24,0.011452196777636921,0.028395998079078,0.019167851448440434,0.05098005037737383,0.04815272785680642,0.6024011299435029
4,5,2,C,xvector,excluding_selected,35,59,24,0.01930513171087367,0.028395998079078,0.022018980714712835,0.05098005037737383,0.04815272785680642,0.6024011299435029
4,5,2,R,xvector,including_selected,59,59,24,0.010242780459580107,0.02991296125998133,0.018028504480619156,0.0482568085281657,0.04815272785680642,0.4872881355932203
4,5,2,R,xvector,excluding_selected,35,59,24,0.01726640134614932,0.02991296125998133,0.02056388424793748,0.0482568085281657,0.04815272785680642,0.4872881355932203
4,5,2,U,xvector,including_selected,59,59,24,0.011628299617753203,0.03254067481395895,0.018625518705006276,0.049467968833787505,0.04815272785680642,0.538135593220339
4,5,2,U,xvector,excluding_selected,35,59,24,0.019601990784212542,0.03254067481395895,0.02198986236152309,0.049467968833787505,0.04815272785680642,0.538135593220339
