fold,rotation,comparison,speaker,distance_rank_spearman,nn3_intersection_fraction,n_peer_people
0,0,ecapa_half4_vs_half4,1003,0.6025715955581531,0.6666666666666666,59
0,0,ecapa_half4_vs_half4,1004,0.6104617182933957,0.6666666666666666,59
0,0,ecapa_half4_vs_half4,1005,0.7030391583869082,0.6666666666666666,59
0,0,ecapa_half4_vs_half4,1007,0.6305669199298656,0.6666666666666666,59
0,0,ecapa_half4_vs_half4,1009,0.5045587375803624,0.3333333333333333,59
0,0,ecapa_half4_vs_half4,1012,0.739333722969024,0.3333333333333333,59
0,0,ecapa_half4_vs_half4,1014,0.6413208649912332,0.3333333333333333,59
0,0,ecapa_half4_vs_half4,1016,0.6065458796025716,0.6666666666666666,59
0,0,ecapa_half4_vs_half4,1018,0.6293980128579778,0.6666666666666666,59
0,0,ecapa_half4_vs_half4,1021,0.5686732904734073,0.6666666666666666,59
0,0,ecapa_half4_vs_half4,1022,0.7317358270017533,0.6666666666666666,59
0,0,ecapa_half4_vs_half4,1023,0.5408533021624781,0.3333333333333333,59
0,0,ecapa_half4_vs_half4,1024,0.5601987142022209,0.3333333333333333,59
0,0,ecapa_half4_vs_half4,1026,0.7461718293395675,0.3333333333333333,59
0,0,ecapa_half4_vs_half4,1027,0.7717124488603156,0.6666666666666666,59
0,0,ecapa_half4_vs_half4,1029,0.5602571595558153,0.3333333333333333,59
0,0,ecapa_half4_vs_half4,1031,0.5484511981297487,0.3333333333333333,59
0,0,ecapa_half4_vs_half4,1033,0.7099357101110462,0.3333333333333333,59
0,0,ecapa_half4_vs_half4,1035,0.6977206312098189,0.0,59
0,0,ecapa_half4_vs_half4,1036,0.4907071887784921,0.0,59
0,0,ecapa_half4_vs_half4,1037,0.657802454704851,0.3333333333333333,59
0,0,ecapa_half4_vs_half4,1039,0.7049094097019287,0.3333333333333333,59
0,0,ecapa_half4_vs_half4,1040,0.5966101694915255,0.6666666666666666,59
0,0,ecapa_half4_vs_half4,1041,0.6355347749853887,0.6666666666666666,59
0,0,ecapa_half4_vs_half4,1042,0.6646990064289889,0.6666666666666666,59
0,0,ecapa_half4_vs_half4,1044,0.7191116306253653,0.6666666666666666,59
0,0,ecapa_half4_vs_half4,1046,0.6565751022793688,0.6666666666666666,59
0,0,ecapa_half4_vs_half4,1048,0.5960257159555815,1.0,59
0,0,ecapa_half4_vs_half4,1049,0.7441846873173583,0.0,59
0,0,ecapa_half4_vs_half4,1050,0.656750438340152,0.3333333333333333,59
0,0,ecapa_half4_vs_half4,1051,0.7274108708357686,0.6666666666666666,59
0,0,ecapa_half4_vs_half4,1054,0.7922267679719462,0.3333333333333333,59
0,0,ecapa_half4_vs_half4,1055,0.6753360607831678,0.6666666666666666,59
0,0,ecapa_half4_vs_half4,1056,0.6579193454120398,0.6666666666666666,59
0,0,ecapa_half4_vs_half4,1057,0.46125073056691995,0.3333333333333333,59
0,0,ecapa_half4_vs_half4,1058,0.6753945061367621,0.6666666666666666,59
0,0,ecapa_half4_vs_half4,1060,0.6908240794856809,0.3333333333333333,59
0,0,ecapa_half4_vs_half4,1062,0.7278199883109293,0.6666666666666666,59
0,0,ecapa_half4_vs_half4,1063,0.7058445353594389,0.6666666666666666,59
0,0,ecapa_half4_vs_half4,1064,0.7257159555815312,0.6666666666666666,59
0,0,ecapa_half4_vs_half4,1065,0.8263588544710696,0.6666666666666666,59
0,0,ecapa_half4_vs_half4,1066,0.7762127410870836,0.3333333333333333,59
0,0,ecapa_half4_vs_half4,1067,0.5534774985388662,0.0,59
0,0,ecapa_half4_vs_half4,1069,0.5789012273524254,0.6666666666666666,59
0,0,ecapa_half4_vs_half4,1071,0.600759789596727,0.6666666666666666,59
0,0,ecapa_half4_vs_half4,1072,0.47679719462302744,0.6666666666666666,59
0,0,ecapa_half4_vs_half4,1073,0.6734073641145529,0.6666666666666666,59
0,0,ecapa_half4_vs_half4,1074,0.5987142022209234,0.6666666666666666,59
0,0,ecapa_half4_vs_half4,1075,0.7052016364699006,0.6666666666666666,59
0,0,ecapa_half4_vs_half4,1077,0.7655172413793103,0.3333333333333333,59
0,0,ecapa_half4_vs_half4,1078,0.6154295733489188,0.6666666666666666,59
0,0,ecapa_half4_vs_half4,1079,0.559906487434249,0.3333333333333333,59
0,0,ecapa_half4_vs_half4,1080,0.8064289888953828,0.3333333333333333,59
0,0,ecapa_half4_vs_half4,1081,0.6105786090005845,0.6666666666666666,59
0,0,ecapa_half4_vs_half4,1082,0.6799532437171245,0.3333333333333333,59
0,0,ecapa_half4_vs_half4,1083,0.6443600233781415,0.6666666666666666,59
0,0,ecapa_half4_vs_half4,1084,0.7600233781414377,0.3333333333333333,59
0,0,ecapa_half4_vs_half4,1088,0.6540035067212157,1.0,59
0,0,ecapa_half4_vs_half4,1090,0.511864406779661,0.3333333333333333,59
0,0,ecapa_half4_vs_half4,1091,0.6419637638807715,0.6666666666666666,59
0,0,xvector_half4_vs_half4,1003,0.9589129164231444,1.0,59
0,0,xvector_half4_vs_half4,1004,0.928521332554062,0.3333333333333333,59
0,0,xvector_half4_vs_half4,1005,0.9397428404441847,0.6666666666666666,59
0,0,xvector_half4_vs_half4,1007,0.8670368205727644,1.0,59
0,0,xvector_half4_vs_half4,1009,0.9496201052016364,0.6666666666666666,59
0,0,xvector_half4_vs_half4,1012,0.9417884278199883,0.6666666666666666,59
0,0,xvector_half4_vs_half4,1014,0.8569842197545295,0.6666666666666666,59
0,0,xvector_half4_vs_half4,1016,0.9367621274108708,0.6666666666666666,59
0,0,xvector_half4_vs_half4,1018,0.9083576855639977,1.0,59
0,0,xvector_half4_vs_half4,1021,0.9491525423728814,0.6666666666666666,59
0,0,xvector_half4_vs_half4,1022,0.9194623027469316,1.0,59
0,0,xvector_half4_vs_half4,1023,0.8715371127995324,0.6666666666666666,59
0,0,xvector_half4_vs_half4,1024,0.931385154880187,0.0,59
0,0,xvector_half4_vs_half4,1026,0.939041496201052,0.3333333333333333,59
0,0,xvector_half4_vs_half4,1027,0.8912331969608416,0.3333333333333333,59
0,0,xvector_half4_vs_half4,1029,0.9311513734658095,0.6666666666666666,59
0,0,xvector_half4_vs_half4,1031,0.9303915838690824,0.0,59
0,0,xvector_half4_vs_half4,1033,0.9443600233781414,0.0,59
0,0,xvector_half4_vs_half4,1035,0.9308007013442431,0.6666666666666666,59
0,0,xvector_half4_vs_half4,1036,0.9396259497369959,0.3333333333333333,59
0,0,xvector_half4_vs_half4,1037,0.9274693161893629,0.3333333333333333,59
0,0,xvector_half4_vs_half4,1039,0.9530099357101111,0.3333333333333333,59
0,0,xvector_half4_vs_half4,1040,0.8778492109877265,0.6666666666666666,59
0,0,xvector_half4_vs_half4,1041,0.9169491525423729,0.6666666666666666,59
0,0,xvector_half4_vs_half4,1042,0.9404441846873174,0.0,59
0,0,xvector_half4_vs_half4,1044,0.9482758620689655,0.6666666666666666,59
0,0,xvector_half4_vs_half4,1046,0.9617767387492694,0.6666666666666666,59
0,0,xvector_half4_vs_half4,1048,0.9452951490356517,0.6666666666666666,59
0,0,xvector_half4_vs_half4,1049,0.9218001168907072,0.0,59
0,0,xvector_half4_vs_half4,1050,0.9447691408533022,0.6666666666666666,59
0,0,xvector_half4_vs_half4,1051,0.9541788427819988,0.6666666666666666,59
0,0,xvector_half4_vs_half4,1054,0.9548801870251316,0.6666666666666666,59
0,0,xvector_half4_vs_half4,1055,0.9483343074225599,0.6666666666666666,59
0,0,xvector_half4_vs_half4,1056,0.8901811805961426,0.3333333333333333,59
0,0,xvector_half4_vs_half4,1057,0.9268848626534191,0.6666666666666666,59
0,0,xvector_half4_vs_half4,1058,0.9388077147866745,0.6666666666666666,59
0,0,xvector_half4_vs_half4,1060,0.9307422559906487,0.6666666666666666,59
0,0,xvector_half4_vs_half4,1062,0.9615429573348919,0.6666666666666666,59
0,0,xvector_half4_vs_half4,1063,0.9590882524839275,1.0,59
0,0,xvector_half4_vs_half4,1064,0.924313267095266,0.6666666666666666,59
0,0,xvector_half4_vs_half4,1065,0.921624780829924,0.6666666666666666,59
0,0,xvector_half4_vs_half4,1066,0.9373465809468148,0.6666666666666666,59
0,0,xvector_half4_vs_half4,1067,0.8724137931034482,0.6666666666666666,59
0,0,xvector_half4_vs_half4,1069,0.9265926358854472,0.3333333333333333,59
0,0,xvector_half4_vs_half4,1071,0.9523670368205728,0.3333333333333333,59
0,0,xvector_half4_vs_half4,1072,0.9443600233781414,1.0,59
0,0,xvector_half4_vs_half4,1073,0.9361192285213326,0.6666666666666666,59
0,0,xvector_half4_vs_half4,1074,0.9368790181180596,0.6666666666666666,59
0,0,xvector_half4_vs_half4,1075,0.9487434248977207,0.6666666666666666,59
0,0,xvector_half4_vs_half4,1077,0.911864406779661,0.3333333333333333,59
0,0,xvector_half4_vs_half4,1078,0.9104617182933957,0.6666666666666666,59
0,0,xvector_half4_vs_half4,1079,0.9329631794272355,0.3333333333333333,59
0,0,xvector_half4_vs_half4,1080,0.9056691992986557,1.0,59
0,0,xvector_half4_vs_half4,1081,0.9279953243717124,0.3333333333333333,59
0,0,xvector_half4_vs_half4,1082,0.9556399766218585,0.3333333333333333,59
0,0,xvector_half4_vs_half4,1083,0.9319111630625365,0.3333333333333333,59
0,0,xvector_half4_vs_half4,1084,0.8743424897720631,0.3333333333333333,59
0,0,xvector_half4_vs_half4,1088,0.9412624196376388,0.6666666666666666,59
0,0,xvector_half4_vs_half4,1090,0.822676797194623,0.3333333333333333,59
0,0,xvector_half4_vs_half4,1091,0.9441262419637639,1.0,59
0,0,ecapa_vs_xvector,1003,0.5967270601987142,0.3333333333333333,59
0,0,ecapa_vs_xvector,1004,0.30046756282875514,0.3333333333333333,59
0,0,ecapa_vs_xvector,1005,0.6819988310929281,1.0,59
0,0,ecapa_vs_xvector,1007,0.34424313267095263,0.0,59
0,0,ecapa_vs_xvector,1009,0.5236703682057277,0.3333333333333333,59
0,0,ecapa_vs_xvector,1012,0.5343074225599065,0.3333333333333333,59
0,0,ecapa_vs_xvector,1014,0.578667445938048,0.3333333333333333,59
0,0,ecapa_vs_xvector,1016,0.7762127410870836,0.6666666666666666,59
0,0,ecapa_vs_xvector,1018,0.6309175920514319,0.3333333333333333,59
0,0,ecapa_vs_xvector,1021,0.6145528930450029,0.3333333333333333,59
0,0,ecapa_vs_xvector,1022,0.5568088836937464,0.3333333333333333,59
0,0,ecapa_vs_xvector,1023,0.5160140268848626,0.3333333333333333,59
0,0,ecapa_vs_xvector,1024,0.3898889538281707,0.0,59
0,0,ecapa_vs_xvector,1026,0.7618936294564582,0.6666666666666666,59
0,0,ecapa_vs_xvector,1027,0.5767971946230275,0.3333333333333333,59
0,0,ecapa_vs_xvector,1029,0.6232028053769725,0.0,59
0,0,ecapa_vs_xvector,1031,0.4642314436002338,0.6666666666666666,59
0,0,ecapa_vs_xvector,1033,0.6360023378141437,0.3333333333333333,59
0,0,ecapa_vs_xvector,1035,0.6182933956750438,0.3333333333333333,59
0,0,ecapa_vs_xvector,1036,0.08310929281122151,0.3333333333333333,59
0,0,ecapa_vs_xvector,1037,0.2990064289888954,1.0,59
0,0,ecapa_vs_xvector,1039,0.44161309175920516,0.3333333333333333,59
0,0,ecapa_vs_xvector,1040,0.5514319111630626,0.6666666666666666,59
0,0,ecapa_vs_xvector,1041,0.5803039158386908,0.3333333333333333,59
0,0,ecapa_vs_xvector,1042,0.1739918176504968,0.6666666666666666,59
0,0,ecapa_vs_xvector,1044,0.5822326125073056,0.0,59
0,0,ecapa_vs_xvector,1046,0.5973699590882525,0.0,59
0,0,ecapa_vs_xvector,1048,0.49643483343074224,0.0,59
0,0,ecapa_vs_xvector,1049,0.5368205727644653,0.6666666666666666,59
0,0,ecapa_vs_xvector,1050,0.1130333138515488,0.6666666666666666,59
0,0,ecapa_vs_xvector,1051,0.5092928112215079,0.6666666666666666,59
0,0,ecapa_vs_xvector,1054,0.5910578609000584,0.6666666666666666,59
0,0,ecapa_vs_xvector,1055,0.4327878433664524,0.6666666666666666,59
0,0,ecapa_vs_xvector,1056,0.35955581531268266,0.6666666666666666,59
0,0,ecapa_vs_xvector,1057,0.025891291642314435,0.3333333333333333,59
0,0,ecapa_vs_xvector,1058,0.14050263004091174,0.3333333333333333,59
0,0,ecapa_vs_xvector,1060,0.25511396843950906,0.0,59
0,0,ecapa_vs_xvector,1062,0.5071303331385155,0.0,59
0,0,ecapa_vs_xvector,1063,0.6873173582700175,0.6666666666666666,59
0,0,ecapa_vs_xvector,1064,0.7393921683226183,1.0,59
0,0,ecapa_vs_xvector,1065,0.5567504383401519,0.6666666666666666,59
0,0,ecapa_vs_xvector,1066,0.6729982466393921,0.6666666666666666,59
0,0,ecapa_vs_xvector,1067,0.2909994155464641,0.3333333333333333,59
0,0,ecapa_vs_xvector,1069,0.7026884862653419,0.3333333333333333,59
0,0,ecapa_vs_xvector,1071,0.3586791350087668,0.6666666666666666,59
0,0,ecapa_vs_xvector,1072,0.4869666861484512,0.6666666666666666,59
0,0,ecapa_vs_xvector,1073,0.5109292811221507,0.6666666666666666,59
0,0,ecapa_vs_xvector,1074,0.5909994155464641,0.6666666666666666,59
0,0,ecapa_vs_xvector,1075,0.6695499707773233,0.6666666666666666,59
0,0,ecapa_vs_xvector,1077,0.451957919345412,0.3333333333333333,59
0,0,ecapa_vs_xvector,1078,0.33565166569257743,1.0,59
0,0,ecapa_vs_xvector,1079,0.3233781414377557,0.3333333333333333,59
0,0,ecapa_vs_xvector,1080,0.6253068381063706,0.3333333333333333,59
0,0,ecapa_vs_xvector,1081,0.5553477498538866,0.3333333333333333,59
0,0,ecapa_vs_xvector,1082,0.5902980713033313,0.3333333333333333,59
0,0,ecapa_vs_xvector,1083,0.3607831677381648,0.6666666666666666,59
0,0,ecapa_vs_xvector,1084,0.7213325540619521,0.6666666666666666,59
0,0,ecapa_vs_xvector,1088,0.5650496785505552,0.6666666666666666,59
0,0,ecapa_vs_xvector,1090,0.4860900058445354,1.0,59
0,0,ecapa_vs_xvector,1091,0.4792518994739918,0.3333333333333333,59
0,1,ecapa_half4_vs_half4,1003,0.8124189784806845,0.6666666666666666,57
0,1,ecapa_half4_vs_half4,1004,0.6331993777547317,0.6666666666666666,57
0,1,ecapa_half4_vs_half4,1005,0.727702877884366,0.3333333333333333,57
0,1,ecapa_half4_vs_half4,1007,0.7549909255898367,0.6666666666666666,57
0,1,ecapa_half4_vs_half4,1012,0.6470702618615505,0.6666666666666666,57
0,1,ecapa_half4_vs_half4,1014,0.585105003889033,0.0,57
0,1,ecapa_half4_vs_half4,1016,0.5941794140523723,0.3333333333333333,57
0,1,ecapa_half4_vs_half4,1018,0.5671506352087115,0.6666666666666666,57
0,1,ecapa_half4_vs_half4,1021,0.5875032408607727,0.6666666666666666,57
0,1,ecapa_half4_vs_half4,1022,0.726017630282603,0.6666666666666666,57
0,1,ecapa_half4_vs_half4,1023,0.6740342234897588,0.3333333333333333,57
0,1,ecapa_half4_vs_half4,1024,0.5939849624060151,0.3333333333333333,57
0,1,ecapa_half4_vs_half4,1026,0.802113041223749,0.0,57
0,1,ecapa_half4_vs_half4,1027,0.7474721285973555,1.0,57
0,1,ecapa_half4_vs_half4,1029,0.4466554316826549,0.3333333333333333,57
0,1,ecapa_half4_vs_half4,1031,0.5981332641949701,1.0,57
0,1,ecapa_half4_vs_half4,1033,0.8286232823437905,0.6666666666666666,57
0,1,ecapa_half4_vs_half4,1035,0.7663339382940109,0.6666666666666666,57
0,1,ecapa_half4_vs_half4,1036,0.16320974850920406,0.0,57
0,1,ecapa_half4_vs_half4,1037,0.7052113041223749,0.0,57
0,1,ecapa_half4_vs_half4,1039,0.5303992740471869,1.0,57
0,1,ecapa_half4_vs_half4,1041,0.7812418978480684,0.3333333333333333,57
0,1,ecapa_half4_vs_half4,1042,0.5723360124449054,0.6666666666666666,57
0,1,ecapa_half4_vs_half4,1044,0.73930515945035,0.6666666666666666,57
0,1,ecapa_half4_vs_half4,1046,0.588021778584392,0.3333333333333333,57
0,1,ecapa_half4_vs_half4,1048,0.39959813326419497,0.3333333333333333,57
0,1,ecapa_half4_vs_half4,1049,0.6444127560280011,0.0,57
0,1,ecapa_half4_vs_half4,1050,0.6522556390977443,0.0,57
0,1,ecapa_half4_vs_half4,1051,0.6569224786103189,0.6666666666666666,57
0,1,ecapa_half4_vs_half4,1054,0.6139486647653617,0.0,57
0,1,ecapa_half4_vs_half4,1055,0.6974980554835364,1.0,57
0,1,ecapa_half4_vs_half4,1056,0.5787529167746953,0.3333333333333333,57
0,1,ecapa_half4_vs_half4,1057,0.4701840808918849,0.3333333333333333,57
0,1,ecapa_half4_vs_half4,1058,0.6564687581021519,0.3333333333333333,57
0,1,ecapa_half4_vs_half4,1060,0.5822530464091262,0.3333333333333333,57
0,1,ecapa_half4_vs_half4,1062,0.6175784288306975,0.6666666666666666,57
0,1,ecapa_half4_vs_half4,1063,0.6143375680580763,0.3333333333333333,57
0,1,ecapa_half4_vs_half4,1064,0.8584392014519057,0.6666666666666666,57
0,1,ecapa_half4_vs_half4,1065,0.7180451127819549,0.3333333333333333,57
0,1,ecapa_half4_vs_half4,1066,0.7930386310604096,0.3333333333333333,57
0,1,ecapa_half4_vs_half4,1067,0.49799066632097483,0.6666666666666666,57
0,1,ecapa_half4_vs_half4,1069,0.5973554576095411,0.6666666666666666,57
0,1,ecapa_half4_vs_half4,1071,0.6765620948924034,0.6666666666666666,57
0,1,ecapa_half4_vs_half4,1072,0.6916645060928183,0.6666666666666666,57
0,1,ecapa_half4_vs_half4,1073,0.650051853772362,0.6666666666666666,57
0,1,ecapa_half4_vs_half4,1074,0.6047446201711174,0.6666666666666666,57
0,1,ecapa_half4_vs_half4,1075,0.5766787658802178,0.3333333333333333,57
0,1,ecapa_half4_vs_half4,1077,0.6440886699507389,0.6666666666666666,57
0,1,ecapa_half4_vs_half4,1078,0.5883458646616542,0.6666666666666666,57
0,1,ecapa_half4_vs_half4,1079,0.6894607207674358,0.6666666666666666,57
0,1,ecapa_half4_vs_half4,1080,0.8421052631578947,0.3333333333333333,57
0,1,ecapa_half4_vs_half4,1081,0.8044464609800362,0.6666666666666666,57
0,1,ecapa_half4_vs_half4,1082,0.7708063261602282,0.6666666666666666,57
0,1,ecapa_half4_vs_half4,1083,0.6068835882810475,0.6666666666666666,57
0,1,ecapa_half4_vs_half4,1084,0.7010630023334198,0.0,57
0,1,ecapa_half4_vs_half4,1088,0.693155302048224,0.6666666666666666,57
0,1,ecapa_half4_vs_half4,1090,0.673126782473425,0.3333333333333333,57
0,1,ecapa_half4_vs_half4,1091,0.49403681617837697,0.3333333333333333,57
0,1,xvector_half4_vs_half4,1003,0.9174876847290641,0.6666666666666666,57
0,1,xvector_half4_vs_half4,1004,0.9415348716619134,0.6666666666666666,57
0,1,xvector_half4_vs_half4,1005,0.9549520352605652,0.6666666666666666,57
0,1,xvector_half4_vs_half4,1007,0.7328234379051076,0.0,57
0,1,xvector_half4_vs_half4,1012,0.8904589058854032,0.6666666666666666,57
0,1,xvector_half4_vs_half4,1014,0.8001037075447239,0.3333333333333333,57
0,1,xvector_half4_vs_half4,1016,0.9331086336530983,0.3333333333333333,57
0,1,xvector_half4_vs_half4,1018,0.8938942183043816,0.6666666666666666,57
0,1,xvector_half4_vs_half4,1021,0.9463961628208453,0.0,57
0,1,xvector_half4_vs_half4,1022,0.926497277676951,0.6666666666666666,57
0,1,xvector_half4_vs_half4,1023,0.9462665283899404,0.3333333333333333,57
0,1,xvector_half4_vs_half4,1024,0.9131449312937516,0.0,57
0,1,xvector_half4_vs_half4,1026,0.905107596577651,0.3333333333333333,57
0,1,xvector_half4_vs_half4,1027,0.8318641431164118,0.3333333333333333,57
0,1,xvector_half4_vs_half4,1029,0.9113300492610837,0.3333333333333333,57
0,1,xvector_half4_vs_half4,1031,0.9638319937775474,0.6666666666666666,57
0,1,xvector_half4_vs_half4,1033,0.9585169821104486,1.0,57
0,1,xvector_half4_vs_half4,1035,0.9480165932071558,1.0,57
0,1,xvector_half4_vs_half4,1036,0.9285714285714286,0.3333333333333333,57
0,1,xvector_half4_vs_half4,1037,0.9537853253824216,0.6666666666666666,57
0,1,xvector_half4_vs_half4,1039,0.9493777547316568,0.3333333333333333,57
0,1,xvector_half4_vs_half4,1041,0.931682654913145,0.0,57
0,1,xvector_half4_vs_half4,1042,0.9553409385532797,0.6666666666666666,57
0,1,xvector_half4_vs_half4,1044,0.9283121597096189,0.3333333333333333,57
0,1,xvector_half4_vs_half4,1046,0.9419885921700804,0.3333333333333333,57
0,1,xvector_half4_vs_half4,1048,0.9450998185117967,0.0,57
0,1,xvector_half4_vs_half4,1049,0.9394607207674358,0.3333333333333333,57
0,1,xvector_half4_vs_half4,1050,0.8950609281825253,0.3333333333333333,57
0,1,xvector_half4_vs_half4,1051,0.9437386569872959,0.6666666666666666,57
0,1,xvector_half4_vs_half4,1054,0.9660357791029297,0.3333333333333333,57
0,1,xvector_half4_vs_half4,1055,0.9441275602800103,1.0,57
0,1,xvector_half4_vs_half4,1056,0.9257842883069743,0.3333333333333333,57
0,1,xvector_half4_vs_half4,1057,0.9319419237749547,0.3333333333333333,57
0,1,xvector_half4_vs_half4,1058,0.9066632097485092,1.0,57
0,1,xvector_half4_vs_half4,1060,0.9404977962146747,0.3333333333333333,57
0,1,xvector_half4_vs_half4,1062,0.9537853253824216,0.3333333333333333,57
0,1,xvector_half4_vs_half4,1063,0.9368680321493389,0.6666666666666666,57
0,1,xvector_half4_vs_half4,1064,0.9482758620689655,0.6666666666666666,57
0,1,xvector_half4_vs_half4,1065,0.9450998185117967,0.3333333333333333,57
0,1,xvector_half4_vs_half4,1066,0.9425071298936998,0.3333333333333333,57
0,1,xvector_half4_vs_half4,1067,0.8539668135856884,0.6666666666666666,57
0,1,xvector_half4_vs_half4,1069,0.9152190821882292,0.3333333333333333,57
0,1,xvector_half4_vs_half4,1071,0.9470443349753694,0.6666666666666666,57
0,1,xvector_half4_vs_half4,1072,0.9500259268861809,1.0,57
0,1,xvector_half4_vs_half4,1073,0.9591003370495204,0.3333333333333333,57
0,1,xvector_half4_vs_half4,1074,0.9117837697692507,0.6666666666666666,57
0,1,xvector_half4_vs_half4,1075,0.9401737101374125,0.6666666666666666,57
0,1,xvector_half4_vs_half4,1077,0.9185247601763028,0.3333333333333333,57
0,1,xvector_half4_vs_half4,1078,0.875615763546798,0.6666666666666666,57
0,1,xvector_half4_vs_half4,1079,0.9621467461757843,0.3333333333333333,57
0,1,xvector_half4_vs_half4,1080,0.9436738397718434,0.3333333333333333,57
0,1,xvector_half4_vs_half4,1081,0.8980425200933367,0.3333333333333333,57
0,1,xvector_half4_vs_half4,1082,0.9400440757065076,0.6666666666666666,57
0,1,xvector_half4_vs_half4,1083,0.9101633393829401,0.3333333333333333,57
0,1,xvector_half4_vs_half4,1084,0.9178117708063261,0.3333333333333333,57
0,1,xvector_half4_vs_half4,1088,0.8989499611096707,0.3333333333333333,57
0,1,xvector_half4_vs_half4,1090,0.8673191599688878,0.3333333333333333,57
0,1,xvector_half4_vs_half4,1091,0.9159320715582059,0.3333333333333333,57
0,1,ecapa_vs_xvector,1003,0.6112263417163598,0.3333333333333333,57
0,1,ecapa_vs_xvector,1004,0.21260046668395124,0.6666666666666666,57
0,1,ecapa_vs_xvector,1005,0.6231527093596059,0.6666666666666666,57
0,1,ecapa_vs_xvector,1007,0.27106559502203786,0.0,57
0,1,ecapa_vs_xvector,1012,0.4739434793881255,0.3333333333333333,57
0,1,ecapa_vs_xvector,1014,0.48755509463313457,0.3333333333333333,57
0,1,ecapa_vs_xvector,1016,0.8081410422608245,0.6666666666666666,57
0,1,ecapa_vs_xvector,1018,0.5838086595799844,0.6666666666666666,57
0,1,ecapa_vs_xvector,1021,0.6062354161265232,0.6666666666666666,57
0,1,ecapa_vs_xvector,1022,0.6764324604614985,0.6666666666666666,57
0,1,ecapa_vs_xvector,1023,0.45910033704952036,0.3333333333333333,57
0,1,ecapa_vs_xvector,1024,0.3212989369976666,0.3333333333333333,57
0,1,ecapa_vs_xvector,1026,0.7359994814622763,0.3333333333333333,57
0,1,ecapa_vs_xvector,1027,0.5305937256935442,0.3333333333333333,57
0,1,ecapa_vs_xvector,1029,0.5972906403940886,0.3333333333333333,57
0,1,ecapa_vs_xvector,1031,0.5127689914441276,0.6666666666666666,57
0,1,ecapa_vs_xvector,1033,0.7222582317863625,0.3333333333333333,57
0,1,ecapa_vs_xvector,1035,0.7052113041223749,0.3333333333333333,57
0,1,ecapa_vs_xvector,1036,0.13164376458387347,0.0,57
0,1,ecapa_vs_xvector,1037,0.3157246564687581,0.6666666666666666,57
0,1,ecapa_vs_xvector,1039,0.4662950479647394,0.6666666666666666,57
0,1,ecapa_vs_xvector,1041,0.5321493388644024,0.0,57
0,1,ecapa_vs_xvector,1042,0.14894996110967074,0.6666666666666666,57
0,1,ecapa_vs_xvector,1044,0.7113041223749028,0.0,57
0,1,ecapa_vs_xvector,1046,0.5998185117967332,0.0,57
0,1,ecapa_vs_xvector,1048,0.4192377495462795,0.0,57
0,1,ecapa_vs_xvector,1049,0.5526963961628208,0.0,57
0,1,ecapa_vs_xvector,1050,0.1566632097485092,0.3333333333333333,57
0,1,ecapa_vs_xvector,1051,0.6602281565983925,0.3333333333333333,57
0,1,ecapa_vs_xvector,1054,0.6904977962146747,0.3333333333333333,57
0,1,ecapa_vs_xvector,1055,0.5302048224008297,0.6666666666666666,57
0,1,ecapa_vs_xvector,1056,0.42183043816437643,0.3333333333333333,57
0,1,ecapa_vs_xvector,1057,0.009463313456053928,0.3333333333333333,57
0,1,ecapa_vs_xvector,1058,0.1201711174487944,0.3333333333333333,57
0,1,ecapa_vs_xvector,1060,0.1308659579984444,0.0,57
0,1,ecapa_vs_xvector,1062,0.5207415089447758,0.3333333333333333,57
0,1,ecapa_vs_xvector,1063,0.6506352087114338,0.3333333333333333,57
0,1,ecapa_vs_xvector,1064,0.6792196007259528,0.3333333333333333,57
0,1,ecapa_vs_xvector,1065,0.5784288306974332,0.6666666666666666,57
0,1,ecapa_vs_xvector,1066,0.7048224008296604,0.6666666666666666,57
0,1,ecapa_vs_xvector,1067,0.16366346901737103,0.3333333333333333,57
0,1,ecapa_vs_xvector,1069,0.764519056261343,0.3333333333333333,57
0,1,ecapa_vs_xvector,1071,0.3612911589318123,0.3333333333333333,57
0,1,ecapa_vs_xvector,1072,0.5917163598651802,0.6666666666666666,57
0,1,ecapa_vs_xvector,1073,0.5370106300233342,0.6666666666666666,57
0,1,ecapa_vs_xvector,1074,0.551788955146487,0.6666666666666666,57
0,1,ecapa_vs_xvector,1075,0.609865180191859,0.0,57
0,1,ecapa_vs_xvector,1077,0.37056002074150896,0.6666666666666666,57
0,1,ecapa_vs_xvector,1078,0.3551983406792844,1.0,57
0,1,ecapa_vs_xvector,1079,0.5959294788695878,0.3333333333333333,57
0,1,ecapa_vs_xvector,1080,0.7288695877625098,0.6666666666666666,57
0,1,ecapa_vs_xvector,1081,0.49662950479647394,0.6666666666666666,57
0,1,ecapa_vs_xvector,1082,0.5588540316308012,0.6666666666666666,57
0,1,ecapa_vs_xvector,1083,0.392727508426238,0.6666666666666666,57
0,1,ecapa_vs_xvector,1084,0.5493259009592948,0.3333333333333333,57
0,1,ecapa_vs_xvector,1088,0.6438942183043816,0.6666666666666666,57
0,1,ecapa_vs_xvector,1090,0.4541742286751361,0.6666666666666666,57
0,1,ecapa_vs_xvector,1091,0.4776380606689137,0.0,57
0,2,ecapa_half4_vs_half4,1002,0.6567424643046007,0.3333333333333333,61
0,2,ecapa_half4_vs_half4,1003,0.5950290851401375,0.6666666666666666,61
0,2,ecapa_half4_vs_half4,1004,0.6913802221047065,0.6666666666666666,61
0,2,ecapa_half4_vs_half4,1005,0.768958223162348,0.3333333333333333,61
0,2,ecapa_half4_vs_half4,1006,0.510946589106293,0.3333333333333333,61
0,2,ecapa_half4_vs_half4,1007,0.7057641459545214,0.3333333333333333,61
0,2,ecapa_half4_vs_half4,1009,0.6277102062400846,0.3333333333333333,61
0,2,ecapa_half4_vs_half4,1012,0.7679005817028027,0.3333333333333333,61
0,2,ecapa_half4_vs_half4,1014,0.7066631411951348,0.3333333333333333,61
0,2,ecapa_half4_vs_half4,1016,0.6559492332099418,0.0,61
0,2,ecapa_half4_vs_half4,1017,0.823320994182972,0.6666666666666666,61
0,2,ecapa_half4_vs_half4,1018,0.6704918032786885,0.3333333333333333,61
0,2,ecapa_half4_vs_half4,1021,0.6005817028027499,0.6666666666666666,61
0,2,ecapa_half4_vs_half4,1022,0.7558434690639874,0.0,61
0,2,ecapa_half4_vs_half4,1023,0.7021152829190904,0.3333333333333333,61
0,2,ecapa_half4_vs_half4,1024,0.6920148069804336,0.6666666666666666,61
0,2,ecapa_half4_vs_half4,1026,0.8471708090957165,0.3333333333333333,61
0,2,ecapa_half4_vs_half4,1027,0.7425171866737176,0.6666666666666666,61
0,2,ecapa_half4_vs_half4,1029,0.5707033315705976,0.6666666666666666,61
0,2,ecapa_half4_vs_half4,1031,0.6873611845584346,0.3333333333333333,61
0,2,ecapa_half4_vs_half4,1033,0.8004759386567953,0.3333333333333333,61
0,2,ecapa_half4_vs_half4,1035,0.6932839767318879,0.3333333333333333,61
0,2,ecapa_half4_vs_half4,1036,0.4358011634056055,0.0,61
0,2,ecapa_half4_vs_half4,1037,0.578688524590164,0.3333333333333333,61
0,2,ecapa_half4_vs_half4,1039,0.6064516129032258,1.0,61
0,2,ecapa_half4_vs_half4,1041,0.6272342675832893,0.3333333333333333,61
0,2,ecapa_half4_vs_half4,1042,0.6078794288736118,0.6666666666666666,61
0,2,ecapa_half4_vs_half4,1044,0.6769434161819143,0.3333333333333333,61
0,2,ecapa_half4_vs_half4,1046,0.6126388154415653,0.3333333333333333,61
0,2,ecapa_half4_vs_half4,1048,0.6741935483870968,0.6666666666666666,61
0,2,ecapa_half4_vs_half4,1049,0.6352723426758329,0.3333333333333333,61
0,2,ecapa_half4_vs_half4,1050,0.5554204124801693,0.0,61
0,2,ecapa_half4_vs_half4,1051,0.667741935483871,0.6666666666666666,61
0,2,ecapa_half4_vs_half4,1054,0.7122157588577472,0.0,61
0,2,ecapa_half4_vs_half4,1055,0.6096245372818615,1.0,61
0,2,ecapa_half4_vs_half4,1056,0.6891062929666842,1.0,61
0,2,ecapa_half4_vs_half4,1057,0.5392384981491275,0.6666666666666666,61
0,2,ecapa_half4_vs_half4,1058,0.6232681121099947,0.6666666666666666,61
0,2,ecapa_half4_vs_half4,1060,0.6400317292437864,0.3333333333333333,61
0,2,ecapa_half4_vs_half4,1062,0.6655208884188261,0.6666666666666666,61
0,2,ecapa_half4_vs_half4,1063,0.8086197778952935,0.3333333333333333,61
0,2,ecapa_half4_vs_half4,1064,0.7389212057112639,0.3333333333333333,61
0,2,ecapa_half4_vs_half4,1065,0.8178741406663141,0.3333333333333333,61
0,2,ecapa_half4_vs_half4,1066,0.755579058699101,0.0,61
0,2,ecapa_half4_vs_half4,1067,0.5225277630883131,0.3333333333333333,61
0,2,ecapa_half4_vs_half4,1069,0.6260179799048122,1.0,61
0,2,ecapa_half4_vs_half4,1071,0.7573241671073506,0.6666666666666666,61
0,2,ecapa_half4_vs_half4,1072,0.6959809624537282,0.6666666666666666,61
0,2,ecapa_half4_vs_half4,1073,0.6163934426229508,0.6666666666666666,61
0,2,ecapa_half4_vs_half4,1074,0.7843997884717081,0.6666666666666666,61
0,2,ecapa_half4_vs_half4,1075,0.49143310417768377,0.3333333333333333,61
0,2,ecapa_half4_vs_half4,1077,0.6842940243257536,0.3333333333333333,61
0,2,ecapa_half4_vs_half4,1078,0.602221047065045,0.6666666666666666,61
0,2,ecapa_half4_vs_half4,1079,0.63590692755156,0.3333333333333333,61
0,2,ecapa_half4_vs_half4,1080,0.8349550502379693,0.3333333333333333,61
0,2,ecapa_half4_vs_half4,1081,0.751718667371761,0.6666666666666666,61
0,2,ecapa_half4_vs_half4,1082,0.7202538339502909,0.6666666666666666,61
0,2,ecapa_half4_vs_half4,1083,0.623532522474881,0.3333333333333333,61
0,2,ecapa_half4_vs_half4,1084,0.6931253305129561,0.0,61
0,2,ecapa_half4_vs_half4,1088,0.5998413537810682,0.6666666666666666,61
0,2,ecapa_half4_vs_half4,1090,0.6389740877842411,0.6666666666666666,61
0,2,ecapa_half4_vs_half4,1091,0.7151771549444739,0.6666666666666666,61
0,2,xvector_half4_vs_half4,1002,0.9484928609201481,0.6666666666666666,61
0,2,xvector_half4_vs_half4,1003,0.9478053939714437,0.6666666666666666,61
0,2,xvector_half4_vs_half4,1004,0.9554732945531464,1.0,61
0,2,xvector_half4_vs_half4,1005,0.937334743521946,0.3333333333333333,61
0,2,xvector_half4_vs_half4,1006,0.8998413537810682,0.6666666666666666,61
0,2,xvector_half4_vs_half4,1007,0.7979904812268641,0.3333333333333333,61
0,2,xvector_half4_vs_half4,1009,0.945637228979376,0.3333333333333333,61
0,2,xvector_half4_vs_half4,1012,0.9428873611845584,0.6666666666666666,61
0,2,xvector_half4_vs_half4,1014,0.8670015864621893,0.0,61
0,2,xvector_half4_vs_half4,1016,0.9399259650978319,0.3333333333333333,61
0,2,xvector_half4_vs_half4,1017,0.9462189317821259,0.6666666666666666,61
0,2,xvector_half4_vs_half4,1018,0.9414066631411951,0.6666666666666666,61
0,2,xvector_half4_vs_half4,1021,0.9316763617133792,0.6666666666666666,61
0,2,xvector_half4_vs_half4,1022,0.9002115282919091,0.0,61
0,2,xvector_half4_vs_half4,1023,0.9121628767847699,0.6666666666666666,61
0,2,xvector_half4_vs_half4,1024,0.937123215230037,0.0,61
0,2,xvector_half4_vs_half4,1026,0.949497620306716,0.6666666666666666,61
0,2,xvector_half4_vs_half4,1027,0.8923320994182972,0.6666666666666666,61
0,2,xvector_half4_vs_half4,1029,0.9512956107879429,0.6666666666666666,61
0,2,xvector_half4_vs_half4,1031,0.9471179270227393,0.3333333333333333,61
0,2,xvector_half4_vs_half4,1033,0.9664198836594394,0.3333333333333333,61
0,2,xvector_half4_vs_half4,1035,0.951507139079852,0.6666666666666666,61
0,2,xvector_half4_vs_half4,1036,0.9369645690111053,0.6666666666666666,61
0,2,xvector_half4_vs_half4,1037,0.9163934426229509,0.3333333333333333,61
0,2,xvector_half4_vs_half4,1039,0.9537281861448969,0.3333333333333333,61
0,2,xvector_half4_vs_half4,1041,0.9573770491803278,0.3333333333333333,61
0,2,xvector_half4_vs_half4,1042,0.9423585404547858,0.3333333333333333,61
0,2,xvector_half4_vs_half4,1044,0.9324695928080381,0.3333333333333333,61
0,2,xvector_half4_vs_half4,1046,0.948281332628239,0.6666666666666666,61
0,2,xvector_half4_vs_half4,1048,0.9492332099418297,0.3333333333333333,61
0,2,xvector_half4_vs_half4,1049,0.9260179799048123,0.3333333333333333,61
0,2,xvector_half4_vs_half4,1050,0.9414066631411951,0.6666666666666666,61
0,2,xvector_half4_vs_half4,1051,0.9538339502908514,0.6666666666666666,61
0,2,xvector_half4_vs_half4,1054,0.9318878900052882,0.3333333333333333,61
0,2,xvector_half4_vs_half4,1055,0.9464833421470121,0.6666666666666666,61
0,2,xvector_half4_vs_half4,1056,0.9426229508196722,0.6666666666666666,61
0,2,xvector_half4_vs_half4,1057,0.9552617662612375,0.3333333333333333,61
0,2,xvector_half4_vs_half4,1058,0.9316763617133792,0.6666666666666666,61
0,2,xvector_half4_vs_half4,1060,0.9512427287149656,0.3333333333333333,61
0,2,xvector_half4_vs_half4,1062,0.9510840824960338,0.6666666666666666,61
0,2,xvector_half4_vs_half4,1063,0.9341618191433104,1.0,61
0,2,xvector_half4_vs_half4,1064,0.950925436277102,1.0,61
0,2,xvector_half4_vs_half4,1065,0.9504494976203067,0.6666666666666666,61
0,2,xvector_half4_vs_half4,1066,0.9594923320994183,0.6666666666666666,61
0,2,xvector_half4_vs_half4,1067,0.7479111581173982,0.3333333333333333,61
0,2,xvector_half4_vs_half4,1069,0.9466948704389212,0.3333333333333333,61
0,2,xvector_half4_vs_half4,1071,0.9484928609201481,0.6666666666666666,61
0,2,xvector_half4_vs_half4,1072,0.9496033844526706,1.0,61
0,2,xvector_half4_vs_half4,1073,0.9434690639873083,0.6666666666666666,61
0,2,xvector_half4_vs_half4,1074,0.9407191961924908,0.6666666666666666,61
0,2,xvector_half4_vs_half4,1075,0.9329455314648334,0.6666666666666666,61
0,2,xvector_half4_vs_half4,1077,0.9061343204653622,0.3333333333333333,61
0,2,xvector_half4_vs_half4,1078,0.8903225806451613,0.6666666666666666,61
0,2,xvector_half4_vs_half4,1079,0.9561607615018509,0.6666666666666666,61
0,2,xvector_half4_vs_half4,1080,0.9369645690111053,0.3333333333333333,61
0,2,xvector_half4_vs_half4,1081,0.9208355367530408,0.3333333333333333,61
0,2,xvector_half4_vs_half4,1082,0.9727657324167107,1.0,61
0,2,xvector_half4_vs_half4,1083,0.9086726599682707,0.6666666666666666,61
0,2,xvector_half4_vs_half4,1084,0.9289793759915389,0.0,61
0,2,xvector_half4_vs_half4,1088,0.9190904283447912,0.3333333333333333,61
0,2,xvector_half4_vs_half4,1090,0.8921734531993654,0.3333333333333333,61
0,2,xvector_half4_vs_half4,1091,0.9389212057112639,0.6666666666666666,61
0,2,ecapa_vs_xvector,1002,0.6735060814383924,0.6666666666666666,61
0,2,ecapa_vs_xvector,1003,0.5487572712850344,0.3333333333333333,61
0,2,ecapa_vs_xvector,1004,0.2674246430460074,0.6666666666666666,61
0,2,ecapa_vs_xvector,1005,0.7111052353252247,1.0,61
0,2,ecapa_vs_xvector,1006,0.36224219989423584,0.3333333333333333,61
0,2,ecapa_vs_xvector,1007,0.24500264410364886,0.3333333333333333,61
0,2,ecapa_vs_xvector,1009,0.565309360126917,0.3333333333333333,61
0,2,ecapa_vs_xvector,1012,0.5812797461660497,0.6666666666666666,61
0,2,ecapa_vs_xvector,1014,0.5898995240613432,0.3333333333333333,61
0,2,ecapa_vs_xvector,1016,0.8171866737176098,1.0,61
0,2,ecapa_vs_xvector,1017,0.761872025383395,0.6666666666666666,61
0,2,ecapa_vs_xvector,1018,0.6364886303543099,0.6666666666666666,61
0,2,ecapa_vs_xvector,1021,0.5967213114754099,0.6666666666666666,61
0,2,ecapa_vs_xvector,1022,0.5742464304600741,0.6666666666666666,61
0,2,ecapa_vs_xvector,1023,0.6137493389740878,0.3333333333333333,61
0,2,ecapa_vs_xvector,1024,0.32496033844526706,0.0,61
0,2,ecapa_vs_xvector,1026,0.7829190904283448,0.6666666666666666,61
0,2,ecapa_vs_xvector,1027,0.6609730301427816,0.3333333333333333,61
0,2,ecapa_vs_xvector,1029,0.529613960867266,0.6666666666666666,61
0,2,ecapa_vs_xvector,1031,0.5067160232681122,0.6666666666666666,61
0,2,ecapa_vs_xvector,1033,0.6831306187202538,0.3333333333333333,61
0,2,ecapa_vs_xvector,1035,0.6953992596509783,0.3333333333333333,61
0,2,ecapa_vs_xvector,1036,-0.06039132734003173,0.0,61
0,2,ecapa_vs_xvector,1037,0.3542570068746695,1.0,61
0,2,ecapa_vs_xvector,1039,0.379111581173982,0.6666666666666666,61
0,2,ecapa_vs_xvector,1041,0.5514013749338974,0.3333333333333333,61
0,2,ecapa_vs_xvector,1042,0.2647276573241671,0.3333333333333333,61
0,2,ecapa_vs_xvector,1044,0.6101533580116341,0.0,61
0,2,ecapa_vs_xvector,1046,0.48762559492332097,0.0,61
0,2,ecapa_vs_xvector,1048,0.4759915388683236,0.3333333333333333,61
0,2,ecapa_vs_xvector,1049,0.5290322580645161,0.3333333333333333,61
0,2,ecapa_vs_xvector,1050,0.08979375991538868,0.3333333333333333,61
0,2,ecapa_vs_xvector,1051,0.5876784769962983,0.3333333333333333,61
0,2,ecapa_vs_xvector,1054,0.5931782125859334,0.3333333333333333,61
0,2,ecapa_vs_xvector,1055,0.4501850872554204,0.3333333333333333,61
0,2,ecapa_vs_xvector,1056,0.3714436805922792,0.3333333333333333,61
0,2,ecapa_vs_xvector,1057,0.09296668429402433,0.6666666666666666,61
0,2,ecapa_vs_xvector,1058,0.16911686938127973,0.3333333333333333,61
0,2,ecapa_vs_xvector,1060,0.3039132734003173,0.0,61
0,2,ecapa_vs_xvector,1062,0.5487043892120571,0.3333333333333333,61
0,2,ecapa_vs_xvector,1063,0.6147540983606558,0.3333333333333333,61
0,2,ecapa_vs_xvector,1064,0.7232152300370175,0.6666666666666666,61
0,2,ecapa_vs_xvector,1065,0.5539397144368059,0.3333333333333333,61
0,2,ecapa_vs_xvector,1066,0.7285034373347435,0.3333333333333333,61
0,2,ecapa_vs_xvector,1067,0.3143839238498149,0.3333333333333333,61
0,2,ecapa_vs_xvector,1069,0.7320994182971973,0.3333333333333333,61
0,2,ecapa_vs_xvector,1071,0.4002644103648863,0.3333333333333333,61
0,2,ecapa_vs_xvector,1072,0.4908514013749339,0.6666666666666666,61
0,2,ecapa_vs_xvector,1073,0.567741935483871,0.6666666666666666,61
0,2,ecapa_vs_xvector,1074,0.5252247488101534,0.3333333333333333,61
0,2,ecapa_vs_xvector,1075,0.5947117927022739,0.6666666666666666,61
0,2,ecapa_vs_xvector,1077,0.394923320994183,0.3333333333333333,61
0,2,ecapa_vs_xvector,1078,0.450713907985193,1.0,61
0,2,ecapa_vs_xvector,1079,0.35891062929666845,0.3333333333333333,61
0,2,ecapa_vs_xvector,1080,0.7221575885774723,0.3333333333333333,61
0,2,ecapa_vs_xvector,1081,0.5243257535695399,0.6666666666666666,61
0,2,ecapa_vs_xvector,1082,0.5506610259122158,0.3333333333333333,61
0,2,ecapa_vs_xvector,1083,0.3511898466419884,0.6666666666666666,61
0,2,ecapa_vs_xvector,1084,0.6272342675832893,0.6666666666666666,61
0,2,ecapa_vs_xvector,1088,0.6940243257535695,1.0,61
0,2,ecapa_vs_xvector,1090,0.5760973030142782,0.3333333333333333,61
0,2,ecapa_vs_xvector,1091,0.4493389740877842,0.6666666666666666,61
0,3,ecapa_half4_vs_half4,1002,0.6326757432620171,0.3333333333333333,60
0,3,ecapa_half4_vs_half4,1003,0.7637677132536814,0.6666666666666666,60
0,3,ecapa_half4_vs_half4,1004,0.5812725757154764,0.6666666666666666,60
0,3,ecapa_half4_vs_half4,1005,0.7199222006112808,0.6666666666666666,60
0,3,ecapa_half4_vs_half4,1006,0.7091414281744928,0.6666666666666666,60
0,3,ecapa_half4_vs_half4,1007,0.6665740483467628,0.6666666666666666,60
0,3,ecapa_half4_vs_half4,1012,0.7751597666018337,0.3333333333333333,60
0,3,ecapa_half4_vs_half4,1014,0.6995832175604333,0.6666666666666666,60
0,3,ecapa_half4_vs_half4,1016,0.54937482634065,0.6666666666666666,60
0,3,ecapa_half4_vs_half4,1018,0.6222839677688246,0.3333333333333333,60
0,3,ecapa_half4_vs_half4,1021,0.5648235621005834,0.3333333333333333,60
0,3,ecapa_half4_vs_half4,1022,0.716476799110864,0.3333333333333333,60
0,3,ecapa_half4_vs_half4,1023,0.6915809947207556,0.3333333333333333,60
0,3,ecapa_half4_vs_half4,1024,0.39766601833842724,0.6666666666666666,60
0,3,ecapa_half4_vs_half4,1026,0.7061405946096136,0.3333333333333333,60
0,3,ecapa_half4_vs_half4,1027,0.7585996110030563,0.6666666666666666,60
0,3,ecapa_half4_vs_half4,1029,0.6313420394554041,0.6666666666666666,60
0,3,ecapa_half4_vs_half4,1031,0.3937760489024728,0.6666666666666666,60
0,3,ecapa_half4_vs_half4,1033,0.8005557099194219,0.6666666666666666,60
0,3,ecapa_half4_vs_half4,1035,0.6666851903306472,0.3333333333333333,60
0,3,ecapa_half4_vs_half4,1036,0.38260627952208937,0.0,60
0,3,ecapa_half4_vs_half4,1037,0.6093359266462905,0.3333333333333333,60
0,3,ecapa_half4_vs_half4,1039,0.6724090025006945,0.3333333333333333,60
0,3,ecapa_half4_vs_half4,1040,0.6630175048624617,0.6666666666666666,60
0,3,ecapa_half4_vs_half4,1041,0.6913031397610446,0.3333333333333333,60
0,3,ecapa_half4_vs_half4,1042,0.6901361489302583,0.6666666666666666,60
0,3,ecapa_half4_vs_half4,1044,0.6928591275354263,0.6666666666666666,60
0,3,ecapa_half4_vs_half4,1046,0.5535982217282578,0.0,60
0,3,ecapa_half4_vs_half4,1048,0.617560433453737,1.0,60
0,3,ecapa_half4_vs_half4,1049,0.6127813281467073,0.0,60
0,3,ecapa_half4_vs_half4,1050,0.5983884412336758,0.3333333333333333,60
0,3,ecapa_half4_vs_half4,1051,0.6886357321478187,0.3333333333333333,60
0,3,ecapa_half4_vs_half4,1054,0.5611003056404555,0.0,60
0,3,ecapa_half4_vs_half4,1055,0.7802722978605167,0.6666666666666666,60
0,3,ecapa_half4_vs_half4,1056,0.7143651014170601,0.3333333333333333,60
0,3,ecapa_half4_vs_half4,1057,0.4572381217004723,0.3333333333333333,60
0,3,ecapa_half4_vs_half4,1058,0.724034454015004,0.6666666666666666,60
0,3,ecapa_half4_vs_half4,1060,0.6395109752709085,0.3333333333333333,60
0,3,ecapa_half4_vs_half4,1062,0.4820783550986384,0.3333333333333333,60
0,3,ecapa_half4_vs_half4,1063,0.7246457349263683,0.6666666666666666,60
0,3,ecapa_half4_vs_half4,1064,0.7341483745484856,0.6666666666666666,60
0,3,ecapa_half4_vs_half4,1065,0.8011669908307861,0.3333333333333333,60
0,3,ecapa_half4_vs_half4,1066,0.738871908863573,0.3333333333333333,60
0,3,ecapa_half4_vs_half4,1067,0.4794109474854125,0.3333333333333333,60
0,3,ecapa_half4_vs_half4,1069,0.6087802167268684,0.3333333333333333,60
0,3,ecapa_half4_vs_half4,1071,0.5619338705195887,1.0,60
0,3,ecapa_half4_vs_half4,1072,0.5083634342873019,0.6666666666666666,60
0,3,ecapa_half4_vs_half4,1073,0.5370936371214226,0.3333333333333333,60
0,3,ecapa_half4_vs_half4,1074,0.5986107252014448,0.3333333333333333,60
0,3,ecapa_half4_vs_half4,1075,0.5569324812447901,0.6666666666666666,60
0,3,ecapa_half4_vs_half4,1077,0.48313420394554035,0.3333333333333333,60
0,3,ecapa_half4_vs_half4,1078,0.6636287857738259,0.3333333333333333,60
0,3,ecapa_half4_vs_half4,1079,0.6415115309808279,0.3333333333333333,60
0,3,ecapa_half4_vs_half4,1080,0.7400388996943594,1.0,60
0,3,ecapa_half4_vs_half4,1081,0.743150875243123,0.6666666666666666,60
0,3,ecapa_half4_vs_half4,1082,0.5755487635454292,0.3333333333333333,60
0,3,ecapa_half4_vs_half4,1083,0.639399833287024,0.3333333333333333,60
0,3,ecapa_half4_vs_half4,1084,0.7748819116421226,0.6666666666666666,60
0,3,ecapa_half4_vs_half4,1088,0.5672131147540982,0.6666666666666666,60
0,3,ecapa_half4_vs_half4,1090,0.7392609058071685,0.3333333333333333,60
0,3,ecapa_half4_vs_half4,1091,0.49719366490691846,0.3333333333333333,60
0,3,xvector_half4_vs_half4,1002,0.9310919699916642,0.3333333333333333,60
0,3,xvector_half4_vs_half4,1003,0.955320922478466,0.3333333333333333,60
0,3,xvector_half4_vs_half4,1004,0.9579327590997497,0.6666666666666666,60
0,3,xvector_half4_vs_half4,1005,0.9508752431230896,0.6666666666666666,60
0,3,xvector_half4_vs_half4,1006,0.8732425673798275,1.0,60
0,3,xvector_half4_vs_half4,1007,0.8651847735482077,0.6666666666666666,60
0,3,xvector_half4_vs_half4,1012,0.9365379272020004,0.6666666666666666,60
0,3,xvector_half4_vs_half4,1014,0.9175882189497081,0.3333333333333333,60
0,3,xvector_half4_vs_half4,1016,0.9498749652681299,0.3333333333333333,60
0,3,xvector_half4_vs_half4,1018,0.8752986940816891,1.0,60
0,3,xvector_half4_vs_half4,1021,0.9338705195887744,0.6666666666666666,60
0,3,xvector_half4_vs_half4,1022,0.9520978049458181,0.3333333333333333,60
0,3,xvector_half4_vs_half4,1023,0.9505973881633786,0.6666666666666666,60
0,3,xvector_half4_vs_half4,1024,0.8781328146707417,0.0,60
0,3,xvector_half4_vs_half4,1026,0.9562656293414835,0.6666666666666666,60
0,3,xvector_half4_vs_half4,1027,0.8690191719922199,0.3333333333333333,60
0,3,xvector_half4_vs_half4,1029,0.9485412614615168,0.3333333333333333,60
0,3,xvector_half4_vs_half4,1031,0.912975826618505,0.6666666666666666,60
0,3,xvector_half4_vs_half4,1033,0.9756599055293135,0.3333333333333333,60
0,3,xvector_half4_vs_half4,1035,0.9643789941650457,0.3333333333333333,60
0,3,xvector_half4_vs_half4,1036,0.9374270630730757,0.0,60
0,3,xvector_half4_vs_half4,1037,0.9402611836621282,0.3333333333333333,60
0,3,xvector_half4_vs_half4,1039,0.9559322033898303,0.6666666666666666,60
0,3,xvector_half4_vs_half4,1040,0.9254792998055014,0.3333333333333333,60
0,3,xvector_half4_vs_half4,1041,0.9212003334259514,0.0,60
0,3,xvector_half4_vs_half4,1042,0.9428174492914697,0.0,60
0,3,xvector_half4_vs_half4,1044,0.9621561544873574,0.6666666666666666,60
0,3,xvector_half4_vs_half4,1046,0.9520422339538759,0.6666666666666666,60
0,3,xvector_half4_vs_half4,1048,0.9344818005001387,0.0,60
0,3,xvector_half4_vs_half4,1049,0.9554320644623504,0.3333333333333333,60
0,3,xvector_half4_vs_half4,1050,0.929146985273687,0.6666666666666666,60
0,3,xvector_half4_vs_half4,1051,0.9686023895526533,0.6666666666666666,60
0,3,xvector_half4_vs_half4,1054,0.9621561544873574,0.0,60
0,3,xvector_half4_vs_half4,1055,0.9616560155598776,0.6666666666666666,60
0,3,xvector_half4_vs_half4,1056,0.9518755209780493,1.0,60
0,3,xvector_half4_vs_half4,1057,0.9246457349263683,0.3333333333333333,60
0,3,xvector_half4_vs_half4,1058,0.9332592386774102,0.6666666666666666,60
0,3,xvector_half4_vs_half4,1060,0.9212559044178936,0.6666666666666666,60
0,3,xvector_half4_vs_half4,1062,0.9530980828007778,0.3333333333333333,60
0,3,xvector_half4_vs_half4,1063,0.9462628507918864,0.6666666666666666,60
0,3,xvector_half4_vs_half4,1064,0.9671019727702137,0.0,60
0,3,xvector_half4_vs_half4,1065,0.9428730202834119,0.3333333333333333,60
0,3,xvector_half4_vs_half4,1066,0.9632675743262016,0.6666666666666666,60
0,3,xvector_half4_vs_half4,1067,0.8609613781606,0.0,60
0,3,xvector_half4_vs_half4,1069,0.9661572659071962,0.3333333333333333,60
0,3,xvector_half4_vs_half4,1071,0.9333148096693524,0.0,60
0,3,xvector_half4_vs_half4,1072,0.9430953042511807,0.6666666666666666,60
0,3,xvector_half4_vs_half4,1073,0.8597388163378714,0.3333333333333333,60
0,3,xvector_half4_vs_half4,1074,0.9654348430119476,1.0,60
0,3,xvector_half4_vs_half4,1075,0.9500416782439565,1.0,60
0,3,xvector_half4_vs_half4,1077,0.8904695748819115,0.3333333333333333,60
0,3,xvector_half4_vs_half4,1078,0.8759655459849957,0.6666666666666666,60
0,3,xvector_half4_vs_half4,1079,0.9628230063906639,0.6666666666666666,60
0,3,xvector_half4_vs_half4,1080,0.9254792998055014,0.3333333333333333,60
0,3,xvector_half4_vs_half4,1081,0.9050847457627117,0.3333333333333333,60
0,3,xvector_half4_vs_half4,1082,0.9702139483189773,0.3333333333333333,60
0,3,xvector_half4_vs_half4,1083,0.9556543484301193,0.3333333333333333,60
0,3,xvector_half4_vs_half4,1084,0.911642122811892,0.3333333333333333,60
0,3,xvector_half4_vs_half4,1088,0.9419283134203944,1.0,60
0,3,xvector_half4_vs_half4,1090,0.9085857182550706,0.3333333333333333,60
0,3,xvector_half4_vs_half4,1091,0.9254237288135592,0.6666666666666666,60
0,3,ecapa_vs_xvector,1002,0.6497916087802166,0.6666666666666666,60
0,3,ecapa_vs_xvector,1003,0.5177549319255348,0.3333333333333333,60
0,3,ecapa_vs_xvector,1004,0.2767991108641289,0.3333333333333333,60
0,3,ecapa_vs_xvector,1005,0.6744095582106139,1.0,60
0,3,ecapa_vs_xvector,1006,0.42700750208391214,0.3333333333333333,60
0,3,ecapa_vs_xvector,1007,0.40027785495971097,0.3333333333333333,60
0,3,ecapa_vs_xvector,1012,0.5230897471519865,0.3333333333333333,60
0,3,ecapa_vs_xvector,1014,0.6944706863017504,0.3333333333333333,60
0,3,ecapa_vs_xvector,1016,0.752597943873298,0.6666666666666666,60
0,3,ecapa_vs_xvector,1018,0.625896082245068,0.3333333333333333,60
0,3,ecapa_vs_xvector,1021,0.5735482078355097,0.3333333333333333,60
0,3,ecapa_vs_xvector,1022,0.5030841900527924,0.3333333333333333,60
0,3,ecapa_vs_xvector,1023,0.5956098916365656,0.3333333333333333,60
0,3,ecapa_vs_xvector,1024,0.35270908585718247,0.3333333333333333,60
0,3,ecapa_vs_xvector,1026,0.7802167268685745,0.3333333333333333,60
0,3,ecapa_vs_xvector,1027,0.6455126424006667,0.6666666666666666,60
0,3,ecapa_vs_xvector,1029,0.4945818282856348,0.0,60
0,3,ecapa_vs_xvector,1031,0.5405946096137815,0.6666666666666666,60
0,3,ecapa_vs_xvector,1033,0.6326201722700749,0.3333333333333333,60
0,3,ecapa_vs_xvector,1035,0.6702973048068906,0.3333333333333333,60
0,3,ecapa_vs_xvector,1036,0.11681022506251734,0.0,60
0,3,ecapa_vs_xvector,1037,0.37949430397332584,0.3333333333333333,60
0,3,ecapa_vs_xvector,1039,0.4148930258405112,0.6666666666666666,60
0,3,ecapa_vs_xvector,1040,0.578994165045846,0.3333333333333333,60
0,3,ecapa_vs_xvector,1041,0.5611003056404555,0.0,60
0,3,ecapa_vs_xvector,1042,0.11075298694081687,0.3333333333333333,60
0,3,ecapa_vs_xvector,1044,0.6831897749374825,0.0,60
0,3,ecapa_vs_xvector,1046,0.5440400111141983,0.3333333333333333,60
0,3,ecapa_vs_xvector,1048,0.3896637954987496,0.3333333333333333,60
0,3,ecapa_vs_xvector,1049,0.4529591553209224,0.3333333333333333,60
0,3,ecapa_vs_xvector,1050,0.16287857738260625,0.3333333333333333,60
0,3,ecapa_vs_xvector,1051,0.5798833009169212,0.6666666666666666,60
0,3,ecapa_vs_xvector,1054,0.631842178382884,0.3333333333333333,60
0,3,ecapa_vs_xvector,1055,0.3981661572659071,0.3333333333333333,60
0,3,ecapa_vs_xvector,1056,0.39505418171714357,0.3333333333333333,60
0,3,ecapa_vs_xvector,1057,0.011669908307863294,0.3333333333333333,60
0,3,ecapa_vs_xvector,1058,0.16632397888302303,0.6666666666666666,60
0,3,ecapa_vs_xvector,1060,0.2634620727979994,0.0,60
0,3,ecapa_vs_xvector,1062,0.41022506251736585,0.0,60
0,3,ecapa_vs_xvector,1063,0.7665462628507917,0.6666666666666666,60
0,3,ecapa_vs_xvector,1064,0.7865518199499859,0.6666666666666666,60
0,3,ecapa_vs_xvector,1065,0.5851625451514308,0.3333333333333333,60
0,3,ecapa_vs_xvector,1066,0.721589330369547,0.6666666666666666,60
0,3,ecapa_vs_xvector,1067,0.32086690747429836,0.0,60
0,3,ecapa_vs_xvector,1069,0.7155876632397887,0.6666666666666666,60
0,3,ecapa_vs_xvector,1071,0.3829952764656848,0.6666666666666666,60
0,3,ecapa_vs_xvector,1072,0.5138649624895804,0.6666666666666666,60
0,3,ecapa_vs_xvector,1073,0.49480411225340365,0.6666666666666666,60
0,3,ecapa_vs_xvector,1074,0.5706029452625728,0.6666666666666666,60
0,3,ecapa_vs_xvector,1075,0.6983050847457626,0.6666666666666666,60
0,3,ecapa_vs_xvector,1077,0.39199777716032225,0.3333333333333333,60
0,3,ecapa_vs_xvector,1078,0.4009447068630174,1.0,60
0,3,ecapa_vs_xvector,1079,0.2980828007779938,0.6666666666666666,60
0,3,ecapa_vs_xvector,1080,0.6924701305918309,0.3333333333333333,60
0,3,ecapa_vs_xvector,1081,0.5545429285912753,0.3333333333333333,60
0,3,ecapa_vs_xvector,1082,0.5971658794109473,0.3333333333333333,60
0,3,ecapa_vs_xvector,1083,0.3467629897193664,0.3333333333333333,60
0,3,ecapa_vs_xvector,1084,0.7243123089747151,0.6666666666666666,60
0,3,ecapa_vs_xvector,1088,0.5195887746596276,0.6666666666666666,60
0,3,ecapa_vs_xvector,1090,0.6593498193942761,0.6666666666666666,60
0,3,ecapa_vs_xvector,1091,0.4928035565434842,0.6666666666666666,60
0,4,ecapa_half4_vs_half4,1003,0.662124334799594,0.3333333333333333,58
0,4,ecapa_half4_vs_half4,1004,0.6180749946168754,0.6666666666666666,58
0,4,ecapa_half4_vs_half4,1005,0.8217109108246948,0.6666666666666666,58
0,4,ecapa_half4_vs_half4,1007,0.5953735888523178,0.6666666666666666,58
0,4,ecapa_half4_vs_half4,1012,0.6608323848780339,0.6666666666666666,58
0,4,ecapa_half4_vs_half4,1014,0.6596634778061461,0.3333333333333333,58
0,4,ecapa_half4_vs_half4,1016,0.6300716724599342,0.0,58
0,4,ecapa_half4_vs_half4,1018,0.7184164385247163,0.6666666666666666,58
0,4,ecapa_half4_vs_half4,1021,0.651296564028423,0.3333333333333333,58
0,4,ecapa_half4_vs_half4,1022,0.7798148205112432,0.6666666666666666,58
0,4,ecapa_half4_vs_half4,1023,0.5975268387215849,0.0,58
0,4,ecapa_half4_vs_half4,1024,0.44913716201667236,0.3333333333333333,58
0,4,ecapa_half4_vs_half4,1026,0.7364422160017227,0.3333333333333333,58
0,4,ecapa_half4_vs_half4,1027,0.7316435448644991,0.6666666666666666,58
0,4,ecapa_half4_vs_half4,1029,0.6213971515580301,0.6666666666666666,58
0,4,ecapa_half4_vs_half4,1031,0.45584299732381806,0.3333333333333333,58
0,4,ecapa_half4_vs_half4,1033,0.7591436217662801,0.6666666666666666,58
0,4,ecapa_half4_vs_half4,1035,0.5820849610876988,0.3333333333333333,58
0,4,ecapa_half4_vs_half4,1036,0.5821464825125351,0.0,58
0,4,ecapa_half4_vs_half4,1037,0.5448029776369622,0.0,58
0,4,ecapa_half4_vs_half4,1039,0.64422160017226,0.3333333333333333,58
0,4,ecapa_half4_vs_half4,1040,0.5772247685256391,0.6666666666666666,58
0,4,ecapa_half4_vs_half4,1041,0.6356701221200284,0.3333333333333333,58
0,4,ecapa_half4_vs_half4,1042,0.6724599341720755,0.6666666666666666,58
0,4,ecapa_half4_vs_half4,1044,0.6655695345904212,0.6666666666666666,58
0,4,ecapa_half4_vs_half4,1046,0.7512073579624104,0.3333333333333333,58
0,4,ecapa_half4_vs_half4,1048,0.5719954474145622,0.3333333333333333,58
0,4,ecapa_half4_vs_half4,1049,0.7579747146943924,0.0,58
0,4,ecapa_half4_vs_half4,1050,0.6687686486819036,0.3333333333333333,58
0,4,ecapa_half4_vs_half4,1051,0.6538804638715433,0.6666666666666666,58
0,4,ecapa_half4_vs_half4,1054,0.760004921713987,0.3333333333333333,58
0,4,ecapa_half4_vs_half4,1055,0.7112799532437172,0.6666666666666666,58
0,4,ecapa_half4_vs_half4,1056,0.7224768525639055,0.3333333333333333,58
0,4,ecapa_half4_vs_half4,1057,0.5186563720815774,0.3333333333333333,58
0,4,ecapa_half4_vs_half4,1058,0.6381925005383126,0.6666666666666666,58
0,4,ecapa_half4_vs_half4,1060,0.5446184133624535,0.0,58
0,4,ecapa_half4_vs_half4,1062,0.7365037374265588,0.6666666666666666,58
0,4,ecapa_half4_vs_half4,1063,0.7792611276877174,0.3333333333333333,58
0,4,ecapa_half4_vs_half4,1064,0.8357377956873482,0.3333333333333333,58
0,4,ecapa_half4_vs_half4,1065,0.8276784890338061,0.3333333333333333,58
0,4,ecapa_half4_vs_half4,1066,0.8360454028115292,0.3333333333333333,58
0,4,ecapa_half4_vs_half4,1067,0.522839828970439,0.3333333333333333,58
0,4,ecapa_half4_vs_half4,1069,0.5880525392968102,0.3333333333333333,58
0,4,ecapa_half4_vs_half4,1071,0.5200098434279739,0.3333333333333333,58
0,4,ecapa_half4_vs_half4,1072,0.4456919622258452,0.3333333333333333,58
0,4,ecapa_half4_vs_half4,1073,0.6444061644467687,0.3333333333333333,58
0,4,ecapa_half4_vs_half4,1074,0.6293949367867361,0.6666666666666666,58
0,4,ecapa_half4_vs_half4,1075,0.5825156110615523,0.3333333333333333,58
0,4,ecapa_half4_vs_half4,1077,0.6912854901719525,0.3333333333333333,58
0,4,ecapa_half4_vs_half4,1078,0.5994340028915071,0.6666666666666666,58
0,4,ecapa_half4_vs_half4,1079,0.6353009935710112,0.6666666666666666,58
0,4,ecapa_half4_vs_half4,1080,0.8065766403149898,0.3333333333333333,58
0,4,ecapa_half4_vs_half4,1081,0.7117721246424068,0.6666666666666666,58
0,4,ecapa_half4_vs_half4,1082,0.5267772001599558,0.3333333333333333,58
0,4,ecapa_half4_vs_half4,1083,0.6422529145775017,0.6666666666666666,58
0,4,ecapa_half4_vs_half4,1084,0.7264142237534222,0.3333333333333333,58
0,4,ecapa_half4_vs_half4,1088,0.6272416869174691,0.6666666666666666,58
0,4,ecapa_half4_vs_half4,1090,0.6681534344335416,0.3333333333333333,58
0,4,ecapa_half4_vs_half4,1091,0.6277953797409949,0.3333333333333333,58
0,4,xvector_half4_vs_half4,1003,0.9300501399612416,0.6666666666666666,58
0,4,xvector_half4_vs_half4,1004,0.9275277615429575,0.6666666666666666,58
0,4,xvector_half4_vs_half4,1005,0.9540434956473594,0.6666666666666666,58
0,4,xvector_half4_vs_half4,1007,0.7667107570211327,0.3333333333333333,58
0,4,xvector_half4_vs_half4,1012,0.9230366975299149,0.6666666666666666,58
0,4,xvector_half4_vs_half4,1014,0.8377064812821066,0.6666666666666666,58
0,4,xvector_half4_vs_half4,1016,0.9441385462487313,0.3333333333333333,58
0,4,xvector_half4_vs_half4,1018,0.8772032360269465,0.6666666666666666,58
0,4,xvector_half4_vs_half4,1021,0.9473376603402136,0.6666666666666666,58
0,4,xvector_half4_vs_half4,1022,0.9390322679873266,0.6666666666666666,58
0,4,xvector_half4_vs_half4,1023,0.9055030914515981,0.3333333333333333,58
0,4,xvector_half4_vs_half4,1024,0.8417053738964595,0.0,58
0,4,xvector_half4_vs_half4,1026,0.9460457104186534,0.6666666666666666,58
0,4,xvector_half4_vs_half4,1027,0.8490879448768034,0.6666666666666666,58
0,4,xvector_half4_vs_half4,1029,0.9301116613860778,0.3333333333333333,58
0,4,xvector_half4_vs_half4,1031,0.9245747331508198,0.3333333333333333,58
0,4,xvector_half4_vs_half4,1033,0.9497369959088253,0.3333333333333333,58
0,4,xvector_half4_vs_half4,1035,0.9343566396997756,0.6666666666666666,58
0,4,xvector_half4_vs_half4,1036,0.9322649112553448,0.3333333333333333,58
0,4,xvector_half4_vs_half4,1037,0.9229136546802424,0.6666666666666666,58
0,4,xvector_half4_vs_half4,1039,0.9545356670460489,0.3333333333333333,58
0,4,xvector_half4_vs_half4,1040,0.9091943769417701,0.6666666666666666,58
0,4,xvector_half4_vs_half4,1041,0.8896920852686949,0.3333333333333333,58
0,4,xvector_half4_vs_half4,1042,0.945922667568981,0.3333333333333333,58
0,4,xvector_half4_vs_half4,1044,0.9424774677781539,0.3333333333333333,58
0,4,xvector_half4_vs_half4,1046,0.9633947522224616,0.3333333333333333,58
0,4,xvector_half4_vs_half4,1048,0.924021040327294,0.3333333333333333,58
0,4,xvector_half4_vs_half4,1049,0.9030422344581501,0.6666666666666666,58
0,4,xvector_half4_vs_half4,1050,0.9383555323141285,0.6666666666666666,58
0,4,xvector_half4_vs_half4,1051,0.9526285028761268,1.0,58
0,4,xvector_half4_vs_half4,1054,0.9553969669937556,0.3333333333333333,58
0,4,xvector_half4_vs_half4,1055,0.9529976314251439,0.6666666666666666,58
0,4,xvector_half4_vs_half4,1056,0.8963979205758407,0.3333333333333333,58
0,4,xvector_half4_vs_half4,1057,0.9132547909809592,0.6666666666666666,58
0,4,xvector_half4_vs_half4,1058,0.9124550124580886,0.6666666666666666,58
0,4,xvector_half4_vs_half4,1060,0.9205143191116307,0.6666666666666666,58
0,4,xvector_half4_vs_half4,1062,0.9620412808760652,0.3333333333333333,58
0,4,xvector_half4_vs_half4,1063,0.9402011750592145,0.6666666666666666,58
0,4,xvector_half4_vs_half4,1064,0.9380479251899475,0.3333333333333333,58
0,4,xvector_half4_vs_half4,1065,0.9268510258697592,0.3333333333333333,58
0,4,xvector_half4_vs_half4,1066,0.9502906887323511,0.6666666666666666,58
0,4,xvector_half4_vs_half4,1067,0.872096957765542,0.6666666666666666,58
0,4,xvector_half4_vs_half4,1069,0.9306653542096036,0.3333333333333333,58
0,4,xvector_half4_vs_half4,1071,0.9388477037128181,0.0,58
0,4,xvector_half4_vs_half4,1072,0.9367559752683873,0.3333333333333333,58
0,4,xvector_half4_vs_half4,1073,0.9312805684579656,0.6666666666666666,58
0,4,xvector_half4_vs_half4,1074,0.9518287243532562,0.6666666666666666,58
0,4,xvector_half4_vs_half4,1075,0.9552124027192471,0.6666666666666666,58
0,4,xvector_half4_vs_half4,1077,0.9015041988372452,0.3333333333333333,58
0,4,xvector_half4_vs_half4,1078,0.9387246608631457,0.6666666666666666,58
0,4,xvector_half4_vs_half4,1079,0.9280199329416471,0.3333333333333333,58
0,4,xvector_half4_vs_half4,1080,0.924021040327294,0.6666666666666666,58
0,4,xvector_half4_vs_half4,1081,0.8865544926020488,0.3333333333333333,58
0,4,xvector_half4_vs_half4,1082,0.9640714878956598,0.6666666666666666,58
0,4,xvector_half4_vs_half4,1083,0.9336799040265774,0.3333333333333333,58
0,4,xvector_half4_vs_half4,1084,0.8893229567196778,0.6666666666666666,58
0,4,xvector_half4_vs_half4,1088,0.9394629179611801,0.6666666666666666,58
0,4,xvector_half4_vs_half4,1090,0.8586237657264143,0.3333333333333333,58
0,4,xvector_half4_vs_half4,1091,0.9316496970069827,0.3333333333333333,58
0,4,ecapa_vs_xvector,1003,0.6191208588390907,0.3333333333333333,58
0,4,ecapa_vs_xvector,1004,0.2607585591682304,0.3333333333333333,58
0,4,ecapa_vs_xvector,1005,0.7068504106555109,0.6666666666666666,58
0,4,ecapa_vs_xvector,1007,0.40096588636992836,0.0,58
0,4,ecapa_vs_xvector,1012,0.4455073979513366,0.6666666666666666,58
0,4,ecapa_vs_xvector,1014,0.5993724814666709,0.0,58
0,4,ecapa_vs_xvector,1016,0.7948260481712758,1.0,58
0,4,ecapa_vs_xvector,1018,0.5513857700944355,0.6666666666666666,58
0,4,ecapa_vs_xvector,1021,0.6818111907471778,0.3333333333333333,58
0,4,ecapa_vs_xvector,1022,0.6239195299763143,0.3333333333333333,58
0,4,ecapa_vs_xvector,1023,0.5723030545387432,0.3333333333333333,58
0,4,ecapa_vs_xvector,1024,0.3465809468147283,0.0,58
0,4,ecapa_vs_xvector,1026,0.7696637854132703,0.6666666666666666,58
0,4,ecapa_vs_xvector,1027,0.5671967762773387,0.3333333333333333,58
0,4,ecapa_vs_xvector,1029,0.6256421298717278,0.3333333333333333,58
0,4,ecapa_vs_xvector,1031,0.5233935217939648,0.6666666666666666,58
0,4,ecapa_vs_xvector,1033,0.6746747054661787,0.3333333333333333,58
0,4,ecapa_vs_xvector,1035,0.6238580085514781,0.3333333333333333,58
0,4,ecapa_vs_xvector,1036,0.22298440431880404,0.0,58
0,4,ecapa_vs_xvector,1037,0.2889353717432096,0.6666666666666666,58
0,4,ecapa_vs_xvector,1039,0.5800547540681043,0.6666666666666666,58
0,4,ecapa_vs_xvector,1040,0.5628287551139685,0.3333333333333333,58
0,4,ecapa_vs_xvector,1041,0.5735334830354671,0.3333333333333333,58
0,4,ecapa_vs_xvector,1042,0.1564797440708727,0.6666666666666666,58
0,4,ecapa_vs_xvector,1044,0.7182318742502077,0.0,58
0,4,ecapa_vs_xvector,1046,0.611184595035221,0.3333333333333333,58
0,4,ecapa_vs_xvector,1048,0.5460949275585223,0.3333333333333333,58
0,4,ecapa_vs_xvector,1049,0.5502783844473839,0.0,58
0,4,ecapa_vs_xvector,1050,0.30413116367775084,0.6666666666666666,58
0,4,ecapa_vs_xvector,1051,0.602510074133317,0.3333333333333333,58
0,4,ecapa_vs_xvector,1054,0.6608323848780339,0.6666666666666666,58
0,4,ecapa_vs_xvector,1055,0.45713494724537823,0.6666666666666666,58
0,4,ecapa_vs_xvector,1056,0.413516257036513,0.6666666666666666,58
0,4,ecapa_vs_xvector,1057,0.06610477098649606,0.3333333333333333,58
0,4,ecapa_vs_xvector,1058,0.15850995109046728,0.3333333333333333,58
0,4,ecapa_vs_xvector,1060,0.1952382417176782,0.3333333333333333,58
0,4,ecapa_vs_xvector,1062,0.5350210710880065,0.3333333333333333,58
0,4,ecapa_vs_xvector,1063,0.7152173244332339,0.6666666666666666,58
0,4,ecapa_vs_xvector,1064,0.7838752345504323,0.6666666666666666,58
0,4,ecapa_vs_xvector,1065,0.6237349657018058,0.6666666666666666,58
0,4,ecapa_vs_xvector,1066,0.6684610415577226,0.6666666666666666,58
0,4,ecapa_vs_xvector,1067,0.271155679965548,0.3333333333333333,58
0,4,ecapa_vs_xvector,1069,0.7988249407856287,0.6666666666666666,58
0,4,ecapa_vs_xvector,1071,0.41234734996462524,0.6666666666666666,58
0,4,ecapa_vs_xvector,1072,0.4394782983173891,0.6666666666666666,58
0,4,ecapa_vs_xvector,1073,0.45627364729767145,0.6666666666666666,58
0,4,ecapa_vs_xvector,1074,0.539512135101049,0.6666666666666666,58
0,4,ecapa_vs_xvector,1075,0.664585191793042,0.6666666666666666,58
0,4,ecapa_vs_xvector,1077,0.44766064782060355,0.6666666666666666,58
0,4,ecapa_vs_xvector,1078,0.31668153434433544,1.0,58
0,4,ecapa_vs_xvector,1079,0.5118890153495955,0.3333333333333333,58
0,4,ecapa_vs_xvector,1080,0.6800885908517642,0.3333333333333333,58
0,4,ecapa_vs_xvector,1081,0.5935279461072319,0.3333333333333333,58
0,4,ecapa_vs_xvector,1082,0.6132148020548157,0.6666666666666666,58
0,4,ecapa_vs_xvector,1083,0.42674336337629587,0.6666666666666666,58
0,4,ecapa_vs_xvector,1084,0.6671075702113262,0.3333333333333333,58
0,4,ecapa_vs_xvector,1088,0.5605524623950291,0.6666666666666666,58
0,4,ecapa_vs_xvector,1090,0.553108369989849,0.6666666666666666,58
0,4,ecapa_vs_xvector,1091,0.44833738349380176,0.6666666666666666,58
0,5,ecapa_half4_vs_half4,1003,0.70039066104771,0.6666666666666666,58
0,5,ecapa_half4_vs_half4,1004,0.7002676181980375,0.3333333333333333,58
0,5,ecapa_half4_vs_half4,1005,0.5949429388784645,0.3333333333333333,58
0,5,ecapa_half4_vs_half4,1007,0.6632932418714819,0.6666666666666666,58
0,5,ecapa_half4_vs_half4,1009,0.5766710757021133,0.0,58
0,5,ecapa_half4_vs_half4,1012,0.66704604878649,0.3333333333333333,58
0,5,ecapa_half4_vs_half4,1014,0.5700267618198038,0.3333333333333333,58
0,5,ecapa_half4_vs_half4,1016,0.6875942046817805,0.3333333333333333,58
0,5,ecapa_half4_vs_half4,1018,0.5921129533359993,0.6666666666666666,58
0,5,ecapa_half4_vs_half4,1021,0.6763973053615923,0.6666666666666666,58
0,5,ecapa_half4_vs_half4,1022,0.72758313082531,0.6666666666666666,58
0,5,ecapa_half4_vs_half4,1023,0.6292103725122274,0.3333333333333333,58
0,5,ecapa_half4_vs_half4,1024,0.6604017349041804,0.3333333333333333,58
0,5,ecapa_half4_vs_half4,1026,0.8113137900273771,0.6666666666666666,58
0,5,ecapa_half4_vs_half4,1027,0.6900550616752285,1.0,58
0,5,ecapa_half4_vs_half4,1029,0.5591989910486328,0.3333333333333333,58
0,5,ecapa_half4_vs_half4,1031,0.6973761112307362,0.6666666666666666,58
0,5,ecapa_half4_vs_half4,1033,0.7323202805376974,0.3333333333333333,58
0,5,ecapa_half4_vs_half4,1035,0.7160171029561045,0.0,58
0,5,ecapa_half4_vs_half4,1036,0.45781168291857643,0.3333333333333333,58
0,5,ecapa_half4_vs_half4,1037,0.49638561629087335,0.0,58
0,5,ecapa_half4_vs_half4,1039,0.4828509028269095,0.3333333333333333,58
0,5,ecapa_half4_vs_half4,1041,0.6062628810483252,0.6666666666666666,58
0,5,ecapa_half4_vs_half4,1042,0.6508043926297333,0.6666666666666666,58
0,5,ecapa_half4_vs_half4,1044,0.7849210987726477,0.6666666666666666,58
0,5,ecapa_half4_vs_half4,1046,0.42674336337629587,0.3333333333333333,58
0,5,ecapa_half4_vs_half4,1048,0.6414531360546311,0.6666666666666666,58
0,5,ecapa_half4_vs_half4,1049,0.5946353317542835,0.6666666666666666,58
0,5,ecapa_half4_vs_half4,1050,0.5560613983819865,0.0,58
0,5,ecapa_half4_vs_half4,1051,0.7929188840013536,0.6666666666666666,58
0,5,ecapa_half4_vs_half4,1054,0.7083269248515797,0.6666666666666666,58
0,5,ecapa_half4_vs_half4,1055,0.7070349749300194,0.6666666666666666,58
0,5,ecapa_half4_vs_half4,1056,0.761850564459073,0.3333333333333333,58
0,5,ecapa_half4_vs_half4,1057,0.24851579562582674,0.6666666666666666,58
0,5,ecapa_half4_vs_half4,1058,0.6918391829954783,0.3333333333333333,58
0,5,ecapa_half4_vs_half4,1060,0.6709834199760067,0.3333333333333333,58
0,5,ecapa_half4_vs_half4,1062,0.7094958319234674,0.6666666666666666,58
0,5,ecapa_half4_vs_half4,1063,0.6554800209172845,0.3333333333333333,58
0,5,ecapa_half4_vs_half4,1064,0.771140299609339,0.3333333333333333,58
0,5,ecapa_half4_vs_half4,1065,0.8407210310990804,0.3333333333333333,58
0,5,ecapa_half4_vs_half4,1066,0.724199452459319,0.0,58
0,5,ecapa_half4_vs_half4,1067,0.6353625149958474,0.3333333333333333,58
0,5,ecapa_half4_vs_half4,1069,0.678796640930204,0.3333333333333333,58
0,5,ecapa_half4_vs_half4,1071,0.630317758159279,0.3333333333333333,58
0,5,ecapa_half4_vs_half4,1072,0.6218278015318836,0.3333333333333333,58
0,5,ecapa_half4_vs_half4,1073,0.5751945615060445,0.6666666666666666,58
0,5,ecapa_half4_vs_half4,1074,0.6774431695838077,0.3333333333333333,58
0,5,ecapa_half4_vs_half4,1075,0.6572026208126981,0.6666666666666666,58
0,5,ecapa_half4_vs_half4,1077,0.6203512873358148,0.3333333333333333,58
0,5,ecapa_half4_vs_half4,1078,0.5559383555323142,0.3333333333333333,58
0,5,ecapa_half4_vs_half4,1079,0.6795964194530746,0.3333333333333333,58
0,5,ecapa_half4_vs_half4,1080,0.7661570641976069,0.6666666666666666,58
0,5,ecapa_half4_vs_half4,1081,0.6973761112307362,0.6666666666666666,58
0,5,ecapa_half4_vs_half4,1082,0.5860223322772156,0.3333333333333333,58
0,5,ecapa_half4_vs_half4,1083,0.6997139253745117,0.6666666666666666,58
0,5,ecapa_half4_vs_half4,1084,0.7043895536620629,0.3333333333333333,58
0,5,ecapa_half4_vs_half4,1088,0.7322587591128611,0.6666666666666666,58
0,5,ecapa_half4_vs_half4,1090,0.5914977390876374,0.6666666666666666,58
0,5,ecapa_half4_vs_half4,1091,0.6811344550739796,0.3333333333333333,58
0,5,xvector_half4_vs_half4,1003,0.9378633609154389,1.0,58
0,5,xvector_half4_vs_half4,1004,0.9600725952813068,0.6666666666666666,58
0,5,xvector_half4_vs_half4,1005,0.9372481466670769,1.0,58
0,5,xvector_half4_vs_half4,1007,0.8821249500138424,0.3333333333333333,58
0,5,xvector_half4_vs_half4,1009,0.9518902457780923,0.3333333333333333,58
0,5,xvector_half4_vs_half4,1012,0.9432772463010244,0.6666666666666666,58
0,5,xvector_half4_vs_half4,1014,0.8800947429942478,0.6666666666666666,58
0,5,xvector_half4_vs_half4,1016,0.9326955612291982,0.3333333333333333,58
0,5,xvector_half4_vs_half4,1018,0.9245747331508198,1.0,58
0,5,xvector_half4_vs_half4,1021,0.9426620320526624,0.6666666666666666,58
0,5,xvector_half4_vs_half4,1022,0.9445076747977484,0.3333333333333333,58
0,5,xvector_half4_vs_half4,1023,0.9351564182226462,0.6666666666666666,58
0,5,xvector_half4_vs_half4,1024,0.9365098895690426,0.6666666666666666,58
0,5,xvector_half4_vs_half4,1026,0.9357716324710081,1.0,58
0,5,xvector_half4_vs_half4,1027,0.837829524131779,0.3333333333333333,58
0,5,xvector_half4_vs_half4,1029,0.9395859608108524,0.6666666666666666,58
0,5,xvector_half4_vs_half4,1031,0.9394629179611801,0.6666666666666666,58
0,5,xvector_half4_vs_half4,1033,0.9534898028238336,0.6666666666666666,58
0,5,xvector_half4_vs_half4,1035,0.9576117382878588,0.6666666666666666,58
0,5,xvector_half4_vs_half4,1036,0.9383555323141285,0.3333333333333333,58
0,5,xvector_half4_vs_half4,1037,0.9270355901442678,0.6666666666666666,58
0,5,xvector_half4_vs_half4,1039,0.9589652096342552,0.3333333333333333,58
0,5,xvector_half4_vs_half4,1041,0.9351564182226462,0.3333333333333333,58
0,5,xvector_half4_vs_half4,1042,0.9505367744316959,0.3333333333333333,58
0,5,xvector_half4_vs_half4,1044,0.9473991817650498,0.6666666666666666,58
0,5,xvector_half4_vs_half4,1046,0.9498600387584978,0.6666666666666666,58
0,5,xvector_half4_vs_half4,1048,0.9496754744839891,0.0,58
0,5,xvector_half4_vs_half4,1049,0.9463533175428344,0.3333333333333333,58
0,5,xvector_half4_vs_half4,1050,0.9446307176474208,0.6666666666666666,58
0,5,xvector_half4_vs_half4,1051,0.9385400965886371,0.6666666666666666,58
0,5,xvector_half4_vs_half4,1054,0.9472146174905411,0.3333333333333333,58
0,5,xvector_half4_vs_half4,1055,0.9645021378695132,1.0,58
0,5,xvector_half4_vs_half4,1056,0.9512750315297304,0.3333333333333333,58
0,5,xvector_half4_vs_half4,1057,0.961672152327048,0.3333333333333333,58
0,5,xvector_half4_vs_half4,1058,0.9414316035559385,0.6666666666666666,58
0,5,xvector_half4_vs_half4,1060,0.9373096680919131,0.6666666666666666,58
0,5,xvector_half4_vs_half4,1062,0.9392783536866715,0.6666666666666666,58
0,5,xvector_half4_vs_half4,1063,0.9464148389676706,1.0,58
0,5,xvector_half4_vs_half4,1064,0.9363253252945339,0.3333333333333333,58
0,5,xvector_half4_vs_half4,1065,0.9478298317389032,0.3333333333333333,58
0,5,xvector_half4_vs_half4,1066,0.9423544249284814,0.3333333333333333,58
0,5,xvector_half4_vs_half4,1067,0.8197422252299364,0.6666666666666666,58
0,5,xvector_half4_vs_half4,1069,0.9395859608108524,0.6666666666666666,58
0,5,xvector_half4_vs_half4,1071,0.9581654311113846,0.3333333333333333,58
0,5,xvector_half4_vs_half4,1072,0.9511519886800579,0.6666666666666666,58
0,5,xvector_half4_vs_half4,1073,0.9254975545233629,0.6666666666666666,58
0,5,xvector_half4_vs_half4,1074,0.9341105540004307,1.0,58
0,5,xvector_half4_vs_half4,1075,0.9464763603925068,0.6666666666666666,58
0,5,xvector_half4_vs_half4,1077,0.9379248823402752,0.3333333333333333,58
0,5,xvector_half4_vs_half4,1078,0.8775723645759637,0.6666666666666666,58
0,5,xvector_half4_vs_half4,1079,0.9449998461964381,0.3333333333333333,58
0,5,xvector_half4_vs_half4,1080,0.9072872127718479,0.6666666666666666,58
0,5,xvector_half4_vs_half4,1081,0.9316496970069827,0.3333333333333333,58
0,5,xvector_half4_vs_half4,1082,0.949306345934972,0.6666666666666666,58
0,5,xvector_half4_vs_half4,1083,0.9230982189547511,0.6666666666666666,58
0,5,xvector_half4_vs_half4,1084,0.9330031683533792,0.3333333333333333,58
0,5,xvector_half4_vs_half4,1088,0.9250669045495095,0.6666666666666666,58
0,5,xvector_half4_vs_half4,1090,0.8562244301578026,0.3333333333333333,58
0,5,xvector_half4_vs_half4,1091,0.932634039804362,0.6666666666666666,58
0,5,ecapa_vs_xvector,1003,0.5729182687871052,0.3333333333333333,58
0,5,ecapa_vs_xvector,1004,0.22433787566520044,0.6666666666666666,58
0,5,ecapa_vs_xvector,1005,0.6156756590482636,1.0,58
0,5,ecapa_vs_xvector,1007,0.25466793810944666,0.0,58
0,5,ecapa_vs_xvector,1009,0.6111230736103849,0.6666666666666666,58
0,5,ecapa_vs_xvector,1012,0.5472638346304101,0.3333333333333333,58
0,5,ecapa_vs_xvector,1014,0.4461226121996986,0.0,58
0,5,ecapa_vs_xvector,1016,0.7602510074133317,0.6666666666666666,58
0,5,ecapa_vs_xvector,1018,0.6014026884862654,0.6666666666666666,58
0,5,ecapa_vs_xvector,1021,0.5676889476760283,0.6666666666666666,58
0,5,ecapa_vs_xvector,1022,0.6389307576363469,0.3333333333333333,58
0,5,ecapa_vs_xvector,1023,0.4408932910886217,0.3333333333333333,58
0,5,ecapa_vs_xvector,1024,0.34147466855332376,0.3333333333333333,58
0,5,ecapa_vs_xvector,1026,0.7316435448644991,0.3333333333333333,58
0,5,ecapa_vs_xvector,1027,0.5447414562121259,0.3333333333333333,58
0,5,ecapa_vs_xvector,1029,0.5447414562121259,0.0,58
0,5,ecapa_vs_xvector,1031,0.46334861115383436,0.6666666666666666,58
0,5,ecapa_vs_xvector,1033,0.6813805407733244,0.3333333333333333,58
0,5,ecapa_vs_xvector,1035,0.6700605986034638,0.3333333333333333,58
0,5,ecapa_vs_xvector,1036,0.07711710603217571,0.3333333333333333,58
0,5,ecapa_vs_xvector,1037,0.28998123596542497,0.6666666666666666,58
0,5,ecapa_vs_xvector,1039,0.4744839890491864,0.3333333333333333,58
0,5,ecapa_vs_xvector,1041,0.509858808330001,0.3333333333333333,58
0,5,ecapa_vs_xvector,1042,0.19062413485496327,0.3333333333333333,58
0,5,ecapa_vs_xvector,1044,0.6217047586822112,0.0,58
0,5,ecapa_vs_xvector,1046,0.6455135500938203,0.0,58
0,5,ecapa_vs_xvector,1048,0.5021071088006399,0.0,58
0,5,ecapa_vs_xvector,1049,0.594819896028792,0.3333333333333333,58
0,5,ecapa_vs_xvector,1050,0.09188224799286353,0.3333333333333333,58
0,5,ecapa_vs_xvector,1051,0.5699652403949677,0.6666666666666666,58
0,5,ecapa_vs_xvector,1054,0.6244117013750039,0.3333333333333333,58
0,5,ecapa_vs_xvector,1055,0.4568888615460335,0.6666666666666666,58
0,5,ecapa_vs_xvector,1056,0.2868436432987788,0.6666666666666666,58
0,5,ecapa_vs_xvector,1057,0.0934818050386047,0.6666666666666666,58
0,5,ecapa_vs_xvector,1058,0.1418991663846935,0.3333333333333333,58
0,5,ecapa_vs_xvector,1060,0.2410717032206466,0.0,58
0,5,ecapa_vs_xvector,1062,0.5368051924082562,0.3333333333333333,58
0,5,ecapa_vs_xvector,1063,0.6556645851917932,0.3333333333333333,58
0,5,ecapa_vs_xvector,1064,0.6874096404072719,0.3333333333333333,58
0,5,ecapa_vs_xvector,1065,0.6026946384078256,0.3333333333333333,58
0,5,ecapa_vs_xvector,1066,0.6779353409824972,0.6666666666666666,58
0,5,ecapa_vs_xvector,1067,0.16060167953489804,0.6666666666666666,58
0,5,ecapa_vs_xvector,1069,0.7229075025377588,0.3333333333333333,58
0,5,ecapa_vs_xvector,1071,0.3228336768279554,0.3333333333333333,58
0,5,ecapa_vs_xvector,1072,0.49540127349349417,0.6666666666666666,58
0,5,ecapa_vs_xvector,1073,0.503091451598019,0.6666666666666666,58
0,5,ecapa_vs_xvector,1074,0.5502168630225477,0.3333333333333333,58
0,5,ecapa_vs_xvector,1075,0.5711341474668554,0.6666666666666666,58
0,5,ecapa_vs_xvector,1077,0.4787289673628842,0.3333333333333333,58
0,5,ecapa_vs_xvector,1078,0.3377218616383156,1.0,58
0,5,ecapa_vs_xvector,1079,0.44624565504937097,0.0,58
0,5,ecapa_vs_xvector,1080,0.6329016580023994,0.3333333333333333,58
0,5,ecapa_vs_xvector,1081,0.5397582208003938,0.6666666666666666,58
0,5,ecapa_vs_xvector,1082,0.5544003199114093,0.3333333333333333,58
0,5,ecapa_vs_xvector,1083,0.36639084561198443,0.6666666666666666,58
0,5,ecapa_vs_xvector,1084,0.633086222276908,0.6666666666666666,58
0,5,ecapa_vs_xvector,1088,0.6161678304469532,0.6666666666666666,58
0,5,ecapa_vs_xvector,1090,0.41942231382078815,0.6666666666666666,58
0,5,ecapa_vs_xvector,1091,0.45818081146759365,0.0,58
1,0,ecapa_half4_vs_half4,1007,0.651198129748685,0.6666666666666666,59
1,0,ecapa_half4_vs_half4,1009,0.6438924605493863,0.3333333333333333,59
1,0,ecapa_half4_vs_half4,1010,0.7185856224430158,0.6666666666666666,59
1,0,ecapa_half4_vs_half4,1011,0.6649327878433664,0.6666666666666666,59
1,0,ecapa_half4_vs_half4,1012,0.6336060783167738,0.3333333333333333,59
1,0,ecapa_half4_vs_half4,1014,0.7096434833430743,0.3333333333333333,59
1,0,ecapa_half4_vs_half4,1015,0.7629456458211572,0.3333333333333333,59
1,0,ecapa_half4_vs_half4,1016,0.6221507890122735,0.6666666666666666,59
1,0,ecapa_half4_vs_half4,1019,0.5194038573933373,0.6666666666666666,59
1,0,ecapa_half4_vs_half4,1020,0.5838690824079485,0.6666666666666666,59
1,0,ecapa_half4_vs_half4,1023,0.7159555815312683,0.3333333333333333,59
1,0,ecapa_half4_vs_half4,1024,0.6272939801285797,0.6666666666666666,59
1,0,ecapa_half4_vs_half4,1025,0.7267095265926359,0.3333333333333333,59
1,0,ecapa_half4_vs_half4,1026,0.7181180596142607,0.6666666666666666,59
1,0,ecapa_half4_vs_half4,1027,0.6237288135593221,0.6666666666666666,59
1,0,ecapa_half4_vs_half4,1030,0.4565166569257744,1.0,59
1,0,ecapa_half4_vs_half4,1031,0.3981297486849795,0.3333333333333333,59
1,0,ecapa_half4_vs_half4,1032,0.8027469316189363,0.3333333333333333,59
1,0,ecapa_half4_vs_half4,1033,0.7140268848626534,0.3333333333333333,59
1,0,ecapa_half4_vs_half4,1034,0.5893629456458211,0.6666666666666666,59
1,0,ecapa_half4_vs_half4,1035,0.6082407948568089,0.0,59
1,0,ecapa_half4_vs_half4,1036,0.6004091174751607,0.0,59
1,0,ecapa_half4_vs_half4,1037,0.6960841613091759,0.3333333333333333,59
1,0,ecapa_half4_vs_half4,1038,0.7307422559906488,0.6666666666666666,59
1,0,ecapa_half4_vs_half4,1039,0.6642898889538281,0.6666666666666666,59
1,0,ecapa_half4_vs_half4,1042,0.5674459380479252,0.3333333333333333,59
1,0,ecapa_half4_vs_half4,1043,0.6223845704266511,0.3333333333333333,59
1,0,ecapa_half4_vs_half4,1044,0.6883693746347166,0.0,59
1,0,ecapa_half4_vs_half4,1045,0.6304500292226768,0.6666666666666666,59
1,0,ecapa_half4_vs_half4,1046,0.6124488603156049,0.3333333333333333,59
1,0,ecapa_half4_vs_half4,1048,0.6916423144360023,0.0,59
1,0,ecapa_half4_vs_half4,1049,0.710812390414962,0.3333333333333333,59
1,0,ecapa_half4_vs_half4,1051,0.6754529514903566,0.6666666666666666,59
1,0,ecapa_half4_vs_half4,1052,0.7476914085330216,0.3333333333333333,59
1,0,ecapa_half4_vs_half4,1053,0.6380479251899474,0.6666666666666666,59
1,0,ecapa_half4_vs_half4,1054,0.7896551724137931,0.6666666666666666,59
1,0,ecapa_half4_vs_half4,1056,0.5901227352425482,0.6666666666666666,59
1,0,ecapa_half4_vs_half4,1058,0.5926943308007013,0.6666666666666666,59
1,0,ecapa_half4_vs_half4,1059,0.7335476329631794,0.6666666666666666,59
1,0,ecapa_half4_vs_half4,1060,0.6812390414962011,0.3333333333333333,59
1,0,ecapa_half4_vs_half4,1062,0.7364699006428989,0.6666666666666666,59
1,0,ecapa_half4_vs_half4,1063,0.72343658679135,0.3333333333333333,59
1,0,ecapa_half4_vs_half4,1066,0.7548217416715371,0.6666666666666666,59
1,0,ecapa_half4_vs_half4,1068,0.855698421975453,0.6666666666666666,59
1,0,ecapa_half4_vs_half4,1069,0.7817650496785505,0.6666666666666666,59
1,0,ecapa_half4_vs_half4,1070,0.655406195207481,0.3333333333333333,59
1,0,ecapa_half4_vs_half4,1071,0.6119812974868498,0.3333333333333333,59
1,0,ecapa_half4_vs_half4,1072,0.6235534774985388,0.6666666666666666,59
1,0,ecapa_half4_vs_half4,1073,0.48234950321449443,0.3333333333333333,59
1,0,ecapa_half4_vs_half4,1074,0.6449444769140853,0.6666666666666666,59
1,0,ecapa_half4_vs_half4,1079,0.6725306838106371,0.3333333333333333,59
1,0,ecapa_half4_vs_half4,1080,0.7507890122735242,0.6666666666666666,59
1,0,ecapa_half4_vs_half4,1081,0.6801285797779076,0.3333333333333333,59
1,0,ecapa_half4_vs_half4,1082,0.7101110461718293,0.0,59
1,0,ecapa_half4_vs_half4,1083,0.6299824663939216,0.3333333333333333,59
1,0,ecapa_half4_vs_half4,1084,0.6014611338398598,0.3333333333333333,59
1,0,ecapa_half4_vs_half4,1085,0.8419637638807714,0.0,59
1,0,ecapa_half4_vs_half4,1087,0.7319111630625366,0.3333333333333333,59
1,0,ecapa_half4_vs_half4,1088,0.732729398012858,0.6666666666666666,59
1,0,ecapa_half4_vs_half4,1089,0.39602571595558156,0.6666666666666666,59
1,0,xvector_half4_vs_half4,1007,0.8473991817650497,0.6666666666666666,59
1,0,xvector_half4_vs_half4,1009,0.949853886616014,0.3333333333333333,59
1,0,xvector_half4_vs_half4,1010,0.9417299824663939,0.6666666666666666,59
1,0,xvector_half4_vs_half4,1011,0.9298071303331386,0.6666666666666666,59
1,0,xvector_half4_vs_half4,1012,0.9347165400350672,0.3333333333333333,59
1,0,xvector_half4_vs_half4,1014,0.9308591466978375,1.0,59
1,0,xvector_half4_vs_half4,1015,0.9713033313851549,0.6666666666666666,59
1,0,xvector_half4_vs_half4,1016,0.9241379310344827,0.3333333333333333,59
1,0,xvector_half4_vs_half4,1019,0.9341320864991233,0.0,59
1,0,xvector_half4_vs_half4,1020,0.9383985973115138,0.6666666666666666,59
1,0,xvector_half4_vs_half4,1023,0.9563413208649912,0.6666666666666666,59
1,0,xvector_half4_vs_half4,1024,0.9093512565751023,0.3333333333333333,59
1,0,xvector_half4_vs_half4,1025,0.9514319111630626,0.3333333333333333,59
1,0,xvector_half4_vs_half4,1026,0.9514319111630626,1.0,59
1,0,xvector_half4_vs_half4,1027,0.939333722969024,0.6666666666666666,59
1,0,xvector_half4_vs_half4,1030,0.9334307422559907,0.6666666666666666,59
1,0,xvector_half4_vs_half4,1031,0.9383401519579193,0.3333333333333333,59
1,0,xvector_half4_vs_half4,1032,0.8908825248392753,0.6666666666666666,59
1,0,xvector_half4_vs_half4,1033,0.9524254821741671,0.3333333333333333,59
1,0,xvector_half4_vs_half4,1034,0.9713033313851549,0.6666666666666666,59
1,0,xvector_half4_vs_half4,1035,0.9611338398597311,0.6666666666666666,59
1,0,xvector_half4_vs_half4,1036,0.9265926358854472,0.6666666666666666,59
1,0,xvector_half4_vs_half4,1037,0.954354178842782,0.6666666666666666,59
1,0,xvector_half4_vs_half4,1038,0.8991817650496785,0.3333333333333333,59
1,0,xvector_half4_vs_half4,1039,0.9716540035067213,0.6666666666666666,59
1,0,xvector_half4_vs_half4,1042,0.9576271186440678,0.0,59
1,0,xvector_half4_vs_half4,1043,0.9646405610753945,0.6666666666666666,59
1,0,xvector_half4_vs_half4,1044,0.9600818234950321,0.6666666666666666,59
1,0,xvector_half4_vs_half4,1045,0.8926943308007014,0.3333333333333333,59
1,0,xvector_half4_vs_half4,1046,0.9661016949152542,0.3333333333333333,59
1,0,xvector_half4_vs_half4,1048,0.9530683810637054,0.0,59
1,0,xvector_half4_vs_half4,1049,0.9378141437755698,0.3333333333333333,59
1,0,xvector_half4_vs_half4,1051,0.9710695499707773,0.6666666666666666,59
1,0,xvector_half4_vs_half4,1052,0.9541788427819988,0.3333333333333333,59
1,0,xvector_half4_vs_half4,1053,0.968030391583869,1.0,59
1,0,xvector_half4_vs_half4,1054,0.9502045587375804,0.3333333333333333,59
1,0,xvector_half4_vs_half4,1056,0.9496785505552309,0.6666666666666666,59
1,0,xvector_half4_vs_half4,1058,0.9683810637054354,0.6666666666666666,59
1,0,xvector_half4_vs_half4,1059,0.9111630625365283,0.6666666666666666,59
1,0,xvector_half4_vs_half4,1060,0.9441846873173583,0.3333333333333333,59
1,0,xvector_half4_vs_half4,1062,0.971478667445938,1.0,59
1,0,xvector_half4_vs_half4,1063,0.9694330800701344,0.6666666666666666,59
1,0,xvector_half4_vs_half4,1066,0.9746931618936294,0.6666666666666666,59
1,0,xvector_half4_vs_half4,1068,0.9656341320864992,0.3333333333333333,59
1,0,xvector_half4_vs_half4,1069,0.9708942139099942,0.0,59
1,0,xvector_half4_vs_half4,1070,0.9682057276446523,0.6666666666666666,59
1,0,xvector_half4_vs_half4,1071,0.9625365283459965,0.0,59
1,0,xvector_half4_vs_half4,1072,0.964406779661017,0.6666666666666666,59
1,0,xvector_half4_vs_half4,1073,0.9421390999415546,0.6666666666666666,59
1,0,xvector_half4_vs_half4,1074,0.9648743424897721,0.6666666666666666,59
1,0,xvector_half4_vs_half4,1079,0.9557568673290473,0.3333333333333333,59
1,0,xvector_half4_vs_half4,1080,0.9408533021624781,0.6666666666666666,59
1,0,xvector_half4_vs_half4,1081,0.9333138515488019,0.3333333333333333,59
1,0,xvector_half4_vs_half4,1082,0.9370543541788428,0.0,59
1,0,xvector_half4_vs_half4,1083,0.9506136762127411,0.6666666666666666,59
1,0,xvector_half4_vs_half4,1084,0.9552893045002923,0.0,59
1,0,xvector_half4_vs_half4,1085,0.9569842197545295,0.3333333333333333,59
1,0,xvector_half4_vs_half4,1087,0.965166569257744,0.3333333333333333,59
1,0,xvector_half4_vs_half4,1088,0.9518994739918176,0.6666666666666666,59
1,0,xvector_half4_vs_half4,1089,0.939041496201052,0.3333333333333333,59
1,0,ecapa_vs_xvector,1007,0.44219754529514904,1.0,59
1,0,ecapa_vs_xvector,1009,0.5040327293980129,0.6666666666666666,59
1,0,ecapa_vs_xvector,1010,0.6331385154880187,0.6666666666666666,59
1,0,ecapa_vs_xvector,1011,0.6506721215663355,0.6666666666666666,59
1,0,ecapa_vs_xvector,1012,0.5531852717708942,0.3333333333333333,59
1,0,ecapa_vs_xvector,1014,0.6535359438924605,0.3333333333333333,59
1,0,ecapa_vs_xvector,1015,0.6454120397428404,0.3333333333333333,59
1,0,ecapa_vs_xvector,1016,0.7049094097019287,0.3333333333333333,59
1,0,ecapa_vs_xvector,1019,0.5907071887784922,0.3333333333333333,59
1,0,ecapa_vs_xvector,1020,0.43933372296902395,0.3333333333333333,59
1,0,ecapa_vs_xvector,1023,0.5777323202805377,0.6666666666666666,59
1,0,ecapa_vs_xvector,1024,0.5125073056691993,0.3333333333333333,59
1,0,ecapa_vs_xvector,1025,0.6538281706604325,0.6666666666666666,59
1,0,ecapa_vs_xvector,1026,0.7420222092343659,0.3333333333333333,59
1,0,ecapa_vs_xvector,1027,0.5029807130333138,0.6666666666666666,59
1,0,ecapa_vs_xvector,1030,0.4945645821157218,0.3333333333333333,59
1,0,ecapa_vs_xvector,1031,0.5112799532437171,0.6666666666666666,59
1,0,ecapa_vs_xvector,1032,0.42536528345996494,0.0,59
1,0,ecapa_vs_xvector,1033,0.6818234950321449,0.6666666666666666,59
1,0,ecapa_vs_xvector,1034,0.4723553477498539,0.6666666666666666,59
1,0,ecapa_vs_xvector,1035,0.5764465225014611,0.6666666666666666,59
1,0,ecapa_vs_xvector,1036,-0.16101694915254236,0.0,59
1,0,ecapa_vs_xvector,1037,0.4405026300409117,1.0,59
1,0,ecapa_vs_xvector,1038,0.5618351841028638,0.3333333333333333,59
1,0,ecapa_vs_xvector,1039,0.40835768556399765,0.6666666666666666,59
1,0,ecapa_vs_xvector,1042,0.40882524839275275,0.3333333333333333,59
1,0,ecapa_vs_xvector,1043,0.39421390999415545,0.6666666666666666,59
1,0,ecapa_vs_xvector,1044,0.6860315604909409,0.0,59
1,0,ecapa_vs_xvector,1045,0.5399766218585622,0.6666666666666666,59
1,0,ecapa_vs_xvector,1046,0.5090590298071304,0.6666666666666666,59
1,0,ecapa_vs_xvector,1048,0.4293980128579778,0.0,59
1,0,ecapa_vs_xvector,1049,0.6066627703097603,0.6666666666666666,59
1,0,ecapa_vs_xvector,1051,0.5236703682057277,0.3333333333333333,59
1,0,ecapa_vs_xvector,1052,0.5996493278784336,0.3333333333333333,59
1,0,ecapa_vs_xvector,1053,0.6080070134424314,0.6666666666666666,59
1,0,ecapa_vs_xvector,1054,0.5695499707773232,0.6666666666666666,59
1,0,ecapa_vs_xvector,1056,0.46224430157802454,0.6666666666666666,59
1,0,ecapa_vs_xvector,1058,0.18766803039158386,0.3333333333333333,59
1,0,ecapa_vs_xvector,1059,0.4152542372881356,0.6666666666666666,59
1,0,ecapa_vs_xvector,1060,0.2822326125073057,0.0,59
1,0,ecapa_vs_xvector,1062,0.3136177673874927,0.3333333333333333,59
1,0,ecapa_vs_xvector,1063,0.675978959672706,0.6666666666666666,59
1,0,ecapa_vs_xvector,1066,0.6050263004091174,0.6666666666666666,59
1,0,ecapa_vs_xvector,1068,0.613500876680304,0.6666666666666666,59
1,0,ecapa_vs_xvector,1069,0.6397428404441847,0.3333333333333333,59
1,0,ecapa_vs_xvector,1070,0.5405610753945062,0.6666666666666666,59
1,0,ecapa_vs_xvector,1071,0.27247223845704266,1.0,59
1,0,ecapa_vs_xvector,1072,0.519812974868498,0.6666666666666666,59
1,0,ecapa_vs_xvector,1073,0.43874926943308007,0.6666666666666666,59
1,0,ecapa_vs_xvector,1074,0.5702513150204559,1.0,59
1,0,ecapa_vs_xvector,1079,0.38234950321449446,0.3333333333333333,59
1,0,ecapa_vs_xvector,1080,0.6796025715955581,1.0,59
1,0,ecapa_vs_xvector,1081,0.4455873758036236,0.6666666666666666,59
1,0,ecapa_vs_xvector,1082,0.6398597311513735,0.0,59
1,0,ecapa_vs_xvector,1083,0.34576271186440677,0.6666666666666666,59
1,0,ecapa_vs_xvector,1084,0.7130917592051432,0.6666666666666666,59
1,0,ecapa_vs_xvector,1085,0.5510227936879019,0.3333333333333333,59
1,0,ecapa_vs_xvector,1087,0.198947983635301,0.3333333333333333,59
1,0,ecapa_vs_xvector,1088,0.577030976037405,0.6666666666666666,59
1,0,ecapa_vs_xvector,1089,0.34886031560490943,0.3333333333333333,59
1,1,ecapa_half4_vs_half4,1007,0.7320126734135164,0.6666666666666666,58
1,1,ecapa_half4_vs_half4,1010,0.7795687348118984,0.3333333333333333,58
1,1,ecapa_half4_vs_half4,1011,0.7101110461718294,0.6666666666666666,58
1,1,ecapa_half4_vs_half4,1012,0.5952505460026455,0.6666666666666666,58
1,1,ecapa_half4_vs_half4,1013,0.6686456058322312,0.3333333333333333,58
1,1,ecapa_half4_vs_half4,1014,0.705681503583623,0.3333333333333333,58
1,1,ecapa_half4_vs_half4,1015,0.7980866836875943,0.0,58
1,1,ecapa_half4_vs_half4,1016,0.6276108154664862,0.3333333333333333,58
1,1,ecapa_half4_vs_half4,1020,0.6464363714663632,0.6666666666666666,58
1,1,ecapa_half4_vs_half4,1023,0.7091267033744503,0.0,58
1,1,ecapa_half4_vs_half4,1024,0.6423759574271741,1.0,58
1,1,ecapa_half4_vs_half4,1025,0.7656648927989174,0.6666666666666666,58
1,1,ecapa_half4_vs_half4,1026,0.77144790673352,0.3333333333333333,58
1,1,ecapa_half4_vs_half4,1027,0.5660278692054509,1.0,58
1,1,ecapa_half4_vs_half4,1030,0.628472115414193,0.6666666666666666,58
1,1,ecapa_half4_vs_half4,1031,0.7958103909686549,0.6666666666666666,58
1,1,ecapa_half4_vs_half4,1032,0.6297640653357532,0.0,58
1,1,ecapa_half4_vs_half4,1033,0.8031314405241626,0.3333333333333333,58
1,1,ecapa_half4_vs_half4,1034,0.7213694669168539,0.6666666666666666,58
1,1,ecapa_half4_vs_half4,1035,0.6050939739764374,0.0,58
1,1,ecapa_half4_vs_half4,1036,0.6552339352179397,0.3333333333333333,58
1,1,ecapa_half4_vs_half4,1037,0.6853794333876774,0.6666666666666666,58
1,1,ecapa_half4_vs_half4,1038,0.7337967947337661,1.0,58
1,1,ecapa_half4_vs_half4,1039,0.693623304315728,0.6666666666666666,58
1,1,ecapa_half4_vs_half4,1042,0.691777661570642,0.6666666666666666,58
1,1,ecapa_half4_vs_half4,1043,0.38177120182103425,0.3333333333333333,58
1,1,ecapa_half4_vs_half4,1044,0.7658494570734259,0.0,58
1,1,ecapa_half4_vs_half4,1045,0.7673259712694946,0.3333333333333333,58
1,1,ecapa_half4_vs_half4,1046,0.5893444892183703,0.3333333333333333,58
1,1,ecapa_half4_vs_half4,1048,0.7504691008643761,0.3333333333333333,58
1,1,ecapa_half4_vs_half4,1049,0.641760743178812,0.3333333333333333,58
1,1,ecapa_half4_vs_half4,1051,0.7638192500538313,0.6666666666666666,58
1,1,ecapa_half4_vs_half4,1052,0.775754406472054,0.3333333333333333,58
1,1,ecapa_half4_vs_half4,1053,0.564551355009382,0.6666666666666666,58
1,1,ecapa_half4_vs_half4,1054,0.6013411670614293,0.0,58
1,1,ecapa_half4_vs_half4,1056,0.7472084653480575,1.0,58
1,1,ecapa_half4_vs_half4,1058,0.6727675412962565,0.6666666666666666,58
1,1,ecapa_half4_vs_half4,1059,0.7123258174659326,0.6666666666666666,58
1,1,ecapa_half4_vs_half4,1060,0.5224091789965856,0.3333333333333333,58
1,1,ecapa_half4_vs_half4,1062,0.7134332031129842,0.3333333333333333,58
1,1,ecapa_half4_vs_half4,1063,0.6974991540804086,0.6666666666666666,58
1,1,ecapa_half4_vs_half4,1066,0.82454089636716,0.6666666666666666,58
1,1,ecapa_half4_vs_half4,1068,0.7344120089821281,0.6666666666666666,58
1,1,ecapa_half4_vs_half4,1069,0.6778122981328248,0.6666666666666666,58
1,1,ecapa_half4_vs_half4,1070,0.6222584515057369,0.6666666666666666,58
1,1,ecapa_half4_vs_half4,1071,0.5656587406564336,0.3333333333333333,58
1,1,ecapa_half4_vs_half4,1072,0.69423851856409,0.6666666666666666,58
1,1,ecapa_half4_vs_half4,1073,0.7347196161063091,0.6666666666666666,58
1,1,ecapa_half4_vs_half4,1074,0.6193669445384355,0.3333333333333333,58
1,1,ecapa_half4_vs_half4,1079,0.6010335599372482,0.3333333333333333,58
1,1,ecapa_half4_vs_half4,1080,0.7902119413085608,0.3333333333333333,58
1,1,ecapa_half4_vs_half4,1081,0.7148481958842168,0.6666666666666666,58
1,1,ecapa_half4_vs_half4,1082,0.752314743609462,0.0,58
1,1,ecapa_half4_vs_half4,1083,0.6349933864468302,1.0,58
1,1,ecapa_half4_vs_half4,1084,0.6715986342243687,0.6666666666666666,58
1,1,ecapa_half4_vs_half4,1085,0.6689532129564122,0.3333333333333333,58
1,1,ecapa_half4_vs_half4,1087,0.618259558891384,0.6666666666666666,58
1,1,ecapa_half4_vs_half4,1088,0.6624934633486113,0.6666666666666666,58
1,1,ecapa_half4_vs_half4,1089,0.5029068873235105,1.0,58
1,1,xvector_half4_vs_half4,1007,0.8637300439878188,0.6666666666666666,58
1,1,xvector_half4_vs_half4,1010,0.96228736657541,0.3333333333333333,58
1,1,xvector_half4_vs_half4,1011,0.9347257682487927,0.3333333333333333,58
1,1,xvector_half4_vs_half4,1012,0.9381709680396199,0.6666666666666666,58
1,1,xvector_half4_vs_half4,1013,0.9515211172290752,0.3333333333333333,58
1,1,xvector_half4_vs_half4,1014,0.8973822633732198,0.6666666666666666,58
1,1,xvector_half4_vs_half4,1015,0.9660401734904182,0.0,58
1,1,xvector_half4_vs_half4,1016,0.9379864037651113,0.3333333333333333,58
1,1,xvector_half4_vs_half4,1020,0.893752499307884,0.6666666666666666,58
1,1,xvector_half4_vs_half4,1023,0.9354640253468272,0.6666666666666666,58
1,1,xvector_half4_vs_half4,1024,0.9388477037128181,0.3333333333333333,58
1,1,xvector_half4_vs_half4,1025,0.9565043526408072,0.6666666666666666,58
1,1,xvector_half4_vs_half4,1026,0.9518287243532562,0.6666666666666666,58
1,1,xvector_half4_vs_half4,1027,0.8573933372296904,0.0,58
1,1,xvector_half4_vs_half4,1030,0.9233443046540959,0.0,58
1,1,xvector_half4_vs_half4,1031,0.9426620320526624,1.0,58
1,1,xvector_half4_vs_half4,1032,0.9048878772032362,0.0,58
1,1,xvector_half4_vs_half4,1033,0.9561967455166263,0.6666666666666666,58
1,1,xvector_half4_vs_half4,1034,0.9531821956996525,0.6666666666666666,58
1,1,xvector_half4_vs_half4,1035,0.959518902457781,1.0,58
1,1,xvector_half4_vs_half4,1036,0.9368174966932236,0.0,58
1,1,xvector_half4_vs_half4,1037,0.9319573041311637,0.3333333333333333,58
1,1,xvector_half4_vs_half4,1038,0.9418622535297918,0.3333333333333333,58
1,1,xvector_half4_vs_half4,1039,0.9651173521178752,0.6666666666666666,58
1,1,xvector_half4_vs_half4,1042,0.9328186040788705,0.3333333333333333,58
1,1,xvector_half4_vs_half4,1043,0.9596419453074534,0.6666666666666666,58
1,1,xvector_half4_vs_half4,1044,0.9502291673075149,0.6666666666666666,58
1,1,xvector_half4_vs_half4,1045,0.8959672706019872,0.6666666666666666,58
1,1,xvector_half4_vs_half4,1046,0.9519517672029285,0.3333333333333333,58
1,1,xvector_half4_vs_half4,1048,0.943461810575533,0.0,58
1,1,xvector_half4_vs_half4,1049,0.961056938078686,0.0,58
1,1,xvector_half4_vs_half4,1051,0.9718231874250208,0.6666666666666666,58
1,1,xvector_half4_vs_half4,1052,0.9616106309022118,0.3333333333333333,58
1,1,xvector_half4_vs_half4,1053,0.9641945307453321,0.6666666666666666,58
1,1,xvector_half4_vs_half4,1054,0.9511519886800579,0.6666666666666666,58
1,1,xvector_half4_vs_half4,1056,0.9763142514380634,1.0,58
1,1,xvector_half4_vs_half4,1058,0.954597188470885,0.6666666666666666,58
1,1,xvector_half4_vs_half4,1059,0.8788643144975239,0.6666666666666666,58
1,1,xvector_half4_vs_half4,1060,0.9340490325755946,0.6666666666666666,58
1,1,xvector_half4_vs_half4,1062,0.9578578239872036,1.0,58
1,1,xvector_half4_vs_half4,1063,0.9561352240917901,0.3333333333333333,58
1,1,xvector_half4_vs_half4,1066,0.9572426097388417,0.6666666666666666,58
1,1,xvector_half4_vs_half4,1068,0.9313420898828018,0.6666666666666666,58
1,1,xvector_half4_vs_half4,1069,0.9323879541050172,0.6666666666666666,58
1,1,xvector_half4_vs_half4,1070,0.9509674244055494,0.6666666666666666,58
1,1,xvector_half4_vs_half4,1071,0.912885662431942,0.3333333333333333,58
1,1,xvector_half4_vs_half4,1072,0.9551508812944108,0.3333333333333333,58
1,1,xvector_half4_vs_half4,1073,0.9211295333599927,0.6666666666666666,58
1,1,xvector_half4_vs_half4,1074,0.948383524562429,0.6666666666666666,58
1,1,xvector_half4_vs_half4,1079,0.9525669814512905,0.3333333333333333,58
1,1,xvector_half4_vs_half4,1080,0.9269740687194317,0.6666666666666666,58
1,1,xvector_half4_vs_half4,1081,0.9102402411639855,0.3333333333333333,58
1,1,xvector_half4_vs_half4,1082,0.9562582669414624,0.6666666666666666,58
1,1,xvector_half4_vs_half4,1083,0.9522593743271095,0.6666666666666666,58
1,1,xvector_half4_vs_half4,1084,0.949306345934972,0.3333333333333333,58
1,1,xvector_half4_vs_half4,1085,0.9125165338829249,0.0,58
1,1,xvector_half4_vs_half4,1087,0.9669629948629611,0.6666666666666666,58
1,1,xvector_half4_vs_half4,1088,0.9460457104186534,0.6666666666666666,58
1,1,xvector_half4_vs_half4,1089,0.9538589313728507,0.6666666666666666,58
1,1,ecapa_vs_xvector,1007,0.44907564059183613,0.6666666666666666,58
1,1,ecapa_vs_xvector,1010,0.7006367467470548,0.6666666666666666,58
1,1,ecapa_vs_xvector,1011,0.6441600787474239,0.6666666666666666,58
1,1,ecapa_vs_xvector,1012,0.48205112430403896,0.6666666666666666,58
1,1,ecapa_vs_xvector,1013,0.5632594050878219,1.0,58
1,1,ecapa_vs_xvector,1014,0.5460334061336861,0.3333333333333333,58
1,1,ecapa_vs_xvector,1015,0.6906087544987543,0.3333333333333333,58
1,1,ecapa_vs_xvector,1016,0.74117936571411,1.0,58
1,1,ecapa_vs_xvector,1020,0.4210218708665293,0.3333333333333333,58
1,1,ecapa_vs_xvector,1023,0.5490479559506599,0.3333333333333333,58
1,1,ecapa_vs_xvector,1024,0.5378510566304716,0.3333333333333333,58
1,1,ecapa_vs_xvector,1025,0.6723368913224032,0.3333333333333333,58
1,1,ecapa_vs_xvector,1026,0.7331200590605679,0.0,58
1,1,ecapa_vs_xvector,1027,0.4707311821341783,0.6666666666666666,58
1,1,ecapa_vs_xvector,1030,0.46181057553292937,0.3333333333333333,58
1,1,ecapa_vs_xvector,1031,0.5884831892706636,0.6666666666666666,58
1,1,ecapa_vs_xvector,1032,0.53366759974161,0.0,58
1,1,ecapa_vs_xvector,1033,0.7833830631517427,0.3333333333333333,58
1,1,ecapa_vs_xvector,1034,0.4946630163954598,0.6666666666666666,58
1,1,ecapa_vs_xvector,1035,0.7287520378971978,0.0,58
1,1,ecapa_vs_xvector,1036,-0.08093143437202006,0.0,58
1,1,ecapa_vs_xvector,1037,0.45141345473561173,0.6666666666666666,58
1,1,ecapa_vs_xvector,1038,0.5681195976498816,0.3333333333333333,58
1,1,ecapa_vs_xvector,1039,0.4418776338860009,0.6666666666666666,58
1,1,ecapa_vs_xvector,1042,0.32480236242271376,0.6666666666666666,58
1,1,ecapa_vs_xvector,1043,0.4742379033498416,0.3333333333333333,58
1,1,ecapa_vs_xvector,1044,0.6808883693746348,0.0,58
1,1,ecapa_vs_xvector,1045,0.5732258759112862,0.6666666666666666,58
1,1,ecapa_vs_xvector,1046,0.5717493617152174,0.6666666666666666,58
1,1,ecapa_vs_xvector,1048,0.3730966809191301,0.3333333333333333,58
1,1,ecapa_vs_xvector,1049,0.6501891783813714,0.0,58
1,1,ecapa_vs_xvector,1051,0.6129071949306346,0.3333333333333333,58
1,1,ecapa_vs_xvector,1052,0.6504967855055523,0.3333333333333333,58
1,1,ecapa_vs_xvector,1053,0.5548924913100988,0.3333333333333333,58
1,1,ecapa_vs_xvector,1054,0.6511119997539144,0.6666666666666666,58
1,1,ecapa_vs_xvector,1056,0.5335445568919377,0.6666666666666666,58
1,1,ecapa_vs_xvector,1058,0.1967762773385832,0.3333333333333333,58
1,1,ecapa_vs_xvector,1059,0.34750376818727124,0.6666666666666666,58
1,1,ecapa_vs_xvector,1060,0.21535574763911536,0.0,58
1,1,ecapa_vs_xvector,1062,0.3915531083699899,0.3333333333333333,58
1,1,ecapa_vs_xvector,1063,0.5954966317019903,0.3333333333333333,58
1,1,ecapa_vs_xvector,1066,0.6290258082377188,0.6666666666666666,58
1,1,ecapa_vs_xvector,1068,0.5705189332184935,0.6666666666666666,58
1,1,ecapa_vs_xvector,1069,0.6461287643421822,0.3333333333333333,58
1,1,ecapa_vs_xvector,1070,0.4742379033498416,0.6666666666666666,58
1,1,ecapa_vs_xvector,1071,0.3494724537820296,0.3333333333333333,58
1,1,ecapa_vs_xvector,1072,0.6369620720415885,1.0,58
1,1,ecapa_vs_xvector,1073,0.42526684918022706,0.3333333333333333,58
1,1,ecapa_vs_xvector,1074,0.6265034298194347,0.3333333333333333,58
1,1,ecapa_vs_xvector,1079,0.5733489187609586,0.3333333333333333,58
1,1,ecapa_vs_xvector,1080,0.8194346181057555,0.6666666666666666,58
1,1,ecapa_vs_xvector,1081,0.4690085822387647,0.6666666666666666,58
1,1,ecapa_vs_xvector,1082,0.6184441231658926,0.3333333333333333,58
1,1,ecapa_vs_xvector,1083,0.3657141099387862,0.6666666666666666,58
1,1,ecapa_vs_xvector,1084,0.6088467808914455,0.6666666666666666,58
1,1,ecapa_vs_xvector,1085,0.6083546094927559,0.6666666666666666,58
1,1,ecapa_vs_xvector,1087,0.24334799593958598,0.3333333333333333,58
1,1,ecapa_vs_xvector,1088,0.7134947245378204,0.6666666666666666,58
1,1,ecapa_vs_xvector,1089,0.4140084284352026,0.3333333333333333,58
1,2,ecapa_half4_vs_half4,1002,0.7990481226864093,0.3333333333333333,61
1,2,ecapa_half4_vs_half4,1006,0.6373347435219461,0.6666666666666666,61
1,2,ecapa_half4_vs_half4,1007,0.6246959280803808,0.3333333333333333,61
1,2,ecapa_half4_vs_half4,1009,0.4714436805922792,0.0,61
1,2,ecapa_half4_vs_half4,1010,0.7228450555261766,0.3333333333333333,61
1,2,ecapa_half4_vs_half4,1011,0.6923320994182972,0.6666666666666666,61
1,2,ecapa_half4_vs_half4,1012,0.6248545742993126,0.0,61
1,2,ecapa_half4_vs_half4,1013,0.6762030671602327,0.3333333333333333,61
1,2,ecapa_half4_vs_half4,1014,0.8213114754098361,0.3333333333333333,61
1,2,ecapa_half4_vs_half4,1015,0.7641988365943945,0.3333333333333333,61
1,2,ecapa_half4_vs_half4,1016,0.6646747752511899,0.6666666666666666,61
1,2,ecapa_half4_vs_half4,1020,0.6842940243257536,1.0,61
1,2,ecapa_half4_vs_half4,1023,0.8003172924378635,1.0,61
1,2,ecapa_half4_vs_half4,1024,0.6233738762559492,0.6666666666666666,61
1,2,ecapa_half4_vs_half4,1025,0.722104706504495,0.6666666666666666,61
1,2,ecapa_half4_vs_half4,1026,0.7278688524590164,0.0,61
1,2,ecapa_half4_vs_half4,1027,0.6559492332099418,0.3333333333333333,61
1,2,ecapa_half4_vs_half4,1030,0.7130618720253834,0.6666666666666666,61
1,2,ecapa_half4_vs_half4,1031,0.587625594923321,0.3333333333333333,61
1,2,ecapa_half4_vs_half4,1032,0.5923320994182972,0.3333333333333333,61
1,2,ecapa_half4_vs_half4,1033,0.6811739820200952,0.3333333333333333,61
1,2,ecapa_half4_vs_half4,1034,0.5015335801163405,0.3333333333333333,61
1,2,ecapa_half4_vs_half4,1035,0.4397673188789,0.0,61
1,2,ecapa_half4_vs_half4,1036,0.4898466419883659,0.0,61
1,2,ecapa_half4_vs_half4,1037,0.6416710735060814,0.6666666666666666,61
1,2,ecapa_half4_vs_half4,1038,0.5608143839238499,0.6666666666666666,61
1,2,ecapa_half4_vs_half4,1039,0.6805393971443681,0.6666666666666666,61
1,2,ecapa_half4_vs_half4,1042,0.5213643574828133,0.6666666666666666,61
1,2,ecapa_half4_vs_half4,1043,0.542781597038604,0.3333333333333333,61
1,2,ecapa_half4_vs_half4,1044,0.7650978318350079,0.3333333333333333,61
1,2,ecapa_half4_vs_half4,1045,0.6212057112638816,0.3333333333333333,61
1,2,ecapa_half4_vs_half4,1046,0.5962453728186144,0.3333333333333333,61
1,2,ecapa_half4_vs_half4,1048,0.7400846113167636,0.3333333333333333,61
1,2,ecapa_half4_vs_half4,1049,0.6547329455314649,0.0,61
1,2,ecapa_half4_vs_half4,1051,0.738339502908514,0.6666666666666666,61
1,2,ecapa_half4_vs_half4,1052,0.7848757271285034,1.0,61
1,2,ecapa_half4_vs_half4,1053,0.4500793231094659,0.3333333333333333,61
1,2,ecapa_half4_vs_half4,1054,0.643204653622422,0.0,61
1,2,ecapa_half4_vs_half4,1056,0.6331041776837653,0.3333333333333333,61
1,2,ecapa_half4_vs_half4,1058,0.6502379693283977,0.6666666666666666,61
1,2,ecapa_half4_vs_half4,1059,0.7144368059227921,0.6666666666666666,61
1,2,ecapa_half4_vs_half4,1060,0.615811739820201,0.6666666666666666,61
1,2,ecapa_half4_vs_half4,1062,0.6401903754627182,1.0,61
1,2,ecapa_half4_vs_half4,1063,0.6720782654680063,0.3333333333333333,61
1,2,ecapa_half4_vs_half4,1066,0.7094130089899524,0.3333333333333333,61
1,2,ecapa_half4_vs_half4,1068,0.7583818085668959,0.6666666666666666,61
1,2,ecapa_half4_vs_half4,1069,0.6753040719196193,0.0,61
1,2,ecapa_half4_vs_half4,1070,0.5585404547858276,0.6666666666666666,61
1,2,ecapa_half4_vs_half4,1071,0.5885774722369117,0.3333333333333333,61
1,2,ecapa_half4_vs_half4,1072,0.559016393442623,0.3333333333333333,61
1,2,ecapa_half4_vs_half4,1073,0.46842940243257536,0.3333333333333333,61
1,2,ecapa_half4_vs_half4,1074,0.6498677948175569,0.6666666666666666,61
1,2,ecapa_half4_vs_half4,1079,0.6409307244843998,0.0,61
1,2,ecapa_half4_vs_half4,1080,0.7747223691168694,0.3333333333333333,61
1,2,ecapa_half4_vs_half4,1081,0.7117398202009518,0.3333333333333333,61
1,2,ecapa_half4_vs_half4,1082,0.7476467477525119,0.3333333333333333,61
1,2,ecapa_half4_vs_half4,1083,0.6663670015864622,0.6666666666666666,61
1,2,ecapa_half4_vs_half4,1084,0.7595980962453728,0.3333333333333333,61
1,2,ecapa_half4_vs_half4,1085,0.6122157588577473,0.3333333333333333,61
1,2,ecapa_half4_vs_half4,1087,0.6246959280803808,1.0,61
1,2,ecapa_half4_vs_half4,1088,0.5784769962982549,0.6666666666666666,61
1,2,ecapa_half4_vs_half4,1089,0.41850872554204127,0.6666666666666666,61
1,2,xvector_half4_vs_half4,1002,0.9304600740349022,0.6666666666666666,61
1,2,xvector_half4_vs_half4,1006,0.8659968270756213,0.6666666666666666,61
1,2,xvector_half4_vs_half4,1007,0.8334214701216288,0.3333333333333333,61
1,2,xvector_half4_vs_half4,1009,0.9666314119513485,0.3333333333333333,61
1,2,xvector_half4_vs_half4,1010,0.9609201480698043,0.6666666666666666,61
1,2,xvector_half4_vs_half4,1011,0.8940772078265468,0.6666666666666666,61
1,2,xvector_half4_vs_half4,1012,0.94362771020624,0.3333333333333333,61
1,2,xvector_half4_vs_half4,1013,0.9535166578529879,0.3333333333333333,61
1,2,xvector_half4_vs_half4,1014,0.9052882072977261,0.3333333333333333,61
1,2,xvector_half4_vs_half4,1015,0.9563722897937599,0.3333333333333333,61
1,2,xvector_half4_vs_half4,1016,0.934479111581174,0.3333333333333333,61
1,2,xvector_half4_vs_half4,1020,0.8476996298254892,0.6666666666666666,61
1,2,xvector_half4_vs_half4,1023,0.9325224748810154,0.6666666666666666,61
1,2,xvector_half4_vs_half4,1024,0.9354838709677419,0.3333333333333333,61
1,2,xvector_half4_vs_half4,1025,0.9427287149656266,0.3333333333333333,61
1,2,xvector_half4_vs_half4,1026,0.9380222104706505,0.3333333333333333,61
1,2,xvector_half4_vs_half4,1027,0.8241142252776309,0.0,61
1,2,xvector_half4_vs_half4,1030,0.9406663141195135,0.3333333333333333,61
1,2,xvector_half4_vs_half4,1031,0.9023796932839767,0.3333333333333333,61
1,2,xvector_half4_vs_half4,1032,0.8929138022210471,0.3333333333333333,61
1,2,xvector_half4_vs_half4,1033,0.9553675304071919,0.6666666666666666,61
1,2,xvector_half4_vs_half4,1034,0.9361184558434691,0.6666666666666666,61
1,2,xvector_half4_vs_half4,1035,0.9299841353781069,0.6666666666666666,61
1,2,xvector_half4_vs_half4,1036,0.9328397673188789,0.0,61
1,2,xvector_half4_vs_half4,1037,0.9420412480169222,0.3333333333333333,61
1,2,xvector_half4_vs_half4,1038,0.9180856689582232,0.3333333333333333,61
1,2,xvector_half4_vs_half4,1039,0.9469063987308303,0.6666666666666666,61
1,2,xvector_half4_vs_half4,1042,0.9327868852459016,0.3333333333333333,61
1,2,xvector_half4_vs_half4,1043,0.9683236382866208,0.6666666666666666,61
1,2,xvector_half4_vs_half4,1044,0.9404547858276044,0.6666666666666666,61
1,2,xvector_half4_vs_half4,1045,0.8750396615547329,0.6666666666666666,61
1,2,xvector_half4_vs_half4,1046,0.9539397144368059,0.3333333333333333,61
1,2,xvector_half4_vs_half4,1048,0.9475938656795346,0.3333333333333333,61
1,2,xvector_half4_vs_half4,1049,0.9258593336858805,0.3333333333333333,61
1,2,xvector_half4_vs_half4,1051,0.9495505023796933,0.6666666666666666,61
1,2,xvector_half4_vs_half4,1052,0.937334743521946,0.0,61
1,2,xvector_half4_vs_half4,1053,0.9684294024325754,1.0,61
1,2,xvector_half4_vs_half4,1054,0.9397673188789001,0.6666666666666666,61
1,2,xvector_half4_vs_half4,1056,0.9332099418297197,0.3333333333333333,61
1,2,xvector_half4_vs_half4,1058,0.9289264939185616,0.6666666666666666,61
1,2,xvector_half4_vs_half4,1059,0.9262295081967213,0.0,61
1,2,xvector_half4_vs_half4,1060,0.9472236911686938,0.6666666666666666,61
1,2,xvector_half4_vs_half4,1062,0.9616076150185088,0.6666666666666666,61
1,2,xvector_half4_vs_half4,1063,0.9623479640401904,0.6666666666666666,61
1,2,xvector_half4_vs_half4,1066,0.9555261766261237,0.6666666666666666,61
1,2,xvector_half4_vs_half4,1068,0.9167107350608144,0.3333333333333333,61
1,2,xvector_half4_vs_half4,1069,0.9475938656795346,0.3333333333333333,61
1,2,xvector_half4_vs_half4,1070,0.9350608143839239,0.3333333333333333,61
1,2,xvector_half4_vs_half4,1071,0.91602326811211,0.6666666666666666,61
1,2,xvector_half4_vs_half4,1072,0.959439450026441,0.3333333333333333,61
1,2,xvector_half4_vs_half4,1073,0.9131676361713379,0.3333333333333333,61
1,2,xvector_half4_vs_half4,1074,0.9562136435748282,1.0,61
1,2,xvector_half4_vs_half4,1079,0.9613960867265997,0.6666666666666666,61
1,2,xvector_half4_vs_half4,1080,0.921311475409836,0.3333333333333333,61
1,2,xvector_half4_vs_half4,1081,0.8855631940772078,0.3333333333333333,61
1,2,xvector_half4_vs_half4,1082,0.9748810153358012,1.0,61
1,2,xvector_half4_vs_half4,1083,0.9283447911158117,0.6666666666666666,61
1,2,xvector_half4_vs_half4,1084,0.8894235854045479,0.0,61
1,2,xvector_half4_vs_half4,1085,0.9122686409307245,0.3333333333333333,61
1,2,xvector_half4_vs_half4,1087,0.9455314648334214,0.3333333333333333,61
1,2,xvector_half4_vs_half4,1088,0.9288736118455844,0.6666666666666666,61
1,2,xvector_half4_vs_half4,1089,0.9415124272871497,0.3333333333333333,61
1,2,ecapa_vs_xvector,1002,0.7445795875198308,0.6666666666666666,61
1,2,ecapa_vs_xvector,1006,0.5636700158646218,0.6666666666666666,61
1,2,ecapa_vs_xvector,1007,0.3833421470121629,1.0,61
1,2,ecapa_vs_xvector,1009,0.6072448439978847,0.6666666666666666,61
1,2,ecapa_vs_xvector,1010,0.6264939185616076,0.3333333333333333,61
1,2,ecapa_vs_xvector,1011,0.6280274986779482,0.6666666666666666,61
1,2,ecapa_vs_xvector,1012,0.6343733474352194,0.0,61
1,2,ecapa_vs_xvector,1013,0.4687466948704389,0.3333333333333333,61
1,2,ecapa_vs_xvector,1014,0.633474352194606,0.3333333333333333,61
1,2,ecapa_vs_xvector,1015,0.6969328397673189,0.0,61
1,2,ecapa_vs_xvector,1016,0.761872025383395,0.6666666666666666,61
1,2,ecapa_vs_xvector,1020,0.4948175568482284,0.6666666666666666,61
1,2,ecapa_vs_xvector,1023,0.6386039132734003,0.3333333333333333,61
1,2,ecapa_vs_xvector,1024,0.5194606028556319,0.6666666666666666,61
1,2,ecapa_vs_xvector,1025,0.6645161290322581,0.3333333333333333,61
1,2,ecapa_vs_xvector,1026,0.7521417239555791,0.3333333333333333,61
1,2,ecapa_vs_xvector,1027,0.6127445795875198,0.3333333333333333,61
1,2,ecapa_vs_xvector,1030,0.49222633527234266,0.3333333333333333,61
1,2,ecapa_vs_xvector,1031,0.5552617662612375,1.0,61
1,2,ecapa_vs_xvector,1032,0.46694870438921204,0.0,61
1,2,ecapa_vs_xvector,1033,0.7272342675832892,0.3333333333333333,61
1,2,ecapa_vs_xvector,1034,0.4869381279746166,0.6666666666666666,61
1,2,ecapa_vs_xvector,1035,0.6820729772607086,0.6666666666666666,61
1,2,ecapa_vs_xvector,1036,-0.24902168164992067,0.0,61
1,2,ecapa_vs_xvector,1037,0.48836594394500266,0.6666666666666666,61
1,2,ecapa_vs_xvector,1038,0.5545214172395558,0.3333333333333333,61
1,2,ecapa_vs_xvector,1039,0.3209941829719725,0.6666666666666666,61
1,2,ecapa_vs_xvector,1042,0.3960338445267054,0.6666666666666666,61
1,2,ecapa_vs_xvector,1043,0.47287149656266525,0.3333333333333333,61
1,2,ecapa_vs_xvector,1044,0.6122686409307245,0.3333333333333333,61
1,2,ecapa_vs_xvector,1045,0.5231623479640402,0.6666666666666666,61
1,2,ecapa_vs_xvector,1046,0.41766261237440505,0.6666666666666666,61
1,2,ecapa_vs_xvector,1048,0.4064516129032258,0.3333333333333333,61
1,2,ecapa_vs_xvector,1049,0.6151771549444738,0.6666666666666666,61
1,2,ecapa_vs_xvector,1051,0.5725542041248017,0.3333333333333333,61
1,2,ecapa_vs_xvector,1052,0.6516129032258065,0.6666666666666666,61
1,2,ecapa_vs_xvector,1053,0.6125330512956108,0.3333333333333333,61
1,2,ecapa_vs_xvector,1054,0.5761501850872555,0.3333333333333333,61
1,2,ecapa_vs_xvector,1056,0.45118984664198836,0.3333333333333333,61
1,2,ecapa_vs_xvector,1058,0.2080909571655209,0.3333333333333333,61
1,2,ecapa_vs_xvector,1059,0.373030142781597,0.6666666666666666,61
1,2,ecapa_vs_xvector,1060,0.36546800634584875,0.0,61
1,2,ecapa_vs_xvector,1062,0.3671602326811211,0.3333333333333333,61
1,2,ecapa_vs_xvector,1063,0.5733474352194606,0.6666666666666666,61
1,2,ecapa_vs_xvector,1066,0.6469063987308302,1.0,61
1,2,ecapa_vs_xvector,1068,0.5942887361184559,0.6666666666666666,61
1,2,ecapa_vs_xvector,1069,0.608937070333157,0.3333333333333333,61
1,2,ecapa_vs_xvector,1070,0.5717609730301427,0.6666666666666666,61
1,2,ecapa_vs_xvector,1071,0.3617662612374405,0.6666666666666666,61
1,2,ecapa_vs_xvector,1072,0.5485457429931253,1.0,61
1,2,ecapa_vs_xvector,1073,0.44272871496562666,0.6666666666666666,61
1,2,ecapa_vs_xvector,1074,0.5219460602855632,0.6666666666666666,61
1,2,ecapa_vs_xvector,1079,0.4359598096245373,0.3333333333333333,61
1,2,ecapa_vs_xvector,1080,0.7835536753040719,0.6666666666666666,61
1,2,ecapa_vs_xvector,1081,0.4568482284505553,0.3333333333333333,61
1,2,ecapa_vs_xvector,1082,0.6379164463246959,0.3333333333333333,61
1,2,ecapa_vs_xvector,1083,0.4047065044949762,0.6666666666666666,61
1,2,ecapa_vs_xvector,1084,0.5834479111581174,0.6666666666666666,61
1,2,ecapa_vs_xvector,1085,0.5643574828133263,0.3333333333333333,61
1,2,ecapa_vs_xvector,1087,0.22374405076679005,0.3333333333333333,61
1,2,ecapa_vs_xvector,1088,0.7331041776837652,0.6666666666666666,61
1,2,ecapa_vs_xvector,1089,0.3736118455843469,0.3333333333333333,61
1,3,ecapa_half4_vs_half4,1002,0.7273131425395942,0.0,60
1,3,ecapa_half4_vs_half4,1006,0.5641011392053347,0.3333333333333333,60
1,3,ecapa_half4_vs_half4,1007,0.6311753264795775,0.6666666666666666,60
1,3,ecapa_half4_vs_half4,1010,0.7098082800777993,0.3333333333333333,60
1,3,ecapa_half4_vs_half4,1011,0.7023061961656014,0.6666666666666666,60
1,3,ecapa_half4_vs_half4,1012,0.704084467907752,0.6666666666666666,60
1,3,ecapa_half4_vs_half4,1014,0.793831619894415,0.0,60
1,3,ecapa_half4_vs_half4,1015,0.7313142539594331,0.3333333333333333,60
1,3,ecapa_half4_vs_half4,1016,0.7509308141150318,0.6666666666666666,60
1,3,ecapa_half4_vs_half4,1019,0.6466240622395109,0.6666666666666666,60
1,3,ecapa_half4_vs_half4,1020,0.6364545707140871,0.6666666666666666,60
1,3,ecapa_half4_vs_half4,1023,0.8195609891636564,0.6666666666666666,60
1,3,ecapa_half4_vs_half4,1024,0.7246457349263683,0.6666666666666666,60
1,3,ecapa_half4_vs_half4,1025,0.617004723534315,0.3333333333333333,60
1,3,ecapa_half4_vs_half4,1026,0.7670464017782715,0.6666666666666666,60
1,3,ecapa_half4_vs_half4,1027,0.7354820783550985,0.6666666666666666,60
1,3,ecapa_half4_vs_half4,1030,0.7090858571825506,0.6666666666666666,60
1,3,ecapa_half4_vs_half4,1031,0.46507363156432335,0.3333333333333333,60
1,3,ecapa_half4_vs_half4,1032,0.5828841344818004,0.0,60
1,3,ecapa_half4_vs_half4,1033,0.6325646012781326,0.3333333333333333,60
1,3,ecapa_half4_vs_half4,1034,0.4774659627674353,0.6666666666666666,60
1,3,ecapa_half4_vs_half4,1035,0.6266740761322588,0.3333333333333333,60
1,3,ecapa_half4_vs_half4,1036,0.5272575715476521,0.0,60
1,3,ecapa_half4_vs_half4,1037,0.7644901361489301,1.0,60
1,3,ecapa_half4_vs_half4,1038,0.6191164212281188,0.6666666666666666,60
1,3,ecapa_half4_vs_half4,1039,0.6852459016393441,0.6666666666666666,60
1,3,ecapa_half4_vs_half4,1042,0.6879688802445122,1.0,60
1,3,ecapa_half4_vs_half4,1043,0.62267296471242,0.3333333333333333,60
1,3,ecapa_half4_vs_half4,1044,0.7739372047791051,0.3333333333333333,60
1,3,ecapa_half4_vs_half4,1045,0.5790497360377882,0.6666666666666666,60
1,3,ecapa_half4_vs_half4,1046,0.6347318699638788,0.6666666666666666,60
1,3,ecapa_half4_vs_half4,1048,0.6755765490414003,0.3333333333333333,60
1,3,ecapa_half4_vs_half4,1049,0.5624895804390108,0.6666666666666666,60
1,3,ecapa_half4_vs_half4,1051,0.6960266740761322,0.6666666666666666,60
1,3,ecapa_half4_vs_half4,1052,0.7731592108919143,0.6666666666666666,60
1,3,ecapa_half4_vs_half4,1053,0.6085023617671574,0.6666666666666666,60
1,3,ecapa_half4_vs_half4,1054,0.5518755209780494,0.3333333333333333,60
1,3,ecapa_half4_vs_half4,1056,0.5854404001111418,0.3333333333333333,60
1,3,ecapa_half4_vs_half4,1058,0.766101694915254,0.3333333333333333,60
1,3,ecapa_half4_vs_half4,1059,0.7339260905807167,0.6666666666666666,60
1,3,ecapa_half4_vs_half4,1060,0.7080855793275909,0.3333333333333333,60
1,3,ecapa_half4_vs_half4,1062,0.6101139205334813,0.3333333333333333,60
1,3,ecapa_half4_vs_half4,1063,0.7229786051681021,0.6666666666666666,60
1,3,ecapa_half4_vs_half4,1066,0.7776048902472907,0.6666666666666666,60
1,3,ecapa_half4_vs_half4,1068,0.8492358988607945,0.3333333333333333,60
1,3,ecapa_half4_vs_half4,1069,0.7552097804945817,0.6666666666666666,60
1,3,ecapa_half4_vs_half4,1070,0.6701861628230062,0.6666666666666666,60
1,3,ecapa_half4_vs_half4,1071,0.38121700472353426,0.3333333333333333,60
1,3,ecapa_half4_vs_half4,1072,0.5653792720200055,0.6666666666666666,60
1,3,ecapa_half4_vs_half4,1073,0.4668519033064739,0.6666666666666666,60
1,3,ecapa_half4_vs_half4,1074,0.6362878577382605,0.6666666666666666,60
1,3,ecapa_half4_vs_half4,1079,0.6801889413726033,0.3333333333333333,60
1,3,ecapa_half4_vs_half4,1080,0.7713809391497637,1.0,60
1,3,ecapa_half4_vs_half4,1081,0.7156432342317309,0.3333333333333333,60
1,3,ecapa_half4_vs_half4,1082,0.7020283412058904,0.3333333333333333,60
1,3,ecapa_half4_vs_half4,1083,0.6353987218671852,0.3333333333333333,60
1,3,ecapa_half4_vs_half4,1084,0.7465962767435397,0.6666666666666666,60
1,3,ecapa_half4_vs_half4,1085,0.7712697971658793,0.6666666666666666,60
1,3,ecapa_half4_vs_half4,1087,0.7010836343428729,0.6666666666666666,60
1,3,ecapa_half4_vs_half4,1088,0.5666574048346762,0.6666666666666666,60
1,3,ecapa_half4_vs_half4,1089,0.511364267852181,0.6666666666666666,60
1,3,xvector_half4_vs_half4,1002,0.9516532370102805,0.3333333333333333,60
1,3,xvector_half4_vs_half4,1006,0.9395943317588217,0.6666666666666666,60
1,3,xvector_half4_vs_half4,1007,0.9149208113364822,1.0,60
1,3,xvector_half4_vs_half4,1010,0.9696582383995552,0.6666666666666666,60
1,3,xvector_half4_vs_half4,1011,0.9443178660739092,0.6666666666666666,60
1,3,xvector_half4_vs_half4,1012,0.9606001667129757,0.6666666666666666,60
1,3,xvector_half4_vs_half4,1014,0.9484301194776324,0.6666666666666666,60
1,3,xvector_half4_vs_half4,1015,0.9751041956098915,0.3333333333333333,60
1,3,xvector_half4_vs_half4,1016,0.9666574048346761,0.3333333333333333,60
1,3,xvector_half4_vs_half4,1019,0.95315365379272,0.6666666666666666,60
1,3,xvector_half4_vs_half4,1020,0.9344262295081965,0.6666666666666666,60
1,3,xvector_half4_vs_half4,1023,0.9585996110030562,0.6666666666666666,60
1,3,xvector_half4_vs_half4,1024,0.9478188385662683,0.3333333333333333,60
1,3,xvector_half4_vs_half4,1025,0.952875798833009,0.6666666666666666,60
1,3,xvector_half4_vs_half4,1026,0.9646568491247567,0.6666666666666666,60
1,3,xvector_half4_vs_half4,1027,0.8972492358988606,0.3333333333333333,60
1,3,xvector_half4_vs_half4,1030,0.94181717143651,1.0,60
1,3,xvector_half4_vs_half4,1031,0.9433731592108917,0.6666666666666666,60
1,3,xvector_half4_vs_half4,1032,0.9418727424284522,0.3333333333333333,60
1,3,xvector_half4_vs_half4,1033,0.9742706307307584,0.6666666666666666,60
1,3,xvector_half4_vs_half4,1034,0.9243678799666573,0.3333333333333333,60
1,3,xvector_half4_vs_half4,1035,0.9646012781328145,0.6666666666666666,60
1,3,xvector_half4_vs_half4,1036,0.9378716310086133,0.3333333333333333,60
1,3,xvector_half4_vs_half4,1037,0.9529313698249512,0.6666666666666666,60
1,3,xvector_half4_vs_half4,1038,0.9477076965823839,0.3333333333333333,60
1,3,xvector_half4_vs_half4,1039,0.9560989163656569,0.6666666666666666,60
1,3,xvector_half4_vs_half4,1042,0.9571547652125588,0.6666666666666666,60
1,3,xvector_half4_vs_half4,1043,0.969880522367324,0.6666666666666666,60
1,3,xvector_half4_vs_half4,1044,0.955043067518755,0.6666666666666666,60
1,3,xvector_half4_vs_half4,1045,0.8203389830508473,0.3333333333333333,60
1,3,xvector_half4_vs_half4,1046,0.9626562934148373,0.3333333333333333,60
1,3,xvector_half4_vs_half4,1048,0.9519866629619337,0.0,60
1,3,xvector_half4_vs_half4,1049,0.953431508752431,0.6666666666666666,60
1,3,xvector_half4_vs_half4,1051,0.9568769102528478,0.3333333333333333,60
1,3,xvector_half4_vs_half4,1052,0.9623784384551263,0.6666666666666666,60
1,3,xvector_half4_vs_half4,1053,0.9761600444567934,1.0,60
1,3,xvector_half4_vs_half4,1054,0.9688802445123643,0.3333333333333333,60
1,3,xvector_half4_vs_half4,1056,0.959099749930536,0.6666666666666666,60
1,3,xvector_half4_vs_half4,1058,0.9632675743262016,0.6666666666666666,60
1,3,xvector_half4_vs_half4,1059,0.9110864128924699,0.3333333333333333,60
1,3,xvector_half4_vs_half4,1060,0.9573770491803276,0.6666666666666666,60
1,3,xvector_half4_vs_half4,1062,0.974715198666296,0.6666666666666666,60
1,3,xvector_half4_vs_half4,1063,0.9702695193109195,1.0,60
1,3,xvector_half4_vs_half4,1066,0.9778827452070018,0.6666666666666666,60
1,3,xvector_half4_vs_half4,1068,0.9644345651569879,0.3333333333333333,60
1,3,xvector_half4_vs_half4,1069,0.969324812447902,0.3333333333333333,60
1,3,xvector_half4_vs_half4,1070,0.9520978049458181,0.6666666666666666,60
1,3,xvector_half4_vs_half4,1071,0.9362045012503472,0.0,60
1,3,xvector_half4_vs_half4,1072,0.9728813559322032,0.6666666666666666,60
1,3,xvector_half4_vs_half4,1073,0.9085301472631284,0.3333333333333333,60
1,3,xvector_half4_vs_half4,1074,0.9706029452625727,1.0,60
1,3,xvector_half4_vs_half4,1079,0.9774381772714641,0.6666666666666666,60
1,3,xvector_half4_vs_half4,1080,0.9540427896637953,1.0,60
1,3,xvector_half4_vs_half4,1081,0.923756599055293,0.6666666666666666,60
1,3,xvector_half4_vs_half4,1082,0.960989163656571,0.0,60
1,3,xvector_half4_vs_half4,1083,0.9478744095582105,0.6666666666666666,60
1,3,xvector_half4_vs_half4,1084,0.9530425118088356,0.3333333333333333,60
1,3,xvector_half4_vs_half4,1085,0.9129202556265628,0.6666666666666666,60
1,3,xvector_half4_vs_half4,1087,0.9634342873020282,0.3333333333333333,60
1,3,xvector_half4_vs_half4,1088,0.9568213392609056,0.6666666666666666,60
1,3,xvector_half4_vs_half4,1089,0.9686023895526533,0.3333333333333333,60
1,3,ecapa_vs_xvector,1002,0.6625173659349818,0.6666666666666666,60
1,3,ecapa_vs_xvector,1006,0.5230897471519865,0.6666666666666666,60
1,3,ecapa_vs_xvector,1007,0.45457071408724636,1.0,60
1,3,ecapa_vs_xvector,1010,0.6412336760211168,0.6666666666666666,60
1,3,ecapa_vs_xvector,1011,0.6970269519310919,0.6666666666666666,60
1,3,ecapa_vs_xvector,1012,0.5928313420394553,0.3333333333333333,60
1,3,ecapa_vs_xvector,1014,0.7369824951375381,0.0,60
1,3,ecapa_vs_xvector,1015,0.5858849680466796,0.0,60
1,3,ecapa_vs_xvector,1016,0.6745762711864406,0.6666666666666666,60
1,3,ecapa_vs_xvector,1019,0.6485690469574881,0.3333333333333333,60
1,3,ecapa_vs_xvector,1020,0.42472909141428167,0.6666666666666666,60
1,3,ecapa_vs_xvector,1023,0.6365657126979716,0.3333333333333333,60
1,3,ecapa_vs_xvector,1024,0.562545151430953,1.0,60
1,3,ecapa_vs_xvector,1025,0.6572381217004722,0.6666666666666666,60
1,3,ecapa_vs_xvector,1026,0.7696026674076131,0.3333333333333333,60
1,3,ecapa_vs_xvector,1027,0.5736593498193941,1.0,60
1,3,ecapa_vs_xvector,1030,0.4764656849124756,0.3333333333333333,60
1,3,ecapa_vs_xvector,1031,0.5821061405946095,0.6666666666666666,60
1,3,ecapa_vs_xvector,1032,0.43573214781883846,0.0,60
1,3,ecapa_vs_xvector,1033,0.711364267852181,0.3333333333333333,60
1,3,ecapa_vs_xvector,1034,0.35782161711586546,0.6666666666666666,60
1,3,ecapa_vs_xvector,1035,0.6689636010002777,0.6666666666666666,60
1,3,ecapa_vs_xvector,1036,-0.10152820227841065,0.0,60
1,3,ecapa_vs_xvector,1037,0.48030008335648783,1.0,60
1,3,ecapa_vs_xvector,1038,0.6569602667407612,0.6666666666666666,60
1,3,ecapa_vs_xvector,1039,0.4116699083078632,0.6666666666666666,60
1,3,ecapa_vs_xvector,1042,0.2972492358988607,0.3333333333333333,60
1,3,ecapa_vs_xvector,1043,0.5044734648513475,0.3333333333333333,60
1,3,ecapa_vs_xvector,1044,0.7154765212559042,0.3333333333333333,60
1,3,ecapa_vs_xvector,1045,0.5473742706307306,0.6666666666666666,60
1,3,ecapa_vs_xvector,1046,0.5265351486524034,0.6666666666666666,60
1,3,ecapa_vs_xvector,1048,0.3375382050569602,0.3333333333333333,60
1,3,ecapa_vs_xvector,1049,0.6021672686857459,0.6666666666666666,60
1,3,ecapa_vs_xvector,1051,0.5963323145318142,0.3333333333333333,60
1,3,ecapa_vs_xvector,1052,0.5832731314253958,0.6666666666666666,60
1,3,ecapa_vs_xvector,1053,0.5993331480966934,1.0,60
1,3,ecapa_vs_xvector,1054,0.6056126701861627,0.0,60
1,3,ecapa_vs_xvector,1056,0.4775771047513197,0.3333333333333333,60
1,3,ecapa_vs_xvector,1058,0.2429008057793831,0.6666666666666666,60
1,3,ecapa_vs_xvector,1059,0.46223951097527083,0.6666666666666666,60
1,3,ecapa_vs_xvector,1060,0.3161433731592108,0.0,60
1,3,ecapa_vs_xvector,1062,0.22256182272853567,0.3333333333333333,60
1,3,ecapa_vs_xvector,1063,0.7462628507918865,0.6666666666666666,60
1,3,ecapa_vs_xvector,1066,0.6004445679355376,0.6666666666666666,60
1,3,ecapa_vs_xvector,1068,0.6899694359544316,0.3333333333333333,60
1,3,ecapa_vs_xvector,1069,0.6759655459849957,0.3333333333333333,60
1,3,ecapa_vs_xvector,1070,0.54937482634065,0.6666666666666666,60
1,3,ecapa_vs_xvector,1071,0.31664351208669067,0.6666666666666666,60
1,3,ecapa_vs_xvector,1072,0.5380383439844401,1.0,60
1,3,ecapa_vs_xvector,1073,0.41328146707418717,0.3333333333333333,60
1,3,ecapa_vs_xvector,1074,0.46435120866907464,1.0,60
1,3,ecapa_vs_xvector,1079,0.3372603500972492,0.0,60
1,3,ecapa_vs_xvector,1080,0.7461517088080021,1.0,60
1,3,ecapa_vs_xvector,1081,0.4638510697415948,0.6666666666666666,60
1,3,ecapa_vs_xvector,1082,0.6796332314531813,0.3333333333333333,60
1,3,ecapa_vs_xvector,1083,0.3367046401778271,0.6666666666666666,60
1,3,ecapa_vs_xvector,1084,0.7158655181994997,0.3333333333333333,60
1,3,ecapa_vs_xvector,1085,0.6138927479855514,0.6666666666666666,60
1,3,ecapa_vs_xvector,1087,0.22061683801055845,0.3333333333333333,60
1,3,ecapa_vs_xvector,1088,0.5765490414003889,0.6666666666666666,60
1,3,ecapa_vs_xvector,1089,0.492470130591831,0.3333333333333333,60
1,4,ecapa_half4_vs_half4,1007,0.6041096311790581,0.6666666666666666,58
1,4,ecapa_half4_vs_half4,1010,0.5842382109569658,0.3333333333333333,58
1,4,ecapa_half4_vs_half4,1011,0.7836906702759237,0.6666666666666666,58
1,4,ecapa_half4_vs_half4,1012,0.6568334922636809,0.6666666666666666,58
1,4,ecapa_half4_vs_half4,1014,0.7598818788643146,0.6666666666666666,58
1,4,ecapa_half4_vs_half4,1015,0.6641545418191886,0.0,58
1,4,ecapa_half4_vs_half4,1016,0.4461841336245348,0.3333333333333333,58
1,4,ecapa_half4_vs_half4,1019,0.8577009443538713,0.3333333333333333,58
1,4,ecapa_half4_vs_half4,1020,0.6653234488910764,0.6666666666666666,58
1,4,ecapa_half4_vs_half4,1023,0.8149435540927129,0.3333333333333333,58
1,4,ecapa_half4_vs_half4,1024,0.6268110369436157,0.3333333333333333,58
1,4,ecapa_half4_vs_half4,1025,0.6877172475314529,0.6666666666666666,58
1,4,ecapa_half4_vs_half4,1026,0.8146359469685319,0.3333333333333333,58
1,4,ecapa_half4_vs_half4,1027,0.37967947337660346,0.6666666666666666,58
1,4,ecapa_half4_vs_half4,1030,0.6789196837798764,1.0,58
1,4,ecapa_half4_vs_half4,1031,0.558952905349288,0.3333333333333333,58
1,4,ecapa_half4_vs_half4,1032,0.6851333476883326,0.3333333333333333,58
1,4,ecapa_half4_vs_half4,1033,0.6415761789043035,0.3333333333333333,58
1,4,ecapa_half4_vs_half4,1034,0.49626257344120095,0.3333333333333333,58
1,4,ecapa_half4_vs_half4,1035,0.5843612538066383,0.3333333333333333,58
1,4,ecapa_half4_vs_half4,1036,0.4389246054938633,0.0,58
1,4,ecapa_half4_vs_half4,1037,0.6520963425512936,0.6666666666666666,58
1,4,ecapa_half4_vs_half4,1038,0.7077117106032177,0.6666666666666666,58
1,4,ecapa_half4_vs_half4,1039,0.7265987880279308,1.0,58
1,4,ecapa_half4_vs_half4,1042,0.6594789135316375,0.6666666666666666,58
1,4,ecapa_half4_vs_half4,1043,0.5320065212710327,0.3333333333333333,58
1,4,ecapa_half4_vs_half4,1044,0.7075886677535452,0.3333333333333333,58
1,4,ecapa_half4_vs_half4,1045,0.7150327601587254,0.3333333333333333,58
1,4,ecapa_half4_vs_half4,1046,0.6703066843028085,0.6666666666666666,58
1,4,ecapa_half4_vs_half4,1048,0.6933772186163832,0.3333333333333333,58
1,4,ecapa_half4_vs_half4,1049,0.6242271371004953,0.3333333333333333,58
1,4,ecapa_half4_vs_half4,1051,0.7831369774523979,1.0,58
1,4,ecapa_half4_vs_half4,1052,0.6641545418191886,0.6666666666666666,58
1,4,ecapa_half4_vs_half4,1053,0.6297025439109171,0.3333333333333333,58
1,4,ecapa_half4_vs_half4,1054,0.6525885139499832,0.3333333333333333,58
1,4,ecapa_half4_vs_half4,1056,0.5582146482512536,1.0,58
1,4,ecapa_half4_vs_half4,1058,0.6737518840936357,0.3333333333333333,58
1,4,ecapa_half4_vs_half4,1059,0.7120182103417516,0.6666666666666666,58
1,4,ecapa_half4_vs_half4,1060,0.6544956781199053,0.0,58
1,4,ecapa_half4_vs_half4,1062,0.7085114891260882,0.6666666666666666,58
1,4,ecapa_half4_vs_half4,1063,0.6191208588390907,0.0,58
1,4,ecapa_half4_vs_half4,1066,0.7138638530868375,0.6666666666666666,58
1,4,ecapa_half4_vs_half4,1068,0.7204466455443109,0.3333333333333333,58
1,4,ecapa_half4_vs_half4,1069,0.7662801070472793,0.6666666666666666,58
1,4,ecapa_half4_vs_half4,1070,0.7460395582761697,0.6666666666666666,58
1,4,ecapa_half4_vs_half4,1071,0.5687348118982436,0.3333333333333333,58
1,4,ecapa_half4_vs_half4,1072,0.5677504691008645,0.6666666666666666,58
1,4,ecapa_half4_vs_half4,1073,0.644836814420622,0.3333333333333333,58
1,4,ecapa_half4_vs_half4,1074,0.5720569688393984,0.3333333333333333,58
1,4,ecapa_half4_vs_half4,1079,0.5872527607739396,0.0,58
1,4,ecapa_half4_vs_half4,1080,0.7744624565504938,0.6666666666666666,58
1,4,ecapa_half4_vs_half4,1081,0.6412685717801225,0.3333333333333333,58
1,4,ecapa_half4_vs_half4,1082,0.7038973822633733,0.3333333333333333,58
1,4,ecapa_half4_vs_half4,1083,0.6883324617798149,0.3333333333333333,58
1,4,ecapa_half4_vs_half4,1084,0.7317050662893353,0.6666666666666666,58
1,4,ecapa_half4_vs_half4,1085,0.7358270017533607,1.0,58
1,4,ecapa_half4_vs_half4,1087,0.713371681688148,0.6666666666666666,58
1,4,ecapa_half4_vs_half4,1088,0.6915315758712972,0.3333333333333333,58
1,4,ecapa_half4_vs_half4,1089,0.6094004737149713,0.6666666666666666,58
1,4,xvector_half4_vs_half4,1007,0.8899381709680397,0.3333333333333333,58
1,4,xvector_half4_vs_half4,1010,0.9502906887323511,0.6666666666666666,58
1,4,xvector_half4_vs_half4,1011,0.9614875880525394,0.3333333333333333,58
1,4,xvector_half4_vs_half4,1012,0.9534898028238336,0.3333333333333333,58
1,4,xvector_half4_vs_half4,1014,0.8932603279091945,0.6666666666666666,58
1,4,xvector_half4_vs_half4,1015,0.9589036882094191,0.3333333333333333,58
1,4,xvector_half4_vs_half4,1016,0.9187917192162172,0.0,58
1,4,xvector_half4_vs_half4,1019,0.9623488880002462,0.6666666666666666,58
1,4,xvector_half4_vs_half4,1020,0.905133962902581,0.3333333333333333,58
1,4,xvector_half4_vs_half4,1023,0.9472146174905411,0.3333333333333333,58
1,4,xvector_half4_vs_half4,1024,0.9546587098957213,0.6666666666666666,58
1,4,xvector_half4_vs_half4,1025,0.9640099664708236,0.6666666666666666,58
1,4,xvector_half4_vs_half4,1026,0.9581654311113846,0.3333333333333333,58
1,4,xvector_half4_vs_half4,1027,0.8676674151773356,0.3333333333333333,58
1,4,xvector_half4_vs_half4,1030,0.9263588544710697,0.6666666666666666,58
1,4,xvector_half4_vs_half4,1031,0.945922667568981,0.6666666666666666,58
1,4,xvector_half4_vs_half4,1032,0.8858162355040143,0.3333333333333333,58
1,4,xvector_half4_vs_half4,1033,0.9693008090067367,0.3333333333333333,58
1,4,xvector_half4_vs_half4,1034,0.9489372173859547,1.0,58
1,4,xvector_half4_vs_half4,1035,0.9698545018302624,0.6666666666666666,58
1,4,xvector_half4_vs_half4,1036,0.9255590759481991,0.3333333333333333,58
1,4,xvector_half4_vs_half4,1037,0.9536743670983421,0.6666666666666666,58
1,4,xvector_half4_vs_half4,1038,0.9318957827063276,0.3333333333333333,58
1,4,xvector_half4_vs_half4,1039,0.9572426097388417,0.6666666666666666,58
1,4,xvector_half4_vs_half4,1042,0.9281429757913194,0.3333333333333333,58
1,4,xvector_half4_vs_half4,1043,0.9580423882617123,0.3333333333333333,58
1,4,xvector_half4_vs_half4,1044,0.948383524562429,0.3333333333333333,58
1,4,xvector_half4_vs_half4,1045,0.8901227352425484,0.6666666666666666,58
1,4,xvector_half4_vs_half4,1046,0.9549663170199023,0.3333333333333333,58
1,4,xvector_half4_vs_half4,1048,0.9482604817127566,0.0,58
1,4,xvector_half4_vs_half4,1049,0.9571810883140055,0.6666666666666666,58
1,4,xvector_half4_vs_half4,1051,0.9642560521701684,0.3333333333333333,58
1,4,xvector_half4_vs_half4,1052,0.9561967455166263,1.0,58
1,4,xvector_half4_vs_half4,1053,0.9696699375557539,0.6666666666666666,58
1,4,xvector_half4_vs_half4,1054,0.9673936448368146,0.6666666666666666,58
1,4,xvector_half4_vs_half4,1056,0.9517672029284199,0.6666666666666666,58
1,4,xvector_half4_vs_half4,1058,0.9698545018302624,0.6666666666666666,58
1,4,xvector_half4_vs_half4,1059,0.8903688209418931,0.6666666666666666,58
1,4,xvector_half4_vs_half4,1060,0.9568119597649882,0.6666666666666666,58
1,4,xvector_half4_vs_half4,1062,0.9665323448891078,0.6666666666666666,58
1,4,xvector_half4_vs_half4,1063,0.9592728167584362,0.3333333333333333,58
1,4,xvector_half4_vs_half4,1066,0.960441723830324,0.6666666666666666,58
1,4,xvector_half4_vs_half4,1068,0.9560737026669539,0.6666666666666666,58
1,4,xvector_half4_vs_half4,1069,0.9581039096865485,0.3333333333333333,58
1,4,xvector_half4_vs_half4,1070,0.9414316035559385,1.0,58
1,4,xvector_half4_vs_half4,1071,0.9521978529022733,0.6666666666666666,58
1,4,xvector_half4_vs_half4,1072,0.966593866313944,1.0,58
1,4,xvector_half4_vs_half4,1073,0.91534651942539,0.3333333333333333,58
1,4,xvector_half4_vs_half4,1074,0.9643175735950046,1.0,58
1,4,xvector_half4_vs_half4,1079,0.9767449014119168,0.3333333333333333,58
1,4,xvector_half4_vs_half4,1080,0.933556861176905,0.6666666666666666,58
1,4,xvector_half4_vs_half4,1081,0.929250361438371,0.6666666666666666,58
1,4,xvector_half4_vs_half4,1082,0.959826509581962,0.3333333333333333,58
1,4,xvector_half4_vs_half4,1083,0.9512135101048942,0.6666666666666666,58
1,4,xvector_half4_vs_half4,1084,0.9327570826540343,0.3333333333333333,58
1,4,xvector_half4_vs_half4,1085,0.9211910547848289,0.3333333333333333,58
1,4,xvector_half4_vs_half4,1087,0.9608723738041774,0.3333333333333333,58
1,4,xvector_half4_vs_half4,1088,0.9504137315820236,0.3333333333333333,58
1,4,xvector_half4_vs_half4,1089,0.9510904672552217,0.6666666666666666,58
1,4,ecapa_vs_xvector,1007,0.4794057030360824,0.6666666666666666,58
1,4,ecapa_vs_xvector,1010,0.6347473007474854,0.6666666666666666,58
1,4,ecapa_vs_xvector,1011,0.6821187978713588,1.0,58
1,4,ecapa_vs_xvector,1012,0.4845735027223231,0.6666666666666666,58
1,4,ecapa_vs_xvector,1014,0.6550493709434311,0.3333333333333333,58
1,4,ecapa_vs_xvector,1015,0.6155526161985913,0.0,58
1,4,ecapa_vs_xvector,1016,0.6924543972438403,0.6666666666666666,58
1,4,ecapa_vs_xvector,1019,0.6183826017410564,0.3333333333333333,58
1,4,ecapa_vs_xvector,1020,0.41167061429142704,0.3333333333333333,58
1,4,ecapa_vs_xvector,1023,0.6008489956627396,0.6666666666666666,58
1,4,ecapa_vs_xvector,1024,0.4624257897812914,0.6666666666666666,58
1,4,ecapa_vs_xvector,1025,0.633086222276908,0.6666666666666666,58
1,4,ecapa_vs_xvector,1026,0.7271524808514566,0.3333333333333333,58
1,4,ecapa_vs_xvector,1027,0.5094281583561476,0.6666666666666666,58
1,4,ecapa_vs_xvector,1030,0.41917622812144334,0.3333333333333333,58
1,4,ecapa_vs_xvector,1031,0.5710726260420192,1.0,58
1,4,ecapa_vs_xvector,1032,0.47442246762435025,0.0,58
1,4,ecapa_vs_xvector,1033,0.7382263373219725,0.6666666666666666,58
1,4,ecapa_vs_xvector,1034,0.3887846442523609,0.6666666666666666,58
1,4,ecapa_vs_xvector,1035,0.6195515088129442,0.3333333333333333,58
1,4,ecapa_vs_xvector,1036,0.018425666738441666,0.0,58
1,4,ecapa_vs_xvector,1037,0.45135193331077555,0.3333333333333333,58
1,4,ecapa_vs_xvector,1038,0.6172752160940048,0.6666666666666666,58
1,4,ecapa_vs_xvector,1039,0.4947860592451322,0.6666666666666666,58
1,4,ecapa_vs_xvector,1042,0.3291088621612477,0.3333333333333333,58
1,4,ecapa_vs_xvector,1043,0.5266541573102833,0.3333333333333333,58
1,4,ecapa_vs_xvector,1044,0.7379187301977914,0.0,58
1,4,ecapa_vs_xvector,1045,0.5476944846042635,0.6666666666666666,58
1,4,ecapa_vs_xvector,1046,0.5583992125257622,0.6666666666666666,58
1,4,ecapa_vs_xvector,1048,0.4299424774677782,0.6666666666666666,58
1,4,ecapa_vs_xvector,1049,0.7026054323418132,0.3333333333333333,58
1,4,ecapa_vs_xvector,1051,0.5612907194930635,0.3333333333333333,58
1,4,ecapa_vs_xvector,1052,0.5469562275062291,0.3333333333333333,58
1,4,ecapa_vs_xvector,1053,0.5099818511796734,0.6666666666666666,58
1,4,ecapa_vs_xvector,1054,0.6103232950875143,0.3333333333333333,58
1,4,ecapa_vs_xvector,1056,0.4936786735980806,0.6666666666666666,58
1,4,ecapa_vs_xvector,1058,0.24070257467162942,0.6666666666666666,58
1,4,ecapa_vs_xvector,1059,0.4467378264480606,0.6666666666666666,58
1,4,ecapa_vs_xvector,1060,0.26524962318127293,0.0,58
1,4,ecapa_vs_xvector,1062,0.3190808699129472,0.3333333333333333,58
1,4,ecapa_vs_xvector,1063,0.7216155526161987,0.6666666666666666,58
1,4,ecapa_vs_xvector,1066,0.6010335599372482,0.6666666666666666,58
1,4,ecapa_vs_xvector,1068,0.6546802423944139,0.6666666666666666,58
1,4,ecapa_vs_xvector,1069,0.7341659232827833,0.6666666666666666,58
1,4,ecapa_vs_xvector,1070,0.4902334738072534,0.6666666666666666,58
1,4,ecapa_vs_xvector,1071,0.36940539542895817,0.6666666666666666,58
1,4,ecapa_vs_xvector,1072,0.5332984711925929,0.6666666666666666,58
1,4,ecapa_vs_xvector,1073,0.41265495708880623,0.6666666666666666,58
1,4,ecapa_vs_xvector,1074,0.46470208250023076,0.6666666666666666,58
1,4,ecapa_vs_xvector,1079,0.4859269740687195,0.3333333333333333,58
1,4,ecapa_vs_xvector,1080,0.7582208003937372,1.0,58
1,4,ecapa_vs_xvector,1081,0.49804669476145075,1.0,58
1,4,ecapa_vs_xvector,1082,0.6767049124857732,0.0,58
1,4,ecapa_vs_xvector,1083,0.3864468301085854,0.6666666666666666,58
1,4,ecapa_vs_xvector,1084,0.6869789904334185,0.6666666666666666,58
1,4,ecapa_vs_xvector,1085,0.6518502568519488,0.3333333333333333,58
1,4,ecapa_vs_xvector,1087,0.16755360054138857,0.3333333333333333,58
1,4,ecapa_vs_xvector,1088,0.6042326740287306,0.6666666666666666,58
1,4,ecapa_vs_xvector,1089,0.30456181365160423,0.3333333333333333,58
1,5,ecapa_half4_vs_half4,1007,0.7014980466947616,0.6666666666666666,58
1,5,ecapa_half4_vs_half4,1009,0.6557261066166293,0.3333333333333333,58
1,5,ecapa_half4_vs_half4,1010,0.7860900058445355,0.3333333333333333,58
1,5,ecapa_half4_vs_half4,1011,0.7403180657664032,0.6666666666666666,58
1,5,ecapa_half4_vs_half4,1012,0.7066043249561661,0.3333333333333333,58
1,5,ecapa_half4_vs_half4,1014,0.7347196161063091,0.3333333333333333,58
1,5,ecapa_half4_vs_half4,1015,0.6474822356885787,0.3333333333333333,58
1,5,ecapa_half4_vs_half4,1016,0.5980805315451106,0.3333333333333333,58
1,5,ecapa_half4_vs_half4,1020,0.6801501122766004,0.6666666666666666,58
1,5,ecapa_half4_vs_half4,1023,0.7088806176751055,1.0,58
1,5,ecapa_half4_vs_half4,1024,0.6885785474791597,1.0,58
1,5,ecapa_half4_vs_half4,1025,0.6375157648651143,0.3333333333333333,58
1,5,ecapa_half4_vs_half4,1026,0.7160786243809407,0.3333333333333333,58
1,5,ecapa_half4_vs_half4,1027,0.5345288996893168,0.6666666666666666,58
1,5,ecapa_half4_vs_half4,1030,0.4807591743824787,1.0,58
1,5,ecapa_half4_vs_half4,1031,0.4842043741733059,0.6666666666666666,58
1,5,ecapa_half4_vs_half4,1032,0.7676335783936756,0.3333333333333333,58
1,5,ecapa_half4_vs_half4,1033,0.745485865452644,0.3333333333333333,58
1,5,ecapa_half4_vs_half4,1034,0.5970961887477315,0.3333333333333333,58
1,5,ecapa_half4_vs_half4,1035,0.6906702759235904,0.3333333333333333,58
1,5,ecapa_half4_vs_half4,1036,0.5532314128395214,0.0,58
1,5,ecapa_half4_vs_half4,1037,0.6634778061459904,0.6666666666666666,58
1,5,ecapa_half4_vs_half4,1038,0.6725214555969117,0.0,58
1,5,ecapa_half4_vs_half4,1039,0.7993786336091545,0.6666666666666666,58
1,5,ecapa_half4_vs_half4,1042,0.5853455966040174,0.6666666666666666,58
1,5,ecapa_half4_vs_half4,1043,0.6119843735580917,0.3333333333333333,58
1,5,ecapa_half4_vs_half4,1044,0.6947922113876158,0.3333333333333333,58
1,5,ecapa_half4_vs_half4,1045,0.7380417730474639,0.3333333333333333,58
1,5,ecapa_half4_vs_half4,1046,0.6602786920545081,0.3333333333333333,58
1,5,ecapa_half4_vs_half4,1048,0.658740656433603,0.6666666666666666,58
1,5,ecapa_half4_vs_half4,1049,0.6435448644990619,0.6666666666666666,58
1,5,ecapa_half4_vs_half4,1051,0.6683995201328864,0.3333333333333333,58
1,5,ecapa_half4_vs_half4,1052,0.648835707034975,0.0,58
1,5,ecapa_half4_vs_half4,1053,0.67756621243348,0.3333333333333333,58
1,5,ecapa_half4_vs_half4,1054,0.7487465009689626,0.6666666666666666,58
1,5,ecapa_half4_vs_half4,1056,0.63985357900889,0.6666666666666666,58
1,5,ecapa_half4_vs_half4,1058,0.6920237472699868,0.6666666666666666,58
1,5,ecapa_half4_vs_half4,1059,0.6102617736626781,1.0,58
1,5,ecapa_half4_vs_half4,1060,0.6516656925774401,0.3333333333333333,58
1,5,ecapa_half4_vs_half4,1062,0.6329631794272356,0.6666666666666666,58
1,5,ecapa_half4_vs_half4,1063,0.6418837860284845,0.3333333333333333,58
1,5,ecapa_half4_vs_half4,1066,0.6474207142637424,0.3333333333333333,58
1,5,ecapa_half4_vs_half4,1068,0.7329970162108955,0.0,58
1,5,ecapa_half4_vs_half4,1069,0.6468055000153804,0.6666666666666666,58
1,5,ecapa_half4_vs_half4,1070,0.6362853363683904,0.3333333333333333,58
1,5,ecapa_half4_vs_half4,1071,0.6946691685379435,0.3333333333333333,58
1,5,ecapa_half4_vs_half4,1072,0.6422529145775017,0.6666666666666666,58
1,5,ecapa_half4_vs_half4,1073,0.5508935986957458,0.6666666666666666,58
1,5,ecapa_half4_vs_half4,1074,0.6519117782767849,0.3333333333333333,58
1,5,ecapa_half4_vs_half4,1079,0.6327170937278908,0.3333333333333333,58
1,5,ecapa_half4_vs_half4,1080,0.7729244209295888,0.3333333333333333,58
1,5,ecapa_half4_vs_half4,1081,0.7470854224983852,0.3333333333333333,58
1,5,ecapa_half4_vs_half4,1082,0.7398258943677136,0.6666666666666666,58
1,5,ecapa_half4_vs_half4,1083,0.6383770648128211,0.6666666666666666,58
1,5,ecapa_half4_vs_half4,1084,0.646682457165708,0.3333333333333333,58
1,5,ecapa_half4_vs_half4,1085,0.67756621243348,0.3333333333333333,58
1,5,ecapa_half4_vs_half4,1087,0.752314743609462,0.6666666666666666,58
1,5,ecapa_half4_vs_half4,1088,0.6474822356885787,0.6666666666666666,58
1,5,ecapa_half4_vs_half4,1089,0.36386846719370025,0.6666666666666666,58
1,5,xvector_half4_vs_half4,1007,0.8524716232427944,0.6666666666666666,58
1,5,xvector_half4_vs_half4,1009,0.9616106309022118,0.6666666666666666,58
1,5,xvector_half4_vs_half4,1010,0.9390937894121629,1.0,58
1,5,xvector_half4_vs_half4,1011,0.9451844104709466,0.3333333333333333,58
1,5,xvector_half4_vs_half4,1012,0.9330646897782153,0.3333333333333333,58
1,5,xvector_half4_vs_half4,1014,0.8785567073733429,1.0,58
1,5,xvector_half4_vs_half4,1015,0.9283890614906642,0.6666666666666666,58
1,5,xvector_half4_vs_half4,1016,0.9312805684579656,0.6666666666666666,58
1,5,xvector_half4_vs_half4,1020,0.884462764157618,0.6666666666666666,58
1,5,xvector_half4_vs_half4,1023,0.9115937125103818,0.3333333333333333,58
1,5,xvector_half4_vs_half4,1024,0.9356485896213357,0.3333333333333333,58
1,5,xvector_half4_vs_half4,1025,0.9525054600264543,0.6666666666666666,58
1,5,xvector_half4_vs_half4,1026,0.949921560183334,0.3333333333333333,58
1,5,xvector_half4_vs_half4,1027,0.8919068565627981,0.3333333333333333,58
1,5,xvector_half4_vs_half4,1030,0.9114706696607094,0.6666666666666666,58
1,5,xvector_half4_vs_half4,1031,0.9285736257651728,1.0,58
1,5,xvector_half4_vs_half4,1032,0.9085791626934081,0.3333333333333333,58
1,5,xvector_half4_vs_half4,1033,0.9302962256605865,0.0,58
1,5,xvector_half4_vs_half4,1034,0.9384170537389647,0.6666666666666666,58
1,5,xvector_half4_vs_half4,1035,0.9592112953336001,0.6666666666666666,58
1,5,xvector_half4_vs_half4,1036,0.9389707465624905,0.3333333333333333,58
1,5,xvector_half4_vs_half4,1037,0.9366329324187149,0.6666666666666666,58
1,5,xvector_half4_vs_half4,1038,0.9294964471377158,1.0,58
1,5,xvector_half4_vs_half4,1039,0.9648097449936942,0.6666666666666666,58
1,5,xvector_half4_vs_half4,1042,0.9670860377126336,0.6666666666666666,58
1,5,xvector_half4_vs_half4,1043,0.9614260666277032,0.6666666666666666,58
1,5,xvector_half4_vs_half4,1044,0.9640714878956598,0.3333333333333333,58
1,5,xvector_half4_vs_half4,1045,0.794887569596112,0.6666666666666666,58
1,5,xvector_half4_vs_half4,1046,0.9553969669937556,0.3333333333333333,58
1,5,xvector_half4_vs_half4,1048,0.9418622535297918,0.0,58
1,5,xvector_half4_vs_half4,1049,0.9407548678827403,0.3333333333333333,58
1,5,xvector_half4_vs_half4,1051,0.9646251807191856,1.0,58
1,5,xvector_half4_vs_half4,1052,0.9547202313205575,0.6666666666666666,58
1,5,xvector_half4_vs_half4,1053,0.9568119597649882,1.0,58
1,5,xvector_half4_vs_half4,1054,0.96536343781722,1.0,58
1,5,xvector_half4_vs_half4,1056,0.9439539819742226,0.6666666666666666,58
1,5,xvector_half4_vs_half4,1058,0.9571195668891692,0.6666666666666666,58
1,5,xvector_half4_vs_half4,1059,0.8725891291642316,0.3333333333333333,58
1,5,xvector_half4_vs_half4,1060,0.9544126241963765,0.3333333333333333,58
1,5,xvector_half4_vs_half4,1062,0.9645636592943494,0.6666666666666666,58
1,5,xvector_half4_vs_half4,1063,0.9581654311113846,0.3333333333333333,58
1,5,xvector_half4_vs_half4,1066,0.9698545018302624,0.6666666666666666,58
1,5,xvector_half4_vs_half4,1068,0.9494909102094805,0.6666666666666666,58
1,5,xvector_half4_vs_half4,1069,0.8956596634778062,0.3333333333333333,58
1,5,xvector_half4_vs_half4,1070,0.9566273954904797,1.0,58
1,5,xvector_half4_vs_half4,1071,0.9318342612814914,0.0,58
1,5,xvector_half4_vs_half4,1072,0.9569350026146607,0.6666666666666666,58
1,5,xvector_half4_vs_half4,1073,0.8872927497000832,0.6666666666666666,58
1,5,xvector_half4_vs_half4,1074,0.9323879541050172,0.6666666666666666,58
1,5,xvector_half4_vs_half4,1079,0.9443231105232398,0.0,58
1,5,xvector_half4_vs_half4,1080,0.9199606262881049,0.6666666666666666,58
1,5,xvector_half4_vs_half4,1081,0.918730197791381,0.6666666666666666,58
1,5,xvector_half4_vs_half4,1082,0.945307453320619,0.3333333333333333,58
1,5,xvector_half4_vs_half4,1083,0.932634039804362,0.6666666666666666,58
1,5,xvector_half4_vs_half4,1084,0.9349103325233014,0.0,58
1,5,xvector_half4_vs_half4,1085,0.897136177673875,0.3333333333333333,58
1,5,xvector_half4_vs_half4,1087,0.965671044941401,0.3333333333333333,58
1,5,xvector_half4_vs_half4,1088,0.9374327109415855,0.3333333333333333,58
1,5,xvector_half4_vs_half4,1089,0.9330646897782153,0.3333333333333333,58
1,5,ecapa_vs_xvector,1007,0.3521178750499862,0.6666666666666666,58
1,5,ecapa_vs_xvector,1009,0.5938355532314129,0.6666666666666666,58
1,5,ecapa_vs_xvector,1010,0.6199206373619613,1.0,58
1,5,ecapa_vs_xvector,1011,0.6777507767079887,0.3333333333333333,58
1,5,ecapa_vs_xvector,1012,0.5420345135193332,0.6666666666666666,58
1,5,ecapa_vs_xvector,1014,0.5678735119505368,0.0,58
1,5,ecapa_vs_xvector,1015,0.6389307576363469,0.3333333333333333,58
1,5,ecapa_vs_xvector,1016,0.6901781045249009,0.3333333333333333,58
1,5,ecapa_vs_xvector,1020,0.4691931465132733,0.3333333333333333,58
1,5,ecapa_vs_xvector,1023,0.5372973638069458,0.3333333333333333,58
1,5,ecapa_vs_xvector,1024,0.5046294872189241,0.3333333333333333,58
1,5,ecapa_vs_xvector,1025,0.7376726444984467,0.6666666666666666,58
1,5,ecapa_vs_xvector,1026,0.7018056538189426,0.0,58
1,5,ecapa_vs_xvector,1027,0.5072749084868806,0.6666666666666666,58
1,5,ecapa_vs_xvector,1030,0.4845735027223231,0.3333333333333333,58
1,5,ecapa_vs_xvector,1031,0.5870066750745948,0.6666666666666666,58
1,5,ecapa_vs_xvector,1032,0.5013688517026055,0.3333333333333333,58
1,5,ecapa_vs_xvector,1033,0.738410901596481,0.3333333333333333,58
1,5,ecapa_vs_xvector,1034,0.414746685533237,0.6666666666666666,58
1,5,ecapa_vs_xvector,1035,0.6310560152573135,0.0,58
1,5,ecapa_vs_xvector,1036,-0.1250422959795749,0.3333333333333333,58
1,5,ecapa_vs_xvector,1037,0.46476360392506694,1.0,58
1,5,ecapa_vs_xvector,1038,0.550955120120582,0.6666666666666666,58
1,5,ecapa_vs_xvector,1039,0.43461810575532933,1.0,58
1,5,ecapa_vs_xvector,1042,0.4159155926051248,0.6666666666666666,58
1,5,ecapa_vs_xvector,1043,0.32578670522009295,0.6666666666666666,58
1,5,ecapa_vs_xvector,1044,0.6844566120151343,0.0,58
1,5,ecapa_vs_xvector,1045,0.5671967762773387,0.6666666666666666,58
1,5,ecapa_vs_xvector,1046,0.5895905749177152,0.3333333333333333,58
1,5,ecapa_vs_xvector,1048,0.4380017841213203,0.3333333333333333,58
1,5,ecapa_vs_xvector,1049,0.6095850379894799,0.6666666666666666,58
1,5,ecapa_vs_xvector,1051,0.5430803777415486,0.3333333333333333,58
1,5,ecapa_vs_xvector,1052,0.5876218893229568,0.6666666666666666,58
1,5,ecapa_vs_xvector,1053,0.5559998769571504,0.6666666666666666,58
1,5,ecapa_vs_xvector,1054,0.586145375126888,0.3333333333333333,58
1,5,ecapa_vs_xvector,1056,0.40804085022609127,1.0,58
1,5,ecapa_vs_xvector,1058,0.16576947922113877,0.6666666666666666,58
1,5,ecapa_vs_xvector,1059,0.37851056630471563,0.6666666666666666,58
1,5,ecapa_vs_xvector,1060,0.29441077855363135,0.0,58
1,5,ecapa_vs_xvector,1062,0.37211233812175093,0.3333333333333333,58
1,5,ecapa_vs_xvector,1063,0.6149989233750655,0.3333333333333333,58
1,5,ecapa_vs_xvector,1066,0.6205358516103233,0.6666666666666666,58
1,5,ecapa_vs_xvector,1068,0.5751945615060445,0.3333333333333333,58
1,5,ecapa_vs_xvector,1069,0.5743332615583377,0.3333333333333333,58
1,5,ecapa_vs_xvector,1070,0.5254237288135594,1.0,58
1,5,ecapa_vs_xvector,1071,0.28290627210926206,0.0,58
1,5,ecapa_vs_xvector,1072,0.5411732135716264,0.6666666666666666,58
1,5,ecapa_vs_xvector,1073,0.5155187794149313,0.6666666666666666,58
1,5,ecapa_vs_xvector,1074,0.6100156879633333,0.6666666666666666,58
1,5,ecapa_vs_xvector,1079,0.4445230551539574,0.3333333333333333,58
1,5,ecapa_vs_xvector,1080,0.7219846811652159,0.6666666666666666,58
1,5,ecapa_vs_xvector,1081,0.48912608816020187,0.6666666666666666,58
1,5,ecapa_vs_xvector,1082,0.6032483312313514,0.0,58
1,5,ecapa_vs_xvector,1083,0.3489187609585038,0.6666666666666666,58
1,5,ecapa_vs_xvector,1084,0.6421298717278293,0.6666666666666666,58
1,5,ecapa_vs_xvector,1085,0.6073702666953767,0.0,58
1,5,ecapa_vs_xvector,1087,0.16878402903811254,0.0,58
1,5,ecapa_vs_xvector,1088,0.6138300163031777,0.6666666666666666,58
1,5,ecapa_vs_xvector,1089,0.307576363468578,0.6666666666666666,58
2,0,ecapa_half4_vs_half4,1001,0.7928573625765174,0.3333333333333333,58
2,0,ecapa_half4_vs_half4,1003,0.7036512965640285,0.3333333333333333,58
2,0,ecapa_half4_vs_half4,1004,0.6808883693746348,0.3333333333333333,58
2,0,ecapa_half4_vs_half4,1005,0.7130025531391307,0.6666666666666666,58
2,0,ecapa_half4_vs_half4,1010,0.7625888215571074,0.0,58
2,0,ecapa_half4_vs_half4,1011,0.7716939924328649,0.3333333333333333,58
2,0,ecapa_half4_vs_half4,1012,0.705373896459442,0.6666666666666666,58
2,0,ecapa_half4_vs_half4,1014,0.7591436217662801,0.3333333333333333,58
2,0,ecapa_half4_vs_half4,1016,0.6848872619889877,0.3333333333333333,58
2,0,ecapa_half4_vs_half4,1018,0.7253068381063706,0.6666666666666666,58
2,0,ecapa_half4_vs_half4,1019,0.7611123073610385,0.3333333333333333,58
2,0,ecapa_half4_vs_half4,1020,0.617644344643022,0.3333333333333333,58
2,0,ecapa_half4_vs_half4,1021,0.7209388169430004,0.3333333333333333,58
2,0,ecapa_half4_vs_half4,1022,0.8260174105632287,0.3333333333333333,58
2,0,ecapa_half4_vs_half4,1023,0.7855978344458459,0.6666666666666666,58
2,0,ecapa_half4_vs_half4,1025,0.6401611861330709,0.6666666666666666,58
2,0,ecapa_half4_vs_half4,1026,0.8207880894521518,1.0,58
2,0,ecapa_half4_vs_half4,1027,0.43375680580762255,0.3333333333333333,58
2,0,ecapa_half4_vs_half4,1028,0.7475775938970748,0.6666666666666666,58
2,0,ecapa_half4_vs_half4,1030,0.5885447106954997,0.3333333333333333,58
2,0,ecapa_half4_vs_half4,1032,0.5396966993755576,0.3333333333333333,58
2,0,ecapa_half4_vs_half4,1033,0.7230920668122675,0.3333333333333333,58
2,0,ecapa_half4_vs_half4,1034,0.6653234488910764,0.6666666666666666,58
2,0,ecapa_half4_vs_half4,1035,0.6831646620935742,0.3333333333333333,58
2,0,ecapa_half4_vs_half4,1036,0.47319203912762625,0.0,58
2,0,ecapa_half4_vs_half4,1037,0.5927896890091975,0.6666666666666666,58
2,0,ecapa_half4_vs_half4,1038,0.7659724999230983,0.6666666666666666,58
2,0,ecapa_half4_vs_half4,1039,0.7362576517272141,0.6666666666666666,58
2,0,ecapa_half4_vs_half4,1040,0.6388692362115107,0.6666666666666666,58
2,0,ecapa_half4_vs_half4,1041,0.6766433910609371,0.6666666666666666,58
2,0,ecapa_half4_vs_half4,1042,0.6267495155187794,0.0,58
2,0,ecapa_half4_vs_half4,1043,0.5191485434802671,0.3333333333333333,58
2,0,ecapa_half4_vs_half4,1045,0.7432095727337046,0.3333333333333333,58
2,0,ecapa_half4_vs_half4,1047,0.5474483989049187,0.3333333333333333,58
2,0,ecapa_half4_vs_half4,1049,0.7489310652434711,0.6666666666666666,58
2,0,ecapa_half4_vs_half4,1051,0.6810114122243072,0.6666666666666666,58
2,0,ecapa_half4_vs_half4,1053,0.6957150327601588,0.6666666666666666,58
2,0,ecapa_half4_vs_half4,1054,0.5411116921467902,0.3333333333333333,58
2,0,ecapa_half4_vs_half4,1055,0.7705250853609771,0.6666666666666666,58
2,0,ecapa_half4_vs_half4,1057,0.6496970069826818,0.3333333333333333,58
2,0,ecapa_half4_vs_half4,1058,0.6813805407733244,0.6666666666666666,58
2,0,ecapa_half4_vs_half4,1061,0.4981082161862869,0.3333333333333333,58
2,0,ecapa_half4_vs_half4,1062,0.6839029191916085,0.3333333333333333,58
2,0,ecapa_half4_vs_half4,1064,0.6810729336491433,0.6666666666666666,58
2,0,ecapa_half4_vs_half4,1067,0.5192100649051032,0.3333333333333333,58
2,0,ecapa_half4_vs_half4,1068,0.7628964286812884,0.6666666666666666,58
2,0,ecapa_half4_vs_half4,1069,0.7145405887600358,0.6666666666666666,58
2,0,ecapa_half4_vs_half4,1072,0.7591436217662801,0.6666666666666666,58
2,0,ecapa_half4_vs_half4,1073,0.48235873142821994,0.6666666666666666,58
2,0,ecapa_half4_vs_half4,1074,0.8225722107724016,0.6666666666666666,58
2,0,ecapa_half4_vs_half4,1075,0.6512350426035868,0.6666666666666666,58
2,0,ecapa_half4_vs_half4,1078,0.41333169276200443,0.6666666666666666,58
2,0,ecapa_half4_vs_half4,1080,0.7999938478575165,0.6666666666666666,58
2,0,ecapa_half4_vs_half4,1084,0.7265987880279308,0.6666666666666666,58
2,0,ecapa_half4_vs_half4,1085,0.5970961887477315,0.3333333333333333,58
2,0,ecapa_half4_vs_half4,1086,0.6302562367344429,1.0,58
2,0,ecapa_half4_vs_half4,1087,0.705066289335261,1.0,58
2,0,ecapa_half4_vs_half4,1090,0.47516072472238463,0.6666666666666666,58
2,0,ecapa_half4_vs_half4,1091,0.6423144360023378,0.3333333333333333,58
2,0,xvector_half4_vs_half4,1001,0.941000953582085,0.6666666666666666,58
2,0,xvector_half4_vs_half4,1003,0.9530591528499801,1.0,58
2,0,xvector_half4_vs_half4,1004,0.9600725952813068,0.6666666666666666,58
2,0,xvector_half4_vs_half4,1005,0.9585960810852381,0.6666666666666666,58
2,0,xvector_half4_vs_half4,1010,0.9563197883662987,0.3333333333333333,58
2,0,xvector_half4_vs_half4,1011,0.9234673475037682,0.6666666666666666,58
2,0,xvector_half4_vs_half4,1012,0.9454920175951276,1.0,58
2,0,xvector_half4_vs_half4,1014,0.9143006552031746,0.3333333333333333,58
2,0,xvector_half4_vs_half4,1016,0.9469685317911964,0.6666666666666666,58
2,0,xvector_half4_vs_half4,1018,0.9293734042880434,1.0,58
2,0,xvector_half4_vs_half4,1019,0.9492448245101358,0.0,58
2,0,xvector_half4_vs_half4,1020,0.8821864714386786,0.3333333333333333,58
2,0,xvector_half4_vs_half4,1021,0.9543511027715403,0.3333333333333333,58
2,0,xvector_half4_vs_half4,1022,0.9310344827586208,0.3333333333333333,58
2,0,xvector_half4_vs_half4,1023,0.9317727398566552,0.6666666666666666,58
2,0,xvector_half4_vs_half4,1025,0.9394629179611801,0.6666666666666666,58
2,0,xvector_half4_vs_half4,1026,0.9484450459872652,0.6666666666666666,58
2,0,xvector_half4_vs_half4,1027,0.752314743609462,0.3333333333333333,58
2,0,xvector_half4_vs_half4,1028,0.9726844873727276,0.6666666666666666,58
2,0,xvector_half4_vs_half4,1030,0.9023039773601158,0.3333333333333333,58
2,0,xvector_half4_vs_half4,1032,0.9249438616998371,0.3333333333333333,58
2,0,xvector_half4_vs_half4,1033,0.9654249592420562,0.3333333333333333,58
2,0,xvector_half4_vs_half4,1034,0.9630871450982806,0.6666666666666666,58
2,0,xvector_half4_vs_half4,1035,0.9691162447322281,0.6666666666666666,58
2,0,xvector_half4_vs_half4,1036,0.9288812328893539,0.3333333333333333,58
2,0,xvector_half4_vs_half4,1037,0.9464148389676706,0.6666666666666666,58
2,0,xvector_half4_vs_half4,1038,0.9124550124580886,0.3333333333333333,58
2,0,xvector_half4_vs_half4,1039,0.9627180165492634,0.6666666666666666,58
2,0,xvector_half4_vs_half4,1040,0.884155157033437,0.3333333333333333,58
2,0,xvector_half4_vs_half4,1041,0.9506598172813684,0.3333333333333333,58
2,0,xvector_half4_vs_half4,1042,0.9458611461441448,0.6666666666666666,58
2,0,xvector_half4_vs_half4,1043,0.9718231874250208,0.6666666666666666,58
2,0,xvector_half4_vs_half4,1045,0.9045187486542189,0.3333333333333333,58
2,0,xvector_half4_vs_half4,1047,0.9446307176474208,0.6666666666666666,58
2,0,xvector_half4_vs_half4,1049,0.9508443815558769,0.6666666666666666,58
2,0,xvector_half4_vs_half4,1051,0.9699160232550987,0.6666666666666666,58
2,0,xvector_half4_vs_half4,1053,0.9726229659478914,0.6666666666666666,58
2,0,xvector_half4_vs_half4,1054,0.9625334522747548,1.0,58
2,0,xvector_half4_vs_half4,1055,0.9668399520132888,0.6666666666666666,58
2,0,xvector_half4_vs_half4,1057,0.9293734042880434,0.6666666666666666,58
2,0,xvector_half4_vs_half4,1058,0.9489372173859547,1.0,58
2,0,xvector_half4_vs_half4,1061,0.8866775354517211,0.3333333333333333,58
2,0,xvector_half4_vs_half4,1062,0.9645021378695132,0.3333333333333333,58
2,0,xvector_half4_vs_half4,1064,0.9612415023531946,1.0,58
2,0,xvector_half4_vs_half4,1067,0.8070688117136794,0.6666666666666666,58
2,0,xvector_half4_vs_half4,1068,0.9555815312682643,0.6666666666666666,58
2,0,xvector_half4_vs_half4,1069,0.9547817527453937,0.6666666666666666,58
2,0,xvector_half4_vs_half4,1072,0.9763757728628996,0.6666666666666666,58
2,0,xvector_half4_vs_half4,1073,0.8899381709680397,0.6666666666666666,58
2,0,xvector_half4_vs_half4,1074,0.9577963025623675,1.0,58
2,0,xvector_half4_vs_half4,1075,0.9551508812944108,0.6666666666666666,58
2,0,xvector_half4_vs_half4,1078,0.8607770155956813,0.6666666666666666,58
2,0,xvector_half4_vs_half4,1080,0.8943061921314098,0.6666666666666666,58
2,0,xvector_half4_vs_half4,1084,0.9419852963794643,0.0,58
2,0,xvector_half4_vs_half4,1085,0.9205143191116307,0.0,58
2,0,xvector_half4_vs_half4,1086,0.9457996247193086,0.6666666666666666,58
2,0,xvector_half4_vs_half4,1087,0.9557660955427729,0.6666666666666666,58
2,0,xvector_half4_vs_half4,1090,0.9016887631117537,0.3333333333333333,58
2,0,xvector_half4_vs_half4,1091,0.969054723307392,0.6666666666666666,58
2,0,ecapa_vs_xvector,1001,0.59728075302224,0.0,58
2,0,ecapa_vs_xvector,1003,0.47177704635639367,0.3333333333333333,58
2,0,ecapa_vs_xvector,1004,0.40041219354640256,0.6666666666666666,58
2,0,ecapa_vs_xvector,1005,0.7168784029038113,1.0,58
2,0,ecapa_vs_xvector,1010,0.7214309883416901,0.6666666666666666,58
2,0,ecapa_vs_xvector,1011,0.692085268694823,0.3333333333333333,58
2,0,ecapa_vs_xvector,1012,0.5019225445261313,0.6666666666666666,58
2,0,ecapa_vs_xvector,1014,0.7321357162631887,0.3333333333333333,58
2,0,ecapa_vs_xvector,1016,0.7045125965117353,0.6666666666666666,58
2,0,ecapa_vs_xvector,1018,0.6016487741856102,0.3333333333333333,58
2,0,ecapa_vs_xvector,1019,0.5544003199114093,0.3333333333333333,58
2,0,ecapa_vs_xvector,1020,0.3982589436771356,0.0,58
2,0,ecapa_vs_xvector,1021,0.5924205604601803,0.3333333333333333,58
2,0,ecapa_vs_xvector,1022,0.6293949367867361,0.3333333333333333,58
2,0,ecapa_vs_xvector,1023,0.49361715217324437,0.3333333333333333,58
2,0,ecapa_vs_xvector,1025,0.6591713064074565,0.3333333333333333,58
2,0,ecapa_vs_xvector,1026,0.7163862315051217,0.6666666666666666,58
2,0,ecapa_vs_xvector,1027,0.5356362853363684,0.6666666666666666,58
2,0,ecapa_vs_xvector,1028,0.5593220338983051,1.0,58
2,0,ecapa_vs_xvector,1030,0.48789565966347787,0.3333333333333333,58
2,0,ecapa_vs_xvector,1032,0.27939955089359875,0.0,58
2,0,ecapa_vs_xvector,1033,0.6595404349564736,0.3333333333333333,58
2,0,ecapa_vs_xvector,1034,0.5625211479897875,0.3333333333333333,58
2,0,ecapa_vs_xvector,1035,0.6196130302377804,0.6666666666666666,58
2,0,ecapa_vs_xvector,1036,-0.054477221692454406,0.0,58
2,0,ecapa_vs_xvector,1037,0.4806361315328064,0.6666666666666666,58
2,0,ecapa_vs_xvector,1038,0.5440647205389277,0.3333333333333333,58
2,0,ecapa_vs_xvector,1039,0.3890922513765419,0.3333333333333333,58
2,0,ecapa_vs_xvector,1040,0.5686732904734074,0.6666666666666666,58
2,0,ecapa_vs_xvector,1041,0.43252637731089855,0.3333333333333333,58
2,0,ecapa_vs_xvector,1042,0.21806269033190812,0.3333333333333333,58
2,0,ecapa_vs_xvector,1043,0.3939524439386017,0.6666666666666666,58
2,0,ecapa_vs_xvector,1045,0.5277615429573349,0.6666666666666666,58
2,0,ecapa_vs_xvector,1047,0.5326832569442309,0.0,58
2,0,ecapa_vs_xvector,1049,0.5558153126826418,1.0,58
2,0,ecapa_vs_xvector,1051,0.42858900612138184,0.3333333333333333,58
2,0,ecapa_vs_xvector,1053,0.714602110184872,0.6666666666666666,58
2,0,ecapa_vs_xvector,1054,0.47460703189885883,0.6666666666666666,58
2,0,ecapa_vs_xvector,1055,0.6236119228521333,1.0,58
2,0,ecapa_vs_xvector,1057,-0.07711710603217571,0.3333333333333333,58
2,0,ecapa_vs_xvector,1058,0.28524408625303765,0.3333333333333333,58
2,0,ecapa_vs_xvector,1061,0.48820326678765885,0.3333333333333333,58
2,0,ecapa_vs_xvector,1062,0.2633424590113507,0.3333333333333333,58
2,0,ecapa_vs_xvector,1064,0.682795533544557,1.0,58
2,0,ecapa_vs_xvector,1067,0.09163616229351873,0.0,58
2,0,ecapa_vs_xvector,1068,0.5536005413885386,1.0,58
2,0,ecapa_vs_xvector,1069,0.669814512904119,0.6666666666666666,58
2,0,ecapa_vs_xvector,1072,0.6931926543418746,0.6666666666666666,58
2,0,ecapa_vs_xvector,1073,0.4682703251407303,0.6666666666666666,58
2,0,ecapa_vs_xvector,1074,0.6543726352702329,1.0,58
2,0,ecapa_vs_xvector,1075,0.788427819988311,0.6666666666666666,58
2,0,ecapa_vs_xvector,1078,0.36639084561198443,1.0,58
2,0,ecapa_vs_xvector,1080,0.6105693807868591,1.0,58
2,0,ecapa_vs_xvector,1084,0.7145405887600358,0.6666666666666666,58
2,0,ecapa_vs_xvector,1085,0.6130302377803071,0.6666666666666666,58
2,0,ecapa_vs_xvector,1086,0.6473591928389062,0.3333333333333333,58
2,0,ecapa_vs_xvector,1087,0.2730628441354702,0.3333333333333333,58
2,0,ecapa_vs_xvector,1090,0.40994801439601347,0.6666666666666666,58
2,0,ecapa_vs_xvector,1091,0.5684272047740626,1.0,58
2,1,ecapa_half4_vs_half4,1001,0.8120948924034224,0.0,57
2,1,ecapa_half4_vs_half4,1003,0.6858309567021,0.6666666666666666,57
2,1,ecapa_half4_vs_half4,1004,0.6401996370235935,1.0,57
2,1,ecapa_half4_vs_half4,1005,0.5387606948405497,0.3333333333333333,57
2,1,ecapa_half4_vs_half4,1010,0.7543427534353124,0.3333333333333333,57
2,1,ecapa_half4_vs_half4,1011,0.7899274047186933,0.6666666666666666,57
2,1,ecapa_half4_vs_half4,1012,0.7201840808918849,0.3333333333333333,57
2,1,ecapa_half4_vs_half4,1013,0.6661913404200156,0.3333333333333333,57
2,1,ecapa_half4_vs_half4,1014,0.7715841327456573,0.0,57
2,1,ecapa_half4_vs_half4,1016,0.5200285195747991,0.0,57
2,1,ecapa_half4_vs_half4,1018,0.5453072336012444,0.6666666666666666,57
2,1,ecapa_half4_vs_half4,1020,0.6059113300492611,0.6666666666666666,57
2,1,ecapa_half4_vs_half4,1021,0.7793621985999482,1.0,57
2,1,ecapa_half4_vs_half4,1022,0.7253694581280788,0.0,57
2,1,ecapa_half4_vs_half4,1023,0.7261472647135079,0.6666666666666666,57
2,1,ecapa_half4_vs_half4,1025,0.595799844438683,0.3333333333333333,57
2,1,ecapa_half4_vs_half4,1026,0.7737231008555873,0.0,57
2,1,ecapa_half4_vs_half4,1027,0.5593077521389681,0.3333333333333333,57
2,1,ecapa_half4_vs_half4,1028,0.6900440757065076,0.6666666666666666,57
2,1,ecapa_half4_vs_half4,1030,0.6042260824474981,0.3333333333333333,57
2,1,ecapa_half4_vs_half4,1032,0.676950998185118,0.0,57
2,1,ecapa_half4_vs_half4,1033,0.7876588021778584,0.3333333333333333,57
2,1,ecapa_half4_vs_half4,1034,0.7054705729841846,0.6666666666666666,57
2,1,ecapa_half4_vs_half4,1035,0.6093466424682396,0.3333333333333333,57
2,1,ecapa_half4_vs_half4,1036,0.5119911848586984,0.0,57
2,1,ecapa_half4_vs_half4,1037,0.5186673580502982,0.3333333333333333,57
2,1,ecapa_half4_vs_half4,1038,0.688099559242935,0.6666666666666666,57
2,1,ecapa_half4_vs_half4,1039,0.6981462276380607,0.3333333333333333,57
2,1,ecapa_half4_vs_half4,1041,0.6609411459683692,0.6666666666666666,57
2,1,ecapa_half4_vs_half4,1042,0.6621078558465129,0.0,57
2,1,ecapa_half4_vs_half4,1043,0.6874513870884107,0.6666666666666666,57
2,1,ecapa_half4_vs_half4,1045,0.6677469535908738,0.3333333333333333,57
2,1,ecapa_half4_vs_half4,1047,0.73502722323049,0.6666666666666666,57
2,1,ecapa_half4_vs_half4,1049,0.7094892403422349,0.6666666666666666,57
2,1,ecapa_half4_vs_half4,1051,0.806390977443609,0.3333333333333333,57
2,1,ecapa_half4_vs_half4,1053,0.6787010630023335,1.0,57
2,1,ecapa_half4_vs_half4,1054,0.6317085817993259,0.6666666666666666,57
2,1,ecapa_half4_vs_half4,1055,0.8402255639097744,1.0,57
2,1,ecapa_half4_vs_half4,1057,0.5096577651024112,0.3333333333333333,57
2,1,ecapa_half4_vs_half4,1058,0.7207026186155043,0.3333333333333333,57
2,1,ecapa_half4_vs_half4,1061,0.7254342753435312,0.3333333333333333,57
2,1,ecapa_half4_vs_half4,1062,0.5451127819548872,0.6666666666666666,57
2,1,ecapa_half4_vs_half4,1064,0.7649079595540575,0.3333333333333333,57
2,1,ecapa_half4_vs_half4,1067,0.4238397718434016,0.6666666666666666,57
2,1,ecapa_half4_vs_half4,1068,0.8069743323826808,0.3333333333333333,57
2,1,ecapa_half4_vs_half4,1069,0.5527612133782732,0.3333333333333333,57
2,1,ecapa_half4_vs_half4,1072,0.8189655172413793,0.6666666666666666,57
2,1,ecapa_half4_vs_half4,1073,0.514065335753176,0.6666666666666666,57
2,1,ecapa_half4_vs_half4,1074,0.8196136893959035,0.6666666666666666,57
2,1,ecapa_half4_vs_half4,1075,0.6557557687321752,0.0,57
2,1,ecapa_half4_vs_half4,1078,0.5508166969147006,0.6666666666666666,57
2,1,ecapa_half4_vs_half4,1080,0.8012704174228675,0.6666666666666666,57
2,1,ecapa_half4_vs_half4,1084,0.780269639616282,0.6666666666666666,57
2,1,ecapa_half4_vs_half4,1085,0.6480425200933367,0.6666666666666666,57
2,1,ecapa_half4_vs_half4,1086,0.6581540057039149,0.6666666666666666,57
2,1,ecapa_half4_vs_half4,1087,0.6382551205600208,0.6666666666666666,57
2,1,ecapa_half4_vs_half4,1090,0.579012185636505,0.3333333333333333,57
2,1,ecapa_half4_vs_half4,1091,0.674812030075188,0.6666666666666666,57
2,1,xvector_half4_vs_half4,1001,0.9602022297122116,0.6666666666666666,57
2,1,xvector_half4_vs_half4,1003,0.9602022297122116,0.6666666666666666,57
2,1,xvector_half4_vs_half4,1004,0.9665543168265491,0.6666666666666666,57
2,1,xvector_half4_vs_half4,1005,0.9331734508685506,0.6666666666666666,57
2,1,xvector_half4_vs_half4,1010,0.9627301011148561,0.6666666666666666,57
2,1,xvector_half4_vs_half4,1011,0.921765620948924,0.6666666666666666,57
2,1,xvector_half4_vs_half4,1012,0.939784806844698,0.6666666666666666,57
2,1,xvector_half4_vs_half4,1013,0.9515815400570391,0.6666666666666666,57
2,1,xvector_half4_vs_half4,1014,0.8693933108633654,0.3333333333333333,57
2,1,xvector_half4_vs_half4,1016,0.9293492351568576,0.6666666666666666,57
2,1,xvector_half4_vs_half4,1018,0.9216359865180191,0.6666666666666666,57
2,1,xvector_half4_vs_half4,1020,0.7886310604096448,0.6666666666666666,57
2,1,xvector_half4_vs_half4,1021,0.9708322530464091,0.6666666666666666,57
2,1,xvector_half4_vs_half4,1022,0.9099688877365828,0.3333333333333333,57
2,1,xvector_half4_vs_half4,1023,0.9133393829401089,0.0,57
2,1,xvector_half4_vs_half4,1025,0.9479517759917034,0.6666666666666666,57
2,1,xvector_half4_vs_half4,1026,0.9158672543427534,0.6666666666666666,57
2,1,xvector_half4_vs_half4,1027,0.7002203785325383,0.0,57
2,1,xvector_half4_vs_half4,1028,0.9677210267046927,0.6666666666666666,57
2,1,xvector_half4_vs_half4,1030,0.9467850661135597,0.6666666666666666,57
2,1,xvector_half4_vs_half4,1032,0.9121726730619653,0.0,57
2,1,xvector_half4_vs_half4,1033,0.9501555613170858,0.3333333333333333,57
2,1,xvector_half4_vs_half4,1034,0.9471091521908219,0.6666666666666666,57
2,1,xvector_half4_vs_half4,1035,0.9486647653616801,0.3333333333333333,57
2,1,xvector_half4_vs_half4,1036,0.9160617059891107,0.3333333333333333,57
2,1,xvector_half4_vs_half4,1037,0.9446460980036298,0.0,57
2,1,xvector_half4_vs_half4,1038,0.9289603318641431,0.3333333333333333,57
2,1,xvector_half4_vs_half4,1039,0.9580632616022816,0.3333333333333333,57
2,1,xvector_half4_vs_half4,1041,0.8960331864143116,0.6666666666666666,57
2,1,xvector_half4_vs_half4,1042,0.9424423126782473,0.6666666666666666,57
2,1,xvector_half4_vs_half4,1043,0.9718693284936479,0.6666666666666666,57
2,1,xvector_half4_vs_half4,1045,0.9067928441794141,0.6666666666666666,57
2,1,xvector_half4_vs_half4,1047,0.954303863106041,0.3333333333333333,57
2,1,xvector_half4_vs_half4,1049,0.9418589577391755,0.6666666666666666,57
2,1,xvector_half4_vs_half4,1051,0.9584521648949961,0.6666666666666666,57
2,1,xvector_half4_vs_half4,1053,0.9634430904848328,0.6666666666666666,57
2,1,xvector_half4_vs_half4,1054,0.9489888514389422,0.3333333333333333,57
2,1,xvector_half4_vs_half4,1055,0.9666191340420015,0.6666666666666666,57
2,1,xvector_half4_vs_half4,1057,0.9347290640394089,0.6666666666666666,57
2,1,xvector_half4_vs_half4,1058,0.943155302048224,0.6666666666666666,57
2,1,xvector_half4_vs_half4,1061,0.9095799844438683,0.3333333333333333,57
2,1,xvector_half4_vs_half4,1062,0.9408866995073891,0.6666666666666666,57
2,1,xvector_half4_vs_half4,1064,0.9277936219859995,0.3333333333333333,57
2,1,xvector_half4_vs_half4,1067,0.7385273528649209,0.3333333333333333,57
2,1,xvector_half4_vs_half4,1068,0.9386180969665543,0.3333333333333333,57
2,1,xvector_half4_vs_half4,1069,0.9342753435312419,0.3333333333333333,57
2,1,xvector_half4_vs_half4,1072,0.971415607985481,0.3333333333333333,57
2,1,xvector_half4_vs_half4,1073,0.8975887995851698,0.3333333333333333,57
2,1,xvector_half4_vs_half4,1074,0.9567021000777807,0.3333333333333333,57
2,1,xvector_half4_vs_half4,1075,0.9544334975369458,0.6666666666666666,57
2,1,xvector_half4_vs_half4,1078,0.8475499092558983,1.0,57
2,1,xvector_half4_vs_half4,1080,0.940238527352865,0.6666666666666666,57
2,1,xvector_half4_vs_half4,1084,0.9274695359087374,0.0,57
2,1,xvector_half4_vs_half4,1085,0.9357661394866477,0.6666666666666666,57
2,1,xvector_half4_vs_half4,1086,0.9296733212341198,0.3333333333333333,57
2,1,xvector_half4_vs_half4,1087,0.9514519056261344,0.6666666666666666,57
2,1,xvector_half4_vs_half4,1090,0.8553279751101893,0.0,57
2,1,xvector_half4_vs_half4,1091,0.9546279491833031,0.6666666666666666,57
2,1,ecapa_vs_xvector,1001,0.5306585429089966,0.3333333333333333,57
2,1,ecapa_vs_xvector,1003,0.5543816437645839,0.3333333333333333,57
2,1,ecapa_vs_xvector,1004,0.3933756805807623,0.6666666666666666,57
2,1,ecapa_vs_xvector,1005,0.6070780399274047,0.6666666666666666,57
2,1,ecapa_vs_xvector,1010,0.7827326938034742,0.6666666666666666,57
2,1,ecapa_vs_xvector,1011,0.6731915996888773,0.6666666666666666,57
2,1,ecapa_vs_xvector,1012,0.4764065335753176,0.3333333333333333,57
2,1,ecapa_vs_xvector,1013,0.4889810733730879,0.6666666666666666,57
2,1,ecapa_vs_xvector,1014,0.6599040705211304,0.3333333333333333,57
2,1,ecapa_vs_xvector,1016,0.7421571169302567,0.6666666666666666,57
2,1,ecapa_vs_xvector,1018,0.6561446720248898,0.6666666666666666,57
2,1,ecapa_vs_xvector,1020,0.4128208452164895,0.3333333333333333,57
2,1,ecapa_vs_xvector,1021,0.701711174487944,0.6666666666666666,57
2,1,ecapa_vs_xvector,1022,0.7113689395903552,0.3333333333333333,57
2,1,ecapa_vs_xvector,1023,0.3921441534871662,0.0,57
2,1,ecapa_vs_xvector,1025,0.6892662691210786,0.3333333333333333,57
2,1,ecapa_vs_xvector,1026,0.6440886699507389,0.3333333333333333,57
2,1,ecapa_vs_xvector,1027,0.5193155302048224,0.3333333333333333,57
2,1,ecapa_vs_xvector,1028,0.573502722323049,0.6666666666666666,57
2,1,ecapa_vs_xvector,1030,0.38741249675913925,0.3333333333333333,57
2,1,ecapa_vs_xvector,1032,0.42046927663987554,0.0,57
2,1,ecapa_vs_xvector,1033,0.7267954368680322,0.3333333333333333,57
2,1,ecapa_vs_xvector,1034,0.5332512315270936,0.3333333333333333,57
2,1,ecapa_vs_xvector,1035,0.648690692247861,0.3333333333333333,57
2,1,ecapa_vs_xvector,1036,-0.009981851179673321,0.6666666666666666,57
2,1,ecapa_vs_xvector,1037,0.46551724137931033,0.6666666666666666,57
2,1,ecapa_vs_xvector,1038,0.5194451646357272,0.3333333333333333,57
2,1,ecapa_vs_xvector,1039,0.43252527871402646,0.6666666666666666,57
2,1,ecapa_vs_xvector,1041,0.29310344827586204,0.0,57
2,1,ecapa_vs_xvector,1042,0.17578428830697435,0.6666666666666666,57
2,1,ecapa_vs_xvector,1043,0.4047186932849365,0.6666666666666666,57
2,1,ecapa_vs_xvector,1045,0.4602022297122116,0.3333333333333333,57
2,1,ecapa_vs_xvector,1047,0.5895125745397978,0.3333333333333333,57
2,1,ecapa_vs_xvector,1049,0.6406533575317604,0.3333333333333333,57
2,1,ecapa_vs_xvector,1051,0.5569095151672284,0.3333333333333333,57
2,1,ecapa_vs_xvector,1053,0.678182525278714,0.6666666666666666,57
2,1,ecapa_vs_xvector,1054,0.6868680321493389,0.6666666666666666,57
2,1,ecapa_vs_xvector,1055,0.6827845475758362,0.6666666666666666,57
2,1,ecapa_vs_xvector,1057,-0.16048742546020223,0.0,57
2,1,ecapa_vs_xvector,1058,0.27203785325382424,0.3333333333333333,57
2,1,ecapa_vs_xvector,1061,0.4546927663987555,0.3333333333333333,57
2,1,ecapa_vs_xvector,1062,0.2719082188229194,0.3333333333333333,57
2,1,ecapa_vs_xvector,1064,0.6220508166969148,0.3333333333333333,57
2,1,ecapa_vs_xvector,1067,-0.024241638579206637,0.0,57
2,1,ecapa_vs_xvector,1068,0.5672802696396163,0.6666666666666666,57
2,1,ecapa_vs_xvector,1069,0.6672284158672543,0.0,57
2,1,ecapa_vs_xvector,1072,0.7662691210785585,0.6666666666666666,57
2,1,ecapa_vs_xvector,1073,0.5588540316308012,0.3333333333333333,57
2,1,ecapa_vs_xvector,1074,0.6731915996888773,0.6666666666666666,57
2,1,ecapa_vs_xvector,1075,0.7792325641690433,0.3333333333333333,57
2,1,ecapa_vs_xvector,1078,0.4468498833290122,1.0,57
2,1,ecapa_vs_xvector,1080,0.7536297640653358,0.6666666666666666,57
2,1,ecapa_vs_xvector,1084,0.6592558983666061,0.6666666666666666,57
2,1,ecapa_vs_xvector,1085,0.5617059891107078,0.3333333333333333,57
2,1,ecapa_vs_xvector,1086,0.5849753694581281,0.6666666666666666,57
2,1,ecapa_vs_xvector,1087,0.28506611355976147,0.0,57
2,1,ecapa_vs_xvector,1090,0.3285584651283381,1.0,57
2,1,ecapa_vs_xvector,1091,0.6326808400311122,0.3333333333333333,57
2,2,ecapa_half4_vs_half4,1001,0.7314253959433175,0.3333333333333333,60
2,2,ecapa_half4_vs_half4,1002,0.5833842734092802,0.3333333333333333,60
2,2,ecapa_half4_vs_half4,1003,0.7217004723534314,0.6666666666666666,60
2,2,ecapa_half4_vs_half4,1004,0.6696860238955264,0.3333333333333333,60
2,2,ecapa_half4_vs_half4,1005,0.6514587385384828,0.3333333333333333,60
2,2,ecapa_half4_vs_half4,1006,0.5383717699360933,1.0,60
2,2,ecapa_half4_vs_half4,1010,0.599222006112809,0.0,60
2,2,ecapa_half4_vs_half4,1011,0.7160878021672685,0.3333333333333333,60
2,2,ecapa_half4_vs_half4,1012,0.645290358432898,0.3333333333333333,60
2,2,ecapa_half4_vs_half4,1013,0.5885523756599054,0.3333333333333333,60
2,2,ecapa_half4_vs_half4,1014,0.7538760766879687,0.3333333333333333,60
2,2,ecapa_half4_vs_half4,1016,0.690080577938316,0.3333333333333333,60
2,2,ecapa_half4_vs_half4,1017,0.8138371769936091,0.3333333333333333,60
2,2,ecapa_half4_vs_half4,1018,0.6830230619616559,0.6666666666666666,60
2,2,ecapa_half4_vs_half4,1020,0.7304251180883577,0.6666666666666666,60
2,2,ecapa_half4_vs_half4,1021,0.7206446235065295,0.3333333333333333,60
2,2,ecapa_half4_vs_half4,1022,0.6705195887746594,0.0,60
2,2,ecapa_half4_vs_half4,1023,0.8230063906640732,1.0,60
2,2,ecapa_half4_vs_half4,1025,0.715143095304251,0.6666666666666666,60
2,2,ecapa_half4_vs_half4,1026,0.8237843845512641,0.6666666666666666,60
2,2,ecapa_half4_vs_half4,1027,0.6367879966657404,0.3333333333333333,60
2,2,ecapa_half4_vs_half4,1028,0.6649624895804389,0.0,60
2,2,ecapa_half4_vs_half4,1030,0.7063628785773824,0.3333333333333333,60
2,2,ecapa_half4_vs_half4,1032,0.6042233953876075,0.3333333333333333,60
2,2,ecapa_half4_vs_half4,1033,0.7254237288135592,0.3333333333333333,60
2,2,ecapa_half4_vs_half4,1034,0.5384829119199777,0.3333333333333333,60
2,2,ecapa_half4_vs_half4,1035,0.6289524868018893,0.3333333333333333,60
2,2,ecapa_half4_vs_half4,1036,0.33876076687968876,0.0,60
2,2,ecapa_half4_vs_half4,1037,0.6653514865240343,0.6666666666666666,60
2,2,ecapa_half4_vs_half4,1038,0.6192831342039454,0.0,60
2,2,ecapa_half4_vs_half4,1039,0.5597666018338426,0.3333333333333333,60
2,2,ecapa_half4_vs_half4,1041,0.6100583495415391,0.3333333333333333,60
2,2,ecapa_half4_vs_half4,1042,0.47696582383995545,0.6666666666666666,60
2,2,ecapa_half4_vs_half4,1043,0.5710475131981104,0.3333333333333333,60
2,2,ecapa_half4_vs_half4,1045,0.5667685468185606,0.3333333333333333,60
2,2,ecapa_half4_vs_half4,1047,0.6255070853014725,1.0,60
2,2,ecapa_half4_vs_half4,1049,0.6735759933314809,0.6666666666666666,60
2,2,ecapa_half4_vs_half4,1051,0.5290914142817448,0.6666666666666666,60
2,2,ecapa_half4_vs_half4,1053,0.5644901361489302,0.3333333333333333,60
2,2,ecapa_half4_vs_half4,1054,0.615948874687413,0.3333333333333333,60
2,2,ecapa_half4_vs_half4,1055,0.6267296471242011,0.6666666666666666,60
2,2,ecapa_half4_vs_half4,1057,0.4542928591275353,0.6666666666666666,60
2,2,ecapa_half4_vs_half4,1058,0.6540150041678242,0.3333333333333333,60
2,2,ecapa_half4_vs_half4,1061,0.7114198388441232,0.6666666666666666,60
2,2,ecapa_half4_vs_half4,1062,0.48858016115587655,0.3333333333333333,60
2,2,ecapa_half4_vs_half4,1064,0.6192275632120032,0.3333333333333333,60
2,2,ecapa_half4_vs_half4,1067,0.36687968880244504,0.0,60
2,2,ecapa_half4_vs_half4,1068,0.6399555432064461,0.0,60
2,2,ecapa_half4_vs_half4,1069,0.6682967490969712,0.6666666666666666,60
2,2,ecapa_half4_vs_half4,1072,0.7181994998610723,0.6666666666666666,60
2,2,ecapa_half4_vs_half4,1073,0.5602667407613224,0.6666666666666666,60
2,2,ecapa_half4_vs_half4,1074,0.655570991942206,0.3333333333333333,60
2,2,ecapa_half4_vs_half4,1075,0.5324812447902194,0.3333333333333333,60
2,2,ecapa_half4_vs_half4,1078,0.5519310919699916,0.6666666666666666,60
2,2,ecapa_half4_vs_half4,1080,0.7808280077799387,0.0,60
2,2,ecapa_half4_vs_half4,1084,0.6825784940261183,0.6666666666666666,60
2,2,ecapa_half4_vs_half4,1085,0.634287302028341,0.6666666666666666,60
2,2,ecapa_half4_vs_half4,1086,0.7314809669352597,0.6666666666666666,60
2,2,ecapa_half4_vs_half4,1087,0.5487635454292858,0.6666666666666666,60
2,2,ecapa_half4_vs_half4,1090,0.43434287302028335,0.0,60
2,2,ecapa_half4_vs_half4,1091,0.564712420116699,0.3333333333333333,60
2,2,xvector_half4_vs_half4,1001,0.9349263684356763,0.3333333333333333,60
2,2,xvector_half4_vs_half4,1002,0.9329258127257569,0.6666666666666666,60
2,2,xvector_half4_vs_half4,1003,0.9397610447346483,0.3333333333333333,60
2,2,xvector_half4_vs_half4,1004,0.9635454292859126,0.6666666666666666,60
2,2,xvector_half4_vs_half4,1005,0.9429841622672963,0.3333333333333333,60
2,2,xvector_half4_vs_half4,1006,0.8982495137538203,0.6666666666666666,60
2,2,xvector_half4_vs_half4,1010,0.9571547652125588,0.0,60
2,2,xvector_half4_vs_half4,1011,0.8996943595443176,0.3333333333333333,60
2,2,xvector_half4_vs_half4,1012,0.9575437621561543,0.6666666666666666,60
2,2,xvector_half4_vs_half4,1013,0.9588774659627672,0.6666666666666666,60
2,2,xvector_half4_vs_half4,1014,0.9341483745484855,0.6666666666666666,60
2,2,xvector_half4_vs_half4,1016,0.9520422339538759,0.6666666666666666,60
2,2,xvector_half4_vs_half4,1017,0.9357043623228672,0.6666666666666666,60
2,2,xvector_half4_vs_half4,1018,0.9090858571825505,0.6666666666666666,60
2,2,xvector_half4_vs_half4,1020,0.8910252848013335,0.6666666666666666,60
2,2,xvector_half4_vs_half4,1021,0.9639899972214502,0.6666666666666666,60
2,2,xvector_half4_vs_half4,1022,0.8861350375104193,0.6666666666666666,60
2,2,xvector_half4_vs_half4,1023,0.935648791330925,0.3333333333333333,60
2,2,xvector_half4_vs_half4,1025,0.9473742706307305,0.3333333333333333,60
2,2,xvector_half4_vs_half4,1026,0.9265907196443455,0.6666666666666666,60
2,2,xvector_half4_vs_half4,1027,0.8924701305918309,0.6666666666666666,60
2,2,xvector_half4_vs_half4,1028,0.9703806612948039,0.3333333333333333,60
2,2,xvector_half4_vs_half4,1030,0.9267018616282299,0.0,60
2,2,xvector_half4_vs_half4,1032,0.9217004723534313,0.0,60
2,2,xvector_half4_vs_half4,1033,0.9657126979716586,0.3333333333333333,60
2,2,xvector_half4_vs_half4,1034,0.9421505973881632,0.3333333333333333,60
2,2,xvector_half4_vs_half4,1035,0.9559877743817725,0.6666666666666666,60
2,2,xvector_half4_vs_half4,1036,0.9403167546540704,0.3333333333333333,60
2,2,xvector_half4_vs_half4,1037,0.9548763545429284,0.3333333333333333,60
2,2,xvector_half4_vs_half4,1038,0.9020283412058904,0.6666666666666666,60
2,2,xvector_half4_vs_half4,1039,0.955043067518755,0.3333333333333333,60
2,2,xvector_half4_vs_half4,1041,0.9244790219505417,0.3333333333333333,60
2,2,xvector_half4_vs_half4,1042,0.9557654904140037,0.3333333333333333,60
2,2,xvector_half4_vs_half4,1043,0.9632675743262016,0.6666666666666666,60
2,2,xvector_half4_vs_half4,1045,0.8509030286190606,0.3333333333333333,60
2,2,xvector_half4_vs_half4,1047,0.9442067240900248,0.3333333333333333,60
2,2,xvector_half4_vs_half4,1049,0.9412614615170879,0.3333333333333333,60
2,2,xvector_half4_vs_half4,1051,0.954487357599333,0.6666666666666666,60
2,2,xvector_half4_vs_half4,1053,0.9754376215615447,1.0,60
2,2,xvector_half4_vs_half4,1054,0.9584884690191718,0.6666666666666666,60
2,2,xvector_half4_vs_half4,1055,0.9617115865518198,0.6666666666666666,60
2,2,xvector_half4_vs_half4,1057,0.9303695470964155,0.6666666666666666,60
2,2,xvector_half4_vs_half4,1058,0.9489858293970546,0.6666666666666666,60
2,2,xvector_half4_vs_half4,1061,0.9077521533759376,0.3333333333333333,60
2,2,xvector_half4_vs_half4,1062,0.9474854126146149,0.3333333333333333,60
2,2,xvector_half4_vs_half4,1064,0.9474298416226727,0.6666666666666666,60
2,2,xvector_half4_vs_half4,1067,0.817004723534315,0.3333333333333333,60
2,2,xvector_half4_vs_half4,1068,0.93803834398444,0.3333333333333333,60
2,2,xvector_half4_vs_half4,1069,0.9443178660739092,0.3333333333333333,60
2,2,xvector_half4_vs_half4,1072,0.9730480689080299,0.3333333333333333,60
2,2,xvector_half4_vs_half4,1073,0.9374826340650179,0.0,60
2,2,xvector_half4_vs_half4,1074,0.9639899972214502,0.6666666666666666,60
2,2,xvector_half4_vs_half4,1075,0.9568769102528478,0.3333333333333333,60
2,2,xvector_half4_vs_half4,1078,0.7650458460683521,0.6666666666666666,60
2,2,xvector_half4_vs_half4,1080,0.9254237288135592,0.3333333333333333,60
2,2,xvector_half4_vs_half4,1084,0.9592108919144204,0.3333333333333333,60
2,2,xvector_half4_vs_half4,1085,0.93375937760489,0.6666666666666666,60
2,2,xvector_half4_vs_half4,1086,0.9419838844123366,0.3333333333333333,60
2,2,xvector_half4_vs_half4,1087,0.9494859683245344,0.3333333333333333,60
2,2,xvector_half4_vs_half4,1090,0.7787163100861348,0.3333333333333333,60
2,2,xvector_half4_vs_half4,1091,0.9564323423173102,0.3333333333333333,60
2,2,ecapa_vs_xvector,1001,0.5791608780216726,0.3333333333333333,60
2,2,ecapa_vs_xvector,1002,0.7814948596832452,1.0,60
2,2,ecapa_vs_xvector,1003,0.4766879688802444,0.0,60
2,2,ecapa_vs_xvector,1004,0.38382884134481793,0.6666666666666666,60
2,2,ecapa_vs_xvector,1005,0.6651292025562655,0.6666666666666666,60
2,2,ecapa_vs_xvector,1006,0.485746040566824,0.3333333333333333,60
2,2,ecapa_vs_xvector,1010,0.693581550430675,0.0,60
2,2,ecapa_vs_xvector,1011,0.6785218116143372,0.3333333333333333,60
2,2,ecapa_vs_xvector,1012,0.567157543762156,0.3333333333333333,60
2,2,ecapa_vs_xvector,1013,0.4253959433175881,0.3333333333333333,60
2,2,ecapa_vs_xvector,1014,0.6893581550430674,0.3333333333333333,60
2,2,ecapa_vs_xvector,1016,0.8016115587663238,0.6666666666666666,60
2,2,ecapa_vs_xvector,1017,0.742095026396221,0.6666666666666666,60
2,2,ecapa_vs_xvector,1018,0.67279799944429,0.3333333333333333,60
2,2,ecapa_vs_xvector,1020,0.4232842456237843,0.3333333333333333,60
2,2,ecapa_vs_xvector,1021,0.6242289524868018,0.3333333333333333,60
2,2,ecapa_vs_xvector,1022,0.632120033342595,0.3333333333333333,60
2,2,ecapa_vs_xvector,1023,0.5419283134203945,0.0,60
2,2,ecapa_vs_xvector,1025,0.5942761878299526,0.3333333333333333,60
2,2,ecapa_vs_xvector,1026,0.6971936649069185,0.6666666666666666,60
2,2,ecapa_vs_xvector,1027,0.6382884134481799,0.3333333333333333,60
2,2,ecapa_vs_xvector,1028,0.46885245901639333,0.6666666666666666,60
2,2,ecapa_vs_xvector,1030,0.4297304806890802,0.3333333333333333,60
2,2,ecapa_vs_xvector,1032,0.3413170325090302,0.3333333333333333,60
2,2,ecapa_vs_xvector,1033,0.693859405390386,0.3333333333333333,60
2,2,ecapa_vs_xvector,1034,0.5217560433453736,0.3333333333333333,60
2,2,ecapa_vs_xvector,1035,0.6584051125312586,0.6666666666666666,60
2,2,ecapa_vs_xvector,1036,-0.17627118644067793,0.0,60
2,2,ecapa_vs_xvector,1037,0.4936926924145595,0.6666666666666666,60
2,2,ecapa_vs_xvector,1038,0.5487635454292858,0.3333333333333333,60
2,2,ecapa_vs_xvector,1039,0.3301472631286468,0.6666666666666666,60
2,2,ecapa_vs_xvector,1041,0.3293136982495137,0.0,60
2,2,ecapa_vs_xvector,1042,0.24434565156988047,0.3333333333333333,60
2,2,ecapa_vs_xvector,1043,0.43345373714920804,0.6666666666666666,60
2,2,ecapa_vs_xvector,1045,0.4375104195609891,0.6666666666666666,60
2,2,ecapa_vs_xvector,1047,0.5344262295081966,0.3333333333333333,60
2,2,ecapa_vs_xvector,1049,0.5512642400666851,0.6666666666666666,60
2,2,ecapa_vs_xvector,1051,0.5400944706863017,0.3333333333333333,60
2,2,ecapa_vs_xvector,1053,0.6995832175604333,0.6666666666666666,60
2,2,ecapa_vs_xvector,1054,0.5118644067796609,0.6666666666666666,60
2,2,ecapa_vs_xvector,1055,0.6512920255626562,0.3333333333333333,60
2,2,ecapa_vs_xvector,1057,-0.053292581272575704,0.3333333333333333,60
2,2,ecapa_vs_xvector,1058,0.27663239788830224,0.3333333333333333,60
2,2,ecapa_vs_xvector,1061,0.40172270075020833,0.3333333333333333,60
2,2,ecapa_vs_xvector,1062,0.2771325368157821,0.6666666666666666,60
2,2,ecapa_vs_xvector,1064,0.6677966101694914,0.6666666666666666,60
2,2,ecapa_vs_xvector,1067,0.05184773548207834,0.0,60
2,2,ecapa_vs_xvector,1068,0.5923867741039176,1.0,60
2,2,ecapa_vs_xvector,1069,0.664184495693248,0.0,60
2,2,ecapa_vs_xvector,1072,0.7400944706863016,0.6666666666666666,60
2,2,ecapa_vs_xvector,1073,0.5313698249513753,0.3333333333333333,60
2,2,ecapa_vs_xvector,1074,0.6307307585440399,0.6666666666666666,60
2,2,ecapa_vs_xvector,1075,0.7439288691303139,0.6666666666666666,60
2,2,ecapa_vs_xvector,1078,0.4265629341483745,1.0,60
2,2,ecapa_vs_xvector,1080,0.7000833564879132,0.6666666666666666,60
2,2,ecapa_vs_xvector,1084,0.6563489858293969,1.0,60
2,2,ecapa_vs_xvector,1085,0.6117810502917476,0.6666666666666666,60
2,2,ecapa_vs_xvector,1086,0.6629063628785773,0.6666666666666666,60
2,2,ecapa_vs_xvector,1087,0.33053626007224224,0.3333333333333333,60
2,2,ecapa_vs_xvector,1090,0.4805779383161988,0.3333333333333333,60
2,2,ecapa_vs_xvector,1091,0.5192553487079743,0.3333333333333333,60
2,3,ecapa_half4_vs_half4,1001,0.7914976382328422,0.6666666666666666,60
2,3,ecapa_half4_vs_half4,1002,0.7039177549319254,0.6666666666666666,60
2,3,ecapa_half4_vs_half4,1003,0.7303695470964156,0.6666666666666666,60
2,3,ecapa_half4_vs_half4,1004,0.6328424562378437,0.6666666666666666,60
2,3,ecapa_half4_vs_half4,1005,0.8559599888858015,0.6666666666666666,60
2,3,ecapa_half4_vs_half4,1006,0.7627118644067795,0.6666666666666666,60
2,3,ecapa_half4_vs_half4,1010,0.8261739372047789,0.6666666666666666,60
2,3,ecapa_half4_vs_half4,1011,0.8185607113086967,0.6666666666666666,60
2,3,ecapa_half4_vs_half4,1012,0.7923312031119754,0.3333333333333333,60
2,3,ecapa_half4_vs_half4,1014,0.8307307585440399,0.3333333333333333,60
2,3,ecapa_half4_vs_half4,1016,0.7523756599055291,0.6666666666666666,60
2,3,ecapa_half4_vs_half4,1018,0.7235898860794664,1.0,60
2,3,ecapa_half4_vs_half4,1019,0.6700194498471796,0.6666666666666666,60
2,3,ecapa_half4_vs_half4,1020,0.7126424006668518,0.6666666666666666,60
2,3,ecapa_half4_vs_half4,1021,0.7901639344262293,0.3333333333333333,60
2,3,ecapa_half4_vs_half4,1022,0.6809669352597942,0.3333333333333333,60
2,3,ecapa_half4_vs_half4,1023,0.7808280077799387,1.0,60
2,3,ecapa_half4_vs_half4,1025,0.7966657404834675,0.6666666666666666,60
2,3,ecapa_half4_vs_half4,1026,0.8215059738816336,0.6666666666666666,60
2,3,ecapa_half4_vs_half4,1027,0.5985551542095026,0.6666666666666666,60
2,3,ecapa_half4_vs_half4,1028,0.6849124756876909,0.6666666666666666,60
2,3,ecapa_half4_vs_half4,1030,0.7152542372881354,0.3333333333333333,60
2,3,ecapa_half4_vs_half4,1032,0.6482356210058349,0.3333333333333333,60
2,3,ecapa_half4_vs_half4,1033,0.7109196999166434,0.6666666666666666,60
2,3,ecapa_half4_vs_half4,1034,0.7149763823284244,0.6666666666666666,60
2,3,ecapa_half4_vs_half4,1035,0.7790497360377882,0.6666666666666666,60
2,3,ecapa_half4_vs_half4,1036,0.5977771603223117,0.0,60
2,3,ecapa_half4_vs_half4,1037,0.6031675465407056,0.6666666666666666,60
2,3,ecapa_half4_vs_half4,1038,0.8352875798833007,1.0,60
2,3,ecapa_half4_vs_half4,1039,0.7083078632953597,0.6666666666666666,60
2,3,ecapa_half4_vs_half4,1040,0.7068074465129202,0.3333333333333333,60
2,3,ecapa_half4_vs_half4,1041,0.7680466796332313,0.6666666666666666,60
2,3,ecapa_half4_vs_half4,1042,0.6393442622950818,0.3333333333333333,60
2,3,ecapa_half4_vs_half4,1043,0.6322311753264794,0.3333333333333333,60
2,3,ecapa_half4_vs_half4,1045,0.6960266740761322,0.6666666666666666,60
2,3,ecapa_half4_vs_half4,1047,0.6123367602111697,0.3333333333333333,60
2,3,ecapa_half4_vs_half4,1049,0.7806057238121699,0.6666666666666666,60
2,3,ecapa_half4_vs_half4,1051,0.8133370380661293,0.6666666666666666,60
2,3,ecapa_half4_vs_half4,1053,0.766601833842734,0.3333333333333333,60
2,3,ecapa_half4_vs_half4,1054,0.5849958321756042,0.0,60
2,3,ecapa_half4_vs_half4,1055,0.7577660461239232,0.6666666666666666,60
2,3,ecapa_half4_vs_half4,1057,0.6526813003612113,0.3333333333333333,60
2,3,ecapa_half4_vs_half4,1058,0.8276187829952762,0.6666666666666666,60
2,3,ecapa_half4_vs_half4,1061,0.6739094192831341,0.3333333333333333,60
2,3,ecapa_half4_vs_half4,1062,0.7638232842456236,0.6666666666666666,60
2,3,ecapa_half4_vs_half4,1064,0.8163934426229507,0.6666666666666666,60
2,3,ecapa_half4_vs_half4,1067,0.5870519588774659,0.0,60
2,3,ecapa_half4_vs_half4,1068,0.8535148652403444,0.6666666666666666,60
2,3,ecapa_half4_vs_half4,1069,0.6482356210058349,1.0,60
2,3,ecapa_half4_vs_half4,1072,0.6921922756321199,1.0,60
2,3,ecapa_half4_vs_half4,1073,0.6111697693803834,0.6666666666666666,60
2,3,ecapa_half4_vs_half4,1074,0.8068352320088912,0.6666666666666666,60
2,3,ecapa_half4_vs_half4,1075,0.6884690191719921,0.0,60
2,3,ecapa_half4_vs_half4,1078,0.4386774103917754,0.6666666666666666,60
2,3,ecapa_half4_vs_half4,1080,0.7497638232842455,1.0,60
2,3,ecapa_half4_vs_half4,1084,0.7058071686579604,0.6666666666666666,60
2,3,ecapa_half4_vs_half4,1085,0.7926646290636287,1.0,60
2,3,ecapa_half4_vs_half4,1086,0.7881078077243677,0.6666666666666666,60
2,3,ecapa_half4_vs_half4,1087,0.6316198944151152,0.6666666666666666,60
2,3,ecapa_half4_vs_half4,1090,0.6047791053070296,0.6666666666666666,60
2,3,ecapa_half4_vs_half4,1091,0.5787163100861349,0.6666666666666666,60
2,3,xvector_half4_vs_half4,1001,0.9556543484301193,0.0,60
2,3,xvector_half4_vs_half4,1002,0.9408168935815503,0.6666666666666666,60
2,3,xvector_half4_vs_half4,1003,0.9621561544873574,0.6666666666666666,60
2,3,xvector_half4_vs_half4,1004,0.9505973881633786,0.6666666666666666,60
2,3,xvector_half4_vs_half4,1005,0.9619338705195886,0.6666666666666666,60
2,3,xvector_half4_vs_half4,1006,0.9246457349263683,0.3333333333333333,60
2,3,xvector_half4_vs_half4,1010,0.9503751041956097,0.3333333333333333,60
2,3,xvector_half4_vs_half4,1011,0.9460961378160598,0.6666666666666666,60
2,3,xvector_half4_vs_half4,1012,0.9583217560433451,1.0,60
2,3,xvector_half4_vs_half4,1014,0.9288135593220337,0.0,60
2,3,xvector_half4_vs_half4,1016,0.9643789941650457,0.3333333333333333,60
2,3,xvector_half4_vs_half4,1018,0.9440955821061404,1.0,60
2,3,xvector_half4_vs_half4,1019,0.9638788552375658,0.6666666666666666,60
2,3,xvector_half4_vs_half4,1020,0.9308696860238953,1.0,60
2,3,xvector_half4_vs_half4,1021,0.9537649347040843,0.3333333333333333,60
2,3,xvector_half4_vs_half4,1022,0.9616004445679354,0.6666666666666666,60
2,3,xvector_half4_vs_half4,1023,0.9449847179772157,0.6666666666666666,60
2,3,xvector_half4_vs_half4,1025,0.956654626285079,0.6666666666666666,60
2,3,xvector_half4_vs_half4,1026,0.9622117254792996,0.3333333333333333,60
2,3,xvector_half4_vs_half4,1027,0.9005279244234508,0.6666666666666666,60
2,3,xvector_half4_vs_half4,1028,0.9798277299249789,0.6666666666666666,60
2,3,xvector_half4_vs_half4,1030,0.9253125868296748,1.0,60
2,3,xvector_half4_vs_half4,1032,0.939927757710475,0.0,60
2,3,xvector_half4_vs_half4,1033,0.9667129758266183,0.3333333333333333,60
2,3,xvector_half4_vs_half4,1034,0.9641567101972768,0.3333333333333333,60
2,3,xvector_half4_vs_half4,1035,0.9797165879410945,0.3333333333333333,60
2,3,xvector_half4_vs_half4,1036,0.9264795776604611,0.3333333333333333,60
2,3,xvector_half4_vs_half4,1037,0.9503195332036675,0.3333333333333333,60
2,3,xvector_half4_vs_half4,1038,0.9333148096693524,0.3333333333333333,60
2,3,xvector_half4_vs_half4,1039,0.9599888858016113,0.6666666666666666,60
2,3,xvector_half4_vs_half4,1040,0.9120866907474297,0.3333333333333333,60
2,3,xvector_half4_vs_half4,1041,0.9657682689636008,0.3333333333333333,60
2,3,xvector_half4_vs_half4,1042,0.9379272020005556,0.3333333333333333,60
2,3,xvector_half4_vs_half4,1043,0.964212281189219,0.3333333333333333,60
2,3,xvector_half4_vs_half4,1045,0.8951375382050568,0.6666666666666666,60
2,3,xvector_half4_vs_half4,1047,0.9568213392609056,0.3333333333333333,60
2,3,xvector_half4_vs_half4,1049,0.9443734370658514,0.3333333333333333,60
2,3,xvector_half4_vs_half4,1051,0.9786051681022504,1.0,60
2,3,xvector_half4_vs_half4,1053,0.9641011392053346,0.3333333333333333,60
2,3,xvector_half4_vs_half4,1054,0.9628785773826061,0.3333333333333333,60
2,3,xvector_half4_vs_half4,1055,0.9712697971658792,0.6666666666666666,60
2,3,xvector_half4_vs_half4,1057,0.9463739927757708,0.6666666666666666,60
2,3,xvector_half4_vs_half4,1058,0.9595443178660737,0.6666666666666666,60
2,3,xvector_half4_vs_half4,1061,0.9105862739649901,0.6666666666666666,60
2,3,xvector_half4_vs_half4,1062,0.9724367879966656,0.3333333333333333,60
2,3,xvector_half4_vs_half4,1064,0.9632120033342593,0.6666666666666666,60
2,3,xvector_half4_vs_half4,1067,0.8242289524868017,1.0,60
2,3,xvector_half4_vs_half4,1068,0.9552653514865238,0.6666666666666666,60
2,3,xvector_half4_vs_half4,1069,0.972825784940261,0.3333333333333333,60
2,3,xvector_half4_vs_half4,1072,0.9617115865518198,0.3333333333333333,60
2,3,xvector_half4_vs_half4,1073,0.9093081411503193,0.3333333333333333,60
2,3,xvector_half4_vs_half4,1074,0.9543206446235063,0.6666666666666666,60
2,3,xvector_half4_vs_half4,1075,0.9623228674631841,0.3333333333333333,60
2,3,xvector_half4_vs_half4,1078,0.7120311197554875,1.0,60
2,3,xvector_half4_vs_half4,1080,0.9117532647957765,1.0,60
2,3,xvector_half4_vs_half4,1084,0.9470408446790773,0.3333333333333333,60
2,3,xvector_half4_vs_half4,1085,0.92998055015282,0.0,60
2,3,xvector_half4_vs_half4,1086,0.9609335926646289,0.3333333333333333,60
2,3,xvector_half4_vs_half4,1087,0.9657126979716586,0.3333333333333333,60
2,3,xvector_half4_vs_half4,1090,0.8717977215893302,0.3333333333333333,60
2,3,xvector_half4_vs_half4,1091,0.9600444567935535,0.3333333333333333,60
2,3,ecapa_vs_xvector,1001,0.5985551542095026,0.0,60
2,3,ecapa_vs_xvector,1002,0.717032509030286,1.0,60
2,3,ecapa_vs_xvector,1003,0.42111697693803823,0.3333333333333333,60
2,3,ecapa_vs_xvector,1004,0.37199222006112803,0.6666666666666666,60
2,3,ecapa_vs_xvector,1005,0.6779105307029729,0.6666666666666666,60
2,3,ecapa_vs_xvector,1006,0.5488746874131702,0.3333333333333333,60
2,3,ecapa_vs_xvector,1010,0.705973881633787,1.0,60
2,3,ecapa_vs_xvector,1011,0.7315921089191441,0.3333333333333333,60
2,3,ecapa_vs_xvector,1012,0.5349819394276186,0.3333333333333333,60
2,3,ecapa_vs_xvector,1014,0.7728813559322032,0.0,60
2,3,ecapa_vs_xvector,1016,0.6665740483467628,0.6666666666666666,60
2,3,ecapa_vs_xvector,1018,0.6689080300083355,0.3333333333333333,60
2,3,ecapa_vs_xvector,1019,0.5930536260072241,0.3333333333333333,60
2,3,ecapa_vs_xvector,1020,0.43445401500416775,0.6666666666666666,60
2,3,ecapa_vs_xvector,1021,0.5751041956098916,0.3333333333333333,60
2,3,ecapa_vs_xvector,1022,0.518366212836899,0.0,60
2,3,ecapa_vs_xvector,1023,0.530202834120589,0.3333333333333333,60
2,3,ecapa_vs_xvector,1025,0.6214504028896914,0.3333333333333333,60
2,3,ecapa_vs_xvector,1026,0.7299249791608778,0.3333333333333333,60
2,3,ecapa_vs_xvector,1027,0.6103362045012503,0.6666666666666666,60
2,3,ecapa_vs_xvector,1028,0.5555987774381772,0.6666666666666666,60
2,3,ecapa_vs_xvector,1030,0.5413726035009724,0.6666666666666666,60
2,3,ecapa_vs_xvector,1032,0.2601833842734092,0.0,60
2,3,ecapa_vs_xvector,1033,0.6755209780494581,0.3333333333333333,60
2,3,ecapa_vs_xvector,1034,0.4558488469019171,0.3333333333333333,60
2,3,ecapa_vs_xvector,1035,0.719199777716032,0.6666666666666666,60
2,3,ecapa_vs_xvector,1036,-0.06957488191164211,0.0,60
2,3,ecapa_vs_xvector,1037,0.49708252292303406,0.6666666666666666,60
2,3,ecapa_vs_xvector,1038,0.6243400944706862,0.6666666666666666,60
2,3,ecapa_vs_xvector,1039,0.42272853570436225,0.3333333333333333,60
2,3,ecapa_vs_xvector,1040,0.5749930536260071,0.3333333333333333,60
2,3,ecapa_vs_xvector,1041,0.39010836343428723,0.3333333333333333,60
2,3,ecapa_vs_xvector,1042,0.11597666018338425,0.3333333333333333,60
2,3,ecapa_vs_xvector,1043,0.4879688802445123,0.3333333333333333,60
2,3,ecapa_vs_xvector,1045,0.5383161989441511,0.3333333333333333,60
2,3,ecapa_vs_xvector,1047,0.5731036398999722,0.0,60
2,3,ecapa_vs_xvector,1049,0.557988330091692,0.6666666666666666,60
2,3,ecapa_vs_xvector,1051,0.5902750764101138,0.3333333333333333,60
2,3,ecapa_vs_xvector,1053,0.681967213114754,0.6666666666666666,60
2,3,ecapa_vs_xvector,1054,0.594387329813837,0.3333333333333333,60
2,3,ecapa_vs_xvector,1055,0.6260627952208946,0.6666666666666666,60
2,3,ecapa_vs_xvector,1057,-0.1671575437621561,0.3333333333333333,60
2,3,ecapa_vs_xvector,1058,0.3265907196443456,0.3333333333333333,60
2,3,ecapa_vs_xvector,1061,0.5099194220616837,0.6666666666666666,60
2,3,ecapa_vs_xvector,1062,0.14576271186440676,0.3333333333333333,60
2,3,ecapa_vs_xvector,1064,0.7373714920811335,0.6666666666666666,60
2,3,ecapa_vs_xvector,1067,0.09330369547096413,0.0,60
2,3,ecapa_vs_xvector,1068,0.6067240900250068,0.6666666666666666,60
2,3,ecapa_vs_xvector,1069,0.6755765490414003,0.6666666666666666,60
2,3,ecapa_vs_xvector,1072,0.7184773548207835,1.0,60
2,3,ecapa_vs_xvector,1073,0.4594053903862183,0.6666666666666666,60
2,3,ecapa_vs_xvector,1074,0.6355098638510697,0.3333333333333333,60
2,3,ecapa_vs_xvector,1075,0.806501806057238,0.3333333333333333,60
2,3,ecapa_vs_xvector,1078,0.37921644901361484,0.6666666666666666,60
2,3,ecapa_vs_xvector,1080,0.6435676576826895,1.0,60
2,3,ecapa_vs_xvector,1084,0.7594331758821894,0.6666666666666666,60
2,3,ecapa_vs_xvector,1085,0.6037788274520699,0.3333333333333333,60
2,3,ecapa_vs_xvector,1086,0.6899694359544316,0.6666666666666666,60
2,3,ecapa_vs_xvector,1087,0.2815782161711586,0.0,60
2,3,ecapa_vs_xvector,1090,0.6065573770491802,0.3333333333333333,60
2,3,ecapa_vs_xvector,1091,0.6361767157543761,1.0,60
2,4,ecapa_half4_vs_half4,1001,0.7886123842628197,0.0,58
2,4,ecapa_half4_vs_half4,1003,0.7069734535051833,0.3333333333333333,58
2,4,ecapa_half4_vs_half4,1004,0.7096188747731398,0.6666666666666666,58
2,4,ecapa_half4_vs_half4,1005,0.7946414838967671,0.6666666666666666,58
2,4,ecapa_half4_vs_half4,1010,0.7580362361192287,0.3333333333333333,58
2,4,ecapa_half4_vs_half4,1011,0.7057430250084593,0.3333333333333333,58
2,4,ecapa_half4_vs_half4,1012,0.8124826970992649,0.6666666666666666,58
2,4,ecapa_half4_vs_half4,1014,0.6888861546033407,0.3333333333333333,58
2,4,ecapa_half4_vs_half4,1016,0.5328062997939033,0.6666666666666666,58
2,4,ecapa_half4_vs_half4,1018,0.7233996739364484,0.3333333333333333,58
2,4,ecapa_half4_vs_half4,1019,0.7988864622104649,0.6666666666666666,58
2,4,ecapa_half4_vs_half4,1020,0.5395736565258852,0.6666666666666666,58
2,4,ecapa_half4_vs_half4,1021,0.8206650466024794,0.6666666666666666,58
2,4,ecapa_half4_vs_half4,1022,0.725122273831862,0.0,58
2,4,ecapa_half4_vs_half4,1023,0.7702789996616323,0.6666666666666666,58
2,4,ecapa_half4_vs_half4,1025,0.7287520378971978,0.6666666666666666,58
2,4,ecapa_half4_vs_half4,1026,0.7493617152173245,0.3333333333333333,58
2,4,ecapa_half4_vs_half4,1027,0.545356670460488,0.6666666666666666,58
2,4,ecapa_half4_vs_half4,1028,0.7483158509951091,0.6666666666666666,58
2,4,ecapa_half4_vs_half4,1030,0.5537851056630472,0.3333333333333333,58
2,4,ecapa_half4_vs_half4,1032,0.6063859238979975,0.3333333333333333,58
2,4,ecapa_half4_vs_half4,1033,0.6833492263680827,0.6666666666666666,58
2,4,ecapa_half4_vs_half4,1034,0.6607093420283614,1.0,58
2,4,ecapa_half4_vs_half4,1035,0.7513919222369191,0.6666666666666666,58
2,4,ecapa_half4_vs_half4,1036,0.5470177489310653,0.0,58
2,4,ecapa_half4_vs_half4,1037,0.6714140699498601,0.6666666666666666,58
2,4,ecapa_half4_vs_half4,1038,0.7109108246947,0.6666666666666666,58
2,4,ecapa_half4_vs_half4,1039,0.6938693900150729,0.3333333333333333,58
2,4,ecapa_half4_vs_half4,1040,0.7627733858316159,0.6666666666666666,58
2,4,ecapa_half4_vs_half4,1041,0.7256144452305516,0.6666666666666666,58
2,4,ecapa_half4_vs_half4,1042,0.7511458365375743,0.6666666666666666,58
2,4,ecapa_half4_vs_half4,1043,0.6839029191916085,0.3333333333333333,58
2,4,ecapa_half4_vs_half4,1045,0.7691716140145807,0.3333333333333333,58
2,4,ecapa_half4_vs_half4,1047,0.6761512196622474,0.3333333333333333,58
2,4,ecapa_half4_vs_half4,1049,0.7201390384201299,0.6666666666666666,58
2,4,ecapa_half4_vs_half4,1051,0.8063920760404812,0.6666666666666666,58
2,4,ecapa_half4_vs_half4,1053,0.713064074563967,0.6666666666666666,58
2,4,ecapa_half4_vs_half4,1054,0.7206312098188195,0.3333333333333333,58
2,4,ecapa_half4_vs_half4,1055,0.743332615583377,0.6666666666666666,58
2,4,ecapa_half4_vs_half4,1057,0.5286228429050417,0.0,58
2,4,ecapa_half4_vs_half4,1058,0.6334553508259252,0.6666666666666666,58
2,4,ecapa_half4_vs_half4,1061,0.6162908732966256,0.3333333333333333,58
2,4,ecapa_half4_vs_half4,1062,0.5946968531791197,0.6666666666666666,58
2,4,ecapa_half4_vs_half4,1064,0.6965763327078656,0.6666666666666666,58
2,4,ecapa_half4_vs_half4,1067,0.3567319819127011,0.3333333333333333,58
2,4,ecapa_half4_vs_half4,1068,0.8007936263803871,0.3333333333333333,58
2,4,ecapa_half4_vs_half4,1069,0.7009443538712358,0.6666666666666666,58
2,4,ecapa_half4_vs_half4,1072,0.7841213202497771,0.6666666666666666,58
2,4,ecapa_half4_vs_half4,1073,0.5224707004214219,0.6666666666666666,58
2,4,ecapa_half4_vs_half4,1074,0.6877172475314529,0.6666666666666666,58
2,4,ecapa_half4_vs_half4,1075,0.7562521147989788,0.3333333333333333,58
2,4,ecapa_half4_vs_half4,1078,0.5390814851271956,0.6666666666666666,58
2,4,ecapa_half4_vs_half4,1080,0.7430865298840322,0.6666666666666666,58
2,4,ecapa_half4_vs_half4,1084,0.6746131840413425,0.6666666666666666,58
2,4,ecapa_half4_vs_half4,1085,0.7746470208250024,0.3333333333333333,58
2,4,ecapa_half4_vs_half4,1086,0.6052785382509459,0.6666666666666666,58
2,4,ecapa_half4_vs_half4,1087,0.7048202036359162,0.6666666666666666,58
2,4,ecapa_half4_vs_half4,1090,0.6106924236365315,0.6666666666666666,58
2,4,ecapa_half4_vs_half4,1091,0.5430188563167123,0.3333333333333333,58
2,4,xvector_half4_vs_half4,1001,0.9588421667845828,0.3333333333333333,58
2,4,xvector_half4_vs_half4,1003,0.962594973699591,0.6666666666666666,58
2,4,xvector_half4_vs_half4,1004,0.9476452674643946,1.0,58
2,4,xvector_half4_vs_half4,1005,0.9633947522224616,0.6666666666666666,58
2,4,xvector_half4_vs_half4,1010,0.9677012519609955,0.3333333333333333,58
2,4,xvector_half4_vs_half4,1011,0.9583499953858933,0.6666666666666666,58
2,4,xvector_half4_vs_half4,1012,0.963517795072134,1.0,58
2,4,xvector_half4_vs_half4,1014,0.9445076747977484,0.3333333333333333,58
2,4,xvector_half4_vs_half4,1016,0.9328186040788705,0.3333333333333333,58
2,4,xvector_half4_vs_half4,1018,0.9268510258697592,0.6666666666666666,58
2,4,xvector_half4_vs_half4,1019,0.9688086376080471,0.6666666666666666,58
2,4,xvector_half4_vs_half4,1020,0.926789504444923,0.6666666666666666,58
2,4,xvector_half4_vs_half4,1021,0.9697314589805901,0.6666666666666666,58
2,4,xvector_half4_vs_half4,1022,0.9584730382355656,0.6666666666666666,58
2,4,xvector_half4_vs_half4,1023,0.9389092251376543,0.6666666666666666,58
2,4,xvector_half4_vs_half4,1025,0.9437078962748778,0.6666666666666666,58
2,4,xvector_half4_vs_half4,1026,0.941000953582085,1.0,58
2,4,xvector_half4_vs_half4,1027,0.9154695622750624,0.3333333333333333,58
2,4,xvector_half4_vs_half4,1028,0.9565043526408072,1.0,58
2,4,xvector_half4_vs_half4,1030,0.9317727398566552,0.6666666666666666,58
2,4,xvector_half4_vs_half4,1032,0.9225445261312253,0.0,58
2,4,xvector_half4_vs_half4,1033,0.9435848534252055,0.3333333333333333,58
2,4,xvector_half4_vs_half4,1034,0.9669014734381249,0.6666666666666666,58
2,4,xvector_half4_vs_half4,1035,0.9663477806145991,0.3333333333333333,58
2,4,xvector_half4_vs_half4,1036,0.9254360330985266,0.3333333333333333,58
2,4,xvector_half4_vs_half4,1037,0.9546587098957213,0.3333333333333333,58
2,4,xvector_half4_vs_half4,1038,0.9119013196345629,0.3333333333333333,58
2,4,xvector_half4_vs_half4,1039,0.9609954166538498,0.3333333333333333,58
2,4,xvector_half4_vs_half4,1040,0.929250361438371,0.6666666666666666,58
2,4,xvector_half4_vs_half4,1041,0.9569350026146607,0.3333333333333333,58
2,4,xvector_half4_vs_half4,1042,0.9389707465624905,0.6666666666666666,58
2,4,xvector_half4_vs_half4,1043,0.9720692731243656,0.6666666666666666,58
2,4,xvector_half4_vs_half4,1045,0.927097111569104,1.0,58
2,4,xvector_half4_vs_half4,1047,0.9458611461441448,0.3333333333333333,58
2,4,xvector_half4_vs_half4,1049,0.9500446030330063,0.6666666666666666,58
2,4,xvector_half4_vs_half4,1051,0.9748377372419946,0.3333333333333333,58
2,4,xvector_half4_vs_half4,1053,0.9704081946537882,0.6666666666666666,58
2,4,xvector_half4_vs_half4,1054,0.9589652096342552,0.6666666666666666,58
2,4,xvector_half4_vs_half4,1055,0.9657940877910733,1.0,58
2,4,xvector_half4_vs_half4,1057,0.9472761389153774,0.3333333333333333,58
2,4,xvector_half4_vs_half4,1058,0.9483220031375927,1.0,58
2,4,xvector_half4_vs_half4,1061,0.9317727398566552,1.0,58
2,4,xvector_half4_vs_half4,1062,0.9718231874250208,0.0,58
2,4,xvector_half4_vs_half4,1064,0.9585345596604018,0.6666666666666666,58
2,4,xvector_half4_vs_half4,1067,0.8270017533606079,0.3333333333333333,58
2,4,xvector_half4_vs_half4,1068,0.9488141745362824,0.3333333333333333,58
2,4,xvector_half4_vs_half4,1069,0.960134116706143,0.3333333333333333,58
2,4,xvector_half4_vs_half4,1072,0.9622258451505737,0.6666666666666666,58
2,4,xvector_half4_vs_half4,1073,0.9318957827063276,0.3333333333333333,58
2,4,xvector_half4_vs_half4,1074,0.9653019163923837,0.6666666666666666,58
2,4,xvector_half4_vs_half4,1075,0.9481374388630842,0.6666666666666666,58
2,4,xvector_half4_vs_half4,1078,0.8928296779353411,0.3333333333333333,58
2,4,xvector_half4_vs_half4,1080,0.9181765049678552,0.6666666666666666,58
2,4,xvector_half4_vs_half4,1084,0.9399550893598697,0.3333333333333333,58
2,4,xvector_half4_vs_half4,1085,0.9395859608108524,0.3333333333333333,58
2,4,xvector_half4_vs_half4,1086,0.9337414254514136,0.3333333333333333,58
2,4,xvector_half4_vs_half4,1087,0.9648097449936942,0.3333333333333333,58
2,4,xvector_half4_vs_half4,1090,0.9253129902488543,0.3333333333333333,58
2,4,xvector_half4_vs_half4,1091,0.948383524562429,0.3333333333333333,58
2,4,ecapa_vs_xvector,1001,0.6448983358454583,0.6666666666666666,58
2,4,ecapa_vs_xvector,1003,0.5300378356762743,0.3333333333333333,58
2,4,ecapa_vs_xvector,1004,0.40318065766403155,0.6666666666666666,58
2,4,ecapa_vs_xvector,1005,0.7257990095050603,0.6666666666666666,58
2,4,ecapa_vs_xvector,1010,0.6914085330216249,0.6666666666666666,58
2,4,ecapa_vs_xvector,1011,0.7277061736749824,0.6666666666666666,58
2,4,ecapa_vs_xvector,1012,0.4625488326309638,0.6666666666666666,58
2,4,ecapa_vs_xvector,1014,0.7592051431911164,0.3333333333333333,58
2,4,ecapa_vs_xvector,1016,0.6727060198714203,0.6666666666666666,58
2,4,ecapa_vs_xvector,1018,0.6224430157802455,0.3333333333333333,58
2,4,ecapa_vs_xvector,1019,0.6127226306561261,0.3333333333333333,58
2,4,ecapa_vs_xvector,1020,0.3982589436771356,0.0,58
2,4,ecapa_vs_xvector,1021,0.6823648835707036,0.3333333333333333,58
2,4,ecapa_vs_xvector,1022,0.6611399920022148,0.3333333333333333,58
2,4,ecapa_vs_xvector,1023,0.5019840659509675,0.3333333333333333,58
2,4,ecapa_vs_xvector,1025,0.6440985573225877,0.3333333333333333,58
2,4,ecapa_vs_xvector,1026,0.6736903626687994,0.6666666666666666,58
2,4,ecapa_vs_xvector,1027,0.5528622842905042,0.6666666666666666,58
2,4,ecapa_vs_xvector,1028,0.6068780952966871,0.6666666666666666,58
2,4,ecapa_vs_xvector,1030,0.48764957396413305,0.6666666666666666,58
2,4,ecapa_vs_xvector,1032,0.3812790304223446,0.3333333333333333,58
2,4,ecapa_vs_xvector,1033,0.7198314312959488,0.3333333333333333,58
2,4,ecapa_vs_xvector,1034,0.49860038758497655,0.3333333333333333,58
2,4,ecapa_vs_xvector,1035,0.6368390291919162,0.3333333333333333,58
2,4,ecapa_vs_xvector,1036,0.07225691347011598,0.0,58
2,4,ecapa_vs_xvector,1037,0.45639669014734385,0.6666666666666666,58
2,4,ecapa_vs_xvector,1038,0.5544003199114093,0.6666666666666666,58
2,4,ecapa_vs_xvector,1039,0.4886954381863485,0.3333333333333333,58
2,4,ecapa_vs_xvector,1040,0.6250269156233659,0.3333333333333333,58
2,4,ecapa_vs_xvector,1041,0.40385739333722975,0.3333333333333333,58
2,4,ecapa_vs_xvector,1042,0.18576394229290352,0.3333333333333333,58
2,4,ecapa_vs_xvector,1043,0.5049986157679413,0.6666666666666666,58
2,4,ecapa_vs_xvector,1045,0.525300685963887,0.6666666666666666,58
2,4,ecapa_vs_xvector,1047,0.6015257313359378,0.0,58
2,4,ecapa_vs_xvector,1049,0.6276723368913225,0.6666666666666666,58
2,4,ecapa_vs_xvector,1051,0.5351441139376789,0.3333333333333333,58
2,4,ecapa_vs_xvector,1053,0.6416992217539759,0.6666666666666666,58
2,4,ecapa_vs_xvector,1054,0.6413300932049587,0.3333333333333333,58
2,4,ecapa_vs_xvector,1055,0.6507428712048972,1.0,58
2,4,ecapa_vs_xvector,1057,-0.15506475129964012,0.3333333333333333,58
2,4,ecapa_vs_xvector,1058,0.2813067150635209,0.3333333333333333,58
2,4,ecapa_vs_xvector,1061,0.5296071857024209,0.3333333333333333,58
2,4,ecapa_vs_xvector,1062,0.2660494017041435,0.3333333333333333,58
2,4,ecapa_vs_xvector,1064,0.7349657018056539,0.6666666666666666,58
2,4,ecapa_vs_xvector,1067,0.03319080869912948,0.0,58
2,4,ecapa_vs_xvector,1068,0.5976498815712572,1.0,58
2,4,ecapa_vs_xvector,1069,0.730351594942939,0.3333333333333333,58
2,4,ecapa_vs_xvector,1072,0.710295610446338,0.6666666666666666,58
2,4,ecapa_vs_xvector,1073,0.4388015626441909,0.6666666666666666,58
2,4,ecapa_vs_xvector,1074,0.622566058629918,1.0,58
2,4,ecapa_vs_xvector,1075,0.8019625334522749,0.6666666666666666,58
2,4,ecapa_vs_xvector,1078,0.38084838044849123,0.6666666666666666,58
2,4,ecapa_vs_xvector,1080,0.6956535113353226,1.0,58
2,4,ecapa_vs_xvector,1084,0.7105416961456829,0.6666666666666666,58
2,4,ecapa_vs_xvector,1085,0.6180749946168754,0.3333333333333333,58
2,4,ecapa_vs_xvector,1086,0.6672921344858348,0.6666666666666666,58
2,4,ecapa_vs_xvector,1087,0.22206158294626105,0.3333333333333333,58
2,4,ecapa_vs_xvector,1090,0.4619336183826018,0.3333333333333333,58
2,4,ecapa_vs_xvector,1091,0.5591989910486328,0.6666666666666666,58
2,5,ecapa_half4_vs_half4,1001,0.7630895420369105,0.0,56
2,5,ecapa_half4_vs_half4,1003,0.7479152426520848,0.3333333333333333,56
2,5,ecapa_half4_vs_half4,1004,0.7862611073137389,1.0,56
2,5,ecapa_half4_vs_half4,1005,0.5405331510594669,0.3333333333333333,56
2,5,ecapa_half4_vs_half4,1010,0.6524265208475735,0.0,56
2,5,ecapa_half4_vs_half4,1011,0.7799726589200273,0.6666666666666666,56
2,5,ecapa_half4_vs_half4,1012,0.7511278195488722,0.6666666666666666,56
2,5,ecapa_half4_vs_half4,1014,0.6596719070403281,0.3333333333333333,56
2,5,ecapa_half4_vs_half4,1016,0.6055365686944635,0.3333333333333333,56
2,5,ecapa_half4_vs_half4,1018,0.6018455228981545,0.3333333333333333,56
2,5,ecapa_half4_vs_half4,1020,0.5742993848257006,0.3333333333333333,56
2,5,ecapa_half4_vs_half4,1021,0.6174299384825701,0.6666666666666666,56
2,5,ecapa_half4_vs_half4,1022,0.6899521531100479,0.0,56
2,5,ecapa_half4_vs_half4,1023,0.6911141490088859,0.6666666666666666,56
2,5,ecapa_half4_vs_half4,1025,0.6996582365003418,0.0,56
2,5,ecapa_half4_vs_half4,1026,0.6675324675324675,0.0,56
2,5,ecapa_half4_vs_half4,1027,0.5560492139439508,0.3333333333333333,56
2,5,ecapa_half4_vs_half4,1028,0.5875598086124402,0.6666666666666666,56
2,5,ecapa_half4_vs_half4,1030,0.6063568010936432,0.6666666666666666,56
2,5,ecapa_half4_vs_half4,1032,0.5829801777170198,0.3333333333333333,56
2,5,ecapa_half4_vs_half4,1033,0.7138755980861244,0.0,56
2,5,ecapa_half4_vs_half4,1034,0.6747095010252905,0.3333333333333333,56
2,5,ecapa_half4_vs_half4,1035,0.5885850991114149,0.0,56
2,5,ecapa_half4_vs_half4,1036,0.4372522214627478,0.3333333333333333,56
2,5,ecapa_half4_vs_half4,1037,0.6296650717703349,0.3333333333333333,56
2,5,ecapa_half4_vs_half4,1038,0.6300068352699931,0.6666666666666666,56
2,5,ecapa_half4_vs_half4,1039,0.7533834586466165,0.6666666666666666,56
2,5,ecapa_half4_vs_half4,1041,0.4991797676008202,0.6666666666666666,56
2,5,ecapa_half4_vs_half4,1042,0.63526999316473,0.6666666666666666,56
2,5,ecapa_half4_vs_half4,1043,0.5114149008885851,0.6666666666666666,56
2,5,ecapa_half4_vs_half4,1045,0.7358851674641148,0.3333333333333333,56
2,5,ecapa_half4_vs_half4,1047,0.6132604237867396,0.6666666666666666,56
2,5,ecapa_half4_vs_half4,1049,0.7159261790840739,1.0,56
2,5,ecapa_half4_vs_half4,1051,0.6181134654818865,1.0,56
2,5,ecapa_half4_vs_half4,1053,0.7239917976760082,0.3333333333333333,56
2,5,ecapa_half4_vs_half4,1054,0.680997949419002,0.0,56
2,5,ecapa_half4_vs_half4,1055,0.7311688311688311,0.6666666666666666,56
2,5,ecapa_half4_vs_half4,1057,0.3582365003417635,0.3333333333333333,56
2,5,ecapa_half4_vs_half4,1058,0.715311004784689,0.3333333333333333,56
2,5,ecapa_half4_vs_half4,1061,0.5642515379357484,0.3333333333333333,56
2,5,ecapa_half4_vs_half4,1062,0.6738209159261791,0.6666666666666666,56
2,5,ecapa_half4_vs_half4,1064,0.6480519480519481,0.6666666666666666,56
2,5,ecapa_half4_vs_half4,1067,0.5773752563226248,0.3333333333333333,56
2,5,ecapa_half4_vs_half4,1068,0.7159261790840739,0.3333333333333333,56
2,5,ecapa_half4_vs_half4,1069,0.6021872863978127,0.6666666666666666,56
2,5,ecapa_half4_vs_half4,1072,0.7332877648667122,0.3333333333333333,56
2,5,ecapa_half4_vs_half4,1073,0.645727956254272,0.6666666666666666,56
2,5,ecapa_half4_vs_half4,1074,0.6879015721120985,0.3333333333333333,56
2,5,ecapa_half4_vs_half4,1075,0.7416951469583049,0.6666666666666666,56
2,5,ecapa_half4_vs_half4,1078,0.5375256322624744,0.6666666666666666,56
2,5,ecapa_half4_vs_half4,1080,0.8777853725222147,0.6666666666666666,56
2,5,ecapa_half4_vs_half4,1084,0.836637047163363,0.6666666666666666,56
2,5,ecapa_half4_vs_half4,1085,0.600205058099795,0.3333333333333333,56
2,5,ecapa_half4_vs_half4,1086,0.4875598086124402,0.3333333333333333,56
2,5,ecapa_half4_vs_half4,1087,0.6514695830485304,0.6666666666666666,56
2,5,ecapa_half4_vs_half4,1090,0.5295967190704033,0.6666666666666666,56
2,5,ecapa_half4_vs_half4,1091,0.593028024606972,0.3333333333333333,56
2,5,xvector_half4_vs_half4,1001,0.9309637730690362,0.6666666666666666,56
2,5,xvector_half4_vs_half4,1003,0.9471633629528367,0.6666666666666666,56
2,5,xvector_half4_vs_half4,1004,0.9470266575529733,0.6666666666666666,56
2,5,xvector_half4_vs_half4,1005,0.9310321257689679,0.6666666666666666,56
2,5,xvector_half4_vs_half4,1010,0.9440874914559125,0.6666666666666666,56
2,5,xvector_half4_vs_half4,1011,0.9066302118933698,0.6666666666666666,56
2,5,xvector_half4_vs_half4,1012,0.9295967190704033,0.6666666666666666,56
2,5,xvector_half4_vs_half4,1014,0.8924128503075871,0.6666666666666666,56
2,5,xvector_half4_vs_half4,1016,0.9253588516746412,0.3333333333333333,56
2,5,xvector_half4_vs_half4,1018,0.9276828434723171,0.6666666666666666,56
2,5,xvector_half4_vs_half4,1020,0.8974709501025291,0.3333333333333333,56
2,5,xvector_half4_vs_half4,1021,0.9643882433356118,0.6666666666666666,56
2,5,xvector_half4_vs_half4,1022,0.880997949419002,0.3333333333333333,56
2,5,xvector_half4_vs_half4,1023,0.8818865345181135,0.6666666666666666,56
2,5,xvector_half4_vs_half4,1025,0.9341763499658237,0.6666666666666666,56
2,5,xvector_half4_vs_half4,1026,0.897881066302119,0.3333333333333333,56
2,5,xvector_half4_vs_half4,1027,0.8009569377990431,0.6666666666666666,56
2,5,xvector_half4_vs_half4,1028,0.9457963089542037,1.0,56
2,5,xvector_half4_vs_half4,1030,0.9264524948735475,0.6666666666666666,56
2,5,xvector_half4_vs_half4,1032,0.9160628844839371,0.0,56
2,5,xvector_half4_vs_half4,1033,0.9447026657552974,0.3333333333333333,56
2,5,xvector_half4_vs_half4,1034,0.9509911141490088,0.3333333333333333,56
2,5,xvector_half4_vs_half4,1035,0.9272043745727956,0.3333333333333333,56
2,5,xvector_half4_vs_half4,1036,0.9276828434723171,0.3333333333333333,56
2,5,xvector_half4_vs_half4,1037,0.9362269309637731,0.3333333333333333,56
2,5,xvector_half4_vs_half4,1038,0.8901572112098428,0.6666666666666666,56
2,5,xvector_half4_vs_half4,1039,0.9570745044429255,0.3333333333333333,56
2,5,xvector_half4_vs_half4,1041,0.911825017088175,0.6666666666666666,56
2,5,xvector_half4_vs_half4,1042,0.9478468899521532,0.6666666666666666,56
2,5,xvector_half4_vs_half4,1043,0.9651401230348599,0.6666666666666666,56
2,5,xvector_half4_vs_half4,1045,0.8751196172248804,0.6666666666666666,56
2,5,xvector_half4_vs_half4,1047,0.916678058783322,0.0,56
2,5,xvector_half4_vs_half4,1049,0.9210526315789473,0.3333333333333333,56
2,5,xvector_half4_vs_half4,1051,0.9436773752563227,0.6666666666666666,56
2,5,xvector_half4_vs_half4,1053,0.9537252221462748,1.0,56
2,5,xvector_half4_vs_half4,1054,0.9539986329460014,0.3333333333333333,56
2,5,xvector_half4_vs_half4,1055,0.9606971975393028,0.6666666666666666,56
2,5,xvector_half4_vs_half4,1057,0.9111414900888585,0.3333333333333333,56
2,5,xvector_half4_vs_half4,1058,0.9223513328776487,1.0,56
2,5,xvector_half4_vs_half4,1061,0.88215994531784,0.3333333333333333,56
2,5,xvector_half4_vs_half4,1062,0.9408749145591251,1.0,56
2,5,xvector_half4_vs_half4,1064,0.9276828434723171,0.6666666666666666,56
2,5,xvector_half4_vs_half4,1067,0.7303485987696514,0.6666666666666666,56
2,5,xvector_half4_vs_half4,1068,0.9364319890635681,0.3333333333333333,56
2,5,xvector_half4_vs_half4,1069,0.9228981544771019,0.3333333333333333,56
2,5,xvector_half4_vs_half4,1072,0.9707450444292549,0.6666666666666666,56
2,5,xvector_half4_vs_half4,1073,0.9280246069719754,0.6666666666666666,56
2,5,xvector_half4_vs_half4,1074,0.956390977443609,0.6666666666666666,56
2,5,xvector_half4_vs_half4,1075,0.9671907040328093,0.6666666666666666,56
2,5,xvector_half4_vs_half4,1078,0.889747095010253,0.6666666666666666,56
2,5,xvector_half4_vs_half4,1080,0.895352016404648,0.6666666666666666,56
2,5,xvector_half4_vs_half4,1084,0.871907040328093,0.6666666666666666,56
2,5,xvector_half4_vs_half4,1085,0.9128503075871497,0.6666666666666666,56
2,5,xvector_half4_vs_half4,1086,0.9239234449760766,0.6666666666666666,56
2,5,xvector_half4_vs_half4,1087,0.9419685577580315,0.3333333333333333,56
2,5,xvector_half4_vs_half4,1090,0.7817498291182502,0.3333333333333333,56
2,5,xvector_half4_vs_half4,1091,0.934313055365687,1.0,56
2,5,ecapa_vs_xvector,1001,0.5276144907723855,0.3333333333333333,56
2,5,ecapa_vs_xvector,1003,0.46684894053315107,0.3333333333333333,56
2,5,ecapa_vs_xvector,1004,0.38680792891319205,0.6666666666666666,56
2,5,ecapa_vs_xvector,1005,0.6070403280929597,1.0,56
2,5,ecapa_vs_xvector,1010,0.6989747095010252,0.3333333333333333,56
2,5,ecapa_vs_xvector,1011,0.6595352016404648,0.3333333333333333,56
2,5,ecapa_vs_xvector,1012,0.509295967190704,0.3333333333333333,56
2,5,ecapa_vs_xvector,1014,0.6511278195488722,0.0,56
2,5,ecapa_vs_xvector,1016,0.7173615857826384,0.6666666666666666,56
2,5,ecapa_vs_xvector,1018,0.6298017771701983,0.6666666666666666,56
2,5,ecapa_vs_xvector,1020,0.47628161312371836,0.0,56
2,5,ecapa_vs_xvector,1021,0.6032125768967874,0.6666666666666666,56
2,5,ecapa_vs_xvector,1022,0.7101161995898838,0.0,56
2,5,ecapa_vs_xvector,1023,0.35481886534518114,0.0,56
2,5,ecapa_vs_xvector,1025,0.742036910457963,0.3333333333333333,56
2,5,ecapa_vs_xvector,1026,0.6140123034859877,0.3333333333333333,56
2,5,ecapa_vs_xvector,1027,0.4875598086124402,0.6666666666666666,56
2,5,ecapa_vs_xvector,1028,0.5427204374572796,0.3333333333333333,56
2,5,ecapa_vs_xvector,1030,0.38701298701298703,0.3333333333333333,56
2,5,ecapa_vs_xvector,1032,0.35844155844155845,0.3333333333333333,56
2,5,ecapa_vs_xvector,1033,0.704853041695147,0.3333333333333333,56
2,5,ecapa_vs_xvector,1034,0.4663021189336979,0.3333333333333333,56
2,5,ecapa_vs_xvector,1035,0.6207792207792208,0.3333333333333333,56
2,5,ecapa_vs_xvector,1036,-0.023444976076555026,0.3333333333333333,56
2,5,ecapa_vs_xvector,1037,0.4619958988380041,0.6666666666666666,56
2,5,ecapa_vs_xvector,1038,0.5032125768967874,0.6666666666666666,56
2,5,ecapa_vs_xvector,1039,0.41606288448393713,0.6666666666666666,56
2,5,ecapa_vs_xvector,1041,0.3243335611756664,0.3333333333333333,56
2,5,ecapa_vs_xvector,1042,0.20348598769651402,0.3333333333333333,56
2,5,ecapa_vs_xvector,1043,0.2626110731373889,0.3333333333333333,56
2,5,ecapa_vs_xvector,1045,0.48619275461380723,0.3333333333333333,56
2,5,ecapa_vs_xvector,1047,0.6075871496924129,0.0,56
2,5,ecapa_vs_xvector,1049,0.6017088174982912,0.6666666666666666,56
2,5,ecapa_vs_xvector,1051,0.45297334244702664,0.3333333333333333,56
2,5,ecapa_vs_xvector,1053,0.6864661654135338,0.6666666666666666,56
2,5,ecapa_vs_xvector,1054,0.5671223513328777,0.6666666666666666,56
2,5,ecapa_vs_xvector,1055,0.6064935064935065,0.6666666666666666,56
2,5,ecapa_vs_xvector,1057,-0.03547505126452495,0.3333333333333333,56
2,5,ecapa_vs_xvector,1058,0.24928229665071772,0.3333333333333333,56
2,5,ecapa_vs_xvector,1061,0.47033492822966505,0.3333333333333333,56
2,5,ecapa_vs_xvector,1062,0.30710868079289133,0.3333333333333333,56
2,5,ecapa_vs_xvector,1064,0.6276144907723855,0.6666666666666666,56
2,5,ecapa_vs_xvector,1067,-0.01367053998632946,0.0,56
2,5,ecapa_vs_xvector,1068,0.5184552289815447,0.3333333333333333,56
2,5,ecapa_vs_xvector,1069,0.6142173615857827,0.0,56
2,5,ecapa_vs_xvector,1072,0.6983595352016405,0.6666666666666666,56
2,5,ecapa_vs_xvector,1073,0.5535201640464799,0.6666666666666666,56
2,5,ecapa_vs_xvector,1074,0.6535201640464798,0.3333333333333333,56
2,5,ecapa_vs_xvector,1075,0.7570061517429938,0.6666666666666666,56
2,5,ecapa_vs_xvector,1078,0.4382775119617225,1.0,56
2,5,ecapa_vs_xvector,1080,0.6598769651401231,0.6666666666666666,56
2,5,ecapa_vs_xvector,1084,0.6810663021189337,0.6666666666666666,56
2,5,ecapa_vs_xvector,1085,0.5686944634313056,0.3333333333333333,56
2,5,ecapa_vs_xvector,1086,0.6054682159945318,0.3333333333333333,56
2,5,ecapa_vs_xvector,1087,0.15263157894736842,0.0,56
2,5,ecapa_vs_xvector,1090,0.33000683526999314,0.6666666666666666,56
2,5,ecapa_vs_xvector,1091,0.5177717019822283,0.6666666666666666,56
3,0,ecapa_half4_vs_half4,1001,0.8333157059756743,0.3333333333333333,61
3,0,ecapa_half4_vs_half4,1003,0.6253305129561079,0.6666666666666666,61
3,0,ecapa_half4_vs_half4,1004,0.6288207297726071,0.6666666666666666,61
3,0,ecapa_half4_vs_half4,1005,0.6589635113696457,0.6666666666666666,61
3,0,ecapa_half4_vs_half4,1007,0.7558963511369645,0.3333333333333333,61
3,0,ecapa_half4_vs_half4,1010,0.7574828133262824,0.6666666666666666,61
3,0,ecapa_half4_vs_half4,1011,0.6830777366472766,0.6666666666666666,61
3,0,ecapa_half4_vs_half4,1016,0.5289793759915389,0.6666666666666666,61
3,0,ecapa_half4_vs_half4,1018,0.6559492332099418,0.6666666666666666,61
3,0,ecapa_half4_vs_half4,1019,0.8317821258593336,0.6666666666666666,61
3,0,ecapa_half4_vs_half4,1020,0.5688524590163935,0.3333333333333333,61
3,0,ecapa_half4_vs_half4,1022,0.7496562665256478,0.3333333333333333,61
3,0,ecapa_half4_vs_half4,1024,0.5274986779481756,0.6666666666666666,61
3,0,ecapa_half4_vs_half4,1025,0.6680063458487573,0.6666666666666666,61
3,0,ecapa_half4_vs_half4,1026,0.7970914859862507,1.0,61
3,0,ecapa_half4_vs_half4,1029,0.4452141723955579,0.6666666666666666,61
3,0,ecapa_half4_vs_half4,1031,0.5977789529349551,0.6666666666666666,61
3,0,ecapa_half4_vs_half4,1034,0.6006874669487043,0.6666666666666666,61
3,0,ecapa_half4_vs_half4,1035,0.6950819672131148,0.3333333333333333,61
3,0,ecapa_half4_vs_half4,1038,0.681544156530936,0.6666666666666666,61
3,0,ecapa_half4_vs_half4,1039,0.5835007932310946,0.6666666666666666,61
3,0,ecapa_half4_vs_half4,1040,0.6691697514542571,0.6666666666666666,61
3,0,ecapa_half4_vs_half4,1042,0.5931253305129561,0.6666666666666666,61
3,0,ecapa_half4_vs_half4,1043,0.5570597567424643,0.3333333333333333,61
3,0,ecapa_half4_vs_half4,1045,0.7328397673188789,0.6666666666666666,61
3,0,ecapa_half4_vs_half4,1046,0.6094130089899524,0.6666666666666666,61
3,0,ecapa_half4_vs_half4,1047,0.6702802749867794,0.6666666666666666,61
3,0,ecapa_half4_vs_half4,1048,0.6521946060285563,0.3333333333333333,61
3,0,ecapa_half4_vs_half4,1050,0.6712850343733474,0.6666666666666666,61
3,0,ecapa_half4_vs_half4,1052,0.8008461131676362,1.0,61
3,0,ecapa_half4_vs_half4,1054,0.5539397144368059,0.0,61
3,0,ecapa_half4_vs_half4,1055,0.6017979904812268,0.3333333333333333,61
3,0,ecapa_half4_vs_half4,1056,0.5031729243786356,0.3333333333333333,61
3,0,ecapa_half4_vs_half4,1057,0.4635642517186674,0.3333333333333333,61
3,0,ecapa_half4_vs_half4,1058,0.6709148598625067,0.6666666666666666,61
3,0,ecapa_half4_vs_half4,1059,0.776679005817028,0.6666666666666666,61
3,0,ecapa_half4_vs_half4,1060,0.6273400317292438,0.3333333333333333,61
3,0,ecapa_half4_vs_half4,1061,0.6147012162876785,0.6666666666666666,61
3,0,ecapa_half4_vs_half4,1062,0.5004230565838181,0.3333333333333333,61
3,0,ecapa_half4_vs_half4,1063,0.7296668429402433,0.3333333333333333,61
3,0,ecapa_half4_vs_half4,1064,0.7131147540983607,0.6666666666666666,61
3,0,ecapa_half4_vs_half4,1065,0.7995240613432046,0.6666666666666666,61
3,0,ecapa_half4_vs_half4,1066,0.8182443151771549,0.6666666666666666,61
3,0,ecapa_half4_vs_half4,1067,0.6917503966155474,0.3333333333333333,61
3,0,ecapa_half4_vs_half4,1068,0.8037546271813855,0.6666666666666666,61
3,0,ecapa_half4_vs_half4,1069,0.7441565309360126,0.6666666666666666,61
3,0,ecapa_half4_vs_half4,1071,0.5514542570068747,0.3333333333333333,61
3,0,ecapa_half4_vs_half4,1073,0.5909571655208884,0.6666666666666666,61
3,0,ecapa_half4_vs_half4,1074,0.6370174510840825,0.6666666666666666,61
3,0,ecapa_half4_vs_half4,1075,0.6935483870967742,0.6666666666666666,61
3,0,ecapa_half4_vs_half4,1078,0.5101004759386568,0.3333333333333333,61
3,0,ecapa_half4_vs_half4,1079,0.5017451084082496,0.3333333333333333,61
3,0,ecapa_half4_vs_half4,1081,0.775251189846642,1.0,61
3,0,ecapa_half4_vs_half4,1083,0.6614489687995769,0.3333333333333333,61
3,0,ecapa_half4_vs_half4,1084,0.6378106821787414,0.3333333333333333,61
3,0,ecapa_half4_vs_half4,1085,0.5649391856160761,0.6666666666666666,61
3,0,ecapa_half4_vs_half4,1086,0.6722897937599154,0.6666666666666666,61
3,0,ecapa_half4_vs_half4,1087,0.7146483342147012,1.0,61
3,0,ecapa_half4_vs_half4,1088,0.7281332628239027,0.0,61
3,0,ecapa_half4_vs_half4,1089,0.46250661025912215,1.0,61
3,0,ecapa_half4_vs_half4,1090,0.566737176097303,0.3333333333333333,61
3,0,ecapa_half4_vs_half4,1091,0.7180327868852459,0.6666666666666666,61
3,0,xvector_half4_vs_half4,1001,0.9631411951348493,0.6666666666666666,61
3,0,xvector_half4_vs_half4,1003,0.9699629825489159,1.0,61
3,0,xvector_half4_vs_half4,1004,0.9553146483342148,0.3333333333333333,61
3,0,xvector_half4_vs_half4,1005,0.9481226864093072,1.0,61
3,0,xvector_half4_vs_half4,1007,0.933685880486515,0.6666666666666666,61
3,0,xvector_half4_vs_half4,1010,0.9685351665785299,0.3333333333333333,61
3,0,xvector_half4_vs_half4,1011,0.8682178741406663,0.3333333333333333,61
3,0,xvector_half4_vs_half4,1016,0.9445267054468535,1.0,61
3,0,xvector_half4_vs_half4,1018,0.9289793759915389,0.6666666666666666,61
3,0,xvector_half4_vs_half4,1019,0.9387625594923321,0.3333333333333333,61
3,0,xvector_half4_vs_half4,1020,0.871602326811211,0.3333333333333333,61
3,0,xvector_half4_vs_half4,1022,0.944420941300899,0.6666666666666666,61
3,0,xvector_half4_vs_half4,1024,0.9374405076679005,0.3333333333333333,61
3,0,xvector_half4_vs_half4,1025,0.9762030671602326,0.3333333333333333,61
3,0,xvector_half4_vs_half4,1026,0.9581173982020095,0.6666666666666666,61
3,0,xvector_half4_vs_half4,1029,0.9396615547329455,0.6666666666666666,61
3,0,xvector_half4_vs_half4,1031,0.9293495505023797,0.6666666666666666,61
3,0,xvector_half4_vs_half4,1034,0.9585933368588049,0.6666666666666666,61
3,0,xvector_half4_vs_half4,1035,0.9615547329455315,0.6666666666666666,61
3,0,xvector_half4_vs_half4,1038,0.9252776308831306,0.6666666666666666,61
3,0,xvector_half4_vs_half4,1039,0.9606028556319408,0.6666666666666666,61
3,0,xvector_half4_vs_half4,1040,0.9085668958223162,0.6666666666666666,61
3,0,xvector_half4_vs_half4,1042,0.9522474881015336,1.0,61
3,0,xvector_half4_vs_half4,1043,0.9589635113696456,0.3333333333333333,61
3,0,xvector_half4_vs_half4,1045,0.902432575356954,0.6666666666666666,61
3,0,xvector_half4_vs_half4,1046,0.9637757800105764,0.3333333333333333,61
3,0,xvector_half4_vs_half4,1047,0.9619249074563723,0.3333333333333333,61
3,0,xvector_half4_vs_half4,1048,0.9466948704389212,0.0,61
3,0,xvector_half4_vs_half4,1050,0.9386567953463776,0.6666666666666666,61
3,0,xvector_half4_vs_half4,1052,0.949286092014807,0.3333333333333333,61
3,0,xvector_half4_vs_half4,1054,0.9559492332099419,0.3333333333333333,61
3,0,xvector_half4_vs_half4,1055,0.9707562136435748,0.3333333333333333,61
3,0,xvector_half4_vs_half4,1056,0.9581702802749867,0.3333333333333333,61
3,0,xvector_half4_vs_half4,1057,0.9261766261237441,0.3333333333333333,61
3,0,xvector_half4_vs_half4,1058,0.9486515071390799,0.3333333333333333,61
3,0,xvector_half4_vs_half4,1059,0.8993125330512957,0.3333333333333333,61
3,0,xvector_half4_vs_half4,1060,0.9097831835007932,0.3333333333333333,61
3,0,xvector_half4_vs_half4,1061,0.9508725542041248,0.6666666666666666,61
3,0,xvector_half4_vs_half4,1062,0.9636171337916446,0.3333333333333333,61
3,0,xvector_half4_vs_half4,1063,0.9676890534108937,0.6666666666666666,61
3,0,xvector_half4_vs_half4,1064,0.9573770491803278,0.6666666666666666,61
3,0,xvector_half4_vs_half4,1065,0.9291909042834479,1.0,61
3,0,xvector_half4_vs_half4,1066,0.9581173982020095,0.6666666666666666,61
3,0,xvector_half4_vs_half4,1067,0.8979375991538868,0.6666666666666666,61
3,0,xvector_half4_vs_half4,1068,0.960867265996827,0.6666666666666666,61
3,0,xvector_half4_vs_half4,1069,0.9517186673717609,0.0,61
3,0,xvector_half4_vs_half4,1071,0.9419354838709677,0.3333333333333333,61
3,0,xvector_half4_vs_half4,1073,0.8921734531993654,0.6666666666666666,61
3,0,xvector_half4_vs_half4,1074,0.958804865150714,0.6666666666666666,61
3,0,xvector_half4_vs_half4,1075,0.955579058699101,0.6666666666666666,61
3,0,xvector_half4_vs_half4,1078,0.9226335272342676,0.6666666666666666,61
3,0,xvector_half4_vs_half4,1079,0.9644103648863035,0.3333333333333333,61
3,0,xvector_half4_vs_half4,1081,0.9207826546800635,1.0,61
3,0,xvector_half4_vs_half4,1083,0.9465362242199894,0.3333333333333333,61
3,0,xvector_half4_vs_half4,1084,0.9643574828133262,0.3333333333333333,61
3,0,xvector_half4_vs_half4,1085,0.893707033315706,0.3333333333333333,61
3,0,xvector_half4_vs_half4,1086,0.9377049180327869,0.6666666666666666,61
3,0,xvector_half4_vs_half4,1087,0.9712321523003702,0.3333333333333333,61
3,0,xvector_half4_vs_half4,1088,0.9523003701745109,0.6666666666666666,61
3,0,xvector_half4_vs_half4,1089,0.9633527234267584,0.6666666666666666,61
3,0,xvector_half4_vs_half4,1090,0.906081438392385,0.3333333333333333,61
3,0,xvector_half4_vs_half4,1091,0.9571655208884188,0.6666666666666666,61
3,0,ecapa_vs_xvector,1001,0.5776308831306187,0.3333333333333333,61
3,0,ecapa_vs_xvector,1003,0.5426758328926494,0.3333333333333333,61
3,0,ecapa_vs_xvector,1004,0.2637757800105764,0.6666666666666666,61
3,0,ecapa_vs_xvector,1005,0.6489159175039662,1.0,61
3,0,ecapa_vs_xvector,1007,0.5662612374405077,0.6666666666666666,61
3,0,ecapa_vs_xvector,1010,0.7160761501850873,0.6666666666666666,61
3,0,ecapa_vs_xvector,1011,0.6749338974087784,0.6666666666666666,61
3,0,ecapa_vs_xvector,1016,0.686197778952935,0.6666666666666666,61
3,0,ecapa_vs_xvector,1018,0.6056054997355896,0.3333333333333333,61
3,0,ecapa_vs_xvector,1019,0.636118455843469,0.6666666666666666,61
3,0,ecapa_vs_xvector,1020,0.353146483342147,0.3333333333333333,61
3,0,ecapa_vs_xvector,1022,0.5984135378106822,0.3333333333333333,61
3,0,ecapa_vs_xvector,1024,0.36583818085668957,0.6666666666666666,61
3,0,ecapa_vs_xvector,1025,0.6299841353781068,0.6666666666666666,61
3,0,ecapa_vs_xvector,1026,0.7071390798519301,0.6666666666666666,61
3,0,ecapa_vs_xvector,1029,0.6531993654151242,0.0,61
3,0,ecapa_vs_xvector,1031,0.5695399259650978,0.6666666666666666,61
3,0,ecapa_vs_xvector,1034,0.41300898995240615,0.6666666666666666,61
3,0,ecapa_vs_xvector,1035,0.5767318878900053,0.6666666666666666,61
3,0,ecapa_vs_xvector,1038,0.5202538339502909,0.6666666666666666,61
3,0,ecapa_vs_xvector,1039,0.3168693812797462,0.3333333333333333,61
3,0,ecapa_vs_xvector,1040,0.5063987308302486,0.3333333333333333,61
3,0,ecapa_vs_xvector,1042,0.27017451084082494,0.6666666666666666,61
3,0,ecapa_vs_xvector,1043,0.387625594923321,0.0,61
3,0,ecapa_vs_xvector,1045,0.5006345848757271,1.0,61
3,0,ecapa_vs_xvector,1046,0.6157059756742465,0.3333333333333333,61
3,0,ecapa_vs_xvector,1047,0.560444209413009,0.0,61
3,0,ecapa_vs_xvector,1048,0.49740877842411424,0.0,61
3,0,ecapa_vs_xvector,1050,0.09238498149127446,1.0,61
3,0,ecapa_vs_xvector,1052,0.55637228979376,0.3333333333333333,61
3,0,ecapa_vs_xvector,1054,0.5437334743521947,0.6666666666666666,61
3,0,ecapa_vs_xvector,1055,0.5700687466948704,0.6666666666666666,61
3,0,ecapa_vs_xvector,1056,0.3797990481226864,0.6666666666666666,61
3,0,ecapa_vs_xvector,1057,-0.002379693283976732,0.3333333333333333,61
3,0,ecapa_vs_xvector,1058,0.27741935483870966,0.0,61
3,0,ecapa_vs_xvector,1059,0.3786356425171867,0.6666666666666666,61
3,0,ecapa_vs_xvector,1060,0.34029613960867267,0.0,61
3,0,ecapa_vs_xvector,1061,0.5113167636171337,0.3333333333333333,61
3,0,ecapa_vs_xvector,1062,0.3860391327340032,0.3333333333333333,61
3,0,ecapa_vs_xvector,1063,0.7452670544685351,0.6666666666666666,61
3,0,ecapa_vs_xvector,1064,0.6689053410893707,1.0,61
3,0,ecapa_vs_xvector,1065,0.5665785298783712,1.0,61
3,0,ecapa_vs_xvector,1066,0.6472236911686938,0.6666666666666666,61
3,0,ecapa_vs_xvector,1067,0.1788471708090957,0.3333333333333333,61
3,0,ecapa_vs_xvector,1068,0.6311475409836066,1.0,61
3,0,ecapa_vs_xvector,1069,0.642993125330513,0.6666666666666666,61
3,0,ecapa_vs_xvector,1071,0.31422527763088315,0.6666666666666666,61
3,0,ecapa_vs_xvector,1073,0.44944473823373876,0.6666666666666666,61
3,0,ecapa_vs_xvector,1074,0.6,0.6666666666666666,61
3,0,ecapa_vs_xvector,1075,0.7140666314119514,0.3333333333333333,61
3,0,ecapa_vs_xvector,1078,0.43527234267583287,0.6666666666666666,61
3,0,ecapa_vs_xvector,1079,0.37921734531993656,0.3333333333333333,61
3,0,ecapa_vs_xvector,1081,0.5138551031200423,0.6666666666666666,61
3,0,ecapa_vs_xvector,1083,0.24003172924378635,0.6666666666666666,61
3,0,ecapa_vs_xvector,1084,0.7499206768905341,0.3333333333333333,61
3,0,ecapa_vs_xvector,1085,0.5962453728186144,0.6666666666666666,61
3,0,ecapa_vs_xvector,1086,0.6742993125330513,0.6666666666666666,61
3,0,ecapa_vs_xvector,1087,0.24008461131676362,0.3333333333333333,61
3,0,ecapa_vs_xvector,1088,0.5152300370174511,0.6666666666666666,61
3,0,ecapa_vs_xvector,1089,0.33495505023796934,0.6666666666666666,61
3,0,ecapa_vs_xvector,1090,0.5830248545742993,0.6666666666666666,61
3,0,ecapa_vs_xvector,1091,0.5933897408778425,0.3333333333333333,61
3,1,ecapa_half4_vs_half4,1001,0.74034902168165,0.3333333333333333,61
3,1,ecapa_half4_vs_half4,1003,0.7364886303543099,0.3333333333333333,61
3,1,ecapa_half4_vs_half4,1004,0.6253305129561079,0.6666666666666666,61
3,1,ecapa_half4_vs_half4,1005,0.6562136435748281,0.6666666666666666,61
3,1,ecapa_half4_vs_half4,1007,0.7732945531464833,0.3333333333333333,61
3,1,ecapa_half4_vs_half4,1008,0.6699101004759387,0.3333333333333333,61
3,1,ecapa_half4_vs_half4,1010,0.7891062929666843,0.3333333333333333,61
3,1,ecapa_half4_vs_half4,1011,0.6788471708090957,0.6666666666666666,61
3,1,ecapa_half4_vs_half4,1013,0.7446853516657853,0.6666666666666666,61
3,1,ecapa_half4_vs_half4,1016,0.5251718667371761,0.3333333333333333,61
3,1,ecapa_half4_vs_half4,1018,0.789264939185616,0.3333333333333333,61
3,1,ecapa_half4_vs_half4,1020,0.6635113696456901,0.3333333333333333,61
3,1,ecapa_half4_vs_half4,1022,0.7729772607086198,0.0,61
3,1,ecapa_half4_vs_half4,1024,0.6154415653093601,0.6666666666666666,61
3,1,ecapa_half4_vs_half4,1025,0.744420941300899,0.3333333333333333,61
3,1,ecapa_half4_vs_half4,1026,0.7303014278159704,0.0,61
3,1,ecapa_half4_vs_half4,1029,0.5888947646747753,0.6666666666666666,61
3,1,ecapa_half4_vs_half4,1031,0.6947646747752512,0.3333333333333333,61
3,1,ecapa_half4_vs_half4,1034,0.7263352723426758,0.6666666666666666,61
3,1,ecapa_half4_vs_half4,1035,0.47382337387625595,0.3333333333333333,61
3,1,ecapa_half4_vs_half4,1038,0.5846641988365944,0.6666666666666666,61
3,1,ecapa_half4_vs_half4,1039,0.5834479111581174,0.6666666666666666,61
3,1,ecapa_half4_vs_half4,1042,0.7363299841353781,0.6666666666666666,61
3,1,ecapa_half4_vs_half4,1043,0.6410893707033316,0.0,61
3,1,ecapa_half4_vs_half4,1045,0.8099947117927023,0.3333333333333333,61
3,1,ecapa_half4_vs_half4,1046,0.7646747752511899,0.6666666666666666,61
3,1,ecapa_half4_vs_half4,1047,0.7579058699101004,0.6666666666666666,61
3,1,ecapa_half4_vs_half4,1048,0.5744579587519831,0.3333333333333333,61
3,1,ecapa_half4_vs_half4,1050,0.6357482813326283,0.3333333333333333,61
3,1,ecapa_half4_vs_half4,1052,0.6875727128503437,0.3333333333333333,61
3,1,ecapa_half4_vs_half4,1054,0.594923320994183,0.0,61
3,1,ecapa_half4_vs_half4,1055,0.7652564780539397,0.6666666666666666,61
3,1,ecapa_half4_vs_half4,1056,0.5775251189846642,0.3333333333333333,61
3,1,ecapa_half4_vs_half4,1057,0.5308831306187203,0.6666666666666666,61
3,1,ecapa_half4_vs_half4,1058,0.5436277102062401,0.3333333333333333,61
3,1,ecapa_half4_vs_half4,1059,0.6581173982020095,0.6666666666666666,61
3,1,ecapa_half4_vs_half4,1060,0.647065044949762,0.0,61
3,1,ecapa_half4_vs_half4,1061,0.7540454785827605,0.6666666666666666,61
3,1,ecapa_half4_vs_half4,1062,0.635695399259651,0.6666666666666666,61
3,1,ecapa_half4_vs_half4,1063,0.7406663141195134,0.6666666666666666,61
3,1,ecapa_half4_vs_half4,1064,0.8102591221575886,0.6666666666666666,61
3,1,ecapa_half4_vs_half4,1065,0.7767847699629825,0.6666666666666666,61
3,1,ecapa_half4_vs_half4,1066,0.7797990481226864,0.0,61
3,1,ecapa_half4_vs_half4,1067,0.5195663670015864,0.3333333333333333,61
3,1,ecapa_half4_vs_half4,1068,0.7648863035430989,0.3333333333333333,61
3,1,ecapa_half4_vs_half4,1069,0.58397673188789,0.6666666666666666,61
3,1,ecapa_half4_vs_half4,1071,0.6803807509254363,0.3333333333333333,61
3,1,ecapa_half4_vs_half4,1073,0.6289264939185616,1.0,61
3,1,ecapa_half4_vs_half4,1074,0.6857218402961396,0.6666666666666666,61
3,1,ecapa_half4_vs_half4,1075,0.5917503966155473,0.3333333333333333,61
3,1,ecapa_half4_vs_half4,1078,0.6170809095716552,0.3333333333333333,61
3,1,ecapa_half4_vs_half4,1079,0.6270227392913802,0.3333333333333333,61
3,1,ecapa_half4_vs_half4,1081,0.7838180856689583,0.6666666666666666,61
3,1,ecapa_half4_vs_half4,1083,0.66795346377578,0.6666666666666666,61
3,1,ecapa_half4_vs_half4,1084,0.7315705975674246,0.6666666666666666,61
3,1,ecapa_half4_vs_half4,1085,0.567741935483871,0.3333333333333333,61
3,1,ecapa_half4_vs_half4,1086,0.6827604442094131,0.6666666666666666,61
3,1,ecapa_half4_vs_half4,1087,0.6129561078794289,0.6666666666666666,61
3,1,ecapa_half4_vs_half4,1088,0.7274457958751983,0.3333333333333333,61
3,1,ecapa_half4_vs_half4,1089,0.43791644632469595,0.6666666666666666,61
3,1,ecapa_half4_vs_half4,1090,0.7350608143839239,0.6666666666666666,61
3,1,ecapa_half4_vs_half4,1091,0.6851401374933898,0.3333333333333333,61
3,1,xvector_half4_vs_half4,1001,0.9487043892120571,0.6666666666666666,61
3,1,xvector_half4_vs_half4,1003,0.9494447382337388,0.6666666666666666,61
3,1,xvector_half4_vs_half4,1004,0.9486515071390799,1.0,61
3,1,xvector_half4_vs_half4,1005,0.9437863564251718,0.6666666666666666,61
3,1,xvector_half4_vs_half4,1007,0.8895293495505023,0.0,61
3,1,xvector_half4_vs_half4,1008,0.9621893178212586,0.3333333333333333,61
3,1,xvector_half4_vs_half4,1010,0.9553146483342148,0.3333333333333333,61
3,1,xvector_half4_vs_half4,1011,0.8767847699629826,0.6666666666666666,61
3,1,xvector_half4_vs_half4,1013,0.9411951348492861,0.6666666666666666,61
3,1,xvector_half4_vs_half4,1016,0.9005288207297726,0.3333333333333333,61
3,1,xvector_half4_vs_half4,1018,0.9453199365415125,0.3333333333333333,61
3,1,xvector_half4_vs_half4,1020,0.9242728714965627,0.6666666666666666,61
3,1,xvector_half4_vs_half4,1022,0.9554732945531464,0.6666666666666666,61
3,1,xvector_half4_vs_half4,1024,0.9193548387096774,0.6666666666666666,61
3,1,xvector_half4_vs_half4,1025,0.9526176626123743,0.6666666666666666,61
3,1,xvector_half4_vs_half4,1026,0.9243786356425172,0.6666666666666666,61
3,1,xvector_half4_vs_half4,1029,0.9513484928609202,0.6666666666666666,61
3,1,xvector_half4_vs_half4,1031,0.9468006345848757,0.6666666666666666,61
3,1,xvector_half4_vs_half4,1034,0.9529878371232152,0.6666666666666666,61
3,1,xvector_half4_vs_half4,1035,0.9460074034902168,0.6666666666666666,61
3,1,xvector_half4_vs_half4,1038,0.9363828662083553,0.6666666666666666,61
3,1,xvector_half4_vs_half4,1039,0.9634056054997356,0.6666666666666666,61
3,1,xvector_half4_vs_half4,1042,0.9532522474881016,0.3333333333333333,61
3,1,xvector_half4_vs_half4,1043,0.9641988365943945,0.3333333333333333,61
3,1,xvector_half4_vs_half4,1045,0.9161819143310418,0.6666666666666666,61
3,1,xvector_half4_vs_half4,1046,0.960444209413009,0.3333333333333333,61
3,1,xvector_half4_vs_half4,1047,0.9397673188789001,0.6666666666666666,61
3,1,xvector_half4_vs_half4,1048,0.9536224219989423,0.0,61
3,1,xvector_half4_vs_half4,1050,0.9123215230037017,0.3333333333333333,61
3,1,xvector_half4_vs_half4,1052,0.9414595452141724,1.0,61
3,1,xvector_half4_vs_half4,1054,0.9708619777895293,0.6666666666666666,61
3,1,xvector_half4_vs_half4,1055,0.9554732945531464,0.6666666666666666,61
3,1,xvector_half4_vs_half4,1056,0.9227921734531994,0.3333333333333333,61
3,1,xvector_half4_vs_half4,1057,0.9272342675832893,0.3333333333333333,61
3,1,xvector_half4_vs_half4,1058,0.9395029085140137,0.3333333333333333,61
3,1,xvector_half4_vs_half4,1059,0.8506610259122157,0.3333333333333333,61
3,1,xvector_half4_vs_half4,1060,0.9208355367530408,0.3333333333333333,61
3,1,xvector_half4_vs_half4,1061,0.9077736647276573,1.0,61
3,1,xvector_half4_vs_half4,1062,0.942199894235854,0.6666666666666666,61
3,1,xvector_half4_vs_half4,1063,0.9537281861448969,0.6666666666666666,61
3,1,xvector_half4_vs_half4,1064,0.9383923849814912,0.3333333333333333,61
3,1,xvector_half4_vs_half4,1065,0.9533051295610788,0.6666666666666666,61
3,1,xvector_half4_vs_half4,1066,0.9584875727128503,0.6666666666666666,61
3,1,xvector_half4_vs_half4,1067,0.8435219460602855,0.3333333333333333,61
3,1,xvector_half4_vs_half4,1068,0.9546271813855103,0.6666666666666666,61
3,1,xvector_half4_vs_half4,1069,0.9130618720253834,0.3333333333333333,61
3,1,xvector_half4_vs_half4,1071,0.9543627710206241,0.0,61
3,1,xvector_half4_vs_half4,1073,0.934690639873083,0.6666666666666666,61
3,1,xvector_half4_vs_half4,1074,0.9564780539397144,1.0,61
3,1,xvector_half4_vs_half4,1075,0.9319407720782654,0.0,61
3,1,xvector_half4_vs_half4,1078,0.8885774722369116,0.3333333333333333,61
3,1,xvector_half4_vs_half4,1079,0.948281332628239,0.0,61
3,1,xvector_half4_vs_half4,1081,0.9214172395557906,0.6666666666666666,61
3,1,xvector_half4_vs_half4,1083,0.9343733474352195,0.6666666666666666,61
3,1,xvector_half4_vs_half4,1084,0.9476996298254892,0.0,61
3,1,xvector_half4_vs_half4,1085,0.903437334743522,0.3333333333333333,61
3,1,xvector_half4_vs_half4,1086,0.9281332628239027,0.3333333333333333,61
3,1,xvector_half4_vs_half4,1087,0.9425700687466949,0.3333333333333333,61
3,1,xvector_half4_vs_half4,1088,0.9430988894764675,1.0,61
3,1,xvector_half4_vs_half4,1089,0.9644103648863035,0.3333333333333333,61
3,1,xvector_half4_vs_half4,1090,0.9340031729243786,0.6666666666666666,61
3,1,xvector_half4_vs_half4,1091,0.9457958751983078,0.6666666666666666,61
3,1,ecapa_vs_xvector,1001,0.5478053939714437,0.6666666666666666,61
3,1,ecapa_vs_xvector,1003,0.6641988365943945,0.0,61
3,1,ecapa_vs_xvector,1004,0.26631411951348494,0.6666666666666666,61
3,1,ecapa_vs_xvector,1005,0.5724484399788472,0.6666666666666666,61
3,1,ecapa_vs_xvector,1007,0.56795346377578,0.3333333333333333,61
3,1,ecapa_vs_xvector,1008,0.6754627181385511,0.6666666666666666,61
3,1,ecapa_vs_xvector,1010,0.7906398730830249,0.3333333333333333,61
3,1,ecapa_vs_xvector,1011,0.6578001057641459,0.6666666666666666,61
3,1,ecapa_vs_xvector,1013,0.48725542041248016,0.6666666666666666,61
3,1,ecapa_vs_xvector,1016,0.6493389740877843,1.0,61
3,1,ecapa_vs_xvector,1018,0.6430988894764674,0.6666666666666666,61
3,1,ecapa_vs_xvector,1020,0.4777366472765732,0.6666666666666666,61
3,1,ecapa_vs_xvector,1022,0.638339502908514,0.0,61
3,1,ecapa_vs_xvector,1024,0.35013220518244315,0.6666666666666666,61
3,1,ecapa_vs_xvector,1025,0.6790586991010048,0.3333333333333333,61
3,1,ecapa_vs_xvector,1026,0.6400317292437864,0.3333333333333333,61
3,1,ecapa_vs_xvector,1029,0.6820200951877313,0.3333333333333333,61
3,1,ecapa_vs_xvector,1031,0.5634056054997356,0.6666666666666666,61
3,1,ecapa_vs_xvector,1034,0.4643574828133263,0.3333333333333333,61
3,1,ecapa_vs_xvector,1035,0.6426229508196721,0.3333333333333333,61
3,1,ecapa_vs_xvector,1038,0.5685351665785299,0.3333333333333333,61
3,1,ecapa_vs_xvector,1039,0.30327868852459017,0.6666666666666666,61
3,1,ecapa_vs_xvector,1042,0.23738762559492332,0.6666666666666666,61
3,1,ecapa_vs_xvector,1043,0.45066102591221574,0.3333333333333333,61
3,1,ecapa_vs_xvector,1045,0.5058699101004759,0.6666666666666666,61
3,1,ecapa_vs_xvector,1046,0.6844526705446854,0.3333333333333333,61
3,1,ecapa_vs_xvector,1047,0.5988365943945002,0.3333333333333333,61
3,1,ecapa_vs_xvector,1048,0.3651507139079852,0.0,61
3,1,ecapa_vs_xvector,1050,0.17287149656266526,0.6666666666666666,61
3,1,ecapa_vs_xvector,1052,0.6291909042834479,0.3333333333333333,61
3,1,ecapa_vs_xvector,1054,0.669962982548916,0.3333333333333333,61
3,1,ecapa_vs_xvector,1055,0.6319936541512428,0.6666666666666666,61
3,1,ecapa_vs_xvector,1056,0.5133791644632469,0.6666666666666666,61
3,1,ecapa_vs_xvector,1057,-0.09566367001586462,0.3333333333333333,61
3,1,ecapa_vs_xvector,1058,0.3404019037546272,0.3333333333333333,61
3,1,ecapa_vs_xvector,1059,0.3251718667371761,0.6666666666666666,61
3,1,ecapa_vs_xvector,1060,0.27842411422527763,0.0,61
3,1,ecapa_vs_xvector,1061,0.4694341618191433,0.6666666666666666,61
3,1,ecapa_vs_xvector,1062,0.35780010576414595,0.3333333333333333,61
3,1,ecapa_vs_xvector,1063,0.702644103648863,0.3333333333333333,61
3,1,ecapa_vs_xvector,1064,0.6687466948704389,0.6666666666666666,61
3,1,ecapa_vs_xvector,1065,0.5428873611845584,0.6666666666666666,61
3,1,ecapa_vs_xvector,1066,0.6290851401374934,0.6666666666666666,61
3,1,ecapa_vs_xvector,1067,0.14664198836594394,0.3333333333333333,61
3,1,ecapa_vs_xvector,1068,0.6081438392384981,1.0,61
3,1,ecapa_vs_xvector,1069,0.6294553146483343,0.3333333333333333,61
3,1,ecapa_vs_xvector,1071,0.33691168693812795,0.0,61
3,1,ecapa_vs_xvector,1073,0.5294553146483342,0.6666666666666666,61
3,1,ecapa_vs_xvector,1074,0.5939714436805923,0.6666666666666666,61
3,1,ecapa_vs_xvector,1075,0.6852459016393443,0.3333333333333333,61
3,1,ecapa_vs_xvector,1078,0.4994711792702274,1.0,61
3,1,ecapa_vs_xvector,1079,0.6491274457958752,0.0,61
3,1,ecapa_vs_xvector,1081,0.47112638815441565,0.6666666666666666,61
3,1,ecapa_vs_xvector,1083,0.30005288207297726,0.3333333333333333,61
3,1,ecapa_vs_xvector,1084,0.6391327340031729,0.6666666666666666,61
3,1,ecapa_vs_xvector,1085,0.5570068746694871,0.6666666666666666,61
3,1,ecapa_vs_xvector,1086,0.6387096774193548,0.6666666666666666,61
3,1,ecapa_vs_xvector,1087,0.2824960338445267,0.3333333333333333,61
3,1,ecapa_vs_xvector,1088,0.594923320994183,0.6666666666666666,61
3,1,ecapa_vs_xvector,1089,0.4445795875198308,0.3333333333333333,61
3,1,ecapa_vs_xvector,1090,0.5171337916446325,1.0,61
3,1,ecapa_vs_xvector,1091,0.6245901639344262,1.0,61
3,2,ecapa_half4_vs_half4,1001,0.7783989322857646,0.3333333333333333,62
3,2,ecapa_half4_vs_half4,1003,0.7041625746014958,0.6666666666666666,62
3,2,ecapa_half4_vs_half4,1004,0.5971896955503513,0.6666666666666666,62
3,2,ecapa_half4_vs_half4,1005,0.7650525043438846,0.3333333333333333,62
3,2,ecapa_half4_vs_half4,1007,0.6680516733398807,0.6666666666666666,62
3,2,ecapa_half4_vs_half4,1008,0.6804411875802674,0.6666666666666666,62
3,2,ecapa_half4_vs_half4,1010,0.6236810959180076,0.3333333333333333,62
3,2,ecapa_half4_vs_half4,1011,0.7621817632394047,0.6666666666666666,62
3,2,ecapa_half4_vs_half4,1013,0.5281911812847826,0.6666666666666666,62
3,2,ecapa_half4_vs_half4,1016,0.6154214197577498,0.3333333333333333,62
3,2,ecapa_half4_vs_half4,1017,0.803631235677772,0.3333333333333333,62
3,2,ecapa_half4_vs_half4,1018,0.7003852836745487,0.3333333333333333,62
3,2,ecapa_half4_vs_half4,1020,0.6875928584019542,0.6666666666666666,62
3,2,ecapa_half4_vs_half4,1022,0.717357910906298,0.0,62
3,2,ecapa_half4_vs_half4,1024,0.7157462667774672,0.3333333333333333,62
3,2,ecapa_half4_vs_half4,1025,0.8298708166502984,0.3333333333333333,62
3,2,ecapa_half4_vs_half4,1026,0.7694341618191433,0.3333333333333333,62
3,2,ecapa_half4_vs_half4,1029,0.6166301528543728,0.6666666666666666,62
3,2,ecapa_half4_vs_half4,1031,0.6279116617561885,0.6666666666666666,62
3,2,ecapa_half4_vs_half4,1034,0.44196822039233463,1.0,62
3,2,ecapa_half4_vs_half4,1035,0.5906927551560022,0.0,62
3,2,ecapa_half4_vs_half4,1038,0.6899599607161744,0.3333333333333333,62
3,2,ecapa_half4_vs_half4,1039,0.42857142857142855,0.0,62
3,2,ecapa_half4_vs_half4,1042,0.5407821510412733,0.6666666666666666,62
3,2,ecapa_half4_vs_half4,1043,0.5001888645463474,0.0,62
3,2,ecapa_half4_vs_half4,1045,0.7225453904459721,0.6666666666666666,62
3,2,ecapa_half4_vs_half4,1046,0.6175870665558661,0.3333333333333333,62
3,2,ecapa_half4_vs_half4,1047,0.6152703281206718,0.3333333333333333,62
3,2,ecapa_half4_vs_half4,1048,0.588124197325678,0.6666666666666666,62
3,2,ecapa_half4_vs_half4,1050,0.6310845861348241,0.6666666666666666,62
3,2,ecapa_half4_vs_half4,1052,0.763189040819924,0.3333333333333333,62
3,2,ecapa_half4_vs_half4,1054,0.5400770567349097,0.3333333333333333,62
3,2,ecapa_half4_vs_half4,1055,0.5925562186799628,0.3333333333333333,62
3,2,ecapa_half4_vs_half4,1056,0.605600463347687,0.3333333333333333,62
3,2,ecapa_half4_vs_half4,1057,0.5978444259776888,0.6666666666666666,62
3,2,ecapa_half4_vs_half4,1058,0.6751026164035154,1.0,62
3,2,ecapa_half4_vs_half4,1059,0.6757573468308529,0.6666666666666666,62
3,2,ecapa_half4_vs_half4,1060,0.5520636599430888,0.3333333333333333,62
3,2,ecapa_half4_vs_half4,1061,0.695902898441238,0.6666666666666666,62
3,2,ecapa_half4_vs_half4,1062,0.6139608672659969,0.3333333333333333,62
3,2,ecapa_half4_vs_half4,1063,0.7632394046989499,0.6666666666666666,62
3,2,ecapa_half4_vs_half4,1064,0.7047165772707814,0.3333333333333333,62
3,2,ecapa_half4_vs_half4,1065,0.7972853869205007,0.6666666666666666,62
3,2,ecapa_half4_vs_half4,1066,0.7998539447508247,0.3333333333333333,62
3,2,ecapa_half4_vs_half4,1067,0.6062551937750246,0.0,62
3,2,ecapa_half4_vs_half4,1068,0.7837878673415426,0.3333333333333333,62
3,2,ecapa_half4_vs_half4,1069,0.8050414242904989,0.6666666666666666,62
3,2,ecapa_half4_vs_half4,1071,0.6821031955881242,0.3333333333333333,62
3,2,ecapa_half4_vs_half4,1073,0.49751957895797133,0.6666666666666666,62
3,2,ecapa_half4_vs_half4,1074,0.7350859963234369,0.3333333333333333,62
3,2,ecapa_half4_vs_half4,1075,0.4633728689783687,0.0,62
3,2,ecapa_half4_vs_half4,1078,0.4142680869280552,0.6666666666666666,62
3,2,ecapa_half4_vs_half4,1079,0.7034071164161063,0.3333333333333333,62
3,2,ecapa_half4_vs_half4,1081,0.6538994233335852,0.6666666666666666,62
3,2,ecapa_half4_vs_half4,1083,0.6275087507239807,0.6666666666666666,62
3,2,ecapa_half4_vs_half4,1084,0.580015612802498,0.3333333333333333,62
3,2,ecapa_half4_vs_half4,1085,0.6561154340107275,0.3333333333333333,62
3,2,ecapa_half4_vs_half4,1086,0.6710231422024124,0.6666666666666666,62
3,2,ecapa_half4_vs_half4,1087,0.7196242854624664,0.6666666666666666,62
3,2,ecapa_half4_vs_half4,1088,0.7063785852786382,0.6666666666666666,62
3,2,ecapa_half4_vs_half4,1089,0.5107149152627736,1.0,62
3,2,ecapa_half4_vs_half4,1090,0.5589635113696457,0.3333333333333333,62
3,2,ecapa_half4_vs_half4,1091,0.617738158192944,0.3333333333333333,62
3,2,xvector_half4_vs_half4,1001,0.9340233184759891,0.0,62
3,2,xvector_half4_vs_half4,1003,0.9468661076276095,0.6666666666666666,62
3,2,xvector_half4_vs_half4,1004,0.9660547455365012,1.0,62
3,2,xvector_half4_vs_half4,1005,0.9343758656291707,0.3333333333333333,62
3,2,xvector_half4_vs_half4,1007,0.9292387499685226,0.3333333333333333,62
3,2,xvector_half4_vs_half4,1008,0.9546221449976077,0.3333333333333333,62
3,2,xvector_half4_vs_half4,1010,0.9448515524665709,0.0,62
3,2,xvector_half4_vs_half4,1011,0.9008335221978797,1.0,62
3,2,xvector_half4_vs_half4,1013,0.936742967943391,0.6666666666666666,62
3,2,xvector_half4_vs_half4,1016,0.9509455818287125,0.6666666666666666,62
3,2,xvector_half4_vs_half4,1017,0.9516506761350759,0.6666666666666666,62
3,2,xvector_half4_vs_half4,1018,0.9287351111782629,0.6666666666666666,62
3,2,xvector_half4_vs_half4,1020,0.9294905693636524,0.3333333333333333,62
3,2,xvector_half4_vs_half4,1022,0.874946488378535,0.3333333333333333,62
3,2,xvector_half4_vs_half4,1024,0.955629422578127,0.6666666666666666,62
3,2,xvector_half4_vs_half4,1025,0.9606154466016973,0.6666666666666666,62
3,2,xvector_half4_vs_half4,1026,0.9469668353856614,1.0,62
3,2,xvector_half4_vs_half4,1029,0.9325627659842362,0.3333333333333333,62
3,2,xvector_half4_vs_half4,1031,0.920676890534109,0.6666666666666666,62
3,2,xvector_half4_vs_half4,1034,0.9043086298506711,0.6666666666666666,62
3,2,xvector_half4_vs_half4,1035,0.938153156556118,0.6666666666666666,62
3,2,xvector_half4_vs_half4,1038,0.9005817028027499,0.6666666666666666,62
3,2,xvector_half4_vs_half4,1039,0.9244541814610562,0.0,62
3,2,xvector_half4_vs_half4,1042,0.9362896930321574,0.3333333333333333,62
3,2,xvector_half4_vs_half4,1043,0.9211805293243686,0.3333333333333333,62
3,2,xvector_half4_vs_half4,1045,0.8801339679182091,0.6666666666666666,62
3,2,xvector_half4_vs_half4,1046,0.9274760142026138,0.0,62
3,2,xvector_half4_vs_half4,1047,0.9423837223942988,0.6666666666666666,62
3,2,xvector_half4_vs_half4,1048,0.9402180755961824,0.6666666666666666,62
3,2,xvector_half4_vs_half4,1050,0.928684747299237,0.3333333333333333,62
3,2,xvector_half4_vs_half4,1052,0.9590038024728664,0.6666666666666666,62
3,2,xvector_half4_vs_half4,1054,0.9520032232882577,0.3333333333333333,62
3,2,xvector_half4_vs_half4,1055,0.9450530079826748,0.3333333333333333,62
3,2,xvector_half4_vs_half4,1056,0.9228929012112513,0.3333333333333333,62
3,2,xvector_half4_vs_half4,1057,0.9374480622497545,0.3333333333333333,62
3,2,xvector_half4_vs_half4,1058,0.9537155951751404,0.0,62
3,2,xvector_half4_vs_half4,1059,0.9039057188184634,0.3333333333333333,62
3,2,xvector_half4_vs_half4,1060,0.9297927526378081,0.3333333333333333,62
3,2,xvector_half4_vs_half4,1061,0.9183097882198887,0.0,62
3,2,xvector_half4_vs_half4,1062,0.9512981289818941,0.6666666666666666,62
3,2,xvector_half4_vs_half4,1063,0.963738007101307,0.6666666666666666,62
3,2,xvector_half4_vs_half4,1064,0.9454055551358566,1.0,62
3,2,xvector_half4_vs_half4,1065,0.9123668504948251,0.6666666666666666,62
3,2,xvector_half4_vs_half4,1066,0.948880662788648,0.6666666666666666,62
3,2,xvector_half4_vs_half4,1067,0.7995013975976429,0.3333333333333333,62
3,2,xvector_half4_vs_half4,1068,0.9467653798695576,0.6666666666666666,62
3,2,xvector_half4_vs_half4,1069,0.9543703256024779,0.6666666666666666,62
3,2,xvector_half4_vs_half4,1071,0.9542192339654,0.3333333333333333,62
3,2,xvector_half4_vs_half4,1073,0.892322026642492,0.0,62
3,2,xvector_half4_vs_half4,1074,0.9540681423283222,0.6666666666666666,62
3,2,xvector_half4_vs_half4,1075,0.9290372944524187,0.3333333333333333,62
3,2,xvector_half4_vs_half4,1078,0.8082143486691344,0.6666666666666666,62
3,2,xvector_half4_vs_half4,1079,0.9254110951625494,0.0,62
3,2,xvector_half4_vs_half4,1081,0.8903578353604794,0.6666666666666666,62
3,2,xvector_half4_vs_half4,1083,0.942081539120143,0.3333333333333333,62
3,2,xvector_half4_vs_half4,1084,0.9445997330714412,0.6666666666666666,62
3,2,xvector_half4_vs_half4,1085,0.9343255017501448,0.6666666666666666,62
3,2,xvector_half4_vs_half4,1086,0.9399158923220267,0.6666666666666666,62
3,2,xvector_half4_vs_half4,1087,0.9573921583440357,0.3333333333333333,62
3,2,xvector_half4_vs_half4,1088,0.9605650827226713,0.6666666666666666,62
3,2,xvector_half4_vs_half4,1089,0.965097831835008,0.3333333333333333,62
3,2,xvector_half4_vs_half4,1090,0.9135755835914482,1.0,62
3,2,xvector_half4_vs_half4,1091,0.9558308780942308,0.3333333333333333,62
3,2,ecapa_vs_xvector,1001,0.5845483619148347,0.3333333333333333,62
3,2,ecapa_vs_xvector,1003,0.5618342524741256,0.3333333333333333,62
3,2,ecapa_vs_xvector,1004,0.28271763491224094,0.6666666666666666,62
3,2,ecapa_vs_xvector,1005,0.6135075923547632,1.0,62
3,2,ecapa_vs_xvector,1007,0.5120747399964746,0.3333333333333333,62
3,2,ecapa_vs_xvector,1008,0.6657852987837123,0.3333333333333333,62
3,2,ecapa_vs_xvector,1010,0.7072851351011055,0.3333333333333333,62
3,2,ecapa_vs_xvector,1011,0.6672458512754652,0.6666666666666666,62
3,2,ecapa_vs_xvector,1013,0.4467527888998011,0.6666666666666666,62
3,2,ecapa_vs_xvector,1016,0.7274810505905165,1.0,62
3,2,ecapa_vs_xvector,1017,0.7012414696179899,0.6666666666666666,62
3,2,ecapa_vs_xvector,1018,0.6343078743924857,0.3333333333333333,62
3,2,ecapa_vs_xvector,1020,0.39225907179370956,0.3333333333333333,62
3,2,ecapa_vs_xvector,1022,0.5619349802321775,0.0,62
3,2,ecapa_vs_xvector,1024,0.2539598599884163,0.6666666666666666,62
3,2,ecapa_vs_xvector,1025,0.605751554984765,0.3333333333333333,62
3,2,ecapa_vs_xvector,1026,0.6963561733524716,0.6666666666666666,62
3,2,ecapa_vs_xvector,1029,0.6301276724333308,0.3333333333333333,62
3,2,ecapa_vs_xvector,1031,0.6178388859509959,0.6666666666666666,62
3,2,ecapa_vs_xvector,1034,0.46830852912291304,0.3333333333333333,62
3,2,ecapa_vs_xvector,1035,0.6052479161945054,0.6666666666666666,62
3,2,ecapa_vs_xvector,1038,0.5146936617058245,0.3333333333333333,62
3,2,ecapa_vs_xvector,1039,0.21679131726725592,0.0,62
3,2,ecapa_vs_xvector,1042,0.36088237516053484,0.3333333333333333,62
3,2,ecapa_vs_xvector,1043,0.49807358162725696,0.0,62
3,2,ecapa_vs_xvector,1045,0.48392133162096146,0.6666666666666666,62
3,2,ecapa_vs_xvector,1046,0.581375437536199,0.3333333333333333,62
3,2,ecapa_vs_xvector,1047,0.5822819873586663,0.6666666666666666,62
3,2,ecapa_vs_xvector,1048,0.4520913600765531,0.3333333333333333,62
3,2,ecapa_vs_xvector,1050,0.14512351741331117,0.3333333333333333,62
3,2,ecapa_vs_xvector,1052,0.6000100727758052,0.3333333333333333,62
3,2,ecapa_vs_xvector,1054,0.5540782151041274,0.3333333333333333,62
3,2,ecapa_vs_xvector,1055,0.5659640905542545,0.6666666666666666,62
3,2,ecapa_vs_xvector,1056,0.3796681020372189,0.3333333333333333,62
3,2,ecapa_vs_xvector,1057,0.008486313615874696,0.6666666666666666,62
3,2,ecapa_vs_xvector,1058,0.28458109843620155,0.3333333333333333,62
3,2,ecapa_vs_xvector,1059,0.3489964997104077,0.6666666666666666,62
3,2,ecapa_vs_xvector,1060,0.32185036891541385,0.0,62
3,2,ecapa_vs_xvector,1061,0.3794162826420891,0.6666666666666666,62
3,2,ecapa_vs_xvector,1062,0.3756389917151419,0.6666666666666666,62
3,2,ecapa_vs_xvector,1063,0.6708216866863086,0.3333333333333333,62
3,2,ecapa_vs_xvector,1064,0.6587343557200775,0.6666666666666666,62
3,2,ecapa_vs_xvector,1065,0.5871672836241847,0.6666666666666666,62
3,2,ecapa_vs_xvector,1066,0.6484601243987812,0.3333333333333333,62
3,2,ecapa_vs_xvector,1067,0.1320289088665609,0.3333333333333333,62
3,2,ecapa_vs_xvector,1068,0.5901387524867165,0.6666666666666666,62
3,2,ecapa_vs_xvector,1069,0.5909949384301579,0.3333333333333333,62
3,2,ecapa_vs_xvector,1071,0.40464858603409637,0.3333333333333333,62
3,2,ecapa_vs_xvector,1073,0.5156002115282919,0.6666666666666666,62
3,2,ecapa_vs_xvector,1074,0.5351413965903654,0.6666666666666666,62
3,2,ecapa_vs_xvector,1075,0.6307320389816423,0.6666666666666666,62
3,2,ecapa_vs_xvector,1078,0.5000377729092694,0.6666666666666666,62
3,2,ecapa_vs_xvector,1079,0.41769283070182067,0.3333333333333333,62
3,2,ecapa_vs_xvector,1081,0.45601974264057815,0.6666666666666666,62
3,2,ecapa_vs_xvector,1083,0.2636297247614011,0.3333333333333333,62
3,2,ecapa_vs_xvector,1084,0.6692100425574777,0.6666666666666666,62
3,2,ecapa_vs_xvector,1085,0.5987509758001561,1.0,62
3,2,ecapa_vs_xvector,1086,0.6832112009266954,0.6666666666666666,62
3,2,ecapa_vs_xvector,1087,0.3045755584095087,0.3333333333333333,62
3,2,ecapa_vs_xvector,1088,0.6221198156682027,0.6666666666666666,62
3,2,ecapa_vs_xvector,1089,0.38943869456825564,0.6666666666666666,62
3,2,ecapa_vs_xvector,1090,0.5812243458991212,0.6666666666666666,62
3,2,ecapa_vs_xvector,1091,0.5453149001536098,0.3333333333333333,62
3,3,ecapa_half4_vs_half4,1001,0.8040190375462718,0.0,61
3,3,ecapa_half4_vs_half4,1003,0.713590692755156,0.6666666666666666,61
3,3,ecapa_half4_vs_half4,1004,0.6471708090957166,0.6666666666666666,61
3,3,ecapa_half4_vs_half4,1005,0.7748281332628238,0.6666666666666666,61
3,3,ecapa_half4_vs_half4,1007,0.6598096245372819,0.6666666666666666,61
3,3,ecapa_half4_vs_half4,1010,0.7276044420941301,0.3333333333333333,61
3,3,ecapa_half4_vs_half4,1011,0.6878900052882073,0.6666666666666666,61
3,3,ecapa_half4_vs_half4,1016,0.73204653622422,0.6666666666666666,61
3,3,ecapa_half4_vs_half4,1018,0.759016393442623,0.3333333333333333,61
3,3,ecapa_half4_vs_half4,1019,0.7072977260708619,0.6666666666666666,61
3,3,ecapa_half4_vs_half4,1020,0.5306187202538339,0.6666666666666666,61
3,3,ecapa_half4_vs_half4,1022,0.7181914331041777,0.3333333333333333,61
3,3,ecapa_half4_vs_half4,1024,0.6638815441565309,0.6666666666666666,61
3,3,ecapa_half4_vs_half4,1025,0.7182971972501322,0.3333333333333333,61
3,3,ecapa_half4_vs_half4,1026,0.7713907985193019,0.3333333333333333,61
3,3,ecapa_half4_vs_half4,1029,0.5562136435748282,0.6666666666666666,61
3,3,ecapa_half4_vs_half4,1031,0.48090957165520887,0.6666666666666666,61
3,3,ecapa_half4_vs_half4,1034,0.5059227921734532,0.6666666666666666,61
3,3,ecapa_half4_vs_half4,1035,0.6368588048651507,0.3333333333333333,61
3,3,ecapa_half4_vs_half4,1038,0.6506610259122158,0.6666666666666666,61
3,3,ecapa_half4_vs_half4,1039,0.6047065044949762,0.3333333333333333,61
3,3,ecapa_half4_vs_half4,1040,0.6946060285563194,0.3333333333333333,61
3,3,ecapa_half4_vs_half4,1042,0.7443151771549444,0.6666666666666666,61
3,3,ecapa_half4_vs_half4,1043,0.6606028556319408,0.3333333333333333,61
3,3,ecapa_half4_vs_half4,1045,0.6089899524061343,0.6666666666666666,61
3,3,ecapa_half4_vs_half4,1046,0.6327340031729244,0.6666666666666666,61
3,3,ecapa_half4_vs_half4,1047,0.5200423056583818,0.3333333333333333,61
3,3,ecapa_half4_vs_half4,1048,0.6411951348492861,0.3333333333333333,61
3,3,ecapa_half4_vs_half4,1050,0.7966155473294553,0.6666666666666666,61
3,3,ecapa_half4_vs_half4,1052,0.7462718138551031,0.6666666666666666,61
3,3,ecapa_half4_vs_half4,1054,0.519672131147541,0.3333333333333333,61
3,3,ecapa_half4_vs_half4,1055,0.6061872025383395,0.3333333333333333,61
3,3,ecapa_half4_vs_half4,1056,0.5675832892649392,0.3333333333333333,61
3,3,ecapa_half4_vs_half4,1057,0.4548915917503966,0.3333333333333333,61
3,3,ecapa_half4_vs_half4,1058,0.7670544685351666,0.6666666666666666,61
3,3,ecapa_half4_vs_half4,1059,0.7566895822316235,0.6666666666666666,61
3,3,ecapa_half4_vs_half4,1060,0.6406663141195135,0.6666666666666666,61
3,3,ecapa_half4_vs_half4,1061,0.7476996298254892,1.0,61
3,3,ecapa_half4_vs_half4,1062,0.6329984135378107,0.3333333333333333,61
3,3,ecapa_half4_vs_half4,1063,0.7984664198836594,0.3333333333333333,61
3,3,ecapa_half4_vs_half4,1064,0.8109994711792702,0.6666666666666666,61
3,3,ecapa_half4_vs_half4,1065,0.8253833950290851,0.6666666666666666,61
3,3,ecapa_half4_vs_half4,1066,0.8371760973030142,0.6666666666666666,61
3,3,ecapa_half4_vs_half4,1067,0.58397673188789,0.0,61
3,3,ecapa_half4_vs_half4,1068,0.8298783712321522,0.3333333333333333,61
3,3,ecapa_half4_vs_half4,1069,0.7884188260179799,0.6666666666666666,61
3,3,ecapa_half4_vs_half4,1071,0.5351665785298784,0.0,61
3,3,ecapa_half4_vs_half4,1073,0.4683236382866208,0.6666666666666666,61
3,3,ecapa_half4_vs_half4,1074,0.533262823902697,0.6666666666666666,61
3,3,ecapa_half4_vs_half4,1075,0.4978318350079323,0.6666666666666666,61
3,3,ecapa_half4_vs_half4,1078,0.6205182443151771,0.6666666666666666,61
3,3,ecapa_half4_vs_half4,1079,0.5862506610259122,0.3333333333333333,61
3,3,ecapa_half4_vs_half4,1081,0.7881015335801164,0.6666666666666666,61
3,3,ecapa_half4_vs_half4,1083,0.6854045478582761,0.6666666666666666,61
3,3,ecapa_half4_vs_half4,1084,0.6950819672131148,0.6666666666666666,61
3,3,ecapa_half4_vs_half4,1085,0.7009518773135907,0.3333333333333333,61
3,3,ecapa_half4_vs_half4,1086,0.7020095187731359,0.3333333333333333,61
3,3,ecapa_half4_vs_half4,1087,0.7686938127974616,0.6666666666666666,61
3,3,ecapa_half4_vs_half4,1088,0.5936541512427287,0.3333333333333333,61
3,3,ecapa_half4_vs_half4,1089,0.5169751454257007,0.6666666666666666,61
3,3,ecapa_half4_vs_half4,1090,0.5399788471708091,0.3333333333333333,61
3,3,ecapa_half4_vs_half4,1091,0.531253305129561,0.3333333333333333,61
3,3,xvector_half4_vs_half4,1001,0.9528820729772607,0.3333333333333333,61
3,3,xvector_half4_vs_half4,1003,0.9623479640401904,1.0,61
3,3,xvector_half4_vs_half4,1004,0.9624008461131677,0.3333333333333333,61
3,3,xvector_half4_vs_half4,1005,0.953146483342147,0.6666666666666666,61
3,3,xvector_half4_vs_half4,1007,0.908725542041248,0.6666666666666666,61
3,3,xvector_half4_vs_half4,1010,0.9670015864621894,0.6666666666666666,61
3,3,xvector_half4_vs_half4,1011,0.9048122686409307,0.6666666666666666,61
3,3,xvector_half4_vs_half4,1016,0.9485457429931253,0.3333333333333333,61
3,3,xvector_half4_vs_half4,1018,0.937334743521946,0.6666666666666666,61
3,3,xvector_half4_vs_half4,1019,0.9465891062929667,0.6666666666666666,61
3,3,xvector_half4_vs_half4,1020,0.9263352723426759,0.6666666666666666,61
3,3,xvector_half4_vs_half4,1022,0.9297726070861978,0.3333333333333333,61
3,3,xvector_half4_vs_half4,1024,0.9439450026441036,0.6666666666666666,61
3,3,xvector_half4_vs_half4,1025,0.9569539925965098,0.6666666666666666,61
3,3,xvector_half4_vs_half4,1026,0.9618191433104177,0.6666666666666666,61
3,3,xvector_half4_vs_half4,1029,0.9668958223162348,0.6666666666666666,61
3,3,xvector_half4_vs_half4,1031,0.921893178212586,0.6666666666666666,61
3,3,xvector_half4_vs_half4,1034,0.9262823902696986,0.6666666666666666,61
3,3,xvector_half4_vs_half4,1035,0.9586991010047594,0.6666666666666666,61
3,3,xvector_half4_vs_half4,1038,0.9406663141195135,1.0,61
3,3,xvector_half4_vs_half4,1039,0.9466948704389212,0.0,61
3,3,xvector_half4_vs_half4,1040,0.9257535695399259,0.3333333333333333,61
3,3,xvector_half4_vs_half4,1042,0.9560021152829191,0.6666666666666666,61
3,3,xvector_half4_vs_half4,1043,0.9606028556319408,0.3333333333333333,61
3,3,xvector_half4_vs_half4,1045,0.8328926493918561,0.6666666666666666,61
3,3,xvector_half4_vs_half4,1046,0.9591750396615547,0.3333333333333333,61
3,3,xvector_half4_vs_half4,1047,0.9590692755156002,0.3333333333333333,61
3,3,xvector_half4_vs_half4,1048,0.9450555261766261,0.3333333333333333,61
3,3,xvector_half4_vs_half4,1050,0.9307773664727658,0.3333333333333333,61
3,3,xvector_half4_vs_half4,1052,0.9576414595452142,0.6666666666666666,61
3,3,xvector_half4_vs_half4,1054,0.9635113696456901,0.3333333333333333,61
3,3,xvector_half4_vs_half4,1055,0.9723426758328927,0.6666666666666666,61
3,3,xvector_half4_vs_half4,1056,0.958223162347964,0.3333333333333333,61
3,3,xvector_half4_vs_half4,1057,0.9338445267054468,0.3333333333333333,61
3,3,xvector_half4_vs_half4,1058,0.9492332099418297,0.6666666666666666,61
3,3,xvector_half4_vs_half4,1059,0.8928080380750926,0.6666666666666666,61
3,3,xvector_half4_vs_half4,1060,0.9537281861448969,0.3333333333333333,61
3,3,xvector_half4_vs_half4,1061,0.9413008989952406,0.6666666666666666,61
3,3,xvector_half4_vs_half4,1062,0.9631411951348493,0.3333333333333333,61
3,3,xvector_half4_vs_half4,1063,0.9722897937599154,0.6666666666666666,61
3,3,xvector_half4_vs_half4,1064,0.9534108937070334,0.3333333333333333,61
3,3,xvector_half4_vs_half4,1065,0.9313061872025383,1.0,61
3,3,xvector_half4_vs_half4,1066,0.97239555790587,0.6666666666666666,61
3,3,xvector_half4_vs_half4,1067,0.8620306716023268,0.6666666666666666,61
3,3,xvector_half4_vs_half4,1068,0.9596509783183501,0.6666666666666666,61
3,3,xvector_half4_vs_half4,1069,0.9657852987837123,0.3333333333333333,61
3,3,xvector_half4_vs_half4,1071,0.9405076679005817,0.0,61
3,3,xvector_half4_vs_half4,1073,0.8943945002644104,0.3333333333333333,61
3,3,xvector_half4_vs_half4,1074,0.9680063458487572,0.6666666666666666,61
3,3,xvector_half4_vs_half4,1075,0.9554204124801692,0.6666666666666666,61
3,3,xvector_half4_vs_half4,1078,0.9312533051295611,0.6666666666666666,61
3,3,xvector_half4_vs_half4,1079,0.9601269169751454,0.3333333333333333,61
3,3,xvector_half4_vs_half4,1081,0.9191433104177684,0.6666666666666666,61
3,3,xvector_half4_vs_half4,1083,0.9517186673717609,0.6666666666666666,61
3,3,xvector_half4_vs_half4,1084,0.9457958751983078,0.3333333333333333,61
3,3,xvector_half4_vs_half4,1085,0.8961924907456372,0.6666666666666666,61
3,3,xvector_half4_vs_half4,1086,0.9423056583818086,0.6666666666666666,61
3,3,xvector_half4_vs_half4,1087,0.961872025383395,0.3333333333333333,61
3,3,xvector_half4_vs_half4,1088,0.9558963511369646,0.6666666666666666,61
3,3,xvector_half4_vs_half4,1089,0.9749338974087784,1.0,61
3,3,xvector_half4_vs_half4,1090,0.8938127974616605,0.6666666666666666,61
3,3,xvector_half4_vs_half4,1091,0.9632998413537811,0.3333333333333333,61
3,3,ecapa_vs_xvector,1001,0.5873083024854574,0.0,61
3,3,ecapa_vs_xvector,1003,0.43585404547858275,0.3333333333333333,61
3,3,ecapa_vs_xvector,1004,0.30216816499206767,0.6666666666666666,61
3,3,ecapa_vs_xvector,1005,0.6858276044420941,1.0,61
3,3,ecapa_vs_xvector,1007,0.551718667371761,0.3333333333333333,61
3,3,ecapa_vs_xvector,1010,0.6889476467477526,0.6666666666666666,61
3,3,ecapa_vs_xvector,1011,0.7249603384452671,0.6666666666666666,61
3,3,ecapa_vs_xvector,1016,0.6561078794288736,0.6666666666666666,61
3,3,ecapa_vs_xvector,1018,0.6104706504494977,0.0,61
3,3,ecapa_vs_xvector,1019,0.6482284505552618,0.3333333333333333,61
3,3,ecapa_vs_xvector,1020,0.3043892120571126,0.6666666666666666,61
3,3,ecapa_vs_xvector,1022,0.5061343204653622,0.0,61
3,3,ecapa_vs_xvector,1024,0.29090428344791114,0.6666666666666666,61
3,3,ecapa_vs_xvector,1025,0.6019037546271814,0.3333333333333333,61
3,3,ecapa_vs_xvector,1026,0.7181385510312004,0.3333333333333333,61
3,3,ecapa_vs_xvector,1029,0.5292437863564252,0.0,61
3,3,ecapa_vs_xvector,1031,0.6682707562136436,0.6666666666666666,61
3,3,ecapa_vs_xvector,1034,0.33934426229508197,0.3333333333333333,61
3,3,ecapa_vs_xvector,1035,0.6110523532522475,0.6666666666666666,61
3,3,ecapa_vs_xvector,1038,0.5662612374405077,0.6666666666666666,61
3,3,ecapa_vs_xvector,1039,0.3258064516129032,0.3333333333333333,61
3,3,ecapa_vs_xvector,1040,0.4877313590692755,0.0,61
3,3,ecapa_vs_xvector,1042,0.23791644632469594,0.6666666666666666,61
3,3,ecapa_vs_xvector,1043,0.5478582760444209,0.0,61
3,3,ecapa_vs_xvector,1045,0.5363299841353781,1.0,61
3,3,ecapa_vs_xvector,1046,0.5619777895293495,0.3333333333333333,61
3,3,ecapa_vs_xvector,1047,0.52818614489688,0.0,61
3,3,ecapa_vs_xvector,1048,0.3771020624008461,0.3333333333333333,61
3,3,ecapa_vs_xvector,1050,0.18302485457429932,0.6666666666666666,61
3,3,ecapa_vs_xvector,1052,0.5705975674246431,0.3333333333333333,61
3,3,ecapa_vs_xvector,1054,0.596562665256478,0.3333333333333333,61
3,3,ecapa_vs_xvector,1055,0.5062400846113168,0.6666666666666666,61
3,3,ecapa_vs_xvector,1056,0.4335272342675833,0.6666666666666666,61
3,3,ecapa_vs_xvector,1057,-5.288207297726071e-05,0.6666666666666666,61
3,3,ecapa_vs_xvector,1058,0.25214172395557904,0.0,61
3,3,ecapa_vs_xvector,1059,0.4006345848757271,1.0,61
3,3,ecapa_vs_xvector,1060,0.28757271285034375,0.0,61
3,3,ecapa_vs_xvector,1061,0.44426229508196724,0.6666666666666666,61
3,3,ecapa_vs_xvector,1062,0.28704389212057113,0.3333333333333333,61
3,3,ecapa_vs_xvector,1063,0.7474352194606029,0.6666666666666666,61
3,3,ecapa_vs_xvector,1064,0.7042834479111582,0.6666666666666666,61
3,3,ecapa_vs_xvector,1065,0.5906927551560022,1.0,61
3,3,ecapa_vs_xvector,1066,0.641776837652036,0.3333333333333333,61
3,3,ecapa_vs_xvector,1067,0.19894235854045478,0.0,61
3,3,ecapa_vs_xvector,1068,0.6737176097303015,0.3333333333333333,61
3,3,ecapa_vs_xvector,1069,0.6285563194077208,0.6666666666666666,61
3,3,ecapa_vs_xvector,1071,0.3615018508725542,0.6666666666666666,61
3,3,ecapa_vs_xvector,1073,0.4245901639344262,0.6666666666666666,61
3,3,ecapa_vs_xvector,1074,0.4952934955050238,0.3333333333333333,61
3,3,ecapa_vs_xvector,1075,0.7100475938656795,0.3333333333333333,61
3,3,ecapa_vs_xvector,1078,0.391274457958752,0.6666666666666666,61
3,3,ecapa_vs_xvector,1079,0.38926493918561605,0.0,61
3,3,ecapa_vs_xvector,1081,0.5007403490216816,0.6666666666666666,61
3,3,ecapa_vs_xvector,1083,0.24949762030671602,0.3333333333333333,61
3,3,ecapa_vs_xvector,1084,0.7385510312004231,0.3333333333333333,61
3,3,ecapa_vs_xvector,1085,0.6254891591750397,1.0,61
3,3,ecapa_vs_xvector,1086,0.7337916446324696,0.6666666666666666,61
3,3,ecapa_vs_xvector,1087,0.2616076150185087,0.0,61
3,3,ecapa_vs_xvector,1088,0.5473294553146484,0.6666666666666666,61
3,3,ecapa_vs_xvector,1089,0.42956107879428873,0.6666666666666666,61
3,3,ecapa_vs_xvector,1090,0.6914331041776838,0.6666666666666666,61
3,3,ecapa_vs_xvector,1091,0.6167636171337917,0.3333333333333333,61
3,4,ecapa_half4_vs_half4,1001,0.8214701216287679,0.0,61
3,4,ecapa_half4_vs_half4,1003,0.6398730830248546,0.3333333333333333,61
3,4,ecapa_half4_vs_half4,1004,0.6316763617133792,0.6666666666666666,61
3,4,ecapa_half4_vs_half4,1005,0.6155473294553147,0.6666666666666666,61
3,4,ecapa_half4_vs_half4,1007,0.5538868323638286,0.3333333333333333,61
3,4,ecapa_half4_vs_half4,1010,0.5646218931782125,0.3333333333333333,61
3,4,ecapa_half4_vs_half4,1011,0.7513484928609202,0.6666666666666666,61
3,4,ecapa_half4_vs_half4,1016,0.4918032786885246,0.6666666666666666,61
3,4,ecapa_half4_vs_half4,1018,0.6163405605499735,0.3333333333333333,61
3,4,ecapa_half4_vs_half4,1019,0.8322051824431518,0.6666666666666666,61
3,4,ecapa_half4_vs_half4,1020,0.5611316763617133,0.0,61
3,4,ecapa_half4_vs_half4,1022,0.6726599682707562,0.3333333333333333,61
3,4,ecapa_half4_vs_half4,1024,0.3890005288207298,0.0,61
3,4,ecapa_half4_vs_half4,1025,0.645848757271285,0.3333333333333333,61
3,4,ecapa_half4_vs_half4,1026,0.7976203067160232,0.3333333333333333,61
3,4,ecapa_half4_vs_half4,1029,0.4806451612903226,0.3333333333333333,61
3,4,ecapa_half4_vs_half4,1031,0.5099947117927023,0.6666666666666666,61
3,4,ecapa_half4_vs_half4,1034,0.593918561607615,0.3333333333333333,61
3,4,ecapa_half4_vs_half4,1035,0.44368059227921736,0.6666666666666666,61
3,4,ecapa_half4_vs_half4,1038,0.5899524061343204,0.6666666666666666,61
3,4,ecapa_half4_vs_half4,1039,0.5765203595980962,0.3333333333333333,61
3,4,ecapa_half4_vs_half4,1040,0.4301956636700159,0.3333333333333333,61
3,4,ecapa_half4_vs_half4,1042,0.7224219989423586,0.6666666666666666,61
3,4,ecapa_half4_vs_half4,1043,0.4897937599153887,0.0,61
3,4,ecapa_half4_vs_half4,1045,0.7037017451084082,0.3333333333333333,61
3,4,ecapa_half4_vs_half4,1046,0.6800634584875727,1.0,61
3,4,ecapa_half4_vs_half4,1047,0.5790058170280274,0.3333333333333333,61
3,4,ecapa_half4_vs_half4,1048,0.6967213114754098,0.3333333333333333,61
3,4,ecapa_half4_vs_half4,1050,0.7203595980962454,0.3333333333333333,61
3,4,ecapa_half4_vs_half4,1052,0.5581173982020096,0.3333333333333333,61
3,4,ecapa_half4_vs_half4,1054,0.6099947117927023,0.0,61
3,4,ecapa_half4_vs_half4,1055,0.665732416710735,0.3333333333333333,61
3,4,ecapa_half4_vs_half4,1056,0.5790058170280274,0.6666666666666666,61
3,4,ecapa_half4_vs_half4,1057,0.5595452141723956,0.3333333333333333,61
3,4,ecapa_half4_vs_half4,1058,0.5612903225806452,0.3333333333333333,61
3,4,ecapa_half4_vs_half4,1059,0.630830248545743,1.0,61
3,4,ecapa_half4_vs_half4,1060,0.49968270756213645,0.3333333333333333,61
3,4,ecapa_half4_vs_half4,1061,0.7080380750925436,0.6666666666666666,61
3,4,ecapa_half4_vs_half4,1062,0.6418297197250132,0.3333333333333333,61
3,4,ecapa_half4_vs_half4,1063,0.7195663670015865,0.3333333333333333,61
3,4,ecapa_half4_vs_half4,1064,0.7658381808566895,0.3333333333333333,61
3,4,ecapa_half4_vs_half4,1065,0.8213114754098361,1.0,61
3,4,ecapa_half4_vs_half4,1066,0.7722897937599154,0.3333333333333333,61
3,4,ecapa_half4_vs_half4,1067,0.49185616076150185,0.3333333333333333,61
3,4,ecapa_half4_vs_half4,1068,0.724748810153358,0.6666666666666666,61
3,4,ecapa_half4_vs_half4,1069,0.7011105235325225,0.3333333333333333,61
3,4,ecapa_half4_vs_half4,1071,0.4824960338445267,0.6666666666666666,61
3,4,ecapa_half4_vs_half4,1073,0.5078265468006345,0.3333333333333333,61
3,4,ecapa_half4_vs_half4,1074,0.5560021152829191,0.6666666666666666,61
3,4,ecapa_half4_vs_half4,1075,0.586409307244844,0.6666666666666666,61
3,4,ecapa_half4_vs_half4,1078,0.3782125859333686,0.3333333333333333,61
3,4,ecapa_half4_vs_half4,1079,0.43796932839767316,0.3333333333333333,61
3,4,ecapa_half4_vs_half4,1081,0.6990481226864093,0.6666666666666666,61
3,4,ecapa_half4_vs_half4,1083,0.6159703860391328,0.3333333333333333,61
3,4,ecapa_half4_vs_half4,1084,0.6842940243257536,0.3333333333333333,61
3,4,ecapa_half4_vs_half4,1085,0.5078265468006345,0.3333333333333333,61
3,4,ecapa_half4_vs_half4,1086,0.5806980433632999,1.0,61
3,4,ecapa_half4_vs_half4,1087,0.6290322580645161,0.6666666666666666,61
3,4,ecapa_half4_vs_half4,1088,0.5859333685880487,0.6666666666666666,61
3,4,ecapa_half4_vs_half4,1089,0.586409307244844,0.6666666666666666,61
3,4,ecapa_half4_vs_half4,1090,0.6267054468535167,0.3333333333333333,61
3,4,ecapa_half4_vs_half4,1091,0.775251189846642,0.6666666666666666,61
3,4,xvector_half4_vs_half4,1001,0.9390269698572185,0.3333333333333333,61
3,4,xvector_half4_vs_half4,1003,0.943204653622422,1.0,61
3,4,xvector_half4_vs_half4,1004,0.9487572712850344,0.3333333333333333,61
3,4,xvector_half4_vs_half4,1005,0.9415124272871497,0.3333333333333333,61
3,4,xvector_half4_vs_half4,1007,0.7830777366472765,0.0,61
3,4,xvector_half4_vs_half4,1010,0.9187731359069276,0.3333333333333333,61
3,4,xvector_half4_vs_half4,1011,0.9099947117927023,0.6666666666666666,61
3,4,xvector_half4_vs_half4,1016,0.9168693812797462,0.3333333333333333,61
3,4,xvector_half4_vs_half4,1018,0.9059756742464304,0.6666666666666666,61
3,4,xvector_half4_vs_half4,1019,0.9510840824960338,0.3333333333333333,61
3,4,xvector_half4_vs_half4,1020,0.8157059756742464,0.3333333333333333,61
3,4,xvector_half4_vs_half4,1022,0.9459545214172396,0.6666666666666666,61
3,4,xvector_half4_vs_half4,1024,0.9018508725542042,0.6666666666666666,61
3,4,xvector_half4_vs_half4,1025,0.9519830777366473,0.3333333333333333,61
3,4,xvector_half4_vs_half4,1026,0.9224219989423585,0.6666666666666666,61
3,4,xvector_half4_vs_half4,1029,0.9337387625594923,0.6666666666666666,61
3,4,xvector_half4_vs_half4,1031,0.917028027498678,0.6666666666666666,61
3,4,xvector_half4_vs_half4,1034,0.9387625594923321,1.0,61
3,4,xvector_half4_vs_half4,1035,0.9545214172395557,0.6666666666666666,61
3,4,xvector_half4_vs_half4,1038,0.9134320465362242,1.0,61
3,4,xvector_half4_vs_half4,1039,0.9480169222633528,0.3333333333333333,61
3,4,xvector_half4_vs_half4,1040,0.8418297197250132,0.3333333333333333,61
3,4,xvector_half4_vs_half4,1042,0.9457429931253305,0.3333333333333333,61
3,4,xvector_half4_vs_half4,1043,0.9676890534108937,0.6666666666666666,61
3,4,xvector_half4_vs_half4,1045,0.9136964569011106,0.6666666666666666,61
3,4,xvector_half4_vs_half4,1046,0.9595980962453728,0.3333333333333333,61
3,4,xvector_half4_vs_half4,1047,0.9471179270227393,0.3333333333333333,61
3,4,xvector_half4_vs_half4,1048,0.934902168164992,0.3333333333333333,61
3,4,xvector_half4_vs_half4,1050,0.9104706504494976,0.0,61
3,4,xvector_half4_vs_half4,1052,0.9417239555790587,0.3333333333333333,61
3,4,xvector_half4_vs_half4,1054,0.9613960867265997,1.0,61
3,4,xvector_half4_vs_half4,1055,0.9299312533051296,0.0,61
3,4,xvector_half4_vs_half4,1056,0.950925436277102,0.3333333333333333,61
3,4,xvector_half4_vs_half4,1057,0.9177683765203596,0.6666666666666666,61
3,4,xvector_half4_vs_half4,1058,0.9564780539397144,0.6666666666666666,61
3,4,xvector_half4_vs_half4,1059,0.8739291380222105,0.3333333333333333,61
3,4,xvector_half4_vs_half4,1060,0.9361713379164464,0.3333333333333333,61
3,4,xvector_half4_vs_half4,1061,0.9225277630883131,0.6666666666666666,61
3,4,xvector_half4_vs_half4,1062,0.9552088841882602,0.3333333333333333,61
3,4,xvector_half4_vs_half4,1063,0.938551031200423,0.6666666666666666,61
3,4,xvector_half4_vs_half4,1064,0.9349550502379693,0.3333333333333333,61
3,4,xvector_half4_vs_half4,1065,0.9151771549444738,0.6666666666666666,61
3,4,xvector_half4_vs_half4,1066,0.9437863564251718,0.3333333333333333,61
3,4,xvector_half4_vs_half4,1067,0.844420941300899,0.6666666666666666,61
3,4,xvector_half4_vs_half4,1068,0.9418826017979904,1.0,61
3,4,xvector_half4_vs_half4,1069,0.9315177154944474,0.3333333333333333,61
3,4,xvector_half4_vs_half4,1071,0.9159703860391327,0.3333333333333333,61
3,4,xvector_half4_vs_half4,1073,0.8832892649391856,0.6666666666666666,61
3,4,xvector_half4_vs_half4,1074,0.9540454785827605,0.6666666666666666,61
3,4,xvector_half4_vs_half4,1075,0.9473823373876256,0.0,61
3,4,xvector_half4_vs_half4,1078,0.843416181914331,0.6666666666666666,61
3,4,xvector_half4_vs_half4,1079,0.9150713907985193,0.3333333333333333,61
3,4,xvector_half4_vs_half4,1081,0.9106821787414067,0.6666666666666666,61
3,4,xvector_half4_vs_half4,1083,0.915018508725542,0.3333333333333333,61
3,4,xvector_half4_vs_half4,1084,0.941565309360127,0.0,61
3,4,xvector_half4_vs_half4,1085,0.8971443680592279,0.3333333333333333,61
3,4,xvector_half4_vs_half4,1086,0.914806980433633,0.3333333333333333,61
3,4,xvector_half4_vs_half4,1087,0.9540983606557377,0.3333333333333333,61
3,4,xvector_half4_vs_half4,1088,0.9305129561078794,0.3333333333333333,61
3,4,xvector_half4_vs_half4,1089,0.9526176626123743,0.6666666666666666,61
3,4,xvector_half4_vs_half4,1090,0.8776308831306188,0.3333333333333333,61
3,4,xvector_half4_vs_half4,1091,0.9469592808038075,0.6666666666666666,61
3,4,ecapa_vs_xvector,1001,0.6262823902696986,0.3333333333333333,61
3,4,ecapa_vs_xvector,1003,0.5792173453199365,0.0,61
3,4,ecapa_vs_xvector,1004,0.26953992596509785,0.3333333333333333,61
3,4,ecapa_vs_xvector,1005,0.689846641988366,0.6666666666666666,61
3,4,ecapa_vs_xvector,1007,0.5884717080909572,0.6666666666666666,61
3,4,ecapa_vs_xvector,1010,0.6980433632998414,0.6666666666666666,61
3,4,ecapa_vs_xvector,1011,0.6994711792702274,1.0,61
3,4,ecapa_vs_xvector,1016,0.6551560021152829,1.0,61
3,4,ecapa_vs_xvector,1018,0.6350608143839238,0.3333333333333333,61
3,4,ecapa_vs_xvector,1019,0.6789529349550503,0.3333333333333333,61
3,4,ecapa_vs_xvector,1020,0.35029085140137495,0.3333333333333333,61
3,4,ecapa_vs_xvector,1022,0.621099947117927,0.0,61
3,4,ecapa_vs_xvector,1024,0.302432575356954,0.6666666666666666,61
3,4,ecapa_vs_xvector,1025,0.6163934426229508,0.6666666666666666,61
3,4,ecapa_vs_xvector,1026,0.6797461660497092,0.6666666666666666,61
3,4,ecapa_vs_xvector,1029,0.6922792173453199,0.3333333333333333,61
3,4,ecapa_vs_xvector,1031,0.6351136964569011,1.0,61
3,4,ecapa_vs_xvector,1034,0.39349550502379693,0.3333333333333333,61
3,4,ecapa_vs_xvector,1035,0.5556319407720782,0.6666666666666666,61
3,4,ecapa_vs_xvector,1038,0.5763088313061872,0.3333333333333333,61
3,4,ecapa_vs_xvector,1039,0.42490745637228977,0.3333333333333333,61
3,4,ecapa_vs_xvector,1040,0.5570597567424643,0.0,61
3,4,ecapa_vs_xvector,1042,0.24479111581173982,0.6666666666666666,61
3,4,ecapa_vs_xvector,1043,0.5647805393971443,0.0,61
3,4,ecapa_vs_xvector,1045,0.5249074563722897,1.0,61
3,4,ecapa_vs_xvector,1046,0.6655208884188261,0.3333333333333333,61
3,4,ecapa_vs_xvector,1047,0.610946589106293,0.0,61
3,4,ecapa_vs_xvector,1048,0.4953992596509783,0.0,61
3,4,ecapa_vs_xvector,1050,0.2683236382866208,0.3333333333333333,61
3,4,ecapa_vs_xvector,1052,0.5335272342675833,0.3333333333333333,61
3,4,ecapa_vs_xvector,1054,0.6206768905341089,0.6666666666666666,61
3,4,ecapa_vs_xvector,1055,0.5571655208884189,0.6666666666666666,61
3,4,ecapa_vs_xvector,1056,0.4626123744050767,0.6666666666666666,61
3,4,ecapa_vs_xvector,1057,-0.06488630354309889,0.6666666666666666,61
3,4,ecapa_vs_xvector,1058,0.2936541512427287,0.0,61
3,4,ecapa_vs_xvector,1059,0.3776308831306187,0.3333333333333333,61
3,4,ecapa_vs_xvector,1060,0.33855103120042307,0.0,61
3,4,ecapa_vs_xvector,1061,0.5327340031729244,0.6666666666666666,61
3,4,ecapa_vs_xvector,1062,0.3810153358011634,0.3333333333333333,61
3,4,ecapa_vs_xvector,1063,0.7561078794288736,0.3333333333333333,61
3,4,ecapa_vs_xvector,1064,0.7323109465891063,0.6666666666666666,61
3,4,ecapa_vs_xvector,1065,0.6152829190904283,1.0,61
3,4,ecapa_vs_xvector,1066,0.6353252247488101,0.3333333333333333,61
3,4,ecapa_vs_xvector,1067,0.12374405076679006,0.0,61
3,4,ecapa_vs_xvector,1068,0.662665256478054,1.0,61
3,4,ecapa_vs_xvector,1069,0.7108408249603384,0.6666666666666666,61
3,4,ecapa_vs_xvector,1071,0.3607086197778953,1.0,61
3,4,ecapa_vs_xvector,1073,0.3757800105764146,0.6666666666666666,61
3,4,ecapa_vs_xvector,1074,0.49899524061343203,0.3333333333333333,61
3,4,ecapa_vs_xvector,1075,0.7244315177154944,0.3333333333333333,61
3,4,ecapa_vs_xvector,1078,0.3596509783183501,1.0,61
3,4,ecapa_vs_xvector,1079,0.571602326811211,0.3333333333333333,61
3,4,ecapa_vs_xvector,1081,0.5233738762559492,0.6666666666666666,61
3,4,ecapa_vs_xvector,1083,0.29714436805922795,0.6666666666666666,61
3,4,ecapa_vs_xvector,1084,0.7351665785298783,0.6666666666666666,61
3,4,ecapa_vs_xvector,1085,0.6119513484928609,0.3333333333333333,61
3,4,ecapa_vs_xvector,1086,0.6947117927022739,0.6666666666666666,61
3,4,ecapa_vs_xvector,1087,0.2053939714436806,0.6666666666666666,61
3,4,ecapa_vs_xvector,1088,0.5263352723426759,0.6666666666666666,61
3,4,ecapa_vs_xvector,1089,0.24865150713907985,0.6666666666666666,61
3,4,ecapa_vs_xvector,1090,0.6569011105235325,0.6666666666666666,61
3,4,ecapa_vs_xvector,1091,0.595928080380751,0.6666666666666666,61
3,5,ecapa_half4_vs_half4,1001,0.8465809468147282,0.0,59
3,5,ecapa_half4_vs_half4,1003,0.7107539450613676,0.3333333333333333,59
3,5,ecapa_half4_vs_half4,1004,0.619812974868498,0.3333333333333333,59
3,5,ecapa_half4_vs_half4,1005,0.7646990064289889,0.3333333333333333,59
3,5,ecapa_half4_vs_half4,1007,0.7009351256575103,0.3333333333333333,59
3,5,ecapa_half4_vs_half4,1010,0.7274108708357686,0.3333333333333333,59
3,5,ecapa_half4_vs_half4,1011,0.7497369959088253,0.6666666666666666,59
3,5,ecapa_half4_vs_half4,1016,0.5987142022209234,0.6666666666666666,59
3,5,ecapa_half4_vs_half4,1018,0.7914669783752192,0.0,59
3,5,ecapa_half4_vs_half4,1020,0.6718293395675043,0.3333333333333333,59
3,5,ecapa_half4_vs_half4,1022,0.7459964932787844,0.3333333333333333,59
3,5,ecapa_half4_vs_half4,1024,0.6336060783167738,0.3333333333333333,59
3,5,ecapa_half4_vs_half4,1025,0.6954412624196377,0.6666666666666666,59
3,5,ecapa_half4_vs_half4,1026,0.8175920514319112,0.6666666666666666,59
3,5,ecapa_half4_vs_half4,1029,0.5390999415546464,0.0,59
3,5,ecapa_half4_vs_half4,1031,0.5344243132670953,0.6666666666666666,59
3,5,ecapa_half4_vs_half4,1034,0.7008182349503215,0.6666666666666666,59
3,5,ecapa_half4_vs_half4,1035,0.6566919929865576,0.3333333333333333,59
3,5,ecapa_half4_vs_half4,1038,0.5823495032144944,0.6666666666666666,59
3,5,ecapa_half4_vs_half4,1039,0.6781414377556985,0.3333333333333333,59
3,5,ecapa_half4_vs_half4,1042,0.6099357101110462,0.6666666666666666,59
3,5,ecapa_half4_vs_half4,1043,0.5755113968439509,0.3333333333333333,59
3,5,ecapa_half4_vs_half4,1045,0.8035651665692577,0.6666666666666666,59
3,5,ecapa_half4_vs_half4,1046,0.6648158971361777,0.3333333333333333,59
3,5,ecapa_half4_vs_half4,1047,0.7241379310344828,0.6666666666666666,59
3,5,ecapa_half4_vs_half4,1048,0.6890122735242549,0.3333333333333333,59
3,5,ecapa_half4_vs_half4,1050,0.7523085914669784,0.6666666666666666,59
3,5,ecapa_half4_vs_half4,1052,0.7884862653419054,0.3333333333333333,59
3,5,ecapa_half4_vs_half4,1054,0.5758036236119228,0.0,59
3,5,ecapa_half4_vs_half4,1055,0.7544126241963763,0.3333333333333333,59
3,5,ecapa_half4_vs_half4,1056,0.692635885447107,0.3333333333333333,59
3,5,ecapa_half4_vs_half4,1057,0.666218585622443,0.3333333333333333,59
3,5,ecapa_half4_vs_half4,1058,0.6724722384570426,0.6666666666666666,59
3,5,ecapa_half4_vs_half4,1059,0.6494447691408533,0.3333333333333333,59
3,5,ecapa_half4_vs_half4,1060,0.6087668030391584,0.3333333333333333,59
3,5,ecapa_half4_vs_half4,1061,0.5681472822910578,0.6666666666666666,59
3,5,ecapa_half4_vs_half4,1062,0.7979544126241964,0.6666666666666666,59
3,5,ecapa_half4_vs_half4,1063,0.7520163646990065,0.3333333333333333,59
3,5,ecapa_half4_vs_half4,1064,0.751490356516657,0.6666666666666666,59
3,5,ecapa_half4_vs_half4,1065,0.8457627118644068,0.3333333333333333,59
3,5,ecapa_half4_vs_half4,1066,0.7539450613676213,0.3333333333333333,59
3,5,ecapa_half4_vs_half4,1067,0.6019286966686148,0.3333333333333333,59
3,5,ecapa_half4_vs_half4,1068,0.7677966101694915,0.3333333333333333,59
3,5,ecapa_half4_vs_half4,1069,0.7808883693746347,0.6666666666666666,59
3,5,ecapa_half4_vs_half4,1071,0.6976621858562244,0.3333333333333333,59
3,5,ecapa_half4_vs_half4,1073,0.6711864406779661,0.6666666666666666,59
3,5,ecapa_half4_vs_half4,1074,0.6518410286382232,0.6666666666666666,59
3,5,ecapa_half4_vs_half4,1075,0.6670368205727645,0.6666666666666666,59
3,5,ecapa_half4_vs_half4,1078,0.48772647574517825,0.6666666666666666,59
3,5,ecapa_half4_vs_half4,1079,0.6509643483343074,0.3333333333333333,59
3,5,ecapa_half4_vs_half4,1081,0.739801285797779,0.3333333333333333,59
3,5,ecapa_half4_vs_half4,1083,0.6051431911163062,0.6666666666666666,59
3,5,ecapa_half4_vs_half4,1084,0.7292226767971947,0.3333333333333333,59
3,5,ecapa_half4_vs_half4,1085,0.47142022209234363,0.3333333333333333,59
3,5,ecapa_half4_vs_half4,1086,0.6994155464640561,0.6666666666666666,59
3,5,ecapa_half4_vs_half4,1087,0.7568673290473408,0.6666666666666666,59
3,5,ecapa_half4_vs_half4,1088,0.7101694915254237,0.3333333333333333,59
3,5,ecapa_half4_vs_half4,1089,0.5087668030391583,0.6666666666666666,59
3,5,ecapa_half4_vs_half4,1090,0.5748100526008182,0.6666666666666666,59
3,5,ecapa_half4_vs_half4,1091,0.6341905318527177,0.3333333333333333,59
3,5,xvector_half4_vs_half4,1001,0.946990064289889,0.3333333333333333,59
3,5,xvector_half4_vs_half4,1003,0.9417884278199883,0.6666666666666666,59
3,5,xvector_half4_vs_half4,1004,0.9634132086499123,1.0,59
3,5,xvector_half4_vs_half4,1005,0.9561659848042081,1.0,59
3,5,xvector_half4_vs_half4,1007,0.9005844535359439,0.3333333333333333,59
3,5,xvector_half4_vs_half4,1010,0.9589713617767387,0.3333333333333333,59
3,5,xvector_half4_vs_half4,1011,0.9312682641729982,0.3333333333333333,59
3,5,xvector_half4_vs_half4,1016,0.9457627118644067,0.6666666666666666,59
3,5,xvector_half4_vs_half4,1018,0.939041496201052,0.6666666666666666,59
3,5,xvector_half4_vs_half4,1020,0.8598480420806546,0.6666666666666666,59
3,5,xvector_half4_vs_half4,1022,0.9413793103448276,0.6666666666666666,59
3,5,xvector_half4_vs_half4,1024,0.9497954412624197,0.6666666666666666,59
3,5,xvector_half4_vs_half4,1025,0.9638807714786675,0.6666666666666666,59
3,5,xvector_half4_vs_half4,1026,0.9430157802454705,0.6666666666666666,59
3,5,xvector_half4_vs_half4,1029,0.9426066627703098,0.6666666666666666,59
3,5,xvector_half4_vs_half4,1031,0.9623611922852133,0.6666666666666666,59
3,5,xvector_half4_vs_half4,1034,0.9441262419637639,0.6666666666666666,59
3,5,xvector_half4_vs_half4,1035,0.9414962010520164,0.6666666666666666,59
3,5,xvector_half4_vs_half4,1038,0.9520748100526009,0.3333333333333333,59
3,5,xvector_half4_vs_half4,1039,0.9604909409701928,0.6666666666666666,59
3,5,xvector_half4_vs_half4,1042,0.9523670368205728,0.6666666666666666,59
3,5,xvector_half4_vs_half4,1043,0.9594973699590883,0.6666666666666666,59
3,5,xvector_half4_vs_half4,1045,0.9092343658679135,0.6666666666666666,59
3,5,xvector_half4_vs_half4,1046,0.9593220338983051,0.6666666666666666,59
3,5,xvector_half4_vs_half4,1047,0.9299824663939217,0.3333333333333333,59
3,5,xvector_half4_vs_half4,1048,0.9396843950905903,0.6666666666666666,59
3,5,xvector_half4_vs_half4,1050,0.9289304500292227,0.6666666666666666,59
3,5,xvector_half4_vs_half4,1052,0.9457042665108124,0.6666666666666666,59
3,5,xvector_half4_vs_half4,1054,0.9583869082407949,0.3333333333333333,59
3,5,xvector_half4_vs_half4,1055,0.9592051431911163,0.3333333333333333,59
3,5,xvector_half4_vs_half4,1056,0.931969608416131,0.3333333333333333,59
3,5,xvector_half4_vs_half4,1057,0.9395675043834015,0.3333333333333333,59
3,5,xvector_half4_vs_half4,1058,0.9642898889538282,0.6666666666666666,59
3,5,xvector_half4_vs_half4,1059,0.8495616598480421,0.3333333333333333,59
3,5,xvector_half4_vs_half4,1060,0.9460549386323788,0.3333333333333333,59
3,5,xvector_half4_vs_half4,1061,0.9288135593220339,0.6666666666666666,59
3,5,xvector_half4_vs_half4,1062,0.9587375803623612,0.6666666666666666,59
3,5,xvector_half4_vs_half4,1063,0.9676212741087084,0.6666666666666666,59
3,5,xvector_half4_vs_half4,1064,0.9593220338983051,0.6666666666666666,59
3,5,xvector_half4_vs_half4,1065,0.9542372881355933,0.6666666666666666,59
3,5,xvector_half4_vs_half4,1066,0.9602571595558154,0.6666666666666666,59
3,5,xvector_half4_vs_half4,1067,0.8446522501461133,0.6666666666666666,59
3,5,xvector_half4_vs_half4,1068,0.964406779661017,0.6666666666666666,59
3,5,xvector_half4_vs_half4,1069,0.9332554061952075,0.3333333333333333,59
3,5,xvector_half4_vs_half4,1071,0.9517825832846288,0.0,59
3,5,xvector_half4_vs_half4,1073,0.9227352425482174,0.6666666666666666,59
3,5,xvector_half4_vs_half4,1074,0.9451198129748685,1.0,59
3,5,xvector_half4_vs_half4,1075,0.9438924605493864,0.3333333333333333,59
3,5,xvector_half4_vs_half4,1078,0.8891291642314436,0.6666666666666666,59
3,5,xvector_half4_vs_half4,1079,0.94593804792519,0.0,59
3,5,xvector_half4_vs_half4,1081,0.9222676797194623,0.6666666666666666,59
3,5,xvector_half4_vs_half4,1083,0.9267095265926358,0.3333333333333333,59
3,5,xvector_half4_vs_half4,1084,0.9602571595558154,0.3333333333333333,59
3,5,xvector_half4_vs_half4,1085,0.9168322618351841,1.0,59
3,5,xvector_half4_vs_half4,1086,0.9416715371127995,0.6666666666666666,59
3,5,xvector_half4_vs_half4,1087,0.9518994739918176,0.3333333333333333,59
3,5,xvector_half4_vs_half4,1088,0.9318527177089422,0.6666666666666666,59
3,5,xvector_half4_vs_half4,1089,0.9617767387492694,0.6666666666666666,59
3,5,xvector_half4_vs_half4,1090,0.9308007013442431,0.6666666666666666,59
3,5,xvector_half4_vs_half4,1091,0.9478667445938048,0.3333333333333333,59
3,5,ecapa_vs_xvector,1001,0.5798947983635301,0.6666666666666666,59
3,5,ecapa_vs_xvector,1003,0.5356516656925775,0.0,59
3,5,ecapa_vs_xvector,1004,0.23278784336645236,0.6666666666666666,59
3,5,ecapa_vs_xvector,1005,0.5687317358270018,1.0,59
3,5,ecapa_vs_xvector,1007,0.5194623027469316,0.3333333333333333,59
3,5,ecapa_vs_xvector,1010,0.732729398012858,1.0,59
3,5,ecapa_vs_xvector,1011,0.6614845119812975,0.6666666666666666,59
3,5,ecapa_vs_xvector,1016,0.6562244301578024,0.6666666666666666,59
3,5,ecapa_vs_xvector,1018,0.6507890122735243,0.3333333333333333,59
3,5,ecapa_vs_xvector,1020,0.4575686732904734,0.0,59
3,5,ecapa_vs_xvector,1022,0.6305084745762712,0.0,59
3,5,ecapa_vs_xvector,1024,0.3267095265926359,0.6666666666666666,59
3,5,ecapa_vs_xvector,1025,0.7123904149620105,0.6666666666666666,59
3,5,ecapa_vs_xvector,1026,0.6534190531852718,0.6666666666666666,59
3,5,ecapa_vs_xvector,1029,0.619228521332554,0.0,59
3,5,ecapa_vs_xvector,1031,0.5804208065458796,1.0,59
3,5,ecapa_vs_xvector,1034,0.3728813559322034,0.6666666666666666,59
3,5,ecapa_vs_xvector,1035,0.614260666277031,0.3333333333333333,59
3,5,ecapa_vs_xvector,1038,0.5238457042665108,0.3333333333333333,59
3,5,ecapa_vs_xvector,1039,0.34535359438924607,0.6666666666666666,59
3,5,ecapa_vs_xvector,1042,0.2991233196960842,0.6666666666666666,59
3,5,ecapa_vs_xvector,1043,0.2651081239041496,0.3333333333333333,59
3,5,ecapa_vs_xvector,1045,0.5030391583869083,0.6666666666666666,59
3,5,ecapa_vs_xvector,1046,0.6950905902980713,0.3333333333333333,59
3,5,ecapa_vs_xvector,1047,0.6028638223261251,0.0,59
3,5,ecapa_vs_xvector,1048,0.4765634132086499,0.0,59
3,5,ecapa_vs_xvector,1050,0.1103448275862069,0.3333333333333333,59
3,5,ecapa_vs_xvector,1052,0.550613676212741,0.3333333333333333,59
3,5,ecapa_vs_xvector,1054,0.601811805961426,0.3333333333333333,59
3,5,ecapa_vs_xvector,1055,0.5749853886616014,0.6666666666666666,59
3,5,ecapa_vs_xvector,1056,0.3441262419637639,1.0,59
3,5,ecapa_vs_xvector,1057,-0.0043249561659848045,0.6666666666666666,59
3,5,ecapa_vs_xvector,1058,0.28293395675043836,0.0,59
3,5,ecapa_vs_xvector,1059,0.3015195791934541,0.6666666666666666,59
3,5,ecapa_vs_xvector,1060,0.33828170660432494,0.0,59
3,5,ecapa_vs_xvector,1061,0.5461718293395675,0.6666666666666666,59
3,5,ecapa_vs_xvector,1062,0.3803623611922852,0.3333333333333333,59
3,5,ecapa_vs_xvector,1063,0.7302162478082992,0.3333333333333333,59
3,5,ecapa_vs_xvector,1064,0.6736411455289304,0.3333333333333333,59
3,5,ecapa_vs_xvector,1065,0.6284044418468732,0.6666666666666666,59
3,5,ecapa_vs_xvector,1066,0.6656341320864991,0.6666666666666666,59
3,5,ecapa_vs_xvector,1067,0.10952659263588545,0.3333333333333333,59
3,5,ecapa_vs_xvector,1068,0.5964932787843367,0.6666666666666666,59
3,5,ecapa_vs_xvector,1069,0.5914085330216248,0.3333333333333333,59
3,5,ecapa_vs_xvector,1071,0.27913500876680303,0.3333333333333333,59
3,5,ecapa_vs_xvector,1073,0.4969608416130918,0.6666666666666666,59
3,5,ecapa_vs_xvector,1074,0.597136177673875,0.3333333333333333,59
3,5,ecapa_vs_xvector,1075,0.6455873758036236,0.6666666666666666,59
3,5,ecapa_vs_xvector,1078,0.47919345412039743,0.6666666666666666,59
3,5,ecapa_vs_xvector,1079,0.43834015195791937,0.3333333333333333,59
3,5,ecapa_vs_xvector,1081,0.526884862653419,0.6666666666666666,59
3,5,ecapa_vs_xvector,1083,0.2113968439509059,0.6666666666666666,59
3,5,ecapa_vs_xvector,1084,0.6506136762127411,0.6666666666666666,59
3,5,ecapa_vs_xvector,1085,0.5492109877264757,0.3333333333333333,59
3,5,ecapa_vs_xvector,1086,0.6646990064289889,0.3333333333333333,59
3,5,ecapa_vs_xvector,1087,0.17860900058445353,0.3333333333333333,59
3,5,ecapa_vs_xvector,1088,0.562302746931619,0.6666666666666666,59
3,5,ecapa_vs_xvector,1089,0.3950905902980713,0.6666666666666666,59
3,5,ecapa_vs_xvector,1090,0.5084745762711864,0.6666666666666666,59
3,5,ecapa_vs_xvector,1091,0.5642898889538281,0.3333333333333333,59
4,0,ecapa_half4_vs_half4,1004,0.6157821617115864,1.0,60
4,0,ecapa_half4_vs_half4,1005,0.6064462350652958,0.3333333333333333,60
4,0,ecapa_half4_vs_half4,1007,0.7229230341761599,1.0,60
4,0,ecapa_half4_vs_half4,1009,0.5858849680466796,0.3333333333333333,60
4,0,ecapa_half4_vs_half4,1010,0.7064184495693246,0.3333333333333333,60
4,0,ecapa_half4_vs_half4,1012,0.6743539872186717,0.6666666666666666,60
4,0,ecapa_half4_vs_half4,1014,0.6494581828285634,0.6666666666666666,60
4,0,ecapa_half4_vs_half4,1015,0.5705473742706306,0.3333333333333333,60
4,0,ecapa_half4_vs_half4,1018,0.49708252292303406,0.6666666666666666,60
4,0,ecapa_half4_vs_half4,1019,0.683856626840789,0.3333333333333333,60
4,0,ecapa_half4_vs_half4,1020,0.4989719366490691,0.6666666666666666,60
4,0,ecapa_half4_vs_half4,1022,0.7044734648513474,0.3333333333333333,60
4,0,ecapa_half4_vs_half4,1023,0.7413170325090301,0.6666666666666666,60
4,0,ecapa_half4_vs_half4,1024,0.6523478744095581,0.6666666666666666,60
4,0,ecapa_half4_vs_half4,1028,0.660127813281467,0.6666666666666666,60
4,0,ecapa_half4_vs_half4,1029,0.5265351486524034,0.0,60
4,0,ecapa_half4_vs_half4,1030,0.5090858571825506,0.6666666666666666,60
4,0,ecapa_half4_vs_half4,1031,0.604334537371492,0.3333333333333333,60
4,0,ecapa_half4_vs_half4,1032,0.727257571547652,0.3333333333333333,60
4,0,ecapa_half4_vs_half4,1033,0.6954153931647679,0.3333333333333333,60
4,0,ecapa_half4_vs_half4,1034,0.5218116143373158,0.3333333333333333,60
4,0,ecapa_half4_vs_half4,1036,0.5926090580716865,0.0,60
4,0,ecapa_half4_vs_half4,1037,0.6859683245345928,0.6666666666666666,60
4,0,ecapa_half4_vs_half4,1038,0.6599611003056404,0.6666666666666666,60
4,0,ecapa_half4_vs_half4,1040,0.5497082522923034,0.3333333333333333,60
4,0,ecapa_half4_vs_half4,1041,0.5270908585718254,0.6666666666666666,60
4,0,ecapa_half4_vs_half4,1044,0.7408168935815502,0.3333333333333333,60
4,0,ecapa_half4_vs_half4,1045,0.6561822728535703,0.6666666666666666,60
4,0,ecapa_half4_vs_half4,1046,0.6145595998888579,0.6666666666666666,60
4,0,ecapa_half4_vs_half4,1047,0.564712420116699,0.6666666666666666,60
4,0,ecapa_half4_vs_half4,1048,0.7001944984717976,0.6666666666666666,60
4,0,ecapa_half4_vs_half4,1049,0.5648235621005834,0.3333333333333333,60
4,0,ecapa_half4_vs_half4,1050,0.6578494026118364,0.0,60
4,0,ecapa_half4_vs_half4,1051,0.5096971380939149,0.3333333333333333,60
4,0,ecapa_half4_vs_half4,1052,0.7321478188385662,0.6666666666666666,60
4,0,ecapa_half4_vs_half4,1053,0.6873020283412058,0.6666666666666666,60
4,0,ecapa_half4_vs_half4,1055,0.7680466796332313,0.6666666666666666,60
4,0,ecapa_half4_vs_half4,1056,0.7325923867741038,0.6666666666666666,60
4,0,ecapa_half4_vs_half4,1057,0.5550430675187551,0.6666666666666666,60
4,0,ecapa_half4_vs_half4,1059,0.7306474020561265,0.3333333333333333,60
4,0,ecapa_half4_vs_half4,1060,0.7288691303139759,0.6666666666666666,60
4,0,ecapa_half4_vs_half4,1061,0.4988052236732425,0.6666666666666666,60
4,0,ecapa_half4_vs_half4,1063,0.6392331203111974,0.0,60
4,0,ecapa_half4_vs_half4,1064,0.5805501528202277,0.3333333333333333,60
4,0,ecapa_half4_vs_half4,1065,0.8525145873853847,0.6666666666666666,60
4,0,ecapa_half4_vs_half4,1068,0.7515976660183383,0.6666666666666666,60
4,0,ecapa_half4_vs_half4,1070,0.6894137260350096,0.3333333333333333,60
4,0,ecapa_half4_vs_half4,1072,0.6201722700750207,0.3333333333333333,60
4,0,ecapa_half4_vs_half4,1075,0.7115865518199499,0.6666666666666666,60
4,0,ecapa_half4_vs_half4,1077,0.5401500416782439,0.3333333333333333,60
4,0,ecapa_half4_vs_half4,1079,0.5813837176993608,0.6666666666666666,60
4,0,ecapa_half4_vs_half4,1080,0.7627118644067795,0.6666666666666666,60
4,0,ecapa_half4_vs_half4,1081,0.6439010836343427,0.6666666666666666,60
4,0,ecapa_half4_vs_half4,1083,0.6232842456237843,0.6666666666666666,60
4,0,ecapa_half4_vs_half4,1085,0.7188107807724367,0.6666666666666666,60
4,0,ecapa_half4_vs_half4,1086,0.6454015004167823,0.6666666666666666,60
4,0,ecapa_half4_vs_half4,1087,0.6289524868018893,0.6666666666666666,60
4,0,ecapa_half4_vs_half4,1088,0.6402889691580993,0.3333333333333333,60
4,0,ecapa_half4_vs_half4,1089,0.5659349819394275,0.6666666666666666,60
4,0,ecapa_half4_vs_half4,1090,0.4978049458182828,0.6666666666666666,60
4,0,ecapa_half4_vs_half4,1091,0.6563489858293969,0.6666666666666666,60
4,0,xvector_half4_vs_half4,1004,0.9495971103084189,0.6666666666666666,60
4,0,xvector_half4_vs_half4,1005,0.9302028341205889,0.6666666666666666,60
4,0,xvector_half4_vs_half4,1007,0.9161433731592107,0.3333333333333333,60
4,0,xvector_half4_vs_half4,1009,0.948819116421228,0.6666666666666666,60
4,0,xvector_half4_vs_half4,1010,0.93375937760489,0.6666666666666666,60
4,0,xvector_half4_vs_half4,1012,0.9573770491803276,0.6666666666666666,60
4,0,xvector_half4_vs_half4,1014,0.906529591553209,0.6666666666666666,60
4,0,xvector_half4_vs_half4,1015,0.9394831897749373,0.3333333333333333,60
4,0,xvector_half4_vs_half4,1018,0.9428174492914697,0.6666666666666666,60
4,0,xvector_half4_vs_half4,1019,0.9377604890247289,0.6666666666666666,60
4,0,xvector_half4_vs_half4,1020,0.9063628785773824,0.3333333333333333,60
4,0,xvector_half4_vs_half4,1022,0.9044178938594052,0.6666666666666666,60
4,0,xvector_half4_vs_half4,1023,0.9124201166990829,0.6666666666666666,60
4,0,xvector_half4_vs_half4,1024,0.9349819394276186,0.6666666666666666,60
4,0,xvector_half4_vs_half4,1028,0.9487635454292858,1.0,60
4,0,xvector_half4_vs_half4,1029,0.9510975270908584,0.3333333333333333,60
4,0,xvector_half4_vs_half4,1030,0.9369824951375381,1.0,60
4,0,xvector_half4_vs_half4,1031,0.9463184217838286,0.3333333333333333,60
4,0,xvector_half4_vs_half4,1032,0.8814670741872741,0.0,60
4,0,xvector_half4_vs_half4,1033,0.953431508752431,0.3333333333333333,60
4,0,xvector_half4_vs_half4,1034,0.925368157821617,0.3333333333333333,60
4,0,xvector_half4_vs_half4,1036,0.9246457349263683,0.3333333333333333,60
4,0,xvector_half4_vs_half4,1037,0.9396499027507639,0.3333333333333333,60
4,0,xvector_half4_vs_half4,1038,0.9219783273131423,0.6666666666666666,60
4,0,xvector_half4_vs_half4,1040,0.9029174770769657,0.3333333333333333,60
4,0,xvector_half4_vs_half4,1041,0.9286468463462071,1.0,60
4,0,xvector_half4_vs_half4,1044,0.9378716310086133,0.6666666666666666,60
4,0,xvector_half4_vs_half4,1045,0.8788552375659904,0.6666666666666666,60
4,0,xvector_half4_vs_half4,1046,0.9622117254792996,0.3333333333333333,60
4,0,xvector_half4_vs_half4,1047,0.9502083912197831,0.3333333333333333,60
4,0,xvector_half4_vs_half4,1048,0.9422617393720476,0.0,60
4,0,xvector_half4_vs_half4,1049,0.942372881355932,0.3333333333333333,60
4,0,xvector_half4_vs_half4,1050,0.922700750208391,0.6666666666666666,60
4,0,xvector_half4_vs_half4,1051,0.923756599055293,0.6666666666666666,60
4,0,xvector_half4_vs_half4,1052,0.9505418171714363,0.3333333333333333,60
4,0,xvector_half4_vs_half4,1053,0.9508196721311474,0.6666666666666666,60
4,0,xvector_half4_vs_half4,1055,0.9605445957210335,1.0,60
4,0,xvector_half4_vs_half4,1056,0.9629897193664905,0.3333333333333333,60
4,0,xvector_half4_vs_half4,1057,0.93375937760489,0.3333333333333333,60
4,0,xvector_half4_vs_half4,1059,0.8903028619060849,0.3333333333333333,60
4,0,xvector_half4_vs_half4,1060,0.9325923867741037,0.3333333333333333,60
4,0,xvector_half4_vs_half4,1061,0.9462072797999442,0.3333333333333333,60
4,0,xvector_half4_vs_half4,1063,0.9536537927201999,0.6666666666666666,60
4,0,xvector_half4_vs_half4,1064,0.9146985273687134,0.3333333333333333,60
4,0,xvector_half4_vs_half4,1065,0.9427618782995274,1.0,60
4,0,xvector_half4_vs_half4,1068,0.9662684078910807,0.6666666666666666,60
4,0,xvector_half4_vs_half4,1070,0.9218116143373157,0.3333333333333333,60
4,0,xvector_half4_vs_half4,1072,0.9503195332036675,1.0,60
4,0,xvector_half4_vs_half4,1075,0.9482078355098637,0.6666666666666666,60
4,0,xvector_half4_vs_half4,1077,0.9098638510697414,0.3333333333333333,60
4,0,xvector_half4_vs_half4,1079,0.9515976660183383,0.3333333333333333,60
4,0,xvector_half4_vs_half4,1080,0.8781328146707417,0.3333333333333333,60
4,0,xvector_half4_vs_half4,1081,0.9305918310641843,0.3333333333333333,60
4,0,xvector_half4_vs_half4,1083,0.9123089747151985,0.6666666666666666,60
4,0,xvector_half4_vs_half4,1085,0.9360933592664628,0.3333333333333333,60
4,0,xvector_half4_vs_half4,1086,0.9355932203389828,0.3333333333333333,60
4,0,xvector_half4_vs_half4,1087,0.9498193942761877,0.6666666666666666,60
4,0,xvector_half4_vs_half4,1088,0.9153653792720198,1.0,60
4,0,xvector_half4_vs_half4,1089,0.9466518477354818,0.6666666666666666,60
4,0,xvector_half4_vs_half4,1090,0.9003612114476242,0.6666666666666666,60
4,0,xvector_half4_vs_half4,1091,0.9520978049458181,0.3333333333333333,60
4,0,ecapa_vs_xvector,1004,0.3205334815226451,1.0,60
4,0,ecapa_vs_xvector,1005,0.6780216726868573,1.0,60
4,0,ecapa_vs_xvector,1007,0.5762711864406779,0.6666666666666666,60
4,0,ecapa_vs_xvector,1009,0.5383161989441511,0.6666666666666666,60
4,0,ecapa_vs_xvector,1010,0.7023061961656014,0.6666666666666666,60
4,0,ecapa_vs_xvector,1012,0.3630452903584328,0.3333333333333333,60
4,0,ecapa_vs_xvector,1014,0.604334537371492,0.3333333333333333,60
4,0,ecapa_vs_xvector,1015,0.5777716032231174,0.3333333333333333,60
4,0,ecapa_vs_xvector,1018,0.502973048068908,0.6666666666666666,60
4,0,ecapa_vs_xvector,1019,0.657460405668241,0.6666666666666666,60
4,0,ecapa_vs_xvector,1020,0.3673798277299249,0.3333333333333333,60
4,0,ecapa_vs_xvector,1022,0.609724923589886,0.6666666666666666,60
4,0,ecapa_vs_xvector,1023,0.592497916087802,0.3333333333333333,60
4,0,ecapa_vs_xvector,1024,0.4522367324256737,0.6666666666666666,60
4,0,ecapa_vs_xvector,1028,0.6271186440677965,1.0,60
4,0,ecapa_vs_xvector,1029,0.5948318977493747,0.3333333333333333,60
4,0,ecapa_vs_xvector,1030,0.6102806335093081,0.3333333333333333,60
4,0,ecapa_vs_xvector,1031,0.5479299805501527,1.0,60
4,0,ecapa_vs_xvector,1032,0.5331480966935259,0.0,60
4,0,ecapa_vs_xvector,1033,0.6507918866351763,0.6666666666666666,60
4,0,ecapa_vs_xvector,1034,0.42634065018060563,0.3333333333333333,60
4,0,ecapa_vs_xvector,1036,-0.1327590997499305,0.3333333333333333,60
4,0,ecapa_vs_xvector,1037,0.5107529869408168,0.6666666666666666,60
4,0,ecapa_vs_xvector,1038,0.5809391497638232,0.3333333333333333,60
4,0,ecapa_vs_xvector,1040,0.5963878855237564,0.3333333333333333,60
4,0,ecapa_vs_xvector,1041,0.3853848291191997,0.6666666666666666,60
4,0,ecapa_vs_xvector,1044,0.5331480966935259,0.6666666666666666,60
4,0,ecapa_vs_xvector,1045,0.4912475687691024,0.6666666666666666,60
4,0,ecapa_vs_xvector,1046,0.46879688802445113,0.6666666666666666,60
4,0,ecapa_vs_xvector,1047,0.5090302861906084,0.0,60
4,0,ecapa_vs_xvector,1048,0.4476799110864128,0.3333333333333333,60
4,0,ecapa_vs_xvector,1049,0.513253681578216,0.6666666666666666,60
4,0,ecapa_vs_xvector,1050,0.1713809391497638,0.6666666666666666,60
4,0,ecapa_vs_xvector,1051,0.3954987496526812,0.6666666666666666,60
4,0,ecapa_vs_xvector,1052,0.6440677966101693,0.3333333333333333,60
4,0,ecapa_vs_xvector,1053,0.6417338149485967,0.3333333333333333,60
4,0,ecapa_vs_xvector,1055,0.6397888302306195,0.6666666666666666,60
4,0,ecapa_vs_xvector,1056,0.34548485690469566,0.3333333333333333,60
4,0,ecapa_vs_xvector,1057,-0.06840789108085578,0.3333333333333333,60
4,0,ecapa_vs_xvector,1059,0.4731314253959432,0.6666666666666666,60
4,0,ecapa_vs_xvector,1060,0.32747985551542086,0.3333333333333333,60
4,0,ecapa_vs_xvector,1061,0.4095582106140594,0.3333333333333333,60
4,0,ecapa_vs_xvector,1063,0.6729647124201166,0.3333333333333333,60
4,0,ecapa_vs_xvector,1064,0.6720755765490413,0.6666666666666666,60
4,0,ecapa_vs_xvector,1065,0.5819394276187829,1.0,60
4,0,ecapa_vs_xvector,1068,0.6306751875520977,0.6666666666666666,60
4,0,ecapa_vs_xvector,1070,0.4902472909141427,0.3333333333333333,60
4,0,ecapa_vs_xvector,1072,0.6238399555432064,0.6666666666666666,60
4,0,ecapa_vs_xvector,1075,0.6684078910808556,0.6666666666666666,60
4,0,ecapa_vs_xvector,1077,0.2854126146151708,0.3333333333333333,60
4,0,ecapa_vs_xvector,1079,0.371436510141706,0.3333333333333333,60
4,0,ecapa_vs_xvector,1080,0.6967490969713808,1.0,60
4,0,ecapa_vs_xvector,1081,0.5529313698249513,0.3333333333333333,60
4,0,ecapa_vs_xvector,1083,0.3915532092247846,1.0,60
4,0,ecapa_vs_xvector,1085,0.5723812170047234,0.6666666666666666,60
4,0,ecapa_vs_xvector,1086,0.7011392053348151,0.3333333333333333,60
4,0,ecapa_vs_xvector,1087,0.09069185884968045,0.3333333333333333,60
4,0,ecapa_vs_xvector,1088,0.5874409558210613,0.6666666666666666,60
4,0,ecapa_vs_xvector,1089,0.43639899972214496,0.3333333333333333,60
4,0,ecapa_vs_xvector,1090,0.29369269241455953,0.6666666666666666,60
4,0,ecapa_vs_xvector,1091,0.5312586829674909,0.3333333333333333,60
4,1,ecapa_half4_vs_half4,1004,0.7407364114552893,0.6666666666666666,59
4,1,ecapa_half4_vs_half4,1005,0.552250146113384,0.3333333333333333,59
4,1,ecapa_half4_vs_half4,1007,0.6329631794272356,0.3333333333333333,59
4,1,ecapa_half4_vs_half4,1008,0.6061367621274109,0.6666666666666666,59
4,1,ecapa_half4_vs_half4,1010,0.793395675043834,0.3333333333333333,59
4,1,ecapa_half4_vs_half4,1012,0.5750438340151958,1.0,59
4,1,ecapa_half4_vs_half4,1013,0.6818819403857393,0.6666666666666666,59
4,1,ecapa_half4_vs_half4,1014,0.709760374050263,0.3333333333333333,59
4,1,ecapa_half4_vs_half4,1015,0.6754529514903566,0.3333333333333333,59
4,1,ecapa_half4_vs_half4,1018,0.6528345996493279,0.6666666666666666,59
4,1,ecapa_half4_vs_half4,1020,0.6774985388661602,0.6666666666666666,59
4,1,ecapa_half4_vs_half4,1022,0.6485096434833431,0.6666666666666666,59
4,1,ecapa_half4_vs_half4,1023,0.7082407948568089,0.6666666666666666,59
4,1,ecapa_half4_vs_half4,1024,0.5516072472238457,1.0,59
4,1,ecapa_half4_vs_half4,1028,0.72343658679135,0.6666666666666666,59
4,1,ecapa_half4_vs_half4,1029,0.5975452951490356,0.3333333333333333,59
4,1,ecapa_half4_vs_half4,1030,0.6275277615429573,0.6666666666666666,59
4,1,ecapa_half4_vs_half4,1031,0.5308591466978375,0.3333333333333333,59
4,1,ecapa_half4_vs_half4,1032,0.686791350087668,0.3333333333333333,59
4,1,ecapa_half4_vs_half4,1033,0.7191116306253653,0.3333333333333333,59
4,1,ecapa_half4_vs_half4,1034,0.6412039742840444,0.3333333333333333,59
4,1,ecapa_half4_vs_half4,1036,0.491583869082408,0.0,59
4,1,ecapa_half4_vs_half4,1037,0.6095850379894798,0.6666666666666666,59
4,1,ecapa_half4_vs_half4,1038,0.5481589713617767,0.3333333333333333,59
4,1,ecapa_half4_vs_half4,1041,0.6258912916423144,1.0,59
4,1,ecapa_half4_vs_half4,1044,0.5288720046756283,0.3333333333333333,59
4,1,ecapa_half4_vs_half4,1045,0.5669199298655757,0.3333333333333333,59
4,1,ecapa_half4_vs_half4,1046,0.6272939801285797,0.6666666666666666,59
4,1,ecapa_half4_vs_half4,1047,0.6195791934541204,0.6666666666666666,59
4,1,ecapa_half4_vs_half4,1048,0.6144360023378141,0.3333333333333333,59
4,1,ecapa_half4_vs_half4,1049,0.5518410286382233,0.3333333333333333,59
4,1,ecapa_half4_vs_half4,1050,0.6199883109292811,0.6666666666666666,59
4,1,ecapa_half4_vs_half4,1051,0.5871420222092344,0.6666666666666666,59
4,1,ecapa_half4_vs_half4,1052,0.6184102863822326,0.3333333333333333,59
4,1,ecapa_half4_vs_half4,1053,0.6585037989479836,0.6666666666666666,59
4,1,ecapa_half4_vs_half4,1055,0.7681472822910579,0.6666666666666666,59
4,1,ecapa_half4_vs_half4,1056,0.6373465809468147,0.3333333333333333,59
4,1,ecapa_half4_vs_half4,1057,0.653302162478083,0.3333333333333333,59
4,1,ecapa_half4_vs_half4,1059,0.72822910578609,0.6666666666666666,59
4,1,ecapa_half4_vs_half4,1060,0.5337229690239625,0.3333333333333333,59
4,1,ecapa_half4_vs_half4,1061,0.5063705435417885,0.6666666666666666,59
4,1,ecapa_half4_vs_half4,1063,0.6907656341320865,0.3333333333333333,59
4,1,ecapa_half4_vs_half4,1064,0.697311513734658,0.3333333333333333,59
4,1,ecapa_half4_vs_half4,1065,0.8023962594973699,0.6666666666666666,59
4,1,ecapa_half4_vs_half4,1068,0.7222676797194623,0.3333333333333333,59
4,1,ecapa_half4_vs_half4,1070,0.6604909409701929,0.3333333333333333,59
4,1,ecapa_half4_vs_half4,1072,0.7760374050263004,0.6666666666666666,59
4,1,ecapa_half4_vs_half4,1075,0.4424313267095266,0.3333333333333333,59
4,1,ecapa_half4_vs_half4,1077,0.5692577440093513,1.0,59
4,1,ecapa_half4_vs_half4,1079,0.640853302162478,0.6666666666666666,59
4,1,ecapa_half4_vs_half4,1080,0.8682641729982467,1.0,59
4,1,ecapa_half4_vs_half4,1081,0.6779661016949152,0.6666666666666666,59
4,1,ecapa_half4_vs_half4,1083,0.5721215663354763,1.0,59
4,1,ecapa_half4_vs_half4,1085,0.577323202805377,0.3333333333333333,59
4,1,ecapa_half4_vs_half4,1086,0.6692577440093512,0.6666666666666666,59
4,1,ecapa_half4_vs_half4,1087,0.5322033898305085,0.6666666666666666,59
4,1,ecapa_half4_vs_half4,1088,0.6304500292226768,0.3333333333333333,59
4,1,ecapa_half4_vs_half4,1089,0.4578609000584454,0.6666666666666666,59
4,1,ecapa_half4_vs_half4,1090,0.5770894213909994,0.6666666666666666,59
4,1,ecapa_half4_vs_half4,1091,0.6622443015780245,0.3333333333333333,59
4,1,xvector_half4_vs_half4,1004,0.950146113383986,0.6666666666666666,59
4,1,xvector_half4_vs_half4,1005,0.9518410286382233,0.6666666666666666,59
4,1,xvector_half4_vs_half4,1007,0.7884862653419054,0.6666666666666666,59
4,1,xvector_half4_vs_half4,1008,0.9628287551139685,0.6666666666666666,59
4,1,xvector_half4_vs_half4,1010,0.9527177089421391,0.3333333333333333,59
4,1,xvector_half4_vs_half4,1012,0.9550555230859147,0.6666666666666666,59
4,1,xvector_half4_vs_half4,1013,0.9396843950905903,0.6666666666666666,59
4,1,xvector_half4_vs_half4,1014,0.8903565166569257,0.6666666666666666,59
4,1,xvector_half4_vs_half4,1015,0.9555230859146698,0.6666666666666666,59
4,1,xvector_half4_vs_half4,1018,0.8967855055523086,0.6666666666666666,59
4,1,xvector_half4_vs_half4,1020,0.9088836937463471,0.3333333333333333,59
4,1,xvector_half4_vs_half4,1022,0.9427819988310929,0.6666666666666666,59
4,1,xvector_half4_vs_half4,1023,0.9395090590298071,0.6666666666666666,59
4,1,xvector_half4_vs_half4,1024,0.9057860900058445,0.6666666666666666,59
4,1,xvector_half4_vs_half4,1028,0.9261835184102863,0.3333333333333333,59
4,1,xvector_half4_vs_half4,1029,0.9398597311513734,0.3333333333333333,59
4,1,xvector_half4_vs_half4,1030,0.8616598480420806,0.6666666666666666,59
4,1,xvector_half4_vs_half4,1031,0.9310344827586207,0.6666666666666666,59
4,1,xvector_half4_vs_half4,1032,0.9270017533606079,0.6666666666666666,59
4,1,xvector_half4_vs_half4,1033,0.9640561075394506,0.6666666666666666,59
4,1,xvector_half4_vs_half4,1034,0.95166569257744,0.3333333333333333,59
4,1,xvector_half4_vs_half4,1036,0.9472238457042665,0.6666666666666666,59
4,1,xvector_half4_vs_half4,1037,0.9597311513734658,0.3333333333333333,59
4,1,xvector_half4_vs_half4,1038,0.9066043249561659,0.6666666666666666,59
4,1,xvector_half4_vs_half4,1041,0.9458211572180012,0.3333333333333333,59
4,1,xvector_half4_vs_half4,1044,0.9450613676212741,0.3333333333333333,59
4,1,xvector_half4_vs_half4,1045,0.8563997662185856,0.6666666666666666,59
4,1,xvector_half4_vs_half4,1046,0.9473991817650497,0.0,59
4,1,xvector_half4_vs_half4,1047,0.930333138515488,0.3333333333333333,59
4,1,xvector_half4_vs_half4,1048,0.9364699006428989,0.3333333333333333,59
4,1,xvector_half4_vs_half4,1049,0.9471654003506721,0.3333333333333333,59
4,1,xvector_half4_vs_half4,1050,0.9430742255990648,0.6666666666666666,59
4,1,xvector_half4_vs_half4,1051,0.9521332554061952,0.3333333333333333,59
4,1,xvector_half4_vs_half4,1052,0.9388661601402688,0.3333333333333333,59
4,1,xvector_half4_vs_half4,1053,0.9482758620689655,1.0,59
4,1,xvector_half4_vs_half4,1055,0.9699590882524839,0.6666666666666666,59
4,1,xvector_half4_vs_half4,1056,0.9229105786090006,0.6666666666666666,59
4,1,xvector_half4_vs_half4,1057,0.9423144360023378,0.0,59
4,1,xvector_half4_vs_half4,1059,0.8175336060783168,0.0,59
4,1,xvector_half4_vs_half4,1060,0.9310929281122151,0.3333333333333333,59
4,1,xvector_half4_vs_half4,1061,0.9196376388077148,1.0,59
4,1,xvector_half4_vs_half4,1063,0.9576855639976621,0.3333333333333333,59
4,1,xvector_half4_vs_half4,1064,0.946697837521917,0.3333333333333333,59
4,1,xvector_half4_vs_half4,1065,0.9558153126826417,1.0,59
4,1,xvector_half4_vs_half4,1068,0.9486849795441262,0.3333333333333333,59
4,1,xvector_half4_vs_half4,1070,0.9367621274108708,0.3333333333333333,59
4,1,xvector_half4_vs_half4,1072,0.9626534190531852,1.0,59
4,1,xvector_half4_vs_half4,1075,0.9343658679135008,0.3333333333333333,59
4,1,xvector_half4_vs_half4,1077,0.9457627118644067,0.3333333333333333,59
4,1,xvector_half4_vs_half4,1079,0.939041496201052,0.3333333333333333,59
4,1,xvector_half4_vs_half4,1080,0.9448275862068966,0.0,59
4,1,xvector_half4_vs_half4,1081,0.9307422559906487,0.3333333333333333,59
4,1,xvector_half4_vs_half4,1083,0.9395090590298071,0.6666666666666666,59
4,1,xvector_half4_vs_half4,1085,0.8985388661601402,0.3333333333333333,59
4,1,xvector_half4_vs_half4,1086,0.9536528345996493,0.3333333333333333,59
4,1,xvector_half4_vs_half4,1087,0.9606078316773816,1.0,59
4,1,xvector_half4_vs_half4,1088,0.9586206896551724,1.0,59
4,1,xvector_half4_vs_half4,1089,0.9525423728813559,1.0,59
4,1,xvector_half4_vs_half4,1090,0.9249561659848042,0.6666666666666666,59
4,1,xvector_half4_vs_half4,1091,0.9393921683226184,0.6666666666666666,59
4,1,ecapa_vs_xvector,1004,0.3192869666861485,1.0,59
4,1,ecapa_vs_xvector,1005,0.5998831092928112,1.0,59
4,1,ecapa_vs_xvector,1007,0.5496785505552308,0.3333333333333333,59
4,1,ecapa_vs_xvector,1008,0.6315020455873758,0.6666666666666666,59
4,1,ecapa_vs_xvector,1010,0.7336645236703682,0.3333333333333333,59
4,1,ecapa_vs_xvector,1012,0.36054938632378725,0.6666666666666666,59
4,1,ecapa_vs_xvector,1013,0.5246639392168323,0.6666666666666666,59
4,1,ecapa_vs_xvector,1014,0.47299824663939216,0.3333333333333333,59
4,1,ecapa_vs_xvector,1015,0.6213909994155464,0.3333333333333333,59
4,1,ecapa_vs_xvector,1018,0.5075978959672706,1.0,59
4,1,ecapa_vs_xvector,1020,0.45908825248392754,0.6666666666666666,59
4,1,ecapa_vs_xvector,1022,0.662010520163647,0.6666666666666666,59
4,1,ecapa_vs_xvector,1023,0.5632963179427235,0.0,59
4,1,ecapa_vs_xvector,1024,0.44774985388661603,0.6666666666666666,59
4,1,ecapa_vs_xvector,1028,0.5971946230274693,0.6666666666666666,59
4,1,ecapa_vs_xvector,1029,0.6191700759789597,0.3333333333333333,59
4,1,ecapa_vs_xvector,1030,0.4466393921683226,0.3333333333333333,59
4,1,ecapa_vs_xvector,1031,0.5928696668614845,0.6666666666666666,59
4,1,ecapa_vs_xvector,1032,0.582583284628872,0.0,59
4,1,ecapa_vs_xvector,1033,0.711864406779661,0.6666666666666666,59
4,1,ecapa_vs_xvector,1034,0.47089421390999414,0.6666666666666666,59
4,1,ecapa_vs_xvector,1036,-0.1777323202805377,0.0,59
4,1,ecapa_vs_xvector,1037,0.42846288720046755,0.6666666666666666,59
4,1,ecapa_vs_xvector,1038,0.6209818819403857,0.3333333333333333,59
4,1,ecapa_vs_xvector,1041,0.19690239625949738,0.3333333333333333,59
4,1,ecapa_vs_xvector,1044,0.5822910578609001,0.3333333333333333,59
4,1,ecapa_vs_xvector,1045,0.46475745178258326,0.6666666666666666,59
4,1,ecapa_vs_xvector,1046,0.49298655756867327,0.6666666666666666,59
4,1,ecapa_vs_xvector,1047,0.5769140853302163,0.3333333333333333,59
4,1,ecapa_vs_xvector,1048,0.31209818819403856,0.3333333333333333,59
4,1,ecapa_vs_xvector,1049,0.6099941554646405,0.6666666666666666,59
4,1,ecapa_vs_xvector,1050,0.19251899473991818,0.6666666666666666,59
4,1,ecapa_vs_xvector,1051,0.4635885447106955,0.6666666666666666,59
4,1,ecapa_vs_xvector,1052,0.6994155464640561,0.0,59
4,1,ecapa_vs_xvector,1053,0.6090590298071303,0.3333333333333333,59
4,1,ecapa_vs_xvector,1055,0.7540619520748101,0.3333333333333333,59
4,1,ecapa_vs_xvector,1056,0.4271186440677966,0.6666666666666666,59
4,1,ecapa_vs_xvector,1057,-0.10368205727644653,0.3333333333333333,59
4,1,ecapa_vs_xvector,1059,0.42197545295149036,0.6666666666666666,59
4,1,ecapa_vs_xvector,1060,0.26054938632378727,0.3333333333333333,59
4,1,ecapa_vs_xvector,1061,0.3618936294564582,0.6666666666666666,59
4,1,ecapa_vs_xvector,1063,0.6147866744593805,0.6666666666666666,59
4,1,ecapa_vs_xvector,1064,0.5957334891876096,0.3333333333333333,59
4,1,ecapa_vs_xvector,1065,0.5748684979544126,0.6666666666666666,59
4,1,ecapa_vs_xvector,1068,0.566218585622443,0.6666666666666666,59
4,1,ecapa_vs_xvector,1070,0.3956750438340152,0.6666666666666666,59
4,1,ecapa_vs_xvector,1072,0.7069549970777323,0.6666666666666666,59
4,1,ecapa_vs_xvector,1075,0.6582115721800117,0.3333333333333333,59
4,1,ecapa_vs_xvector,1077,0.13208649912331968,0.3333333333333333,59
4,1,ecapa_vs_xvector,1079,0.6390999415546464,0.3333333333333333,59
4,1,ecapa_vs_xvector,1080,0.7631794272355348,0.3333333333333333,59
4,1,ecapa_vs_xvector,1081,0.4576271186440678,0.6666666666666666,59
4,1,ecapa_vs_xvector,1083,0.43921683226183517,0.6666666666666666,59
4,1,ecapa_vs_xvector,1085,0.557042665108124,0.3333333333333333,59
4,1,ecapa_vs_xvector,1086,0.6783752191700759,0.3333333333333333,59
4,1,ecapa_vs_xvector,1087,0.09000584453535944,0.3333333333333333,59
4,1,ecapa_vs_xvector,1088,0.6153711279953243,0.6666666666666666,59
4,1,ecapa_vs_xvector,1089,0.48386908240794857,0.3333333333333333,59
4,1,ecapa_vs_xvector,1090,0.2659848042080655,0.3333333333333333,59
4,1,ecapa_vs_xvector,1091,0.5296902396259497,0.6666666666666666,59
4,2,ecapa_half4_vs_half4,1002,0.6668106758832565,0.3333333333333333,63
4,2,ecapa_half4_vs_half4,1004,0.693836405529954,1.0,63
4,2,ecapa_half4_vs_half4,1005,0.6387288786482335,0.3333333333333333,63
4,2,ecapa_half4_vs_half4,1006,0.5997503840245776,0.3333333333333333,63
4,2,ecapa_half4_vs_half4,1007,0.692060291858679,0.6666666666666666,63
4,2,ecapa_half4_vs_half4,1008,0.6977246543778802,1.0,63
4,2,ecapa_half4_vs_half4,1009,0.6229358678955453,0.0,63
4,2,ecapa_half4_vs_half4,1010,0.638536866359447,0.3333333333333333,63
4,2,ecapa_half4_vs_half4,1012,0.7519201228878648,0.6666666666666666,63
4,2,ecapa_half4_vs_half4,1013,0.6821236559139785,1.0,63
4,2,ecapa_half4_vs_half4,1014,0.7693452380952381,0.3333333333333333,63
4,2,ecapa_half4_vs_half4,1015,0.6037826420890937,0.0,63
4,2,ecapa_half4_vs_half4,1017,0.7140456989247311,0.3333333333333333,63
4,2,ecapa_half4_vs_half4,1018,0.5939420122887865,0.6666666666666666,63
4,2,ecapa_half4_vs_half4,1020,0.6848118279569892,0.3333333333333333,63
4,2,ecapa_half4_vs_half4,1022,0.7389112903225806,0.0,63
4,2,ecapa_half4_vs_half4,1023,0.7607046850998463,0.6666666666666666,63
4,2,ecapa_half4_vs_half4,1024,0.6167914746543779,0.3333333333333333,63
4,2,ecapa_half4_vs_half4,1028,0.7185099846390169,0.6666666666666666,63
4,2,ecapa_half4_vs_half4,1029,0.5462749615975423,0.3333333333333333,63
4,2,ecapa_half4_vs_half4,1030,0.5621159754224271,0.3333333333333333,63
4,2,ecapa_half4_vs_half4,1031,0.6318644393241167,1.0,63
4,2,ecapa_half4_vs_half4,1032,0.6786194316436251,0.3333333333333333,63
4,2,ecapa_half4_vs_half4,1033,0.7557603686635944,0.6666666666666666,63
4,2,ecapa_half4_vs_half4,1034,0.6347926267281107,0.3333333333333333,63
4,2,ecapa_half4_vs_half4,1036,0.378792242703533,0.0,63
4,2,ecapa_half4_vs_half4,1037,0.5712845622119815,1.0,63
4,2,ecapa_half4_vs_half4,1038,0.669402841781874,0.0,63
4,2,ecapa_half4_vs_half4,1041,0.6229838709677419,0.3333333333333333,63
4,2,ecapa_half4_vs_half4,1044,0.6535138248847926,0.3333333333333333,63
4,2,ecapa_half4_vs_half4,1045,0.5807891705069125,0.3333333333333333,63
4,2,ecapa_half4_vs_half4,1046,0.6401209677419355,0.3333333333333333,63
4,2,ecapa_half4_vs_half4,1047,0.752784178187404,1.0,63
4,2,ecapa_half4_vs_half4,1048,0.6667146697388633,0.3333333333333333,63
4,2,ecapa_half4_vs_half4,1049,0.5429147465437788,0.3333333333333333,63
4,2,ecapa_half4_vs_half4,1050,0.5563556067588326,0.6666666666666666,63
4,2,ecapa_half4_vs_half4,1051,0.5857334869431644,0.6666666666666666,63
4,2,ecapa_half4_vs_half4,1052,0.68409178187404,0.3333333333333333,63
4,2,ecapa_half4_vs_half4,1053,0.6434331797235023,0.6666666666666666,63
4,2,ecapa_half4_vs_half4,1055,0.6519297235023042,0.6666666666666666,63
4,2,ecapa_half4_vs_half4,1056,0.631576420890937,0.6666666666666666,63
4,2,ecapa_half4_vs_half4,1057,0.620823732718894,0.3333333333333333,63
4,2,ecapa_half4_vs_half4,1059,0.7757296466973886,0.6666666666666666,63
4,2,ecapa_half4_vs_half4,1060,0.6738191244239631,0.3333333333333333,63
4,2,ecapa_half4_vs_half4,1061,0.6419450844854071,1.0,63
4,2,ecapa_half4_vs_half4,1063,0.6096390168970814,0.6666666666666666,63
4,2,ecapa_half4_vs_half4,1064,0.7910426267281107,0.6666666666666666,63
4,2,ecapa_half4_vs_half4,1065,0.7926747311827957,0.0,63
4,2,ecapa_half4_vs_half4,1068,0.7428475422427036,0.6666666666666666,63
4,2,ecapa_half4_vs_half4,1070,0.5556835637480799,0.6666666666666666,63
4,2,ecapa_half4_vs_half4,1072,0.7008928571428571,1.0,63
4,2,ecapa_half4_vs_half4,1075,0.46193356374807987,0.6666666666666666,63
4,2,ecapa_half4_vs_half4,1077,0.667002688172043,0.6666666666666666,63
4,2,ecapa_half4_vs_half4,1079,0.5008640552995391,0.6666666666666666,63
4,2,ecapa_half4_vs_half4,1080,0.8047235023041475,0.3333333333333333,63
4,2,ecapa_half4_vs_half4,1081,0.7346390168970814,0.3333333333333333,63
4,2,ecapa_half4_vs_half4,1083,0.5668682795698925,1.0,63
4,2,ecapa_half4_vs_half4,1085,0.6730030721966206,0.6666666666666666,63
4,2,ecapa_half4_vs_half4,1086,0.678523425499232,0.6666666666666666,63
4,2,ecapa_half4_vs_half4,1087,0.6927803379416283,0.6666666666666666,63
4,2,ecapa_half4_vs_half4,1088,0.6490015360983102,0.3333333333333333,63
4,2,ecapa_half4_vs_half4,1089,0.530481950844854,0.6666666666666666,63
4,2,ecapa_half4_vs_half4,1090,0.32152457757296465,0.3333333333333333,63
4,2,ecapa_half4_vs_half4,1091,0.7169258832565284,0.6666666666666666,63
4,2,xvector_half4_vs_half4,1002,0.9451324884792627,0.6666666666666666,63
4,2,xvector_half4_vs_half4,1004,0.9518049155145929,1.0,63
4,2,xvector_half4_vs_half4,1005,0.9618375576036866,0.6666666666666666,63
4,2,xvector_half4_vs_half4,1006,0.9211309523809523,0.3333333333333333,63
4,2,xvector_half4_vs_half4,1007,0.8456221198156681,0.3333333333333333,63
4,2,xvector_half4_vs_half4,1008,0.9608294930875576,0.3333333333333333,63
4,2,xvector_half4_vs_half4,1009,0.9456125192012289,0.3333333333333333,63
4,2,xvector_half4_vs_half4,1010,0.9376920122887865,0.3333333333333333,63
4,2,xvector_half4_vs_half4,1012,0.9573252688172043,0.3333333333333333,63
4,2,xvector_half4_vs_half4,1013,0.9571332565284179,0.3333333333333333,63
4,2,xvector_half4_vs_half4,1014,0.8939612135176651,0.3333333333333333,63
4,2,xvector_half4_vs_half4,1015,0.9431643625192012,0.6666666666666666,63
4,2,xvector_half4_vs_half4,1017,0.9494527649769585,0.6666666666666666,63
4,2,xvector_half4_vs_half4,1018,0.9087461597542242,0.3333333333333333,63
4,2,xvector_half4_vs_half4,1020,0.9172907066052227,0.6666666666666666,63
4,2,xvector_half4_vs_half4,1022,0.9359639016897081,0.3333333333333333,63
4,2,xvector_half4_vs_half4,1023,0.92357910906298,0.3333333333333333,63
4,2,xvector_half4_vs_half4,1024,0.9255472350230415,0.3333333333333333,63
4,2,xvector_half4_vs_half4,1028,0.9346198156682027,0.6666666666666666,63
4,2,xvector_half4_vs_half4,1029,0.9251152073732719,0.3333333333333333,63
4,2,xvector_half4_vs_half4,1030,0.9234350998463902,0.6666666666666666,63
4,2,xvector_half4_vs_half4,1031,0.9521889400921659,0.6666666666666666,63
4,2,xvector_half4_vs_half4,1032,0.9046178955453149,0.0,63
4,2,xvector_half4_vs_half4,1033,0.9700460829493087,0.6666666666666666,63
4,2,xvector_half4_vs_half4,1034,0.942684331797235,1.0,63
4,2,xvector_half4_vs_half4,1036,0.9495967741935484,0.3333333333333333,63
4,2,xvector_half4_vs_half4,1037,0.9525729646697388,0.6666666666666666,63
4,2,xvector_half4_vs_half4,1038,0.9381720430107527,0.3333333333333333,63
4,2,xvector_half4_vs_half4,1041,0.9534850230414746,0.3333333333333333,63
4,2,xvector_half4_vs_half4,1044,0.9461405529953917,1.0,63
4,2,xvector_half4_vs_half4,1045,0.8322772657450077,0.3333333333333333,63
4,2,xvector_half4_vs_half4,1046,0.9260272657450077,0.0,63
4,2,xvector_half4_vs_half4,1047,0.9417242703533026,0.3333333333333333,63
4,2,xvector_half4_vs_half4,1048,0.9495007680491552,0.0,63
4,2,xvector_half4_vs_half4,1049,0.9479166666666666,0.6666666666666666,63
4,2,xvector_half4_vs_half4,1050,0.9312596006144394,0.3333333333333333,63
4,2,xvector_half4_vs_half4,1051,0.9605894777265745,0.6666666666666666,63
4,2,xvector_half4_vs_half4,1052,0.9505088325652842,0.6666666666666666,63
4,2,xvector_half4_vs_half4,1053,0.9495967741935484,0.6666666666666666,63
4,2,xvector_half4_vs_half4,1055,0.9519009216589862,0.3333333333333333,63
4,2,xvector_half4_vs_half4,1056,0.9420122887864824,0.3333333333333333,63
4,2,xvector_half4_vs_half4,1057,0.9466685867895546,0.6666666666666666,63
4,2,xvector_half4_vs_half4,1059,0.8758640552995391,0.3333333333333333,63
4,2,xvector_half4_vs_half4,1060,0.9390360983102919,0.6666666666666666,63
4,2,xvector_half4_vs_half4,1061,0.9461405529953917,0.3333333333333333,63
4,2,xvector_half4_vs_half4,1063,0.9474366359447005,0.6666666666666666,63
4,2,xvector_half4_vs_half4,1064,0.9738863287250384,1.0,63
4,2,xvector_half4_vs_half4,1065,0.9398041474654378,0.6666666666666666,63
4,2,xvector_half4_vs_half4,1068,0.9352918586789555,0.3333333333333333,63
4,2,xvector_half4_vs_half4,1070,0.9603014592933948,1.0,63
4,2,xvector_half4_vs_half4,1072,0.9609254992319508,0.3333333333333333,63
4,2,xvector_half4_vs_half4,1075,0.9384600614439325,0.3333333333333333,63
4,2,xvector_half4_vs_half4,1077,0.945468509984639,0.6666666666666666,63
4,2,xvector_half4_vs_half4,1079,0.9527649769585254,0.3333333333333333,63
4,2,xvector_half4_vs_half4,1080,0.9431163594470046,0.3333333333333333,63
4,2,xvector_half4_vs_half4,1081,0.9343798003072197,0.6666666666666666,63
4,2,xvector_half4_vs_half4,1083,0.938892089093702,0.6666666666666666,63
4,2,xvector_half4_vs_half4,1085,0.9294354838709677,0.3333333333333333,63
4,2,xvector_half4_vs_half4,1086,0.9598214285714286,0.3333333333333333,63
4,2,xvector_half4_vs_half4,1087,0.9615975422427036,0.6666666666666666,63
4,2,xvector_half4_vs_half4,1088,0.9550691244239631,0.6666666666666666,63
4,2,xvector_half4_vs_half4,1089,0.9629896313364056,1.0,63
4,2,xvector_half4_vs_half4,1090,0.8502784178187404,0.3333333333333333,63
4,2,xvector_half4_vs_half4,1091,0.9445084485407066,0.0,63
4,2,ecapa_vs_xvector,1002,0.7723694316436251,0.6666666666666666,63
4,2,ecapa_vs_xvector,1004,0.3655433947772657,1.0,63
4,2,ecapa_vs_xvector,1005,0.6923003072196621,1.0,63
4,2,ecapa_vs_xvector,1006,0.5066724270353302,1.0,63
4,2,ecapa_vs_xvector,1007,0.5210253456221198,0.6666666666666666,63
4,2,ecapa_vs_xvector,1008,0.6360887096774194,0.6666666666666666,63
4,2,ecapa_vs_xvector,1009,0.6114151305683564,0.6666666666666666,63
4,2,ecapa_vs_xvector,1010,0.6988767281105991,0.0,63
4,2,ecapa_vs_xvector,1012,0.49447964669738864,0.6666666666666666,63
4,2,ecapa_vs_xvector,1013,0.5657642089093702,0.6666666666666666,63
4,2,ecapa_vs_xvector,1014,0.5679243471582182,0.0,63
4,2,ecapa_vs_xvector,1015,0.6813076036866359,0.0,63
4,2,ecapa_vs_xvector,1017,0.6838517665130568,0.3333333333333333,63
4,2,ecapa_vs_xvector,1018,0.5227534562211982,0.6666666666666666,63
4,2,ecapa_vs_xvector,1020,0.44772465437788017,0.6666666666666666,63
4,2,ecapa_vs_xvector,1022,0.5652361751152074,0.6666666666666666,63
4,2,ecapa_vs_xvector,1023,0.6114151305683564,0.3333333333333333,63
4,2,ecapa_vs_xvector,1024,0.4201228878648233,0.6666666666666666,63
4,2,ecapa_vs_xvector,1028,0.5333621351766513,0.6666666666666666,63
4,2,ecapa_vs_xvector,1029,0.524913594470046,0.3333333333333333,63
4,2,ecapa_vs_xvector,1030,0.501776113671275,0.3333333333333333,63
4,2,ecapa_vs_xvector,1031,0.5804531490015361,0.6666666666666666,63
4,2,ecapa_vs_xvector,1032,0.5724366359447005,0.3333333333333333,63
4,2,ecapa_vs_xvector,1033,0.651689708141321,0.6666666666666666,63
4,2,ecapa_vs_xvector,1034,0.4543010752688172,0.6666666666666666,63
4,2,ecapa_vs_xvector,1036,-0.271505376344086,0.0,63
4,2,ecapa_vs_xvector,1037,0.4620295698924731,0.3333333333333333,63
4,2,ecapa_vs_xvector,1038,0.6182795698924731,0.0,63
4,2,ecapa_vs_xvector,1041,0.24423963133640553,0.3333333333333333,63
4,2,ecapa_vs_xvector,1044,0.47167818740399386,0.3333333333333333,63
4,2,ecapa_vs_xvector,1045,0.4501248079877112,0.6666666666666666,63
4,2,ecapa_vs_xvector,1046,0.43601190476190477,0.6666666666666666,63
4,2,ecapa_vs_xvector,1047,0.5811731950844854,0.3333333333333333,63
4,2,ecapa_vs_xvector,1048,0.3903609831029186,0.6666666666666666,63
4,2,ecapa_vs_xvector,1049,0.5917338709677419,1.0,63
4,2,ecapa_vs_xvector,1050,0.198252688172043,0.3333333333333333,63
4,2,ecapa_vs_xvector,1051,0.43802803379416283,0.3333333333333333,63
4,2,ecapa_vs_xvector,1052,0.6924923195084486,0.3333333333333333,63
4,2,ecapa_vs_xvector,1053,0.6095430107526881,0.3333333333333333,63
4,2,ecapa_vs_xvector,1055,0.6764592933947773,0.6666666666666666,63
4,2,ecapa_vs_xvector,1056,0.3316532258064516,0.3333333333333333,63
4,2,ecapa_vs_xvector,1057,0.014736943164362519,0.3333333333333333,63
4,2,ecapa_vs_xvector,1059,0.45415706605222733,0.3333333333333333,63
4,2,ecapa_vs_xvector,1060,0.3713037634408602,0.0,63
4,2,ecapa_vs_xvector,1061,0.34106182795698925,0.3333333333333333,63
4,2,ecapa_vs_xvector,1063,0.6176075268817204,0.0,63
4,2,ecapa_vs_xvector,1064,0.6379608294930875,0.3333333333333333,63
4,2,ecapa_vs_xvector,1065,0.5360503072196621,0.6666666666666666,63
4,2,ecapa_vs_xvector,1068,0.6163594470046083,0.6666666666666666,63
4,2,ecapa_vs_xvector,1070,0.4377880184331797,0.3333333333333333,63
4,2,ecapa_vs_xvector,1072,0.6423771121351767,0.6666666666666666,63
4,2,ecapa_vs_xvector,1075,0.6153513824884793,0.6666666666666666,63
4,2,ecapa_vs_xvector,1077,0.2026689708141321,0.6666666666666666,63
4,2,ecapa_vs_xvector,1079,0.45257296466973884,0.6666666666666666,63
4,2,ecapa_vs_xvector,1080,0.7604646697388633,0.3333333333333333,63
4,2,ecapa_vs_xvector,1081,0.5001920122887865,0.6666666666666666,63
4,2,ecapa_vs_xvector,1083,0.44806067588325654,0.6666666666666666,63
4,2,ecapa_vs_xvector,1085,0.522513440860215,0.6666666666666666,63
4,2,ecapa_vs_xvector,1086,0.7214381720430108,0.6666666666666666,63
4,2,ecapa_vs_xvector,1087,0.15212173579109062,0.3333333333333333,63
4,2,ecapa_vs_xvector,1088,0.6866359447004609,0.6666666666666666,63
4,2,ecapa_vs_xvector,1089,0.41618663594470046,0.6666666666666666,63
4,2,ecapa_vs_xvector,1090,0.3481182795698925,0.3333333333333333,63
4,2,ecapa_vs_xvector,1091,0.5284178187403994,0.3333333333333333,63
4,3,ecapa_half4_vs_half4,1002,0.7544156530936013,0.3333333333333333,61
4,3,ecapa_half4_vs_half4,1004,0.6447382337387626,0.6666666666666666,61
4,3,ecapa_half4_vs_half4,1005,0.7438392384981491,0.3333333333333333,61
4,3,ecapa_half4_vs_half4,1006,0.7529878371232153,0.6666666666666666,61
4,3,ecapa_half4_vs_half4,1007,0.7129561078794289,0.6666666666666666,61
4,3,ecapa_half4_vs_half4,1010,0.7072448439978847,0.3333333333333333,61
4,3,ecapa_half4_vs_half4,1012,0.7180856689582231,0.6666666666666666,61
4,3,ecapa_half4_vs_half4,1014,0.7107879428873611,0.3333333333333333,61
4,3,ecapa_half4_vs_half4,1015,0.7402961396086727,0.3333333333333333,61
4,3,ecapa_half4_vs_half4,1018,0.646853516657853,0.6666666666666666,61
4,3,ecapa_half4_vs_half4,1019,0.66795346377578,0.6666666666666666,61
4,3,ecapa_half4_vs_half4,1020,0.7134320465362243,0.6666666666666666,61
4,3,ecapa_half4_vs_half4,1022,0.7175039661554733,0.6666666666666666,61
4,3,ecapa_half4_vs_half4,1023,0.737123215230037,0.6666666666666666,61
4,3,ecapa_half4_vs_half4,1024,0.5546271813855103,1.0,61
4,3,ecapa_half4_vs_half4,1028,0.6726599682707562,0.6666666666666666,61
4,3,ecapa_half4_vs_half4,1029,0.7513484928609202,0.6666666666666666,61
4,3,ecapa_half4_vs_half4,1030,0.682548915917504,0.6666666666666666,61
4,3,ecapa_half4_vs_half4,1031,0.5891591750396615,0.3333333333333333,61
4,3,ecapa_half4_vs_half4,1032,0.6549444738233738,0.3333333333333333,61
4,3,ecapa_half4_vs_half4,1033,0.7178212585933369,0.6666666666666666,61
4,3,ecapa_half4_vs_half4,1034,0.5799048122686409,0.3333333333333333,61
4,3,ecapa_half4_vs_half4,1036,0.5787942887361185,0.0,61
4,3,ecapa_half4_vs_half4,1037,0.7639344262295082,0.6666666666666666,61
4,3,ecapa_half4_vs_half4,1038,0.6626123744050767,0.3333333333333333,61
4,3,ecapa_half4_vs_half4,1040,0.697144368059228,0.3333333333333333,61
4,3,ecapa_half4_vs_half4,1041,0.5910100475938657,0.6666666666666666,61
4,3,ecapa_half4_vs_half4,1044,0.6504494976203067,0.3333333333333333,61
4,3,ecapa_half4_vs_half4,1045,0.6481226864093073,0.6666666666666666,61
4,3,ecapa_half4_vs_half4,1046,0.5200423056583818,0.6666666666666666,61
4,3,ecapa_half4_vs_half4,1047,0.5660497091485986,0.6666666666666666,61
4,3,ecapa_half4_vs_half4,1048,0.7521417239555791,0.6666666666666666,61
4,3,ecapa_half4_vs_half4,1049,0.5837652035959809,0.3333333333333333,61
4,3,ecapa_half4_vs_half4,1050,0.5731359069275516,0.3333333333333333,61
4,3,ecapa_half4_vs_half4,1051,0.6353781068217874,0.6666666666666666,61
4,3,ecapa_half4_vs_half4,1052,0.6535695399259651,0.3333333333333333,61
4,3,ecapa_half4_vs_half4,1053,0.6375462718138551,1.0,61
4,3,ecapa_half4_vs_half4,1055,0.7154415653093601,0.6666666666666666,61
4,3,ecapa_half4_vs_half4,1056,0.7478053939714436,0.6666666666666666,61
4,3,ecapa_half4_vs_half4,1057,0.492490745637229,0.0,61
4,3,ecapa_half4_vs_half4,1059,0.8122686409307245,0.3333333333333333,61
4,3,ecapa_half4_vs_half4,1060,0.6874669487043892,0.6666666666666666,61
4,3,ecapa_half4_vs_half4,1061,0.5493918561607615,0.6666666666666666,61
4,3,ecapa_half4_vs_half4,1063,0.7556319407720783,0.6666666666666666,61
4,3,ecapa_half4_vs_half4,1064,0.7515071390798519,0.3333333333333333,61
4,3,ecapa_half4_vs_half4,1065,0.8207826546800635,0.3333333333333333,61
4,3,ecapa_half4_vs_half4,1068,0.8363828662083553,0.6666666666666666,61
4,3,ecapa_half4_vs_half4,1070,0.7445795875198308,0.3333333333333333,61
4,3,ecapa_half4_vs_half4,1072,0.5938127974616605,0.6666666666666666,61
4,3,ecapa_half4_vs_half4,1075,0.6645690111052354,0.0,61
4,3,ecapa_half4_vs_half4,1077,0.5809624537281861,0.3333333333333333,61
4,3,ecapa_half4_vs_half4,1079,0.3436277102062401,0.0,61
4,3,ecapa_half4_vs_half4,1080,0.779111581173982,0.6666666666666666,61
4,3,ecapa_half4_vs_half4,1081,0.7923320994182972,0.6666666666666666,61
4,3,ecapa_half4_vs_half4,1083,0.5721840296139609,0.3333333333333333,61
4,3,ecapa_half4_vs_half4,1085,0.7468006345848758,0.6666666666666666,61
4,3,ecapa_half4_vs_half4,1086,0.7095716552088842,0.6666666666666666,61
4,3,ecapa_half4_vs_half4,1087,0.752934955050238,0.6666666666666666,61
4,3,ecapa_half4_vs_half4,1088,0.6377578001057641,0.3333333333333333,61
4,3,ecapa_half4_vs_half4,1089,0.539132734003173,0.6666666666666666,61
4,3,ecapa_half4_vs_half4,1090,0.6252776308831306,1.0,61
4,3,ecapa_half4_vs_half4,1091,0.556795346377578,0.3333333333333333,61
4,3,xvector_half4_vs_half4,1002,0.953569539925965,0.6666666666666666,61
4,3,xvector_half4_vs_half4,1004,0.9515600211528292,0.6666666666666666,61
4,3,xvector_half4_vs_half4,1005,0.9551031200423057,0.6666666666666666,61
4,3,xvector_half4_vs_half4,1006,0.9007932310946589,0.6666666666666666,61
4,3,xvector_half4_vs_half4,1007,0.9169222633527234,1.0,61
4,3,xvector_half4_vs_half4,1010,0.9489687995769435,0.6666666666666666,61
4,3,xvector_half4_vs_half4,1012,0.9441565309360127,0.6666666666666666,61
4,3,xvector_half4_vs_half4,1014,0.937123215230037,0.6666666666666666,61
4,3,xvector_half4_vs_half4,1015,0.9499735589635113,0.3333333333333333,61
4,3,xvector_half4_vs_half4,1018,0.9277102062400846,1.0,61
4,3,xvector_half4_vs_half4,1019,0.9600211528291909,0.6666666666666666,61
4,3,xvector_half4_vs_half4,1020,0.9009518773135907,0.6666666666666666,61
4,3,xvector_half4_vs_half4,1022,0.9649920676890534,0.6666666666666666,61
4,3,xvector_half4_vs_half4,1023,0.9556319407720782,0.6666666666666666,61
4,3,xvector_half4_vs_half4,1024,0.9530936012691698,1.0,61
4,3,xvector_half4_vs_half4,1028,0.961448968799577,0.6666666666666666,61
4,3,xvector_half4_vs_half4,1029,0.964516129032258,0.3333333333333333,61
4,3,xvector_half4_vs_half4,1030,0.9370174510840825,0.6666666666666666,61
4,3,xvector_half4_vs_half4,1031,0.9389212057112639,0.3333333333333333,61
4,3,xvector_half4_vs_half4,1032,0.8892649391856161,0.0,61
4,3,xvector_half4_vs_half4,1033,0.9598625066102591,0.6666666666666666,61
4,3,xvector_half4_vs_half4,1034,0.9530407191961925,0.6666666666666666,61
4,3,xvector_half4_vs_half4,1036,0.9435219460602856,0.6666666666666666,61
4,3,xvector_half4_vs_half4,1037,0.9675832892649392,0.6666666666666666,61
4,3,xvector_half4_vs_half4,1038,0.9389740877842412,0.6666666666666666,61
4,3,xvector_half4_vs_half4,1040,0.9323638286620836,0.3333333333333333,61
4,3,xvector_half4_vs_half4,1041,0.9447911158117398,1.0,61
4,3,xvector_half4_vs_half4,1044,0.9547858276044421,0.3333333333333333,61
4,3,xvector_half4_vs_half4,1045,0.8920148069804337,0.6666666666666666,61
4,3,xvector_half4_vs_half4,1046,0.9724484399788472,0.6666666666666666,61
4,3,xvector_half4_vs_half4,1047,0.9663141195134849,0.0,61
4,3,xvector_half4_vs_half4,1048,0.9550502379693284,0.0,61
4,3,xvector_half4_vs_half4,1049,0.9507667900581703,0.6666666666666666,61
4,3,xvector_half4_vs_half4,1050,0.9480169222633528,0.6666666666666666,61
4,3,xvector_half4_vs_half4,1051,0.9491803278688524,0.3333333333333333,61
4,3,xvector_half4_vs_half4,1052,0.9503966155473295,1.0,61
4,3,xvector_half4_vs_half4,1053,0.9684822845055526,0.6666666666666666,61
4,3,xvector_half4_vs_half4,1055,0.9648863035430989,0.6666666666666666,61
4,3,xvector_half4_vs_half4,1056,0.9665785298783712,0.3333333333333333,61
4,3,xvector_half4_vs_half4,1057,0.9437334743521946,0.3333333333333333,61
4,3,xvector_half4_vs_half4,1059,0.9028556319407721,0.3333333333333333,61
4,3,xvector_half4_vs_half4,1060,0.9347964040190375,0.6666666666666666,61
4,3,xvector_half4_vs_half4,1061,0.9501322051824431,0.3333333333333333,61
4,3,xvector_half4_vs_half4,1063,0.9632998413537811,1.0,61
4,3,xvector_half4_vs_half4,1064,0.9640401903754627,0.3333333333333333,61
4,3,xvector_half4_vs_half4,1065,0.9616604970914859,1.0,61
4,3,xvector_half4_vs_half4,1068,0.9703331570597568,0.6666666666666666,61
4,3,xvector_half4_vs_half4,1070,0.9405076679005817,0.6666666666666666,61
4,3,xvector_half4_vs_half4,1072,0.9621893178212586,1.0,61
4,3,xvector_half4_vs_half4,1075,0.9481226864093072,0.3333333333333333,61
4,3,xvector_half4_vs_half4,1077,0.9447911158117398,0.3333333333333333,61
4,3,xvector_half4_vs_half4,1079,0.9655737704918033,0.3333333333333333,61
4,3,xvector_half4_vs_half4,1080,0.9568482284505553,0.0,61
4,3,xvector_half4_vs_half4,1081,0.9156530936012691,0.3333333333333333,61
4,3,xvector_half4_vs_half4,1083,0.938339502908514,0.6666666666666666,61
4,3,xvector_half4_vs_half4,1085,0.9389212057112639,0.6666666666666666,61
4,3,xvector_half4_vs_half4,1086,0.9498677948175569,0.6666666666666666,61
4,3,xvector_half4_vs_half4,1087,0.9619249074563723,0.3333333333333333,61
4,3,xvector_half4_vs_half4,1088,0.9348492860920148,0.6666666666666666,61
4,3,xvector_half4_vs_half4,1089,0.9538868323638287,1.0,61
4,3,xvector_half4_vs_half4,1090,0.9446853516657853,0.6666666666666666,61
4,3,xvector_half4_vs_half4,1091,0.958804865150714,0.3333333333333333,61
4,3,ecapa_vs_xvector,1002,0.6887361184558435,0.6666666666666666,61
4,3,ecapa_vs_xvector,1004,0.34722369116869384,1.0,61
4,3,ecapa_vs_xvector,1005,0.6639344262295082,1.0,61
4,3,ecapa_vs_xvector,1006,0.5267583289264939,0.6666666666666666,61
4,3,ecapa_vs_xvector,1007,0.5994711792702274,0.6666666666666666,61
4,3,ecapa_vs_xvector,1010,0.705869910100476,0.6666666666666666,61
4,3,ecapa_vs_xvector,1012,0.39063987308302484,0.3333333333333333,61
4,3,ecapa_vs_xvector,1014,0.6895822316234796,0.0,61
4,3,ecapa_vs_xvector,1015,0.572607086197779,0.3333333333333333,61
4,3,ecapa_vs_xvector,1018,0.5236911686938128,0.6666666666666666,61
4,3,ecapa_vs_xvector,1019,0.6561607615018509,0.3333333333333333,61
4,3,ecapa_vs_xvector,1020,0.36832363828662085,0.6666666666666666,61
4,3,ecapa_vs_xvector,1022,0.529613960867266,0.3333333333333333,61
4,3,ecapa_vs_xvector,1023,0.6775780010576414,0.3333333333333333,61
4,3,ecapa_vs_xvector,1024,0.4219460602855632,0.3333333333333333,61
4,3,ecapa_vs_xvector,1028,0.5571126388154416,0.6666666666666666,61
4,3,ecapa_vs_xvector,1029,0.44812268640930725,0.0,61
4,3,ecapa_vs_xvector,1030,0.6314119513484928,0.3333333333333333,61
4,3,ecapa_vs_xvector,1031,0.566737176097303,1.0,61
4,3,ecapa_vs_xvector,1032,0.536911686938128,0.3333333333333333,61
4,3,ecapa_vs_xvector,1033,0.6667900581702803,0.6666666666666666,61
4,3,ecapa_vs_xvector,1034,0.3704918032786885,0.3333333333333333,61
4,3,ecapa_vs_xvector,1036,-0.1518244315177155,0.0,61
4,3,ecapa_vs_xvector,1037,0.504071919619249,0.6666666666666666,61
4,3,ecapa_vs_xvector,1038,0.6552088841882602,0.6666666666666666,61
4,3,ecapa_vs_xvector,1040,0.6015864621893178,0.6666666666666666,61
4,3,ecapa_vs_xvector,1041,0.323532522474881,0.3333333333333333,61
4,3,ecapa_vs_xvector,1044,0.5984664198836595,0.6666666666666666,61
4,3,ecapa_vs_xvector,1045,0.5002115282919091,0.6666666666666666,61
4,3,ecapa_vs_xvector,1046,0.4232681121099947,0.6666666666666666,61
4,3,ecapa_vs_xvector,1047,0.5344262295081967,0.0,61
4,3,ecapa_vs_xvector,1048,0.37461660497091487,0.0,61
4,3,ecapa_vs_xvector,1049,0.44315177154944474,0.6666666666666666,61
4,3,ecapa_vs_xvector,1050,0.2214172395557906,0.6666666666666666,61
4,3,ecapa_vs_xvector,1051,0.5016393442622951,0.3333333333333333,61
4,3,ecapa_vs_xvector,1052,0.6273929138022211,0.3333333333333333,61
4,3,ecapa_vs_xvector,1053,0.6710735060814383,0.6666666666666666,61
4,3,ecapa_vs_xvector,1055,0.6642517186673718,0.6666666666666666,61
4,3,ecapa_vs_xvector,1056,0.39000528820729774,0.3333333333333333,61
4,3,ecapa_vs_xvector,1057,-0.010999471179270227,0.3333333333333333,61
4,3,ecapa_vs_xvector,1059,0.5066102591221576,0.3333333333333333,61
4,3,ecapa_vs_xvector,1060,0.3503437334743522,0.3333333333333333,61
4,3,ecapa_vs_xvector,1061,0.4767318878900053,1.0,61
4,3,ecapa_vs_xvector,1063,0.7197778952934955,0.6666666666666666,61
4,3,ecapa_vs_xvector,1064,0.6922792173453199,0.3333333333333333,61
4,3,ecapa_vs_xvector,1065,0.6157059756742465,1.0,61
4,3,ecapa_vs_xvector,1068,0.6827604442094131,0.6666666666666666,61
4,3,ecapa_vs_xvector,1070,0.4898466419883659,0.6666666666666666,61
4,3,ecapa_vs_xvector,1072,0.6437863564251719,0.6666666666666666,61
4,3,ecapa_vs_xvector,1075,0.7005288207297726,0.3333333333333333,61
4,3,ecapa_vs_xvector,1077,0.1810153358011634,0.3333333333333333,61
4,3,ecapa_vs_xvector,1079,0.3329984135378107,0.3333333333333333,61
4,3,ecapa_vs_xvector,1080,0.7573770491803279,1.0,61
4,3,ecapa_vs_xvector,1081,0.5396615547329455,0.3333333333333333,61
4,3,ecapa_vs_xvector,1083,0.39116869381279745,1.0,61
4,3,ecapa_vs_xvector,1085,0.6446324695928081,0.3333333333333333,61
4,3,ecapa_vs_xvector,1086,0.7573770491803279,0.6666666666666666,61
4,3,ecapa_vs_xvector,1087,0.12184029613960867,0.3333333333333333,61
4,3,ecapa_vs_xvector,1088,0.5751454257006875,0.6666666666666666,61
4,3,ecapa_vs_xvector,1089,0.5693283976731888,0.6666666666666666,61
4,3,ecapa_vs_xvector,1090,0.4796404019037546,0.3333333333333333,61
4,3,ecapa_vs_xvector,1091,0.5290851401374934,0.6666666666666666,61
4,4,ecapa_half4_vs_half4,1004,0.6584453535943893,1.0,59
4,4,ecapa_half4_vs_half4,1005,0.7175336060783167,0.6666666666666666,59
4,4,ecapa_half4_vs_half4,1007,0.709000584453536,0.6666666666666666,59
4,4,ecapa_half4_vs_half4,1010,0.6302162478082992,0.3333333333333333,59
4,4,ecapa_half4_vs_half4,1012,0.6173582700175336,1.0,59
4,4,ecapa_half4_vs_half4,1014,0.6183518410286383,0.3333333333333333,59
4,4,ecapa_half4_vs_half4,1015,0.5952659263588544,0.0,59
4,4,ecapa_half4_vs_half4,1018,0.4772647574517826,0.6666666666666666,59
4,4,ecapa_half4_vs_half4,1019,0.8355347749853886,0.3333333333333333,59
4,4,ecapa_half4_vs_half4,1020,0.5160140268848626,0.6666666666666666,59
4,4,ecapa_half4_vs_half4,1022,0.7168907071887785,0.6666666666666666,59
4,4,ecapa_half4_vs_half4,1023,0.699707773232028,0.6666666666666666,59
4,4,ecapa_half4_vs_half4,1024,0.4455873758036236,0.3333333333333333,59
4,4,ecapa_half4_vs_half4,1028,0.5874926943308006,0.6666666666666666,59
4,4,ecapa_half4_vs_half4,1029,0.43103448275862066,0.3333333333333333,59
4,4,ecapa_half4_vs_half4,1030,0.6263004091174752,1.0,59
4,4,ecapa_half4_vs_half4,1031,0.6609000584453536,0.6666666666666666,59
4,4,ecapa_half4_vs_half4,1032,0.577323202805377,0.6666666666666666,59
4,4,ecapa_half4_vs_half4,1033,0.7838690824079486,0.3333333333333333,59
4,4,ecapa_half4_vs_half4,1034,0.6156633547632964,0.3333333333333333,59
4,4,ecapa_half4_vs_half4,1036,0.5526592635885447,0.0,59
4,4,ecapa_half4_vs_half4,1037,0.5553477498538866,0.6666666666666666,59
4,4,ecapa_half4_vs_half4,1038,0.6414962010520163,0.6666666666666666,59
4,4,ecapa_half4_vs_half4,1040,0.6725306838106371,0.6666666666666666,59
4,4,ecapa_half4_vs_half4,1041,0.516832261835184,0.3333333333333333,59
4,4,ecapa_half4_vs_half4,1044,0.8182933956750439,0.3333333333333333,59
4,4,ecapa_half4_vs_half4,1045,0.7285213325540619,0.6666666666666666,59
4,4,ecapa_half4_vs_half4,1046,0.5549970777323203,0.3333333333333333,59
4,4,ecapa_half4_vs_half4,1047,0.5185271770894214,1.0,59
4,4,ecapa_half4_vs_half4,1048,0.7469900642898889,0.6666666666666666,59
4,4,ecapa_half4_vs_half4,1049,0.6555815312682641,0.3333333333333333,59
4,4,ecapa_half4_vs_half4,1050,0.7005260081823496,0.3333333333333333,59
4,4,ecapa_half4_vs_half4,1051,0.594447691408533,0.6666666666666666,59
4,4,ecapa_half4_vs_half4,1052,0.45949736995908824,0.3333333333333333,59
4,4,ecapa_half4_vs_half4,1053,0.6126826417299824,0.3333333333333333,59
4,4,ecapa_half4_vs_half4,1055,0.5033313851548802,0.6666666666666666,59
4,4,ecapa_half4_vs_half4,1056,0.6392168322618352,0.6666666666666666,59
4,4,ecapa_half4_vs_half4,1057,0.6340151957919345,0.6666666666666666,59
4,4,ecapa_half4_vs_half4,1059,0.781823495032145,0.3333333333333333,59
4,4,ecapa_half4_vs_half4,1060,0.6559906487434249,0.0,59
4,4,ecapa_half4_vs_half4,1061,0.502863822326125,0.3333333333333333,59
4,4,ecapa_half4_vs_half4,1063,0.6924605493863238,0.6666666666666666,59
4,4,ecapa_half4_vs_half4,1064,0.757802454704851,0.3333333333333333,59
4,4,ecapa_half4_vs_half4,1065,0.8835184102863822,0.3333333333333333,59
4,4,ecapa_half4_vs_half4,1068,0.8260081823495032,0.6666666666666666,59
4,4,ecapa_half4_vs_half4,1070,0.6099357101110462,0.6666666666666666,59
4,4,ecapa_half4_vs_half4,1072,0.5132670952659264,0.6666666666666666,59
4,4,ecapa_half4_vs_half4,1075,0.6774985388661602,0.3333333333333333,59
4,4,ecapa_half4_vs_half4,1077,0.6503798947983636,0.6666666666666666,59
4,4,ecapa_half4_vs_half4,1079,0.5109292811221507,0.3333333333333333,59
4,4,ecapa_half4_vs_half4,1080,0.8588544710695499,0.6666666666666666,59
4,4,ecapa_half4_vs_half4,1081,0.6208065458796026,0.3333333333333333,59
4,4,ecapa_half4_vs_half4,1083,0.6367036820572765,0.6666666666666666,59
4,4,ecapa_half4_vs_half4,1085,0.7312682641729983,0.3333333333333333,59
4,4,ecapa_half4_vs_half4,1086,0.611864406779661,0.6666666666666666,59
4,4,ecapa_half4_vs_half4,1087,0.7007013442431327,0.6666666666666666,59
4,4,ecapa_half4_vs_half4,1088,0.6992402104032729,0.3333333333333333,59
4,4,ecapa_half4_vs_half4,1089,0.540093512565751,0.6666666666666666,59
4,4,ecapa_half4_vs_half4,1090,0.5863822326125073,0.6666666666666666,59
4,4,ecapa_half4_vs_half4,1091,0.588895382817066,0.6666666666666666,59
4,4,xvector_half4_vs_half4,1004,0.9348918760958503,1.0,59
4,4,xvector_half4_vs_half4,1005,0.9630040911747516,0.6666666666666666,59
4,4,xvector_half4_vs_half4,1007,0.9059029807130333,0.6666666666666666,59
4,4,xvector_half4_vs_half4,1010,0.904500292226768,0.6666666666666666,59
4,4,xvector_half4_vs_half4,1012,0.9265926358854472,1.0,59
4,4,xvector_half4_vs_half4,1014,0.8531852717708942,0.6666666666666666,59
4,4,xvector_half4_vs_half4,1015,0.9629456458211573,0.3333333333333333,59
4,4,xvector_half4_vs_half4,1018,0.8848626534190532,0.6666666666666666,59
4,4,xvector_half4_vs_half4,1019,0.9441262419637639,0.6666666666666666,59
4,4,xvector_half4_vs_half4,1020,0.8971361776738749,0.3333333333333333,59
4,4,xvector_half4_vs_half4,1022,0.9535943892460549,0.6666666666666666,59
4,4,xvector_half4_vs_half4,1023,0.9059029807130333,0.6666666666666666,59
4,4,xvector_half4_vs_half4,1024,0.9496201052016364,0.6666666666666666,59
4,4,xvector_half4_vs_half4,1028,0.9444769140853302,0.6666666666666666,59
4,4,xvector_half4_vs_half4,1029,0.9410870835768557,0.6666666666666666,59
4,4,xvector_half4_vs_half4,1030,0.9209234365867913,1.0,59
4,4,xvector_half4_vs_half4,1031,0.9310929281122151,0.6666666666666666,59
4,4,xvector_half4_vs_half4,1032,0.881823495032145,0.0,59
4,4,xvector_half4_vs_half4,1033,0.9302162478082993,0.6666666666666666,59
4,4,xvector_half4_vs_half4,1034,0.9504383401519579,0.6666666666666666,59
4,4,xvector_half4_vs_half4,1036,0.9391583869082408,0.6666666666666666,59
4,4,xvector_half4_vs_half4,1037,0.9444769140853302,0.3333333333333333,59
4,4,xvector_half4_vs_half4,1038,0.9008182349503214,0.3333333333333333,59
4,4,xvector_half4_vs_half4,1040,0.903156049094097,0.0,59
4,4,xvector_half4_vs_half4,1041,0.9276446522501461,0.6666666666666666,59
4,4,xvector_half4_vs_half4,1044,0.9376388077147867,0.3333333333333333,59
4,4,xvector_half4_vs_half4,1045,0.8981297486849795,0.6666666666666666,59
4,4,xvector_half4_vs_half4,1046,0.9561659848042081,0.3333333333333333,59
4,4,xvector_half4_vs_half4,1047,0.9196376388077148,0.3333333333333333,59
4,4,xvector_half4_vs_half4,1048,0.9392752776154296,0.6666666666666666,59
4,4,xvector_half4_vs_half4,1049,0.9146113383985973,1.0,59
4,4,xvector_half4_vs_half4,1050,0.9216832261835184,0.3333333333333333,59
4,4,xvector_half4_vs_half4,1051,0.9648743424897721,0.6666666666666666,59
4,4,xvector_half4_vs_half4,1052,0.923728813559322,0.6666666666666666,59
4,4,xvector_half4_vs_half4,1053,0.9547632963179428,0.6666666666666666,59
4,4,xvector_half4_vs_half4,1055,0.951198129748685,0.3333333333333333,59
4,4,xvector_half4_vs_half4,1056,0.9227352425482174,0.3333333333333333,59
4,4,xvector_half4_vs_half4,1057,0.9264757451782584,0.6666666666666666,59
4,4,xvector_half4_vs_half4,1059,0.8756867329047341,0.6666666666666666,59
4,4,xvector_half4_vs_half4,1060,0.9471069549970778,0.3333333333333333,59
4,4,xvector_half4_vs_half4,1061,0.9472238457042665,0.3333333333333333,59
4,4,xvector_half4_vs_half4,1063,0.9562828755113968,0.6666666666666666,59
4,4,xvector_half4_vs_half4,1064,0.9461133839859731,0.6666666666666666,59
4,4,xvector_half4_vs_half4,1065,0.9389246054938633,0.6666666666666666,59
4,4,xvector_half4_vs_half4,1068,0.9584453535943892,0.6666666666666666,59
4,4,xvector_half4_vs_half4,1070,0.9368790181180596,0.6666666666666666,59
4,4,xvector_half4_vs_half4,1072,0.9441262419637639,0.3333333333333333,59
4,4,xvector_half4_vs_half4,1075,0.9520163646990064,0.3333333333333333,59
4,4,xvector_half4_vs_half4,1077,0.9081823495032145,0.6666666666666666,59
4,4,xvector_half4_vs_half4,1079,0.959906487434249,0.3333333333333333,59
4,4,xvector_half4_vs_half4,1080,0.9305669199298656,0.0,59
4,4,xvector_half4_vs_half4,1081,0.8767971946230275,0.3333333333333333,59
4,4,xvector_half4_vs_half4,1083,0.9284628872004675,0.6666666666666666,59
4,4,xvector_half4_vs_half4,1085,0.9122150789012273,0.3333333333333333,59
4,4,xvector_half4_vs_half4,1086,0.948042080654588,0.3333333333333333,59
4,4,xvector_half4_vs_half4,1087,0.9708942139099942,1.0,59
4,4,xvector_half4_vs_half4,1088,0.9472238457042665,1.0,59
4,4,xvector_half4_vs_half4,1089,0.9239041496201053,0.6666666666666666,59
4,4,xvector_half4_vs_half4,1090,0.8913500876680304,0.3333333333333333,59
4,4,xvector_half4_vs_half4,1091,0.9495616598480421,0.3333333333333333,59
4,4,ecapa_vs_xvector,1004,0.3220338983050847,1.0,59
4,4,ecapa_vs_xvector,1005,0.6803039158386909,1.0,59
4,4,ecapa_vs_xvector,1007,0.5805961426066628,0.6666666666666666,59
4,4,ecapa_vs_xvector,1010,0.6723553477498538,0.6666666666666666,59
4,4,ecapa_vs_xvector,1012,0.27475160724722386,0.3333333333333333,59
4,4,ecapa_vs_xvector,1014,0.6069549970777324,0.3333333333333333,59
4,4,ecapa_vs_xvector,1015,0.5736995908825249,1.0,59
4,4,ecapa_vs_xvector,1018,0.5020455873758036,0.6666666666666666,59
4,4,ecapa_vs_xvector,1019,0.6618936294564582,0.6666666666666666,59
4,4,ecapa_vs_xvector,1020,0.369666861484512,0.3333333333333333,59
4,4,ecapa_vs_xvector,1022,0.6296317942723554,0.3333333333333333,59
4,4,ecapa_vs_xvector,1023,0.653302162478083,0.6666666666666666,59
4,4,ecapa_vs_xvector,1024,0.3414962010520164,0.6666666666666666,59
4,4,ecapa_vs_xvector,1028,0.6099941554646405,1.0,59
4,4,ecapa_vs_xvector,1029,0.5815897136177673,0.3333333333333333,59
4,4,ecapa_vs_xvector,1030,0.5382232612507306,0.3333333333333333,59
4,4,ecapa_vs_xvector,1031,0.5812974868497954,1.0,59
4,4,ecapa_vs_xvector,1032,0.5780245470485097,0.0,59
4,4,ecapa_vs_xvector,1033,0.6779076563413209,0.6666666666666666,59
4,4,ecapa_vs_xvector,1034,0.39959088252483926,0.3333333333333333,59
4,4,ecapa_vs_xvector,1036,0.0014611338398597311,0.0,59
4,4,ecapa_vs_xvector,1037,0.4715955581531268,0.6666666666666666,59
4,4,ecapa_vs_xvector,1038,0.5831092928112215,0.3333333333333333,59
4,4,ecapa_vs_xvector,1040,0.6270017533606078,0.0,59
4,4,ecapa_vs_xvector,1041,0.3897720631209819,0.3333333333333333,59
4,4,ecapa_vs_xvector,1044,0.6265926358854471,0.3333333333333333,59
4,4,ecapa_vs_xvector,1045,0.4653419053185272,0.6666666666666666,59
4,4,ecapa_vs_xvector,1046,0.4793103448275862,0.6666666666666666,59
4,4,ecapa_vs_xvector,1047,0.5816481589713618,0.0,59
4,4,ecapa_vs_xvector,1048,0.4914085330216248,0.3333333333333333,59
4,4,ecapa_vs_xvector,1049,0.5549386323787259,0.3333333333333333,59
4,4,ecapa_vs_xvector,1050,0.3081823495032145,0.3333333333333333,59
4,4,ecapa_vs_xvector,1051,0.41601402688486266,0.3333333333333333,59
4,4,ecapa_vs_xvector,1052,0.5834015195791935,0.0,59
4,4,ecapa_vs_xvector,1053,0.5475745178258329,0.3333333333333333,59
4,4,ecapa_vs_xvector,1055,0.6950905902980713,0.6666666666666666,59
4,4,ecapa_vs_xvector,1056,0.3895382817066043,0.6666666666666666,59
4,4,ecapa_vs_xvector,1057,-0.025131502045587374,0.3333333333333333,59
4,4,ecapa_vs_xvector,1059,0.4934541203974284,0.3333333333333333,59
4,4,ecapa_vs_xvector,1060,0.28398597311513735,0.3333333333333333,59
4,4,ecapa_vs_xvector,1061,0.41928696668614845,0.6666666666666666,59
4,4,ecapa_vs_xvector,1063,0.6802454704850964,0.6666666666666666,59
4,4,ecapa_vs_xvector,1064,0.6922267679719463,0.6666666666666666,59
4,4,ecapa_vs_xvector,1065,0.6209234365867914,0.6666666666666666,59
4,4,ecapa_vs_xvector,1068,0.6586206896551724,0.6666666666666666,59
4,4,ecapa_vs_xvector,1070,0.4602571595558153,0.6666666666666666,59
4,4,ecapa_vs_xvector,1072,0.592635885447107,0.6666666666666666,59
4,4,ecapa_vs_xvector,1075,0.669959088252484,0.6666666666666666,59
4,4,ecapa_vs_xvector,1077,0.24149620105201636,0.6666666666666666,59
4,4,ecapa_vs_xvector,1079,0.5116890707188778,0.3333333333333333,59
4,4,ecapa_vs_xvector,1080,0.7362361192285213,1.0,59
4,4,ecapa_vs_xvector,1081,0.5898305084745763,0.3333333333333333,59
4,4,ecapa_vs_xvector,1083,0.4095265926358854,1.0,59
4,4,ecapa_vs_xvector,1085,0.6661601402688486,0.3333333333333333,59
4,4,ecapa_vs_xvector,1086,0.7388661601402688,1.0,59
4,4,ecapa_vs_xvector,1087,0.10660432495616598,0.3333333333333333,59
4,4,ecapa_vs_xvector,1088,0.632729398012858,0.6666666666666666,59
4,4,ecapa_vs_xvector,1089,0.3919345412039743,0.6666666666666666,59
4,4,ecapa_vs_xvector,1090,0.3483927527761543,0.3333333333333333,59
4,4,ecapa_vs_xvector,1091,0.5207481005260082,0.6666666666666666,59
4,5,ecapa_half4_vs_half4,1004,0.6842105263157896,0.6666666666666666,58
4,5,ecapa_half4_vs_half4,1005,0.772678335230244,0.3333333333333333,58
4,5,ecapa_half4_vs_half4,1007,0.7321357162631887,0.3333333333333333,58
4,5,ecapa_half4_vs_half4,1009,0.7598818788643146,0.3333333333333333,58
4,5,ecapa_half4_vs_half4,1010,0.8059614260666278,0.0,58
4,5,ecapa_half4_vs_half4,1012,0.644529207296441,0.3333333333333333,58
4,5,ecapa_half4_vs_half4,1014,0.6098311236888247,0.3333333333333333,58
4,5,ecapa_half4_vs_half4,1015,0.7608047002368575,0.3333333333333333,58
4,5,ecapa_half4_vs_half4,1018,0.5495401273493494,0.6666666666666666,58
4,5,ecapa_half4_vs_half4,1020,0.6769509981851181,0.6666666666666666,58
4,5,ecapa_half4_vs_half4,1022,0.7810452490079671,0.3333333333333333,58
4,5,ecapa_half4_vs_half4,1023,0.7044510750868991,0.6666666666666666,58
4,5,ecapa_half4_vs_half4,1024,0.6903011473745733,1.0,58
4,5,ecapa_half4_vs_half4,1028,0.7570518933218494,0.6666666666666666,58
4,5,ecapa_half4_vs_half4,1029,0.5008766803039159,0.3333333333333333,58
4,5,ecapa_half4_vs_half4,1030,0.6127841520809623,0.6666666666666666,58
4,5,ecapa_half4_vs_half4,1031,0.6559106708911379,0.6666666666666666,58
4,5,ecapa_half4_vs_half4,1032,0.7409948014396014,0.3333333333333333,58
4,5,ecapa_half4_vs_half4,1033,0.7862130486942078,0.3333333333333333,58
4,5,ecapa_half4_vs_half4,1034,0.634624257897813,0.6666666666666666,58
4,5,ecapa_half4_vs_half4,1036,0.5908825248392754,0.0,58
4,5,ecapa_half4_vs_half4,1037,0.6108769879110401,0.6666666666666666,58
4,5,ecapa_half4_vs_half4,1038,0.7550216863022549,0.6666666666666666,58
4,5,ecapa_half4_vs_half4,1041,0.5305915284998001,0.6666666666666666,58
4,5,ecapa_half4_vs_half4,1044,0.6344396936233044,0.6666666666666666,58
4,5,ecapa_half4_vs_half4,1045,0.722046202590052,0.6666666666666666,58
4,5,ecapa_half4_vs_half4,1046,0.6847642191393153,0.6666666666666666,58
4,5,ecapa_half4_vs_half4,1047,0.5918668676366545,1.0,58
4,5,ecapa_half4_vs_half4,1048,0.6137069734535052,0.6666666666666666,58
4,5,ecapa_half4_vs_half4,1049,0.7178627457011906,0.6666666666666666,58
4,5,ecapa_half4_vs_half4,1050,0.7053123750346059,0.3333333333333333,58
4,5,ecapa_half4_vs_half4,1051,0.6188132517149098,0.6666666666666666,58
4,5,ecapa_half4_vs_half4,1052,0.6821187978713588,0.0,58
4,5,ecapa_half4_vs_half4,1053,0.7158940601064322,0.3333333333333333,58
4,5,ecapa_half4_vs_half4,1055,0.7250607524070258,0.6666666666666666,58
4,5,ecapa_half4_vs_half4,1056,0.5982650958196193,0.6666666666666666,58
4,5,ecapa_half4_vs_half4,1057,0.41080931434372026,0.0,58
4,5,ecapa_half4_vs_half4,1059,0.69116244732228,0.6666666666666666,58
4,5,ecapa_half4_vs_half4,1060,0.6166600018456428,0.3333333333333333,58
4,5,ecapa_half4_vs_half4,1061,0.4151773355070904,0.6666666666666666,58
4,5,ecapa_half4_vs_half4,1063,0.6143221877018672,0.3333333333333333,58
4,5,ecapa_half4_vs_half4,1064,0.7315205020148268,0.6666666666666666,58
4,5,ecapa_half4_vs_half4,1065,0.7017441323941064,0.3333333333333333,58
4,5,ecapa_half4_vs_half4,1068,0.7777846134916485,0.3333333333333333,58
4,5,ecapa_half4_vs_half4,1070,0.7083884462764158,0.3333333333333333,58
4,5,ecapa_half4_vs_half4,1072,0.7503460580147037,0.6666666666666666,58
4,5,ecapa_half4_vs_half4,1075,0.6638469346950077,0.3333333333333333,58
4,5,ecapa_half4_vs_half4,1077,0.6282260297148483,0.3333333333333333,58
4,5,ecapa_half4_vs_half4,1079,0.70346673228952,0.6666666666666666,58
4,5,ecapa_half4_vs_half4,1080,0.825156110615522,0.6666666666666666,58
4,5,ecapa_half4_vs_half4,1081,0.6741210126426529,0.3333333333333333,58
4,5,ecapa_half4_vs_half4,1083,0.6133378449044881,0.6666666666666666,58
4,5,ecapa_half4_vs_half4,1085,0.7394567658186965,0.3333333333333333,58
4,5,ecapa_half4_vs_half4,1086,0.7576055861453752,0.6666666666666666,58
4,5,ecapa_half4_vs_half4,1087,0.7271524808514566,0.6666666666666666,58
4,5,ecapa_half4_vs_half4,1088,0.6998984896490204,0.3333333333333333,58
4,5,ecapa_half4_vs_half4,1089,0.600049217139869,0.6666666666666666,58
4,5,ecapa_half4_vs_half4,1090,0.4200375280691501,0.3333333333333333,58
4,5,ecapa_half4_vs_half4,1091,0.6247193084991849,0.6666666666666666,58
4,5,xvector_half4_vs_half4,1004,0.9545356670460489,0.6666666666666666,58
4,5,xvector_half4_vs_half4,1005,0.9310344827586208,0.6666666666666666,58
4,5,xvector_half4_vs_half4,1007,0.8931988064843582,0.3333333333333333,58
4,5,xvector_half4_vs_half4,1009,0.9484450459872652,0.6666666666666666,58
4,5,xvector_half4_vs_half4,1010,0.9584115168107294,0.6666666666666666,58
4,5,xvector_half4_vs_half4,1012,0.9538589313728507,0.6666666666666666,58
4,5,xvector_half4_vs_half4,1014,0.919653019163924,0.6666666666666666,58
4,5,xvector_half4_vs_half4,1015,0.9477067888892308,0.6666666666666666,58
4,5,xvector_half4_vs_half4,1018,0.9407548678827403,0.6666666666666666,58
4,5,xvector_half4_vs_half4,1020,0.898981820418961,0.6666666666666666,58
4,5,xvector_half4_vs_half4,1022,0.9631486665231168,0.6666666666666666,58
4,5,xvector_half4_vs_half4,1023,0.9143006552031746,0.6666666666666666,58
4,5,xvector_half4_vs_half4,1024,0.932941646928543,1.0,58
4,5,xvector_half4_vs_half4,1028,0.9565658740656434,0.6666666666666666,58
4,5,xvector_half4_vs_half4,1029,0.9333107754775601,0.6666666666666666,58
4,5,xvector_half4_vs_half4,1030,0.9322649112553448,0.3333333333333333,58
4,5,xvector_half4_vs_half4,1031,0.9550278384447385,1.0,58
4,5,xvector_half4_vs_half4,1032,0.92894275431419,0.6666666666666666,58
4,5,xvector_half4_vs_half4,1033,0.9258666830723801,0.6666666666666666,58
4,5,xvector_half4_vs_half4,1034,0.9496754744839891,0.0,58
4,5,xvector_half4_vs_half4,1036,0.9272201544187765,0.3333333333333333,58
4,5,xvector_half4_vs_half4,1037,0.9407548678827403,0.3333333333333333,58
4,5,xvector_half4_vs_half4,1038,0.9414316035559385,0.3333333333333333,58
4,5,xvector_half4_vs_half4,1041,0.9512135101048942,0.6666666666666666,58
4,5,xvector_half4_vs_half4,1044,0.9404472607585592,0.6666666666666666,58
4,5,xvector_half4_vs_half4,1045,0.9140545695038298,0.6666666666666666,58
4,5,xvector_half4_vs_half4,1046,0.9581654311113846,0.3333333333333333,58
4,5,xvector_half4_vs_half4,1047,0.9315881755821466,0.3333333333333333,58
4,5,xvector_half4_vs_half4,1048,0.9482604817127566,0.6666666666666666,58
4,5,xvector_half4_vs_half4,1049,0.9213140976345013,0.6666666666666666,58
4,5,xvector_half4_vs_half4,1050,0.9219293118828633,0.6666666666666666,58
4,5,xvector_half4_vs_half4,1051,0.9346027253991204,0.3333333333333333,58
4,5,xvector_half4_vs_half4,1052,0.9429696391768434,0.3333333333333333,58
4,5,xvector_half4_vs_half4,1053,0.9704697160786245,0.6666666666666666,58
4,5,xvector_half4_vs_half4,1055,0.9710849303269865,0.3333333333333333,58
4,5,xvector_half4_vs_half4,1056,0.9277738472423023,0.3333333333333333,58
4,5,xvector_half4_vs_half4,1057,0.9394013965363439,0.6666666666666666,58
4,5,xvector_half4_vs_half4,1059,0.8936909778830479,0.6666666666666666,58
4,5,xvector_half4_vs_half4,1060,0.9568734811898245,0.3333333333333333,58
4,5,xvector_half4_vs_half4,1061,0.9433387677258607,1.0,58
4,5,xvector_half4_vs_half4,1063,0.973730351594943,0.6666666666666666,58
4,5,xvector_half4_vs_half4,1064,0.944692239072257,0.6666666666666666,58
4,5,xvector_half4_vs_half4,1065,0.9469685317911964,0.6666666666666666,58
4,5,xvector_half4_vs_half4,1068,0.9531206742748163,0.6666666666666666,58
4,5,xvector_half4_vs_half4,1070,0.9593958596081086,0.6666666666666666,58
4,5,xvector_half4_vs_half4,1072,0.9560737026669539,0.6666666666666666,58
4,5,xvector_half4_vs_half4,1075,0.941000953582085,0.6666666666666666,58
4,5,xvector_half4_vs_half4,1077,0.884770371281799,0.3333333333333333,58
4,5,xvector_half4_vs_half4,1079,0.9540434956473594,0.0,58
4,5,xvector_half4_vs_half4,1080,0.9497369959088253,0.3333333333333333,58
4,5,xvector_half4_vs_half4,1081,0.9367559752683873,0.3333333333333333,58
4,5,xvector_half4_vs_half4,1083,0.9013811559875727,0.6666666666666666,58
4,5,xvector_half4_vs_half4,1085,0.9176228121443294,0.6666666666666666,58
4,5,xvector_half4_vs_half4,1086,0.9306038327847674,0.6666666666666666,58
4,5,xvector_half4_vs_half4,1087,0.9614260666277032,1.0,58
4,5,xvector_half4_vs_half4,1088,0.9155926051247348,0.6666666666666666,58
4,5,xvector_half4_vs_half4,1089,0.9633947522224616,0.6666666666666666,58
4,5,xvector_half4_vs_half4,1090,0.9050724414777447,0.3333333333333333,58
4,5,xvector_half4_vs_half4,1091,0.9344181611246117,0.0,58
4,5,ecapa_vs_xvector,1004,0.2647574517825833,1.0,58
4,5,ecapa_vs_xvector,1005,0.6156756590482636,0.6666666666666666,58
4,5,ecapa_vs_xvector,1007,0.5013688517026055,0.3333333333333333,58
4,5,ecapa_vs_xvector,1009,0.6308099295579687,0.6666666666666666,58
4,5,ecapa_vs_xvector,1010,0.6835337906425913,0.6666666666666666,58
4,5,ecapa_vs_xvector,1012,0.3689747454551048,0.3333333333333333,58
4,5,ecapa_vs_xvector,1014,0.446553262173552,0.3333333333333333,58
4,5,ecapa_vs_xvector,1015,0.5800547540681043,0.3333333333333333,58
4,5,ecapa_vs_xvector,1018,0.48752653111446065,0.6666666666666666,58
4,5,ecapa_vs_xvector,1020,0.45178258328462895,0.0,58
4,5,ecapa_vs_xvector,1022,0.6405303146820881,0.3333333333333333,58
4,5,ecapa_vs_xvector,1023,0.4832815528007629,0.3333333333333333,58
4,5,ecapa_vs_xvector,1024,0.4393552554677167,0.6666666666666666,58
4,5,ecapa_vs_xvector,1028,0.5983881386692916,0.6666666666666666,58
4,5,ecapa_vs_xvector,1029,0.5307145713494725,0.0,58
4,5,ecapa_vs_xvector,1030,0.4841428527484697,0.3333333333333333,58
4,5,ecapa_vs_xvector,1031,0.5844842966563106,1.0,58
4,5,ecapa_vs_xvector,1032,0.5173644221600173,0.3333333333333333,58
4,5,ecapa_vs_xvector,1033,0.6955919899104864,1.0,58
4,5,ecapa_vs_xvector,1034,0.39235288689286046,0.0,58
4,5,ecapa_vs_xvector,1036,-0.14971238733889078,0.6666666666666666,58
4,5,ecapa_vs_xvector,1037,0.46734750376818734,0.6666666666666666,58
4,5,ecapa_vs_xvector,1038,0.5881755821464826,0.3333333333333333,58
4,5,ecapa_vs_xvector,1041,0.21695530468485652,0.3333333333333333,58
4,5,ecapa_vs_xvector,1044,0.5163185579378019,0.6666666666666666,58
4,5,ecapa_vs_xvector,1045,0.46544033959826514,0.6666666666666666,58
4,5,ecapa_vs_xvector,1046,0.5340367282906273,0.3333333333333333,58
4,5,ecapa_vs_xvector,1047,0.606816573871851,0.0,58
4,5,ecapa_vs_xvector,1048,0.40336522193854013,0.3333333333333333,58
4,5,ecapa_vs_xvector,1049,0.611492202159402,0.3333333333333333,58
4,5,ecapa_vs_xvector,1050,0.11839798209726539,0.0,58
4,5,ecapa_vs_xvector,1051,0.3986280722261528,0.6666666666666666,58
4,5,ecapa_vs_xvector,1052,0.656218278015319,0.3333333333333333,58
4,5,ecapa_vs_xvector,1053,0.6466209357408719,0.3333333333333333,58
4,5,ecapa_vs_xvector,1055,0.6859331262112032,0.3333333333333333,58
4,5,ecapa_vs_xvector,1056,0.28635147190008925,1.0,58
4,5,ecapa_vs_xvector,1057,-0.02808453043772494,0.3333333333333333,58
4,5,ecapa_vs_xvector,1059,0.4046571718601003,0.3333333333333333,58
4,5,ecapa_vs_xvector,1060,0.3137900273770341,0.0,58
4,5,ecapa_vs_xvector,1061,0.4095173644221601,0.6666666666666666,58
4,5,ecapa_vs_xvector,1063,0.5830077824602419,0.6666666666666666,58
4,5,ecapa_vs_xvector,1064,0.6105078593620229,0.6666666666666666,58
4,5,ecapa_vs_xvector,1065,0.600972038512412,0.6666666666666666,58
4,5,ecapa_vs_xvector,1068,0.5487403488264789,0.6666666666666666,58
4,5,ecapa_vs_xvector,1070,0.4231751207357963,0.3333333333333333,58
4,5,ecapa_vs_xvector,1072,0.6265034298194347,0.6666666666666666,58
4,5,ecapa_vs_xvector,1075,0.5990033529176536,0.6666666666666666,58
4,5,ecapa_vs_xvector,1077,0.2179396474822357,0.6666666666666666,58
4,5,ecapa_vs_xvector,1079,0.475898981820419,0.3333333333333333,58
4,5,ecapa_vs_xvector,1080,0.7045741179365715,0.6666666666666666,58
4,5,ecapa_vs_xvector,1081,0.5358823710357132,0.6666666666666666,58
4,5,ecapa_vs_xvector,1083,0.39524439386016186,0.6666666666666666,58
4,5,ecapa_vs_xvector,1085,0.5318834784213603,0.3333333333333333,58
4,5,ecapa_vs_xvector,1086,0.6692608200805932,0.6666666666666666,58
4,5,ecapa_vs_xvector,1087,0.042480543849395556,0.3333333333333333,58
4,5,ecapa_vs_xvector,1088,0.5594450767479775,0.6666666666666666,58
4,5,ecapa_vs_xvector,1089,0.42428250638284787,0.3333333333333333,58
4,5,ecapa_vs_xvector,1090,0.2715863299394014,0.3333333333333333,58
4,5,ecapa_vs_xvector,1091,0.5331754283429205,0.3333333333333333,58
