channel,relative_path,file_size_bytes,sha256,actor,emotion_code,emotion_name,intensity,statement,repetition,modality,vocal_channel,wav_samplerate,wav_frames,wav_channels,wav_subtype,read_status,error
song,Actor_01/03-02-01-01-01-01-01.wav,452990,f6ccc788078f00f19d6f78ee73d90bc283f671abfa86f8c1c989e81b2e90ce89,1,1,neutral,1,1,1,3,2,48000,203404,1,PCM_16,ok,
song,Actor_01/03-02-01-01-01-02-01.wav,456190,a886a2c863cc5adb07845f46a8c3d511803e3c65a625607585a6603fd2446fe2,1,1,neutral,1,1,2,3,2,48000,205004,1,PCM_16,ok,
song,Actor_01/03-02-01-01-02-01-01.wav,446582,35f1b510c3298e66b3216461f5ff1d1619aa8d774bbbc3b85231887d34ca78d5,1,1,neutral,1,2,1,3,2,48000,200200,1,PCM_16,ok,
song,Actor_01/03-02-01-01-02-02-01.wav,443380,5401b5a525428608aefa8bfc7991ea06b4b104ec5e5a90e698bb3a44c3d0a9c0,1,1,neutral,1,2,2,3,2,48000,198599,1,PCM_16,ok,
song,Actor_01/03-02-02-01-01-01-01.wav,465804,5705db01194d90776f73357f56f1c9243fd7941768db12e85fa5f04d20bd870c,1,2,calm,1,1,1,3,2,48000,209810,1,PCM_16,ok,
song,Actor_01/03-02-02-01-01-02-01.wav,469008,284322fd33bf9db71a7b781cd4458e2250c0fb5976e27b952286e4d624a0b39b,1,2,calm,1,1,2,3,2,48000,211412,1,PCM_16,ok,
song,Actor_01/03-02-02-01-02-01-01.wav,478616,b0bb6697aef44cafbb634f304e634bc3622f3035a6cffa4a2075279b3714b7a1,1,2,calm,1,2,1,3,2,48000,216216,1,PCM_16,ok,
song,Actor_01/03-02-02-01-02-02-01.wav,472210,977e048960d90a0da9dcf7cdfef6e86659964e42dbf2fdd99867de978cb30fa6,1,2,calm,1,2,2,3,2,48000,213013,1,PCM_16,ok,
song,Actor_01/03-02-02-02-01-01-01.wav,497836,4ebe45a0bc675e0babffc1423d9528c7cfcf7d4b361df5e82b68eeab4303aeb6,1,2,calm,2,1,1,3,2,48000,225825,1,PCM_16,ok,
song,Actor_01/03-02-02-02-01-02-01.wav,478618,c1e2127b31b31e27c7280ccf53b525db92a1a7ca1e2c1e5333b44af3e1ecdcc0,1,2,calm,2,1,2,3,2,48000,216216,1,PCM_16,ok,
song,Actor_01/03-02-02-02-02-01-01.wav,501040,13dbe08106a421c427664a384d0836c7679c4dbb3d6b24f954774a857a631696,1,2,calm,2,2,1,3,2,48000,227427,1,PCM_16,ok,
song,Actor_01/03-02-02-02-02-02-01.wav,520260,07b0a807ef1d47bc5e92c911eca68edab801a175cd0931e59e99bda82d15dd35,1,2,calm,2,2,2,3,2,48000,237037,1,PCM_16,ok,
song,Actor_01/03-02-03-01-01-01-01.wav,485024,82fd227249f21514383b806f2d68dd451f2b4e5e1a41978952be996322866460,1,3,happy,1,1,1,3,2,48000,219419,1,PCM_16,ok,
song,Actor_01/03-02-03-01-01-02-01.wav,475414,36614c1244fd2aeddc597962c813c568209fd87ba442372a4e432295da27ca18,1,3,happy,1,1,2,3,2,48000,214614,1,PCM_16,ok,
song,Actor_01/03-02-03-01-02-01-01.wav,462602,fd624eb4e1ed974aecdbfd86f06faf0b649da396faa302c65a8c55303fa7dc92,1,3,happy,1,2,1,3,2,48000,208208,1,PCM_16,ok,
song,Actor_01/03-02-03-01-02-02-01.wav,478618,49a062257f87c16ccc3cffb31d452b828a99b685fa970a7831bc72224f60786c,1,3,happy,1,2,2,3,2,48000,216216,1,PCM_16,ok,
song,Actor_01/03-02-03-02-01-01-01.wav,510644,581be8fe4e01f062ed2ede628e4e7e7a3cff18ad9b94e66c2abeaaeaf030e181,1,3,happy,2,1,1,3,2,48000,232232,1,PCM_16,ok,
song,Actor_01/03-02-03-02-01-02-01.wav,507446,ec47156d2d0869ad0eb0101e7caa0ba34d6bab3cb7a590303d36489444876456,1,3,happy,2,1,2,3,2,48000,230630,1,PCM_16,ok,
song,Actor_01/03-02-03-02-02-01-01.wav,520260,38588ecfac330452f25843b9e8e738afd78a20d53b9c211cb6f2072199db4530,1,3,happy,2,2,1,3,2,48000,237037,1,PCM_16,ok,
song,Actor_01/03-02-03-02-02-02-01.wav,520260,85c619fdcac3b1bb1fceaf4a768fdb0407e17df44bab8bdd6a9b76d4e77325c1,1,3,happy,2,2,2,3,2,48000,237037,1,PCM_16,ok,
song,Actor_01/03-02-04-01-01-01-01.wav,472208,b09640c41d029feabbb202cc5e0ca8763092930bda4e3f09972504b7c75b6680,1,4,sad,1,1,1,3,2,48000,213013,1,PCM_16,ok,
song,Actor_01/03-02-04-01-01-02-01.wav,478616,0746f8f0a7f5fc8646c082c8376376d06ceae2cd1f12674000d19666b700ebfd,1,4,sad,1,1,2,3,2,48000,216216,1,PCM_16,ok,
song,Actor_01/03-02-04-01-02-01-01.wav,494634,d88124c5a4ed08407b15409f8d82fce974c548e4261ea09a7027f4ea5c7836f6,1,4,sad,1,2,1,3,2,48000,224224,1,PCM_16,ok,
song,Actor_01/03-02-04-01-02-02-01.wav,485026,94057aa139683c62472d0a449c73cc0d3cfefe47b588ad86bb094ec1dc2565ce,1,4,sad,1,2,2,3,2,48000,219420,1,PCM_16,ok,
song,Actor_01/03-02-04-02-01-01-01.wav,459398,7987859b786f4264960dee49dfc140b57b32fc8ceaa2fca71ba4edecca0bff54,1,4,sad,2,1,1,3,2,48000,206606,1,PCM_16,ok,
song,Actor_01/03-02-04-02-01-02-01.wav,452992,39a208d6b8e6648e74c37d5b745464d8e1c9ce4e929c39eadb6d0e978c77b0bd,1,4,sad,2,1,2,3,2,48000,203403,1,PCM_16,ok,
song,Actor_01/03-02-04-02-02-01-01.wav,456196,bdf1949dc6094fc058e5d7ad9830c0678f59c48f5bf896c16640d620f3a7ed97,1,4,sad,2,2,1,3,2,48000,205005,1,PCM_16,ok,
song,Actor_01/03-02-04-02-02-02-01.wav,491430,11a1183f2b3b0f4d2ad9a3e5bcfb1e30e64f3a4a60a96a6d2bb4588ab3ad3325,1,4,sad,2,2,2,3,2,48000,222622,1,PCM_16,ok,
song,Actor_01/03-02-05-01-01-01-01.wav,465804,4c64e18b59e2ebab99d213e3993900e71577d46d714ffce731854ed175b216f3,1,5,angry,1,1,1,3,2,48000,209809,1,PCM_16,ok,
song,Actor_01/03-02-05-01-01-02-01.wav,504246,92065c9326eb0f89593aca5b5ea1ea2d6c0a2388f8304da55566de5b2e52be6e,1,5,angry,1,1,2,3,2,48000,229029,1,PCM_16,ok,
song,Actor_01/03-02-05-01-02-01-01.wav,488228,7e73bb9e36419bb85bb1bd55a62c4b5da8267e613d4ee25ae28e46d2db53b486,1,5,angry,1,2,1,3,2,48000,221021,1,PCM_16,ok,
song,Actor_01/03-02-05-01-02-02-01.wav,501042,d5589c0821474a5b626be98af8c3b8a4c217476f676a24bf5c0abb43d5f0894f,1,5,angry,1,2,2,3,2,48000,227428,1,PCM_16,ok,
song,Actor_01/03-02-05-02-01-01-01.wav,607358,f8e94159777389e6af5c076d74cc32e58900cf407dbc4c34935d8c005cfa9bbc,1,5,angry,2,1,1,3,2,48000,280280,1,PCM_16,ok,
song,Actor_01/03-02-05-02-01-02-01.wav,555496,f40d8861c20179eee2c7df9c8058e6ec3a37dac34382435d165dc6bacd5cb558,1,5,angry,2,1,2,3,2,48000,254655,1,PCM_16,ok,
song,Actor_01/03-02-05-02-02-01-01.wav,523466,8a85534e564da4c434a407052dc0e065ceb071b085aa83fb955978374d29ef16,1,5,angry,2,2,1,3,2,48000,238639,1,PCM_16,ok,
song,Actor_01/03-02-05-02-02-02-01.wav,545888,d8706635ddbfba0c2e54caa9127ac74a162b7e79808e585b6172ccd27058af67,1,5,angry,2,2,2,3,2,48000,249850,1,PCM_16,ok,
song,Actor_01/03-02-06-01-01-01-01.wav,469010,bde6d2d6f576705874654a58df5d1c7615758c6069bca5c55ef43454bbbaead8,1,6,fearful,1,1,1,3,2,48000,211412,1,PCM_16,ok,
song,Actor_01/03-02-06-01-01-02-01.wav,462602,d759e52e9226d5ee9a383ba84aeb0c13ee529c0c37c317c584a3b7905cf03bc2,1,6,fearful,1,1,2,3,2,48000,208208,1,PCM_16,ok,
song,Actor_01/03-02-06-01-02-01-01.wav,459394,15fb50406bb8d521ff405d7cd123837b14897815bab007b46b440eff51879184,1,6,fearful,1,2,1,3,2,48000,206606,1,PCM_16,ok,
song,Actor_01/03-02-06-01-02-02-01.wav,472210,e24aaf39d21e6a95ae739413f588d360039c7eb6f26418861f882196a7438904,1,6,fearful,1,2,2,3,2,48000,213013,1,PCM_16,ok,
song,Actor_01/03-02-06-02-01-01-01.wav,459396,0886293fcafc7699cdb9d1caf2a6cd7c2b8531f76fac4465f959d0986025372e,1,6,fearful,2,1,1,3,2,48000,206606,1,PCM_16,ok,
song,Actor_01/03-02-06-02-01-02-01.wav,494632,b591effa00a37db8b37b00445cc5e517c41f8822a6af3b9ac5d07153e9abfe91,1,6,fearful,2,1,2,3,2,48000,224224,1,PCM_16,ok,
song,Actor_01/03-02-06-02-02-01-01.wav,446584,280d4d0c53be6014bdbd0e7c02164b84cb60302b702512284ac6857599950ada,1,6,fearful,2,2,1,3,2,48000,200200,1,PCM_16,ok,
song,Actor_01/03-02-06-02-02-02-01.wav,456190,c71ed581ce79309f6aad2a2f251ad5688cccc46a4d41ef54315daa120f967f11,1,6,fearful,2,2,2,3,2,48000,205004,1,PCM_16,ok,
song,Actor_02/03-02-01-01-01-01-02.wav,511584,c7e378ee61d98764c9e2149007505920e1ba6f7ba44640b57595950a79ea1a50,2,1,neutral,1,1,1,3,2,48000,232232,1,PCM_16,ok,
song,Actor_02/03-02-01-01-01-02-02.wav,537210,a881c9946ce4f6fe6a9af40a4248ea9edf98263235aad51590a2f9f80654861a,2,1,neutral,1,1,2,3,2,48000,245045,1,PCM_16,ok,
song,Actor_02/03-02-01-01-02-01-02.wav,514788,fb2ba61f20bc87b9192c5938229f37fa073249bcc761835e65e1b1c273ba8ca6,2,1,neutral,1,2,1,3,2,48000,233834,1,PCM_16,ok,
song,Actor_02/03-02-01-01-02-02-02.wav,530804,4e04d341f011a80f2d139fcbb5ab33cb34ea14c0140f38233dd5119427f5f69a,2,1,neutral,1,2,2,3,2,48000,241842,1,PCM_16,ok,
song,Actor_02/03-02-02-01-01-01-02.wav,595538,bdcef51a324f667e9444098f237b5cdabc9ed26aeec17a9e291fb9ddbf1b0a55,2,2,calm,1,1,1,3,2,48000,273873,1,PCM_16,ok,
song,Actor_02/03-02-02-01-01-02-02.wav,585868,6b65c76a631cde5a6ab85362e0d221b9d0392eb4369aba262f2d5e91ddbe30ff,2,2,calm,1,1,2,3,2,48000,269068,1,PCM_16,ok,
song,Actor_02/03-02-02-01-02-01-02.wav,579502,1444215dc64e7562f6ff23ac1c7316ea674738d64e147a83d9cf4234e23c926a,2,2,calm,1,2,1,3,2,48000,265865,1,PCM_16,ok,
song,Actor_02/03-02-02-01-02-02-02.wav,585920,905d4fdf9b7072466385a0c9ce9f34d6d51f5362e71d7ec4ae2fe94ff31c18c4,2,2,calm,1,2,2,3,2,48000,269069,1,PCM_16,ok,
song,Actor_02/03-02-02-02-01-01-02.wav,589124,842453f6ebb3e30caf1e38521d089e4e26cf2ce603790516a1c823302bae892a,2,2,calm,2,1,1,3,2,48000,270670,1,PCM_16,ok,
song,Actor_02/03-02-02-02-01-02-02.wav,630832,cba08b79f04e786b9e94cdc5aef4eb4e8fc7bd907a97395133ff5282bff2ebba,2,2,calm,2,1,2,3,2,48000,291492,1,PCM_16,ok,
song,Actor_02/03-02-02-02-02-01-02.wav,624354,bfe30eb63fe448435bccc9a08ad50ecf410e908f9fd6f5b130889457bf3c2734,2,2,calm,2,2,1,3,2,48000,288288,1,PCM_16,ok,
song,Actor_02/03-02-02-02-02-02-02.wav,633970,080b3be052a17b710fa1b2e3bdd675ad16acf2ca560e99de74eea2b8d623064c,2,2,calm,2,2,2,3,2,48000,293093,1,PCM_16,ok,
song,Actor_02/03-02-03-01-01-01-02.wav,550078,bdecb70cf6d51f7ca45731dd942b0d738e8579a93e75a94f0da8c6d2016b78de,2,3,happy,1,1,1,3,2,48000,251452,1,PCM_16,ok,
song,Actor_02/03-02-03-01-01-02-02.wav,559686,9997337f9ce0ef82ab87eec1b32c76bf5d68b269cdc3c3db6c78e1642c0353e9,2,3,happy,1,1,2,3,2,48000,256256,1,PCM_16,ok,
song,Actor_02/03-02-03-01-02-01-02.wav,492420,f1e60fb5a0fdf21c33411b2c2aa61b66b9573ccc96e3a9c0690cc27b1e60d65b,2,3,happy,1,2,1,3,2,48000,222622,1,PCM_16,ok,
song,Actor_02/03-02-03-01-02-02-02.wav,492420,5248c72e9c2b481594f2226f4d8f72dbb262a84d9d7ad3431e5b68545b683314,2,3,happy,1,2,2,3,2,48000,222622,1,PCM_16,ok,
song,Actor_02/03-02-03-02-01-01-02.wav,460388,eaf78ce490826bf67f3a5c28cee8db3c798552773f357513c0bb98f2f716e0e3,2,3,happy,2,1,1,3,2,48000,206606,1,PCM_16,ok,
song,Actor_02/03-02-03-02-01-02-02.wav,473202,5c8c9b398f0a9ab34187b87b13af836dc288302e1d571e7bfe7b75143a4290a3,2,3,happy,2,1,2,3,2,48000,213013,1,PCM_16,ok,
song,Actor_02/03-02-03-02-02-01-02.wav,479608,bf620a2c18001351d4f61098969d36824483c779940d3843f3c9ae475d484ed7,2,3,happy,2,2,1,3,2,48000,216216,1,PCM_16,ok,
song,Actor_02/03-02-03-02-02-02-02.wav,469998,cd7adba55e6bba6fee88b501d91160bed9fbbaceeb358241b435ebafc3ab507d,2,3,happy,2,2,2,3,2,48000,211411,1,PCM_16,ok,
song,Actor_02/03-02-04-01-01-01-02.wav,559282,1af80aaf06b97eebd082eda77b1976aa37fb32c4438c40bcfd36962e9428b82f,2,4,sad,1,1,1,3,2,48000,256256,1,PCM_16,ok,
song,Actor_02/03-02-04-01-01-02-02.wav,559676,af30b2ad95295045dcd939e2e0c96e058d0895d00b2b9ee1500500f5b5613e96,2,4,sad,1,1,2,3,2,48000,256256,1,PCM_16,ok,
song,Actor_02/03-02-04-01-02-01-02.wav,563494,0c1e7bcb657936dbf4518c0e13929ca8dbf321d73b7eb71a78dfd6e8f1b58129,2,4,sad,1,2,1,3,2,48000,257857,1,PCM_16,ok,
song,Actor_02/03-02-04-01-02-02-02.wav,553886,9993d1e994fddaccca1de65fdf356bd27ea78c87a05f560029f7e26e3084c320,2,4,sad,1,2,2,3,2,48000,253052,1,PCM_16,ok,
song,Actor_02/03-02-04-02-01-01-02.wav,569298,d0ecdc1fd3e41e70d5648f19e91d20f03ff7e6a3e705800f42a37e2c4055d5a7,2,4,sad,2,1,1,3,2,48000,261061,1,PCM_16,ok,
song,Actor_02/03-02-04-02-01-02-02.wav,550080,d293258bd506c697208bbfbe1aec7fa943f7f787175032d3b66eec17c12ac20b,2,4,sad,2,1,2,3,2,48000,251451,1,PCM_16,ok,
song,Actor_02/03-02-04-02-02-01-02.wav,550080,07257f0352ffdf00422eb4b6c120a4f3c1120941061a8e910b41fe9d8d3bdc01,2,4,sad,2,2,1,3,2,48000,251451,1,PCM_16,ok,
song,Actor_02/03-02-04-02-02-02-02.wav,562892,4bba35717796c0e792683693adb1c072ceffbdc0797822bd86765bb3097f1b82,2,4,sad,2,2,2,3,2,48000,257857,1,PCM_16,ok,
song,Actor_02/03-02-05-01-01-01-02.wav,476408,c74c09e7a935373b1057a4c7e2b636941eb3c1b9553c7843b15df105309fd91a,2,5,angry,1,1,1,3,2,48000,214614,1,PCM_16,ok,
song,Actor_02/03-02-05-01-01-02-02.wav,489222,a2dd595a71f1b745fc250e4aaa96d5f003dca02e9f2e90f85a49f929a72cfb47,2,5,angry,1,1,2,3,2,48000,221021,1,PCM_16,ok,
song,Actor_02/03-02-05-01-02-01-02.wav,502034,5c4d32a65b26dc73da2601fc58b701140c4591a86a2fac57849c6cb01fe9be24,2,5,angry,1,2,1,3,2,48000,227427,1,PCM_16,ok,
song,Actor_02/03-02-05-01-02-02-02.wav,502034,fcf4321a0409d1d64687b7d5e78ccab4d03e303d55b96f2f74d0d1f987e8b41a,2,5,angry,1,2,2,3,2,48000,227427,1,PCM_16,ok,
song,Actor_02/03-02-05-02-01-01-02.wav,492424,fe7d69b2700ecce17048497c02983c4b36d2f17e2d961234861f2cbf3a731be8,2,5,angry,2,1,1,3,2,48000,222622,1,PCM_16,ok,
song,Actor_02/03-02-05-02-01-02-02.wav,492426,ab6cee84859cc4c1a798fd5cc41b2497dee0d9ca54e061b67ab630ff79917744,2,5,angry,2,1,2,3,2,48000,222623,1,PCM_16,ok,
song,Actor_02/03-02-05-02-02-01-02.wav,492426,14a2c25b612e8c2a975389c058cb04017fc4dea3408697d279168c2e4c0ccc8d,2,5,angry,2,2,1,3,2,48000,222623,1,PCM_16,ok,
song,Actor_02/03-02-05-02-02-02-02.wav,482814,f70ffdde62b679ee6ca069a0b6024312ff297f471ff9e079406d9c7615d24a92,2,5,angry,2,2,2,3,2,48000,217817,1,PCM_16,ok,
song,Actor_02/03-02-06-01-01-01-02.wav,502034,762cc923f377d6d30b864f8429010549cc0c41812834b6bff5b6565b11bbce5f,2,6,fearful,1,1,1,3,2,48000,227427,1,PCM_16,ok,
song,Actor_02/03-02-06-01-01-02-02.wav,508440,ce7e0c16c987a68aa8fcc4bc8c3bae9c3843321a0350b7838dcf2ac766f73569,2,6,fearful,1,1,2,3,2,48000,230630,1,PCM_16,ok,
song,Actor_02/03-02-06-01-02-01-02.wav,511644,46fd8a37b61664f66b2f52189f38b85d3afe9d8f1600b09eb57ec56ba0a55a4a,2,6,fearful,1,2,1,3,2,48000,232232,1,PCM_16,ok,
song,Actor_02/03-02-06-01-02-02-02.wav,495628,91b960ba4e106ad5bb14d72132e107b3081582994296ec89cf0499d4dbbe5842,2,6,fearful,1,2,2,3,2,48000,224224,1,PCM_16,ok,
song,Actor_02/03-02-06-02-01-01-02.wav,479612,85f800e738e4cf871d95f54717ea5e28e2ed793fdc39772ffe7cd1969c70f823,2,6,fearful,2,1,1,3,2,48000,216216,1,PCM_16,ok,
song,Actor_02/03-02-06-02-01-02-02.wav,479612,3aa1a716b8011d5eb2941be52c235bd5d5db3ccd8e2e9f11b9631f116dbd76a8,2,6,fearful,2,1,2,3,2,48000,216216,1,PCM_16,ok,
song,Actor_02/03-02-06-02-02-01-02.wav,479612,d77cc5eeef627587dad6bd69096ee9b4051b725e03b47c81938cf966c7bc7aa6,2,6,fearful,2,2,1,3,2,48000,216216,1,PCM_16,ok,
song,Actor_02/03-02-06-02-02-02-02.wav,476410,97ea2cb15e275da05188d4c0b8c0449ec8bd4f727589a42e093e732358c9710d,2,6,fearful,2,2,2,3,2,48000,214615,1,PCM_16,ok,
song,Actor_03/03-02-01-01-01-01-03.wav,462536,b0cb41aca7e7e7277269003469a11708875f4946ff61097b3e2354515ee22ba6,3,1,neutral,1,1,1,3,2,48000,214615,1,PCM_16,ok,
song,Actor_03/03-02-01-01-01-02-03.wav,459330,c4fe6bbcf6db293a97c4dfc1b9251db020ebfe2722248ca8ab12fb43590ccb70,3,1,neutral,1,1,2,3,2,48000,213012,1,PCM_16,ok,
song,Actor_03/03-02-01-01-02-01-03.wav,452926,ab815b2d310b1c284d60a290f290c5064624e8501f7c998c84ae5732ed3caad0,3,1,neutral,1,2,1,3,2,48000,209810,1,PCM_16,ok,
song,Actor_03/03-02-01-01-02-02-03.wav,462536,da927fff2f526146ca98b7ccfda817d69430992721d9c47f8cb04b03372dc812,3,1,neutral,1,2,2,3,2,48000,214615,1,PCM_16,ok,
song,Actor_03/03-02-02-01-01-01-03.wav,475880,58c65f2e31b6e4bc871e654a2f00c043cd35fa8eff076ba6a93dd68670d09640,3,2,calm,1,1,1,3,2,48000,224224,1,PCM_16,ok,
song,Actor_03/03-02-02-01-01-02-03.wav,485486,917ee1a2b6279cbf4ba1897a545d4809269ae0f447c76c6795aaf70939bcccaa,3,2,calm,1,1,2,3,2,48000,229028,1,PCM_16,ok,
song,Actor_03/03-02-02-01-02-01-03.wav,434236,7fc5dec3cf010223022376da31bc48507412b4f2d472f13b7bfc51d0e6c5c153,3,2,calm,1,2,1,3,2,48000,203403,1,PCM_16,ok,
song,Actor_03/03-02-02-01-02-02-03.wav,469472,b1b3d9a94a80f828afc3a7a566e0b3e7d8196ca0a3ffd9c12e791c17559c44f5,3,2,calm,1,2,2,3,2,48000,221021,1,PCM_16,ok,
song,Actor_03/03-02-02-02-01-01-03.wav,496294,46b2f7690402d2284f74e7c67e927d9318d31053e4d22a28261f78669b3a4454,3,2,calm,2,1,1,3,2,48000,233833,1,PCM_16,ok,
song,Actor_03/03-02-02-02-01-02-03.wav,486958,834bb9299a77f3c95dab4c18e36d14f1601d31f79499b8591d67e03b5dd26d53,3,2,calm,2,1,2,3,2,48000,227427,1,PCM_16,ok,
song,Actor_03/03-02-02-02-02-01-03.wav,504708,be1582c124ba12a0a8295801936a96bba0d348a74b9e6c7a68da51a34c6c0c72,3,2,calm,2,2,1,3,2,48000,238639,1,PCM_16,ok,
song,Actor_03/03-02-02-02-02-02-03.wav,529828,330856e308f87e6c9072c83ec643ffd4df614d2bf2dc871580a01b241b96916a,3,2,calm,2,2,2,3,2,48000,248248,1,PCM_16,ok,
song,Actor_03/03-02-03-01-01-01-03.wav,494592,772cad566296bf8f8ea9d5181c2346b69c2568bd92fd1b66c24c0526b9a2f061,3,3,happy,1,1,1,3,2,48000,230630,1,PCM_16,ok,
song,Actor_03/03-02-03-01-01-02-03.wav,488188,626e71fad3eb6245fb34b9f78449979e25437e7526aeaadbe44fe812096e2270,3,3,happy,1,1,2,3,2,48000,227428,1,PCM_16,ok,
song,Actor_03/03-02-03-01-02-01-03.wav,468968,6970ff13eb689269f5270374b862f75d355b914ec5a0fc4d835b279f57beb018,3,3,happy,1,2,1,3,2,48000,217818,1,PCM_16,ok,
song,Actor_03/03-02-03-01-02-02-03.wav,468968,1d80d1614574e00f600704d8450a6928a27889e22aa594dd98bfd71499b0ed9a,3,3,happy,1,2,2,3,2,48000,217818,1,PCM_16,ok,
song,Actor_03/03-02-03-02-01-01-03.wav,468968,32e6d58810d92240c53929d889ca0869936df7db6b800b871c80212a626ee07b,3,3,happy,2,1,1,3,2,48000,217818,1,PCM_16,ok,
song,Actor_03/03-02-03-02-01-02-03.wav,468968,dbba424608b313570faea915a21d348c378692fd6135377440beccc8ea2c5666,3,3,happy,2,1,2,3,2,48000,217818,1,PCM_16,ok,
song,Actor_03/03-02-03-02-02-01-03.wav,501000,3653955f996a29aa75cbf6616d3d5b0af7f99e480e7414c4c12d032fb5a9929a,3,3,happy,2,2,1,3,2,48000,233834,1,PCM_16,ok,
song,Actor_03/03-02-03-02-02-02-03.wav,494592,8325bcf67a284f4f05c9e257349288b8569da5059f365992a0b582838ba81393,3,3,happy,2,2,2,3,2,48000,230630,1,PCM_16,ok,
song,Actor_03/03-02-04-01-01-01-03.wav,481756,4a5348f8fd504493d69d53b3b31ed39ae6865dad5794fec6977bcad5ed879c8d,3,4,sad,1,1,1,3,2,48000,224224,1,PCM_16,ok,
song,Actor_03/03-02-04-01-01-02-03.wav,500976,f850dbc3fb5752554b3e50b32cf6ee9f86b0748f903bc11fe95b46a4d8732b36,3,4,sad,1,1,2,3,2,48000,233834,1,PCM_16,ok,
song,Actor_03/03-02-04-01-02-01-03.wav,533602,731ab5aef620fe257d2e4478fd898581bce467149bba27d61c6afa67e35105b3,3,4,sad,1,2,1,3,2,48000,249850,1,PCM_16,ok,
song,Actor_03/03-02-04-01-02-02-03.wav,504178,46f515fbe5fe219a2948692f96d55ab30a458a61426aae7a2d0b7ab5e8e5c83b,3,4,sad,1,2,2,3,2,48000,235435,1,PCM_16,ok,
song,Actor_03/03-02-04-02-01-01-03.wav,481756,5dcc24f6d2a5ea48cd2afa1b60e0138b858c7e0a410fe01836e06e453dc84db8,3,4,sad,2,1,1,3,2,48000,224224,1,PCM_16,ok,
song,Actor_03/03-02-04-02-01-02-03.wav,500960,7a7734018b13bb55f7b2cbb1dfe1e9b8a64caecd6f5a98acbc86790b788a454b,3,4,sad,2,1,2,3,2,48000,233834,1,PCM_16,ok,
song,Actor_03/03-02-04-02-02-01-03.wav,488162,a8e856007f298e98eb954f487f7947ed15da692a2402bc189204b1632b8a2a71,3,4,sad,2,2,1,3,2,48000,227427,1,PCM_16,ok,
song,Actor_03/03-02-04-02-02-02-03.wav,491366,e5c42491942516da502d76f08f0bcb33d4b0a7297918d9e2600a876e868f07b8,3,4,sad,2,2,2,3,2,48000,229029,1,PCM_16,ok,
song,Actor_03/03-02-05-01-01-01-03.wav,462536,9871e6365b3c6ca250c1715dc305802f52f583b531427f5e08672a021b7e0101,3,5,angry,1,1,1,3,2,48000,214614,1,PCM_16,ok,
song,Actor_03/03-02-05-01-01-02-03.wav,475350,6287c4d1d4693b0a2decf1704df13901e9bc2bf2a743813af8e5920c35afc2cf,3,5,angry,1,1,2,3,2,48000,221021,1,PCM_16,ok,
song,Actor_03/03-02-05-01-02-01-03.wav,500974,b42976cec103f156b243b1619ad7e068e46f4f0b6f9186fc7ee4972f9e7ffd0d,3,5,angry,1,2,1,3,2,48000,233833,1,PCM_16,ok,
song,Actor_03/03-02-05-01-02-02-03.wav,468942,cce78f4973cc25c4407bd9c2f8d73a189987bb27627f77ffc93bbadf56be1a2c,3,5,angry,1,2,2,3,2,48000,217817,1,PCM_16,ok,
song,Actor_03/03-02-05-02-01-01-03.wav,452928,ea03e53856fffd3c5316a2efadadf8558990001fc61b34ea1b09353023f139d0,3,5,angry,2,1,1,3,2,48000,209809,1,PCM_16,ok,
song,Actor_03/03-02-05-02-01-02-03.wav,456132,4a1a916268a4d84ccca9c0181fdef5f8ce650d793c533c6d668d7a180a6d4a42,3,5,angry,2,1,2,3,2,48000,211411,1,PCM_16,ok,
song,Actor_03/03-02-05-02-02-01-03.wav,472150,a242a3a43240fc041bbb7b1f4e1c084ea84f8deaf6dda54c2c85f6141217f61a,3,5,angry,2,2,1,3,2,48000,219420,1,PCM_16,ok,
song,Actor_03/03-02-05-02-02-02-03.wav,462540,e83fd92895a22d18ea0254c9044ff722c5d846bc2186f91e16feeee49d8f3a3b,3,5,angry,2,2,2,3,2,48000,214615,1,PCM_16,ok,
song,Actor_03/03-02-06-01-01-01-03.wav,436914,e5ff7b23b7efac23f6a37dd55cba84ac9b4f8512d9698308663ca7c7a8363d48,3,6,fearful,1,1,1,3,2,48000,201802,1,PCM_16,ok,
song,Actor_03/03-02-06-01-01-02-03.wav,443320,20e4ce7601b292be265662d71ee6b2796d0c758d828e081940d2dc6eaee9a4d8,3,6,fearful,1,1,2,3,2,48000,205005,1,PCM_16,ok,
song,Actor_03/03-02-06-01-02-01-03.wav,446524,4281494bf7dcc33edef71cce704932d4a6c77bedda3bbf285fab02eeb0f1fb0c,3,6,fearful,1,2,1,3,2,48000,206607,1,PCM_16,ok,
song,Actor_03/03-02-06-01-02-02-03.wav,443320,4fc8d7171bfd5cbab162300b28f3609f5c7033ed6d7527fee3484f10e3590430,3,6,fearful,1,2,2,3,2,48000,205005,1,PCM_16,ok,
song,Actor_03/03-02-06-02-01-01-03.wav,430506,52dd57e25fb89383bd14c72a438c549ba50256422cbb7543fb6b360b39a0f40c,3,6,fearful,2,1,1,3,2,48000,198598,1,PCM_16,ok,
song,Actor_03/03-02-06-02-01-02-03.wav,436912,cb54ecf23b04292b2ec97e48e6f5a50b298adc309bae317c44657818c2f053ff,3,6,fearful,2,1,2,3,2,48000,201801,1,PCM_16,ok,
song,Actor_03/03-02-06-02-02-01-03.wav,430506,d3fa50aa19eb117c9fd5c0c2586c9dac8dde8164b61d29bb490b7b81bcee03e6,3,6,fearful,2,2,1,3,2,48000,198598,1,PCM_16,ok,
song,Actor_03/03-02-06-02-02-02-03.wav,429276,aaafbe0442fa8595ccdbe5971bca0982de41d2dd409a93325bebd07eadafc6e8,3,6,fearful,2,2,2,3,2,48000,198598,1,PCM_16,ok,
song,Actor_04/03-02-01-01-01-01-04.wav,464698,0e07b36d17f0c16bc57957a5654d2ad607e43f511415c90b6d89e63899bd8e0f,4,1,neutral,1,1,1,3,2,48000,209810,1,PCM_16,ok,
song,Actor_04/03-02-01-01-01-02-04.wav,455086,7baae4a1d0a2d400071a6b74a7c5bde8e6245f093e237d242081a4e5cbb6d92f,4,1,neutral,1,1,2,3,2,48000,205004,1,PCM_16,ok,
song,Actor_04/03-02-01-01-02-01-04.wav,458290,938ade6f885c0dea340201b82959f44cae18548ee49ec280b8bc1ca91b5296a1,4,1,neutral,1,2,1,3,2,48000,206606,1,PCM_16,ok,
song,Actor_04/03-02-01-01-02-02-04.wav,458292,88920a858a52649a903e180a5df4ac7da6460404ea759acea35bc141b7524a54,4,1,neutral,1,2,2,3,2,48000,206607,1,PCM_16,ok,
song,Actor_04/03-02-02-01-01-01-04.wav,477512,76939843370a4e8e7d53a5ba657a5ab269d4434faf4f0b33a61637c932a5fefc,4,2,calm,1,1,1,3,2,48000,216216,1,PCM_16,ok,
song,Actor_04/03-02-02-01-01-02-04.wav,487122,e7a812c45beb500e720b6dc6b61d4fb685b29386749cda46fb01f2338d7da957,4,2,calm,1,1,2,3,2,48000,221021,1,PCM_16,ok,
song,Actor_04/03-02-02-01-02-01-04.wav,477500,a4c71c6a7cfa5bc32b3e4a6c10bd6e55d8eeab561ff13e9dcc1b9f119fda11bd,4,2,calm,1,2,1,3,2,48000,216216,1,PCM_16,ok,
song,Actor_04/03-02-02-01-02-02-04.wav,483920,419f04303e0ad3b2aa15333533ce399a25741a30c49b91a5bdfdab2dc8fd538b,4,2,calm,1,2,2,3,2,48000,219419,1,PCM_16,ok,
song,Actor_04/03-02-02-02-01-01-04.wav,553768,38c0c39259cd33bb2c6eb15547b5eb2f967606b15ab2987fd2e98405a9963be5,4,2,calm,2,1,1,3,2,48000,254654,1,PCM_16,ok,
song,Actor_04/03-02-02-02-01-02-04.wav,545394,9b5f4f21b80d3a07c7ef04274265d9dc91b89b5512b4dc4290a60cb8d55e4df5,4,2,calm,2,1,2,3,2,48000,249850,1,PCM_16,ok,
song,Actor_04/03-02-02-02-02-01-04.wav,613260,8aede480e85571167b2d06b69cb62615d95a580be0b7937225e8a22da65c8bba,4,2,calm,2,2,1,3,2,48000,283483,1,PCM_16,ok,
song,Actor_04/03-02-02-02-02-02-04.wav,509550,18d198ed8d791745ae506c61a36dae6321f7e5476b8c1601b5e853518168ade7,4,2,calm,2,2,2,3,2,48000,232232,1,PCM_16,ok,
song,Actor_04/03-02-03-01-01-01-04.wav,467910,62b8d7176cf137167f19129b64dc5c897be3fd0f9fcf6fcccab94bc857863646,4,3,happy,1,1,1,3,2,48000,211412,1,PCM_16,ok,
song,Actor_04/03-02-03-01-01-02-04.wav,461502,7b143723ee3b7b22857ce2a99a0eb0997274c56999d105805296cae9e3c12f09,4,3,happy,1,1,2,3,2,48000,208208,1,PCM_16,ok,
song,Actor_04/03-02-03-01-02-01-04.wav,464706,faf29ad8e6d9584dbee8ede585d10cf94ee0694999db9d48730d6c82eb9cef8d,4,3,happy,1,2,1,3,2,48000,209810,1,PCM_16,ok,
song,Actor_04/03-02-03-01-02-02-04.wav,474316,cf1013176be171d541ccd5dce8de5168c4ed834751f97879d77c5086a97a6a87,4,3,happy,1,2,2,3,2,48000,214615,1,PCM_16,ok,
song,Actor_04/03-02-03-02-01-01-04.wav,455096,c10eb164527ae99824febf07d1219a3b0ffd4e5873d76767d42ccacd51e91acd,4,3,happy,2,1,1,3,2,48000,205005,1,PCM_16,ok,
song,Actor_04/03-02-03-02-01-02-04.wav,455090,2fc10100fc52115c704aab3c19894ba1db6aac570ad30cb18c75902a52dca858,4,3,happy,2,1,2,3,2,48000,205004,1,PCM_16,ok,
song,Actor_04/03-02-03-02-02-01-04.wav,455096,bf79b3608b397224bb1709f07796fce0c7e482d2270b59d795c1308084ea8355,4,3,happy,2,2,1,3,2,48000,205005,1,PCM_16,ok,
song,Actor_04/03-02-03-02-02-02-04.wav,455094,27dfdbf7afe84960529a4eea356013d3178d855b54651e8b4c2a8f0496c07094,4,3,happy,2,2,2,3,2,48000,205004,1,PCM_16,ok,
song,Actor_04/03-02-04-01-01-01-04.wav,483924,f7d666b52c50820f2dd47f3aff9486e3a028b9da9ba19fb7903e4a8652e80983,4,4,sad,1,1,1,3,2,48000,219419,1,PCM_16,ok,
song,Actor_04/03-02-04-01-01-02-04.wav,492300,3d58301553cdecf2918955ed8404b3526827faec9e9c7cb17c75d794a1902300,4,4,sad,1,1,2,3,2,48000,224224,1,PCM_16,ok,
song,Actor_04/03-02-04-01-02-01-04.wav,467910,19edb6ae4a49ce2df73795681eef2db5cd6e66be66c49b01f9673d804a00822f,4,4,sad,1,2,1,3,2,48000,211412,1,PCM_16,ok,
song,Actor_04/03-02-04-01-02-02-04.wav,493534,a00e6ec6c707c6f471f9d48e8792d2a2ecbc61c65d1f5f1b31426a40c59c014d,4,4,sad,1,2,2,3,2,48000,224224,1,PCM_16,ok,
song,Actor_04/03-02-04-02-01-01-04.wav,451890,a14cfcf2eb6ca4b56984c25544502f2bd407e2a91a81d1677b15881e2ec260e0,4,4,sad,2,1,1,3,2,48000,203403,1,PCM_16,ok,
song,Actor_04/03-02-04-02-01-02-04.wav,455092,35b7999ffe6cf5aa9590c2d766bf2662d1dff253512bffea2adfad077ca2daec,4,4,sad,2,1,2,3,2,48000,205004,1,PCM_16,ok,
song,Actor_04/03-02-04-02-02-01-04.wav,461500,1325d082e9cb44656da510f8d8085a2c69c4b3c7fbf0eacf9668af6d8f0b49e3,4,4,sad,2,2,1,3,2,48000,208208,1,PCM_16,ok,
song,Actor_04/03-02-04-02-02-02-04.wav,458296,a5a5558336a7b6a177320aff425064be6cf02211110e1892d64e919cf2d1020c,4,4,sad,2,2,2,3,2,48000,206606,1,PCM_16,ok,
song,Actor_04/03-02-05-01-01-01-04.wav,439080,2fb53c40422e28503f25ea9a03df93d8ad6ca5cecd65bf0e8489ad1e45630826,4,5,angry,1,1,1,3,2,48000,196997,1,PCM_16,ok,
song,Actor_04/03-02-05-01-01-02-04.wav,439080,95f70766869a4fef14e61f6b7d49784e33b3b47cc4fb55d62b1dd39deacc7b42,4,5,angry,1,1,2,3,2,48000,196997,1,PCM_16,ok,
song,Actor_04/03-02-05-01-02-01-04.wav,432672,8af8176a62182fcea6a08706b38937003863a851ea33351bb60b4809ce8f173d,4,5,angry,1,2,1,3,2,48000,193793,1,PCM_16,ok,
song,Actor_04/03-02-05-01-02-02-04.wav,435876,26bce4110f28358904ddefbc5297e5f6e71f9ed6e148805b1ba5a733dd6bffd1,4,5,angry,1,2,2,3,2,48000,195395,1,PCM_16,ok,
song,Actor_04/03-02-05-02-01-01-04.wav,435876,4be01e7c473dcbb4f2312c10f8c9ebbc3e36cdf0ca759aa082e2b75761107967,4,5,angry,2,1,1,3,2,48000,195395,1,PCM_16,ok,
song,Actor_04/03-02-05-02-01-02-04.wav,435876,ad7de96d340316c7f1bbab837cd47b2c7068320b1f15aede715496c4b366835c,4,5,angry,2,1,2,3,2,48000,195395,1,PCM_16,ok,
song,Actor_04/03-02-05-02-02-01-04.wav,429470,1b443b0ece93bfeab47c3a5163c2a730c8f20f0cc8118eea3f1785d7096f6bf4,4,5,angry,2,2,1,3,2,48000,192192,1,PCM_16,ok,
song,Actor_04/03-02-05-02-02-02-04.wav,432672,a8c37d517c4c62204b70073d9aecb3366fbf737fd674910e7f086e4a7fd43f5d,4,5,angry,2,2,2,3,2,48000,193793,1,PCM_16,ok,
song,Actor_04/03-02-06-01-01-01-04.wav,455096,5adbf656042da6642b26187219285344472b940194bbe1a2bb1d2beb773d908f,4,6,fearful,1,1,1,3,2,48000,205005,1,PCM_16,ok,
song,Actor_04/03-02-06-01-01-02-04.wav,429458,b64525cee4cd08b67fd4e6484fe1d36b829e61a881d9ec6a977febb74021309f,4,6,fearful,1,1,2,3,2,48000,192192,1,PCM_16,ok,
song,Actor_04/03-02-06-01-02-01-04.wav,429470,075187ea36f83ad3bf080bb68a7253abb7d85d76c3bb56cf96b9ac3c3a73863a,4,6,fearful,1,2,1,3,2,48000,192192,1,PCM_16,ok,
song,Actor_04/03-02-06-01-02-02-04.wav,426266,283c5afae7d484ddd42b9d67df34478cc976aa2260c0c40b58ef4e1f1a99750b,4,6,fearful,1,2,2,3,2,48000,190590,1,PCM_16,ok,
song,Actor_04/03-02-06-02-01-01-04.wav,442282,b8dc45acededd75d743b90c6e32fcea6621ff2c2986fec4f74b9fe912e1ae145,4,6,fearful,2,1,1,3,2,48000,198598,1,PCM_16,ok,
song,Actor_04/03-02-06-02-01-02-04.wav,442284,8ad05acc1280c8e41dfeab11ce1a29a1c1daf0ee5fd20d729bd5c119f5147589,4,6,fearful,2,1,2,3,2,48000,198599,1,PCM_16,ok,
song,Actor_04/03-02-06-02-02-01-04.wav,432672,abcbf8ec55f9ef1e89fa4a2a7e623a232ec7fa360407228ae27c3b9fcfd9949d,4,6,fearful,2,2,1,3,2,48000,193793,1,PCM_16,ok,
song,Actor_04/03-02-06-02-02-02-04.wav,423064,30704bd45ff81f0c862184d4d0c66857b64d5dac6480596173ee23a2a09beec7,4,6,fearful,2,2,2,3,2,48000,188989,1,PCM_16,ok,
song,Actor_05/03-02-01-01-01-01-05.wav,477634,6ad8009c21fcac80815ae7fbc307f9919d33b3c2cff98480bfeda7bddf198fa9,5,1,neutral,1,1,1,3,2,48000,222622,1,PCM_16,ok,
song,Actor_05/03-02-01-01-01-02-05.wav,474432,336d5eec7bae42ee4fbd39e04b2ed567d066649c1f8364d9e2026e94dfc27ddd,5,1,neutral,1,1,2,3,2,48000,221021,1,PCM_16,ok,
song,Actor_05/03-02-01-01-02-01-05.wav,480838,b5ed5b6de17e2714b903695e91e776080e473e79a8c5b6f694cf6859dfa6bf2c,5,1,neutral,1,2,1,3,2,48000,224224,1,PCM_16,ok,
song,Actor_05/03-02-01-01-02-02-05.wav,471228,33b6084428f5c14713f8779d0c176e1212458a61e63b8b80c17e8e4c0109a2c7,5,1,neutral,1,2,2,3,2,48000,219419,1,PCM_16,ok,
song,Actor_05/03-02-02-01-01-01-05.wav,551308,620d082891fae2e77b5d382dcc92b338c534e71542cc0a12f4cee607813e1edc,5,2,calm,1,1,1,3,2,48000,259459,1,PCM_16,ok,
song,Actor_05/03-02-02-01-01-02-05.wav,593556,bcfa72821f6d5c9333cbd30c94ee2ea3ccf102d215225a633f7a06cfcd8601f7,5,2,calm,1,1,2,3,2,48000,280280,1,PCM_16,ok,
song,Actor_05/03-02-02-01-02-01-05.wav,518656,9570ac52dccd293e801261c8a437d11a862d3835f04d1359522f76643597729f,5,2,calm,1,2,1,3,2,48000,243443,1,PCM_16,ok,
song,Actor_05/03-02-02-01-02-02-05.wav,525682,55445c05bb8957e1e663279443d133d9d9e8194f5042c7975b0c5a263eebb507,5,2,calm,1,2,2,3,2,48000,246646,1,PCM_16,ok,
song,Actor_05/03-02-02-02-01-01-05.wav,619184,0b21fee73f34d33de325adea3176674375807d61542a7915c43f0d34378bef8f,5,2,calm,2,1,1,3,2,48000,293093,1,PCM_16,ok,
song,Actor_05/03-02-02-02-01-02-05.wav,625592,84c0dbfb607c5afd863074e08b0229fed36c33da4cc0fef636421b04ad81163d,5,2,calm,2,1,2,3,2,48000,296296,1,PCM_16,ok,
song,Actor_05/03-02-02-02-02-01-05.wav,593558,398a2b968cf7636756e4471ec19bb7966668cf67e12ac716d69a7554ab546629,5,2,calm,2,2,1,3,2,48000,280280,1,PCM_16,ok,
song,Actor_05/03-02-02-02-02-02-05.wav,609574,98d126c699aed754cd4551f863a749e889e399bda8f5030c93c1a7345d6823b0,5,2,calm,2,2,2,3,2,48000,288288,1,PCM_16,ok,
song,Actor_05/03-02-03-01-01-01-05.wav,413574,728f7d7eaf556a995d746d67d27e5844111e2dc6cabea7a9716eb2c3efa4a211,5,3,happy,1,1,1,3,2,48000,190591,1,PCM_16,ok,
song,Actor_05/03-02-03-01-01-02-05.wav,426384,bbaeeed50e541e1f36bf828434b90d5dd620df003f76c59db0ab297d3b805f0c,5,3,happy,1,1,2,3,2,48000,196996,1,PCM_16,ok,
song,Actor_05/03-02-03-01-02-01-05.wav,458416,a7ca7d60a2c655e84fb6ba73b0433aa720800d38610fbd84f1b80bcd6ae6e231,5,3,happy,1,2,1,3,2,48000,213013,1,PCM_16,ok,
song,Actor_05/03-02-03-01-02-02-05.wav,435996,f4e05e4ee10b5d988c9f63bb5e65a2d312c5126e009b4a4bef2d099469494c67,5,3,happy,1,2,2,3,2,48000,201802,1,PCM_16,ok,
song,Actor_05/03-02-03-02-01-01-05.wav,532090,266e477f4b22b55e2aa3bdbde1d3291e4f638fd3f5c5b6c004862800d953e0aa,5,3,happy,2,1,1,3,2,48000,249849,1,PCM_16,ok,
song,Actor_05/03-02-03-02-01-02-05.wav,500058,484240482c4459f6dd4abc2ba1fc9dd2b6c8df99edbe7066b36d09d33123a552,5,3,happy,2,1,2,3,2,48000,233833,1,PCM_16,ok,
song,Actor_05/03-02-03-02-02-01-05.wav,477638,7359b4488f62d3162973dccce4f479dc670f6175deae07897e686507e512fa40,5,3,happy,2,2,1,3,2,48000,222623,1,PCM_16,ok,
song,Actor_05/03-02-03-02-02-02-05.wav,512868,ff84cd41f00e7fcdfcac69b1de6d192b76aaf23a68cd95659d9c9d66a3061749,5,3,happy,2,2,2,3,2,48000,240240,1,PCM_16,ok,
song,Actor_05/03-02-04-01-01-01-05.wav,561530,b7ae21101d744cee668f38c8169dd6ef02bdc4f6dbb39a4f9bf43ceb0d4c277b,5,4,sad,1,1,1,3,2,48000,264264,1,PCM_16,ok,
song,Actor_05/03-02-04-01-01-02-05.wav,561528,d98006597700a9359f39b71d154ae9c2f61fbb1528de829749ea194a971e5c5e,5,4,sad,1,1,2,3,2,48000,264264,1,PCM_16,ok,
song,Actor_05/03-02-04-01-02-01-05.wav,519278,abf22164e44c9e48276dac3a4aade99deb1ed465461019dddc1d63e6c57abebf,5,4,sad,1,2,1,3,2,48000,243444,1,PCM_16,ok,
song,Actor_05/03-02-04-01-02-02-05.wav,516074,0b1506aa84ae5014cf5c5bb351517007c7007372c2f756af77f95484e514846a,5,4,sad,1,2,2,3,2,48000,241842,1,PCM_16,ok,
song,Actor_05/03-02-04-02-01-01-05.wav,429590,82416388ba09eae1d005cd6bc65368e4490afac7b35763c9260af0bb295eeb34,5,4,sad,2,1,1,3,2,48000,198598,1,PCM_16,ok,
song,Actor_05/03-02-04-02-01-02-05.wav,442404,cf9ad99dd85568da47aeb1cfe69dd5ce350df9b02c70a92041d0cdac1e53328b,5,4,sad,2,1,2,3,2,48000,205005,1,PCM_16,ok,
song,Actor_05/03-02-04-02-02-01-05.wav,509672,5effb94702573af2ad948dcd5f736350669aaeaaef9489be085c1b452c007b89,5,4,sad,2,2,1,3,2,48000,238639,1,PCM_16,ok,
song,Actor_05/03-02-04-02-02-02-05.wav,448810,92c8a85cacaa357bcd40590a43bb9d6326e296263d4c6f44e7e09eb1a6a07902,5,4,sad,2,2,2,3,2,48000,208208,1,PCM_16,ok,
song,Actor_05/03-02-05-01-01-01-05.wav,528890,28635be6dca344d55fe2b7a1798cdb56022e97e5a2d1e169274db9f791360f8d,5,5,angry,1,1,1,3,2,48000,248248,1,PCM_16,ok,
song,Actor_05/03-02-05-01-01-02-05.wav,496858,0089020e6abb1cf52ea63bdf50fcf5c08cbe137db05c9f7875f874c8057e87c8,5,5,angry,1,1,2,3,2,48000,232232,1,PCM_16,ok,
song,Actor_05/03-02-05-01-02-01-05.wav,490452,29600f3e75235fb58ebcee1f9ee82eb7cfd29e343c15debe84b2d91af2d5120c,5,5,angry,1,2,1,3,2,48000,229029,1,PCM_16,ok,
song,Actor_05/03-02-05-01-02-02-05.wav,503260,d3948e31df2ebd9806aa0bb4d5e6ba734b5d1ee3e3ab02b0faec9b3be3815759,5,5,angry,1,2,2,3,2,48000,235435,1,PCM_16,ok,
song,Actor_05/03-02-05-02-01-01-05.wav,474436,513f90a5f1d9c779624906a6f500781d1617b9a61c071bbcb5621488d0d761d1,5,5,angry,2,1,1,3,2,48000,221021,1,PCM_16,ok,
song,Actor_05/03-02-05-02-01-02-05.wav,506468,4c470161e9500b67dcdc67ee2478f5129cdea70c70c6785c0c1380b1f750f0ab,5,5,angry,2,1,2,3,2,48000,237037,1,PCM_16,ok,
song,Actor_05/03-02-05-02-02-01-05.wav,464826,d5b04f461715c5c272c32e3324b0a2caecfa297634d120446ad2e1643b5f532e,5,5,angry,2,2,1,3,2,48000,216216,1,PCM_16,ok,
song,Actor_05/03-02-05-02-02-02-05.wav,461622,76aa7155e09a037a0fbfd34fba4117f43b506b5af8bcbffae708436bfede94fa,5,5,angry,2,2,2,3,2,48000,214614,1,PCM_16,ok,
song,Actor_05/03-02-06-01-01-01-05.wav,477640,a7adeffa5a0336edae09fefa833b79ee9e2f699c5ddcb4adcf9d649ac60695e3,5,6,fearful,1,1,1,3,2,48000,222623,1,PCM_16,ok,
song,Actor_05/03-02-06-01-01-02-05.wav,474434,3576e4d84ca103f7381b54fcd648284f368bfcde0919a42990cfa0b4be4362b3,5,6,fearful,1,1,2,3,2,48000,221021,1,PCM_16,ok,
song,Actor_05/03-02-06-01-02-01-05.wav,429590,e5cd491d4d07ae1f26b0163cfe866eaaa10cc31fde78124aea49e8bb978a9318,5,6,fearful,1,2,1,3,2,48000,198598,1,PCM_16,ok,
song,Actor_05/03-02-06-01-02-02-05.wav,368730,732dc110b78fd152b1e39d25e052dc192ed8a1a92b624abf3f44339c61efd7a5,5,6,fearful,1,2,2,3,2,48000,168168,1,PCM_16,ok,
song,Actor_05/03-02-06-02-01-01-05.wav,480840,b5e3bba3341bd23bb990013d97f935db3b9ac60d8b170fb2e8d8305a9cbf4db8,5,6,fearful,2,1,1,3,2,48000,224224,1,PCM_16,ok,
song,Actor_05/03-02-06-02-01-02-05.wav,439198,f4540f8dde9ace811b1d7885550d01c20763450355e44578896c4abf5cd0e0f9,5,6,fearful,2,1,2,3,2,48000,203403,1,PCM_16,ok,
song,Actor_05/03-02-06-02-02-01-05.wav,378338,bd289b5ca432c52c4dec639eff8f77d981eeae99ecec3f25c2c88aeff5c6ca14,5,6,fearful,2,2,1,3,2,48000,172973,1,PCM_16,ok,
song,Actor_05/03-02-06-02-02-02-05.wav,400760,9905fd2a864174de85235588ef1916872e8657b79aac2aab3ea48bee2387ec5b,5,6,fearful,2,2,2,3,2,48000,184184,1,PCM_16,ok,
song,Actor_06/03-02-01-01-01-01-06.wav,481746,d47857d1de95826c00b6e7742ebdf21c71db6a0650fbe33a2b3fc1bf1d0df04f,6,1,neutral,1,1,1,3,2,48000,224224,1,PCM_16,ok,
song,Actor_06/03-02-01-01-01-02-06.wav,494544,92e9bda7308cbebf1ea504235503a13100d439f8b8f130bc11197b63dffbe1f3,6,1,neutral,1,1,2,3,2,48000,230631,1,PCM_16,ok,
song,Actor_06/03-02-01-01-02-01-06.wav,478542,0916c98d7f6742d576facd435b72e1ab66d6c492d97fed53543df2733fe1e71d,6,1,neutral,1,2,1,3,2,48000,222622,1,PCM_16,ok,
song,Actor_06/03-02-01-01-02-02-06.wav,468934,0aec34366094106cedaf5f4f20130480c40ffde3ea8fbe9c00d5d5022ac1baf9,6,1,neutral,1,2,2,3,2,48000,217818,1,PCM_16,ok,
song,Actor_06/03-02-02-01-01-01-06.wav,529796,46e44e9b526a4664b4a5d72132e0781a29317eabe18d1eabd00dd8f99d5805ed,6,2,calm,1,1,1,3,2,48000,248248,1,PCM_16,ok,
song,Actor_06/03-02-02-01-01-02-06.wav,552218,3d9e68c2ca96e9cc4dbc642f839adc9a5dcbed186acb678a6cf4052f74cbdeb0,6,2,calm,1,1,2,3,2,48000,259459,1,PCM_16,ok,
song,Actor_06/03-02-02-01-02-01-06.wav,549624,1b2f3bb4228761c2dc66ee6fb7352ba7dcbe965e6f4df43229c608d12532b71c,6,2,calm,1,2,1,3,2,48000,257858,1,PCM_16,ok,
song,Actor_06/03-02-02-01-02-02-06.wav,546420,a593ba88e709b96a0e46f6abf8e24acc3d6beb0121f9c4fdd39432e68b68ab90,6,2,calm,1,2,2,3,2,48000,256256,1,PCM_16,ok,
song,Actor_06/03-02-02-02-01-01-06.wav,571360,4a343006b8ffe4f083cfd17aefc0152a9e16f3504487f918c8cc2eb99cd4f771,6,2,calm,2,1,1,3,2,48000,269068,1,PCM_16,ok,
song,Actor_06/03-02-02-02-01-02-06.wav,644422,ad5b9e4a238443f5cbfef37f433f4eee5da8672d185edfb8edb109a4d43e40ef,6,2,calm,2,1,2,3,2,48000,304304,1,PCM_16,ok,
song,Actor_06/03-02-02-02-02-01-06.wav,550990,4201017ae398e3969345f863b82c107a18bc4721709377a800132b7376696c37,6,2,calm,2,2,1,3,2,48000,259460,1,PCM_16,ok,
song,Actor_06/03-02-02-02-02-02-06.wav,567004,7ce8b3078b38df9ced4f63a85b13b82dbe90f84b11f622ff778861e60b4dc19d,6,2,calm,2,2,2,3,2,48000,267467,1,PCM_16,ok,
song,Actor_06/03-02-03-01-01-01-06.wav,496534,ed530fb0853362fca855d06799406f04c3455face323385b2f58c4ca7be17e7d,6,3,happy,1,1,1,3,2,48000,232232,1,PCM_16,ok,
song,Actor_06/03-02-03-01-01-02-06.wav,474112,5f605c42187b7b61936b2f202b927be49d11426ed612b221009da8645a3e2717,6,3,happy,1,1,2,3,2,48000,221021,1,PCM_16,ok,
song,Actor_06/03-02-03-01-02-01-06.wav,461298,2a7f06129ec417b0bb1d4040987b3ba36a46b86f755339ece2e3737548997df1,6,3,happy,1,2,1,3,2,48000,214614,1,PCM_16,ok,
song,Actor_06/03-02-03-01-02-02-06.wav,467706,f5c60209de94d9ad1077d28262f35c6c9a151d66c0566fb9923c909020f5aba6,6,3,happy,1,2,2,3,2,48000,217818,1,PCM_16,ok,
song,Actor_06/03-02-03-02-01-01-06.wav,464502,d87808e1a05e6db93792522bc936e71bd8a0c9d13faf7aa50e5c0dc15d47edb7,6,3,happy,2,1,1,3,2,48000,216216,1,PCM_16,ok,
song,Actor_06/03-02-03-02-01-02-06.wav,477316,25e5b189af1c238ed3ae0152b3cf286d97166362af80271a08c98a21beed3742,6,3,happy,2,1,2,3,2,48000,222623,1,PCM_16,ok,
song,Actor_06/03-02-03-02-02-01-06.wav,429268,06a373b59c9aaf31c469091e1ba1f6634352e05048a8e27e0e336ee4e95c84a6,6,3,happy,2,2,1,3,2,48000,198598,1,PCM_16,ok,
song,Actor_06/03-02-03-02-02-02-06.wav,422862,94eade023b18ddb8c77ac3054061edec79078ea0db89ef3a72d7536a1c35f79b,6,3,happy,2,2,2,3,2,48000,195395,1,PCM_16,ok,
song,Actor_06/03-02-04-01-01-01-06.wav,526590,c31371751a24ee9bd5d3a1ecd8938a86d24fabb501d3905c0a7d4d885c443f47,6,4,sad,1,1,1,3,2,48000,246646,1,PCM_16,ok,
song,Actor_06/03-02-04-01-01-02-06.wav,516910,f1cfcf9a473a5fbfa1d50a64b7148e7f2f4ca287df4548b04756b909e0c56bef,6,4,sad,1,1,2,3,2,48000,241842,1,PCM_16,ok,
song,Actor_06/03-02-04-01-02-01-06.wav,520190,375c5bc14905768b7c4487b93834d3d77b1f643f3f5062270eef057f03f6b4cd,6,4,sad,1,2,1,3,2,48000,243444,1,PCM_16,ok,
song,Actor_06/03-02-04-01-02-02-06.wav,526594,a6b1b03ed8294b9d9ff1a11ad88aa099acf013c25b2764ab096b80ae3248e455,6,4,sad,1,2,2,3,2,48000,246646,1,PCM_16,ok,
song,Actor_06/03-02-04-02-01-01-06.wav,468938,3981d3f9bd7e215b957150271eda2c06f9364935b73203a3d68a434abb05f64b,6,4,sad,2,1,1,3,2,48000,217818,1,PCM_16,ok,
song,Actor_06/03-02-04-02-01-02-06.wav,449718,0964e48a5271c4c42dab8668f09675b160a2ecd63db64d6c8d78532f3fce9b42,6,4,sad,2,1,2,3,2,48000,208208,1,PCM_16,ok,
song,Actor_06/03-02-04-02-02-01-06.wav,446514,8ba9db243ad36d7d5a1c705568cbbf7157bf04698536e0c375365ee5e160adcc,6,4,sad,2,2,1,3,2,48000,206606,1,PCM_16,ok,
song,Actor_06/03-02-04-02-02-02-06.wav,459328,f5130bacc819469cdc48ed286876a13ede3ced5ee576ecf8c49ea5bb2e6869f4,6,4,sad,2,2,2,3,2,48000,213013,1,PCM_16,ok,
song,Actor_06/03-02-05-01-01-01-06.wav,430498,b164ada96898e389949abaaa25e8e1ab6b0ecc1e95cc5d3b5b132eeb3c0303ad,6,5,angry,1,1,1,3,2,48000,198598,1,PCM_16,ok,
song,Actor_06/03-02-05-01-01-02-06.wav,433702,95b274501b2141b39daafd2d079ec4d1a7d9cdf1c214678d73ce926933a90214,6,5,angry,1,1,2,3,2,48000,200200,1,PCM_16,ok,
song,Actor_06/03-02-05-01-02-01-06.wav,456124,f5dbac282b1c715484b38032e45c4f65d353f96195352f2ca137ad26d95c9ef1,6,5,angry,1,2,1,3,2,48000,211411,1,PCM_16,ok,
song,Actor_06/03-02-05-01-02-02-06.wav,462532,c014db9ef45504ece399e272dd1c688335a25bb3e1bd1d36c91161c42411b4e1,6,5,angry,1,2,2,3,2,48000,214615,1,PCM_16,ok,
song,Actor_06/03-02-05-02-01-01-06.wav,465734,f05f9ed749099c58b5fec26b97571b20f4650e537ef540eea7b764c3e186128c,6,5,angry,2,1,1,3,2,48000,216216,1,PCM_16,ok,
song,Actor_06/03-02-05-02-01-02-06.wav,465734,dbf660313ddb472e5111edb53a4c9f6283b13a28702c09706668dadafa50d67c,6,5,angry,2,1,2,3,2,48000,216216,1,PCM_16,ok,
song,Actor_06/03-02-05-02-02-01-06.wav,462530,ef9fe1508a1fb5604d242bffae0a05c6be24b9d4bc18e5cf2344f25d789eaffd,6,5,angry,2,2,1,3,2,48000,214614,1,PCM_16,ok,
song,Actor_06/03-02-05-02-02-02-06.wav,465734,5b606006a080fe8002484968a235ca1e29fb8ab27dd7e457ec953d86841a10f6,6,5,angry,2,2,2,3,2,48000,216216,1,PCM_16,ok,
song,Actor_06/03-02-06-01-01-01-06.wav,478546,4c4d1f8eaae5b83bab030d4f645b7fa339f8712232d83483c00a0f3c9c205f45,6,6,fearful,1,1,1,3,2,48000,222622,1,PCM_16,ok,
song,Actor_06/03-02-06-01-01-02-06.wav,481750,a5d2ddc25423845adb48b91d1fbe8a917ab17b0477c77f0c84a011b1d68ef174,6,6,fearful,1,1,2,3,2,48000,224224,1,PCM_16,ok,
song,Actor_06/03-02-06-01-02-01-06.wav,459322,9a57fb1260491bf6d8dd10c6b137f256a24148f9e686412df2e07f9efb398119,6,6,fearful,1,2,1,3,2,48000,213013,1,PCM_16,ok,
song,Actor_06/03-02-06-01-02-02-06.wav,465734,57bd78ef799865bf4c216b7a78f320dca7c322810591b02a66e68e18198958e7,6,6,fearful,1,2,2,3,2,48000,216216,1,PCM_16,ok,
song,Actor_06/03-02-06-02-01-01-06.wav,440108,4791eb6ed5632a1ffd7f591a07eaa253fd0d77eee377472a3c5ba92ed763ebac,6,6,fearful,2,1,1,3,2,48000,203403,1,PCM_16,ok,
song,Actor_06/03-02-06-02-01-02-06.wav,436906,d2ca2d9c0a872619a7771d4d1b5b5024451f5753e0818636ca9259f3053b1ffd,6,6,fearful,2,1,2,3,2,48000,201802,1,PCM_16,ok,
song,Actor_06/03-02-06-02-02-01-06.wav,430498,18431280344c52329036a26058ad22145be4047c89882a899972b28e05c06b29,6,6,fearful,2,2,1,3,2,48000,198598,1,PCM_16,ok,
song,Actor_06/03-02-06-02-02-02-06.wav,436906,ac667d42566fd4ef046d7e1c04cfdcf4bb90b02cde8a74f4635e6740a810b69f,6,6,fearful,2,2,2,3,2,48000,201802,1,PCM_16,ok,
song,Actor_07/03-02-01-01-01-01-07.wav,445602,19eb485ae08df92c2458c044e941cf2981fff143062837fcbda62d4bb6b61307,7,1,neutral,1,1,1,3,2,48000,206606,1,PCM_16,ok,
song,Actor_07/03-02-01-01-01-02-07.wav,442400,b2ea1bffa0a0656df83aa0b365b56dc033586d887142022b57bd4493c3417609,7,1,neutral,1,1,2,3,2,48000,205005,1,PCM_16,ok,
song,Actor_07/03-02-01-01-02-01-07.wav,455212,3f8a0900f161addc89236cceb85ad39de6b7995f340d6682f0ebb44b5ef6d369,7,1,neutral,1,2,1,3,2,48000,211411,1,PCM_16,ok,
song,Actor_07/03-02-01-01-02-02-07.wav,455212,8c9a5df04830b9fb485fb9ec560882cd4abd5d8944c966dce97c7a1043d3a342,7,1,neutral,1,2,2,3,2,48000,211411,1,PCM_16,ok,
song,Actor_07/03-02-02-01-01-01-07.wav,477636,06549749b2a16b66795b08189c3bf3f24689fa8abe4e130c554920ed3e703601,7,2,calm,1,1,1,3,2,48000,222623,1,PCM_16,ok,
song,Actor_07/03-02-02-01-01-02-07.wav,510278,495739e1ae4c43bf70f011a8a3a368afc8004f7b176690e508560b1feb35cf85,7,2,calm,1,1,2,3,2,48000,238638,1,PCM_16,ok,
song,Actor_07/03-02-02-01-02-01-07.wav,487244,7105cd562a00847289de3c76856a8aa5165c9ca49732caf051d04e0b25a65b8b,7,2,calm,1,2,1,3,2,48000,227427,1,PCM_16,ok,
song,Actor_07/03-02-02-01-02-02-07.wav,484042,0b078df4f6899ba02eaa786da6f040890803939bcb9f4df0a3cd148f830d8bdd,7,2,calm,1,2,2,3,2,48000,225826,1,PCM_16,ok,
song,Actor_07/03-02-02-02-01-01-07.wav,503264,223cb34c8eaa6f64019b429d4f77ca14ef587a92e0cb61566f39cfab0707a2a7,7,2,calm,2,1,1,3,2,48000,235435,1,PCM_16,ok,
song,Actor_07/03-02-02-02-01-02-07.wav,505238,8f54681969ab82c515d190c32dca13b14d68942033cb5b80ba5580a9acefdf90,7,2,calm,2,1,2,3,2,48000,237037,1,PCM_16,ok,
song,Actor_07/03-02-02-02-02-01-07.wav,484042,594aaf9e3f88eb7656e6c6f0e312b54a460cbaf4095605bb43c9ad1cea619cf8,7,2,calm,2,2,1,3,2,48000,225826,1,PCM_16,ok,
song,Actor_07/03-02-02-02-02-02-07.wav,522484,ae02f8c2f35353d9a84bc734b369f11a4ce75616f6edb73f7b455a463d62f12e,7,2,calm,2,2,2,3,2,48000,245045,1,PCM_16,ok,
song,Actor_07/03-02-03-01-01-01-07.wav,442404,4b7c7486c5ec8ac71ebd475dd79fa02753dc85c4560a2516a70928dfffc87e10,7,3,happy,1,1,1,3,2,48000,205005,1,PCM_16,ok,
song,Actor_07/03-02-03-01-01-02-07.wav,445608,2312c1b3bac9c6630d754d3b213a784533b6855ba59883a2c2a23613cae1fb6f,7,3,happy,1,1,2,3,2,48000,206607,1,PCM_16,ok,
song,Actor_07/03-02-03-01-02-01-07.wav,448810,b553512c3d9a04068ceb74d1255cb9317006ebd666d6af7b0eeefaea51f1c452,7,3,happy,1,2,1,3,2,48000,208208,1,PCM_16,ok,
song,Actor_07/03-02-03-01-02-02-07.wav,452014,dc654941b209ead3549053ec911a90cf3e591f064150d754da6c329b67fd7b61,7,3,happy,1,2,2,3,2,48000,209810,1,PCM_16,ok,
song,Actor_07/03-02-03-02-01-01-07.wav,441174,0559975abd08a449d730ea37bc17693c72ccc68c5dd06c583692290dcae2f5b9,7,3,happy,2,1,1,3,2,48000,205005,1,PCM_16,ok,
song,Actor_07/03-02-03-02-01-02-07.wav,442404,f2f86607a62a504c3e27566e016e64c6ffec518fa375cbb63a61b3dbe553c258,7,3,happy,2,1,2,3,2,48000,205005,1,PCM_16,ok,
song,Actor_07/03-02-03-02-02-01-07.wav,429590,84aff2b4ddd03dab0b3d5f2f500d67dcce21120ddaa5fd647f91ba100f7a0758,7,3,happy,2,2,1,3,2,48000,198598,1,PCM_16,ok,
song,Actor_07/03-02-03-02-02-02-07.wav,452014,84f5b2b95946193c8367a052609b64d46823e4e2e37fe1ae3326cccd29c131e7,7,3,happy,2,2,2,3,2,48000,209810,1,PCM_16,ok,
song,Actor_07/03-02-04-01-01-01-07.wav,464824,86a550b6cb10c9a3ca6238911a445f4e81a705608211f2df5ed65b29276c248a,7,4,sad,1,1,1,3,2,48000,216216,1,PCM_16,ok,
song,Actor_07/03-02-04-01-01-02-07.wav,477638,1c6775a3de24a231cf8905471e1d73ebe0706d231d56084f26fdecd5328da3ac,7,4,sad,1,1,2,3,2,48000,222623,1,PCM_16,ok,
song,Actor_07/03-02-04-01-02-01-07.wav,538498,eeb84f22ee4111469fb54e0765f2d0437159b119905bda2dd7f1c7cdf4a14eeb,7,4,sad,1,2,1,3,2,48000,253052,1,PCM_16,ok,
song,Actor_07/03-02-04-01-02-02-07.wav,506466,761932879031b87c7fc29be9e5083c1ef9082b61ec1db7b917a7edbbe77ba05e,7,4,sad,1,2,2,3,2,48000,237037,1,PCM_16,ok,
song,Actor_07/03-02-04-02-01-01-07.wav,487244,89b463baa1c799ad6ec6f48dd73cead7f5417e2fc7c7ab9597713bad53da579d,7,4,sad,2,1,1,3,2,48000,227427,1,PCM_16,ok,
song,Actor_07/03-02-04-02-01-02-07.wav,503260,88e9e971790e44fd24babb9d01fe33b00bee8aae46a7ca4f019532cd15f6792c,7,4,sad,2,1,2,3,2,48000,235435,1,PCM_16,ok,
song,Actor_07/03-02-04-02-02-01-07.wav,509670,1317f8fd3f4dcdfd8ed96587078019e9a7b151d7b2b75f6f3f1256f3eb76ddb8,7,4,sad,2,2,1,3,2,48000,238639,1,PCM_16,ok,
song,Actor_07/03-02-04-02-02-02-07.wav,484044,534a0f00a4066bec979921e57068b803b03c6f8c256d3337c1533bba9f900e37,7,4,sad,2,2,2,3,2,48000,225826,1,PCM_16,ok,
song,Actor_07/03-02-05-01-01-01-07.wav,461618,a57dfeadf27ccfd5dbeaf42a66cfc5cdcc71c2848cd8279ff483bfeaf850f747,7,5,angry,1,1,1,3,2,48000,214614,1,PCM_16,ok,
song,Actor_07/03-02-05-01-01-02-07.wav,468026,ede0ed864b4d4bdd809cfe4698c63bcc153064816435b8ea56307562d67a5cba,7,5,angry,1,1,2,3,2,48000,217818,1,PCM_16,ok,
song,Actor_07/03-02-05-01-02-01-07.wav,471228,db53f5dfca886d344c3e94aa56d904611ff94e67f038eea1de8fa272cc39b61b,7,5,angry,1,2,1,3,2,48000,219420,1,PCM_16,ok,
song,Actor_07/03-02-05-01-02-02-07.wav,474430,39e6aca5c1910a36e2ec313befd609391a9bed7e3807cb210682a83c57dae6f9,7,5,angry,1,2,2,3,2,48000,221021,1,PCM_16,ok,
song,Actor_07/03-02-05-02-01-01-07.wav,458416,524e0ce2672a50dfc71888ad3ed58131999992329510f93ef0f582aa5f213a1e,7,5,angry,2,1,1,3,2,48000,213013,1,PCM_16,ok,
song,Actor_07/03-02-05-02-01-02-07.wav,464822,392b8027060e123e17ca5ac12ca251b6f777f9eecab0d91f56cb5bafcad1fb80,7,5,angry,2,1,2,3,2,48000,216216,1,PCM_16,ok,
song,Actor_07/03-02-05-02-02-01-07.wav,474432,13a9350e5e2c67b0721c12d4bf6af37d133a811f55e52b8b4672dbe24805465e,7,5,angry,2,2,1,3,2,48000,221021,1,PCM_16,ok,
song,Actor_07/03-02-05-02-02-02-07.wav,471228,d81b858b0b17ab1568537c36c895b8d0a71725ce04496c398525f51ae45b9b25,7,5,angry,2,2,2,3,2,48000,219419,1,PCM_16,ok,
song,Actor_07/03-02-06-01-01-01-07.wav,439198,54675ce5790ccbbea7d88cbf16221754cd101c2799b425db3a595402b741bc1c,7,6,fearful,1,1,1,3,2,48000,203404,1,PCM_16,ok,
song,Actor_07/03-02-06-01-01-02-07.wav,439196,e1709949c599b020868e4805e7bb25ca60b82fdc6ca2c0eef7831d79ce9fec47,7,6,fearful,1,1,2,3,2,48000,203403,1,PCM_16,ok,
song,Actor_07/03-02-06-01-02-01-07.wav,480838,8e2832f481d83659b8d7c805fdc2637f5b3a44938195efbb295eab616f35429e,7,6,fearful,1,2,1,3,2,48000,224224,1,PCM_16,ok,
song,Actor_07/03-02-06-01-02-02-07.wav,500056,3fed8a1fe73725c250dbab898c5e1928437fe4ef6ee0b1da6a637ba3b24811d8,7,6,fearful,1,2,2,3,2,48000,233833,1,PCM_16,ok,
song,Actor_07/03-02-06-02-01-01-07.wav,432792,9162f59dac1451c5678044687fb5f5a44be6e34af82cadb47a0eeb20d92aee04,7,6,fearful,2,1,1,3,2,48000,200200,1,PCM_16,ok,
song,Actor_07/03-02-06-02-01-02-07.wav,429588,1d753791018f15f85a46bab6bac6ffb4b0fec3b5073fb5eab0aa76c1a4395e3e,7,6,fearful,2,1,2,3,2,48000,198598,1,PCM_16,ok,
song,Actor_07/03-02-06-02-02-01-07.wav,452010,7a11f98f6ec21fd49e9c47e536bf5fe65435f060e039e44f3f3cd138e081ddef,7,6,fearful,2,2,1,3,2,48000,209810,1,PCM_16,ok,
song,Actor_07/03-02-06-02-02-02-07.wav,429586,db87dcc3a6a64272b2435411a6ae1b0f4d8236b8e845f5d01c33ae9d958dd7fc,7,6,fearful,2,2,2,3,2,48000,198598,1,PCM_16,ok,
song,Actor_08/03-02-01-01-01-01-08.wav,481754,7b9093d513bdbb8136143eff3604480f4e06c266ff92d7876ad33a2199c3bf4b,8,1,neutral,1,1,1,3,2,48000,224224,1,PCM_16,ok,
song,Actor_08/03-02-01-01-01-02-08.wav,488160,17410589529fc41cc7ee0d289de3316688bd52946d5a6acda85ae4eb28fdfbfe,8,1,neutral,1,1,2,3,2,48000,227427,1,PCM_16,ok,
song,Actor_08/03-02-01-01-02-01-08.wav,484956,02ddc658721ce8f1d0c7a75535c5ff660ade18dc54a7c47ba27c356287140595,8,1,neutral,1,2,1,3,2,48000,225825,1,PCM_16,ok,
song,Actor_08/03-02-01-01-02-02-08.wav,484958,9359675e035f288a324349ff4becbf7a176bbb44cf17b36f991e0c4e55fc3577,8,1,neutral,1,2,2,3,2,48000,225826,1,PCM_16,ok,
song,Actor_08/03-02-02-01-01-01-08.wav,484958,c20e79ac4e178f6b0eb066f9612b39250695c7694a15ffc72b6e60ddc0ed3123,8,2,calm,1,1,1,3,2,48000,225826,1,PCM_16,ok,
song,Actor_08/03-02-02-01-01-02-08.wav,494566,108970c0db8bb8d003faad3190d8cd038ef20eb31b826ef9de9095e5a42eaf4c,8,2,calm,1,1,2,3,2,48000,230630,1,PCM_16,ok,
song,Actor_08/03-02-02-01-02-01-08.wav,494566,56fbe11722657c8613f83d29a8f6c24c5ffe55135d7295ebe18377c212b336b2,8,2,calm,1,2,1,3,2,48000,230630,1,PCM_16,ok,
song,Actor_08/03-02-02-01-02-02-08.wav,500974,94cca1747f2786a5c54739889513cd421b70d0f73088bfbefff7676e73fb42a8,8,2,calm,1,2,2,3,2,48000,233834,1,PCM_16,ok,
song,Actor_08/03-02-02-02-01-01-08.wav,552836,22a3ac31727e9099070bb060ac2d0ecc2bbf019efb3b8b9fa7af55c5cad428a2,8,2,calm,2,1,1,3,2,48000,259459,1,PCM_16,ok,
song,Actor_08/03-02-02-02-01-02-08.wav,546428,b1994c8776d8c1fec8b982202ea16247f60f973213ac9f58d02b50cd28b4ae52,8,2,calm,2,1,2,3,2,48000,256256,1,PCM_16,ok,
song,Actor_08/03-02-02-02-02-01-08.wav,536818,a0764ad0a4757635e7605faefaadabb61027849bfb317a5a89464ac0fc151fe1,8,2,calm,2,2,1,3,2,48000,251451,1,PCM_16,ok,
song,Actor_08/03-02-02-02-02-02-08.wav,524006,af3cf13ff6e25d982061b5fb4a0e10dcac4fee08570c75b0fd5262343c3da6c8,8,2,calm,2,2,2,3,2,48000,245045,1,PCM_16,ok,
song,Actor_08/03-02-03-01-01-01-08.wav,475320,4c119a9eeee6957499f99967c326529b7899c11165e01e8000d06fe20dc97655,8,3,happy,1,1,1,3,2,48000,221020,1,PCM_16,ok,
song,Actor_08/03-02-03-01-01-02-08.wav,468938,ed3ef5c9d4701ebfcb985d0ac250db241fbfb924727f2ab379a69d62790c51d3,8,3,happy,1,1,2,3,2,48000,217817,1,PCM_16,ok,
song,Actor_08/03-02-03-01-02-01-08.wav,475346,f9c9891812ce6a14b49d2ff0a1fea43421ade44e450e382a25b0e51b21fe3dca,8,3,happy,1,2,1,3,2,48000,221021,1,PCM_16,ok,
song,Actor_08/03-02-03-01-02-02-08.wav,475348,5a3a56a61529f6f2d207f8fb74a279f85c6a9d5d41ff6c272d6725bc799f0b38,8,3,happy,1,2,2,3,2,48000,221021,1,PCM_16,ok,
song,Actor_08/03-02-03-02-01-01-08.wav,478550,96ffa72dde11882a501fc85b780cc9231eb9fd3d5827705a5a892a9b509a5561,8,3,happy,2,1,1,3,2,48000,222622,1,PCM_16,ok,
song,Actor_08/03-02-03-02-01-02-08.wav,465738,fd670336271e7ac7b4eac41b6326439479768cc700864952a191e5063410a325,8,3,happy,2,1,2,3,2,48000,216216,1,PCM_16,ok,
song,Actor_08/03-02-03-02-02-01-08.wav,472144,92f1c899f46cda2a6a756185db61421eec783f6df39aa07773bdcad8d67149e0,8,3,happy,2,2,1,3,2,48000,219419,1,PCM_16,ok,
song,Actor_08/03-02-03-02-02-02-08.wav,472144,5c8a5b31dadd3896f94b747a3eb7e23d28ed68c335d4c8cb1e21516308113d56,8,3,happy,2,2,2,3,2,48000,219419,1,PCM_16,ok,
song,Actor_08/03-02-04-01-01-01-08.wav,520194,faca2bd961fd31530aedfaf30ba9cd1f50e67ed1fcf777ea9c45678255046580,8,4,sad,1,1,1,3,2,48000,243444,1,PCM_16,ok,
song,Actor_08/03-02-04-01-01-02-08.wav,565648,c231cf32568d0a453ba4f76bd1f8a8c42ad51a4d2a926bbac5bf9722b4eff96a,8,4,sad,1,1,2,3,2,48000,265865,1,PCM_16,ok,
song,Actor_08/03-02-04-01-02-01-08.wav,549638,5499450d1045490b461ec7d7d6d9f73b44fd26c395ac45731c0c2e45273d5823,8,4,sad,1,2,1,3,2,48000,257857,1,PCM_16,ok,
song,Actor_08/03-02-04-01-02-02-08.wav,533016,08db9986f675914264b1eb9e9e38dc8b9a7a81f516b6cf4d8f8218a5f82a0dfa,8,4,sad,1,2,2,3,2,48000,249850,1,PCM_16,ok,
song,Actor_08/03-02-04-02-01-01-08.wav,510592,4091d4525ac925174dd3b05826e1c9137fcd0beb859b302a19e5e76a2a69c81c,8,4,sad,2,1,1,3,2,48000,238638,1,PCM_16,ok,
song,Actor_08/03-02-04-02-01-02-08.wav,513794,84f5baa3d7673b673f8bd141fcccd57d5b82699692c4f690cce6c27e8a671fdb,8,4,sad,2,1,2,3,2,48000,240240,1,PCM_16,ok,
song,Actor_08/03-02-04-02-02-01-08.wav,497780,420d913287a204248aaaa32f358fefd7b0741a166284cd5c35149da1aac8164a,8,4,sad,2,2,1,3,2,48000,232232,1,PCM_16,ok,
song,Actor_08/03-02-04-02-02-02-08.wav,510592,bd446876868a1d7a0898ff59b4630a9ea19e60de443544e5c5a93fb2cee26946,8,4,sad,2,2,2,3,2,48000,238638,1,PCM_16,ok,
song,Actor_08/03-02-05-01-01-01-08.wav,459344,e0b28fb67789780b51001bd197d60b0588a5c54db09fb94f10e0ac5f41d8461f,8,5,angry,1,1,1,3,2,48000,213013,1,PCM_16,ok,
song,Actor_08/03-02-05-01-01-02-08.wav,456140,89979259d6b99028a37a61cec5f6b7b9efb32cc9a96a9d5ffc3914b2e180979f,8,5,angry,1,1,2,3,2,48000,211411,1,PCM_16,ok,
song,Actor_08/03-02-05-01-02-01-08.wav,468954,d70cb6dd11fc82987474749974b13337780be814502ca73aa886d08231e4f144,8,5,angry,1,2,1,3,2,48000,217818,1,PCM_16,ok,
song,Actor_08/03-02-05-01-02-02-08.wav,472156,9c6186838c643684ec30e50a5cd9cbb03e475b713a3ffa77228c7a8d594e49be,8,5,angry,1,2,2,3,2,48000,219419,1,PCM_16,ok,
song,Actor_08/03-02-05-02-01-01-08.wav,468954,3bfe49f3f14d6157b15d5b984cfbd3924f75d5aa27092b1e62aa1c2f1825ff33,8,5,angry,2,1,1,3,2,48000,217818,1,PCM_16,ok,
song,Actor_08/03-02-05-02-01-02-08.wav,449734,71882175135eae9416684968b5d29d99a25ca9481bc616ccd5ad98bf6a14e216,8,5,angry,2,1,2,3,2,48000,208208,1,PCM_16,ok,
song,Actor_08/03-02-05-02-02-01-08.wav,459344,4e73afad3290ffa20bb0bcd4269bc608f1deb4ed74f6038b34fbc05a62f2a9f0,8,5,angry,2,2,1,3,2,48000,213013,1,PCM_16,ok,
song,Actor_08/03-02-05-02-02-02-08.wav,459344,181cc59846cc9316085b27b2dd7fb8288848493919746482ed054c5b07b39ae3,8,5,angry,2,2,2,3,2,48000,213013,1,PCM_16,ok,
song,Actor_08/03-02-06-01-01-01-08.wav,488172,387fb085f5a3177cc859143eda1c447e69494040d3aa3955a181e8dcdda3a780,8,6,fearful,1,1,1,3,2,48000,227427,1,PCM_16,ok,
song,Actor_08/03-02-06-01-01-02-08.wav,478564,6439c8b93f20bc63dcdf401afe4c3cb90878de2da96cbe1b4d8989bdcd44315e,8,6,fearful,1,1,2,3,2,48000,222623,1,PCM_16,ok,
song,Actor_08/03-02-06-01-02-01-08.wav,462548,95e85e20f29b6e868baa7715804b9a113488989dc1e111c308b87a3e6462074c,8,6,fearful,1,2,1,3,2,48000,214615,1,PCM_16,ok,
song,Actor_08/03-02-06-01-02-02-08.wav,452938,b29feeb14dbfa32be14696b96629d657074bde4830b4c3cd3c6e2a0f48b8f1eb,8,6,fearful,1,2,2,3,2,48000,209810,1,PCM_16,ok,
song,Actor_08/03-02-06-02-01-01-08.wav,475360,ef448ca763bf9aaee9831c87e4c16d73d8ed0ded4c26aabfa94fcec14f06c5e2,8,6,fearful,2,1,1,3,2,48000,221021,1,PCM_16,ok,
song,Actor_08/03-02-06-02-01-02-08.wav,478564,e7d634a2727600410c152ba2e19edfcfc1160014042e466ed2f31a7087fa1276,8,6,fearful,2,1,2,3,2,48000,222623,1,PCM_16,ok,
song,Actor_08/03-02-06-02-02-01-08.wav,462548,868cc13b90421455571fa57213078ac8e2fa2ebf1948ac7bd28cef1be8e1cd90,8,6,fearful,2,2,1,3,2,48000,214615,1,PCM_16,ok,
song,Actor_08/03-02-06-02-02-02-08.wav,478562,b22e8275e15e519e8e8ce608d3826ca6a720cbaeeb4aa38b639dac2d197d70ef,8,6,fearful,2,2,2,3,2,48000,222622,1,PCM_16,ok,
song,Actor_09/03-02-01-01-01-01-09.wav,426592,ec255ee5ab4c37bebd211448697e7a4f60f0c1fa829d68d7c1ee4a2781f8ccb2,9,1,neutral,1,1,1,3,2,48000,196997,1,PCM_16,ok,
song,Actor_09/03-02-01-01-01-02-09.wav,452216,f4a3ef74eb2df3eec4eba421c8b1e437f36c71043a915fcd0ff171e8a5ea5517,9,1,neutral,1,1,2,3,2,48000,209809,1,PCM_16,ok,
song,Actor_09/03-02-01-01-02-01-09.wav,439404,cc0c60c5b5ad600309aa921f6d9b242a083019c830fdb2e586e629d8c9916597,9,1,neutral,1,2,1,3,2,48000,203403,1,PCM_16,ok,
song,Actor_09/03-02-01-01-02-02-09.wav,432996,69b71f6d6529df6e5d3834ca4a4c0f7e418cdc38f728b311ff3455a3e24d2e18,9,1,neutral,1,2,2,3,2,48000,200200,1,PCM_16,ok,
song,Actor_09/03-02-02-01-01-01-09.wav,545724,c74389b29959f4c56820a8b56296dc43877a84b9725aa4e8aa774968d72fc9c1,9,2,calm,1,1,1,3,2,48000,256256,1,PCM_16,ok,
song,Actor_09/03-02-02-01-01-02-09.wav,611762,9f2d8679f009cf2464cfe05a63c29e8b345e883f786c0a783172027c763ab444,9,2,calm,1,1,2,3,2,48000,289889,1,PCM_16,ok,
song,Actor_09/03-02-02-01-02-01-09.wav,477846,39462b94c9f5cfbb6f37e324c7b561dfb505ead97b3dd821d5e7454ad06380ac,9,2,calm,1,2,1,3,2,48000,222623,1,PCM_16,ok,
song,Actor_09/03-02-02-01-02-02-09.wav,503470,e688bfef603c41dea490c45caeca766addbd81baa424ec45baea0f4a8dfa2e8f,9,2,calm,1,2,2,3,2,48000,235435,1,PCM_16,ok,
song,Actor_09/03-02-02-02-01-01-09.wav,554724,d40d1331d4a822b83ced7a4e64431f4b0d513e02a2afc1a89f1566b8f0cecc55,9,2,calm,2,1,1,3,2,48000,261061,1,PCM_16,ok,
song,Actor_09/03-02-02-02-01-02-09.wav,551522,9781a90edb1f63d6e4ef05c979530bf5375b6c3163b854da4c8bc69d12e61932,9,2,calm,2,1,2,3,2,48000,259460,1,PCM_16,ok,
song,Actor_09/03-02-02-02-02-01-09.wav,548928,6c43f68fbd1e2d15a17aea30eab6efe79d815cd79057f55de3f5bb834676a302,9,2,calm,2,2,1,3,2,48000,257858,1,PCM_16,ok,
song,Actor_09/03-02-02-02-02-02-09.wav,606584,10eae060efbb2a581c3aed96b4d328921f403f7c8aef98c87cabddbd1510ffcd,9,2,calm,2,2,2,3,2,48000,286687,1,PCM_16,ok,
song,Actor_09/03-02-03-01-01-01-09.wav,475322,bfa94e910ce0c245b7ea997dbdcaf2e2c7719cd17698561ae0711cec9a3ef78c,9,3,happy,1,1,1,3,2,48000,221021,1,PCM_16,ok,
song,Actor_09/03-02-03-01-01-02-09.wav,490656,b4a7904b6d0684c60632b64ecc1baa3d3ce219ca4706d9a4587b632f5a07e5b0,9,3,happy,1,1,2,3,2,48000,229028,1,PCM_16,ok,
song,Actor_09/03-02-03-01-02-01-09.wav,484252,b670956a68d8253c78ceeb50e712238bfda74f0574bdf18932c6b0fd954215c6,9,3,happy,1,2,1,3,2,48000,225826,1,PCM_16,ok,
song,Actor_09/03-02-03-01-02-02-09.wav,474642,3339b1cbdedb0791e42734470e35e080b97cc93971f4a18485d66ed4f33098fc,9,3,happy,1,2,2,3,2,48000,221021,1,PCM_16,ok,
song,Actor_09/03-02-03-02-01-01-09.wav,516960,dab3225a1652ec6d4432dd0c6b64d9c13c12667de9abfc31fff0c8b45fcf1a59,9,3,happy,2,1,1,3,2,48000,241841,1,PCM_16,ok,
song,Actor_09/03-02-03-02-01-02-09.wav,458626,42fbe5e9c1561bdc8feae72449ec89a6a51d2695672a5b9eb9269f88639dc8e2,9,3,happy,2,1,2,3,2,48000,213013,1,PCM_16,ok,
song,Actor_09/03-02-03-02-02-01-09.wav,477846,aad0b9fd4bdb437439cbf8a81a6ebbe46de051cbb6d52206dbcff9edf3fa6e1b,9,3,happy,2,2,1,3,2,48000,222623,1,PCM_16,ok,
song,Actor_09/03-02-03-02-02-02-09.wav,481048,fd83d46d3011662c6fd18dd61ac9a42b32da26eb1ab1b6434dbbbdb9b9f4cf12,9,3,happy,2,2,2,3,2,48000,224224,1,PCM_16,ok,
song,Actor_09/03-02-04-01-01-01-09.wav,525894,06f46e2beda69471321cf460670e9d1e2182660d3acf04b6c9bb058e165a27b1,9,4,sad,1,1,1,3,2,48000,246647,1,PCM_16,ok,
song,Actor_09/03-02-04-01-01-02-09.wav,611762,7525d4d16c4615f3abc011314a8890d09f19b63bb4e473394e8b74dac13089bc,9,4,sad,1,1,2,3,2,48000,289890,1,PCM_16,ok,
song,Actor_09/03-02-04-01-02-01-09.wav,564940,76440d9a312bed42049e980f7292379c16e6769c3d27271bce3ed3fe79155a58,9,4,sad,1,2,1,3,2,48000,265866,1,PCM_16,ok,
song,Actor_09/03-02-04-01-02-02-09.wav,568142,8ed874d89c2a7993a2d53a688b5940118b3d43bfb52eeb9f1777fa3b6c816cbf,9,4,sad,1,2,2,3,2,48000,267467,1,PCM_16,ok,
song,Actor_09/03-02-04-02-01-01-09.wav,445812,ff4c3384072850e855764b9a40d6e2f93c06da06be827ddac7c00d2b27eb1598,9,4,sad,2,1,1,3,2,48000,206606,1,PCM_16,ok,
song,Actor_09/03-02-04-02-01-02-09.wav,449018,877ee8d9e257af96dfa2a3f4e662302714e57f486fada5d67775650d7c3a11f8,9,4,sad,2,1,2,3,2,48000,208208,1,PCM_16,ok,
song,Actor_09/03-02-04-02-02-01-09.wav,442612,39878bb20d6a8dd98cab3bec5c49b931a07a2e2cf0c1e8825ce2c5935c030e20,9,4,sad,2,2,1,3,2,48000,205005,1,PCM_16,ok,
song,Actor_09/03-02-04-02-02-02-09.wav,432998,e6cb825677c6c4aa1a86bcf044666a4a65523c093750c0f88c471eb8e847ad7c,9,4,sad,2,2,2,3,2,48000,200200,1,PCM_16,ok,
song,Actor_09/03-02-05-01-01-01-09.wav,429798,d1fea4ccf0ee9d49422e44477b297dd7435ca03f88714cb280d1a4cf9abd0c10,9,5,angry,1,1,1,3,2,48000,198598,1,PCM_16,ok,
song,Actor_09/03-02-05-01-01-02-09.wav,420190,dae8e158d49864f09905b9c079b6e46c4e19f5c7f2dfa6fc86b8622abeb8bec7,9,5,angry,1,1,2,3,2,48000,193794,1,PCM_16,ok,
song,Actor_09/03-02-05-01-02-01-09.wav,420190,a38582434259da27fabdbdc2a81b7a7c6b9e8b4ebd9428da72a471f48b32a744,9,5,angry,1,2,1,3,2,48000,193794,1,PCM_16,ok,
song,Actor_09/03-02-05-01-02-02-09.wav,436204,a04d5535baa7ea7e97acc6b0a1a287c67608249ef18393b916b83025ad9c3354,9,5,angry,1,2,2,3,2,48000,201801,1,PCM_16,ok,
song,Actor_09/03-02-05-02-01-01-09.wav,433002,895cc601cae53b8c46907ee5a9d729adf3826b761415d6e78d71592e82ad79ab,9,5,angry,2,1,1,3,2,48000,200200,1,PCM_16,ok,
song,Actor_09/03-02-05-02-01-02-09.wav,429800,fdcc1216d952e97872c477d0512aee370e00fa412ccf3760a89a9b5681e37dd0,9,5,angry,2,1,2,3,2,48000,198599,1,PCM_16,ok,
song,Actor_09/03-02-05-02-02-01-09.wav,426596,6f67221d02cb2f7bb0f63634053df1461b86274de80cd6e2e49f51f2e03eb3bb,9,5,angry,2,2,1,3,2,48000,196997,1,PCM_16,ok,
song,Actor_09/03-02-05-02-02-02-09.wav,494522,c5f43fd59821790f2ad4e4b13f4dbe621ac98ddd63438b0eab632ef7f1b92c2a,9,5,angry,2,2,2,3,2,48000,230630,1,PCM_16,ok,
song,Actor_09/03-02-06-01-01-01-09.wav,426596,8fb1d41c6b621bbde4f933b63f818866272e964b265736a7f8a4e033e9f183f8,9,6,fearful,1,1,1,3,2,48000,196997,1,PCM_16,ok,
song,Actor_09/03-02-06-01-01-02-09.wav,410578,ca503ea8e471e56b08a607779bc678567d73265959bba16f57115d1cae22fcc5,9,6,fearful,1,1,2,3,2,48000,188988,1,PCM_16,ok,
song,Actor_09/03-02-06-01-02-01-09.wav,400970,a86ace0098b8352a67fbcb94a65f65ebf4740e6e939c1222f0c0f6080f0bcc9d,9,6,fearful,1,2,1,3,2,48000,184184,1,PCM_16,ok,
song,Actor_09/03-02-06-01-02-02-09.wav,407378,0403af0b414f335b2612ffca9faf06736f67a524733fb213b8841097acfe1bcc,9,6,fearful,1,2,2,3,2,48000,187388,1,PCM_16,ok,
song,Actor_09/03-02-06-02-01-01-09.wav,416986,ab8330366d44e479d3459e483c9fda44b615d77a16ca2ece21e6aa1ec2e7d78f,9,6,fearful,2,1,1,3,2,48000,192192,1,PCM_16,ok,
song,Actor_09/03-02-06-02-01-02-09.wav,413772,1670a066e60ec7eef603e070bd52908dd3f976adf3d11a4e482cce64a34f9840,9,6,fearful,2,1,2,3,2,48000,190590,1,PCM_16,ok,
song,Actor_09/03-02-06-02-02-01-09.wav,420190,6f221a668eacf0ad98aabbe523dff1fa72133df94064639fd0378e14877902e0,9,6,fearful,2,2,1,3,2,48000,193794,1,PCM_16,ok,
song,Actor_09/03-02-06-02-02-02-09.wav,429792,619f26db363d1177d7dca421bfa43b9727bc8ee64b41da4f61d6f3c2ee91bec8,9,6,fearful,2,2,2,3,2,48000,198598,1,PCM_16,ok,
song,Actor_10/03-02-01-01-01-01-10.wav,520242,ffcee7c830d916b1d7a8dbc073b0d02cd36718c9aeed39049dfc64e43b0d2434,10,1,neutral,1,1,1,3,2,48000,237037,1,PCM_16,ok,
song,Actor_10/03-02-01-01-01-02-10.wav,517040,67f72ae6e0839ecd2be29a2cc655469c4b8bba5bcfde9871ddca3364657ff4b8,10,1,neutral,1,1,2,3,2,48000,235436,1,PCM_16,ok,
song,Actor_10/03-02-01-01-02-01-10.wav,504226,2187f9617bed9b947defa55718bb9499b7a943ac6d7943231ef2060fd92cc58d,10,1,neutral,1,2,1,3,2,48000,229028,1,PCM_16,ok,
song,Actor_10/03-02-01-01-02-02-10.wav,513836,50893f715f26bd0501f57ebb3881f1066dbbb4e8e99e90ffcff21dddbce23ce3,10,1,neutral,1,2,2,3,2,48000,233833,1,PCM_16,ok,
song,Actor_10/03-02-02-01-01-01-10.wav,520242,f433ab4e756e7db4af50b0bb4be2fa9466d7d4ea6796d6b0164ef7932351e811,10,2,calm,1,1,1,3,2,48000,237036,1,PCM_16,ok,
song,Actor_10/03-02-02-01-01-02-10.wav,523448,e89bd1bf3061364628c38019e82596a817f1d64d273ec9ef1663ef9a27da1106,10,2,calm,1,1,2,3,2,48000,238639,1,PCM_16,ok,
song,Actor_10/03-02-02-01-02-01-10.wav,533056,a444f03ce97ff674fcacdd517e75c76e9204ce86b6c760206d59407918d8ee80,10,2,calm,1,2,1,3,2,48000,243443,1,PCM_16,ok,
song,Actor_10/03-02-02-01-02-02-10.wav,526650,a732f7853ace194750108cb6d772007aa79cf654c8237cf5d6977a1cd97ef9f7,10,2,calm,1,2,2,3,2,48000,240240,1,PCM_16,ok,
song,Actor_10/03-02-02-02-01-01-10.wav,539464,bece9dc0ddccb9860aaf5da8c50a7eb47dffd2f54a9fced2f195f82e4069284e,10,2,calm,2,1,1,3,2,48000,246646,1,PCM_16,ok,
song,Actor_10/03-02-02-02-01-02-10.wav,561888,43a8854c385a0ecfefda240dddbed0d3f5b6f829ce9392418519d44d5191c9d6,10,2,calm,2,1,2,3,2,48000,257858,1,PCM_16,ok,
song,Actor_10/03-02-02-02-02-01-10.wav,523448,41ee4af1060b9804404a2e553263fc34e831c526a22fc049cc5994fc4b8af5e9,10,2,calm,2,2,1,3,2,48000,238639,1,PCM_16,ok,
song,Actor_10/03-02-02-02-02-02-10.wav,561882,4b007f31a37a416b6663de2b9229b6863a3f1b043ffd9e19953c0574e11dac7d,10,2,calm,2,2,2,3,2,48000,257857,1,PCM_16,ok,
song,Actor_10/03-02-03-01-01-01-10.wav,539464,2af747e0321bb7156a308f2bb098109561c666c0b21accc4e99636073f6234a6,10,3,happy,1,1,1,3,2,48000,246646,1,PCM_16,ok,
song,Actor_10/03-02-03-01-01-02-10.wav,528614,57b21440eadc897c9e631005393e7cc243f05f278c9f2e695098fc4d6db8f719,10,3,happy,1,1,2,3,2,48000,241841,1,PCM_16,ok,
song,Actor_10/03-02-03-01-02-01-10.wav,565100,bc70d15a456de11f8ad1c67ef8fa337f48a60f65a80898255aa00c0fbdaf88d7,10,3,happy,1,2,1,3,2,48000,259459,1,PCM_16,ok,
song,Actor_10/03-02-03-01-02-02-10.wav,529860,85d9333e45e42f41dfca0825009ab8ea05446f5ca52a7bff20c73a0b4fe37a24,10,3,happy,1,2,2,3,2,48000,241841,1,PCM_16,ok,
song,Actor_10/03-02-03-02-01-01-10.wav,523454,52e77b688a06f9966dfadc5a2fbb0a91a74741b41aa6971535e6cf1fa539469a,10,3,happy,2,1,1,3,2,48000,238638,1,PCM_16,ok,
song,Actor_10/03-02-03-02-01-02-10.wav,504238,64513dd1b4421831ea1cb0e59391e0b66ec0e2075157cd36b48b0ca99d3b1653,10,3,happy,2,1,2,3,2,48000,229028,1,PCM_16,ok,
song,Actor_10/03-02-03-02-02-01-10.wav,507444,cd34140e6819212ddb7abd306b5193294445c37a097800c2d7456bd2b136e1aa,10,3,happy,2,2,1,3,2,48000,230631,1,PCM_16,ok,
song,Actor_10/03-02-03-02-02-02-10.wav,494630,d09a391b60a2c1e06bdd60db8a009441056cb195d06e84e9ec91bb39297101a9,10,3,happy,2,2,2,3,2,48000,224224,1,PCM_16,ok,
song,Actor_10/03-02-04-01-01-01-10.wav,546490,e51e9611e6973622621ff399c0d260d27083015abfa28978f578d1af863388cb,10,4,sad,1,1,1,3,2,48000,249849,1,PCM_16,ok,
song,Actor_10/03-02-04-01-01-02-10.wav,542678,fd960153e8c1e7661a0b515cea6f4bf1901a96f493397ec8d1026bc0159c1f94,10,4,sad,1,1,2,3,2,48000,248248,1,PCM_16,ok,
song,Actor_10/03-02-04-01-02-01-10.wav,539474,37f5a3f25b17c9719e32a6e2c089257274de6c1c1a4afc46b99d2a1b31e79a54,10,4,sad,1,2,1,3,2,48000,246646,1,PCM_16,ok,
song,Actor_10/03-02-04-01-02-02-10.wav,533068,a559e36d91edbd605584c568fc2e587815291e54858c2db2926580ecd610ad2f,10,4,sad,1,2,2,3,2,48000,243443,1,PCM_16,ok,
song,Actor_10/03-02-04-02-01-01-10.wav,561898,7b0e29b5308e3fb28e507d2ae427ea9b88717a754941707f762e99c761df6308,10,4,sad,2,1,1,3,2,48000,257858,1,PCM_16,ok,
song,Actor_10/03-02-04-02-01-02-10.wav,536272,68f46e8ff87c3bbabd16e47105165be983b2f153c897ea725e55e3612595a763,10,4,sad,2,1,2,3,2,48000,245045,1,PCM_16,ok,
song,Actor_10/03-02-04-02-02-01-10.wav,501036,db01978fef0a2052a00346be9c33e06d381f6e5e92db8903e58a72fdaa60573b,10,4,sad,2,2,1,3,2,48000,227427,1,PCM_16,ok,
song,Actor_10/03-02-04-02-02-02-10.wav,510646,6cdea9d80744c3803a50a31ab7da3ee0354ff443cebb0d3c5aa475ac5be8f780,10,4,sad,2,2,2,3,2,48000,232232,1,PCM_16,ok,
song,Actor_10/03-02-05-01-01-01-10.wav,492802,ca30c9d7cc53ea40f7d47685da6d7fc540de43f717ebe5ba8e9b49e19da6fd01,10,5,angry,1,1,1,3,2,48000,222622,1,PCM_16,ok,
song,Actor_10/03-02-05-01-01-02-10.wav,494626,b32e135b02ad72ff07ec4eeed49d4f2e1eff3f2e1921c804031a154f92fc42ca,10,5,angry,1,1,2,3,2,48000,224224,1,PCM_16,ok,
song,Actor_10/03-02-05-01-02-01-10.wav,488220,ae392ef6bfcec9e6031b1504debadace5136a2c8330c7f2d807511d278c4118e,10,5,angry,1,2,1,3,2,48000,221021,1,PCM_16,ok,
song,Actor_10/03-02-05-01-02-02-10.wav,491424,d0efc9207ed28c3d9cedba17a34255e57380c133637fdcabbcbe7edd0f5dc514,10,5,angry,1,2,2,3,2,48000,222622,1,PCM_16,ok,
song,Actor_10/03-02-05-02-01-01-10.wav,507442,55f032ff3863c521044593487cf2414898b26b8ee54a20db8e02ac6bd0187b40,10,5,angry,2,1,1,3,2,48000,230631,1,PCM_16,ok,
song,Actor_10/03-02-05-02-01-02-10.wav,510638,d3a29d3d1c716d873a6d2e60fe0131f9d125ff151018255cbe990a2854545784,10,5,angry,2,1,2,3,2,48000,232232,1,PCM_16,ok,
song,Actor_10/03-02-05-02-02-01-10.wav,485018,ea2c3fca33aad293fbcf7117bfa727f86e93495fc5f220ad0e7b887ec0350fe7,10,5,angry,2,2,1,3,2,48000,219419,1,PCM_16,ok,
song,Actor_10/03-02-05-02-02-02-10.wav,485020,57d4cfcb2ab66f68125cc043950fd8379cd02f0dcd1610b05a74d91cedb95f48,10,5,angry,2,2,2,3,2,48000,219420,1,PCM_16,ok,
song,Actor_10/03-02-06-01-01-01-10.wav,488222,fbce645699c48cdfbd33c020b3b533a60758553939e54384e9c3558df55fc6c6,10,6,fearful,1,1,1,3,2,48000,221021,1,PCM_16,ok,
song,Actor_10/03-02-06-01-01-02-10.wav,510644,8fb4ed8f1a15121bdc5731a9ecdd00264cb6e6477a385b994a1ca990dc63faf4,10,6,fearful,1,1,2,3,2,48000,232232,1,PCM_16,ok,
song,Actor_10/03-02-06-01-02-01-10.wav,513846,fc2fb61091b4399bc6dde3a127c48c4315e7ff51c848a342a73876eeedf1fd38,10,6,fearful,1,2,1,3,2,48000,233833,1,PCM_16,ok,
song,Actor_10/03-02-06-01-02-02-10.wav,497830,a6a849778d2513391b47f6f5e6cf6bb0be8607048caad3528538fa4072ee2766,10,6,fearful,1,2,2,3,2,48000,225825,1,PCM_16,ok,
song,Actor_10/03-02-06-02-01-01-10.wav,491426,9aaa485bff305b9685dc24d1ec7cf190b88f14e863cad7ddd9aa60ebe1671415,10,6,fearful,2,1,1,3,2,48000,222623,1,PCM_16,ok,
song,Actor_10/03-02-06-02-01-02-10.wav,488220,49fae72ecd88f2fa70fef0eea7f4833f6ae10a60728b94d750a36ae55e804e6b,10,6,fearful,2,1,2,3,2,48000,221021,1,PCM_16,ok,
song,Actor_10/03-02-06-02-02-01-10.wav,488222,ca9405161b278f6534b4c9ee532a84d48b54e7daefb45e1a7eda5a06ba701871,10,6,fearful,2,2,1,3,2,48000,221021,1,PCM_16,ok,
song,Actor_10/03-02-06-02-02-02-10.wav,488222,c57c9a99d3dab3b4a37aa180767b64231deb638c8cbc8d0e20479616bdb69588,10,6,fearful,2,2,2,3,2,48000,221021,1,PCM_16,ok,
song,Actor_11/03-02-01-01-01-01-11.wav,424336,293a3340dfb7e245906312481b02038e2bd29cbc3b63a33654697b8d7e81ec9c,11,1,neutral,1,1,1,3,2,48000,195395,1,PCM_16,ok,
song,Actor_11/03-02-01-01-01-02-11.wav,421134,3f9ab97ff8fdebbd068293df50a0c007a9fd582982c41dd3bc1bc5877ae9ccd8,11,1,neutral,1,1,2,3,2,48000,193794,1,PCM_16,ok,
song,Actor_11/03-02-01-01-02-01-11.wav,424336,78736c695653670ba1ae0cfaaa046ae1771818462fd103882bd813e96f334bb0,11,1,neutral,1,2,1,3,2,48000,195395,1,PCM_16,ok,
song,Actor_11/03-02-01-01-02-02-11.wav,427538,ec02367e7a1ea0a95a2291574a2df608552ec7965c2c00a1cbe7615d89b14b21,11,1,neutral,1,2,2,3,2,48000,196996,1,PCM_16,ok,
song,Actor_11/03-02-02-01-01-01-11.wav,469182,e4f120a53cfd84cb03510c1787f73f2092ecebedee669093fc6de4ed0d0ebacf,11,2,calm,1,1,1,3,2,48000,217818,1,PCM_16,ok,
song,Actor_11/03-02-02-01-01-02-11.wav,443554,53581922245d9525a781dbcb98c0ce45f5e80a42bb5bb511b4ca0c133ee8a335,11,2,calm,1,1,2,3,2,48000,205004,1,PCM_16,ok,
song,Actor_11/03-02-02-01-02-01-11.wav,465978,7899f2373a50bfdcbf5f717f5ad05f6e7068859c0a5e1b37b176e9d94af54c31,11,2,calm,1,2,1,3,2,48000,216216,1,PCM_16,ok,
song,Actor_11/03-02-02-01-02-02-11.wav,462776,ef379743ce5e7087d34debe2f6aade4c03c5cd4b677114122d5a0b2e83e50362,11,2,calm,1,2,2,3,2,48000,214615,1,PCM_16,ok,
song,Actor_11/03-02-02-02-01-01-11.wav,524248,9536129e52eabbaaa6382815201d2f8d58ca8fc7e0c924a7c963b777dd502730,11,2,calm,2,1,1,3,2,48000,245045,1,PCM_16,ok,
song,Actor_11/03-02-02-02-01-02-11.wav,507620,703d01cf4ba9e980a031ed18b63f09c71fd816faf93b5a409bad1854698fca22,11,2,calm,2,1,2,3,2,48000,237037,1,PCM_16,ok,
song,Actor_11/03-02-02-02-02-01-11.wav,504416,8d2aa6ca551b619152af337ceae3fa9d2de15d42f4d00f9e31d9e4ee818d9b88,11,2,calm,2,2,1,3,2,48000,235435,1,PCM_16,ok,
song,Actor_11/03-02-02-02-02-02-11.wav,536448,615b201dbe7ce4316418a87549572c4ef975d309e3c3730503533cd7e298a937,11,2,calm,2,2,2,3,2,48000,251451,1,PCM_16,ok,
song,Actor_11/03-02-03-01-01-01-11.wav,446762,32e95b63541106901634b93fc662f0516029fb01dad54a3866c464a361ea11c3,11,3,happy,1,1,1,3,2,48000,206607,1,PCM_16,ok,
song,Actor_11/03-02-03-01-01-02-11.wav,449964,555d031bb3b753f6163c166699343551b7e80eb4660b3eae2de94d3ce0639a68,11,3,happy,1,1,2,3,2,48000,208208,1,PCM_16,ok,
song,Actor_11/03-02-03-01-02-01-11.wav,453168,46668e3dfca5aa4314cbc8dab9d6c06faeda0143c49e149fa79ec2d34add810b,11,3,happy,1,2,1,3,2,48000,209810,1,PCM_16,ok,
song,Actor_11/03-02-03-01-02-02-11.wav,459574,5d23afb37d92fb2406143de9256bc768f9e814a0be39b1f884e1b75e7f75e202,11,3,happy,1,2,2,3,2,48000,213013,1,PCM_16,ok,
song,Actor_11/03-02-03-02-01-01-11.wav,443558,55b0651262bf7e3017d6c07ca8828031f9e6ddb8a509c5e85ce842443bf163ff,11,3,happy,2,1,1,3,2,48000,205005,1,PCM_16,ok,
song,Actor_11/03-02-03-02-01-02-11.wav,440330,8ae68c50093635234761687bff8b8775a72b4ddf100b23b459faa0a5724fa54b,11,3,happy,2,1,2,3,2,48000,203404,1,PCM_16,ok,
song,Actor_11/03-02-03-02-02-01-11.wav,408322,757f741041a03e25bf38d079a5476ad2a1139865e1f3b0ae0ca074f1d1473ef3,11,3,happy,2,2,1,3,2,48000,187387,1,PCM_16,ok,
song,Actor_11/03-02-03-02-02-02-11.wav,453166,346016c0883ed93af29facc4f721c2710d4fcf3d7c6b3b064f80c5b35e20d380,11,3,happy,2,2,2,3,2,48000,209810,1,PCM_16,ok,
song,Actor_11/03-02-04-01-01-01-11.wav,491606,4fde65069871fe8cccb255349860625538f82f91c4254ea7bfc358dd9178512c,11,4,sad,1,1,1,3,2,48000,229029,1,PCM_16,ok,
song,Actor_11/03-02-04-01-01-02-11.wav,523638,a9783b56360966985df4eaab73be61afbee7aa1c8a35077a459002622d7c6569,11,4,sad,1,1,2,3,2,48000,245045,1,PCM_16,ok,
song,Actor_11/03-02-04-01-02-01-11.wav,475588,82d5e483a96412d6ea9e4fbf1daa8667b5eb1a9849512a3fdcba5f07658df580,11,4,sad,1,2,1,3,2,48000,221020,1,PCM_16,ok,
song,Actor_11/03-02-04-01-02-02-11.wav,494808,04eb9d7c6b155b5c2ef6974d731394f52169d2debe8f17c570a20df6ed556f1e,11,4,sad,1,2,2,3,2,48000,230630,1,PCM_16,ok,
song,Actor_11/03-02-04-02-01-01-11.wav,526840,2fca24e20408407f48988c576e71a3a33ae8e06bee29421aa828f6f636d3636d,11,4,sad,2,1,1,3,2,48000,246646,1,PCM_16,ok,
song,Actor_11/03-02-04-02-01-02-11.wav,491608,2de4e29c3f6b9c3f70e51e17d29a5ea120ee8ee4bc0f4ec4b4d462ec273093f4,11,4,sad,2,1,2,3,2,48000,229029,1,PCM_16,ok,
song,Actor_11/03-02-04-02-02-01-11.wav,481998,fc18651566877aebed259b3f0d37dfab269622843f2f0ed8689584cd328e2644,11,4,sad,2,2,1,3,2,48000,224224,1,PCM_16,ok,
song,Actor_11/03-02-04-02-02-02-11.wav,510826,974fb99b2e761c9a1df1e2430b992ec75274d7e7ce1505bcf76e440adb5ffd8b,11,4,sad,2,2,2,3,2,48000,238638,1,PCM_16,ok,
song,Actor_11/03-02-05-01-01-01-11.wav,421136,97b8e60415b82b75c8e09470a718ec7194a8e9317116ab30749562f67c4b5dca,11,5,angry,1,1,1,3,2,48000,193793,1,PCM_16,ok,
song,Actor_11/03-02-05-01-01-02-11.wav,446762,088658afa510094bf17a06c4b6fa9c93fae653457ed4c4dc046745a36662935a,11,5,angry,1,1,2,3,2,48000,206606,1,PCM_16,ok,
song,Actor_11/03-02-05-01-02-01-11.wav,417934,7ac07028f1ad735c056a16984dfbbe81764fd29b02a33539435b21e777a5cab9,11,5,angry,1,2,1,3,2,48000,192192,1,PCM_16,ok,
song,Actor_11/03-02-05-01-02-02-11.wav,433950,b380e6959e8235ce31e224818d8247dcb4ffc7c113612ff59f4ff4c6360c324f,11,5,angry,1,2,2,3,2,48000,200200,1,PCM_16,ok,
song,Actor_11/03-02-05-02-01-01-11.wav,405122,030f44bbc52cf547e6ad91d0e7158f8230edff1d29d743a13fd5c095ec6cb934,11,5,angry,2,1,1,3,2,48000,185786,1,PCM_16,ok,
song,Actor_11/03-02-05-02-01-02-11.wav,408324,a8e599dbf533111263d6feb29c70db243f83c50ab57a3268bbd05251e8a66d6b,11,5,angry,2,1,2,3,2,48000,187387,1,PCM_16,ok,
song,Actor_11/03-02-05-02-02-01-11.wav,411526,eb3d53b2ee356b1aff9841541785751e7b46c3b40e117bb1d688d60173a4740d,11,5,angry,2,2,1,3,2,48000,188988,1,PCM_16,ok,
song,Actor_11/03-02-05-02-02-02-11.wav,433950,d42f27ca3fa05ba306376f4b2ff6d14c85c88ddfef9059f53a09a478643a4112,11,5,angry,2,2,2,3,2,48000,200200,1,PCM_16,ok,
song,Actor_11/03-02-06-01-01-01-11.wav,440354,8c3b5fc64c796502dcf6105cc8c6a931a0f3e33257ac57435c9f580b4beab8d3,11,6,fearful,1,1,1,3,2,48000,203403,1,PCM_16,ok,
song,Actor_11/03-02-06-01-01-02-11.wav,437152,a49b4e2970f4779d2e10d8ded614c4787f1dc429f446224af47fd5400f8e1e82,11,6,fearful,1,1,2,3,2,48000,201802,1,PCM_16,ok,
song,Actor_11/03-02-06-01-02-01-11.wav,427536,1d94470a9fe35afaea20830cae1919dc516a281739100710a58821d3508fd5cb,11,6,fearful,1,2,1,3,2,48000,196997,1,PCM_16,ok,
song,Actor_11/03-02-06-01-02-02-11.wav,433948,8331d563627efd38f75d8b724e4b5e50d854541864fcf65ffbe54a7d28136287,11,6,fearful,1,2,2,3,2,48000,200200,1,PCM_16,ok,
song,Actor_11/03-02-06-02-01-01-11.wav,398712,afe073f6ba2cce6356e56596d2e5d816909a5790535bcb64a343f7997eb81966,11,6,fearful,2,1,1,3,2,48000,182582,1,PCM_16,ok,
song,Actor_11/03-02-06-02-01-02-11.wav,401916,15e71a410b27433692a355a1a73da7457e4326eddebd66d66e01db5b81a43293,11,6,fearful,2,1,2,3,2,48000,184184,1,PCM_16,ok,
song,Actor_11/03-02-06-02-02-01-11.wav,395510,697125a6bc2dbf50385ddc5b043ee5eb7de3afdad3b3b974cb213cf6f0d393bb,11,6,fearful,2,2,1,3,2,48000,180981,1,PCM_16,ok,
song,Actor_11/03-02-06-02-02-02-11.wav,405114,080790001bd10953bc79ce03413cc0c466f77fded79dab56b959ac92e0e01753,11,6,fearful,2,2,2,3,2,48000,185786,1,PCM_16,ok,
song,Actor_12/03-02-01-01-01-01-12.wav,433018,5fc9cd16a7659257b53579423d991a71d6facdefa08393ce1d1f553c7ac689ef,12,1,neutral,1,1,1,3,2,48000,200200,1,PCM_16,ok,
song,Actor_12/03-02-01-01-01-02-12.wav,484954,81d1da8a3e6829ea27e1b5c1f1b1b5b4d43a1ee116b3fa43d6d9ca30146c4bd1,12,1,neutral,1,1,2,3,2,48000,225826,1,PCM_16,ok,
song,Actor_12/03-02-01-01-02-01-12.wav,452920,da420120e91734887a4f7c310c78e69f3e2a8de09d13d20fd3e49211080e53b6,12,1,neutral,1,2,1,3,2,48000,209809,1,PCM_16,ok,
song,Actor_12/03-02-01-01-02-02-12.wav,459328,db9e6378710b5ade7f499a23ebb4933457e9aaa1af42d5087a3a38ae6d83f622,12,1,neutral,1,2,2,3,2,48000,213013,1,PCM_16,ok,
song,Actor_12/03-02-02-01-01-01-12.wav,497764,b71933f7c1d8ad88710f1fdabb7eae0fc0a27dbc24c189c278f93adc0f2ac3c1,12,2,calm,1,1,1,3,2,48000,232232,1,PCM_16,ok,
song,Actor_12/03-02-02-01-01-02-12.wav,497766,9367305ba50083d4dd35f47132f823a9dc1ea307e3701a608e47126b8f5e2cca,12,2,calm,1,1,2,3,2,48000,232232,1,PCM_16,ok,
song,Actor_12/03-02-02-01-02-01-12.wav,472140,e5b22360d2274b1af56aaf5e7421d982574ef66e0782742ce65451c06c42b9ff,12,2,calm,1,2,1,3,2,48000,219419,1,PCM_16,ok,
song,Actor_12/03-02-02-01-02-02-12.wav,500970,57190461323233712d586682c844b97ef121721130ddcd8afbf3e675826b65a8,12,2,calm,1,2,2,3,2,48000,233834,1,PCM_16,ok,
song,Actor_12/03-02-02-02-01-01-12.wav,488160,d3468b0d5f72ccd99b73d43b137805a212adcaec8e1e10304b474516b02914a6,12,2,calm,2,1,1,3,2,48000,227427,1,PCM_16,ok,
song,Actor_12/03-02-02-02-01-02-12.wav,481746,80f4551b41b0632d87e642ae0a5e536b0e3aeb96866afd83b78e7196e7d2c83f,12,2,calm,2,1,2,3,2,48000,224224,1,PCM_16,ok,
song,Actor_12/03-02-02-02-02-01-12.wav,481752,4e62f17838cd2e8e1ca286dd00b301ce5b5c93d1ac1f6e398c62c94f6c314478,12,2,calm,2,2,1,3,2,48000,224224,1,PCM_16,ok,
song,Actor_12/03-02-02-02-02-02-12.wav,478548,e6ed55d803e18ca7b6acd159c828a652df5efa79697c85a7dff84eefb017fc78,12,2,calm,2,2,2,3,2,48000,222622,1,PCM_16,ok,
song,Actor_12/03-02-03-01-01-01-12.wav,462532,84432cf05544c21bcc7a65279e6baf9d5daf652433916004b74dda3007bc89dd,12,3,happy,1,1,1,3,2,48000,214614,1,PCM_16,ok,
song,Actor_12/03-02-03-01-01-02-12.wav,462532,0a839f2e2815b5aa021157788623140ee10ec3ddb5e2edbc062d1fc690015ad4,12,3,happy,1,1,2,3,2,48000,214614,1,PCM_16,ok,
song,Actor_12/03-02-03-01-02-01-12.wav,475344,fe42e0af7dab655f3b05503ea8725f617feb2d5c08f8472c5cc86d79e9ba336c,12,3,happy,1,2,1,3,2,48000,221020,1,PCM_16,ok,
song,Actor_12/03-02-03-01-02-02-12.wav,465736,cf5e5965a81189986cec7d5c94e067d1da5b1bb65936515e2268c29a0e98e839,12,3,happy,1,2,2,3,2,48000,216216,1,PCM_16,ok,
song,Actor_12/03-02-03-02-01-01-12.wav,456126,ae207522b09d501250baf14c923c745fcab08dadb2f8ef64f8ca4e914a06c998,12,3,happy,2,1,1,3,2,48000,211411,1,PCM_16,ok,
song,Actor_12/03-02-03-02-01-02-12.wav,452922,676cfa627e6ca18a4b31b88c9e33f1ddda738c1573332a86c8ebf4e91a8a5d11,12,3,happy,2,1,2,3,2,48000,209809,1,PCM_16,ok,
song,Actor_12/03-02-03-02-02-01-12.wav,459330,fc9b3f9840333a56f9e8d8f48c74053c2ec688936e4c20078f8a52c981a222e2,12,3,happy,2,2,1,3,2,48000,213013,1,PCM_16,ok,
song,Actor_12/03-02-03-02-02-02-12.wav,449720,50e2751bdd59f2d20edabadea4e4eb5bf0856f0db7200a9146ddace391ca7824,12,3,happy,2,2,2,3,2,48000,208208,1,PCM_16,ok,
song,Actor_12/03-02-04-01-01-01-12.wav,456128,12e0362d6bb5760acfbb0658d2ea78b49c6e1adc9a786a725876f3f6562c389d,12,4,sad,1,1,1,3,2,48000,211411,1,PCM_16,ok,
song,Actor_12/03-02-04-01-01-02-12.wav,500972,84054ffadae81a527c5e8b6bc13b9c2a336eed35714584dd262f0a1d8f856069,12,4,sad,1,1,2,3,2,48000,233833,1,PCM_16,ok,
song,Actor_12/03-02-04-01-02-01-12.wav,468938,1f8f26f7d24560d324a3c86b122726a8747e549d74eb43c65f2b6fea19160cff,12,4,sad,1,2,1,3,2,48000,217817,1,PCM_16,ok,
song,Actor_12/03-02-04-01-02-02-12.wav,462534,3eafd96ceac144d8e0ff6673291e605adee6f3f4df24fcf30017252046a3161d,12,4,sad,1,2,2,3,2,48000,214614,1,PCM_16,ok,
song,Actor_12/03-02-04-02-01-01-12.wav,472136,b14b730e89ffe2756779d26730cfcee294c07f2f905d2a37d087ad2be2c09aa7,12,4,sad,2,1,1,3,2,48000,219419,1,PCM_16,ok,
song,Actor_12/03-02-04-02-01-02-12.wav,478550,e6492ca69125791a1ff411ab5af229bcd67dbe5ff897fae037156fc784cfbde6,12,4,sad,2,1,2,3,2,48000,222622,1,PCM_16,ok,
song,Actor_12/03-02-04-02-02-01-12.wav,449722,aeb0a2bbca70b70284f960ad0baf9e25c152372be435f0a59d59a3fe4291ea9c,12,4,sad,2,2,1,3,2,48000,208208,1,PCM_16,ok,
song,Actor_12/03-02-04-02-02-02-12.wav,452926,7ea4639678ff1c21221143a00e2f739edba5c2d9650cee71d09f084df5dbff54,12,4,sad,2,2,2,3,2,48000,209810,1,PCM_16,ok,
song,Actor_12/03-02-05-01-01-01-12.wav,475346,551f25c2e2820470481f2ebf5b8d450743afdfd5ba8d78217a684027ef867461,12,5,angry,1,1,1,3,2,48000,221021,1,PCM_16,ok,
song,Actor_12/03-02-05-01-01-02-12.wav,491362,c74dc9e5217ea33d7a223f169a1d719dec41ea650b3930bead7b8f3a042d3ac7,12,5,angry,1,1,2,3,2,48000,229029,1,PCM_16,ok,
song,Actor_12/03-02-05-01-02-01-12.wav,467710,96fe1257f59d4005d093f9221b96e3ccced0c3dcf8c43bcd1539b601ad6b6018,12,5,angry,1,2,1,3,2,48000,217817,1,PCM_16,ok,
song,Actor_12/03-02-05-01-02-02-12.wav,459332,a319d4c28e5d3ee17a88359030bd38313a94205f2ed2358c4874ffcab9aaefd9,12,5,angry,1,2,2,3,2,48000,213013,1,PCM_16,ok,
song,Actor_12/03-02-05-02-01-01-12.wav,478548,0a6ef00ef5c3b0f5c4e5e58638798b13c855da53cd874205e8a1ab21772db5e5,12,5,angry,2,1,1,3,2,48000,222622,1,PCM_16,ok,
song,Actor_12/03-02-05-02-01-02-12.wav,475344,6389f35f67f851a1eb1195a2861960d7f256e71c6e783edb18a660dbe8a47686,12,5,angry,2,1,2,3,2,48000,221020,1,PCM_16,ok,
song,Actor_12/03-02-05-02-02-01-12.wav,462532,91948b73079f252ce95a2061d87607356a21d73bcf81355c04bcf82546ee586b,12,5,angry,2,2,1,3,2,48000,214614,1,PCM_16,ok,
song,Actor_12/03-02-05-02-02-02-12.wav,475346,7b017280155e099c1fa47f55ee388fffcc070f60428e1cd23203ae9d96237d34,12,5,angry,2,2,2,3,2,48000,221021,1,PCM_16,ok,
song,Actor_12/03-02-06-01-01-01-12.wav,436906,bc59ced32a7370afe0d3cc8f27784e8b07012545796d72cbe8da1823be4d02c4,12,6,fearful,1,1,1,3,2,48000,201802,1,PCM_16,ok,
song,Actor_12/03-02-06-01-01-02-12.wav,392060,c85286ab26db71738dab603407c8f8f27f83a09afdaa3b03832c800274354a75,12,6,fearful,1,1,2,3,2,48000,179379,1,PCM_16,ok,
song,Actor_12/03-02-06-01-02-01-12.wav,436908,d49635a8bedbe921dfcd907fc82403e5dfa78a0fc5a5942cf2cbeba0c16a3839,12,6,fearful,1,2,1,3,2,48000,201802,1,PCM_16,ok,
song,Actor_12/03-02-06-01-02-02-12.wav,446516,b7fe1f9cea0178a2735341b0c143a05095fa2c06b2f2b88224c07b4d49dbb7a8,12,6,fearful,1,2,2,3,2,48000,206606,1,PCM_16,ok,
song,Actor_12/03-02-06-02-01-01-12.wav,419660,f41dff3c89a4a71cebe9e0bca7b09b2625a0055a1fc138db78aa67ae54c7870e,12,6,fearful,2,1,1,3,2,48000,193793,1,PCM_16,ok,
song,Actor_12/03-02-06-02-01-02-12.wav,430500,c34d16d78f4b02163cd73a8b265a02e1304b4267c9f9e7768c17b6996796b5eb,12,6,fearful,2,1,2,3,2,48000,198598,1,PCM_16,ok,
song,Actor_12/03-02-06-02-02-01-12.wav,419658,2e91ffe60c3f1b74b22ca1c219a7909575fce3165ab1077bfe229849e4e6d8e3,12,6,fearful,2,2,1,3,2,48000,193793,1,PCM_16,ok,
song,Actor_12/03-02-06-02-02-02-12.wav,449718,21be2e13b490919103546a56b9f191de879511745e56db2320464818cc8373a0,12,6,fearful,2,2,2,3,2,48000,208208,1,PCM_16,ok,
song,Actor_13/03-02-01-01-01-01-13.wav,448808,383ae5c74008aa7716c46e6c6d18c5a71ccaeb32054808ed26f8e1188ea86c11,13,1,neutral,1,1,1,3,2,48000,208208,1,PCM_16,ok,
song,Actor_13/03-02-01-01-01-02-13.wav,448808,ed00e54c67b8384764e9ac1030b1a0c65e32f97d14128291f860a0bd55195398,13,1,neutral,1,1,2,3,2,48000,208208,1,PCM_16,ok,
song,Actor_13/03-02-01-01-02-01-13.wav,448810,3d80566d16fcdfb29536318e8405e0837d205e0189b4635563138a1492963ea2,13,1,neutral,1,2,1,3,2,48000,208208,1,PCM_16,ok,
song,Actor_13/03-02-01-01-02-02-13.wav,442386,8f26b4cf285f63bb35575036703e433399bd78a17a8f18faa825e44f51b9f9c4,13,1,neutral,1,2,2,3,2,48000,205005,1,PCM_16,ok,
song,Actor_13/03-02-02-01-01-01-13.wav,448808,6930b6f44192f3831aef0fdee03a835ffbf2afe966db5ed12000259d6edb28f1,13,2,calm,1,1,1,3,2,48000,208208,1,PCM_16,ok,
song,Actor_13/03-02-02-01-01-02-13.wav,515454,a6d903ad833ace3f8e7ac204c77e6830d717cdba24c9e976a07587fee06f367b,13,2,calm,1,1,2,3,2,48000,241841,1,PCM_16,ok,
song,Actor_13/03-02-02-01-02-01-13.wav,496846,461a8952222e6c7bc949b05739f0ef69f560e7fa9318d148475ca60dd8b888eb,13,2,calm,1,2,1,3,2,48000,232232,1,PCM_16,ok,
song,Actor_13/03-02-02-01-02-02-13.wav,532700,cc3562ba62e77f1e9a6d12b97b3c84614f222eb3fec7cc37c8d83450d1593114,13,2,calm,1,2,2,3,2,48000,249850,1,PCM_16,ok,
song,Actor_13/03-02-02-02-01-01-13.wav,539104,eb8a6481197ea284ff1651f5f1e64e1dd62e6ef7881099d21f375a2b53da4327,13,2,calm,2,1,1,3,2,48000,253052,1,PCM_16,ok,
song,Actor_13/03-02-02-02-01-02-13.wav,500058,fafb1a4b8fbdfdf47dcb2503b622608998647561c79c1754c42219bec6e81bb5,13,2,calm,2,1,2,3,2,48000,233834,1,PCM_16,ok,
song,Actor_13/03-02-02-02-02-01-13.wav,496854,1bc91c8d2a0781c66c75dcc422f970bdae9ecebda6a751d428347ca648b1df63,13,2,calm,2,2,1,3,2,48000,232232,1,PCM_16,ok,
song,Actor_13/03-02-02-02-02-02-13.wav,500056,9dfc1926bb02db3a89465b52797f63f7585d6ad70cde6f09fafc70bdd83e6a78,13,2,calm,2,2,2,3,2,48000,233833,1,PCM_16,ok,
song,Actor_13/03-02-03-01-01-01-13.wav,450780,82768e08beb091528fc187c9113a48895ec5ec71093a9077ef6da037b6a6d9d2,13,3,happy,1,1,1,3,2,48000,209810,1,PCM_16,ok,
song,Actor_13/03-02-03-01-01-02-13.wav,455212,cb5336af5181e571ad22fba440f2a59a139f3755533b2fa3d13af216d623e321,13,3,happy,1,1,2,3,2,48000,211411,1,PCM_16,ok,
song,Actor_13/03-02-03-01-02-01-13.wav,468026,2856fb0219d247016569f68e5bd3293dd1dc958701374ced38ea6f218bdfa1b7,13,3,happy,1,2,1,3,2,48000,217818,1,PCM_16,ok,
song,Actor_13/03-02-03-01-02-02-13.wav,468026,8a86b4f7dcb534248e2447e2296c2cfe1194e5886c1af4ac771f2763a7f691e4,13,3,happy,1,2,2,3,2,48000,217818,1,PCM_16,ok,
song,Actor_13/03-02-03-02-01-01-13.wav,455212,2526d85bd07fe2d77d0e9bc4cae19edf7ea2fd4ee07e46d816ad6a85da461bdd,13,3,happy,2,1,1,3,2,48000,211411,1,PCM_16,ok,
song,Actor_13/03-02-03-02-01-02-13.wav,458416,2fb3737fe7d05c32bd99c34e9473f2ab47108775084ad4ecffc80904d3c9bb77,13,3,happy,2,1,2,3,2,48000,213013,1,PCM_16,ok,
song,Actor_13/03-02-03-02-02-01-13.wav,461620,78e14fdc6ef57390cd7a2935b476597f42f28a3d142b71c6ed37b4711ff59961,13,3,happy,2,2,1,3,2,48000,214615,1,PCM_16,ok,
song,Actor_13/03-02-03-02-02-02-13.wav,448806,d7850a297b107714ac47f8581c88dd19ac9f167de42e815d6c4a7a9810035e47,13,3,happy,2,2,2,3,2,48000,208208,1,PCM_16,ok,
song,Actor_13/03-02-04-01-01-01-13.wav,458418,f156efc760983840b3d98f17785dc89a9e1a0626d7fb5a0d9e23fc11ab88ec7e,13,4,sad,1,1,1,3,2,48000,213013,1,PCM_16,ok,
song,Actor_13/03-02-04-01-01-02-13.wav,480832,07b96b5319af63521f88b6e7f8a49fdaf41a639e3113042e978ec6f1586d1b49,13,4,sad,1,1,2,3,2,48000,224224,1,PCM_16,ok,
song,Actor_13/03-02-04-01-02-01-13.wav,452008,a0e7ba4fb352f430d2b4665cbed1b10e6658025945577a524e9009f4c21fcc65,13,4,sad,1,2,1,3,2,48000,209810,1,PCM_16,ok,
song,Actor_13/03-02-04-01-02-02-13.wav,471230,ce94ac08b750f3685b273437e229e8627ebb9a429842b0631d92fcc3947d3a28,13,4,sad,1,2,2,3,2,48000,219419,1,PCM_16,ok,
song,Actor_13/03-02-04-02-01-01-13.wav,445604,ab64d3a549a2233a56e7f13377844cc0f03ac7bf8dae8d6e2b6ae57bce9a9323,13,4,sad,2,1,1,3,2,48000,206606,1,PCM_16,ok,
song,Actor_13/03-02-04-02-01-02-13.wav,448808,f156279da4f77e10ef7fa881e1faad23db4ea1999e0083e9fdaf05e8e103114e,13,4,sad,2,1,2,3,2,48000,208208,1,PCM_16,ok,
song,Actor_13/03-02-04-02-02-01-13.wav,452014,3eb2451b7b6da91423aaa21b208bad5f08c575e8619db904d88a6715c26bad2f,13,4,sad,2,2,1,3,2,48000,209810,1,PCM_16,ok,
song,Actor_13/03-02-04-02-02-02-13.wav,458420,9c847f0a2162bb4cf8dc7187d33d6c527112c88fc08b43829e7e9c70bede555e,13,4,sad,2,2,2,3,2,48000,213013,1,PCM_16,ok,
song,Actor_13/03-02-05-01-01-01-13.wav,429590,1388c0332cf3d8df41acec5d8e06ba7fa98432782538e0898d588d17e34a924e,13,5,angry,1,1,1,3,2,48000,198598,1,PCM_16,ok,
song,Actor_13/03-02-05-01-01-02-13.wav,455216,35717e81a908dc7cbe217415c3bc5fd1ba4d1a773f422127185dd4fec517f85d,13,5,angry,1,1,2,3,2,48000,211411,1,PCM_16,ok,
song,Actor_13/03-02-05-01-02-01-13.wav,445602,133563f79c9dcb238ba276a1a654aaa713db521f5178b1b32517ae78f402fc7f,13,5,angry,1,2,1,3,2,48000,206606,1,PCM_16,ok,
song,Actor_13/03-02-05-01-02-02-13.wav,448794,9716be70b20b031e3946b48a2d1d2a0b21a13f6905e4500454855da2bbc5475b,13,5,angry,1,2,2,3,2,48000,208208,1,PCM_16,ok,
song,Actor_13/03-02-05-02-01-01-13.wav,442404,d8a9d0cedfab05488cee61b438268b0a83f7763903a6c1b1748bc2c36d70b168,13,5,angry,2,1,1,3,2,48000,205005,1,PCM_16,ok,
song,Actor_13/03-02-05-02-01-02-13.wav,474436,a695c78fe51f8c51e66eb04a31896c62b5308f315f57db760fd5c9aa414e4769,13,5,angry,2,1,2,3,2,48000,221021,1,PCM_16,ok,
song,Actor_13/03-02-05-02-02-01-13.wav,435996,1fdf1809f6ac00f5d70efad95cbde2f388c9d63d633646b0f264bb13049fa325,13,5,angry,2,2,1,3,2,48000,201801,1,PCM_16,ok,
song,Actor_13/03-02-05-02-02-02-13.wav,443080,15da61c6385f1519bd19228f22e2e293dd0167510153eda7cb09a1631cd06c57,13,5,angry,2,2,2,3,2,48000,205004,1,PCM_16,ok,
song,Actor_13/03-02-06-01-01-01-13.wav,439200,1d71ee7a09da3bb99326356df813baa1fb1763d8459a0bd6ec63aa092ee0b1df,13,6,fearful,1,1,1,3,2,48000,203403,1,PCM_16,ok,
song,Actor_13/03-02-06-01-01-02-13.wav,432794,d26746adb843b63bdbc1f91928298ebc0986e9408e6c8d8b367236ab0bec4d0f,13,6,fearful,1,1,2,3,2,48000,200200,1,PCM_16,ok,
song,Actor_13/03-02-06-01-02-01-13.wav,448810,62f0c3d3c225d844c4f6004f3f7805e4acac9f9c90281b927008af0c279e5f58,13,6,fearful,1,2,1,3,2,48000,208208,1,PCM_16,ok,
song,Actor_13/03-02-06-01-02-02-13.wav,452012,2ed932e14fe107e7c9cacb20460b25075689ed41e9e6e286d5b8a35167ccbf74,13,6,fearful,1,2,2,3,2,48000,209809,1,PCM_16,ok,
song,Actor_13/03-02-06-02-01-01-13.wav,442404,fe119d2a0dd2e8731eae4ec9566add74db8d609e9a1ba777600546b5a18b488b,13,6,fearful,2,1,1,3,2,48000,205005,1,PCM_16,ok,
song,Actor_13/03-02-06-02-01-02-13.wav,439200,f03e6309409a2d02bb6d0bccaef86eef390fdb9a0c8e66a807bdeb746f51377e,13,6,fearful,2,1,2,3,2,48000,203403,1,PCM_16,ok,
song,Actor_13/03-02-06-02-02-01-13.wav,445608,b5303e55be235ec511203ba5e693ba0e295dde51a0be9da1814c94a28a2007dc,13,6,fearful,2,2,1,3,2,48000,206607,1,PCM_16,ok,
song,Actor_13/03-02-06-02-02-02-13.wav,439200,19f8aaf49c2be56e49daeb5415539cbe0133c8e4cfac88fc61a764d0b4acfcfd,13,6,fearful,2,2,2,3,2,48000,203403,1,PCM_16,ok,
song,Actor_14/03-02-01-01-01-01-14.wav,459368,5905d595ff828ce46341836100aec8f1dffd74a873884f829dfc8468a3821d2f,14,1,neutral,1,1,1,3,2,48000,206607,1,PCM_16,ok,
song,Actor_14/03-02-01-01-01-02-14.wav,468976,6b721ac297d5ae9f4a6ddd1f1e585fb63f632f215d0d6387013ea688ee9aa02c,14,1,neutral,1,1,2,3,2,48000,211411,1,PCM_16,ok,
song,Actor_14/03-02-01-01-02-01-14.wav,472180,7bdc21018a415d9f48632fd533d674770e707815ffeb3058728b3f7fb55c9a0f,14,1,neutral,1,2,1,3,2,48000,213013,1,PCM_16,ok,
song,Actor_14/03-02-01-01-02-02-14.wav,468970,fecebcb79238a6604f303950dd84fe580fa4e2414e52a7831b617d54f31e92be,14,1,neutral,1,2,2,3,2,48000,211411,1,PCM_16,ok,
song,Actor_14/03-02-02-01-01-01-14.wav,494600,2b70ae7998c57ce8d325cd2149024a27c9c19b89a8793607a12cec3be38b9351,14,2,calm,1,1,1,3,2,48000,224224,1,PCM_16,ok,
song,Actor_14/03-02-02-01-01-02-14.wav,484992,99286ec15a0310e951d537d4686ad2f8e4b3f8500192ad4f5942634673c2832b,14,2,calm,1,1,2,3,2,48000,219419,1,PCM_16,ok,
song,Actor_14/03-02-02-01-02-01-14.wav,468976,79863151411991bec1e4e21ce5fe71d84ccc42e0cc0909053cd173d526622d2e,14,2,calm,1,2,1,3,2,48000,211412,1,PCM_16,ok,
song,Actor_14/03-02-02-01-02-02-14.wav,478584,f65fc912ef44f8a87472aa4ab3706dcceb1905ac19706cb0c84afbcdb7ec3581,14,2,calm,1,2,2,3,2,48000,216216,1,PCM_16,ok,
song,Actor_14/03-02-02-02-01-01-14.wav,529824,f1db279c31e9728990f9b73744ebf057949e68f9f5cd404f9baca93d13a17f57,14,2,calm,2,1,1,3,2,48000,241842,1,PCM_16,ok,
song,Actor_14/03-02-02-02-01-02-14.wav,565682,af73e0c2e926326b42dda08d5e3ab28d2e1f546935167c3105183d5ffb924e1a,14,2,calm,2,1,2,3,2,48000,259460,1,PCM_16,ok,
song,Actor_14/03-02-02-02-02-01-14.wav,507416,e43ee77d28f74ec232d29f6dee563bad5df4434672837c635df79c4854f958b6,14,2,calm,2,2,1,3,2,48000,230631,1,PCM_16,ok,
song,Actor_14/03-02-02-02-02-02-14.wav,504212,d449ea7fa3b9ec9e513144920328904fb4b92766667b94add151cc9a01700596,14,2,calm,2,2,2,3,2,48000,229029,1,PCM_16,ok,
song,Actor_14/03-02-03-01-01-01-14.wav,440146,3ae5d445d00d83774ca8c611305822a9b071144bdaf7f949435cdd48290e3c1f,14,3,happy,1,1,1,3,2,48000,196997,1,PCM_16,ok,
song,Actor_14/03-02-03-01-01-02-14.wav,452960,606da64bc94e78583ef2970029ee3528b4b1e6e989ebef52436b03e0c1d10eec,14,3,happy,1,1,2,3,2,48000,203403,1,PCM_16,ok,
song,Actor_14/03-02-03-01-02-01-14.wav,443348,edbbc865998f65ae639de1fe8eee3877537bdfe9bf78c6ddf78f4c993c3a64e5,14,3,happy,1,2,1,3,2,48000,198598,1,PCM_16,ok,
song,Actor_14/03-02-03-01-02-02-14.wav,436942,005faefc9bca2789c35f5705d12175d6dcdf1d705dde40215347a9621dcdc1d7,14,3,happy,1,2,2,3,2,48000,195395,1,PCM_16,ok,
song,Actor_14/03-02-03-02-01-01-14.wav,429298,1c39b53e1873a799eee3f65ebeff174aeffcb98c31cda121f1b61989204f4d4b,14,3,happy,2,1,1,3,2,48000,192192,1,PCM_16,ok,
song,Actor_14/03-02-03-02-01-02-14.wav,443350,1444d2ccd86bbbda70450e11f6ecd42781a7d6f9e753180d34dec4be7d641401,14,3,happy,2,1,2,3,2,48000,198598,1,PCM_16,ok,
song,Actor_14/03-02-03-02-02-01-14.wav,433740,25120a2566565587c09db7e2b28d3f8fb17035aa3447dcdb1c4c6b72f5e17637,14,3,happy,2,2,1,3,2,48000,193793,1,PCM_16,ok,
song,Actor_14/03-02-03-02-02-02-14.wav,443336,e169515366581c4bdcffe8ab5eb6d76f38fe918d38973baef60c1bb1bc9f5552,14,3,happy,2,2,2,3,2,48000,198599,1,PCM_16,ok,
song,Actor_14/03-02-04-01-01-01-14.wav,475382,301e8db08f7ce1084b98307e4637625ac43c7c89e1480e4d05d24278f0a474f5,14,4,sad,1,1,1,3,2,48000,214614,1,PCM_16,ok,
song,Actor_14/03-02-04-01-01-02-14.wav,484992,6c2bd27eaf3adc7d981a3266d324f291db8698f88595aaf2d4574ff4b5ca34f9,14,4,sad,1,1,2,3,2,48000,219419,1,PCM_16,ok,
song,Actor_14/03-02-04-01-02-01-14.wav,472178,4d8bcc1d5d119648c21e5d996a7c4af03d044b48606a5d20e066e37423bba9e1,14,4,sad,1,2,1,3,2,48000,213013,1,PCM_16,ok,
song,Actor_14/03-02-04-01-02-02-14.wav,468976,7125dbca6e4d45688209062b63ae3aed4585270c3307c9ef4198fc4349eeb018,14,4,sad,1,2,2,3,2,48000,211411,1,PCM_16,ok,
song,Actor_14/03-02-04-02-01-01-14.wav,475386,2d4bb0687d5226d2d1685f6c736d504562d139ded7ab25bb280ab7bdc60859fe,14,4,sad,2,1,1,3,2,48000,214615,1,PCM_16,ok,
song,Actor_14/03-02-04-02-01-02-14.wav,478588,f9c5fa8df80d3479a20f932a209ea40233bb2b89b09d8f0bda966720abdf2103,14,4,sad,2,1,2,3,2,48000,216216,1,PCM_16,ok,
song,Actor_14/03-02-04-02-02-01-14.wav,478588,c4c62d9270e24d1f7c03198715f9356b743dc635f9cf6bb3ebe3008ac8b962d0,14,4,sad,2,2,1,3,2,48000,216216,1,PCM_16,ok,
song,Actor_14/03-02-04-02-02-02-14.wav,465776,aad13f1cba17c744838e7c9bf0ed7fbcc0bf70840a52d13e804c210db9a50348,14,4,sad,2,2,2,3,2,48000,209810,1,PCM_16,ok,
song,Actor_14/03-02-05-01-01-01-14.wav,462572,0ae0552feafe3f720fbadba8dd614f4e579829363ae17eeabbc2d3b37b1f0573,14,5,angry,1,1,1,3,2,48000,208208,1,PCM_16,ok,
song,Actor_14/03-02-05-01-01-02-14.wav,459370,caea9489614364f5bb0ece2193fbd37dcb6c7008e836d1bfcedd56cff04c0741,14,5,angry,1,1,2,3,2,48000,206607,1,PCM_16,ok,
song,Actor_14/03-02-05-01-02-01-14.wav,465776,f417ce848a79c93c21af7d6d3a6d2a1d712467869ef0b05a1ede1f0ce26b1154,14,5,angry,1,2,1,3,2,48000,209810,1,PCM_16,ok,
song,Actor_14/03-02-05-01-02-02-14.wav,459368,f74e715248c642b231dc475f6ada14155b2a9762840539ba033c3edfee00067c,14,5,angry,1,2,2,3,2,48000,206606,1,PCM_16,ok,
song,Actor_14/03-02-05-02-01-01-14.wav,456166,3cd344ff9e83eb99f550b5c7ca165f2fa28355af4889de977fdbb5bf027f3f02,14,5,angry,2,1,1,3,2,48000,205005,1,PCM_16,ok,
song,Actor_14/03-02-05-02-01-02-14.wav,459368,8bc8f2bee4cd0de6295936b87d9dd0f4e28cda040fd1d09a6a474dc833ea6254,14,5,angry,2,1,2,3,2,48000,206606,1,PCM_16,ok,
song,Actor_14/03-02-05-02-02-01-14.wav,446536,b54be2f0e89ed8d0a8d90dfdb5a13b8ad54c2d39090f34930609bc07a4ee2a3e,14,5,angry,2,2,1,3,2,48000,200200,1,PCM_16,ok,
song,Actor_14/03-02-05-02-02-02-14.wav,465774,089b9957d9a440b3085f3e33cb8dc1ca5decb107f676c8bec647f4c11c03b2f3,14,5,angry,2,2,2,3,2,48000,209809,1,PCM_16,ok,
song,Actor_14/03-02-06-01-01-01-14.wav,468978,1aec59d6098d798f822ef47efe7ff97bc7aeaf65f98d8c13996faf11b5c3847b,14,6,fearful,1,1,1,3,2,48000,211411,1,PCM_16,ok,
song,Actor_14/03-02-06-01-01-02-14.wav,446556,d86959124505d6def155f01b4849b16eeb9541a1cd4c034863758ff911cb2697,14,6,fearful,1,1,2,3,2,48000,200200,1,PCM_16,ok,
song,Actor_14/03-02-06-01-02-01-14.wav,449756,2cebdf638604188d7ff19a1f993bec518a7efe500378bfaa58517966250c9dbd,14,6,fearful,1,2,1,3,2,48000,201801,1,PCM_16,ok,
song,Actor_14/03-02-06-01-02-02-14.wav,465776,c908c8660e8ba2626a2d93b8f3e4116cbf61e24ed546d884dc8f0ecd72dd873b,14,6,fearful,1,2,2,3,2,48000,209810,1,PCM_16,ok,
song,Actor_14/03-02-06-02-01-01-14.wav,401710,3e1d997beaeb1a50a0ce2ab0a47fd6719de493b071681923c6e09e628ff5e785,14,6,fearful,2,1,1,3,2,48000,177777,1,PCM_16,ok,
song,Actor_14/03-02-06-02-01-02-14.wav,392100,3225575c18157f5d3f5bba6abce5a127e09fb095f42ddfb7db674dbb48017b7a,14,6,fearful,2,1,2,3,2,48000,172972,1,PCM_16,ok,
song,Actor_14/03-02-06-02-02-01-14.wav,408118,89abebcd081109b2b055ef7efff5e82376aa4900e9a006680bc56b195f157c96,14,6,fearful,2,2,1,3,2,48000,180981,1,PCM_16,ok,
song,Actor_14/03-02-06-02-02-02-14.wav,388898,48824befbdf853a963560b371195fe5261b40c267ffc54e0c9c45f80131acccb,14,6,fearful,2,2,2,3,2,48000,171371,1,PCM_16,ok,
song,Actor_15/03-02-01-01-01-01-15.wav,465548,a3c56b197a60d7736e5c09eafeb7e626c8fde8195ef5a664520fc094815910bd,15,1,neutral,1,1,1,3,2,48000,214615,1,PCM_16,ok,
song,Actor_15/03-02-01-01-01-02-15.wav,443126,3eeea744d224bfe788a1f44623d88ee7ce27f9cbd5507d0fb6becf3a9659dc47,15,1,neutral,1,1,2,3,2,48000,203403,1,PCM_16,ok,
song,Actor_15/03-02-01-01-02-01-15.wav,455938,5fef42f9015769d32d4262e31840f4d847fd3d2bf93a402e7f41fd16bc0c7647,15,1,neutral,1,2,1,3,2,48000,209810,1,PCM_16,ok,
song,Actor_15/03-02-01-01-02-02-15.wav,449534,8d596824efa04a2786cde7155ade6f859903c40dbdd6a14219a77c4bee9c8b65,15,1,neutral,1,2,2,3,2,48000,206607,1,PCM_16,ok,
song,Actor_15/03-02-02-01-01-01-15.wav,468752,733bc3fd0634b37e1865afb3bfedd84666329906da742260dd95ed397175bb77,15,2,calm,1,1,1,3,2,48000,216216,1,PCM_16,ok,
song,Actor_15/03-02-02-01-01-02-15.wav,481564,253b053b3335ceacdadf99597133436fea6087d89eec08b6204e0afe23dac1a3,15,2,calm,1,1,2,3,2,48000,222622,1,PCM_16,ok,
song,Actor_15/03-02-02-01-02-01-15.wav,462346,fde93c8be1fee100e4dab276b46ca4933f1e06c941446f63cb4d614f1d6674a3,15,2,calm,1,2,1,3,2,48000,213013,1,PCM_16,ok,
song,Actor_15/03-02-02-01-02-02-15.wav,468752,253f9b7d834a9d85a29e3a5f561e1be7dcd6cbae42a4041c5f14def06eddabc4,15,2,calm,1,2,2,3,2,48000,216216,1,PCM_16,ok,
song,Actor_15/03-02-02-02-01-01-15.wav,468752,78557fc26d2042027a749edbd950000b8cba8554f73060bc94672a60977e3d19,15,2,calm,2,1,1,3,2,48000,216216,1,PCM_16,ok,
song,Actor_15/03-02-02-02-01-02-15.wav,478356,6f4cc85b5d5a4d4ffb9819790ab507cf2bcf90b6a480815a5bce20c9dc22083e,15,2,calm,2,1,2,3,2,48000,221021,1,PCM_16,ok,
song,Actor_15/03-02-02-02-02-01-15.wav,475158,d060f41d910629b00b94a88fa8c91184a0dbe83b5a94baa89ee694555e855a9a,15,2,calm,2,2,1,3,2,48000,219419,1,PCM_16,ok,
song,Actor_15/03-02-02-02-02-02-15.wav,468752,c04d892764f704d00c9aad51ac4113c46868de9f891da65902f900e9edb1be8e,15,2,calm,2,2,2,3,2,48000,216216,1,PCM_16,ok,
song,Actor_15/03-02-03-01-01-01-15.wav,439922,2f7a9ab8cec6c54c7dc1d5f3cc1d70a131e8902d77589e31ae5070082ccc4116,15,3,happy,1,1,1,3,2,48000,201801,1,PCM_16,ok,
song,Actor_15/03-02-03-01-01-02-15.wav,433516,4d5211d15037f8b7ad69400d1de136d550b23ae227ef3eb0cc7ca9d41eb79f4f,15,3,happy,1,1,2,3,2,48000,198598,1,PCM_16,ok,
song,Actor_15/03-02-03-01-02-01-15.wav,452736,86f2115dffeb1c44226692c603d1cf7ddea70264e7e74cc6154b75f1ec9b6633,15,3,happy,1,2,1,3,2,48000,208208,1,PCM_16,ok,
song,Actor_15/03-02-03-01-02-02-15.wav,436720,bbe308a3e474b7e9d7f66247c7397dd57a05944f9b77143887f59f34a2af74ed,15,3,happy,1,2,2,3,2,48000,200200,1,PCM_16,ok,
song,Actor_15/03-02-03-02-01-01-15.wav,439924,a56a7bde03ec3b726946ffb7ab186378f9c33362ef3fb7364c96f8f056231799,15,3,happy,2,1,1,3,2,48000,201802,1,PCM_16,ok,
song,Actor_15/03-02-03-02-01-02-15.wav,430314,6b3fb84bdf80a4ab97154c1f7a805fd25e4d7123b002ba294960725a9b39600f,15,3,happy,2,1,2,3,2,48000,196997,1,PCM_16,ok,
song,Actor_15/03-02-03-02-02-01-15.wav,433518,92e1e4b9256f6980ddc331a09ac6cf28df7f62b092e7b4bede33fa107160ddb4,15,3,happy,2,2,1,3,2,48000,198599,1,PCM_16,ok,
song,Actor_15/03-02-03-02-02-02-15.wav,414298,cda4b44d7990fdea0219d655c602c1e6dfd890df17fff74929381134781320d8,15,3,happy,2,2,2,3,2,48000,188989,1,PCM_16,ok,
song,Actor_15/03-02-04-01-01-01-15.wav,433514,cee4bb159dc6eb712d69e0bebcbea902aa4309f42e401e80b32cb8b064cd6fd2,15,4,sad,1,1,1,3,2,48000,198598,1,PCM_16,ok,
song,Actor_15/03-02-04-01-01-02-15.wav,452736,25eb40bee168fed482a7c38725a0e44369eb95c394ecad1a542f6664d19b0a53,15,4,sad,1,1,2,3,2,48000,208208,1,PCM_16,ok,
song,Actor_15/03-02-04-01-02-01-15.wav,446326,1d1197cf055680a85a955e92e09909e59697825ee3025a5a02c5bae6e936c4f3,15,4,sad,1,2,1,3,2,48000,205005,1,PCM_16,ok,
song,Actor_15/03-02-04-01-02-02-15.wav,446330,cf8b5b2f55fbe84d993d6a7056a934f3bc95c9ff00a0b26f7c0055075adcecb6,15,4,sad,1,2,2,3,2,48000,205005,1,PCM_16,ok,
song,Actor_15/03-02-04-02-01-01-15.wav,455938,1c864bb1f3d01a94364e53196aa795ccd3ac0bb2f170534566966729b56399f9,15,4,sad,2,1,1,3,2,48000,209809,1,PCM_16,ok,
song,Actor_15/03-02-04-02-01-02-15.wav,439924,e46e35706cb7ede757fb309f5f30f354ddb1fea96ef555fb177fa469d1185a47,15,4,sad,2,1,2,3,2,48000,201802,1,PCM_16,ok,
song,Actor_15/03-02-04-02-02-01-15.wav,439922,f1f786bba5dd9d2bbaa8825648323b1d8d2056704a262d99d662b2e4e9bbdf89,15,4,sad,2,2,1,3,2,48000,201801,1,PCM_16,ok,
song,Actor_15/03-02-04-02-02-02-15.wav,446330,f83fe8f1ca991a2e110a5830ebce5781330b9f2f5fedd2585b021dfe753d324e,15,4,sad,2,2,2,3,2,48000,205005,1,PCM_16,ok,
song,Actor_15/03-02-05-01-01-01-15.wav,436720,4aa858c9e805b46202fa64aa6910bfbf6b3cd9ca3306bc5b17208fc95d691b01,15,5,angry,1,1,1,3,2,48000,200200,1,PCM_16,ok,
song,Actor_15/03-02-05-01-01-02-15.wav,414298,10aea7deaf78c8cc07c05f47292d2339cbeaec6ea4c812e9d83f01d755b44c5d,15,5,angry,1,1,2,3,2,48000,188989,1,PCM_16,ok,
song,Actor_15/03-02-05-01-02-01-15.wav,468752,b862df3dcf63852d9145f5254062f377bf7152c27c33ca7c66b82358b412863f,15,5,angry,1,2,1,3,2,48000,216216,1,PCM_16,ok,
song,Actor_15/03-02-05-01-02-02-15.wav,414296,36e5baed8b9f7213477b284c37331ffa3c66df4c3dedec8758ef1161fd21c06c,15,5,angry,1,2,2,3,2,48000,188989,1,PCM_16,ok,
song,Actor_15/03-02-05-02-01-01-15.wav,436720,b8667aae23373ff4035d460fd2e734be014819fe590287eab775141535bdb100,15,5,angry,2,1,1,3,2,48000,200200,1,PCM_16,ok,
song,Actor_15/03-02-05-02-01-02-15.wav,433516,6cf3dc0c10e16d2a5d0f23a7c64e3df79af2c5d3a3ecbd330928dd46f56894f8,15,5,angry,2,1,2,3,2,48000,198598,1,PCM_16,ok,
song,Actor_15/03-02-05-02-02-01-15.wav,439924,fdda079eca0b6daea2d8759f41ad8245a3d8c0d8396505c965e3c9e8aec6d175,15,5,angry,2,2,1,3,2,48000,201802,1,PCM_16,ok,
song,Actor_15/03-02-05-02-02-02-15.wav,436720,19045969a2767e2082535cbf7cc80702e6aa502aff43576e2ab5c297bbab4979,15,5,angry,2,2,2,3,2,48000,200200,1,PCM_16,ok,
song,Actor_15/03-02-06-01-01-01-15.wav,449532,b0ef0424a75b5796c539e21e27c62abb9b4b9e69436807859956001fdb1758e0,15,6,fearful,1,1,1,3,2,48000,206606,1,PCM_16,ok,
song,Actor_15/03-02-06-01-01-02-15.wav,446330,52653269dbb361394d409839ef98b35004866498fca1dfc2a6ddfbcb9c713494,15,6,fearful,1,1,2,3,2,48000,205005,1,PCM_16,ok,
song,Actor_15/03-02-06-01-02-01-15.wav,446330,16b46c2e4dfdddb6e91a4c3567f80bf3893480ad94bbabd7c6a8c561c9973a48,15,6,fearful,1,2,1,3,2,48000,205005,1,PCM_16,ok,
song,Actor_15/03-02-06-01-02-02-15.wav,443126,1940e1bcbeb0e98363df7d40eeb8e1508cae17dc9ecfd25e07318f06020d2df2,15,6,fearful,1,2,2,3,2,48000,203403,1,PCM_16,ok,
song,Actor_15/03-02-06-02-01-01-15.wav,430314,69409bc9045377076e09165671c8aa4d105d8ddacce7e05f4d87baf2ce64adcf,15,6,fearful,2,1,1,3,2,48000,196997,1,PCM_16,ok,
song,Actor_15/03-02-06-02-01-02-15.wav,443126,6db18f9ea290584f531c8a544a27022077fb864a0f90bcb7f57e78b3cb089d4e,15,6,fearful,2,1,2,3,2,48000,203403,1,PCM_16,ok,
song,Actor_15/03-02-06-02-02-01-15.wav,413684,846dda903beadec9f6359869617deabf66096524c0864430d51dfcb47884138d,15,6,fearful,2,2,1,3,2,48000,188989,1,PCM_16,ok,
song,Actor_15/03-02-06-02-02-02-15.wav,423910,990f8fa829cbb92cf656323e29936ca68bc3906a3c7764eef37d931e96467495,15,6,fearful,2,2,2,3,2,48000,193794,1,PCM_16,ok,
song,Actor_16/03-02-01-01-01-01-16.wav,513818,d877cb911320ed50fc8ad3c7494d8adcd796451a4a02433732d3e564a0470948,16,1,neutral,1,1,1,3,2,48000,233833,1,PCM_16,ok,
song,Actor_16/03-02-01-01-01-02-16.wav,485014,720289a6cc732194935df6ae931f510249722beefc61d33f2dc4fd81f059c47d,16,1,neutral,1,1,2,3,2,48000,219420,1,PCM_16,ok,
song,Actor_16/03-02-01-01-02-01-16.wav,494620,558fd937d2d3f9acac64ba2bf1f45820c385347a7c6ccae2ff0e1b9acc6dd68b,16,1,neutral,1,2,1,3,2,48000,224224,1,PCM_16,ok,
song,Actor_16/03-02-01-01-02-02-16.wav,485012,f7381c20e925f1e81c02e7d27775b642f85eb53ffa7de644027812b7661c8048,16,1,neutral,1,2,2,3,2,48000,219419,1,PCM_16,ok,
song,Actor_16/03-02-02-01-01-01-16.wav,543278,570abc39f14df3bdabdb56a35291aa6f5561687df6e6f9cc251a1950ae21a217,16,2,calm,1,1,1,3,2,48000,248248,1,PCM_16,ok,
song,Actor_16/03-02-02-01-01-02-16.wav,501028,138d7a84a6808212c42d78c31c9abceea8af30a52f32b30acbca4690de10df8b,16,2,calm,1,1,2,3,2,48000,227427,1,PCM_16,ok,
song,Actor_16/03-02-02-01-02-01-16.wav,533670,eeef071b985a41012f3bd616eaf0949a0c35deb60b3030746e47ccf5403b8c0e,16,2,calm,1,2,1,3,2,48000,243443,1,PCM_16,ok,
song,Actor_16/03-02-02-01-02-02-16.wav,526656,a54f1480ff9eae1af700107a9034519af792faacf2ac59c08808083a65552fdd,16,2,calm,1,2,2,3,2,48000,240240,1,PCM_16,ok,
song,Actor_16/03-02-02-02-01-01-16.wav,532710,9f33818c6fa442d8a35574016e7a596f3e93dc7fcc7a54b086b34d19afe40d8c,16,2,calm,2,1,1,3,2,48000,243444,1,PCM_16,ok,
song,Actor_16/03-02-02-02-01-02-16.wav,552888,bdcc3ff20f7ae30da51a4ecdf00c1aaa24560c6cc66caa3c1053304d0e00d8a0,16,2,calm,2,1,2,3,2,48000,253053,1,PCM_16,ok,
song,Actor_16/03-02-02-02-02-01-16.wav,546482,22518c19a5441dceb3da948a2c0d210f225eb394b1ee61a4ca352d0c8582f7c1,16,2,calm,2,2,1,3,2,48000,249850,1,PCM_16,ok,
song,Actor_16/03-02-02-02-02-02-16.wav,540078,e3f2dee343fd7f75e214f5d6e4618bad85753a7d09033be407d3f72251cc45ca,16,2,calm,2,2,2,3,2,48000,246646,1,PCM_16,ok,
song,Actor_16/03-02-03-01-01-01-16.wav,513844,4045604fe31d600d6ec5ef0eb94e98ac424e4513fbb013bd01ca05dc154aa79e,16,3,happy,1,1,1,3,2,48000,233834,1,PCM_16,ok,
song,Actor_16/03-02-03-01-01-02-16.wav,497824,624175e291855d798a0c40634ddfd834e0033fee7b43947f5f8348a67efce22d,16,3,happy,1,1,2,3,2,48000,225825,1,PCM_16,ok,
song,Actor_16/03-02-03-01-02-01-16.wav,501030,772716dec4cbc2f852f86f825e34ce888b7e73eed107291d1aeb542f6affe45d,16,3,happy,1,2,1,3,2,48000,227427,1,PCM_16,ok,
song,Actor_16/03-02-03-01-02-02-16.wav,488208,702bd59f6ef5aed246d5da3c8ba85d5b6f9d77b2ff145b5fea633ac9c3418fcc,16,3,happy,1,2,2,3,2,48000,221021,1,PCM_16,ok,
song,Actor_16/03-02-03-02-01-01-16.wav,484992,0c37ed55606ae7ea06fafba844e65038cecfe7bb4ad26de4f0ebc68e93b7eb23,16,3,happy,2,1,1,3,2,48000,219419,1,PCM_16,ok,
song,Actor_16/03-02-03-02-01-02-16.wav,510638,cc8f1e9478cd12f046af24b58445e1ed4dbebc8c98e7c5815502060b31473097,16,3,happy,2,1,2,3,2,48000,232232,1,PCM_16,ok,
song,Actor_16/03-02-03-02-02-01-16.wav,465794,2369a885bd4244ad81be0fc30d780a4fd9075beb60aa33026be3bc73a66ab9d5,16,3,happy,2,2,1,3,2,48000,209810,1,PCM_16,ok,
song,Actor_16/03-02-03-02-02-02-16.wav,494622,09154213431c3013dbfc3d9249905ec81cf478e1e9cf64cbe21bb3f2b0916e43,16,3,happy,2,2,2,3,2,48000,224224,1,PCM_16,ok,
song,Actor_16/03-02-04-01-01-01-16.wav,517046,54bac9cb425673daed064b30c59605d28ec24b57fb8c8137dadde5bfe798ba92,16,4,sad,1,1,1,3,2,48000,235435,1,PCM_16,ok,
song,Actor_16/03-02-04-01-01-02-16.wav,526656,89d56a7ff57416157e12f8682c49566c39bb85da6592362e6f9e4b574a9f34d3,16,4,sad,1,1,2,3,2,48000,240240,1,PCM_16,ok,
song,Actor_16/03-02-04-01-02-01-16.wav,523448,59078c82ad75455733a937b35a436f3aed7a8c443eb998300c4219a2c0b62c23,16,4,sad,1,2,1,3,2,48000,238638,1,PCM_16,ok,
song,Actor_16/03-02-04-01-02-02-16.wav,517046,6bcc690c2d425266c15b95a6f779cd42f06dc3fc524cef996992847a99720caa,16,4,sad,1,2,2,3,2,48000,235435,1,PCM_16,ok,
song,Actor_16/03-02-04-02-01-01-16.wav,545878,67bd0e71c9c499441929fecf49f1ea8ccf3609f8bfbd47f31d542a0d302b129c,16,4,sad,2,1,1,3,2,48000,249850,1,PCM_16,ok,
song,Actor_16/03-02-04-02-01-02-16.wav,529860,7992f897de1e39fa22d6214b7065505f826e8463be878e1f718087945dae6b3c,16,4,sad,2,1,2,3,2,48000,241841,1,PCM_16,ok,
song,Actor_16/03-02-04-02-02-01-16.wav,536876,7e7c95dabfc0fa430ff132dab0900e0ea5537ece03c5bf6f553d64a353b7a781,16,4,sad,2,2,1,3,2,48000,245045,1,PCM_16,ok,
song,Actor_16/03-02-04-02-02-02-16.wav,510642,bbc6722beb74108ce02396e05462951244714db384e321cc25075b192e863058,16,4,sad,2,2,2,3,2,48000,232232,1,PCM_16,ok,
song,Actor_16/03-02-05-01-01-01-16.wav,469000,e58eebf5b9a7ad0e5cfa15d22eec4cf60e725cf0b1c1764e96301921d49730b4,16,5,angry,1,1,1,3,2,48000,211411,1,PCM_16,ok,
song,Actor_16/03-02-05-01-01-02-16.wav,469000,4260ea00bab71ad487adf382255f53ffd1bb95c1f82205527ebe18706197d831,16,5,angry,1,1,2,3,2,48000,211411,1,PCM_16,ok,
song,Actor_16/03-02-05-01-02-01-16.wav,469000,2706b71d0239af1784da6436767ef2c3f3d1ed5e84dd23fccd9f4cb249685361,16,5,angry,1,2,1,3,2,48000,211411,1,PCM_16,ok,
song,Actor_16/03-02-05-01-02-02-16.wav,469000,a5473edaeb0d97a5da79b24247d03478cb7f6381fa5697efdf4a052e5f3e5a30,16,5,angry,1,2,2,3,2,48000,211411,1,PCM_16,ok,
song,Actor_16/03-02-05-02-01-01-16.wav,469000,e0b87282b7994eed58a75e82550a8cdcc174ab3f335ec6682fe1e48dd761ac2a,16,5,angry,2,1,1,3,2,48000,211411,1,PCM_16,ok,
song,Actor_16/03-02-05-02-01-02-16.wav,481814,f04bbae3098268ca22618d85cdc7239230961f9a64cf51d294ca40993841bb59,16,5,angry,2,1,2,3,2,48000,217818,1,PCM_16,ok,
song,Actor_16/03-02-05-02-02-01-16.wav,472204,990b9bf1c5276741e47a4c9425405b1ef15c12f2256c13caa0b121a49caaaa77,16,5,angry,2,2,1,3,2,48000,213013,1,PCM_16,ok,
song,Actor_16/03-02-05-02-02-02-16.wav,459392,7abae09594c8c493780b757692672d3fc170a8ac5c67e854304f6784b015dada,16,5,angry,2,2,2,3,2,48000,206607,1,PCM_16,ok,
song,Actor_16/03-02-06-01-01-01-16.wav,497824,d6f1ba8b5f812666f18d73e745318faacfd070f44d1547062419498ef2fe29a6,16,6,fearful,1,1,1,3,2,48000,225825,1,PCM_16,ok,
song,Actor_16/03-02-06-01-01-02-16.wav,497828,db7f60cbc74d4309489e4172ae9e313ddf9e27e03d04807fff592c0c9898cdec,16,6,fearful,1,1,2,3,2,48000,225826,1,PCM_16,ok,
song,Actor_16/03-02-06-01-02-01-16.wav,465798,1296436010c43b65128bbdf2b3d279deb05acff440841bd23e4fe77b6efb13ff,16,6,fearful,1,2,1,3,2,48000,209810,1,PCM_16,ok,
song,Actor_16/03-02-06-01-02-02-16.wav,481802,029a19d37704c6e4517ddeae5226cdb47603ee25996396cd1f819fcf4b56ca7d,16,6,fearful,1,2,2,3,2,48000,217818,1,PCM_16,ok,
song,Actor_16/03-02-06-02-01-01-16.wav,494622,2568415527be529cee3d460769faebe53d670e44f720e734aa9d5a111f846d23,16,6,fearful,2,1,1,3,2,48000,224224,1,PCM_16,ok,
song,Actor_16/03-02-06-02-01-02-16.wav,488216,f5ec4c1404ea0dab4b503763f7189459e447f6124c2875b6c0734ef56d3fcb91,16,6,fearful,2,1,2,3,2,48000,221021,1,PCM_16,ok,
song,Actor_16/03-02-06-02-02-01-16.wav,485012,ba0d88fa7b81a937ecb20bf523d8b944d27cafddc6a74b6ffc18fc860cc21bbb,16,6,fearful,2,2,1,3,2,48000,219419,1,PCM_16,ok,
song,Actor_16/03-02-06-02-02-02-16.wav,481808,9c07fe0171d9c263bf7aa97edc48b76c9f1a0dc10324fdf5802c301156a5c5a5,16,6,fearful,2,2,2,3,2,48000,217817,1,PCM_16,ok,
song,Actor_17/03-02-01-01-01-01-17.wav,518724,6904330d80e836644574c007595e2d4357bed60cc6167a59e66bcd1d35790e99,17,1,neutral,1,1,1,3,2,48000,241841,1,PCM_16,ok,
song,Actor_17/03-02-01-01-01-02-17.wav,496302,139137f3dcefd273fa1d5f667fd9cb97dd8c663c6d1a6eb601668d2d629e170e,17,1,neutral,1,1,2,3,2,48000,230630,1,PCM_16,ok,
song,Actor_17/03-02-01-01-02-01-17.wav,518726,c37bf181a5e27d24b4c55b13612cdcc255a125be1ddb2944835a7a8d694da0c4,17,1,neutral,1,2,1,3,2,48000,241842,1,PCM_16,ok,
song,Actor_17/03-02-01-01-02-02-17.wav,502708,56a888cd04a5c000584841fd5b55048d131efc4cef7943e5851228e77bf58327,17,1,neutral,1,2,2,3,2,48000,233833,1,PCM_16,ok,
song,Actor_17/03-02-02-01-01-01-17.wav,528338,149b74ab5f5c7ae9dbe49617f093c020861dd3ca64e36135e1e8b1d58ae49580,17,2,calm,1,1,1,3,2,48000,246646,1,PCM_16,ok,
song,Actor_17/03-02-02-01-01-02-17.wav,531542,a37a4694bc23d86af23b8f3ca7e38aff33762742c82a44ece2eea4999f475cf4,17,2,calm,1,1,2,3,2,48000,248248,1,PCM_16,ok,
song,Actor_17/03-02-02-01-02-01-17.wav,531538,86c60d4a22ecd10cde0f1361424b1f7c77e9a9e0b3f26b1e9937eeb925895f1e,17,2,calm,1,2,1,3,2,48000,248248,1,PCM_16,ok,
song,Actor_17/03-02-02-01-02-02-17.wav,541152,c65034c928c527d681c7280c61b3f41ea5bce8c68ac5fce9b0eb20e9b0827988,17,2,calm,1,2,2,3,2,48000,253053,1,PCM_16,ok,
song,Actor_17/03-02-02-02-01-01-17.wav,537948,ae3b3b120c6ff05fd10889099c91ec8756dce820491a26ae045b2bc313b40f5d,17,2,calm,2,1,1,3,2,48000,251451,1,PCM_16,ok,
song,Actor_17/03-02-02-02-01-02-17.wav,537946,699d9e918f5177d0573e42ef4e6a83a78e4e5625f58561f10786924e061af8d8,17,2,calm,2,1,2,3,2,48000,251451,1,PCM_16,ok,
song,Actor_17/03-02-02-02-02-01-17.wav,534744,3326ff774741597f3c5119760f3dab190fdc832f45bedeb70307f8112c665629,17,2,calm,2,2,1,3,2,48000,249849,1,PCM_16,ok,
song,Actor_17/03-02-02-02-02-02-17.wav,541152,fcbc8e68410d8893288804b34e2f48661fb5e9f05c52c4ac89c275813d69d621,17,2,calm,2,2,2,3,2,48000,253053,1,PCM_16,ok,
song,Actor_17/03-02-03-01-01-01-17.wav,521932,bcbe082b15b922ae1e025139237f8e8eb6117823b985f6dcafabd4e079e8c9e4,17,3,happy,1,1,1,3,2,48000,243444,1,PCM_16,ok,
song,Actor_17/03-02-03-01-01-02-17.wav,515524,e0b2174fe8aeb48c7015ec48ec087a3c388b267730f087cc85a986037874a290,17,3,happy,1,1,2,3,2,48000,240240,1,PCM_16,ok,
song,Actor_17/03-02-03-01-02-01-17.wav,421948,95b3d772f5369e57a0009ce91913a65961dbd13debb5376efa02946f4e472e44,17,3,happy,1,2,1,3,2,48000,193794,1,PCM_16,ok,
song,Actor_17/03-02-03-01-02-02-17.wav,515524,a5071603f26fbad906402e4c64bcef91385bd3a7d24c173b8d1b66195e835ec6,17,3,happy,1,2,2,3,2,48000,240240,1,PCM_16,ok,
song,Actor_17/03-02-03-02-01-01-17.wav,521930,b5d819aef3a741a35d7bb66259fc6eb9ae65005800f8fdc6c74cf432dea6b6b1,17,3,happy,2,1,1,3,2,48000,243443,1,PCM_16,ok,
song,Actor_17/03-02-03-02-01-02-17.wav,496296,6bbad29ee2dd10eebb8d85a5840effa014c8f037363ce6fa13ab449f7b16d685,17,3,happy,2,1,2,3,2,48000,230631,1,PCM_16,ok,
song,Actor_17/03-02-03-02-02-01-17.wav,515524,8040837ab677a02a49db25fde19546e85a783edcb1e712e2a3c8877fb7c3f5a6,17,3,happy,2,2,1,3,2,48000,240240,1,PCM_16,ok,
song,Actor_17/03-02-03-02-02-02-17.wav,486018,4a829cc0754551506a4261fb7059647668f399683b9287f8da7136fe8133cc96,17,3,happy,2,2,2,3,2,48000,225826,1,PCM_16,ok,
song,Actor_17/03-02-04-01-01-01-17.wav,541144,c40e4900ff9e3a5a036342359e0d0405ea5cacfe07d52fe372da87b39d3cd529,17,4,sad,1,1,1,3,2,48000,253052,1,PCM_16,ok,
song,Actor_17/03-02-04-01-01-02-17.wav,515520,9b508ad1578639ca2c37bb676b2472d32304c9e2bf2c6b2ecd05fce59e664b31,17,4,sad,1,1,2,3,2,48000,240240,1,PCM_16,ok,
song,Actor_17/03-02-04-01-02-01-17.wav,502708,3f2c56d81fadccdeeed7401b24a049c2e509afa311da396c9a7148da2c0815eb,17,4,sad,1,2,1,3,2,48000,233833,1,PCM_16,ok,
song,Actor_17/03-02-04-01-02-02-17.wav,521928,623f6f8d925ea9155aeffcd869b2489b90caad4b5d06c3c35dd783e4a51e064e,17,4,sad,1,2,2,3,2,48000,243443,1,PCM_16,ok,
song,Actor_17/03-02-04-02-01-01-17.wav,534744,66293b5db4a5e664a986acb74ffa73ab4dd36798f66d5db6331ec927bfd490ad,17,4,sad,2,1,1,3,2,48000,249850,1,PCM_16,ok,
song,Actor_17/03-02-04-02-01-02-17.wav,544352,d9971162d40a618dddabfc5f99aa4bd63dfbfb3972a2703d809f7524b323aa1d,17,4,sad,2,1,2,3,2,48000,254655,1,PCM_16,ok,
song,Actor_17/03-02-04-02-02-01-17.wav,553962,04769393feac10d5392a0fbdb58ffa55afa26d9ae72ccf06a98d0c37c820ff28,17,4,sad,2,2,1,3,2,48000,259459,1,PCM_16,ok,
song,Actor_17/03-02-04-02-02-02-17.wav,553962,a402de9b09450683714c115f65e26dfc8417eb9a1eb310614011ee7a22ecb028,17,4,sad,2,2,2,3,2,48000,259459,1,PCM_16,ok,
song,Actor_17/03-02-05-01-01-01-17.wav,525134,1af9801a24403445d604caaf5d221e590ab580a9b9c16d09a14ec27fb1d997bf,17,5,angry,1,1,1,3,2,48000,245045,1,PCM_16,ok,
song,Actor_17/03-02-05-01-01-02-17.wav,525136,d2310fa91c86a1ac0899e6e21bc2a8a82f5476a04ca2c65077fb4438eb27d30a,17,5,angry,1,1,2,3,2,48000,245045,1,PCM_16,ok,
song,Actor_17/03-02-05-01-02-01-17.wav,531540,49ef3a78cf41a50f57358639499ec0600b9af3a94f75e67352fd173fb566d375,17,5,angry,1,2,1,3,2,48000,248248,1,PCM_16,ok,
song,Actor_17/03-02-05-01-02-02-17.wav,531540,cefcd5b27a5b86cee673cf68c8e6274788cb4c47e8e8ea07e8c3e7defd638cdd,17,5,angry,1,2,2,3,2,48000,248248,1,PCM_16,ok,
song,Actor_17/03-02-05-02-01-01-17.wav,435444,d20bab7a4c2745c6215747088c1d9feae7fce812cffdcc4f449c7ac7a645b859,17,5,angry,2,1,1,3,2,48000,200200,1,PCM_16,ok,
song,Actor_17/03-02-05-02-01-02-17.wav,493088,d4f921c92379fbe84c51e80a71fdfc3ac774a28e71629ab6cb7f979279773b40,17,5,angry,2,1,2,3,2,48000,229029,1,PCM_16,ok,
song,Actor_17/03-02-05-02-02-01-17.wav,531540,b6521943cf11eee43b10fc137d749c32a9d89b80b1f028ccb5e1ea03da64f5b7,17,5,angry,2,2,1,3,2,48000,248248,1,PCM_16,ok,
song,Actor_17/03-02-05-02-02-02-17.wav,499508,32d1c8ec5699764501e8d055c5358e094d65ef2338bc715499c42af7d720028e,17,5,angry,2,2,2,3,2,48000,232232,1,PCM_16,ok,
song,Actor_17/03-02-06-01-01-01-17.wav,509116,b858e09d02d2ab90748630b1307f594cffd7447ded91519adfc5f8f263530c67,17,6,fearful,1,1,1,3,2,48000,237036,1,PCM_16,ok,
song,Actor_17/03-02-06-01-01-02-17.wav,518728,18eaa1525ef2180e302b2cdf5df302d2aea35bcfe7e8263fa6b0186363c111ff,17,6,fearful,1,1,2,3,2,48000,241842,1,PCM_16,ok,
song,Actor_17/03-02-06-01-02-01-17.wav,521930,cf3f13605fd9b3b71c8c70ce048d751201961ba0e96af03cc1bca03a59434922,17,6,fearful,1,2,1,3,2,48000,243443,1,PCM_16,ok,
song,Actor_17/03-02-06-01-02-02-17.wav,483492,379000ec2e40f539f6cb4f6014b6d29d71eb80e5b269ff9def92a80b740d0bea,17,6,fearful,1,2,2,3,2,48000,224224,1,PCM_16,ok,
song,Actor_17/03-02-06-02-01-01-17.wav,422630,93cca5a72eaf70ffa71e08cd10b2ad8a374c0ba810596f6593240569bcd7c901,17,6,fearful,2,1,1,3,2,48000,193793,1,PCM_16,ok,
song,Actor_17/03-02-06-02-01-02-17.wav,457868,d56dc7cc86a2c7165dab804ae51b58775cb410c6e4ac6ba1f34d3a64ebc7fed9,17,6,fearful,2,1,2,3,2,48000,211411,1,PCM_16,ok,
song,Actor_17/03-02-06-02-02-01-17.wav,470680,69205fc98924b27bdfc3b9ab180aabbf4ccb2a221917d27ef9789a6fe9e537af,17,6,fearful,2,2,1,3,2,48000,217818,1,PCM_16,ok,
song,Actor_17/03-02-06-02-02-02-17.wav,461070,d84b8154e43b579052a43b9db62e28c1e5dc67011cef760101a2ad97f0e7d7af,17,6,fearful,2,2,2,3,2,48000,213013,1,PCM_16,ok,
song,Actor_19/03-02-01-01-01-01-19.wav,468884,376540372cb33197f185290318d196de7716f3d575355be19e3cdf9bb2d977c0,19,1,neutral,1,1,1,3,2,48000,217818,1,PCM_16,ok,
song,Actor_19/03-02-01-01-01-02-19.wav,449664,73b5e0efbb8aa69d268c246ed0ec8dcba916b8b126e0d2e4f131f25a48b3032c,19,1,neutral,1,1,2,3,2,48000,208208,1,PCM_16,ok,
song,Actor_19/03-02-01-01-02-01-19.wav,446460,1c9b443a2bc07a5259c57bab241df990234c110a5fe9d36b9342ae4522d35e15,19,1,neutral,1,2,1,3,2,48000,206606,1,PCM_16,ok,
song,Actor_19/03-02-01-01-02-02-19.wav,462478,88a261df593dbda6c7b1803a5d410f4f4b08ba22e095c9556422d611ca17bb8f,19,1,neutral,1,2,2,3,2,48000,214615,1,PCM_16,ok,
song,Actor_19/03-02-02-01-01-01-19.wav,465680,fdb886a84ac984b77f03510643e34de6b8f3c8a9489ada886f703731b9634d50,19,2,calm,1,1,1,3,2,48000,216216,1,PCM_16,ok,
song,Actor_19/03-02-02-01-01-02-19.wav,449664,94992b8e8c2b57a4bcd797f01300302c587b1f895aa708c1bc0eaf4b7a4f246f,19,2,calm,1,1,2,3,2,48000,208208,1,PCM_16,ok,
song,Actor_19/03-02-02-01-02-01-19.wav,472086,83f1161b2f7ffcff87e6f5176d486e8b70c07f974b71071ed36aab02e4ec47be,19,2,calm,1,2,1,3,2,48000,219419,1,PCM_16,ok,
song,Actor_19/03-02-02-01-02-02-19.wav,432968,8cf66f12380293c9281a3e7927f251543a6eb42c669c594dbebcce04055303d5,19,2,calm,1,2,2,3,2,48000,200200,1,PCM_16,ok,
song,Actor_19/03-02-02-02-01-01-19.wav,494512,c593e97d1b07cd8c5f1afbc7d13096b8d6b4d3f30a2edb694bbaf836def6135f,19,2,calm,2,1,1,3,2,48000,230631,1,PCM_16,ok,
song,Actor_19/03-02-02-02-01-02-19.wav,513730,fa6fc734cef61fbf6c5d2f5a2591510e512e77a4041cc9130cd79916f10abdac,19,2,calm,2,1,2,3,2,48000,240240,1,PCM_16,ok,
song,Actor_19/03-02-02-02-02-01-19.wav,507324,985af175aeefe773dafc6943625b98b9cea9cf4b6a21ea4e2a3f2de54cd5396e,19,2,calm,2,2,1,3,2,48000,237037,1,PCM_16,ok,
song,Actor_19/03-02-02-02-02-02-19.wav,494512,dfac4890253bb3398a8272e5138209aed5d2a6d0cae4185c8ae0185ecfb85276,19,2,calm,2,2,2,3,2,48000,230631,1,PCM_16,ok,
song,Actor_19/03-02-03-01-01-01-19.wav,475346,dfc1635b815e821162dbec7f64dea74fb8d3da51e85fc3467878c7dc21a5e6af,19,3,happy,1,1,1,3,2,48000,221021,1,PCM_16,ok,
song,Actor_19/03-02-03-01-01-02-19.wav,468938,e030880691c2dec7e075546c62c61c916d5ec592df6b7f0b677c19bd62f4b794,19,3,happy,1,1,2,3,2,48000,217817,1,PCM_16,ok,
song,Actor_19/03-02-03-01-02-01-19.wav,462534,012afd7a7d23bc39c4cae0e2e7978ad0db63841404b8b9bcb066f5a16338525e,19,3,happy,1,2,1,3,2,48000,214615,1,PCM_16,ok,
song,Actor_19/03-02-03-01-02-02-19.wav,459330,a827d2bf5e6c40543adceca6efc88f6dc3079fa26715fda23c4e20cba2828c77,19,3,happy,1,2,2,3,2,48000,213013,1,PCM_16,ok,
song,Actor_19/03-02-03-02-01-01-19.wav,452924,24b03efc42e1b76f2a0449d1c217670210198608ec9262a1dc33e6023b478a39,19,3,happy,2,1,1,3,2,48000,209810,1,PCM_16,ok,
song,Actor_19/03-02-03-02-01-02-19.wav,456126,5a0f5b86f3115f4c283092beed74ca4b1a2967a23a1c46c1de1736a7ffee6a79,19,3,happy,2,1,2,3,2,48000,211411,1,PCM_16,ok,
song,Actor_19/03-02-03-02-02-01-19.wav,433704,c2fd3939ae76a14516269086b65c53c1dae2b5ac143bb61a0f82bea85cd1ee93,19,3,happy,2,2,1,3,2,48000,200200,1,PCM_16,ok,
song,Actor_19/03-02-03-02-02-02-19.wav,465736,7a9ebc816d43645ca1901a8b9d9f05387bf624fe518adca4bbabaf83ea534b2a,19,3,happy,2,2,2,3,2,48000,216216,1,PCM_16,ok,
song,Actor_19/03-02-04-01-01-01-19.wav,488160,15c90c14c73e0dba1433f6a4d4f9cf678d86b84545c45ece3b4f30a6085c8c12,19,4,sad,1,1,1,3,2,48000,227428,1,PCM_16,ok,
song,Actor_19/03-02-04-01-01-02-19.wav,481750,137e4f86acf1067f0b80d4424525107c82588c49b1aec624ca7ed02a2352a4b1,19,4,sad,1,1,2,3,2,48000,224224,1,PCM_16,ok,
song,Actor_19/03-02-04-01-02-01-19.wav,516988,877ca595b32264e23770d75303f6b68649647d696ee41f2a1175aaec95a880e2,19,4,sad,1,2,1,3,2,48000,241842,1,PCM_16,ok,
song,Actor_19/03-02-04-01-02-02-19.wav,488158,cf2ffe20f5115472ed3ad8fbedd5d4a57a7512be73e15c25d95847363831b370,19,4,sad,1,2,2,3,2,48000,227427,1,PCM_16,ok,
song,Actor_19/03-02-04-02-01-01-19.wav,468940,fc3be52973fd67bc0f504718140b4959ace9e60f9dd9488261bd13795a0936af,19,4,sad,2,1,1,3,2,48000,217818,1,PCM_16,ok,
song,Actor_19/03-02-04-02-01-02-19.wav,475346,835f987648f38be59c0bf3a8d757dde0394ad5f5b006211e4970cdfd084b8ebe,19,4,sad,2,1,2,3,2,48000,221021,1,PCM_16,ok,
song,Actor_19/03-02-04-02-02-01-19.wav,552224,3b2bf1b99576c7db4736b2a6c178de61e3568920e68a9e6aa00d3c1b6a9d76a6,19,4,sad,2,2,1,3,2,48000,259460,1,PCM_16,ok,
song,Actor_19/03-02-04-02-02-02-19.wav,475344,d60fb0abb65e592339dc823eb5d296fc59b46c82fc96568862313906a8698b31,19,4,sad,2,2,2,3,2,48000,221020,1,PCM_16,ok,
song,Actor_19/03-02-05-01-01-01-19.wav,468940,812d37e3394446e9e1cd03859afd099658b4f4de6aa4b9303bb65e03dedc10ab,19,5,angry,1,1,1,3,2,48000,217818,1,PCM_16,ok,
song,Actor_19/03-02-05-01-01-02-19.wav,481752,a0cbe7d86e3c881125df68501e4cac7fdc20cbd06fc12c675b8d9aca61753c73,19,5,angry,1,1,2,3,2,48000,224224,1,PCM_16,ok,
song,Actor_19/03-02-05-01-02-01-19.wav,472144,83e33a05ccb301f5b47230c5935775240d363585c293c82e59b592ca4d688033,19,5,angry,1,2,1,3,2,48000,219420,1,PCM_16,ok,
song,Actor_19/03-02-05-01-02-02-19.wav,468938,06178f6544c1a1524d0621c0bc9ae11a35743d619e3b047407a4b5347f7d31f1,19,5,angry,1,2,2,3,2,48000,217817,1,PCM_16,ok,
song,Actor_19/03-02-05-02-01-01-19.wav,484956,fc9ce4ad1103c4bef3d921ed5ce2d0b5896a5c6e4df96d55b514839e81836c58,19,5,angry,2,1,1,3,2,48000,225826,1,PCM_16,ok,
song,Actor_19/03-02-05-02-01-02-19.wav,520190,bfa5c0b27451e42adea227039ae1dbc69bb9a80a8a5dc9fb6f622ecc08644129,19,5,angry,2,1,2,3,2,48000,243443,1,PCM_16,ok,
song,Actor_19/03-02-05-02-02-01-19.wav,542614,eeaefa4ef458ffb2d052609b200a0870825389cd1034dc891bbac47f47f3f8c0,19,5,angry,2,2,1,3,2,48000,254655,1,PCM_16,ok,
song,Actor_19/03-02-05-02-02-02-19.wav,559240,4c5df265478c3f6b3c67fdaa31d7759a470ffd671efa3ad4b6b7435218495cd3,19,5,angry,2,2,2,3,2,48000,262662,1,PCM_16,ok,
song,Actor_19/03-02-06-01-01-01-19.wav,459330,af855191e9ac399fe1215456f46e5f46c0cc70abe1eb64e0ee96e5617c216dba,19,6,fearful,1,1,1,3,2,48000,213013,1,PCM_16,ok,
song,Actor_19/03-02-06-01-01-02-19.wav,462532,ff94677a69a7341613e2e19270e164fccd1c1c543748d3a1a0723ed0b65f505c,19,6,fearful,1,1,2,3,2,48000,214614,1,PCM_16,ok,
song,Actor_19/03-02-06-01-02-01-19.wav,475340,1d08dfd94385c8dcb0bd98a694cb631847454f65bd2eb41a9ac47f73d54c922b,19,6,fearful,1,2,1,3,2,48000,221020,1,PCM_16,ok,
song,Actor_19/03-02-06-01-02-02-19.wav,462526,1c434a6491226818d5faa18b1244c903376253a1cde7e39901ae165aee2c1fbf,19,6,fearful,1,2,2,3,2,48000,214614,1,PCM_16,ok,
song,Actor_19/03-02-06-02-01-01-19.wav,462532,9c0f071cb926b59896da5ef7522b9dd09f10cb9db5d17d89ab19aa0b4e158c99,19,6,fearful,2,1,1,3,2,48000,214614,1,PCM_16,ok,
song,Actor_19/03-02-06-02-01-02-19.wav,446514,3704c67b228729cf3f5ad9f151166e0ae726bebae38062e32d5dfc16839626a0,19,6,fearful,2,1,2,3,2,48000,206607,1,PCM_16,ok,
song,Actor_19/03-02-06-02-02-01-19.wav,472142,41dee84ea9051a840b51e72f1eb37a026a1ed59c4cb562ba21f11ffa1454d834,19,6,fearful,2,2,1,3,2,48000,219419,1,PCM_16,ok,
song,Actor_19/03-02-06-02-02-02-19.wav,459330,3390265d10420892f78e3d15589f687bc3d52c1b5e61cbdf50909df02d422970,19,6,fearful,2,2,2,3,2,48000,213013,1,PCM_16,ok,
song,Actor_20/03-02-01-01-01-01-20.wav,507436,b4f9d7d3c90d6985f5fd6e9f6baa1c7556f7920131d1ca4c71545e9b6e5461db,20,1,neutral,1,1,1,3,2,48000,230631,1,PCM_16,ok,
song,Actor_20/03-02-01-01-01-02-20.wav,494622,22b07048919b0e437f4df2b8f9d51a42f0098869abcf7e83cb965c0e11574bf6,20,1,neutral,1,1,2,3,2,48000,224224,1,PCM_16,ok,
song,Actor_20/03-02-01-01-02-01-20.wav,497828,3ded5d54779b450f210480979de6a82bf63b02afddade4f32c2522e9e290fb3c,20,1,neutral,1,2,1,3,2,48000,225826,1,PCM_16,ok,
song,Actor_20/03-02-01-01-02-02-20.wav,497828,300cbb8fd8f1cc3b61f2e753602830f0c34b9ce3ad8c40c92bdf3593dce6130f,20,1,neutral,1,2,2,3,2,48000,225826,1,PCM_16,ok,
song,Actor_20/03-02-02-01-01-01-20.wav,520200,ba3376a92c3d843edfaaa279e63437a1c6431505732a27f299ce9fec66f48099,20,2,calm,1,1,1,3,2,48000,237036,1,PCM_16,ok,
song,Actor_20/03-02-02-01-01-02-20.wav,549080,92cad59f0517b05a9411aac5f092e0eac6314e09c6f8a4573378a298fab56c7b,20,2,calm,1,1,2,3,2,48000,251451,1,PCM_16,ok,
song,Actor_20/03-02-02-01-02-01-20.wav,523458,d68b8ea18f015a9b50abac25203c601761eddc80c7de253725abfbe0606d82c8,20,2,calm,1,2,1,3,2,48000,238638,1,PCM_16,ok,
song,Actor_20/03-02-02-01-02-02-20.wav,536272,4dfd3b677bd3969c418c40e282231397d5f677256a3a95b37ca403e54785a2ca,20,2,calm,1,2,2,3,2,48000,245045,1,PCM_16,ok,
song,Actor_20/03-02-02-02-01-01-20.wav,588130,6f0b0adea33b3a93eb4e9dc0c9ec160a0e6942cc71df05dc25a2a6d888f0754f,20,2,calm,2,1,1,3,2,48000,270670,1,PCM_16,ok,
song,Actor_20/03-02-02-02-01-02-20.wav,561616,0b9ac3c62989dd8c9614be459d0ba1f247a2c1abf72ac2f830c0f902329a7370,20,2,calm,2,1,2,3,2,48000,257857,1,PCM_16,ok,
song,Actor_20/03-02-02-02-02-01-20.wav,542674,e5ee6c5e05296e58075ca9eb0d3f75254c78a9684213c655cc5b4227d33dcd1d,20,2,calm,2,2,1,3,2,48000,248248,1,PCM_16,ok,
song,Actor_20/03-02-02-02-02-02-20.wav,561896,1020cf4c11129a2fb50705bd8910a356d62e6713beca112cfd6c607fc78920c4,20,2,calm,2,2,2,3,2,48000,257858,1,PCM_16,ok,
song,Actor_20/03-02-03-01-01-01-20.wav,501034,5bd0acbd47c190fc9675239d8a5fef754fd8579fe0d91cfb1276a667ea3d1528,20,3,happy,1,1,1,3,2,48000,227427,1,PCM_16,ok,
song,Actor_20/03-02-03-01-01-02-20.wav,475410,2e287c410deed979ddd8c9ac8dd8b76cf4c20f0da0e577fec23c4c9de0965824,20,3,happy,1,1,2,3,2,48000,214615,1,PCM_16,ok,
song,Actor_20/03-02-03-01-02-01-20.wav,513848,ddb7768498804ac2cdeb1bf16378c411dde6cc222f4e2844951ce971fe532a04,20,3,happy,1,2,1,3,2,48000,233834,1,PCM_16,ok,
song,Actor_20/03-02-03-01-02-02-20.wav,510644,de845d263945fcb07055cf0cc097603fcb1f8c1b0a568b7bbdadf240b9eb2e9d,20,3,happy,1,2,2,3,2,48000,232232,1,PCM_16,ok,
song,Actor_20/03-02-03-02-01-01-20.wav,440174,4e8631186563ff19f2341506e9dc76735d5530044b48f1ee142f2fb077f7d18b,20,3,happy,2,1,1,3,2,48000,196997,1,PCM_16,ok,
song,Actor_20/03-02-03-02-01-02-20.wav,462596,2845fad62d384a3d743b01fe25b23c717b59b6cd3c592f62c4473f936fc5a292,20,3,happy,2,1,2,3,2,48000,208208,1,PCM_16,ok,
song,Actor_20/03-02-03-02-02-01-20.wav,440174,dff92485c01d3d6d1947939ce17f0b3006a04fe8704b6a3cdaa2bfb6ae28699e,20,3,happy,2,2,1,3,2,48000,196997,1,PCM_16,ok,
song,Actor_20/03-02-03-02-02-02-20.wav,475408,643adbe45b51c58551ef003aca28e8402ae55ccbc79fb8205abc58257a8c48ab,20,3,happy,2,2,2,3,2,48000,214614,1,PCM_16,ok,
song,Actor_20/03-02-04-01-01-01-20.wav,536266,cafc57679fdfa9d97528646006e090030addb919b3ac2fa21c0126ce22e7c0d8,20,4,sad,1,1,1,3,2,48000,245044,1,PCM_16,ok,
song,Actor_20/03-02-04-01-01-02-20.wav,552284,679d7743ed14dc7b38ae3ea988aec5abc473cf8edb18e4ad6d77516876ed549d,20,4,sad,1,1,2,3,2,48000,253053,1,PCM_16,ok,
song,Actor_20/03-02-04-01-02-01-20.wav,520250,4f00fa2a00ff520d6e23cf21554425c673c4dce89f24b3de1b92d74a754488d8,20,4,sad,1,2,1,3,2,48000,237037,1,PCM_16,ok,
song,Actor_20/03-02-04-01-02-02-20.wav,555466,08c3df9fabed7d9c47d1c5f4cf8e63f695f6c36d8b1a200ff47a6f9d8f870ab3,20,4,sad,1,2,2,3,2,48000,254655,1,PCM_16,ok,
song,Actor_20/03-02-04-02-01-01-20.wav,558690,32b4ae1519d4ea074d86ad91107f0542743fcb8186fd9b333006e0875ad61690,20,4,sad,2,1,1,3,2,48000,256256,1,PCM_16,ok,
song,Actor_20/03-02-04-02-01-02-20.wav,565096,b70fd28c0b33a6b24a634ae422b2fe39440649b1739fc587250cc9624e4875ef,20,4,sad,2,1,2,3,2,48000,259459,1,PCM_16,ok,
song,Actor_20/03-02-04-02-02-01-20.wav,578520,cbec6b3f3400030d89de6e27c6e62e46bb2ecea15d90b2240b1892706f00bce7,20,4,sad,2,2,1,3,2,48000,265865,1,PCM_16,ok,
song,Actor_20/03-02-04-02-02-02-20.wav,555484,d8434be2b050f79341bb8d5d93b14b6b5058f2e5e9b8793224a8bacb4f754f97,20,4,sad,2,2,2,3,2,48000,254654,1,PCM_16,ok,
song,Actor_20/03-02-05-01-01-01-20.wav,497832,b2427a2e4514c57ad128727f9b8989ab50e723f22d7d75cbd36a4e51e82a4d17,20,5,angry,1,1,1,3,2,48000,225826,1,PCM_16,ok,
song,Actor_20/03-02-05-01-01-02-20.wav,526660,8ca06c6c7f2af0c65960c003fe9ffe05911b0b27815e11f2525b1ffce8f13043,20,5,angry,1,1,2,3,2,48000,240240,1,PCM_16,ok,
song,Actor_20/03-02-05-01-02-01-20.wav,494628,ca088748f89a3d50c6ef739d4a31d47c29aef931aa1c11e06baa689168abd520,20,5,angry,1,2,1,3,2,48000,224224,1,PCM_16,ok,
song,Actor_20/03-02-05-01-02-02-20.wav,494628,b6490ac573263594bf052adc2fd145542464abb85b714b8269673838d7af3bb2,20,5,angry,1,2,2,3,2,48000,224224,1,PCM_16,ok,
song,Actor_20/03-02-05-02-01-01-20.wav,481816,bba8384f007346ffe9fd9b58e9c7eac7dae2bce271e75a2b01781d8577fac58b,20,5,angry,2,1,1,3,2,48000,217818,1,PCM_16,ok,
song,Actor_20/03-02-05-02-01-02-20.wav,481816,e1422b34bc38bd0be9c9a6f7756a6dee43df64e77a2d0340111a669c55e6b8b6,20,5,angry,2,1,2,3,2,48000,217817,1,PCM_16,ok,
song,Actor_20/03-02-05-02-02-01-20.wav,481538,ae6b158000fe2e21aa4a5b44b6ba731b4cd509983bc68e482f64d2dc45edff1f,20,5,angry,2,2,1,3,2,48000,217818,1,PCM_16,ok,
song,Actor_20/03-02-05-02-02-02-20.wav,486380,46d4f24f2d7b26d491758790ab6421df1fc3c6c175d0848dbf40dfa193ee0417,20,5,angry,2,2,2,3,2,48000,219419,1,PCM_16,ok,
song,Actor_20/03-02-06-01-01-01-20.wav,523458,33606e6613a1c47b9ae90e3a4160158aecedcd5d73a21d2a7ac7e23b163d5016,20,6,fearful,1,1,1,3,2,48000,238638,1,PCM_16,ok,
song,Actor_20/03-02-06-01-01-02-20.wav,533068,a0749bf33e22c225bb57dd899f907f7503eb6568cffea416f4602e781058f5ea,20,6,fearful,1,1,2,3,2,48000,243443,1,PCM_16,ok,
song,Actor_20/03-02-06-01-02-01-20.wav,507444,4c9e4bdf8a36dcf5adddfab3bd68fe7ccf73ba4c4306001a08ad765a4365499f,20,6,fearful,1,2,1,3,2,48000,230631,1,PCM_16,ok,
song,Actor_20/03-02-06-01-02-02-20.wav,517052,00c9e0495386f85d2189df237d56c00e86f3e5d35994a81e6f96604955e0738d,20,6,fearful,1,2,2,3,2,48000,235435,1,PCM_16,ok,
song,Actor_20/03-02-06-02-01-01-20.wav,414546,910782393da88d2256ad03aedd015f5496968163594aa16ff77b0d67eb96f535,20,6,fearful,2,1,1,3,2,48000,184184,1,PCM_16,ok,
song,Actor_20/03-02-06-02-01-02-20.wav,449786,ae84ebbf74337f24161e3099cc440c708362a61ec25545075488261fe143bcfe,20,6,fearful,2,1,2,3,2,48000,201802,1,PCM_16,ok,
song,Actor_20/03-02-06-02-02-01-20.wav,462588,687a4f8fc6d7999bf24ab27435eb828b9473c2585f3caf82fca03796f433c4ad,20,6,fearful,2,2,1,3,2,48000,208208,1,PCM_16,ok,
song,Actor_20/03-02-06-02-02-02-20.wav,446582,c865248c4b74d342defa76af084101c795b5578d4d2731804948fcd4f9eb8435,20,6,fearful,2,2,2,3,2,48000,200200,1,PCM_16,ok,
song,Actor_21/03-02-01-01-01-01-21.wav,457848,a4d474b068c553fa9777458ee5e926f5d5ec0a0504fb8df4e18f9c68e85dcca9,21,1,neutral,1,1,1,3,2,48000,206606,1,PCM_16,ok,
song,Actor_21/03-02-01-01-01-02-21.wav,464254,33972e56e9063ceeb96bf2199ebe9350f3e1538a144815188f99581361a873db,21,1,neutral,1,1,2,3,2,48000,209809,1,PCM_16,ok,
song,Actor_21/03-02-01-01-02-01-21.wav,464242,d20eefe46a0342269309baeb9f3000e61f4d3cf9d455ec0d29aebc445cec0995,21,1,neutral,1,2,1,3,2,48000,209809,1,PCM_16,ok,
song,Actor_21/03-02-01-01-02-02-21.wav,467456,baf69fa644378dc1b9f1812cbcde5148923fa0489d4d24a51ffb5e89aa9ca2d9,21,1,neutral,1,2,2,3,2,48000,211411,1,PCM_16,ok,
song,Actor_21/03-02-02-01-01-01-21.wav,489884,375a32c357ee079428e5bc23e084c1cd56f73b77b4f3b55e1c1765f62d28e6b8,21,2,calm,1,1,1,3,2,48000,222622,1,PCM_16,ok,
song,Actor_21/03-02-02-01-01-02-21.wav,483478,c562b0976e317b1f8cc866380ba435ce095b991bf512055f409103651bf5ad82,21,2,calm,1,1,2,3,2,48000,219419,1,PCM_16,ok,
song,Actor_21/03-02-02-01-02-01-21.wav,509104,cb4281b624c26695471991d8166d041b67bad3235f35f1ef388762098677cab1,21,2,calm,1,2,1,3,2,48000,232232,1,PCM_16,ok,
song,Actor_21/03-02-02-01-02-02-21.wav,496270,11ef8b3d5e04a66c0a883116e614e14b5c2db3564cc5422b9d4d97b0bc74e053,21,2,calm,1,2,2,3,2,48000,225826,1,PCM_16,ok,
song,Actor_21/03-02-02-02-01-01-21.wav,521916,df181fefd3ef5eed75a7078a12b08317e59e7212221a9ea271c939d1976e6076,21,2,calm,2,1,1,3,2,48000,238638,1,PCM_16,ok,
song,Actor_21/03-02-02-02-01-02-21.wav,515510,1a54e0941caeed2b4a7dcceb825c299d8a255e775f1ea03f8ef35454bdd47827,21,2,calm,2,1,2,3,2,48000,235435,1,PCM_16,ok,
song,Actor_21/03-02-02-02-02-01-21.wav,525120,12ed7ec0c8067f0970c21607a8084648056ccda748db6d97894c0936deeb0d90,21,2,calm,2,2,1,3,2,48000,240240,1,PCM_16,ok,
song,Actor_21/03-02-02-02-02-02-21.wav,515502,a509463726f099ab0f4b20115a1225f21972937214511185c0578d2a00ffa7d8,21,2,calm,2,2,2,3,2,48000,235436,1,PCM_16,ok,
song,Actor_21/03-02-03-01-01-01-21.wav,486682,123682a2ff3e0f9221d1547b576844582ba2de740c09b7ea58fb436f31395955,21,3,happy,1,1,1,3,2,48000,221021,1,PCM_16,ok,
song,Actor_21/03-02-03-01-01-02-21.wav,483478,fd51aadb2aab6db78e44a7468ceb8b37d297e2d21e47117f055817c76cb5b423,21,3,happy,1,1,2,3,2,48000,219419,1,PCM_16,ok,
song,Actor_21/03-02-03-01-02-01-21.wav,483478,3b2db492a67589f15ae651306054000b39bc14cf2e95658de082a339ff57b5fe,21,3,happy,1,2,1,3,2,48000,219419,1,PCM_16,ok,
song,Actor_21/03-02-03-01-02-02-21.wav,477072,e158da2716d8a4e10718ad52f884dee31dda412dfe0b3b0f354cdbc40ebcab39,21,3,happy,1,2,2,3,2,48000,216216,1,PCM_16,ok,
song,Actor_21/03-02-03-02-01-01-21.wav,473870,9c593bb120e2806b11140294edd428336e0331b69f9c11c9257b9c1646ea1dc2,21,3,happy,2,1,1,3,2,48000,214615,1,PCM_16,ok,
song,Actor_21/03-02-03-02-01-02-21.wav,473864,d92c12078cc1a9d465d746f1f894a790dc350c96bebd4aa218d70bb57eea64ce,21,3,happy,2,1,2,3,2,48000,214614,1,PCM_16,ok,
song,Actor_21/03-02-03-02-02-01-21.wav,483478,7842b8d4b7b48c563896cfa106bf66aef17dc2dd462cb97d11385b678f24e32b,21,3,happy,2,2,1,3,2,48000,219419,1,PCM_16,ok,
song,Actor_21/03-02-03-02-02-02-21.wav,483478,a826a166ca4777387857e0270acc958db7f45340987fe4aaa2ea77a1cb56d042,21,3,happy,2,2,2,3,2,48000,219419,1,PCM_16,ok,
song,Actor_21/03-02-04-01-01-01-21.wav,493086,8bfedd89716da8be52cbeac2fa0fbef1de6c37364b0c8b530063f0f95e3cda7d,21,4,sad,1,1,1,3,2,48000,224224,1,PCM_16,ok,
song,Actor_21/03-02-04-01-01-02-21.wav,489876,79c3d615983e69cf73d4d3a01aad1d6d121f0e898a6a2c452f150586481b61d5,21,4,sad,1,1,2,3,2,48000,222622,1,PCM_16,ok,
song,Actor_21/03-02-04-01-02-01-21.wav,489882,28c733b01ec717d75fdc22af5b02945a8d141c0ed7352f002e397f5acc99c75c,21,4,sad,1,2,1,3,2,48000,222622,1,PCM_16,ok,
song,Actor_21/03-02-04-01-02-02-21.wav,493086,93eae0e701ee67b2c64141054ecc3ed0d256030df1a9fc84924f938e6f8c4e67,21,4,sad,1,2,2,3,2,48000,224224,1,PCM_16,ok,
song,Actor_21/03-02-04-02-01-01-21.wav,502698,b6d24d9cba1a6fc9dcd71b101c4aa33781016d4ce56122e7127e4457a8822a24,21,4,sad,2,1,1,3,2,48000,229029,1,PCM_16,ok,
song,Actor_21/03-02-04-02-01-02-21.wav,502698,ce2a43d1f0c4c76b4081e2908eba15e1d8ebe1869d5bcca7d305cba12e9428d6,21,4,sad,2,1,2,3,2,48000,229029,1,PCM_16,ok,
song,Actor_21/03-02-04-02-02-01-21.wav,499492,4f649ed9a5447369ba0df405b221b56fe56e46cb298b4988fad4df6d4806036f,21,4,sad,2,2,1,3,2,48000,227427,1,PCM_16,ok,
song,Actor_21/03-02-04-02-02-02-21.wav,512308,959cac6f0af9cb74b93f61e5a907b67859a859fc0ef8e24d4684dcb0fc18f206,21,4,sad,2,2,2,3,2,48000,233834,1,PCM_16,ok,
song,Actor_21/03-02-05-01-01-01-21.wav,483480,af9838432339e7f4104eb2c49fd3477dc434384a4fc055892e0e800c8eca59e8,21,5,angry,1,1,1,3,2,48000,219420,1,PCM_16,ok,
song,Actor_21/03-02-05-01-01-02-21.wav,486682,a546c5a9ecea806fc5ed19c4cacaa78c0ce75184e94618126a4392898cdaba95,21,5,angry,1,1,2,3,2,48000,221021,1,PCM_16,ok,
song,Actor_21/03-02-05-01-02-01-21.wav,477072,761823cd9a2c65fabf27034af886245d96f3f8579d0818b72135c7ce30fd9257,21,5,angry,1,2,1,3,2,48000,216216,1,PCM_16,ok,
song,Actor_21/03-02-05-01-02-02-21.wav,483478,9d08ce07b37e2e7f5981fef2c84b07ddeab3ee3a2801383b6207f0125945b0f0,21,5,angry,1,2,2,3,2,48000,219419,1,PCM_16,ok,
song,Actor_21/03-02-05-02-01-01-21.wav,493088,b0258096b1f8e661bcee754b77c8b6f4f6517b5913766af8eae855b1b2668553,21,5,angry,2,1,1,3,2,48000,224224,1,PCM_16,ok,
song,Actor_21/03-02-05-02-01-02-21.wav,502698,8b63857bb45c9c8d710c37815d4e4eed1aeb45fa60021b2f07c2d7ccf98fbe2d,21,5,angry,2,1,2,3,2,48000,229029,1,PCM_16,ok,
song,Actor_21/03-02-05-02-02-01-21.wav,505900,e0c752a3b17d731b08fd6b17e1757fdc15c3fc6528a28af998fa90146c5654c3,21,5,angry,2,2,1,3,2,48000,230630,1,PCM_16,ok,
song,Actor_21/03-02-05-02-02-02-21.wav,502698,c2da901eabf66fda9386c370a23f3b9a86bf608679ce9112cce53a23d3f7261d,21,5,angry,2,2,2,3,2,48000,229029,1,PCM_16,ok,
song,Actor_21/03-02-06-01-01-01-21.wav,457854,05e0d777ef2f4dd0d9bfe44ba65166ac734f9704aae39bc84713f5a1b883b949,21,6,fearful,1,1,1,3,2,48000,206607,1,PCM_16,ok,
song,Actor_21/03-02-06-01-01-02-21.wav,464260,1dc1f639d630912c054698d66c4384f88202249d1f1ddce3f1b0314749bb6804,21,6,fearful,1,1,2,3,2,48000,209810,1,PCM_16,ok,
song,Actor_21/03-02-06-01-02-01-21.wav,454648,0bace2d30d909b29f2250d29ef333a99aa3d1d8f87a10ec9a410e19561e53b6b,21,6,fearful,1,2,1,3,2,48000,205004,1,PCM_16,ok,
song,Actor_21/03-02-06-01-02-02-21.wav,467464,6d7c1004f9e8c353f69fd88b6d18e9e53d9295e3e0a144ef352aec9ad00e7e7b,21,6,fearful,1,2,2,3,2,48000,211412,1,PCM_16,ok,
song,Actor_21/03-02-06-02-01-01-21.wav,454650,36b592afc7799db63bf039feb75cb6a31e8d0be0ae5feed6e58253b79f000957,21,6,fearful,2,1,1,3,2,48000,205005,1,PCM_16,ok,
song,Actor_21/03-02-06-02-01-02-21.wav,473868,41c89e84d5271908f200d87797f0d82ee1ccbba37982cfe1d83c3c1d46b7ad43,21,6,fearful,2,1,2,3,2,48000,214614,1,PCM_16,ok,
song,Actor_21/03-02-06-02-02-01-21.wav,448244,0941e59980b762147a59a3ac0f5d5a8dfd24b9b8396b06d58e153b26c379541d,21,6,fearful,2,2,1,3,2,48000,201802,1,PCM_16,ok,
song,Actor_21/03-02-06-02-02-02-21.wav,448244,9eab53c5c82f32f508a7808cdba8ab907aa24b8b60e3155e0342b43325773338,21,6,fearful,2,2,2,3,2,48000,201802,1,PCM_16,ok,
song,Actor_22/03-02-01-01-01-01-22.wav,499512,014f9dfc246e87d578a44b04b6ade8e6369c231e29c23775c8bd96a13986092a,22,1,neutral,1,1,1,3,2,48000,227427,1,PCM_16,ok,
song,Actor_22/03-02-01-01-01-02-22.wav,493106,7ff4357d214995ba0be22676447326292389e27306e8b6fa6c026927a3bbe454,22,1,neutral,1,1,2,3,2,48000,224224,1,PCM_16,ok,
song,Actor_22/03-02-01-01-02-01-22.wav,512326,a7b01dd474a15d00a0974687e57df273eb2fcc777e5c42f392a5dd811603180f,22,1,neutral,1,2,1,3,2,48000,233834,1,PCM_16,ok,
song,Actor_22/03-02-01-01-02-02-22.wav,502716,b484c59afd4afc94edec07861ad046aaac2a4496bd90e494b7dfeefb23912256,22,1,neutral,1,2,2,3,2,48000,229029,1,PCM_16,ok,
song,Actor_22/03-02-02-01-01-01-22.wav,515532,0a7ae4413938e1900c472da575fb662d7fb20d6061a543b553f121c2dc32d831,22,2,calm,1,1,1,3,2,48000,235435,1,PCM_16,ok,
song,Actor_22/03-02-02-01-01-02-22.wav,547564,6fd96a69e19d2e96e6d0a6548d179d09fa849ba2fa7d9a89fbb0fac252d61093,22,2,calm,1,1,2,3,2,48000,251451,1,PCM_16,ok,
song,Actor_22/03-02-02-01-02-01-22.wav,541156,a2e9fceba568cfc7ef049f724d8ae3cbb1047be1ad58cf185cb25400e9c52111,22,2,calm,1,2,1,3,2,48000,248248,1,PCM_16,ok,
song,Actor_22/03-02-02-01-02-02-22.wav,537956,87aa1ceeb4c423aef31f9f6914073ff0173f1abdb92281566cca6010c039c145,22,2,calm,1,2,2,3,2,48000,246647,1,PCM_16,ok,
song,Actor_22/03-02-02-02-01-01-22.wav,562348,80532aef06cf24d1282b3d952bb30c394750808aab49bd6da75ca8d0b4042a39,22,2,calm,2,1,1,3,2,48000,257857,1,PCM_16,ok,
song,Actor_22/03-02-02-02-01-02-22.wav,573802,850cdc8f534e32b4afaf65609f325ac2b9cb4f5700b4ba2375c4d0a98867731f,22,2,calm,2,1,2,3,2,48000,264264,1,PCM_16,ok,
song,Actor_22/03-02-02-02-02-01-22.wav,659674,cf5c02d923f3a2d30fab9a1d4b6fd8424d5bb3a3522003a2f2e6146351f9cb3a,22,2,calm,2,2,1,3,2,48000,305906,1,PCM_16,ok,
song,Actor_22/03-02-02-02-02-02-22.wav,553970,d80a9937583b373680c684a8797fc2b045e61d87dc4ffcf2d6c211ca72dac731,22,2,calm,2,2,2,3,2,48000,254655,1,PCM_16,ok,
song,Actor_22/03-02-03-01-01-01-22.wav,491284,3cdc4b54e283dd1b1e3b8685a416b4cad6c26cccf70e50d760352b065d93cfbc,22,3,happy,1,1,1,3,2,48000,222622,1,PCM_16,ok,
song,Actor_22/03-02-03-01-01-02-22.wav,493108,f45cd516a4313b89707d39be8e560c618c6e46358520347738351381e6114102,22,3,happy,1,1,2,3,2,48000,224224,1,PCM_16,ok,
song,Actor_22/03-02-03-01-02-01-22.wav,489910,4846abb0dea4af5695dcee2c68284817f23d8a36eb528839beb8b4479c47bc1a,22,3,happy,1,2,1,3,2,48000,222623,1,PCM_16,ok,
song,Actor_22/03-02-03-01-02-02-22.wav,502722,768f431024be94d205353b6e50575aac46134c8abed3206ab82a10451069ad98,22,3,happy,1,2,2,3,2,48000,229029,1,PCM_16,ok,
song,Actor_22/03-02-03-02-01-01-22.wav,509126,b8431ded3321c195005d30c5a89f03a9b5efdd1c5e64a5c98a996ebe2e307c06,22,3,happy,2,1,1,3,2,48000,232232,1,PCM_16,ok,
song,Actor_22/03-02-03-02-01-02-22.wav,509124,e785cedb7f4f360c77297daa44c8434fe20e692057a5512273ab74d212cf2a7c,22,3,happy,2,1,2,3,2,48000,232232,1,PCM_16,ok,
song,Actor_22/03-02-03-02-02-01-22.wav,493108,c0fc36058e7141c6305563c2baea8b30fae6328198cf0fd88d8fcc61bd54737e,22,3,happy,2,2,1,3,2,48000,224224,1,PCM_16,ok,
song,Actor_22/03-02-03-02-02-02-22.wav,509126,86e7bfc50bfe517b5eb3e9b90723fd4d1204c1a34af26655a28ce1c013978a76,22,3,happy,2,2,2,3,2,48000,232232,1,PCM_16,ok,
song,Actor_22/03-02-04-01-01-01-22.wav,518736,94fc41090394efec4776f16e60e847b88d688c8490e442ef3771e05b9b482d7c,22,4,sad,1,1,1,3,2,48000,237037,1,PCM_16,ok,
song,Actor_22/03-02-04-01-01-02-22.wav,499516,3da654a784d283899f75148f64d0e166706f86f5d054246cc1d280b5854236b4,22,4,sad,1,1,2,3,2,48000,227427,1,PCM_16,ok,
song,Actor_22/03-02-04-01-02-01-22.wav,541158,c7ffe5fc7c078d9ac24f8609f3cb4710fca4c58641577abedd67dd58d77dc2d5,22,4,sad,1,2,1,3,2,48000,248248,1,PCM_16,ok,
song,Actor_22/03-02-04-01-02-02-22.wav,531540,648c4b45d937f569ca775de303f9c57885c87aaf3b92bc060f6a40b09853c1d6,22,4,sad,1,2,2,3,2,48000,243443,1,PCM_16,ok,
song,Actor_22/03-02-04-02-01-01-22.wav,586004,0356ca3005bd48dcd2c2e59d14c8c0f037cf6c31b3418f5a8b4bea865d2519ac,22,4,sad,2,1,1,3,2,48000,270671,1,PCM_16,ok,
song,Actor_22/03-02-04-02-01-02-22.wav,582800,4c3c64ce04454b4dc23d4abc90499b87b0bf0e92cc139971bd91152431e5bcca,22,4,sad,2,1,2,3,2,48000,269069,1,PCM_16,ok,
song,Actor_22/03-02-04-02-02-01-22.wav,563580,10e03a0227cab6aab66f362eb0a909fcebb134557593b84a799cd24c02f15d76,22,4,sad,2,2,1,3,2,48000,259459,1,PCM_16,ok,
song,Actor_22/03-02-04-02-02-02-22.wav,602020,b96478dd9d27bea10be413c9c779e17c108effc9ce6c30a456da38ec7ae9ae6a,22,4,sad,2,2,2,3,2,48000,278679,1,PCM_16,ok,
song,Actor_22/03-02-05-01-01-01-22.wav,505924,f0bb7b6a7e8c1bb3e6eb3b2281f347477e08f87ef6622d71a983a7ec610b13b7,22,5,angry,1,1,1,3,2,48000,230631,1,PCM_16,ok,
song,Actor_22/03-02-05-01-01-02-22.wav,496314,563b819c9fa11ebf083c69a6555c841914eee631a21f6c182a4bc7fad6cce255,22,5,angry,1,1,2,3,2,48000,225826,1,PCM_16,ok,
song,Actor_22/03-02-05-01-02-01-22.wav,499516,d0303cf82f67e0794ed8422c8ee3dc4e3915f9c0ffe446789a8254316ec2c939,22,5,angry,1,2,1,3,2,48000,227427,1,PCM_16,ok,
song,Actor_22/03-02-05-01-02-02-22.wav,489906,a9d152a14c97b5e18491f0c103ef892935c308ca7d770612df82d686a806b002,22,5,angry,1,2,2,3,2,48000,222622,1,PCM_16,ok,
song,Actor_22/03-02-05-02-01-01-22.wav,496316,a944e44449960d568367c5d1ec4417ae181929a45327f7e703fdf88cb3fc6590,22,5,angry,2,1,1,3,2,48000,225826,1,PCM_16,ok,
song,Actor_22/03-02-05-02-01-02-22.wav,493112,f15486505e3d772899c22b8b15cf9ff79bcae001bb8339f7221969453951f4d6,22,5,angry,2,1,2,3,2,48000,224224,1,PCM_16,ok,
song,Actor_22/03-02-05-02-02-01-22.wav,499518,29feb01256c9f22a1f6e05fe45dc1df8e26f4fca3d9d8279603ff7cadf756089,22,5,angry,2,2,1,3,2,48000,227427,1,PCM_16,ok,
song,Actor_22/03-02-05-02-02-02-22.wav,499518,aa26960cc460df2ffa9b075fb0520c5bfce06bfe178a98dd8c8f683d4989ff48,22,5,angry,2,2,2,3,2,48000,227427,1,PCM_16,ok,
song,Actor_22/03-02-06-01-01-01-22.wav,493112,57aee230cb2be85ffa7ea87fd9f0605e7f9cf170ad7d539fe7d72156c766d2fb,22,6,fearful,1,1,1,3,2,48000,224224,1,PCM_16,ok,
song,Actor_22/03-02-06-01-01-02-22.wav,483502,f6c6d8903ff48ddeed37261248bf3381dd73852e1f1d85c45122ffcbf364a23c,22,6,fearful,1,1,2,3,2,48000,219419,1,PCM_16,ok,
song,Actor_22/03-02-06-01-02-01-22.wav,505924,7bcee40d57ef66dab031e453fa86f0e8e6a3ee0fbab2f84c3aca758c6e758225,22,6,fearful,1,2,1,3,2,48000,230630,1,PCM_16,ok,
song,Actor_22/03-02-06-01-02-02-22.wav,496316,c904010496fcd9fcf3c64905681bb1cefe4708d31f6532ed5880e1d10836ffae,22,6,fearful,1,2,2,3,2,48000,225826,1,PCM_16,ok,
song,Actor_22/03-02-06-02-01-01-22.wav,486706,857b8ad6b35984ea6ee49dce1016f8bda04362a1a95b93390449b06c5fe6b122,22,6,fearful,2,1,1,3,2,48000,221021,1,PCM_16,ok,
song,Actor_22/03-02-06-02-01-02-22.wav,493112,d014199b78ec74b9e88ff3f9d3cff524e5f3b825e7edf2efc64301db13a3fc5c,22,6,fearful,2,1,2,3,2,48000,224224,1,PCM_16,ok,
song,Actor_22/03-02-06-02-02-01-22.wav,493092,b73af80985639cd1083a09eb3efcf0c4e4fa32c88bcac57991e054c8e5fcd470,22,6,fearful,2,2,1,3,2,48000,224224,1,PCM_16,ok,
song,Actor_22/03-02-06-02-02-02-22.wav,493112,91b3919aca0d5aeac406eb769bac98b6530e30f111ec7e2311b83a733f9389c9,22,6,fearful,2,2,2,3,2,48000,224224,1,PCM_16,ok,
song,Actor_23/03-02-01-01-01-01-23.wav,466898,3bd4a7fa2622c39a645243f04f0a8633dcc02ffd8217638e92ec46f9ebba3e95,23,1,neutral,1,1,1,3,2,48000,211411,1,PCM_16,ok,
song,Actor_23/03-02-01-01-01-02-23.wav,470100,57be659f649398a315822813036d813f5245bdb0f44bcb56ba10149e82e71ffd,23,1,neutral,1,1,2,3,2,48000,213013,1,PCM_16,ok,
song,Actor_23/03-02-01-01-02-01-23.wav,476506,38a295ccd306295144b4fdd691eab8a67eb7206fc72a5468f982de65ac543e00,23,1,neutral,1,2,1,3,2,48000,216216,1,PCM_16,ok,
song,Actor_23/03-02-01-01-02-02-23.wav,476508,a64e0c4bd89c496c32ae34733c9cc627b8e033df75ea21ba94bbd6e30d01674b,23,1,neutral,1,2,2,3,2,48000,216216,1,PCM_16,ok,
song,Actor_23/03-02-02-01-01-01-23.wav,495720,279b889f1932836f17c764bbfaceb3bc501dd29ce7e148108bbcd5007ff2d0e4,23,2,calm,1,1,1,3,2,48000,225826,1,PCM_16,ok,
song,Actor_23/03-02-02-01-01-02-23.wav,479712,2fe68cacc2b9ee0decd71a566b2925d7116ba4b840a6c715bffeafd0a63e8b71,23,2,calm,1,1,2,3,2,48000,217818,1,PCM_16,ok,
song,Actor_23/03-02-02-01-02-01-23.wav,482916,918589cf5cf78fbb30473b6aed441d1d4c9b3df295b094741a5fdd3eb30f6f01,23,2,calm,1,2,1,3,2,48000,219420,1,PCM_16,ok,
song,Actor_23/03-02-02-01-02-02-23.wav,476508,76ab1e2a0d1fe71aca42d58c2d85548a1642186a6b841f534ca23bb0348e747b,23,2,calm,1,2,2,3,2,48000,216216,1,PCM_16,ok,
song,Actor_23/03-02-02-02-01-01-23.wav,557202,22581073286968b6a2a47ff2b8dc822d95c1fcc61cb2f5960a3f253f158a9613,23,2,calm,2,1,1,3,2,48000,256256,1,PCM_16,ok,
song,Actor_23/03-02-02-02-01-02-23.wav,502138,797be12562be3f380ffd4e271bdb1cf52855944b0fd75a9693623213260e3f95,23,2,calm,2,1,2,3,2,48000,229029,1,PCM_16,ok,
song,Actor_23/03-02-02-02-02-01-23.wav,605250,17d8b37dc5e00e2259b521cb4f29c1ee9211a109ef5ecde436c5a9b8e8fce091,23,2,calm,2,2,1,3,2,48000,280280,1,PCM_16,ok,
song,Actor_23/03-02-02-02-02-02-23.wav,518154,b39ade46f4e44137b0814dc2b1489a942fbe0fb939249906d26291ba04176e75,23,2,calm,2,2,2,3,2,48000,237037,1,PCM_16,ok,
song,Actor_23/03-02-03-01-01-01-23.wav,476512,5e5f791c164ffadfed70cc2b738cf342b74c47c55cadf291ac92d89e45da03c6,23,3,happy,1,1,1,3,2,48000,216216,1,PCM_16,ok,
song,Actor_23/03-02-03-01-01-02-23.wav,505340,8288bb17980442717fa4c846fa803bc3c3fc2a4f50f854772fce077e92854633,23,3,happy,1,1,2,3,2,48000,230630,1,PCM_16,ok,
song,Actor_23/03-02-03-01-02-01-23.wav,486120,23b11a5d8021643eb64a81de82edfcf256b71c0523d38661e7b1ab6ee9bb6b75,23,3,happy,1,2,1,3,2,48000,221020,1,PCM_16,ok,
song,Actor_23/03-02-03-01-02-02-23.wav,473310,1bae60a1d2be1e8e8f9afd57a4359f016e8d2f832cb69ebe0e0b0776d2305a46,23,3,happy,1,2,2,3,2,48000,214615,1,PCM_16,ok,
song,Actor_23/03-02-03-02-01-01-23.wav,466902,d8a6500b6e11301f316d1c093901a640b5450c222c7c1b4206e53dd199c66d79,23,3,happy,2,1,1,3,2,48000,211411,1,PCM_16,ok,
song,Actor_23/03-02-03-02-01-02-23.wav,489324,4f6215eeb24284c5cfd08b33a27a2c3c043094d38006bc7954e502158e537fcb,23,3,happy,2,1,2,3,2,48000,222622,1,PCM_16,ok,
song,Actor_23/03-02-03-02-02-01-23.wav,495730,47fcd08ae0612bfdd5acc572f4517671a17df441291a617053685f4eabab3b44,23,3,happy,2,2,1,3,2,48000,225825,1,PCM_16,ok,
song,Actor_23/03-02-03-02-02-02-23.wav,498934,647f9ef28e7ddac0239aec092512ac8b3011b69385351213e0d84566d9f85455,23,3,happy,2,2,2,3,2,48000,227427,1,PCM_16,ok,
song,Actor_23/03-02-04-01-01-01-23.wav,518154,6bca698d9d803c9ccdc9821f6d6283d4abbe76961413e4aa65908fa3eb80dc9a,23,4,sad,1,1,1,3,2,48000,237037,1,PCM_16,ok,
song,Actor_23/03-02-04-01-01-02-23.wav,524560,6fec2cc1701e839052f149433f758669681b83db7630faabb8fb78b7edebdbc5,23,4,sad,1,1,2,3,2,48000,240240,1,PCM_16,ok,
song,Actor_23/03-02-04-01-02-01-23.wav,511746,2f843ad914d71b279a670d96bd24255e402b1f5635fc03a390e89ab99708d1c5,23,4,sad,1,2,1,3,2,48000,233833,1,PCM_16,ok,
song,Actor_23/03-02-04-01-02-02-23.wav,534168,1d9aec36ee5973d153886d65629f19305a1d0536db2f87073558687721cdd4ce,23,4,sad,1,2,2,3,2,48000,245044,1,PCM_16,ok,
song,Actor_23/03-02-04-02-01-01-23.wav,591206,aa48be77b406614eff98e5cad4ffad4330d6572dca42928c5510ac7d501a6e4c,23,4,sad,2,1,1,3,2,48000,273873,1,PCM_16,ok,
song,Actor_23/03-02-04-02-01-02-23.wav,540576,985a99d51cb2aa27f15b5bfa384071d1ef4c43add6b8da19e01644720b9b0192,23,4,sad,2,1,2,3,2,48000,248248,1,PCM_16,ok,
song,Actor_23/03-02-04-02-02-01-23.wav,527708,ae91366ba509360d1cb43f741029eec0266a5dcf68e1c621400acfd9396a828f,23,4,sad,2,2,1,3,2,48000,241841,1,PCM_16,ok,
song,Actor_23/03-02-04-02-02-02-23.wav,546978,8063bc0d7351ef69faf8c1c327a5cbc8e1ad127bf8665ad9e2b19c6e8199ccf5,23,4,sad,2,2,2,3,2,48000,251451,1,PCM_16,ok,
song,Actor_23/03-02-05-01-01-01-23.wav,502134,8435ece6aac18b165539c40148259c092829ce0661eb23d8825b52f5bf292184,23,5,angry,1,1,1,3,2,48000,229028,1,PCM_16,ok,
song,Actor_23/03-02-05-01-01-02-23.wav,476512,12a7a90050f32b411df34cf4933847394c21ad4c21f3a95e94bada252ab6107d,23,5,angry,1,1,2,3,2,48000,216216,1,PCM_16,ok,
song,Actor_23/03-02-05-01-02-01-23.wav,489324,47b3e5a84205029cb73955f80da54560d2cb4efac4cc3f181ebfc3a804271785,23,5,angry,1,2,1,3,2,48000,222622,1,PCM_16,ok,
song,Actor_23/03-02-05-01-02-02-23.wav,495730,572aa536f981c7959dbc9e3732bd7ec7ef1cd3c58c8e3907c8d46d06ebfcb980,23,5,angry,1,2,2,3,2,48000,225825,1,PCM_16,ok,
song,Actor_23/03-02-05-02-01-01-23.wav,495732,d05db7d09fedd5cf09d1ceeeada212831a200d5c80859d1c05dce75595ed09d0,23,5,angry,2,1,1,3,2,48000,225826,1,PCM_16,ok,
song,Actor_23/03-02-05-02-01-02-23.wav,489324,d73472e3448a2ab1d66d43f0fa804a74777c7bf43360c958162006d8a7755a56,23,5,angry,2,1,2,3,2,48000,222622,1,PCM_16,ok,
song,Actor_23/03-02-05-02-02-01-23.wav,492528,46f7778c18c2145626297759593c63b176657bb152c1d49d13f1b0c684a12958,23,5,angry,2,2,1,3,2,48000,224224,1,PCM_16,ok,
song,Actor_23/03-02-05-02-02-02-23.wav,489324,6cc49cd4020760da413253ac025800c9eb9d27e8f456f79ec7e98f9376bd0c74,23,5,angry,2,2,2,3,2,48000,222622,1,PCM_16,ok,
song,Actor_23/03-02-06-01-01-01-23.wav,479716,8ad2e5e0c928f48a5bff4531d71f9dc115b7c88b522806a1d522ffca6820da88,23,6,fearful,1,1,1,3,2,48000,217818,1,PCM_16,ok,
song,Actor_23/03-02-06-01-01-02-23.wav,489326,63014b49ab7b53b7aa7cf2b9358defd235eb10f2e572aa3b13e6293051b6398b,23,6,fearful,1,1,2,3,2,48000,222623,1,PCM_16,ok,
song,Actor_23/03-02-06-01-02-01-23.wav,489324,723434bc16825e2c9fb9ab56327e9bb32ca6829e8991175b147056042103cf5a,23,6,fearful,1,2,1,3,2,48000,222622,1,PCM_16,ok,
song,Actor_23/03-02-06-01-02-02-23.wav,492528,78e7f9074248c07d7236d44f38de787ecd08121d38634bc020f0343ccc630697,23,6,fearful,1,2,2,3,2,48000,224224,1,PCM_16,ok,
song,Actor_23/03-02-06-02-01-01-23.wav,482918,2b54172c7e518a86db4dd903aa7fc9187ed1c54b6f39c7e514379134b412aa7f,23,6,fearful,2,1,1,3,2,48000,219419,1,PCM_16,ok,
song,Actor_23/03-02-06-02-01-02-23.wav,508546,831735ce682448de24f0885042faede07c745bf300b5252b9f75e1295b3fe82a,23,6,fearful,2,1,2,3,2,48000,232232,1,PCM_16,ok,
song,Actor_23/03-02-06-02-02-01-23.wav,489328,d557f0cb72d7e1315621c598007567a8f45713fb8f8ff6155f4d904de9c08345,23,6,fearful,2,2,1,3,2,48000,222623,1,PCM_16,ok,
song,Actor_23/03-02-06-02-02-02-23.wav,495734,9012f7bff3e8dde99d19ebdba626b06fc1f07ad7d5f9e317c9aa532f72269a9b,23,6,fearful,2,2,2,3,2,48000,225826,1,PCM_16,ok,
song,Actor_24/03-02-01-01-01-01-24.wav,960186,7960e59d9496668c03aaa8e54b87a7b0afb6f54ca22dd7c0f01e565ee66ecdd0,24,1,neutral,1,1,1,3,2,48000,229029,2,PCM_16,ok,
song,Actor_24/03-02-01-01-01-02-24.wav,498922,476dce3555618e4fb8802ed303a9d94b7818a418477bb3d3dab3461ccf0f64b0,24,1,neutral,1,1,2,3,2,48000,227427,1,PCM_16,ok,
song,Actor_24/03-02-01-01-02-01-24.wav,482904,e8895463c94dcc7dbc0587a217cb776ef40417d3c423db50a681f4fd120259ec,24,1,neutral,1,2,1,3,2,48000,219419,1,PCM_16,ok,
song,Actor_24/03-02-01-01-02-02-24.wav,481674,7c9388d5681300238b66d5ba97b128b517177b598c780d7d9c4dabc889812c89,24,1,neutral,1,2,2,3,2,48000,219419,1,PCM_16,ok,
song,Actor_24/03-02-02-01-01-01-24.wav,576410,32e6c9769f6ddd67e72f5fb895a66b117999d4a4b4b046038bca9013ab61c50c,24,2,calm,1,1,1,3,2,48000,265866,1,PCM_16,ok,
song,Actor_24/03-02-02-01-01-02-24.wav,598830,65fee0a29ce22eef5b8121b96defb6bb2092797f11efe22f508b085cf7b5add6,24,2,calm,1,1,2,3,2,48000,277076,1,PCM_16,ok,
song,Actor_24/03-02-02-01-02-01-24.wav,534158,aee65bdffd56a42343b86add91ffe5e70e208c4ff83e723c15251f42d5d5dd54,24,2,calm,1,2,1,3,2,48000,245045,1,PCM_16,ok,
song,Actor_24/03-02-02-01-02-02-24.wav,489312,f876ff0962334d241dffc26ac96c9be83596e9eb34774b7af820af85de36f7c9,24,2,calm,1,2,2,3,2,48000,222622,1,PCM_16,ok,
song,Actor_24/03-02-02-02-01-01-24.wav,530288,b68b6d03d2cee2dfcb9b1099e0a81d29dfcbfcb5814e9e74929c6e1c07d60e89,24,2,calm,2,1,1,3,2,48000,257857,1,PCM_16,ok,
song,Actor_24/03-02-02-02-01-02-24.wav,585412,1daed6305243a87ea3757b4d4bfd26365de301aeb7914032541cc364da64161f,24,2,calm,2,1,2,3,2,48000,270671,1,PCM_16,ok,
song,Actor_24/03-02-02-02-02-01-24.wav,562988,505c97075b058caa482b59ab25bf9d3287baa0a6dcd0c2965af3c5e659466de7,24,2,calm,2,2,1,3,2,48000,259459,1,PCM_16,ok,
song,Actor_24/03-02-02-02-02-02-24.wav,521348,756c794056371eface042f42c2767acc00a5e2177b29415f9c667b246b20a02a,24,2,calm,2,2,2,3,2,48000,238639,1,PCM_16,ok,
song,Actor_24/03-02-03-01-01-01-24.wav,508534,fe0b6e1c9937b3102e63dc70f7498415c7bd9e2ad154e4a5e5fd0d53309f9dfd,24,3,happy,1,1,1,3,2,48000,232232,1,PCM_16,ok,
song,Actor_24/03-02-03-01-01-02-24.wav,523316,67f9cf2d29019b604611390479ef29618804510c9a11f1b47cfff57af9f54195,24,3,happy,1,1,2,3,2,48000,240240,1,PCM_16,ok,
song,Actor_24/03-02-03-01-02-01-24.wav,454078,11467e773d4462a68004b90a859f22704e4fd10f7ee58cffc636bd8d8daad0de,24,3,happy,1,2,1,3,2,48000,205005,1,PCM_16,ok,
song,Actor_24/03-02-03-01-02-02-24.wav,489314,ece5ee2a64edb059229fe64a2784db833e3ff986ceba52a46efaf5055d537f3b,24,3,happy,1,2,2,3,2,48000,222622,1,PCM_16,ok,
song,Actor_24/03-02-03-02-01-01-24.wav,498928,d95193f208f9d2df0e8485a6a555fa6f7ac19fb3ebe01489c7f0e641700e9af2,24,3,happy,2,1,1,3,2,48000,227428,1,PCM_16,ok,
song,Actor_24/03-02-03-02-01-02-24.wav,518146,42a8f18c2f3c5fc0937f4ee70020f7ce61f083dc66e50649c2d7df6f85c18e96,24,3,happy,2,1,2,3,2,48000,237037,1,PCM_16,ok,
song,Actor_24/03-02-03-02-02-01-24.wav,518144,af24944d5f23ff69443536ed50e7cd45852fc4802700fc0b36d95b274cf6c293,24,3,happy,2,2,1,3,2,48000,237037,1,PCM_16,ok,
song,Actor_24/03-02-03-02-02-02-24.wav,492520,aa8b25be429ea9cb08d58905530a6455a878f88690f4e75079181c0467442fdd,24,3,happy,2,2,2,3,2,48000,224224,1,PCM_16,ok,
song,Actor_24/03-02-04-01-01-01-24.wav,508532,3b9593c5dc12e43777a32691f5de2efc72fc43957b0aeb98886096c7ce6d43cb,24,4,sad,1,1,1,3,2,48000,232232,1,PCM_16,ok,
song,Actor_24/03-02-04-01-01-02-24.wav,518146,868a71f7cd42a22e4739344487d4994d18fb107aeba52fb38f00723280d53d12,24,4,sad,1,1,2,3,2,48000,237037,1,PCM_16,ok,
song,Actor_24/03-02-04-01-02-01-24.wav,521350,44196ff59cec2e716f2a761b502ae59a89fd4a53160bffa3065e2bc025a62d7d,24,4,sad,1,2,1,3,2,48000,238639,1,PCM_16,ok,
song,Actor_24/03-02-04-01-02-02-24.wav,543772,6beda8414a0e6f7b1bef2c295948234a8383366174293778e2c980ab0effd46b,24,4,sad,1,2,2,3,2,48000,249850,1,PCM_16,ok,
song,Actor_24/03-02-04-02-01-01-24.wav,518146,fa6f83b6b5102e33a2b0ccca298c01ae643ba2b9aaf8a515d5b8da9f586c1e8c,24,4,sad,2,1,1,3,2,48000,237037,1,PCM_16,ok,
song,Actor_24/03-02-04-02-01-02-24.wav,518146,756ed4748b163a67b53b4df68c060f34c07471759848d03fb603d42df161e846,24,4,sad,2,1,2,3,2,48000,237037,1,PCM_16,ok,
song,Actor_24/03-02-04-02-02-01-24.wav,553382,623b0becee7edcbbad5641016b202f694eb2952d943ced256b62aef2480093c3,24,4,sad,2,2,1,3,2,48000,254655,1,PCM_16,ok,
song,Actor_24/03-02-04-02-02-02-24.wav,514942,2fe2898bfeb99d1c79f5a5c81df2235d709f7665fbcbfbc5bd3f082f275e306e,24,4,sad,2,2,2,3,2,48000,235435,1,PCM_16,ok,
song,Actor_24/03-02-05-01-01-01-24.wav,470094,4015ab6998629f1389fa3b19a3c7a7010293bfd7117e9471a1d3a3c47e1fba85,24,5,angry,1,1,1,3,2,48000,213013,1,PCM_16,ok,
song,Actor_24/03-02-05-01-01-02-24.wav,463688,7a1eb42d5c7fbb8b901cc7db90342921cf1d7e0a339497ae6674cc0ce1d7f2ca,24,5,angry,1,1,2,3,2,48000,209809,1,PCM_16,ok,
song,Actor_24/03-02-05-01-02-01-24.wav,502130,2103b883f4c52b2c77dee2a1c6535f99eb3b627d5f5a86f007a2257b93af2d34,24,5,angry,1,2,1,3,2,48000,229029,1,PCM_16,ok,
song,Actor_24/03-02-05-01-02-02-24.wav,457284,b442d26c720c82168018f6c0c3891fd00e2ea4472bfd36f62e2a9ac6989c3e7f,24,5,angry,1,2,2,3,2,48000,206606,1,PCM_16,ok,
song,Actor_24/03-02-05-02-01-01-24.wav,470094,4b61f9af67bbce600fa2d9f51463157281f6b10535fb09171d20d7ecf6219bb9,24,5,angry,2,1,1,3,2,48000,213012,1,PCM_16,ok,
song,Actor_24/03-02-05-02-01-02-24.wav,460486,3c26a545151d9adcdd8d1216bc578df3565312c67ed2f9741eba84c4250770c0,24,5,angry,2,1,2,3,2,48000,208208,1,PCM_16,ok,
song,Actor_24/03-02-05-02-02-01-24.wav,460486,9619540dfaa1389b315a24a2fc2c6eeb19c50de0e672312163c48af4bc1bf160,24,5,angry,2,2,1,3,2,48000,208208,1,PCM_16,ok,
song,Actor_24/03-02-05-02-02-02-24.wav,470082,a45254c75da552f48f367616702cc569f92839787f0e0febd9740048dbfa419a,24,5,angry,2,2,2,3,2,48000,213013,1,PCM_16,ok,
song,Actor_24/03-02-06-01-01-01-24.wav,479706,a4609dbc430474ddf11a20e95733554aa7940b661a5dc131ab3456639db1f669,24,6,fearful,1,1,1,3,2,48000,217818,1,PCM_16,ok,
song,Actor_24/03-02-06-01-01-02-24.wav,505330,aeb97a9ff1cb335041bfd230ab3957a099d29981260d05909af43869b1311734,24,6,fearful,1,1,2,3,2,48000,230630,1,PCM_16,ok,
song,Actor_24/03-02-06-01-02-01-24.wav,457284,11e4d1ae188db985c536646298f3953b7a86436682b45900f786f4d0e42fae87,24,6,fearful,1,2,1,3,2,48000,206607,1,PCM_16,ok,
song,Actor_24/03-02-06-01-02-02-24.wav,482908,ded514d22ef6a4cfbdaf01871ffe9e96b069008fa31b40762480bcdebdf5e7aa,24,6,fearful,1,2,2,3,2,48000,219419,1,PCM_16,ok,
song,Actor_24/03-02-06-02-01-01-24.wav,479704,9ae265898b56fa4b41a38760bcce3111a9ef6442d09dc4828a22996a61bd640f,24,6,fearful,2,1,1,3,2,48000,217817,1,PCM_16,ok,
song,Actor_24/03-02-06-02-01-02-24.wav,457282,a48ec6c1463d71c71143b54db4c7e39dd00bab39dadf66586a07d02a550732f7,24,6,fearful,2,1,2,3,2,48000,206606,1,PCM_16,ok,
song,Actor_24/03-02-06-02-02-01-24.wav,450878,f98fa0c1da3685cd63c5d19aaed9737a3b17dcaf0615ae1a93b9290232c86435,24,6,fearful,2,2,1,3,2,48000,203404,1,PCM_16,ok,
song,Actor_24/03-02-06-02-02-02-24.wav,470096,e45f90395ccd8fd8bf3f665fe44d986ae135fe10b8b6a27c8b47deec5e950cb7,24,6,fearful,2,2,2,3,2,48000,213013,1,PCM_16,ok,
speech,Actor_01/03-01-01-01-01-01-01.wav,375720,c467aad2ca80b089dbd4c2ba0dd16be508e4ce08230f46d36a208b859dc7fbac,1,1,neutral,1,1,1,3,1,48000,158558,1,PCM_16,ok,
speech,Actor_01/03-01-01-01-01-02-01.wav,379106,bdee67020559b789983fb4eb8b143e65e91f5b3d510afc2a9ba3bbb3360d3e47,1,1,neutral,1,1,2,3,1,48000,160160,1,PCM_16,ok,
speech,Actor_01/03-01-01-01-02-01-01.wav,372698,53970b4b7c4fd2a1efabeb74409dd06914e8c113d0e5cced4d9fceb036318739,1,1,neutral,1,2,1,3,1,48000,156956,1,PCM_16,ok,
speech,Actor_01/03-01-01-01-02-02-01.wav,363108,478cc0be62382c4c4615eded2d20482570f15eb6ee34606d0e0f13a568d2131f,1,1,neutral,1,2,2,3,1,48000,152152,1,PCM_16,ok,
speech,Actor_01/03-01-02-01-01-01-01.wav,399494,4c442cd4ea63c77b38adddcbd67c051e9476c8fff79ca555a677755c2d7f2c6a,1,2,calm,1,1,1,3,1,48000,169769,1,PCM_16,ok,
speech,Actor_01/03-01-02-01-01-02-01.wav,751848,57271aa6c5c22081f9bd560afb0605b122fd80e36796dc04bec1a67f2b62b41c,1,2,calm,1,1,2,3,1,48000,172972,2,PCM_16,ok,
speech,Actor_01/03-01-02-01-02-01-01.wav,396294,8ba7c44161ec9bec67c7ba25d531e4118f81578321686c02451e425f2dd3c0a7,1,2,calm,1,2,1,3,1,48000,168168,1,PCM_16,ok,
speech,Actor_01/03-01-02-01-02-02-01.wav,393086,ef76cad95e9a695009edff703deee1da15833743a801536b223ec4ffb8c51c0d,1,2,calm,1,2,2,3,1,48000,166567,1,PCM_16,ok,
speech,Actor_01/03-01-02-02-01-01-01.wav,415516,2b66015924416040ade81cd92deca032ec15fc53dfb73b0db80af268e0fa691b,1,2,calm,2,1,1,3,1,48000,177778,1,PCM_16,ok,
speech,Actor_01/03-01-02-02-01-02-01.wav,444344,d4fd63e69a155b00c978a7ed50d21b159d57a241dedc58d673ae16ccf4fa04c7,1,2,calm,2,1,2,3,1,48000,192192,1,PCM_16,ok,
speech,Actor_01/03-01-02-02-02-01-01.wav,463564,a5ebeece0c1d5cfb64fdefa0407191014b2540b1ebe766e951c3bf7298b60edc,1,2,calm,2,2,1,3,1,48000,201802,1,PCM_16,ok,
speech,Actor_01/03-01-02-02-02-02-01.wav,444344,64b4d14dbb2ff4c9656661a3ba8d09f0c5aa2a22a0acc4b083da877e85a1a3ef,1,2,calm,2,2,2,3,1,48000,192192,1,PCM_16,ok,
speech,Actor_01/03-01-03-01-01-01-01.wav,393094,db3035ff3b1dd243f0c63be0791514fae2762c941093dcef6ffdcb02cc013d14,1,3,happy,1,1,1,3,1,48000,166567,1,PCM_16,ok,
speech,Actor_01/03-01-03-01-01-02-01.wav,393092,074747121ec0b45290ee9c0f28350324e40af442afead70e641db4f7d1e1afa6,1,3,happy,1,1,2,3,1,48000,166566,1,PCM_16,ok,
speech,Actor_01/03-01-03-01-02-01-01.wav,399498,7733fbdc0ea79eb710e4a81031aa4e9cbd0b015de25a5babe1b0ee3fc4e0c03a,1,3,happy,1,2,1,3,1,48000,169769,1,PCM_16,ok,
speech,Actor_01/03-01-03-01-02-02-01.wav,415516,4d89c73d25a870901b10f002d419ff0403372d946293e051b6f6ada9069aa546,1,3,happy,1,2,2,3,1,48000,177778,1,PCM_16,ok,
speech,Actor_01/03-01-03-02-01-01-01.wav,412300,1bc1ae2f36d7fa7314a42f7d250cc346723e2ed3d455a3b0dc4a1dbb50917044,1,3,happy,2,1,1,3,1,48000,176176,1,PCM_16,ok,
speech,Actor_01/03-01-03-02-01-02-01.wav,409108,6f54c164f6c1ce34e5ec94b52749e9bb63a6adc3042eda9abb02f9aff847cb18,1,3,happy,2,1,2,3,1,48000,174574,1,PCM_16,ok,
speech,Actor_01/03-01-03-02-02-01-01.wav,437936,1198128784b8f851ee52ff21ad8f28e0c8a28feea19243b2c001b74efd0731c2,1,3,happy,2,2,1,3,1,48000,188988,1,PCM_16,ok,
speech,Actor_01/03-01-03-02-02-02-01.wav,437938,e0d180fa12e5d5199bde4b629805bf1168019e51494ae3d27a9635560a2f7a9b,1,3,happy,2,2,2,3,1,48000,188989,1,PCM_16,ok,
speech,Actor_01/03-01-04-01-01-01-01.wav,428338,217c63ffd1b13eaa258c827c56acfcde592bed80c4809e158c755c284de2511a,1,4,sad,1,1,1,3,1,48000,184184,1,PCM_16,ok,
speech,Actor_01/03-01-04-01-01-02-01.wav,402714,9c6bde015cb897b5ef6e37e8e5895a84635a6662ca515e762e9715b04a4d4cdc,1,4,sad,1,1,2,3,1,48000,171371,1,PCM_16,ok,
speech,Actor_01/03-01-04-01-02-01-01.wav,396306,ee8d71ab08e246729098d4277f2d6643287c2cfa9b8a09606a6761a58875fa8f,1,4,sad,1,2,1,3,1,48000,168168,1,PCM_16,ok,
speech,Actor_01/03-01-04-01-02-02-01.wav,383494,b93d8c5458f0e32071405d0499c33982d819637323b04e014b04d83b7dcccc04,1,4,sad,1,2,2,3,1,48000,161762,1,PCM_16,ok,
speech,Actor_01/03-01-04-02-01-01-01.wav,425138,a617ba3cf207d2f22742a0b180c864c6311dc82b00944b7dab110b7ebf99e292,1,4,sad,2,1,1,3,1,48000,182582,1,PCM_16,ok,
speech,Actor_01/03-01-04-02-01-02-01.wav,415530,35d3232f8c00b92b71dd34bea881d245df124e4f0784f7c135781acffe824511,1,4,sad,2,1,2,3,1,48000,177778,1,PCM_16,ok,
speech,Actor_01/03-01-04-02-02-01-01.wav,418734,e4500d8ebbf3b5e4d090711ed165b096a963906edac733f140063f37e51e9a51,1,4,sad,2,2,1,3,1,48000,179380,1,PCM_16,ok,
speech,Actor_01/03-01-04-02-02-02-01.wav,418732,feb72c843718f1e3b8ae7918419416e03385eeb55226f6262cd3fc48bb216626,1,4,sad,2,2,2,3,1,48000,179379,1,PCM_16,ok,
speech,Actor_01/03-01-05-01-01-01-01.wav,431546,c9b2cfb8f3ed7153aa56b0a198ba0b81d9bae41c859c93f490b8c550b7c4cf97,1,5,angry,1,1,1,3,1,48000,185786,1,PCM_16,ok,
speech,Actor_01/03-01-05-01-01-02-01.wav,437952,34adc22d8a19200194c2b8a08e06201234d87be5682bbe6267bdf073aaf0ab27,1,5,angry,1,1,2,3,1,48000,188989,1,PCM_16,ok,
speech,Actor_01/03-01-05-01-02-01-01.wav,396310,81d4b5010bfbea54ae10b6ffa1068f9b5ae3f1ae1410eb1a97b8f6f9403d9353,1,5,angry,1,2,1,3,1,48000,168168,1,PCM_16,ok,
speech,Actor_01/03-01-05-01-02-02-01.wav,418732,4939ee1a2d83c127e07ac0bfcf4178d375c4e0688a6daee2f656864b52e3a1a0,1,5,angry,1,2,2,3,1,48000,179379,1,PCM_16,ok,
speech,Actor_01/03-01-05-02-01-01-01.wav,455342,ba4d1f678784d9656239885413edd9699696f08f9a6e800619eed975ad7a98d6,1,5,angry,2,1,1,3,1,48000,196997,1,PCM_16,ok,
speech,Actor_01/03-01-05-02-01-02-01.wav,479606,745fd4153bf84d01560afc663decbe2f06f28c6fdca31078c94d9697606391a8,1,5,angry,2,1,2,3,1,48000,209810,1,PCM_16,ok,
speech,Actor_01/03-01-05-02-02-01-01.wav,457178,c1db52e1172cf1040eba230f01a679c48e4e06e09b7dd76323aad9f5c3b8519b,1,5,angry,2,2,1,3,1,48000,198598,1,PCM_16,ok,
speech,Actor_01/03-01-05-02-02-02-01.wav,486012,1c45eaf416533b088663e65d5ded05b139f892f6114ef3c5b6091d736af5fb01,1,5,angry,2,2,2,3,1,48000,213013,1,PCM_16,ok,
speech,Actor_01/03-01-06-01-01-01-01.wav,412342,a2c792f3c5733f4469ae01c526833c22f3e14cbf145fab47f4d22e56f9552cdb,1,6,fearful,1,1,1,3,1,48000,176176,1,PCM_16,ok,
speech,Actor_01/03-01-06-01-01-02-01.wav,409140,b5228ae44a99e1081e2732122666c79b1852ffd8b1debdaf98c12258140c8b17,1,6,fearful,1,1,2,3,1,48000,174575,1,PCM_16,ok,
speech,Actor_01/03-01-06-01-02-01-01.wav,389916,10fe698e7276dc4b180b79ef73989c3b347b026ef32ae0b5f5ddcac894e2f7f6,1,6,fearful,1,2,1,3,1,48000,164965,1,PCM_16,ok,
speech,Actor_01/03-01-06-01-02-02-01.wav,415544,b385602ec6ab15b6c0341af1bcd35929e1190823c1d2cd34ed71ca10f49baf6f,1,6,fearful,1,2,2,3,1,48000,177777,1,PCM_16,ok,
speech,Actor_01/03-01-06-02-01-01-01.wav,540470,6b0752471c17ea8dfbdbbf9c976da3560c402ad2ca012704bea5b5b52dd00201,1,6,fearful,2,1,1,3,1,48000,240240,1,PCM_16,ok,
speech,Actor_01/03-01-06-02-01-02-01.wav,466786,53759ee327ffe65399c1b4d0a0fba3632a01d3fb2ebb5856f2dcc9a1d80afcd9,1,6,fearful,2,1,2,3,1,48000,203403,1,PCM_16,ok,
speech,Actor_01/03-01-06-02-02-01-01.wav,441170,509626a3a63b3ce34ae6496daf5067fd42e48b8d074dd1ee605f01b4eaa77346,1,6,fearful,2,2,1,3,1,48000,190590,1,PCM_16,ok,
speech,Actor_01/03-01-06-02-02-02-01.wav,434766,027c7f5e7a84e37332206cad278ede9fcce8447187c6f712b8d6d45c27680dcf,1,6,fearful,2,2,2,3,1,48000,187388,1,PCM_16,ok,
speech,Actor_02/03-01-01-01-01-01-02.wav,410114,e343477557ff71c099c7a71ef70ff65158fcab232a56ee23bd231319a0f2c845,2,1,neutral,1,1,1,3,1,48000,174574,1,PCM_16,ok,
speech,Actor_02/03-01-01-01-01-02-02.wav,406912,a60634e1545dfec9ed00cac5d3ebe2cb9808175884c02aa72a6e61cbb81167dd,2,1,neutral,1,1,2,3,1,48000,172973,1,PCM_16,ok,
speech,Actor_02/03-01-01-01-02-01-02.wav,422926,bf8422b8ff263607a9264f15f1db6e979aba70c7b0966c283fbf0e9ad92d424e,2,1,neutral,1,2,1,3,1,48000,180980,1,PCM_16,ok,
speech,Actor_02/03-01-01-01-02-02-02.wav,406910,e093a927ecabc6618a13db9a7b23bb742ffb85ae1405ef636f34fe18b5ac0b38,2,1,neutral,1,2,2,3,1,48000,172972,1,PCM_16,ok,
speech,Actor_02/03-01-02-01-01-01-02.wav,429350,7b43258db0818fccf82884d54bb1f36e7501308acc99e1f2bc05fa1da10d3899,2,2,calm,1,1,1,3,1,48000,184184,1,PCM_16,ok,
speech,Actor_02/03-01-02-01-01-02-02.wav,445370,d4b8363d0c65c9f61e7cb20cc725e24b6e64c608d224c21a2bbfaad30b8e487b,2,2,calm,1,1,2,3,1,48000,192192,1,PCM_16,ok,
speech,Actor_02/03-01-02-01-02-01-02.wav,429354,f51a66b9bc696cd5891f566edddbd0651af12347fe74f95a2c97df42bc3c0934,2,2,calm,1,2,1,3,1,48000,184184,1,PCM_16,ok,
speech,Actor_02/03-01-02-01-02-02-02.wav,442166,2bcada99818df62ec0cbe2e23ff0ebf3fbf112ab04805e265a7bfe7d7a6d7354,2,2,calm,1,2,2,3,1,48000,190590,1,PCM_16,ok,
speech,Actor_02/03-01-02-02-01-01-02.wav,458184,59eeaaceed8c8e8ad89d5c5c5164a064cb425c724cf71f7d0546001da9a81531,2,2,calm,2,1,1,3,1,48000,198599,1,PCM_16,ok,
speech,Actor_02/03-01-02-02-01-02-02.wav,448574,cf81009e63d704c500ab9ee481be6b1aabe268ed5ce78b34ffd984d76c45457e,2,2,calm,2,1,2,3,1,48000,193794,1,PCM_16,ok,
speech,Actor_02/03-01-02-02-02-01-02.wav,454980,3f6b579ef647c2611a50ba88dc9910d18e28f5c9b18509caaa66e853a069d9c3,2,2,calm,2,2,1,3,1,48000,196997,1,PCM_16,ok,
speech,Actor_02/03-01-02-02-02-02-02.wav,454980,909613c25f4bb82a4ee759fd30b3dad44fc331b6c5830e909e4e2c5fb53054a4,2,2,calm,2,2,2,3,1,48000,196997,1,PCM_16,ok,
speech,Actor_02/03-01-03-01-01-01-02.wav,406932,4654ca86da9f02b60a5ab11b69f1ed0dbc9cd1caae1a02455f8918c46bb7fd2e,2,3,happy,1,1,1,3,1,48000,172973,1,PCM_16,ok,
speech,Actor_02/03-01-03-01-01-02-02.wav,416540,9a3c41ce92315e8727bee09cd7c4775d12b6d86fea5f7c20f5d90eb076a248d7,2,3,happy,1,1,2,3,1,48000,177777,1,PCM_16,ok,
speech,Actor_02/03-01-03-01-02-01-02.wav,422948,3e9668459238b80ac2b1c7b5ffe3d97c5382dcd60a7975d87fc4864b9c39e067,2,3,happy,1,2,1,3,1,48000,180981,1,PCM_16,ok,
speech,Actor_02/03-01-03-01-02-02-02.wav,419746,bd18aaec8b3ab71778f167b1c6f0ae4c9ff726946fa401b6681853055efeda01,2,3,happy,1,2,2,3,1,48000,179380,1,PCM_16,ok,
speech,Actor_02/03-01-03-02-01-01-02.wav,416542,5269349f2129a0d1d1bb44262c6976e6629db2f258456af3d21014c1e9e2a681,2,3,happy,2,1,1,3,1,48000,177778,1,PCM_16,ok,
speech,Actor_02/03-01-03-02-01-02-02.wav,413338,b338fb93d6fa3bb726a726e3c5747bf7d1ba55849f21cd92b7c5ce0d596a639c,2,3,happy,2,1,2,3,1,48000,176176,1,PCM_16,ok,
speech,Actor_02/03-01-03-02-02-01-02.wav,416542,c3d8e4469c820ced8e776c910f621f02dbb4a57e8de275c4d1434aea819eb925,2,3,happy,2,2,1,3,1,48000,177778,1,PCM_16,ok,
speech,Actor_02/03-01-03-02-02-02-02.wav,432556,75b8425081dfc5ac8f263096219cf4f67bf493cc4dd07530aae3b1618c571bd3,2,3,happy,2,2,2,3,1,48000,185785,1,PCM_16,ok,
speech,Actor_02/03-01-04-01-01-01-02.wav,429334,1dd1dea9b9f6522b2ada29cb60a35f55c6ce99fef1afb6e6fc48959d0de2c102,2,4,sad,1,1,1,3,1,48000,184184,1,PCM_16,ok,
speech,Actor_02/03-01-04-01-01-02-02.wav,422928,da78102797dd0b1501d03ad4c6b3b0ea8054e3952d5918a9aaeecb41fd7589f5,2,4,sad,1,1,2,3,1,48000,180981,1,PCM_16,ok,
speech,Actor_02/03-01-04-01-02-01-02.wav,419722,05d80c8e8ffe4e53d9440a80be21a81df3f8bb26e80f5006e2e37d5acc100332,2,4,sad,1,2,1,3,1,48000,179379,1,PCM_16,ok,
speech,Actor_02/03-01-04-01-02-02-02.wav,422928,65e774df0f88c5c13bbdb5da25f8e49cbc1cee312df881ea74b0f9c812d470b7,2,4,sad,1,2,2,3,1,48000,180981,1,PCM_16,ok,
speech,Actor_02/03-01-04-02-01-01-02.wav,419730,c164e43034a28da0d81f97b6ca0df91b6d1970def189de9542af7c999af166a3,2,4,sad,2,1,1,3,1,48000,179380,1,PCM_16,ok,
speech,Actor_02/03-01-04-02-01-02-02.wav,422930,6c5e70947db7d8f5f80accf65b2e95be20031f4edcf47777991f955f4bbf6906,2,4,sad,2,1,2,3,1,48000,180980,1,PCM_16,ok,
speech,Actor_02/03-01-04-02-02-01-02.wav,416524,efa86bccfd96610660d6518872b010e0c76202624ed4ccffedb644beaea925f4,2,4,sad,2,2,1,3,1,48000,177777,1,PCM_16,ok,
speech,Actor_02/03-01-04-02-02-02-02.wav,413322,faa98815ea99829510149881b63417bfcd3cea9cb8dc25611417646e05b3005f,2,4,sad,2,2,2,3,1,48000,176176,1,PCM_16,ok,
speech,Actor_02/03-01-05-01-01-01-02.wav,413322,85e9338f1a1c5011221afce5d145a6a98784ff007b7562006cbcce93761b8fd4,2,5,angry,1,1,1,3,1,48000,176176,1,PCM_16,ok,
speech,Actor_02/03-01-05-01-01-02-02.wav,413322,6521fea459b712fa6a1227d5513bb32aac81509a318309ce13ec24345cc2b2d5,2,5,angry,1,1,2,3,1,48000,176176,1,PCM_16,ok,
speech,Actor_02/03-01-05-01-02-01-02.wav,422930,0b9b8fad5c6b5728a692371d92e5638f6c17149784b97be5cf3c69fbc46cdec0,2,5,angry,1,2,1,3,1,48000,180980,1,PCM_16,ok,
speech,Actor_02/03-01-05-01-02-02-02.wav,426124,db5236c610aaa14319d9b340f698405957c44d1fcfcbb99c303090c4e6081d9e,2,5,angry,1,2,2,3,1,48000,182582,1,PCM_16,ok,
speech,Actor_02/03-01-05-02-01-01-02.wav,435746,2f8cafdb522aec17a940ee829e6a42b46b53817fa626d65da6beab33c5bdfbfc,2,5,angry,2,1,1,3,1,48000,187388,1,PCM_16,ok,
speech,Actor_02/03-01-05-02-01-02-02.wav,445354,a8a570075c4513a2830e7a2d91daefd6c8f9a05cefbde8ad2c8b83092fbac415,2,5,angry,2,1,2,3,1,48000,192192,1,PCM_16,ok,
speech,Actor_02/03-01-05-02-02-01-02.wav,445372,6481c21552fa49c7716d477ce26f37ce96a09d2a0a25ae1ec6603308794a1235,2,5,angry,2,2,1,3,1,48000,192192,1,PCM_16,ok,
speech,Actor_02/03-01-05-02-02-02-02.wav,445368,5c6245995079fa054296bbf78cae66d3a692f7a1c97d10a086f0563701a5e22c,2,5,angry,2,2,2,3,1,48000,192192,1,PCM_16,ok,
speech,Actor_02/03-01-06-01-01-01-02.wav,410134,d5b45b08055b925e9cd66279940389490c663511fa5658ede38ed85e1ac88ddd,2,6,fearful,1,1,1,3,1,48000,174575,1,PCM_16,ok,
speech,Actor_02/03-01-06-01-01-02-02.wav,419742,8915bce71511d2144cac3218d5d2d528e5a4c92ae7116c325f50f032e8d68bfa,2,6,fearful,1,1,2,3,1,48000,179379,1,PCM_16,ok,
speech,Actor_02/03-01-06-01-02-01-02.wav,413336,492ae24bf56eb8d23c3db75585e097bff4915717fcccd220c0e7f0f2453a0a76,2,6,fearful,1,2,1,3,1,48000,176176,1,PCM_16,ok,
speech,Actor_02/03-01-06-01-02-02-02.wav,419732,ca8c1f0e4990f5fc55fd44863b5e0350b7e5c466f36ce2e7d1e793bc564782bc,2,6,fearful,1,2,2,3,1,48000,179379,1,PCM_16,ok,
speech,Actor_02/03-01-06-02-01-01-02.wav,426040,b59f804202fb4d2e5d5b6a75ec5f082aa20456eb217aaf633eff3397081142c7,2,6,fearful,2,1,1,3,1,48000,182582,1,PCM_16,ok,
speech,Actor_02/03-01-06-02-01-02-02.wav,410126,d3924095729ab4b2db75d99e0689d82cb74a74f027e8965bfd503bc41a49ac94,2,6,fearful,2,1,2,3,1,48000,174575,1,PCM_16,ok,
speech,Actor_02/03-01-06-02-02-01-02.wav,406922,f42d66fc079607993271b79d2bf8bf313663d5f9d1f8f5c05358fb5002c978c8,2,6,fearful,2,2,1,3,1,48000,172973,1,PCM_16,ok,
speech,Actor_02/03-01-06-02-02-02-02.wav,406928,38feb57de2541446386ee7193bab4bc67fe31600ebce4657c9791b304518916f,2,6,fearful,2,2,2,3,1,48000,172973,1,PCM_16,ok,
speech,Actor_03/03-01-01-01-01-01-03.wav,379588,d61bd344a100e9ba43b2e589912e0ce4b8c4f8be14e7e9a5b618a51728faf34f,3,1,neutral,1,1,1,3,1,48000,164965,1,PCM_16,ok,
speech,Actor_03/03-01-01-01-01-02-03.wav,385994,17b08fe4d03f14cfee8cbe8368bddf9d5660a81bbc1972f8891ea0e5327aa290,3,1,neutral,1,1,2,3,1,48000,168168,1,PCM_16,ok,
speech,Actor_03/03-01-01-01-02-01-03.wav,385986,d2e500826753fc20c4d095fcd4f470cd3f44d523313cc34fe568d284b2912d62,3,1,neutral,1,2,1,3,1,48000,168168,1,PCM_16,ok,
speech,Actor_03/03-01-01-01-02-02-03.wav,382784,8aa88064ce24604e9639b7c4948f7d0ea682aefe2eccc852abf69a953e937d2f,3,1,neutral,1,2,2,3,1,48000,166567,1,PCM_16,ok,
speech,Actor_03/03-01-02-01-01-01-03.wav,418036,7de7f8c071c5a7d7537d6d1445770c56c3dd02a9e84cc5612930570e28b98ee4,3,2,calm,1,1,1,3,1,48000,184184,1,PCM_16,ok,
speech,Actor_03/03-01-02-01-01-02-03.wav,408426,42f895c76bd4891a2cfd9dd5a8631b36b29e5e60e8be2bd6e09104bfc0bbbb84,3,2,calm,1,1,2,3,1,48000,179379,1,PCM_16,ok,
speech,Actor_03/03-01-02-01-02-01-03.wav,418038,18b09a1ad4929b246b2c3ce56bd2ecd99af664e67c77fb018703d466022054f1,3,2,calm,1,2,1,3,1,48000,184184,1,PCM_16,ok,
speech,Actor_03/03-01-02-01-02-02-03.wav,430844,456e4b2c9f419c55422908497e7ff8b3c2f00ff84c6e1c04ed6c4430d9cc6d0d,3,2,calm,1,2,2,3,1,48000,190590,1,PCM_16,ok,
speech,Actor_03/03-01-02-02-01-01-03.wav,437254,33afd76533b0e48b131f93d80340b99c85d4a2cba11f1b7f5c748bcd5a01c2bb,3,2,calm,2,1,1,3,1,48000,193794,1,PCM_16,ok,
speech,Actor_03/03-01-02-02-01-02-03.wav,430848,98d4b2a4e8c67d80e0044297de35b10ac608e8f786407afdea793d613edb4cde,3,2,calm,2,1,2,3,1,48000,190591,1,PCM_16,ok,
speech,Actor_03/03-01-02-02-02-01-03.wav,446862,c70ff203bae72dd7f0bb4903f68023dc12d6c42701dde36d1efba9aff2de96ae,3,2,calm,2,2,1,3,1,48000,198598,1,PCM_16,ok,
speech,Actor_03/03-01-02-02-02-02-03.wav,434050,4dbf22283b47b60c8b5900f7002c04e0d3da26a60d4e285ed5302b3c504c5a28,3,2,calm,2,2,2,3,1,48000,192192,1,PCM_16,ok,
speech,Actor_03/03-01-03-01-01-01-03.wav,411628,bf7281f0cfb95f98be2ce95a9c7ab6e66997965b9084f41e839776b1c401d12a,3,3,happy,1,1,1,3,1,48000,180980,1,PCM_16,ok,
speech,Actor_03/03-01-03-01-01-02-03.wav,395612,3673c73ead5925f0b41b77f76118402be8e8d4988879f6ecd18abc44cc19fa54,3,3,happy,1,1,2,3,1,48000,172972,1,PCM_16,ok,
speech,Actor_03/03-01-03-01-02-01-03.wav,386006,9ae11f747e207563a49434c8fe52c96cbe4003542de9ebb535dbcc615069607c,3,3,happy,1,2,1,3,1,48000,168168,1,PCM_16,ok,
speech,Actor_03/03-01-03-01-02-02-03.wav,386006,4d54f39f6f3f3c3c1b94eb213dab2f73abd92da2900f26c4d34922aab71dc6f4,3,3,happy,1,2,2,3,1,48000,168168,1,PCM_16,ok,
speech,Actor_03/03-01-03-02-01-01-03.wav,462882,ccb0b650d178b4ce33dd0b5d28e16db2a30f5fb5680d4196454a59bc45d05b40,3,3,happy,2,1,1,3,1,48000,206607,1,PCM_16,ok,
speech,Actor_03/03-01-03-02-01-02-03.wav,472490,a5c5bbdb7048f9f3efaa7a463d4fcea1be2bb1527c52f6150206db38491998b3,3,3,happy,2,1,2,3,1,48000,211411,1,PCM_16,ok,
speech,Actor_03/03-01-03-02-02-01-03.wav,446864,ebfaf47aa2fd98a81ee42d1a5313acbc8d88a5dd11437f4cf3a421ab9849ea4f,3,3,happy,2,2,1,3,1,48000,198598,1,PCM_16,ok,
speech,Actor_03/03-01-03-02-02-02-03.wav,418036,134ef20f808ca3cdd011dea89bddff5cfc3ebb6cfd446e080f4399b654b9b0fb,3,3,happy,2,2,2,3,1,48000,184184,1,PCM_16,ok,
speech,Actor_03/03-01-04-01-01-01-03.wav,395608,36c9db23dc891df8a4eae9ecb9d9553a284e6e9b1c05db26ec4c56ad5a2096c8,3,4,sad,1,1,1,3,1,48000,172973,1,PCM_16,ok,
speech,Actor_03/03-01-04-01-01-02-03.wav,392404,920a39b9b5e7cc5be20a80120dbc5971dca76d3d1b40ef2227b3be2ad844e8c0,3,4,sad,1,1,2,3,1,48000,171371,1,PCM_16,ok,
speech,Actor_03/03-01-04-01-02-01-03.wav,392404,7c7b5bf72e22adf24c7ecc6b7047033a1218fc4bd58b94ef63aaa46c0d3fa804,3,4,sad,1,2,1,3,1,48000,171371,1,PCM_16,ok,
speech,Actor_03/03-01-04-01-02-02-03.wav,389202,c7ab261efdae4c0bdf8a2aec93c6eecd9766470cb8b7ebe11e8994fb9e56f69d,3,4,sad,1,2,2,3,1,48000,169770,1,PCM_16,ok,
speech,Actor_03/03-01-04-02-01-01-03.wav,411624,bdf16fd457fed2f6e5de374c7dac4fbd25cfd831b09edc38846f9c90d58c35c1,3,4,sad,2,1,1,3,1,48000,180981,1,PCM_16,ok,
speech,Actor_03/03-01-04-02-01-02-03.wav,418022,1401afd3a74fb724d90f649421e1e8e0982d62e17b478181acf7ca8a189a8e57,3,4,sad,2,1,2,3,1,48000,184184,1,PCM_16,ok,
speech,Actor_03/03-01-04-02-02-01-03.wav,382794,6cffd7fcf7bfba2321097741c554c970dff18e6737a4f66ce4200cd8c2308f19,3,4,sad,2,2,1,3,1,48000,166566,1,PCM_16,ok,
speech,Actor_03/03-01-04-02-02-02-03.wav,405216,dda87d9cd5aed95683de7586a32e04091e94df3a1e070fe30f9e5df6038e2764,3,4,sad,2,2,2,3,1,48000,177777,1,PCM_16,ok,
speech,Actor_03/03-01-05-01-01-01-03.wav,434044,1016e7e730d0ce722881b0a306c3c88141155404ad6b0b308d9df22b161463e9,3,5,angry,1,1,1,3,1,48000,192192,1,PCM_16,ok,
speech,Actor_03/03-01-05-01-01-02-03.wav,440442,3c2579dbc464c176b4f87c63d3a3761091fab9ab208adc563da623c81e366d64,3,5,angry,1,1,2,3,1,48000,195395,1,PCM_16,ok,
speech,Actor_03/03-01-05-01-02-01-03.wav,414826,ee2e119031cdc3a2e8a50d727a70163fc3355d6452d1aaceedc1190704e4049f,3,5,angry,1,2,1,3,1,48000,182583,1,PCM_16,ok,
speech,Actor_03/03-01-05-01-02-02-03.wav,418028,28efdb2dc7c92a8d6f91e0a624de44580f1c9cdb1f85063367d630d7f359308e,3,5,angry,1,2,2,3,1,48000,184184,1,PCM_16,ok,
speech,Actor_03/03-01-05-02-01-01-03.wav,472488,03ea4d9345729ee654b9a18742d2285daec33534bbb0f041c52b69d417ff08df,3,5,angry,2,1,1,3,1,48000,211411,1,PCM_16,ok,
speech,Actor_03/03-01-05-02-01-02-03.wav,472490,bccaf1033d4a5ea2f4cbb6943b2980ea899c25e94242323b12db8dd208055e2a,3,5,angry,2,1,2,3,1,48000,211412,1,PCM_16,ok,
speech,Actor_03/03-01-05-02-02-01-03.wav,456466,a81a25e36cd59ddf318b1d566b53ed20da9a411753c98208b40dcf63feb10b24,3,5,angry,2,2,1,3,1,48000,203403,1,PCM_16,ok,
speech,Actor_03/03-01-05-02-02-02-03.wav,482098,1c89be19b6ad92bd4fdd1e8b9affcef2e433861ca64cf2bce49645c7262f8c9b,3,5,angry,2,2,2,3,1,48000,216216,1,PCM_16,ok,
speech,Actor_03/03-01-06-01-01-01-03.wav,408426,16db41b1529a8d1ce27ee836830cf2368bb41bd5b3890caad24f60dc57183187,3,6,fearful,1,1,1,3,1,48000,179380,1,PCM_16,ok,
speech,Actor_03/03-01-06-01-01-02-03.wav,418038,e7d016d3fa302eab4568a6fbdb63df089a60c2111ada1f0f5ec6e131a157cb70,3,6,fearful,1,1,2,3,1,48000,184184,1,PCM_16,ok,
speech,Actor_03/03-01-06-01-02-01-03.wav,386002,c6f9d405ed78c02aac8e9d234ccc5e149312bbea422aeef125adaf742319f674,3,6,fearful,1,2,1,3,1,48000,168168,1,PCM_16,ok,
speech,Actor_03/03-01-06-01-02-02-03.wav,357174,3fbca904b039ea5395f97c24ffee2ab8e17093f47e7f98a9d5889c0498b80727,3,6,fearful,1,2,2,3,1,48000,153754,1,PCM_16,ok,
speech,Actor_03/03-01-06-02-01-01-03.wav,366788,7c584f5dd7950b3dba8b45e2aba4e892580c9a0ef6ac244e78a4cb0d31796785,3,6,fearful,2,1,1,3,1,48000,158559,1,PCM_16,ok,
speech,Actor_03/03-01-06-02-01-02-03.wav,424444,e51a058369d6ac86f906967cad5173baed41727f69c471c75eab092c75f6de69,3,6,fearful,2,1,2,3,1,48000,187387,1,PCM_16,ok,
speech,Actor_03/03-01-06-02-02-01-03.wav,366788,b40925f514a25216215e66ab96383111e4b80e2dd6afe45876ff5557a18f8996,3,6,fearful,2,2,1,3,1,48000,158559,1,PCM_16,ok,
speech,Actor_03/03-01-06-02-02-02-03.wav,379600,cca9ba7ef94415a367b2b16ad80884fd5277def8e028c9fe5d3058c20533753d,3,6,fearful,2,2,2,3,1,48000,164965,1,PCM_16,ok,
speech,Actor_04/03-01-01-01-01-01-04.wav,374522,30ed5827386c30840f93ec49e4cf5689597a6d48412d79c94a171e71495ccee2,4,1,neutral,1,1,1,3,1,48000,158558,1,PCM_16,ok,
speech,Actor_04/03-01-01-01-01-02-04.wav,380930,f569b18781007ea2cecfaf23a1beeaaf7059212465faa0a452fd750cc1857b90,4,1,neutral,1,1,2,3,1,48000,161762,1,PCM_16,ok,
speech,Actor_04/03-01-01-01-02-01-04.wav,371330,7a49df186c48e1bf40bec92085831cb7dc7e3d0edfcf2d08b23a67a15a2d8ccf,4,1,neutral,1,2,1,3,1,48000,156957,1,PCM_16,ok,
speech,Actor_04/03-01-01-01-02-02-04.wav,368126,e38e3a3f25a13fd6d0f59ac7427d8ba03cdecb7c5009e059d308a57935c27daf,4,1,neutral,1,2,2,3,1,48000,155355,1,PCM_16,ok,
speech,Actor_04/03-01-02-01-01-01-04.wav,422580,633f5ef8dee54527239424d77d0e13e9f88e988653566cef9267b5bf09d34110,4,2,calm,1,1,1,3,1,48000,182582,1,PCM_16,ok,
speech,Actor_04/03-01-02-01-01-02-04.wav,416178,c335e6cfdbbdfbce8a81750b50993e9a269f59b82f6d54ec4ff4df10f25e4c35,4,2,calm,1,1,2,3,1,48000,179379,1,PCM_16,ok,
speech,Actor_04/03-01-02-01-02-01-04.wav,406570,84a090066a441894077d2a091f969833522ef78935eaa111411fb5abc851223b,4,2,calm,1,2,1,3,1,48000,174575,1,PCM_16,ok,
speech,Actor_04/03-01-02-01-02-02-04.wav,400164,c92c38f19bdde7b40b3c6dfaa4d40822c816c13c5f9355b515ce62245404de41,4,2,calm,1,2,2,3,1,48000,171372,1,PCM_16,ok,
speech,Actor_04/03-01-02-02-01-01-04.wav,438600,c4c1a5c61665c5b02073b4cd0ad34088ea123c7416c564da13217fdfe351abf5,4,2,calm,2,1,1,3,1,48000,190590,1,PCM_16,ok,
speech,Actor_04/03-01-02-02-01-02-04.wav,421442,579c49ccf6b64570c49abbcd17611b7f8b4e89c7a10cd7409acdc46b55cae3d4,4,2,calm,2,1,2,3,1,48000,182583,1,PCM_16,ok,
speech,Actor_04/03-01-02-02-02-01-04.wav,422584,810506ed6f7eb06f488cf67cbc43813edf4e42c0e76c465ea93f50428e1fdc7f,4,2,calm,2,2,1,3,1,48000,182582,1,PCM_16,ok,
speech,Actor_04/03-01-02-02-02-02-04.wav,445008,ce79b25c9dd670d333632c69789f4df1863e6e972da02b26368f2a3439584a2b,4,2,calm,2,2,2,3,1,48000,193794,1,PCM_16,ok,
speech,Actor_04/03-01-03-01-01-01-04.wav,393756,3080245221302d843d80576ba27b63117aacb78569eef6151dee485293ce75c5,4,3,happy,1,1,1,3,1,48000,168168,1,PCM_16,ok,
speech,Actor_04/03-01-03-01-01-02-04.wav,396958,1ee011f02e8b7adf153c79e24e2b7b729ae4f85c6cf34f4fc502800b8083e5fe,4,3,happy,1,1,2,3,1,48000,169769,1,PCM_16,ok,
speech,Actor_04/03-01-03-01-02-01-04.wav,393756,4de2dd416eec22448fe1c4df8037fd12d709dbaec9467d551ac253b0308f4309,4,3,happy,1,2,1,3,1,48000,168168,1,PCM_16,ok,
speech,Actor_04/03-01-03-01-02-02-04.wav,387350,dc04d8d802142c26087d4d3391a5e49211be49d638ae6da80d3155176fdc5b9f,4,3,happy,1,2,2,3,1,48000,164965,1,PCM_16,ok,
speech,Actor_04/03-01-03-02-01-01-04.wav,428992,c7fbcb4405381013e2fb4b761f570db69392452f895f98b33f5b3eb57a6ab03f,4,3,happy,2,1,1,3,1,48000,185786,1,PCM_16,ok,
speech,Actor_04/03-01-03-02-01-02-04.wav,400160,006d043e0f45d7dcc8b79874053e01ce856960a80ad2354fe6bff5481b5dfd57,4,3,happy,2,1,2,3,1,48000,171371,1,PCM_16,ok,
speech,Actor_04/03-01-03-02-02-01-04.wav,403366,07d243297c0e3cd9f1f2c05505af9e49c8301a8b96b0c6455785d1567c034e9b,4,3,happy,2,2,1,3,1,48000,172973,1,PCM_16,ok,
speech,Actor_04/03-01-03-02-02-02-04.wav,419258,fe90dc6b792f8e507eb235076dda166ca38a01849d0baa16c67203fd00b9dda5,4,3,happy,2,2,2,3,1,48000,180980,1,PCM_16,ok,
speech,Actor_04/03-01-04-01-01-01-04.wav,380950,8b6e0f419a113c05de859e17fcfb1af607991e99479d340ce38f4a713888b1c9,4,4,sad,1,1,1,3,1,48000,161762,1,PCM_16,ok,
speech,Actor_04/03-01-04-01-01-02-04.wav,384152,b9fa9f7cd4d3818c4ea88a657a0bcf6608e555f204caf59c560de07ea14faeb9,4,4,sad,1,1,2,3,1,48000,163363,1,PCM_16,ok,
speech,Actor_04/03-01-04-01-02-01-04.wav,387356,9c3986476124f7de51fc9ea23c76efca2ff21da8c6babf6a6d825ca94e2e7bd4,4,4,sad,1,2,1,3,1,48000,164965,1,PCM_16,ok,
speech,Actor_04/03-01-04-01-02-02-04.wav,390558,80ea6b389658797b1b1f5667a8017280a6f47beb800847894f073ba820d080c9,4,4,sad,1,2,2,3,1,48000,166566,1,PCM_16,ok,
speech,Actor_04/03-01-04-02-01-01-04.wav,409778,8346608176061cdcced8950fda2399df15c3b024eb87540041f55999c4995f61,4,4,sad,2,1,1,3,1,48000,176176,1,PCM_16,ok,
speech,Actor_04/03-01-04-02-01-02-04.wav,419394,74cb64f7605e97b73c3ead94ed868450c36b5f576b380a73aad15ec273b35066,4,4,sad,2,1,2,3,1,48000,180981,1,PCM_16,ok,
speech,Actor_04/03-01-04-02-02-01-04.wav,419394,3f9354e0711e17be4e96033cbc3759188a8b66daaffbb305bf99f2fb7069e321,4,4,sad,2,2,1,3,1,48000,180981,1,PCM_16,ok,
speech,Actor_04/03-01-04-02-02-02-04.wav,419384,4ede51497bc93cc6c06600880a2aff053d13c2065df684c2b1ca9e4f8a34341c,4,4,sad,2,2,2,3,1,48000,180981,1,PCM_16,ok,
speech,Actor_04/03-01-05-01-01-01-04.wav,412988,02c20d8c0bc3a3b21e3fcbbd91105eba1fb54c3951e3dcbac984a6153b4ae23c,4,5,angry,1,1,1,3,1,48000,177778,1,PCM_16,ok,
speech,Actor_04/03-01-05-01-01-02-04.wav,403378,1cff7512fa4077c81c5f78b71191272f986a815e5064693a1bf84eeeab57202a,4,5,angry,1,1,2,3,1,48000,172973,1,PCM_16,ok,
speech,Actor_04/03-01-05-01-02-01-04.wav,390564,9f268b530406c0d1c323b4d616005e6c8ebeaa79e5c85986531f0d0f9c1dbd39,4,5,angry,1,2,1,3,1,48000,166566,1,PCM_16,ok,
speech,Actor_04/03-01-05-01-02-02-04.wav,416186,d8e2c978824e301affccc110eced1bbe4cfcf9981cb9dffb2632935aee4542bf,4,5,angry,1,2,2,3,1,48000,179379,1,PCM_16,ok,
speech,Actor_04/03-01-05-02-01-01-04.wav,419394,126f749914b9e498039b8daf1c3a1ef28fa0bef8934af12535101da5ec5a6d39,4,5,angry,2,1,1,3,1,48000,180981,1,PCM_16,ok,
speech,Actor_04/03-01-05-02-01-02-04.wav,429002,dc54dbf469fd5cd398b77ace99660e9a7baab5ebf681f1f15557f8cb684be4ba,4,5,angry,2,1,2,3,1,48000,185785,1,PCM_16,ok,
speech,Actor_04/03-01-05-02-02-01-04.wav,412982,203b4ff2f70a29a369788becbe32d56422471294eba25b837b15dd3ca8056350,4,5,angry,2,2,1,3,1,48000,177777,1,PCM_16,ok,
speech,Actor_04/03-01-05-02-02-02-04.wav,425800,025d1d104950b25ffb404d79fd47b336cf2162f857f1426233437b712decaf59,4,5,angry,2,2,2,3,1,48000,184184,1,PCM_16,ok,
speech,Actor_04/03-01-06-01-01-01-04.wav,377282,5b066be164068e0d991434bfeff3707462bcbbfae398841b779f51af7474dac8,4,6,fearful,1,1,1,3,1,48000,158558,1,PCM_16,ok,
speech,Actor_04/03-01-06-01-01-02-04.wav,368136,4800a254e2dbbf186c828cae4d7f45d6c3c8ab04e215b9ccf8886dc65a687e52,4,6,fearful,1,1,2,3,1,48000,155356,1,PCM_16,ok,
speech,Actor_04/03-01-06-01-02-01-04.wav,390564,53a3e0211d7dc778a99bc4807e81b0096d1aa310c0f8590335afdac60d692dd8,4,6,fearful,1,2,1,3,1,48000,166566,1,PCM_16,ok,
speech,Actor_04/03-01-06-01-02-02-04.wav,390564,cdcb84b341159305516a97556c763247ef01c5776d325a9c50ddb68a140b01b7,4,6,fearful,1,2,2,3,1,48000,166566,1,PCM_16,ok,
speech,Actor_04/03-01-06-02-01-01-04.wav,435406,188bac8b6216438d281c0bb5414581aeaa04a852a326e0b686a7a279b7df27b1,4,6,fearful,2,1,1,3,1,48000,188989,1,PCM_16,ok,
speech,Actor_04/03-01-06-02-01-02-04.wav,384154,c8776f39e1295a3525ad9b24cd9393004347a7338f533aec1cf4d0984ae3bb78,4,6,fearful,2,1,2,3,1,48000,163363,1,PCM_16,ok,
speech,Actor_04/03-01-06-02-02-01-04.wav,403374,50f8c50792fb0b5df5c2d801d15889eb89e7087b50e24a3c219cc35d976181c5,4,6,fearful,2,2,1,3,1,48000,172973,1,PCM_16,ok,
speech,Actor_04/03-01-06-02-02-02-04.wav,400170,3ff82cf213cd612a9e6aa8e06688304afda4cc3939740af7f9b325d7db488cd6,4,6,fearful,2,2,2,3,1,48000,171371,1,PCM_16,ok,
speech,Actor_05/03-01-01-01-01-01-05.wav,395284,d6ae1eaf5f0638d0fbbb6ea9ba040e089e741c13caca902d91059541c24c093a,5,1,neutral,1,1,1,3,1,48000,172973,1,PCM_16,ok,
speech,Actor_05/03-01-01-01-01-02-05.wav,398494,53282cac7cb92c7008f5757ca382d4dc0fccc43f0b88ffb35ee39f30565d1405,5,1,neutral,1,1,2,3,1,48000,174575,1,PCM_16,ok,
speech,Actor_05/03-01-01-01-02-01-05.wav,347058,023c14008c4810c5114b8690c3d0adeb46d97cd1cca88420a56752a5ec28fb99,5,1,neutral,1,2,1,3,1,48000,148948,1,PCM_16,ok,
speech,Actor_05/03-01-01-01-02-02-05.wav,395284,36dc86e0d95fd0fe1b9655b62ad793ef4e7b1a6b97bde8512db8f0e03b5ce5dd,5,1,neutral,1,2,2,3,1,48000,172973,1,PCM_16,ok,
speech,Actor_05/03-01-02-01-01-01-05.wav,436996,e402cf7ae0915e3d9026c9ad97450725e67da1c857f9d793091938304861caeb,5,2,calm,1,1,1,3,1,48000,193793,1,PCM_16,ok,
speech,Actor_05/03-01-02-01-01-02-05.wav,443404,45431c557af5d32d6d84dda28748938b7db311f91634a76a0f552081a493a1f0,5,2,calm,1,1,2,3,1,48000,196997,1,PCM_16,ok,
speech,Actor_05/03-01-02-01-02-01-05.wav,446608,a39b07130628bc886c98eeaec3486bb434d147cbf690e2977d7262bd4786c645,5,2,calm,1,2,1,3,1,48000,198599,1,PCM_16,ok,
speech,Actor_05/03-01-02-01-02-02-05.wav,863024,d9925b794f402e9db11315122a93abd30150b63d4b09f7ec6405640377b78a7a,5,2,calm,1,2,2,3,1,48000,203403,2,PCM_16,ok,
speech,Actor_05/03-01-02-02-01-01-05.wav,504266,5ac86a34811dc81218ad3c2eddf3857a2f51b243e3e7a163317fa492a5be015d,5,2,calm,2,1,1,3,1,48000,227427,1,PCM_16,ok,
speech,Actor_05/03-01-02-02-01-02-05.wav,481848,568da375ded7dd792ee7e0a398b6c8bae6c83cb777438c2a0811e697ccff4db3,5,2,calm,2,1,2,3,1,48000,216216,1,PCM_16,ok,
speech,Actor_05/03-01-02-02-02-01-05.wav,508078,5a7f78bb36f0c91bf042cccf9cb7991b4689278c3e77243056c6eba351d4a09b,5,2,calm,2,2,1,3,1,48000,229029,1,PCM_16,ok,
speech,Actor_05/03-01-02-02-02-02-05.wav,462624,ea4fb026190fee0661db094eb8f4827982e341f1d4c7fb85b51775ba1c018fe5,5,2,calm,2,2,2,3,1,48000,206606,1,PCM_16,ok,
speech,Actor_05/03-01-03-01-01-01-05.wav,433800,c5c44870e45fcbc64656786d57c924477042883e2a92791322ae2f80918a41d3,5,3,happy,1,1,1,3,1,48000,192192,1,PCM_16,ok,
speech,Actor_05/03-01-03-01-01-02-05.wav,360126,13ec2eb6bd5a5f79dcca4f43d5354badc161ac5bb967abfee32901e902b4f5f4,5,3,happy,1,1,2,3,1,48000,155355,1,PCM_16,ok,
speech,Actor_05/03-01-03-01-02-01-05.wav,372938,ec42e4068f7ce963e326b878f46c695efaaa7fbe20f7eb3a1d3fbffa72bfaf4c,5,3,happy,1,2,1,3,1,48000,161761,1,PCM_16,ok,
speech,Actor_05/03-01-03-01-02-02-05.wav,411378,beac21d0684e91a3f18085312ba5d59b0260e360292998deb32b436041e7454b,5,3,happy,1,2,2,3,1,48000,180981,1,PCM_16,ok,
speech,Actor_05/03-01-03-02-01-01-05.wav,446614,e13169a4b2fe756e5206f51c8f9841439c5b5c74ac21a578b771905e47467f55,5,3,happy,2,1,1,3,1,48000,198599,1,PCM_16,ok,
speech,Actor_05/03-01-03-02-01-02-05.wav,420982,bf0a14aa80f494c9dac27f55f8baa52926daef3d95171217c67a29ed156cafd0,5,3,happy,2,1,2,3,1,48000,185786,1,PCM_16,ok,
speech,Actor_05/03-01-03-02-02-01-05.wav,395360,8059115a9ef5b90c52eba978d077bd2f00bb99abb28c639856d2ef31394e44bf,5,3,happy,2,2,1,3,1,48000,172972,1,PCM_16,ok,
speech,Actor_05/03-01-03-02-02-02-05.wav,376142,154c315e31eba438ede423a9f23ab065ad936b6c307bd24b4cfde4475380748e,5,3,happy,2,2,2,3,1,48000,163363,1,PCM_16,ok,
speech,Actor_05/03-01-04-01-01-01-05.wav,363266,7377f1402368664dec385427043c38a32a076d945f5df1b1c2f1f9e15e15e5a1,5,4,sad,1,1,1,3,1,48000,156957,1,PCM_16,ok,
speech,Actor_05/03-01-04-01-01-02-05.wav,398500,a3b30ffdb171a75a4c4ae921ab880175f5004c37c30e239141fbf2c7103f0b6d,5,4,sad,1,1,2,3,1,48000,174574,1,PCM_16,ok,
speech,Actor_05/03-01-04-01-02-01-05.wav,347250,432a43e7569a61a7b304cd413e432676dc2c0a4102ca782c918756cb609fcaa1,5,4,sad,1,2,1,3,1,48000,148949,1,PCM_16,ok,
speech,Actor_05/03-01-04-01-02-02-05.wav,404906,3962e2dee5c32de6c3ab5cb9e4e37e254d2ea6750a646fdad0a569ea48f7825f,5,4,sad,1,2,2,3,1,48000,177777,1,PCM_16,ok,
speech,Actor_05/03-01-04-02-01-01-05.wav,388944,2ddadb3041219f1267f22f30af08d990ee737656617df22f0d4df26c356e00b3,5,4,sad,2,1,1,3,1,48000,169769,1,PCM_16,ok,
speech,Actor_05/03-01-04-02-01-02-05.wav,363324,8f2683dc68b42d0942732eb70ec9ccbddd9b1a45b2563f5b960c81d3670baf9c,5,4,sad,2,1,2,3,1,48000,156957,1,PCM_16,ok,
speech,Actor_05/03-01-04-02-02-01-05.wav,365404,cc10c259a4da55bf621448f511a604f925d049bb12f40496aa130e1239f076c9,5,4,sad,2,2,1,3,1,48000,156956,1,PCM_16,ok,
speech,Actor_05/03-01-04-02-02-02-05.wav,350502,01df5b137333646501dde207dba8efb7738865bbf24b8d94b4cc33c678d333b4,5,4,sad,2,2,2,3,1,48000,150551,1,PCM_16,ok,
speech,Actor_05/03-01-05-01-01-01-05.wav,420982,714d6afc7017420099d0acd23cd2740bb02297c35c3f49f7a7eda53fa58785c3,5,5,angry,1,1,1,3,1,48000,185786,1,PCM_16,ok,
speech,Actor_05/03-01-05-01-01-02-05.wav,414574,71d931b064bda1f02100b01bad1348866abb68ef82e29fa2935c3b017f6dfe18,5,5,angry,1,1,2,3,1,48000,182582,1,PCM_16,ok,
speech,Actor_05/03-01-05-01-02-01-05.wav,440200,948cc29032238907dca424bfd7562c959b21917b0da1ddc2740b34c3d0b7dc17,5,5,angry,1,2,1,3,1,48000,195395,1,PCM_16,ok,
speech,Actor_05/03-01-05-01-02-02-05.wav,472226,dac1869ac777a88b6a1f971b248eaa83c4d3c18a0a152f2391744c26bc8adfdb,5,5,angry,1,2,2,3,1,48000,211411,1,PCM_16,ok,
speech,Actor_05/03-01-05-02-01-01-05.wav,376138,361dcdaef09c2f508a3728147561e5f388e4a4e7de1ce294dc0e1288e66c5b2c,5,5,angry,2,1,1,3,1,48000,163363,1,PCM_16,ok,
speech,Actor_05/03-01-05-02-01-02-05.wav,392154,4dc877124b9f80523724036b0a9097906f3a8c254be35bfbac438e63b497d48f,5,5,angry,2,1,2,3,1,48000,171371,1,PCM_16,ok,
speech,Actor_05/03-01-05-02-02-01-05.wav,398558,bbbf4ac0a5ead9dad93d80cf68ea2603e1c24c4e78f1ad59e545e1a1d4a525f0,5,5,angry,2,2,1,3,1,48000,174574,1,PCM_16,ok,
speech,Actor_05/03-01-05-02-02-02-05.wav,398560,1598f69cdbb3d98f2d00abd971a9b3719bf31caf991c4d16c74ec4bf1d3eb1f1,5,5,angry,2,2,2,3,1,48000,174575,1,PCM_16,ok,
speech,Actor_05/03-01-06-01-01-01-05.wav,350516,52b8343763a88ff8aeeb097b1d8a8797e2eb44a415bae61bbb840e6b36ac6284,5,6,fearful,1,1,1,3,1,48000,150551,1,PCM_16,ok,
speech,Actor_05/03-01-06-01-01-02-05.wav,372936,3d509ff1ab75644a5d824196aadfd83bf6cd407b4df51db46671aefad508557c,5,6,fearful,1,1,2,3,1,48000,161761,1,PCM_16,ok,
speech,Actor_05/03-01-06-01-02-01-05.wav,350514,a9eae7c520f0e1f86fd22a83557500a284aaba6402a29963a126d929f4a7b189,5,6,fearful,1,2,1,3,1,48000,150550,1,PCM_16,ok,
speech,Actor_05/03-01-06-01-02-02-05.wav,344108,dd2232a1f6788a7537b764334f4c51d0824d1060969724bd8cecc6ec56d7fb86,5,6,fearful,1,2,2,3,1,48000,147347,1,PCM_16,ok,
speech,Actor_05/03-01-06-02-01-01-05.wav,360124,c1cd4046ff870b7e563cabc87e03cb3d82dde0fe4e623fc3d508f9b1326e9756,5,6,fearful,2,1,1,3,1,48000,155355,1,PCM_16,ok,
speech,Actor_05/03-01-06-02-01-02-05.wav,392156,16c459ed738ba4808f5088bc1a37ae5ead65d1e31ab21c3b9d15f807a817a06d,5,6,fearful,2,1,2,3,1,48000,171371,1,PCM_16,ok,
speech,Actor_05/03-01-06-02-02-01-05.wav,360124,f3ccea511a44aa7131c639e034bb1f14ea2b1a231f3e22cc00082dcc6f40869c,5,6,fearful,2,2,1,3,1,48000,155355,1,PCM_16,ok,
speech,Actor_05/03-01-06-02-02-02-05.wav,347312,7e9b3f1287eafd72394acabd921e611ba4f18146c8d050e9b71ac08b052e4d22,5,6,fearful,2,2,2,3,1,48000,148949,1,PCM_16,ok,
speech,Actor_06/03-01-01-01-01-01-06.wav,367496,fec3fbd174eac5a623f30ac63b09bbb28b947754ab5f1ba57aa3758d10186ea1,6,1,neutral,1,1,1,3,1,48000,160160,1,PCM_16,ok,
speech,Actor_06/03-01-01-01-01-02-06.wav,393298,2baf0456bbcae672a144d5997cb0baa864c2a40c557f7192e69de0d041aeb3b5,6,1,neutral,1,1,2,3,1,48000,172973,1,PCM_16,ok,
speech,Actor_06/03-01-01-01-02-01-06.wav,374078,90f9e5d015c898554a488ee2ad6179b43c63645993cde40fa6e468e5254922d3,6,1,neutral,1,2,1,3,1,48000,163363,1,PCM_16,ok,
speech,Actor_06/03-01-01-01-02-02-06.wav,377292,9a98fd660f36e5e09bb8491d2072f986d9c1283696a6b9fd2b5cdc76501df918,6,1,neutral,1,2,2,3,1,48000,164965,1,PCM_16,ok,
speech,Actor_06/03-01-02-01-01-01-06.wav,434952,6a63a18fe0dcea069f8c6af0c6c9aded59e87a72f3b220b51e1a406a062e7617,6,2,calm,1,1,1,3,1,48000,193793,1,PCM_16,ok,
speech,Actor_06/03-01-02-01-01-02-06.wav,441366,4572cbed5a3be6767c8d66fe2fb759442a53ec3800db68b73f3fe446c5397044,6,2,calm,1,1,2,3,1,48000,196997,1,PCM_16,ok,
speech,Actor_06/03-01-02-01-02-01-06.wav,428550,0c1d0e4526683a29192a7da23be187f237b7330d7b1cf097a2d72a76d61d6406,6,2,calm,1,2,1,3,1,48000,190590,1,PCM_16,ok,
speech,Actor_06/03-01-02-01-02-02-06.wav,451584,bdfa697945e65bcc05ace80100d87dab3c72febf8856a6b245b8587a92bc13bc,6,2,calm,1,2,2,3,1,48000,201801,1,PCM_16,ok,
speech,Actor_06/03-01-02-02-01-01-06.wav,479780,be7b7f0ad36acdafd54c724b1e2c27efb0665832cd3f05b6e88d93b5a5a74aaa,6,2,calm,2,1,1,3,1,48000,216216,1,PCM_16,ok,
speech,Actor_06/03-01-02-02-01-02-06.wav,492668,eba2154d73bb4810f280c93d7d8d9b80ad6540a62cc7e57fb6d8fdd94c765a75,6,2,calm,2,1,2,3,1,48000,222623,1,PCM_16,ok,
speech,Actor_06/03-01-02-02-02-01-06.wav,463840,5d6e7883d2b130d431f1162145c9001dd8a3dcaf219fe50b0422081847b7ff52,6,2,calm,2,2,1,3,1,48000,208208,1,PCM_16,ok,
speech,Actor_06/03-01-02-02-02-02-06.wav,505482,c02b44e67c908b64f792e4afda54c313b69007ea573cc196bb2494b2a19656b6,6,2,calm,2,2,2,3,1,48000,229029,1,PCM_16,ok,
speech,Actor_06/03-01-03-01-01-01-06.wav,386956,48a8e08541749be64f1b19737fbdbba6a9271886962cfd7bf1e9b94a6e7890a5,6,3,happy,1,1,1,3,1,48000,169769,1,PCM_16,ok,
speech,Actor_06/03-01-03-01-01-02-06.wav,393364,78e189b1feeb289de62b40b49461850651396823893f6dacddc57ce3b1f37e58,6,3,happy,1,1,2,3,1,48000,172973,1,PCM_16,ok,
speech,Actor_06/03-01-03-01-02-01-06.wav,380552,9fd7a1fbd39358c5cfac298fe3d5ed7bbb46c56f42288d94202eacb9703f71dd,6,3,happy,1,2,1,3,1,48000,166566,1,PCM_16,ok,
speech,Actor_06/03-01-03-01-02-02-06.wav,377350,50d809dbe772dade27e6b2769d80c086e26e004a3a38ee63415d3e82f0e39252,6,3,happy,1,2,2,3,1,48000,164965,1,PCM_16,ok,
speech,Actor_06/03-01-03-02-01-01-06.wav,383760,5571df9002c07b4a372da61c7c4f28ec8e898e5d81953668f854b0e2eca8f0db,6,3,happy,2,1,1,3,1,48000,168168,1,PCM_16,ok,
speech,Actor_06/03-01-03-02-01-02-06.wav,380556,8f3f54400ed9d7854ae1b33dcfc8a7152f5657cb5b8b2d51c7379333b09fa0a8,6,3,happy,2,1,2,3,1,48000,166566,1,PCM_16,ok,
speech,Actor_06/03-01-03-02-02-01-06.wav,390166,3d8389adb46bfdf669d537217d7b3af68335317b74cf6cccdef77d42fbe94150,6,3,happy,2,2,1,3,1,48000,171371,1,PCM_16,ok,
speech,Actor_06/03-01-03-02-02-02-06.wav,393368,ad7cd50cc368b9f2e26e57c3ad822fd79dbda155697cf3544831d5daa42ab1b4,6,3,happy,2,2,2,3,1,48000,172972,1,PCM_16,ok,
speech,Actor_06/03-01-04-01-01-01-06.wav,390104,a1f54dfbeba22f5a7b22373a8470de851094d15582bb21392894be0a36badd6f,6,4,sad,1,1,1,3,1,48000,171371,1,PCM_16,ok,
speech,Actor_06/03-01-04-01-01-02-06.wav,393288,6ad745c5b36b0c4cbcb8d4b3819f16e3742dc34240ad6a6e555210371f0fe329,6,4,sad,1,1,2,3,1,48000,172973,1,PCM_16,ok,
speech,Actor_06/03-01-04-01-02-01-06.wav,380496,27d13b234b1f3779ab4d0a4996a1aa57b4f4cc739643247c2ce1e722e52d7e06,6,4,sad,1,2,1,3,1,48000,166567,1,PCM_16,ok,
speech,Actor_06/03-01-04-01-02-02-06.wav,377292,5160650002e9df83e19f5ae715587ba14c5abd1b26e37f58dbd01ce947673047,6,4,sad,1,2,2,3,1,48000,164965,1,PCM_16,ok,
speech,Actor_06/03-01-04-02-01-01-06.wav,450962,63fb57ff165f14a76b6778a6a15c89335b853ed450fe7396e764d73fcc208e89,6,4,sad,2,1,1,3,1,48000,201801,1,PCM_16,ok,
speech,Actor_06/03-01-04-02-01-02-06.wav,441354,884851598944f2881902bde9f056e7324621ef2e1c4cd8e596cc5537f07e08b8,6,4,sad,2,1,2,3,1,48000,196997,1,PCM_16,ok,
speech,Actor_06/03-01-04-02-02-01-06.wav,489400,e0fe33e75fc28d6c02283689768fb68e817575b4123633594e03d14eb3ecdff4,6,4,sad,2,2,1,3,1,48000,221020,1,PCM_16,ok,
speech,Actor_06/03-01-04-02-02-02-06.wav,434946,b9c089a869cf069f2e74b6abe81ebd0116ed95332ecbd1cf9472c0e8002764bf,6,4,sad,2,2,2,3,1,48000,193793,1,PCM_16,ok,
speech,Actor_06/03-01-05-01-01-01-06.wav,409322,c231083df71b164edabd744fcf2b2e7148b10a679de82f0a6453ae49b2e8e148,6,5,angry,1,1,1,3,1,48000,180981,1,PCM_16,ok,
speech,Actor_06/03-01-05-01-01-02-06.wav,428540,a137639b4df8b329ea0f40f715df0efd364a782e097a666d683c23142e345735,6,5,angry,1,1,2,3,1,48000,190590,1,PCM_16,ok,
speech,Actor_06/03-01-05-01-02-01-06.wav,450972,8199f6a69cf285f733fa3731f1f388808915f8fd356861ac389a2c4b5861e349,6,5,angry,1,2,1,3,1,48000,201801,1,PCM_16,ok,
speech,Actor_06/03-01-05-01-02-02-06.wav,422144,faa619a393ff2936a28d8c4c718a0779a960165e1396aaa29c8dd7e301d6a4c1,6,5,angry,1,2,2,3,1,48000,187387,1,PCM_16,ok,
speech,Actor_06/03-01-05-02-01-01-06.wav,441364,8abb48178f83eac111cc74dd7c1e0814c8d054192a5b205917406f87c460be03,6,5,angry,2,1,1,3,1,48000,196997,1,PCM_16,ok,
speech,Actor_06/03-01-05-02-01-02-06.wav,450972,1d469c1c27629f27f7e893207aff08f8ed603c19448d8ccdc4d9b56dab9b8785,6,5,angry,2,1,2,3,1,48000,201801,1,PCM_16,ok,
speech,Actor_06/03-01-05-02-02-01-06.wav,473396,d197de58e2b461eb7d394637c4960783f78f1ae9bec7a907680d8a3e9b5606a1,6,5,angry,2,2,1,3,1,48000,213013,1,PCM_16,ok,
speech,Actor_06/03-01-05-02-02-02-06.wav,476598,4beea9b5a012bf9c76a3f89b027013c42c7977ec78dd396b3703a88c478e75af,6,5,angry,2,2,2,3,1,48000,214614,1,PCM_16,ok,
speech,Actor_06/03-01-06-01-01-01-06.wav,396518,9007d30b0082700b21b38ffbb84cdea692e8ae2cbbfd6472e2e3306a39c5a9e4,6,6,fearful,1,1,1,3,1,48000,174574,1,PCM_16,ok,
speech,Actor_06/03-01-06-01-01-02-06.wav,379318,e0bff4da6164b9bbda6ebebdacfe4084efda9a1685d35d6ac81388e1eb185235,6,6,fearful,1,1,2,3,1,48000,164965,1,PCM_16,ok,
speech,Actor_06/03-01-06-01-02-01-06.wav,390116,d39c7903466f82b9b2ed013e1b99a41e058e72664d4ffcec5a7c27e53b73176e,6,6,fearful,1,2,1,3,1,48000,171372,1,PCM_16,ok,
speech,Actor_06/03-01-06-01-02-02-06.wav,383708,0b0c6812729731d10b9a9efd8adb349eade4eb6c9512e408d93311a2f0f575b9,6,6,fearful,1,2,2,3,1,48000,168168,1,PCM_16,ok,
speech,Actor_06/03-01-06-02-01-01-06.wav,396518,c7f113c6d41781df3c25db1d5690aefc63345bd3d0e06e3d2701176ff0fdf575,6,6,fearful,2,1,1,3,1,48000,174575,1,PCM_16,ok,
speech,Actor_06/03-01-06-02-01-02-06.wav,393314,c722421a8b5145067e33075798c0f4423c8fcc9e05960d755717f7c4e01dab02,6,6,fearful,2,1,2,3,1,48000,172973,1,PCM_16,ok,
speech,Actor_06/03-01-06-02-02-01-06.wav,406126,18050410dd89f829ffa4dac2231269c46c197669a15672d0f2c9ba6402296f83,6,6,fearful,2,2,1,3,1,48000,179379,1,PCM_16,ok,
speech,Actor_06/03-01-06-02-02-02-06.wav,406126,6f55cca1d51a6811c3cc79c8b9f46ff9a5c5423ac39237151bc35fc31d467ba6,6,6,fearful,2,2,2,3,1,48000,179379,1,PCM_16,ok,
speech,Actor_07/03-01-01-01-01-01-07.wav,424126,3ad7349f8ce03135bbfb4a20c9633b09d1687c81f54af23c3fc00deb2044653c,7,1,neutral,1,1,1,3,1,48000,187388,1,PCM_16,ok,
speech,Actor_07/03-01-01-01-01-02-07.wav,414516,9384c77a972f0fcd46670aa4c520047619d8f912a9590c212fb0f434e3996403,7,1,neutral,1,1,2,3,1,48000,182583,1,PCM_16,ok,
speech,Actor_07/03-01-01-01-02-01-07.wav,446360,5ede16e8c944de951af4726a898b38fff8b163d801fc12d3cd5aad479db22b56,7,1,neutral,1,2,1,3,1,48000,198598,1,PCM_16,ok,
speech,Actor_07/03-01-01-01-02-02-07.wav,408108,956c3bc851d17b4c2ee63928d30449295dc493f8454c155bba4713cf1ff080d1,7,1,neutral,1,2,2,3,1,48000,179379,1,PCM_16,ok,
speech,Actor_07/03-01-02-01-01-01-07.wav,381294,91450c438177d8084b6f927dee80c5e788862464f2f87d276f3f46c8fe28d9ad,7,2,calm,1,1,1,3,1,48000,166566,1,PCM_16,ok,
speech,Actor_07/03-01-02-01-01-02-07.wav,408110,ef0220645f58965058e7b67a566dfd08be66a253f0c7df8a75cdea23152519a6,7,2,calm,1,1,2,3,1,48000,179379,1,PCM_16,ok,
speech,Actor_07/03-01-02-01-02-01-07.wav,385686,bf049834fa242f71d24a497e5f02cd7e84494f48e855eebb51744eeb33b9bc62,7,2,calm,1,2,1,3,1,48000,168168,1,PCM_16,ok,
speech,Actor_07/03-01-02-01-02-02-07.wav,388890,a7189c59d1f1e5750cb9588720260fc046b6908d73546ccd20e240264f21d80f,7,2,calm,1,2,2,3,1,48000,169770,1,PCM_16,ok,
speech,Actor_07/03-01-02-02-01-01-07.wav,433728,82d67f1cb31d9a4e01c9320c2b704f8c70c6c6c1b2242f4a5ed99d037b0174f3,7,2,calm,2,1,1,3,1,48000,192192,1,PCM_16,ok,
speech,Actor_07/03-01-02-02-01-02-07.wav,421532,315cb2bc64df40804e43298e2f4c7c15af0df0f4b5b6ca99212683a5481464e4,7,2,calm,2,1,2,3,1,48000,185786,1,PCM_16,ok,
speech,Actor_07/03-01-02-02-02-01-07.wav,459362,c492784eded52e75ddcda059b9b0fea6dec33f39598900e936ccb33605c63f33,7,2,calm,2,2,1,3,1,48000,205005,1,PCM_16,ok,
speech,Actor_07/03-01-02-02-02-02-07.wav,443346,dfe8ceb869611eee15f76d33d6260ff6934de1aa29cc74fcebca406f955faa92,7,2,calm,2,2,2,3,1,48000,196997,1,PCM_16,ok,
speech,Actor_07/03-01-03-01-01-01-07.wav,385740,e0c967a7ea69dfd999af0fa1629e646196e567f1200c171a5e536752f863a687,7,3,happy,1,1,1,3,1,48000,168168,1,PCM_16,ok,
speech,Actor_07/03-01-03-01-01-02-07.wav,382556,a6dd4e362a29190c058570766c66862a479000359c77d064929908440469bf3c,7,3,happy,1,1,2,3,1,48000,166566,1,PCM_16,ok,
speech,Actor_07/03-01-03-01-02-01-07.wav,376130,ad066a1993793b79c21a8c77e6d4b7dc67dd7d9053efa77e1844491e3681071c,7,3,happy,1,2,1,3,1,48000,163363,1,PCM_16,ok,
speech,Actor_07/03-01-03-01-02-02-07.wav,376130,ad066a1993793b79c21a8c77e6d4b7dc67dd7d9053efa77e1844491e3681071c,7,3,happy,1,2,2,3,1,48000,163363,1,PCM_16,ok,
speech,Actor_07/03-01-03-02-01-01-07.wav,443416,b3adef919af010d097d1b593053b33819cc082e96395953cd86e3a73a6018616,7,3,happy,2,1,1,3,1,48000,196997,1,PCM_16,ok,
speech,Actor_07/03-01-03-02-01-02-07.wav,437008,0eadf6b68a146e31b583e02330eeaa7dd78623dff5ea3fae7ccab00a1a31b290,7,3,happy,2,1,2,3,1,48000,193793,1,PCM_16,ok,
speech,Actor_07/03-01-03-02-02-01-07.wav,435778,ffdb64f07f6a377891374ed0a42001f3cac6dc3c1d15777eea37a05f8e06cedd,7,3,happy,2,2,1,3,1,48000,193794,1,PCM_16,ok,
speech,Actor_07/03-01-03-02-02-02-07.wav,417786,c2a4a6ca4556dc83d3f36221ee3e469c10dbb5deca54491f759a80a1fb46759f,7,3,happy,2,2,2,3,1,48000,184184,1,PCM_16,ok,
speech,Actor_07/03-01-04-01-01-01-07.wav,388976,bfaecf085338c9c0a92b25c9b8cf00ce1c60d033e51a41e8a586378e34faa408,7,4,sad,1,1,1,3,1,48000,169770,1,PCM_16,ok,
speech,Actor_07/03-01-04-01-01-02-07.wav,395380,8ad8fc398334f54bfb056e9a3154577c4f54e491f26fed377fb4b50e3479e860,7,4,sad,1,1,2,3,1,48000,172972,1,PCM_16,ok,
speech,Actor_07/03-01-04-01-02-01-07.wav,388956,64bbac8f959a5f93fcd3d5db71065a019ad50c7f9f9367e3de9cb16ae2c5b889,7,4,sad,1,2,1,3,1,48000,169770,1,PCM_16,ok,
speech,Actor_07/03-01-04-01-02-02-07.wav,421006,bd235785c73d70d68b4c38ef646438b893261196620d517cd2182702cf5686b7,7,4,sad,1,2,2,3,1,48000,185785,1,PCM_16,ok,
speech,Actor_07/03-01-04-02-01-01-07.wav,427412,987fab292bdf423611644941c6392492f6f16051a498a7e8fc70c2c9f6e5886a,7,4,sad,2,1,1,3,1,48000,188988,1,PCM_16,ok,
speech,Actor_07/03-01-04-02-01-02-07.wav,417804,e3e5048c878a462a5e05e4274c557c617ac62f0c58fa161697e603942b4032de,7,4,sad,2,1,2,3,1,48000,184184,1,PCM_16,ok,
speech,Actor_07/03-01-04-02-02-01-07.wav,398586,e868bfee4acfbb454c469f1205d27ddf2cec7fc0221fc102c148fe88cf18d0ac,7,4,sad,2,2,1,3,1,48000,174575,1,PCM_16,ok,
speech,Actor_07/03-01-04-02-02-02-07.wav,417804,a4845cd12c2bd347b9a9825ce4c1ee5c2e1d7288ba6481931ae17e183e4109fe,7,4,sad,2,2,2,3,1,48000,184184,1,PCM_16,ok,
speech,Actor_07/03-01-05-01-01-01-07.wav,433820,82797b22b4fd4d2a8c7aec798a7c499571bcadbb0e3ff874d592f8ec27376a9c,7,5,angry,1,1,1,3,1,48000,192192,1,PCM_16,ok,
speech,Actor_07/03-01-05-01-01-02-07.wav,430618,f1ecc2bf6f0246dffc345a6bbff4f759715d76b96c99e0b7295524712dccbfb5,7,5,angry,1,1,2,3,1,48000,190591,1,PCM_16,ok,
speech,Actor_07/03-01-05-01-02-01-07.wav,433820,7ee1ec06dca0bcc6ab18724a135d1382313e38c8f976f9a82c0b8b3aafacece1,7,5,angry,1,2,1,3,1,48000,192192,1,PCM_16,ok,
speech,Actor_07/03-01-05-01-02-02-07.wav,433814,4d47ce67257ad4426643802af5590f939ef778ff5a267d222d2f0d41ffa01ee1,7,5,angry,1,2,2,3,1,48000,192192,1,PCM_16,ok,
speech,Actor_07/03-01-05-02-01-01-07.wav,395378,3e72f690c9ddf2e6aaf05554fe5d5263365ab3fd30ecb8bebcefa2b1b9b70be9,7,5,angry,2,1,1,3,1,48000,172973,1,PCM_16,ok,
speech,Actor_07/03-01-05-02-01-02-07.wav,433816,b321a0f565a9c6e10c8279891c241f31a68b3f6edfe3c6213608640ad51cda22,7,5,angry,2,1,2,3,1,48000,192192,1,PCM_16,ok,
speech,Actor_07/03-01-05-02-02-01-07.wav,417802,0456fd7f5bc1574fda69a7cefaec5416bea00feef382c9af5dee13b0400f5177,7,5,angry,2,2,1,3,1,48000,184184,1,PCM_16,ok,
speech,Actor_07/03-01-05-02-02-02-07.wav,465850,c04688e6bda839cb4722119ca02bbfcf00124317612fa7158d288ffee85212fc,7,5,angry,2,2,2,3,1,48000,208208,1,PCM_16,ok,
speech,Actor_07/03-01-06-01-01-01-07.wav,379364,4ad1a5ce8171ec14b632069bcbc0e8df1bf9280a4dcb2433256d6b2461caac54,7,6,fearful,1,1,1,3,1,48000,164965,1,PCM_16,ok,
speech,Actor_07/03-01-06-01-01-02-07.wav,385770,518c8c401d37fdeae773f771e5e91121f77baa08dccdac5939a0ec5a61ae1200,7,6,fearful,1,1,2,3,1,48000,168168,1,PCM_16,ok,
speech,Actor_07/03-01-06-01-02-01-07.wav,379364,b9c17a252b2cf95e932843cd4a2d972b077a757e8e864875a355354bf250b6f5,7,6,fearful,1,2,1,3,1,48000,164965,1,PCM_16,ok,
speech,Actor_07/03-01-06-01-02-02-07.wav,372958,1dfd745fb87cef923df8f9063aa64f48502d82166d339c4a7f4510dcb656420f,7,6,fearful,1,2,2,3,1,48000,161762,1,PCM_16,ok,
speech,Actor_07/03-01-06-02-01-01-07.wav,398586,6324b4d70a1be81c5dd808a0055fe88b54feb6c415cfe676422080ebe16b2303,7,6,fearful,2,1,1,3,1,48000,174575,1,PCM_16,ok,
speech,Actor_07/03-01-06-02-01-02-07.wav,381324,98d75297f489a142159ff1173ad549faebe17b0324ba2fe2523e0163ec4cb2ed,7,6,fearful,2,1,2,3,1,48000,166566,1,PCM_16,ok,
speech,Actor_07/03-01-06-02-02-01-07.wav,376162,67dee62fbfd7fbe01c8dbfb995b2ee9517447953aaab02546e09271b9dbb871f,7,6,fearful,2,2,1,3,1,48000,163363,1,PCM_16,ok,
speech,Actor_07/03-01-06-02-02-02-07.wav,385768,e66783b083df94a71b23b89df11fee8c9c0e9aecbaa6add7430f2948089eca5d,7,6,fearful,2,2,2,3,1,48000,168168,1,PCM_16,ok,
speech,Actor_08/03-01-01-01-01-01-08.wav,373314,b8475c029ef3ea3c931ed23cb55863dfee0e763d6d43bb1d95d42b5f9941c93b,8,1,neutral,1,1,1,3,1,48000,168168,1,PCM_16,ok,
speech,Actor_08/03-01-01-01-01-02-08.wav,386254,d7a1e91ccf01d71a06b8b2bf6e2b8ded86b568b5e0cee437245f760291560371,8,1,neutral,1,1,2,3,1,48000,174575,1,PCM_16,ok,
speech,Actor_08/03-01-01-01-02-01-08.wav,376646,c4f009630a8dadfbc0638445ab773804094138083ed4097f2b42db8e6a88eda1,8,1,neutral,1,2,1,3,1,48000,169769,1,PCM_16,ok,
speech,Actor_08/03-01-01-01-02-02-08.wav,373442,fe68413b9e38da062284e05fbdd3ac9125e2fa60ad53567a3880c2e39d03fda9,8,1,neutral,1,2,2,3,1,48000,168168,1,PCM_16,ok,
speech,Actor_08/03-01-02-01-01-01-08.wav,383054,bb8d65c535a1a14c532b57276275c670c24c3d9142bcb071c5a6818e141a669b,8,2,calm,1,1,1,3,1,48000,172973,1,PCM_16,ok,
speech,Actor_08/03-01-02-01-01-02-08.wav,363836,fd56790a30586d3fdbcd53129cab8b5f219b869e7c316cb159d7adcd0e8ccee0,8,2,calm,1,1,2,3,1,48000,163364,1,PCM_16,ok,
speech,Actor_08/03-01-02-01-02-01-08.wav,370240,a0087f7e7eaa091ac06f1fb6783b12d85608dc33e78cb1305eb74200c74df4f7,8,2,calm,1,2,1,3,1,48000,166566,1,PCM_16,ok,
speech,Actor_08/03-01-02-01-02-02-08.wav,370240,adea78e29a78a8d007491f72f328687b87f21f75211accfcfc422acedefe0a4e,8,2,calm,1,2,2,3,1,48000,166566,1,PCM_16,ok,
speech,Actor_08/03-01-02-02-01-01-08.wav,386254,87c4added529d821e7c09295dbeaecd374b4395873b836743cbad023ebdc1c9c,8,2,calm,2,1,1,3,1,48000,174574,1,PCM_16,ok,
speech,Actor_08/03-01-02-02-01-02-08.wav,395864,cefcf67aa99afe3ae33316ae16ffb9365cc3645283873a65494768c7b63eaf55,8,2,calm,2,1,2,3,1,48000,179379,1,PCM_16,ok,
speech,Actor_08/03-01-02-02-02-01-08.wav,389460,1cde7e94a589aa4ac4cdcbff34b5f4816c3f0b0b96992183ae0f5524f7698437,8,2,calm,2,2,1,3,1,48000,176176,1,PCM_16,ok,
speech,Actor_08/03-01-02-02-02-02-08.wav,402274,ea6885a16766dc3b974685aa28733e0501fe2c7fc59a852e306e18d53b2ee18c,8,2,calm,2,2,2,3,1,48000,182583,1,PCM_16,ok,
speech,Actor_08/03-01-03-01-01-01-08.wav,373444,05e03d90d279c552d090b3db74734fa5263123a860ee4707ac594991ca5db5f4,8,3,happy,1,1,1,3,1,48000,168168,1,PCM_16,ok,
speech,Actor_08/03-01-03-01-01-02-08.wav,367036,22ac07f8998e6fbe3da6669500f18bcb24d9bf0fa7fdce2f9a89c9b83e16a367,8,3,happy,1,1,2,3,1,48000,164964,1,PCM_16,ok,
speech,Actor_08/03-01-03-01-02-01-08.wav,370240,131be33f0ccbdaa500566a690e234806c580e1a792e3bedff3617ddde2f6b64f,8,3,happy,1,2,1,3,1,48000,166566,1,PCM_16,ok,
speech,Actor_08/03-01-03-01-02-02-08.wav,367038,bfe93ac0756084e369383f1873b4f0ad9308ccf9ae2d751e6240c3b40a281b58,8,3,happy,1,2,2,3,1,48000,164965,1,PCM_16,ok,
speech,Actor_08/03-01-03-02-01-01-08.wav,399070,8923df95654a4662cf85203fa9bc6c2a01bd4972be6aaf385b99fe44ae3b54e6,8,3,happy,2,1,1,3,1,48000,180980,1,PCM_16,ok,
speech,Actor_08/03-01-03-02-01-02-08.wav,411884,55c8583f3557bd2f9b9c0ee60df8adf11f17b7055760fd61a64428f96cb2d526,8,3,happy,2,1,2,3,1,48000,187387,1,PCM_16,ok,
speech,Actor_08/03-01-03-02-02-01-08.wav,405478,479b2b5a5599af7364b956b0190daa1af1260d6c9562c736c7d6109a14e54200,8,3,happy,2,2,1,3,1,48000,184184,1,PCM_16,ok,
speech,Actor_08/03-01-03-02-02-02-08.wav,415084,fdd8ec794e33d24d43a825c6b1fd3d02db49a217d243585ed14d429b34c9817f,8,3,happy,2,2,2,3,1,48000,188989,1,PCM_16,ok,
speech,Actor_08/03-01-04-01-01-01-08.wav,440718,31080846da414245b35e793fc78f1ef7e8a1f13d01b0ff5e7c7b48b40270f587,8,4,sad,1,1,1,3,1,48000,201802,1,PCM_16,ok,
speech,Actor_08/03-01-04-01-01-02-08.wav,408684,833407f4ba3920bf7b23005329e72b57253ee549b3607539cdf8b2d21c65d792,8,4,sad,1,1,2,3,1,48000,185785,1,PCM_16,ok,
speech,Actor_08/03-01-04-01-02-01-08.wav,379858,06b32eb45667bad23ef5aacc5b6b90567d1b862f5e3d40c685827d1eea7a460c,8,4,sad,1,2,1,3,1,48000,171372,1,PCM_16,ok,
speech,Actor_08/03-01-04-01-02-02-08.wav,383060,2c1d0c4397b166b54ab082b30c47003d1ffee8f4219e693ff607dfbfaddd7ec2,8,4,sad,1,2,2,3,1,48000,172973,1,PCM_16,ok,
speech,Actor_08/03-01-04-02-01-01-08.wav,399022,60c7925d51e01ff9603320a811381e54de4bdee08da02edd15f4a499304f6639,8,4,sad,2,1,1,3,1,48000,180980,1,PCM_16,ok,
speech,Actor_08/03-01-04-02-01-02-08.wav,415090,ec0bceadae35d6e661358763e5da2090bf60372a169f755d05af4cdefe3195b3,8,4,sad,2,1,2,3,1,48000,188989,1,PCM_16,ok,
speech,Actor_08/03-01-04-02-02-01-08.wav,389464,d120b922663636172daf1cb6b42b97184fa6cfc052fc5cc53642675d7a9c93ed,8,4,sad,2,2,1,3,1,48000,176176,1,PCM_16,ok,
speech,Actor_08/03-01-04-02-02-02-08.wav,392670,4a44821480975d87262c6213b3ae70e52694e98a5c4681b7c63834fdd87e43d7,8,4,sad,2,2,2,3,1,48000,177778,1,PCM_16,ok,
speech,Actor_08/03-01-05-01-01-01-08.wav,392670,7b00d1a53421b911e7b5288c24363d1a69d3d2d327de9d34e88e936903c42c5f,8,5,angry,1,1,1,3,1,48000,177778,1,PCM_16,ok,
speech,Actor_08/03-01-05-01-01-02-08.wav,383060,d24051225d1311f89945b0bc208525c85919114b9faedd4d4534b5af131d1cec,8,5,angry,1,1,2,3,1,48000,172973,1,PCM_16,ok,
speech,Actor_08/03-01-05-01-02-01-08.wav,376654,6687f59c9d49304e7f46d1acebfcc3d29c063e023a39ca17caab2573a1e578a4,8,5,angry,1,2,1,3,1,48000,169770,1,PCM_16,ok,
speech,Actor_08/03-01-05-01-02-02-08.wav,379856,675c565533eb3afffa006ceb4b50bf7c965ed2145f41951ca7c237e24bd6b5fe,8,5,angry,1,2,2,3,1,48000,171371,1,PCM_16,ok,
speech,Actor_08/03-01-05-02-01-01-08.wav,418294,996b8d30dadb8d58bddb3a042632085f3c235df32432929a84808eafe20c3bf8,8,5,angry,2,1,1,3,1,48000,190590,1,PCM_16,ok,
speech,Actor_08/03-01-05-02-01-02-08.wav,399076,552fb06ab4304bd31a37f2c80a0edcfc37bb951e287fd78822fad6659f5d46dd,8,5,angry,2,1,2,3,1,48000,180981,1,PCM_16,ok,
speech,Actor_08/03-01-05-02-02-01-08.wav,383062,adc7b734c60e7e38d1471c58094ba213a124e6aa6174f78af2354888982b4284,8,5,angry,2,2,1,3,1,48000,172973,1,PCM_16,ok,
speech,Actor_08/03-01-05-02-02-02-08.wav,386264,b92210cc85c5374a2dd4c0ad44087979786a90c58a948f82670ce07712c15d7b,8,5,angry,2,2,2,3,1,48000,174574,1,PCM_16,ok,
speech,Actor_08/03-01-06-01-01-01-08.wav,418298,4ea5320ff0cb3e6ddb974cdc77999c2141a77e1185d8cb4c3ec25c9985a3c3b9,8,6,fearful,1,1,1,3,1,48000,190591,1,PCM_16,ok,
speech,Actor_08/03-01-06-01-01-02-08.wav,389468,5fc48dc9c59fb10730c1df30d67c4cf29d9bf26abd1f3e19efbbf34e1fb2c820,8,6,fearful,1,1,2,3,1,48000,176176,1,PCM_16,ok,
speech,Actor_08/03-01-06-01-02-01-08.wav,399078,8209944f96ba4d8ff2a2993aa0f58191d3c164a374e9b122f7d2d5e08c3b2a84,8,6,fearful,1,2,1,3,1,48000,180981,1,PCM_16,ok,
speech,Actor_08/03-01-06-01-02-02-08.wav,389468,57f1d853ade9359c7a49b540bc92e215105331c330847e54727d27f7b510c680,8,6,fearful,1,2,2,3,1,48000,176176,1,PCM_16,ok,
speech,Actor_08/03-01-06-02-01-01-08.wav,418294,7792854bd6dfd6134bfe858b77d3c5da2344b1ec6e07ba6dd483b30b3052fbcc,8,6,fearful,2,1,1,3,1,48000,190590,1,PCM_16,ok,
speech,Actor_08/03-01-06-02-01-02-08.wav,411316,f5e60f1988cfef4517e657aa468e2041bf5e6194bacbf0947adfcbb2f73d324a,8,6,fearful,2,1,2,3,1,48000,187387,1,PCM_16,ok,
speech,Actor_08/03-01-06-02-02-01-08.wav,408684,2652a566d0d5ac75239a9894f3f58fb3490192dd78dcef0f597456708819622e,8,6,fearful,2,2,1,3,1,48000,185785,1,PCM_16,ok,
speech,Actor_08/03-01-06-02-02-02-08.wav,415092,a01242d0b87b5ee7e085e068a193794320c2e07f1e68f663302b9dfbfa99beab,8,6,fearful,2,2,2,3,1,48000,188989,1,PCM_16,ok,
speech,Actor_09/03-01-01-01-01-01-09.wav,360982,2f4c334e09e851e72cc2a5045f745e6590b99d4f379b3b0ca678b5eea0bf2f8b,9,1,neutral,1,1,1,3,1,48000,156957,1,PCM_16,ok,
speech,Actor_09/03-01-01-01-01-02-09.wav,354758,2c05dc93e249a2f1319bff668e62b872c06a692bb5c94491a18b60ec3cd25c72,9,1,neutral,1,1,2,3,1,48000,153754,1,PCM_16,ok,
speech,Actor_09/03-01-01-01-02-01-09.wav,367570,91e2abf99ccc1cee4a2235622a692fb171a1b67b1a1a1128273685993beb2a52,9,1,neutral,1,2,1,3,1,48000,160160,1,PCM_16,ok,
speech,Actor_09/03-01-01-01-02-02-09.wav,357974,c874f0c77032f4f41f822938dc541cc4b808961a8819b54344656325d5632561,9,1,neutral,1,2,2,3,1,48000,155356,1,PCM_16,ok,
speech,Actor_09/03-01-02-01-01-01-09.wav,367582,4c6fe1437db56ae044c0d6594c70abe1d0588820ac2cce9a7e68327ab78ef9e3,9,2,calm,1,1,1,3,1,48000,160160,1,PCM_16,ok,
speech,Actor_09/03-01-02-01-01-02-09.wav,367582,6a38e7e31a1ddd4087d680bedf58d1f3cdca7e6b47c246b766cf059846af75ca,9,2,calm,1,1,2,3,1,48000,160160,1,PCM_16,ok,
speech,Actor_09/03-01-02-01-02-01-09.wav,380396,14ebb005a00eb91b4afa09e63ad11832016b445ec00c3a2fc3be2b90d1307e26,9,2,calm,1,2,1,3,1,48000,166567,1,PCM_16,ok,
speech,Actor_09/03-01-02-01-02-02-09.wav,390004,24fcca62d8260433ad5b0110b82b459f1c692649f9876cf75c0161465f27e91e,9,2,calm,1,2,2,3,1,48000,171371,1,PCM_16,ok,
speech,Actor_09/03-01-02-02-01-01-09.wav,367582,199ccef3ade986848e96b83fd36c24217bc27b89685ea3b3668c3a3bcd696da0,9,2,calm,2,1,1,3,1,48000,160160,1,PCM_16,ok,
speech,Actor_09/03-01-02-02-01-02-09.wav,377192,5863c49693cd279c0feca09b305102180f6bd96083ec375f4fbdb8b519c78998,9,2,calm,2,1,2,3,1,48000,164965,1,PCM_16,ok,
speech,Actor_09/03-01-02-02-02-01-09.wav,412426,711b70d5f62c97a2766b3ee3f88cf5aa6c450e97cf600a35158f2c3caef990e9,9,2,calm,2,2,1,3,1,48000,182582,1,PCM_16,ok,
speech,Actor_09/03-01-02-02-02-02-09.wav,396412,31285067a6652907d91dca0d4e0732cce2787cbc2af368086a01005e3824bfcf,9,2,calm,2,2,2,3,1,48000,174575,1,PCM_16,ok,
speech,Actor_09/03-01-03-01-01-01-09.wav,367580,00834f5d487c5b2f0756fedde0191b6d8733bf3068f5b6d636ae0ba035ca04a4,9,3,happy,1,1,1,3,1,48000,160160,1,PCM_16,ok,
speech,Actor_09/03-01-03-01-01-02-09.wav,386798,edbd76e8bb00c5ef7dbb58ea01d078c982e22d3d5cc338570e82a64f2c87956a,9,3,happy,1,1,2,3,1,48000,169769,1,PCM_16,ok,
speech,Actor_09/03-01-03-01-02-01-09.wav,364376,34e97f4f2c3cb4a31480606bdd186256e018be082da88c392c420580a8fd8d06,9,3,happy,1,2,1,3,1,48000,158558,1,PCM_16,ok,
speech,Actor_09/03-01-03-01-02-02-09.wav,380394,0ae97db74488c5d0a8063adeef759f1d260a0a8fe8ee3bbd2de58c4d46552356,9,3,happy,1,2,2,3,1,48000,166567,1,PCM_16,ok,
speech,Actor_09/03-01-03-02-01-01-09.wav,409228,462478f618b55781964196f5c3529ae88d16fdd229f3a93a93029cd04543e21c,9,3,happy,2,1,1,3,1,48000,180981,1,PCM_16,ok,
speech,Actor_09/03-01-03-02-01-02-09.wav,447666,6df4b05155335285cf07c3cea41654c63aeba5c99dd1d7c10c93627b71ec1b96,9,3,happy,2,1,2,3,1,48000,200200,1,PCM_16,ok,
speech,Actor_09/03-01-03-02-02-01-09.wav,390014,e65a989419bfad2b62fe667abb65771ca0c837f93176f0c17e19d0054af70bf5,9,3,happy,2,2,1,3,1,48000,171372,1,PCM_16,ok,
speech,Actor_09/03-01-03-02-02-02-09.wav,390012,f921944fc8558b49c9d9402037a8dac7d3a838fa43f435f7bc762f222f6b79b6,9,3,happy,2,2,2,3,1,48000,171371,1,PCM_16,ok,
speech,Actor_09/03-01-04-01-01-01-09.wav,361182,bef9512a920c06d6166d894e0ce14f11af23eb5c093f691b754a5035452ee172,9,4,sad,1,1,1,3,1,48000,156957,1,PCM_16,ok,
speech,Actor_09/03-01-04-01-01-02-09.wav,377196,52ab73c03cd7ca9ccd3654efb08d979870668a61f343c09589f96218e10ac12f,9,4,sad,1,1,2,3,1,48000,164964,1,PCM_16,ok,
speech,Actor_09/03-01-04-01-02-01-09.wav,373994,2ca9f5746076fe07279e8eb057dff7f0b23d57c18ac01d7a218f6e76e4b1f868,9,4,sad,1,2,1,3,1,48000,163363,1,PCM_16,ok,
speech,Actor_09/03-01-04-01-02-02-09.wav,373996,2fff38312c98ffe973f222336e6d915ec7661e894b03f207fc09ee1e575a5b80,9,4,sad,1,2,2,3,1,48000,163364,1,PCM_16,ok,
speech,Actor_09/03-01-04-02-01-01-09.wav,425248,7dc629dd0d3c1ac6650392d10468f040e4e169259d2ca854f8bd5abfff43b01c,9,4,sad,2,1,1,3,1,48000,188989,1,PCM_16,ok,
speech,Actor_09/03-01-04-02-01-02-09.wav,422044,1de7ef2c2cefd9a6ae9d16c8b026c2c73872a0825c3374441435c4a077f4351e,9,4,sad,2,1,2,3,1,48000,187387,1,PCM_16,ok,
speech,Actor_09/03-01-04-02-02-01-09.wav,396420,d0175cbd344241f48ca4ae1537266262308994290499269edff218cc853c150d,9,4,sad,2,2,1,3,1,48000,174575,1,PCM_16,ok,
speech,Actor_09/03-01-04-02-02-02-09.wav,418842,5d2b06e1e92dd2d7d7502d5a004c037bfc5199d75d4e6e7a3677c46c1a38af28,9,4,sad,2,2,2,3,1,48000,185786,1,PCM_16,ok,
speech,Actor_09/03-01-05-01-01-01-09.wav,390012,47414b279e33baf3f3d75f9b06d470464579bbb599f7f3b7d91783b52afd8736,9,5,angry,1,1,1,3,1,48000,171371,1,PCM_16,ok,
speech,Actor_09/03-01-05-01-01-02-09.wav,390000,d6c2f6b2039f63d845fd1250123974bdd4db718272bc888d8f0d402e51c8d982,9,5,angry,1,1,2,3,1,48000,171372,1,PCM_16,ok,
speech,Actor_09/03-01-05-01-02-01-09.wav,406024,05ee9c98ba2ce94ae38a61dd4e2f463806edfd9575219ffcd2824d7cac517b32,9,5,angry,1,2,1,3,1,48000,179379,1,PCM_16,ok,
speech,Actor_09/03-01-05-01-02-02-09.wav,386810,1e1b3201595e3c4bd1b38721c3a30b9c3690fce3772bcdc90473582eb2cca5f7,9,5,angry,1,2,2,3,1,48000,169770,1,PCM_16,ok,
speech,Actor_09/03-01-05-02-01-01-09.wav,412436,3454b05363307742b116f547c871bb300211029b700a63799dc2fea570cdcdbf,9,5,angry,2,1,1,3,1,48000,182583,1,PCM_16,ok,
speech,Actor_09/03-01-05-02-01-02-09.wav,410594,77583b64a7404a4a2b67ed4ad6704cde26ad097feb8e7be704da374b0f91a183,9,5,angry,2,1,2,3,1,48000,180981,1,PCM_16,ok,
speech,Actor_09/03-01-05-02-02-01-09.wav,466890,3977cd59c9fc656529c6f11c24b1fe5f03be8e5dc2e47a829e782d0b46f97688,9,5,angry,2,2,1,3,1,48000,209810,1,PCM_16,ok,
speech,Actor_09/03-01-05-02-02-02-09.wav,428450,6ab6716a4f440d19bc6bd061b09615f011b2b612730c0ffd6471c205df6a47e5,9,5,angry,2,2,2,3,1,48000,190591,1,PCM_16,ok,
speech,Actor_09/03-01-06-01-01-01-09.wav,351492,f46eb7c0a499d2991a3eb7840bbc4f78ba560bc386660f8f4724e51e378dcf1b,9,6,fearful,1,1,1,3,1,48000,152152,1,PCM_16,ok,
speech,Actor_09/03-01-06-01-01-02-09.wav,351570,008fb5c585c002c4e4c26bdaba49004d1c3d94a7c00cdd83db70c3b641285587,9,6,fearful,1,1,2,3,1,48000,152152,1,PCM_16,ok,
speech,Actor_09/03-01-06-01-02-01-09.wav,348368,1a86a8e74ff9259c712d9feab6a37b5b0fac466b48ded6cf3c9ad4440392a691,9,6,fearful,1,2,1,3,1,48000,150551,1,PCM_16,ok,
speech,Actor_09/03-01-06-01-02-02-09.wav,348366,c36c008c6656c29e8934cbe3c7a5fa2e740eaf6dc551a44347e245e28b759d04,9,6,fearful,1,2,2,3,1,48000,150550,1,PCM_16,ok,
speech,Actor_09/03-01-06-02-01-01-09.wav,357976,835225d058a5cfd587f57bc010398d7adb4fa46c6c379380cb1a6b1c210c924b,9,6,fearful,2,1,1,3,1,48000,155355,1,PCM_16,ok,
speech,Actor_09/03-01-06-02-01-02-09.wav,361180,f25d44f8f5f785043170787cab9b929d014aaa6983ea51f45fcdd64442ad8d74,9,6,fearful,2,1,2,3,1,48000,156957,1,PCM_16,ok,
speech,Actor_09/03-01-06-02-02-01-09.wav,357976,9c896c4c98fbcd7b17074946cdad2b73b9d77ebb17a81b2508cb15c8460b186d,9,6,fearful,2,2,1,3,1,48000,155355,1,PCM_16,ok,
speech,Actor_09/03-01-06-02-02-02-09.wav,357976,b52361c02ce39905b049245aa46d47c4d2bf897c271dd928fe720d161fee59c0,9,6,fearful,2,2,2,3,1,48000,155355,1,PCM_16,ok,
speech,Actor_10/03-01-01-01-01-01-10.wav,399286,5806d0548113c01535d0f902d92464daa0ee204adc1de909c8608b35f760e519,10,1,neutral,1,1,1,3,1,48000,169770,1,PCM_16,ok,
speech,Actor_10/03-01-01-01-01-02-10.wav,428316,82c4b34ce9f7a323f38172144fd8dd8f61a153939ed7c6d89f87cae1ec7ed67e,10,1,neutral,1,1,2,3,1,48000,184184,1,PCM_16,ok,
speech,Actor_10/03-01-01-01-02-01-10.wav,418706,d48d37189a24abc2062b444e7e8f89962a44752966a25af18a9da0bf9670c923,10,1,neutral,1,2,1,3,1,48000,179379,1,PCM_16,ok,
speech,Actor_10/03-01-01-01-02-02-10.wav,412314,381acdfab6e722c24c7cfb74142a90ad5eaf0ac66a3b80bc79221256426acea9,10,1,neutral,1,2,2,3,1,48000,176176,1,PCM_16,ok,
speech,Actor_10/03-01-02-01-01-01-10.wav,402704,268fa3cadb68c700e1d5eb5e04008621d9e31cd2a8172d484acddb0b5853fcc6,10,2,calm,1,1,1,3,1,48000,171371,1,PCM_16,ok,
speech,Actor_10/03-01-02-01-01-02-10.wav,405910,6a4428296f90cf6d6331e3b00c6ad58258f6f9e6f5dff810ec2c81a026a27e0a,10,2,calm,1,1,2,3,1,48000,172972,1,PCM_16,ok,
speech,Actor_10/03-01-02-01-02-01-10.wav,409114,77df5ac6300e9ad14029099c613c1bd6adda045997470eca99cbd2c828e5b9fa,10,2,calm,1,2,1,3,1,48000,174574,1,PCM_16,ok,
speech,Actor_10/03-01-02-01-02-02-10.wav,415522,1c71004c1bbae4b2002a9a831955f71b68ced39a8a909d449b4ddcc821ddd440,10,2,calm,1,2,2,3,1,48000,177778,1,PCM_16,ok,
speech,Actor_10/03-01-02-02-01-01-10.wav,418724,4d4ee646009dd51cba150ffae19012c605f156a3485d4a693eef79297aa77643,10,2,calm,2,1,1,3,1,48000,179379,1,PCM_16,ok,
speech,Actor_10/03-01-02-02-01-02-10.wav,418714,0aeefad517b5c091ad945dac71663d71a68e4b3d878978d0dd9dfce842d55bc4,10,2,calm,2,1,2,3,1,48000,179379,1,PCM_16,ok,
speech,Actor_10/03-01-02-02-02-01-10.wav,425130,7558b5d85aee37bbc88afdb18c0da5d65834b2a7aa035d795990522416b02008,10,2,calm,2,2,1,3,1,48000,182582,1,PCM_16,ok,
speech,Actor_10/03-01-02-02-02-02-10.wav,428334,5d72af0962715f2073dbdbb848f02e230893889ba8caf12503077a1ce876f895,10,2,calm,2,2,2,3,1,48000,184184,1,PCM_16,ok,
speech,Actor_10/03-01-03-01-01-01-10.wav,396302,f1e62e5a1981022f6183596d96645880de1fdf7af38651ac1ff51a1478a5fd0e,10,3,happy,1,1,1,3,1,48000,168168,1,PCM_16,ok,
speech,Actor_10/03-01-03-01-01-02-10.wav,393098,528f7c4a03e02c35842d229589c500cc9a799451221bd317732357d45ec5bbc7,10,3,happy,1,1,2,3,1,48000,166566,1,PCM_16,ok,
speech,Actor_10/03-01-03-01-02-01-10.wav,377082,a309e271121a45ac4929ba360d687a8e5f312383233f6745fdda15a9fdea4899,10,3,happy,1,2,1,3,1,48000,158558,1,PCM_16,ok,
speech,Actor_10/03-01-03-01-02-02-10.wav,380286,b1e5721f49ef04ba4fa72f358270c7346473c90254d3927d7ba7435be47071cb,10,3,happy,1,2,2,3,1,48000,160160,1,PCM_16,ok,
speech,Actor_10/03-01-03-02-01-01-10.wav,428334,a3226539827caa57c844c6681537f96a471952f841ca23d3caea90997edff5e3,10,3,happy,2,1,1,3,1,48000,184184,1,PCM_16,ok,
speech,Actor_10/03-01-03-02-01-02-10.wav,396302,ce7d2b5b3a4a4ce91b504c235542c9c44411113fa198c7db5514653d19f92b2f,10,3,happy,2,1,2,3,1,48000,168168,1,PCM_16,ok,
speech,Actor_10/03-01-03-02-02-01-10.wav,418724,b17ca818bc4afa2109e9fce98f7cbf6ae361d10925686714e39e3e8cfbeadca8,10,3,happy,2,2,1,3,1,48000,179379,1,PCM_16,ok,
speech,Actor_10/03-01-03-02-02-02-10.wav,441148,557e78616caf7c1329d1b9ec6095dcdc48253518acb9af87691fb2ec14de4d15,10,3,happy,2,2,2,3,1,48000,190591,1,PCM_16,ok,
speech,Actor_10/03-01-04-01-01-01-10.wav,377088,a602a6bfc808591266c478fa10da006adf65738ef11c71338a90f8ee71b56d66,10,4,sad,1,1,1,3,1,48000,158558,1,PCM_16,ok,
speech,Actor_10/03-01-04-01-01-02-10.wav,393108,478775b0e043ac2c5ab86a37f37acdf92cdf2087f5015132be7dc1fa40636f7d,10,4,sad,1,1,2,3,1,48000,166566,1,PCM_16,ok,
speech,Actor_10/03-01-04-01-02-01-10.wav,399516,3ca143f7e43b45e431b21fdc32beb5451606f3b3b059c4968c96ec035fad2d01,10,4,sad,1,2,1,3,1,48000,169770,1,PCM_16,ok,
speech,Actor_10/03-01-04-01-02-02-10.wav,425134,6769cc31697c6811201e56611886cef6a280ed1c53798e46a1041b6db0adbf35,10,4,sad,1,2,2,3,1,48000,182582,1,PCM_16,ok,
speech,Actor_10/03-01-04-02-01-01-10.wav,396312,94f9b34900e9373cf6e4e270d5b30fa2d8d0f1d14fe199de40a4c576deaf445e,10,4,sad,2,1,1,3,1,48000,168168,1,PCM_16,ok,
speech,Actor_10/03-01-04-02-01-02-10.wav,402718,517806fc25307632a3e9d522da98a281cbebe1ee470b2b0d9ef99ab799ae142d,10,4,sad,2,1,2,3,1,48000,171371,1,PCM_16,ok,
speech,Actor_10/03-01-04-02-02-01-10.wav,412328,b045286403b3656f1121f39dcadce45f1cbb8d55797c38582d02e5fec65be3d6,10,4,sad,2,2,1,3,1,48000,176176,1,PCM_16,ok,
speech,Actor_10/03-01-04-02-02-02-10.wav,402718,820a9406ce1a82bf5b852c981f0da220c8b43b101c5fe6e3aa54641cd3cc1120,10,4,sad,2,2,2,3,1,48000,171371,1,PCM_16,ok,
speech,Actor_10/03-01-05-01-01-01-10.wav,434752,43387b5da850abb7299e2228e2f7fc04369c38249ae36639869551685c4aae00,10,5,angry,1,1,1,3,1,48000,187387,1,PCM_16,ok,
speech,Actor_10/03-01-05-01-01-02-10.wav,444362,a46f80f8f376d5c1c3f1acf5e64b1dd55e862909a02d15a21bed260837209a30,10,5,angry,1,1,2,3,1,48000,192192,1,PCM_16,ok,
speech,Actor_10/03-01-05-01-02-01-10.wav,453972,300f24d29765ef162e4456cd9f4a53b5d481eeec0fe89f4c04a1d15ef02ebccc,10,5,angry,1,2,1,3,1,48000,196997,1,PCM_16,ok,
speech,Actor_10/03-01-05-01-02-02-10.wav,457176,a4969d92129d06b9e6315fb87f132271e4fe51e9e30f1c5370fe14462b4d1a50,10,5,angry,1,2,2,3,1,48000,198599,1,PCM_16,ok,
speech,Actor_10/03-01-05-02-01-01-10.wav,460376,369fcd2ee9b3a6c0aeed82a405fd3f30adac48ee76e51561804aa10e2acc53af,10,5,angry,2,1,1,3,1,48000,200200,1,PCM_16,ok,
speech,Actor_10/03-01-05-02-01-02-10.wav,489210,fb019de724968589ac806c8281e0aded9d1773cc9b550795c40e9dd20ddb47c9,10,5,angry,2,1,2,3,1,48000,214614,1,PCM_16,ok,
speech,Actor_10/03-01-05-02-02-01-10.wav,431552,bd5cfe21f4e918d6ca5a0ecdc9f6417c8fb323b982e7535d6e9e352966b0edf0,10,5,angry,2,2,1,3,1,48000,185785,1,PCM_16,ok,
speech,Actor_10/03-01-05-02-02-02-10.wav,456346,c7c31102f000f9ed49014aba9991802821a8956a8c2259d2e54b959158423384,10,5,angry,2,2,2,3,1,48000,198598,1,PCM_16,ok,
speech,Actor_10/03-01-06-01-01-01-10.wav,386710,e2f8d003039692b55667d3e4252bffa4eb5393f2ff54301842c9e4c42706efc2,10,6,fearful,1,1,1,3,1,48000,163364,1,PCM_16,ok,
speech,Actor_10/03-01-06-01-01-02-10.wav,377100,8d9797d5e7c9699c83b2d3ad768b410d337f9c41f0bf30a60d3d3391fb7fcb83,10,6,fearful,1,1,2,3,1,48000,158559,1,PCM_16,ok,
speech,Actor_10/03-01-06-01-02-01-10.wav,399520,7f5384807431e927064db532bc96f3cc033589a974a959b5ab50571ef23a4946,10,6,fearful,1,2,1,3,1,48000,169769,1,PCM_16,ok,
speech,Actor_10/03-01-06-01-02-02-10.wav,389912,decc0b0bd64ea405112d1b56ca4beaa7b8e008556e9fbe6553a17540140ae784,10,6,fearful,1,2,2,3,1,48000,164965,1,PCM_16,ok,
speech,Actor_10/03-01-06-02-01-01-10.wav,396318,23ee113cdac95796cca5edfa2e275b6d0a5ca2d54c78d72b759977f5cb2fa3fc,10,6,fearful,2,1,1,3,1,48000,168168,1,PCM_16,ok,
speech,Actor_10/03-01-06-02-01-02-10.wav,415538,0099b6e289b52a044c5b33732b4f24c26e89395cbf55f60646af60e4b86a19df,10,6,fearful,2,1,2,3,1,48000,177778,1,PCM_16,ok,
speech,Actor_10/03-01-06-02-02-01-10.wav,425146,196b740129b70c1c845b6986f89de31c500e15da779b8e058d27c8b01a126e3f,10,6,fearful,2,2,1,3,1,48000,182582,1,PCM_16,ok,
speech,Actor_10/03-01-06-02-02-02-10.wav,431554,98f90966a720e5ba066e78ee9352a8819d88b89c9366dcd5ed94ce0baec3cc27,10,6,fearful,2,2,2,3,1,48000,185786,1,PCM_16,ok,
speech,Actor_11/03-01-01-01-01-01-11.wav,348136,98527ed23cbd1befa71ef7f1bdd09916a962ca8a6c4b35b89a0029d962ead41b,11,1,neutral,1,1,1,3,1,48000,150551,1,PCM_16,ok,
speech,Actor_11/03-01-01-01-01-02-11.wav,345108,6cea92272fd5f1742872f0ab56d880aee2103b2c6117f635b3933f4391743d14,11,1,neutral,1,1,2,3,1,48000,148949,1,PCM_16,ok,
speech,Actor_11/03-01-01-01-02-01-11.wav,354718,caea9d8d0dc8bdd2133bacce8d4ab95c98ba1a6625cd2294c8be6d18e76d79d2,11,1,neutral,1,2,1,3,1,48000,153754,1,PCM_16,ok,
speech,Actor_11/03-01-01-01-02-02-11.wav,351520,dc6380ff751d3f026061fa121e805a318d25738823da586ec4e106168c324379,11,1,neutral,1,2,2,3,1,48000,152152,1,PCM_16,ok,
speech,Actor_11/03-01-02-01-01-01-11.wav,361136,c95cfc157ce6f1405b00454748d48fc8aca0f134e0bbfe4fc66874510a973cc5,11,2,calm,1,1,1,3,1,48000,156956,1,PCM_16,ok,
speech,Actor_11/03-01-02-01-01-02-11.wav,367540,8c5946227162245973fad90f5cfc273bf0b25f8f8bb8b8a554cd1b2cb76c277f,11,2,calm,1,1,2,3,1,48000,160160,1,PCM_16,ok,
speech,Actor_11/03-01-02-01-02-01-11.wav,367540,be0e228a5680e95b08596431b7e28b67772f0daed92ce1975c6ca74ab230f3ce,11,2,calm,1,2,1,3,1,48000,160160,1,PCM_16,ok,
speech,Actor_11/03-01-02-01-02-02-11.wav,399572,8ce769a586215d5556b3d56f117ff32d5ef5e205a0305b6d60d02a034fcdd7f0,11,2,calm,1,2,2,3,1,48000,176176,1,PCM_16,ok,
speech,Actor_11/03-01-02-02-01-01-11.wav,415588,1c82297654ff92a12007fe3da6b30ac8e0c61861973fa5c9842a2f25cb4514f5,11,2,calm,2,1,1,3,1,48000,184184,1,PCM_16,ok,
speech,Actor_11/03-01-02-02-01-02-11.wav,405980,e1fc6fc14363e67b7dc69d787d747ff1258276798cf28db36bb63a9f041ba98d,11,2,calm,2,1,2,3,1,48000,179380,1,PCM_16,ok,
speech,Actor_11/03-01-02-02-02-01-11.wav,409182,2305dcc20653ca99ee36ecc587436a1a1621602034a2d000a0cc63aae6ea7c9c,11,2,calm,2,2,1,3,1,48000,180981,1,PCM_16,ok,
speech,Actor_11/03-01-02-02-02-02-11.wav,415588,4604f5c03bf5d1afdbf26f06bfd76b7cf4401ce5eac120a6de5b0f0d64d83314,11,2,calm,2,2,2,3,1,48000,184184,1,PCM_16,ok,
speech,Actor_11/03-01-03-01-01-01-11.wav,345120,4ca32e3e1191a44c925b2cf35b282d1a08060abf5a1fde0a71fd95c125273a3d,11,3,happy,1,1,1,3,1,48000,148949,1,PCM_16,ok,
speech,Actor_11/03-01-03-01-01-02-11.wav,353538,f04b734f140249d0a2a247f8e49feca37a74403eebd26e5202bd1c86bcda13e9,11,3,happy,1,1,2,3,1,48000,153754,1,PCM_16,ok,
speech,Actor_11/03-01-03-01-02-01-11.wav,351526,5766cbb077fc4ad13ec1b22c64c5dc18496f33615a9726524cbf5d3fc9beb8d0,11,3,happy,1,2,1,3,1,48000,152152,1,PCM_16,ok,
speech,Actor_11/03-01-03-01-02-02-11.wav,357936,c46ed8f226688d53a6d5b258027600c3f775cf2b9cbd992dcae9cefc6e06fd6a,11,3,happy,1,2,2,3,1,48000,155356,1,PCM_16,ok,
speech,Actor_11/03-01-03-02-01-01-11.wav,434812,d540448428051af8a588f5a3aa3bc7d1ae1711c756c540cf3c93713abd3fd7b4,11,3,happy,2,1,1,3,1,48000,193794,1,PCM_16,ok,
speech,Actor_11/03-01-03-02-01-02-11.wav,396368,ca1b2096d0b766bd231fa2cc875006beea5ef54462f24260370b308798897d4a,11,3,happy,2,1,2,3,1,48000,174575,1,PCM_16,ok,
speech,Actor_11/03-01-03-02-02-01-11.wav,418794,1c7dff8151925801103320148960d6606fbabfab4f5e8435d28c5fead95d2e32,11,3,happy,2,2,1,3,1,48000,185785,1,PCM_16,ok,
speech,Actor_11/03-01-03-02-02-02-11.wav,383560,86625a2ecb4b5b0e9fef47dfd9114f0c95f6c7133104d7d4d4251c7deed48db1,11,3,happy,2,2,2,3,1,48000,168168,1,PCM_16,ok,
speech,Actor_11/03-01-04-01-01-01-11.wav,367550,7f43323b686d299f43f70db330a5eabe03ea6f77b7ed14d31770e202b60f209c,11,4,sad,1,1,1,3,1,48000,160160,1,PCM_16,ok,
speech,Actor_11/03-01-04-01-01-02-11.wav,393176,c08da1d961ae78d1b59a8f676954121afbb1bff0bbdae29236bcd316c6c3ffdf,11,4,sad,1,1,2,3,1,48000,172973,1,PCM_16,ok,
speech,Actor_11/03-01-04-01-02-01-11.wav,386768,f24f687b7001f156ea1f5a24ea25a47e49f1b51fa73b5e95a6e566a55e089aa7,11,4,sad,1,2,1,3,1,48000,169769,1,PCM_16,ok,
speech,Actor_11/03-01-04-01-02-02-11.wav,377160,e4caf0012f35d05816050cbd1968da905cb07105489156837878eaa15ebabc9b,11,4,sad,1,2,2,3,1,48000,164965,1,PCM_16,ok,
speech,Actor_11/03-01-04-02-01-01-11.wav,367550,af343d03576efff87141658978faf186c479fc554581017bb109497a55b2e640,11,4,sad,2,1,1,3,1,48000,160160,1,PCM_16,ok,
speech,Actor_11/03-01-04-02-01-02-11.wav,393176,a6cef42747bcfcd26bae128892946ae95640797fb9f23d13e5b9789c7f88d3e6,11,4,sad,2,1,2,3,1,48000,172973,1,PCM_16,ok,
speech,Actor_11/03-01-04-02-02-01-11.wav,370754,0079211110f2a0baf6eb832ec1a302fe31f9e784d100e0aa209233b950632d18,11,4,sad,2,2,1,3,1,48000,161762,1,PCM_16,ok,
speech,Actor_11/03-01-04-02-02-02-11.wav,367550,92e9a9422597e04de74bfd59172c635193d5d50b0cfd790198c35b832fb850d1,11,4,sad,2,2,2,3,1,48000,160160,1,PCM_16,ok,
speech,Actor_11/03-01-05-01-01-01-11.wav,393178,13a0ca4a662a664ccf3ac26879cd3256371d562b7177a7532d0a42cde3acdfd4,11,5,angry,1,1,1,3,1,48000,172973,1,PCM_16,ok,
speech,Actor_11/03-01-05-01-01-02-11.wav,380366,64b3e954bb1e1b9726a9dec3f65dde1912bb1dd4c4e6c030ba1b4709c58a106d,11,5,angry,1,1,2,3,1,48000,166567,1,PCM_16,ok,
speech,Actor_11/03-01-05-01-02-01-11.wav,380364,5037723a3bb633a43ac04f679b2528c45a846eb53cc0ae39f685215aabbb2a19,11,5,angry,1,2,1,3,1,48000,166566,1,PCM_16,ok,
speech,Actor_11/03-01-05-01-02-02-11.wav,405992,b41d3730a3c89443297ea163690e155abdc2fc2ac9078c98d14153c4cdfae8a5,11,5,angry,1,2,2,3,1,48000,179380,1,PCM_16,ok,
speech,Actor_11/03-01-05-02-01-01-11.wav,386772,9fa2955fedfdedfc6337b132b371411a3f7498d016890329adaafcdef727000a,11,5,angry,2,1,1,3,1,48000,169770,1,PCM_16,ok,
speech,Actor_11/03-01-05-02-01-02-11.wav,428412,93c7e94de3b2a4bf86ec363639d03cd189678463e31ef975b99008c0ca6d70a1,11,5,angry,2,1,2,3,1,48000,190590,1,PCM_16,ok,
speech,Actor_11/03-01-05-02-02-01-11.wav,425210,542af1961a0cb24ee991a9ef0b36bc6be18984ff23f2c121531cf6c8e16539e3,11,5,angry,2,2,1,3,1,48000,188989,1,PCM_16,ok,
speech,Actor_11/03-01-05-02-02-02-11.wav,409194,aca07d31d6bf8981265d90da4726fd73095dd2024419050db1a044052fe42135,11,5,angry,2,2,2,3,1,48000,180981,1,PCM_16,ok,
speech,Actor_11/03-01-06-01-01-01-11.wav,380360,c06f5930084090585a4b12110159da36d7f561157f1524aabd09cd2cc6b9d6cb,11,6,fearful,1,1,1,3,1,48000,166566,1,PCM_16,ok,
speech,Actor_11/03-01-06-01-01-02-11.wav,383564,6c297285565353a0634632c2778db250b9216703acefb04b197b81c2fbb1b0c9,11,6,fearful,1,1,2,3,1,48000,168168,1,PCM_16,ok,
speech,Actor_11/03-01-06-01-02-01-11.wav,351530,1a0bc4d6518ee90d3977d3d746860ca8c6c75bf4d14cdf2f39184069e3f5afde,11,6,fearful,1,2,1,3,1,48000,152152,1,PCM_16,ok,
speech,Actor_11/03-01-06-01-02-02-11.wav,354734,ead398e6b873cdc31181e9ac479b04acb25135a6d71766af23cb780ba89bad86,11,6,fearful,1,2,2,3,1,48000,153754,1,PCM_16,ok,
speech,Actor_11/03-01-06-02-01-01-11.wav,354736,b6245a2596db3aef7b833c93365fb56ba69238524a64ad8f50c6b8457f678ad7,11,6,fearful,2,1,1,3,1,48000,153754,1,PCM_16,ok,
speech,Actor_11/03-01-06-02-01-02-11.wav,354736,e514544a898ca5a563fa120c6d9602de7eb91a675eb5e28680995699db00c742,11,6,fearful,2,1,2,3,1,48000,153754,1,PCM_16,ok,
speech,Actor_11/03-01-06-02-02-01-11.wav,341924,a9070e44c26180062d399510403169aa057dda6a6ea716149a9cd419bfcd726a,11,6,fearful,2,2,1,3,1,48000,147348,1,PCM_16,ok,
speech,Actor_11/03-01-06-02-02-02-11.wav,348328,dac89659cdb78233fccd5480029bc07db85a860182c2a161c78bdb2633c176d3,11,6,fearful,2,2,2,3,1,48000,150550,1,PCM_16,ok,
speech,Actor_12/03-01-01-01-01-01-12.wav,396518,883cb9e2c04ca0b3eb811d35e93edb5d8bdb9ba82d11c2323ccf0daf4aefb122,12,1,neutral,1,1,1,3,1,48000,174574,1,PCM_16,ok,
speech,Actor_12/03-01-01-01-01-02-12.wav,386910,11566b46a8238221890d90453b146fd59e7f754df9726e5a66919ce23f64bbc9,12,1,neutral,1,1,2,3,1,48000,169770,1,PCM_16,ok,
speech,Actor_12/03-01-01-01-02-01-12.wav,393126,63b7e527715727c2355bc8465c5723e37c3da6b347f428e610d80c810685ad1d,12,1,neutral,1,2,1,3,1,48000,172973,1,PCM_16,ok,
speech,Actor_12/03-01-01-01-02-02-12.wav,396512,6f874ef5130ac6b42b33c78725fb562f3e55076ed93459913ca0f9d0a08f4712,12,1,neutral,1,2,2,3,1,48000,174575,1,PCM_16,ok,
speech,Actor_12/03-01-02-01-01-01-12.wav,418940,e9ce579a86cd5c6a502f11c7c687de7f11e34a5b2797717545f39712db6fc485,12,2,calm,1,1,1,3,1,48000,185785,1,PCM_16,ok,
speech,Actor_12/03-01-02-01-01-02-12.wav,409330,4e41f1c894f8a1bcb9daa66794808ecc1c13286aed0273abe72467ddbe844f58,12,2,calm,1,1,2,3,1,48000,180980,1,PCM_16,ok,
speech,Actor_12/03-01-02-01-02-01-12.wav,409326,2fcc5309967b41e86cf127c8913ed0200d651cc08285bc5dd2f55c4d6026d67d,12,2,calm,1,2,1,3,1,48000,180981,1,PCM_16,ok,
speech,Actor_12/03-01-02-01-02-02-12.wav,399718,34b400071881ae22c7025615fa1bbb96dec816fad0404511faabf29d0f887848,12,2,calm,1,2,2,3,1,48000,176176,1,PCM_16,ok,
speech,Actor_12/03-01-02-02-01-01-12.wav,428548,eba1d2f975f8ac51a465c58dc2682b570228dcc3dc1e2cfe5cbec093425c4920,12,2,calm,2,1,1,3,1,48000,190590,1,PCM_16,ok,
speech,Actor_12/03-01-02-02-01-02-12.wav,409330,54e3c36c8872dd4d39bf844abd7cb02754cf1bbaa7f7352f874089f5e64e0d10,12,2,calm,2,1,2,3,1,48000,180981,1,PCM_16,ok,
speech,Actor_12/03-01-02-02-02-01-12.wav,406128,ca52bc2538daa153e828b2755dabfaf33377f7226cd201d1271b5450cbced2bf,12,2,calm,2,2,1,3,1,48000,179380,1,PCM_16,ok,
speech,Actor_12/03-01-02-02-02-02-12.wav,412534,543e8bc99b53db8f85820e4bb93dd74c88b2827efcdd6259d94a526b9f3ebd63,12,2,calm,2,2,2,3,1,48000,182583,1,PCM_16,ok,
speech,Actor_12/03-01-03-01-01-01-12.wav,402924,a0817aa8196eaf45573dbdaa1cbcbf8ab0fe67464246756d39017c18bfc822dd,12,3,happy,1,1,1,3,1,48000,177778,1,PCM_16,ok,
speech,Actor_12/03-01-03-01-01-02-12.wav,406126,b8d70e909464c086b100f0a7e363943e54b6db4ba4853f5827483660e96f95f6,12,3,happy,1,1,2,3,1,48000,179379,1,PCM_16,ok,
speech,Actor_12/03-01-03-01-02-01-12.wav,383704,98b6a3d230ec2400b2f9603440d97c35a45e682145fec53285bc12b8b8c5a4f0,12,3,happy,1,2,1,3,1,48000,168168,1,PCM_16,ok,
speech,Actor_12/03-01-03-01-02-02-12.wav,406128,506e4bc884eb6d9becf9f31b597fb3fa5565cd58445395e8682917b7eed66ad6,12,3,happy,1,2,2,3,1,48000,179380,1,PCM_16,ok,
speech,Actor_12/03-01-03-02-01-01-12.wav,450982,abc7cc20effd6536d2af621bb1d66767160a4da3ed0c55607709fe9c3d6e877d,12,3,happy,2,1,1,3,1,48000,201802,1,PCM_16,ok,
speech,Actor_12/03-01-03-02-01-02-12.wav,444574,72551da1e68a8df681e8ae000a1eabb8decbcf5d206a3b37be9d33f2a6bb53bb,12,3,happy,2,1,2,3,1,48000,198598,1,PCM_16,ok,
speech,Actor_12/03-01-03-02-02-01-12.wav,422144,0874e2f1d9ef1799b95996eecbb925ae148efe9f257f6fd50ea073930b3f7219,12,3,happy,2,2,1,3,1,48000,187388,1,PCM_16,ok,
speech,Actor_12/03-01-03-02-02-02-12.wav,428558,8efb58887ae23706fab6ee5a22fd80aa5f06ea1d6b86dc0fd81760f09a011c53,12,3,happy,2,2,2,3,1,48000,190590,1,PCM_16,ok,
speech,Actor_12/03-01-04-01-01-01-12.wav,399728,96843c24763fb78909828bd1d6c99464ab835902071365ce75de9443216e0177,12,4,sad,1,1,1,3,1,48000,176176,1,PCM_16,ok,
speech,Actor_12/03-01-04-01-01-02-12.wav,393320,6815cd28d67fa8a9da0c889184fe9bdba7ce0ebdd8fa93c38de6acba4c2fbaa4,12,4,sad,1,1,2,3,1,48000,172972,1,PCM_16,ok,
speech,Actor_12/03-01-04-01-02-01-12.wav,399728,12cd767e90a10ac3fa940be4b18ec5b5b0ccb3ec11b644bea35a5038284202bb,12,4,sad,1,2,1,3,1,48000,176176,1,PCM_16,ok,
speech,Actor_12/03-01-04-01-02-02-12.wav,390118,ce5d6bea50e5bcf51597cf0bae790ae6c70ffc3e183e76cf04e32b9ba1376ea8,12,4,sad,1,2,2,3,1,48000,171371,1,PCM_16,ok,
speech,Actor_12/03-01-04-02-01-01-12.wav,418946,b9b08e00d567bc7b015fdaf2c0ddba2377fb6084af581b0d47ce46c171e1fdc3,12,4,sad,2,1,1,3,1,48000,185785,1,PCM_16,ok,
speech,Actor_12/03-01-04-02-01-02-12.wav,409338,5dd09dfaf2242aa6a5968f72612e22171d69a8d59d305025a219fec58d7d55a9,12,4,sad,2,1,2,3,1,48000,180981,1,PCM_16,ok,
speech,Actor_12/03-01-04-02-02-01-12.wav,412540,6ac26e87e2507382a71f475dd00ab1511760317df1bc0518a1e62b608940ad65,12,4,sad,2,2,1,3,1,48000,182582,1,PCM_16,ok,
speech,Actor_12/03-01-04-02-02-02-12.wav,418948,f4fe7ed032e83a6780ac4664ba9e34cd9c98c5597102ff3c6fb6266bd39d5e9f,12,4,sad,2,2,2,3,1,48000,185786,1,PCM_16,ok,
speech,Actor_12/03-01-05-01-01-01-12.wav,457388,190222a3559922afe021491cbae79578941b076156d88e57226121fd6f175387,12,5,angry,1,1,1,3,1,48000,205005,1,PCM_16,ok,
speech,Actor_12/03-01-05-01-01-02-12.wav,428558,b153b22ccea737665bc2046c4e24465a89ffdf216c63961c924089f3e5e12686,12,5,angry,1,1,2,3,1,48000,190590,1,PCM_16,ok,
speech,Actor_12/03-01-05-01-02-01-12.wav,406138,c62ac22641976a2cfb114428397814fe6a3e0ef9cbc3598f0ca0a6212645fefc,12,5,angry,1,2,1,3,1,48000,179380,1,PCM_16,ok,
speech,Actor_12/03-01-05-01-02-02-12.wav,444574,419410bd95b0fa2772a876d18bf5512fa38927d804dd35c986506b187c28eb74,12,5,angry,1,2,2,3,1,48000,198598,1,PCM_16,ok,
speech,Actor_12/03-01-05-02-01-01-12.wav,396526,9a124520cc706844b94db4e260d6b242fd868e9a1921b5abd6d5239c5d57178e,12,5,angry,2,1,1,3,1,48000,174574,1,PCM_16,ok,
speech,Actor_12/03-01-05-02-01-02-12.wav,399730,0568c0d621a447b9aeabe3256d45979d4c9cb4989d7bae7422047635f5149657,12,5,angry,2,1,2,3,1,48000,176176,1,PCM_16,ok,
speech,Actor_12/03-01-05-02-02-01-12.wav,412544,af48dd3ffd1136500889c55276bc945478fec48b779048ce503b1b2fc0c96a32,12,5,angry,2,2,1,3,1,48000,182583,1,PCM_16,ok,
speech,Actor_12/03-01-05-02-02-02-12.wav,415746,ecbc3a3b4e28b9bcd0edc8d19f6b6e5a829badd7e0558c4792b07429a6676a9c,12,5,angry,2,2,2,3,1,48000,184184,1,PCM_16,ok,
speech,Actor_12/03-01-06-01-01-01-12.wav,374104,e37f82a8c0781f3c2b379004e336f006007a019683dc40b8865b1b89915adfaa,12,6,fearful,1,1,1,3,1,48000,163364,1,PCM_16,ok,
speech,Actor_12/03-01-06-01-01-02-12.wav,383712,8dbcaacf42b53531b67c5a25c5833a59438d0fb41474be393ebc677b364e5383,12,6,fearful,1,1,2,3,1,48000,168168,1,PCM_16,ok,
speech,Actor_12/03-01-06-01-02-01-12.wav,370900,c95392c993e6bb04e01c0f2eba43cdedf0802377c6b71b52b52d5335fbada3cf,12,6,fearful,1,2,1,3,1,48000,161761,1,PCM_16,ok,
speech,Actor_12/03-01-06-01-02-02-12.wav,354886,59d2074c24ff0a564c37305ea53d90f83fb477aa7fffb065de34d8a84423e0ed,12,6,fearful,1,2,2,3,1,48000,153754,1,PCM_16,ok,
speech,Actor_12/03-01-06-02-01-01-12.wav,406134,90b89b3f8c584ddfe7db250414ac2803f6c235f2582c853395e5a9859d3281fb,12,6,fearful,2,1,1,3,1,48000,179380,1,PCM_16,ok,
speech,Actor_12/03-01-06-02-01-02-12.wav,402930,463601c96a94a76f99da787b3c6614821678dcb746b2f947ca9fc94a51f02daa,12,6,fearful,2,1,2,3,1,48000,177778,1,PCM_16,ok,
speech,Actor_12/03-01-06-02-02-01-12.wav,380510,dff5e31fee983e039c5e236163c6e33689a559a147d7b0187ab953f215f1c4cb,12,6,fearful,2,2,1,3,1,48000,166567,1,PCM_16,ok,
speech,Actor_12/03-01-06-02-02-02-12.wav,399728,5cbf0b4cf547279a83e1ef77824129bfce4bdf2480e3ca34f2db93549f2e4be6,12,6,fearful,2,2,2,3,1,48000,176176,1,PCM_16,ok,
speech,Actor_13/03-01-01-01-01-01-13.wav,353474,215ef4c1de0e9419d5ba04c8b9e19b674a460f9463a4d259020b924a660a6a76,13,1,neutral,1,1,1,3,1,48000,152152,1,PCM_16,ok,
speech,Actor_13/03-01-01-01-01-02-13.wav,356852,a230e375d23fb9feecf226a118aeb13f716a3b06276df813009ccade659ffe41,13,1,neutral,1,1,2,3,1,48000,153753,1,PCM_16,ok,
speech,Actor_13/03-01-01-01-02-01-13.wav,344040,06726406fc403ba878c5825af8e83ed5a6cda3be8a3037f5c4441e55d9bd5606,13,1,neutral,1,2,1,3,1,48000,147347,1,PCM_16,ok,
speech,Actor_13/03-01-01-01-02-02-13.wav,350452,1c7f9e7a923e914ccf316a065a85dfa1dbe08a8ecbd0e32c64d7b87dc2923412,13,1,neutral,1,2,2,3,1,48000,150550,1,PCM_16,ok,
speech,Actor_13/03-01-02-01-01-01-13.wav,366500,ee6d49d7952894421fa5aa25f624e84cbf1c411348503622adc622ac117b4625,13,2,calm,1,1,1,3,1,48000,158558,1,PCM_16,ok,
speech,Actor_13/03-01-02-01-01-02-13.wav,353688,5822213dce30b21a1e8f1e0821599c13b553b5250d66b598f36b86194f34cdf0,13,2,calm,1,1,2,3,1,48000,152152,1,PCM_16,ok,
speech,Actor_13/03-01-02-01-02-01-13.wav,350484,843133f6d3d6ca202ae50b970d2f7c94720c4a87d34331ba867b0584882d8163,13,2,calm,1,2,1,3,1,48000,150550,1,PCM_16,ok,
speech,Actor_13/03-01-02-01-02-02-13.wav,331264,a8392336250924db7a147cb45386daedce3d811894f363db73d807253997e462,13,2,calm,1,2,2,3,1,48000,140941,1,PCM_16,ok,
speech,Actor_13/03-01-02-02-01-01-13.wav,350484,5f1925541d5d44335f05d70f2ee2e90bfdea886e3da71057febb90836a01e616,13,2,calm,2,1,1,3,1,48000,150551,1,PCM_16,ok,
speech,Actor_13/03-01-02-02-01-02-13.wav,356892,a70c666f38907ee0e69f4bd4be3c60ea7b16f076f5516b2060cc24e02d72c2af,13,2,calm,2,1,2,3,1,48000,153754,1,PCM_16,ok,
speech,Actor_13/03-01-02-02-02-01-13.wav,337672,8d1d9b4650a072c8ea9bc5c7ab4c7e83db3b25f2587a454376e862fcd58cad21,13,2,calm,2,2,1,3,1,48000,144144,1,PCM_16,ok,
speech,Actor_13/03-01-02-02-02-02-13.wav,340874,11c356ffef415a4689ac9396c1b18a093eef27d74bc959781c96016e77a4da6f,13,2,calm,2,2,2,3,1,48000,145745,1,PCM_16,ok,
speech,Actor_13/03-01-03-01-01-01-13.wav,360094,35a47e559a1c647268c87a23d748fd6cd7ea82dde5201444a1f962ba376a2358,13,3,happy,1,1,1,3,1,48000,155355,1,PCM_16,ok,
speech,Actor_13/03-01-03-01-01-02-13.wav,356892,6e436824becedab50be9a905928187d059ccc0f7a197ba8ca41f21f3d61766f3,13,3,happy,1,1,2,3,1,48000,153754,1,PCM_16,ok,
speech,Actor_13/03-01-03-01-02-01-13.wav,350486,aa2bd6d73ddd6c804deb4f24c6388499f53520384f289d11def9a4cd1e80d88f,13,3,happy,1,2,1,3,1,48000,150551,1,PCM_16,ok,
speech,Actor_13/03-01-03-01-02-02-13.wav,356892,487fa927d6baa9c44213da603bf9b17bc3393cef24d7797482df8020e0f51bc0,13,3,happy,1,2,2,3,1,48000,153754,1,PCM_16,ok,
speech,Actor_13/03-01-03-02-01-01-13.wav,379314,ab80b3fe792ce05758b3fa1ee99397771b68b8bf8e73ccfff694352f28b0daf9,13,3,happy,2,1,1,3,1,48000,164965,1,PCM_16,ok,
speech,Actor_13/03-01-03-02-01-02-13.wav,395322,36bed841d4a6c892eccda3c4e9742021210ab23c0e9649d50ecdaaaf64463912,13,3,happy,2,1,2,3,1,48000,172973,1,PCM_16,ok,
speech,Actor_13/03-01-03-02-02-01-13.wav,372904,13d987172a636e7e44e60566d18f3420a1f1659899598a4eff9897dd9da85df0,13,3,happy,2,2,1,3,1,48000,161761,1,PCM_16,ok,
speech,Actor_13/03-01-03-02-02-02-13.wav,369702,71a940182211e11e6c868e9749e012ee0b43dde36cdef617e6e61003ebb87cdf,13,3,happy,2,2,2,3,1,48000,160160,1,PCM_16,ok,
speech,Actor_13/03-01-04-01-01-01-13.wav,392092,e38e2b5956ea85f12cfd6e9035dd2982e32f5194caf605578ad6d52b2ab9bc1a,13,4,sad,1,1,1,3,1,48000,171371,1,PCM_16,ok,
speech,Actor_13/03-01-04-01-01-02-13.wav,388888,3e7072dbbd86b607615652ec6abd84e3e5ee738b09717d6eae02992788bdb26d,13,4,sad,1,1,2,3,1,48000,169769,1,PCM_16,ok,
speech,Actor_13/03-01-04-01-02-01-13.wav,379284,1f99d28533ad8b40b6d1532aa000cd253584dcd18592cb0c394fbfa3e85ad08b,13,4,sad,1,2,1,3,1,48000,164965,1,PCM_16,ok,
speech,Actor_13/03-01-04-01-02-02-13.wav,372878,fac7817ce1cd3c092e21d82733bcc9defdc944c29d8afad120050d5504fc4e00,13,4,sad,1,2,2,3,1,48000,161762,1,PCM_16,ok,
speech,Actor_13/03-01-04-02-01-01-13.wav,369670,8f4ea349184cfa0a1f992e3407e306b25cb4536f40370471f17f58226a86ce0e,13,4,sad,2,1,1,3,1,48000,160160,1,PCM_16,ok,
speech,Actor_13/03-01-04-02-01-02-13.wav,366466,d6f3b32a60031c31cfea39dade35614d5e6aa3cfa726702afdea0e354c43b15c,13,4,sad,2,1,2,3,1,48000,158558,1,PCM_16,ok,
speech,Actor_13/03-01-04-02-02-01-13.wav,379280,b6142ae295ce99d627ce48452ff05640a5126b552949b371db4915b46c65a6a7,13,4,sad,2,2,1,3,1,48000,164965,1,PCM_16,ok,
speech,Actor_13/03-01-04-02-02-02-13.wav,356856,ec10f2d58f999574fddadb2618ee0c17f75d39e7104624e2c1814653e33ab6d9,13,4,sad,2,2,2,3,1,48000,153753,1,PCM_16,ok,
speech,Actor_13/03-01-05-01-01-01-13.wav,379290,a011fd3d87160f3941ec636d291d2ff94d520d4b495f66bff31c855b4c36901f,13,5,angry,1,1,1,3,1,48000,164965,1,PCM_16,ok,
speech,Actor_13/03-01-05-01-01-02-13.wav,388898,d419e3acb8515a327b1c7df4ed84df56ace167be4b1b38781ff4a2066dcf1168,13,5,angry,1,1,2,3,1,48000,169769,1,PCM_16,ok,
speech,Actor_13/03-01-05-01-02-01-13.wav,395306,742638b3ec34e652b35a41caa3079749463cab302186528a50d085b41e0e2dfe,13,5,angry,1,2,1,3,1,48000,172973,1,PCM_16,ok,
speech,Actor_13/03-01-05-01-02-02-13.wav,372882,6544a46195420442066788b6e1026da51d4de771974b477990253b271e7511b6,13,5,angry,1,2,2,3,1,48000,161761,1,PCM_16,ok,
speech,Actor_13/03-01-05-02-01-01-13.wav,401712,4c2930872328fbc0dcdcaf2ad9946c5ffeff6bfbd32d957f4b87e9a8e60e7dd9,13,5,angry,2,1,1,3,1,48000,176176,1,PCM_16,ok,
speech,Actor_13/03-01-05-02-01-02-13.wav,459370,fc44f216907f7888231deb6a3a929d8eac826b8e682b53d1ab7880e42179c78b,13,5,angry,2,1,2,3,1,48000,205005,1,PCM_16,ok,
speech,Actor_13/03-01-05-02-02-01-13.wav,392096,3410efb7df9920d72c12f4d30b48c79cc6260ff63060347690df468fb4f9d760,13,5,angry,2,2,1,3,1,48000,171371,1,PCM_16,ok,
speech,Actor_13/03-01-05-02-02-02-13.wav,449760,e94c2095323b263b6959fcc424838e8e3903440a5b1e078b218abd65b13ca289,13,5,angry,2,2,2,3,1,48000,200200,1,PCM_16,ok,
speech,Actor_13/03-01-06-01-01-01-13.wav,350464,70391eb2bf9a94a1d4ed265247da66143f89a1600c95f6ec1bb70b5baa0257a9,13,6,fearful,1,1,1,3,1,48000,150551,1,PCM_16,ok,
speech,Actor_13/03-01-06-01-01-02-13.wav,353656,bd53c88d361b9809a7df1c8547fd75a1d90ca0474d8ed9d72ecd4e5e8e66e93f,13,6,fearful,1,1,2,3,1,48000,152152,1,PCM_16,ok,
speech,Actor_13/03-01-06-01-02-01-13.wav,356870,82ba98c9bf28108a140eb81bc7ae0cb4bb518f620963a10243f3ae94b7abb328,13,6,fearful,1,2,1,3,1,48000,153754,1,PCM_16,ok,
speech,Actor_13/03-01-06-01-02-02-13.wav,360068,e3ca7aa768ae641c2af4871d30f8938c7ac9c1bf3a7e64ecd32412ce13421fc5,13,6,fearful,1,2,2,3,1,48000,155355,1,PCM_16,ok,
speech,Actor_13/03-01-06-02-01-01-13.wav,372882,5c0cc039539dc171ca17ca6ae02e7f6ef1872307220e534fb4cea8d0ec5a9953,13,6,fearful,2,1,1,3,1,48000,161762,1,PCM_16,ok,
speech,Actor_13/03-01-06-02-01-02-13.wav,363272,1038fac0739fd471d9e25eef1f2aeca39444315110d9ecb65e7140e5ded58ab0,13,6,fearful,2,1,2,3,1,48000,156957,1,PCM_16,ok,
speech,Actor_13/03-01-06-02-02-01-13.wav,385694,dff50335056d2a959efb67910c3608847793aafccb31b55d7addea68f255646c,13,6,fearful,2,2,1,3,1,48000,168168,1,PCM_16,ok,
speech,Actor_13/03-01-06-02-02-02-13.wav,356866,e4b546e302ee22a9fa8c3134031f6109b80870e123ee102c647afc3bf2506d54,13,6,fearful,2,2,2,3,1,48000,153754,1,PCM_16,ok,
speech,Actor_14/03-01-01-01-01-01-14.wav,394090,1b2e8e275c9c93d3acc3a7ac0ee28525c1117ce071a38430c929703ffbb99ec8,14,1,neutral,1,1,1,3,1,48000,166566,1,PCM_16,ok,
speech,Actor_14/03-01-01-01-01-02-14.wav,381282,a99217dd350cdf9c9dcbce40f9a2825066a0d88754dcb2eff04efe11d6336fe2,14,1,neutral,1,1,2,3,1,48000,160160,1,PCM_16,ok,
speech,Actor_14/03-01-01-01-02-01-14.wav,393890,704ce80e043732dc899d94edbdc14acca8c3ad20eac877bb65e636959c09bcd5,14,1,neutral,1,2,1,3,1,48000,166567,1,PCM_16,ok,
speech,Actor_14/03-01-01-01-02-02-14.wav,403700,30716edc46475f2f427c595fbeaf2173cfba83fecd9a0f3d82cfaefacf43a095,14,1,neutral,1,2,2,3,1,48000,171371,1,PCM_16,ok,
speech,Actor_14/03-01-02-01-01-01-14.wav,419754,348c3a5cc002ee9b6f585e44c1a40c203f4b077b040f73df6780bac25b837c2c,14,2,calm,1,1,1,3,1,48000,179379,1,PCM_16,ok,
speech,Actor_14/03-01-02-01-01-02-14.wav,403738,de37ac47505ba2e5263b3521ce06d975c5673674756b7850975e48904eeacc30,14,2,calm,1,1,2,3,1,48000,171371,1,PCM_16,ok,
speech,Actor_14/03-01-02-01-02-01-14.wav,387724,0ca0bc8b57114ddb424cac73d29d9ef931fa06f02cbb4cfd1c0174ad3aae396f,14,2,calm,1,2,1,3,1,48000,163364,1,PCM_16,ok,
speech,Actor_14/03-01-02-01-02-02-14.wav,397332,6adcc56daea066906c772a002bedb64902f549f5c7be400f1cc238c1f8f39f69,14,2,calm,1,2,2,3,1,48000,168168,1,PCM_16,ok,
speech,Actor_14/03-01-02-02-01-01-14.wav,432538,8516f9f523e0cbff008ff82bda4a357586143b82eabf3832bb9fed789dc4f45c,14,2,calm,2,1,1,3,1,48000,185785,1,PCM_16,ok,
speech,Actor_14/03-01-02-02-01-02-14.wav,435770,47e6c6f676b81ebad66e4eb8d6aa309a3ddcbd6973f60284ce934381f4d3aec5,14,2,calm,2,1,2,3,1,48000,187387,1,PCM_16,ok,
speech,Actor_14/03-01-02-02-02-01-14.wav,419754,9ca85b98b86234914dd5583bf0f69200f839979668fb49c7ef9709b9b0d763da,14,2,calm,2,2,1,3,1,48000,179379,1,PCM_16,ok,
speech,Actor_14/03-01-02-02-02-02-14.wav,422958,c60696e9c48c0ff7b297e57683409f2fde8019543aeb1bbbb8e9b2d5a8d2df1e,14,2,calm,2,2,2,3,1,48000,180981,1,PCM_16,ok,
speech,Actor_14/03-01-03-01-01-01-14.wav,416552,8e7dbbfa3bb002d8dd8a335cee66447f3bb9526b97c0f3f29c44f8072d02b182,14,3,happy,1,1,1,3,1,48000,177778,1,PCM_16,ok,
speech,Actor_14/03-01-03-01-01-02-14.wav,413348,2e8d14cc171dc7549dc48f24bde34c996a424a4ff13e0416212b046abfaa034d,14,3,happy,1,1,2,3,1,48000,176176,1,PCM_16,ok,
speech,Actor_14/03-01-03-01-02-01-14.wav,387722,14ba5a2473d5e4828b5a79c134784067de32b45ffbdc53f3372546f3261f64be,14,3,happy,1,2,1,3,1,48000,163363,1,PCM_16,ok,
speech,Actor_14/03-01-03-01-02-02-14.wav,394128,0fcf9e43e1bb75c2bac841ac901218b0242a93e2b10fcb5937890589d48c9880,14,3,happy,1,2,2,3,1,48000,166566,1,PCM_16,ok,
speech,Actor_14/03-01-03-02-01-01-14.wav,422956,859005eda9c937b4986c29745e556f214e09477327fbc0b8adaf58ce79cc1848,14,3,happy,2,1,1,3,1,48000,180980,1,PCM_16,ok,
speech,Actor_14/03-01-03-02-01-02-14.wav,419754,09c0b8f915c97fb16a8b5e74c45de7724347e382fb11db62eb9646729982a360,14,3,happy,2,1,2,3,1,48000,179379,1,PCM_16,ok,
speech,Actor_14/03-01-03-02-02-01-14.wav,429364,508543b551c11b5040fd8a6e81dffabe12b14d2e46b491156d50781a583ec86c,14,3,happy,2,2,1,3,1,48000,184184,1,PCM_16,ok,
speech,Actor_14/03-01-03-02-02-02-14.wav,419754,0026f37a5f21e06226fb067af598951e288a42de826f3890892a990c281f848f,14,3,happy,2,2,2,3,1,48000,179379,1,PCM_16,ok,
speech,Actor_14/03-01-04-01-01-01-14.wav,419738,248440b303b83e945ccc798ebcc6a7485aec8e2914cea1b4719dcf764841d3e6,14,4,sad,1,1,1,3,1,48000,179379,1,PCM_16,ok,
speech,Actor_14/03-01-04-01-01-02-14.wav,406926,c37442655fc39c97685419295227153268f05864f197a96bccb58f24f23483e6,14,4,sad,1,1,2,3,1,48000,172973,1,PCM_16,ok,
speech,Actor_14/03-01-04-01-02-01-14.wav,406926,1240db3d900702fb25e624f635f9091ec29c2efbf9044be0f9dcd08b9bfbdfdc,14,4,sad,1,2,1,3,1,48000,172973,1,PCM_16,ok,
speech,Actor_14/03-01-04-01-02-02-14.wav,400520,7951893de0382f857aec9fba55f238cf2a1680832b87935a5ca751386dc3c1d9,14,4,sad,1,2,2,3,1,48000,169770,1,PCM_16,ok,
speech,Actor_14/03-01-04-02-01-01-14.wav,432550,5f33a327fae0eeb9fb22dde3832be0187bef25f74e5383eaa3cc54bff3bcef4d,14,4,sad,2,1,1,3,1,48000,185785,1,PCM_16,ok,
speech,Actor_14/03-01-04-02-01-02-14.wav,413332,e1688073f51b1b7d5518828494f8872a187e9bf5204c696d60a0f0c0cfec4488,14,4,sad,2,1,2,3,1,48000,176176,1,PCM_16,ok,
speech,Actor_14/03-01-04-02-02-01-14.wav,413332,93a29be72506c121f3dec0d0b7f8be26cbf1c849b0ba9db9cc113c2c4290d07a,14,4,sad,2,2,1,3,1,48000,176176,1,PCM_16,ok,
speech,Actor_14/03-01-04-02-02-02-14.wav,435756,7cf8290fcc2fd8d072d298b3c81d3bc22711cacd114085dd12d6899ee4c7b6fe,14,4,sad,2,2,2,3,1,48000,187388,1,PCM_16,ok,
speech,Actor_14/03-01-05-01-01-01-14.wav,406924,7086f9cbd090f1d42933c5a59187974c847d1829e402ec4761f42200dfab1b74,14,5,angry,1,1,1,3,1,48000,172972,1,PCM_16,ok,
speech,Actor_14/03-01-05-01-01-02-14.wav,416526,30dc94add3e33886b736ba12b340a269d4f38d132ae0384501ed0faaca8dbcf5,14,5,angry,1,1,2,3,1,48000,177778,1,PCM_16,ok,
speech,Actor_14/03-01-05-01-02-01-14.wav,419738,e18de20616a0c4a650f2a748a97ce02104e403ecd8cc62f84079a2a1db09f3ea,14,5,angry,1,2,1,3,1,48000,179379,1,PCM_16,ok,
speech,Actor_14/03-01-05-01-02-02-14.wav,435754,54b80bb439161065c07be343a685ebcec0f165c6b839a959b93295d06cc0d185,14,5,angry,1,2,2,3,1,48000,187388,1,PCM_16,ok,
speech,Actor_14/03-01-05-02-01-01-14.wav,470990,7069df3f1feeb87c490545210c970583e10793c57a5d7c3b7b193091d532478f,14,5,angry,2,1,1,3,1,48000,205005,1,PCM_16,ok,
speech,Actor_14/03-01-05-02-01-02-14.wav,480598,bb10ecee72411fd51c0cd8c6734425f88457ad9cb7a013aa3769c6a033bec487,14,5,angry,2,1,2,3,1,48000,209809,1,PCM_16,ok,
speech,Actor_14/03-01-05-02-02-01-14.wav,461380,530958ccc33b1e2b33ec72d7c72112aa37ea96e78dcd3fd204b5574d39a4719a,14,5,angry,2,2,1,3,1,48000,200200,1,PCM_16,ok,
speech,Actor_14/03-01-05-02-02-02-14.wav,483778,162f780ec00848a52c5b046a289de73d251bae8c8fc62f075071ef445c7cec01,14,5,angry,2,2,2,3,1,48000,211412,1,PCM_16,ok,
speech,Actor_14/03-01-06-01-01-01-14.wav,384506,66d04e3fefdc8b60703c6a9d675958eb88a80d9acc7e0c9fd37a573762531928,14,6,fearful,1,1,1,3,1,48000,161761,1,PCM_16,ok,
speech,Actor_14/03-01-06-01-01-02-14.wav,403722,fec1c4987aec81b434b25e9f0f4f6002f42e6bd7508afec509682a89cfaefd7b,14,6,fearful,1,1,2,3,1,48000,171371,1,PCM_16,ok,
speech,Actor_14/03-01-06-01-02-01-14.wav,384504,2b8e2b065fdcfc705ab91840e093f2f2002bcf1d66373453f88b2c4a4359ef50,14,6,fearful,1,2,1,3,1,48000,161762,1,PCM_16,ok,
speech,Actor_14/03-01-06-01-02-02-14.wav,384496,072d2705d27921b186f4f5d6ef6b32f1ea51ec8d046fdd851db03257999c67ba,14,6,fearful,1,2,2,3,1,48000,161761,1,PCM_16,ok,
speech,Actor_14/03-01-06-02-01-01-14.wav,384512,c10c1033ee2bf9c08914048473cee6af7e3c5a22506fd1c9f052ef609ffa9bc8,14,6,fearful,2,1,1,3,1,48000,161761,1,PCM_16,ok,
speech,Actor_14/03-01-06-02-01-02-14.wav,387690,15cdadd7780690adb7d720e3d3da179052f0c4585945e9de0201f4bceb9bdf59,14,6,fearful,2,1,2,3,1,48000,163363,1,PCM_16,ok,
speech,Actor_14/03-01-06-02-02-01-14.wav,397326,dbf67c95e148e70c850e4a97165cf738a1535416cdeb3f4a4e6a875481be3946,14,6,fearful,2,2,1,3,1,48000,168168,1,PCM_16,ok,
speech,Actor_14/03-01-06-02-02-02-14.wav,394122,6ccec76f421a2c507f72cebde3bdcea3f846ab17213dbf8450e083fc1100bcf4,14,6,fearful,2,2,2,3,1,48000,166566,1,PCM_16,ok,
speech,Actor_15/03-01-01-01-01-01-15.wav,373900,e4f1d8fcb0aa04eee77976221ac31047a8e8fbf12f18150d24e66b5b8141a4ad,15,1,neutral,1,1,1,3,1,48000,161762,1,PCM_16,ok,
speech,Actor_15/03-01-01-01-01-02-15.wav,380306,ecce9d7446a9018b99a64806eea839b3dbb0ee210a578c0e293332659ac187a7,15,1,neutral,1,1,2,3,1,48000,164965,1,PCM_16,ok,
speech,Actor_15/03-01-01-01-02-01-15.wav,380304,c47a61461ec118cb1eabc6aa268207fd46658131a71dd4eb4022af37c14a8a08,15,1,neutral,1,2,1,3,1,48000,164964,1,PCM_16,ok,
speech,Actor_15/03-01-01-01-02-02-15.wav,377102,4bd3b8b27967ce7fa42e6f65e5aa00f5e5f37b00b118726797a62410f5e3d3cc,15,1,neutral,1,2,2,3,1,48000,163363,1,PCM_16,ok,
speech,Actor_15/03-01-02-01-01-01-15.wav,393120,69c6a4cfd8dfe87b0cb79b86c42635eb2b25ebb0c111e474fc030808952b2eca,15,2,calm,1,1,1,3,1,48000,171372,1,PCM_16,ok,
speech,Actor_15/03-01-02-01-01-02-15.wav,393116,e4f627f2b6f9f7b9d78f943b7b621dad315b6b33098dee99288e4980749513a2,15,2,calm,1,1,2,3,1,48000,171371,1,PCM_16,ok,
speech,Actor_15/03-01-02-01-02-01-15.wav,409118,388ba7a171fd4d36c0602b7231d985fa38f04bad22100b5b33ac67da1ca9a711,15,2,calm,1,2,1,3,1,48000,179379,1,PCM_16,ok,
speech,Actor_15/03-01-02-01-02-02-15.wav,393124,ea22b7c6ab26fc48a627b8e948508966935b77dc727c794055f1419bc6df64ce,15,2,calm,1,2,2,3,1,48000,171371,1,PCM_16,ok,
speech,Actor_15/03-01-02-02-01-01-15.wav,402728,f6996a66e4085992a03a6f4acf8913e25f20d6eb6d407270696bfef6737cb047,15,2,calm,2,1,1,3,1,48000,176176,1,PCM_16,ok,
speech,Actor_15/03-01-02-02-01-02-15.wav,415544,7e880095d2ea76bac4719ba0193b127236dd83e9f9b6c6f26581ca2f97ec86d6,15,2,calm,2,1,2,3,1,48000,182583,1,PCM_16,ok,
speech,Actor_15/03-01-02-02-02-01-15.wav,428356,cedbc9ab98c7c36063c569158118ba5c41d2e49529a15733333f251ac1b9efec,15,2,calm,2,2,1,3,1,48000,188989,1,PCM_16,ok,
speech,Actor_15/03-01-02-02-02-02-15.wav,396322,72b7b4640fedd18aea3def383dec2f3819117a4e38fb17cfc3dae1cbf6555871,15,2,calm,2,2,2,3,1,48000,172972,1,PCM_16,ok,
speech,Actor_15/03-01-03-01-01-01-15.wav,377104,8fcf6fa0e5e6b474b7178e6f42f265a333902d7d1fc0c18c0481f3a0fae11c10,15,3,happy,1,1,1,3,1,48000,163363,1,PCM_16,ok,
speech,Actor_15/03-01-03-01-01-02-15.wav,370698,c4fe94047a45bdf1a8189c8f0122771439d1e0e75c635a36946fa645a3504cbd,15,3,happy,1,1,2,3,1,48000,160160,1,PCM_16,ok,
speech,Actor_15/03-01-03-01-02-01-15.wav,370698,101afbac1e1b00b2255a18d69217186419b95af518f5299d97123ba2fc58f9f7,15,3,happy,1,2,1,3,1,48000,160160,1,PCM_16,ok,
speech,Actor_15/03-01-03-01-02-02-15.wav,380308,6c3d2d68904996ee687c1a23d92c7673340072187250984837387e19a0aea644,15,3,happy,1,2,2,3,1,48000,164965,1,PCM_16,ok,
speech,Actor_15/03-01-03-02-01-01-15.wav,391936,145b1632eb7809b29c66c81b301d76eedbebf787fd4645bc8d6c926f9704e5b0,15,3,happy,2,1,1,3,1,48000,171371,1,PCM_16,ok,
speech,Actor_15/03-01-03-02-01-02-15.wav,383520,5242a1f497c04132ca3d1b312e9a403547d1d7807797abc01346774ed54c99dd,15,3,happy,2,1,2,3,1,48000,166566,1,PCM_16,ok,
speech,Actor_15/03-01-03-02-02-01-15.wav,415552,1dc1101aa299ab54accfb5b261afe55f5ea33dd337e0c7d28d731b66d2add4d1,15,3,happy,2,2,1,3,1,48000,182582,1,PCM_16,ok,
speech,Actor_15/03-01-03-02-02-02-15.wav,373912,1b83f5a16aa062fef265dc47370dbbfc8ac069d2d032a2b656cd1c25197ee560,15,3,happy,2,2,2,3,1,48000,161762,1,PCM_16,ok,
speech,Actor_15/03-01-04-01-01-01-15.wav,386726,bbabdf2d4bb0d75322fbe24b8395dffbd9f1b59cd87badd755b62749f1b222f2,15,4,sad,1,1,1,3,1,48000,168168,1,PCM_16,ok,
speech,Actor_15/03-01-04-01-01-02-15.wav,367506,1a0668b8d92cfe78fb4d270f86524d8ece12d107b0b549d930622122d7d9a294,15,4,sad,1,1,2,3,1,48000,158558,1,PCM_16,ok,
speech,Actor_15/03-01-04-01-02-01-15.wav,367508,09aed5442a43ff49412088ab983a849c56ba48293d7524a63a7179c86c2c8680,15,4,sad,1,2,1,3,1,48000,158559,1,PCM_16,ok,
speech,Actor_15/03-01-04-01-02-02-15.wav,373912,6345c6ab16c1c5675de43c7dba40820fa1bf40f60aca9beaa47f5314eee69ddf,15,4,sad,1,2,2,3,1,48000,161761,1,PCM_16,ok,
speech,Actor_15/03-01-04-02-01-01-15.wav,363724,4843c62ca1bae58e9e3ec565c7f64120310dcbacfc4f91e3c57563debbeb3406,15,4,sad,2,1,1,3,1,48000,156956,1,PCM_16,ok,
speech,Actor_15/03-01-04-02-01-02-15.wav,377112,9df746572521d401e86b8c8aeb065e96c3607f8a8019c9e1c1f1aad61c2dd343,15,4,sad,2,1,2,3,1,48000,163363,1,PCM_16,ok,
speech,Actor_15/03-01-04-02-02-01-15.wav,389930,f02e34a8762ca924fddf2e210a37820553b9bd780f3fd4a05699d93d15f4f335,15,4,sad,2,2,1,3,1,48000,169770,1,PCM_16,ok,
speech,Actor_15/03-01-04-02-02-02-15.wav,380320,cf585c35621cd4546b46159c12fe122f7b0dd0b06ad7b19b59c73e10746ee31d,15,4,sad,2,2,2,3,1,48000,164965,1,PCM_16,ok,
speech,Actor_15/03-01-05-01-01-01-15.wav,399540,9484ebe862e28876d7cc31f567332b107111328fb4059b171f02df9b87b8cc2b,15,5,angry,1,1,1,3,1,48000,174575,1,PCM_16,ok,
speech,Actor_15/03-01-05-01-01-02-15.wav,396334,e84e4704c2b75044e127cf5d3c93192c41fb783bb5e93cc005331135c2828fc6,15,5,angry,1,1,2,3,1,48000,172973,1,PCM_16,ok,
speech,Actor_15/03-01-05-01-02-01-15.wav,405944,effd801c7c59548d7ac23d50a71f0f9e76c7bf962181461d1a3e314e5442e469,15,5,angry,1,2,1,3,1,48000,177778,1,PCM_16,ok,
speech,Actor_15/03-01-05-01-02-02-15.wav,389928,0c3b2912e4f577f07c65bc132ed62072f23a44e7e5737d7e98b484811b0ca4bf,15,5,angry,1,2,2,3,1,48000,169770,1,PCM_16,ok,
speech,Actor_15/03-01-05-02-01-01-15.wav,389928,8bd798bb2b632fe8a572d65db26cc7941d21e07fb76cd3a292d3acbf4b0720f3,15,5,angry,2,1,1,3,1,48000,169770,1,PCM_16,ok,
speech,Actor_15/03-01-05-02-01-02-15.wav,409146,f7e41515aa0222c615c3c7976728dbba8de1dc08e36e73e0843b50b4090ca5a7,15,5,angry,2,1,2,3,1,48000,179380,1,PCM_16,ok,
speech,Actor_15/03-01-05-02-02-01-15.wav,383514,7c98bd9dd08e94585cef0e8e75b0ae3ba279a8b457b76d92a0c6b80fa931e0a0,15,5,angry,2,2,1,3,1,48000,166567,1,PCM_16,ok,
speech,Actor_15/03-01-05-02-02-02-15.wav,396328,5e42230de368a51d9e652c6f0ed80d2e99f364cb338281790b55d3badec9a557,15,5,angry,2,2,2,3,1,48000,172973,1,PCM_16,ok,
speech,Actor_15/03-01-06-01-01-01-15.wav,368180,53239ec9a30b9eed8d13873e2d956348332ee3a8c59c195c82b0ec3f16d7d143,15,6,fearful,1,1,1,3,1,48000,158558,1,PCM_16,ok,
speech,Actor_15/03-01-06-01-01-02-15.wav,367502,de3e2fb1812736c97711537d15032ac06d5d992b617e37733376b2f12138cd14,15,6,fearful,1,1,2,3,1,48000,158559,1,PCM_16,ok,
speech,Actor_15/03-01-06-01-02-01-15.wav,364298,fd927d0340cdfa727d759a56cb36b7da7408dfd19ffde8805ec322521645f0be,15,6,fearful,1,2,1,3,1,48000,156957,1,PCM_16,ok,
speech,Actor_15/03-01-06-01-02-02-15.wav,367502,8d411fff1e9a34ed4987e1d91eea71d37b7b7d9a61333768a37fbbba6f0ac7a7,15,6,fearful,1,2,2,3,1,48000,158558,1,PCM_16,ok,
speech,Actor_15/03-01-06-02-01-01-15.wav,370706,91a476a5fe557bc134f0d8e998ed89f4a930d93ef11072ef39459dabf05054d3,15,6,fearful,2,1,1,3,1,48000,160160,1,PCM_16,ok,
speech,Actor_15/03-01-06-02-01-02-15.wav,383522,8d38779f8ab4bf2fa5db0fd016722c16d13efa560b322f7b3bc5703375760de7,15,6,fearful,2,1,2,3,1,48000,166567,1,PCM_16,ok,
speech,Actor_15/03-01-06-02-02-01-15.wav,373910,841845915e74b045b9dfe6dc888dc2b4d344aa25656a162985d4b564729544e9,15,6,fearful,2,2,1,3,1,48000,161761,1,PCM_16,ok,
speech,Actor_15/03-01-06-02-02-02-15.wav,386724,ec727a5465053a187f9b740e2176566387f4ab6474714e20d61bf430b5ec7180,15,6,fearful,2,2,2,3,1,48000,168168,1,PCM_16,ok,
speech,Actor_16/03-01-01-01-01-01-16.wav,418744,9f0fe5ccfebbdc023137d280939198ceb3c39b938bb40d458200087aee36e720,16,1,neutral,1,1,1,3,1,48000,179379,1,PCM_16,ok,
speech,Actor_16/03-01-01-01-01-02-16.wav,418746,f6acab07c785f6632b9964c2a8d73791098d8289f3e2ce48afd4b0573b61015c,16,1,neutral,1,1,2,3,1,48000,179380,1,PCM_16,ok,
speech,Actor_16/03-01-01-01-02-01-16.wav,405704,275a23e814ed40030eff4c97ddc8e0cb860974bd2d492e3981f67d80d03fb5a0,16,1,neutral,1,2,1,3,1,48000,172973,1,PCM_16,ok,
speech,Actor_16/03-01-01-01-02-02-16.wav,402730,a2db8b6c42c1f379b3a94459d983539099ccbfb87395daa695607d6d73946ba5,16,1,neutral,1,2,2,3,1,48000,171371,1,PCM_16,ok,
speech,Actor_16/03-01-02-01-01-01-16.wav,414704,541fa434ca95a73506c33974488ae35a02a1f1f7c369a984145de4a100cd65d2,16,2,calm,1,1,1,3,1,48000,177777,1,PCM_16,ok,
speech,Actor_16/03-01-02-01-01-02-16.wav,431558,79f99f14fab7b8f0d74f233d6da88f7d076336a2aa83a984155932851995c127,16,2,calm,1,1,2,3,1,48000,185785,1,PCM_16,ok,
speech,Actor_16/03-01-02-01-02-01-16.wav,425142,33715651f4cf0a78fbe12b9771aa55fb84fd2487c3b239c4209633b9ce414d19,16,2,calm,1,2,1,3,1,48000,182582,1,PCM_16,ok,
speech,Actor_16/03-01-02-01-02-02-16.wav,412340,7aca69775053b31102ec1d3fdc3e40ca49516c4e94c2cb26b06e202b7e694325,16,2,calm,1,2,2,3,1,48000,176176,1,PCM_16,ok,
speech,Actor_16/03-01-02-02-01-01-16.wav,431548,a1e81fc8e915ac7df9ad8ad73728c4758fcb6f76a32391332452c3eb151df562,16,2,calm,2,1,1,3,1,48000,185785,1,PCM_16,ok,
speech,Actor_16/03-01-02-02-01-02-16.wav,437974,2fe55e39c7730fc5d69bfc91ee06071d2308816485105ee24f8ad5f9059f5a5f,16,2,calm,2,1,2,3,1,48000,188989,1,PCM_16,ok,
speech,Actor_16/03-01-02-02-02-01-16.wav,425144,5513f19faa4249755185a6f2fdbfef10591ff7d16a1da2e1725d22423aef431d,16,2,calm,2,2,1,3,1,48000,182583,1,PCM_16,ok,
speech,Actor_16/03-01-02-02-02-02-16.wav,425142,56d7c1bf65731686ecbc8e864ebf32c18a5c277b3d35190c4f6bd6fab59ce3d2,16,2,calm,2,2,2,3,1,48000,182582,1,PCM_16,ok,
speech,Actor_16/03-01-03-01-01-01-16.wav,415526,83bd9769403184f883195463b48a653a1680b43693539ef000081cf459b0f741,16,3,happy,1,1,1,3,1,48000,177778,1,PCM_16,ok,
speech,Actor_16/03-01-03-01-01-02-16.wav,412348,986f21a4c4a95a177e29e05e43dfd44d1d12eb61263b027a3de3ff3207ce24ee,16,3,happy,1,1,2,3,1,48000,176176,1,PCM_16,ok,
speech,Actor_16/03-01-03-01-02-01-16.wav,418736,0762cd5d977f9766d63e38f21471ddeebb27a722a3932ddea0f6ffd9a291f4f4,16,3,happy,1,2,1,3,1,48000,179379,1,PCM_16,ok,
speech,Actor_16/03-01-03-01-02-02-16.wav,412318,4526991a74bc382bbbd0c58b7c6c65d3557901eef3b9c129f767403b7dd95eca,16,3,happy,1,2,2,3,1,48000,176176,1,PCM_16,ok,
speech,Actor_16/03-01-03-02-01-01-16.wav,421936,08ab8b7472eb8f71109fb7c878da3978b97a066b61acbc99f12085a4b2eba881,16,3,happy,2,1,1,3,1,48000,180981,1,PCM_16,ok,
speech,Actor_16/03-01-03-02-01-02-16.wav,402738,5cc11dd41d62d05dd13c5e71d6dcc891e4101da13f99d34e61aadf8be4fa0dfe,16,3,happy,2,1,2,3,1,48000,171371,1,PCM_16,ok,
speech,Actor_16/03-01-03-02-02-01-16.wav,421934,688941ba23aa68469661704d3242c27ec28a41258a70bed3fd88fc501b31d596,16,3,happy,2,2,1,3,1,48000,180980,1,PCM_16,ok,
speech,Actor_16/03-01-03-02-02-02-16.wav,425140,f1e55db3f1f5d21c6f9e659515114fe23379eca7363a3d7a6bfa2abf135fa6b5,16,3,happy,2,2,2,3,1,48000,182583,1,PCM_16,ok,
speech,Actor_16/03-01-04-01-01-01-16.wav,402708,559c3f1cd08af5a819246d08881ae759a59c535d0edac97bb17f3e3607c630aa,16,4,sad,1,1,1,3,1,48000,171371,1,PCM_16,ok,
speech,Actor_16/03-01-04-01-01-02-16.wav,409142,2014cbb1113b85f9bdb33a11c7d812e16f5b99966c1e58667aec2df00d77b1a3,16,4,sad,1,1,2,3,1,48000,174574,1,PCM_16,ok,
speech,Actor_16/03-01-04-01-02-01-16.wav,386720,e0150b2e3e5c27e2f8353d25d59182631a263f2b09fef2c2cf3c682e0add43de,16,4,sad,1,2,1,3,1,48000,163364,1,PCM_16,ok,
speech,Actor_16/03-01-04-01-02-02-16.wav,396328,f8e6d926e8ed9ea66b9ef9b77480de77567129e8b70017f2439395def719091d,16,4,sad,1,2,2,3,1,48000,168168,1,PCM_16,ok,
speech,Actor_16/03-01-04-02-01-01-16.wav,418752,0b742fb7177a568e8485b5a6457b6c5c48a21901b84cc83b34cc1142516e8aa0,16,4,sad,2,1,1,3,1,48000,179379,1,PCM_16,ok,
speech,Actor_16/03-01-04-02-01-02-16.wav,425160,977219317c22f95e1d7e7bee421d8bb17a7a8153b077bdb25a381d809e9bd6f6,16,4,sad,2,1,2,3,1,48000,182583,1,PCM_16,ok,
speech,Actor_16/03-01-04-02-02-01-16.wav,431566,04eb5297d94a46c6941140d8787f3f378d4a81272d1af0f4264ceecef4ea4924,16,4,sad,2,2,1,3,1,48000,185786,1,PCM_16,ok,
speech,Actor_16/03-01-04-02-02-02-16.wav,418752,2461d8626872425b79502b2a8a4c7dbfc5407beb9c02e682590eab6926c3abd5,16,4,sad,2,2,2,3,1,48000,179379,1,PCM_16,ok,
speech,Actor_16/03-01-05-01-01-01-16.wav,441176,3fd5bb4ae17032c8e006ed4065041189dadaf88b8b327d77fe4f1fe2959201ab,16,5,angry,1,1,1,3,1,48000,190591,1,PCM_16,ok,
speech,Actor_16/03-01-05-01-01-02-16.wav,444378,32b5aa15f16cdd9d3ece564f42de5dbf47d9dbe68d2b6f5dd8dd95744b96b416,16,5,angry,1,1,2,3,1,48000,192192,1,PCM_16,ok,
speech,Actor_16/03-01-05-01-02-01-16.wav,434768,aaf7d7411f8dd392e43bc5bd47b7928ba6d9350058ade128d69f8a06303c45f9,16,5,angry,1,2,1,3,1,48000,187387,1,PCM_16,ok,
speech,Actor_16/03-01-05-01-02-02-16.wav,434768,d22d1b79817026648a648b935a6f0c3769b1439ada0d84adad55956c1a4edb1c,16,5,angry,1,2,2,3,1,48000,187387,1,PCM_16,ok,
speech,Actor_16/03-01-05-02-01-01-16.wav,441172,419d8749cac1d9d680d049421c7bc7a4f993672e85c7067cdf02f757234d42c0,16,5,angry,2,1,1,3,1,48000,190591,1,PCM_16,ok,
speech,Actor_16/03-01-05-02-01-02-16.wav,418748,3416903485080c95bd9bb05f3089c696fb7a450321fde5d8ba02ee7a6f2a5e4b,16,5,angry,2,1,2,3,1,48000,179379,1,PCM_16,ok,
speech,Actor_16/03-01-05-02-02-01-16.wav,425050,d4d7879e32713c69418fa7bc33a4ecfd51d1ed36330468dc0c542d7d0510bf22,16,5,angry,2,2,1,3,1,48000,182582,1,PCM_16,ok,
speech,Actor_16/03-01-05-02-02-02-16.wav,450778,7662a3a0bb02235ec310f8bd7275582d4a9e34383d998f5a35d4382d97cadccf,16,5,angry,2,2,2,3,1,48000,195396,1,PCM_16,ok,
speech,Actor_16/03-01-06-01-01-01-16.wav,415544,7c72c1860e6d62bae1cbd9c9dac5134c89ee233ed610cf685840fbc120c6559b,16,6,fearful,1,1,1,3,1,48000,177777,1,PCM_16,ok,
speech,Actor_16/03-01-06-01-01-02-16.wav,396326,c09c9f8275425f48f95e4fe712b1da16eba3276c1b08e49432b668b1bdec5793,16,6,fearful,1,1,2,3,1,48000,168168,1,PCM_16,ok,
speech,Actor_16/03-01-06-01-02-01-16.wav,409138,4bd6030150e3c9ee3bf8ddf3569820fc87d1010c3ec6af82cae4ee85cf685fe9,16,6,fearful,1,2,1,3,1,48000,174574,1,PCM_16,ok,
speech,Actor_16/03-01-06-01-02-02-16.wav,402732,c3198e720fdbdaef71880a5b4001ed983a2eb83d2d9367eee27572bc98888e17,16,6,fearful,1,2,2,3,1,48000,171371,1,PCM_16,ok,
speech,Actor_16/03-01-06-02-01-01-16.wav,418748,162ba34a03c4a6660677b63cb3f1fd9c61fae12d05d1fddac7e7b9fdda4c3bea,16,6,fearful,2,1,1,3,1,48000,179379,1,PCM_16,ok,
speech,Actor_16/03-01-06-02-01-02-16.wav,418748,8e0895ab0bbef5bb6418f057fac279bd47cf473713a0180b2548d824580fb64f,16,6,fearful,2,1,2,3,1,48000,179379,1,PCM_16,ok,
speech,Actor_16/03-01-06-02-02-01-16.wav,399528,1edab3e4aa7bc41171ae16fa51310b667348a58fa1a4b35af36f2c8f43e73efd,16,6,fearful,2,2,1,3,1,48000,169769,1,PCM_16,ok,
speech,Actor_16/03-01-06-02-02-02-16.wav,396326,6991ba7e7301c27060a68bf01eb8b541214230926694adf3ef43b6d290c96f3c,16,6,fearful,2,2,2,3,1,48000,168168,1,PCM_16,ok,
speech,Actor_17/03-01-01-01-01-01-17.wav,418210,6e205e930dd5a6199d452921217c2c09bab8e4c5bd82539105ee45f4141e8e01,17,1,neutral,1,1,1,3,1,48000,184184,1,PCM_16,ok,
speech,Actor_17/03-01-01-01-01-02-17.wav,386178,09a3b4c0de42943a3f47256a1c2533ef9c6592f3e63ff775b2aa3d5de5cbf2ea,17,1,neutral,1,1,2,3,1,48000,168168,1,PCM_16,ok,
speech,Actor_17/03-01-01-01-02-01-17.wav,387606,c64c8cedb04578180c996e3d8ccf82e3054f9583dff5b4aa1dec4fcc80b4a2ca,17,1,neutral,1,2,1,3,1,48000,168168,1,PCM_16,ok,
speech,Actor_17/03-01-01-01-02-02-17.wav,384402,c2b2c3387df6521202e0b66966f5fa145acb9c6054dff3a986a573cbdc56b7ad,17,1,neutral,1,2,2,3,1,48000,166566,1,PCM_16,ok,
speech,Actor_17/03-01-02-01-01-01-17.wav,386184,b20a24d1427ab64adee9039a5282d2f40974d619daa8c7dae8afbb62a63989c8,17,2,calm,1,1,1,3,1,48000,168168,1,PCM_16,ok,
speech,Actor_17/03-01-02-01-01-02-17.wav,389388,6780964471cdb5458f4f44ec7712ab4553c97886661126d41cdb175ec5597dd1,17,2,calm,1,1,2,3,1,48000,169770,1,PCM_16,ok,
speech,Actor_17/03-01-02-01-02-01-17.wav,408608,7d96e15c4f34373b136a7e7869aeb441d23154fa6114309c62002c14ca855988,17,2,calm,1,2,1,3,1,48000,179380,1,PCM_16,ok,
speech,Actor_17/03-01-02-01-02-02-17.wav,411810,51450443487998f3d3439591448855c372a36be2c3f430c22b302315a9fe6a0a,17,2,calm,1,2,2,3,1,48000,180981,1,PCM_16,ok,
speech,Actor_17/03-01-02-02-01-01-17.wav,421420,03b32a7d8494ce524e631e18229c50c3655ef1830a0c0dcc1fc2afcf687ea813,17,2,calm,2,1,1,3,1,48000,185786,1,PCM_16,ok,
speech,Actor_17/03-01-02-02-01-02-17.wav,395796,da9b0d3220b73fb77a0850cbcc3c658cc52afab1774b5e7f8a8f4b4c39de5fc4,17,2,calm,2,1,2,3,1,48000,172973,1,PCM_16,ok,
speech,Actor_17/03-01-02-02-02-01-17.wav,418216,5563de5ed78b77442e35cb713c408ce10a509dce81f3d10b65f6bc3bf773d1f0,17,2,calm,2,2,1,3,1,48000,184184,1,PCM_16,ok,
speech,Actor_17/03-01-02-02-02-02-17.wav,389388,3e0e0801bfaeef3bd851611f6b4b16321d94cda98cd8f6b7c61d0fc0915c3c83,17,2,calm,2,2,2,3,1,48000,169770,1,PCM_16,ok,
speech,Actor_17/03-01-03-01-01-01-17.wav,382982,a8ba4d925dabaa286577ad8cada0452c9d6d964a29a38ed8dec35d21f5b1fc21,17,3,happy,1,1,1,3,1,48000,166566,1,PCM_16,ok,
speech,Actor_17/03-01-03-01-01-02-17.wav,389390,3ce520d0766b853826b0b368c95beeb86950e5b200dba717441f89ab0a5f66d7,17,3,happy,1,1,2,3,1,48000,169770,1,PCM_16,ok,
speech,Actor_17/03-01-03-01-02-01-17.wav,382984,c6096eb2cceecb74d04e230092b442c41f8ca7922cd5e30970f8d365b63b9411,17,3,happy,1,2,1,3,1,48000,166567,1,PCM_16,ok,
speech,Actor_17/03-01-03-01-02-02-17.wav,389388,f101f53c904ef36f22e083d67b86fa570e8cc061224b2931f206a4acf735f6e4,17,3,happy,1,2,2,3,1,48000,169769,1,PCM_16,ok,
speech,Actor_17/03-01-03-02-01-01-17.wav,408606,8923224a59b61618e95106d6e4bd4790889bd87c5408342663cf6c1484ab021a,17,3,happy,2,1,1,3,1,48000,179379,1,PCM_16,ok,
speech,Actor_17/03-01-03-02-01-02-17.wav,443842,0aff9ee52a204fbfe6a9b69b5f4d95158966f543861f62c836290d1abb393282,17,3,happy,2,1,2,3,1,48000,196997,1,PCM_16,ok,
speech,Actor_17/03-01-03-02-02-01-17.wav,408608,a2fed704b92095cabd97c2c7ffa57f376e704bb2d8b041f673e0a8485329b89b,17,3,happy,2,2,1,3,1,48000,179379,1,PCM_16,ok,
speech,Actor_17/03-01-03-02-02-02-17.wav,415014,3d22d00fd53824cb3338c59a8fb7f564475467fe3332fae68bfffeb57659145b,17,3,happy,2,2,2,3,1,48000,182582,1,PCM_16,ok,
speech,Actor_17/03-01-04-01-01-01-17.wav,402112,d7e521d72e834c7c03c720bbef21ca13893f3b3972ccc9d6ee6daae24dc85f7d,17,4,sad,1,1,1,3,1,48000,176176,1,PCM_16,ok,
speech,Actor_17/03-01-04-01-01-02-17.wav,386176,08d7ab40b81b789be5f666741079faa0e1c8d43d5b95013aaec3d4dd2e681549,17,4,sad,1,1,2,3,1,48000,168168,1,PCM_16,ok,
speech,Actor_17/03-01-04-01-02-01-17.wav,392584,40e6b070942649a79b1cd9a2a8f992831823892916e79f0afe79509a84a959f7,17,4,sad,1,2,1,3,1,48000,171371,1,PCM_16,ok,
speech,Actor_17/03-01-04-01-02-02-17.wav,395788,28c6eebd8a5be4db110e067a917a9e5621aee8a1669f79301b37f73293dcf220,17,4,sad,1,2,2,3,1,48000,172973,1,PCM_16,ok,
speech,Actor_17/03-01-04-02-01-01-17.wav,402186,89d5a611786ed111b5aca5decb879756952776ca8f06c4e5ad0b875184ada49a,17,4,sad,2,1,1,3,1,48000,176176,1,PCM_16,ok,
speech,Actor_17/03-01-04-02-01-02-17.wav,405396,08d195438a079c428d15acb9247c665f763b1c0098f9e1b5f5fc1ec2228d36c7,17,4,sad,2,1,2,3,1,48000,177778,1,PCM_16,ok,
speech,Actor_17/03-01-04-02-02-01-17.wav,395786,57a5330bdcbf44146bff6997bcf9d4a00d77d6e832bb846cbd07501b299f913a,17,4,sad,2,2,1,3,1,48000,172973,1,PCM_16,ok,
speech,Actor_17/03-01-04-02-02-02-17.wav,392582,377db72d54d3e4e5b0d2f290c9721962548ccf0b6e1fe2398878ec42e01f1e08,17,4,sad,2,2,2,3,1,48000,171371,1,PCM_16,ok,
speech,Actor_17/03-01-05-01-01-01-17.wav,382974,41641e4de5768c362d77d1c92a6dda06e91a21c57f7cd6d466da09723332cbf1,17,5,angry,1,1,1,3,1,48000,166567,1,PCM_16,ok,
speech,Actor_17/03-01-05-01-01-02-17.wav,405396,72b23469085603c9d43cae1641dc8310232295a22c5c8ef5f45a6976c17c4c8e,17,5,angry,1,1,2,3,1,48000,177778,1,PCM_16,ok,
speech,Actor_17/03-01-05-01-02-01-17.wav,395786,92a0ef8775ddf3856a17971f2f3c7ec54a233ee5dd64c28e3db21b95950cf4f2,17,5,angry,1,2,1,3,1,48000,172973,1,PCM_16,ok,
speech,Actor_17/03-01-05-01-02-02-17.wav,389358,24a2e54f6716b240d6e025a93c05760987e56bac287b30a62c7b7ad6ff19980d,17,5,angry,1,2,2,3,1,48000,169770,1,PCM_16,ok,
speech,Actor_17/03-01-05-02-01-01-17.wav,386186,2c985ec0f06bb3a1c500731c4a57203263b6bb2ca2f0bd8b3278676935f22dcb,17,5,angry,2,1,1,3,1,48000,168168,1,PCM_16,ok,
speech,Actor_17/03-01-05-02-01-02-17.wav,408608,b4698107454fd6b8c49109863df4cb16e4b0d7c6e8bdf36596802e8156b16194,17,5,angry,2,1,2,3,1,48000,179379,1,PCM_16,ok,
speech,Actor_17/03-01-05-02-02-01-17.wav,398992,821ba0a08810f6c67b59f1acb7881560693349f291c777d27be0dae9172d799b,17,5,angry,2,2,1,3,1,48000,174575,1,PCM_16,ok,
speech,Actor_17/03-01-05-02-02-02-17.wav,415016,0036a235f55073a9bcedaa6e2197cfe8499bc57d1cc7a1e41c37176f4e01a2e1,17,5,angry,2,2,2,3,1,48000,182583,1,PCM_16,ok,
speech,Actor_17/03-01-06-01-01-01-17.wav,382982,676ca1aea95e2f5e860767ffc2646fa8c8aef40a09a68bafdf75f74652261281,17,6,fearful,1,1,1,3,1,48000,166566,1,PCM_16,ok,
speech,Actor_17/03-01-06-01-01-02-17.wav,386182,58a29dcadc1754df931d6439062d91d2682363810f5d3d2103cb1aa3a6f44bda,17,6,fearful,1,1,2,3,1,48000,168168,1,PCM_16,ok,
speech,Actor_17/03-01-06-01-02-01-17.wav,389390,0036d7fc2a3120b0b181326e4f48365da1ce310c9466acb8b255e28063f5b68b,17,6,fearful,1,2,1,3,1,48000,169770,1,PCM_16,ok,
speech,Actor_17/03-01-06-01-02-02-17.wav,398994,70372913e22494310fd9e443767cdaec51eb88c2686c7a20e3574facd5f89077,17,6,fearful,1,2,2,3,1,48000,174574,1,PCM_16,ok,
speech,Actor_17/03-01-06-02-01-01-17.wav,405404,7b68ff02c81e66817435756d8e278c46c2786868cc068fb289edf66df5435894,17,6,fearful,2,1,1,3,1,48000,177778,1,PCM_16,ok,
speech,Actor_17/03-01-06-02-01-02-17.wav,408608,17f04221a3d569bd1bdfc922dd38f0b9a6666c926ad80dfa17cd832e0a0a54a3,17,6,fearful,2,1,2,3,1,48000,179379,1,PCM_16,ok,
speech,Actor_17/03-01-06-02-02-01-17.wav,402196,0ee2a28ccf34de7551022b292e4c7682a2a745c2d773e12e59dcb1782d709da8,17,6,fearful,2,2,1,3,1,48000,176176,1,PCM_16,ok,
speech,Actor_17/03-01-06-02-02-02-17.wav,418214,e2339848c79b18f4318ce9e6120c8313bc7af08b196ebacf28113f3d9c580df2,17,6,fearful,2,2,2,3,1,48000,184184,1,PCM_16,ok,
speech,Actor_19/03-01-01-01-01-01-19.wav,371630,1a48046495796d742987711910f507e1c373b42d779b25f031285e27e5ee80ed,19,1,neutral,1,1,1,3,1,48000,161762,1,PCM_16,ok,
speech,Actor_19/03-01-01-01-01-02-19.wav,358822,31c3f173c3374a9116150e03b3cd0be176fef95e967f4cc1764003c88090e82d,19,1,neutral,1,1,2,3,1,48000,155355,1,PCM_16,ok,
speech,Actor_19/03-01-01-01-02-01-19.wav,368422,b743ac29ad4f8f10ec7089f6be91bc002a6835529469520daba877dc8202eae7,19,1,neutral,1,2,1,3,1,48000,160160,1,PCM_16,ok,
speech,Actor_19/03-01-01-01-02-02-19.wav,365218,64b0636f83bb766877d11345851b1eec6194dd28319c674d78413b8fb1e5543e,19,1,neutral,1,2,2,3,1,48000,158558,1,PCM_16,ok,
speech,Actor_19/03-01-02-01-01-01-19.wav,400464,169a3fefbf4d3f8a21baf13aecc3410feabef5788545957f2f7e44acb0e00a81,19,2,calm,1,1,1,3,1,48000,176176,1,PCM_16,ok,
speech,Actor_19/03-01-02-01-01-02-19.wav,400464,0cfa172574e3a443a7f291a7815169cff2b7c7159722bad0baf9e776812612b7,19,2,calm,1,1,2,3,1,48000,176176,1,PCM_16,ok,
speech,Actor_19/03-01-02-01-02-01-19.wav,368432,0a776deeeb6ada5fa3ec88b13d93d9d46f5e5119d9315e724264d3ebfd24d745,19,2,calm,1,2,1,3,1,48000,160160,1,PCM_16,ok,
speech,Actor_19/03-01-02-01-02-02-19.wav,381244,1e0b15e3b86295c068eb9fb7ee263bb4d3f859b975d50b31ae82f3a1684f2657,19,2,calm,1,2,2,3,1,48000,166566,1,PCM_16,ok,
speech,Actor_19/03-01-02-02-01-01-19.wav,477344,60ac6014eec6867cb61bbea727f3670e953dad2f98ed93a140ce0e933b1f1519,19,2,calm,2,1,1,3,1,48000,214615,1,PCM_16,ok,
speech,Actor_19/03-01-02-02-01-02-19.wav,435702,c22af90a9011941171d55e92a30b174ff08f93c2d6a1b6c344fdf4dac76ba959,19,2,calm,2,1,2,3,1,48000,193794,1,PCM_16,ok,
speech,Actor_19/03-01-02-02-02-01-19.wav,490152,7f8f07c231f7494190234ffd26b20cc48d2b5d46d62a84cc6c38639eb90b9216,19,2,calm,2,2,1,3,1,48000,221021,1,PCM_16,ok,
speech,Actor_19/03-01-02-02-02-02-19.wav,461324,8163e782791595d60722d66d51fd926c984e1cbb5be3912d90337fcf92bfae50,19,2,calm,2,2,2,3,1,48000,206606,1,PCM_16,ok,
speech,Actor_19/03-01-03-01-01-01-19.wav,397264,490ebea9bfcbf193abf2d0efea014f0a63f0bc35c15fa0f71a09c7d5d04a2576,19,3,happy,1,1,1,3,1,48000,174574,1,PCM_16,ok,
speech,Actor_19/03-01-03-01-01-02-19.wav,403672,72eab0ca91e2f034541dcb2cb8d185484e667dbf47337ebf8503c6a2fa01b9e8,19,3,happy,1,1,2,3,1,48000,177778,1,PCM_16,ok,
speech,Actor_19/03-01-03-01-02-01-19.wav,362030,2c720b1b1481b108b12398291ed506df53a4d4e9182232056704e83b92e5067d,19,3,happy,1,2,1,3,1,48000,156957,1,PCM_16,ok,
speech,Actor_19/03-01-03-01-02-02-19.wav,365234,4f791055809127864a14ece31c3592cafcbe32f3c2bcfab3abfbecd41c5119d0,19,3,happy,1,2,2,3,1,48000,158559,1,PCM_16,ok,
speech,Actor_19/03-01-03-02-01-01-19.wav,410078,67af0ba25a1e5a1822b70ab410ad68127fc8458274724f62a3af887dbbb481ad,19,3,happy,2,1,1,3,1,48000,180981,1,PCM_16,ok,
speech,Actor_19/03-01-03-02-01-02-19.wav,413280,10064f06110fdde813a2fe3a6ecfe29b866bbff0664190846fe700b7fd3dc490,19,3,happy,2,1,2,3,1,48000,182582,1,PCM_16,ok,
speech,Actor_19/03-01-03-02-02-01-19.wav,470938,b418540b65a8acee06b2d1df33874a0d189555ba62a68fdea53d173521c315db,19,3,happy,2,2,1,3,1,48000,211411,1,PCM_16,ok,
speech,Actor_19/03-01-03-02-02-02-19.wav,432500,fd919117099ecddb1b9ad75b65787f6a7d9c3ff1b0c1ac765cef4ff42578e0a2,19,3,happy,2,2,2,3,1,48000,192192,1,PCM_16,ok,
speech,Actor_19/03-01-04-01-01-01-19.wav,378050,153bf3788b3f3fcf3d3c1dbe58250a99a4d9519b4793f537778fefbd9a5c40f0,19,4,sad,1,1,1,3,1,48000,164965,1,PCM_16,ok,
speech,Actor_19/03-01-04-01-01-02-19.wav,400474,7f49fadebc087659e66ce609c049ecf1cb23bffbfbe1ef5959cde3ad7c993a7c,19,4,sad,1,1,2,3,1,48000,176176,1,PCM_16,ok,
speech,Actor_19/03-01-04-01-02-01-19.wav,352424,dc315e83fb1b18a3c24a5dc06a7863b3e913d8f9b2994895616b3f78114ec986,19,4,sad,1,2,1,3,1,48000,152152,1,PCM_16,ok,
speech,Actor_19/03-01-04-01-02-02-19.wav,400472,8e69c048e6126a5ba8009e5b55303dd6dcf68a77ac4ffc40118c1b080a16fb9f,19,4,sad,1,2,2,3,1,48000,176176,1,PCM_16,ok,
speech,Actor_19/03-01-04-02-01-01-19.wav,432506,a75e873faea7876990d74b3bfb01ce620d342a7ab8fad1a3f99a399bd43b230a,19,4,sad,2,1,1,3,1,48000,192192,1,PCM_16,ok,
speech,Actor_19/03-01-04-02-01-02-19.wav,403678,c846512bed3742d561acfbf157a3bc0a03324e0964e7f7b025652724ed1a38a7,19,4,sad,2,1,2,3,1,48000,177778,1,PCM_16,ok,
speech,Actor_19/03-01-04-02-02-01-19.wav,374850,8b6f52a4158fad40ab476b452e12adc77005f9a4642bf84d5ab3eb0b72623acb,19,4,sad,2,2,1,3,1,48000,163364,1,PCM_16,ok,
speech,Actor_19/03-01-04-02-02-02-19.wav,406882,fa6fd47f9662ac812666da8728190e002b9f93cca9b4485e5145739d79faa230,19,4,sad,2,2,2,3,1,48000,179380,1,PCM_16,ok,
speech,Actor_19/03-01-05-01-01-01-19.wav,409506,47f1536a1fa2b80db7b5e6d0fdfe2bd1b3ee513ddef14eeed043be9143ceef3f,19,5,angry,1,1,1,3,1,48000,180981,1,PCM_16,ok,
speech,Actor_19/03-01-05-01-01-02-19.wav,403672,85db14736e70c8a8d401f1c211bce90ebad8ab79aa8d7701335ec42c8fd0191c,19,5,angry,1,1,2,3,1,48000,177778,1,PCM_16,ok,
speech,Actor_19/03-01-05-01-02-01-19.wav,365242,96819187cf827122f7c5b09b4ae04d56447673011d7ee03a5617df3cadd5d7ec,19,5,angry,1,2,1,3,1,48000,158559,1,PCM_16,ok,
speech,Actor_19/03-01-05-01-02-02-19.wav,390866,02530790790b178b223db0ea6611c6b8b04d6ed52b1910b8135964cf5391f115,19,5,angry,1,2,2,3,1,48000,171371,1,PCM_16,ok,
speech,Actor_19/03-01-05-02-01-01-19.wav,429306,e74add0748b438da554adbfdf6b710beac62cec39776dd84272e0afd32232215,19,5,angry,2,1,1,3,1,48000,190591,1,PCM_16,ok,
speech,Actor_19/03-01-05-02-01-02-19.wav,509384,7ac73239a19df2403992ba48f18dd5760cfcca0adc963baf03a2eab8bee7a628,19,5,angry,2,1,2,3,1,48000,230630,1,PCM_16,ok,
speech,Actor_19/03-01-05-02-02-01-19.wav,464540,8a47fca71001158386d3f8dbbea21f0181370b024cb004b36b89c99d8fc328d2,19,5,angry,2,2,1,3,1,48000,208208,1,PCM_16,ok,
speech,Actor_19/03-01-05-02-02-02-19.wav,442118,2f9391d9462e29ea04c388fda0e4f7f4d76580ad34a4d31cc97822ec743208eb,19,5,angry,2,2,2,3,1,48000,196997,1,PCM_16,ok,
speech,Actor_19/03-01-06-01-01-01-19.wav,403598,f1ae6d9b2033fc14bf2c517434748a6fa9ceb3c3e5792529c46278a2713327e3,19,6,fearful,1,1,1,3,1,48000,177777,1,PCM_16,ok,
speech,Actor_19/03-01-06-01-01-02-19.wav,384454,b244b200ba6b457a4ec77c452a31c11cb70469e2a54adfe97024f155ec82a124,19,6,fearful,1,1,2,3,1,48000,168168,1,PCM_16,ok,
speech,Actor_19/03-01-06-01-02-01-19.wav,410086,1003d7604a3e2d55e7256a6eae1e81ab5f42c33a6fa32d0c4c653d1ef00d0c3e,19,6,fearful,1,2,1,3,1,48000,180981,1,PCM_16,ok,
speech,Actor_19/03-01-06-01-02-02-19.wav,387664,17307f74ff1dc9b602dd231258b4a3cfbb958fceeca7709876bf300e95090569,19,6,fearful,1,2,2,3,1,48000,169770,1,PCM_16,ok,
speech,Actor_19/03-01-06-02-01-01-19.wav,416490,95fcbc2adf3cae4520254b723f3cbf7b06657a7a8012e96420b49c2112794d39,19,6,fearful,2,1,1,3,1,48000,184184,1,PCM_16,ok,
speech,Actor_19/03-01-06-02-01-02-19.wav,467738,1b78c6b7829773bc02fa5e63d495d399e868a72d58af9260f0d6f50283bd4f34,19,6,fearful,2,1,2,3,1,48000,209809,1,PCM_16,ok,
speech,Actor_19/03-01-06-02-02-01-19.wav,390864,87e41f64c02209bba975d958e89a8f522e812ed9170e3e5ec26c6c2a13aa3460,19,6,fearful,2,2,1,3,1,48000,171371,1,PCM_16,ok,
speech,Actor_19/03-01-06-02-02-02-19.wav,435708,83513599cda4bbae772d8a84b3d008870f13798b29544a674b3eae9bb4775032,19,6,fearful,2,2,2,3,1,48000,193793,1,PCM_16,ok,
speech,Actor_20/03-01-01-01-01-01-20.wav,393062,194c2fd915fac5a42d23a677862eecccf103cf0d669ecec609506ac1cc3446c8,20,1,neutral,1,1,1,3,1,48000,166566,1,PCM_16,ok,
speech,Actor_20/03-01-01-01-01-02-20.wav,402686,e4bf1bd9ba48a597d8d2d94885ff7220fe293efee8f26f09673730ccf28b8022,20,1,neutral,1,1,2,3,1,48000,171371,1,PCM_16,ok,
speech,Actor_20/03-01-01-01-02-01-20.wav,389658,efce2e813ef8b0d481c8de7133eeb6ac9ae64faa656dff729837d9e2186ecc08,20,1,neutral,1,2,1,3,1,48000,164965,1,PCM_16,ok,
speech,Actor_20/03-01-01-01-02-02-20.wav,399470,49f64400cb1b296b7e083d062536029beaec79f57eabf9bae8a3a4f49a2aa585,20,1,neutral,1,2,2,3,1,48000,169770,1,PCM_16,ok,
speech,Actor_20/03-01-02-01-01-01-20.wav,409104,9551581455244ec668d485e35dfcbe4fd69ad8ba9f775cc6f18ecd4aa4357cad,20,2,calm,1,1,1,3,1,48000,174574,1,PCM_16,ok,
speech,Actor_20/03-01-02-01-01-02-20.wav,402702,1a1dc56a11f235ccf3598f91ef658d55b3ced40164a96ff94b48154e82a49383,20,2,calm,1,1,2,3,1,48000,171371,1,PCM_16,ok,
speech,Actor_20/03-01-02-01-02-01-20.wav,380284,5832ed43760f9ffdf2253f2087324717ad92dad9594cdf1bd98ab48ca433f781,20,2,calm,1,2,1,3,1,48000,160160,1,PCM_16,ok,
speech,Actor_20/03-01-02-01-02-02-20.wav,396192,b2c7fcf596d563bd97400c0195c8d6a36f4671adee3e4086954817241873da3a,20,2,calm,1,2,2,3,1,48000,168168,1,PCM_16,ok,
speech,Actor_20/03-01-02-02-01-01-20.wav,431532,4285a057fcb59f938460e261d788b8de285b850a646d80743bf7a9bf966d01f8,20,2,calm,2,1,1,3,1,48000,185786,1,PCM_16,ok,
speech,Actor_20/03-01-02-02-01-02-20.wav,450752,3b750aab49e9de522b1ea4d846c0d5dc42cc7911358311fcda07276f68c7e683,20,2,calm,2,1,2,3,1,48000,195396,1,PCM_16,ok,
speech,Actor_20/03-01-02-02-02-01-20.wav,409108,320bb5188c0a250d565c1588f853650bfa1c02e033279599a936e756d390110e,20,2,calm,2,2,1,3,1,48000,174574,1,PCM_16,ok,
speech,Actor_20/03-01-02-02-02-02-20.wav,409110,70a5ddfb41d31f4781e3e586fcff25fb008cbd6797aaaff2dfb81678f46d2f01,20,2,calm,2,2,2,3,1,48000,174575,1,PCM_16,ok,
speech,Actor_20/03-01-03-01-01-01-20.wav,399490,30abc5a2592cf15e0181a2b8bcc04f154cd83159c10e2da22bdf6782428bd8b3,20,3,happy,1,1,1,3,1,48000,169770,1,PCM_16,ok,
speech,Actor_20/03-01-03-01-01-02-20.wav,415514,8a550dfb8e447be4b988bc241f00c127c1c84a14ad5a4734ecbd939545f44090,20,3,happy,1,1,2,3,1,48000,177777,1,PCM_16,ok,
speech,Actor_20/03-01-03-01-02-01-20.wav,725050,e2310ae83d95638dc000812bb7de0e021a9cdf56f1e0909e0ad53c0d35b1661c,20,3,happy,1,2,1,3,1,48000,166566,2,PCM_16,ok,
speech,Actor_20/03-01-03-01-02-02-20.wav,386686,f34fbecb3648315c388be51565f516b867decd645ad33b11a169d89d15eb93c4,20,3,happy,1,2,2,3,1,48000,163363,1,PCM_16,ok,
speech,Actor_20/03-01-03-02-01-01-20.wav,412316,d275a3436628aecedcc47eceb80888191001964e33de161234eb0d990dff88e4,20,3,happy,2,1,1,3,1,48000,176176,1,PCM_16,ok,
speech,Actor_20/03-01-03-02-01-02-20.wav,473176,10a986de6fe65d20049f470f7029ca6f5a5e3767b3476c36f48113c7af3fce7f,20,3,happy,2,1,2,3,1,48000,206606,1,PCM_16,ok,
speech,Actor_20/03-01-03-02-02-01-20.wav,402704,3fd275357744ec3b034ed2abef007524741b3bac7794feb819ef21e24e751bd7,20,3,happy,2,2,1,3,1,48000,171372,1,PCM_16,ok,
speech,Actor_20/03-01-03-02-02-02-20.wav,415520,63014a9898579422fc0c32197eaf9c5fed576a620c85335201b082aa1aa66f95,20,3,happy,2,2,2,3,1,48000,177778,1,PCM_16,ok,
speech,Actor_20/03-01-04-01-01-01-20.wav,405892,a312435b813a844b2eeb4ecf28bc523cf776eb125a7752f9ffc9c5549e97a4bc,20,4,sad,1,1,1,3,1,48000,172972,1,PCM_16,ok,
speech,Actor_20/03-01-04-01-01-02-20.wav,396284,062286670590b77290854063e033b24a6c727b99446563dae369fd1133022817,20,4,sad,1,1,2,3,1,48000,168168,1,PCM_16,ok,
speech,Actor_20/03-01-04-01-02-01-20.wav,393080,37d43c062451aa70c1dd377f58d0c7237cdb42b63599b1c18db30f2de2805012,20,4,sad,1,2,1,3,1,48000,166566,1,PCM_16,ok,
speech,Actor_20/03-01-04-01-02-02-20.wav,383472,819f58b2a985ce676e8d3460a71a22ba5e228269512e4126076e3362e00bcd97,20,4,sad,1,2,2,3,1,48000,161762,1,PCM_16,ok,
speech,Actor_20/03-01-04-02-01-01-20.wav,421910,65ebcba7b2ffc16998af7a3624e83319a51d5bb6d8c2d36fb1d248e968f5776b,20,4,sad,2,1,1,3,1,48000,180981,1,PCM_16,ok,
speech,Actor_20/03-01-04-02-01-02-20.wav,466754,f8fdec5f4b0f9e6b0c8eab87f0f802579a1ff93f398247a7dca52930e3b8b4f3,20,4,sad,2,1,2,3,1,48000,203403,1,PCM_16,ok,
speech,Actor_20/03-01-04-02-02-01-20.wav,425114,9ee8f086a65cd26abcbe168344de823b60c0b47c0ee6e62b87b35067aef6d3c1,20,4,sad,2,2,1,3,1,48000,182583,1,PCM_16,ok,
speech,Actor_20/03-01-04-02-02-02-20.wav,441128,88abc6110e246e547b1f868454e9b31fb64ecf1e02aa481fea872da9312a47c7,20,4,sad,2,2,2,3,1,48000,190590,1,PCM_16,ok,
speech,Actor_20/03-01-05-01-01-01-20.wav,370656,4d76b3752ee3089db2e55a1b89975e357d917a6c64b2744f68f6fc581a5133f8,20,5,angry,1,1,1,3,1,48000,155356,1,PCM_16,ok,
speech,Actor_20/03-01-05-01-01-02-20.wav,418702,5d1e2a445ee6f37937cdecc9b809043d076ec409f1fe71619ebac0fe2ac3f585,20,5,angry,1,1,2,3,1,48000,179379,1,PCM_16,ok,
speech,Actor_20/03-01-05-01-02-01-20.wav,412284,7402fc83bd29aae02d537ebf81d8a4753b718a456e888a3e30c912a62e21a5aa,20,5,angry,1,2,1,3,1,48000,176176,1,PCM_16,ok,
speech,Actor_20/03-01-05-01-02-02-20.wav,425104,9ae5a72170cfbffe41b782fd0dd7269a9893d43755404aba16b8d65e4e6d7ced,20,5,angry,1,2,2,3,1,48000,182582,1,PCM_16,ok,
speech,Actor_20/03-01-05-02-01-01-20.wav,457142,32fef0394876431ef8810bde1da458ca5af521a3b42bf199792d294a47e8350a,20,5,angry,2,1,1,3,1,48000,198599,1,PCM_16,ok,
speech,Actor_20/03-01-05-02-01-02-20.wav,450734,2d143dfef22c8b34fbf325124bd98393950cb3bcfa02009881af632081d6142a,20,5,angry,2,1,2,3,1,48000,195395,1,PCM_16,ok,
speech,Actor_20/03-01-05-02-02-01-20.wav,482768,d56711d8084d65beac504cc1b05d246735aa64ab4c9026b39e2b56318269edc1,20,5,angry,2,2,1,3,1,48000,211412,1,PCM_16,ok,
speech,Actor_20/03-01-05-02-02-02-20.wav,399482,04371bd1a68e49a88699c1217c5182b05c68c39ccf99a09137088a40faa1736b,20,5,angry,2,2,2,3,1,48000,169769,1,PCM_16,ok,
speech,Actor_20/03-01-06-01-01-01-20.wav,425128,2c9c3460b320c6ea324a2322b5fe614cf7415a681b4936675689454ccc4dcf47,20,6,fearful,1,1,1,3,1,48000,182583,1,PCM_16,ok,
speech,Actor_20/03-01-06-01-01-02-20.wav,899200,51c1abccac478833047d210ae6bd83a8aa8e849ce27b86bea4d0454af5757841,20,6,fearful,1,1,2,3,1,48000,209809,2,PCM_16,ok,
speech,Actor_20/03-01-06-01-02-01-20.wav,437922,06ccbc7e8f98aee51b5c565f321e640f997371b2ad961742805e38a977c43f76,20,6,fearful,1,2,1,3,1,48000,188989,1,PCM_16,ok,
speech,Actor_20/03-01-06-01-02-02-20.wav,377066,bda48f487f571a78ba531c523ce6e0a690182341d1cf4f835fd7bf1431cc9eab,20,6,fearful,1,2,2,3,1,48000,158558,1,PCM_16,ok,
speech,Actor_20/03-01-06-02-01-01-20.wav,466768,55d8df431a462f22284ff9eb48523c6dc506d1673f5db3bea346c14c59e64530,20,6,fearful,2,1,1,3,1,48000,203403,1,PCM_16,ok,
speech,Actor_20/03-01-06-02-01-02-20.wav,460362,cd7affaa746ccde7327be8e5d064b68ef391dab4a1a4d2a2381c694e54d4ad6c,20,6,fearful,2,1,2,3,1,48000,200200,1,PCM_16,ok,
speech,Actor_20/03-01-06-02-02-01-20.wav,430388,4d1b6f6df6386d384a5a3bc443d4bace706d10dc88bd89224a73f0f25e9e7738,20,6,fearful,2,2,1,3,1,48000,185786,1,PCM_16,ok,
speech,Actor_20/03-01-06-02-02-02-20.wav,434738,1ff586d0ac834722ffc19a418870bbfca6000415da88ad39df79fe2140fc266c,20,6,fearful,2,2,2,3,1,48000,187388,1,PCM_16,ok,
speech,Actor_21/03-01-01-01-01-01-21.wav,427648,7664a2b9211563cdc510f6278f4009acf66fcb9e79d0969844df3692b2805301,21,1,neutral,1,1,1,3,1,48000,184184,1,PCM_16,ok,
speech,Actor_21/03-01-01-01-01-02-21.wav,440474,b23484b07af7dde7de4b6ba3460eb0c16f875d2a277c6b3817cb90d2c97d0a37,21,1,neutral,1,1,2,3,1,48000,190590,1,PCM_16,ok,
speech,Actor_21/03-01-01-01-02-01-21.wav,405024,693fa91f61ed0e886daf77d74727abfc95d13b908bafbc60b77510a075cb2f6c,21,1,neutral,1,2,1,3,1,48000,172973,1,PCM_16,ok,
speech,Actor_21/03-01-01-01-02-02-21.wav,411632,14fc1e4cef25e534f947829251b932e21eaf800c44a1a400a14d16dc5b1b8c44,21,1,neutral,1,2,2,3,1,48000,176176,1,PCM_16,ok,
speech,Actor_21/03-01-02-01-01-01-21.wav,446874,ad579e6ced67017865be9eddaa1423469cdbbc6f70b3b254a262a2bc64563581,21,2,calm,1,1,1,3,1,48000,193794,1,PCM_16,ok,
speech,Actor_21/03-01-02-01-01-02-21.wav,443674,b09bbe4ad33caa391602721a16bffca2be8798ee4af02b6a5d90d08af308a908,21,2,calm,1,1,2,3,1,48000,192192,1,PCM_16,ok,
speech,Actor_21/03-01-02-01-02-01-21.wav,424460,1fa078517608433fe49847c70510b6583c689af310c092665a5b6c84f583a112,21,2,calm,1,2,1,3,1,48000,182583,1,PCM_16,ok,
speech,Actor_21/03-01-02-01-02-02-21.wav,450072,23fe86131be5047ddab6af220deca722040f4dc7a4888da5f6c4a55077cd72d0,21,2,calm,1,2,2,3,1,48000,195395,1,PCM_16,ok,
speech,Actor_21/03-01-02-02-01-01-21.wav,443674,69bb9494002c94706d4175d958d13a0243dcf4edccfd22f5935dae10b380f6a5,21,2,calm,2,1,1,3,1,48000,192192,1,PCM_16,ok,
speech,Actor_21/03-01-02-02-01-02-21.wav,459690,547fbe9cca22854f75feeb915b7218f1adc959be9c1b89f3709b702628a4bc7a,21,2,calm,2,1,2,3,1,48000,200200,1,PCM_16,ok,
speech,Actor_21/03-01-02-02-02-01-21.wav,456482,b648c3e609c02304401000f59a42e110c0750091c0fb101fffb5228b0c8fa05f,21,2,calm,2,2,1,3,1,48000,198599,1,PCM_16,ok,
speech,Actor_21/03-01-02-02-02-02-21.wav,440470,ca44508b66b0631da143e38aefb1bdb34939e624f94c9e63688a2fcb805dd779,21,2,calm,2,2,2,3,1,48000,190590,1,PCM_16,ok,
speech,Actor_21/03-01-03-01-01-01-21.wav,427658,f19f8fcbb04f1b3d7141c85dde2079e814894947e9fea43ffa981f7730da0e81,21,3,happy,1,1,1,3,1,48000,184184,1,PCM_16,ok,
speech,Actor_21/03-01-03-01-01-02-21.wav,424454,324904ac04c624603040e39a9490bb1c55c51a7e5bbe72b7890710800f0c3db8,21,3,happy,1,1,2,3,1,48000,182582,1,PCM_16,ok,
speech,Actor_21/03-01-03-01-02-01-21.wav,414846,ada6fa1ea9d9be5ff06689849f40ffc711386e23ffbf515a75108a2995542282,21,3,happy,1,2,1,3,1,48000,177778,1,PCM_16,ok,
speech,Actor_21/03-01-03-01-02-02-21.wav,427658,fd3e52b910e92ae7d1b8cddd9278cd8a8ffc7711d79ecf86f35c3d2927ce723b,21,3,happy,1,2,2,3,1,48000,184184,1,PCM_16,ok,
speech,Actor_21/03-01-03-02-01-01-21.wav,424454,c9597243b6934034f727c1806e342e3529c8d28b6f00e7eec81f1c232dab9821,21,3,happy,2,1,1,3,1,48000,182582,1,PCM_16,ok,
speech,Actor_21/03-01-03-02-01-02-21.wav,437268,071411f5a344b59200718394b61f6922aaa0f2536e16b5c3ffc1d1ab6dd8f809,21,3,happy,2,1,2,3,1,48000,188989,1,PCM_16,ok,
speech,Actor_21/03-01-03-02-02-01-21.wav,411642,048140d369c3d01720e19fb252f1c0fede62e63a2d5768b0504292966b2048db,21,3,happy,2,2,1,3,1,48000,176176,1,PCM_16,ok,
speech,Actor_21/03-01-03-02-02-02-21.wav,424454,687f8f9b31333489457ac2a3a71b4cd0034a2c810f58b5b7bca27f79a594541e,21,3,happy,2,2,2,3,1,48000,182582,1,PCM_16,ok,
speech,Actor_21/03-01-04-01-01-01-21.wav,472516,e87b07d44c4b421ee488bcb895946cbdc396ef0279427b52f96d846b8ce16d42,21,4,sad,1,1,1,3,1,48000,206606,1,PCM_16,ok,
speech,Actor_21/03-01-04-01-01-02-21.wav,501346,9947b1ace05b4d74c6c42c63bf4a2a15fa5ca8479a7eafe08d182b82b0936037,21,4,sad,1,1,2,3,1,48000,221021,1,PCM_16,ok,
speech,Actor_21/03-01-04-01-02-01-21.wav,450096,c384c35794cd3c4c1c5cbab206c9174f31dc4e13f8562dbc4ad44e9cfdd3b1ae,21,4,sad,1,2,1,3,1,48000,195396,1,PCM_16,ok,
speech,Actor_21/03-01-04-01-02-02-21.wav,462906,a775f7193d8ca596d17fca2d9fd0d66f46484c6d4caeab29f2c4bd495b172b58,21,4,sad,1,2,2,3,1,48000,201801,1,PCM_16,ok,
speech,Actor_21/03-01-04-02-01-01-21.wav,459706,872baf73dc7245f19b91db58fb39d9fc741d13ad3567e04ed1ca72d1597a92ac,21,4,sad,2,1,1,3,1,48000,200200,1,PCM_16,ok,
speech,Actor_21/03-01-04-02-01-02-21.wav,469314,284c6782818516b4990e54c12e74357991def5ac03e1e5a07b81e7636379f00a,21,4,sad,2,1,2,3,1,48000,205004,1,PCM_16,ok,
speech,Actor_21/03-01-04-02-02-01-21.wav,469314,a910d66ce2925e33f640edd7e0d733e1a0d77017f87bd4937d1550c75388e457,21,4,sad,2,2,1,3,1,48000,205005,1,PCM_16,ok,
speech,Actor_21/03-01-04-02-02-02-21.wav,456502,655eb818cbe2a15e29639ba1a07aee652d5962d70b8599054a07f939826b8e81,21,4,sad,2,2,2,3,1,48000,198599,1,PCM_16,ok,
speech,Actor_21/03-01-05-01-01-01-21.wav,456508,e6123a6014fbb5f4566f2bd2928afdebb421c595897a87e79c31267244342d87,21,5,angry,1,1,1,3,1,48000,198599,1,PCM_16,ok,
speech,Actor_21/03-01-05-01-01-02-21.wav,443694,b5ebf8dd6c23a849f4776bba2030972ae259053a6e8f16a6a079eb7154069463,21,5,angry,1,1,2,3,1,48000,192192,1,PCM_16,ok,
speech,Actor_21/03-01-05-01-02-01-21.wav,450096,644e5a066e93a1724b67db06d1382dc55f0d8bd1efcbe0350476b203711ca9f2,21,5,angry,1,2,1,3,1,48000,195395,1,PCM_16,ok,
speech,Actor_21/03-01-05-01-02-02-21.wav,437284,fd3a6afff5852428340b497f424ffda9d3b36e793fe2862b9e07d93ff15e694f,21,5,angry,1,2,2,3,1,48000,188989,1,PCM_16,ok,
speech,Actor_21/03-01-05-02-01-01-21.wav,478926,5b3fb1fead9251571c3118da806c56bb51d902758bfb5cc9073bd975cbaa9c60,21,5,angry,2,1,1,3,1,48000,209810,1,PCM_16,ok,
speech,Actor_21/03-01-05-02-01-02-21.wav,488538,b810e87d645416a3c09dc4aba8bd0d31a129969c9fbc1af51db17881d6c1daf8,21,5,angry,2,1,2,3,1,48000,214614,1,PCM_16,ok,
speech,Actor_21/03-01-05-02-02-01-21.wav,453302,c6832f9c887e1d66bd0a262398cd5f776b36db6b8029bc2504370bb0fa06fd4f,21,5,angry,2,2,1,3,1,48000,196996,1,PCM_16,ok,
speech,Actor_21/03-01-05-02-02-02-21.wav,466112,26512c98359a74aea329e36d8f694297b99d5ba973b4c2826c60e07ca9b85135,21,5,angry,2,2,2,3,1,48000,203403,1,PCM_16,ok,
speech,Actor_21/03-01-06-01-01-01-21.wav,411674,40306bd531ddf32f7274aa3ee5702dc67742eae94e9465590893e02162ad1991,21,6,fearful,1,1,1,3,1,48000,176176,1,PCM_16,ok,
speech,Actor_21/03-01-06-01-01-02-21.wav,421282,33d7433dc3eef6ad66a7d977fb6c45e8d9c56ef15a5842c74db7288edee41743,21,6,fearful,1,1,2,3,1,48000,180980,1,PCM_16,ok,
speech,Actor_21/03-01-06-01-02-01-21.wav,440502,d880929119a1c9e31f036f5b5bc5ef0a53fd37ce53685b0510da491235446fb6,21,6,fearful,1,2,1,3,1,48000,190590,1,PCM_16,ok,
speech,Actor_21/03-01-06-01-02-02-21.wav,450106,4b984581ef079e62ec351f8a2806c73f7ea56a5c89fd3631f0813e0a50f3bf4c,21,6,fearful,1,2,2,3,1,48000,195395,1,PCM_16,ok,
speech,Actor_21/03-01-06-02-01-01-21.wav,440498,56bee2f05ef2df2d2b7a8d28591542e97c80bed5c181fe1fc895cae0edcb630f,21,6,fearful,2,1,1,3,1,48000,190590,1,PCM_16,ok,
speech,Actor_21/03-01-06-02-01-02-21.wav,427686,96d9acb4888072731aade2df0d50f30334a542f65983e99e2d9e267465cbee56,21,6,fearful,2,1,2,3,1,48000,184184,1,PCM_16,ok,
speech,Actor_21/03-01-06-02-02-01-21.wav,421276,a2578c80e9e819393789eab446c08361b7ad7877f8db79784764bdc1ae309309,21,6,fearful,2,2,1,3,1,48000,180981,1,PCM_16,ok,
speech,Actor_21/03-01-06-02-02-02-21.wav,408462,87efff4990bc792eedd60b6631fbde12c5b58c1968ffc3c7fc8f837fa815a30c,21,6,fearful,2,2,2,3,1,48000,174574,1,PCM_16,ok,
speech,Actor_22/03-01-01-01-01-01-22.wav,407592,4ef4db5b01fee8657bf0f32433795ace8db2a55424f29648ca47fd530b1e6861,22,1,neutral,1,1,1,3,1,48000,174575,1,PCM_16,ok,
speech,Actor_22/03-01-01-01-01-02-22.wav,388386,6fa0eaac4d28b53f3b7d94c96f42923cd4d01e2b7c03315451aa73a1648745d2,22,1,neutral,1,1,2,3,1,48000,164965,1,PCM_16,ok,
speech,Actor_22/03-01-01-01-02-01-22.wav,404180,e9b74734112cd7a33e7c76744ec640a69e1e6724edcf76267113a98ca93b209b,22,1,neutral,1,2,1,3,1,48000,172972,1,PCM_16,ok,
speech,Actor_22/03-01-01-01-02-02-22.wav,397980,aec5d2addc05f0e0fa162a047d262194cad13658d42d8016bc54a0f5c295a4f0,22,1,neutral,1,2,2,3,1,48000,169769,1,PCM_16,ok,
speech,Actor_22/03-01-02-01-01-01-22.wav,397994,8dadc949860f9ffbea95fd647db676d9ae36c8b0d740af7810a9135ce5a3c43a,22,2,calm,1,1,1,3,1,48000,169769,1,PCM_16,ok,
speech,Actor_22/03-01-02-01-01-02-22.wav,400048,05f13870838c352ae1f8fe42dfac049eb9ad6cbf23c84aaa2f6e8eccf8c8ecfd,22,2,calm,1,1,2,3,1,48000,171371,1,PCM_16,ok,
speech,Actor_22/03-01-02-01-02-01-22.wav,401198,b48d0de9bd84c777e956a1964e50009bd9625a278f8aefb002925f8a4e47fff7,22,2,calm,1,2,1,3,1,48000,171371,1,PCM_16,ok,
speech,Actor_22/03-01-02-01-02-02-22.wav,397996,af8f932c56db03eb93bcb280e0acd9bccadb77151b12ee46d849477417b6a31c,22,2,calm,1,2,2,3,1,48000,169770,1,PCM_16,ok,
speech,Actor_22/03-01-02-02-01-01-22.wav,414012,a3ec69f72d50a511a7fbf406e817358a6805120b7a97f29abfddc90e384787ad,22,2,calm,2,1,1,3,1,48000,177778,1,PCM_16,ok,
speech,Actor_22/03-01-02-02-01-02-22.wav,426824,e0d9c49f6622cbf0815f5da4f64da727039ed8db3867bcca27c95b775a398dbb,22,2,calm,2,1,2,3,1,48000,184184,1,PCM_16,ok,
speech,Actor_22/03-01-02-02-02-01-22.wav,407604,3dc6b6d5ba3516828eda4a48c16607f69a4c6ebc1fd5e415afa255add169aaf9,22,2,calm,2,2,1,3,1,48000,174574,1,PCM_16,ok,
speech,Actor_22/03-01-02-02-02-02-22.wav,420418,a66dfcd82f40bd0da115029ff8e86bb372cfae1f9c3ea15f7f8f19b761fdbd92,22,2,calm,2,2,2,3,1,48000,180981,1,PCM_16,ok,
speech,Actor_22/03-01-03-01-01-01-22.wav,397996,d557815859b55e0d581e1fdac7c822eed297f69719dbc1a12a4935e9a7dfa0ac,22,3,happy,1,1,1,3,1,48000,169770,1,PCM_16,ok,
speech,Actor_22/03-01-03-01-01-02-22.wav,388386,dbbd6ca68f107eeefb8fedaea6545e9396eee7082fb793f164c143393fb86189,22,3,happy,1,1,2,3,1,48000,164965,1,PCM_16,ok,
speech,Actor_22/03-01-03-01-02-01-22.wav,394792,5ba1e1f2bfd3da3e5bab86fcbc2bb5f93677858906035129fd5ee37032f8b78a,22,3,happy,1,2,1,3,1,48000,168168,1,PCM_16,ok,
speech,Actor_22/03-01-03-01-02-02-22.wav,394790,7b154ceb413a5d342decbd9af21a542d38f61b1ca780333c23636dc644c117fe,22,3,happy,1,2,2,3,1,48000,168168,1,PCM_16,ok,
speech,Actor_22/03-01-03-02-01-01-22.wav,417216,f7881acb5360ed88d66a0418c7e7ca58a2edc5c3f45cb194e5d501d02da24e76,22,3,happy,2,1,1,3,1,48000,179380,1,PCM_16,ok,
speech,Actor_22/03-01-03-02-01-02-22.wav,426812,ac2449d475be4b7b4f4dbace4c923daa0bddab90c9b36a596f7ae8aad9801132,22,3,happy,2,1,2,3,1,48000,184184,1,PCM_16,ok,
speech,Actor_22/03-01-03-02-02-01-22.wav,410808,6cae0071f75c254d5723857ee6d383be27948c2d33dddd7c29f2fd4128320a0d,22,3,happy,2,2,1,3,1,48000,176176,1,PCM_16,ok,
speech,Actor_22/03-01-03-02-02-02-22.wav,436434,0f0c4fcc37d63c907b93559a8113ae02f3341c23ef0b8dc3fa60084cd76f3582,22,3,happy,2,2,2,3,1,48000,188989,1,PCM_16,ok,
speech,Actor_22/03-01-04-01-01-01-22.wav,404416,8772107539aa3b56730a27290230c48ff5660b2f4931dc7e502c43c7bdc209de,22,4,sad,1,1,1,3,1,48000,172973,1,PCM_16,ok,
speech,Actor_22/03-01-04-01-01-02-22.wav,414026,38772956cff2286c309171264cce34ba5b1a3d540b4718df7f064905ebb56239,22,4,sad,1,1,2,3,1,48000,177778,1,PCM_16,ok,
speech,Actor_22/03-01-04-01-02-01-22.wav,410818,1b671b94ae1d869570def571aef29c891dd2d9b08eb8b9d025070a83c0cc35bf,22,4,sad,1,2,1,3,1,48000,176176,1,PCM_16,ok,
speech,Actor_22/03-01-04-01-02-02-22.wav,414022,894dec495da43a51498744b98bb34962d915f2be378693c81e9ecb149197c644,22,4,sad,1,2,2,3,1,48000,177778,1,PCM_16,ok,
speech,Actor_22/03-01-04-02-01-01-22.wav,417228,9c91feeefce84f9d4e9bdf67d3a3fc7a3e17e4542c63cc872f4be6342220f13d,22,4,sad,2,1,1,3,1,48000,179379,1,PCM_16,ok,
speech,Actor_22/03-01-04-02-01-02-22.wav,407620,fc2fe17f453b293587094524c6a341d2939d6971792b20dfae680d1530a9ab6b,22,4,sad,2,1,2,3,1,48000,174575,1,PCM_16,ok,
speech,Actor_22/03-01-04-02-02-01-22.wav,417230,1123b4dabe4316340df4a9cb24debdd860e6d66c367f5fa338664abac49d0bfa,22,4,sad,2,2,1,3,1,48000,179380,1,PCM_16,ok,
speech,Actor_22/03-01-04-02-02-02-22.wav,426838,24d9b2c2840a054ca8d0d565631087a4d47bd05e114e747be78f6bee781bc84f,22,4,sad,2,2,2,3,1,48000,184184,1,PCM_16,ok,
speech,Actor_22/03-01-05-01-01-01-22.wav,414028,f60cab81ab6dd85aa284cb6d37843102489ecbca7b01ea51377b0d6793d6c27f,22,5,angry,1,1,1,3,1,48000,177778,1,PCM_16,ok,
speech,Actor_22/03-01-05-01-01-02-22.wav,417230,b8abe63a013401aa33c5f88bdd55d188d0173e7a8ccb1f7b51f89c6e646d2ee0,22,5,angry,1,1,2,3,1,48000,179379,1,PCM_16,ok,
speech,Actor_22/03-01-05-01-02-01-22.wav,430038,fba6770bcaf142ef0f60024aa032ced1be393d2eb7f45336688183c16edf100b,22,5,angry,1,2,1,3,1,48000,185785,1,PCM_16,ok,
speech,Actor_22/03-01-05-01-02-02-22.wav,446056,36d1d02dec087eeeb410966a372c0a582f43be2b2d829b6cac7ac52b44ba1dbe,22,5,angry,1,2,2,3,1,48000,193793,1,PCM_16,ok,
speech,Actor_22/03-01-05-02-01-01-22.wav,430044,ecf1c560702151d4bae5403d4ef0b1dfdf9b34ef28cb554e756086ee045bb246,22,5,angry,2,1,1,3,1,48000,185786,1,PCM_16,ok,
speech,Actor_22/03-01-05-02-01-02-22.wav,433246,b4440e8ffc2381816a0d1aea16ff50fd9fe0c44f29345d6d8ef5ba6375e65490,22,5,angry,2,1,2,3,1,48000,187387,1,PCM_16,ok,
speech,Actor_22/03-01-05-02-02-01-22.wav,465280,fa31c11e5e0eae396b348773c1c3a3112f4ad09fde2f204b4a1b680dd8b58457,22,5,angry,2,2,1,3,1,48000,203404,1,PCM_16,ok,
speech,Actor_22/03-01-05-02-02-02-22.wav,462076,3d84f7f3a5f9700dd6056070bdcf7636fc277c31d17b061be83e9ac2d6e34645,22,5,angry,2,2,2,3,1,48000,201802,1,PCM_16,ok,
speech,Actor_22/03-01-06-01-01-01-22.wav,401216,2b1115397c0301d93faf756c7011d5301375fae8319eeb5b95850ad7f1773f97,22,6,fearful,1,1,1,3,1,48000,171372,1,PCM_16,ok,
speech,Actor_22/03-01-06-01-01-02-22.wav,404418,6f0881124a32c11523694fddf87f65e7eeab94330bf00dd73c79a15261e0ddae,22,6,fearful,1,1,2,3,1,48000,172973,1,PCM_16,ok,
speech,Actor_22/03-01-06-01-02-01-22.wav,410824,6cd150b27338e2e488faa9389cba44d18a29145dd921db9931362ac43e8e1e82,22,6,fearful,1,2,1,3,1,48000,176176,1,PCM_16,ok,
speech,Actor_22/03-01-06-01-02-02-22.wav,398012,8f4263979ec9d43b7977fc4ae82b65a45e5436c3293bd29449b77ffb212d6f2f,22,6,fearful,1,2,2,3,1,48000,169770,1,PCM_16,ok,
speech,Actor_22/03-01-06-02-01-01-22.wav,401214,fce9a27fed952a1d0a7ff48112714485374b273062f1014c22150cebc81e5bb4,22,6,fearful,2,1,1,3,1,48000,171371,1,PCM_16,ok,
speech,Actor_22/03-01-06-02-01-02-22.wav,401202,2c103a27e0c4c45763fec4b95f3b1414c53de250566fa366fb7957735e21485a,22,6,fearful,2,1,2,3,1,48000,171371,1,PCM_16,ok,
speech,Actor_22/03-01-06-02-02-01-22.wav,410824,ccd5a069ea769034b73cbafcf1711ba0b3b9f9a1284d093b9873723b5d0bfdb2,22,6,fearful,2,2,1,3,1,48000,176176,1,PCM_16,ok,
speech,Actor_22/03-01-06-02-02-02-22.wav,404418,4209477f744d05859b28c17650d196cfde659d38fac26f61dc5be1e219cfe7d8,22,6,fearful,2,2,2,3,1,48000,172973,1,PCM_16,ok,
speech,Actor_23/03-01-01-01-01-01-23.wav,422306,3419a82ee791d5b4d44f93f9f638d47182ace67fb68ced6764f8952716b46f3d,23,1,neutral,1,1,1,3,1,48000,182582,1,PCM_16,ok,
speech,Actor_23/03-01-01-01-01-02-23.wav,415904,bbcaf1e6a4674019da87f2dd97113d927c2e0b389d0315cc87dfd69b45650caf,23,1,neutral,1,1,2,3,1,48000,179379,1,PCM_16,ok,
speech,Actor_23/03-01-01-01-02-01-23.wav,409508,177480e61fffd70ec9adcc413cc0622bbe388b626c2104fa24c81b4b05e7c251,23,1,neutral,1,2,1,3,1,48000,176176,1,PCM_16,ok,
speech,Actor_23/03-01-01-01-02-02-23.wav,425524,e6262540b12012fd927e751d1d4b975b225f3ed196604b6bac7f2a63eec4d122,23,1,neutral,1,2,2,3,1,48000,184184,1,PCM_16,ok,
speech,Actor_23/03-01-02-01-01-01-23.wav,438336,c63836e7cf4ded5df899e5df75801b390bd74bb113b91ba2ea73d3cb0df3ebf0,23,2,calm,1,1,1,3,1,48000,190590,1,PCM_16,ok,
speech,Actor_23/03-01-02-01-01-02-23.wav,447946,b27f01d9e1d64c127731ca110e27407c0cd37c372c6f205a395b5ac62d94e92e,23,2,calm,1,1,2,3,1,48000,195395,1,PCM_16,ok,
speech,Actor_23/03-01-02-01-02-01-23.wav,457556,0484965cd1676e7f5addbd74cda3b37d8296fad5971b1a626b6caa722421e52d,23,2,calm,1,2,1,3,1,48000,200200,1,PCM_16,ok,
speech,Actor_23/03-01-02-01-02-02-23.wav,440404,59788b4e0f30ca9699eda003aea554761317eed0fe384f29b4a7345fdcc964ff,23,2,calm,1,2,2,3,1,48000,192192,1,PCM_16,ok,
speech,Actor_23/03-01-02-02-01-01-23.wav,499198,b43dd980f7a8babf831ffea98893fe91e8c2c46f4d5bf250947ae7e7ae3b130a,23,2,calm,2,1,1,3,1,48000,221021,1,PCM_16,ok,
speech,Actor_23/03-01-02-02-01-02-23.wav,499196,62f05eed1065232db71fa18ba58923c3d8878ef13ae756cd444c068a4a88fc8c,23,2,calm,2,1,2,3,1,48000,221020,1,PCM_16,ok,
speech,Actor_23/03-01-02-02-02-01-23.wav,451152,30ebc57169e5dcaa2e6b5f548d942ae2b3101154467cedb7928f169c73c0495d,23,2,calm,2,2,1,3,1,48000,196997,1,PCM_16,ok,
speech,Actor_23/03-01-02-02-02-02-23.wav,495996,6664924aa91933789bc8cdac500914723d698e12bb9f4e8cca5edfb6f4b6b9e4,23,2,calm,2,2,2,3,1,48000,219419,1,PCM_16,ok,
speech,Actor_23/03-01-03-01-01-01-23.wav,377478,31d210c6afd9e2c2eaf0b6aa9b6957c728292d623aad204b976d6adcd6e2b028,23,3,happy,1,1,1,3,1,48000,160160,1,PCM_16,ok,
speech,Actor_23/03-01-03-01-01-02-23.wav,371072,f8bd81bbb1f187c221ccc1bd18f72c6fc4f007838dbcf48d31dec9bf94fbf5b0,23,3,happy,1,1,2,3,1,48000,156957,1,PCM_16,ok,
speech,Actor_23/03-01-03-01-02-01-23.wav,367868,60fc10f038263cb7f2493fa9988f828fa4f3c7d3f041ebbb863f82af43dead3b,23,3,happy,1,2,1,3,1,48000,155355,1,PCM_16,ok,
speech,Actor_23/03-01-03-01-02-02-23.wav,371072,54996db43b66a79e2c29a35ae2e0106d2c6bbe59950c2913e5febb7d3e0842b7,23,3,happy,1,2,2,3,1,48000,156957,1,PCM_16,ok,
speech,Actor_23/03-01-03-02-01-01-23.wav,367870,94cb19c86a0c8cc7469e1ea65e3474eef2725a0047ae82436c6b77d1ed44aaad,23,3,happy,2,1,1,3,1,48000,155356,1,PCM_16,ok,
speech,Actor_23/03-01-03-02-01-02-23.wav,364664,1139bd1c50873eb47334ce92a9f4d5850322fbd1aeace8c2ce58cf57de80255a,23,3,happy,2,1,2,3,1,48000,153753,1,PCM_16,ok,
speech,Actor_23/03-01-03-02-02-01-23.wav,367860,818c8eddc70f469ec4d6117d081c3a4f8e7ef3d4581963b1002c4ebed80a1474,23,3,happy,2,2,1,3,1,48000,155355,1,PCM_16,ok,
speech,Actor_23/03-01-03-02-02-02-23.wav,367864,be41fe2d273c54e460351ab61e772900e710a7ede30fc9b4613440363953a346,23,3,happy,2,2,2,3,1,48000,155355,1,PCM_16,ok,
speech,Actor_23/03-01-04-01-01-01-23.wav,403114,337dcd6840a457100ccaf9708c2305946bb96b8434629c3f00d3c2d8ffc73f54,23,4,sad,1,1,1,3,1,48000,172973,1,PCM_16,ok,
speech,Actor_23/03-01-04-01-01-02-23.wav,428740,bd073b0bd7add76136084c9d8d2d1bbf5bb391e108e667436ca359275be6bb1e,23,4,sad,1,1,2,3,1,48000,185786,1,PCM_16,ok,
speech,Actor_23/03-01-04-01-02-01-23.wav,399910,eaf615b26e9b6e3ccba51ee35f0b0bc1545ed3edd311354a7c7e704e2381dcdf,23,4,sad,1,2,1,3,1,48000,171371,1,PCM_16,ok,
speech,Actor_23/03-01-04-01-02-02-23.wav,409520,804fc7206456db960570467f1bc4e780e604ceedcb691d69cf3ccc068d4685d6,23,4,sad,1,2,2,3,1,48000,176176,1,PCM_16,ok,
speech,Actor_23/03-01-04-02-01-01-23.wav,467158,d705eac656b6767d244325fd0485c4dc091a731ed642e7e65dd6be10d84b1d93,23,4,sad,2,1,1,3,1,48000,205005,1,PCM_16,ok,
speech,Actor_23/03-01-04-02-01-02-23.wav,476786,dad4bade0a954ea1187a753279b02c27ce00a044f68172d82705b37df1ca38e3,23,4,sad,2,1,2,3,1,48000,209809,1,PCM_16,ok,
speech,Actor_23/03-01-04-02-02-01-23.wav,435146,9ef17292587c260895b807bdc5bd0ea50a0a8ec833a43eba155191cc64522f56,23,4,sad,2,2,1,3,1,48000,188989,1,PCM_16,ok,
speech,Actor_23/03-01-04-02-02-02-23.wav,512022,cf7281c69e973107ffd3fc724105f9be9096cc42fcf8fecd5cc36f075e837337,23,4,sad,2,2,2,3,1,48000,227427,1,PCM_16,ok,
speech,Actor_23/03-01-05-01-01-01-23.wav,374286,2011bc504b1642fe5e85f7d2ca787242c2318639bf1c8e091cf9a84d820026c3,23,5,angry,1,1,1,3,1,48000,158559,1,PCM_16,ok,
speech,Actor_23/03-01-05-01-01-02-23.wav,374286,479d7c3c1c310d29091334fb9539dd9c63b59d1476d25b4cb94a7644c562ae86,23,5,angry,1,1,2,3,1,48000,158559,1,PCM_16,ok,
speech,Actor_23/03-01-05-01-02-01-23.wav,371082,561282aeba5a533891ca077d950a49a723cbe076e5034e28e212f30d31e5f050,23,5,angry,1,2,1,3,1,48000,156957,1,PCM_16,ok,
speech,Actor_23/03-01-05-01-02-02-23.wav,377482,7837b2da07dad0ec26197c1a16830389ec4dacb14a8b1e25731b4ad87c9a668e,23,5,angry,1,2,2,3,1,48000,160160,1,PCM_16,ok,
speech,Actor_23/03-01-05-02-01-01-23.wav,383894,ea8a1b4f0d23011cc40360f38d2cb35889ec6b1da3d184f34b44826b3d558bd9,23,5,angry,2,1,1,3,1,48000,163363,1,PCM_16,ok,
speech,Actor_23/03-01-05-02-01-02-23.wav,377486,46083c11c5b3f6f34f9c862bf86d7b557377087ccad5499de415bb4ef9613f83,23,5,angry,2,1,2,3,1,48000,160160,1,PCM_16,ok,
speech,Actor_23/03-01-05-02-02-01-23.wav,367878,1a0516c16bbcda8d1386fe3297c689ad9afb4be49c6b7dd7057e014ede553756,23,5,angry,2,2,1,3,1,48000,155355,1,PCM_16,ok,
speech,Actor_23/03-01-05-02-02-02-23.wav,374284,a6547af067142dd2e14624f8e59a9d1744bdeb1389cf99578712036ea608b66f,23,5,angry,2,2,2,3,1,48000,158558,1,PCM_16,ok,
speech,Actor_23/03-01-06-01-01-01-23.wav,387098,f5dffbb7815e20c9636a6b1d341a6566c263b3baff45b66b512a35273147a80b,23,6,fearful,1,1,1,3,1,48000,164965,1,PCM_16,ok,
speech,Actor_23/03-01-06-01-01-02-23.wav,367878,efb030f4605e892f0b61d59365879cd3306ed87bbd656ee2638df3fd4b85b967,23,6,fearful,1,1,2,3,1,48000,155355,1,PCM_16,ok,
speech,Actor_23/03-01-06-01-02-01-23.wav,358268,758db585f95c7eeadb7c5f6838491802a440b1c3e4a11681e88d5e64824215da,23,6,fearful,1,2,1,3,1,48000,150550,1,PCM_16,ok,
speech,Actor_23/03-01-06-01-02-02-23.wav,354958,9a1345d98eb8fa052f19e549d4b623fc4961ec25bd7c12df666068e343154369,23,6,fearful,1,2,2,3,1,48000,148949,1,PCM_16,ok,
speech,Actor_23/03-01-06-02-01-01-23.wav,399896,dc52de27a71c9ed41416442890786bcc1c8e215c6d301d28c40b1fbf50e84d79,23,6,fearful,2,1,1,3,1,48000,171371,1,PCM_16,ok,
speech,Actor_23/03-01-06-02-01-02-23.wav,387090,b27a6c5cf39d9301bd58eacc0c8f3b190cfac962424ebda4320f88abf5ab44ee,23,6,fearful,2,1,2,3,1,48000,164965,1,PCM_16,ok,
speech,Actor_23/03-01-06-02-02-01-23.wav,399908,710160840c9e68dfafbcd9e4514c1286191db1cf782105791a8e300bc3e83a21,23,6,fearful,2,2,1,3,1,48000,171372,1,PCM_16,ok,
speech,Actor_23/03-01-06-02-02-02-23.wav,396704,a7a1d2518b978a5a0cfbccb4ad672beb3d855a1fa693d5c37e461650c9445886,23,6,fearful,2,2,2,3,1,48000,169770,1,PCM_16,ok,
speech,Actor_24/03-01-01-01-01-01-24.wav,411950,90cd17f83b7fdf79220e55c869fc9b9852fef86c62787b2428e2fa8e6df910ed,24,1,neutral,1,1,1,3,1,48000,177778,1,PCM_16,ok,
speech,Actor_24/03-01-01-01-01-02-24.wav,405552,69d323510015e86227f6baed29795dca0f1eb21359a2b506b0635ccbb9737ffc,24,1,neutral,1,1,2,3,1,48000,174574,1,PCM_16,ok,
speech,Actor_24/03-01-01-01-02-01-24.wav,405338,977a5637b83f28002853d5a16ac089dc8791fc1776aab70936494f72dfbea80e,24,1,neutral,1,2,1,3,1,48000,174575,1,PCM_16,ok,
speech,Actor_24/03-01-01-01-02-02-24.wav,402340,82c8516f8cf928012cae9b42cba67c59cf7689f35b8686587364bbf45fc3eac5,24,1,neutral,1,2,2,3,1,48000,172973,1,PCM_16,ok,
speech,Actor_24/03-01-02-01-01-01-24.wav,399146,e7463310b0410068b9c0c6ad90d9b9b9f5f9f02f329cb0916f1b1412947df7f6,24,2,calm,1,1,1,3,1,48000,171371,1,PCM_16,ok,
speech,Actor_24/03-01-02-01-01-02-24.wav,392740,8cc9d9ea7ad423ed6528b8cc2fdb019d4563f180a93c4a64bc18e9c5df228a83,24,2,calm,1,1,2,3,1,48000,168168,1,PCM_16,ok,
speech,Actor_24/03-01-02-01-02-01-24.wav,427976,c12276bc08387d4c12ff191f35155fb2b0e4b612dd5b99133e63dd7ff6353dce,24,2,calm,1,2,1,3,1,48000,185786,1,PCM_16,ok,
speech,Actor_24/03-01-02-01-02-02-24.wav,411958,66b15d8a4eec35635f27e417df1ef1e8280c7ce991727715b34f6fe1694684b9,24,2,calm,1,2,2,3,1,48000,177777,1,PCM_16,ok,
speech,Actor_24/03-01-02-02-01-01-24.wav,450472,1ee1929d226a66cdddfff592a83944f274c9a4d9ac77038c48ffa5f26d45c7d5,24,2,calm,2,1,1,3,1,48000,196997,1,PCM_16,ok,
speech,Actor_24/03-01-02-02-01-02-24.wav,447272,bab274e5772c34f7d52a54c29f41aa1c620881f22710fe9934d15fe3696d473b,24,2,calm,2,1,2,3,1,48000,195395,1,PCM_16,ok,
speech,Actor_24/03-01-02-02-02-01-24.wav,443992,41e2a086641ca21336e12b621058716ff09daab789465d78c904d02da0a5fada,24,2,calm,2,2,1,3,1,48000,193794,1,PCM_16,ok,
speech,Actor_24/03-01-02-02-02-02-24.wav,450470,4b041740d11b684ef3a68e36dc2e8de6a75d9003433f73cff82019cf792b7c70,24,2,calm,2,2,2,3,1,48000,196997,1,PCM_16,ok,
speech,Actor_24/03-01-03-01-01-01-24.wav,402428,46aaa34f387ef45dfff9958d425e08fd29b0c2f83e59eb8959c35a5c13418968,24,3,happy,1,1,1,3,1,48000,172973,1,PCM_16,ok,
speech,Actor_24/03-01-03-01-01-02-24.wav,431256,cbba8dfc7151948d49386fcaf2bd682be96cdb66448119c92145c3a31cdb1cf4,24,3,happy,1,1,2,3,1,48000,187387,1,PCM_16,ok,
speech,Actor_24/03-01-03-01-02-01-24.wav,392818,4980bf4f90198e05b39d0f24e6454d8ab680eccfaffe33ce598228f3705c3ee8,24,3,happy,1,2,1,3,1,48000,168168,1,PCM_16,ok,
speech,Actor_24/03-01-03-01-02-02-24.wav,415240,9ef1c2397e27115d46dd7044cbbec4bb6fa560349935925da8fc5a6b01c3b846,24,3,happy,1,2,2,3,1,48000,179379,1,PCM_16,ok,
speech,Actor_24/03-01-03-02-01-01-24.wav,440866,8a9a93d0eaa13c27e937738f18ae48be12b0af2e68697b4c87a795ba85be84f9,24,3,happy,2,1,1,3,1,48000,192192,1,PCM_16,ok,
speech,Actor_24/03-01-03-02-01-02-24.wav,418438,c89f0bd69c0cc7bd858ad5f32f0e026493cd3249f7c944c86789a2bd854b4b08,24,3,happy,2,1,2,3,1,48000,180981,1,PCM_16,ok,
speech,Actor_24/03-01-03-02-02-01-24.wav,428054,4abdc96a44f984638a59e2f9b5b856e504ae8a97a9c18b5c33973269393e08fb,24,3,happy,2,2,1,3,1,48000,185786,1,PCM_16,ok,
speech,Actor_24/03-01-03-02-02-02-24.wav,428054,570dc759db0c521752fb7436bb0a34838b3f468a3264d61699f868566632dd3f,24,3,happy,2,2,2,3,1,48000,185786,1,PCM_16,ok,
speech,Actor_24/03-01-04-01-01-01-24.wav,450490,3bcff9e3f1bf06762e28d5e630a589f56febedeb838325912728bf38416fc8f9,24,4,sad,1,1,1,3,1,48000,196997,1,PCM_16,ok,
speech,Actor_24/03-01-04-01-01-02-24.wav,437666,850c3a9677e63793a4455d7dadc6b87a9cfc539b360221f8626295575bee2a71,24,4,sad,1,1,2,3,1,48000,190590,1,PCM_16,ok,
speech,Actor_24/03-01-04-01-02-01-24.wav,396036,f0c0b860af7999673cf731ed9617a5788ccb80b940ddd7af9933103ef4e66938,24,4,sad,1,2,1,3,1,48000,169770,1,PCM_16,ok,
speech,Actor_24/03-01-04-01-02-02-24.wav,424864,9df4abdd92ed4739b533a95b00df6c1cc6f2e31b5ce7ca51fbc1270c8ca3c311,24,4,sad,1,2,2,3,1,48000,184184,1,PCM_16,ok,
speech,Actor_24/03-01-04-02-01-01-24.wav,479318,86afd2009b4febc98e9c903aaabc827cb085dd67209eca2548bd498a84fcffd8,24,4,sad,2,1,1,3,1,48000,211411,1,PCM_16,ok,
speech,Actor_24/03-01-04-02-01-02-24.wav,495336,3260d37f923d46a8015deab40a7f32e01108ecfe3ed6bc8f9c591c83e55c901a,24,4,sad,2,1,2,3,1,48000,219420,1,PCM_16,ok,
speech,Actor_24/03-01-04-02-02-01-24.wav,460100,5a205d864d44031f053ff9f2ce76b5fc9332f6346776409f5a53c302158164fe,24,4,sad,2,2,1,3,1,48000,201802,1,PCM_16,ok,
speech,Actor_24/03-01-04-02-02-02-24.wav,504944,d99526741e8686b296bb72a4f62f0806a7efae1a76ae1fbed8e1903bcdaa5bc2,24,4,sad,2,2,2,3,1,48000,224224,1,PCM_16,ok,
speech,Actor_24/03-01-05-01-01-01-24.wav,450490,c351b9f5e2cea16fe9f9aa7d022852b42f0aa06d6fad47d6d89d7987e47138fa,24,5,angry,1,1,1,3,1,48000,196997,1,PCM_16,ok,
speech,Actor_24/03-01-05-01-01-02-24.wav,415254,6ff5288fda0ebb398c815fb8304b040c523347a0f4a188b14921fbb1445ea753,24,5,angry,1,1,2,3,1,48000,179379,1,PCM_16,ok,
speech,Actor_24/03-01-05-01-02-01-24.wav,408848,9c9647b59729de23313a50a597096c81c54cf845b2fdb38b2a176862353bc4fc,24,5,angry,1,2,1,3,1,48000,176176,1,PCM_16,ok,
speech,Actor_24/03-01-05-01-02-02-24.wav,460098,6022b415586e16b61c0cffedbd32c0082c6b97a8c75a89f9051f81ab8b449094,24,5,angry,1,2,2,3,1,48000,201801,1,PCM_16,ok,
speech,Actor_24/03-01-05-02-01-01-24.wav,476112,c6d2d241f1f144567583c98bb96bf6b461c98b1d628bf34926c8ea2b45cabcd4,24,5,angry,2,1,1,3,1,48000,209810,1,PCM_16,ok,
speech,Actor_24/03-01-05-02-01-02-24.wav,476112,ed216b9d76e14dfe28710c8c252f8cbd415ea7a12565c0763cbd5135e6ba81f7,24,5,angry,2,1,2,3,1,48000,209810,1,PCM_16,ok,
speech,Actor_24/03-01-05-02-02-01-24.wav,456892,636b8527f2c94fa8d47edb7013ba932b55774d5421e739d5e37bbf3c91752d43,24,5,angry,2,2,1,3,1,48000,200200,1,PCM_16,ok,
speech,Actor_24/03-01-05-02-02-02-24.wav,546582,bba90c2d68e2459395e21e1789500ed2a4ddd27d45781738773b7bb74d1ef6d2,24,5,angry,2,2,2,3,1,48000,245045,1,PCM_16,ok,
speech,Actor_24/03-01-06-01-01-01-24.wav,450486,e5f5f73771e70754cfb9a7ec3c9371e00caf97a218c0fc5252065c3711d38b53,24,6,fearful,1,1,1,3,1,48000,196997,1,PCM_16,ok,
speech,Actor_24/03-01-06-01-01-02-24.wav,447276,02ca3ae08e5d869a3163176c1003ee1aea93c49661809b7c9dadde6c47803738,24,6,fearful,1,1,2,3,1,48000,195395,1,PCM_16,ok,
speech,Actor_24/03-01-06-01-02-01-24.wav,434472,7083f17cb64ad8bf84b84434cf329823cbd3afe84dbd00f8ae31f639eb4376a6,24,6,fearful,1,2,1,3,1,48000,188988,1,PCM_16,ok,
speech,Actor_24/03-01-06-01-02-02-24.wav,440880,ef1f46a249ff855755b9d49fed6f7f8a4342a3b3af8fd2f69728c9debbfc24a4,24,6,fearful,1,2,2,3,1,48000,192192,1,PCM_16,ok,
speech,Actor_24/03-01-06-02-01-01-24.wav,424864,2e055b05a6bfeb4ede270b22bb1d9e828aeddb06847c77207d7c2fcc6debcd02,24,6,fearful,2,1,1,3,1,48000,184184,1,PCM_16,ok,
speech,Actor_24/03-01-06-02-01-02-24.wav,447286,a779fb321c8bd136c4e78492e4e15868c691327442841b5e31011b8de077fb7a,24,6,fearful,2,1,2,3,1,48000,195395,1,PCM_16,ok,
speech,Actor_24/03-01-06-02-02-01-24.wav,402440,6810d027f694cfdd6993f415463ba10db60d5fa15b30199c411a82ae9b031b3f,24,6,fearful,2,2,1,3,1,48000,172972,1,PCM_16,ok,
speech,Actor_24/03-01-06-02-02-02-24.wav,424864,5ba5ec68abf647af738c8920b0a78fdd65a5f2b5dd65437da880dd370e46f80f,24,6,fearful,2,2,2,3,1,48000,184184,1,PCM_16,ok,
