candidate_id,first_seen_at,discovery_source,search_ids,repo_url,canonical_repo_url,paper_title,paper_url,target_datasets,repo_relation,screening_status,exclusion_code,exclusion_reason,duplicate_of,notes
C001,2026-08-10T14:54:27-04:00,GitHub|GitHubAPI,GH01|RC_GH_RAV_1|RC_GH_RAV_2,https://github.com/hwang9u/emocatcher,https://github.com/hwang9u/emocatcher,,,RAVDESS,supplemental_code,include,,,,Pilot audited at df2135ff858f913861d2b7221f282b567705a22e || raw GitHub repository-search hit; GH-RAV-1 rank=9; raw GitHub repository-search hit; GH-RAV-2 rank=12
C002,2026-08-10T14:54:27-04:00,GitHub|GitHubAPI,GH01|RC_GH_RAV_1|RC_GH_RAV_2,https://github.com/yipenglai/Audio-Emotion-Classification,https://github.com/yipenglai/Audio-Emotion-Classification,,,RAVDESS,unknown,pending,,,,raw GitHub repository-search hit; GH-RAV-1 rank=11; raw GitHub repository-search hit; GH-RAV-2 rank=15
C003,2026-08-10T14:54:27-04:00,GitHub|GitHubAPI,GH01|RC_GH_RAV_1|RC_GH_RAV_2,https://github.com/mohnikbakht/RAVDESS_Speech_Emotion_Recognition,https://github.com/mohnikbakht/RAVDESS_Speech_Emotion_Recognition,,,RAVDESS,unknown,pending,,,,raw GitHub repository-search hit; GH-RAV-1 rank=18; raw GitHub repository-search hit; GH-RAV-2 rank=28
C004,2026-08-10T14:54:27-04:00,GitHub,GH01,https://github.com/bradleyshelley99/Speech-Emotion-Recognition-through-Ensemble-Learning,https://github.com/bradleyshelley99/Speech-Emotion-Recognition-through-Ensemble-Learning,,,RAVDESS,unknown,pending,,,,
C005,2026-08-10T14:54:27-04:00,GitHub,GH01,https://github.com/SaqibShah-dev/Speech-emotion-recognition-cnn-lstm,https://github.com/SaqibShah-dev/Speech-emotion-recognition-cnn-lstm,,,RAVDESS,unknown,pending,,,,
C006,2026-08-10T14:54:27-04:00,GitHub,GH01,https://github.com/DiveshSonawane/Speech-Emotion-Recognition,https://github.com/DiveshSonawane/Speech-Emotion-Recognition,,,RAVDESS,unknown,pending,,,,
C007,2026-08-10T14:54:27-04:00,GitHub|GitHubAPI,GH01|RC_GH_RAV_1|RC_GH_RAV_2,https://github.com/azraa4/RAVDESS-Speech-Emotion-Recognition,https://github.com/azraa4/RAVDESS-Speech-Emotion-Recognition,,,RAVDESS,unknown,pending,,,,raw GitHub repository-search hit; GH-RAV-1 rank=46; raw GitHub repository-search hit; GH-RAV-2 rank=73
C008,2026-08-10T14:54:27-04:00,GitHub|GitHubAPI,GH01|RC_GH_RAV_1,https://github.com/GaybsGimenez/RAVDESS-Speech-Emotion-Recognition-SER,https://github.com/GaybsGimenez/RAVDESS-Speech-Emotion-Recognition-SER,,,RAVDESS,unknown,pending,,,,raw GitHub repository-search hit; GH-RAV-1 rank=63
C009,2026-08-10T14:54:27-04:00,GitHub|GitHubAPI,GH01|RC_GH_RAV_1|RC_GH_RAV_2,https://github.com/devansh-tiwari-2003/Ravdess-Speech-emotion-recognition-system,https://github.com/devansh-tiwari-2003/Ravdess-Speech-emotion-recognition-system,,,RAVDESS,unknown,pending,,,,raw GitHub repository-search hit; GH-RAV-1 rank=62; raw GitHub repository-search hit; GH-RAV-2 rank=100
C010,2026-08-10T14:54:27-04:00,GitHub,GH01,https://github.com/sanskardherange/codeAlpha_EmotionRecognition,https://github.com/sanskardherange/codeAlpha_EmotionRecognition,,,RAVDESS,unknown,pending,,,,
C011,2026-08-10T14:54:27-04:00,GitHub,GH01,https://github.com/humayooniqbal12-star/Emotion-Recognition-from-Speech,https://github.com/humayooniqbal12-star/Emotion-Recognition-from-Speech,,,RAVDESS,unknown,pending,,,,
C012,2026-08-10T14:54:27-04:00,GitHub|GitHubAPI,GH02|RC_GH_RAV_2,https://github.com/nik-2002/ravdess-emotion-recognition,https://github.com/nik-2002/ravdess-emotion-recognition,,,RAVDESS,unknown,pending,,,,raw GitHub repository-search hit; GH-RAV-2 rank=63
C013,2026-08-10T14:54:27-04:00,GitHub|GitHubAPI,GH02|RC_GH_RAV_2,https://github.com/Ab-Romia/RAVDESS-emotion-recognition,https://github.com/Ab-Romia/RAVDESS-emotion-recognition,,,RAVDESS,unknown,pending,,,,raw GitHub repository-search hit; GH-RAV-2 rank=59
C014,2026-08-10T14:54:27-04:00,GitHub|GitHubAPI,GH02|RC_GH_RAV_2,https://github.com/lh060616/RAVDESS-Emotion-Recognition-Epoch,https://github.com/lh060616/RAVDESS-Emotion-Recognition-Epoch,,,RAVDESS,unknown,pending,,,,raw GitHub repository-search hit; GH-RAV-2 rank=69
C015,2026-08-10T14:54:27-04:00,GitHub,GH02,https://github.com/Nabilthahamid/CSE_427_RAVDESS-Emotion-Recognition-System,https://github.com/Nabilthahamid/CSE_427_RAVDESS-Emotion-Recognition-System,,,RAVDESS,unknown,pending,,,,
C016,2026-08-10T14:54:27-04:00,GitHub|GitHubAPI,GH02|RC_GH_RAV_2,https://github.com/khirobenn/RAVDESS-Emotion-Recognition-from-Speech,https://github.com/khirobenn/RAVDESS-Emotion-Recognition-from-Speech,,,RAVDESS,unknown,pending,,,,raw GitHub repository-search hit; GH-RAV-2 rank=96
C017,2026-08-10T14:54:27-04:00,GitHub|GitHubAPI,GH02|RC_GH_RAV_2,https://github.com/Nabilthahamid/RAVDESS-Emotion-Recognition-System-,https://github.com/Nabilthahamid/RAVDESS-Emotion-Recognition-System-,,,RAVDESS,unknown,pending,,,,raw GitHub repository-search hit; GH-RAV-2 rank=84
C018,2026-08-10T14:54:27-04:00,GitHub|GitHubAPI,GH02|RC_GH_RAV_2,https://github.com/Pranav-RB/ravdess-emotion-recognition,https://github.com/Pranav-RB/ravdess-emotion-recognition,,,RAVDESS,unknown,pending,,,,raw GitHub repository-search hit; GH-RAV-2 rank=57
C019,2026-08-10T14:54:27-04:00,GitHub|GitHubAPI,GH02|RC_GH_RAV_1|RC_GH_RAV_2,https://github.com/Aneeqa-Irej/ravdess-emotion-recognition,https://github.com/Aneeqa-Irej/ravdess-emotion-recognition,,,RAVDESS,unknown,pending,,,,raw GitHub repository-search hit; GH-RAV-1 rank=100; raw GitHub repository-search hit; GH-RAV-2 rank=53
C020,2026-08-10T14:54:27-04:00,GitHub|GitHubAPI,GH02|RC_GH_RAV_2,https://github.com/BeestRatish/RAVDESS-Emotion-Recognition,https://github.com/BeestRatish/RAVDESS-Emotion-Recognition,,,RAVDESS,unknown,pending,,,,raw GitHub repository-search hit; GH-RAV-2 rank=62
C021,2026-08-10T14:54:27-04:00,GitHub|GitHubAPI,GH02|RC_GH_RAV_2,https://github.com/anastasia-drojjina/ravdess-emotion-recognition,https://github.com/anastasia-drojjina/ravdess-emotion-recognition,,,RAVDESS,unknown,pending,,,,raw GitHub repository-search hit; GH-RAV-2 rank=61
C022,2026-08-10T14:54:27-04:00,GitHub|GitHubAPI,GH03|RC_GH_CRE_1|RC_GH_CRE_2,https://github.com/CaioJustino/CREMA-D-SpeechEmotionRecognition,https://github.com/CaioJustino/CREMA-D-SpeechEmotionRecognition,,,CREMA-D,unknown,pending,,,,raw GitHub repository-search hit; GH-CRE-1 rank=3; raw GitHub repository-search hit; GH-CRE-2 rank=13
C023,2026-08-10T14:54:27-04:00,GitHub|GitHubAPI,GH04|RC_GH_CRE_2,https://github.com/saloninarang27/Multimodal-Emotion-Recognition,https://github.com/saloninarang27/Multimodal-Emotion-Recognition,,,CREMA-D,unknown,pending,,,,raw GitHub repository-search hit; GH-CRE-2 rank=29
C024,2026-08-10T14:54:27-04:00,GitHub|GitHubAPI,GH04|RC_GH_CRE_1|RC_GH_CRE_2,https://github.com/YunusEmre1213/crema-d-emotion-recognition,https://github.com/YunusEmre1213/crema-d-emotion-recognition,,,CREMA-D,unknown,pending,,,,raw GitHub repository-search hit; GH-CRE-1 rank=14; raw GitHub repository-search hit; GH-CRE-2 rank=5
C025,2026-08-10T14:54:27-04:00,GitHub|GitHubAPI,GH05|IE_GH_I_01|IE_GH_I_02,https://github.com/FEDI-HASSINE/IEMOCAP-Speech-Emotion-Recognition,https://github.com/FEDI-HASSINE/IEMOCAP-Speech-Emotion-Recognition,,,IEMOCAP,unknown,exclude,E5_duplicate_or_fork,retain=https://github.com/ShaheenPerveen/speech-emotion-recognition-iemocap,https://github.com/ShaheenPerveen/speech-emotion-recognition-iemocap,suggested_exclusion=E5_duplicate_or_fork; retain=https://github.com/ShaheenPerveen/speech-emotion-recognition-iemocap; README/method/tree mirror and only 2 commits versus 40
C026,2026-08-10T14:54:27-04:00,GitHub|GitHubAPI|WebSearch,GH06|IE_GH_I_02|IE_WEB_IE_00|IE_WEB_I_01,https://github.com/Aditya3107/IEMOCAP_EMOTION_Recognition,https://github.com/Aditya3107/IEMOCAP_EMOTION_Recognition,,,IEMOCAP,unknown,pending,,,,WEB-IE-00 timestamp reconstructed between adjacent logged calls; combined connector output did not expose a stable result-page URL
C027,2026-08-10T14:54:27-04:00,GitHub|GitHubAPI,GH06|IE_GH_I_01|IE_GH_I_02,https://github.com/flaviorainhoavila/IEMOCAPspeechEmotionRecognition,https://github.com/flaviorainhoavila/IEMOCAPspeechEmotionRecognition,,,IEMOCAP,unknown,pending,,,,
C028,2026-08-10T14:54:27-04:00,GitHub|GitHubAPI,GH06|IE_GH_I_02,https://github.com/leecool9669/IEMOCAP-emotion-recognition-WebUI,https://github.com/leecool9669/IEMOCAP-emotion-recognition-WebUI,,,IEMOCAP,unknown,pending,,,,
C029,2026-08-10T14:54:27-04:00,GitHub|GitHubAPI,GH06|IE_GH_I_02,https://github.com/swethasri1-9/IEMOCAPspeechEmotionRecognition,https://github.com/swethasri1-9/IEMOCAPspeechEmotionRecognition,,,IEMOCAP,unknown,pending,,,,
C030,2026-08-10T14:55:00-04:00,WebSearch|GitHubAPI,WEB01|RC_GH_RAV_1|RC_GH_RAV_2|RC_WEB_RAV_VERIFY,https://github.com/s-omranpour/Speech-Emotion-Recognition,https://github.com/s-omranpour/Speech-Emotion-Recognition,,,RAVDESS,supplemental_code,pending,,,,raw GitHub repository-search hit; GH-RAV-1 rank=15; raw GitHub repository-search hit; GH-RAV-2 rank=26; raw RAVDESS supplementary-web result; unique-repository order=2
C031,2026-08-10T14:55:00-04:00,WebSearch|arXiv,WEB03|IE_WEB_IE_00|IE_WEB_I_01|PA_AX01|PA_AX04|PA_WEB05_08,https://github.com/ispamm/rhemo,https://github.com/ispamm/rhemo,Learning Speech Emotion Representations in the Quaternion Domain,https://arxiv.org/abs/2204.02385v2,IEMOCAP|EmoDB|RAVDESS,author_linked,exclude,E5_duplicate_or_fork,All 17 source/config files have identical SHA-256 hashes to upstream; only README wording differs,https://github.com/ericguizzo/transferable_quaternion_embeddings,WEB-IE-00 timestamp reconstructed between adjacent logged calls; paper directly links this fork; frozen tree comparison at 6b18e3420faed509c07e1c462670b3585bded6e2 versus upstream 03c1729020d82a3782e7cd3285926ba7884be464 found code/config diff=0 and README-only diff || WEB-IE-00 timestamp reconstructed between adjacent logged calls; combined connector output did not expose a stable result-page URL; dedup_review_required; GitHub marks fork of ericguizzo/transferable_quaternion_embeddings but paper explicitly points to ispamm/rhemo || paper directly links repository; fork relation requires substantive-change screening || Frozen comparison: fork 6b18e3420faed509c07e1c462670b3585bded6e2 versus upstream 03c1729020d82a3782e7cd3285926ba7884be464; code/config diff=0 and README-only diff
C032,2026-08-10T14:55:00-04:00,WebSearch|GitHubAPI,WEB01|RC_GH_RAV_1|RC_GH_RAV_2|RC_WEB_BATCH|RC_WEB_RAV_VERIFY|IE_WEB_E_01,https://github.com/praweshd/speech_emotion_recognition,https://github.com/praweshd/speech_emotion_recognition,,,RAVDESS|EmoDB,supplemental_code,pending,,,,raw GitHub repository-search hit; GH-RAV-1 rank=5; raw GitHub repository-search hit; GH-RAV-2 rank=8; raw combined web-search result; unique-repository order=5; per-query allocation unavailable; raw RAVDESS supplementary-web result; unique-repository order=3
C033,2026-08-10T14:55:00-04:00,WebSearch|arXiv,WEB03|IE_WEB_IE_00|IE_WEB_I_01|PA_AX03,https://github.com/ECNU-Cross-Innovation-Lab/ENT,https://github.com/ECNU-Cross-Innovation-Lab/ENT,Emotion Neural Transducer for Fine-Grained Speech Emotion Recognition,https://arxiv.org/abs/2403.19224v1,IEMOCAP,official,include,,,,WEB-IE-00 timestamp reconstructed between adjacent logged calls; combined connector output did not expose a stable result-page URL || arXiv abstract directly supplies repository URL || P0 static audit included at 9beb016bfe89c2246242415db8713aa19f731402; batch=audit_batch_root.csv
C034,2026-08-10T14:55:00-04:00,WebSearch,WEB01,https://github.com/vatsalmehta2001/speech-emotion-recognition,https://github.com/vatsalmehta2001/speech-emotion-recognition,,,RAVDESS,supplemental_code,pending,,,,Canonical owner differs from search title vmehtacode
C035,2026-08-10T14:55:00-04:00,WebSearch|GitHubAPI,WEB01|WEB02|WEB03|RC_GH_RAV_1|RC_GH_RAV_2|RC_WEB_BATCH|RC_WEB_RAV_VERIFY|RC_WEB_CRE_VERIFY|IE_WEB_IE_00|IE_WEB_I_01,https://github.com/ThomasRigoni7/Audio-emotion-recognition-RAVDESS,https://github.com/ThomasRigoni7/Audio-emotion-recognition-RAVDESS,Emotion recognition from audio in the context of social assistive robotics,https://github.com/ThomasRigoni7/Audio-emotion-recognition-RAVDESS/blob/ae44256edfcb320a32696444cd301264e1800866/thesis.pdf,RAVDESS|CREMA-D|IEMOCAP,author_linked_thesis,include,,,,Pilot audited at ae44256edfcb320a32696444cd301264e1800866 || raw GitHub repository-search hit; GH-RAV-1 rank=19; raw GitHub repository-search hit; GH-RAV-2 rank=21; raw combined web-search result; unique-repository order=8; per-query allocation unavailable; raw RAVDESS supplementary-web result; unique-repository order=8; raw CREMA-D supplementary-web result; unique-repository order=6 || WEB-IE-00 timestamp reconstructed between adjacent logged calls; combined connector output did not expose a stable result-page URL
C036,2026-08-10T14:55:00-04:00,WebSearch|arXiv,WEB01|RC_WEB_RAV_VERIFY|PA_AX01,https://github.com/Mak-Sim/ResLSTM-SER,https://github.com/Mak-Sim/ResLSTM-SER,Speech Emotion Recognition using Attention-based LSTM-Network with Residual Connection,https://ieeexplore.ieee.org/document/11476771,RAVDESS,official,include,,,,raw RAVDESS supplementary-web result; unique-repository order=10 || arXiv abstract directly supplies repository URL || P0 static audit included at f2b74391a70f5ae2be80064bd37634429c07d9fa; batch=audit_batch_rc.csv
C037,2026-08-10T14:55:00-04:00,WebSearch,WEB02|WEB04|RC_WEB_BATCH|RC_WEB_RAV_VERIFY|RC_WEB_CRE_VERIFY|IE_WEB_IE_00|IE_WEB_I_01|IE_WEB_E_01,https://github.com/KanikeSaiPrakash/Speech-Emotion-Recognition,https://github.com/KanikeSaiPrakash/Speech-Emotion-Recognition,,,RAVDESS|CREMA-D|IEMOCAP|EmoDB,supplemental_code,pending,,,,raw combined web-search result; unique-repository order=11; per-query allocation unavailable; raw RAVDESS supplementary-web result; unique-repository order=4; raw CREMA-D supplementary-web result; unique-repository order=2 || WEB-IE-00 timestamp reconstructed between adjacent logged calls; combined connector output did not expose a stable result-page URL
C038,2026-08-10T14:55:00-04:00,WebSearch|GitHubAPI,WEB01|RC_GH_RAV_1|RC_GH_RAV_2,https://github.com/Divyansh-Devrani/SPEECH-EMOTION-RECOGNITION-USING-PYTHON-AND-RAVDESS,https://github.com/Divyansh-Devrani/SPEECH-EMOTION-RECOGNITION-USING-PYTHON-AND-RAVDESS,,,RAVDESS,supplemental_code,pending,,,,raw GitHub repository-search hit; GH-RAV-1 rank=16; raw GitHub repository-search hit; GH-RAV-2 rank=24
C039,2026-08-10T14:55:00-04:00,WebSearch,WEB03|ARX01|IE_WEB_IE_00|IE_WEB_I_01,https://github.com/ddlBoJack/emotion2vec,https://github.com/ddlBoJack/emotion2vec,emotion2vec: Self-Supervised Pre-Training for Speech Emotion Representation,https://arxiv.org/abs/2312.15185,IEMOCAP|RAVDESS|EmoDB,official,include,,,,Pilot audited at a0e606c668227ab0c01527e196a4acc42b1efad9 || WEB-IE-00 timestamp reconstructed between adjacent logged calls; combined connector output did not expose a stable result-page URL
C040,2026-08-10T14:53:50-04:00,GitHubAPI,RC_GH_RAV_1|RC_GH_RAV_2,https://github.com/mkosaka1/Speech_Emotion_Recognition,https://github.com/mkosaka1/Speech_Emotion_Recognition,,,RAVDESS,unknown,pending,,,,raw GitHub repository-search hit; GH-RAV-1 rank=1; raw GitHub repository-search hit; GH-RAV-2 rank=1
C041,2026-08-10T14:53:50-04:00,GitHubAPI,RC_GH_RAV_1|RC_GH_RAV_2,https://github.com/LetianLee/Speech-Emotion-Recognition,https://github.com/LetianLee/Speech-Emotion-Recognition,,,RAVDESS,unknown,pending,,,,raw GitHub repository-search hit; GH-RAV-1 rank=2; raw GitHub repository-search hit; GH-RAV-2 rank=5
C042,2026-08-10T14:53:50-04:00,GitHubAPI,RC_GH_RAV_1|RC_GH_RAV_2,https://github.com/rudrajikadra/Speech-Emotion-Recognition-using-Librosa-library-and-MLPClassifier,https://github.com/rudrajikadra/Speech-Emotion-Recognition-using-Librosa-library-and-MLPClassifier,,,RAVDESS,unknown,pending,,,,raw GitHub repository-search hit; GH-RAV-1 rank=3; raw GitHub repository-search hit; GH-RAV-2 rank=7
C043,2026-08-10T14:53:50-04:00,GitHubAPI|WebSearch,RC_GH_RAV_1|RC_GH_RAV_2|IE_GH_I_01|IE_GH_I_02|IE_GH_E_01|IE_GH_E_02|IE_WEB_E_01,https://github.com/Jiaxin-Ye/TIM-Net_SER,https://github.com/Jiaxin-Ye/TIM-Net_SER,Temporal Modeling Matters: A Novel Temporal Emotional Modeling Approach for Speech Emotion Recognition,https://arxiv.org/abs/2211.08233,RAVDESS|IEMOCAP|EmoDB,official,include,,,,raw GitHub repository-search hit; GH-RAV-1 rank=4; raw GitHub repository-search hit; GH-RAV-2 rank=6 || P0 static audit included at 2e68cfc69617451131d89695e96168f76d10a4c5; batch=audit_batch_rc.csv
C044,2026-08-10T14:53:50-04:00,GitHubAPI,RC_GH_RAV_1|RC_GH_RAV_2,https://github.com/hotelll/speech-emotion-recognition,https://github.com/hotelll/speech-emotion-recognition,,,RAVDESS,unknown,pending,,,,raw GitHub repository-search hit; GH-RAV-1 rank=6; raw GitHub repository-search hit; GH-RAV-2 rank=11
C045,2026-08-10T14:53:50-04:00,GitHubAPI,RC_GH_RAV_1|RC_GH_RAV_2,https://github.com/bagustris/ravdess_ser,https://github.com/bagustris/ravdess_ser,"On The Differences Between Song and Speech Emotion Recognition: Effect of Feature Sets, Feature Types, and Classifiers",https://doi.org/10.1109/TENCON50793.2020.9293852,RAVDESS,author_linked_paper,include,,,,raw GitHub repository-search hit; GH-RAV-1 rank=7; raw GitHub repository-search hit; GH-RAV-2 rank=9 || P0 static audit included at c5ed08d4ccb9b3d2bce1e3473af2019fda1ec10a; batch=audit_batch_rc.csv
C046,2026-08-10T14:53:50-04:00,GitHubAPI,RC_GH_RAV_1|RC_GH_RAV_2,https://github.com/pushpanshu0501/Speech-Emotion-Recognition--1,https://github.com/pushpanshu0501/Speech-Emotion-Recognition--1,,,RAVDESS,unknown,pending,,,,raw GitHub repository-search hit; GH-RAV-1 rank=8; raw GitHub repository-search hit; GH-RAV-2 rank=14
C047,2026-08-10T14:53:50-04:00,GitHubAPI,RC_GH_RAV_1|RC_GH_RAV_2,https://github.com/pdadial/Speech_Emotion_Recognition_CNN-LSTM,https://github.com/pdadial/Speech_Emotion_Recognition_CNN-LSTM,,,RAVDESS,unknown,pending,,,,raw GitHub repository-search hit; GH-RAV-1 rank=10; raw GitHub repository-search hit; GH-RAV-2 rank=16
C048,2026-08-10T14:53:50-04:00,GitHubAPI,RC_GH_RAV_1|RC_GH_RAV_2,https://github.com/likhithapotnuru/Speech-Emotion-Recognition-using-Machine-Learning,https://github.com/likhithapotnuru/Speech-Emotion-Recognition-using-Machine-Learning,,,RAVDESS,unknown,pending,,,,raw GitHub repository-search hit; GH-RAV-1 rank=12; raw GitHub repository-search hit; GH-RAV-2 rank=20
C049,2026-08-10T14:53:50-04:00,GitHubAPI,RC_GH_RAV_1|RC_GH_RAV_2,https://github.com/AritraAmbudhDutta/Speech-Emotion-Recognition-on-RAVDESS-Dataset,https://github.com/AritraAmbudhDutta/Speech-Emotion-Recognition-on-RAVDESS-Dataset,,,RAVDESS,unknown,pending,,,,raw GitHub repository-search hit; GH-RAV-1 rank=13; raw GitHub repository-search hit; GH-RAV-2 rank=19
C050,2026-08-10T14:53:50-04:00,GitHubAPI,RC_GH_RAV_1|RC_GH_RAV_2,https://github.com/AndreaLombax/Speech_emotion_recognition,https://github.com/AndreaLombax/Speech_emotion_recognition,,,RAVDESS,unknown,pending,,,,raw GitHub repository-search hit; GH-RAV-1 rank=14; raw GitHub repository-search hit; GH-RAV-2 rank=22
C051,2026-08-10T14:53:50-04:00,GitHubAPI,RC_GH_RAV_1|RC_GH_RAV_2|IE_GH_E_01|IE_GH_E_02,https://github.com/Baibhav-nag/SER-using-MLP-and-CNN,https://github.com/Baibhav-nag/SER-using-MLP-and-CNN,,,RAVDESS|EmoDB,unknown,pending,,,,raw GitHub repository-search hit; GH-RAV-1 rank=17; raw GitHub repository-search hit; GH-RAV-2 rank=25
C052,2026-08-10T14:53:50-04:00,GitHubAPI,RC_GH_RAV_1|RC_GH_RAV_2,https://github.com/jayanth-mkv/speech-emotion-recognition-api-using-fastapi,https://github.com/jayanth-mkv/speech-emotion-recognition-api-using-fastapi,,,RAVDESS,unknown,pending,,,,raw GitHub repository-search hit; GH-RAV-1 rank=20; raw GitHub repository-search hit; GH-RAV-2 rank=30
C053,2026-08-10T14:53:50-04:00,GitHubAPI,RC_GH_RAV_1|RC_GH_RAV_2|IE_GH_I_01|IE_GH_I_02,https://github.com/Dalia-Sher/Speech-Emotion-Recognition-using-BLSTM-with-Attention,https://github.com/Dalia-Sher/Speech-Emotion-Recognition-using-BLSTM-with-Attention,Study of Speech Emotion Recognition Using BLSTM with Attention,https://ieeexplore.ieee.org/document/10289866,RAVDESS|IEMOCAP,official,include,,,,raw GitHub repository-search hit; GH-RAV-1 rank=21; raw GitHub repository-search hit; GH-RAV-2 rank=36 || P0 static audit included at 72975e8f90799a40c98e4170f0364717c693b95a; batch=audit_batch_rc.csv
C054,2026-08-10T14:53:50-04:00,GitHubAPI,RC_GH_RAV_1|RC_GH_RAV_2,https://github.com/PreetamTeja/SpeechEmotionRecognition,https://github.com/PreetamTeja/SpeechEmotionRecognition,,,RAVDESS,unknown,pending,,,,raw GitHub repository-search hit; GH-RAV-1 rank=22; raw GitHub repository-search hit; GH-RAV-2 rank=42
C055,2026-08-10T14:53:50-04:00,GitHubAPI,RC_GH_RAV_1|RC_GH_RAV_2|RC_GH_CRE_1|RC_GH_CRE_2,https://github.com/suvro5495/Speech-Emotion-Recognition-SER-,https://github.com/suvro5495/Speech-Emotion-Recognition-SER-,,,RAVDESS|CREMA-D,unknown,pending,,,,raw GitHub repository-search hit; GH-RAV-1 rank=23; raw GitHub repository-search hit; GH-RAV-2 rank=33; raw GitHub repository-search hit; GH-CRE-1 rank=1; raw GitHub repository-search hit; GH-CRE-2 rank=1
C056,2026-08-10T14:53:50-04:00,GitHubAPI,RC_GH_RAV_1|RC_GH_RAV_2,https://github.com/shengwei-peng/Speech-Emotion-Recognition,https://github.com/shengwei-peng/Speech-Emotion-Recognition,,,RAVDESS,unknown,pending,,,,raw GitHub repository-search hit; GH-RAV-1 rank=24; raw GitHub repository-search hit; GH-RAV-2 rank=34
C057,2026-08-10T14:53:50-04:00,GitHubAPI,RC_GH_RAV_1|RC_GH_RAV_2,https://github.com/KangHyunWook/Speech-Emotion-Recognition-on-RAVDESS-dataset,https://github.com/KangHyunWook/Speech-Emotion-Recognition-on-RAVDESS-dataset,,,RAVDESS,unknown,pending,,,,raw GitHub repository-search hit; GH-RAV-1 rank=25; raw GitHub repository-search hit; GH-RAV-2 rank=32
C058,2026-08-10T14:53:50-04:00,GitHubAPI,RC_GH_RAV_1|RC_GH_RAV_2,https://github.com/Ratndeepk/emotion_detection_in_audio,https://github.com/Ratndeepk/emotion_detection_in_audio,,,RAVDESS,unknown,pending,,,,raw GitHub repository-search hit; GH-RAV-1 rank=26; raw GitHub repository-search hit; GH-RAV-2 rank=23
C059,2026-08-10T14:53:50-04:00,GitHubAPI,RC_GH_RAV_1|RC_GH_RAV_2,https://github.com/VishalSingh0401/Speech_Emotion_Recognition,https://github.com/VishalSingh0401/Speech_Emotion_Recognition,,,RAVDESS,unknown,pending,,,,raw GitHub repository-search hit; GH-RAV-1 rank=27; raw GitHub repository-search hit; GH-RAV-2 rank=49
C060,2026-08-10T14:53:50-04:00,GitHubAPI,RC_GH_RAV_1|RC_GH_RAV_2,https://github.com/prashant-2004/Speech-Emotion-Recognition-Model,https://github.com/prashant-2004/Speech-Emotion-Recognition-Model,,,RAVDESS,unknown,pending,,,,raw GitHub repository-search hit; GH-RAV-1 rank=28; raw GitHub repository-search hit; GH-RAV-2 rank=40
C061,2026-08-10T14:53:50-04:00,GitHubAPI,RC_GH_RAV_1|RC_GH_RAV_2,https://github.com/hussein98912/Speech-Emotion-Recognition,https://github.com/hussein98912/Speech-Emotion-Recognition,,,RAVDESS,unknown,pending,,,,raw GitHub repository-search hit; GH-RAV-1 rank=29; raw GitHub repository-search hit; GH-RAV-2 rank=60
C062,2026-08-10T14:53:50-04:00,GitHubAPI,RC_GH_RAV_1|RC_GH_RAV_2,https://github.com/xJiang30/Speech-Emotion-Recognition-using-LSTM,https://github.com/xJiang30/Speech-Emotion-Recognition-using-LSTM,,,RAVDESS,unknown,pending,,,,raw GitHub repository-search hit; GH-RAV-1 rank=30; raw GitHub repository-search hit; GH-RAV-2 rank=51
C063,2026-08-10T14:53:50-04:00,GitHubAPI,RC_GH_RAV_1|RC_GH_RAV_2,https://github.com/Ls2lax/Speech-Emotion-Recognition,https://github.com/Ls2lax/Speech-Emotion-Recognition,,,RAVDESS,unknown,pending,,,,raw GitHub repository-search hit; GH-RAV-1 rank=31; raw GitHub repository-search hit; GH-RAV-2 rank=45
C064,2026-08-10T14:53:50-04:00,GitHubAPI,RC_GH_RAV_1|RC_GH_RAV_2,https://github.com/YanviAroraCS/Speech-emotion-recognition-system,https://github.com/YanviAroraCS/Speech-emotion-recognition-system,,,RAVDESS,unknown,pending,,,,raw GitHub repository-search hit; GH-RAV-1 rank=32; raw GitHub repository-search hit; GH-RAV-2 rank=44
C065,2026-08-10T14:53:50-04:00,GitHubAPI,RC_GH_RAV_1|RC_GH_RAV_2,https://github.com/hrid0yyy/Speech-Emotion-Recognition,https://github.com/hrid0yyy/Speech-Emotion-Recognition,,,RAVDESS,unknown,pending,,,,raw GitHub repository-search hit; GH-RAV-1 rank=33; raw GitHub repository-search hit; GH-RAV-2 rank=55
C066,2026-08-10T14:53:50-04:00,GitHubAPI,RC_GH_RAV_1,https://github.com/vikrant-3009/SpeechEmotionRecognition,https://github.com/vikrant-3009/SpeechEmotionRecognition,,,RAVDESS,unknown,pending,,,,raw GitHub repository-search hit; GH-RAV-1 rank=34
C067,2026-08-10T14:53:50-04:00,GitHubAPI,RC_GH_RAV_1,https://github.com/AakBak/Speech-Emotion-Recognition,https://github.com/AakBak/Speech-Emotion-Recognition,,,RAVDESS,unknown,pending,,,,raw GitHub repository-search hit; GH-RAV-1 rank=35
C068,2026-08-10T14:53:50-04:00,GitHubAPI,RC_GH_RAV_1|IE_GH_I_01|IE_GH_I_02,https://github.com/ShahnawazKakarh/speech-emotion-recognition-transfer-learning,https://github.com/ShahnawazKakarh/speech-emotion-recognition-transfer-learning,,,RAVDESS|IEMOCAP,unknown,pending,,,,raw GitHub repository-search hit; GH-RAV-1 rank=36
C069,2026-08-10T14:53:50-04:00,GitHubAPI,RC_GH_RAV_1|RC_GH_RAV_2,https://github.com/ad1296-y/SER-CNN-RAVDESS,https://github.com/ad1296-y/SER-CNN-RAVDESS,,,RAVDESS,unknown,pending,,,,raw GitHub repository-search hit; GH-RAV-1 rank=37; raw GitHub repository-search hit; GH-RAV-2 rank=50
C070,2026-08-10T14:53:50-04:00,GitHubAPI,RC_GH_RAV_1,https://github.com/Aparna-J-Nair/Convolutional-Neural-Network-Based-Speech-Emotion-Recognition,https://github.com/Aparna-J-Nair/Convolutional-Neural-Network-Based-Speech-Emotion-Recognition,,,RAVDESS,unknown,pending,,,,raw GitHub repository-search hit; GH-RAV-1 rank=38
C071,2026-08-10T14:53:50-04:00,GitHubAPI,RC_GH_RAV_1|RC_GH_RAV_2,https://github.com/anupriyadhiman/Speech-emotion-recognition,https://github.com/anupriyadhiman/Speech-emotion-recognition,,,RAVDESS,unknown,pending,,,,raw GitHub repository-search hit; GH-RAV-1 rank=39; raw GitHub repository-search hit; GH-RAV-2 rank=66
C072,2026-08-10T14:53:50-04:00,GitHubAPI,RC_GH_RAV_1,https://github.com/Jeevika-Patanker/Speech-Emotion-Recognition,https://github.com/Jeevika-Patanker/Speech-Emotion-Recognition,,,RAVDESS,unknown,pending,,,,raw GitHub repository-search hit; GH-RAV-1 rank=40
C073,2026-08-10T14:53:50-04:00,GitHubAPI,RC_GH_RAV_1,https://github.com/souradeepdutta/Speech-Emotion-Recognition-with-CNN-LSTM-CLSTM,https://github.com/souradeepdutta/Speech-Emotion-Recognition-with-CNN-LSTM-CLSTM,,,RAVDESS,unknown,pending,,,,raw GitHub repository-search hit; GH-RAV-1 rank=41
C074,2026-08-10T14:53:50-04:00,GitHubAPI,RC_GH_RAV_1|RC_GH_RAV_2,https://github.com/ayush1k/Speech-Emotion-Recognition-RAVDESS,https://github.com/ayush1k/Speech-Emotion-Recognition-RAVDESS,,,RAVDESS,unknown,pending,,,,raw GitHub repository-search hit; GH-RAV-1 rank=42; raw GitHub repository-search hit; GH-RAV-2 rank=65
C075,2026-08-10T14:53:50-04:00,GitHubAPI,RC_GH_RAV_1|RC_GH_RAV_2,https://github.com/CharlesCro/ser-ravdess,https://github.com/CharlesCro/ser-ravdess,,,RAVDESS,unknown,pending,,,,raw GitHub repository-search hit; GH-RAV-1 rank=43; raw GitHub repository-search hit; GH-RAV-2 rank=52
C076,2026-08-10T14:53:50-04:00,GitHubAPI,RC_GH_RAV_1,https://github.com/billy-enrizky/Speech-Emotion-Recognition,https://github.com/billy-enrizky/Speech-Emotion-Recognition,,,RAVDESS,unknown,pending,,,,raw GitHub repository-search hit; GH-RAV-1 rank=44
C077,2026-08-10T14:53:50-04:00,GitHubAPI,RC_GH_RAV_1|RC_GH_RAV_2,https://github.com/AditiSrivastava905/Code_alpha_Emotion-Recognition-From-Speech,https://github.com/AditiSrivastava905/Code_alpha_Emotion-Recognition-From-Speech,,,RAVDESS,unknown,pending,,,,raw GitHub repository-search hit; GH-RAV-1 rank=45; raw GitHub repository-search hit; GH-RAV-2 rank=39
C078,2026-08-10T14:53:50-04:00,GitHubAPI,RC_GH_RAV_1|RC_GH_RAV_2,https://github.com/rsc1102/Speech-Emotion-Recognition,https://github.com/rsc1102/Speech-Emotion-Recognition,,,RAVDESS,unknown,pending,,,,raw GitHub repository-search hit; GH-RAV-1 rank=47; raw GitHub repository-search hit; GH-RAV-2 rank=81
C079,2026-08-10T14:53:50-04:00,GitHubAPI,RC_GH_RAV_1|RC_GH_RAV_2,https://github.com/feritiro/Speech_Emotion_Recognition_Ravdess,https://github.com/feritiro/Speech_Emotion_Recognition_Ravdess,,,RAVDESS,unknown,pending,,,,raw GitHub repository-search hit; GH-RAV-1 rank=48; raw GitHub repository-search hit; GH-RAV-2 rank=76
C080,2026-08-10T14:53:50-04:00,GitHubAPI,RC_GH_RAV_1|RC_GH_RAV_2,https://github.com/f20250631-droid/Speech_Emotion_Recognition_RAVDESS,https://github.com/f20250631-droid/Speech_Emotion_Recognition_RAVDESS,,,RAVDESS,unknown,pending,,,,raw GitHub repository-search hit; GH-RAV-1 rank=49; raw GitHub repository-search hit; GH-RAV-2 rank=77
C081,2026-08-10T14:53:50-04:00,GitHubAPI,RC_GH_RAV_1|RC_GH_RAV_2,https://github.com/baroudioussama/Speech-Emotion-Recognition-RAVDESS-,https://github.com/baroudioussama/Speech-Emotion-Recognition-RAVDESS-,,,RAVDESS,unknown,pending,,,,raw GitHub repository-search hit; GH-RAV-1 rank=50; raw GitHub repository-search hit; GH-RAV-2 rank=78
C082,2026-08-10T14:53:50-04:00,GitHubAPI,RC_GH_RAV_1|RC_GH_RAV_2,https://github.com/abyadha/Speech-Emotion-Recognition-RAVDESS,https://github.com/abyadha/Speech-Emotion-Recognition-RAVDESS,,,RAVDESS,unknown,pending,,,,raw GitHub repository-search hit; GH-RAV-1 rank=51; raw GitHub repository-search hit; GH-RAV-2 rank=74
C083,2026-08-10T14:53:50-04:00,GitHubAPI,RC_GH_RAV_1|RC_GH_RAV_2,https://github.com/saufi-opi/Speech-Emotion-Recognition,https://github.com/saufi-opi/Speech-Emotion-Recognition,,,RAVDESS,unknown,pending,,,,raw GitHub repository-search hit; GH-RAV-1 rank=52; raw GitHub repository-search hit; GH-RAV-2 rank=90
C084,2026-08-10T14:53:50-04:00,GitHubAPI,RC_GH_RAV_1|RC_GH_RAV_2,https://github.com/Ateeb-333/speech-emotion-recognition-ravdess,https://github.com/Ateeb-333/speech-emotion-recognition-ravdess,,,RAVDESS,unknown,pending,,,,raw GitHub repository-search hit; GH-RAV-1 rank=53; raw GitHub repository-search hit; GH-RAV-2 rank=85
C085,2026-08-10T14:53:50-04:00,GitHubAPI,RC_GH_RAV_1|RC_GH_RAV_2,https://github.com/mrunallll/Speech-Emotion-Recognition,https://github.com/mrunallll/Speech-Emotion-Recognition,,,RAVDESS,unknown,pending,,,,raw GitHub repository-search hit; GH-RAV-1 rank=54; raw GitHub repository-search hit; GH-RAV-2 rank=98
C086,2026-08-10T14:53:50-04:00,GitHubAPI,RC_GH_RAV_1|RC_GH_RAV_2,https://github.com/ismailkattar/Speech-Emotion-Recognition-Using-RAVDESS,https://github.com/ismailkattar/Speech-Emotion-Recognition-Using-RAVDESS,,,RAVDESS,unknown,pending,,,,raw GitHub repository-search hit; GH-RAV-1 rank=55; raw GitHub repository-search hit; GH-RAV-2 rank=86
C087,2026-08-10T14:53:50-04:00,GitHubAPI,RC_GH_RAV_1,https://github.com/Elnaz-Khaveh/Speech-Emotion-Recognition,https://github.com/Elnaz-Khaveh/Speech-Emotion-Recognition,,,RAVDESS,unknown,pending,,,,raw GitHub repository-search hit; GH-RAV-1 rank=56
C088,2026-08-10T14:53:50-04:00,GitHubAPI,RC_GH_RAV_1|RC_GH_RAV_2,https://github.com/GAGAN-010/speech-emotion-recognition-tess-ravdess,https://github.com/GAGAN-010/speech-emotion-recognition-tess-ravdess,,,RAVDESS,unknown,pending,,,,raw GitHub repository-search hit; GH-RAV-1 rank=57; raw GitHub repository-search hit; GH-RAV-2 rank=94
C089,2026-08-10T14:53:50-04:00,GitHubAPI,RC_GH_RAV_1|RC_GH_RAV_2,https://github.com/Aakash200/speech-emotion-recognition-ravdess-data,https://github.com/Aakash200/speech-emotion-recognition-ravdess-data,,,RAVDESS,unknown,pending,,,,raw GitHub repository-search hit; GH-RAV-1 rank=58; raw GitHub repository-search hit; GH-RAV-2 rank=92
C090,2026-08-10T14:53:50-04:00,GitHubAPI,RC_GH_RAV_1,https://github.com/basitajaz12/speech-emotion-recognition,https://github.com/basitajaz12/speech-emotion-recognition,,,RAVDESS,unknown,pending,,,,raw GitHub repository-search hit; GH-RAV-1 rank=59
C091,2026-08-10T14:53:50-04:00,GitHubAPI,RC_GH_RAV_1|RC_GH_RAV_2,https://github.com/chacconed/Speech-Emotion-Recognition-on-Ravdess,https://github.com/chacconed/Speech-Emotion-Recognition-on-Ravdess,,,RAVDESS,unknown,pending,,,,raw GitHub repository-search hit; GH-RAV-1 rank=60; raw GitHub repository-search hit; GH-RAV-2 rank=91
C092,2026-08-10T14:53:50-04:00,GitHubAPI,RC_GH_RAV_1|RC_GH_RAV_2,https://github.com/pavanpadmata/speech-emotion-recognition-ravdess-data,https://github.com/pavanpadmata/speech-emotion-recognition-ravdess-data,,,RAVDESS,unknown,pending,,,,raw GitHub repository-search hit; GH-RAV-1 rank=61; raw GitHub repository-search hit; GH-RAV-2 rank=99
C093,2026-08-10T14:53:50-04:00,GitHubAPI,RC_GH_RAV_1|RC_GH_CRE_1|RC_GH_CRE_2,https://github.com/A-SHOJAEI/cross-corpus-speech-emotion-recognition-with-wav2vec2,https://github.com/A-SHOJAEI/cross-corpus-speech-emotion-recognition-with-wav2vec2,,,RAVDESS|CREMA-D,unknown,pending,,,,raw GitHub repository-search hit; GH-RAV-1 rank=64; raw GitHub repository-search hit; GH-CRE-1 rank=2; raw GitHub repository-search hit; GH-CRE-2 rank=3
C094,2026-08-10T14:53:50-04:00,GitHubAPI,RC_GH_RAV_1,https://github.com/PKLekhasri/speech-emotion-recognition,https://github.com/PKLekhasri/speech-emotion-recognition,,,RAVDESS,unknown,pending,,,,raw GitHub repository-search hit; GH-RAV-1 rank=65
C095,2026-08-10T14:53:50-04:00,GitHubAPI,RC_GH_RAV_1|RC_GH_RAV_2,https://github.com/tomfran/ravdess-ser,https://github.com/tomfran/ravdess-ser,,,RAVDESS,unknown,pending,,,,raw GitHub repository-search hit; GH-RAV-1 rank=66; raw GitHub repository-search hit; GH-RAV-2 rank=87
C096,2026-08-10T14:53:50-04:00,GitHubAPI,RC_GH_RAV_1|RC_GH_RAV_2,https://github.com/kumbhanvgopi/SER-Main,https://github.com/kumbhanvgopi/SER-Main,,,RAVDESS,unknown,pending,,,,raw GitHub repository-search hit; GH-RAV-1 rank=67; raw GitHub repository-search hit; GH-RAV-2 rank=95
C097,2026-08-10T14:53:50-04:00,GitHubAPI,RC_GH_RAV_1|IE_GH_E_01|IE_GH_E_02,https://github.com/HamzaNasr1/SpeechEmotionRecognition,https://github.com/HamzaNasr1/SpeechEmotionRecognition,,,RAVDESS|EmoDB,unknown,pending,,,,raw GitHub repository-search hit; GH-RAV-1 rank=68
C098,2026-08-10T14:53:50-04:00,GitHubAPI,RC_GH_RAV_1,https://github.com/MARCIO-COSTA93/speech-emotion-recognition-cnn,https://github.com/MARCIO-COSTA93/speech-emotion-recognition-cnn,,,RAVDESS,unknown,pending,,,,raw GitHub repository-search hit; GH-RAV-1 rank=69
C099,2026-08-10T14:53:50-04:00,GitHubAPI,RC_GH_RAV_1,https://github.com/Varun-eng/Speech-Emotion-Recognition-Using-SVM,https://github.com/Varun-eng/Speech-Emotion-Recognition-Using-SVM,,,RAVDESS,unknown,pending,,,,raw GitHub repository-search hit; GH-RAV-1 rank=70
C100,2026-08-10T14:53:50-04:00,GitHubAPI,RC_GH_RAV_1,https://github.com/vcosss/Speech-Emotion-Recognition,https://github.com/vcosss/Speech-Emotion-Recognition,,,RAVDESS,unknown,pending,,,,raw GitHub repository-search hit; GH-RAV-1 rank=71
C101,2026-08-10T14:53:50-04:00,GitHubAPI,RC_GH_RAV_1,https://github.com/Dheeraj30198/speech-emotion-recognition,https://github.com/Dheeraj30198/speech-emotion-recognition,,,RAVDESS,unknown,pending,,,,raw GitHub repository-search hit; GH-RAV-1 rank=72
C102,2026-08-10T14:53:50-04:00,GitHubAPI,RC_GH_RAV_1,https://github.com/shreyash-singh-yadav/speech-emotion-recognition-cnn,https://github.com/shreyash-singh-yadav/speech-emotion-recognition-cnn,,,RAVDESS,unknown,pending,,,,raw GitHub repository-search hit; GH-RAV-1 rank=73
C103,2026-08-10T14:53:50-04:00,GitHubAPI,RC_GH_RAV_1,https://github.com/Yuvrxj7908/Speech-Emotion-Recognition-on-RAVDESS-Dataset,https://github.com/Yuvrxj7908/Speech-Emotion-Recognition-on-RAVDESS-Dataset,,,RAVDESS,unknown,pending,,,,raw GitHub repository-search hit; GH-RAV-1 rank=74
C104,2026-08-10T14:53:50-04:00,GitHubAPI,RC_GH_RAV_1,https://github.com/Mainakcris7/speech_emotion_recognition_with_tess_ravdess,https://github.com/Mainakcris7/speech_emotion_recognition_with_tess_ravdess,,,RAVDESS,unknown,pending,,,,raw GitHub repository-search hit; GH-RAV-1 rank=75
C105,2026-08-10T14:53:50-04:00,GitHubAPI,RC_GH_RAV_1,https://github.com/Vis-halV/pr-mini,https://github.com/Vis-halV/pr-mini,,,RAVDESS,unknown,pending,,,,raw GitHub repository-search hit; GH-RAV-1 rank=76
C106,2026-08-10T14:53:50-04:00,GitHubAPI,RC_GH_RAV_1,https://github.com/amnesiackid/automatic-speech-emotion-recognition-on-ravdess,https://github.com/amnesiackid/automatic-speech-emotion-recognition-on-ravdess,,,RAVDESS,unknown,pending,,,,raw GitHub repository-search hit; GH-RAV-1 rank=77
C107,2026-08-10T14:53:50-04:00,GitHubAPI,RC_GH_RAV_1,https://github.com/vasavivenimenda-cloud/Speech-Emotion-Recognition,https://github.com/vasavivenimenda-cloud/Speech-Emotion-Recognition,,,RAVDESS,unknown,pending,,,,raw GitHub repository-search hit; GH-RAV-1 rank=78
C108,2026-08-10T14:53:50-04:00,GitHubAPI,RC_GH_RAV_1|RC_GH_RAV_2,https://github.com/pranavharke/SpeechEmotionDetection,https://github.com/pranavharke/SpeechEmotionDetection,,,RAVDESS,unknown,pending,,,,raw GitHub repository-search hit; GH-RAV-1 rank=79; raw GitHub repository-search hit; GH-RAV-2 rank=47
C109,2026-08-10T14:53:50-04:00,GitHubAPI,RC_GH_RAV_1,https://github.com/thu-unicorn/Speech-Emotion-Recognition,https://github.com/thu-unicorn/Speech-Emotion-Recognition,,,RAVDESS,unknown,pending,,,,raw GitHub repository-search hit; GH-RAV-1 rank=80
C110,2026-08-10T14:53:50-04:00,GitHubAPI,RC_GH_RAV_1,https://github.com/1994-avik/Speech-Emotion-recognition-using-RAVDESS-dataset,https://github.com/1994-avik/Speech-Emotion-recognition-using-RAVDESS-dataset,,,RAVDESS,unknown,pending,,,,raw GitHub repository-search hit; GH-RAV-1 rank=81
C111,2026-08-10T14:53:50-04:00,GitHubAPI,RC_GH_RAV_1,https://github.com/kankana2005-cloud/SpeechEmotionRecognition,https://github.com/kankana2005-cloud/SpeechEmotionRecognition,,,RAVDESS,unknown,pending,,,,raw GitHub repository-search hit; GH-RAV-1 rank=82
C112,2026-08-10T14:53:50-04:00,GitHubAPI,RC_GH_RAV_1,https://github.com/Vansh-187/speech-emotion-recognition,https://github.com/Vansh-187/speech-emotion-recognition,,,RAVDESS,unknown,pending,,,,raw GitHub repository-search hit; GH-RAV-1 rank=83
C113,2026-08-10T14:53:50-04:00,GitHubAPI,RC_GH_RAV_1,https://github.com/Sans532/Speech-Emotion-Recognition,https://github.com/Sans532/Speech-Emotion-Recognition,,,RAVDESS,unknown,pending,,,,raw GitHub repository-search hit; GH-RAV-1 rank=84
C114,2026-08-10T14:53:50-04:00,GitHubAPI,RC_GH_RAV_1,https://github.com/Abdrakib/Speech-emotion-recognition,https://github.com/Abdrakib/Speech-emotion-recognition,,,RAVDESS,unknown,pending,,,,raw GitHub repository-search hit; GH-RAV-1 rank=85
C115,2026-08-10T14:53:50-04:00,GitHubAPI,RC_GH_RAV_1,https://github.com/ramah32/wav2vec-ravdess-ser,https://github.com/ramah32/wav2vec-ravdess-ser,,,RAVDESS,unknown,pending,,,,raw GitHub repository-search hit; GH-RAV-1 rank=86
C116,2026-08-10T14:53:50-04:00,GitHubAPI,RC_GH_RAV_1,https://github.com/Farnaz4649/Speech_Emotion_Recognition_DL,https://github.com/Farnaz4649/Speech_Emotion_Recognition_DL,,,RAVDESS,unknown,pending,,,,raw GitHub repository-search hit; GH-RAV-1 rank=87
C117,2026-08-10T14:53:50-04:00,GitHubAPI,RC_GH_RAV_1,https://github.com/LavanuruRohithRoy/Speech-Emotion-Recognition,https://github.com/LavanuruRohithRoy/Speech-Emotion-Recognition,,,RAVDESS,unknown,pending,,,,raw GitHub repository-search hit; GH-RAV-1 rank=88
C118,2026-08-10T14:53:50-04:00,GitHubAPI,RC_GH_RAV_1,https://github.com/neerajk23-cmd/Speech-Emotion-Recognition-on-RAVDESS-Dataset,https://github.com/neerajk23-cmd/Speech-Emotion-Recognition-on-RAVDESS-Dataset,,,RAVDESS,unknown,pending,,,,raw GitHub repository-search hit; GH-RAV-1 rank=89
C119,2026-08-10T14:53:50-04:00,GitHubAPI,RC_GH_RAV_1,https://github.com/shilpatumma/CodeAlpha---speech-emotion-recognition,https://github.com/shilpatumma/CodeAlpha---speech-emotion-recognition,,,RAVDESS,unknown,pending,,,,raw GitHub repository-search hit; GH-RAV-1 rank=90
C120,2026-08-10T14:53:50-04:00,GitHubAPI,RC_GH_RAV_1,https://github.com/aaryamehrotra2007/Speech-Emotion-Recognition,https://github.com/aaryamehrotra2007/Speech-Emotion-Recognition,,,RAVDESS,unknown,pending,,,,raw GitHub repository-search hit; GH-RAV-1 rank=91
C121,2026-08-10T14:53:50-04:00,GitHubAPI,RC_GH_RAV_1,https://github.com/BristiGhosh604/speech-emotion-recognition,https://github.com/BristiGhosh604/speech-emotion-recognition,,,RAVDESS,unknown,pending,,,,raw GitHub repository-search hit; GH-RAV-1 rank=92
C122,2026-08-10T14:53:50-04:00,GitHubAPI,RC_GH_RAV_1,https://github.com/Abirelbahri/Speech-Emotion-Recognition,https://github.com/Abirelbahri/Speech-Emotion-Recognition,,,RAVDESS,unknown,pending,,,,raw GitHub repository-search hit; GH-RAV-1 rank=93
C123,2026-08-10T14:53:50-04:00,GitHubAPI,RC_GH_RAV_1,https://github.com/Sathvika7981/Speech-Emotion-Recognition-ML,https://github.com/Sathvika7981/Speech-Emotion-Recognition-ML,,,RAVDESS,unknown,pending,,,,raw GitHub repository-search hit; GH-RAV-1 rank=94
C124,2026-08-10T14:53:50-04:00,GitHubAPI,RC_GH_RAV_1|RC_GH_CRE_1|RC_GH_CRE_2,https://github.com/ai739rya/SpeechEmotionRecognition,https://github.com/ai739rya/SpeechEmotionRecognition,,,RAVDESS|CREMA-D,unknown,pending,,,,raw GitHub repository-search hit; GH-RAV-1 rank=95; raw GitHub repository-search hit; GH-CRE-1 rank=8; raw GitHub repository-search hit; GH-CRE-2 rank=34
C125,2026-08-10T14:53:50-04:00,GitHubAPI,RC_GH_RAV_1|RC_GH_CRE_1|RC_GH_CRE_2,https://github.com/Tejaswini5242/speech-emotion-recognition,https://github.com/Tejaswini5242/speech-emotion-recognition,,,RAVDESS|CREMA-D,unknown,pending,,,,raw GitHub repository-search hit; GH-RAV-1 rank=96; raw GitHub repository-search hit; GH-CRE-1 rank=4; raw GitHub repository-search hit; GH-CRE-2 rank=6
C126,2026-08-10T14:53:50-04:00,GitHubAPI,RC_GH_RAV_1,https://github.com/scarletsiren50-art/CodeAlpha_SpeechEmotionRecognition,https://github.com/scarletsiren50-art/CodeAlpha_SpeechEmotionRecognition,,,RAVDESS,unknown,pending,,,,raw GitHub repository-search hit; GH-RAV-1 rank=97
C127,2026-08-10T14:53:50-04:00,GitHubAPI,RC_GH_RAV_1,https://github.com/harshitschooled/Speech-Emotion-Recognition,https://github.com/harshitschooled/Speech-Emotion-Recognition,,,RAVDESS,unknown,pending,,,,raw GitHub repository-search hit; GH-RAV-1 rank=98
C128,2026-08-10T14:53:50-04:00,GitHubAPI,RC_GH_RAV_1,https://github.com/satwikalankela/Speech_Emotion_Recognition,https://github.com/satwikalankela/Speech_Emotion_Recognition,,,RAVDESS,unknown,pending,,,,raw GitHub repository-search hit; GH-RAV-1 rank=99
C129,2026-08-10T14:54:04-04:00,GitHubAPI,RC_GH_RAV_2,https://github.com/IliaZenkov/transformer-cnn-emotion-recognition,https://github.com/IliaZenkov/transformer-cnn-emotion-recognition,,,RAVDESS,unknown,pending,,,,raw GitHub repository-search hit; GH-RAV-2 rank=2
C130,2026-08-10T14:54:04-04:00,GitHubAPI,RC_GH_RAV_2,https://github.com/cristinalunaj/MMEmotionRecognition,https://github.com/cristinalunaj/MMEmotionRecognition,,,RAVDESS,unknown,pending,,,,raw GitHub repository-search hit; GH-RAV-2 rank=3
C131,2026-08-10T14:54:04-04:00,GitHubAPI,RC_GH_RAV_2,https://github.com/gianscuri/Emotion-Recognition_SER-FER_RAVDESS,https://github.com/gianscuri/Emotion-Recognition_SER-FER_RAVDESS,,,RAVDESS,unknown,pending,,,,raw GitHub repository-search hit; GH-RAV-2 rank=4
C132,2026-08-10T14:54:04-04:00,GitHubAPI,RC_GH_RAV_2,https://github.com/KangHyunWook/Pytorch-implementation-of-Multimodal-emotion-recognition-on-RAVDESS-dataset,https://github.com/KangHyunWook/Pytorch-implementation-of-Multimodal-emotion-recognition-on-RAVDESS-dataset,,,RAVDESS,unknown,pending,,,,raw GitHub repository-search hit; GH-RAV-2 rank=10
C133,2026-08-10T14:54:04-04:00,GitHubAPI,RC_GH_RAV_2,https://github.com/Baibhav-nag/Multimodal-emotion-recognition,https://github.com/Baibhav-nag/Multimodal-emotion-recognition,,,RAVDESS,unknown,pending,,,,raw GitHub repository-search hit; GH-RAV-2 rank=13
C134,2026-08-10T14:54:04-04:00,GitHubAPI,RC_GH_RAV_2,https://github.com/rajnish-aggarwal/Emotion-recognition-using-audio-and-video-on-RAVDES-dataset,https://github.com/rajnish-aggarwal/Emotion-recognition-using-audio-and-video-on-RAVDES-dataset,,,RAVDESS,unknown,pending,,,,raw GitHub repository-search hit; GH-RAV-2 rank=17
C135,2026-08-10T14:54:04-04:00,GitHubAPI,RC_GH_RAV_2,https://github.com/bagustris/ravdess_song,https://github.com/bagustris/ravdess_song,,,RAVDESS,unknown,pending,,,,raw GitHub repository-search hit; GH-RAV-2 rank=18
C136,2026-08-10T14:54:04-04:00,GitHubAPI,RC_GH_RAV_2,https://github.com/RosRed/Multimodal-Emotion-Recognition-on-RAVDESS-dataset,https://github.com/RosRed/Multimodal-Emotion-Recognition-on-RAVDESS-dataset,,,RAVDESS,unknown,pending,,,,raw GitHub repository-search hit; GH-RAV-2 rank=27
C137,2026-08-10T14:54:04-04:00,GitHubAPI,RC_GH_RAV_2,https://github.com/timsamson/audible_emotion_recognition,https://github.com/timsamson/audible_emotion_recognition,,,RAVDESS,unknown,pending,,,,raw GitHub repository-search hit; GH-RAV-2 rank=29
C138,2026-08-10T14:54:04-04:00,GitHubAPI,RC_GH_RAV_2,https://github.com/abhishekyana/Emotion-Recognition-using-Spatio-Temporal-Data,https://github.com/abhishekyana/Emotion-Recognition-using-Spatio-Temporal-Data,,,RAVDESS,unknown,pending,,,,raw GitHub repository-search hit; GH-RAV-2 rank=31
C139,2026-08-10T14:54:04-04:00,GitHubAPI,RC_GH_RAV_2,https://github.com/epospiky/Bimodal_Emotion_Recognition_With_Ravdess_Dataset,https://github.com/epospiky/Bimodal_Emotion_Recognition_With_Ravdess_Dataset,,,RAVDESS,unknown,pending,,,,raw GitHub repository-search hit; GH-RAV-2 rank=35
C140,2026-08-10T14:54:04-04:00,GitHubAPI,RC_GH_RAV_2,https://github.com/McSnipe97/ravdess,https://github.com/McSnipe97/ravdess,,,RAVDESS,unknown,pending,,,,raw GitHub repository-search hit; GH-RAV-2 rank=37
C141,2026-08-10T14:54:04-04:00,GitHubAPI,RC_GH_RAV_2,https://github.com/manavgakhar/EmotionNet,https://github.com/manavgakhar/EmotionNet,,,RAVDESS,unknown,pending,,,,raw GitHub repository-search hit; GH-RAV-2 rank=38
C142,2026-08-10T14:54:04-04:00,GitHubAPI,RC_GH_RAV_2,https://github.com/MSJ1996/RAVDESS-Dataset,https://github.com/MSJ1996/RAVDESS-Dataset,,,RAVDESS,unknown,pending,,,,raw GitHub repository-search hit; GH-RAV-2 rank=41
C143,2026-08-10T14:54:04-04:00,GitHubAPI,RC_GH_RAV_2,https://github.com/wangyx240/real_time_emotion_recognition_based_on_face,https://github.com/wangyx240/real_time_emotion_recognition_based_on_face,,,RAVDESS,unknown,pending,,,,raw GitHub repository-search hit; GH-RAV-2 rank=43
C144,2026-08-10T14:54:04-04:00,GitHubAPI,RC_GH_RAV_2,https://github.com/Meh1988/EmotionalSpeechRecognition,https://github.com/Meh1988/EmotionalSpeechRecognition,,,RAVDESS,unknown,pending,,,,raw GitHub repository-search hit; GH-RAV-2 rank=46
C145,2026-08-10T14:54:04-04:00,GitHubAPI,RC_GH_RAV_2,https://github.com/Susi-brambilla/emotion-recognition-RAVDESS,https://github.com/Susi-brambilla/emotion-recognition-RAVDESS,,,RAVDESS,unknown,pending,,,,raw GitHub repository-search hit; GH-RAV-2 rank=48
C146,2026-08-10T14:54:04-04:00,GitHubAPI,RC_GH_RAV_2,https://github.com/Lamis-Amd/emotion-recognition-RAVDESS,https://github.com/Lamis-Amd/emotion-recognition-RAVDESS,,,RAVDESS,unknown,pending,,,,raw GitHub repository-search hit; GH-RAV-2 rank=54
C147,2026-08-10T14:54:04-04:00,GitHubAPI,RC_GH_RAV_2,https://github.com/shreyash-alt/Emotion_Recognition_RAVDESS,https://github.com/shreyash-alt/Emotion_Recognition_RAVDESS,,,RAVDESS,unknown,pending,,,,raw GitHub repository-search hit; GH-RAV-2 rank=56
C148,2026-08-10T14:54:04-04:00,GitHubAPI,RC_GH_RAV_2,https://github.com/godse4111/Emotion-Recognition,https://github.com/godse4111/Emotion-Recognition,,,RAVDESS,unknown,pending,,,,raw GitHub repository-search hit; GH-RAV-2 rank=58
C149,2026-08-10T14:54:04-04:00,GitHubAPI,RC_GH_RAV_2,https://github.com/moazhassan751/Multimodal-Emotion-Recognition,https://github.com/moazhassan751/Multimodal-Emotion-Recognition,,,RAVDESS,unknown,pending,,,,raw GitHub repository-search hit; GH-RAV-2 rank=64
C150,2026-08-10T14:54:04-04:00,GitHubAPI,RC_GH_RAV_2,https://github.com/fdhlhdc12/ravdess-dtw-emotion-recognition,https://github.com/fdhlhdc12/ravdess-dtw-emotion-recognition,,,RAVDESS,unknown,pending,,,,raw GitHub repository-search hit; GH-RAV-2 rank=67
C151,2026-08-10T14:54:04-04:00,GitHubAPI,RC_GH_RAV_2,https://github.com/VINUVPOTTY/voice-emotion-recognition-ravdess,https://github.com/VINUVPOTTY/voice-emotion-recognition-ravdess,,,RAVDESS,unknown,pending,,,,raw GitHub repository-search hit; GH-RAV-2 rank=68
C152,2026-08-10T14:54:04-04:00,GitHubAPI,RC_GH_RAV_2,https://github.com/shaheeeeeeeeem/multimodal-emotion-recognition-ravdess,https://github.com/shaheeeeeeeeem/multimodal-emotion-recognition-ravdess,,,RAVDESS,unknown,pending,,,,raw GitHub repository-search hit; GH-RAV-2 rank=70
C153,2026-08-10T14:54:04-04:00,GitHubAPI,RC_GH_RAV_2,https://github.com/wendytnn/ravdess-multimodal-emotion-recognition,https://github.com/wendytnn/ravdess-multimodal-emotion-recognition,,,RAVDESS,unknown,pending,,,,raw GitHub repository-search hit; GH-RAV-2 rank=71
C154,2026-08-10T14:54:04-04:00,GitHubAPI,RC_GH_RAV_2,https://github.com/564849457/ravdess-multimodal-emotion-recognition,https://github.com/564849457/ravdess-multimodal-emotion-recognition,,,RAVDESS,unknown,pending,,,,raw GitHub repository-search hit; GH-RAV-2 rank=72
C155,2026-08-10T14:54:04-04:00,GitHubAPI,RC_GH_RAV_2,https://github.com/amnva/voice2emotion,https://github.com/amnva/voice2emotion,,,RAVDESS,unknown,pending,,,,raw GitHub repository-search hit; GH-RAV-2 rank=75
C156,2026-08-10T14:54:04-04:00,GitHubAPI,RC_GH_RAV_2,https://github.com/jasondraether/Emotion-Recognition,https://github.com/jasondraether/Emotion-Recognition,,,RAVDESS,unknown,pending,,,,raw GitHub repository-search hit; GH-RAV-2 rank=79
C157,2026-08-10T14:54:04-04:00,GitHubAPI,RC_GH_RAV_2,https://github.com/utkarshbaranwal1/emotion_recognition,https://github.com/utkarshbaranwal1/emotion_recognition,,,RAVDESS,unknown,pending,,,,raw GitHub repository-search hit; GH-RAV-2 rank=80
C158,2026-08-10T14:54:04-04:00,GitHubAPI,RC_GH_RAV_2,https://github.com/heidisbk/ravdess_voice_emotion_recognition,https://github.com/heidisbk/ravdess_voice_emotion_recognition,,,RAVDESS,unknown,pending,,,,raw GitHub repository-search hit; GH-RAV-2 rank=82
C159,2026-08-10T14:54:04-04:00,GitHubAPI,RC_GH_RAV_2,https://github.com/Nirvik28/Emotion_Recognition_wav_RAVDESS,https://github.com/Nirvik28/Emotion_Recognition_wav_RAVDESS,,,RAVDESS,unknown,pending,,,,raw GitHub repository-search hit; GH-RAV-2 rank=83
C160,2026-08-10T14:54:04-04:00,GitHubAPI,RC_GH_RAV_2,https://github.com/petros94/multimodal-emotion-recognition,https://github.com/petros94/multimodal-emotion-recognition,,,RAVDESS,unknown,pending,,,,raw GitHub repository-search hit; GH-RAV-2 rank=88
C161,2026-08-10T14:54:04-04:00,GitHubAPI,RC_GH_RAV_2,https://github.com/himanshuraj001/Emotion_Recognition,https://github.com/himanshuraj001/Emotion_Recognition,,,RAVDESS,unknown,pending,,,,raw GitHub repository-search hit; GH-RAV-2 rank=89
C162,2026-08-10T14:54:04-04:00,GitHubAPI,RC_GH_RAV_2,https://github.com/MederbekTuratbekov/ml_RAVDESS_EmotionalSpeechAudio,https://github.com/MederbekTuratbekov/ml_RAVDESS_EmotionalSpeechAudio,,,RAVDESS,unknown,pending,,,,raw GitHub repository-search hit; GH-RAV-2 rank=93
C163,2026-08-10T14:54:04-04:00,GitHubAPI,RC_GH_RAV_2,https://github.com/sss3799/audio_emotion_recognition,https://github.com/sss3799/audio_emotion_recognition,,,RAVDESS,unknown,pending,,,,raw GitHub repository-search hit; GH-RAV-2 rank=97
C164,2026-08-10T14:54:16-04:00,GitHubAPI,RC_GH_CRE_1|RC_GH_CRE_2,https://github.com/hallowshaw/Speech-Emotion-Recognition-with-MFCC,https://github.com/hallowshaw/Speech-Emotion-Recognition-with-MFCC,,,CREMA-D,unknown,pending,,,,raw GitHub repository-search hit; GH-CRE-1 rank=5; raw GitHub repository-search hit; GH-CRE-2 rank=17
C165,2026-08-10T14:54:16-04:00,GitHubAPI,RC_GH_CRE_1|RC_GH_CRE_2,https://github.com/ShreyRavalCE/Speech-Emotion-Recognition,https://github.com/ShreyRavalCE/Speech-Emotion-Recognition,,,CREMA-D,unknown,pending,,,,raw GitHub repository-search hit; GH-CRE-1 rank=6; raw GitHub repository-search hit; GH-CRE-2 rank=9
C166,2026-08-10T14:54:16-04:00,GitHubAPI,RC_GH_CRE_1|RC_GH_CRE_2,https://github.com/ransfordnyarko/Speech-Emotion-Recognition,https://github.com/ransfordnyarko/Speech-Emotion-Recognition,,,CREMA-D,unknown,pending,,,,raw GitHub repository-search hit; GH-CRE-1 rank=7; raw GitHub repository-search hit; GH-CRE-2 rank=12
C167,2026-08-10T14:54:16-04:00,GitHubAPI,RC_GH_CRE_1|RC_GH_CRE_2,https://github.com/jobinjoy12/Speech-Emotion-Recognition-using-CREMA-D-dataset,https://github.com/jobinjoy12/Speech-Emotion-Recognition-using-CREMA-D-dataset,,,CREMA-D,unknown,pending,,,,raw GitHub repository-search hit; GH-CRE-1 rank=9; raw GitHub repository-search hit; GH-CRE-2 rank=11
C168,2026-08-10T14:54:16-04:00,GitHubAPI,RC_GH_CRE_1|RC_GH_CRE_2,https://github.com/Masunori/speech-emotion-recognition,https://github.com/Masunori/speech-emotion-recognition,,,CREMA-D,unknown,pending,,,,raw GitHub repository-search hit; GH-CRE-1 rank=10; raw GitHub repository-search hit; GH-CRE-2 rank=14
C169,2026-08-10T14:54:16-04:00,GitHubAPI,RC_GH_CRE_1|RC_GH_CRE_2,https://github.com/Skylar-Deu/speech-emotion-recognition,https://github.com/Skylar-Deu/speech-emotion-recognition,,,CREMA-D,unknown,pending,,,,raw GitHub repository-search hit; GH-CRE-1 rank=11; raw GitHub repository-search hit; GH-CRE-2 rank=15
C170,2026-08-10T14:54:16-04:00,GitHubAPI,RC_GH_CRE_1|RC_GH_CRE_2,https://github.com/MohEsmail143/speech-emotion-recognition,https://github.com/MohEsmail143/speech-emotion-recognition,,,CREMA-D,unknown,pending,,,,raw GitHub repository-search hit; GH-CRE-1 rank=12; raw GitHub repository-search hit; GH-CRE-2 rank=16
C171,2026-08-10T14:54:16-04:00,GitHubAPI,RC_GH_CRE_1|RC_GH_CRE_2,https://github.com/Omkar-Gode/Speech-Emotion-Recognition,https://github.com/Omkar-Gode/Speech-Emotion-Recognition,,,CREMA-D,unknown,pending,,,,raw GitHub repository-search hit; GH-CRE-1 rank=13; raw GitHub repository-search hit; GH-CRE-2 rank=19
C172,2026-08-10T14:54:16-04:00,GitHubAPI,RC_GH_CRE_1|RC_GH_CRE_2,https://github.com/Aaidaro/Speech-Emotion-Recognition-on-CREMA-D,https://github.com/Aaidaro/Speech-Emotion-Recognition-on-CREMA-D,,,CREMA-D,unknown,pending,,,,raw GitHub repository-search hit; GH-CRE-1 rank=15; raw GitHub repository-search hit; GH-CRE-2 rank=21
C173,2026-08-10T14:54:16-04:00,GitHubAPI,RC_GH_CRE_1|RC_GH_CRE_2,https://github.com/andreacecchin/SpeechEmotionRecognition_Emozionalmente,https://github.com/andreacecchin/SpeechEmotionRecognition_Emozionalmente,,,CREMA-D,unknown,pending,,,,raw GitHub repository-search hit; GH-CRE-1 rank=16; raw GitHub repository-search hit; GH-CRE-2 rank=48
C174,2026-08-10T14:54:16-04:00,GitHubAPI,RC_GH_CRE_1|RC_GH_CRE_2,https://github.com/deekshitha68/SPEECH-EMOTION-RECOGNITION-SYSTEM,https://github.com/deekshitha68/SPEECH-EMOTION-RECOGNITION-SYSTEM,,,CREMA-D,unknown,pending,,,,raw GitHub repository-search hit; GH-CRE-1 rank=17; raw GitHub repository-search hit; GH-CRE-2 rank=22
C175,2026-08-10T14:54:16-04:00,GitHubAPI,RC_GH_CRE_1|RC_GH_CRE_2,https://github.com/MatamDinesh0802/Speech-Emotion-Recognition-LSTM,https://github.com/MatamDinesh0802/Speech-Emotion-Recognition-LSTM,,,CREMA-D,unknown,pending,,,,raw GitHub repository-search hit; GH-CRE-1 rank=18; raw GitHub repository-search hit; GH-CRE-2 rank=25
C176,2026-08-10T14:54:16-04:00,GitHubAPI,RC_GH_CRE_1|RC_GH_CRE_2,https://github.com/DHIWAHAR-K/Speech-Emotion-Recognition,https://github.com/DHIWAHAR-K/Speech-Emotion-Recognition,,,CREMA-D,unknown,pending,,,,raw GitHub repository-search hit; GH-CRE-1 rank=19; raw GitHub repository-search hit; GH-CRE-2 rank=30
C177,2026-08-10T14:54:16-04:00,GitHubAPI,RC_GH_CRE_1|RC_GH_CRE_2,https://github.com/Talha-018/Word_for_Thought,https://github.com/Talha-018/Word_for_Thought,,,CREMA-D,unknown,pending,,,,raw GitHub repository-search hit; GH-CRE-1 rank=20; raw GitHub repository-search hit; GH-CRE-2 rank=18
C178,2026-08-10T14:54:16-04:00,GitHubAPI,RC_GH_CRE_1|RC_GH_CRE_2,https://github.com/AdArya125/Speech-emotion-recognition,https://github.com/AdArya125/Speech-emotion-recognition,,,CREMA-D,unknown,pending,,,,raw GitHub repository-search hit; GH-CRE-1 rank=21; raw GitHub repository-search hit; GH-CRE-2 rank=32
C179,2026-08-10T14:54:16-04:00,GitHubAPI,RC_GH_CRE_1|RC_GH_CRE_2,https://github.com/Garima53/Speech-emotion-recognition,https://github.com/Garima53/Speech-emotion-recognition,,,CREMA-D,unknown,pending,,,,raw GitHub repository-search hit; GH-CRE-1 rank=22; raw GitHub repository-search hit; GH-CRE-2 rank=35
C180,2026-08-10T14:54:16-04:00,GitHubAPI,RC_GH_CRE_1|RC_GH_CRE_2,https://github.com/VeerR13/Speech-Emotion-Recognition,https://github.com/VeerR13/Speech-Emotion-Recognition,,,CREMA-D,unknown,pending,,,,raw GitHub repository-search hit; GH-CRE-1 rank=23; raw GitHub repository-search hit; GH-CRE-2 rank=36
C181,2026-08-10T14:54:16-04:00,GitHubAPI,RC_GH_CRE_1|RC_GH_CRE_2,https://github.com/SreeHarshaKuragayala/multidataset-speech-emotion-recognition,https://github.com/SreeHarshaKuragayala/multidataset-speech-emotion-recognition,,,CREMA-D,unknown,pending,,,,raw GitHub repository-search hit; GH-CRE-1 rank=24; raw GitHub repository-search hit; GH-CRE-2 rank=37
C182,2026-08-10T14:54:16-04:00,GitHubAPI,RC_GH_CRE_1|RC_GH_CRE_2|IE_GH_I_01|IE_GH_I_02|IE_GH_E_HYPHEN_01|IE_GH_E_HYPHEN_02,https://github.com/kani2006/Speech-Emotion-Recognition,https://github.com/kani2006/Speech-Emotion-Recognition,,,CREMA-D|IEMOCAP|EmoDB,unknown,pending,,,,raw GitHub repository-search hit; GH-CRE-1 rank=25; raw GitHub repository-search hit; GH-CRE-2 rank=39
C183,2026-08-10T14:54:16-04:00,GitHubAPI,RC_GH_CRE_1|RC_GH_CRE_2,https://github.com/horikita-99/Speech_Emotion_Recognition,https://github.com/horikita-99/Speech_Emotion_Recognition,,,CREMA-D,unknown,pending,,,,raw GitHub repository-search hit; GH-CRE-1 rank=26; raw GitHub repository-search hit; GH-CRE-2 rank=42
C184,2026-08-10T14:54:16-04:00,GitHubAPI,RC_GH_CRE_1|RC_GH_CRE_2,https://github.com/saikolupoti/Speech_Emotion_Recognition,https://github.com/saikolupoti/Speech_Emotion_Recognition,,,CREMA-D,unknown,pending,,,,raw GitHub repository-search hit; GH-CRE-1 rank=27; raw GitHub repository-search hit; GH-CRE-2 rank=43
C185,2026-08-10T14:54:16-04:00,GitHubAPI,RC_GH_CRE_1|RC_GH_CRE_2,https://github.com/Mayureshkore07/Cross-Dataset-Speech-Emotion-Recognition-Using-Deep-Learning,https://github.com/Mayureshkore07/Cross-Dataset-Speech-Emotion-Recognition-Using-Deep-Learning,,,CREMA-D,unknown,pending,,,,raw GitHub repository-search hit; GH-CRE-1 rank=28; raw GitHub repository-search hit; GH-CRE-2 rank=33
C186,2026-08-10T14:54:16-04:00,GitHubAPI,RC_GH_CRE_1|RC_GH_CRE_2|IE_GH_I_01|IE_GH_I_02,https://github.com/yuolo/ser-affective-style-cbm,https://github.com/yuolo/ser-affective-style-cbm,,,CREMA-D|IEMOCAP,unknown,pending,,,,raw GitHub repository-search hit; GH-CRE-1 rank=29; raw GitHub repository-search hit; GH-CRE-2 rank=27
C187,2026-08-10T14:54:16-04:00,GitHubAPI,RC_GH_CRE_1|RC_GH_CRE_2,https://github.com/RiyaSinghai2202/Speech-Emotion-Recognition,https://github.com/RiyaSinghai2202/Speech-Emotion-Recognition,,,CREMA-D,unknown,pending,,,,raw GitHub repository-search hit; GH-CRE-1 rank=30; raw GitHub repository-search hit; GH-CRE-2 rank=45
C188,2026-08-10T14:54:16-04:00,GitHubAPI,RC_GH_CRE_1|RC_GH_CRE_2,https://github.com/Yashash-Yallapragada/Efficient_Speech_Emotion_Recognition_through_Compression_and_Model_Optimization,https://github.com/Yashash-Yallapragada/Efficient_Speech_Emotion_Recognition_through_Compression_and_Model_Optimization,,,CREMA-D,unknown,pending,,,,raw GitHub repository-search hit; GH-CRE-1 rank=31; raw GitHub repository-search hit; GH-CRE-2 rank=40
C189,2026-08-10T14:54:16-04:00,GitHubAPI,RC_GH_CRE_1|RC_GH_CRE_2,https://github.com/Shambhavi-DSAI2006/Efficient_Speech_Emotion_Recognition_through_Compression_and_Model_Optimization,https://github.com/Shambhavi-DSAI2006/Efficient_Speech_Emotion_Recognition_through_Compression_and_Model_Optimization,,,CREMA-D,unknown,pending,,,,raw GitHub repository-search hit; GH-CRE-1 rank=32; raw GitHub repository-search hit; GH-CRE-2 rank=41
C190,2026-08-10T14:54:16-04:00,GitHubAPI,RC_GH_CRE_1|RC_GH_CRE_2,https://github.com/DivyanshAnandWork/Deep-Neural-Architecture-For-Speech-Emotion-Recognition,https://github.com/DivyanshAnandWork/Deep-Neural-Architecture-For-Speech-Emotion-Recognition,,,CREMA-D,unknown,pending,,,,raw GitHub repository-search hit; GH-CRE-1 rank=33; raw GitHub repository-search hit; GH-CRE-2 rank=47
C191,2026-08-10T14:54:16-04:00,GitHubAPI,RC_GH_CRE_1|RC_GH_CRE_2,https://github.com/Genix2096/Emotion-Recognition-System,https://github.com/Genix2096/Emotion-Recognition-System,,,CREMA-D,unknown,pending,,,,raw GitHub repository-search hit; GH-CRE-1 rank=34; raw GitHub repository-search hit; GH-CRE-2 rank=10
C192,2026-08-10T14:54:16-04:00,GitHubAPI,RC_GH_CRE_1|RC_GH_CRE_2,https://github.com/alirahme17/Speech-Emotion-Recognition-using-Deep-Learning,https://github.com/alirahme17/Speech-Emotion-Recognition-using-Deep-Learning,,,CREMA-D,unknown,pending,,,,raw GitHub repository-search hit; GH-CRE-1 rank=35; raw GitHub repository-search hit; GH-CRE-2 rank=50
C193,2026-08-10T14:54:16-04:00,GitHubAPI,RC_GH_CRE_1|RC_GH_CRE_2,https://github.com/1453nicat/Emotion-Detection-from-Speech-Signals-with-Machine-Learning,https://github.com/1453nicat/Emotion-Detection-from-Speech-Signals-with-Machine-Learning,,,CREMA-D,unknown,pending,,,,raw GitHub repository-search hit; GH-CRE-1 rank=36; raw GitHub repository-search hit; GH-CRE-2 rank=28
C194,2026-08-10T14:54:16-04:00,GitHubAPI,RC_GH_CRE_1|RC_GH_CRE_2,https://github.com/saolxs/speech-emotion-recognition,https://github.com/saolxs/speech-emotion-recognition,,,CREMA-D,unknown,pending,,,,raw GitHub repository-search hit; GH-CRE-1 rank=37; raw GitHub repository-search hit; GH-CRE-2 rank=55
C195,2026-08-10T14:54:16-04:00,GitHubAPI,RC_GH_CRE_1|RC_GH_CRE_2,https://github.com/Ai-Lord/Speech_Emotion_Intensity_Prediction_and_Classification,https://github.com/Ai-Lord/Speech_Emotion_Intensity_Prediction_and_Classification,,,CREMA-D,unknown,pending,,,,raw GitHub repository-search hit; GH-CRE-1 rank=38; raw GitHub repository-search hit; GH-CRE-2 rank=26
C196,2026-08-10T14:54:16-04:00,GitHubAPI,RC_GH_CRE_1|RC_GH_CRE_2,https://github.com/omidnaeej/Speech-Emotion-Recognition-Mel-Spectrograms-and-HuBERT-Embeddings,https://github.com/omidnaeej/Speech-Emotion-Recognition-Mel-Spectrograms-and-HuBERT-Embeddings,,,CREMA-D,unknown,pending,,,,raw GitHub repository-search hit; GH-CRE-1 rank=39; raw GitHub repository-search hit; GH-CRE-2 rank=52
C197,2026-08-10T14:54:16-04:00,GitHubAPI,RC_GH_CRE_1|RC_GH_CRE_2,https://github.com/Abhiramkura/Speech-Emotion-recognition-using-deformable-convolutional-neural-networks,https://github.com/Abhiramkura/Speech-Emotion-recognition-using-deformable-convolutional-neural-networks,,,CREMA-D,unknown,pending,,,,raw GitHub repository-search hit; GH-CRE-1 rank=40; raw GitHub repository-search hit; GH-CRE-2 rank=54
C198,2026-08-10T14:54:16-04:00,GitHubAPI,RC_GH_CRE_1|RC_GH_CRE_2,https://github.com/ShrishChou/EMODE,https://github.com/ShrishChou/EMODE,,,CREMA-D,unknown,pending,,,,raw GitHub repository-search hit; GH-CRE-1 rank=41; raw GitHub repository-search hit; GH-CRE-2 rank=44
C199,2026-08-10T14:54:16-04:00,GitHubAPI,RC_GH_CRE_1|RC_GH_CRE_2,https://github.com/Eslamelzamkan/SER-Classical-vs-DeepLearning,https://github.com/Eslamelzamkan/SER-Classical-vs-DeepLearning,,,CREMA-D,unknown,pending,,,,raw GitHub repository-search hit; GH-CRE-1 rank=42; raw GitHub repository-search hit; GH-CRE-2 rank=56
C200,2026-08-10T14:54:16-04:00,GitHubAPI,RC_GH_CRE_1|RC_GH_CRE_2,https://github.com/Insync-cmd/Emoton-Detection-Speech,https://github.com/Insync-cmd/Emoton-Detection-Speech,,,CREMA-D,unknown,pending,,,,raw GitHub repository-search hit; GH-CRE-1 rank=43; raw GitHub repository-search hit; GH-CRE-2 rank=57
C201,2026-08-10T14:54:16-04:00,GitHubAPI,RC_GH_CRE_1|RC_GH_CRE_2,https://github.com/Mohamedgomaa128/EmoVoice,https://github.com/Mohamedgomaa128/EmoVoice,,,CREMA-D,unknown,pending,,,,raw GitHub repository-search hit; GH-CRE-1 rank=44; raw GitHub repository-search hit; GH-CRE-2 rank=58
C202,2026-08-10T14:54:16-04:00,GitHubAPI,RC_GH_CRE_1|RC_GH_CRE_2,https://github.com/didar-ali-deed/A-hybrid-Approach-To-SER,https://github.com/didar-ali-deed/A-hybrid-Approach-To-SER,,,CREMA-D,unknown,pending,,,,raw GitHub repository-search hit; GH-CRE-1 rank=45; raw GitHub repository-search hit; GH-CRE-2 rank=59
C203,2026-08-10T14:54:16-04:00,GitHubAPI,RC_GH_CRE_1|RC_GH_CRE_2,https://github.com/mecartin/Acoustic-Phenotyping-System,https://github.com/mecartin/Acoustic-Phenotyping-System,,,CREMA-D,unknown,pending,,,,raw GitHub repository-search hit; GH-CRE-1 rank=46; raw GitHub repository-search hit; GH-CRE-2 rank=64
C204,2026-08-10T14:54:16-04:00,GitHubAPI,RC_GH_CRE_1|RC_GH_CRE_2,https://github.com/qruxz/Speach-Emotion-Recognition,https://github.com/qruxz/Speach-Emotion-Recognition,,,CREMA-D,unknown,pending,,,,raw GitHub repository-search hit; GH-CRE-1 rank=47; raw GitHub repository-search hit; GH-CRE-2 rank=38
C205,2026-08-10T14:54:16-04:00,GitHubAPI,RC_GH_CRE_1|RC_GH_CRE_2,https://github.com/DivyanshAnandWork/Data-Governance,https://github.com/DivyanshAnandWork/Data-Governance,,,CREMA-D,unknown,pending,,,,raw GitHub repository-search hit; GH-CRE-1 rank=48; raw GitHub repository-search hit; GH-CRE-2 rank=66
C206,2026-08-10T14:54:16-04:00,GitHubAPI,RC_GH_CRE_1|RC_GH_CRE_2,https://github.com/sv6095/Emonity,https://github.com/sv6095/Emonity,,,CREMA-D,unknown,pending,,,,raw GitHub repository-search hit; GH-CRE-1 rank=49; raw GitHub repository-search hit; GH-CRE-2 rank=65
C207,2026-08-10T14:54:24-04:00,GitHubAPI,RC_GH_CRE_2,https://github.com/amin4747/Face_Feeling,https://github.com/amin4747/Face_Feeling,,,CREMA-D,unknown,pending,,,,raw GitHub repository-search hit; GH-CRE-2 rank=2
C208,2026-08-10T14:54:24-04:00,GitHubAPI,RC_GH_CRE_2,https://github.com/darkcloud15/speech_based_emotion_recognition,https://github.com/darkcloud15/speech_based_emotion_recognition,,,CREMA-D,unknown,pending,,,,raw GitHub repository-search hit; GH-CRE-2 rank=4
C209,2026-08-10T14:54:24-04:00,GitHubAPI,RC_GH_CRE_2,https://github.com/Mihirirj/CREMA-D-Dataset,https://github.com/Mihirirj/CREMA-D-Dataset,,,CREMA-D,unknown,pending,,,,raw GitHub repository-search hit; GH-CRE-2 rank=7
C210,2026-08-10T14:54:24-04:00,GitHubAPI,RC_GH_CRE_2,https://github.com/revatipimparkar/Facial-Emotion-Recognition-in-Humans,https://github.com/revatipimparkar/Facial-Emotion-Recognition-in-Humans,,,CREMA-D,unknown,pending,,,,raw GitHub repository-search hit; GH-CRE-2 rank=8
C211,2026-08-10T14:54:24-04:00,GitHubAPI,RC_GH_CRE_2,https://github.com/podstreloff/emotional_model,https://github.com/podstreloff/emotional_model,,,CREMA-D,unknown,pending,,,,raw GitHub repository-search hit; GH-CRE-2 rank=20
C212,2026-08-10T14:54:24-04:00,GitHubAPI,RC_GH_CRE_2,https://github.com/mariembahri21/Emotion_Recognition,https://github.com/mariembahri21/Emotion_Recognition,,,CREMA-D,unknown,pending,,,,raw GitHub repository-search hit; GH-CRE-2 rank=23
C213,2026-08-10T14:54:24-04:00,GitHubAPI,RC_GH_CRE_2,https://github.com/Seldarzu/MER_Crema_D_,https://github.com/Seldarzu/MER_Crema_D_,,,CREMA-D,unknown,pending,,,,raw GitHub repository-search hit; GH-CRE-2 rank=24
C214,2026-08-10T14:54:24-04:00,GitHubAPI,RC_GH_CRE_2,https://github.com/Seldarzu/SER_AUDIO_CREMA_D,https://github.com/Seldarzu/SER_AUDIO_CREMA_D,,,CREMA-D,supplemental_code,include,,,,raw GitHub repository-search hit; GH-CRE-2 rank=31 || P0 static audit included at b03292df086566cf056e9b858c1c5137818c42e3; batch=audit_batch_rc.csv
C215,2026-08-10T14:54:24-04:00,GitHubAPI,RC_GH_CRE_2,https://github.com/Dansoko22md/Deep-Learning-Video-Emotion,https://github.com/Dansoko22md/Deep-Learning-Video-Emotion,,,CREMA-D,unknown,pending,,,,raw GitHub repository-search hit; GH-CRE-2 rank=46
C216,2026-08-10T14:54:24-04:00,GitHubAPI,RC_GH_CRE_2,https://github.com/shudhanshurp/Emotion-Recognition-from-Audio-ERA,https://github.com/shudhanshurp/Emotion-Recognition-from-Audio-ERA,,,CREMA-D,unknown,pending,,,,raw GitHub repository-search hit; GH-CRE-2 rank=49
C217,2026-08-10T14:54:24-04:00,GitHubAPI,RC_GH_CRE_2,https://github.com/meghaarajeev/EmoSense-EmotionAnalysis-Machine-Learning,https://github.com/meghaarajeev/EmoSense-EmotionAnalysis-Machine-Learning,,,CREMA-D,unknown,pending,,,,raw GitHub repository-search hit; GH-CRE-2 rank=51
C218,2026-08-10T14:54:24-04:00,GitHubAPI,RC_GH_CRE_2|IE_GH_E_02,https://github.com/Pranav5489/CodeAlpha_Emotion_Recognition_from_Speech,https://github.com/Pranav5489/CodeAlpha_Emotion_Recognition_from_Speech,,,CREMA-D|EmoDB,unknown,pending,,,,raw GitHub repository-search hit; GH-CRE-2 rank=53
C219,2026-08-10T14:54:24-04:00,GitHubAPI,RC_GH_CRE_2|IE_GH_E_02|IE_GH_E_HYPHEN_02,https://github.com/krisshhjain/EmoDB,https://github.com/krisshhjain/EmoDB,,,CREMA-D|EmoDB,unknown,exclude,E2_target_not_evaluated,"README datasets/results are RAVDESS, CREMA-D, and TESS, not EmoDB",,"raw GitHub repository-search hit; GH-CRE-2 rank=60 || suggested_exclusion=E2_target_not_evaluated; README datasets/results are RAVDESS, CREMA-D, and TESS, not EmoDB"
C220,2026-08-10T14:54:24-04:00,GitHubAPI,RC_GH_CRE_2,https://github.com/VishHUB1/Multimodal-SER,https://github.com/VishHUB1/Multimodal-SER,,,CREMA-D,unknown,pending,,,,raw GitHub repository-search hit; GH-CRE-2 rank=61
C221,2026-08-10T14:54:24-04:00,GitHubAPI,RC_GH_CRE_2,https://github.com/abinesh-sk/Speech-Based-Fatigue-and-Early-Burnout-Prediction,https://github.com/abinesh-sk/Speech-Based-Fatigue-and-Early-Burnout-Prediction,,,CREMA-D,unknown,pending,,,,raw GitHub repository-search hit; GH-CRE-2 rank=62
C222,2026-08-10T14:54:24-04:00,GitHubAPI,RC_GH_CRE_2,https://github.com/Abdullahnaveed102/Sentiment-Analysis-of-Audio-Recordings,https://github.com/Abdullahnaveed102/Sentiment-Analysis-of-Audio-Recordings,,,CREMA-D,unknown,pending,,,,raw GitHub repository-search hit; GH-CRE-2 rank=63
C223,2026-08-10T14:54:36-04:00,WebSearch,RC_WEB_BATCH|RC_WEB_CRE_VERIFY,https://github.com/tensorflow/datasets,https://github.com/tensorflow/datasets,,,CREMA-D,unknown,pending,,,,raw combined web-search result; unique-repository order=1; per-query allocation unavailable; raw CREMA-D supplementary-web result; unique-repository order=1
C224,2026-08-10T14:54:36-04:00,WebSearch,RC_WEB_BATCH|RC_WEB_CRE_VERIFY,https://github.com/divyakhunt/speech_emotion_recognition,https://github.com/divyakhunt/speech_emotion_recognition,,,RAVDESS|CREMA-D,unknown,pending,,,,raw combined web-search result; unique-repository order=2; per-query allocation unavailable; raw CREMA-D supplementary-web result; unique-repository order=3
C225,2026-08-10T14:54:36-04:00,WebSearch,RC_WEB_BATCH|RC_WEB_CRE_VERIFY,https://github.com/CheyneyComputerScience/CREMA-D,https://github.com/CheyneyComputerScience/CREMA-D,,,CREMA-D,unknown,pending,,,,raw combined web-search result; unique-repository order=3; per-query allocation unavailable; raw CREMA-D supplementary-web result; unique-repository order=4
C226,2026-08-10T14:54:36-04:00,WebSearch,RC_WEB_BATCH|RC_WEB_CRE_VERIFY,https://github.com/EsratMaria/Speech_Emotion_Recognition_Model,https://github.com/EsratMaria/Speech_Emotion_Recognition_Model,,,CREMA-D,unknown,pending,,,,raw combined web-search result; unique-repository order=4; per-query allocation unavailable; raw CREMA-D supplementary-web result; unique-repository order=5
C227,2026-08-10T14:54:36-04:00,WebSearch,RC_WEB_BATCH|RC_WEB_RAV_VERIFY,https://github.com/Meghashyam-adimallam/speech-emotion-recognition,https://github.com/Meghashyam-adimallam/speech-emotion-recognition,,,RAVDESS,unknown,pending,,,,raw combined web-search result; unique-repository order=6; per-query allocation unavailable; raw RAVDESS supplementary-web result; unique-repository order=6
C228,2026-08-10T14:54:36-04:00,WebSearch,RC_WEB_BATCH|RC_WEB_RAV_VERIFY,https://github.com/vmehtacode/speech-emotion-recognition,https://github.com/vmehtacode/speech-emotion-recognition,,,RAVDESS,unknown,pending,,,,raw combined web-search result; unique-repository order=7; per-query allocation unavailable; raw RAVDESS supplementary-web result; unique-repository order=7
C229,2026-08-10T14:54:36-04:00,WebSearch,RC_WEB_BATCH|RC_WEB_RAV_VERIFY,https://github.com/IliaZenkov/sklearn-audio-classification,https://github.com/IliaZenkov/sklearn-audio-classification,,,RAVDESS,unknown,pending,,,,raw combined web-search result; unique-repository order=9; per-query allocation unavailable; raw RAVDESS supplementary-web result; unique-repository order=9
C230,2026-08-10T14:54:36-04:00,WebSearch,RC_WEB_BATCH|RC_WEB_CRE_VERIFY|IE_WEB_IE_00|IE_WEB_I_01|IE_WEB_E_01,https://github.com/emo-box/EmoBox,https://github.com/emo-box/EmoBox,EmoBox: Multilingual Multi-corpus Speech Emotion Recognition Toolkit and Benchmark,https://arxiv.org/abs/2406.07162,RAVDESS|CREMA-D|IEMOCAP|EmoDB,official,include,,,,raw combined web-search result; unique-repository order=10; per-query allocation unavailable; raw CREMA-D supplementary-web result; unique-repository order=7 || WEB-IE-00 timestamp reconstructed between adjacent logged calls; combined connector output did not expose a stable result-page URL || P0 static audit included at 39c306b37302e6696d4622e23da2d32418a30491; batch=audit_batch_rc.csv
C231,2026-08-10T14:54:36-04:00,WebSearch,RC_WEB_BATCH|RC_WEB_CRE_VERIFY,https://github.com/rao-ma/Whisper_audio_classification,https://github.com/rao-ma/Whisper_audio_classification,Investigating the Emergent Audio Classification Ability of ASR Foundation Models,https://arxiv.org/abs/2311.09363,RAVDESS|CREMA-D,official,include,,,,raw combined web-search result; unique-repository order=12; per-query allocation unavailable; raw CREMA-D supplementary-web result; unique-repository order=8 || P0 static audit included at d3b598a46ef7dee9bb2373a274dc4922b2b4ab6d; batch=audit_batch_rc.csv
C232,2026-08-10T14:54:36-04:00,WebSearch,RC_WEB_BATCH|RC_WEB_RAV_VERIFY,https://github.com/RoboCupAtHome/AtHomeCommunityWiki,https://github.com/RoboCupAtHome/AtHomeCommunityWiki,,,RAVDESS|CREMA-D,unknown,pending,,,,raw combined web-search result; unique-repository order=13; per-query allocation unavailable; raw RAVDESS supplementary-web result; unique-repository order=13
C233,2026-08-10T14:54:48-04:00,WebSearch,RC_WEB_RAV_VERIFY,https://github.com/tuncayka/speech_emotion,https://github.com/tuncayka/speech_emotion,,,RAVDESS,unknown,pending,,,,raw RAVDESS supplementary-web result; unique-repository order=1
C234,2026-08-10T14:54:48-04:00,WebSearch,RC_WEB_RAV_VERIFY,https://github.com/yfliao/Emotion-Classification-Ravdess,https://github.com/yfliao/Emotion-Classification-Ravdess,,,RAVDESS,unknown,pending,,,,raw RAVDESS supplementary-web result; unique-repository order=5
C235,2026-08-10T14:54:48-04:00,WebSearch,RC_WEB_RAV_VERIFY,https://github.com/ZenvilleErasmus/RAVDESS-emotions-speech-audio-only,https://github.com/ZenvilleErasmus/RAVDESS-emotions-speech-audio-only,,,RAVDESS,unknown,pending,,,,raw RAVDESS supplementary-web result; unique-repository order=11
C236,2026-08-10T14:54:48-04:00,WebSearch,RC_WEB_RAV_VERIFY,https://github.com/purnima99/EmotionDetection,https://github.com/purnima99/EmotionDetection,,,RAVDESS,unknown,pending,,,,raw RAVDESS supplementary-web result; unique-repository order=12
C237,2026-08-10T14:54:48-04:00,GitHubSnowball,RC_WEB_RAV_VERIFY,https://github.com/marcogdepinto/emotion-classification-from-audio-files,https://github.com/marcogdepinto/emotion-classification-from-audio-files,Emotions Understanding Model from Spoken Language using Deep Neural Networks and Mel-Frequency Cepstral Coefficients,https://ieeexplore.ieee.org/document/9122698,RAVDESS,author_linked_updated_code,include,,,,upstream repository exposed by the yfliao fork relationship in the RAVDESS web result || P0 static audit included at bd5503a7d2dbb9499be7868315059b03843c41c3; batch=audit_batch_rc.csv
C238,2026-08-10T14:55:00-04:00,WebSearch,RC_WEB_CRE_VERIFY,https://github.com/standing-o/Combined_Dataset_for_Speech_Emotion_Recognition,https://github.com/standing-o/Combined_Dataset_for_Speech_Emotion_Recognition,,,CREMA-D,unknown,pending,,,,raw CREMA-D supplementary-web result; unique-repository order=9
C239,2026-08-10T14:55:00-04:00,WebSearch,RC_WEB_CRE_VERIFY,https://github.com/michen00/multilingual_speech_valence_classification_datasets,https://github.com/michen00/multilingual_speech_valence_classification_datasets,,,CREMA-D,unknown,pending,,,,raw CREMA-D supplementary-web result; unique-repository order=10
C240,2026-08-10T14:55:00-04:00,WebSearch,RC_WEB_CRE_VERIFY,https://github.com/abikaki/awesome-speech-emotion-recognition,https://github.com/abikaki/awesome-speech-emotion-recognition,,,CREMA-D,unknown,pending,,,,raw CREMA-D supplementary-web result; unique-repository order=11
C241,2026-08-10T14:55:00-04:00,WebSearch,RC_WEB_CRE_VERIFY,https://github.com/SuperKogito/SER-datasets,https://github.com/SuperKogito/SER-datasets,,,CREMA-D,unknown,pending,,,,raw CREMA-D supplementary-web result; unique-repository order=12
C242,2026-08-10T14:53:32-04:00,GitHubAPI,IE_GH_I_01|IE_GH_I_02,https://github.com/xuanjihe/speech-emotion-recognition,https://github.com/xuanjihe/speech-emotion-recognition,3-D Convolutional Recurrent Neural Networks With Attention Model for Speech Emotion Recognition,https://doi.org/10.1109/LSP.2018.2860246,IEMOCAP,author_associated,include,,,,P0 static audit included at b0ba1255b2977faeaf93818a3a5a92c0be4c7c59; batch=audit_batch_ie.csv
C243,2026-08-10T14:53:32-04:00,GitHubAPI,IE_GH_I_01|IE_GH_I_02,https://github.com/Demfier/multimodal-speech-emotion-recognition,https://github.com/Demfier/multimodal-speech-emotion-recognition,,,IEMOCAP,unknown,pending,,,,
C244,2026-08-10T14:53:32-04:00,GitHubAPI,IE_GH_I_01|IE_GH_I_02,https://github.com/PiotrSobczak/speech-emotion-recognition,https://github.com/PiotrSobczak/speech-emotion-recognition,,,IEMOCAP,unknown,pending,,,,
C245,2026-08-10T14:53:32-04:00,GitHubAPI,IE_GH_I_01|IE_GH_I_02,https://github.com/ShaheenPerveen/speech-emotion-recognition-iemocap,https://github.com/ShaheenPerveen/speech-emotion-recognition-iemocap,,,IEMOCAP,unknown,pending,,,,
C246,2026-08-10T14:53:32-04:00,GitHubAPI|WebSearch|arXiv,IE_GH_I_01|IE_GH_I_02|IE_WEB_I_01|PA_AX03|PA_WEB01,https://github.com/Vincent-ZHQ/CA-MSER,https://github.com/Vincent-ZHQ/CA-MSER,Speech Emotion Recognition with Co-Attention based Multi-level Acoustic Information,https://arxiv.org/abs/2203.15326v1,IEMOCAP,paper_linked,include,,,,paper says code is on GitHub; repository README provides the exact paper citation || P0 static audit included at 8c77cfe3ccc33983d3658e26dcf02b2dce63750c; batch=audit_batch_ie.csv
C247,2026-08-10T14:53:32-04:00,GitHubAPI,IE_GH_I_01|IE_GH_I_02,https://github.com/Sreyan88/MMER,https://github.com/Sreyan88/MMER,MMER: Multimodal Multi-task Learning for Speech Emotion Recognition,https://www.isca-archive.org/interspeech_2023/ghosh23b_interspeech.html,IEMOCAP,official,include,,,,P0 static audit included at 2b076fb11dd2f04fcae6800a1fcc7e54a13e4ba5; batch=audit_batch_ie.csv
C248,2026-08-10T14:53:32-04:00,GitHubAPI,IE_GH_I_01|IE_GH_I_02,https://github.com/mzarvandi/SER-wav2vec,https://github.com/mzarvandi/SER-wav2vec,,,IEMOCAP,unknown,pending,,,,
C249,2026-08-10T14:53:32-04:00,GitHubAPI,IE_GH_I_01|IE_GH_I_02,https://github.com/nhut-ngnn/Multimodal-Speech-Emotion-Recognition,https://github.com/nhut-ngnn/Multimodal-Speech-Emotion-Recognition,,,IEMOCAP,unknown,pending,,,,
C250,2026-08-10T14:53:32-04:00,GitHubAPI,IE_GH_I_01|IE_GH_I_02,https://github.com/bagustris/asj_autumn_2019,https://github.com/bagustris/asj_autumn_2019,RNN-based Dimensional Speech Emotion Recognition,https://github.com/bagustris/asj_autumn_2019/blob/2a43d5af79ab73ddc1f767c414c3a9c945cfba07/bta_asjautumn2019.pdf,IEMOCAP,author_associated,include,,,,P0 static audit included at 2a43d5af79ab73ddc1f767c414c3a9c945cfba07; batch=audit_batch_pa2.csv
C251,2026-08-10T14:53:32-04:00,GitHubAPI,IE_GH_I_01|IE_GH_I_02,https://github.com/bolajixi/Mulitimodal-Speech-Emotion-Recognition,https://github.com/bolajixi/Mulitimodal-Speech-Emotion-Recognition,,,IEMOCAP,unknown,pending,,,,
C252,2026-08-10T14:53:32-04:00,GitHubAPI,IE_GH_I_01|IE_GH_I_02,https://github.com/dori2063/SER_Augmentation_CycleGAN,https://github.com/dori2063/SER_Augmentation_CycleGAN,,,IEMOCAP,unknown,pending,,,,
C253,2026-08-10T14:53:32-04:00,GitHubAPI,IE_GH_I_01|IE_GH_I_02,https://github.com/Nightey3s/Speech-Emotion-Recognition-using-Wav2Vec2,https://github.com/Nightey3s/Speech-Emotion-Recognition-using-Wav2Vec2,,,IEMOCAP,unknown,pending,,,,
C254,2026-08-10T14:53:32-04:00,GitHubAPI,IE_GH_I_01|IE_GH_I_02,https://github.com/ShaheenPerveen/Speech_Emotion_Recognition_IEMOCAP,https://github.com/ShaheenPerveen/Speech_Emotion_Recognition_IEMOCAP,,,IEMOCAP,unknown,pending,,,,same_owner_dedup_review_required against ShaheenPerveen/speech-emotion-recognition-iemocap
C255,2026-08-10T14:53:32-04:00,GitHubAPI,IE_GH_I_01|IE_GH_I_02,https://github.com/RaudraKush/Speech-Emotion-Recognition---IEMOCAP,https://github.com/RaudraKush/Speech-Emotion-Recognition---IEMOCAP,,,IEMOCAP,unknown,pending,,,,
C256,2026-08-10T14:53:32-04:00,GitHubAPI,IE_GH_I_01|IE_GH_I_02,https://github.com/vamsib2009/SpeechEmotionRecognition_IEMOCAP,https://github.com/vamsib2009/SpeechEmotionRecognition_IEMOCAP,,,IEMOCAP,unknown,pending,,,,
C257,2026-08-10T14:53:32-04:00,GitHubAPI,IE_GH_I_01|IE_GH_I_02,https://github.com/ameermasood/MultimodalSpeechEmotionRecognition,https://github.com/ameermasood/MultimodalSpeechEmotionRecognition,,,IEMOCAP,unknown,pending,,,,
C258,2026-08-10T14:53:32-04:00,GitHubAPI,IE_GH_I_01|IE_GH_I_02,https://github.com/luantber/iemocap-hashes,https://github.com/luantber/iemocap-hashes,,,IEMOCAP,unknown,exclude,E3_no_relevant_code,hash/data helper with no SER training/evaluation path observed,,suggested_exclusion=E3_no_relevant_code; hash/data helper with no SER training/evaluation path observed
C259,2026-08-10T14:53:32-04:00,GitHubAPI,IE_GH_I_01|IE_GH_I_02,https://github.com/daribdb/speech-emotion-recognition-iemocap,https://github.com/daribdb/speech-emotion-recognition-iemocap,,,IEMOCAP,unknown,pending,,,,
C260,2026-08-10T14:53:32-04:00,GitHubAPI,IE_GH_I_01|IE_GH_I_02,https://github.com/jaaferklila/speech_emotion_recognition_iemocap,https://github.com/jaaferklila/speech_emotion_recognition_iemocap,,,IEMOCAP,unknown,pending,,,,
C261,2026-08-10T14:53:32-04:00,GitHubAPI,IE_GH_I_01|IE_GH_I_02,https://github.com/vennietweek/multimodal-speech-emotion-recognition,https://github.com/vennietweek/multimodal-speech-emotion-recognition,,,IEMOCAP,unknown,pending,,,,
C262,2026-08-10T14:53:32-04:00,GitHubAPI,IE_GH_I_01|IE_GH_I_02,https://github.com/Xiao-Yu-Cassie/Speech-Emotion-Recognition-on-Iemocap,https://github.com/Xiao-Yu-Cassie/Speech-Emotion-Recognition-on-Iemocap,,,IEMOCAP,unknown,pending,,,,
C263,2026-08-10T14:53:32-04:00,GitHubAPI,IE_GH_I_01|IE_GH_I_02,https://github.com/ribkatam/SER,https://github.com/ribkatam/SER,,,IEMOCAP,unknown,pending,,,,
C264,2026-08-10T14:53:32-04:00,GitHubAPI,IE_GH_I_01|IE_GH_I_02,https://github.com/pranav-sonawane/speech-emotion-recognition,https://github.com/pranav-sonawane/speech-emotion-recognition,,,IEMOCAP,unknown,exclude,E5_duplicate_or_fork,retain=https://github.com/xuanjihe/speech-emotion-recognition,https://github.com/xuanjihe/speech-emotion-recognition,suggested_exclusion=E5_duplicate_or_fork; retain=https://github.com/xuanjihe/speech-emotion-recognition; README SHA-256 identical
C265,2026-08-10T14:53:32-04:00,GitHubAPI,IE_GH_I_01|IE_GH_I_02,https://github.com/Cassie-Xiao-Yu/Multimodal-Speech-Emotion-Recognition-on-Iemocap,https://github.com/Cassie-Xiao-Yu/Multimodal-Speech-Emotion-Recognition-on-Iemocap,,,IEMOCAP,unknown,pending,,,,
C266,2026-08-10T14:53:32-04:00,GitHubAPI,IE_GH_I_01|IE_GH_I_02,https://github.com/AitanaESCI/speech-emotion-recognition,https://github.com/AitanaESCI/speech-emotion-recognition,,,IEMOCAP,unknown,pending,,,,
C267,2026-08-10T14:53:32-04:00,GitHubAPI,IE_GH_I_01|IE_GH_I_02,https://github.com/Nada-belarbi/multimodal-speech-emotion-recognition,https://github.com/Nada-belarbi/multimodal-speech-emotion-recognition,,,IEMOCAP,unknown,pending,,,,
C268,2026-08-10T14:53:32-04:00,GitHubAPI,IE_GH_I_01|IE_GH_I_02,https://github.com/bellagodiva/Context-Aided-Speech-Emotion-Recognition,https://github.com/bellagodiva/Context-Aided-Speech-Emotion-Recognition,Speech Emotion Recognition with Co-Attention on Acoustic and Linguistic Features from Past Utterances,https://github.com/bellagodiva/Context-Aided-Speech-Emotion-Recognition/blob/53f015b32bc03f633b8b7096940edfa9559eb75f/godiva_ICASSP2024.pdf,IEMOCAP,author_associated,include,,,,P0 static audit included at 53f015b32bc03f633b8b7096940edfa9559eb75f; batch=audit_batch_pa2.csv
C269,2026-08-10T14:53:32-04:00,GitHubAPI,IE_GH_I_01|IE_GH_I_02,https://github.com/akhil2495/LSTM_speech_emotion_recognition,https://github.com/akhil2495/LSTM_speech_emotion_recognition,,,IEMOCAP,unknown,pending,,,,
C270,2026-08-10T14:53:32-04:00,GitHubAPI,IE_GH_I_01|IE_GH_I_02,https://github.com/junhao21xd/FYP-CCDS25-0121-SER,https://github.com/junhao21xd/FYP-CCDS25-0121-SER,,,IEMOCAP,unknown,pending,,,,
C271,2026-08-10T14:53:32-04:00,GitHubAPI,IE_GH_I_01|IE_GH_I_02,https://github.com/Gopal518/Multimodal-Speech-Emotion-Recognition,https://github.com/Gopal518/Multimodal-Speech-Emotion-Recognition,,,IEMOCAP,unknown,pending,,,,
C272,2026-08-10T14:53:32-04:00,GitHubAPI,IE_GH_I_01|IE_GH_I_02|IE_GH_E_HYPHEN_01|IE_GH_E_HYPHEN_02,https://github.com/cherreggy/Speech-Emotion-Recognition-with-Two-Layers-LSTM,https://github.com/cherreggy/Speech-Emotion-Recognition-with-Two-Layers-LSTM,,,IEMOCAP|EmoDB,unknown,pending,,,,
C273,2026-08-10T14:53:32-04:00,GitHubAPI,IE_GH_I_01|IE_GH_I_02,https://github.com/ouoouoouoouo/merits-l-inference,https://github.com/ouoouoouoouo/merits-l-inference,,,IEMOCAP,unknown,pending,,,,
C274,2026-08-10T14:53:32-04:00,GitHubAPI,IE_GH_I_01|IE_GH_I_02,https://github.com/Yaowan410/Emotion-Aware-subtitles,https://github.com/Yaowan410/Emotion-Aware-subtitles,,,IEMOCAP,unknown,pending,,,,
C275,2026-08-10T14:53:32-04:00,GitHubAPI,IE_GH_I_01|IE_GH_I_02,https://github.com/AShirsat96/Speech-Emotion-Recognition-with-Wav2Vec2,https://github.com/AShirsat96/Speech-Emotion-Recognition-with-Wav2Vec2,,,IEMOCAP,unknown,pending,,,,
C276,2026-08-10T14:53:32-04:00,GitHubAPI,IE_GH_I_01|IE_GH_I_02,https://github.com/HarikaSasapu/Interpretable_Speech_Emotion_Recognition_Model_AI,https://github.com/HarikaSasapu/Interpretable_Speech_Emotion_Recognition_Model_AI,,,IEMOCAP,unknown,pending,,,,
C277,2026-08-10T14:53:32-04:00,GitHubAPI,IE_GH_I_01|IE_GH_I_02,https://github.com/tarunbhat-coet/multimodal-emotion-recognition,https://github.com/tarunbhat-coet/multimodal-emotion-recognition,,,IEMOCAP,unknown,pending,,,,
C278,2026-08-10T14:53:32-04:00,GitHubAPI,IE_GH_I_01|IE_GH_I_02,https://github.com/ouoouoouoouo/merits-l-llama,https://github.com/ouoouoouoouo/merits-l-llama,,,IEMOCAP,unknown,pending,,,,
C279,2026-08-10T14:53:32-04:00,GitHubAPI,IE_GH_I_01|IE_GH_I_02,https://github.com/SunnyJaneH/DualBranchSER,https://github.com/SunnyJaneH/DualBranchSER,,,IEMOCAP,unknown,pending,,,,
C280,2026-08-10T14:53:32-04:00,GitHubAPI,IE_GH_I_01|IE_GH_I_02,https://github.com/varunteja99/mmser-rnn,https://github.com/varunteja99/mmser-rnn,,,IEMOCAP,unknown,pending,,,,
C281,2026-08-10T14:53:35-04:00,GitHubAPI,IE_GH_I_02,https://github.com/akhil2495/multi-modal-emotion-recognition,https://github.com/akhil2495/multi-modal-emotion-recognition,,,IEMOCAP,unknown,pending,,,,
C282,2026-08-10T14:53:35-04:00,GitHubAPI,IE_GH_I_02,https://github.com/zrr1999/emotion-recognition,https://github.com/zrr1999/emotion-recognition,,,IEMOCAP,unknown,pending,,,,
C283,2026-08-10T14:53:35-04:00,GitHubAPI,IE_GH_I_02,https://github.com/wenliangdai/Modality-Transferable-MER,https://github.com/wenliangdai/Modality-Transferable-MER,,,IEMOCAP,unknown,pending,,,,
C284,2026-08-10T14:53:35-04:00,GitHubAPI,IE_GH_I_02,https://github.com/sadat1971/Emotion_Recognition,https://github.com/sadat1971/Emotion_Recognition,,,IEMOCAP,unknown,pending,,,,
C285,2026-08-10T14:53:35-04:00,GitHubAPI,IE_GH_I_02,https://github.com/rofe-dl/emotion-recognition-ensemble-learning,https://github.com/rofe-dl/emotion-recognition-ensemble-learning,,,IEMOCAP,unknown,pending,,,,
C286,2026-08-10T14:53:35-04:00,GitHubAPI,IE_GH_I_02,https://github.com/ludybupt/FATRER,https://github.com/ludybupt/FATRER,,,IEMOCAP,unknown,pending,,,,
C287,2026-08-10T14:53:35-04:00,GitHubAPI,IE_GH_I_02,https://github.com/ido-rosenberger/emotion-recognition-iemocap,https://github.com/ido-rosenberger/emotion-recognition-iemocap,,,IEMOCAP,unknown,pending,,,,
C288,2026-08-10T14:53:35-04:00,GitHubAPI,IE_GH_I_02,https://github.com/xdotli/emotion_recognition_iemocap,https://github.com/xdotli/emotion_recognition_iemocap,,,IEMOCAP,unknown,pending,,,,
C289,2026-08-10T14:53:35-04:00,GitHubAPI,IE_GH_I_02,https://github.com/mohammadamin-ai/emotion-recognition-IEMOCAP,https://github.com/mohammadamin-ai/emotion-recognition-IEMOCAP,,,IEMOCAP,unknown,pending,,,,
C290,2026-08-10T14:53:35-04:00,GitHubAPI,IE_GH_I_02,https://github.com/Achyut-Krishna/emotion_recognition_iemocap,https://github.com/Achyut-Krishna/emotion_recognition_iemocap,,,IEMOCAP,unknown,pending,,,,
C291,2026-08-10T14:53:35-04:00,GitHubAPI,IE_GH_I_02,https://github.com/Dhawalbabbar/Emotion-Recognition-With-Speech,https://github.com/Dhawalbabbar/Emotion-Recognition-With-Speech,,,IEMOCAP,unknown,pending,,,,
C292,2026-08-10T14:53:35-04:00,GitHubAPI,IE_GH_I_02,https://github.com/HenryvanderVegte/masters_thesis,https://github.com/HenryvanderVegte/masters_thesis,,,IEMOCAP,unknown,pending,,,,
C293,2026-08-10T14:53:35-04:00,GitHubAPI,IE_GH_I_02,https://github.com/ravinarayanaA/IEMOCAP-Multimodal-emotion-recognition,https://github.com/ravinarayanaA/IEMOCAP-Multimodal-emotion-recognition,,,IEMOCAP,unknown,pending,,,,
C294,2026-08-10T14:53:35-04:00,GitHubAPI,IE_GH_I_02,https://github.com/darwinrocha85/fuzzy-embracenet,https://github.com/darwinrocha85/fuzzy-embracenet,,,IEMOCAP,unknown,pending,,,,
C295,2026-08-10T14:53:35-04:00,GitHubAPI,IE_GH_I_02|IE_GH_I_LONG_02,https://github.com/Jaysharma2/Multi-Modal_Multi-Focus_Emotion_Recognition,https://github.com/Jaysharma2/Multi-Modal_Multi-Focus_Emotion_Recognition,,,IEMOCAP,unknown,pending,,,,
C296,2026-08-10T14:53:35-04:00,GitHubAPI,IE_GH_I_02,https://github.com/xdotli/emotion_recognition,https://github.com/xdotli/emotion_recognition,,,IEMOCAP,unknown,pending,,,,
C297,2026-08-10T14:53:35-04:00,GitHubAPI,IE_GH_I_02,https://github.com/eric0708/EmoSense,https://github.com/eric0708/EmoSense,,,IEMOCAP,unknown,pending,,,,
C298,2026-08-10T14:53:35-04:00,GitHubAPI,IE_GH_I_02,https://github.com/jtavernor/genetic_iemocap,https://github.com/jtavernor/genetic_iemocap,,,IEMOCAP,unknown,pending,,,,
C299,2026-08-10T14:53:35-04:00,GitHubAPI,IE_GH_I_02,https://github.com/Yan-Song/SpecAugment-vs-CodecAugment,https://github.com/Yan-Song/SpecAugment-vs-CodecAugment,,,IEMOCAP,unknown,pending,,,,
C300,2026-08-10T14:53:35-04:00,GitHubAPI,IE_GH_I_02,https://github.com/leecool9669/emotion-recognition-wav2vec2-IEMOCAP-WebUI,https://github.com/leecool9669/emotion-recognition-wav2vec2-IEMOCAP-WebUI,,,IEMOCAP,unknown,pending,,,,
C301,2026-08-10T14:53:35-04:00,GitHubAPI,IE_GH_I_02,https://github.com/Ayush2803/text-emotion-recognition,https://github.com/Ayush2803/text-emotion-recognition,,,IEMOCAP,unknown,pending,,,,
C302,2026-08-10T14:53:35-04:00,GitHubAPI,IE_GH_I_02,https://github.com/FedericoIppolito/Tensor-Network-for-Emotion-Recognition,https://github.com/FedericoIppolito/Tensor-Network-for-Emotion-Recognition,,,IEMOCAP,unknown,pending,,,,
C303,2026-08-10T14:53:35-04:00,GitHubAPI,IE_GH_I_02,https://github.com/Aditya3107/SpecAugment-vs-CodecAugment,https://github.com/Aditya3107/SpecAugment-vs-CodecAugment,,,IEMOCAP,unknown,pending,,,,
C304,2026-08-10T14:53:35-04:00,GitHubAPI,IE_GH_I_02,https://github.com/Makiato1999/HRI-EMO,https://github.com/Makiato1999/HRI-EMO,,,IEMOCAP,unknown,pending,,,,
C305,2026-08-10T14:53:35-04:00,GitHubAPI,IE_GH_I_02,https://github.com/hiyadullu/spatiotemporal-emotion-recognition,https://github.com/hiyadullu/spatiotemporal-emotion-recognition,,,IEMOCAP,unknown,pending,,,,
C306,2026-08-10T14:53:35-04:00,GitHubAPI,IE_GH_I_02,https://github.com/rajeswari-0709/Multimodal-Emotion-Recognition,https://github.com/rajeswari-0709/Multimodal-Emotion-Recognition,,,IEMOCAP,unknown,pending,,,,
C307,2026-08-10T14:53:35-04:00,GitHubAPI,IE_GH_I_02,https://github.com/FriedolasNicomann/LLMs-as-Annotators-for-Emotion-Recognition,https://github.com/FriedolasNicomann/LLMs-as-Annotators-for-Emotion-Recognition,,,IEMOCAP,unknown,pending,,,,
C308,2026-08-10T14:53:35-04:00,GitHubAPI,IE_GH_I_02,https://github.com/Wissemtriki/Audio-and-text-based-emotion-recognition,https://github.com/Wissemtriki/Audio-and-text-based-emotion-recognition,,,IEMOCAP,unknown,pending,,,,
C309,2026-08-10T14:53:35-04:00,GitHubAPI,IE_GH_I_02,https://github.com/Salimgggg/reconaissance_emotions,https://github.com/Salimgggg/reconaissance_emotions,,,IEMOCAP,unknown,pending,,,,
C310,2026-08-10T14:53:35-04:00,GitHubAPI,IE_GH_I_02,https://github.com/kuksm/Multimodal-Speech-Text-Emotion-Recognizer,https://github.com/kuksm/Multimodal-Speech-Text-Emotion-Recognizer,,,IEMOCAP,unknown,pending,,,,
C311,2026-08-10T14:53:35-04:00,GitHubAPI,IE_GH_I_02,https://github.com/malikbaqi12/A-Hybrid-Approach-to-Emotion-Classification-Using-Multimodal-Text-and-Audio-Data,https://github.com/malikbaqi12/A-Hybrid-Approach-to-Emotion-Classification-Using-Multimodal-Text-and-Audio-Data,,,IEMOCAP,unknown,pending,,,,
C312,2026-08-10T14:53:35-04:00,GitHubAPI,IE_GH_I_02,https://github.com/Sanjula03/AEMER,https://github.com/Sanjula03/AEMER,,,IEMOCAP,unknown,pending,,,,
C313,2026-08-10T14:53:35-04:00,GitHubAPI,IE_GH_I_02,https://github.com/am541-fordham/Auris---NLP,https://github.com/am541-fordham/Auris---NLP,,,IEMOCAP,unknown,pending,,,,
C314,2026-08-10T14:53:35-04:00,GitHubAPI,IE_GH_I_02,https://github.com/PranavViswanathan/MERC,https://github.com/PranavViswanathan/MERC,,,IEMOCAP,unknown,pending,,,,
C315,2026-08-10T14:53:35-04:00,GitHubAPI,IE_GH_I_02,https://github.com/asolinks/M3NET_iteration2,https://github.com/asolinks/M3NET_iteration2,,,IEMOCAP,unknown,pending,,,,
C316,2026-08-10T14:53:37-04:00,GitHubAPI,IE_GH_E_01|IE_GH_E_02,https://github.com/hkveeranki/speech-emotion-recognition,https://github.com/hkveeranki/speech-emotion-recognition,,,EmoDB,supplemental_code,include,,,,P0 static audit included at be641b5e9771056c9926a45cca37a9024276a1f1; batch=audit_batch_ie.csv
C317,2026-08-10T14:53:37-04:00,GitHubAPI,IE_GH_E_01|IE_GH_E_02,https://github.com/zhengniuniu/emodbSER,https://github.com/zhengniuniu/emodbSER,,,EmoDB,unknown,pending,,,,
C318,2026-08-10T14:53:37-04:00,GitHubAPIQualification,IE_META_ACCESS_14,https://github.com/hellolzc/SpeechEmotionRecognition-emodb,https://github.com/hellolzc/speech-emotion-recognition,,,EmoDB,fork,exclude,E5_duplicate_or_fork,GitHub identifies Renovamen/Speech-Emotion-Recognition as parent and the frozen HEAD is the same upstream-authored commit,https://github.com/Renovamen/Speech-Emotion-Recognition,Independent hellolzc/SpeechEmotionRecognition-emodb was retained separately; the two URLs are not redirects
C319,2026-08-10T14:53:37-04:00,GitHubAPI,IE_GH_E_01|IE_GH_E_02|IE_GH_E_HYPHEN_01|IE_GH_E_HYPHEN_02,https://github.com/pmichele/SpeechEmotionRecognition,https://github.com/pmichele/SpeechEmotionRecognition,,,EmoDB,unknown,pending,,,,
C320,2026-08-10T14:53:37-04:00,GitHubAPI,IE_GH_E_01|IE_GH_E_02,https://github.com/raklugrin01/Speech-Emotion-Recognition-with-Emodb,https://github.com/raklugrin01/Speech-Emotion-Recognition-with-Emodb,,,EmoDB,unknown,pending,,,,
C321,2026-08-10T14:53:37-04:00,GitHubAPI,IE_GH_E_01|IE_GH_E_02|IE_GH_E_HYPHEN_01|IE_GH_E_HYPHEN_02,https://github.com/K-Schubert/speech-emotion-recognition,https://github.com/K-Schubert/speech-emotion-recognition,,,EmoDB,unknown,pending,,,,
C322,2026-08-10T14:53:37-04:00,GitHubAPI,IE_GH_E_01|IE_GH_E_02,https://github.com/Shivendu-kr/Speech-Emotion-Recognition,https://github.com/Shivendu-kr/Speech-Emotion-Recognition,,,EmoDB,unknown,pending,,,,
C323,2026-08-10T14:53:37-04:00,GitHubAPI,IE_GH_E_01|IE_GH_E_02,https://github.com/duclld1709/Speech-Emotion-Recognition,https://github.com/duclld1709/Speech-Emotion-Recognition,,,EmoDB,unknown,pending,,,,
C324,2026-08-10T14:53:37-04:00,GitHubAPI,IE_GH_E_01|IE_GH_E_02,https://github.com/ayamekni/Speech-Emotion-Recognition,https://github.com/ayamekni/Speech-Emotion-Recognition,,,EmoDB,unknown,pending,,,,
C325,2026-08-10T14:53:37-04:00,GitHubAPI,IE_GH_E_01|IE_GH_E_02,https://github.com/Temitope3003/Speech_Emotion_Recognition,https://github.com/Temitope3003/Speech_Emotion_Recognition,,,EmoDB,unknown,pending,,,,
C326,2026-08-10T14:53:37-04:00,GitHubAPI,IE_GH_E_01|IE_GH_E_02,https://github.com/rkingeski/emodbanalysis,https://github.com/rkingeski/emodbanalysis,,,EmoDB,unknown,pending,,,,
C327,2026-08-10T14:53:37-04:00,GitHubAPI,IE_GH_E_01|IE_GH_E_02,https://github.com/GauKho/SPEECH-EMOTION-RECOGNITION-USING-DNN-WITH-RAVDESS-EMODB,https://github.com/GauKho/SPEECH-EMOTION-RECOGNITION-USING-DNN-WITH-RAVDESS-EMODB,,,EmoDB,unknown,pending,,,,
C328,2026-08-10T14:53:37-04:00,GitHubAPI,IE_GH_E_01|IE_GH_E_02,https://github.com/kubaas/speech-emotions-recognition,https://github.com/kubaas/speech-emotions-recognition,,,EmoDB,unknown,pending,,,,
C329,2026-08-10T14:53:37-04:00,GitHubAPI,IE_GH_E_01|IE_GH_E_02,https://github.com/Jarjis-Mondal/Speech-Emotion-Recognition-Using-Deep-Learning-Methods,https://github.com/Jarjis-Mondal/Speech-Emotion-Recognition-Using-Deep-Learning-Methods,,,EmoDB,unknown,pending,,,,
C330,2026-08-10T14:53:37-04:00,GitHubAPI,IE_GH_E_01|IE_GH_E_02,https://github.com/Aseed2004/speech-emotion-recoginition-master,https://github.com/Aseed2004/speech-emotion-recoginition-master,,,EmoDB,unknown,pending,,,,
C331,2026-08-10T14:53:39-04:00,GitHubAPI,IE_GH_E_02,https://github.com/HaoTse/emotion-recognition,https://github.com/HaoTse/emotion-recognition,,,EmoDB,unknown,pending,,,,
C332,2026-08-10T14:53:39-04:00,GitHubAPI,IE_GH_E_02,https://github.com/eladkhil/Improving-emotion-clarity-in-speech-recognition-Deep-Learning,https://github.com/eladkhil/Improving-emotion-clarity-in-speech-recognition-Deep-Learning,,,EmoDB,unknown,pending,,,,
C333,2026-08-10T14:53:39-04:00,GitHubAPI,IE_GH_E_02,https://github.com/weli159/Emotion-clarity-in-speech-recognition,https://github.com/weli159/Emotion-clarity-in-speech-recognition,,,EmoDB,unknown,pending,,,,
C334,2026-08-10T14:53:39-04:00,GitHubAPI,IE_GH_E_02,https://github.com/dhivyeshrk/Audio_emotion_recognition,https://github.com/dhivyeshrk/Audio_emotion_recognition,,,EmoDB,unknown,pending,,,,
C335,2026-08-10T14:53:39-04:00,GitHubAPI,IE_GH_E_02,https://github.com/farah-mhedhbi/SER-Reproduction,https://github.com/farah-mhedhbi/SER-Reproduction,,,EmoDB,unknown,pending,,,,
C336,2026-08-10T14:53:48-04:00,WebSearch,IE_WEB_IE_00|IE_WEB_I_01|IE_WEB_E_01,https://github.com/samsudinng/speech_emo_recognition,https://github.com/samsudinng/speech_emo_recognition,,,IEMOCAP|EmoDB,unknown,pending,,,,WEB-IE-00 timestamp reconstructed between adjacent logged calls; combined connector output did not expose a stable result-page URL
C337,2026-08-10T14:53:48-04:00,WebSearch,IE_WEB_IE_00|IE_WEB_E_01,https://github.com/audeering/emodb,https://github.com/audeering/emodb,,,EmoDB,unknown,exclude,E1_not_SER,"dataset conversion/publication repository, not SER evaluation",,"WEB-IE-00 timestamp reconstructed between adjacent logged calls; combined connector output did not expose a stable result-page URL; suggested_exclusion=E1_not_SER; dataset conversion/publication repository, not SER evaluation"
C338,2026-08-10T14:53:48-04:00,WebSearch,IE_WEB_IE_00|IE_WEB_I_01|IE_WEB_E_01,https://github.com/dingdongwang/EmotionThinker,https://github.com/dingdongwang/EmotionThinker,,,IEMOCAP|EmoDB,unknown,pending,,,,WEB-IE-00 timestamp reconstructed between adjacent logged calls; combined connector output did not expose a stable result-page URL
C339,2026-08-10T14:53:48-04:00,WebSearch,IE_WEB_IE_00,https://github.com/tpnam0901/MemoCMT,https://github.com/tpnam0901/MemoCMT,MemoCMT: multimodal emotion recognition using cross-modal transformer-based feature fusion,https://www.nature.com/articles/s41598-025-89202-x,IEMOCAP,official,include,,,,WEB-IE-00 timestamp reconstructed between adjacent logged calls; combined connector output did not expose a stable result-page URL || P0 static audit included at d3248703e755319736b805fd6b0c2e8ab6089160; batch=audit_batch_pa2.csv
C340,2026-08-10T14:53:48-04:00,WebSearch,IE_WEB_IE_00,https://github.com/iiscleap/multimodal_emotion_recognition,https://github.com/iiscleap/multimodal_emotion_recognition,Multimodal Transformer With Learnable Frontend and Self Attention for Emotion Recognition,https://doi.org/10.1109/ICASSP43922.2022.9747723,IEMOCAP,official,include,,,,WEB-IE-00 timestamp reconstructed between adjacent logged calls; combined connector output did not expose a stable result-page URL || P0 static audit included at f5cd692cc045b76c67836c87d9f520e4bae8463d; batch=audit_batch_ie.csv
C341,2026-08-10T14:54:06-04:00,WebSearch,IE_WEB_I_01,https://github.com/nhattruongpham/mmser,https://github.com/nhattruongpham/mmser,SERVER: Multi-modal Speech Emotion Recognition using Transformer-based and Vision-based Embeddings,https://doi.org/10.1145/3591569.3591610,IEMOCAP,official,include,,,,P0 static audit included at ac75aaf5b0c4973212ede898ce28ccc7aff08396; batch=audit_batch_ie.csv
C342,2026-08-10T14:54:13-04:00,WebSearch,IE_WEB_E_01,https://github.com/mnamvarpour/Wav2vec2EmoFusion,https://github.com/mnamvarpour/Wav2vec2EmoFusion,Exploring the Potential of Wav2vec 2.0 for Speech Emotion Recognition Using Classifier Combination and Attention-Based Feature Fusion,https://doi.org/10.1007/s11227-024-06158-x,EmoDB,official,include,,,,discovered_at_old_url=https://github.com/HalflingWizard/Wav2vec2EmoFusion; GitHub API redirects to current canonical URL || P0 static audit included at 038c73a5863a1ac331ae62cd9a5da8fcc1cfe911; batch=audit_batch_ie.csv
C343,2026-08-10T14:54:13-04:00,WebSearch,IE_WEB_E_01,https://github.com/AryaAftab/LIGHT-SERNET,https://github.com/AryaAftab/LIGHT-SERNET,Light-SERNet: A lightweight fully convolutional neural network for speech emotion recognition,https://arxiv.org/abs/2110.03435,EmoDB,official,include,,,,P0 static audit included at 95022a09e28a652ec8a8e089e4e581db272435da; batch=audit_batch_pa2.csv
C344,2026-08-10T14:54:13-04:00,WebSearch,IE_WEB_E_01,https://github.com/Ztrimus/speech-emotion-recognition,https://github.com/Ztrimus/speech-emotion-recognition,,,EmoDB,unknown,exclude,E5_duplicate_or_fork,upstream=https://github.com/SBZed/speech-emotion-recognition,https://github.com/SBZed/speech-emotion-recognition,suggested_exclusion=E5_duplicate_or_fork; upstream=https://github.com/SBZed/speech-emotion-recognition; README SHA-256 identical
C345,2026-08-10T14:54:13-04:00,WebSearch,IE_WEB_E_01,https://github.com/AnkushMalaker/pretrained-dcnn-attention-ser,https://github.com/AnkushMalaker/pretrained-dcnn-attention-ser,,,EmoDB,unknown,pending,,,,borderline_stage_B; cited paper evaluates EmoDB/IEMOCAP but README says current repository data preparation supports only RAVDESS and changes AlexNet to ResNet50
C346,2026-08-10T14:54:36-04:00,GitHubAPI,IE_GH_E_HYPHEN_01|IE_GH_E_HYPHEN_02,https://github.com/745165806/Speech-emotion-recognition-Emo-DB,https://github.com/745165806/Speech-emotion-recognition-Emo-DB,,,EmoDB,unknown,pending,,,,
C347,2026-08-10T14:54:36-04:00,GitHubAPI,IE_GH_E_HYPHEN_01|IE_GH_E_HYPHEN_02,https://github.com/sselgrad23/speech-emotion-recognition-ml,https://github.com/sselgrad23/speech-emotion-recognition-ml,,,EmoDB,unknown,pending,,,,
C348,2026-08-10T14:54:36-04:00,GitHubAPI,IE_GH_E_HYPHEN_01|IE_GH_E_HYPHEN_02,https://github.com/fdebrain/Speech-Emotion-Recognition-Emo-DB,https://github.com/fdebrain/Speech-Emotion-Recognition-Emo-DB,,,EmoDB,unknown,pending,,,,
C349,2026-08-10T14:54:36-04:00,GitHubAPI,IE_GH_E_HYPHEN_01|IE_GH_E_HYPHEN_02,https://github.com/alyhxn/Speech-Emotion-Recognition-Emo-db,https://github.com/alyhxn/Speech-Emotion-Recognition-Emo-db,,,EmoDB,unknown,pending,,,,
C350,2026-08-10T14:54:36-04:00,GitHubAPI,IE_GH_E_HYPHEN_01|IE_GH_E_HYPHEN_02,https://github.com/Bohan7/Speech_emotion_recognition_Emo-DB,https://github.com/Bohan7/Speech_emotion_recognition_Emo-DB,,,EmoDB,unknown,pending,,,,
C351,2026-08-10T14:54:36-04:00,GitHubAPI,IE_GH_E_HYPHEN_01|IE_GH_E_HYPHEN_02,https://github.com/pavan7842/Speech-Emotion-Recognition,https://github.com/pavan7842/Speech-Emotion-Recognition,,,EmoDB,unknown,pending,,,,
C352,2026-08-10T14:54:36-04:00,GitHubAPI,IE_GH_E_HYPHEN_01|IE_GH_E_HYPHEN_02,https://github.com/CogitoErgoSum746/Speech-EMO-Recognition,https://github.com/CogitoErgoSum746/Speech-EMO-Recognition,,,EmoDB,unknown,exclude,E5_duplicate_or_fork,retain=https://github.com/hkveeranki/speech-emotion-recognition,https://github.com/hkveeranki/speech-emotion-recognition,suggested_exclusion=E5_duplicate_or_fork; retain=https://github.com/hkveeranki/speech-emotion-recognition; six core file SHA-256 values identical
C353,2026-08-10T14:54:36-04:00,GitHubAPI,IE_GH_E_HYPHEN_01|IE_GH_E_HYPHEN_02,https://github.com/Bhirundha01/Speech-Emotion-recognition-by-Deep-Learning,https://github.com/Bhirundha01/Speech-Emotion-recognition-by-Deep-Learning,,,EmoDB,unknown,pending,,,,
C354,2026-08-10T14:54:36-04:00,GitHubAPI,IE_GH_E_HYPHEN_01|IE_GH_E_HYPHEN_02,https://github.com/UmaSamineni13/CodeAlpha_emotion-recognition-from-speech,https://github.com/UmaSamineni13/CodeAlpha_emotion-recognition-from-speech,,,EmoDB,unknown,pending,,,,
C355,2026-08-10T14:54:36-04:00,GitHubAPI,IE_GH_E_HYPHEN_01|IE_GH_E_HYPHEN_02,https://github.com/Shiva9855/CodeAlpha_Emotion-Recognition-from-Speech,https://github.com/Shiva9855/CodeAlpha_Emotion-Recognition-from-Speech,,,EmoDB,unknown,pending,,,,
C356,2026-08-10T14:54:37-04:00,GitHubAPI,IE_GH_E_HYPHEN_02|IE_GH_E_LONG_02,https://github.com/chiarage/Classification-of-Emotion-using-EMO-DB,https://github.com/chiarage/Classification-of-Emotion-using-EMO-DB,,,EmoDB,unknown,pending,,,,
C357,2026-08-10T14:54:37-04:00,GitHubAPI,IE_GH_E_HYPHEN_02,https://github.com/opalclouds/Emotion-Recognition-using-Speech,https://github.com/opalclouds/Emotion-Recognition-using-Speech,,,EmoDB,unknown,pending,,,,
C358,2026-08-10T14:54:37-04:00,GitHubAPI,IE_GH_E_HYPHEN_02|IE_GH_E_LONG_02,https://github.com/GiovanniNoe02/Classification-of-Emotions-using-EMO-DB,https://github.com/GiovanniNoe02/Classification-of-Emotions-using-EMO-DB,,,EmoDB,unknown,pending,,,,
C359,2026-08-10T14:54:37-04:00,GitHubAPI,IE_GH_E_HYPHEN_02,https://github.com/mohamedamineya/Emotion-Recognition-from-Speech-using-Deep-Learning,https://github.com/mohamedamineya/Emotion-Recognition-from-Speech-using-Deep-Learning,,,EmoDB,unknown,pending,,,,
C360,2026-08-10T14:54:37-04:00,GitHubAPI,IE_GH_E_HYPHEN_02,https://github.com/jayeshkadam785/CodeAlpha_Emotion-Recognition-from-Speech,https://github.com/jayeshkadam785/CodeAlpha_Emotion-Recognition-from-Speech,,,EmoDB,unknown,pending,,,,
C361,2026-08-10T14:54:37-04:00,GitHubAPI,IE_GH_E_HYPHEN_02,https://github.com/Kani2k06/CODEALPHA-TASK-2,https://github.com/Kani2k06/CODEALPHA-TASK-2,,,EmoDB,unknown,pending,,,,
C362,2026-08-10T14:54:37-04:00,GitHubAPI,IE_GH_E_HYPHEN_02,https://github.com/Akarshrai2024/code-alpha-project-task-1-and-task-2,https://github.com/Akarshrai2024/code-alpha-project-task-1-and-task-2,,,EmoDB,unknown,pending,,,,
C363,2026-08-10T14:55:19-04:00,arXiv,PA_AX01|PA_AX05|PA_AX08|PA_AX10,https://github.com/alaaNfissi/Unveiling-Hidden-Factors-Explainable-AI-for-Feature-Boosting-in-Speech-Emotion-Recognition,https://github.com/alaaNfissi/Unveiling-Hidden-Factors-Explainable-AI-for-Feature-Boosting-in-Speech-Emotion-Recognition,Unveiling Hidden Factors: Explainable AI for Feature Boosting in Speech Emotion Recognition,https://arxiv.org/abs/2406.01624v2,RAVDESS|EmoDB,paper_linked,include,,,,arXiv abstract calls this the source code of the paper || P0 static audit included at 486ae494813d92637971718df15ec6e22c63ea06; batch=audit_batch_papers.csv
C364,2026-08-10T14:55:19-04:00,arXiv,PA_AX01|PA_AX02|PA_AX04,https://github.com/youngaryan/speechbrain-emotion-hpo,https://github.com/youngaryan/speechbrain-emotion-hpo,Enhancing Speech Emotion Recognition via Fine-Tuning Pre-Trained Models and Hyper-Parameter Optimisation,https://arxiv.org/abs/2510.07052v1,EmoDB|CREMA-D|RAVDESS,paper_linked,include,,,,"IEMOCAP is an encoder source, not a target evaluation, and is not listed as a target dataset || P0 static audit included at 217d7792693d2d50a4a994de19f2bacdb7371e48; batch=audit_batch_papers.csv"
C365,2026-08-10T14:55:19-04:00,arXiv,PA_AX02,https://github.com/luckymaduabuchi/Emotion-detection-,https://github.com/luckymaduabuchi/Emotion-detection-,Emotion Detection in Speech Using Lightweight and Transformer-Based Models: A Comparative and Ablation Study,https://arxiv.org/abs/2511.00402v1,CREMA-D,paper_linked,include,,,,arXiv abstract directly supplies repository URL || P0 static audit included at dee227238715128dab76d968284253000c8f7c20; batch=audit_batch_papers.csv
C366,2026-08-10T14:55:19-04:00,arXiv,PA_AX03|PA_WEB05_08,https://github.com/Clearloveyuan/AFTER,https://github.com/Clearloveyuan/AFTER,Active Learning with Task Adaptation Pre-training for Speech Emotion Recognition,https://arxiv.org/abs/2405.00307v1,IEMOCAP,paper_linked,exclude,E4_unavailable,GitHub repository API returned 404 on the search date; three resolution searches found no transfer URL,,paper supplies the now-unavailable repository URL
C367,2026-08-10T14:55:19-04:00,arXiv,PA_AX03|PA_AX10,https://github.com/alaaNfissi/SigWavNet-Learning-Multiresolution-Signal-Wavelet-Network-for-Speech-Emotion-Recognition,https://github.com/alaaNfissi/SigWavNet-Learning-Multiresolution-Signal-Wavelet-Network-for-Speech-Emotion-Recognition,SigWavNet: Learning Multiresolution Signal Wavelet Network for Speech Emotion Recognition,https://arxiv.org/abs/2502.00310v1,IEMOCAP|EmoDB,paper_linked,include,,,,arXiv abstract directly supplies repository URL || P0 static audit included at 507ee12063a2e092753ac035cf7c5bf2f8f6218f; batch=audit_batch_papers.csv
C368,2026-08-10T14:55:19-04:00,arXiv,PA_AX03,https://github.com/lixiangucas01/GLAM,https://github.com/lixiangucas01/GLAM,Speech Emotion Recognition with Global-Aware Fusion on Multi-scale Feature Representation,https://arxiv.org/abs/2204.05571v1,IEMOCAP,paper_linked,include,,,,arXiv abstract directly supplies repository URL || P0 static audit included at 676d2325b7033280f99ed287fca21cd4c39c00dc; batch=audit_batch_papers.csv
C369,2026-08-10T14:55:19-04:00,arXiv,PA_AX03,https://github.com/ECNU-Cross-Innovation-Lab/ShiftSER,https://github.com/ECNU-Cross-Innovation-Lab/ShiftSER,Mingling or Misalignment? Temporal Shift for Speech Emotion Recognition with Pre-trained Representations,https://arxiv.org/abs/2302.13277v2,IEMOCAP,paper_linked,include,,,,arXiv abstract directly supplies repository URL || P0 static audit included at 45ab670e070edc9731a0a88f6b7c28a55584f2ee; batch=audit_batch_papers.csv
C370,2026-08-10T14:56:22-04:00,arXiv,PA_AX10,https://github.com/happyjin/NNPM,https://github.com/happyjin/NNPM,Unsupervised Cross-Lingual Speech Emotion Recognition Using Pseudo Multilabel,https://arxiv.org/abs/2108.08663v2,EmoDB,paper_linked,exclude,E3_no_relevant_code,Frozen tree contains only README.md; README says code is coming soon,,arXiv abstract directly supplied repository URL; Stage B frozen commit 7831944c6fce0de1052474f91a746c29e20f2643 contains only README.md; README:L1-L2 has no data/training/evaluation code || Frozen commit 7831944c6fce0de1052474f91a746c29e20f2643 has README only; README:L1-L2 says code is coming soon
C371,2026-08-10T14:55:19-04:00,arXiv,PA_AX03|PA_WEB04,https://github.com/arnav10goel/CAMuLeNet,https://github.com/NLP-SBILAB/CAMuLeNet,Exploring Multilingual Unseen Speaker Emotion Recognition: Leveraging Co-Attention Cues in Multitask Learning,https://arxiv.org/abs/2406.08931v2,IEMOCAP|RAVDESS|CREMA-D|EmoDB,paper_linked,include,,,,ISCA paper PDF supplied the historical URL; historical README:L3-L6 explicitly transfers contents to https://github.com/NLP-SBILAB/CAMuLeNet; audited current canonical repository || ISCA paper PDF supplied the historical URL; its README transfers the contents to NLP-SBILAB/CAMuLeNet || P0 static audit included at 1ad70873c1114ccd321967ad13fd34904c5f3c45; batch=audit_batch_root.csv
C372,2026-08-10T15:31:21-04:00,GitHubSnowball|arXiv,PA_WEB05_08,https://github.com/ericguizzo/transferable_quaternion_embeddings,https://github.com/ericguizzo/transferable_quaternion_embeddings,Learning Speech Emotion Representations in the Quaternion Domain,https://arxiv.org/abs/2204.02385v2,IEMOCAP|EmoDB|RAVDESS,paper_linked_upstream,include,,,,Upstream discovered through the ispamm/rhemo fork relation; retained after frozen tree comparison showed every source/config file identical and only README wording differed || Upstream retained after frozen comparison found all source/config files identical to the paper-linked fork || P0 static audit included at 03c1729020d82a3782e7cd3285926ba7884be464; batch=audit_batch_root.csv
C373,2026-08-10T14:53:37-04:00,GitHubAPI,IE_GH_E_01|IE_GH_E_02,https://github.com/hellolzc/SpeechEmotionRecognition-emodb,https://github.com/hellolzc/SpeechEmotionRecognition-emodb,Emotion Recognition from Human Speech Using Temporal Information and Deep Learning,https://www.isca-archive.org/interspeech_2018/kim18e_interspeech.html,EmoDB,third_party_reproduction,include,,,,P0 static audit included at 919d45c718539caca0dee78c98b88fd7185a9f4c; batch=audit_batch_ie.csv
C374,2026-08-10T15:24:00-04:00,GitHubAPIQualification,RC_META_ACCESS_12,https://github.com/Dalia-Ahmed53/Speech-Emotion-Recognition,https://github.com/Dalia-Ahmed53/Speech-Emotion-Recognition,,,RAVDESS,unknown,exclude,E4_unavailable,Exact repository and owner page returned 404; no GitHub redirect was observed,,"Dalia-Sher repository was audited as a separate supplemental discovery, not as a transfer"
C375,2026-08-10T15:24:00-04:00,GitHubAPIQualification,RC_META_ACCESS_12,https://github.com/Caio-M-Martins/Emotion-Classification-Ravdess,https://github.com/Caio-M-Martins/Emotion-Classification-Ravdess,,,RAVDESS,unknown,exclude,E4_unavailable,Exact repository and owner page returned 404; no GitHub redirect was observed,,No substitute was treated as a rename or transfer
C376,2026-08-10T15:24:00-04:00,GitHubAPIQualification,RC_META_ACCESS_12,https://github.com/Seldarzu/Speech-Emotion-Recognition,https://github.com/Seldarzu/Speech-Emotion-Recognition,,,CREMA-D,unknown,exclude,E4_unavailable,Exact repository returned 404 and no GitHub redirect was observed,,Seldarzu/SER_AUDIO_CREMA_D was audited as a distinct same-owner supplemental discovery
C377,2026-08-10T15:24:00-04:00,GitHubAPIQualification,RC_META_ACCESS_12,https://github.com/bagustris/Speech-Emotion-Recognition,https://github.com/bagustris/Speech-Emotion-Recognition,,,RAVDESS,unknown,exclude,E4_unavailable,Exact repository returned 404 and no GitHub redirect was observed,,bagustris/ravdess_ser was audited as a distinct same-owner supplemental discovery
C378,2026-08-10T15:29:46-04:00,GitHubAPIQualification,IE_META_ACCESS_14,https://github.com/iiscleap/Emotion-Recognition,https://github.com/iiscleap/Emotion-Recognition,,,IEMOCAP,unknown,exclude,E4_unavailable,Exact repository returned 404; no GitHub redirect was observed,,iiscleap/multimodal_emotion_recognition was audited as a distinct same-owner implementation
C379,2026-08-10T15:29:46-04:00,GitHubAPIQualification,IE_META_ACCESS_14,https://github.com/nhattruongpham/Light-SERNet,https://github.com/nhattruongpham/Light-SERNet,,,IEMOCAP,unknown,exclude,E4_unavailable,Exact repository returned 404; no GitHub redirect was observed,,nhattruongpham/mmser was audited as a distinct same-owner implementation
C380,2026-08-10T15:29:46-04:00,GitHubAPIQualification,IE_META_ACCESS_14,https://github.com/mnamvarpour/Neural_Network_Emotion_Recognition,https://github.com/mnamvarpour/Neural_Network_Emotion_Recognition,,,EmoDB,unknown,exclude,E4_unavailable,Exact repository returned 404; no GitHub redirect was observed,,mnamvarpour/Wav2vec2EmoFusion was audited as a distinct same-owner implementation
C381,2026-08-10T15:29:46-04:00,GitHubAPIQualification,IE_META_ACCESS_14,https://github.com/zhengniuniu/Speech-Emotion-Recognition,https://github.com/zhengniuniu/Speech-Emotion-Recognition,,,EmoDB,unknown,exclude,E4_unavailable,Backup repository URL returned 404,,Not replaced or audited
C382,2026-08-10T15:29:46-04:00,GitHubAPIQualification,IE_META_ACCESS_14,https://github.com/K-Schubert/SpeechEmotionRecognition,https://github.com/K-Schubert/SpeechEmotionRecognition,,,EmoDB,unknown,exclude,E4_unavailable,Backup repository URL returned 404,,Not replaced or audited
C383,2026-08-10T15:29:46-04:00,GitHubAPIQualification,IE_META_ACCESS_14,https://github.com/Renovamen/Speech-Emotion-Recognition,https://github.com/Renovamen/Speech-Emotion-Recognition,,,EmoDB,fork_upstream,pending,,,,Snowballed parent retained in the candidate frame after the hellolzc fork was excluded
