sequence,unit_id,corpus,model,protocol,seed,outer_fold,status,reason,n_expected_predictions,n_observed_predictions
1,ravdess__cnn__random__s0__f000,ravdess,cnn,random,0,0,success,,288,288
2,ravdess__cnn__random__s0__f001,ravdess,cnn,random,0,1,success,,288,288
3,ravdess__cnn__random__s0__f002,ravdess,cnn,random,0,2,success,,288,288
4,ravdess__cnn__random__s0__f003,ravdess,cnn,random,0,3,success,,288,288
5,ravdess__cnn__random__s0__f004,ravdess,cnn,random,0,4,success,,288,288
6,ravdess__cnn__random__s1__f000,ravdess,cnn,random,1,0,success,,288,288
7,ravdess__cnn__random__s1__f001,ravdess,cnn,random,1,1,success,,288,288
8,ravdess__cnn__random__s1__f002,ravdess,cnn,random,1,2,success,,288,288
9,ravdess__cnn__random__s1__f003,ravdess,cnn,random,1,3,success,,288,288
10,ravdess__cnn__random__s1__f004,ravdess,cnn,random,1,4,success,,288,288
11,ravdess__cnn__random__s2__f000,ravdess,cnn,random,2,0,success,,288,288
12,ravdess__cnn__random__s2__f001,ravdess,cnn,random,2,1,success,,288,288
13,ravdess__cnn__random__s2__f002,ravdess,cnn,random,2,2,success,,288,288
14,ravdess__cnn__random__s2__f003,ravdess,cnn,random,2,3,success,,288,288
15,ravdess__cnn__random__s2__f004,ravdess,cnn,random,2,4,success,,288,288
16,ravdess__cnn__groupkfold__s0__f000,ravdess,cnn,groupkfold,0,0,success,,300,300
17,ravdess__cnn__groupkfold__s0__f001,ravdess,cnn,groupkfold,0,1,success,,300,300
18,ravdess__cnn__groupkfold__s0__f002,ravdess,cnn,groupkfold,0,2,success,,300,300
19,ravdess__cnn__groupkfold__s0__f003,ravdess,cnn,groupkfold,0,3,success,,300,300
20,ravdess__cnn__groupkfold__s0__f004,ravdess,cnn,groupkfold,0,4,success,,240,240
21,ravdess__cnn__groupkfold__s1__f000,ravdess,cnn,groupkfold,1,0,success,,300,300
22,ravdess__cnn__groupkfold__s1__f001,ravdess,cnn,groupkfold,1,1,success,,300,300
23,ravdess__cnn__groupkfold__s1__f002,ravdess,cnn,groupkfold,1,2,success,,300,300
24,ravdess__cnn__groupkfold__s1__f003,ravdess,cnn,groupkfold,1,3,success,,300,300
25,ravdess__cnn__groupkfold__s1__f004,ravdess,cnn,groupkfold,1,4,success,,240,240
26,ravdess__cnn__groupkfold__s2__f000,ravdess,cnn,groupkfold,2,0,success,,300,300
27,ravdess__cnn__groupkfold__s2__f001,ravdess,cnn,groupkfold,2,1,success,,300,300
28,ravdess__cnn__groupkfold__s2__f002,ravdess,cnn,groupkfold,2,2,success,,300,300
29,ravdess__cnn__groupkfold__s2__f003,ravdess,cnn,groupkfold,2,3,success,,300,300
30,ravdess__cnn__groupkfold__s2__f004,ravdess,cnn,groupkfold,2,4,success,,240,240
31,ravdess__cnn__loso__s0__f000,ravdess,cnn,loso,0,0,success,,60,60
32,ravdess__cnn__loso__s0__f001,ravdess,cnn,loso,0,1,success,,60,60
33,ravdess__cnn__loso__s0__f002,ravdess,cnn,loso,0,2,success,,60,60
34,ravdess__cnn__loso__s0__f003,ravdess,cnn,loso,0,3,success,,60,60
35,ravdess__cnn__loso__s0__f004,ravdess,cnn,loso,0,4,success,,60,60
36,ravdess__cnn__loso__s0__f005,ravdess,cnn,loso,0,5,success,,60,60
37,ravdess__cnn__loso__s0__f006,ravdess,cnn,loso,0,6,success,,60,60
38,ravdess__cnn__loso__s0__f007,ravdess,cnn,loso,0,7,success,,60,60
39,ravdess__cnn__loso__s0__f008,ravdess,cnn,loso,0,8,success,,60,60
40,ravdess__cnn__loso__s0__f009,ravdess,cnn,loso,0,9,success,,60,60
41,ravdess__cnn__loso__s0__f010,ravdess,cnn,loso,0,10,success,,60,60
42,ravdess__cnn__loso__s0__f011,ravdess,cnn,loso,0,11,success,,60,60
43,ravdess__cnn__loso__s0__f012,ravdess,cnn,loso,0,12,success,,60,60
44,ravdess__cnn__loso__s0__f013,ravdess,cnn,loso,0,13,success,,60,60
45,ravdess__cnn__loso__s0__f014,ravdess,cnn,loso,0,14,success,,60,60
46,ravdess__cnn__loso__s0__f015,ravdess,cnn,loso,0,15,success,,60,60
47,ravdess__cnn__loso__s0__f016,ravdess,cnn,loso,0,16,success,,60,60
48,ravdess__cnn__loso__s0__f017,ravdess,cnn,loso,0,17,success,,60,60
49,ravdess__cnn__loso__s0__f018,ravdess,cnn,loso,0,18,success,,60,60
50,ravdess__cnn__loso__s0__f019,ravdess,cnn,loso,0,19,success,,60,60
51,ravdess__cnn__loso__s0__f020,ravdess,cnn,loso,0,20,success,,60,60
52,ravdess__cnn__loso__s0__f021,ravdess,cnn,loso,0,21,success,,60,60
53,ravdess__cnn__loso__s0__f022,ravdess,cnn,loso,0,22,success,,60,60
54,ravdess__cnn__loso__s0__f023,ravdess,cnn,loso,0,23,success,,60,60
55,ravdess__cnn__loso__s1__f000,ravdess,cnn,loso,1,0,success,,60,60
56,ravdess__cnn__loso__s1__f001,ravdess,cnn,loso,1,1,success,,60,60
57,ravdess__cnn__loso__s1__f002,ravdess,cnn,loso,1,2,success,,60,60
58,ravdess__cnn__loso__s1__f003,ravdess,cnn,loso,1,3,success,,60,60
59,ravdess__cnn__loso__s1__f004,ravdess,cnn,loso,1,4,success,,60,60
60,ravdess__cnn__loso__s1__f005,ravdess,cnn,loso,1,5,success,,60,60
61,ravdess__cnn__loso__s1__f006,ravdess,cnn,loso,1,6,success,,60,60
62,ravdess__cnn__loso__s1__f007,ravdess,cnn,loso,1,7,success,,60,60
63,ravdess__cnn__loso__s1__f008,ravdess,cnn,loso,1,8,success,,60,60
64,ravdess__cnn__loso__s1__f009,ravdess,cnn,loso,1,9,success,,60,60
65,ravdess__cnn__loso__s1__f010,ravdess,cnn,loso,1,10,success,,60,60
66,ravdess__cnn__loso__s1__f011,ravdess,cnn,loso,1,11,success,,60,60
67,ravdess__cnn__loso__s1__f012,ravdess,cnn,loso,1,12,success,,60,60
68,ravdess__cnn__loso__s1__f013,ravdess,cnn,loso,1,13,success,,60,60
69,ravdess__cnn__loso__s1__f014,ravdess,cnn,loso,1,14,success,,60,60
70,ravdess__cnn__loso__s1__f015,ravdess,cnn,loso,1,15,success,,60,60
71,ravdess__cnn__loso__s1__f016,ravdess,cnn,loso,1,16,success,,60,60
72,ravdess__cnn__loso__s1__f017,ravdess,cnn,loso,1,17,success,,60,60
73,ravdess__cnn__loso__s1__f018,ravdess,cnn,loso,1,18,success,,60,60
74,ravdess__cnn__loso__s1__f019,ravdess,cnn,loso,1,19,success,,60,60
75,ravdess__cnn__loso__s1__f020,ravdess,cnn,loso,1,20,success,,60,60
76,ravdess__cnn__loso__s1__f021,ravdess,cnn,loso,1,21,success,,60,60
77,ravdess__cnn__loso__s1__f022,ravdess,cnn,loso,1,22,success,,60,60
78,ravdess__cnn__loso__s1__f023,ravdess,cnn,loso,1,23,success,,60,60
79,ravdess__cnn__loso__s2__f000,ravdess,cnn,loso,2,0,success,,60,60
80,ravdess__cnn__loso__s2__f001,ravdess,cnn,loso,2,1,success,,60,60
81,ravdess__cnn__loso__s2__f002,ravdess,cnn,loso,2,2,success,,60,60
82,ravdess__cnn__loso__s2__f003,ravdess,cnn,loso,2,3,success,,60,60
83,ravdess__cnn__loso__s2__f004,ravdess,cnn,loso,2,4,success,,60,60
84,ravdess__cnn__loso__s2__f005,ravdess,cnn,loso,2,5,success,,60,60
85,ravdess__cnn__loso__s2__f006,ravdess,cnn,loso,2,6,success,,60,60
86,ravdess__cnn__loso__s2__f007,ravdess,cnn,loso,2,7,success,,60,60
87,ravdess__cnn__loso__s2__f008,ravdess,cnn,loso,2,8,success,,60,60
88,ravdess__cnn__loso__s2__f009,ravdess,cnn,loso,2,9,success,,60,60
89,ravdess__cnn__loso__s2__f010,ravdess,cnn,loso,2,10,success,,60,60
90,ravdess__cnn__loso__s2__f011,ravdess,cnn,loso,2,11,success,,60,60
91,ravdess__cnn__loso__s2__f012,ravdess,cnn,loso,2,12,success,,60,60
92,ravdess__cnn__loso__s2__f013,ravdess,cnn,loso,2,13,success,,60,60
93,ravdess__cnn__loso__s2__f014,ravdess,cnn,loso,2,14,success,,60,60
94,ravdess__cnn__loso__s2__f015,ravdess,cnn,loso,2,15,success,,60,60
95,ravdess__cnn__loso__s2__f016,ravdess,cnn,loso,2,16,success,,60,60
96,ravdess__cnn__loso__s2__f017,ravdess,cnn,loso,2,17,success,,60,60
97,ravdess__cnn__loso__s2__f018,ravdess,cnn,loso,2,18,success,,60,60
98,ravdess__cnn__loso__s2__f019,ravdess,cnn,loso,2,19,success,,60,60
99,ravdess__cnn__loso__s2__f020,ravdess,cnn,loso,2,20,success,,60,60
100,ravdess__cnn__loso__s2__f021,ravdess,cnn,loso,2,21,success,,60,60
101,ravdess__cnn__loso__s2__f022,ravdess,cnn,loso,2,22,success,,60,60
102,ravdess__cnn__loso__s2__f023,ravdess,cnn,loso,2,23,success,,60,60
103,ravdess__resnet_se__random__s0__f000,ravdess,resnet_se,random,0,0,success,,288,288
104,ravdess__resnet_se__random__s0__f001,ravdess,resnet_se,random,0,1,success,,288,288
105,ravdess__resnet_se__random__s0__f002,ravdess,resnet_se,random,0,2,success,,288,288
106,ravdess__resnet_se__random__s0__f003,ravdess,resnet_se,random,0,3,success,,288,288
107,ravdess__resnet_se__random__s0__f004,ravdess,resnet_se,random,0,4,success,,288,288
108,ravdess__resnet_se__random__s1__f000,ravdess,resnet_se,random,1,0,success,,288,288
109,ravdess__resnet_se__random__s1__f001,ravdess,resnet_se,random,1,1,success,,288,288
110,ravdess__resnet_se__random__s1__f002,ravdess,resnet_se,random,1,2,success,,288,288
111,ravdess__resnet_se__random__s1__f003,ravdess,resnet_se,random,1,3,success,,288,288
112,ravdess__resnet_se__random__s1__f004,ravdess,resnet_se,random,1,4,success,,288,288
113,ravdess__resnet_se__random__s2__f000,ravdess,resnet_se,random,2,0,success,,288,288
114,ravdess__resnet_se__random__s2__f001,ravdess,resnet_se,random,2,1,success,,288,288
115,ravdess__resnet_se__random__s2__f002,ravdess,resnet_se,random,2,2,success,,288,288
116,ravdess__resnet_se__random__s2__f003,ravdess,resnet_se,random,2,3,success,,288,288
117,ravdess__resnet_se__random__s2__f004,ravdess,resnet_se,random,2,4,success,,288,288
118,ravdess__resnet_se__groupkfold__s0__f000,ravdess,resnet_se,groupkfold,0,0,success,,300,300
119,ravdess__resnet_se__groupkfold__s0__f001,ravdess,resnet_se,groupkfold,0,1,success,,300,300
120,ravdess__resnet_se__groupkfold__s0__f002,ravdess,resnet_se,groupkfold,0,2,success,,300,300
121,ravdess__resnet_se__groupkfold__s0__f003,ravdess,resnet_se,groupkfold,0,3,success,,300,300
122,ravdess__resnet_se__groupkfold__s0__f004,ravdess,resnet_se,groupkfold,0,4,success,,240,240
123,ravdess__resnet_se__groupkfold__s1__f000,ravdess,resnet_se,groupkfold,1,0,success,,300,300
124,ravdess__resnet_se__groupkfold__s1__f001,ravdess,resnet_se,groupkfold,1,1,success,,300,300
125,ravdess__resnet_se__groupkfold__s1__f002,ravdess,resnet_se,groupkfold,1,2,success,,300,300
126,ravdess__resnet_se__groupkfold__s1__f003,ravdess,resnet_se,groupkfold,1,3,success,,300,300
127,ravdess__resnet_se__groupkfold__s1__f004,ravdess,resnet_se,groupkfold,1,4,success,,240,240
128,ravdess__resnet_se__groupkfold__s2__f000,ravdess,resnet_se,groupkfold,2,0,success,,300,300
129,ravdess__resnet_se__groupkfold__s2__f001,ravdess,resnet_se,groupkfold,2,1,success,,300,300
130,ravdess__resnet_se__groupkfold__s2__f002,ravdess,resnet_se,groupkfold,2,2,success,,300,300
131,ravdess__resnet_se__groupkfold__s2__f003,ravdess,resnet_se,groupkfold,2,3,success,,300,300
132,ravdess__resnet_se__groupkfold__s2__f004,ravdess,resnet_se,groupkfold,2,4,success,,240,240
133,ravdess__resnet_se__loso__s0__f000,ravdess,resnet_se,loso,0,0,success,,60,60
134,ravdess__resnet_se__loso__s0__f001,ravdess,resnet_se,loso,0,1,success,,60,60
135,ravdess__resnet_se__loso__s0__f002,ravdess,resnet_se,loso,0,2,success,,60,60
136,ravdess__resnet_se__loso__s0__f003,ravdess,resnet_se,loso,0,3,success,,60,60
137,ravdess__resnet_se__loso__s0__f004,ravdess,resnet_se,loso,0,4,success,,60,60
138,ravdess__resnet_se__loso__s0__f005,ravdess,resnet_se,loso,0,5,success,,60,60
139,ravdess__resnet_se__loso__s0__f006,ravdess,resnet_se,loso,0,6,success,,60,60
140,ravdess__resnet_se__loso__s0__f007,ravdess,resnet_se,loso,0,7,success,,60,60
141,ravdess__resnet_se__loso__s0__f008,ravdess,resnet_se,loso,0,8,success,,60,60
142,ravdess__resnet_se__loso__s0__f009,ravdess,resnet_se,loso,0,9,success,,60,60
143,ravdess__resnet_se__loso__s0__f010,ravdess,resnet_se,loso,0,10,success,,60,60
144,ravdess__resnet_se__loso__s0__f011,ravdess,resnet_se,loso,0,11,success,,60,60
145,ravdess__resnet_se__loso__s0__f012,ravdess,resnet_se,loso,0,12,success,,60,60
146,ravdess__resnet_se__loso__s0__f013,ravdess,resnet_se,loso,0,13,success,,60,60
147,ravdess__resnet_se__loso__s0__f014,ravdess,resnet_se,loso,0,14,success,,60,60
148,ravdess__resnet_se__loso__s0__f015,ravdess,resnet_se,loso,0,15,success,,60,60
149,ravdess__resnet_se__loso__s0__f016,ravdess,resnet_se,loso,0,16,success,,60,60
150,ravdess__resnet_se__loso__s0__f017,ravdess,resnet_se,loso,0,17,success,,60,60
151,ravdess__resnet_se__loso__s0__f018,ravdess,resnet_se,loso,0,18,success,,60,60
152,ravdess__resnet_se__loso__s0__f019,ravdess,resnet_se,loso,0,19,success,,60,60
153,ravdess__resnet_se__loso__s0__f020,ravdess,resnet_se,loso,0,20,success,,60,60
154,ravdess__resnet_se__loso__s0__f021,ravdess,resnet_se,loso,0,21,success,,60,60
155,ravdess__resnet_se__loso__s0__f022,ravdess,resnet_se,loso,0,22,success,,60,60
156,ravdess__resnet_se__loso__s0__f023,ravdess,resnet_se,loso,0,23,success,,60,60
157,ravdess__resnet_se__loso__s1__f000,ravdess,resnet_se,loso,1,0,success,,60,60
158,ravdess__resnet_se__loso__s1__f001,ravdess,resnet_se,loso,1,1,success,,60,60
159,ravdess__resnet_se__loso__s1__f002,ravdess,resnet_se,loso,1,2,success,,60,60
160,ravdess__resnet_se__loso__s1__f003,ravdess,resnet_se,loso,1,3,success,,60,60
161,ravdess__resnet_se__loso__s1__f004,ravdess,resnet_se,loso,1,4,success,,60,60
162,ravdess__resnet_se__loso__s1__f005,ravdess,resnet_se,loso,1,5,success,,60,60
163,ravdess__resnet_se__loso__s1__f006,ravdess,resnet_se,loso,1,6,success,,60,60
164,ravdess__resnet_se__loso__s1__f007,ravdess,resnet_se,loso,1,7,success,,60,60
165,ravdess__resnet_se__loso__s1__f008,ravdess,resnet_se,loso,1,8,success,,60,60
166,ravdess__resnet_se__loso__s1__f009,ravdess,resnet_se,loso,1,9,success,,60,60
167,ravdess__resnet_se__loso__s1__f010,ravdess,resnet_se,loso,1,10,success,,60,60
168,ravdess__resnet_se__loso__s1__f011,ravdess,resnet_se,loso,1,11,success,,60,60
169,ravdess__resnet_se__loso__s1__f012,ravdess,resnet_se,loso,1,12,success,,60,60
170,ravdess__resnet_se__loso__s1__f013,ravdess,resnet_se,loso,1,13,success,,60,60
171,ravdess__resnet_se__loso__s1__f014,ravdess,resnet_se,loso,1,14,success,,60,60
172,ravdess__resnet_se__loso__s1__f015,ravdess,resnet_se,loso,1,15,success,,60,60
173,ravdess__resnet_se__loso__s1__f016,ravdess,resnet_se,loso,1,16,success,,60,60
174,ravdess__resnet_se__loso__s1__f017,ravdess,resnet_se,loso,1,17,success,,60,60
175,ravdess__resnet_se__loso__s1__f018,ravdess,resnet_se,loso,1,18,success,,60,60
176,ravdess__resnet_se__loso__s1__f019,ravdess,resnet_se,loso,1,19,success,,60,60
177,ravdess__resnet_se__loso__s1__f020,ravdess,resnet_se,loso,1,20,success,,60,60
178,ravdess__resnet_se__loso__s1__f021,ravdess,resnet_se,loso,1,21,success,,60,60
179,ravdess__resnet_se__loso__s1__f022,ravdess,resnet_se,loso,1,22,success,,60,60
180,ravdess__resnet_se__loso__s1__f023,ravdess,resnet_se,loso,1,23,success,,60,60
181,ravdess__resnet_se__loso__s2__f000,ravdess,resnet_se,loso,2,0,success,,60,60
182,ravdess__resnet_se__loso__s2__f001,ravdess,resnet_se,loso,2,1,success,,60,60
183,ravdess__resnet_se__loso__s2__f002,ravdess,resnet_se,loso,2,2,success,,60,60
184,ravdess__resnet_se__loso__s2__f003,ravdess,resnet_se,loso,2,3,success,,60,60
185,ravdess__resnet_se__loso__s2__f004,ravdess,resnet_se,loso,2,4,success,,60,60
186,ravdess__resnet_se__loso__s2__f005,ravdess,resnet_se,loso,2,5,success,,60,60
187,ravdess__resnet_se__loso__s2__f006,ravdess,resnet_se,loso,2,6,success,,60,60
188,ravdess__resnet_se__loso__s2__f007,ravdess,resnet_se,loso,2,7,success,,60,60
189,ravdess__resnet_se__loso__s2__f008,ravdess,resnet_se,loso,2,8,success,,60,60
190,ravdess__resnet_se__loso__s2__f009,ravdess,resnet_se,loso,2,9,success,,60,60
191,ravdess__resnet_se__loso__s2__f010,ravdess,resnet_se,loso,2,10,success,,60,60
192,ravdess__resnet_se__loso__s2__f011,ravdess,resnet_se,loso,2,11,success,,60,60
193,ravdess__resnet_se__loso__s2__f012,ravdess,resnet_se,loso,2,12,success,,60,60
194,ravdess__resnet_se__loso__s2__f013,ravdess,resnet_se,loso,2,13,success,,60,60
195,ravdess__resnet_se__loso__s2__f014,ravdess,resnet_se,loso,2,14,success,,60,60
196,ravdess__resnet_se__loso__s2__f015,ravdess,resnet_se,loso,2,15,success,,60,60
197,ravdess__resnet_se__loso__s2__f016,ravdess,resnet_se,loso,2,16,success,,60,60
198,ravdess__resnet_se__loso__s2__f017,ravdess,resnet_se,loso,2,17,success,,60,60
199,ravdess__resnet_se__loso__s2__f018,ravdess,resnet_se,loso,2,18,success,,60,60
200,ravdess__resnet_se__loso__s2__f019,ravdess,resnet_se,loso,2,19,success,,60,60
201,ravdess__resnet_se__loso__s2__f020,ravdess,resnet_se,loso,2,20,success,,60,60
202,ravdess__resnet_se__loso__s2__f021,ravdess,resnet_se,loso,2,21,success,,60,60
203,ravdess__resnet_se__loso__s2__f022,ravdess,resnet_se,loso,2,22,success,,60,60
204,ravdess__resnet_se__loso__s2__f023,ravdess,resnet_se,loso,2,23,success,,60,60
205,ravdess__transformer__random__s0__f000,ravdess,transformer,random,0,0,success,,288,288
206,ravdess__transformer__random__s0__f001,ravdess,transformer,random,0,1,success,,288,288
207,ravdess__transformer__random__s0__f002,ravdess,transformer,random,0,2,success,,288,288
208,ravdess__transformer__random__s0__f003,ravdess,transformer,random,0,3,success,,288,288
209,ravdess__transformer__random__s0__f004,ravdess,transformer,random,0,4,success,,288,288
210,ravdess__transformer__random__s1__f000,ravdess,transformer,random,1,0,success,,288,288
211,ravdess__transformer__random__s1__f001,ravdess,transformer,random,1,1,success,,288,288
212,ravdess__transformer__random__s1__f002,ravdess,transformer,random,1,2,success,,288,288
213,ravdess__transformer__random__s1__f003,ravdess,transformer,random,1,3,success,,288,288
214,ravdess__transformer__random__s1__f004,ravdess,transformer,random,1,4,success,,288,288
215,ravdess__transformer__random__s2__f000,ravdess,transformer,random,2,0,success,,288,288
216,ravdess__transformer__random__s2__f001,ravdess,transformer,random,2,1,success,,288,288
217,ravdess__transformer__random__s2__f002,ravdess,transformer,random,2,2,success,,288,288
218,ravdess__transformer__random__s2__f003,ravdess,transformer,random,2,3,success,,288,288
219,ravdess__transformer__random__s2__f004,ravdess,transformer,random,2,4,success,,288,288
220,ravdess__transformer__groupkfold__s0__f000,ravdess,transformer,groupkfold,0,0,success,,300,300
221,ravdess__transformer__groupkfold__s0__f001,ravdess,transformer,groupkfold,0,1,success,,300,300
222,ravdess__transformer__groupkfold__s0__f002,ravdess,transformer,groupkfold,0,2,success,,300,300
223,ravdess__transformer__groupkfold__s0__f003,ravdess,transformer,groupkfold,0,3,success,,300,300
224,ravdess__transformer__groupkfold__s0__f004,ravdess,transformer,groupkfold,0,4,success,,240,240
225,ravdess__transformer__groupkfold__s1__f000,ravdess,transformer,groupkfold,1,0,success,,300,300
226,ravdess__transformer__groupkfold__s1__f001,ravdess,transformer,groupkfold,1,1,success,,300,300
227,ravdess__transformer__groupkfold__s1__f002,ravdess,transformer,groupkfold,1,2,success,,300,300
228,ravdess__transformer__groupkfold__s1__f003,ravdess,transformer,groupkfold,1,3,success,,300,300
229,ravdess__transformer__groupkfold__s1__f004,ravdess,transformer,groupkfold,1,4,success,,240,240
230,ravdess__transformer__groupkfold__s2__f000,ravdess,transformer,groupkfold,2,0,success,,300,300
231,ravdess__transformer__groupkfold__s2__f001,ravdess,transformer,groupkfold,2,1,success,,300,300
232,ravdess__transformer__groupkfold__s2__f002,ravdess,transformer,groupkfold,2,2,success,,300,300
233,ravdess__transformer__groupkfold__s2__f003,ravdess,transformer,groupkfold,2,3,success,,300,300
234,ravdess__transformer__groupkfold__s2__f004,ravdess,transformer,groupkfold,2,4,success,,240,240
235,ravdess__transformer__loso__s0__f000,ravdess,transformer,loso,0,0,success,,60,60
236,ravdess__transformer__loso__s0__f001,ravdess,transformer,loso,0,1,success,,60,60
237,ravdess__transformer__loso__s0__f002,ravdess,transformer,loso,0,2,success,,60,60
238,ravdess__transformer__loso__s0__f003,ravdess,transformer,loso,0,3,success,,60,60
239,ravdess__transformer__loso__s0__f004,ravdess,transformer,loso,0,4,success,,60,60
240,ravdess__transformer__loso__s0__f005,ravdess,transformer,loso,0,5,success,,60,60
241,ravdess__transformer__loso__s0__f006,ravdess,transformer,loso,0,6,success,,60,60
242,ravdess__transformer__loso__s0__f007,ravdess,transformer,loso,0,7,success,,60,60
243,ravdess__transformer__loso__s0__f008,ravdess,transformer,loso,0,8,success,,60,60
244,ravdess__transformer__loso__s0__f009,ravdess,transformer,loso,0,9,success,,60,60
245,ravdess__transformer__loso__s0__f010,ravdess,transformer,loso,0,10,success,,60,60
246,ravdess__transformer__loso__s0__f011,ravdess,transformer,loso,0,11,success,,60,60
247,ravdess__transformer__loso__s0__f012,ravdess,transformer,loso,0,12,success,,60,60
248,ravdess__transformer__loso__s0__f013,ravdess,transformer,loso,0,13,success,,60,60
249,ravdess__transformer__loso__s0__f014,ravdess,transformer,loso,0,14,success,,60,60
250,ravdess__transformer__loso__s0__f015,ravdess,transformer,loso,0,15,success,,60,60
251,ravdess__transformer__loso__s0__f016,ravdess,transformer,loso,0,16,success,,60,60
252,ravdess__transformer__loso__s0__f017,ravdess,transformer,loso,0,17,success,,60,60
253,ravdess__transformer__loso__s0__f018,ravdess,transformer,loso,0,18,success,,60,60
254,ravdess__transformer__loso__s0__f019,ravdess,transformer,loso,0,19,success,,60,60
255,ravdess__transformer__loso__s0__f020,ravdess,transformer,loso,0,20,success,,60,60
256,ravdess__transformer__loso__s0__f021,ravdess,transformer,loso,0,21,success,,60,60
257,ravdess__transformer__loso__s0__f022,ravdess,transformer,loso,0,22,success,,60,60
258,ravdess__transformer__loso__s0__f023,ravdess,transformer,loso,0,23,success,,60,60
259,ravdess__transformer__loso__s1__f000,ravdess,transformer,loso,1,0,success,,60,60
260,ravdess__transformer__loso__s1__f001,ravdess,transformer,loso,1,1,success,,60,60
261,ravdess__transformer__loso__s1__f002,ravdess,transformer,loso,1,2,success,,60,60
262,ravdess__transformer__loso__s1__f003,ravdess,transformer,loso,1,3,success,,60,60
263,ravdess__transformer__loso__s1__f004,ravdess,transformer,loso,1,4,success,,60,60
264,ravdess__transformer__loso__s1__f005,ravdess,transformer,loso,1,5,success,,60,60
265,ravdess__transformer__loso__s1__f006,ravdess,transformer,loso,1,6,success,,60,60
266,ravdess__transformer__loso__s1__f007,ravdess,transformer,loso,1,7,success,,60,60
267,ravdess__transformer__loso__s1__f008,ravdess,transformer,loso,1,8,success,,60,60
268,ravdess__transformer__loso__s1__f009,ravdess,transformer,loso,1,9,success,,60,60
269,ravdess__transformer__loso__s1__f010,ravdess,transformer,loso,1,10,success,,60,60
270,ravdess__transformer__loso__s1__f011,ravdess,transformer,loso,1,11,success,,60,60
271,ravdess__transformer__loso__s1__f012,ravdess,transformer,loso,1,12,success,,60,60
272,ravdess__transformer__loso__s1__f013,ravdess,transformer,loso,1,13,success,,60,60
273,ravdess__transformer__loso__s1__f014,ravdess,transformer,loso,1,14,success,,60,60
274,ravdess__transformer__loso__s1__f015,ravdess,transformer,loso,1,15,success,,60,60
275,ravdess__transformer__loso__s1__f016,ravdess,transformer,loso,1,16,success,,60,60
276,ravdess__transformer__loso__s1__f017,ravdess,transformer,loso,1,17,success,,60,60
277,ravdess__transformer__loso__s1__f018,ravdess,transformer,loso,1,18,success,,60,60
278,ravdess__transformer__loso__s1__f019,ravdess,transformer,loso,1,19,success,,60,60
279,ravdess__transformer__loso__s1__f020,ravdess,transformer,loso,1,20,success,,60,60
280,ravdess__transformer__loso__s1__f021,ravdess,transformer,loso,1,21,success,,60,60
281,ravdess__transformer__loso__s1__f022,ravdess,transformer,loso,1,22,success,,60,60
282,ravdess__transformer__loso__s1__f023,ravdess,transformer,loso,1,23,success,,60,60
283,ravdess__transformer__loso__s2__f000,ravdess,transformer,loso,2,0,success,,60,60
284,ravdess__transformer__loso__s2__f001,ravdess,transformer,loso,2,1,success,,60,60
285,ravdess__transformer__loso__s2__f002,ravdess,transformer,loso,2,2,success,,60,60
286,ravdess__transformer__loso__s2__f003,ravdess,transformer,loso,2,3,success,,60,60
287,ravdess__transformer__loso__s2__f004,ravdess,transformer,loso,2,4,success,,60,60
288,ravdess__transformer__loso__s2__f005,ravdess,transformer,loso,2,5,success,,60,60
289,ravdess__transformer__loso__s2__f006,ravdess,transformer,loso,2,6,success,,60,60
290,ravdess__transformer__loso__s2__f007,ravdess,transformer,loso,2,7,success,,60,60
291,ravdess__transformer__loso__s2__f008,ravdess,transformer,loso,2,8,success,,60,60
292,ravdess__transformer__loso__s2__f009,ravdess,transformer,loso,2,9,success,,60,60
293,ravdess__transformer__loso__s2__f010,ravdess,transformer,loso,2,10,success,,60,60
294,ravdess__transformer__loso__s2__f011,ravdess,transformer,loso,2,11,success,,60,60
295,ravdess__transformer__loso__s2__f012,ravdess,transformer,loso,2,12,success,,60,60
296,ravdess__transformer__loso__s2__f013,ravdess,transformer,loso,2,13,success,,60,60
297,ravdess__transformer__loso__s2__f014,ravdess,transformer,loso,2,14,success,,60,60
298,ravdess__transformer__loso__s2__f015,ravdess,transformer,loso,2,15,success,,60,60
299,ravdess__transformer__loso__s2__f016,ravdess,transformer,loso,2,16,success,,60,60
300,ravdess__transformer__loso__s2__f017,ravdess,transformer,loso,2,17,success,,60,60
301,ravdess__transformer__loso__s2__f018,ravdess,transformer,loso,2,18,success,,60,60
302,ravdess__transformer__loso__s2__f019,ravdess,transformer,loso,2,19,success,,60,60
303,ravdess__transformer__loso__s2__f020,ravdess,transformer,loso,2,20,success,,60,60
304,ravdess__transformer__loso__s2__f021,ravdess,transformer,loso,2,21,success,,60,60
305,ravdess__transformer__loso__s2__f022,ravdess,transformer,loso,2,22,success,,60,60
306,ravdess__transformer__loso__s2__f023,ravdess,transformer,loso,2,23,success,,60,60
307,ravdess__fno__random__s0__f000,ravdess,fno,random,0,0,success,,288,288
308,ravdess__fno__random__s0__f001,ravdess,fno,random,0,1,success,,288,288
309,ravdess__fno__random__s0__f002,ravdess,fno,random,0,2,success,,288,288
310,ravdess__fno__random__s0__f003,ravdess,fno,random,0,3,success,,288,288
311,ravdess__fno__random__s0__f004,ravdess,fno,random,0,4,success,,288,288
312,ravdess__fno__random__s1__f000,ravdess,fno,random,1,0,success,,288,288
313,ravdess__fno__random__s1__f001,ravdess,fno,random,1,1,success,,288,288
314,ravdess__fno__random__s1__f002,ravdess,fno,random,1,2,success,,288,288
315,ravdess__fno__random__s1__f003,ravdess,fno,random,1,3,success,,288,288
316,ravdess__fno__random__s1__f004,ravdess,fno,random,1,4,success,,288,288
317,ravdess__fno__random__s2__f000,ravdess,fno,random,2,0,success,,288,288
318,ravdess__fno__random__s2__f001,ravdess,fno,random,2,1,success,,288,288
319,ravdess__fno__random__s2__f002,ravdess,fno,random,2,2,success,,288,288
320,ravdess__fno__random__s2__f003,ravdess,fno,random,2,3,success,,288,288
321,ravdess__fno__random__s2__f004,ravdess,fno,random,2,4,success,,288,288
322,ravdess__fno__groupkfold__s0__f000,ravdess,fno,groupkfold,0,0,success,,300,300
323,ravdess__fno__groupkfold__s0__f001,ravdess,fno,groupkfold,0,1,success,,300,300
324,ravdess__fno__groupkfold__s0__f002,ravdess,fno,groupkfold,0,2,success,,300,300
325,ravdess__fno__groupkfold__s0__f003,ravdess,fno,groupkfold,0,3,success,,300,300
326,ravdess__fno__groupkfold__s0__f004,ravdess,fno,groupkfold,0,4,success,,240,240
327,ravdess__fno__groupkfold__s1__f000,ravdess,fno,groupkfold,1,0,success,,300,300
328,ravdess__fno__groupkfold__s1__f001,ravdess,fno,groupkfold,1,1,success,,300,300
329,ravdess__fno__groupkfold__s1__f002,ravdess,fno,groupkfold,1,2,success,,300,300
330,ravdess__fno__groupkfold__s1__f003,ravdess,fno,groupkfold,1,3,success,,300,300
331,ravdess__fno__groupkfold__s1__f004,ravdess,fno,groupkfold,1,4,success,,240,240
332,ravdess__fno__groupkfold__s2__f000,ravdess,fno,groupkfold,2,0,success,,300,300
333,ravdess__fno__groupkfold__s2__f001,ravdess,fno,groupkfold,2,1,success,,300,300
334,ravdess__fno__groupkfold__s2__f002,ravdess,fno,groupkfold,2,2,success,,300,300
335,ravdess__fno__groupkfold__s2__f003,ravdess,fno,groupkfold,2,3,success,,300,300
336,ravdess__fno__groupkfold__s2__f004,ravdess,fno,groupkfold,2,4,success,,240,240
337,ravdess__fno__loso__s0__f000,ravdess,fno,loso,0,0,success,,60,60
338,ravdess__fno__loso__s0__f001,ravdess,fno,loso,0,1,success,,60,60
339,ravdess__fno__loso__s0__f002,ravdess,fno,loso,0,2,success,,60,60
340,ravdess__fno__loso__s0__f003,ravdess,fno,loso,0,3,success,,60,60
341,ravdess__fno__loso__s0__f004,ravdess,fno,loso,0,4,success,,60,60
342,ravdess__fno__loso__s0__f005,ravdess,fno,loso,0,5,success,,60,60
343,ravdess__fno__loso__s0__f006,ravdess,fno,loso,0,6,success,,60,60
344,ravdess__fno__loso__s0__f007,ravdess,fno,loso,0,7,success,,60,60
345,ravdess__fno__loso__s0__f008,ravdess,fno,loso,0,8,success,,60,60
346,ravdess__fno__loso__s0__f009,ravdess,fno,loso,0,9,success,,60,60
347,ravdess__fno__loso__s0__f010,ravdess,fno,loso,0,10,success,,60,60
348,ravdess__fno__loso__s0__f011,ravdess,fno,loso,0,11,success,,60,60
349,ravdess__fno__loso__s0__f012,ravdess,fno,loso,0,12,success,,60,60
350,ravdess__fno__loso__s0__f013,ravdess,fno,loso,0,13,success,,60,60
351,ravdess__fno__loso__s0__f014,ravdess,fno,loso,0,14,success,,60,60
352,ravdess__fno__loso__s0__f015,ravdess,fno,loso,0,15,success,,60,60
353,ravdess__fno__loso__s0__f016,ravdess,fno,loso,0,16,success,,60,60
354,ravdess__fno__loso__s0__f017,ravdess,fno,loso,0,17,success,,60,60
355,ravdess__fno__loso__s0__f018,ravdess,fno,loso,0,18,success,,60,60
356,ravdess__fno__loso__s0__f019,ravdess,fno,loso,0,19,success,,60,60
357,ravdess__fno__loso__s0__f020,ravdess,fno,loso,0,20,success,,60,60
358,ravdess__fno__loso__s0__f021,ravdess,fno,loso,0,21,success,,60,60
359,ravdess__fno__loso__s0__f022,ravdess,fno,loso,0,22,success,,60,60
360,ravdess__fno__loso__s0__f023,ravdess,fno,loso,0,23,success,,60,60
361,ravdess__fno__loso__s1__f000,ravdess,fno,loso,1,0,success,,60,60
362,ravdess__fno__loso__s1__f001,ravdess,fno,loso,1,1,success,,60,60
363,ravdess__fno__loso__s1__f002,ravdess,fno,loso,1,2,success,,60,60
364,ravdess__fno__loso__s1__f003,ravdess,fno,loso,1,3,success,,60,60
365,ravdess__fno__loso__s1__f004,ravdess,fno,loso,1,4,success,,60,60
366,ravdess__fno__loso__s1__f005,ravdess,fno,loso,1,5,success,,60,60
367,ravdess__fno__loso__s1__f006,ravdess,fno,loso,1,6,success,,60,60
368,ravdess__fno__loso__s1__f007,ravdess,fno,loso,1,7,success,,60,60
369,ravdess__fno__loso__s1__f008,ravdess,fno,loso,1,8,success,,60,60
370,ravdess__fno__loso__s1__f009,ravdess,fno,loso,1,9,success,,60,60
371,ravdess__fno__loso__s1__f010,ravdess,fno,loso,1,10,success,,60,60
372,ravdess__fno__loso__s1__f011,ravdess,fno,loso,1,11,success,,60,60
373,ravdess__fno__loso__s1__f012,ravdess,fno,loso,1,12,success,,60,60
374,ravdess__fno__loso__s1__f013,ravdess,fno,loso,1,13,success,,60,60
375,ravdess__fno__loso__s1__f014,ravdess,fno,loso,1,14,success,,60,60
376,ravdess__fno__loso__s1__f015,ravdess,fno,loso,1,15,success,,60,60
377,ravdess__fno__loso__s1__f016,ravdess,fno,loso,1,16,success,,60,60
378,ravdess__fno__loso__s1__f017,ravdess,fno,loso,1,17,success,,60,60
379,ravdess__fno__loso__s1__f018,ravdess,fno,loso,1,18,success,,60,60
380,ravdess__fno__loso__s1__f019,ravdess,fno,loso,1,19,success,,60,60
381,ravdess__fno__loso__s1__f020,ravdess,fno,loso,1,20,success,,60,60
382,ravdess__fno__loso__s1__f021,ravdess,fno,loso,1,21,success,,60,60
383,ravdess__fno__loso__s1__f022,ravdess,fno,loso,1,22,success,,60,60
384,ravdess__fno__loso__s1__f023,ravdess,fno,loso,1,23,success,,60,60
385,ravdess__fno__loso__s2__f000,ravdess,fno,loso,2,0,success,,60,60
386,ravdess__fno__loso__s2__f001,ravdess,fno,loso,2,1,success,,60,60
387,ravdess__fno__loso__s2__f002,ravdess,fno,loso,2,2,success,,60,60
388,ravdess__fno__loso__s2__f003,ravdess,fno,loso,2,3,success,,60,60
389,ravdess__fno__loso__s2__f004,ravdess,fno,loso,2,4,success,,60,60
390,ravdess__fno__loso__s2__f005,ravdess,fno,loso,2,5,success,,60,60
391,ravdess__fno__loso__s2__f006,ravdess,fno,loso,2,6,success,,60,60
392,ravdess__fno__loso__s2__f007,ravdess,fno,loso,2,7,success,,60,60
393,ravdess__fno__loso__s2__f008,ravdess,fno,loso,2,8,success,,60,60
394,ravdess__fno__loso__s2__f009,ravdess,fno,loso,2,9,success,,60,60
395,ravdess__fno__loso__s2__f010,ravdess,fno,loso,2,10,success,,60,60
396,ravdess__fno__loso__s2__f011,ravdess,fno,loso,2,11,success,,60,60
397,ravdess__fno__loso__s2__f012,ravdess,fno,loso,2,12,success,,60,60
398,ravdess__fno__loso__s2__f013,ravdess,fno,loso,2,13,success,,60,60
399,ravdess__fno__loso__s2__f014,ravdess,fno,loso,2,14,success,,60,60
400,ravdess__fno__loso__s2__f015,ravdess,fno,loso,2,15,success,,60,60
401,ravdess__fno__loso__s2__f016,ravdess,fno,loso,2,16,success,,60,60
402,ravdess__fno__loso__s2__f017,ravdess,fno,loso,2,17,success,,60,60
403,ravdess__fno__loso__s2__f018,ravdess,fno,loso,2,18,success,,60,60
404,ravdess__fno__loso__s2__f019,ravdess,fno,loso,2,19,success,,60,60
405,ravdess__fno__loso__s2__f020,ravdess,fno,loso,2,20,success,,60,60
406,ravdess__fno__loso__s2__f021,ravdess,fno,loso,2,21,success,,60,60
407,ravdess__fno__loso__s2__f022,ravdess,fno,loso,2,22,success,,60,60
408,ravdess__fno__loso__s2__f023,ravdess,fno,loso,2,23,success,,60,60
409,cremad__cnn__random__s0__f000,cremad,cnn,random,0,0,success,,1489,1489
410,cremad__cnn__random__s0__f001,cremad,cnn,random,0,1,success,,1489,1489
411,cremad__cnn__random__s0__f002,cremad,cnn,random,0,2,success,,1488,1488
412,cremad__cnn__random__s0__f003,cremad,cnn,random,0,3,success,,1488,1488
413,cremad__cnn__random__s0__f004,cremad,cnn,random,0,4,success,,1488,1488
414,cremad__cnn__random__s1__f000,cremad,cnn,random,1,0,success,,1489,1489
415,cremad__cnn__random__s1__f001,cremad,cnn,random,1,1,success,,1489,1489
416,cremad__cnn__random__s1__f002,cremad,cnn,random,1,2,success,,1488,1488
417,cremad__cnn__random__s1__f003,cremad,cnn,random,1,3,success,,1488,1488
418,cremad__cnn__random__s1__f004,cremad,cnn,random,1,4,success,,1488,1488
419,cremad__cnn__random__s2__f000,cremad,cnn,random,2,0,success,,1489,1489
420,cremad__cnn__random__s2__f001,cremad,cnn,random,2,1,success,,1489,1489
421,cremad__cnn__random__s2__f002,cremad,cnn,random,2,2,success,,1488,1488
422,cremad__cnn__random__s2__f003,cremad,cnn,random,2,3,success,,1488,1488
423,cremad__cnn__random__s2__f004,cremad,cnn,random,2,4,success,,1488,1488
424,cremad__cnn__groupkfold__s0__f000,cremad,cnn,groupkfold,0,0,success,,1476,1476
425,cremad__cnn__groupkfold__s0__f001,cremad,cnn,groupkfold,0,1,success,,1475,1475
426,cremad__cnn__groupkfold__s0__f002,cremad,cnn,groupkfold,0,2,success,,1475,1475
427,cremad__cnn__groupkfold__s0__f003,cremad,cnn,groupkfold,0,3,success,,1546,1546
428,cremad__cnn__groupkfold__s0__f004,cremad,cnn,groupkfold,0,4,success,,1470,1470
429,cremad__cnn__groupkfold__s1__f000,cremad,cnn,groupkfold,1,0,success,,1476,1476
430,cremad__cnn__groupkfold__s1__f001,cremad,cnn,groupkfold,1,1,success,,1475,1475
431,cremad__cnn__groupkfold__s1__f002,cremad,cnn,groupkfold,1,2,success,,1475,1475
432,cremad__cnn__groupkfold__s1__f003,cremad,cnn,groupkfold,1,3,success,,1546,1546
433,cremad__cnn__groupkfold__s1__f004,cremad,cnn,groupkfold,1,4,success,,1470,1470
434,cremad__cnn__groupkfold__s2__f000,cremad,cnn,groupkfold,2,0,success,,1476,1476
435,cremad__cnn__groupkfold__s2__f001,cremad,cnn,groupkfold,2,1,success,,1475,1475
436,cremad__cnn__groupkfold__s2__f002,cremad,cnn,groupkfold,2,2,success,,1475,1475
437,cremad__cnn__groupkfold__s2__f003,cremad,cnn,groupkfold,2,3,success,,1546,1546
438,cremad__cnn__groupkfold__s2__f004,cremad,cnn,groupkfold,2,4,success,,1470,1470
439,cremad__cnn__loso__s0__f000,cremad,cnn,loso,0,0,success,,82,82
440,cremad__cnn__loso__s0__f001,cremad,cnn,loso,0,1,success,,81,81
441,cremad__cnn__loso__s0__f002,cremad,cnn,loso,0,2,success,,82,82
442,cremad__cnn__loso__s0__f003,cremad,cnn,loso,0,3,success,,82,82
443,cremad__cnn__loso__s0__f004,cremad,cnn,loso,0,4,success,,82,82
444,cremad__cnn__loso__s0__f005,cremad,cnn,loso,0,5,success,,82,82
445,cremad__cnn__loso__s0__f006,cremad,cnn,loso,0,6,success,,82,82
446,cremad__cnn__loso__s0__f007,cremad,cnn,loso,0,7,success,,76,76
447,cremad__cnn__loso__s0__f008,cremad,cnn,loso,0,8,success,,76,76
448,cremad__cnn__loso__s0__f009,cremad,cnn,loso,0,9,success,,82,82
449,cremad__cnn__loso__s0__f010,cremad,cnn,loso,0,10,success,,82,82
450,cremad__cnn__loso__s0__f011,cremad,cnn,loso,0,11,success,,82,82
451,cremad__cnn__loso__s0__f012,cremad,cnn,loso,0,12,success,,82,82
452,cremad__cnn__loso__s0__f013,cremad,cnn,loso,0,13,success,,82,82
453,cremad__cnn__loso__s0__f014,cremad,cnn,loso,0,14,success,,82,82
454,cremad__cnn__loso__s0__f015,cremad,cnn,loso,0,15,success,,82,82
455,cremad__cnn__loso__s0__f016,cremad,cnn,loso,0,16,success,,82,82
456,cremad__cnn__loso__s0__f017,cremad,cnn,loso,0,17,success,,82,82
457,cremad__cnn__loso__s0__f018,cremad,cnn,loso,0,18,success,,76,76
458,cremad__cnn__loso__s0__f019,cremad,cnn,loso,0,19,success,,82,82
459,cremad__cnn__loso__s0__f020,cremad,cnn,loso,0,20,success,,82,82
460,cremad__cnn__loso__s0__f021,cremad,cnn,loso,0,21,success,,82,82
461,cremad__cnn__loso__s0__f022,cremad,cnn,loso,0,22,success,,82,82
462,cremad__cnn__loso__s0__f023,cremad,cnn,loso,0,23,success,,82,82
463,cremad__cnn__loso__s0__f024,cremad,cnn,loso,0,24,success,,82,82
464,cremad__cnn__loso__s0__f025,cremad,cnn,loso,0,25,success,,82,82
465,cremad__cnn__loso__s0__f026,cremad,cnn,loso,0,26,success,,82,82
466,cremad__cnn__loso__s0__f027,cremad,cnn,loso,0,27,success,,82,82
467,cremad__cnn__loso__s0__f028,cremad,cnn,loso,0,28,success,,82,82
468,cremad__cnn__loso__s0__f029,cremad,cnn,loso,0,29,success,,82,82
469,cremad__cnn__loso__s0__f030,cremad,cnn,loso,0,30,success,,82,82
470,cremad__cnn__loso__s0__f031,cremad,cnn,loso,0,31,success,,82,82
471,cremad__cnn__loso__s0__f032,cremad,cnn,loso,0,32,success,,82,82
472,cremad__cnn__loso__s0__f033,cremad,cnn,loso,0,33,success,,82,82
473,cremad__cnn__loso__s0__f034,cremad,cnn,loso,0,34,success,,82,82
474,cremad__cnn__loso__s0__f035,cremad,cnn,loso,0,35,success,,82,82
475,cremad__cnn__loso__s0__f036,cremad,cnn,loso,0,36,success,,82,82
476,cremad__cnn__loso__s0__f037,cremad,cnn,loso,0,37,success,,82,82
477,cremad__cnn__loso__s0__f038,cremad,cnn,loso,0,38,success,,82,82
478,cremad__cnn__loso__s0__f039,cremad,cnn,loso,0,39,success,,82,82
479,cremad__cnn__loso__s0__f040,cremad,cnn,loso,0,40,success,,82,82
480,cremad__cnn__loso__s0__f041,cremad,cnn,loso,0,41,success,,82,82
481,cremad__cnn__loso__s0__f042,cremad,cnn,loso,0,42,success,,82,82
482,cremad__cnn__loso__s0__f043,cremad,cnn,loso,0,43,success,,82,82
483,cremad__cnn__loso__s0__f044,cremad,cnn,loso,0,44,success,,82,82
484,cremad__cnn__loso__s0__f045,cremad,cnn,loso,0,45,success,,82,82
485,cremad__cnn__loso__s0__f046,cremad,cnn,loso,0,46,success,,82,82
486,cremad__cnn__loso__s0__f047,cremad,cnn,loso,0,47,success,,82,82
487,cremad__cnn__loso__s0__f048,cremad,cnn,loso,0,48,success,,82,82
488,cremad__cnn__loso__s0__f049,cremad,cnn,loso,0,49,success,,82,82
489,cremad__cnn__loso__s0__f050,cremad,cnn,loso,0,50,success,,82,82
490,cremad__cnn__loso__s0__f051,cremad,cnn,loso,0,51,success,,82,82
491,cremad__cnn__loso__s0__f052,cremad,cnn,loso,0,52,success,,82,82
492,cremad__cnn__loso__s0__f053,cremad,cnn,loso,0,53,success,,82,82
493,cremad__cnn__loso__s0__f054,cremad,cnn,loso,0,54,success,,82,82
494,cremad__cnn__loso__s0__f055,cremad,cnn,loso,0,55,success,,82,82
495,cremad__cnn__loso__s0__f056,cremad,cnn,loso,0,56,success,,82,82
496,cremad__cnn__loso__s0__f057,cremad,cnn,loso,0,57,success,,82,82
497,cremad__cnn__loso__s0__f058,cremad,cnn,loso,0,58,success,,82,82
498,cremad__cnn__loso__s0__f059,cremad,cnn,loso,0,59,success,,82,82
499,cremad__cnn__loso__s0__f060,cremad,cnn,loso,0,60,success,,82,82
500,cremad__cnn__loso__s0__f061,cremad,cnn,loso,0,61,success,,82,82
501,cremad__cnn__loso__s0__f062,cremad,cnn,loso,0,62,success,,82,82
502,cremad__cnn__loso__s0__f063,cremad,cnn,loso,0,63,success,,82,82
503,cremad__cnn__loso__s0__f064,cremad,cnn,loso,0,64,success,,82,82
504,cremad__cnn__loso__s0__f065,cremad,cnn,loso,0,65,success,,82,82
505,cremad__cnn__loso__s0__f066,cremad,cnn,loso,0,66,success,,82,82
506,cremad__cnn__loso__s0__f067,cremad,cnn,loso,0,67,success,,82,82
507,cremad__cnn__loso__s0__f068,cremad,cnn,loso,0,68,success,,82,82
508,cremad__cnn__loso__s0__f069,cremad,cnn,loso,0,69,success,,82,82
509,cremad__cnn__loso__s0__f070,cremad,cnn,loso,0,70,success,,82,82
510,cremad__cnn__loso__s0__f071,cremad,cnn,loso,0,71,success,,82,82
511,cremad__cnn__loso__s0__f072,cremad,cnn,loso,0,72,success,,82,82
512,cremad__cnn__loso__s0__f073,cremad,cnn,loso,0,73,success,,82,82
513,cremad__cnn__loso__s0__f074,cremad,cnn,loso,0,74,success,,82,82
514,cremad__cnn__loso__s0__f075,cremad,cnn,loso,0,75,success,,81,81
515,cremad__cnn__loso__s0__f076,cremad,cnn,loso,0,76,success,,82,82
516,cremad__cnn__loso__s0__f077,cremad,cnn,loso,0,77,success,,82,82
517,cremad__cnn__loso__s0__f078,cremad,cnn,loso,0,78,success,,82,82
518,cremad__cnn__loso__s0__f079,cremad,cnn,loso,0,79,success,,82,82
519,cremad__cnn__loso__s0__f080,cremad,cnn,loso,0,80,success,,82,82
520,cremad__cnn__loso__s0__f081,cremad,cnn,loso,0,81,success,,82,82
521,cremad__cnn__loso__s0__f082,cremad,cnn,loso,0,82,success,,82,82
522,cremad__cnn__loso__s0__f083,cremad,cnn,loso,0,83,success,,82,82
523,cremad__cnn__loso__s0__f084,cremad,cnn,loso,0,84,success,,82,82
524,cremad__cnn__loso__s0__f085,cremad,cnn,loso,0,85,success,,82,82
525,cremad__cnn__loso__s0__f086,cremad,cnn,loso,0,86,success,,82,82
526,cremad__cnn__loso__s0__f087,cremad,cnn,loso,0,87,success,,82,82
527,cremad__cnn__loso__s0__f088,cremad,cnn,loso,0,88,success,,82,82
528,cremad__cnn__loso__s0__f089,cremad,cnn,loso,0,89,success,,82,82
529,cremad__cnn__loso__s0__f090,cremad,cnn,loso,0,90,success,,82,82
530,cremad__cnn__loso__s1__f000,cremad,cnn,loso,1,0,success,,82,82
531,cremad__cnn__loso__s1__f001,cremad,cnn,loso,1,1,success,,81,81
532,cremad__cnn__loso__s1__f002,cremad,cnn,loso,1,2,success,,82,82
533,cremad__cnn__loso__s1__f003,cremad,cnn,loso,1,3,success,,82,82
534,cremad__cnn__loso__s1__f004,cremad,cnn,loso,1,4,success,,82,82
535,cremad__cnn__loso__s1__f005,cremad,cnn,loso,1,5,success,,82,82
536,cremad__cnn__loso__s1__f006,cremad,cnn,loso,1,6,success,,82,82
537,cremad__cnn__loso__s1__f007,cremad,cnn,loso,1,7,success,,76,76
538,cremad__cnn__loso__s1__f008,cremad,cnn,loso,1,8,success,,76,76
539,cremad__cnn__loso__s1__f009,cremad,cnn,loso,1,9,success,,82,82
540,cremad__cnn__loso__s1__f010,cremad,cnn,loso,1,10,success,,82,82
541,cremad__cnn__loso__s1__f011,cremad,cnn,loso,1,11,success,,82,82
542,cremad__cnn__loso__s1__f012,cremad,cnn,loso,1,12,success,,82,82
543,cremad__cnn__loso__s1__f013,cremad,cnn,loso,1,13,success,,82,82
544,cremad__cnn__loso__s1__f014,cremad,cnn,loso,1,14,success,,82,82
545,cremad__cnn__loso__s1__f015,cremad,cnn,loso,1,15,success,,82,82
546,cremad__cnn__loso__s1__f016,cremad,cnn,loso,1,16,success,,82,82
547,cremad__cnn__loso__s1__f017,cremad,cnn,loso,1,17,success,,82,82
548,cremad__cnn__loso__s1__f018,cremad,cnn,loso,1,18,success,,76,76
549,cremad__cnn__loso__s1__f019,cremad,cnn,loso,1,19,success,,82,82
550,cremad__cnn__loso__s1__f020,cremad,cnn,loso,1,20,success,,82,82
551,cremad__cnn__loso__s1__f021,cremad,cnn,loso,1,21,success,,82,82
552,cremad__cnn__loso__s1__f022,cremad,cnn,loso,1,22,success,,82,82
553,cremad__cnn__loso__s1__f023,cremad,cnn,loso,1,23,success,,82,82
554,cremad__cnn__loso__s1__f024,cremad,cnn,loso,1,24,success,,82,82
555,cremad__cnn__loso__s1__f025,cremad,cnn,loso,1,25,success,,82,82
556,cremad__cnn__loso__s1__f026,cremad,cnn,loso,1,26,success,,82,82
557,cremad__cnn__loso__s1__f027,cremad,cnn,loso,1,27,success,,82,82
558,cremad__cnn__loso__s1__f028,cremad,cnn,loso,1,28,success,,82,82
559,cremad__cnn__loso__s1__f029,cremad,cnn,loso,1,29,success,,82,82
560,cremad__cnn__loso__s1__f030,cremad,cnn,loso,1,30,success,,82,82
561,cremad__cnn__loso__s1__f031,cremad,cnn,loso,1,31,success,,82,82
562,cremad__cnn__loso__s1__f032,cremad,cnn,loso,1,32,success,,82,82
563,cremad__cnn__loso__s1__f033,cremad,cnn,loso,1,33,success,,82,82
564,cremad__cnn__loso__s1__f034,cremad,cnn,loso,1,34,success,,82,82
565,cremad__cnn__loso__s1__f035,cremad,cnn,loso,1,35,success,,82,82
566,cremad__cnn__loso__s1__f036,cremad,cnn,loso,1,36,success,,82,82
567,cremad__cnn__loso__s1__f037,cremad,cnn,loso,1,37,success,,82,82
568,cremad__cnn__loso__s1__f038,cremad,cnn,loso,1,38,success,,82,82
569,cremad__cnn__loso__s1__f039,cremad,cnn,loso,1,39,success,,82,82
570,cremad__cnn__loso__s1__f040,cremad,cnn,loso,1,40,success,,82,82
571,cremad__cnn__loso__s1__f041,cremad,cnn,loso,1,41,success,,82,82
572,cremad__cnn__loso__s1__f042,cremad,cnn,loso,1,42,success,,82,82
573,cremad__cnn__loso__s1__f043,cremad,cnn,loso,1,43,success,,82,82
574,cremad__cnn__loso__s1__f044,cremad,cnn,loso,1,44,success,,82,82
575,cremad__cnn__loso__s1__f045,cremad,cnn,loso,1,45,success,,82,82
576,cremad__cnn__loso__s1__f046,cremad,cnn,loso,1,46,success,,82,82
577,cremad__cnn__loso__s1__f047,cremad,cnn,loso,1,47,success,,82,82
578,cremad__cnn__loso__s1__f048,cremad,cnn,loso,1,48,success,,82,82
579,cremad__cnn__loso__s1__f049,cremad,cnn,loso,1,49,success,,82,82
580,cremad__cnn__loso__s1__f050,cremad,cnn,loso,1,50,success,,82,82
581,cremad__cnn__loso__s1__f051,cremad,cnn,loso,1,51,success,,82,82
582,cremad__cnn__loso__s1__f052,cremad,cnn,loso,1,52,success,,82,82
583,cremad__cnn__loso__s1__f053,cremad,cnn,loso,1,53,success,,82,82
584,cremad__cnn__loso__s1__f054,cremad,cnn,loso,1,54,success,,82,82
585,cremad__cnn__loso__s1__f055,cremad,cnn,loso,1,55,success,,82,82
586,cremad__cnn__loso__s1__f056,cremad,cnn,loso,1,56,success,,82,82
587,cremad__cnn__loso__s1__f057,cremad,cnn,loso,1,57,success,,82,82
588,cremad__cnn__loso__s1__f058,cremad,cnn,loso,1,58,success,,82,82
589,cremad__cnn__loso__s1__f059,cremad,cnn,loso,1,59,success,,82,82
590,cremad__cnn__loso__s1__f060,cremad,cnn,loso,1,60,success,,82,82
591,cremad__cnn__loso__s1__f061,cremad,cnn,loso,1,61,success,,82,82
592,cremad__cnn__loso__s1__f062,cremad,cnn,loso,1,62,success,,82,82
593,cremad__cnn__loso__s1__f063,cremad,cnn,loso,1,63,success,,82,82
594,cremad__cnn__loso__s1__f064,cremad,cnn,loso,1,64,success,,82,82
595,cremad__cnn__loso__s1__f065,cremad,cnn,loso,1,65,success,,82,82
596,cremad__cnn__loso__s1__f066,cremad,cnn,loso,1,66,success,,82,82
597,cremad__cnn__loso__s1__f067,cremad,cnn,loso,1,67,success,,82,82
598,cremad__cnn__loso__s1__f068,cremad,cnn,loso,1,68,success,,82,82
599,cremad__cnn__loso__s1__f069,cremad,cnn,loso,1,69,success,,82,82
600,cremad__cnn__loso__s1__f070,cremad,cnn,loso,1,70,success,,82,82
601,cremad__cnn__loso__s1__f071,cremad,cnn,loso,1,71,success,,82,82
602,cremad__cnn__loso__s1__f072,cremad,cnn,loso,1,72,success,,82,82
603,cremad__cnn__loso__s1__f073,cremad,cnn,loso,1,73,success,,82,82
604,cremad__cnn__loso__s1__f074,cremad,cnn,loso,1,74,success,,82,82
605,cremad__cnn__loso__s1__f075,cremad,cnn,loso,1,75,success,,81,81
606,cremad__cnn__loso__s1__f076,cremad,cnn,loso,1,76,success,,82,82
607,cremad__cnn__loso__s1__f077,cremad,cnn,loso,1,77,success,,82,82
608,cremad__cnn__loso__s1__f078,cremad,cnn,loso,1,78,success,,82,82
609,cremad__cnn__loso__s1__f079,cremad,cnn,loso,1,79,success,,82,82
610,cremad__cnn__loso__s1__f080,cremad,cnn,loso,1,80,success,,82,82
611,cremad__cnn__loso__s1__f081,cremad,cnn,loso,1,81,success,,82,82
612,cremad__cnn__loso__s1__f082,cremad,cnn,loso,1,82,success,,82,82
613,cremad__cnn__loso__s1__f083,cremad,cnn,loso,1,83,success,,82,82
614,cremad__cnn__loso__s1__f084,cremad,cnn,loso,1,84,success,,82,82
615,cremad__cnn__loso__s1__f085,cremad,cnn,loso,1,85,success,,82,82
616,cremad__cnn__loso__s1__f086,cremad,cnn,loso,1,86,success,,82,82
617,cremad__cnn__loso__s1__f087,cremad,cnn,loso,1,87,success,,82,82
618,cremad__cnn__loso__s1__f088,cremad,cnn,loso,1,88,success,,82,82
619,cremad__cnn__loso__s1__f089,cremad,cnn,loso,1,89,success,,82,82
620,cremad__cnn__loso__s1__f090,cremad,cnn,loso,1,90,success,,82,82
621,cremad__cnn__loso__s2__f000,cremad,cnn,loso,2,0,success,,82,82
622,cremad__cnn__loso__s2__f001,cremad,cnn,loso,2,1,success,,81,81
623,cremad__cnn__loso__s2__f002,cremad,cnn,loso,2,2,success,,82,82
624,cremad__cnn__loso__s2__f003,cremad,cnn,loso,2,3,success,,82,82
625,cremad__cnn__loso__s2__f004,cremad,cnn,loso,2,4,success,,82,82
626,cremad__cnn__loso__s2__f005,cremad,cnn,loso,2,5,success,,82,82
627,cremad__cnn__loso__s2__f006,cremad,cnn,loso,2,6,success,,82,82
628,cremad__cnn__loso__s2__f007,cremad,cnn,loso,2,7,success,,76,76
629,cremad__cnn__loso__s2__f008,cremad,cnn,loso,2,8,success,,76,76
630,cremad__cnn__loso__s2__f009,cremad,cnn,loso,2,9,success,,82,82
631,cremad__cnn__loso__s2__f010,cremad,cnn,loso,2,10,success,,82,82
632,cremad__cnn__loso__s2__f011,cremad,cnn,loso,2,11,success,,82,82
633,cremad__cnn__loso__s2__f012,cremad,cnn,loso,2,12,success,,82,82
634,cremad__cnn__loso__s2__f013,cremad,cnn,loso,2,13,success,,82,82
635,cremad__cnn__loso__s2__f014,cremad,cnn,loso,2,14,success,,82,82
636,cremad__cnn__loso__s2__f015,cremad,cnn,loso,2,15,success,,82,82
637,cremad__cnn__loso__s2__f016,cremad,cnn,loso,2,16,success,,82,82
638,cremad__cnn__loso__s2__f017,cremad,cnn,loso,2,17,success,,82,82
639,cremad__cnn__loso__s2__f018,cremad,cnn,loso,2,18,success,,76,76
640,cremad__cnn__loso__s2__f019,cremad,cnn,loso,2,19,success,,82,82
641,cremad__cnn__loso__s2__f020,cremad,cnn,loso,2,20,success,,82,82
642,cremad__cnn__loso__s2__f021,cremad,cnn,loso,2,21,success,,82,82
643,cremad__cnn__loso__s2__f022,cremad,cnn,loso,2,22,success,,82,82
644,cremad__cnn__loso__s2__f023,cremad,cnn,loso,2,23,success,,82,82
645,cremad__cnn__loso__s2__f024,cremad,cnn,loso,2,24,success,,82,82
646,cremad__cnn__loso__s2__f025,cremad,cnn,loso,2,25,success,,82,82
647,cremad__cnn__loso__s2__f026,cremad,cnn,loso,2,26,success,,82,82
648,cremad__cnn__loso__s2__f027,cremad,cnn,loso,2,27,success,,82,82
649,cremad__cnn__loso__s2__f028,cremad,cnn,loso,2,28,success,,82,82
650,cremad__cnn__loso__s2__f029,cremad,cnn,loso,2,29,success,,82,82
651,cremad__cnn__loso__s2__f030,cremad,cnn,loso,2,30,success,,82,82
652,cremad__cnn__loso__s2__f031,cremad,cnn,loso,2,31,success,,82,82
653,cremad__cnn__loso__s2__f032,cremad,cnn,loso,2,32,success,,82,82
654,cremad__cnn__loso__s2__f033,cremad,cnn,loso,2,33,success,,82,82
655,cremad__cnn__loso__s2__f034,cremad,cnn,loso,2,34,success,,82,82
656,cremad__cnn__loso__s2__f035,cremad,cnn,loso,2,35,success,,82,82
657,cremad__cnn__loso__s2__f036,cremad,cnn,loso,2,36,success,,82,82
658,cremad__cnn__loso__s2__f037,cremad,cnn,loso,2,37,success,,82,82
659,cremad__cnn__loso__s2__f038,cremad,cnn,loso,2,38,success,,82,82
660,cremad__cnn__loso__s2__f039,cremad,cnn,loso,2,39,success,,82,82
661,cremad__cnn__loso__s2__f040,cremad,cnn,loso,2,40,success,,82,82
662,cremad__cnn__loso__s2__f041,cremad,cnn,loso,2,41,success,,82,82
663,cremad__cnn__loso__s2__f042,cremad,cnn,loso,2,42,success,,82,82
664,cremad__cnn__loso__s2__f043,cremad,cnn,loso,2,43,success,,82,82
665,cremad__cnn__loso__s2__f044,cremad,cnn,loso,2,44,success,,82,82
666,cremad__cnn__loso__s2__f045,cremad,cnn,loso,2,45,success,,82,82
667,cremad__cnn__loso__s2__f046,cremad,cnn,loso,2,46,success,,82,82
668,cremad__cnn__loso__s2__f047,cremad,cnn,loso,2,47,success,,82,82
669,cremad__cnn__loso__s2__f048,cremad,cnn,loso,2,48,success,,82,82
670,cremad__cnn__loso__s2__f049,cremad,cnn,loso,2,49,success,,82,82
671,cremad__cnn__loso__s2__f050,cremad,cnn,loso,2,50,success,,82,82
672,cremad__cnn__loso__s2__f051,cremad,cnn,loso,2,51,success,,82,82
673,cremad__cnn__loso__s2__f052,cremad,cnn,loso,2,52,success,,82,82
674,cremad__cnn__loso__s2__f053,cremad,cnn,loso,2,53,success,,82,82
675,cremad__cnn__loso__s2__f054,cremad,cnn,loso,2,54,success,,82,82
676,cremad__cnn__loso__s2__f055,cremad,cnn,loso,2,55,success,,82,82
677,cremad__cnn__loso__s2__f056,cremad,cnn,loso,2,56,success,,82,82
678,cremad__cnn__loso__s2__f057,cremad,cnn,loso,2,57,success,,82,82
679,cremad__cnn__loso__s2__f058,cremad,cnn,loso,2,58,success,,82,82
680,cremad__cnn__loso__s2__f059,cremad,cnn,loso,2,59,success,,82,82
681,cremad__cnn__loso__s2__f060,cremad,cnn,loso,2,60,success,,82,82
682,cremad__cnn__loso__s2__f061,cremad,cnn,loso,2,61,success,,82,82
683,cremad__cnn__loso__s2__f062,cremad,cnn,loso,2,62,success,,82,82
684,cremad__cnn__loso__s2__f063,cremad,cnn,loso,2,63,success,,82,82
685,cremad__cnn__loso__s2__f064,cremad,cnn,loso,2,64,success,,82,82
686,cremad__cnn__loso__s2__f065,cremad,cnn,loso,2,65,success,,82,82
687,cremad__cnn__loso__s2__f066,cremad,cnn,loso,2,66,success,,82,82
688,cremad__cnn__loso__s2__f067,cremad,cnn,loso,2,67,success,,82,82
689,cremad__cnn__loso__s2__f068,cremad,cnn,loso,2,68,success,,82,82
690,cremad__cnn__loso__s2__f069,cremad,cnn,loso,2,69,success,,82,82
691,cremad__cnn__loso__s2__f070,cremad,cnn,loso,2,70,success,,82,82
692,cremad__cnn__loso__s2__f071,cremad,cnn,loso,2,71,success,,82,82
693,cremad__cnn__loso__s2__f072,cremad,cnn,loso,2,72,success,,82,82
694,cremad__cnn__loso__s2__f073,cremad,cnn,loso,2,73,success,,82,82
695,cremad__cnn__loso__s2__f074,cremad,cnn,loso,2,74,success,,82,82
696,cremad__cnn__loso__s2__f075,cremad,cnn,loso,2,75,success,,81,81
697,cremad__cnn__loso__s2__f076,cremad,cnn,loso,2,76,success,,82,82
698,cremad__cnn__loso__s2__f077,cremad,cnn,loso,2,77,success,,82,82
699,cremad__cnn__loso__s2__f078,cremad,cnn,loso,2,78,success,,82,82
700,cremad__cnn__loso__s2__f079,cremad,cnn,loso,2,79,success,,82,82
701,cremad__cnn__loso__s2__f080,cremad,cnn,loso,2,80,success,,82,82
702,cremad__cnn__loso__s2__f081,cremad,cnn,loso,2,81,success,,82,82
703,cremad__cnn__loso__s2__f082,cremad,cnn,loso,2,82,success,,82,82
704,cremad__cnn__loso__s2__f083,cremad,cnn,loso,2,83,success,,82,82
705,cremad__cnn__loso__s2__f084,cremad,cnn,loso,2,84,success,,82,82
706,cremad__cnn__loso__s2__f085,cremad,cnn,loso,2,85,success,,82,82
707,cremad__cnn__loso__s2__f086,cremad,cnn,loso,2,86,success,,82,82
708,cremad__cnn__loso__s2__f087,cremad,cnn,loso,2,87,success,,82,82
709,cremad__cnn__loso__s2__f088,cremad,cnn,loso,2,88,success,,82,82
710,cremad__cnn__loso__s2__f089,cremad,cnn,loso,2,89,success,,82,82
711,cremad__cnn__loso__s2__f090,cremad,cnn,loso,2,90,success,,82,82
712,cremad__resnet_se__random__s0__f000,cremad,resnet_se,random,0,0,success,,1489,1489
713,cremad__resnet_se__random__s0__f001,cremad,resnet_se,random,0,1,success,,1489,1489
714,cremad__resnet_se__random__s0__f002,cremad,resnet_se,random,0,2,success,,1488,1488
715,cremad__resnet_se__random__s0__f003,cremad,resnet_se,random,0,3,success,,1488,1488
716,cremad__resnet_se__random__s0__f004,cremad,resnet_se,random,0,4,success,,1488,1488
717,cremad__resnet_se__random__s1__f000,cremad,resnet_se,random,1,0,success,,1489,1489
718,cremad__resnet_se__random__s1__f001,cremad,resnet_se,random,1,1,success,,1489,1489
719,cremad__resnet_se__random__s1__f002,cremad,resnet_se,random,1,2,success,,1488,1488
720,cremad__resnet_se__random__s1__f003,cremad,resnet_se,random,1,3,success,,1488,1488
721,cremad__resnet_se__random__s1__f004,cremad,resnet_se,random,1,4,success,,1488,1488
722,cremad__resnet_se__random__s2__f000,cremad,resnet_se,random,2,0,success,,1489,1489
723,cremad__resnet_se__random__s2__f001,cremad,resnet_se,random,2,1,success,,1489,1489
724,cremad__resnet_se__random__s2__f002,cremad,resnet_se,random,2,2,success,,1488,1488
725,cremad__resnet_se__random__s2__f003,cremad,resnet_se,random,2,3,success,,1488,1488
726,cremad__resnet_se__random__s2__f004,cremad,resnet_se,random,2,4,success,,1488,1488
727,cremad__resnet_se__groupkfold__s0__f000,cremad,resnet_se,groupkfold,0,0,success,,1476,1476
728,cremad__resnet_se__groupkfold__s0__f001,cremad,resnet_se,groupkfold,0,1,success,,1475,1475
729,cremad__resnet_se__groupkfold__s0__f002,cremad,resnet_se,groupkfold,0,2,success,,1475,1475
730,cremad__resnet_se__groupkfold__s0__f003,cremad,resnet_se,groupkfold,0,3,success,,1546,1546
731,cremad__resnet_se__groupkfold__s0__f004,cremad,resnet_se,groupkfold,0,4,success,,1470,1470
732,cremad__resnet_se__groupkfold__s1__f000,cremad,resnet_se,groupkfold,1,0,success,,1476,1476
733,cremad__resnet_se__groupkfold__s1__f001,cremad,resnet_se,groupkfold,1,1,success,,1475,1475
734,cremad__resnet_se__groupkfold__s1__f002,cremad,resnet_se,groupkfold,1,2,success,,1475,1475
735,cremad__resnet_se__groupkfold__s1__f003,cremad,resnet_se,groupkfold,1,3,success,,1546,1546
736,cremad__resnet_se__groupkfold__s1__f004,cremad,resnet_se,groupkfold,1,4,success,,1470,1470
737,cremad__resnet_se__groupkfold__s2__f000,cremad,resnet_se,groupkfold,2,0,success,,1476,1476
738,cremad__resnet_se__groupkfold__s2__f001,cremad,resnet_se,groupkfold,2,1,success,,1475,1475
739,cremad__resnet_se__groupkfold__s2__f002,cremad,resnet_se,groupkfold,2,2,success,,1475,1475
740,cremad__resnet_se__groupkfold__s2__f003,cremad,resnet_se,groupkfold,2,3,success,,1546,1546
741,cremad__resnet_se__groupkfold__s2__f004,cremad,resnet_se,groupkfold,2,4,success,,1470,1470
742,cremad__resnet_se__loso__s0__f000,cremad,resnet_se,loso,0,0,success,,82,82
743,cremad__resnet_se__loso__s0__f001,cremad,resnet_se,loso,0,1,success,,81,81
744,cremad__resnet_se__loso__s0__f002,cremad,resnet_se,loso,0,2,success,,82,82
745,cremad__resnet_se__loso__s0__f003,cremad,resnet_se,loso,0,3,success,,82,82
746,cremad__resnet_se__loso__s0__f004,cremad,resnet_se,loso,0,4,success,,82,82
747,cremad__resnet_se__loso__s0__f005,cremad,resnet_se,loso,0,5,success,,82,82
748,cremad__resnet_se__loso__s0__f006,cremad,resnet_se,loso,0,6,success,,82,82
749,cremad__resnet_se__loso__s0__f007,cremad,resnet_se,loso,0,7,success,,76,76
750,cremad__resnet_se__loso__s0__f008,cremad,resnet_se,loso,0,8,success,,76,76
751,cremad__resnet_se__loso__s0__f009,cremad,resnet_se,loso,0,9,success,,82,82
752,cremad__resnet_se__loso__s0__f010,cremad,resnet_se,loso,0,10,success,,82,82
753,cremad__resnet_se__loso__s0__f011,cremad,resnet_se,loso,0,11,success,,82,82
754,cremad__resnet_se__loso__s0__f012,cremad,resnet_se,loso,0,12,success,,82,82
755,cremad__resnet_se__loso__s0__f013,cremad,resnet_se,loso,0,13,success,,82,82
756,cremad__resnet_se__loso__s0__f014,cremad,resnet_se,loso,0,14,success,,82,82
757,cremad__resnet_se__loso__s0__f015,cremad,resnet_se,loso,0,15,success,,82,82
758,cremad__resnet_se__loso__s0__f016,cremad,resnet_se,loso,0,16,success,,82,82
759,cremad__resnet_se__loso__s0__f017,cremad,resnet_se,loso,0,17,success,,82,82
760,cremad__resnet_se__loso__s0__f018,cremad,resnet_se,loso,0,18,success,,76,76
761,cremad__resnet_se__loso__s0__f019,cremad,resnet_se,loso,0,19,success,,82,82
762,cremad__resnet_se__loso__s0__f020,cremad,resnet_se,loso,0,20,success,,82,82
763,cremad__resnet_se__loso__s0__f021,cremad,resnet_se,loso,0,21,success,,82,82
764,cremad__resnet_se__loso__s0__f022,cremad,resnet_se,loso,0,22,success,,82,82
765,cremad__resnet_se__loso__s0__f023,cremad,resnet_se,loso,0,23,success,,82,82
766,cremad__resnet_se__loso__s0__f024,cremad,resnet_se,loso,0,24,success,,82,82
767,cremad__resnet_se__loso__s0__f025,cremad,resnet_se,loso,0,25,success,,82,82
768,cremad__resnet_se__loso__s0__f026,cremad,resnet_se,loso,0,26,success,,82,82
769,cremad__resnet_se__loso__s0__f027,cremad,resnet_se,loso,0,27,success,,82,82
770,cremad__resnet_se__loso__s0__f028,cremad,resnet_se,loso,0,28,success,,82,82
771,cremad__resnet_se__loso__s0__f029,cremad,resnet_se,loso,0,29,success,,82,82
772,cremad__resnet_se__loso__s0__f030,cremad,resnet_se,loso,0,30,success,,82,82
773,cremad__resnet_se__loso__s0__f031,cremad,resnet_se,loso,0,31,success,,82,82
774,cremad__resnet_se__loso__s0__f032,cremad,resnet_se,loso,0,32,success,,82,82
775,cremad__resnet_se__loso__s0__f033,cremad,resnet_se,loso,0,33,success,,82,82
776,cremad__resnet_se__loso__s0__f034,cremad,resnet_se,loso,0,34,success,,82,82
777,cremad__resnet_se__loso__s0__f035,cremad,resnet_se,loso,0,35,success,,82,82
778,cremad__resnet_se__loso__s0__f036,cremad,resnet_se,loso,0,36,success,,82,82
779,cremad__resnet_se__loso__s0__f037,cremad,resnet_se,loso,0,37,success,,82,82
780,cremad__resnet_se__loso__s0__f038,cremad,resnet_se,loso,0,38,success,,82,82
781,cremad__resnet_se__loso__s0__f039,cremad,resnet_se,loso,0,39,success,,82,82
782,cremad__resnet_se__loso__s0__f040,cremad,resnet_se,loso,0,40,success,,82,82
783,cremad__resnet_se__loso__s0__f041,cremad,resnet_se,loso,0,41,success,,82,82
784,cremad__resnet_se__loso__s0__f042,cremad,resnet_se,loso,0,42,success,,82,82
785,cremad__resnet_se__loso__s0__f043,cremad,resnet_se,loso,0,43,success,,82,82
786,cremad__resnet_se__loso__s0__f044,cremad,resnet_se,loso,0,44,success,,82,82
787,cremad__resnet_se__loso__s0__f045,cremad,resnet_se,loso,0,45,success,,82,82
788,cremad__resnet_se__loso__s0__f046,cremad,resnet_se,loso,0,46,success,,82,82
789,cremad__resnet_se__loso__s0__f047,cremad,resnet_se,loso,0,47,success,,82,82
790,cremad__resnet_se__loso__s0__f048,cremad,resnet_se,loso,0,48,success,,82,82
791,cremad__resnet_se__loso__s0__f049,cremad,resnet_se,loso,0,49,success,,82,82
792,cremad__resnet_se__loso__s0__f050,cremad,resnet_se,loso,0,50,success,,82,82
793,cremad__resnet_se__loso__s0__f051,cremad,resnet_se,loso,0,51,success,,82,82
794,cremad__resnet_se__loso__s0__f052,cremad,resnet_se,loso,0,52,success,,82,82
795,cremad__resnet_se__loso__s0__f053,cremad,resnet_se,loso,0,53,success,,82,82
796,cremad__resnet_se__loso__s0__f054,cremad,resnet_se,loso,0,54,success,,82,82
797,cremad__resnet_se__loso__s0__f055,cremad,resnet_se,loso,0,55,success,,82,82
798,cremad__resnet_se__loso__s0__f056,cremad,resnet_se,loso,0,56,success,,82,82
799,cremad__resnet_se__loso__s0__f057,cremad,resnet_se,loso,0,57,success,,82,82
800,cremad__resnet_se__loso__s0__f058,cremad,resnet_se,loso,0,58,success,,82,82
801,cremad__resnet_se__loso__s0__f059,cremad,resnet_se,loso,0,59,success,,82,82
802,cremad__resnet_se__loso__s0__f060,cremad,resnet_se,loso,0,60,success,,82,82
803,cremad__resnet_se__loso__s0__f061,cremad,resnet_se,loso,0,61,success,,82,82
804,cremad__resnet_se__loso__s0__f062,cremad,resnet_se,loso,0,62,success,,82,82
805,cremad__resnet_se__loso__s0__f063,cremad,resnet_se,loso,0,63,success,,82,82
806,cremad__resnet_se__loso__s0__f064,cremad,resnet_se,loso,0,64,success,,82,82
807,cremad__resnet_se__loso__s0__f065,cremad,resnet_se,loso,0,65,success,,82,82
808,cremad__resnet_se__loso__s0__f066,cremad,resnet_se,loso,0,66,success,,82,82
809,cremad__resnet_se__loso__s0__f067,cremad,resnet_se,loso,0,67,success,,82,82
810,cremad__resnet_se__loso__s0__f068,cremad,resnet_se,loso,0,68,success,,82,82
811,cremad__resnet_se__loso__s0__f069,cremad,resnet_se,loso,0,69,success,,82,82
812,cremad__resnet_se__loso__s0__f070,cremad,resnet_se,loso,0,70,success,,82,82
813,cremad__resnet_se__loso__s0__f071,cremad,resnet_se,loso,0,71,success,,82,82
814,cremad__resnet_se__loso__s0__f072,cremad,resnet_se,loso,0,72,success,,82,82
815,cremad__resnet_se__loso__s0__f073,cremad,resnet_se,loso,0,73,success,,82,82
816,cremad__resnet_se__loso__s0__f074,cremad,resnet_se,loso,0,74,success,,82,82
817,cremad__resnet_se__loso__s0__f075,cremad,resnet_se,loso,0,75,success,,81,81
818,cremad__resnet_se__loso__s0__f076,cremad,resnet_se,loso,0,76,success,,82,82
819,cremad__resnet_se__loso__s0__f077,cremad,resnet_se,loso,0,77,success,,82,82
820,cremad__resnet_se__loso__s0__f078,cremad,resnet_se,loso,0,78,success,,82,82
821,cremad__resnet_se__loso__s0__f079,cremad,resnet_se,loso,0,79,success,,82,82
822,cremad__resnet_se__loso__s0__f080,cremad,resnet_se,loso,0,80,success,,82,82
823,cremad__resnet_se__loso__s0__f081,cremad,resnet_se,loso,0,81,success,,82,82
824,cremad__resnet_se__loso__s0__f082,cremad,resnet_se,loso,0,82,success,,82,82
825,cremad__resnet_se__loso__s0__f083,cremad,resnet_se,loso,0,83,success,,82,82
826,cremad__resnet_se__loso__s0__f084,cremad,resnet_se,loso,0,84,success,,82,82
827,cremad__resnet_se__loso__s0__f085,cremad,resnet_se,loso,0,85,success,,82,82
828,cremad__resnet_se__loso__s0__f086,cremad,resnet_se,loso,0,86,success,,82,82
829,cremad__resnet_se__loso__s0__f087,cremad,resnet_se,loso,0,87,success,,82,82
830,cremad__resnet_se__loso__s0__f088,cremad,resnet_se,loso,0,88,success,,82,82
831,cremad__resnet_se__loso__s0__f089,cremad,resnet_se,loso,0,89,success,,82,82
832,cremad__resnet_se__loso__s0__f090,cremad,resnet_se,loso,0,90,success,,82,82
833,cremad__resnet_se__loso__s1__f000,cremad,resnet_se,loso,1,0,success,,82,82
834,cremad__resnet_se__loso__s1__f001,cremad,resnet_se,loso,1,1,success,,81,81
835,cremad__resnet_se__loso__s1__f002,cremad,resnet_se,loso,1,2,success,,82,82
836,cremad__resnet_se__loso__s1__f003,cremad,resnet_se,loso,1,3,success,,82,82
837,cremad__resnet_se__loso__s1__f004,cremad,resnet_se,loso,1,4,success,,82,82
838,cremad__resnet_se__loso__s1__f005,cremad,resnet_se,loso,1,5,success,,82,82
839,cremad__resnet_se__loso__s1__f006,cremad,resnet_se,loso,1,6,success,,82,82
840,cremad__resnet_se__loso__s1__f007,cremad,resnet_se,loso,1,7,success,,76,76
841,cremad__resnet_se__loso__s1__f008,cremad,resnet_se,loso,1,8,success,,76,76
842,cremad__resnet_se__loso__s1__f009,cremad,resnet_se,loso,1,9,success,,82,82
843,cremad__resnet_se__loso__s1__f010,cremad,resnet_se,loso,1,10,success,,82,82
844,cremad__resnet_se__loso__s1__f011,cremad,resnet_se,loso,1,11,success,,82,82
845,cremad__resnet_se__loso__s1__f012,cremad,resnet_se,loso,1,12,success,,82,82
846,cremad__resnet_se__loso__s1__f013,cremad,resnet_se,loso,1,13,success,,82,82
847,cremad__resnet_se__loso__s1__f014,cremad,resnet_se,loso,1,14,success,,82,82
848,cremad__resnet_se__loso__s1__f015,cremad,resnet_se,loso,1,15,success,,82,82
849,cremad__resnet_se__loso__s1__f016,cremad,resnet_se,loso,1,16,success,,82,82
850,cremad__resnet_se__loso__s1__f017,cremad,resnet_se,loso,1,17,success,,82,82
851,cremad__resnet_se__loso__s1__f018,cremad,resnet_se,loso,1,18,success,,76,76
852,cremad__resnet_se__loso__s1__f019,cremad,resnet_se,loso,1,19,success,,82,82
853,cremad__resnet_se__loso__s1__f020,cremad,resnet_se,loso,1,20,success,,82,82
854,cremad__resnet_se__loso__s1__f021,cremad,resnet_se,loso,1,21,success,,82,82
855,cremad__resnet_se__loso__s1__f022,cremad,resnet_se,loso,1,22,success,,82,82
856,cremad__resnet_se__loso__s1__f023,cremad,resnet_se,loso,1,23,success,,82,82
857,cremad__resnet_se__loso__s1__f024,cremad,resnet_se,loso,1,24,success,,82,82
858,cremad__resnet_se__loso__s1__f025,cremad,resnet_se,loso,1,25,success,,82,82
859,cremad__resnet_se__loso__s1__f026,cremad,resnet_se,loso,1,26,success,,82,82
860,cremad__resnet_se__loso__s1__f027,cremad,resnet_se,loso,1,27,success,,82,82
861,cremad__resnet_se__loso__s1__f028,cremad,resnet_se,loso,1,28,success,,82,82
862,cremad__resnet_se__loso__s1__f029,cremad,resnet_se,loso,1,29,success,,82,82
863,cremad__resnet_se__loso__s1__f030,cremad,resnet_se,loso,1,30,success,,82,82
864,cremad__resnet_se__loso__s1__f031,cremad,resnet_se,loso,1,31,success,,82,82
865,cremad__resnet_se__loso__s1__f032,cremad,resnet_se,loso,1,32,success,,82,82
866,cremad__resnet_se__loso__s1__f033,cremad,resnet_se,loso,1,33,success,,82,82
867,cremad__resnet_se__loso__s1__f034,cremad,resnet_se,loso,1,34,success,,82,82
868,cremad__resnet_se__loso__s1__f035,cremad,resnet_se,loso,1,35,success,,82,82
869,cremad__resnet_se__loso__s1__f036,cremad,resnet_se,loso,1,36,success,,82,82
870,cremad__resnet_se__loso__s1__f037,cremad,resnet_se,loso,1,37,success,,82,82
871,cremad__resnet_se__loso__s1__f038,cremad,resnet_se,loso,1,38,success,,82,82
872,cremad__resnet_se__loso__s1__f039,cremad,resnet_se,loso,1,39,success,,82,82
873,cremad__resnet_se__loso__s1__f040,cremad,resnet_se,loso,1,40,success,,82,82
874,cremad__resnet_se__loso__s1__f041,cremad,resnet_se,loso,1,41,success,,82,82
875,cremad__resnet_se__loso__s1__f042,cremad,resnet_se,loso,1,42,success,,82,82
876,cremad__resnet_se__loso__s1__f043,cremad,resnet_se,loso,1,43,success,,82,82
877,cremad__resnet_se__loso__s1__f044,cremad,resnet_se,loso,1,44,success,,82,82
878,cremad__resnet_se__loso__s1__f045,cremad,resnet_se,loso,1,45,success,,82,82
879,cremad__resnet_se__loso__s1__f046,cremad,resnet_se,loso,1,46,success,,82,82
880,cremad__resnet_se__loso__s1__f047,cremad,resnet_se,loso,1,47,success,,82,82
881,cremad__resnet_se__loso__s1__f048,cremad,resnet_se,loso,1,48,success,,82,82
882,cremad__resnet_se__loso__s1__f049,cremad,resnet_se,loso,1,49,success,,82,82
883,cremad__resnet_se__loso__s1__f050,cremad,resnet_se,loso,1,50,success,,82,82
884,cremad__resnet_se__loso__s1__f051,cremad,resnet_se,loso,1,51,success,,82,82
885,cremad__resnet_se__loso__s1__f052,cremad,resnet_se,loso,1,52,success,,82,82
886,cremad__resnet_se__loso__s1__f053,cremad,resnet_se,loso,1,53,success,,82,82
887,cremad__resnet_se__loso__s1__f054,cremad,resnet_se,loso,1,54,success,,82,82
888,cremad__resnet_se__loso__s1__f055,cremad,resnet_se,loso,1,55,success,,82,82
889,cremad__resnet_se__loso__s1__f056,cremad,resnet_se,loso,1,56,success,,82,82
890,cremad__resnet_se__loso__s1__f057,cremad,resnet_se,loso,1,57,success,,82,82
891,cremad__resnet_se__loso__s1__f058,cremad,resnet_se,loso,1,58,success,,82,82
892,cremad__resnet_se__loso__s1__f059,cremad,resnet_se,loso,1,59,success,,82,82
893,cremad__resnet_se__loso__s1__f060,cremad,resnet_se,loso,1,60,success,,82,82
894,cremad__resnet_se__loso__s1__f061,cremad,resnet_se,loso,1,61,success,,82,82
895,cremad__resnet_se__loso__s1__f062,cremad,resnet_se,loso,1,62,success,,82,82
896,cremad__resnet_se__loso__s1__f063,cremad,resnet_se,loso,1,63,success,,82,82
897,cremad__resnet_se__loso__s1__f064,cremad,resnet_se,loso,1,64,success,,82,82
898,cremad__resnet_se__loso__s1__f065,cremad,resnet_se,loso,1,65,success,,82,82
899,cremad__resnet_se__loso__s1__f066,cremad,resnet_se,loso,1,66,success,,82,82
900,cremad__resnet_se__loso__s1__f067,cremad,resnet_se,loso,1,67,success,,82,82
901,cremad__resnet_se__loso__s1__f068,cremad,resnet_se,loso,1,68,success,,82,82
902,cremad__resnet_se__loso__s1__f069,cremad,resnet_se,loso,1,69,success,,82,82
903,cremad__resnet_se__loso__s1__f070,cremad,resnet_se,loso,1,70,success,,82,82
904,cremad__resnet_se__loso__s1__f071,cremad,resnet_se,loso,1,71,success,,82,82
905,cremad__resnet_se__loso__s1__f072,cremad,resnet_se,loso,1,72,success,,82,82
906,cremad__resnet_se__loso__s1__f073,cremad,resnet_se,loso,1,73,success,,82,82
907,cremad__resnet_se__loso__s1__f074,cremad,resnet_se,loso,1,74,success,,82,82
908,cremad__resnet_se__loso__s1__f075,cremad,resnet_se,loso,1,75,success,,81,81
909,cremad__resnet_se__loso__s1__f076,cremad,resnet_se,loso,1,76,success,,82,82
910,cremad__resnet_se__loso__s1__f077,cremad,resnet_se,loso,1,77,success,,82,82
911,cremad__resnet_se__loso__s1__f078,cremad,resnet_se,loso,1,78,success,,82,82
912,cremad__resnet_se__loso__s1__f079,cremad,resnet_se,loso,1,79,success,,82,82
913,cremad__resnet_se__loso__s1__f080,cremad,resnet_se,loso,1,80,success,,82,82
914,cremad__resnet_se__loso__s1__f081,cremad,resnet_se,loso,1,81,success,,82,82
915,cremad__resnet_se__loso__s1__f082,cremad,resnet_se,loso,1,82,success,,82,82
916,cremad__resnet_se__loso__s1__f083,cremad,resnet_se,loso,1,83,success,,82,82
917,cremad__resnet_se__loso__s1__f084,cremad,resnet_se,loso,1,84,success,,82,82
918,cremad__resnet_se__loso__s1__f085,cremad,resnet_se,loso,1,85,success,,82,82
919,cremad__resnet_se__loso__s1__f086,cremad,resnet_se,loso,1,86,success,,82,82
920,cremad__resnet_se__loso__s1__f087,cremad,resnet_se,loso,1,87,success,,82,82
921,cremad__resnet_se__loso__s1__f088,cremad,resnet_se,loso,1,88,success,,82,82
922,cremad__resnet_se__loso__s1__f089,cremad,resnet_se,loso,1,89,success,,82,82
923,cremad__resnet_se__loso__s1__f090,cremad,resnet_se,loso,1,90,success,,82,82
924,cremad__resnet_se__loso__s2__f000,cremad,resnet_se,loso,2,0,success,,82,82
925,cremad__resnet_se__loso__s2__f001,cremad,resnet_se,loso,2,1,success,,81,81
926,cremad__resnet_se__loso__s2__f002,cremad,resnet_se,loso,2,2,success,,82,82
927,cremad__resnet_se__loso__s2__f003,cremad,resnet_se,loso,2,3,success,,82,82
928,cremad__resnet_se__loso__s2__f004,cremad,resnet_se,loso,2,4,success,,82,82
929,cremad__resnet_se__loso__s2__f005,cremad,resnet_se,loso,2,5,success,,82,82
930,cremad__resnet_se__loso__s2__f006,cremad,resnet_se,loso,2,6,success,,82,82
931,cremad__resnet_se__loso__s2__f007,cremad,resnet_se,loso,2,7,success,,76,76
932,cremad__resnet_se__loso__s2__f008,cremad,resnet_se,loso,2,8,success,,76,76
933,cremad__resnet_se__loso__s2__f009,cremad,resnet_se,loso,2,9,success,,82,82
934,cremad__resnet_se__loso__s2__f010,cremad,resnet_se,loso,2,10,success,,82,82
935,cremad__resnet_se__loso__s2__f011,cremad,resnet_se,loso,2,11,success,,82,82
936,cremad__resnet_se__loso__s2__f012,cremad,resnet_se,loso,2,12,success,,82,82
937,cremad__resnet_se__loso__s2__f013,cremad,resnet_se,loso,2,13,success,,82,82
938,cremad__resnet_se__loso__s2__f014,cremad,resnet_se,loso,2,14,success,,82,82
939,cremad__resnet_se__loso__s2__f015,cremad,resnet_se,loso,2,15,success,,82,82
940,cremad__resnet_se__loso__s2__f016,cremad,resnet_se,loso,2,16,success,,82,82
941,cremad__resnet_se__loso__s2__f017,cremad,resnet_se,loso,2,17,success,,82,82
942,cremad__resnet_se__loso__s2__f018,cremad,resnet_se,loso,2,18,success,,76,76
943,cremad__resnet_se__loso__s2__f019,cremad,resnet_se,loso,2,19,success,,82,82
944,cremad__resnet_se__loso__s2__f020,cremad,resnet_se,loso,2,20,success,,82,82
945,cremad__resnet_se__loso__s2__f021,cremad,resnet_se,loso,2,21,success,,82,82
946,cremad__resnet_se__loso__s2__f022,cremad,resnet_se,loso,2,22,success,,82,82
947,cremad__resnet_se__loso__s2__f023,cremad,resnet_se,loso,2,23,success,,82,82
948,cremad__resnet_se__loso__s2__f024,cremad,resnet_se,loso,2,24,success,,82,82
949,cremad__resnet_se__loso__s2__f025,cremad,resnet_se,loso,2,25,success,,82,82
950,cremad__resnet_se__loso__s2__f026,cremad,resnet_se,loso,2,26,success,,82,82
951,cremad__resnet_se__loso__s2__f027,cremad,resnet_se,loso,2,27,success,,82,82
952,cremad__resnet_se__loso__s2__f028,cremad,resnet_se,loso,2,28,success,,82,82
953,cremad__resnet_se__loso__s2__f029,cremad,resnet_se,loso,2,29,success,,82,82
954,cremad__resnet_se__loso__s2__f030,cremad,resnet_se,loso,2,30,success,,82,82
955,cremad__resnet_se__loso__s2__f031,cremad,resnet_se,loso,2,31,success,,82,82
956,cremad__resnet_se__loso__s2__f032,cremad,resnet_se,loso,2,32,success,,82,82
957,cremad__resnet_se__loso__s2__f033,cremad,resnet_se,loso,2,33,success,,82,82
958,cremad__resnet_se__loso__s2__f034,cremad,resnet_se,loso,2,34,success,,82,82
959,cremad__resnet_se__loso__s2__f035,cremad,resnet_se,loso,2,35,success,,82,82
960,cremad__resnet_se__loso__s2__f036,cremad,resnet_se,loso,2,36,success,,82,82
961,cremad__resnet_se__loso__s2__f037,cremad,resnet_se,loso,2,37,success,,82,82
962,cremad__resnet_se__loso__s2__f038,cremad,resnet_se,loso,2,38,success,,82,82
963,cremad__resnet_se__loso__s2__f039,cremad,resnet_se,loso,2,39,success,,82,82
964,cremad__resnet_se__loso__s2__f040,cremad,resnet_se,loso,2,40,success,,82,82
965,cremad__resnet_se__loso__s2__f041,cremad,resnet_se,loso,2,41,success,,82,82
966,cremad__resnet_se__loso__s2__f042,cremad,resnet_se,loso,2,42,success,,82,82
967,cremad__resnet_se__loso__s2__f043,cremad,resnet_se,loso,2,43,success,,82,82
968,cremad__resnet_se__loso__s2__f044,cremad,resnet_se,loso,2,44,success,,82,82
969,cremad__resnet_se__loso__s2__f045,cremad,resnet_se,loso,2,45,success,,82,82
970,cremad__resnet_se__loso__s2__f046,cremad,resnet_se,loso,2,46,success,,82,82
971,cremad__resnet_se__loso__s2__f047,cremad,resnet_se,loso,2,47,success,,82,82
972,cremad__resnet_se__loso__s2__f048,cremad,resnet_se,loso,2,48,success,,82,82
973,cremad__resnet_se__loso__s2__f049,cremad,resnet_se,loso,2,49,success,,82,82
974,cremad__resnet_se__loso__s2__f050,cremad,resnet_se,loso,2,50,success,,82,82
975,cremad__resnet_se__loso__s2__f051,cremad,resnet_se,loso,2,51,success,,82,82
976,cremad__resnet_se__loso__s2__f052,cremad,resnet_se,loso,2,52,success,,82,82
977,cremad__resnet_se__loso__s2__f053,cremad,resnet_se,loso,2,53,success,,82,82
978,cremad__resnet_se__loso__s2__f054,cremad,resnet_se,loso,2,54,success,,82,82
979,cremad__resnet_se__loso__s2__f055,cremad,resnet_se,loso,2,55,success,,82,82
980,cremad__resnet_se__loso__s2__f056,cremad,resnet_se,loso,2,56,success,,82,82
981,cremad__resnet_se__loso__s2__f057,cremad,resnet_se,loso,2,57,success,,82,82
982,cremad__resnet_se__loso__s2__f058,cremad,resnet_se,loso,2,58,success,,82,82
983,cremad__resnet_se__loso__s2__f059,cremad,resnet_se,loso,2,59,success,,82,82
984,cremad__resnet_se__loso__s2__f060,cremad,resnet_se,loso,2,60,success,,82,82
985,cremad__resnet_se__loso__s2__f061,cremad,resnet_se,loso,2,61,success,,82,82
986,cremad__resnet_se__loso__s2__f062,cremad,resnet_se,loso,2,62,success,,82,82
987,cremad__resnet_se__loso__s2__f063,cremad,resnet_se,loso,2,63,success,,82,82
988,cremad__resnet_se__loso__s2__f064,cremad,resnet_se,loso,2,64,success,,82,82
989,cremad__resnet_se__loso__s2__f065,cremad,resnet_se,loso,2,65,success,,82,82
990,cremad__resnet_se__loso__s2__f066,cremad,resnet_se,loso,2,66,success,,82,82
991,cremad__resnet_se__loso__s2__f067,cremad,resnet_se,loso,2,67,success,,82,82
992,cremad__resnet_se__loso__s2__f068,cremad,resnet_se,loso,2,68,success,,82,82
993,cremad__resnet_se__loso__s2__f069,cremad,resnet_se,loso,2,69,success,,82,82
994,cremad__resnet_se__loso__s2__f070,cremad,resnet_se,loso,2,70,success,,82,82
995,cremad__resnet_se__loso__s2__f071,cremad,resnet_se,loso,2,71,success,,82,82
996,cremad__resnet_se__loso__s2__f072,cremad,resnet_se,loso,2,72,success,,82,82
997,cremad__resnet_se__loso__s2__f073,cremad,resnet_se,loso,2,73,success,,82,82
998,cremad__resnet_se__loso__s2__f074,cremad,resnet_se,loso,2,74,success,,82,82
999,cremad__resnet_se__loso__s2__f075,cremad,resnet_se,loso,2,75,success,,81,81
1000,cremad__resnet_se__loso__s2__f076,cremad,resnet_se,loso,2,76,success,,82,82
1001,cremad__resnet_se__loso__s2__f077,cremad,resnet_se,loso,2,77,success,,82,82
1002,cremad__resnet_se__loso__s2__f078,cremad,resnet_se,loso,2,78,success,,82,82
1003,cremad__resnet_se__loso__s2__f079,cremad,resnet_se,loso,2,79,success,,82,82
1004,cremad__resnet_se__loso__s2__f080,cremad,resnet_se,loso,2,80,success,,82,82
1005,cremad__resnet_se__loso__s2__f081,cremad,resnet_se,loso,2,81,success,,82,82
1006,cremad__resnet_se__loso__s2__f082,cremad,resnet_se,loso,2,82,success,,82,82
1007,cremad__resnet_se__loso__s2__f083,cremad,resnet_se,loso,2,83,success,,82,82
1008,cremad__resnet_se__loso__s2__f084,cremad,resnet_se,loso,2,84,success,,82,82
1009,cremad__resnet_se__loso__s2__f085,cremad,resnet_se,loso,2,85,success,,82,82
1010,cremad__resnet_se__loso__s2__f086,cremad,resnet_se,loso,2,86,success,,82,82
1011,cremad__resnet_se__loso__s2__f087,cremad,resnet_se,loso,2,87,success,,82,82
1012,cremad__resnet_se__loso__s2__f088,cremad,resnet_se,loso,2,88,success,,82,82
1013,cremad__resnet_se__loso__s2__f089,cremad,resnet_se,loso,2,89,success,,82,82
1014,cremad__resnet_se__loso__s2__f090,cremad,resnet_se,loso,2,90,success,,82,82
1015,cremad__transformer__random__s0__f000,cremad,transformer,random,0,0,success,,1489,1489
1016,cremad__transformer__random__s0__f001,cremad,transformer,random,0,1,success,,1489,1489
1017,cremad__transformer__random__s0__f002,cremad,transformer,random,0,2,success,,1488,1488
1018,cremad__transformer__random__s0__f003,cremad,transformer,random,0,3,success,,1488,1488
1019,cremad__transformer__random__s0__f004,cremad,transformer,random,0,4,success,,1488,1488
1020,cremad__transformer__random__s1__f000,cremad,transformer,random,1,0,success,,1489,1489
1021,cremad__transformer__random__s1__f001,cremad,transformer,random,1,1,success,,1489,1489
1022,cremad__transformer__random__s1__f002,cremad,transformer,random,1,2,success,,1488,1488
1023,cremad__transformer__random__s1__f003,cremad,transformer,random,1,3,success,,1488,1488
1024,cremad__transformer__random__s1__f004,cremad,transformer,random,1,4,success,,1488,1488
1025,cremad__transformer__random__s2__f000,cremad,transformer,random,2,0,success,,1489,1489
1026,cremad__transformer__random__s2__f001,cremad,transformer,random,2,1,success,,1489,1489
1027,cremad__transformer__random__s2__f002,cremad,transformer,random,2,2,success,,1488,1488
1028,cremad__transformer__random__s2__f003,cremad,transformer,random,2,3,success,,1488,1488
1029,cremad__transformer__random__s2__f004,cremad,transformer,random,2,4,success,,1488,1488
1030,cremad__transformer__groupkfold__s0__f000,cremad,transformer,groupkfold,0,0,success,,1476,1476
1031,cremad__transformer__groupkfold__s0__f001,cremad,transformer,groupkfold,0,1,success,,1475,1475
1032,cremad__transformer__groupkfold__s0__f002,cremad,transformer,groupkfold,0,2,success,,1475,1475
1033,cremad__transformer__groupkfold__s0__f003,cremad,transformer,groupkfold,0,3,success,,1546,1546
1034,cremad__transformer__groupkfold__s0__f004,cremad,transformer,groupkfold,0,4,success,,1470,1470
1035,cremad__transformer__groupkfold__s1__f000,cremad,transformer,groupkfold,1,0,success,,1476,1476
1036,cremad__transformer__groupkfold__s1__f001,cremad,transformer,groupkfold,1,1,success,,1475,1475
1037,cremad__transformer__groupkfold__s1__f002,cremad,transformer,groupkfold,1,2,success,,1475,1475
1038,cremad__transformer__groupkfold__s1__f003,cremad,transformer,groupkfold,1,3,success,,1546,1546
1039,cremad__transformer__groupkfold__s1__f004,cremad,transformer,groupkfold,1,4,success,,1470,1470
1040,cremad__transformer__groupkfold__s2__f000,cremad,transformer,groupkfold,2,0,success,,1476,1476
1041,cremad__transformer__groupkfold__s2__f001,cremad,transformer,groupkfold,2,1,success,,1475,1475
1042,cremad__transformer__groupkfold__s2__f002,cremad,transformer,groupkfold,2,2,success,,1475,1475
1043,cremad__transformer__groupkfold__s2__f003,cremad,transformer,groupkfold,2,3,success,,1546,1546
1044,cremad__transformer__groupkfold__s2__f004,cremad,transformer,groupkfold,2,4,success,,1470,1470
1045,cremad__transformer__loso__s0__f000,cremad,transformer,loso,0,0,success,,82,82
1046,cremad__transformer__loso__s0__f001,cremad,transformer,loso,0,1,success,,81,81
1047,cremad__transformer__loso__s0__f002,cremad,transformer,loso,0,2,success,,82,82
1048,cremad__transformer__loso__s0__f003,cremad,transformer,loso,0,3,success,,82,82
1049,cremad__transformer__loso__s0__f004,cremad,transformer,loso,0,4,success,,82,82
1050,cremad__transformer__loso__s0__f005,cremad,transformer,loso,0,5,success,,82,82
1051,cremad__transformer__loso__s0__f006,cremad,transformer,loso,0,6,success,,82,82
1052,cremad__transformer__loso__s0__f007,cremad,transformer,loso,0,7,success,,76,76
1053,cremad__transformer__loso__s0__f008,cremad,transformer,loso,0,8,success,,76,76
1054,cremad__transformer__loso__s0__f009,cremad,transformer,loso,0,9,success,,82,82
1055,cremad__transformer__loso__s0__f010,cremad,transformer,loso,0,10,success,,82,82
1056,cremad__transformer__loso__s0__f011,cremad,transformer,loso,0,11,success,,82,82
1057,cremad__transformer__loso__s0__f012,cremad,transformer,loso,0,12,success,,82,82
1058,cremad__transformer__loso__s0__f013,cremad,transformer,loso,0,13,success,,82,82
1059,cremad__transformer__loso__s0__f014,cremad,transformer,loso,0,14,success,,82,82
1060,cremad__transformer__loso__s0__f015,cremad,transformer,loso,0,15,success,,82,82
1061,cremad__transformer__loso__s0__f016,cremad,transformer,loso,0,16,success,,82,82
1062,cremad__transformer__loso__s0__f017,cremad,transformer,loso,0,17,success,,82,82
1063,cremad__transformer__loso__s0__f018,cremad,transformer,loso,0,18,success,,76,76
1064,cremad__transformer__loso__s0__f019,cremad,transformer,loso,0,19,success,,82,82
1065,cremad__transformer__loso__s0__f020,cremad,transformer,loso,0,20,success,,82,82
1066,cremad__transformer__loso__s0__f021,cremad,transformer,loso,0,21,success,,82,82
1067,cremad__transformer__loso__s0__f022,cremad,transformer,loso,0,22,success,,82,82
1068,cremad__transformer__loso__s0__f023,cremad,transformer,loso,0,23,success,,82,82
1069,cremad__transformer__loso__s0__f024,cremad,transformer,loso,0,24,success,,82,82
1070,cremad__transformer__loso__s0__f025,cremad,transformer,loso,0,25,success,,82,82
1071,cremad__transformer__loso__s0__f026,cremad,transformer,loso,0,26,success,,82,82
1072,cremad__transformer__loso__s0__f027,cremad,transformer,loso,0,27,success,,82,82
1073,cremad__transformer__loso__s0__f028,cremad,transformer,loso,0,28,success,,82,82
1074,cremad__transformer__loso__s0__f029,cremad,transformer,loso,0,29,success,,82,82
1075,cremad__transformer__loso__s0__f030,cremad,transformer,loso,0,30,success,,82,82
1076,cremad__transformer__loso__s0__f031,cremad,transformer,loso,0,31,success,,82,82
1077,cremad__transformer__loso__s0__f032,cremad,transformer,loso,0,32,success,,82,82
1078,cremad__transformer__loso__s0__f033,cremad,transformer,loso,0,33,success,,82,82
1079,cremad__transformer__loso__s0__f034,cremad,transformer,loso,0,34,success,,82,82
1080,cremad__transformer__loso__s0__f035,cremad,transformer,loso,0,35,success,,82,82
1081,cremad__transformer__loso__s0__f036,cremad,transformer,loso,0,36,success,,82,82
1082,cremad__transformer__loso__s0__f037,cremad,transformer,loso,0,37,success,,82,82
1083,cremad__transformer__loso__s0__f038,cremad,transformer,loso,0,38,success,,82,82
1084,cremad__transformer__loso__s0__f039,cremad,transformer,loso,0,39,success,,82,82
1085,cremad__transformer__loso__s0__f040,cremad,transformer,loso,0,40,success,,82,82
1086,cremad__transformer__loso__s0__f041,cremad,transformer,loso,0,41,success,,82,82
1087,cremad__transformer__loso__s0__f042,cremad,transformer,loso,0,42,success,,82,82
1088,cremad__transformer__loso__s0__f043,cremad,transformer,loso,0,43,success,,82,82
1089,cremad__transformer__loso__s0__f044,cremad,transformer,loso,0,44,success,,82,82
1090,cremad__transformer__loso__s0__f045,cremad,transformer,loso,0,45,success,,82,82
1091,cremad__transformer__loso__s0__f046,cremad,transformer,loso,0,46,success,,82,82
1092,cremad__transformer__loso__s0__f047,cremad,transformer,loso,0,47,success,,82,82
1093,cremad__transformer__loso__s0__f048,cremad,transformer,loso,0,48,success,,82,82
1094,cremad__transformer__loso__s0__f049,cremad,transformer,loso,0,49,success,,82,82
1095,cremad__transformer__loso__s0__f050,cremad,transformer,loso,0,50,success,,82,82
1096,cremad__transformer__loso__s0__f051,cremad,transformer,loso,0,51,success,,82,82
1097,cremad__transformer__loso__s0__f052,cremad,transformer,loso,0,52,success,,82,82
1098,cremad__transformer__loso__s0__f053,cremad,transformer,loso,0,53,success,,82,82
1099,cremad__transformer__loso__s0__f054,cremad,transformer,loso,0,54,success,,82,82
1100,cremad__transformer__loso__s0__f055,cremad,transformer,loso,0,55,success,,82,82
1101,cremad__transformer__loso__s0__f056,cremad,transformer,loso,0,56,success,,82,82
1102,cremad__transformer__loso__s0__f057,cremad,transformer,loso,0,57,success,,82,82
1103,cremad__transformer__loso__s0__f058,cremad,transformer,loso,0,58,success,,82,82
1104,cremad__transformer__loso__s0__f059,cremad,transformer,loso,0,59,success,,82,82
1105,cremad__transformer__loso__s0__f060,cremad,transformer,loso,0,60,success,,82,82
1106,cremad__transformer__loso__s0__f061,cremad,transformer,loso,0,61,success,,82,82
1107,cremad__transformer__loso__s0__f062,cremad,transformer,loso,0,62,success,,82,82
1108,cremad__transformer__loso__s0__f063,cremad,transformer,loso,0,63,success,,82,82
1109,cremad__transformer__loso__s0__f064,cremad,transformer,loso,0,64,success,,82,82
1110,cremad__transformer__loso__s0__f065,cremad,transformer,loso,0,65,success,,82,82
1111,cremad__transformer__loso__s0__f066,cremad,transformer,loso,0,66,success,,82,82
1112,cremad__transformer__loso__s0__f067,cremad,transformer,loso,0,67,success,,82,82
1113,cremad__transformer__loso__s0__f068,cremad,transformer,loso,0,68,success,,82,82
1114,cremad__transformer__loso__s0__f069,cremad,transformer,loso,0,69,success,,82,82
1115,cremad__transformer__loso__s0__f070,cremad,transformer,loso,0,70,success,,82,82
1116,cremad__transformer__loso__s0__f071,cremad,transformer,loso,0,71,success,,82,82
1117,cremad__transformer__loso__s0__f072,cremad,transformer,loso,0,72,success,,82,82
1118,cremad__transformer__loso__s0__f073,cremad,transformer,loso,0,73,success,,82,82
1119,cremad__transformer__loso__s0__f074,cremad,transformer,loso,0,74,success,,82,82
1120,cremad__transformer__loso__s0__f075,cremad,transformer,loso,0,75,success,,81,81
1121,cremad__transformer__loso__s0__f076,cremad,transformer,loso,0,76,success,,82,82
1122,cremad__transformer__loso__s0__f077,cremad,transformer,loso,0,77,success,,82,82
1123,cremad__transformer__loso__s0__f078,cremad,transformer,loso,0,78,success,,82,82
1124,cremad__transformer__loso__s0__f079,cremad,transformer,loso,0,79,success,,82,82
1125,cremad__transformer__loso__s0__f080,cremad,transformer,loso,0,80,success,,82,82
1126,cremad__transformer__loso__s0__f081,cremad,transformer,loso,0,81,success,,82,82
1127,cremad__transformer__loso__s0__f082,cremad,transformer,loso,0,82,success,,82,82
1128,cremad__transformer__loso__s0__f083,cremad,transformer,loso,0,83,success,,82,82
1129,cremad__transformer__loso__s0__f084,cremad,transformer,loso,0,84,success,,82,82
1130,cremad__transformer__loso__s0__f085,cremad,transformer,loso,0,85,success,,82,82
1131,cremad__transformer__loso__s0__f086,cremad,transformer,loso,0,86,success,,82,82
1132,cremad__transformer__loso__s0__f087,cremad,transformer,loso,0,87,success,,82,82
1133,cremad__transformer__loso__s0__f088,cremad,transformer,loso,0,88,success,,82,82
1134,cremad__transformer__loso__s0__f089,cremad,transformer,loso,0,89,success,,82,82
1135,cremad__transformer__loso__s0__f090,cremad,transformer,loso,0,90,success,,82,82
1136,cremad__transformer__loso__s1__f000,cremad,transformer,loso,1,0,success,,82,82
1137,cremad__transformer__loso__s1__f001,cremad,transformer,loso,1,1,success,,81,81
1138,cremad__transformer__loso__s1__f002,cremad,transformer,loso,1,2,success,,82,82
1139,cremad__transformer__loso__s1__f003,cremad,transformer,loso,1,3,success,,82,82
1140,cremad__transformer__loso__s1__f004,cremad,transformer,loso,1,4,success,,82,82
1141,cremad__transformer__loso__s1__f005,cremad,transformer,loso,1,5,success,,82,82
1142,cremad__transformer__loso__s1__f006,cremad,transformer,loso,1,6,success,,82,82
1143,cremad__transformer__loso__s1__f007,cremad,transformer,loso,1,7,success,,76,76
1144,cremad__transformer__loso__s1__f008,cremad,transformer,loso,1,8,success,,76,76
1145,cremad__transformer__loso__s1__f009,cremad,transformer,loso,1,9,success,,82,82
1146,cremad__transformer__loso__s1__f010,cremad,transformer,loso,1,10,success,,82,82
1147,cremad__transformer__loso__s1__f011,cremad,transformer,loso,1,11,success,,82,82
1148,cremad__transformer__loso__s1__f012,cremad,transformer,loso,1,12,success,,82,82
1149,cremad__transformer__loso__s1__f013,cremad,transformer,loso,1,13,success,,82,82
1150,cremad__transformer__loso__s1__f014,cremad,transformer,loso,1,14,success,,82,82
1151,cremad__transformer__loso__s1__f015,cremad,transformer,loso,1,15,success,,82,82
1152,cremad__transformer__loso__s1__f016,cremad,transformer,loso,1,16,success,,82,82
1153,cremad__transformer__loso__s1__f017,cremad,transformer,loso,1,17,success,,82,82
1154,cremad__transformer__loso__s1__f018,cremad,transformer,loso,1,18,success,,76,76
1155,cremad__transformer__loso__s1__f019,cremad,transformer,loso,1,19,success,,82,82
1156,cremad__transformer__loso__s1__f020,cremad,transformer,loso,1,20,success,,82,82
1157,cremad__transformer__loso__s1__f021,cremad,transformer,loso,1,21,success,,82,82
1158,cremad__transformer__loso__s1__f022,cremad,transformer,loso,1,22,success,,82,82
1159,cremad__transformer__loso__s1__f023,cremad,transformer,loso,1,23,success,,82,82
1160,cremad__transformer__loso__s1__f024,cremad,transformer,loso,1,24,success,,82,82
1161,cremad__transformer__loso__s1__f025,cremad,transformer,loso,1,25,success,,82,82
1162,cremad__transformer__loso__s1__f026,cremad,transformer,loso,1,26,success,,82,82
1163,cremad__transformer__loso__s1__f027,cremad,transformer,loso,1,27,success,,82,82
1164,cremad__transformer__loso__s1__f028,cremad,transformer,loso,1,28,success,,82,82
1165,cremad__transformer__loso__s1__f029,cremad,transformer,loso,1,29,success,,82,82
1166,cremad__transformer__loso__s1__f030,cremad,transformer,loso,1,30,success,,82,82
1167,cremad__transformer__loso__s1__f031,cremad,transformer,loso,1,31,success,,82,82
1168,cremad__transformer__loso__s1__f032,cremad,transformer,loso,1,32,success,,82,82
1169,cremad__transformer__loso__s1__f033,cremad,transformer,loso,1,33,success,,82,82
1170,cremad__transformer__loso__s1__f034,cremad,transformer,loso,1,34,success,,82,82
1171,cremad__transformer__loso__s1__f035,cremad,transformer,loso,1,35,success,,82,82
1172,cremad__transformer__loso__s1__f036,cremad,transformer,loso,1,36,success,,82,82
1173,cremad__transformer__loso__s1__f037,cremad,transformer,loso,1,37,success,,82,82
1174,cremad__transformer__loso__s1__f038,cremad,transformer,loso,1,38,success,,82,82
1175,cremad__transformer__loso__s1__f039,cremad,transformer,loso,1,39,success,,82,82
1176,cremad__transformer__loso__s1__f040,cremad,transformer,loso,1,40,success,,82,82
1177,cremad__transformer__loso__s1__f041,cremad,transformer,loso,1,41,success,,82,82
1178,cremad__transformer__loso__s1__f042,cremad,transformer,loso,1,42,success,,82,82
1179,cremad__transformer__loso__s1__f043,cremad,transformer,loso,1,43,success,,82,82
1180,cremad__transformer__loso__s1__f044,cremad,transformer,loso,1,44,success,,82,82
1181,cremad__transformer__loso__s1__f045,cremad,transformer,loso,1,45,success,,82,82
1182,cremad__transformer__loso__s1__f046,cremad,transformer,loso,1,46,success,,82,82
1183,cremad__transformer__loso__s1__f047,cremad,transformer,loso,1,47,success,,82,82
1184,cremad__transformer__loso__s1__f048,cremad,transformer,loso,1,48,success,,82,82
1185,cremad__transformer__loso__s1__f049,cremad,transformer,loso,1,49,success,,82,82
1186,cremad__transformer__loso__s1__f050,cremad,transformer,loso,1,50,success,,82,82
1187,cremad__transformer__loso__s1__f051,cremad,transformer,loso,1,51,success,,82,82
1188,cremad__transformer__loso__s1__f052,cremad,transformer,loso,1,52,success,,82,82
1189,cremad__transformer__loso__s1__f053,cremad,transformer,loso,1,53,success,,82,82
1190,cremad__transformer__loso__s1__f054,cremad,transformer,loso,1,54,success,,82,82
1191,cremad__transformer__loso__s1__f055,cremad,transformer,loso,1,55,success,,82,82
1192,cremad__transformer__loso__s1__f056,cremad,transformer,loso,1,56,success,,82,82
1193,cremad__transformer__loso__s1__f057,cremad,transformer,loso,1,57,success,,82,82
1194,cremad__transformer__loso__s1__f058,cremad,transformer,loso,1,58,success,,82,82
1195,cremad__transformer__loso__s1__f059,cremad,transformer,loso,1,59,success,,82,82
1196,cremad__transformer__loso__s1__f060,cremad,transformer,loso,1,60,success,,82,82
1197,cremad__transformer__loso__s1__f061,cremad,transformer,loso,1,61,success,,82,82
1198,cremad__transformer__loso__s1__f062,cremad,transformer,loso,1,62,success,,82,82
1199,cremad__transformer__loso__s1__f063,cremad,transformer,loso,1,63,success,,82,82
1200,cremad__transformer__loso__s1__f064,cremad,transformer,loso,1,64,success,,82,82
1201,cremad__transformer__loso__s1__f065,cremad,transformer,loso,1,65,success,,82,82
1202,cremad__transformer__loso__s1__f066,cremad,transformer,loso,1,66,success,,82,82
1203,cremad__transformer__loso__s1__f067,cremad,transformer,loso,1,67,success,,82,82
1204,cremad__transformer__loso__s1__f068,cremad,transformer,loso,1,68,success,,82,82
1205,cremad__transformer__loso__s1__f069,cremad,transformer,loso,1,69,success,,82,82
1206,cremad__transformer__loso__s1__f070,cremad,transformer,loso,1,70,success,,82,82
1207,cremad__transformer__loso__s1__f071,cremad,transformer,loso,1,71,success,,82,82
1208,cremad__transformer__loso__s1__f072,cremad,transformer,loso,1,72,success,,82,82
1209,cremad__transformer__loso__s1__f073,cremad,transformer,loso,1,73,success,,82,82
1210,cremad__transformer__loso__s1__f074,cremad,transformer,loso,1,74,success,,82,82
1211,cremad__transformer__loso__s1__f075,cremad,transformer,loso,1,75,success,,81,81
1212,cremad__transformer__loso__s1__f076,cremad,transformer,loso,1,76,success,,82,82
1213,cremad__transformer__loso__s1__f077,cremad,transformer,loso,1,77,success,,82,82
1214,cremad__transformer__loso__s1__f078,cremad,transformer,loso,1,78,success,,82,82
1215,cremad__transformer__loso__s1__f079,cremad,transformer,loso,1,79,success,,82,82
1216,cremad__transformer__loso__s1__f080,cremad,transformer,loso,1,80,success,,82,82
1217,cremad__transformer__loso__s1__f081,cremad,transformer,loso,1,81,success,,82,82
1218,cremad__transformer__loso__s1__f082,cremad,transformer,loso,1,82,success,,82,82
1219,cremad__transformer__loso__s1__f083,cremad,transformer,loso,1,83,success,,82,82
1220,cremad__transformer__loso__s1__f084,cremad,transformer,loso,1,84,success,,82,82
1221,cremad__transformer__loso__s1__f085,cremad,transformer,loso,1,85,success,,82,82
1222,cremad__transformer__loso__s1__f086,cremad,transformer,loso,1,86,success,,82,82
1223,cremad__transformer__loso__s1__f087,cremad,transformer,loso,1,87,success,,82,82
1224,cremad__transformer__loso__s1__f088,cremad,transformer,loso,1,88,success,,82,82
1225,cremad__transformer__loso__s1__f089,cremad,transformer,loso,1,89,success,,82,82
1226,cremad__transformer__loso__s1__f090,cremad,transformer,loso,1,90,success,,82,82
1227,cremad__transformer__loso__s2__f000,cremad,transformer,loso,2,0,success,,82,82
1228,cremad__transformer__loso__s2__f001,cremad,transformer,loso,2,1,success,,81,81
1229,cremad__transformer__loso__s2__f002,cremad,transformer,loso,2,2,success,,82,82
1230,cremad__transformer__loso__s2__f003,cremad,transformer,loso,2,3,success,,82,82
1231,cremad__transformer__loso__s2__f004,cremad,transformer,loso,2,4,success,,82,82
1232,cremad__transformer__loso__s2__f005,cremad,transformer,loso,2,5,success,,82,82
1233,cremad__transformer__loso__s2__f006,cremad,transformer,loso,2,6,success,,82,82
1234,cremad__transformer__loso__s2__f007,cremad,transformer,loso,2,7,success,,76,76
1235,cremad__transformer__loso__s2__f008,cremad,transformer,loso,2,8,success,,76,76
1236,cremad__transformer__loso__s2__f009,cremad,transformer,loso,2,9,success,,82,82
1237,cremad__transformer__loso__s2__f010,cremad,transformer,loso,2,10,success,,82,82
1238,cremad__transformer__loso__s2__f011,cremad,transformer,loso,2,11,success,,82,82
1239,cremad__transformer__loso__s2__f012,cremad,transformer,loso,2,12,success,,82,82
1240,cremad__transformer__loso__s2__f013,cremad,transformer,loso,2,13,success,,82,82
1241,cremad__transformer__loso__s2__f014,cremad,transformer,loso,2,14,success,,82,82
1242,cremad__transformer__loso__s2__f015,cremad,transformer,loso,2,15,success,,82,82
1243,cremad__transformer__loso__s2__f016,cremad,transformer,loso,2,16,success,,82,82
1244,cremad__transformer__loso__s2__f017,cremad,transformer,loso,2,17,success,,82,82
1245,cremad__transformer__loso__s2__f018,cremad,transformer,loso,2,18,success,,76,76
1246,cremad__transformer__loso__s2__f019,cremad,transformer,loso,2,19,success,,82,82
1247,cremad__transformer__loso__s2__f020,cremad,transformer,loso,2,20,success,,82,82
1248,cremad__transformer__loso__s2__f021,cremad,transformer,loso,2,21,success,,82,82
1249,cremad__transformer__loso__s2__f022,cremad,transformer,loso,2,22,success,,82,82
1250,cremad__transformer__loso__s2__f023,cremad,transformer,loso,2,23,success,,82,82
1251,cremad__transformer__loso__s2__f024,cremad,transformer,loso,2,24,success,,82,82
1252,cremad__transformer__loso__s2__f025,cremad,transformer,loso,2,25,success,,82,82
1253,cremad__transformer__loso__s2__f026,cremad,transformer,loso,2,26,success,,82,82
1254,cremad__transformer__loso__s2__f027,cremad,transformer,loso,2,27,success,,82,82
1255,cremad__transformer__loso__s2__f028,cremad,transformer,loso,2,28,success,,82,82
1256,cremad__transformer__loso__s2__f029,cremad,transformer,loso,2,29,success,,82,82
1257,cremad__transformer__loso__s2__f030,cremad,transformer,loso,2,30,success,,82,82
1258,cremad__transformer__loso__s2__f031,cremad,transformer,loso,2,31,success,,82,82
1259,cremad__transformer__loso__s2__f032,cremad,transformer,loso,2,32,success,,82,82
1260,cremad__transformer__loso__s2__f033,cremad,transformer,loso,2,33,success,,82,82
1261,cremad__transformer__loso__s2__f034,cremad,transformer,loso,2,34,success,,82,82
1262,cremad__transformer__loso__s2__f035,cremad,transformer,loso,2,35,success,,82,82
1263,cremad__transformer__loso__s2__f036,cremad,transformer,loso,2,36,success,,82,82
1264,cremad__transformer__loso__s2__f037,cremad,transformer,loso,2,37,success,,82,82
1265,cremad__transformer__loso__s2__f038,cremad,transformer,loso,2,38,success,,82,82
1266,cremad__transformer__loso__s2__f039,cremad,transformer,loso,2,39,success,,82,82
1267,cremad__transformer__loso__s2__f040,cremad,transformer,loso,2,40,success,,82,82
1268,cremad__transformer__loso__s2__f041,cremad,transformer,loso,2,41,success,,82,82
1269,cremad__transformer__loso__s2__f042,cremad,transformer,loso,2,42,success,,82,82
1270,cremad__transformer__loso__s2__f043,cremad,transformer,loso,2,43,success,,82,82
1271,cremad__transformer__loso__s2__f044,cremad,transformer,loso,2,44,success,,82,82
1272,cremad__transformer__loso__s2__f045,cremad,transformer,loso,2,45,success,,82,82
1273,cremad__transformer__loso__s2__f046,cremad,transformer,loso,2,46,success,,82,82
1274,cremad__transformer__loso__s2__f047,cremad,transformer,loso,2,47,success,,82,82
1275,cremad__transformer__loso__s2__f048,cremad,transformer,loso,2,48,success,,82,82
1276,cremad__transformer__loso__s2__f049,cremad,transformer,loso,2,49,success,,82,82
1277,cremad__transformer__loso__s2__f050,cremad,transformer,loso,2,50,success,,82,82
1278,cremad__transformer__loso__s2__f051,cremad,transformer,loso,2,51,success,,82,82
1279,cremad__transformer__loso__s2__f052,cremad,transformer,loso,2,52,success,,82,82
1280,cremad__transformer__loso__s2__f053,cremad,transformer,loso,2,53,success,,82,82
1281,cremad__transformer__loso__s2__f054,cremad,transformer,loso,2,54,success,,82,82
1282,cremad__transformer__loso__s2__f055,cremad,transformer,loso,2,55,success,,82,82
1283,cremad__transformer__loso__s2__f056,cremad,transformer,loso,2,56,success,,82,82
1284,cremad__transformer__loso__s2__f057,cremad,transformer,loso,2,57,success,,82,82
1285,cremad__transformer__loso__s2__f058,cremad,transformer,loso,2,58,success,,82,82
1286,cremad__transformer__loso__s2__f059,cremad,transformer,loso,2,59,success,,82,82
1287,cremad__transformer__loso__s2__f060,cremad,transformer,loso,2,60,success,,82,82
1288,cremad__transformer__loso__s2__f061,cremad,transformer,loso,2,61,success,,82,82
1289,cremad__transformer__loso__s2__f062,cremad,transformer,loso,2,62,success,,82,82
1290,cremad__transformer__loso__s2__f063,cremad,transformer,loso,2,63,success,,82,82
1291,cremad__transformer__loso__s2__f064,cremad,transformer,loso,2,64,success,,82,82
1292,cremad__transformer__loso__s2__f065,cremad,transformer,loso,2,65,success,,82,82
1293,cremad__transformer__loso__s2__f066,cremad,transformer,loso,2,66,success,,82,82
1294,cremad__transformer__loso__s2__f067,cremad,transformer,loso,2,67,success,,82,82
1295,cremad__transformer__loso__s2__f068,cremad,transformer,loso,2,68,success,,82,82
1296,cremad__transformer__loso__s2__f069,cremad,transformer,loso,2,69,success,,82,82
1297,cremad__transformer__loso__s2__f070,cremad,transformer,loso,2,70,success,,82,82
1298,cremad__transformer__loso__s2__f071,cremad,transformer,loso,2,71,success,,82,82
1299,cremad__transformer__loso__s2__f072,cremad,transformer,loso,2,72,success,,82,82
1300,cremad__transformer__loso__s2__f073,cremad,transformer,loso,2,73,success,,82,82
1301,cremad__transformer__loso__s2__f074,cremad,transformer,loso,2,74,success,,82,82
1302,cremad__transformer__loso__s2__f075,cremad,transformer,loso,2,75,success,,81,81
1303,cremad__transformer__loso__s2__f076,cremad,transformer,loso,2,76,success,,82,82
1304,cremad__transformer__loso__s2__f077,cremad,transformer,loso,2,77,success,,82,82
1305,cremad__transformer__loso__s2__f078,cremad,transformer,loso,2,78,success,,82,82
1306,cremad__transformer__loso__s2__f079,cremad,transformer,loso,2,79,success,,82,82
1307,cremad__transformer__loso__s2__f080,cremad,transformer,loso,2,80,success,,82,82
1308,cremad__transformer__loso__s2__f081,cremad,transformer,loso,2,81,success,,82,82
1309,cremad__transformer__loso__s2__f082,cremad,transformer,loso,2,82,success,,82,82
1310,cremad__transformer__loso__s2__f083,cremad,transformer,loso,2,83,success,,82,82
1311,cremad__transformer__loso__s2__f084,cremad,transformer,loso,2,84,success,,82,82
1312,cremad__transformer__loso__s2__f085,cremad,transformer,loso,2,85,success,,82,82
1313,cremad__transformer__loso__s2__f086,cremad,transformer,loso,2,86,success,,82,82
1314,cremad__transformer__loso__s2__f087,cremad,transformer,loso,2,87,success,,82,82
1315,cremad__transformer__loso__s2__f088,cremad,transformer,loso,2,88,success,,82,82
1316,cremad__transformer__loso__s2__f089,cremad,transformer,loso,2,89,success,,82,82
1317,cremad__transformer__loso__s2__f090,cremad,transformer,loso,2,90,success,,82,82
1318,cremad__fno__random__s0__f000,cremad,fno,random,0,0,success,,1489,1489
1319,cremad__fno__random__s0__f001,cremad,fno,random,0,1,success,,1489,1489
1320,cremad__fno__random__s0__f002,cremad,fno,random,0,2,success,,1488,1488
1321,cremad__fno__random__s0__f003,cremad,fno,random,0,3,success,,1488,1488
1322,cremad__fno__random__s0__f004,cremad,fno,random,0,4,success,,1488,1488
1323,cremad__fno__random__s1__f000,cremad,fno,random,1,0,success,,1489,1489
1324,cremad__fno__random__s1__f001,cremad,fno,random,1,1,success,,1489,1489
1325,cremad__fno__random__s1__f002,cremad,fno,random,1,2,success,,1488,1488
1326,cremad__fno__random__s1__f003,cremad,fno,random,1,3,success,,1488,1488
1327,cremad__fno__random__s1__f004,cremad,fno,random,1,4,success,,1488,1488
1328,cremad__fno__random__s2__f000,cremad,fno,random,2,0,success,,1489,1489
1329,cremad__fno__random__s2__f001,cremad,fno,random,2,1,success,,1489,1489
1330,cremad__fno__random__s2__f002,cremad,fno,random,2,2,success,,1488,1488
1331,cremad__fno__random__s2__f003,cremad,fno,random,2,3,success,,1488,1488
1332,cremad__fno__random__s2__f004,cremad,fno,random,2,4,success,,1488,1488
1333,cremad__fno__groupkfold__s0__f000,cremad,fno,groupkfold,0,0,success,,1476,1476
1334,cremad__fno__groupkfold__s0__f001,cremad,fno,groupkfold,0,1,success,,1475,1475
1335,cremad__fno__groupkfold__s0__f002,cremad,fno,groupkfold,0,2,success,,1475,1475
1336,cremad__fno__groupkfold__s0__f003,cremad,fno,groupkfold,0,3,success,,1546,1546
1337,cremad__fno__groupkfold__s0__f004,cremad,fno,groupkfold,0,4,success,,1470,1470
1338,cremad__fno__groupkfold__s1__f000,cremad,fno,groupkfold,1,0,success,,1476,1476
1339,cremad__fno__groupkfold__s1__f001,cremad,fno,groupkfold,1,1,success,,1475,1475
1340,cremad__fno__groupkfold__s1__f002,cremad,fno,groupkfold,1,2,success,,1475,1475
1341,cremad__fno__groupkfold__s1__f003,cremad,fno,groupkfold,1,3,success,,1546,1546
1342,cremad__fno__groupkfold__s1__f004,cremad,fno,groupkfold,1,4,success,,1470,1470
1343,cremad__fno__groupkfold__s2__f000,cremad,fno,groupkfold,2,0,success,,1476,1476
1344,cremad__fno__groupkfold__s2__f001,cremad,fno,groupkfold,2,1,success,,1475,1475
1345,cremad__fno__groupkfold__s2__f002,cremad,fno,groupkfold,2,2,success,,1475,1475
1346,cremad__fno__groupkfold__s2__f003,cremad,fno,groupkfold,2,3,success,,1546,1546
1347,cremad__fno__groupkfold__s2__f004,cremad,fno,groupkfold,2,4,success,,1470,1470
1348,cremad__fno__loso__s0__f000,cremad,fno,loso,0,0,success,,82,82
1349,cremad__fno__loso__s0__f001,cremad,fno,loso,0,1,success,,81,81
1350,cremad__fno__loso__s0__f002,cremad,fno,loso,0,2,success,,82,82
1351,cremad__fno__loso__s0__f003,cremad,fno,loso,0,3,success,,82,82
1352,cremad__fno__loso__s0__f004,cremad,fno,loso,0,4,success,,82,82
1353,cremad__fno__loso__s0__f005,cremad,fno,loso,0,5,success,,82,82
1354,cremad__fno__loso__s0__f006,cremad,fno,loso,0,6,success,,82,82
1355,cremad__fno__loso__s0__f007,cremad,fno,loso,0,7,success,,76,76
1356,cremad__fno__loso__s0__f008,cremad,fno,loso,0,8,success,,76,76
1357,cremad__fno__loso__s0__f009,cremad,fno,loso,0,9,success,,82,82
1358,cremad__fno__loso__s0__f010,cremad,fno,loso,0,10,success,,82,82
1359,cremad__fno__loso__s0__f011,cremad,fno,loso,0,11,success,,82,82
1360,cremad__fno__loso__s0__f012,cremad,fno,loso,0,12,success,,82,82
1361,cremad__fno__loso__s0__f013,cremad,fno,loso,0,13,success,,82,82
1362,cremad__fno__loso__s0__f014,cremad,fno,loso,0,14,success,,82,82
1363,cremad__fno__loso__s0__f015,cremad,fno,loso,0,15,success,,82,82
1364,cremad__fno__loso__s0__f016,cremad,fno,loso,0,16,success,,82,82
1365,cremad__fno__loso__s0__f017,cremad,fno,loso,0,17,success,,82,82
1366,cremad__fno__loso__s0__f018,cremad,fno,loso,0,18,success,,76,76
1367,cremad__fno__loso__s0__f019,cremad,fno,loso,0,19,success,,82,82
1368,cremad__fno__loso__s0__f020,cremad,fno,loso,0,20,success,,82,82
1369,cremad__fno__loso__s0__f021,cremad,fno,loso,0,21,success,,82,82
1370,cremad__fno__loso__s0__f022,cremad,fno,loso,0,22,success,,82,82
1371,cremad__fno__loso__s0__f023,cremad,fno,loso,0,23,success,,82,82
1372,cremad__fno__loso__s0__f024,cremad,fno,loso,0,24,success,,82,82
1373,cremad__fno__loso__s0__f025,cremad,fno,loso,0,25,success,,82,82
1374,cremad__fno__loso__s0__f026,cremad,fno,loso,0,26,success,,82,82
1375,cremad__fno__loso__s0__f027,cremad,fno,loso,0,27,success,,82,82
1376,cremad__fno__loso__s0__f028,cremad,fno,loso,0,28,success,,82,82
1377,cremad__fno__loso__s0__f029,cremad,fno,loso,0,29,success,,82,82
1378,cremad__fno__loso__s0__f030,cremad,fno,loso,0,30,success,,82,82
1379,cremad__fno__loso__s0__f031,cremad,fno,loso,0,31,success,,82,82
1380,cremad__fno__loso__s0__f032,cremad,fno,loso,0,32,success,,82,82
1381,cremad__fno__loso__s0__f033,cremad,fno,loso,0,33,success,,82,82
1382,cremad__fno__loso__s0__f034,cremad,fno,loso,0,34,success,,82,82
1383,cremad__fno__loso__s0__f035,cremad,fno,loso,0,35,success,,82,82
1384,cremad__fno__loso__s0__f036,cremad,fno,loso,0,36,success,,82,82
1385,cremad__fno__loso__s0__f037,cremad,fno,loso,0,37,success,,82,82
1386,cremad__fno__loso__s0__f038,cremad,fno,loso,0,38,success,,82,82
1387,cremad__fno__loso__s0__f039,cremad,fno,loso,0,39,success,,82,82
1388,cremad__fno__loso__s0__f040,cremad,fno,loso,0,40,success,,82,82
1389,cremad__fno__loso__s0__f041,cremad,fno,loso,0,41,success,,82,82
1390,cremad__fno__loso__s0__f042,cremad,fno,loso,0,42,success,,82,82
1391,cremad__fno__loso__s0__f043,cremad,fno,loso,0,43,success,,82,82
1392,cremad__fno__loso__s0__f044,cremad,fno,loso,0,44,success,,82,82
1393,cremad__fno__loso__s0__f045,cremad,fno,loso,0,45,success,,82,82
1394,cremad__fno__loso__s0__f046,cremad,fno,loso,0,46,success,,82,82
1395,cremad__fno__loso__s0__f047,cremad,fno,loso,0,47,success,,82,82
1396,cremad__fno__loso__s0__f048,cremad,fno,loso,0,48,success,,82,82
1397,cremad__fno__loso__s0__f049,cremad,fno,loso,0,49,success,,82,82
1398,cremad__fno__loso__s0__f050,cremad,fno,loso,0,50,success,,82,82
1399,cremad__fno__loso__s0__f051,cremad,fno,loso,0,51,success,,82,82
1400,cremad__fno__loso__s0__f052,cremad,fno,loso,0,52,success,,82,82
1401,cremad__fno__loso__s0__f053,cremad,fno,loso,0,53,success,,82,82
1402,cremad__fno__loso__s0__f054,cremad,fno,loso,0,54,success,,82,82
1403,cremad__fno__loso__s0__f055,cremad,fno,loso,0,55,success,,82,82
1404,cremad__fno__loso__s0__f056,cremad,fno,loso,0,56,success,,82,82
1405,cremad__fno__loso__s0__f057,cremad,fno,loso,0,57,success,,82,82
1406,cremad__fno__loso__s0__f058,cremad,fno,loso,0,58,success,,82,82
1407,cremad__fno__loso__s0__f059,cremad,fno,loso,0,59,success,,82,82
1408,cremad__fno__loso__s0__f060,cremad,fno,loso,0,60,success,,82,82
1409,cremad__fno__loso__s0__f061,cremad,fno,loso,0,61,success,,82,82
1410,cremad__fno__loso__s0__f062,cremad,fno,loso,0,62,success,,82,82
1411,cremad__fno__loso__s0__f063,cremad,fno,loso,0,63,success,,82,82
1412,cremad__fno__loso__s0__f064,cremad,fno,loso,0,64,success,,82,82
1413,cremad__fno__loso__s0__f065,cremad,fno,loso,0,65,success,,82,82
1414,cremad__fno__loso__s0__f066,cremad,fno,loso,0,66,success,,82,82
1415,cremad__fno__loso__s0__f067,cremad,fno,loso,0,67,success,,82,82
1416,cremad__fno__loso__s0__f068,cremad,fno,loso,0,68,success,,82,82
1417,cremad__fno__loso__s0__f069,cremad,fno,loso,0,69,success,,82,82
1418,cremad__fno__loso__s0__f070,cremad,fno,loso,0,70,success,,82,82
1419,cremad__fno__loso__s0__f071,cremad,fno,loso,0,71,success,,82,82
1420,cremad__fno__loso__s0__f072,cremad,fno,loso,0,72,success,,82,82
1421,cremad__fno__loso__s0__f073,cremad,fno,loso,0,73,success,,82,82
1422,cremad__fno__loso__s0__f074,cremad,fno,loso,0,74,success,,82,82
1423,cremad__fno__loso__s0__f075,cremad,fno,loso,0,75,success,,81,81
1424,cremad__fno__loso__s0__f076,cremad,fno,loso,0,76,success,,82,82
1425,cremad__fno__loso__s0__f077,cremad,fno,loso,0,77,success,,82,82
1426,cremad__fno__loso__s0__f078,cremad,fno,loso,0,78,success,,82,82
1427,cremad__fno__loso__s0__f079,cremad,fno,loso,0,79,success,,82,82
1428,cremad__fno__loso__s0__f080,cremad,fno,loso,0,80,success,,82,82
1429,cremad__fno__loso__s0__f081,cremad,fno,loso,0,81,success,,82,82
1430,cremad__fno__loso__s0__f082,cremad,fno,loso,0,82,success,,82,82
1431,cremad__fno__loso__s0__f083,cremad,fno,loso,0,83,success,,82,82
1432,cremad__fno__loso__s0__f084,cremad,fno,loso,0,84,success,,82,82
1433,cremad__fno__loso__s0__f085,cremad,fno,loso,0,85,success,,82,82
1434,cremad__fno__loso__s0__f086,cremad,fno,loso,0,86,success,,82,82
1435,cremad__fno__loso__s0__f087,cremad,fno,loso,0,87,success,,82,82
1436,cremad__fno__loso__s0__f088,cremad,fno,loso,0,88,success,,82,82
1437,cremad__fno__loso__s0__f089,cremad,fno,loso,0,89,success,,82,82
1438,cremad__fno__loso__s0__f090,cremad,fno,loso,0,90,success,,82,82
1439,cremad__fno__loso__s1__f000,cremad,fno,loso,1,0,success,,82,82
1440,cremad__fno__loso__s1__f001,cremad,fno,loso,1,1,success,,81,81
1441,cremad__fno__loso__s1__f002,cremad,fno,loso,1,2,success,,82,82
1442,cremad__fno__loso__s1__f003,cremad,fno,loso,1,3,success,,82,82
1443,cremad__fno__loso__s1__f004,cremad,fno,loso,1,4,success,,82,82
1444,cremad__fno__loso__s1__f005,cremad,fno,loso,1,5,success,,82,82
1445,cremad__fno__loso__s1__f006,cremad,fno,loso,1,6,success,,82,82
1446,cremad__fno__loso__s1__f007,cremad,fno,loso,1,7,success,,76,76
1447,cremad__fno__loso__s1__f008,cremad,fno,loso,1,8,success,,76,76
1448,cremad__fno__loso__s1__f009,cremad,fno,loso,1,9,success,,82,82
1449,cremad__fno__loso__s1__f010,cremad,fno,loso,1,10,success,,82,82
1450,cremad__fno__loso__s1__f011,cremad,fno,loso,1,11,success,,82,82
1451,cremad__fno__loso__s1__f012,cremad,fno,loso,1,12,success,,82,82
1452,cremad__fno__loso__s1__f013,cremad,fno,loso,1,13,success,,82,82
1453,cremad__fno__loso__s1__f014,cremad,fno,loso,1,14,success,,82,82
1454,cremad__fno__loso__s1__f015,cremad,fno,loso,1,15,success,,82,82
1455,cremad__fno__loso__s1__f016,cremad,fno,loso,1,16,success,,82,82
1456,cremad__fno__loso__s1__f017,cremad,fno,loso,1,17,success,,82,82
1457,cremad__fno__loso__s1__f018,cremad,fno,loso,1,18,success,,76,76
1458,cremad__fno__loso__s1__f019,cremad,fno,loso,1,19,success,,82,82
1459,cremad__fno__loso__s1__f020,cremad,fno,loso,1,20,success,,82,82
1460,cremad__fno__loso__s1__f021,cremad,fno,loso,1,21,success,,82,82
1461,cremad__fno__loso__s1__f022,cremad,fno,loso,1,22,success,,82,82
1462,cremad__fno__loso__s1__f023,cremad,fno,loso,1,23,success,,82,82
1463,cremad__fno__loso__s1__f024,cremad,fno,loso,1,24,success,,82,82
1464,cremad__fno__loso__s1__f025,cremad,fno,loso,1,25,success,,82,82
1465,cremad__fno__loso__s1__f026,cremad,fno,loso,1,26,success,,82,82
1466,cremad__fno__loso__s1__f027,cremad,fno,loso,1,27,success,,82,82
1467,cremad__fno__loso__s1__f028,cremad,fno,loso,1,28,success,,82,82
1468,cremad__fno__loso__s1__f029,cremad,fno,loso,1,29,success,,82,82
1469,cremad__fno__loso__s1__f030,cremad,fno,loso,1,30,success,,82,82
1470,cremad__fno__loso__s1__f031,cremad,fno,loso,1,31,success,,82,82
1471,cremad__fno__loso__s1__f032,cremad,fno,loso,1,32,success,,82,82
1472,cremad__fno__loso__s1__f033,cremad,fno,loso,1,33,success,,82,82
1473,cremad__fno__loso__s1__f034,cremad,fno,loso,1,34,success,,82,82
1474,cremad__fno__loso__s1__f035,cremad,fno,loso,1,35,success,,82,82
1475,cremad__fno__loso__s1__f036,cremad,fno,loso,1,36,success,,82,82
1476,cremad__fno__loso__s1__f037,cremad,fno,loso,1,37,success,,82,82
1477,cremad__fno__loso__s1__f038,cremad,fno,loso,1,38,success,,82,82
1478,cremad__fno__loso__s1__f039,cremad,fno,loso,1,39,success,,82,82
1479,cremad__fno__loso__s1__f040,cremad,fno,loso,1,40,success,,82,82
1480,cremad__fno__loso__s1__f041,cremad,fno,loso,1,41,success,,82,82
1481,cremad__fno__loso__s1__f042,cremad,fno,loso,1,42,success,,82,82
1482,cremad__fno__loso__s1__f043,cremad,fno,loso,1,43,success,,82,82
1483,cremad__fno__loso__s1__f044,cremad,fno,loso,1,44,success,,82,82
1484,cremad__fno__loso__s1__f045,cremad,fno,loso,1,45,success,,82,82
1485,cremad__fno__loso__s1__f046,cremad,fno,loso,1,46,success,,82,82
1486,cremad__fno__loso__s1__f047,cremad,fno,loso,1,47,success,,82,82
1487,cremad__fno__loso__s1__f048,cremad,fno,loso,1,48,success,,82,82
1488,cremad__fno__loso__s1__f049,cremad,fno,loso,1,49,success,,82,82
1489,cremad__fno__loso__s1__f050,cremad,fno,loso,1,50,success,,82,82
1490,cremad__fno__loso__s1__f051,cremad,fno,loso,1,51,success,,82,82
1491,cremad__fno__loso__s1__f052,cremad,fno,loso,1,52,success,,82,82
1492,cremad__fno__loso__s1__f053,cremad,fno,loso,1,53,success,,82,82
1493,cremad__fno__loso__s1__f054,cremad,fno,loso,1,54,success,,82,82
1494,cremad__fno__loso__s1__f055,cremad,fno,loso,1,55,success,,82,82
1495,cremad__fno__loso__s1__f056,cremad,fno,loso,1,56,success,,82,82
1496,cremad__fno__loso__s1__f057,cremad,fno,loso,1,57,success,,82,82
1497,cremad__fno__loso__s1__f058,cremad,fno,loso,1,58,success,,82,82
1498,cremad__fno__loso__s1__f059,cremad,fno,loso,1,59,success,,82,82
1499,cremad__fno__loso__s1__f060,cremad,fno,loso,1,60,success,,82,82
1500,cremad__fno__loso__s1__f061,cremad,fno,loso,1,61,success,,82,82
1501,cremad__fno__loso__s1__f062,cremad,fno,loso,1,62,success,,82,82
1502,cremad__fno__loso__s1__f063,cremad,fno,loso,1,63,success,,82,82
1503,cremad__fno__loso__s1__f064,cremad,fno,loso,1,64,success,,82,82
1504,cremad__fno__loso__s1__f065,cremad,fno,loso,1,65,success,,82,82
1505,cremad__fno__loso__s1__f066,cremad,fno,loso,1,66,success,,82,82
1506,cremad__fno__loso__s1__f067,cremad,fno,loso,1,67,success,,82,82
1507,cremad__fno__loso__s1__f068,cremad,fno,loso,1,68,success,,82,82
1508,cremad__fno__loso__s1__f069,cremad,fno,loso,1,69,success,,82,82
1509,cremad__fno__loso__s1__f070,cremad,fno,loso,1,70,success,,82,82
1510,cremad__fno__loso__s1__f071,cremad,fno,loso,1,71,success,,82,82
1511,cremad__fno__loso__s1__f072,cremad,fno,loso,1,72,success,,82,82
1512,cremad__fno__loso__s1__f073,cremad,fno,loso,1,73,success,,82,82
1513,cremad__fno__loso__s1__f074,cremad,fno,loso,1,74,success,,82,82
1514,cremad__fno__loso__s1__f075,cremad,fno,loso,1,75,success,,81,81
1515,cremad__fno__loso__s1__f076,cremad,fno,loso,1,76,success,,82,82
1516,cremad__fno__loso__s1__f077,cremad,fno,loso,1,77,success,,82,82
1517,cremad__fno__loso__s1__f078,cremad,fno,loso,1,78,success,,82,82
1518,cremad__fno__loso__s1__f079,cremad,fno,loso,1,79,success,,82,82
1519,cremad__fno__loso__s1__f080,cremad,fno,loso,1,80,success,,82,82
1520,cremad__fno__loso__s1__f081,cremad,fno,loso,1,81,success,,82,82
1521,cremad__fno__loso__s1__f082,cremad,fno,loso,1,82,success,,82,82
1522,cremad__fno__loso__s1__f083,cremad,fno,loso,1,83,success,,82,82
1523,cremad__fno__loso__s1__f084,cremad,fno,loso,1,84,success,,82,82
1524,cremad__fno__loso__s1__f085,cremad,fno,loso,1,85,success,,82,82
1525,cremad__fno__loso__s1__f086,cremad,fno,loso,1,86,success,,82,82
1526,cremad__fno__loso__s1__f087,cremad,fno,loso,1,87,success,,82,82
1527,cremad__fno__loso__s1__f088,cremad,fno,loso,1,88,success,,82,82
1528,cremad__fno__loso__s1__f089,cremad,fno,loso,1,89,success,,82,82
1529,cremad__fno__loso__s1__f090,cremad,fno,loso,1,90,success,,82,82
1530,cremad__fno__loso__s2__f000,cremad,fno,loso,2,0,success,,82,82
1531,cremad__fno__loso__s2__f001,cremad,fno,loso,2,1,success,,81,81
1532,cremad__fno__loso__s2__f002,cremad,fno,loso,2,2,success,,82,82
1533,cremad__fno__loso__s2__f003,cremad,fno,loso,2,3,success,,82,82
1534,cremad__fno__loso__s2__f004,cremad,fno,loso,2,4,success,,82,82
1535,cremad__fno__loso__s2__f005,cremad,fno,loso,2,5,success,,82,82
1536,cremad__fno__loso__s2__f006,cremad,fno,loso,2,6,success,,82,82
1537,cremad__fno__loso__s2__f007,cremad,fno,loso,2,7,success,,76,76
1538,cremad__fno__loso__s2__f008,cremad,fno,loso,2,8,success,,76,76
1539,cremad__fno__loso__s2__f009,cremad,fno,loso,2,9,success,,82,82
1540,cremad__fno__loso__s2__f010,cremad,fno,loso,2,10,success,,82,82
1541,cremad__fno__loso__s2__f011,cremad,fno,loso,2,11,success,,82,82
1542,cremad__fno__loso__s2__f012,cremad,fno,loso,2,12,success,,82,82
1543,cremad__fno__loso__s2__f013,cremad,fno,loso,2,13,success,,82,82
1544,cremad__fno__loso__s2__f014,cremad,fno,loso,2,14,success,,82,82
1545,cremad__fno__loso__s2__f015,cremad,fno,loso,2,15,success,,82,82
1546,cremad__fno__loso__s2__f016,cremad,fno,loso,2,16,success,,82,82
1547,cremad__fno__loso__s2__f017,cremad,fno,loso,2,17,success,,82,82
1548,cremad__fno__loso__s2__f018,cremad,fno,loso,2,18,success,,76,76
1549,cremad__fno__loso__s2__f019,cremad,fno,loso,2,19,success,,82,82
1550,cremad__fno__loso__s2__f020,cremad,fno,loso,2,20,success,,82,82
1551,cremad__fno__loso__s2__f021,cremad,fno,loso,2,21,success,,82,82
1552,cremad__fno__loso__s2__f022,cremad,fno,loso,2,22,success,,82,82
1553,cremad__fno__loso__s2__f023,cremad,fno,loso,2,23,success,,82,82
1554,cremad__fno__loso__s2__f024,cremad,fno,loso,2,24,success,,82,82
1555,cremad__fno__loso__s2__f025,cremad,fno,loso,2,25,success,,82,82
1556,cremad__fno__loso__s2__f026,cremad,fno,loso,2,26,success,,82,82
1557,cremad__fno__loso__s2__f027,cremad,fno,loso,2,27,success,,82,82
1558,cremad__fno__loso__s2__f028,cremad,fno,loso,2,28,success,,82,82
1559,cremad__fno__loso__s2__f029,cremad,fno,loso,2,29,success,,82,82
1560,cremad__fno__loso__s2__f030,cremad,fno,loso,2,30,success,,82,82
1561,cremad__fno__loso__s2__f031,cremad,fno,loso,2,31,success,,82,82
1562,cremad__fno__loso__s2__f032,cremad,fno,loso,2,32,success,,82,82
1563,cremad__fno__loso__s2__f033,cremad,fno,loso,2,33,success,,82,82
1564,cremad__fno__loso__s2__f034,cremad,fno,loso,2,34,success,,82,82
1565,cremad__fno__loso__s2__f035,cremad,fno,loso,2,35,success,,82,82
1566,cremad__fno__loso__s2__f036,cremad,fno,loso,2,36,success,,82,82
1567,cremad__fno__loso__s2__f037,cremad,fno,loso,2,37,success,,82,82
1568,cremad__fno__loso__s2__f038,cremad,fno,loso,2,38,success,,82,82
1569,cremad__fno__loso__s2__f039,cremad,fno,loso,2,39,success,,82,82
1570,cremad__fno__loso__s2__f040,cremad,fno,loso,2,40,success,,82,82
1571,cremad__fno__loso__s2__f041,cremad,fno,loso,2,41,success,,82,82
1572,cremad__fno__loso__s2__f042,cremad,fno,loso,2,42,success,,82,82
1573,cremad__fno__loso__s2__f043,cremad,fno,loso,2,43,success,,82,82
1574,cremad__fno__loso__s2__f044,cremad,fno,loso,2,44,success,,82,82
1575,cremad__fno__loso__s2__f045,cremad,fno,loso,2,45,success,,82,82
1576,cremad__fno__loso__s2__f046,cremad,fno,loso,2,46,success,,82,82
1577,cremad__fno__loso__s2__f047,cremad,fno,loso,2,47,success,,82,82
1578,cremad__fno__loso__s2__f048,cremad,fno,loso,2,48,success,,82,82
1579,cremad__fno__loso__s2__f049,cremad,fno,loso,2,49,success,,82,82
1580,cremad__fno__loso__s2__f050,cremad,fno,loso,2,50,success,,82,82
1581,cremad__fno__loso__s2__f051,cremad,fno,loso,2,51,success,,82,82
1582,cremad__fno__loso__s2__f052,cremad,fno,loso,2,52,success,,82,82
1583,cremad__fno__loso__s2__f053,cremad,fno,loso,2,53,success,,82,82
1584,cremad__fno__loso__s2__f054,cremad,fno,loso,2,54,success,,82,82
1585,cremad__fno__loso__s2__f055,cremad,fno,loso,2,55,success,,82,82
1586,cremad__fno__loso__s2__f056,cremad,fno,loso,2,56,success,,82,82
1587,cremad__fno__loso__s2__f057,cremad,fno,loso,2,57,success,,82,82
1588,cremad__fno__loso__s2__f058,cremad,fno,loso,2,58,success,,82,82
1589,cremad__fno__loso__s2__f059,cremad,fno,loso,2,59,success,,82,82
1590,cremad__fno__loso__s2__f060,cremad,fno,loso,2,60,success,,82,82
1591,cremad__fno__loso__s2__f061,cremad,fno,loso,2,61,success,,82,82
1592,cremad__fno__loso__s2__f062,cremad,fno,loso,2,62,success,,82,82
1593,cremad__fno__loso__s2__f063,cremad,fno,loso,2,63,success,,82,82
1594,cremad__fno__loso__s2__f064,cremad,fno,loso,2,64,success,,82,82
1595,cremad__fno__loso__s2__f065,cremad,fno,loso,2,65,success,,82,82
1596,cremad__fno__loso__s2__f066,cremad,fno,loso,2,66,success,,82,82
1597,cremad__fno__loso__s2__f067,cremad,fno,loso,2,67,success,,82,82
1598,cremad__fno__loso__s2__f068,cremad,fno,loso,2,68,success,,82,82
1599,cremad__fno__loso__s2__f069,cremad,fno,loso,2,69,success,,82,82
1600,cremad__fno__loso__s2__f070,cremad,fno,loso,2,70,success,,82,82
1601,cremad__fno__loso__s2__f071,cremad,fno,loso,2,71,success,,82,82
1602,cremad__fno__loso__s2__f072,cremad,fno,loso,2,72,success,,82,82
1603,cremad__fno__loso__s2__f073,cremad,fno,loso,2,73,success,,82,82
1604,cremad__fno__loso__s2__f074,cremad,fno,loso,2,74,success,,82,82
1605,cremad__fno__loso__s2__f075,cremad,fno,loso,2,75,success,,81,81
1606,cremad__fno__loso__s2__f076,cremad,fno,loso,2,76,success,,82,82
1607,cremad__fno__loso__s2__f077,cremad,fno,loso,2,77,success,,82,82
1608,cremad__fno__loso__s2__f078,cremad,fno,loso,2,78,success,,82,82
1609,cremad__fno__loso__s2__f079,cremad,fno,loso,2,79,success,,82,82
1610,cremad__fno__loso__s2__f080,cremad,fno,loso,2,80,success,,82,82
1611,cremad__fno__loso__s2__f081,cremad,fno,loso,2,81,success,,82,82
1612,cremad__fno__loso__s2__f082,cremad,fno,loso,2,82,success,,82,82
1613,cremad__fno__loso__s2__f083,cremad,fno,loso,2,83,success,,82,82
1614,cremad__fno__loso__s2__f084,cremad,fno,loso,2,84,success,,82,82
1615,cremad__fno__loso__s2__f085,cremad,fno,loso,2,85,success,,82,82
1616,cremad__fno__loso__s2__f086,cremad,fno,loso,2,86,success,,82,82
1617,cremad__fno__loso__s2__f087,cremad,fno,loso,2,87,success,,82,82
1618,cremad__fno__loso__s2__f088,cremad,fno,loso,2,88,success,,82,82
1619,cremad__fno__loso__s2__f089,cremad,fno,loso,2,89,success,,82,82
1620,cremad__fno__loso__s2__f090,cremad,fno,loso,2,90,success,,82,82
