unit_id,corpus,draw,fold,epoch,seen_ce,unseen_ce,seen_uar,unseen_uar,outer_uar
fpc_formal_cremad_d00_f0_A,cremad,0,0,1,1.607603064087151,1.63633789774013,28.125,28.47222222222222,26.043148411569465
fpc_formal_cremad_d00_f0_A,cremad,0,0,2,1.3873550488325987,1.40118889697527,44.79166666666667,43.40277777777778,42.318634423897585
fpc_formal_cremad_d00_f0_A,cremad,0,0,3,1.289121211991761,1.3173364964112015,48.95833333333333,44.09722222222222,39.59222380275012
fpc_formal_cremad_d00_f0_A,cremad,0,0,4,1.1492024735808093,1.1892464309032584,56.59722222222222,53.81944444444444,49.85775248933144
fpc_formal_cremad_d00_f0_A,cremad,0,0,5,1.1752536977657957,1.2617652799762826,55.90277777777778,54.513888888888886,51.11427216690374
fpc_formal_cremad_d00_f0_A,cremad,0,0,6,1.0992188349957839,1.213107662496136,59.02777777777778,52.77777777777778,55.03793266951161
fpc_formal_cremad_d00_f0_A,cremad,0,0,7,1.4275567756482015,1.4329149370856724,52.77777777777778,51.388888888888886,51.505452821242294
fpc_formal_cremad_d00_f0_A,cremad,0,0,8,1.422980644177845,1.4495564109677208,54.166666666666664,56.59722222222222,51.505452821242294
fpc_formal_cremad_d00_f0_A,cremad,0,0,9,1.5809408534042866,1.7027345985924696,51.041666666666664,52.083333333333336,48.85016595542911
fpc_formal_cremad_d00_f0_A,cremad,0,0,10,1.7009713083972884,1.8815288748261234,52.43055555555556,48.95833333333333,46.14746325272641
fpc_formal_cremad_d00_f0_A,cremad,0,0,11,1.5842978833649042,1.6714229614991636,53.81944444444444,54.861111111111114,50.55713608345187
fpc_formal_cremad_d00_f0_A,cremad,0,0,12,1.9794242517350422,2.177824177181638,48.61111111111111,48.95833333333333,45.697012802275964
fpc_formal_cremad_d00_f0_A,cremad,0,0,13,2.090174140407977,2.296332081885001,49.30555555555556,48.26388888888889,48.826458036984356
fpc_formal_cremad_d00_f0_A,cremad,0,0,14,2.165966674388855,2.407282456806601,52.43055555555556,47.22222222222222,45.7325746799431
fpc_formal_cremad_d00_f0_A,cremad,0,0,15,2.5087092383375236,2.5113164397412313,47.56944444444444,47.91666666666667,39.5448079658606
fpc_formal_cremad_d00_f1_A,cremad,0,1,1,1.6142129731389716,1.641980040331928,28.819444444444443,27.430555555555557,32.45614035087719
fpc_formal_cremad_d00_f1_A,cremad,0,1,2,1.3981865384120407,1.4480634677509474,42.70833333333333,37.84722222222222,43.859649122807014
fpc_formal_cremad_d00_f1_A,cremad,0,1,3,1.4540117746832462,1.532391371643859,43.40277777777778,40.625,46.92982456140351
fpc_formal_cremad_d00_f1_A,cremad,0,1,4,1.1957842041945712,1.2364370864295542,53.125,50.34722222222222,57.89473684210527
fpc_formal_cremad_d00_f1_A,cremad,0,1,5,1.2431173987626454,1.2486523689145386,54.166666666666664,53.81944444444444,60.526315789473685
fpc_formal_cremad_d00_f1_A,cremad,0,1,6,1.1122722323218237,1.1896219827350076,60.416666666666664,58.333333333333336,65.35087719298247
fpc_formal_cremad_d00_f1_A,cremad,0,1,7,1.1462260829522712,1.2217333633353764,60.416666666666664,59.72222222222222,64.03508771929825
fpc_formal_cremad_d00_f1_A,cremad,0,1,8,1.1969786678161025,1.2821179787720818,59.375,56.94444444444444,64.91228070175438
fpc_formal_cremad_d00_f1_A,cremad,0,1,9,1.4912434307681803,1.6741277400017784,54.166666666666664,53.81944444444444,59.64912280701754
fpc_formal_cremad_d00_f1_A,cremad,0,1,10,1.5464328543426693,1.6515753068676078,56.59722222222222,53.81944444444444,60.526315789473685
fpc_formal_cremad_d00_f1_A,cremad,0,1,11,1.5012145990794763,1.588914267548584,57.638888888888886,52.083333333333336,58.77192982456141
fpc_formal_cremad_d00_f1_A,cremad,0,1,12,1.7374480592575818,1.8689947023224955,54.166666666666664,52.43055555555556,59.64912280701754
fpc_formal_cremad_d00_f1_A,cremad,0,1,13,1.9221928410770426,2.111762790037277,54.861111111111114,52.77777777777778,58.333333333333336
fpc_formal_cremad_d00_f1_A,cremad,0,1,14,1.9204713127086346,2.073827492091364,54.513888888888886,51.041666666666664,55.26315789473685
fpc_formal_cremad_d00_f1_A,cremad,0,1,15,1.671666048055076,1.908119530245531,58.333333333333336,56.59722222222222,62.28070175438597
fpc_formal_cremad_d00_f2_A,cremad,0,2,1,1.563451839489195,1.5241631884232727,37.5,39.23611111111111,38.59649122807017
fpc_formal_cremad_d00_f2_A,cremad,0,2,2,1.4776082802408568,1.4572836038566228,40.97222222222222,40.27777777777778,42.54385964912281
fpc_formal_cremad_d00_f2_A,cremad,0,2,3,1.4105047038177023,1.4037998292893101,46.18055555555556,43.75,49.122807017543856
fpc_formal_cremad_d00_f2_A,cremad,0,2,4,1.5336327909641878,1.5623603707517197,44.44444444444444,43.75,46.49122807017544
fpc_formal_cremad_d00_f2_A,cremad,0,2,5,1.076044981780909,1.1433957610131498,57.291666666666664,55.90277777777778,58.333333333333336
fpc_formal_cremad_d00_f2_A,cremad,0,2,6,1.472076586872609,1.549347058854349,46.875,49.30555555555556,51.31578947368421
fpc_formal_cremad_d00_f2_A,cremad,0,2,7,1.3826876648693631,1.483633911069681,54.166666666666664,52.43055555555556,53.50877192982456
fpc_formal_cremad_d00_f2_A,cremad,0,2,8,1.5007425329019461,1.5901258126075322,52.083333333333336,52.083333333333336,53.94736842105263
fpc_formal_cremad_d00_f2_A,cremad,0,2,9,1.3401366361063174,1.4046640944291242,53.81944444444444,54.861111111111114,56.14035087719298
fpc_formal_cremad_d00_f2_A,cremad,0,2,10,1.352086982693898,1.4582676919381816,52.77777777777778,58.68055555555556,56.14035087719298
fpc_formal_cremad_d00_f2_A,cremad,0,2,11,1.231547260597964,1.380733810467161,58.68055555555556,55.208333333333336,57.45614035087719
fpc_formal_cremad_d00_f2_A,cremad,0,2,12,1.2525504610991713,1.48431247155355,61.80555555555556,57.291666666666664,58.77192982456141
fpc_formal_cremad_d00_f2_A,cremad,0,2,13,1.64220355849801,1.8584919086806104,55.55555555555556,53.81944444444444,54.385964912280706
fpc_formal_cremad_d00_f2_A,cremad,0,2,14,1.5763545828638843,1.748404907159541,56.94444444444444,55.208333333333336,54.824561403508774
fpc_formal_cremad_d00_f2_A,cremad,0,2,15,1.9297160455854896,2.0385021867830586,53.125,55.208333333333336,53.07017543859649
fpc_formal_cremad_d00_f3_A,cremad,0,3,1,1.6485504521553815,1.626276274130913,29.51388888888889,32.98611111111111,30.808080808080806
fpc_formal_cremad_d00_f3_A,cremad,0,3,2,1.411830010086385,1.3877825909294959,46.18055555555556,44.79166666666667,38.88888888888889
fpc_formal_cremad_d00_f3_A,cremad,0,3,3,1.3359768290102434,1.2587942160377326,50.0,52.77777777777778,46.464646464646464
fpc_formal_cremad_d00_f3_A,cremad,0,3,4,1.1847910346877766,1.045004852148396,55.55555555555556,62.5,52.02020202020202
fpc_formal_cremad_d00_f3_A,cremad,0,3,5,1.474158517958398,1.285440404211318,45.83333333333333,54.861111111111114,48.484848484848484
fpc_formal_cremad_d00_f3_A,cremad,0,3,6,1.2241564221239842,1.0608738941278115,56.59722222222222,61.458333333333336,53.535353535353536
fpc_formal_cremad_d00_f3_A,cremad,0,3,7,1.114950906215496,1.031719858475958,61.111111111111114,62.5,52.52525252525253
fpc_formal_cremad_d00_f3_A,cremad,0,3,8,1.142584297483704,0.9577323654112117,60.06944444444444,64.23611111111111,58.080808080808076
fpc_formal_cremad_d00_f3_A,cremad,0,3,9,1.5647083047355188,1.337741877472942,51.736111111111114,59.02777777777778,53.535353535353536
fpc_formal_cremad_d00_f3_A,cremad,0,3,10,1.232041931879187,0.980754373516253,61.80555555555556,67.36111111111111,61.61616161616161
fpc_formal_cremad_d00_f3_A,cremad,0,3,11,1.4354857110859072,1.4103018701759475,60.06944444444444,60.763888888888886,55.55555555555556
fpc_formal_cremad_d00_f3_A,cremad,0,3,12,1.3473122077089792,1.1742462864575767,61.111111111111114,66.31944444444444,59.59595959595959
fpc_formal_cremad_d00_f3_A,cremad,0,3,13,1.5361708786067807,1.3736154094219895,59.02777777777778,60.416666666666664,55.55555555555556
fpc_formal_cremad_d00_f3_A,cremad,0,3,14,1.6796522905544282,1.5728238640156773,58.68055555555556,59.72222222222222,56.060606060606055
fpc_formal_cremad_d00_f3_A,cremad,0,3,15,1.9037709911133465,1.7085876036978018,57.638888888888886,59.375,54.54545454545454
fpc_formal_cremad_d00_f4_A,cremad,0,4,1,1.5524899471059281,1.548451578480127,36.11111111111111,38.88888888888889,36.27450980392157
fpc_formal_cremad_d00_f4_A,cremad,0,4,2,1.3828643508502176,1.4048472174715434,47.91666666666667,46.52777777777778,40.68627450980392
fpc_formal_cremad_d00_f4_A,cremad,0,4,3,1.3906227537234555,1.4533558726466296,40.625,36.45833333333333,38.23529411764706
fpc_formal_cremad_d00_f4_A,cremad,0,4,4,1.1404709601157375,1.2099736106084047,57.291666666666664,52.43055555555556,50.49019607843137
fpc_formal_cremad_d00_f4_A,cremad,0,4,5,1.2641243659645545,1.3973218219360521,53.81944444444444,52.77777777777778,50.98039215686274
fpc_formal_cremad_d00_f4_A,cremad,0,4,6,1.2386821461057531,1.3881226679637626,55.55555555555556,52.77777777777778,53.92156862745098
fpc_formal_cremad_d00_f4_A,cremad,0,4,7,1.1565433190853631,1.2763512007595743,57.986111111111114,54.166666666666664,57.35294117647059
fpc_formal_cremad_d00_f4_A,cremad,0,4,8,1.163325995539698,1.2926188949060007,58.68055555555556,55.208333333333336,56.372549019607845
fpc_formal_cremad_d00_f4_A,cremad,0,4,9,1.4421006929889417,1.4967021514379912,51.388888888888886,55.208333333333336,53.431372549019606
fpc_formal_cremad_d00_f4_A,cremad,0,4,10,1.2349005862508844,1.3381465431923298,58.333333333333336,57.986111111111114,55.392156862745104
fpc_formal_cremad_d00_f4_A,cremad,0,4,11,1.2733984588382088,1.503621892280821,60.763888888888886,54.513888888888886,55.88235294117647
fpc_formal_cremad_d00_f4_A,cremad,0,4,12,1.3704446111617428,1.5661226207069672,60.416666666666664,57.986111111111114,57.35294117647059
fpc_formal_cremad_d00_f4_A,cremad,0,4,13,1.5258006948182417,1.6276438115278924,60.416666666666664,59.02777777777778,58.333333333333336
fpc_formal_cremad_d00_f4_A,cremad,0,4,14,1.615581022837363,1.7656723599651791,55.208333333333336,54.166666666666664,52.450980392156865
fpc_formal_cremad_d00_f4_A,cremad,0,4,15,1.6800460351493764,1.7405751404774668,57.291666666666664,57.986111111111114,54.41176470588235
fpc_formal_cremad_d01_f0_A,cremad,1,0,1,1.5507133430013036,1.5632294339155657,38.88888888888889,35.76388888888889,32.89473684210527
fpc_formal_cremad_d01_f0_A,cremad,1,0,2,1.4270138891719868,1.3793082666016803,44.09722222222222,45.83333333333333,40.78947368421053
fpc_formal_cremad_d01_f0_A,cremad,1,0,3,1.2726664287555434,1.2085742817353815,50.0,53.47222222222222,49.56140350877193
fpc_formal_cremad_d01_f0_A,cremad,1,0,4,1.1465766889401179,1.1036261866515682,55.208333333333336,59.375,54.385964912280706
fpc_formal_cremad_d01_f0_A,cremad,1,0,5,1.1758064025822201,1.1739990556205437,57.291666666666664,56.94444444444444,54.824561403508774
fpc_formal_cremad_d01_f0_A,cremad,1,0,6,1.2485512348792345,1.1977727039714414,55.55555555555556,56.25,53.50877192982456
fpc_formal_cremad_d01_f0_A,cremad,1,0,7,1.37327379344113,1.2534505524725477,51.388888888888886,55.90277777777778,50.0
fpc_formal_cremad_d01_f0_A,cremad,1,0,8,1.3140835178489974,1.1903731820225703,55.208333333333336,57.638888888888886,55.70175438596491
fpc_formal_cremad_d01_f0_A,cremad,1,0,9,1.1959708054996043,1.1834438074598974,60.416666666666664,64.23611111111111,58.77192982456141
fpc_formal_cremad_d01_f0_A,cremad,1,0,10,1.440825459447574,1.2932077855962596,55.90277777777778,61.80555555555556,54.824561403508774
fpc_formal_cremad_d01_f0_A,cremad,1,0,11,1.5726760490152534,1.3325116628680527,57.638888888888886,56.25,52.63157894736842
fpc_formal_cremad_d01_f0_A,cremad,1,0,12,1.494317064269778,1.3701864210311454,56.59722222222222,61.80555555555556,55.70175438596491
fpc_formal_cremad_d01_f0_A,cremad,1,0,13,1.4122294757939178,1.3519290475459007,59.375,62.15277777777778,59.210526315789465
fpc_formal_cremad_d01_f0_A,cremad,1,0,14,1.3728526019491958,1.3478134254594747,61.458333333333336,63.541666666666664,59.210526315789465
fpc_formal_cremad_d01_f0_A,cremad,1,0,15,1.92621960502541,1.7382576360613031,55.55555555555556,54.861111111111114,50.877192982456144
fpc_formal_cremad_d01_f1_A,cremad,1,1,1,1.6323590031280348,1.6471544087969419,30.555555555555557,28.125,27.868658131816026
fpc_formal_cremad_d01_f1_A,cremad,1,1,2,1.496332375361849,1.5620641002822058,40.27777777777778,37.15277777777778,41.891891891891895
fpc_formal_cremad_d01_f1_A,cremad,1,1,3,1.450433584184162,1.5567768128277792,47.91666666666667,43.40277777777778,46.25414888572783
fpc_formal_cremad_d01_f1_A,cremad,1,1,4,1.2481155432348052,1.3895928004442486,51.041666666666664,46.875,46.66903745851114
fpc_formal_cremad_d01_f1_A,cremad,1,1,5,1.171219748618097,1.3765580970366793,52.43055555555556,47.91666666666667,48.921289710763396
fpc_formal_cremad_d01_f1_A,cremad,1,1,6,1.165178351763389,1.3910514415925834,54.513888888888886,51.041666666666664,53.31910858226647
fpc_formal_cremad_d01_f1_A,cremad,1,1,7,1.2861884016624845,1.4924554822169331,51.736111111111114,47.56944444444444,54.65860597439545
fpc_formal_cremad_d01_f1_A,cremad,1,1,8,1.2389098320406025,1.479627912572556,57.291666666666664,52.083333333333336,53.28354670459934
fpc_formal_cremad_d01_f1_A,cremad,1,1,9,1.4170132211338395,1.6969956880610286,51.736111111111114,50.0,50.1778093883357
fpc_formal_cremad_d01_f1_A,cremad,1,1,10,1.4730268619062594,1.7441242534920203,52.43055555555556,51.041666666666664,54.16073968705548
fpc_formal_cremad_d01_f1_A,cremad,1,1,11,1.0481943216519356,1.3881343973429736,65.27777777777779,56.25,57.21906116642958
fpc_formal_cremad_d01_f1_A,cremad,1,1,12,1.6031734494050855,1.9725831185400284,54.861111111111114,51.041666666666664,52.37079184447605
fpc_formal_cremad_d01_f1_A,cremad,1,1,13,1.4296367236204939,1.7558117741807495,56.94444444444444,53.47222222222222,53.27169274537695
fpc_formal_cremad_d01_f1_A,cremad,1,1,14,1.65065469127617,2.0556061511643255,53.47222222222222,50.34722222222222,52.32337600758653
fpc_formal_cremad_d01_f1_A,cremad,1,1,15,1.233606450678804,1.7727338902958474,63.19444444444444,52.77777777777778,55.03793266951161
fpc_formal_cremad_d01_f2_A,cremad,1,2,1,1.5539483380488446,1.5765250434159883,35.76388888888889,37.5,35.526315789473685
fpc_formal_cremad_d01_f2_A,cremad,1,2,2,1.3583150045406105,1.3896837915287128,52.083333333333336,48.95833333333333,49.56140350877193
fpc_formal_cremad_d01_f2_A,cremad,1,2,3,1.2064335464271405,1.2774338103672944,56.59722222222222,52.43055555555556,56.57894736842105
fpc_formal_cremad_d01_f2_A,cremad,1,2,4,1.1221309421928405,1.2337805043906578,50.69444444444444,54.513888888888886,55.26315789473685
fpc_formal_cremad_d01_f2_A,cremad,1,2,5,1.0524597604639847,1.142429136795727,57.986111111111114,55.208333333333336,59.64912280701754
fpc_formal_cremad_d01_f2_A,cremad,1,2,6,1.1958437020933275,1.240755760419226,52.083333333333336,56.94444444444444,57.01754385964912
fpc_formal_cremad_d01_f2_A,cremad,1,2,7,1.2383966477318,1.4981586091883592,53.47222222222222,51.736111111111114,53.07017543859649
fpc_formal_cremad_d01_f2_A,cremad,1,2,8,1.2346349765982578,1.4093123792436986,56.59722222222222,55.55555555555556,59.64912280701754
fpc_formal_cremad_d01_f2_A,cremad,1,2,9,1.113712856803043,1.3957049449081953,63.888888888888886,57.638888888888886,63.1578947368421
fpc_formal_cremad_d01_f2_A,cremad,1,2,10,1.2090262431305372,1.4497785148367361,62.5,57.986111111111114,64.03508771929825
fpc_formal_cremad_d01_f2_A,cremad,1,2,11,1.009939993556739,1.2673714758339252,62.5,61.111111111111114,63.1578947368421
fpc_formal_cremad_d01_f2_A,cremad,1,2,12,1.3957320855722901,1.7261453063451175,58.68055555555556,53.81944444444444,58.333333333333336
fpc_formal_cremad_d01_f2_A,cremad,1,2,13,1.2116535369632897,1.5268058733878056,62.84722222222222,59.02777777777778,64.03508771929825
fpc_formal_cremad_d01_f2_A,cremad,1,2,14,1.5264156429017808,1.7340520508349735,54.861111111111114,55.90277777777778,60.526315789473685
fpc_formal_cremad_d01_f2_A,cremad,1,2,15,1.7506953498071751,2.070882536133236,55.208333333333336,52.77777777777778,57.01754385964912
fpc_formal_cremad_d01_f3_A,cremad,1,3,1,1.619100730163034,1.604576723156323,32.98611111111111,31.25,27.941176470588236
fpc_formal_cremad_d01_f3_A,cremad,1,3,2,1.5003030018314085,1.4536683125815604,44.09722222222222,42.36111111111111,42.15686274509804
fpc_formal_cremad_d01_f3_A,cremad,1,3,3,1.5906322180012202,1.5387892220236488,38.54166666666667,37.84722222222222,36.76470588235294
fpc_formal_cremad_d01_f3_A,cremad,1,3,4,1.2899553019462415,1.2436014513291962,48.95833333333333,48.26388888888889,49.01960784313725
fpc_formal_cremad_d01_f3_A,cremad,1,3,5,1.1850386835898843,1.1813307976836565,56.25,53.47222222222222,55.392156862745104
fpc_formal_cremad_d01_f3_A,cremad,1,3,6,1.1783942611586482,1.1988250938200844,55.55555555555556,50.69444444444444,56.372549019607845
fpc_formal_cremad_d01_f3_A,cremad,1,3,7,1.2426791189610331,1.26813764436692,53.47222222222222,53.125,53.92156862745098
fpc_formal_cremad_d01_f3_A,cremad,1,3,8,1.567152694177666,1.648096318171027,50.0,46.18055555555556,42.15686274509804
fpc_formal_cremad_d01_f3_A,cremad,1,3,9,1.7231671480930808,1.8408175690379887,47.91666666666667,46.52777777777778,41.66666666666667
fpc_formal_cremad_d01_f3_A,cremad,1,3,10,1.6079096566108746,1.7920076587297775,52.77777777777778,45.48611111111111,45.09803921568628
fpc_formal_cremad_d01_f3_A,cremad,1,3,11,1.6801855219983284,1.8949798846505839,52.43055555555556,48.26388888888889,47.549019607843135
fpc_formal_cremad_d01_f3_A,cremad,1,3,12,1.6442641735307295,1.9111331902505166,51.388888888888886,47.22222222222222,47.549019607843135
fpc_formal_cremad_d01_f3_A,cremad,1,3,13,1.3800074444613548,1.66596092927274,58.68055555555556,51.736111111111114,51.9607843137255
fpc_formal_cremad_d01_f3_A,cremad,1,3,14,1.6899292532509185,2.0110606471917496,54.861111111111114,47.56944444444444,47.05882352941176
fpc_formal_cremad_d01_f3_A,cremad,1,3,15,2.00601228092762,2.27108524275928,50.69444444444444,47.22222222222222,45.09803921568628
fpc_formal_cremad_d01_f4_A,cremad,1,4,1,1.4809191679846114,1.5744798978594803,44.44444444444444,36.11111111111111,43.13725490196079
fpc_formal_cremad_d01_f4_A,cremad,1,4,2,1.3499450894721008,1.4820272210626964,46.52777777777778,41.66666666666667,47.05882352941176
fpc_formal_cremad_d01_f4_A,cremad,1,4,3,1.245646761369541,1.506861492235738,49.65277777777778,42.36111111111111,47.05882352941176
fpc_formal_cremad_d01_f4_A,cremad,1,4,4,1.0067199744727684,1.2795113766713706,62.84722222222222,53.81944444444444,53.431372549019606
fpc_formal_cremad_d01_f4_A,cremad,1,4,5,1.5437179567811588,1.8940647408719258,47.22222222222222,38.19444444444444,42.64705882352941
fpc_formal_cremad_d01_f4_A,cremad,1,4,6,1.312950256050624,1.7884304225894314,52.77777777777778,44.44444444444444,53.431372549019606
fpc_formal_cremad_d01_f4_A,cremad,1,4,7,0.9975197458201666,1.3997617515607235,63.888888888888886,55.208333333333336,61.76470588235294
fpc_formal_cremad_d01_f4_A,cremad,1,4,8,1.1760076749589858,1.6822397044646564,60.06944444444444,51.388888888888886,54.90196078431373
fpc_formal_cremad_d01_f4_A,cremad,1,4,9,1.1319837612253896,1.7059062907334757,63.888888888888886,52.083333333333336,57.35294117647059
fpc_formal_cremad_d01_f4_A,cremad,1,4,10,1.0258158665633692,1.615802162432969,67.70833333333334,52.083333333333336,59.80392156862745
fpc_formal_cremad_d01_f4_A,cremad,1,4,11,1.3006252207331324,2.0491667680914896,64.23611111111111,47.91666666666667,53.431372549019606
fpc_formal_cremad_d01_f4_A,cremad,1,4,12,1.318255266332419,2.0091218334750502,63.541666666666664,52.77777777777778,59.80392156862745
fpc_formal_cremad_d01_f4_A,cremad,1,4,13,1.3266542488239412,2.0861494940608574,66.31944444444444,52.083333333333336,57.35294117647059
fpc_formal_cremad_d01_f4_A,cremad,1,4,14,1.3555708623595857,2.1937174877236663,64.23611111111111,51.736111111111114,56.86274509803921
fpc_formal_cremad_d01_f4_A,cremad,1,4,15,1.6806162770250463,2.4918639658996864,60.416666666666664,47.91666666666667,56.372549019607845
fpc_formal_cremad_d02_f0_A,cremad,2,0,1,1.5521422753869574,1.5697589372293292,35.76388888888889,35.06944444444444,39.03508771929825
fpc_formal_cremad_d02_f0_A,cremad,2,0,2,1.4478484886306073,1.534470338473124,41.31944444444444,39.23611111111111,42.10526315789473
fpc_formal_cremad_d02_f0_A,cremad,2,0,3,1.2147127106909532,1.3513491579894277,51.388888888888886,45.13888888888889,53.07017543859649
fpc_formal_cremad_d02_f0_A,cremad,2,0,4,1.0774981850722973,1.212892215809965,58.333333333333336,53.125,57.01754385964912
fpc_formal_cremad_d02_f0_A,cremad,2,0,5,1.0421449384179766,1.2251102279491866,60.763888888888886,53.125,57.89473684210527
fpc_formal_cremad_d02_f0_A,cremad,2,0,6,1.079474861212641,1.315064452887464,58.68055555555556,54.166666666666664,60.08771929824561
fpc_formal_cremad_d02_f0_A,cremad,2,0,7,0.9242153267203383,1.1516942895892994,62.15277777777778,58.68055555555556,66.22807017543859
fpc_formal_cremad_d02_f0_A,cremad,2,0,8,0.9822139023322232,1.183782513253139,61.80555555555556,59.02777777777778,66.22807017543859
fpc_formal_cremad_d02_f0_A,cremad,2,0,9,1.0587662605594503,1.2843915408750237,61.458333333333336,57.291666666666664,63.1578947368421
fpc_formal_cremad_d02_f0_A,cremad,2,0,10,1.2582004791043029,1.5040771419072119,56.59722222222222,51.041666666666664,54.824561403508774
fpc_formal_cremad_d02_f0_A,cremad,2,0,11,1.0112164819194465,1.2936735348675366,61.458333333333336,59.72222222222222,62.71929824561403
fpc_formal_cremad_d02_f0_A,cremad,2,0,12,1.0318220309942872,1.3324437917040144,63.19444444444444,59.375,64.03508771929825
fpc_formal_cremad_d02_f0_A,cremad,2,0,13,1.1504160160885903,1.5287010695192575,64.23611111111111,54.861111111111114,65.78947368421053
fpc_formal_cremad_d02_f0_A,cremad,2,0,14,1.1423885146899326,1.6327091037695602,61.80555555555556,53.47222222222222,60.96491228070175
fpc_formal_cremad_d02_f0_A,cremad,2,0,15,1.142252291569708,1.5561442004870425,62.15277777777778,57.638888888888886,64.47368421052632
fpc_formal_cremad_d02_f1_A,cremad,2,1,1,1.5881982289499759,1.593199195733617,35.76388888888889,34.375,38.59649122807017
fpc_formal_cremad_d02_f1_A,cremad,2,1,2,1.4531354625117427,1.4218579255741222,48.26388888888889,44.79166666666667,43.42105263157895
fpc_formal_cremad_d02_f1_A,cremad,2,1,3,1.6026398426866513,1.581565527050213,40.27777777777778,37.5,41.66666666666667
fpc_formal_cremad_d02_f1_A,cremad,2,1,4,1.227253534885953,1.1711636881704588,52.43055555555556,51.736111111111114,50.43859649122807
fpc_formal_cremad_d02_f1_A,cremad,2,1,5,1.2585002254870896,1.18969753256376,50.34722222222222,52.083333333333336,51.31578947368421
fpc_formal_cremad_d02_f1_A,cremad,2,1,6,1.1026137056871785,1.0563640675052115,60.416666666666664,58.333333333333336,57.01754385964912
fpc_formal_cremad_d02_f1_A,cremad,2,1,7,1.2356348757269389,1.3397405358552108,59.375,52.083333333333336,53.94736842105263
fpc_formal_cremad_d02_f1_A,cremad,2,1,8,1.3027717286017475,1.3161547096892952,56.94444444444444,51.388888888888886,55.70175438596491
fpc_formal_cremad_d02_f1_A,cremad,2,1,9,1.2815003175172128,1.3304032082809296,59.375,53.81944444444444,57.01754385964912
fpc_formal_cremad_d02_f1_A,cremad,2,1,10,1.3924243573331432,1.4793376387029844,56.94444444444444,51.388888888888886,55.70175438596491
fpc_formal_cremad_d02_f1_A,cremad,2,1,11,1.645561257522108,1.7432619956438713,54.513888888888886,51.388888888888886,53.50877192982456
fpc_formal_cremad_d02_f1_A,cremad,2,1,12,1.669890419317819,1.757283186753208,53.47222222222222,50.0,48.68421052631579
fpc_formal_cremad_d02_f1_A,cremad,2,1,13,1.641982376166142,1.678851237849229,56.59722222222222,55.55555555555556,53.50877192982456
fpc_formal_cremad_d02_f1_A,cremad,2,1,14,1.9401697296158313,2.0639994355104023,53.47222222222222,50.0,53.50877192982456
fpc_formal_cremad_d02_f1_A,cremad,2,1,15,1.4653251124716502,1.477819963988672,63.541666666666664,56.59722222222222,54.824561403508774
fpc_formal_cremad_d02_f2_A,cremad,2,2,1,1.6425402107497429,1.6515361404406863,33.68055555555556,32.63888888888889,34.21052631578947
fpc_formal_cremad_d02_f2_A,cremad,2,2,2,1.4693645064567877,1.4718781392796676,44.79166666666667,42.36111111111111,42.98245614035088
fpc_formal_cremad_d02_f2_A,cremad,2,2,3,1.3132873144646846,1.4271893615854288,49.65277777777778,44.79166666666667,49.122807017543856
fpc_formal_cremad_d02_f2_A,cremad,2,2,4,1.1499139459288905,1.2861263800249627,54.861111111111114,48.26388888888889,57.45614035087719
fpc_formal_cremad_d02_f2_A,cremad,2,2,5,1.1397725716634535,1.3351631042449406,53.47222222222222,48.95833333333333,49.56140350877193
fpc_formal_cremad_d02_f2_A,cremad,2,2,6,1.1434151252003424,1.3823772539560255,55.55555555555556,50.0,53.94736842105263
fpc_formal_cremad_d02_f2_A,cremad,2,2,7,1.0436598137956206,1.2687046336158634,60.416666666666664,52.083333333333336,55.70175438596491
fpc_formal_cremad_d02_f2_A,cremad,2,2,8,0.9727833293893116,1.1795741495326542,64.58333333333334,61.458333333333336,58.333333333333336
fpc_formal_cremad_d02_f2_A,cremad,2,2,9,1.1629569288437844,1.3440481341477968,57.291666666666664,54.513888888888886,58.333333333333336
fpc_formal_cremad_d02_f2_A,cremad,2,2,10,1.3322037634705568,1.6257335854195543,56.59722222222222,48.95833333333333,52.63157894736842
fpc_formal_cremad_d02_f2_A,cremad,2,2,11,1.4200479793734233,1.8390250013511107,55.208333333333336,47.22222222222222,55.70175438596491
fpc_formal_cremad_d02_f2_A,cremad,2,2,12,1.650283611984098,2.166596785728347,50.34722222222222,45.48611111111111,50.0
fpc_formal_cremad_d02_f2_A,cremad,2,2,13,1.8505845761887179,2.374195289771538,50.34722222222222,45.83333333333333,53.07017543859649
fpc_formal_cremad_d02_f2_A,cremad,2,2,14,1.565971158574409,1.9948891039552907,54.861111111111114,50.0,57.01754385964912
fpc_formal_cremad_d02_f2_A,cremad,2,2,15,1.583905997891988,1.8510913364192692,57.291666666666664,54.861111111111114,55.70175438596491
fpc_formal_cremad_d02_f3_A,cremad,2,3,1,1.6080105195516643,1.5806361752514668,33.68055555555556,36.80555555555556,33.24420677361854
fpc_formal_cremad_d02_f3_A,cremad,2,3,2,1.5962271775117118,1.5078812031326259,32.29166666666667,35.06944444444444,31.194295900178254
fpc_formal_cremad_d02_f3_A,cremad,2,3,3,1.4503366866034593,1.358740579223449,46.52777777777778,50.34722222222222,40.017825311942964
fpc_formal_cremad_d02_f3_A,cremad,2,3,4,1.3407831785845572,1.2156325045403709,48.95833333333333,53.125,44.592988710635765
fpc_formal_cremad_d02_f3_A,cremad,2,3,5,1.1613851593460944,1.0728135346643872,57.291666666666664,60.416666666666664,54.426619132501486
fpc_formal_cremad_d02_f3_A,cremad,2,3,6,1.6708864096082032,1.5003852808224445,42.36111111111111,49.30555555555556,39.022578728461085
fpc_formal_cremad_d02_f3_A,cremad,2,3,7,1.5251855138452373,1.31431462893775,47.56944444444444,55.55555555555556,43.47890671420083
fpc_formal_cremad_d02_f3_A,cremad,2,3,8,1.5939502029447423,1.4467112461982756,49.65277777777778,56.59722222222222,43.99881164587047
fpc_formal_cremad_d02_f3_A,cremad,2,3,9,1.7165875525342429,1.540172288068736,47.56944444444444,53.81944444444444,44.04337492572787
fpc_formal_cremad_d02_f3_A,cremad,2,3,10,1.6081234321753166,1.437952786579736,52.43055555555556,57.986111111111114,47.92038027332145
fpc_formal_cremad_d02_f3_A,cremad,2,3,11,2.642827082624741,2.3691703384875673,36.80555555555556,42.70833333333333,35.59120617944148
fpc_formal_cremad_d02_f3_A,cremad,2,3,12,2.154586696900735,1.9762129604448329,47.22222222222222,52.77777777777778,41.47355912061794
fpc_formal_cremad_d02_f3_A,cremad,2,3,13,2.0915598509871893,1.9442034481310226,48.61111111111111,55.55555555555556,43.47890671420083
fpc_formal_cremad_d02_f3_A,cremad,2,3,14,2.2613897266434178,2.155236061809836,47.56944444444444,53.125,44.97920380273322
fpc_formal_cremad_d02_f3_A,cremad,2,3,15,2.3214911900222934,2.105932644716047,45.13888888888889,52.77777777777778,42.39453357100416
fpc_formal_cremad_d02_f4_A,cremad,2,4,1,1.6229444209558057,1.6298318139010268,35.06944444444444,33.68055555555556,31.922162804515747
fpc_formal_cremad_d02_f4_A,cremad,2,4,2,1.516824985967692,1.5267880104314753,36.45833333333333,36.80555555555556,38.35412953060012
fpc_formal_cremad_d02_f4_A,cremad,2,4,3,1.4709479836317314,1.5405428910511836,38.54166666666667,37.15277777777778,35.947712418300654
fpc_formal_cremad_d02_f4_A,cremad,2,4,4,1.2925929084170287,1.387841633442818,51.736111111111114,48.61111111111111,47.45989304812834
fpc_formal_cremad_d02_f4_A,cremad,2,4,5,1.3037731347218735,1.46104117294216,52.43055555555556,47.91666666666667,45.55852644087938
fpc_formal_cremad_d02_f4_A,cremad,2,4,6,1.2727897744519248,1.4839295306131122,53.125,46.52777777777778,46.3903743315508
fpc_formal_cremad_d02_f4_A,cremad,2,4,7,1.1852353870687922,1.3908202065053432,56.59722222222222,52.77777777777778,50.37136066547831
fpc_formal_cremad_d02_f4_A,cremad,2,4,8,1.1458323074196113,1.4866599389624338,60.06944444444444,51.041666666666664,51.85680332739157
fpc_formal_cremad_d02_f4_A,cremad,2,4,9,1.4566628139256448,1.7856054195407352,50.0,42.36111111111111,40.819964349376114
fpc_formal_cremad_d02_f4_A,cremad,2,4,10,1.314536270507063,1.63465940170135,58.68055555555556,51.041666666666664,51.33689839572193
fpc_formal_cremad_d02_f4_A,cremad,2,4,11,1.241236962445461,1.6007711822302078,59.375,49.65277777777778,51.307189542483655
fpc_formal_cremad_d02_f4_A,cremad,2,4,12,1.450268255081811,1.9334730569763796,56.94444444444444,46.52777777777778,47.81639928698752
fpc_formal_cremad_d02_f4_A,cremad,2,4,13,1.4289461191443429,1.8108508839919024,57.986111111111114,51.388888888888886,52.391562685680334
fpc_formal_cremad_d02_f4_A,cremad,2,4,14,1.472728991137573,1.8993990400486283,61.111111111111114,49.30555555555556,53.86215092097445
fpc_formal_cremad_d02_f4_A,cremad,2,4,15,1.6029818370167235,1.9594778595913551,56.94444444444444,51.041666666666664,47.474747474747474
fpc_formal_cremad_d03_f0_A,cremad,3,0,1,1.6240122548921552,1.6013980231365577,32.63888888888889,30.90277777777778,31.57894736842105
fpc_formal_cremad_d03_f0_A,cremad,3,0,2,1.460283039646665,1.4213989959098494,43.75,44.79166666666667,41.66666666666667
fpc_formal_cremad_d03_f0_A,cremad,3,0,3,1.3600270080384058,1.262292415321023,46.18055555555556,54.166666666666664,46.05263157894737
fpc_formal_cremad_d03_f0_A,cremad,3,0,4,1.4280682979592783,1.313855614262823,43.40277777777778,47.56944444444444,45.17543859649123
fpc_formal_cremad_d03_f0_A,cremad,3,0,5,1.2185175955194152,1.1283482272861662,54.166666666666664,60.416666666666664,52.63157894736842
fpc_formal_cremad_d03_f0_A,cremad,3,0,6,1.367868837822976,1.2133924915078462,52.77777777777778,56.94444444444444,47.368421052631575
fpc_formal_cremad_d03_f0_A,cremad,3,0,7,1.520409324921177,1.31940805647027,46.875,53.125,52.19298245614035
fpc_formal_cremad_d03_f0_A,cremad,3,0,8,1.4001224870277325,1.1844501231517528,53.47222222222222,59.72222222222222,53.94736842105263
fpc_formal_cremad_d03_f0_A,cremad,3,0,9,1.264627978003534,1.065617344160902,57.638888888888886,63.888888888888886,55.26315789473685
fpc_formal_cremad_d03_f0_A,cremad,3,0,10,1.542071560606006,1.3516983477167699,53.47222222222222,58.333333333333336,52.63157894736842
fpc_formal_cremad_d03_f0_A,cremad,3,0,11,1.990172643254433,1.7298405858477865,47.22222222222222,51.388888888888886,48.24561403508772
fpc_formal_cremad_d03_f0_A,cremad,3,0,12,1.6688524947000478,1.383696462936183,52.43055555555556,59.72222222222222,53.94736842105263
fpc_formal_cremad_d03_f0_A,cremad,3,0,13,1.8099657352353005,1.47287011741333,52.083333333333336,61.80555555555556,54.385964912280706
fpc_formal_cremad_d03_f0_A,cremad,3,0,14,2.2586314237982172,1.9315978834769092,49.65277777777778,54.166666666666664,50.0
fpc_formal_cremad_d03_f0_A,cremad,3,0,15,1.9561912547100049,1.7952880910433409,54.166666666666664,59.02777777777778,51.31578947368421
fpc_formal_cremad_d03_f1_A,cremad,3,1,1,1.6027096454762544,1.5765233449232101,32.63888888888889,32.98611111111111,36.40350877192983
fpc_formal_cremad_d03_f1_A,cremad,3,1,2,1.4251853915168684,1.4584874082265589,44.79166666666667,40.97222222222222,39.473684210526315
fpc_formal_cremad_d03_f1_A,cremad,3,1,3,1.2765187019506348,1.346283964002039,52.083333333333336,47.56944444444444,46.05263157894737
fpc_formal_cremad_d03_f1_A,cremad,3,1,4,1.06825920040622,1.1865799529983778,60.06944444444444,56.59722222222222,53.50877192982456
fpc_formal_cremad_d03_f1_A,cremad,3,1,5,1.0125936634759425,1.1247012122776068,60.06944444444444,56.59722222222222,55.70175438596491
fpc_formal_cremad_d03_f1_A,cremad,3,1,6,0.9842270000820024,1.169420486178273,64.23611111111111,56.59722222222222,59.210526315789465
fpc_formal_cremad_d03_f1_A,cremad,3,1,7,1.3365805398520458,1.6090371654505053,53.125,48.26388888888889,47.80701754385965
fpc_formal_cremad_d03_f1_A,cremad,3,1,8,1.0299083185403053,1.2185176108569553,62.84722222222222,60.416666666666664,59.210526315789465
fpc_formal_cremad_d03_f1_A,cremad,3,1,9,1.290045811075816,1.6020490008923167,59.72222222222222,52.43055555555556,53.07017543859649
fpc_formal_cremad_d03_f1_A,cremad,3,1,10,1.205333980441596,1.4199274947315823,59.02777777777778,55.208333333333336,55.70175438596491
fpc_formal_cremad_d03_f1_A,cremad,3,1,11,1.19257628089277,1.514118183464573,62.84722222222222,54.513888888888886,57.89473684210527
fpc_formal_cremad_d03_f1_A,cremad,3,1,12,1.8462768909249552,2.255671838221758,51.388888888888886,47.22222222222222,45.614035087719294
fpc_formal_cremad_d03_f1_A,cremad,3,1,13,1.7088846596316454,1.9640602911977776,54.861111111111114,52.083333333333336,44.29824561403509
fpc_formal_cremad_d03_f1_A,cremad,3,1,14,1.6034593357452727,2.0338205900645203,58.68055555555556,51.041666666666664,50.0
fpc_formal_cremad_d03_f1_A,cremad,3,1,15,1.5781305793321978,1.9703995140906727,56.59722222222222,52.77777777777778,50.877192982456144
fpc_formal_cremad_d03_f2_A,cremad,3,2,1,1.6465742125799805,1.6297804421938602,30.90277777777778,35.06944444444444,26.75438596491228
fpc_formal_cremad_d03_f2_A,cremad,3,2,2,1.6278482531703518,1.5993409082357057,31.25,32.98611111111111,28.07017543859649
fpc_formal_cremad_d03_f2_A,cremad,3,2,3,1.3449793777452692,1.3922488177217547,49.30555555555556,46.875,42.98245614035088
fpc_formal_cremad_d03_f2_A,cremad,3,2,4,1.2803326299118893,1.3822638318235354,51.041666666666664,51.041666666666664,48.68421052631579
fpc_formal_cremad_d03_f2_A,cremad,3,2,5,1.3013897804883319,1.4526410149441753,52.77777777777778,50.69444444444444,48.68421052631579
fpc_formal_cremad_d03_f2_A,cremad,3,2,6,1.065536860849356,1.3455174235753427,58.68055555555556,53.125,51.31578947368421
fpc_formal_cremad_d03_f2_A,cremad,3,2,7,1.1933684698119968,1.3545274207789897,56.59722222222222,55.90277777777778,48.24561403508772
fpc_formal_cremad_d03_f2_A,cremad,3,2,8,1.391641556174405,1.650110240399257,55.90277777777778,50.34722222222222,50.0
fpc_formal_cremad_d03_f2_A,cremad,3,2,9,1.2753016441272782,1.5660766375915007,57.986111111111114,54.166666666666664,50.877192982456144
fpc_formal_cremad_d03_f2_A,cremad,3,2,10,1.3323329923312504,1.8136680542627053,61.111111111111114,52.77777777777778,56.57894736842105
fpc_formal_cremad_d03_f2_A,cremad,3,2,11,1.590050339475607,1.9879721866162265,54.166666666666664,52.43055555555556,51.75438596491229
fpc_formal_cremad_d03_f2_A,cremad,3,2,12,1.3433424822068907,1.9311697947890525,62.15277777777778,54.166666666666664,56.14035087719298
fpc_formal_cremad_d03_f2_A,cremad,3,2,13,2.80940456676801,3.105044733706659,42.70833333333333,39.93055555555556,42.10526315789473
fpc_formal_cremad_d03_f2_A,cremad,3,2,14,2.4245315775778735,2.6611926995209023,45.83333333333333,45.48611111111111,44.29824561403509
fpc_formal_cremad_d03_f2_A,cremad,3,2,15,1.6266452607092874,2.0735583211569297,56.59722222222222,53.125,51.31578947368421
fpc_formal_cremad_d03_f3_A,cremad,3,3,1,1.594133916016457,1.557018800563393,29.166666666666668,36.45833333333333,32.35294117647059
fpc_formal_cremad_d03_f3_A,cremad,3,3,2,1.6027489582167123,1.5592160525426542,28.125,32.98611111111111,34.31372549019608
fpc_formal_cremad_d03_f3_A,cremad,3,3,3,1.3529733306166711,1.3274799689273813,48.26388888888889,49.30555555555556,46.568627450980394
fpc_formal_cremad_d03_f3_A,cremad,3,3,4,1.331020597988258,1.274392419159668,47.56944444444444,51.041666666666664,48.529411764705884
fpc_formal_cremad_d03_f3_A,cremad,3,3,5,1.2841928500476356,1.2874990875404029,50.0,51.736111111111114,58.333333333333336
fpc_formal_cremad_d03_f3_A,cremad,3,3,6,1.2811995111448087,1.3078834756172713,45.83333333333333,45.83333333333333,56.372549019607845
fpc_formal_cremad_d03_f3_A,cremad,3,3,7,1.2899934677573637,1.272892926749195,53.125,53.81944444444444,57.35294117647059
fpc_formal_cremad_d03_f3_A,cremad,3,3,8,1.2132542472771728,1.257204550395622,52.083333333333336,57.638888888888886,64.2156862745098
fpc_formal_cremad_d03_f3_A,cremad,3,3,9,1.3645120739815164,1.365360749688794,50.69444444444444,55.55555555555556,59.31372549019608
fpc_formal_cremad_d03_f3_A,cremad,3,3,10,1.2698384744492104,1.310827803386336,59.02777777777778,56.59722222222222,59.80392156862745
fpc_formal_cremad_d03_f3_A,cremad,3,3,11,1.3507524894226612,1.3784955714286622,55.90277777777778,57.638888888888886,60.78431372549019
fpc_formal_cremad_d03_f3_A,cremad,3,3,12,1.6175845385872065,1.6129245507901655,50.0,53.47222222222222,59.31372549019608
fpc_formal_cremad_d03_f3_A,cremad,3,3,13,1.6652106459165426,1.7147321003843723,55.55555555555556,55.90277777777778,57.84313725490197
fpc_formal_cremad_d03_f3_A,cremad,3,3,14,2.1436388196302922,2.1824852905573504,50.69444444444444,48.61111111111111,52.450980392156865
fpc_formal_cremad_d03_f3_A,cremad,3,3,15,1.6453950487337703,1.7895550013115047,55.208333333333336,57.291666666666664,55.392156862745104
fpc_formal_cremad_d03_f4_A,cremad,3,4,1,1.6432607144628673,1.6458292568831923,27.430555555555557,30.90277777777778,31.818181818181817
fpc_formal_cremad_d03_f4_A,cremad,3,4,2,1.3973437053887658,1.4826449765044527,43.40277777777778,39.93055555555556,37.37373737373738
fpc_formal_cremad_d03_f4_A,cremad,3,4,3,1.3293490255319302,1.4627825806783408,48.95833333333333,43.75,43.43434343434344
fpc_formal_cremad_d03_f4_A,cremad,3,4,4,1.2893821948810005,1.3713478787271427,50.69444444444444,51.388888888888886,52.02020202020202
fpc_formal_cremad_d03_f4_A,cremad,3,4,5,1.348416365284053,1.450686403283913,50.69444444444444,48.26388888888889,52.52525252525253
fpc_formal_cremad_d03_f4_A,cremad,3,4,6,1.2629128564526295,1.3929208194368738,52.43055555555556,52.43055555555556,49.494949494949495
fpc_formal_cremad_d03_f4_A,cremad,3,4,7,1.1959020505077926,1.3701661567867565,57.291666666666664,53.47222222222222,60.60606060606061
fpc_formal_cremad_d03_f4_A,cremad,3,4,8,1.452954971424632,1.6281934504598246,53.81944444444444,50.69444444444444,51.515151515151516
fpc_formal_cremad_d03_f4_A,cremad,3,4,9,1.193403381003568,1.3720572530938488,61.80555555555556,59.72222222222222,60.60606060606061
fpc_formal_cremad_d03_f4_A,cremad,3,4,10,1.2995969254933906,1.5065301436221517,61.458333333333336,56.59722222222222,59.09090909090909
fpc_formal_cremad_d03_f4_A,cremad,3,4,11,1.2041372466125015,1.4367942655757682,66.66666666666666,62.84722222222222,61.111111111111114
fpc_formal_cremad_d03_f4_A,cremad,3,4,12,1.6440935899723408,1.8242004711653381,59.02777777777778,55.90277777777778,51.515151515151516
fpc_formal_cremad_d03_f4_A,cremad,3,4,13,1.811155442534014,2.0995363137576133,55.90277777777778,54.513888888888886,50.505050505050505
fpc_formal_cremad_d03_f4_A,cremad,3,4,14,1.1404072076911298,1.4453768823649915,67.70833333333334,64.23611111111111,64.14141414141415
fpc_formal_cremad_d03_f4_A,cremad,3,4,15,1.4444259599691367,1.7227550581293547,62.5,63.19444444444444,58.080808080808076
fpc_formal_cremad_d04_f0_A,cremad,4,0,1,1.6010797229489624,1.594381843865524,34.375,34.72222222222222,32.83283283283283
fpc_formal_cremad_d04_f0_A,cremad,4,0,2,1.474641337904042,1.4677723795706186,44.09722222222222,39.58333333333333,37.812812812812815
fpc_formal_cremad_d04_f0_A,cremad,4,0,3,1.3946618885845827,1.3895642663357402,46.52777777777778,43.40277777777778,38.66366366366366
fpc_formal_cremad_d04_f0_A,cremad,4,0,4,1.2411547058894477,1.3230120903078608,51.736111111111114,50.34722222222222,44.94494494494494
fpc_formal_cremad_d04_f0_A,cremad,4,0,5,1.3324810162362652,1.3391728334562325,49.65277777777778,52.77777777777778,48.16066066066066
fpc_formal_cremad_d04_f0_A,cremad,4,0,6,1.1651658804768048,1.236052223998932,56.59722222222222,54.513888888888886,49.93743743743744
fpc_formal_cremad_d04_f0_A,cremad,4,0,7,1.188364703961991,1.3184367043840912,55.90277777777778,55.90277777777778,54.892392392392395
fpc_formal_cremad_d04_f0_A,cremad,4,0,8,1.0747486779384485,1.1570697559495722,60.763888888888886,57.986111111111114,56.63163163163163
fpc_formal_cremad_d04_f0_A,cremad,4,0,9,1.1658472611440946,1.2788230581813849,60.06944444444444,57.638888888888886,56.61911911911912
fpc_formal_cremad_d04_f0_A,cremad,4,0,10,1.3524010360790355,1.5842468569203179,54.166666666666664,54.513888888888886,50.42542542542543
fpc_formal_cremad_d04_f0_A,cremad,4,0,11,1.5039683025775128,1.7422327044823627,53.81944444444444,54.861111111111114,47.72272272272272
fpc_formal_cremad_d04_f0_A,cremad,4,0,12,1.326922228074996,1.587454459046104,57.638888888888886,57.638888888888886,54.9049049049049
fpc_formal_cremad_d04_f0_A,cremad,4,0,13,1.51431326106209,1.6957021846565188,54.861111111111114,56.94444444444444,53.1031031031031
fpc_formal_cremad_d04_f0_A,cremad,4,0,14,1.4743899532402698,1.8874280695877954,59.72222222222222,55.208333333333336,53.11561561561562
fpc_formal_cremad_d04_f0_A,cremad,4,0,15,1.9314948831310312,2.199727944026616,49.30555555555556,50.0,44.569569569569566
fpc_formal_cremad_d04_f1_A,cremad,4,1,1,1.5588258978457743,1.5686954059115052,36.11111111111111,35.41666666666667,35.96491228070175
fpc_formal_cremad_d04_f1_A,cremad,4,1,2,1.4036706711089566,1.4203854162058438,43.75,44.79166666666667,42.98245614035088
fpc_formal_cremad_d04_f1_A,cremad,4,1,3,1.5930911936902472,1.7823522919353338,41.31944444444444,35.41666666666667,34.64912280701755
fpc_formal_cremad_d04_f1_A,cremad,4,1,4,1.30820716400288,1.5028865912506477,50.0,44.09722222222222,46.49122807017544
fpc_formal_cremad_d04_f1_A,cremad,4,1,5,1.6184224506796405,1.8774547634879295,48.26388888888889,43.40277777777778,41.228070175438596
fpc_formal_cremad_d04_f1_A,cremad,4,1,6,1.6207897810155485,1.900433173580148,51.041666666666664,43.75,43.859649122807014
fpc_formal_cremad_d04_f1_A,cremad,4,1,7,1.676686352439567,1.9161063696013576,53.125,46.18055555555556,42.98245614035088
fpc_formal_cremad_d04_f1_A,cremad,4,1,8,1.553355100273058,1.6853110453199425,53.81944444444444,52.083333333333336,47.80701754385965
fpc_formal_cremad_d04_f1_A,cremad,4,1,9,1.4589499941052344,1.5658820962503421,56.94444444444444,54.513888888888886,50.0
fpc_formal_cremad_d04_f1_A,cremad,4,1,10,1.591027275438562,1.801830813114198,52.083333333333336,50.69444444444444,45.614035087719294
fpc_formal_cremad_d04_f1_A,cremad,4,1,11,1.7259140710989151,2.0830175332471477,53.125,50.69444444444444,44.73684210526316
fpc_formal_cremad_d04_f1_A,cremad,4,1,12,2.252982012402013,2.5925794203825303,48.61111111111111,45.83333333333333,40.35087719298245
fpc_formal_cremad_d04_f1_A,cremad,4,1,13,1.9796075176439178,2.327757039598417,51.041666666666664,47.91666666666667,45.614035087719294
fpc_formal_cremad_d04_f1_A,cremad,4,1,14,1.9663992101649634,2.2546808146557153,54.513888888888886,51.736111111111114,46.49122807017544
fpc_formal_cremad_d04_f1_A,cremad,4,1,15,2.0363027671175136,2.2481782710355067,55.55555555555556,52.083333333333336,47.368421052631575
fpc_formal_cremad_d04_f2_A,cremad,4,2,1,1.561059981278568,1.6407035418342248,35.06944444444444,30.90277777777778,36.84210526315789
fpc_formal_cremad_d04_f2_A,cremad,4,2,2,1.42559855924199,1.4617111398111828,45.48611111111111,45.83333333333333,41.66666666666667
fpc_formal_cremad_d04_f2_A,cremad,4,2,3,1.254246416560017,1.4460143170514048,50.0,44.09722222222222,52.19298245614035
fpc_formal_cremad_d04_f2_A,cremad,4,2,4,1.4602673971691704,1.55202840896259,45.13888888888889,44.79166666666667,45.17543859649123
fpc_formal_cremad_d04_f2_A,cremad,4,2,5,1.2397745496552466,1.2948982683766626,54.166666666666664,50.69444444444444,55.26315789473685
fpc_formal_cremad_d04_f2_A,cremad,4,2,6,1.4503105839599126,1.4988058833151676,50.34722222222222,47.56944444444444,51.75438596491229
fpc_formal_cremad_d04_f2_A,cremad,4,2,7,1.551765339171756,1.559507765468532,51.041666666666664,49.30555555555556,52.19298245614035
fpc_formal_cremad_d04_f2_A,cremad,4,2,8,1.191656661248813,1.278594332859574,58.333333333333336,54.861111111111114,60.08771929824561
fpc_formal_cremad_d04_f2_A,cremad,4,2,9,1.177447037838177,1.2230525236274699,56.94444444444444,58.333333333333336,61.40350877192983
fpc_formal_cremad_d04_f2_A,cremad,4,2,10,1.5492809486263583,1.5699211430552493,53.81944444444444,52.43055555555556,57.89473684210527
fpc_formal_cremad_d04_f2_A,cremad,4,2,11,1.7441378420993179,1.8020201750837066,53.47222222222222,49.65277777777778,54.385964912280706
fpc_formal_cremad_d04_f2_A,cremad,4,2,12,1.381258941886931,1.5704316680052153,64.23611111111111,53.47222222222222,58.333333333333336
fpc_formal_cremad_d04_f2_A,cremad,4,2,13,1.270479833290376,1.5300141997438388,61.458333333333336,56.25,60.96491228070175
fpc_formal_cremad_d04_f2_A,cremad,4,2,14,1.6961376829319121,1.8224606278087694,56.94444444444444,51.041666666666664,56.57894736842105
fpc_formal_cremad_d04_f2_A,cremad,4,2,15,1.584280227154631,1.701340428776032,57.638888888888886,58.68055555555556,59.64912280701754
fpc_formal_cremad_d04_f3_A,cremad,4,3,1,1.6003592129389423,1.6327303970044325,31.25,26.73611111111111,31.372549019607842
fpc_formal_cremad_d04_f3_A,cremad,4,3,2,1.4217653877728,1.4893877592870604,45.48611111111111,41.66666666666667,42.15686274509804
fpc_formal_cremad_d04_f3_A,cremad,4,3,3,1.2782720380034789,1.40248477233892,49.65277777777778,46.18055555555556,50.98039215686274
fpc_formal_cremad_d04_f3_A,cremad,4,3,4,1.137883548008008,1.3424978678705457,56.94444444444444,52.083333333333336,54.41176470588235
fpc_formal_cremad_d04_f3_A,cremad,4,3,5,1.2690683931694045,1.4113005410607526,55.208333333333336,50.69444444444444,52.94117647058824
fpc_formal_cremad_d04_f3_A,cremad,4,3,6,1.2273787887971634,1.438962261025555,55.55555555555556,53.125,53.431372549019606
fpc_formal_cremad_d04_f3_A,cremad,4,3,7,1.0470033694579177,1.2939603911113768,64.58333333333334,56.94444444444444,58.82352941176471
fpc_formal_cremad_d04_f3_A,cremad,4,3,8,1.1338544499539607,1.4810726687775246,64.58333333333334,54.513888888888886,56.372549019607845
fpc_formal_cremad_d04_f3_A,cremad,4,3,9,1.1472187096738615,1.469269695094745,63.541666666666664,56.25,58.333333333333336
fpc_formal_cremad_d04_f3_A,cremad,4,3,10,1.1275991115746773,1.5084273003258852,65.27777777777779,56.94444444444444,59.80392156862745
fpc_formal_cremad_d04_f3_A,cremad,4,3,11,1.5650854433806556,1.897321441815094,56.94444444444444,51.041666666666664,53.431372549019606
fpc_formal_cremad_d04_f3_A,cremad,4,3,12,1.3862615108762282,1.79118943195313,61.80555555555556,57.638888888888886,60.78431372549019
fpc_formal_cremad_d04_f3_A,cremad,4,3,13,1.4192401245386417,1.9205088611118333,61.80555555555556,54.513888888888886,60.78431372549019
fpc_formal_cremad_d04_f3_A,cremad,4,3,14,1.3573063350457006,1.8904476200450635,64.93055555555556,55.55555555555556,59.31372549019608
fpc_formal_cremad_d04_f3_A,cremad,4,3,15,1.60376064002694,2.104811714764727,60.763888888888886,51.041666666666664,57.84313725490197
fpc_formal_cremad_d04_f4_A,cremad,4,4,1,1.595798004785345,1.5524076396903723,33.68055555555556,33.33333333333333,30.822935234699937
fpc_formal_cremad_d04_f4_A,cremad,4,4,2,1.4664532455476516,1.4244101095648558,39.23611111111111,39.58333333333333,37.46286393345217
fpc_formal_cremad_d04_f4_A,cremad,4,4,3,1.2380289346180737,1.1475742134924565,54.166666666666664,60.763888888888886,53.446226975638744
fpc_formal_cremad_d04_f4_A,cremad,4,4,4,1.4010298780826742,1.3052921833679276,45.83333333333333,51.041666666666664,48.752228163992875
fpc_formal_cremad_d04_f4_A,cremad,4,4,5,1.1076646213037131,1.047456302939405,55.55555555555556,61.80555555555556,62.26975638740344
fpc_formal_cremad_d04_f4_A,cremad,4,4,6,1.155671603609996,1.0688496130074912,55.208333333333336,62.5,59.893048128342244
fpc_formal_cremad_d04_f4_A,cremad,4,4,7,1.4280648144989994,1.3194631350411232,50.0,56.25,54.35234699940582
fpc_formal_cremad_d04_f4_A,cremad,4,4,8,1.5142031929089665,1.439594689918022,51.041666666666664,53.47222222222222,56.87759952465835
fpc_formal_cremad_d04_f4_A,cremad,4,4,9,1.3703903835787392,1.2995951053291444,54.861111111111114,57.638888888888886,56.80332739156269
fpc_formal_cremad_d04_f4_A,cremad,4,4,10,1.5748523015857971,1.4410015731728822,54.166666666666664,56.94444444444444,57.308377896613194
fpc_formal_cremad_d04_f4_A,cremad,4,4,11,1.5124870446617371,1.361384263846967,52.77777777777778,58.68055555555556,58.288770053475936
fpc_formal_cremad_d04_f4_A,cremad,4,4,12,1.619300448673453,1.4472842991212531,56.59722222222222,61.80555555555556,61.749851455733804
fpc_formal_cremad_d04_f4_A,cremad,4,4,13,2.166836014449816,2.005526933954185,48.95833333333333,54.166666666666664,51.396316102198455
fpc_formal_cremad_d04_f4_A,cremad,4,4,14,1.6630427008701476,1.551014255114851,57.638888888888886,60.416666666666664,60.30897207367796
fpc_formal_cremad_d04_f4_A,cremad,4,4,15,1.8266117926832885,1.636734221662069,54.513888888888886,58.333333333333336,60.32382650029709
fpc_formal_cremad_d05_f0_A,cremad,5,0,1,1.5661789393394587,1.5193884161957958,35.41666666666667,35.76388888888889,31.614509246088197
fpc_formal_cremad_d05_f0_A,cremad,5,0,2,1.3856174740003047,1.3284830219871564,46.875,42.70833333333333,38.323850165955434
fpc_formal_cremad_d05_f0_A,cremad,5,0,3,1.2170057068211646,1.1883182174146887,54.166666666666664,53.47222222222222,50.81792318634424
fpc_formal_cremad_d05_f0_A,cremad,5,0,4,1.2700673058127523,1.2466972600871336,53.125,52.43055555555556,49.96443812233286
fpc_formal_cremad_d05_f0_A,cremad,5,0,5,1.1309125510968308,1.105691421988516,57.638888888888886,59.375,54.208155523945
fpc_formal_cremad_d05_f0_A,cremad,5,0,6,1.1849415845441205,1.1860453521105394,52.083333333333336,55.55555555555556,53.8525367472736
fpc_formal_cremad_d05_f0_A,cremad,5,0,7,1.1400349127022926,1.161263731200556,56.94444444444444,54.166666666666664,54.69416785206259
fpc_formal_cremad_d05_f0_A,cremad,5,0,8,1.1536023401565236,1.172688309829289,56.25,59.02777777777778,61.32053105737316
fpc_formal_cremad_d05_f0_A,cremad,5,0,9,1.2731553732790826,1.2967603766835818,59.02777777777778,59.375,59.151256519677574
fpc_formal_cremad_d05_f0_A,cremad,5,0,10,1.4640664526330613,1.3775246023221956,56.25,59.72222222222222,56.9701280227596
fpc_formal_cremad_d05_f0_A,cremad,5,0,11,1.399910405258509,1.364532384004387,58.68055555555556,61.458333333333336,60.893788525367476
fpc_formal_cremad_d05_f0_A,cremad,5,0,12,1.5620211510104847,1.4970345070458781,55.208333333333336,58.333333333333336,58.25035561877667
fpc_formal_cremad_d05_f0_A,cremad,5,0,13,1.529236901984663,1.4910279278237217,57.986111111111114,60.763888888888886,56.495969653864385
fpc_formal_cremad_d05_f0_A,cremad,5,0,14,1.8021734925199437,1.889573889390489,57.638888888888886,57.291666666666664,53.46135609293504
fpc_formal_cremad_d05_f0_A,cremad,5,0,15,1.6734851035245444,1.7355795736170987,58.68055555555556,58.68055555555556,58.25035561877667
fpc_formal_cremad_d05_f1_A,cremad,5,1,1,1.5313006413820613,1.5913230602617736,36.80555555555556,34.375,35.83451872925557
fpc_formal_cremad_d05_f1_A,cremad,5,1,2,1.3328474514531745,1.3971029625459115,44.09722222222222,43.05555555555556,46.088193456614505
fpc_formal_cremad_d05_f1_A,cremad,5,1,3,1.7074019186397635,1.8583315466831094,41.66666666666667,38.19444444444444,45.11616880037933
fpc_formal_cremad_d05_f1_A,cremad,5,1,4,1.3106768285079644,1.4767670845075274,52.43055555555556,47.56944444444444,55.26315789473685
fpc_formal_cremad_d05_f1_A,cremad,5,1,5,1.5447826722498645,1.805535772964887,49.65277777777778,47.22222222222222,49.98814604077762
fpc_formal_cremad_d05_f1_A,cremad,5,1,6,1.4098920888498983,1.6649399592577199,54.166666666666664,48.61111111111111,55.68990042674253
fpc_formal_cremad_d05_f1_A,cremad,5,1,7,1.1348600584583932,1.3030792631861925,61.458333333333336,56.94444444444444,58.428165007112376
fpc_formal_cremad_d05_f1_A,cremad,5,1,8,1.4895791381160335,1.8019948542328972,55.55555555555556,48.61111111111111,54.006638217164536
fpc_formal_cremad_d05_f1_A,cremad,5,1,9,1.6840847137068629,2.04047398694763,53.81944444444444,45.13888888888889,50.059269796111906
fpc_formal_cremad_d05_f1_A,cremad,5,1,10,1.1966233835206592,1.431601616325124,63.541666666666664,58.333333333333336,61.522048364153626
fpc_formal_cremad_d05_f1_A,cremad,5,1,11,1.3073582036609395,1.6170636367216646,63.541666666666664,56.25,57.61024182076814
fpc_formal_cremad_d05_f1_A,cremad,5,1,12,2.1127548593912793,2.556108153908064,50.69444444444444,44.44444444444444,52.2878141299194
fpc_formal_cremad_d05_f1_A,cremad,5,1,13,1.6921122843109537,2.0750773403468203,58.333333333333336,47.22222222222222,53.11759127548601
fpc_formal_cremad_d05_f1_A,cremad,5,1,14,1.8350647658396424,2.3020641442173027,56.59722222222222,47.56944444444444,52.71455666192508
fpc_formal_cremad_d05_f1_A,cremad,5,1,15,1.5996770541839729,1.9479294858416192,62.5,53.47222222222222,56.67377904220009
fpc_formal_cremad_d05_f2_A,cremad,5,2,1,1.5808824688681393,1.5845569707545526,35.76388888888889,34.02777777777778,36.84210526315789
fpc_formal_cremad_d05_f2_A,cremad,5,2,2,1.468456558440794,1.491178346937414,40.27777777777778,39.23611111111111,39.91228070175439
fpc_formal_cremad_d05_f2_A,cremad,5,2,3,1.3980253273715553,1.395870042128225,42.70833333333333,47.22222222222222,44.73684210526316
fpc_formal_cremad_d05_f2_A,cremad,5,2,4,1.3985595340043502,1.4680905933538793,48.26388888888889,45.48611111111111,44.73684210526316
fpc_formal_cremad_d05_f2_A,cremad,5,2,5,1.4626742298463202,1.5201007958851607,47.56944444444444,47.56944444444444,50.877192982456144
fpc_formal_cremad_d05_f2_A,cremad,5,2,6,1.8420113639935067,1.838800513395519,43.40277777777778,43.40277777777778,41.66666666666667
fpc_formal_cremad_d05_f2_A,cremad,5,2,7,1.9476343155685707,1.9664662520248453,45.83333333333333,41.66666666666667,41.228070175438596
fpc_formal_cremad_d05_f2_A,cremad,5,2,8,1.8151835960818437,1.876513989266053,45.13888888888889,45.13888888888889,45.614035087719294
fpc_formal_cremad_d05_f2_A,cremad,5,2,9,1.7654873532098025,1.8196803394333132,47.91666666666667,45.83333333333333,50.0
fpc_formal_cremad_d05_f2_A,cremad,5,2,10,2.160173073159827,2.163356566600624,47.91666666666667,45.13888888888889,44.73684210526316
fpc_formal_cremad_d05_f2_A,cremad,5,2,11,2.0998674601839262,2.1554645295155264,47.91666666666667,48.26388888888889,44.73684210526316
fpc_formal_cremad_d05_f2_A,cremad,5,2,12,2.0987373608009428,2.2184081347319426,48.95833333333333,46.18055555555556,43.859649122807014
fpc_formal_cremad_d05_f2_A,cremad,5,2,13,2.4214804069608764,2.4880944110851497,46.875,46.875,46.05263157894737
fpc_formal_cremad_d05_f2_A,cremad,5,2,14,2.1061765185818127,2.1914150458846713,48.61111111111111,48.61111111111111,46.49122807017544
fpc_formal_cremad_d05_f2_A,cremad,5,2,15,2.532069529315584,2.667453577402045,47.22222222222222,45.83333333333333,45.17543859649123
fpc_formal_cremad_d05_f3_A,cremad,5,3,1,1.616711694480095,1.5864682921894213,33.68055555555556,35.76388888888889,36.76470588235294
fpc_formal_cremad_d05_f3_A,cremad,5,3,2,1.5085094268441652,1.42832560748458,39.58333333333333,40.97222222222222,39.705882352941174
fpc_formal_cremad_d05_f3_A,cremad,5,3,3,1.4186801210962892,1.363319998770979,48.26388888888889,44.44444444444444,44.6078431372549
fpc_formal_cremad_d05_f3_A,cremad,5,3,4,1.4648848659930864,1.4483444487324497,47.22222222222222,46.52777777777778,49.01960784313725
fpc_formal_cremad_d05_f3_A,cremad,5,3,5,1.4062395265241403,1.3763467168070114,50.0,49.30555555555556,53.431372549019606
fpc_formal_cremad_d05_f3_A,cremad,5,3,6,1.3129074294169552,1.2798465557887648,52.43055555555556,53.125,54.90196078431373
fpc_formal_cremad_d05_f3_A,cremad,5,3,7,1.2762528178311257,1.3017546092393273,58.333333333333336,53.81944444444444,52.94117647058824
fpc_formal_cremad_d05_f3_A,cremad,5,3,8,1.1894941808635056,1.2288233379418112,59.375,59.375,57.84313725490197
fpc_formal_cremad_d05_f3_A,cremad,5,3,9,1.2101699523041567,1.2198981624705674,60.06944444444444,59.375,60.29411764705882
fpc_formal_cremad_d05_f3_A,cremad,5,3,10,1.5667350547054717,1.5953062671233629,54.513888888888886,55.90277777777778,52.94117647058824
fpc_formal_cremad_d05_f3_A,cremad,5,3,11,1.397348733452029,1.3857947024186579,56.25,60.06944444444444,57.35294117647059
fpc_formal_cremad_d05_f3_A,cremad,5,3,12,1.3465613154788243,1.4189498864954035,60.416666666666664,59.02777777777778,55.392156862745104
fpc_formal_cremad_d05_f3_A,cremad,5,3,13,1.9103452472660594,1.9129430467963888,52.43055555555556,53.47222222222222,53.92156862745098
fpc_formal_cremad_d05_f3_A,cremad,5,3,14,1.7151821716774303,1.6898818466858956,57.986111111111114,58.333333333333336,56.86274509803921
fpc_formal_cremad_d05_f3_A,cremad,5,3,15,2.0082852711699517,2.018670027982423,54.166666666666664,52.43055555555556,55.392156862745104
fpc_formal_cremad_d05_f4_A,cremad,5,4,1,1.6090513166492808,1.5741884098113748,31.944444444444443,31.944444444444443,37.254901960784316
fpc_formal_cremad_d05_f4_A,cremad,5,4,2,1.4476572604336888,1.4195190831206945,45.48611111111111,45.13888888888889,41.66666666666667
fpc_formal_cremad_d05_f4_A,cremad,5,4,3,1.3093910253886765,1.1811221286670381,50.69444444444444,55.90277777777778,48.03921568627451
fpc_formal_cremad_d05_f4_A,cremad,5,4,4,1.1630460108880636,1.0171860948344251,55.55555555555556,61.111111111111114,52.94117647058824
fpc_formal_cremad_d05_f4_A,cremad,5,4,5,1.2022551870868494,1.090751889089276,56.25,59.02777777777778,50.98039215686274
fpc_formal_cremad_d05_f4_A,cremad,5,4,6,1.428629674080265,1.2149081059656548,52.083333333333336,57.986111111111114,49.50980392156863
fpc_formal_cremad_d05_f4_A,cremad,5,4,7,1.2550222106119004,1.1613911895292597,57.986111111111114,59.72222222222222,51.470588235294116
fpc_formal_cremad_d05_f4_A,cremad,5,4,8,1.2810609981733334,1.1411581965650701,55.90277777777778,62.5,50.49019607843137
fpc_formal_cremad_d05_f4_A,cremad,5,4,9,1.4305716828667125,1.2911859063845235,55.90277777777778,57.638888888888886,52.450980392156865
fpc_formal_cremad_d05_f4_A,cremad,5,4,10,1.4522817484213937,1.3618714070170541,56.59722222222222,58.333333333333336,50.49019607843137
fpc_formal_cremad_d05_f4_A,cremad,5,4,11,1.7068122852541185,1.626876789673703,55.208333333333336,56.94444444444444,51.470588235294116
fpc_formal_cremad_d05_f4_A,cremad,5,4,12,1.715519853252933,1.5843975804358106,55.90277777777778,59.02777777777778,51.9607843137255
fpc_formal_cremad_d05_f4_A,cremad,5,4,13,1.6652824811587636,1.4916438528392608,55.55555555555556,60.763888888888886,49.50980392156863
fpc_formal_cremad_d05_f4_A,cremad,5,4,14,1.8772753162558655,1.6428588880320993,55.55555555555556,59.375,51.9607843137255
fpc_formal_cremad_d05_f4_A,cremad,5,4,15,2.178500571028481,2.001422109195382,52.43055555555556,57.986111111111114,53.92156862745098
fpc_formal_cremad_d06_f0_A,cremad,6,0,1,1.6224330662330457,1.6916313578722657,31.25,28.125,29.125177809388337
fpc_formal_cremad_d06_f0_A,cremad,6,0,2,1.4545125931012572,1.558852008194675,42.36111111111111,36.45833333333333,39.21289710763395
fpc_formal_cremad_d06_f0_A,cremad,6,0,3,1.5008957638786802,1.5645665330113114,41.31944444444444,37.15277777777778,37.280701754385966
fpc_formal_cremad_d06_f0_A,cremad,6,0,4,1.3200198109885184,1.4183771961513214,48.61111111111111,47.56944444444444,47.80701754385965
fpc_formal_cremad_d06_f0_A,cremad,6,0,5,1.5491204986101386,1.6726255540398332,46.52777777777778,43.75,45.16358463726885
fpc_formal_cremad_d06_f0_A,cremad,6,0,6,1.3347953718592527,1.4650623896008277,48.26388888888889,49.65277777777778,50.43859649122807
fpc_formal_cremad_d06_f0_A,cremad,6,0,7,1.3189441179471546,1.571419044251365,52.77777777777778,45.13888888888889,53.87624466571835
fpc_formal_cremad_d06_f0_A,cremad,6,0,8,1.3385818361983768,1.510354015346688,52.77777777777778,51.388888888888886,53.50877192982456
fpc_formal_cremad_d06_f0_A,cremad,6,0,9,1.4219610860697505,1.6535490390489225,52.43055555555556,50.69444444444444,51.75438596491229
fpc_formal_cremad_d06_f0_A,cremad,6,0,10,1.6997870925395706,1.939224571932132,48.26388888888889,46.52777777777778,45.614035087719294
fpc_formal_cremad_d06_f0_A,cremad,6,0,11,1.5860077309414342,1.8684905414482467,51.388888888888886,48.26388888888889,46.92982456140351
fpc_formal_cremad_d06_f0_A,cremad,6,0,12,1.6734079907700603,1.9426574192215087,50.69444444444444,47.56944444444444,47.78330962541489
fpc_formal_cremad_d06_f0_A,cremad,6,0,13,1.9014493527035365,2.2065872309080015,49.30555555555556,46.875,48.23376007586534
fpc_formal_cremad_d06_f0_A,cremad,6,0,14,2.192654598244314,2.4464289581466048,48.61111111111111,44.44444444444444,43.42105263157895
fpc_formal_cremad_d06_f0_A,cremad,6,0,15,2.154908128605234,2.419525889684333,50.0,47.22222222222222,45.602181128496916
fpc_formal_cremad_d06_f1_A,cremad,6,1,1,1.621953279197878,1.588030260060003,30.90277777777778,31.944444444444443,34.64912280701755
fpc_formal_cremad_d06_f1_A,cremad,6,1,2,1.567253756664899,1.516180049487373,35.76388888888889,41.31944444444444,39.473684210526315
fpc_formal_cremad_d06_f1_A,cremad,6,1,3,1.5511209489618163,1.4057815947998427,38.19444444444444,43.40277777777778,45.17543859649123
fpc_formal_cremad_d06_f1_A,cremad,6,1,4,1.3672921042144337,1.2375847129871733,47.56944444444444,51.736111111111114,52.63157894736842
fpc_formal_cremad_d06_f1_A,cremad,6,1,5,1.2732296528073135,1.1826385634475582,52.083333333333336,56.59722222222222,58.333333333333336
fpc_formal_cremad_d06_f1_A,cremad,6,1,6,1.5690317278580463,1.3291518572618,44.79166666666667,53.81944444444444,52.63157894736842
fpc_formal_cremad_d06_f1_A,cremad,6,1,7,1.438159562645119,1.247589296278283,48.95833333333333,55.90277777777778,57.01754385964912
fpc_formal_cremad_d06_f1_A,cremad,6,1,8,1.4714333663344132,1.2509862819014284,47.22222222222222,54.861111111111114,54.824561403508774
fpc_formal_cremad_d06_f1_A,cremad,6,1,9,1.348257607432772,1.1909080162896628,51.736111111111114,54.166666666666664,57.45614035087719
fpc_formal_cremad_d06_f1_A,cremad,6,1,10,1.464530865226182,1.2659993383859507,53.47222222222222,56.59722222222222,59.210526315789465
fpc_formal_cremad_d06_f1_A,cremad,6,1,11,1.4367030566742605,1.290554314265815,55.208333333333336,59.02777777777778,60.96491228070175
fpc_formal_cremad_d06_f1_A,cremad,6,1,12,2.0142309610136624,1.6902289820352965,49.65277777777778,54.861111111111114,56.14035087719298
fpc_formal_cremad_d06_f1_A,cremad,6,1,13,1.9107880417512169,1.5450663893448984,51.388888888888886,55.55555555555556,59.64912280701754
fpc_formal_cremad_d06_f1_A,cremad,6,1,14,1.9490034931698088,1.7030819088621618,51.041666666666664,58.68055555555556,60.08771929824561
fpc_formal_cremad_d06_f1_A,cremad,6,1,15,1.8748140727562783,1.6240024456072342,54.166666666666664,59.375,61.40350877192983
fpc_formal_cremad_d06_f2_A,cremad,6,2,1,1.5614326725253207,1.5377172160181418,35.76388888888889,38.88888888888889,35.526315789473685
fpc_formal_cremad_d06_f2_A,cremad,6,2,2,1.38528981278618,1.3581964770221993,45.48611111111111,49.65277777777778,49.56140350877193
fpc_formal_cremad_d06_f2_A,cremad,6,2,3,1.2744048152731509,1.2694681860367223,52.77777777777778,51.041666666666664,53.94736842105263
fpc_formal_cremad_d06_f2_A,cremad,6,2,4,1.1666354614832537,1.16277850314271,54.861111111111114,53.47222222222222,53.50877192982456
fpc_formal_cremad_d06_f2_A,cremad,6,2,5,1.1067323953726265,1.1732242191069961,59.02777777777778,53.81944444444444,56.57894736842105
fpc_formal_cremad_d06_f2_A,cremad,6,2,6,1.0446692732100342,1.0587973404048752,60.416666666666664,58.68055555555556,54.385964912280706
fpc_formal_cremad_d06_f2_A,cremad,6,2,7,0.9526105440677798,1.059324274827959,63.541666666666664,59.02777777777778,58.77192982456141
fpc_formal_cremad_d06_f2_A,cremad,6,2,8,1.0148451675854016,1.079894339430179,63.541666666666664,59.72222222222222,56.14035087719298
fpc_formal_cremad_d06_f2_A,cremad,6,2,9,0.9070719806945865,1.038635297939288,66.66666666666666,63.888888888888886,58.77192982456141
fpc_formal_cremad_d06_f2_A,cremad,6,2,10,0.9705278453490297,1.1482340026182412,64.58333333333334,61.80555555555556,61.8421052631579
fpc_formal_cremad_d06_f2_A,cremad,6,2,11,1.094610739224345,1.2260460982697536,61.80555555555556,57.986111111111114,57.89473684210527
fpc_formal_cremad_d06_f2_A,cremad,6,2,12,0.9633864434321447,1.1229039176774236,67.36111111111111,63.541666666666664,62.28070175438597
fpc_formal_cremad_d06_f2_A,cremad,6,2,13,1.1050984977097695,1.3237733713697344,63.888888888888886,62.84722222222222,60.08771929824561
fpc_formal_cremad_d06_f2_A,cremad,6,2,14,1.243881551441502,1.3905828750536628,62.15277777777778,61.80555555555556,58.77192982456141
fpc_formal_cremad_d06_f2_A,cremad,6,2,15,1.1812472191776306,1.432494116396605,66.31944444444444,63.19444444444444,58.333333333333336
fpc_formal_cremad_d06_f3_A,cremad,6,3,1,1.567719142937968,1.608780299167308,33.68055555555556,32.98611111111111,31.283422459893046
fpc_formal_cremad_d06_f3_A,cremad,6,3,2,1.4500579659717898,1.4791943751035026,42.70833333333333,39.23611111111111,37.121212121212125
fpc_formal_cremad_d06_f3_A,cremad,6,3,3,1.4072897916689224,1.5150796573155725,46.52777777777778,38.88888888888889,33.46702317290553
fpc_formal_cremad_d06_f3_A,cremad,6,3,4,1.3763508598345109,1.5062647565515068,46.875,43.40277777777778,41.53297682709447
fpc_formal_cremad_d06_f3_A,cremad,6,3,5,1.1450392889604086,1.2576435574534652,57.291666666666664,53.125,47.43018419489008
fpc_formal_cremad_d06_f3_A,cremad,6,3,6,1.1510421903707189,1.2956467306767898,59.375,54.513888888888886,48.88591800356506
fpc_formal_cremad_d06_f3_A,cremad,6,3,7,1.1220303095901651,1.257723022818922,60.416666666666664,55.55555555555556,50.37136066547831
fpc_formal_cremad_d06_f3_A,cremad,6,3,8,1.2419285454052642,1.541239637847096,60.416666666666664,48.61111111111111,46.03386809269162
fpc_formal_cremad_d06_f3_A,cremad,6,3,9,1.4744518961911048,1.8179628792235125,57.291666666666664,46.52777777777778,43.49376114081996
fpc_formal_cremad_d06_f3_A,cremad,6,3,10,1.1605751254244276,1.3690373587373625,61.80555555555556,56.94444444444444,48.45513963161022
fpc_formal_cremad_d06_f3_A,cremad,6,3,11,1.5557762794251575,1.8834688154035188,56.94444444444444,49.30555555555556,46.53891859774213
fpc_formal_cremad_d06_f3_A,cremad,6,3,12,1.2876085104530877,1.7112075048442088,61.111111111111114,50.69444444444444,44.97920380273322
fpc_formal_cremad_d06_f3_A,cremad,6,3,13,1.3599134753806215,1.771518286694554,61.80555555555556,53.125,44.41473559120618
fpc_formal_cremad_d06_f3_A,cremad,6,3,14,1.6072356927769635,2.0017135665793457,60.06944444444444,50.0,45.03862150920974
fpc_formal_cremad_d06_f3_A,cremad,6,3,15,1.535400414674749,2.0653284723706364,61.458333333333336,50.34722222222222,42.95900178253119
fpc_formal_cremad_d06_f4_A,cremad,6,4,1,1.5894006718454345,1.5126382444063098,34.72222222222222,41.31944444444444,37.923351158645275
fpc_formal_cremad_d06_f4_A,cremad,6,4,2,1.5301690444558538,1.4308862973128618,40.625,40.97222222222222,42.780748663101605
fpc_formal_cremad_d06_f4_A,cremad,6,4,3,1.4202177491007133,1.3409966324475713,42.01388888888889,44.79166666666667,43.19667260843731
fpc_formal_cremad_d06_f4_A,cremad,6,4,4,1.3573582419324246,1.2580736805522195,46.875,50.34722222222222,50.222816399286984
fpc_formal_cremad_d06_f4_A,cremad,6,4,5,1.0830672130675651,1.0800781214366184,60.06944444444444,59.72222222222222,54.233511586452764
fpc_formal_cremad_d06_f4_A,cremad,6,4,6,1.0467633141008468,1.0281323426577147,59.02777777777778,59.72222222222222,57.07070707070707
fpc_formal_cremad_d06_f4_A,cremad,6,4,7,1.0686718326596116,1.0934286353166935,60.763888888888886,57.291666666666664,53.68389780154486
fpc_formal_cremad_d06_f4_A,cremad,6,4,8,1.06823508183479,1.15480133414519,57.986111111111114,57.638888888888886,57.04099821746881
fpc_formal_cremad_d06_f4_A,cremad,6,4,9,1.2723426112071807,1.3209461550188288,58.333333333333336,57.291666666666664,54.60487225193108
fpc_formal_cremad_d06_f4_A,cremad,6,4,10,1.335349412852779,1.3844013564560607,59.375,56.94444444444444,56.59536541889483
fpc_formal_cremad_d06_f4_A,cremad,6,4,11,1.3973353489566978,1.5206238522649889,58.333333333333336,54.166666666666664,55.58526440879382
fpc_formal_cremad_d06_f4_A,cremad,6,4,12,1.3819053564866297,1.5104298660537863,60.763888888888886,57.291666666666664,55.55555555555556
fpc_formal_cremad_d06_f4_A,cremad,6,4,13,1.8222341764119858,1.9432657164285214,53.47222222222222,49.65277777777778,52.10932857991681
fpc_formal_cremad_d06_f4_A,cremad,6,4,14,1.48275259869635,1.5755864505357693,59.72222222222222,56.59722222222222,58.496732026143796
fpc_formal_cremad_d06_f4_A,cremad,6,4,15,1.662256657652134,1.747681409406851,57.638888888888886,56.25,58.06595365418895
fpc_formal_cremad_d07_f0_A,cremad,7,0,1,1.6146019885320742,1.5957705282150652,34.72222222222222,37.5,37.719298245614034
fpc_formal_cremad_d07_f0_A,cremad,7,0,2,1.5088446363677441,1.446204856540861,36.80555555555556,35.06944444444444,35.08771929824561
fpc_formal_cremad_d07_f0_A,cremad,7,0,3,1.4857419297572765,1.4402620097679377,39.93055555555556,44.79166666666667,42.10526315789473
fpc_formal_cremad_d07_f0_A,cremad,7,0,4,1.3509785370022576,1.3254963613681157,45.48611111111111,50.69444444444444,43.859649122807014
fpc_formal_cremad_d07_f0_A,cremad,7,0,5,1.0552443457124314,1.0979345581427178,59.72222222222222,59.375,54.824561403508774
fpc_formal_cremad_d07_f0_A,cremad,7,0,6,1.2227382357431513,1.2217487441015196,54.166666666666664,57.638888888888886,49.122807017543856
fpc_formal_cremad_d07_f0_A,cremad,7,0,7,1.101622626988487,1.1893548600619352,55.90277777777778,56.94444444444444,49.56140350877193
fpc_formal_cremad_d07_f0_A,cremad,7,0,8,1.0083736615747527,1.1069682969838723,63.19444444444444,60.06944444444444,51.31578947368421
fpc_formal_cremad_d07_f0_A,cremad,7,0,9,1.0594481038739405,1.1582241053058924,64.23611111111111,61.111111111111114,53.50877192982456
fpc_formal_cremad_d07_f0_A,cremad,7,0,10,1.255760181603583,1.31965052832157,59.72222222222222,57.291666666666664,48.68421052631579
fpc_formal_cremad_d07_f0_A,cremad,7,0,11,1.2346970578617358,1.4019589479723158,61.111111111111114,60.416666666666664,50.43859649122807
fpc_formal_cremad_d07_f0_A,cremad,7,0,12,1.288551326550074,1.4005413587267477,60.416666666666664,59.02777777777778,49.56140350877193
fpc_formal_cremad_d07_f0_A,cremad,7,0,13,1.720670477109862,1.682507361518216,52.083333333333336,54.513888888888886,45.614035087719294
fpc_formal_cremad_d07_f0_A,cremad,7,0,14,1.7313475573917778,1.7121625153338447,57.638888888888886,55.90277777777778,50.43859649122807
fpc_formal_cremad_d07_f0_A,cremad,7,0,15,2.4315480500071325,2.3259057267573655,46.18055555555556,49.30555555555556,42.98245614035088
fpc_formal_cremad_d07_f1_A,cremad,7,1,1,1.5990483022388,1.587376831186121,34.375,32.98611111111111,36.40350877192983
fpc_formal_cremad_d07_f1_A,cremad,7,1,2,1.4715493234531651,1.457096569573082,43.40277777777778,43.40277777777778,45.614035087719294
fpc_formal_cremad_d07_f1_A,cremad,7,1,3,1.3734673122488752,1.3626927122625914,45.48611111111111,44.79166666666667,47.368421052631575
fpc_formal_cremad_d07_f1_A,cremad,7,1,4,1.2463128188701966,1.2571489998833743,53.47222222222222,48.26388888888889,54.385964912280706
fpc_formal_cremad_d07_f1_A,cremad,7,1,5,1.195453687944352,1.2304903505029376,55.55555555555556,52.43055555555556,57.45614035087719
fpc_formal_cremad_d07_f1_A,cremad,7,1,6,1.059561069471697,1.0182704179145026,61.80555555555556,58.68055555555556,61.8421052631579
fpc_formal_cremad_d07_f1_A,cremad,7,1,7,1.247898208298375,1.1749638516492362,55.208333333333336,56.94444444444444,61.40350877192983
fpc_formal_cremad_d07_f1_A,cremad,7,1,8,1.1237895152978,1.166357116719556,62.5,55.55555555555556,58.77192982456141
fpc_formal_cremad_d07_f1_A,cremad,7,1,9,1.2691301259054382,1.2937891130381212,57.986111111111114,53.125,57.01754385964912
fpc_formal_cremad_d07_f1_A,cremad,7,1,10,1.518553086955256,1.572696176653412,53.125,47.56944444444444,53.07017543859649
fpc_formal_cremad_d07_f1_A,cremad,7,1,11,1.1436898622215854,1.2465919511236674,63.541666666666664,59.72222222222222,60.96491228070175
fpc_formal_cremad_d07_f1_A,cremad,7,1,12,1.3162347291917742,1.3984723366687288,58.333333333333336,56.94444444444444,57.45614035087719
fpc_formal_cremad_d07_f1_A,cremad,7,1,13,1.532615962711525,1.6850317541197948,59.02777777777778,54.166666666666664,53.07017543859649
fpc_formal_cremad_d07_f1_A,cremad,7,1,14,1.4784223854157608,1.5413533862611746,57.638888888888886,54.861111111111114,64.03508771929825
fpc_formal_cremad_d07_f1_A,cremad,7,1,15,1.4864722463547138,1.6430465290015834,60.763888888888886,56.59722222222222,57.01754385964912
fpc_formal_cremad_d07_f2_A,cremad,7,2,1,1.6457991563164664,1.5991869091573012,33.33333333333333,34.72222222222222,39.426268373636795
fpc_formal_cremad_d07_f2_A,cremad,7,2,2,1.4502648058101117,1.416369032903042,44.44444444444444,42.70833333333333,45.19914651493599
fpc_formal_cremad_d07_f2_A,cremad,7,2,3,1.3895555056144742,1.3338208007422256,45.13888888888889,46.18055555555556,50.9009009009009
fpc_formal_cremad_d07_f2_A,cremad,7,2,4,1.4823826721024023,1.464909516265298,47.22222222222222,44.44444444444444,49.22949265054528
fpc_formal_cremad_d07_f2_A,cremad,7,2,5,1.4012333635445207,1.3815882904649337,52.083333333333336,49.30555555555556,54.78899952584163
fpc_formal_cremad_d07_f2_A,cremad,7,2,6,1.4100210384607494,1.3569239384789569,52.43055555555556,53.81944444444444,57.53911806543386
fpc_formal_cremad_d07_f2_A,cremad,7,2,7,1.517240385625215,1.4650664998984915,50.34722222222222,49.30555555555556,56.247036510194405
fpc_formal_cremad_d07_f2_A,cremad,7,2,8,1.6401013238473003,1.5989677888467169,48.95833333333333,51.388888888888886,53.92366050260787
fpc_formal_cremad_d07_f2_A,cremad,7,2,9,1.3143844151063924,1.3820237661963821,58.333333333333336,50.69444444444444,58.57041251778094
fpc_formal_cremad_d07_f2_A,cremad,7,2,10,1.3941595364959687,1.3771774133094372,57.638888888888886,56.59722222222222,58.45187292555713
fpc_formal_cremad_d07_f2_A,cremad,7,2,11,1.4875510445291202,1.55755195845047,58.333333333333336,53.47222222222222,59.340919867235655
fpc_formal_cremad_d07_f2_A,cremad,7,2,12,2.1349668058371636,2.0333812264020334,46.52777777777778,45.48611111111111,52.29966808914177
fpc_formal_cremad_d07_f2_A,cremad,7,2,13,1.7523063323008756,1.7583032849570919,54.861111111111114,52.083333333333336,59.36462778568041
fpc_formal_cremad_d07_f2_A,cremad,7,2,14,2.09544541082517,2.207285483890605,50.69444444444444,46.18055555555556,53.72214319582741
fpc_formal_cremad_d07_f2_A,cremad,7,2,15,1.8192670323936175,1.8960123998182281,56.59722222222222,51.041666666666664,57.20720720720721
fpc_formal_cremad_d07_f3_A,cremad,7,3,1,1.5308764469240483,1.5785372475922346,38.19444444444444,32.98611111111111,30.24361259655377
fpc_formal_cremad_d07_f3_A,cremad,7,3,2,1.4833261520396586,1.5171123148724395,37.84722222222222,35.41666666666667,33.46702317290553
fpc_formal_cremad_d07_f3_A,cremad,7,3,3,1.478145100183787,1.5328594362428467,43.40277777777778,37.5,34.40285204991088
fpc_formal_cremad_d07_f3_A,cremad,7,3,4,1.2658369431200762,1.310266241191925,52.77777777777778,50.34722222222222,49.18300653594771
fpc_formal_cremad_d07_f3_A,cremad,7,3,5,1.110977839338615,1.1742439861914564,59.72222222222222,59.02777777777778,53.342245989304814
fpc_formal_cremad_d07_f3_A,cremad,7,3,6,1.1389413562922313,1.167363881559262,60.06944444444444,59.02777777777778,59.61081402257873
fpc_formal_cremad_d07_f3_A,cremad,7,3,7,1.259327985394054,1.3212836807964854,58.333333333333336,56.25,54.084967320261434
fpc_formal_cremad_d07_f3_A,cremad,7,3,8,1.1355000317679658,1.1086127832431478,60.763888888888886,60.416666666666664,55.3475935828877
fpc_formal_cremad_d07_f3_A,cremad,7,3,9,1.3046833364735273,1.421663769646714,61.111111111111114,57.638888888888886,53.193701723113485
fpc_formal_cremad_d07_f3_A,cremad,7,3,10,1.2258844818271313,1.3373917309029038,61.111111111111114,57.986111111111114,55.65953654188949
fpc_formal_cremad_d07_f3_A,cremad,7,3,11,1.2205632074238688,1.3549845746001816,61.80555555555556,59.72222222222222,58.76411170528818
fpc_formal_cremad_d07_f3_A,cremad,7,3,12,1.3821278104049508,1.4840450073433162,61.458333333333336,57.986111111111114,52.73321449792038
fpc_formal_cremad_d07_f3_A,cremad,7,3,13,1.2137470301518194,1.3510340352794747,66.31944444444444,60.763888888888886,60.754604872251925
fpc_formal_cremad_d07_f3_A,cremad,7,3,14,1.3709136360267178,1.459639938194432,62.84722222222222,63.19444444444444,61.83897801544861
fpc_formal_cremad_d07_f3_A,cremad,7,3,15,1.318289482953332,1.458920296994922,64.93055555555556,61.80555555555556,58.71954842543078
fpc_formal_cremad_d07_f4_A,cremad,7,4,1,1.5514474175525856,1.5971437464153493,37.15277777777778,32.29166666666667,39.705882352941174
fpc_formal_cremad_d07_f4_A,cremad,7,4,2,1.5665580617525663,1.7759795687452,31.944444444444443,25.0,31.372549019607842
fpc_formal_cremad_d07_f4_A,cremad,7,4,3,1.2466477198656125,1.391540283131469,51.388888888888886,47.56944444444444,50.0
fpc_formal_cremad_d07_f4_A,cremad,7,4,4,1.210673671308327,1.4026999169605208,53.81944444444444,47.22222222222222,52.450980392156865
fpc_formal_cremad_d07_f4_A,cremad,7,4,5,1.1000209039172084,1.2484689408033427,56.25,51.736111111111114,56.372549019607845
fpc_formal_cremad_d07_f4_A,cremad,7,4,6,1.261658943151738,1.4056122542468594,54.861111111111114,51.736111111111114,52.94117647058824
fpc_formal_cremad_d07_f4_A,cremad,7,4,7,1.1172581802558799,1.2399815122425542,59.02777777777778,58.333333333333336,56.372549019607845
fpc_formal_cremad_d07_f4_A,cremad,7,4,8,1.1727355027113437,1.384148719474753,59.375,55.90277777777778,56.86274509803921
fpc_formal_cremad_d07_f4_A,cremad,7,4,9,1.3478903484247433,1.5130534491284466,55.90277777777778,55.208333333333336,55.88235294117647
fpc_formal_cremad_d07_f4_A,cremad,7,4,10,1.2736122729657053,1.4820534461053896,59.72222222222222,55.208333333333336,54.90196078431373
fpc_formal_cremad_d07_f4_A,cremad,7,4,11,1.1750248524209428,1.4687976177106417,61.111111111111114,53.81944444444444,57.84313725490197
fpc_formal_cremad_d07_f4_A,cremad,7,4,12,1.3834221494898904,1.4900259525366486,59.02777777777778,58.68055555555556,50.49019607843137
fpc_formal_cremad_d07_f4_A,cremad,7,4,13,1.4444806997797959,1.8250505441264526,57.986111111111114,53.81944444444444,55.392156862745104
fpc_formal_cremad_d07_f4_A,cremad,7,4,14,1.3247821520657495,1.69794148010675,64.93055555555556,58.68055555555556,57.84313725490197
fpc_formal_cremad_d07_f4_A,cremad,7,4,15,1.6427724046276055,1.8994515129699343,58.68055555555556,54.861111111111114,53.92156862745098
fpc_formal_cremad_d08_f0_A,cremad,8,0,1,1.578421778576554,1.5977107017350232,35.76388888888889,34.375,31.140350877192986
fpc_formal_cremad_d08_f0_A,cremad,8,0,2,1.5208727450090056,1.5211734379074715,40.27777777777778,37.5,35.526315789473685
fpc_formal_cremad_d08_f0_A,cremad,8,0,3,1.3699130905110988,1.4274837400851732,39.93055555555556,44.44444444444444,38.59649122807017
fpc_formal_cremad_d08_f0_A,cremad,8,0,4,1.2124580482535174,1.2281598969347916,51.041666666666664,53.125,43.859649122807014
fpc_formal_cremad_d08_f0_A,cremad,8,0,5,1.4228847132331046,1.4463911271178551,45.83333333333333,47.22222222222222,41.228070175438596
fpc_formal_cremad_d08_f0_A,cremad,8,0,6,1.2276047473278078,1.2360451073208742,54.861111111111114,55.208333333333336,46.92982456140351
fpc_formal_cremad_d08_f0_A,cremad,8,0,7,1.3563313170560178,1.349803583329903,50.69444444444444,54.513888888888886,48.24561403508772
fpc_formal_cremad_d08_f0_A,cremad,8,0,8,1.2757410816179227,1.2008949445851804,54.513888888888886,56.94444444444444,50.877192982456144
fpc_formal_cremad_d08_f0_A,cremad,8,0,9,1.59630670029348,1.6015329269071132,49.65277777777778,51.041666666666664,43.859649122807014
fpc_formal_cremad_d08_f0_A,cremad,8,0,10,1.5268842537222431,1.5839970904091984,53.125,53.81944444444444,48.24561403508772
fpc_formal_cremad_d08_f0_A,cremad,8,0,11,1.2654482603807358,1.280613463865412,59.02777777777778,56.25,51.75438596491229
fpc_formal_cremad_d08_f0_A,cremad,8,0,12,1.785938687183278,1.6847776978187463,53.81944444444444,53.81944444444444,43.859649122807014
fpc_formal_cremad_d08_f0_A,cremad,8,0,13,1.9597233810886396,2.0433378841683023,45.48611111111111,49.65277777777778,45.17543859649123
fpc_formal_cremad_d08_f0_A,cremad,8,0,14,1.4893264943009652,1.6088688117142145,57.638888888888886,58.68055555555556,50.0
fpc_formal_cremad_d08_f0_A,cremad,8,0,15,1.8298932714207703,1.7796726632512394,52.43055555555556,56.94444444444444,46.92982456140351
fpc_formal_cremad_d08_f1_A,cremad,8,1,1,1.5972728938204868,1.5760713475538723,34.72222222222222,34.375,32.23091512565197
fpc_formal_cremad_d08_f1_A,cremad,8,1,2,1.5239001192997155,1.4592840929457727,33.68055555555556,39.58333333333333,38.560929350403036
fpc_formal_cremad_d08_f1_A,cremad,8,1,3,1.3761188527027122,1.2902948704834682,46.18055555555556,47.56944444444444,46.90611664295875
fpc_formal_cremad_d08_f1_A,cremad,8,1,4,1.2440197655674194,1.173549201470322,52.083333333333336,54.513888888888886,55.63063063063063
fpc_formal_cremad_d08_f1_A,cremad,8,1,5,1.5417483167943287,1.4826199778358986,46.18055555555556,46.18055555555556,44.274537695590325
fpc_formal_cremad_d08_f1_A,cremad,8,1,6,1.3083216283565113,1.274755338877895,54.861111111111114,56.25,51.268373636794685
fpc_formal_cremad_d08_f1_A,cremad,8,1,7,1.1957393501905327,1.1458671263587574,58.333333333333336,58.333333333333336,53.86439070649597
fpc_formal_cremad_d08_f1_A,cremad,8,1,8,1.3241440623651117,1.2435200957988266,55.90277777777778,59.02777777777778,55.215742057847315
fpc_formal_cremad_d08_f1_A,cremad,8,1,9,1.5751315072020153,1.4915990841656117,55.208333333333336,54.513888888888886,49.53769559032717
fpc_formal_cremad_d08_f1_A,cremad,8,1,10,2.0260958051879894,1.9171462869187015,48.26388888888889,48.95833333333333,45.139876718824084
fpc_formal_cremad_d08_f1_A,cremad,8,1,11,1.9006640552380871,1.789153664236535,47.56944444444444,52.77777777777778,47.77145566619251
fpc_formal_cremad_d08_f1_A,cremad,8,1,12,1.7428595794711592,1.6566056164977199,56.59722222222222,55.90277777777778,51.70697012802275
fpc_formal_cremad_d08_f1_A,cremad,8,1,13,1.8678472940737147,1.762942152995401,54.166666666666664,54.166666666666664,49.96443812233286
fpc_formal_cremad_d08_f1_A,cremad,8,1,14,1.5206049166402213,1.4765360583623708,59.02777777777778,59.02777777777778,54.777145566619254
fpc_formal_cremad_d08_f1_A,cremad,8,1,15,2.090627615667861,1.9476847691067931,53.81944444444444,54.166666666666664,47.75960170697013
fpc_formal_cremad_d08_f2_A,cremad,8,2,1,1.5594326328652304,1.580190187123784,33.33333333333333,32.63888888888889,31.98198198198198
fpc_formal_cremad_d08_f2_A,cremad,8,2,2,1.477025197941345,1.4600497507280596,37.84722222222222,39.93055555555556,39.189189189189186
fpc_formal_cremad_d08_f2_A,cremad,8,2,3,1.2332519716757337,1.3519026844124618,50.0,47.22222222222222,52.702702702702695
fpc_formal_cremad_d08_f2_A,cremad,8,2,4,1.0876941860439002,1.1863126703628972,57.638888888888886,55.90277777777778,60.810810810810814
fpc_formal_cremad_d08_f2_A,cremad,8,2,5,1.3025540063311067,1.4929305693234174,51.388888888888886,45.83333333333333,52.25225225225225
fpc_formal_cremad_d08_f2_A,cremad,8,2,6,1.5870721607259937,1.7473893537668346,45.48611111111111,43.05555555555556,45.04504504504504
fpc_formal_cremad_d08_f2_A,cremad,8,2,7,1.154780824187388,1.3906201574696668,59.02777777777778,51.388888888888886,63.06306306306306
fpc_formal_cremad_d08_f2_A,cremad,8,2,8,1.411441090243855,1.6911118132367886,58.333333333333336,48.95833333333333,59.009009009009006
fpc_formal_cremad_d08_f2_A,cremad,8,2,9,1.6405342107515932,1.9776267563561527,53.125,49.30555555555556,50.0
fpc_formal_cremad_d08_f2_A,cremad,8,2,10,2.0083866643771526,2.5146356660599514,48.61111111111111,41.31944444444444,45.94594594594595
fpc_formal_cremad_d08_f2_A,cremad,8,2,11,1.8065930336452907,2.244895608042028,53.47222222222222,45.83333333333333,51.80180180180181
fpc_formal_cremad_d08_f2_A,cremad,8,2,12,2.4801017618755545,3.1614019110534795,47.56944444444444,43.05555555555556,45.94594594594595
fpc_formal_cremad_d08_f2_A,cremad,8,2,13,1.7999827112898241,2.367386048147443,52.77777777777778,47.91666666666667,52.25225225225225
fpc_formal_cremad_d08_f2_A,cremad,8,2,14,2.357661566829154,3.05449901147348,47.22222222222222,43.75,48.1981981981982
fpc_formal_cremad_d08_f2_A,cremad,8,2,15,1.6476930194252697,2.358419971073574,59.375,52.083333333333336,56.30630630630631
fpc_formal_cremad_d08_f3_A,cremad,8,3,1,1.6204241202615244,1.6168100319796264,30.90277777777778,31.59722222222222,35.7397504456328
fpc_formal_cremad_d08_f3_A,cremad,8,3,2,1.5197314035527958,1.5156701082238264,42.01388888888889,39.23611111111111,42.52822341057635
fpc_formal_cremad_d08_f3_A,cremad,8,3,3,1.3525639249525399,1.4082411157130545,45.83333333333333,47.22222222222222,52.91146761734997
fpc_formal_cremad_d08_f3_A,cremad,8,3,4,1.325024422599059,1.4634499301086061,48.95833333333333,44.09722222222222,47.712418300653596
fpc_formal_cremad_d08_f3_A,cremad,8,3,5,1.3473164365197896,1.5304978055512628,48.26388888888889,45.83333333333333,47.593582887700535
fpc_formal_cremad_d08_f3_A,cremad,8,3,6,1.5069025633104627,1.7245730445567888,50.69444444444444,46.52777777777778,51.53000594177065
fpc_formal_cremad_d08_f3_A,cremad,8,3,7,1.3522229508298436,1.5615947287878715,55.55555555555556,47.56944444444444,52.52525252525253
fpc_formal_cremad_d08_f3_A,cremad,8,3,8,1.8382180561698176,2.103028820324195,43.05555555555556,43.05555555555556,44.667260843731434
fpc_formal_cremad_d08_f3_A,cremad,8,3,9,1.7423013684029192,2.06272386051438,50.69444444444444,43.05555555555556,50.519904931669636
fpc_formal_cremad_d08_f3_A,cremad,8,3,10,1.5864814563178757,1.9037164593693565,51.388888888888886,45.83333333333333,56.521093285799175
fpc_formal_cremad_d08_f3_A,cremad,8,3,11,1.6029131043765577,1.829249881642025,52.083333333333336,49.65277777777778,53.92156862745098
fpc_formal_cremad_d08_f3_A,cremad,8,3,12,1.6715820654470825,1.9409595785970586,52.43055555555556,47.56944444444444,54.590017825311946
fpc_formal_cremad_d08_f3_A,cremad,8,3,13,1.903344737256939,2.2944288683902596,50.0,45.48611111111111,51.60427807486631
fpc_formal_cremad_d08_f3_A,cremad,8,3,14,1.933151893937237,2.312665778786906,47.91666666666667,44.44444444444444,52.46583481877599
fpc_formal_cremad_d08_f3_A,cremad,8,3,15,1.9425831395061637,2.3117377586492664,51.388888888888886,46.18055555555556,49.59893048128342
fpc_formal_cremad_d08_f4_A,cremad,8,4,1,1.569414238248819,1.5748757670434024,34.02777777777778,35.06944444444444,35.858585858585855
fpc_formal_cremad_d08_f4_A,cremad,8,4,2,1.43835612675377,1.4694341321329492,41.31944444444444,43.75,42.92929292929293
fpc_formal_cremad_d08_f4_A,cremad,8,4,3,1.5388463076728682,1.57687504343467,39.93055555555556,34.72222222222222,35.35353535353536
fpc_formal_cremad_d08_f4_A,cremad,8,4,4,1.3489260228304523,1.3825330790320776,47.91666666666667,50.69444444444444,49.494949494949495
fpc_formal_cremad_d08_f4_A,cremad,8,4,5,1.212674249041529,1.243185187976541,52.43055555555556,53.81944444444444,50.505050505050505
fpc_formal_cremad_d08_f4_A,cremad,8,4,6,1.206534090196823,1.2355379104505881,52.083333333333336,52.083333333333336,52.52525252525253
fpc_formal_cremad_d08_f4_A,cremad,8,4,7,1.126535217412977,1.2443692463980547,56.25,54.513888888888886,53.03030303030303
fpc_formal_cremad_d08_f4_A,cremad,8,4,8,1.0726278497107382,1.2924522040856878,61.80555555555556,55.90277777777778,56.060606060606055
fpc_formal_cremad_d08_f4_A,cremad,8,4,9,0.8957206985712194,1.0011062774252824,67.36111111111111,62.5,60.1010101010101
fpc_formal_cremad_d08_f4_A,cremad,8,4,10,0.963539340569783,1.1490943704920005,64.93055555555556,61.80555555555556,59.09090909090909
fpc_formal_cremad_d08_f4_A,cremad,8,4,11,1.1347618936217738,1.3591923597101283,60.416666666666664,54.861111111111114,58.080808080808076
fpc_formal_cremad_d08_f4_A,cremad,8,4,12,1.0292772653049613,1.1694323449318669,64.93055555555556,60.416666666666664,60.60606060606061
fpc_formal_cremad_d08_f4_A,cremad,8,4,13,1.445279818186175,1.7155660337921872,56.59722222222222,53.81944444444444,56.060606060606055
fpc_formal_cremad_d08_f4_A,cremad,8,4,14,1.7579436171832166,1.7546368204921547,52.43055555555556,53.47222222222222,50.505050505050505
fpc_formal_cremad_d08_f4_A,cremad,8,4,15,1.2441166126340084,1.4400182672192443,62.15277777777778,59.72222222222222,59.09090909090909
fpc_formal_cremad_d09_f0_A,cremad,9,0,1,1.5606256315956506,1.5828971296129941,35.41666666666667,37.15277777777778,29.82456140350877
fpc_formal_cremad_d09_f0_A,cremad,9,0,2,1.3586463563613804,1.4340675592158716,44.09722222222222,45.13888888888889,39.03508771929825
fpc_formal_cremad_d09_f0_A,cremad,9,0,3,1.2815067215397131,1.4563760621396105,51.388888888888886,40.97222222222222,39.91228070175439
fpc_formal_cremad_d09_f0_A,cremad,9,0,4,1.3638309256371415,1.5708526797629427,46.18055555555556,42.01388888888889,41.228070175438596
fpc_formal_cremad_d09_f0_A,cremad,9,0,5,1.2340438874393393,1.4063013909441597,55.208333333333336,51.041666666666664,48.24561403508772
fpc_formal_cremad_d09_f0_A,cremad,9,0,6,1.7949904080391912,2.0026623374473593,45.48611111111111,39.23611111111111,43.859649122807014
fpc_formal_cremad_d09_f0_A,cremad,9,0,7,1.3516275343684414,1.5610191930908048,54.513888888888886,46.52777777777778,46.05263157894737
fpc_formal_cremad_d09_f0_A,cremad,9,0,8,1.5543874389974244,1.713801026541366,54.166666666666664,48.61111111111111,47.368421052631575
fpc_formal_cremad_d09_f0_A,cremad,9,0,9,1.0886999861475992,1.2218787488438292,63.541666666666664,59.02777777777778,54.824561403508774
fpc_formal_cremad_d09_f0_A,cremad,9,0,10,1.6083634859846878,1.807708359305442,52.083333333333336,50.0,46.05263157894737
fpc_formal_cremad_d09_f0_A,cremad,9,0,11,1.338376391622936,1.5228901381430662,59.02777777777778,55.90277777777778,49.122807017543856
fpc_formal_cremad_d09_f0_A,cremad,9,0,12,1.2208125525507332,1.4537754519792725,64.23611111111111,59.375,51.31578947368421
fpc_formal_cremad_d09_f0_A,cremad,9,0,13,1.6562594518429974,1.9034642138130375,56.25,52.083333333333336,48.68421052631579
fpc_formal_cremad_d09_f0_A,cremad,9,0,14,1.4272918131877088,1.6487262453564555,60.763888888888886,57.986111111111114,51.31578947368421
fpc_formal_cremad_d09_f0_A,cremad,9,0,15,1.6944259637903578,1.9176429801185289,56.94444444444444,54.513888888888886,47.368421052631575
fpc_formal_cremad_d09_f1_A,cremad,9,1,1,1.6266835486579394,1.6113583216721628,27.430555555555557,35.06944444444444,32.89473684210527
fpc_formal_cremad_d09_f1_A,cremad,9,1,2,1.372554690885885,1.4302018759706663,45.13888888888889,47.91666666666667,46.92982456140351
fpc_formal_cremad_d09_f1_A,cremad,9,1,3,1.4799606757325325,1.5469801858981926,40.27777777777778,38.88888888888889,40.78947368421053
fpc_formal_cremad_d09_f1_A,cremad,9,1,4,1.349835829190958,1.446516868611599,45.83333333333333,50.0,46.92982456140351
fpc_formal_cremad_d09_f1_A,cremad,9,1,5,1.1971635548441,1.3581823834580822,54.166666666666664,47.91666666666667,52.19298245614035
fpc_formal_cremad_d09_f1_A,cremad,9,1,6,1.6936717216319075,1.8012142083460398,43.75,46.875,47.368421052631575
fpc_formal_cremad_d09_f1_A,cremad,9,1,7,1.1629332256752891,1.364303750404697,56.94444444444444,54.513888888888886,53.94736842105263
fpc_formal_cremad_d09_f1_A,cremad,9,1,8,1.1476784941644624,1.379672347688924,59.375,56.59722222222222,55.70175438596491
fpc_formal_cremad_d09_f1_A,cremad,9,1,9,1.2517208047732613,1.4765336781258815,57.291666666666664,54.166666666666664,53.50877192982456
fpc_formal_cremad_d09_f1_A,cremad,9,1,10,1.6622591125422874,1.8879243706554258,51.388888888888886,51.736111111111114,52.19298245614035
fpc_formal_cremad_d09_f1_A,cremad,9,1,11,1.915510622895518,2.1306135859485065,50.34722222222222,50.69444444444444,50.877192982456144
fpc_formal_cremad_d09_f1_A,cremad,9,1,12,2.0486326531932324,2.19124239228564,50.0,51.736111111111114,49.56140350877193
fpc_formal_cremad_d09_f1_A,cremad,9,1,13,2.0672151442422932,2.261178128202478,50.69444444444444,52.083333333333336,50.43859649122807
fpc_formal_cremad_d09_f1_A,cremad,9,1,14,2.17128384928421,2.394323413568723,51.041666666666664,49.30555555555556,49.56140350877193
fpc_formal_cremad_d09_f1_A,cremad,9,1,15,2.6506193068222332,2.748511261161214,46.52777777777778,48.26388888888889,49.56140350877193
fpc_formal_cremad_d09_f2_A,cremad,9,2,1,1.6235516807986856,1.6280550464299266,31.944444444444443,27.430555555555557,30.198412698412696
fpc_formal_cremad_d09_f2_A,cremad,9,2,2,1.5238059553478753,1.5746743062276194,37.5,40.625,37.36772486772487
fpc_formal_cremad_d09_f2_A,cremad,9,2,3,1.5410412920635739,1.5457482206937163,38.54166666666667,37.84722222222222,38.544973544973544
fpc_formal_cremad_d09_f2_A,cremad,9,2,4,1.3359681839678013,1.3919002135673872,49.30555555555556,46.875,44.735449735449734
fpc_formal_cremad_d09_f2_A,cremad,9,2,5,1.2677521583947653,1.3279576334864949,53.125,50.34722222222222,43.12169312169312
fpc_formal_cremad_d09_f2_A,cremad,9,2,6,1.0747421143288112,1.2292685457244579,59.72222222222222,53.125,50.7010582010582
fpc_formal_cremad_d09_f2_A,cremad,9,2,7,1.1707050523038975,1.3113618866324919,56.94444444444444,54.861111111111114,49.72222222222222
fpc_formal_cremad_d09_f2_A,cremad,9,2,8,1.2394932365085691,1.4310566721557005,55.55555555555556,51.736111111111114,52.169312169312164
fpc_formal_cremad_d09_f2_A,cremad,9,2,9,1.2830879360493483,1.4472261293651623,56.59722222222222,52.77777777777778,53.47883597883598
fpc_formal_cremad_d09_f2_A,cremad,9,2,10,1.0795564914744382,1.3631235873042586,60.763888888888886,54.166666666666664,54.854497354497354
fpc_formal_cremad_d09_f2_A,cremad,9,2,11,1.564623497772862,1.733191176757283,53.125,48.26388888888889,45.026455026455025
fpc_formal_cremad_d09_f2_A,cremad,9,2,12,1.5087024608788526,1.6795177832595445,54.513888888888886,49.30555555555556,48.835978835978835
fpc_formal_cremad_d09_f2_A,cremad,9,2,13,1.6726025818225632,1.8865507854798733,52.083333333333336,48.95833333333333,51.216931216931215
fpc_formal_cremad_d09_f2_A,cremad,9,2,14,1.5364328525586133,1.7887786076070376,57.291666666666664,52.77777777777778,52.56613756613756
fpc_formal_cremad_d09_f2_A,cremad,9,2,15,1.642952827030225,1.9584324048981354,53.81944444444444,51.041666666666664,52.605820105820115
fpc_formal_cremad_d09_f3_A,cremad,9,3,1,1.5260927321858433,1.5111474359688783,37.5,43.40277777777778,32.84313725490196
fpc_formal_cremad_d09_f3_A,cremad,9,3,2,1.4315453093883912,1.4246819962245867,45.13888888888889,47.91666666666667,39.705882352941174
fpc_formal_cremad_d09_f3_A,cremad,9,3,3,1.210154176330682,1.2424742854874187,51.736111111111114,55.55555555555556,47.549019607843135
fpc_formal_cremad_d09_f3_A,cremad,9,3,4,1.2154537724322594,1.252633434821263,54.861111111111114,55.90277777777778,50.49019607843137
fpc_formal_cremad_d09_f3_A,cremad,9,3,5,1.0176528067180373,1.09324231084433,59.375,58.333333333333336,53.92156862745098
fpc_formal_cremad_d09_f3_A,cremad,9,3,6,0.9715761465643276,1.0908149284883182,61.80555555555556,61.458333333333336,55.88235294117647
fpc_formal_cremad_d09_f3_A,cremad,9,3,7,1.0208921444729724,1.1149528303103144,63.541666666666664,60.06944444444444,55.88235294117647
fpc_formal_cremad_d09_f3_A,cremad,9,3,8,1.289378994183879,1.2416218489349449,54.166666666666664,60.416666666666664,52.450980392156865
fpc_formal_cremad_d09_f3_A,cremad,9,3,9,1.067921796230109,1.152205515163106,64.93055555555556,62.5,56.86274509803921
fpc_formal_cremad_d09_f3_A,cremad,9,3,10,0.9773028109624777,1.1337445806281408,66.31944444444444,65.625,58.82352941176471
fpc_formal_cremad_d09_f3_A,cremad,9,3,11,0.9748421401768732,1.0957363322797389,68.05555555555556,66.31944444444444,57.84313725490197
fpc_formal_cremad_d09_f3_A,cremad,9,3,12,1.125843421962287,1.2643311880835943,63.19444444444444,62.15277777777778,56.86274509803921
fpc_formal_cremad_d09_f3_A,cremad,9,3,13,1.0983220371612619,1.2638835444069054,64.23611111111111,62.15277777777778,57.35294117647059
fpc_formal_cremad_d09_f3_A,cremad,9,3,14,1.1166181060131015,1.3290278880520896,63.19444444444444,58.333333333333336,53.431372549019606
fpc_formal_cremad_d09_f3_A,cremad,9,3,15,1.0375189137928116,1.3532776512831677,66.31944444444444,60.763888888888886,58.333333333333336
fpc_formal_cremad_d09_f4_A,cremad,9,4,1,1.6032519821680808,1.5517919133784812,34.02777777777778,33.33333333333333,36.76470588235294
fpc_formal_cremad_d09_f4_A,cremad,9,4,2,1.4768658669968007,1.4202771286534603,42.70833333333333,42.70833333333333,45.09803921568628
fpc_formal_cremad_d09_f4_A,cremad,9,4,3,1.406003201219849,1.3519447054370266,46.18055555555556,49.65277777777778,48.529411764705884
fpc_formal_cremad_d09_f4_A,cremad,9,4,4,1.2475595082744713,1.2262248652154493,52.77777777777778,52.083333333333336,56.372549019607845
fpc_formal_cremad_d09_f4_A,cremad,9,4,5,1.151455366791534,1.0770531284415552,60.416666666666664,60.416666666666664,61.76470588235294
fpc_formal_cremad_d09_f4_A,cremad,9,4,6,1.1723792855966557,1.1021939942504428,57.291666666666664,56.59722222222222,61.274509803921575
fpc_formal_cremad_d09_f4_A,cremad,9,4,7,1.5154147547424566,1.5135376796984843,53.47222222222222,50.69444444444444,49.01960784313725
fpc_formal_cremad_d09_f4_A,cremad,9,4,8,1.2591894914838868,1.214677385463056,58.333333333333336,60.763888888888886,58.333333333333336
fpc_formal_cremad_d09_f4_A,cremad,9,4,9,1.3173848958139638,1.3505702246850273,58.333333333333336,58.68055555555556,60.78431372549019
fpc_formal_cremad_d09_f4_A,cremad,9,4,10,1.2788766973969894,1.3215592991239338,61.80555555555556,58.333333333333336,58.82352941176471
fpc_formal_cremad_d09_f4_A,cremad,9,4,11,1.4883910850602997,1.4589465064080054,59.375,57.986111111111114,57.84313725490197
fpc_formal_cremad_d09_f4_A,cremad,9,4,12,1.5083784721033737,1.5392075866189385,59.375,58.333333333333336,59.31372549019608
fpc_formal_cremad_d09_f4_A,cremad,9,4,13,1.479588464175694,1.5247853450176743,62.5,55.55555555555556,60.29411764705882
fpc_formal_cremad_d09_f4_A,cremad,9,4,14,1.702064073298895,1.665157277034892,56.59722222222222,57.291666666666664,54.41176470588235
fpc_formal_cremad_d09_f4_A,cremad,9,4,15,1.6037104434326503,1.6009234953851466,58.68055555555556,57.638888888888886,61.274509803921575
fpc_formal_cremad_d10_f0_A,cremad,10,0,1,1.5924485636944796,1.6117818231010865,36.80555555555556,35.41666666666667,40.12565196775723
fpc_formal_cremad_d10_f0_A,cremad,10,0,2,1.448217064942458,1.491359065196271,43.40277777777778,37.84722222222222,40.94357515410147
fpc_formal_cremad_d10_f0_A,cremad,10,0,3,1.4303434185138653,1.4720667136845236,37.5,38.54166666666667,41.192508297771454
fpc_formal_cremad_d10_f0_A,cremad,10,0,4,1.2549786137412293,1.356067482038667,53.81944444444444,47.22222222222222,49.407302038880985
fpc_formal_cremad_d10_f0_A,cremad,10,0,5,1.4117807027900386,1.3874541338600146,50.0,48.61111111111111,50.403034613560926
fpc_formal_cremad_d10_f0_A,cremad,10,0,6,1.27491107455826,1.2236363909718966,57.638888888888886,56.25,53.4257942152679
fpc_formal_cremad_d10_f0_A,cremad,10,0,7,1.3727512870516507,1.5137092822307594,57.986111111111114,53.125,55.60692271218587
fpc_formal_cremad_d10_f0_A,cremad,10,0,8,1.2687315326446447,1.4010146186398313,58.333333333333336,55.208333333333336,53.71028923660502
fpc_formal_cremad_d10_f0_A,cremad,10,0,9,1.5239519557990695,1.681409400385733,59.375,53.81944444444444,52.96348980559507
fpc_formal_cremad_d10_f0_A,cremad,10,0,10,1.4497695254298852,1.5762889604694976,60.06944444444444,56.25,57.776197249881456
fpc_formal_cremad_d10_f0_A,cremad,10,0,11,1.734961052749598,1.7884093352963317,56.25,56.59722222222222,55.58321479374111
fpc_formal_cremad_d10_f0_A,cremad,10,0,12,1.5489283546413488,1.7510152960690089,57.638888888888886,55.90277777777778,57.7524893314367
fpc_formal_cremad_d10_f0_A,cremad,10,0,13,1.7568910317410753,1.8990067057133797,55.208333333333336,54.861111111111114,53.75770507349454
fpc_formal_cremad_d10_f0_A,cremad,10,0,14,1.7998749961838716,1.9677765429544058,56.94444444444444,50.34722222222222,51.623992413466105
fpc_formal_cremad_d10_f0_A,cremad,10,0,15,1.8895864755274223,2.185638860558806,54.166666666666664,52.43055555555556,52.90422000948317
fpc_formal_cremad_d10_f1_A,cremad,10,1,1,1.6050135849295313,1.6170774466321345,35.41666666666667,34.72222222222222,32.65765765765766
fpc_formal_cremad_d10_f1_A,cremad,10,1,2,1.6242163885633822,1.64868802443622,29.51388888888889,28.125,29.907539118065436
fpc_formal_cremad_d10_f1_A,cremad,10,1,3,1.3987541851775807,1.4557000335036674,44.79166666666667,37.84722222222222,46.18302513039355
fpc_formal_cremad_d10_f1_A,cremad,10,1,4,1.5380494225440793,1.5450314776047527,42.36111111111111,36.80555555555556,40.469416785206256
fpc_formal_cremad_d10_f1_A,cremad,10,1,5,1.4256982716000381,1.5081947474089266,46.875,43.75,46.645329540066385
fpc_formal_cremad_d10_f1_A,cremad,10,1,6,1.502304845741618,1.5049134442736012,47.22222222222222,44.44444444444444,46.171171171171174
fpc_formal_cremad_d10_f1_A,cremad,10,1,7,1.2264619843056082,1.2848019754520434,55.55555555555556,54.861111111111114,57.20720720720721
fpc_formal_cremad_d10_f1_A,cremad,10,1,8,1.4781729148290788,1.4802761243566864,50.0,49.30555555555556,52.821242294926506
fpc_formal_cremad_d10_f1_A,cremad,10,1,9,1.5702174850736748,1.5830605759875116,50.34722222222222,47.91666666666667,50.1185395922238
fpc_formal_cremad_d10_f1_A,cremad,10,1,10,1.8965128102746354,1.902905373430262,53.125,45.13888888888889,49.265054528212424
fpc_formal_cremad_d10_f1_A,cremad,10,1,11,2.129647017258766,2.1753112658491554,45.48611111111111,40.625,44.41678520625889
fpc_formal_cremad_d10_f1_A,cremad,10,1,12,2.06995821448411,1.9861065348047562,46.875,45.13888888888889,46.586059743954486
fpc_formal_cremad_d10_f1_A,cremad,10,1,13,2.2009366044391623,2.1814525872064623,45.83333333333333,42.01388888888889,45.28212422949265
fpc_formal_cremad_d10_f1_A,cremad,10,1,14,1.8674789181724993,1.8501016112489697,54.861111111111114,52.77777777777778,51.48174490279753
fpc_formal_cremad_d10_f1_A,cremad,10,1,15,2.437982336919921,2.4453970211786293,48.26388888888889,45.13888888888889,45.28212422949265
fpc_formal_cremad_d10_f2_A,cremad,10,2,1,1.5837228398426613,1.6177149778043867,34.72222222222222,35.06944444444444,39.473684210526315
fpc_formal_cremad_d10_f2_A,cremad,10,2,2,1.4273305205586937,1.4649962567245585,43.40277777777778,40.625,45.614035087719294
fpc_formal_cremad_d10_f2_A,cremad,10,2,3,1.513074242621106,1.582038550953186,37.84722222222222,36.11111111111111,39.03508771929825
fpc_formal_cremad_d10_f2_A,cremad,10,2,4,1.2968175223449396,1.3323192151431076,50.69444444444444,50.0,50.877192982456144
fpc_formal_cremad_d10_f2_A,cremad,10,2,5,1.3317558417995414,1.3428047015055566,50.69444444444444,47.56944444444444,50.0
fpc_formal_cremad_d10_f2_A,cremad,10,2,6,1.358995995268557,1.3278303417469175,54.166666666666664,53.125,53.07017543859649
fpc_formal_cremad_d10_f2_A,cremad,10,2,7,1.5544507265140068,1.5306016758965804,52.083333333333336,53.47222222222222,47.368421052631575
fpc_formal_cremad_d10_f2_A,cremad,10,2,8,1.9328896782862672,1.8145530239296508,44.09722222222222,43.05555555555556,42.10526315789473
fpc_formal_cremad_d10_f2_A,cremad,10,2,9,1.5357293684519757,1.4870769664345123,53.47222222222222,53.47222222222222,49.56140350877193
fpc_formal_cremad_d10_f2_A,cremad,10,2,10,1.9106773399242263,1.8259348661322616,45.83333333333333,49.30555555555556,42.98245614035088
fpc_formal_cremad_d10_f2_A,cremad,10,2,11,2.0042063739283495,1.9297333753325607,46.18055555555556,47.22222222222222,45.17543859649123
fpc_formal_cremad_d10_f2_A,cremad,10,2,12,1.8558415974296318,1.8304953889006765,49.65277777777778,47.91666666666667,47.368421052631575
fpc_formal_cremad_d10_f2_A,cremad,10,2,13,1.593084652143749,1.6030617933584574,56.25,56.25,55.26315789473685
fpc_formal_cremad_d10_f2_A,cremad,10,2,14,2.019921803947329,2.0522999508389006,49.65277777777778,47.56944444444444,46.92982456140351
fpc_formal_cremad_d10_f2_A,cremad,10,2,15,2.425237172092244,2.390505084564703,46.875,46.52777777777778,44.29824561403509
fpc_formal_cremad_d10_f3_A,cremad,10,3,1,1.5868743526438858,1.6119621264314605,30.555555555555557,31.59722222222222,30.392156862745097
fpc_formal_cremad_d10_f3_A,cremad,10,3,2,1.4155022817961802,1.4759140962794595,40.97222222222222,38.19444444444444,40.19607843137255
fpc_formal_cremad_d10_f3_A,cremad,10,3,3,1.251834866964857,1.3257207563846378,52.77777777777778,51.736111111111114,49.01960784313725
fpc_formal_cremad_d10_f3_A,cremad,10,3,4,1.1896583714137179,1.3595997798207766,54.166666666666664,47.56944444444444,57.84313725490197
fpc_formal_cremad_d10_f3_A,cremad,10,3,5,1.237543194488623,1.4777518193419559,56.59722222222222,51.041666666666664,53.92156862745098
fpc_formal_cremad_d10_f3_A,cremad,10,3,6,1.2376572532175782,1.508234572246187,60.06944444444444,52.77777777777778,57.84313725490197
fpc_formal_cremad_d10_f3_A,cremad,10,3,7,1.1971382165113258,1.447485685873198,59.02777777777778,54.513888888888886,57.35294117647059
fpc_formal_cremad_d10_f3_A,cremad,10,3,8,1.180249074841416,1.4475052300932063,61.458333333333336,54.513888888888886,59.31372549019608
fpc_formal_cremad_d10_f3_A,cremad,10,3,9,1.4199408777571203,1.6419061863107725,56.59722222222222,51.041666666666664,54.41176470588235
fpc_formal_cremad_d10_f3_A,cremad,10,3,10,1.2676999582943032,1.5497175222930333,61.111111111111114,55.208333333333336,59.80392156862745
fpc_formal_cremad_d10_f3_A,cremad,10,3,11,1.3303670861026047,1.621829482943644,60.06944444444444,55.208333333333336,62.745098039215684
fpc_formal_cremad_d10_f3_A,cremad,10,3,12,1.356824673050854,1.7194905795749402,63.541666666666664,53.47222222222222,61.76470588235294
fpc_formal_cremad_d10_f3_A,cremad,10,3,13,1.3927236635486502,1.7295034662638415,62.15277777777778,54.861111111111114,58.333333333333336
fpc_formal_cremad_d10_f3_A,cremad,10,3,14,1.535248157444212,1.9117538094640476,60.763888888888886,55.90277777777778,62.254901960784316
fpc_formal_cremad_d10_f3_A,cremad,10,3,15,1.5136425315481057,1.9197855371246948,61.458333333333336,54.861111111111114,62.254901960784316
fpc_formal_cremad_d10_f4_A,cremad,10,4,1,1.546164280664031,1.591513025326054,33.68055555555556,33.68055555555556,35.32382650029709
fpc_formal_cremad_d10_f4_A,cremad,10,4,2,1.3419357648086503,1.483479819413022,47.56944444444444,38.88888888888889,41.44385026737968
fpc_formal_cremad_d10_f4_A,cremad,10,4,3,1.286922084781361,1.3694679115945467,49.65277777777778,46.18055555555556,49.24242424242424
fpc_formal_cremad_d10_f4_A,cremad,10,4,4,1.3491445401931301,1.4307926799154655,47.56944444444444,42.01388888888889,45.17231134878193
fpc_formal_cremad_d10_f4_A,cremad,10,4,5,1.2861918563399029,1.477822096175757,52.083333333333336,45.13888888888889,38.933452168746285
fpc_formal_cremad_d10_f4_A,cremad,10,4,6,1.2566303689100058,1.3923751115565628,59.72222222222222,53.81944444444444,54.69399881164587
fpc_formal_cremad_d10_f4_A,cremad,10,4,7,1.4330763800982205,1.6080577514847374,52.083333333333336,47.56944444444444,45.811051693404636
fpc_formal_cremad_d10_f4_A,cremad,10,4,8,1.51114321171801,1.7455585403862446,52.77777777777778,45.13888888888889,45.855614973262036
fpc_formal_cremad_d10_f4_A,cremad,10,4,9,1.7619990870020925,2.0032338377595886,52.083333333333336,46.52777777777778,44.41473559120618
fpc_formal_cremad_d10_f4_A,cremad,10,4,10,1.3574349183332315,1.6301720129509094,56.94444444444444,52.77777777777778,47.84610814022579
fpc_formal_cremad_d10_f4_A,cremad,10,4,11,1.602802602659161,1.8019676169353707,57.291666666666664,50.69444444444444,46.761734997029116
fpc_formal_cremad_d10_f4_A,cremad,10,4,12,1.504829380791006,1.9067816693647401,59.72222222222222,52.083333333333336,50.74272133095663
fpc_formal_cremad_d10_f4_A,cremad,10,4,13,1.9201607038062503,2.2184206965697277,53.81944444444444,47.22222222222222,46.28639334521687
fpc_formal_cremad_d10_f4_A,cremad,10,4,14,1.956968235863924,2.1774794750322775,52.083333333333336,50.0,46.33095662507427
fpc_formal_cremad_d10_f4_A,cremad,10,4,15,2.0415564138175077,2.279706560327647,54.861111111111114,49.30555555555556,45.8407605466429
fpc_formal_cremad_d11_f0_A,cremad,11,0,1,1.546360355118026,1.5681412671122592,36.45833333333333,34.375,35.3959222380275
fpc_formal_cremad_d11_f0_A,cremad,11,0,2,1.3989241142028501,1.4392634535659095,47.22222222222222,40.97222222222222,41.53627311522048
fpc_formal_cremad_d11_f0_A,cremad,11,0,3,1.3769346234987074,1.3985774135354436,47.56944444444444,44.79166666666667,43.78852536747274
fpc_formal_cremad_d11_f0_A,cremad,11,0,4,1.3776140253362783,1.3934005734731179,44.09722222222222,45.83333333333333,42.43717401612139
fpc_formal_cremad_d11_f0_A,cremad,11,0,5,1.5230572550308212,1.6160119685457952,45.48611111111111,45.13888888888889,46.49122807017544
fpc_formal_cremad_d11_f0_A,cremad,11,0,6,1.2254226885512873,1.2874406665455589,55.55555555555556,49.30555555555556,48.13892840208629
fpc_formal_cremad_d11_f0_A,cremad,11,0,7,1.436617938409327,1.496064385853352,52.77777777777778,48.95833333333333,45.96965386439071
fpc_formal_cremad_d11_f0_A,cremad,11,0,8,1.463045353748994,1.6384807526894978,52.77777777777778,52.43055555555556,52.14556661925083
fpc_formal_cremad_d11_f0_A,cremad,11,0,9,1.5186517653011107,1.6533667420492704,54.513888888888886,50.69444444444444,52.96348980559507
fpc_formal_cremad_d11_f0_A,cremad,11,0,10,1.6141718868369768,1.7562015891815927,54.166666666666664,45.48611111111111,45.507349454717875
fpc_formal_cremad_d11_f0_A,cremad,11,0,11,1.7772491218329785,1.840174643272717,50.69444444444444,47.56944444444444,45.94594594594595
fpc_formal_cremad_d11_f0_A,cremad,11,0,12,2.024356081021784,2.138896156081262,45.83333333333333,42.36111111111111,45.033191085822665
fpc_formal_cremad_d11_f0_A,cremad,11,0,13,1.7463401727669674,2.032287706920153,51.041666666666664,44.44444444444444,45.48364153627312
fpc_formal_cremad_d11_f0_A,cremad,11,0,14,1.966829081047023,2.135096846887693,51.388888888888886,46.52777777777778,49.00426742532006
fpc_formal_cremad_d11_f0_A,cremad,11,0,15,2.6233626155946386,2.808661584927398,44.79166666666667,39.58333333333333,41.54812707444287
fpc_formal_cremad_d11_f1_A,cremad,11,1,1,1.5489547159425083,1.5790631902924952,37.15277777777778,36.11111111111111,39.40256045519203
fpc_formal_cremad_d11_f1_A,cremad,11,1,2,1.541249348198701,1.5569782854963308,37.5,36.80555555555556,34.12754860123281
fpc_formal_cremad_d11_f1_A,cremad,11,1,3,1.3182149447352813,1.348780061957245,47.22222222222222,50.69444444444444,46.3963963963964
fpc_formal_cremad_d11_f1_A,cremad,11,1,4,1.258415900561094,1.3152536364727125,49.30555555555556,54.513888888888886,49.85775248933144
fpc_formal_cremad_d11_f1_A,cremad,11,1,5,1.1726838707915992,1.2848885833996602,55.90277777777778,52.77777777777778,50.059269796111906
fpc_formal_cremad_d11_f1_A,cremad,11,1,6,1.1629146933527095,1.2725250441152667,56.25,58.68055555555556,52.5841631104789
fpc_formal_cremad_d11_f1_A,cremad,11,1,7,1.2593916697257834,1.3330731828433622,54.166666666666664,53.125,52.14556661925083
fpc_formal_cremad_d11_f1_A,cremad,11,1,8,1.1087959575327357,1.1705368788585584,61.80555555555556,61.111111111111114,60.573731626363205
fpc_formal_cremad_d11_f1_A,cremad,11,1,9,1.3524305006583326,1.4215946693058272,56.25,54.861111111111114,55.12091038406828
fpc_formal_cremad_d11_f1_A,cremad,11,1,10,1.3369768738721262,1.4192583405790629,58.333333333333336,55.90277777777778,55.547652916073964
fpc_formal_cremad_d11_f1_A,cremad,11,1,11,1.1730624478376024,1.300410418561151,62.15277777777778,60.763888888888886,60.58558558558559
fpc_formal_cremad_d11_f1_A,cremad,11,1,12,1.8802476235846275,2.0334959319920998,51.388888888888886,45.83333333333333,45.04504504504504
fpc_formal_cremad_d11_f1_A,cremad,11,1,13,1.391256451106035,1.487094588765717,60.416666666666664,60.763888888888886,55.64248458985301
fpc_formal_cremad_d11_f1_A,cremad,11,1,14,1.8263587890001878,1.8895947788656235,53.125,54.861111111111114,49.91702228544334
fpc_formal_cremad_d11_f1_A,cremad,11,1,15,1.603718599940257,1.6970908199576185,58.68055555555556,60.06944444444444,55.15647226173542
fpc_formal_cremad_d11_f2_A,cremad,11,2,1,1.5611330953415457,1.561599929529612,38.54166666666667,32.63888888888889,34.21052631578947
fpc_formal_cremad_d11_f2_A,cremad,11,2,2,1.2950851794770581,1.2854230509803837,46.52777777777778,51.388888888888886,47.368421052631575
fpc_formal_cremad_d11_f2_A,cremad,11,2,3,1.0914200953075501,1.1165431477249086,56.25,56.25,53.07017543859649
fpc_formal_cremad_d11_f2_A,cremad,11,2,4,1.3254120525258526,1.3846363452783406,51.388888888888886,47.91666666666667,54.385964912280706
fpc_formal_cremad_d11_f2_A,cremad,11,2,5,1.0913999876964506,1.144757493775427,61.80555555555556,55.208333333333336,58.77192982456141
fpc_formal_cremad_d11_f2_A,cremad,11,2,6,1.1850654176840503,1.2396522043416318,58.68055555555556,53.81944444444444,55.26315789473685
fpc_formal_cremad_d11_f2_A,cremad,11,2,7,0.9901061014562581,1.0787117566465154,62.15277777777778,55.90277777777778,61.40350877192983
fpc_formal_cremad_d11_f2_A,cremad,11,2,8,1.2989838118274752,1.2921512830258703,57.291666666666664,54.513888888888886,55.26315789473685
fpc_formal_cremad_d11_f2_A,cremad,11,2,9,1.1355684396869654,1.2386708484415998,62.5,57.986111111111114,58.77192982456141
fpc_formal_cremad_d11_f2_A,cremad,11,2,10,1.391077623072843,1.493129245126987,59.375,53.125,55.26315789473685
fpc_formal_cremad_d11_f2_A,cremad,11,2,11,1.272665760578596,1.3170975161164078,61.111111111111114,58.68055555555556,56.57894736842105
fpc_formal_cremad_d11_f2_A,cremad,11,2,12,1.5861563436646011,1.6272179151669048,58.68055555555556,56.59722222222222,54.385964912280706
fpc_formal_cremad_d11_f2_A,cremad,11,2,13,1.7234790030449745,1.8233519380210608,54.861111111111114,52.77777777777778,52.19298245614035
fpc_formal_cremad_d11_f2_A,cremad,11,2,14,1.5511398276054413,1.622109650096665,61.458333333333336,56.59722222222222,56.57894736842105
fpc_formal_cremad_d11_f2_A,cremad,11,2,15,1.3838242271846883,1.5005563937552786,65.625,59.02777777777778,59.64912280701754
fpc_formal_cremad_d11_f3_A,cremad,11,3,1,1.6412550985402856,1.638577828688323,32.63888888888889,34.72222222222222,33.82352941176471
fpc_formal_cremad_d11_f3_A,cremad,11,3,2,1.585508441192838,1.575349164230464,29.51388888888889,30.555555555555557,37.745098039215684
fpc_formal_cremad_d11_f3_A,cremad,11,3,3,1.3636655759726457,1.3329602416878759,46.52777777777778,46.875,51.9607843137255
fpc_formal_cremad_d11_f3_A,cremad,11,3,4,1.1835384453829016,1.1827494620383312,52.77777777777778,50.0,57.84313725490197
fpc_formal_cremad_d11_f3_A,cremad,11,3,5,1.2456536665895173,1.2738326970053155,52.43055555555556,51.388888888888886,52.94117647058824
fpc_formal_cremad_d11_f3_A,cremad,11,3,6,1.296638828673685,1.346534405100738,54.166666666666664,50.34722222222222,53.431372549019606
fpc_formal_cremad_d11_f3_A,cremad,11,3,7,1.2540445839531904,1.3479967829878465,56.94444444444444,53.125,53.92156862745098
fpc_formal_cremad_d11_f3_A,cremad,11,3,8,1.2474809595770262,1.3234137318612806,54.166666666666664,50.0,58.333333333333336
fpc_formal_cremad_d11_f3_A,cremad,11,3,9,1.4241056122070492,1.506831408506046,54.513888888888886,51.736111111111114,56.86274509803921
fpc_formal_cremad_d11_f3_A,cremad,11,3,10,1.4767593826483636,1.5173263976795315,55.55555555555556,52.083333333333336,56.86274509803921
fpc_formal_cremad_d11_f3_A,cremad,11,3,11,1.6940657770036904,1.7299835376087518,54.166666666666664,52.77777777777778,50.49019607843137
fpc_formal_cremad_d11_f3_A,cremad,11,3,12,1.5580080402006213,1.6081629049816146,52.43055555555556,50.0,55.392156862745104
fpc_formal_cremad_d11_f3_A,cremad,11,3,13,1.4292431229192732,1.525298987523003,58.333333333333336,56.25,59.80392156862745
fpc_formal_cremad_d11_f3_A,cremad,11,3,14,1.5467652504106983,1.7216987012804799,57.291666666666664,51.388888888888886,60.29411764705882
fpc_formal_cremad_d11_f3_A,cremad,11,3,15,1.9759926068085762,2.010531160712003,51.388888888888886,52.083333333333336,51.470588235294116
fpc_formal_cremad_d11_f4_A,cremad,11,4,1,1.6002856733885717,1.5543204985134365,33.68055555555556,37.5,35.63576945929887
fpc_formal_cremad_d11_f4_A,cremad,11,4,2,1.5362389550697557,1.4683870301589086,37.15277777777778,39.93055555555556,39.40879382055852
fpc_formal_cremad_d11_f4_A,cremad,11,4,3,1.3887726275457233,1.3232652036962493,43.05555555555556,45.48611111111111,42.42424242424242
fpc_formal_cremad_d11_f4_A,cremad,11,4,4,1.3428468655699126,1.3197975536910636,47.56944444444444,44.44444444444444,44.42959001782531
fpc_formal_cremad_d11_f4_A,cremad,11,4,5,1.4271397637201708,1.4303733352160775,44.79166666666667,46.18055555555556,48.45513963161022
fpc_formal_cremad_d11_f4_A,cremad,11,4,6,1.1699254098086285,1.2148097170682408,55.55555555555556,48.95833333333333,51.29233511586453
fpc_formal_cremad_d11_f4_A,cremad,11,4,7,1.2228761867689757,1.1958788970890757,56.94444444444444,53.125,58.67498514557338
fpc_formal_cremad_d11_f4_A,cremad,11,4,8,1.2940438908332912,1.258716924383578,55.90277777777778,52.77777777777778,53.223410576351746
fpc_formal_cremad_d11_f4_A,cremad,11,4,9,1.2221446671701182,1.2407298483838314,56.25,54.166666666666664,50.81699346405229
fpc_formal_cremad_d11_f4_A,cremad,11,4,10,1.3959835987462481,1.3326105903791003,55.90277777777778,55.208333333333336,58.68983957219251
fpc_formal_cremad_d11_f4_A,cremad,11,4,11,1.420029567665734,1.4573226043193397,55.208333333333336,53.47222222222222,48.84135472370767
fpc_formal_cremad_d11_f4_A,cremad,11,4,12,1.708600480360567,1.5442470317017623,51.736111111111114,53.47222222222222,51.173499702911464
fpc_formal_cremad_d11_f4_A,cremad,11,4,13,1.5749700933450468,1.4477244178129982,53.47222222222222,54.861111111111114,55.15448603683898
fpc_formal_cremad_d11_f4_A,cremad,11,4,14,1.7161923372547316,1.6086195233544567,55.208333333333336,55.90277777777778,56.68449197860963
fpc_formal_cremad_d11_f4_A,cremad,11,4,15,1.7195215476198387,1.7003262377493424,55.90277777777778,56.59722222222222,55.213903743315505
fpc_formal_cremad_d12_f0_A,cremad,12,0,1,1.632125301603563,1.64789398848901,29.51388888888889,30.208333333333332,30.263157894736842
fpc_formal_cremad_d12_f0_A,cremad,12,0,2,1.4610277713220743,1.499695869125055,41.31944444444444,38.19444444444444,38.15789473684211
fpc_formal_cremad_d12_f0_A,cremad,12,0,3,1.4127414737076727,1.5027586078453976,47.22222222222222,41.66666666666667,41.66666666666667
fpc_formal_cremad_d12_f0_A,cremad,12,0,4,1.377932156326367,1.4268393483604915,52.083333333333336,47.91666666666667,46.05263157894737
fpc_formal_cremad_d12_f0_A,cremad,12,0,5,1.6247109938198987,1.58483099193568,49.30555555555556,46.18055555555556,48.68421052631579
fpc_formal_cremad_d12_f0_A,cremad,12,0,6,1.2409633821413708,1.3341262710960307,60.06944444444444,54.861111111111114,51.31578947368421
fpc_formal_cremad_d12_f0_A,cremad,12,0,7,1.6271378387337938,1.6445512191670153,53.47222222222222,48.26388888888889,45.17543859649123
fpc_formal_cremad_d12_f0_A,cremad,12,0,8,1.8502500385726794,1.7929834656963008,47.91666666666667,47.91666666666667,45.614035087719294
fpc_formal_cremad_d12_f0_A,cremad,12,0,9,2.1294639196519722,2.2154315984647686,44.79166666666667,42.70833333333333,41.228070175438596
fpc_formal_cremad_d12_f0_A,cremad,12,0,10,2.1032776520617977,2.0054516652556824,50.34722222222222,46.875,43.42105263157895
fpc_formal_cremad_d12_f0_A,cremad,12,0,11,2.6391831689210217,2.6031527595348773,43.40277777777778,42.01388888888889,40.35087719298245
fpc_formal_cremad_d12_f0_A,cremad,12,0,12,1.6611112763591462,1.7646244816752557,57.986111111111114,54.166666666666664,50.877192982456144
fpc_formal_cremad_d12_f0_A,cremad,12,0,13,1.8995064580256371,1.9611662773631566,56.25,50.69444444444444,46.92982456140351
fpc_formal_cremad_d12_f0_A,cremad,12,0,14,1.827844484354162,1.853987375593049,58.68055555555556,57.986111111111114,56.14035087719298
fpc_formal_cremad_d12_f0_A,cremad,12,0,15,1.9797423405705576,1.9867755905198439,55.90277777777778,51.041666666666664,47.80701754385965
fpc_formal_cremad_d12_f1_A,cremad,12,1,1,1.6206807528285894,1.5592561280214192,34.02777777777778,37.15277777777778,33.33333333333333
fpc_formal_cremad_d12_f1_A,cremad,12,1,2,1.4761691775541554,1.407161918233815,39.58333333333333,41.66666666666667,37.280701754385966
fpc_formal_cremad_d12_f1_A,cremad,12,1,3,1.3764162680209506,1.3041185252736993,45.83333333333333,46.18055555555556,42.10526315789473
fpc_formal_cremad_d12_f1_A,cremad,12,1,4,1.155806541663154,1.1243578166044423,57.638888888888886,55.90277777777778,59.210526315789465
fpc_formal_cremad_d12_f1_A,cremad,12,1,5,1.0744144290175217,1.042768827494869,57.291666666666664,57.291666666666664,59.64912280701754
fpc_formal_cremad_d12_f1_A,cremad,12,1,6,1.1144925840505988,1.0892996232466718,60.06944444444444,58.333333333333336,56.57894736842105
fpc_formal_cremad_d12_f1_A,cremad,12,1,7,1.1802572008072214,1.1442348056399274,58.333333333333336,58.68055555555556,58.333333333333336
fpc_formal_cremad_d12_f1_A,cremad,12,1,8,1.6367058871338274,1.5409702506997753,49.65277777777778,53.125,51.75438596491229
fpc_formal_cremad_d12_f1_A,cremad,12,1,9,1.1823450270305527,1.1506830116596234,57.638888888888886,58.68055555555556,60.08771929824561
fpc_formal_cremad_d12_f1_A,cremad,12,1,10,1.2089339905181267,1.2281961837529027,60.06944444444444,60.763888888888886,57.89473684210527
fpc_formal_cremad_d12_f1_A,cremad,12,1,11,1.462905301203599,1.4189851879685078,56.25,57.986111111111114,56.14035087719298
fpc_formal_cremad_d12_f1_A,cremad,12,1,12,1.9974967223826465,1.8435629555431783,51.388888888888886,52.083333333333336,47.368421052631575
fpc_formal_cremad_d12_f1_A,cremad,12,1,13,1.3892558996719055,1.37923195277861,63.19444444444444,59.375,60.96491228070175
fpc_formal_cremad_d12_f1_A,cremad,12,1,14,1.7999126783008532,1.8432631459536155,54.166666666666664,55.55555555555556,51.75438596491229
fpc_formal_cremad_d12_f1_A,cremad,12,1,15,1.4713399719417062,1.602569301661993,60.763888888888886,60.416666666666664,61.40350877192983
fpc_formal_cremad_d12_f2_A,cremad,12,2,1,1.5209160557307355,1.6360411090088343,35.06944444444444,34.375,36.40350877192983
fpc_formal_cremad_d12_f2_A,cremad,12,2,2,1.393638165155848,1.621697495815104,42.36111111111111,39.93055555555556,46.92982456140351
fpc_formal_cremad_d12_f2_A,cremad,12,2,3,1.4001770395975697,1.628684738007066,41.66666666666667,40.625,39.03508771929825
fpc_formal_cremad_d12_f2_A,cremad,12,2,4,1.2571639852655612,1.4934126057412105,46.52777777777778,44.79166666666667,45.614035087719294
fpc_formal_cremad_d12_f2_A,cremad,12,2,5,1.3082864820642064,1.511179894886919,46.875,46.875,44.73684210526316
fpc_formal_cremad_d12_f2_A,cremad,12,2,6,1.4281533906178656,1.7121152529762578,45.13888888888889,46.18055555555556,43.42105263157895
fpc_formal_cremad_d12_f2_A,cremad,12,2,7,1.552958018201703,1.8056371562200195,45.13888888888889,46.18055555555556,41.66666666666667
fpc_formal_cremad_d12_f2_A,cremad,12,2,8,1.5000525575079178,1.7852901284026887,48.61111111111111,48.61111111111111,48.24561403508772
fpc_formal_cremad_d12_f2_A,cremad,12,2,9,2.0292866037309802,2.2209014078751386,41.66666666666667,42.70833333333333,39.473684210526315
fpc_formal_cremad_d12_f2_A,cremad,12,2,10,2.101889083916782,2.379281472765221,42.70833333333333,42.70833333333333,42.98245614035088
fpc_formal_cremad_d12_f2_A,cremad,12,2,11,2.1192601205295953,2.654069173404596,43.05555555555556,38.19444444444444,41.66666666666667
fpc_formal_cremad_d12_f2_A,cremad,12,2,12,2.3821610977528342,2.6011121254459257,40.27777777777778,43.40277777777778,41.228070175438596
fpc_formal_cremad_d12_f2_A,cremad,12,2,13,2.9640071228738996,3.1772923916618816,38.88888888888889,39.93055555555556,38.15789473684211
fpc_formal_cremad_d12_f2_A,cremad,12,2,14,2.1684637750494185,2.6292164319219276,44.09722222222222,46.875,47.80701754385965
fpc_formal_cremad_d12_f2_A,cremad,12,2,15,1.98137978754597,2.3746455102715016,46.875,50.0,51.31578947368421
fpc_formal_cremad_d12_f3_A,cremad,12,3,1,1.6212175386988834,1.619339561056112,29.166666666666668,33.68055555555556,31.818181818181817
fpc_formal_cremad_d12_f3_A,cremad,12,3,2,1.4077399698945177,1.4210590092733526,44.79166666666667,42.01388888888889,43.93939393939394
fpc_formal_cremad_d12_f3_A,cremad,12,3,3,1.4041748569072583,1.3892342653679468,42.70833333333333,40.27777777777778,42.42424242424242
fpc_formal_cremad_d12_f3_A,cremad,12,3,4,1.3509102238974244,1.307938858495338,49.30555555555556,47.56944444444444,52.52525252525253
fpc_formal_cremad_d12_f3_A,cremad,12,3,5,1.284787192503206,1.2846832608660401,50.69444444444444,53.47222222222222,56.56565656565656
fpc_formal_cremad_d12_f3_A,cremad,12,3,6,1.0147206194982017,1.1312683612435537,59.02777777777778,57.291666666666664,60.60606060606061
fpc_formal_cremad_d12_f3_A,cremad,12,3,7,1.3083452029379685,1.348888352217695,52.083333333333336,53.81944444444444,55.55555555555556
fpc_formal_cremad_d12_f3_A,cremad,12,3,8,1.5551530973744907,1.560854806704272,47.56944444444444,50.34722222222222,50.505050505050505
fpc_formal_cremad_d12_f3_A,cremad,12,3,9,1.4325991256528328,1.6075839619262327,52.43055555555556,52.43055555555556,52.52525252525253
fpc_formal_cremad_d12_f3_A,cremad,12,3,10,1.8868347609367921,1.889178523613664,46.875,49.30555555555556,49.494949494949495
fpc_formal_cremad_d12_f3_A,cremad,12,3,11,1.5444063522416955,1.6762584751657672,50.69444444444444,52.43055555555556,55.55555555555556
fpc_formal_cremad_d12_f3_A,cremad,12,3,12,1.9378487118085945,2.005591781212861,47.91666666666667,49.30555555555556,52.02020202020202
fpc_formal_cremad_d12_f3_A,cremad,12,3,13,2.378884263816629,2.525232947468362,44.44444444444444,46.52777777777778,43.43434343434344
fpc_formal_cremad_d12_f3_A,cremad,12,3,14,2.1725518161760036,2.192599055290413,48.95833333333333,51.388888888888886,47.474747474747474
fpc_formal_cremad_d12_f3_A,cremad,12,3,15,1.8412733739179332,1.9817779957136286,53.125,55.55555555555556,57.07070707070707
fpc_formal_cremad_d12_f4_A,cremad,12,4,1,1.6298904621525594,1.6491866795955379,27.77777777777778,31.25,29.471182412358882
fpc_formal_cremad_d12_f4_A,cremad,12,4,2,1.4076489806068204,1.458067339046139,45.48611111111111,45.83333333333333,42.513368983957214
fpc_formal_cremad_d12_f4_A,cremad,12,4,3,1.3077952309866874,1.3580720283257957,48.61111111111111,47.91666666666667,44.904931669637556
fpc_formal_cremad_d12_f4_A,cremad,12,4,4,1.1991958070891655,1.2754004062956739,51.041666666666664,52.43055555555556,47.860962566844925
fpc_formal_cremad_d12_f4_A,cremad,12,4,5,1.2610892530065752,1.3506114641515043,48.61111111111111,50.0,48.36601307189542
fpc_formal_cremad_d12_f4_A,cremad,12,4,6,1.1470846365461322,1.2301809148495648,55.55555555555556,60.416666666666664,49.89601901366607
fpc_formal_cremad_d12_f4_A,cremad,12,4,7,1.3021753122968933,1.4252077859805743,52.77777777777778,56.94444444444444,46.9399881164587
fpc_formal_cremad_d12_f4_A,cremad,12,4,8,1.4452799241309056,1.5544818153618816,53.125,54.513888888888886,49.4058229352347
fpc_formal_cremad_d12_f4_A,cremad,12,4,9,1.052225888742604,1.3020076017689004,65.625,64.58333333333334,55.3030303030303
fpc_formal_cremad_d12_f4_A,cremad,12,4,10,1.5742558603822185,1.7133237280438633,54.166666666666664,53.125,49.94058229352347
fpc_formal_cremad_d12_f4_A,cremad,12,4,11,1.1112216964774302,1.3488022270684388,64.93055555555556,61.458333333333336,54.248366013071895
fpc_formal_cremad_d12_f4_A,cremad,12,4,12,1.2328331709136822,1.5814702491888164,63.19444444444444,61.80555555555556,52.83719548425431
fpc_formal_cremad_d12_f4_A,cremad,12,4,13,1.2549299727776888,1.5334205863505586,63.541666666666664,60.763888888888886,51.36660724896019
fpc_formal_cremad_d12_f4_A,cremad,12,4,14,1.2281403088970027,1.5639959734500215,67.01388888888889,63.888888888888886,49.88116458704694
fpc_formal_cremad_d12_f4_A,cremad,12,4,15,1.8323363916625215,1.9217086683189584,51.736111111111114,56.59722222222222,51.81224004753416
fpc_formal_cremad_d13_f0_A,cremad,13,0,1,1.5976652610924642,1.650711250177626,30.555555555555557,25.694444444444443,30.263157894736842
fpc_formal_cremad_d13_f0_A,cremad,13,0,2,1.4198545747439237,1.471265708128472,42.01388888888889,43.75,42.54385964912281
fpc_formal_cremad_d13_f0_A,cremad,13,0,3,1.3785239916759684,1.463126308212428,42.70833333333333,41.66666666666667,39.473684210526315
fpc_formal_cremad_d13_f0_A,cremad,13,0,4,1.2375390428204063,1.3744691518376446,54.166666666666664,46.875,48.24561403508772
fpc_formal_cremad_d13_f0_A,cremad,13,0,5,1.459138960718275,1.6293182380227709,49.30555555555556,44.79166666666667,43.42105263157895
fpc_formal_cremad_d13_f0_A,cremad,13,0,6,1.2239008726840663,1.4029704739318396,55.55555555555556,53.47222222222222,50.0
fpc_formal_cremad_d13_f0_A,cremad,13,0,7,0.9963064795513067,1.2305185166055237,66.66666666666666,57.986111111111114,54.824561403508774
fpc_formal_cremad_d13_f0_A,cremad,13,0,8,0.9782364880714327,1.1837286659180486,65.625,56.59722222222222,55.26315789473685
fpc_formal_cremad_d13_f0_A,cremad,13,0,9,1.5437723389060483,1.8419177319195097,56.59722222222222,53.47222222222222,45.17543859649123
fpc_formal_cremad_d13_f0_A,cremad,13,0,10,1.6849831643424227,2.073402258505319,55.55555555555556,50.69444444444444,43.42105263157895
fpc_formal_cremad_d13_f0_A,cremad,13,0,11,1.5338498182597207,1.8949606833237362,60.763888888888886,54.166666666666664,47.80701754385965
fpc_formal_cremad_d13_f0_A,cremad,13,0,12,1.5997708066328962,1.9600399467837653,58.333333333333336,51.041666666666664,52.19298245614035
fpc_formal_cremad_d13_f0_A,cremad,13,0,13,1.4793775511729885,1.9314127685137947,62.5,54.513888888888886,51.75438596491229
fpc_formal_cremad_d13_f0_A,cremad,13,0,14,1.3640665456926473,1.7929154729250807,66.31944444444444,57.986111111111114,53.94736842105263
fpc_formal_cremad_d13_f0_A,cremad,13,0,15,1.49244162829033,2.013283639560319,63.19444444444444,56.94444444444444,55.26315789473685
fpc_formal_cremad_d13_f1_A,cremad,13,1,1,1.5815829202964231,1.6046503515264443,35.06944444444444,31.944444444444443,33.78378378378378
fpc_formal_cremad_d13_f1_A,cremad,13,1,2,1.5245588706139779,1.5835730192720863,38.54166666666667,37.84722222222222,40.090090090090094
fpc_formal_cremad_d13_f1_A,cremad,13,1,3,1.3086667279702142,1.4793831469407472,44.79166666666667,40.625,45.04504504504504
fpc_formal_cremad_d13_f1_A,cremad,13,1,4,1.486653843961271,1.6318567946418407,42.01388888888889,37.84722222222222,40.99099099099099
fpc_formal_cremad_d13_f1_A,cremad,13,1,5,1.4709656501466115,1.6509683362421237,43.40277777777778,44.09722222222222,48.64864864864865
fpc_formal_cremad_d13_f1_A,cremad,13,1,6,1.1626799149941698,1.3640980127204816,55.55555555555556,52.083333333333336,59.009009009009006
fpc_formal_cremad_d13_f1_A,cremad,13,1,7,1.5602960156385501,1.686437529299634,44.79166666666667,45.48611111111111,46.3963963963964
fpc_formal_cremad_d13_f1_A,cremad,13,1,8,1.642322148309856,1.8264984818408898,45.83333333333333,38.88888888888889,44.14414414414414
fpc_formal_cremad_d13_f1_A,cremad,13,1,9,1.6816418233914217,1.869446496912052,50.34722222222222,43.05555555555556,46.3963963963964
fpc_formal_cremad_d13_f1_A,cremad,13,1,10,1.8014907253622394,1.9895787014719712,47.91666666666667,45.83333333333333,49.549549549549546
fpc_formal_cremad_d13_f1_A,cremad,13,1,11,1.3419392465164144,1.4822444070203895,59.72222222222222,56.59722222222222,59.009009009009006
fpc_formal_cremad_d13_f1_A,cremad,13,1,12,1.5382245344553498,1.6965842351201803,55.55555555555556,50.69444444444444,53.6036036036036
fpc_formal_cremad_d13_f1_A,cremad,13,1,13,1.8180998258032024,1.9347651820051905,53.47222222222222,51.736111111111114,50.0
fpc_formal_cremad_d13_f1_A,cremad,13,1,14,2.1219523196687,2.284563894106677,49.30555555555556,46.18055555555556,47.2972972972973
fpc_formal_cremad_d13_f1_A,cremad,13,1,15,2.4159748844658555,2.619587481768141,44.09722222222222,43.75,43.24324324324324
fpc_formal_cremad_d13_f2_A,cremad,13,2,1,1.616840181902174,1.6040655928049707,33.68055555555556,30.555555555555557,40.78947368421053
fpc_formal_cremad_d13_f2_A,cremad,13,2,2,1.427621086048671,1.4266557898926506,41.66666666666667,43.05555555555556,51.31578947368421
fpc_formal_cremad_d13_f2_A,cremad,13,2,3,1.3324497300112568,1.3765745468384762,45.13888888888889,43.75,53.07017543859649
fpc_formal_cremad_d13_f2_A,cremad,13,2,4,1.109568551620528,1.2543767898627118,57.291666666666664,47.91666666666667,54.385964912280706
fpc_formal_cremad_d13_f2_A,cremad,13,2,5,1.1828240489796993,1.323023387962482,55.90277777777778,46.875,53.94736842105263
fpc_formal_cremad_d13_f2_A,cremad,13,2,6,0.9931697448145967,1.18647863650986,61.111111111111114,55.208333333333336,60.96491228070175
fpc_formal_cremad_d13_f2_A,cremad,13,2,7,0.9977893559150799,1.1271684341421928,64.23611111111111,55.90277777777778,62.71929824561403
fpc_formal_cremad_d13_f2_A,cremad,13,2,8,1.3928004314994642,1.5781597134862118,51.736111111111114,44.09722222222222,54.385964912280706
fpc_formal_cremad_d13_f2_A,cremad,13,2,9,0.9594336344725432,1.1879744934574439,67.70833333333334,58.333333333333336,64.91228070175438
fpc_formal_cremad_d13_f2_A,cremad,13,2,10,1.2198249278217657,1.457597331437951,62.84722222222222,54.513888888888886,57.89473684210527
fpc_formal_cremad_d13_f2_A,cremad,13,2,11,1.331840585210812,1.6891956961612193,58.333333333333336,52.43055555555556,56.14035087719298
fpc_formal_cremad_d13_f2_A,cremad,13,2,12,1.3507464234017497,1.686107382870589,60.06944444444444,53.81944444444444,64.47368421052632
fpc_formal_cremad_d13_f2_A,cremad,13,2,13,1.4736013548905378,1.7173799059802834,59.02777777777778,52.43055555555556,59.210526315789465
fpc_formal_cremad_d13_f2_A,cremad,13,2,14,1.1825477266118658,1.5823655100786966,65.97222222222221,55.55555555555556,61.40350877192983
fpc_formal_cremad_d13_f2_A,cremad,13,2,15,1.6659668136036818,1.9365150738994512,57.986111111111114,50.34722222222222,57.89473684210527
fpc_formal_cremad_d13_f3_A,cremad,13,3,1,1.6500261433937888,1.634234128266821,34.375,35.76388888888889,34.80392156862745
fpc_formal_cremad_d13_f3_A,cremad,13,3,2,1.4702511418319528,1.4490489907466797,42.01388888888889,37.5,41.66666666666667
fpc_formal_cremad_d13_f3_A,cremad,13,3,3,1.3621277460419075,1.3819244593232103,43.75,45.13888888888889,45.09803921568628
fpc_formal_cremad_d13_f3_A,cremad,13,3,4,1.4972394015791157,1.479419908824661,42.01388888888889,43.05555555555556,44.11764705882353
fpc_formal_cremad_d13_f3_A,cremad,13,3,5,1.3102177759457956,1.3284324160919951,49.65277777777778,52.77777777777778,51.9607843137255
fpc_formal_cremad_d13_f3_A,cremad,13,3,6,1.2541438910266918,1.3014678270700735,52.77777777777778,55.90277777777778,47.05882352941176
fpc_formal_cremad_d13_f3_A,cremad,13,3,7,1.179531127689147,1.2014947624103582,52.77777777777778,55.208333333333336,51.470588235294116
fpc_formal_cremad_d13_f3_A,cremad,13,3,8,1.3698128356816763,1.4646033086454362,53.81944444444444,53.47222222222222,50.49019607843137
fpc_formal_cremad_d13_f3_A,cremad,13,3,9,1.3460235754129768,1.4440492412665842,54.513888888888886,55.55555555555556,54.90196078431373
fpc_formal_cremad_d13_f3_A,cremad,13,3,10,1.4338075912056147,1.6081295674533536,56.25,55.208333333333336,52.94117647058824
fpc_formal_cremad_d13_f3_A,cremad,13,3,11,1.4083416634512014,1.3957476621627343,59.72222222222222,58.68055555555556,55.392156862745104
fpc_formal_cremad_d13_f3_A,cremad,13,3,12,1.2910687961323781,1.512044532463329,61.80555555555556,58.333333333333336,55.392156862745104
fpc_formal_cremad_d13_f3_A,cremad,13,3,13,1.3395162147001878,1.5489323802673758,57.291666666666664,55.90277777777778,54.41176470588235
fpc_formal_cremad_d13_f3_A,cremad,13,3,14,1.670555308029737,1.71335559956047,57.291666666666664,57.638888888888886,51.470588235294116
fpc_formal_cremad_d13_f3_A,cremad,13,3,15,1.4933427627553273,1.68042696259998,59.72222222222222,57.638888888888886,56.86274509803921
fpc_formal_cremad_d13_f4_A,cremad,13,4,1,1.5734747598726153,1.5687213764392598,40.97222222222222,38.19444444444444,37.745098039215684
fpc_formal_cremad_d13_f4_A,cremad,13,4,2,1.3602383392019881,1.3158674345823371,46.875,45.83333333333333,46.568627450980394
fpc_formal_cremad_d13_f4_A,cremad,13,4,3,1.2154306838843985,1.18598958630285,51.736111111111114,54.166666666666664,56.86274509803921
fpc_formal_cremad_d13_f4_A,cremad,13,4,4,1.1771986831556813,1.1373677683570012,54.861111111111114,54.861111111111114,57.35294117647059
fpc_formal_cremad_d13_f4_A,cremad,13,4,5,1.1477591419853315,1.231423141202289,56.59722222222222,52.083333333333336,48.03921568627451
fpc_formal_cremad_d13_f4_A,cremad,13,4,6,1.2927953372117083,1.4162918642689089,52.083333333333336,50.34722222222222,45.588235294117645
fpc_formal_cremad_d13_f4_A,cremad,13,4,7,1.065546792391965,1.0465091959675061,59.02777777777778,62.5,60.78431372549019
fpc_formal_cremad_d13_f4_A,cremad,13,4,8,1.0456244320294898,1.1621188386849413,55.55555555555556,59.02777777777778,58.333333333333336
fpc_formal_cremad_d13_f4_A,cremad,13,4,9,1.287513442548751,1.5095519941068114,54.513888888888886,52.43055555555556,50.0
fpc_formal_cremad_d13_f4_A,cremad,13,4,10,1.1043235565858092,1.356616534800222,62.5,59.72222222222222,56.86274509803921
fpc_formal_cremad_d13_f4_A,cremad,13,4,11,1.2155044074915522,1.4587110050550036,57.291666666666664,57.986111111111114,54.41176470588235
fpc_formal_cremad_d13_f4_A,cremad,13,4,12,1.1306613980613645,1.2894311375363527,63.541666666666664,61.80555555555556,60.78431372549019
fpc_formal_cremad_d13_f4_A,cremad,13,4,13,1.166136057152836,1.3182670430465104,62.15277777777778,65.97222222222221,59.80392156862745
fpc_formal_cremad_d13_f4_A,cremad,13,4,14,1.2724956804169918,1.4414558981575487,61.111111111111114,62.5,55.392156862745104
fpc_formal_cremad_d13_f4_A,cremad,13,4,15,1.2604495760187728,1.4315833178396882,62.15277777777778,60.416666666666664,60.78431372549019
fpc_formal_cremad_d14_f0_A,cremad,14,0,1,1.5735330020677196,1.568259885471499,29.51388888888889,30.90277777777778,30.263157894736842
fpc_formal_cremad_d14_f0_A,cremad,14,0,2,1.776338085171462,1.9091231395114159,26.73611111111111,25.34722222222222,28.50877192982456
fpc_formal_cremad_d14_f0_A,cremad,14,0,3,1.488568256868766,1.6741904693800624,41.31944444444444,35.41666666666667,33.771929824561404
fpc_formal_cremad_d14_f0_A,cremad,14,0,4,1.3337917152886103,1.4641051613322074,48.95833333333333,44.09722222222222,44.73684210526316
fpc_formal_cremad_d14_f0_A,cremad,14,0,5,1.259392866830263,1.3880408772617903,50.0,45.83333333333333,50.43859649122807
fpc_formal_cremad_d14_f0_A,cremad,14,0,6,1.3240981619893666,1.4888743225040812,52.77777777777778,48.26388888888889,48.68421052631579
fpc_formal_cremad_d14_f0_A,cremad,14,0,7,1.4684691001444734,1.662747277657683,49.30555555555556,46.18055555555556,48.24561403508772
fpc_formal_cremad_d14_f0_A,cremad,14,0,8,1.5771371103119143,1.8219451162788498,50.69444444444444,46.875,46.49122807017544
fpc_formal_cremad_d14_f0_A,cremad,14,0,9,1.4586053556082146,1.6080404261740928,54.513888888888886,52.083333333333336,52.63157894736842
fpc_formal_cremad_d14_f0_A,cremad,14,0,10,1.6921461724883895,1.9928262804309311,51.041666666666664,49.65277777777778,47.80701754385965
fpc_formal_cremad_d14_f0_A,cremad,14,0,11,1.2561988907885175,1.5539436902947519,63.19444444444444,57.291666666666664,54.385964912280706
fpc_formal_cremad_d14_f0_A,cremad,14,0,12,1.546891060778377,1.8161311779527338,56.59722222222222,52.77777777777778,50.0
fpc_formal_cremad_d14_f0_A,cremad,14,0,13,1.4494446984127842,1.7655234572739955,58.68055555555556,56.25,53.94736842105263
fpc_formal_cremad_d14_f0_A,cremad,14,0,14,1.510046656643678,1.8497521300999011,58.333333333333336,52.43055555555556,50.877192982456144
fpc_formal_cremad_d14_f0_A,cremad,14,0,15,1.6427115619942525,1.87559893962176,54.861111111111114,52.43055555555556,52.63157894736842
fpc_formal_cremad_d14_f1_A,cremad,14,1,1,1.6589612102602906,1.6470890060447614,32.98611111111111,31.59722222222222,30.263157894736842
fpc_formal_cremad_d14_f1_A,cremad,14,1,2,1.4473891326631476,1.4489339767664187,41.66666666666667,40.97222222222222,41.228070175438596
fpc_formal_cremad_d14_f1_A,cremad,14,1,3,1.3692570731646982,1.382778798081153,40.625,43.75,49.56140350877193
fpc_formal_cremad_d14_f1_A,cremad,14,1,4,1.126437713648426,1.1801198862411375,54.513888888888886,51.388888888888886,59.64912280701754
fpc_formal_cremad_d14_f1_A,cremad,14,1,5,1.2292914751639339,1.2003963924267016,52.77777777777778,53.47222222222222,59.210526315789465
fpc_formal_cremad_d14_f1_A,cremad,14,1,6,1.014710914878865,1.0349114550495697,61.80555555555556,60.416666666666664,64.03508771929825
fpc_formal_cremad_d14_f1_A,cremad,14,1,7,1.1847542325941636,1.2568516744297815,56.25,52.43055555555556,60.526315789473685
fpc_formal_cremad_d14_f1_A,cremad,14,1,8,1.2115705306729407,1.2670094633970146,58.68055555555556,57.291666666666664,63.59649122807017
fpc_formal_cremad_d14_f1_A,cremad,14,1,9,1.224382173345112,1.2029272908563795,55.55555555555556,56.59722222222222,54.824561403508774
fpc_formal_cremad_d14_f1_A,cremad,14,1,10,1.077514649743443,1.1804121333353075,64.23611111111111,59.02777777777778,59.210526315789465
fpc_formal_cremad_d14_f1_A,cremad,14,1,11,1.3480738808004153,1.3794362212962055,57.291666666666664,55.55555555555556,58.77192982456141
fpc_formal_cremad_d14_f1_A,cremad,14,1,12,1.4663043326442684,1.6190772922490368,56.59722222222222,51.736111111111114,60.526315789473685
fpc_formal_cremad_d14_f1_A,cremad,14,1,13,1.5719461846755567,1.6170177324566515,56.25,56.25,60.526315789473685
fpc_formal_cremad_d14_f1_A,cremad,14,1,14,1.6191284149757317,1.779257041168352,54.861111111111114,53.125,60.08771929824561
fpc_formal_cremad_d14_f1_A,cremad,14,1,15,1.5535331769672511,1.7092710726301157,57.986111111111114,56.59722222222222,61.40350877192983
fpc_formal_cremad_d14_f2_A,cremad,14,2,1,1.5977322863389838,1.6137103505395063,34.375,34.72222222222222,39.29587482219061
fpc_formal_cremad_d14_f2_A,cremad,14,2,2,1.4607783504031369,1.455523727031747,40.97222222222222,43.05555555555556,39.68705547652916
fpc_formal_cremad_d14_f2_A,cremad,14,2,3,1.3105469127328095,1.3352098608659335,49.30555555555556,46.18055555555556,49.79848269321954
fpc_formal_cremad_d14_f2_A,cremad,14,2,4,1.3397192461405791,1.4042324350920228,47.22222222222222,45.13888888888889,45.353247984826936
fpc_formal_cremad_d14_f2_A,cremad,14,2,5,1.1215991106853553,1.2194025633255037,56.59722222222222,53.125,55.5239449976292
fpc_formal_cremad_d14_f2_A,cremad,14,2,6,1.3553416133922491,1.5075713241263178,51.388888888888886,46.52777777777778,49.24134660976766
fpc_formal_cremad_d14_f2_A,cremad,14,2,7,1.1278063946622428,1.2158364712072418,56.59722222222222,54.861111111111114,54.56377430061641
fpc_formal_cremad_d14_f2_A,cremad,14,2,8,1.36708198894643,1.6329685372510685,55.208333333333336,50.69444444444444,52.29966808914177
fpc_formal_cremad_d14_f2_A,cremad,14,2,9,1.2439721657396638,1.4616832286567183,56.25,52.77777777777778,51.872925557136085
fpc_formal_cremad_d14_f2_A,cremad,14,2,10,1.4032882841530674,1.6356134812169572,55.208333333333336,52.77777777777778,50.48601232811759
fpc_formal_cremad_d14_f2_A,cremad,14,2,11,1.1224756814139785,1.4277923584437042,61.111111111111114,55.90277777777778,53.366524419156
fpc_formal_cremad_d14_f2_A,cremad,14,2,12,1.3000283117077245,1.600316429793869,59.72222222222222,54.166666666666664,51.552868658131814
fpc_formal_cremad_d14_f2_A,cremad,14,2,13,1.435704343739037,1.6777768926782193,56.59722222222222,54.513888888888886,53.307254623044095
fpc_formal_cremad_d14_f2_A,cremad,14,2,14,1.5440759375002766,1.9315774852144858,55.90277777777778,49.65277777777778,51.588430535798956
fpc_formal_cremad_d14_f2_A,cremad,14,2,15,1.2020638508552404,1.606540802169186,63.19444444444444,55.55555555555556,54.208155523945
fpc_formal_cremad_d14_f3_A,cremad,14,3,1,1.5780961816448287,1.6280234360688512,32.98611111111111,32.63888888888889,32.323232323232325
fpc_formal_cremad_d14_f3_A,cremad,14,3,2,1.5293859687643139,1.5602577729481806,38.88888888888889,35.76388888888889,41.91919191919192
fpc_formal_cremad_d14_f3_A,cremad,14,3,3,1.3134489669102472,1.402941416871737,48.26388888888889,45.48611111111111,47.474747474747474
fpc_formal_cremad_d14_f3_A,cremad,14,3,4,1.2041153070396642,1.3569503940035024,55.90277777777778,47.91666666666667,51.010101010101
fpc_formal_cremad_d14_f3_A,cremad,14,3,5,1.4639728294540144,1.7552978297325792,51.388888888888886,38.88888888888889,47.97979797979798
fpc_formal_cremad_d14_f3_A,cremad,14,3,6,0.9770962723728552,1.2143282603507533,64.58333333333334,53.81944444444444,58.58585858585859
fpc_formal_cremad_d14_f3_A,cremad,14,3,7,1.2258209756873713,1.6409385729160277,56.25,46.875,51.515151515151516
fpc_formal_cremad_d14_f3_A,cremad,14,3,8,0.8911567401813851,1.2851040470437265,69.79166666666666,57.638888888888886,60.60606060606061
fpc_formal_cremad_d14_f3_A,cremad,14,3,9,1.3039594230050018,1.7251803936644274,55.208333333333336,46.18055555555556,52.52525252525253
fpc_formal_cremad_d14_f3_A,cremad,14,3,10,0.9994950254999644,1.433950930659294,67.36111111111111,59.375,61.111111111111114
fpc_formal_cremad_d14_f3_A,cremad,14,3,11,1.0119288571733775,1.5256090678053074,68.05555555555556,56.59722222222222,58.080808080808076
fpc_formal_cremad_d14_f3_A,cremad,14,3,12,1.1603705980764494,1.7090927849836188,66.31944444444444,53.125,57.07070707070707
fpc_formal_cremad_d14_f3_A,cremad,14,3,13,1.0800182681325046,1.6662976791837212,68.40277777777779,58.68055555555556,60.1010101010101
fpc_formal_cremad_d14_f3_A,cremad,14,3,14,1.1386448363836577,1.6017064102740137,67.36111111111111,58.333333333333336,60.1010101010101
fpc_formal_cremad_d14_f3_A,cremad,14,3,15,1.2077355422379774,1.7339052257388827,69.09722222222221,57.986111111111114,59.09090909090909
fpc_formal_cremad_d14_f4_A,cremad,14,4,1,1.6170915940770927,1.6074834159183133,29.86111111111111,30.90277777777778,31.313131313131315
fpc_formal_cremad_d14_f4_A,cremad,14,4,2,1.8662761386111413,1.9716895881424383,23.26388888888889,24.305555555555554,22.727272727272727
fpc_formal_cremad_d14_f4_A,cremad,14,4,3,1.4805972290618814,1.4539305897355141,39.23611111111111,42.70833333333333,43.43434343434344
fpc_formal_cremad_d14_f4_A,cremad,14,4,4,1.5126832314461882,1.60888515556023,42.01388888888889,40.625,39.39393939393939
fpc_formal_cremad_d14_f4_A,cremad,14,4,5,1.5193457914429098,1.7298026401030684,46.18055555555556,40.97222222222222,38.38383838383838
fpc_formal_cremad_d14_f4_A,cremad,14,4,6,1.4144812556366972,1.6886331529623488,48.95833333333333,42.70833333333333,43.43434343434344
fpc_formal_cremad_d14_f4_A,cremad,14,4,7,1.3847713365639651,1.5070641369377626,46.875,50.0,44.94949494949495
fpc_formal_cremad_d14_f4_A,cremad,14,4,8,1.4560013910220977,1.876705699803819,51.388888888888886,42.70833333333333,42.92929292929293
fpc_formal_cremad_d14_f4_A,cremad,14,4,9,1.6292551091959036,2.032842795166385,48.26388888888889,45.13888888888889,42.42424242424242
fpc_formal_cremad_d14_f4_A,cremad,14,4,10,1.6812059437029006,2.1740569889833585,52.083333333333336,43.05555555555556,43.43434343434344
fpc_formal_cremad_d14_f4_A,cremad,14,4,11,1.5162395078331226,1.858073080606499,53.125,48.95833333333333,49.494949494949495
fpc_formal_cremad_d14_f4_A,cremad,14,4,12,1.8228990220931867,2.4724227760955144,52.43055555555556,42.36111111111111,41.91919191919192
fpc_formal_cremad_d14_f4_A,cremad,14,4,13,2.1595084481665663,2.613203631880708,44.44444444444444,43.75,41.41414141414141
fpc_formal_cremad_d14_f4_A,cremad,14,4,14,1.618662196764295,2.11334574816043,57.291666666666664,50.34722222222222,46.96969696969697
fpc_formal_cremad_d14_f4_A,cremad,14,4,15,2.126030941045416,2.6805875952245044,46.875,44.79166666666667,39.8989898989899
fpc_formal_cremad_d15_f0_A,cremad,15,0,1,1.5696574818350095,1.6168053874403308,37.5,33.68055555555556,33.33333333333333
fpc_formal_cremad_d15_f0_A,cremad,15,0,2,1.4341047459420502,1.534105602763872,40.97222222222222,37.15277777777778,39.03508771929825
fpc_formal_cremad_d15_f0_A,cremad,15,0,3,1.3729742069268838,1.4781308068086316,47.22222222222222,38.54166666666667,43.859649122807014
fpc_formal_cremad_d15_f0_A,cremad,15,0,4,1.2272884967928046,1.3474143928693718,54.166666666666664,48.61111111111111,47.80701754385965
fpc_formal_cremad_d15_f0_A,cremad,15,0,5,1.219726020659311,1.3769426595483922,52.43055555555556,48.95833333333333,51.31578947368421
fpc_formal_cremad_d15_f0_A,cremad,15,0,6,1.093442560240792,1.3128076228382077,57.638888888888886,52.77777777777778,52.63157894736842
fpc_formal_cremad_d15_f0_A,cremad,15,0,7,1.549765849824338,1.9481527231628577,49.30555555555556,44.09722222222222,44.73684210526316
fpc_formal_cremad_d15_f0_A,cremad,15,0,8,1.2397245810533892,1.6228475755087424,55.208333333333336,48.95833333333333,50.0
fpc_formal_cremad_d15_f0_A,cremad,15,0,9,1.2456920860668146,1.7188143854362927,59.02777777777778,48.95833333333333,52.63157894736842
fpc_formal_cremad_d15_f0_A,cremad,15,0,10,1.3268453525629091,1.850172136414822,56.59722222222222,46.52777777777778,48.24561403508772
fpc_formal_cremad_d15_f0_A,cremad,15,0,11,1.489143787316531,2.071243649297463,56.25,47.22222222222222,48.68421052631579
fpc_formal_cremad_d15_f0_A,cremad,15,0,12,1.3450840101330046,1.8834722784326163,60.763888888888886,52.083333333333336,54.824561403508774
fpc_formal_cremad_d15_f0_A,cremad,15,0,13,1.2618447903174586,1.8508601127170436,62.15277777777778,52.083333333333336,60.526315789473685
fpc_formal_cremad_d15_f0_A,cremad,15,0,14,1.732701158102535,2.4547229552551637,54.166666666666664,44.79166666666667,50.877192982456144
fpc_formal_cremad_d15_f0_A,cremad,15,0,15,1.5008239148991382,2.2210503549739253,60.763888888888886,53.125,53.07017543859649
fpc_formal_cremad_d15_f1_A,cremad,15,1,1,1.6115341056162964,1.628263907995822,28.47222222222222,29.166666666666668,27.192982456140353
fpc_formal_cremad_d15_f1_A,cremad,15,1,2,1.4690709827555026,1.4758826306251767,44.79166666666667,39.58333333333333,39.91228070175439
fpc_formal_cremad_d15_f1_A,cremad,15,1,3,1.4385987965080835,1.4436630446790781,43.40277777777778,40.97222222222222,38.59649122807017
fpc_formal_cremad_d15_f1_A,cremad,15,1,4,1.5531616966795294,1.5986851013496137,44.09722222222222,36.80555555555556,36.40350877192983
fpc_formal_cremad_d15_f1_A,cremad,15,1,5,1.3084048837533488,1.3397170094780815,52.083333333333336,49.30555555555556,47.80701754385965
fpc_formal_cremad_d15_f1_A,cremad,15,1,6,1.3335081426197695,1.3839384770917387,49.30555555555556,50.69444444444444,47.368421052631575
fpc_formal_cremad_d15_f1_A,cremad,15,1,7,1.3903590313066096,1.4972672825903908,49.30555555555556,50.34722222222222,46.05263157894737
fpc_formal_cremad_d15_f1_A,cremad,15,1,8,1.343549440737049,1.528286230819849,52.43055555555556,53.47222222222222,50.877192982456144
fpc_formal_cremad_d15_f1_A,cremad,15,1,9,1.492190844263448,1.6467070186943382,52.77777777777778,52.77777777777778,45.17543859649123
fpc_formal_cremad_d15_f1_A,cremad,15,1,10,1.9836009025545198,2.2172746419359015,48.61111111111111,47.56944444444444,46.49122807017544
fpc_formal_cremad_d15_f1_A,cremad,15,1,11,2.296580015027174,2.4489869822721886,44.79166666666667,46.52777777777778,43.859649122807014
fpc_formal_cremad_d15_f1_A,cremad,15,1,12,2.061700484913912,2.255128366896387,48.95833333333333,49.65277777777778,43.42105263157895
fpc_formal_cremad_d15_f1_A,cremad,15,1,13,2.1708909788114763,2.371365506957569,47.91666666666667,48.61111111111111,44.29824561403509
fpc_formal_cremad_d15_f1_A,cremad,15,1,14,2.638268802294937,2.8542839004305205,44.79166666666667,44.79166666666667,43.42105263157895
fpc_formal_cremad_d15_f1_A,cremad,15,1,15,2.6096418238763905,2.8435770713557327,47.91666666666667,46.875,44.73684210526316
fpc_formal_cremad_d15_f2_A,cremad,15,2,1,1.6114573907711707,1.6539402201079894,32.98611111111111,30.90277777777778,31.57894736842105
fpc_formal_cremad_d15_f2_A,cremad,15,2,2,1.4740608746364459,1.51955328621151,46.52777777777778,45.13888888888889,42.10526315789473
fpc_formal_cremad_d15_f2_A,cremad,15,2,3,1.3610078511973318,1.406887368104901,44.44444444444444,48.95833333333333,46.05263157894737
fpc_formal_cremad_d15_f2_A,cremad,15,2,4,1.1989275366857208,1.257713238339302,52.083333333333336,55.208333333333336,50.0
fpc_formal_cremad_d15_f2_A,cremad,15,2,5,1.171387428456448,1.2493714221485348,55.55555555555556,54.861111111111114,53.50877192982456
fpc_formal_cremad_d15_f2_A,cremad,15,2,6,1.2219529844977508,1.2670679765550337,52.77777777777778,52.083333333333336,54.824561403508774
fpc_formal_cremad_d15_f2_A,cremad,15,2,7,1.367794258521716,1.4748975888591263,54.861111111111114,53.47222222222222,49.122807017543856
fpc_formal_cremad_d15_f2_A,cremad,15,2,8,1.1293687936424506,1.2616683121458956,55.90277777777778,55.55555555555556,55.26315789473685
fpc_formal_cremad_d15_f2_A,cremad,15,2,9,1.123401713098711,1.2646038715622987,57.291666666666664,57.291666666666664,57.45614035087719
fpc_formal_cremad_d15_f2_A,cremad,15,2,10,1.2829065570227618,1.414461877614621,56.59722222222222,56.94444444444444,54.385964912280706
fpc_formal_cremad_d15_f2_A,cremad,15,2,11,1.451318087726896,1.62290455661111,56.59722222222222,52.083333333333336,51.31578947368421
fpc_formal_cremad_d15_f2_A,cremad,15,2,12,1.5259664004376154,1.7145997099444368,51.041666666666664,49.65277777777778,48.24561403508772
fpc_formal_cremad_d15_f2_A,cremad,15,2,13,1.4765736731288623,1.6622906068425858,57.986111111111114,55.208333333333336,53.07017543859649
fpc_formal_cremad_d15_f2_A,cremad,15,2,14,1.833281098999967,2.0739529331722997,53.47222222222222,50.34722222222222,48.24561403508772
fpc_formal_cremad_d15_f2_A,cremad,15,2,15,1.642544246232287,1.831300387949121,53.81944444444444,52.43055555555556,49.56140350877193
fpc_formal_cremad_d15_f3_A,cremad,15,3,1,1.5740785082850073,1.5946260327401542,35.76388888888889,35.76388888888889,34.31372549019608
fpc_formal_cremad_d15_f3_A,cremad,15,3,2,1.5736085363427899,1.6201784951723768,34.375,32.98611111111111,34.31372549019608
fpc_formal_cremad_d15_f3_A,cremad,15,3,3,1.4679965648664632,1.564976243940543,36.45833333333333,35.76388888888889,40.19607843137255
fpc_formal_cremad_d15_f3_A,cremad,15,3,4,1.2936096243784918,1.4614976094206271,47.56944444444444,44.09722222222222,53.431372549019606
fpc_formal_cremad_d15_f3_A,cremad,15,3,5,1.4216124599911701,1.6270180246522368,46.18055555555556,43.40277777777778,52.450980392156865
fpc_formal_cremad_d15_f3_A,cremad,15,3,6,1.4451398082072207,1.8526049110255747,48.26388888888889,42.36111111111111,50.98039215686274
fpc_formal_cremad_d15_f3_A,cremad,15,3,7,1.3924715858308194,1.7838753507033833,51.041666666666664,41.66666666666667,57.84313725490197
fpc_formal_cremad_d15_f3_A,cremad,15,3,8,1.2457857554204403,1.6469745783210146,54.513888888888886,47.91666666666667,65.19607843137256
fpc_formal_cremad_d15_f3_A,cremad,15,3,9,1.3155099899234732,1.678929379725326,54.166666666666664,47.56944444444444,60.78431372549019
fpc_formal_cremad_d15_f3_A,cremad,15,3,10,1.5923750785992026,2.0630249124766262,53.81944444444444,45.48611111111111,58.333333333333336
fpc_formal_cremad_d15_f3_A,cremad,15,3,11,1.5874412016851511,2.0144773332081147,54.166666666666664,44.09722222222222,60.29411764705882
fpc_formal_cremad_d15_f3_A,cremad,15,3,12,1.503209399846282,2.045940594913208,56.94444444444444,43.75,60.78431372549019
fpc_formal_cremad_d15_f3_A,cremad,15,3,13,1.6837359652057309,2.281992656644586,56.59722222222222,43.75,58.82352941176471
fpc_formal_cremad_d15_f3_A,cremad,15,3,14,1.6224190055857504,2.256447031340998,57.638888888888886,45.13888888888889,59.80392156862745
fpc_formal_cremad_d15_f3_A,cremad,15,3,15,1.7016648499537663,2.2210223979156236,56.94444444444444,48.95833333333333,61.274509803921575
fpc_formal_cremad_d15_f4_A,cremad,15,4,1,1.6175249010966009,1.5915518671269508,37.15277777777778,38.88888888888889,34.80392156862745
fpc_formal_cremad_d15_f4_A,cremad,15,4,2,1.5398157179927203,1.6651984380806728,36.11111111111111,32.98611111111111,26.96078431372549
fpc_formal_cremad_d15_f4_A,cremad,15,4,3,1.3465436667813053,1.4992223394819761,49.30555555555556,41.31944444444444,37.254901960784316
fpc_formal_cremad_d15_f4_A,cremad,15,4,4,1.2178452052720559,1.3910561296697541,57.291666666666664,46.18055555555556,42.64705882352941
fpc_formal_cremad_d15_f4_A,cremad,15,4,5,1.0700922264559771,1.2499412410806547,57.638888888888886,54.861111111111114,50.98039215686274
fpc_formal_cremad_d15_f4_A,cremad,15,4,6,1.2714619291522287,1.6851408534053425,53.125,46.52777777777778,42.15686274509804
fpc_formal_cremad_d15_f4_A,cremad,15,4,7,0.9386151630268564,1.0838099290765342,63.541666666666664,60.06944444444444,55.88235294117647
fpc_formal_cremad_d15_f4_A,cremad,15,4,8,1.045981819916362,1.251534251454622,60.763888888888886,60.763888888888886,51.9607843137255
fpc_formal_cremad_d15_f4_A,cremad,15,4,9,1.1500314210220242,1.487010688622941,59.375,57.986111111111114,49.50980392156863
fpc_formal_cremad_d15_f4_A,cremad,15,4,10,1.1558479777773247,1.4897736951872287,62.5,58.68055555555556,50.49019607843137
fpc_formal_cremad_d15_f4_A,cremad,15,4,11,1.3479543236701477,1.6062392657204516,58.68055555555556,57.291666666666664,47.549019607843135
fpc_formal_cremad_d15_f4_A,cremad,15,4,12,1.4434697829594931,1.808700611615488,57.291666666666664,53.81944444444444,46.07843137254902
fpc_formal_cremad_d15_f4_A,cremad,15,4,13,1.8075702738903567,2.221660189464495,51.041666666666664,49.30555555555556,44.11764705882353
fpc_formal_cremad_d15_f4_A,cremad,15,4,14,1.4819641303065023,1.8436212761146382,60.763888888888886,56.94444444444444,47.549019607843135
fpc_formal_cremad_d15_f4_A,cremad,15,4,15,1.2700569672400646,1.69513269623956,63.19444444444444,59.375,50.98039215686274
fpc_formal_cremad_d16_f0_A,cremad,16,0,1,1.6206988208231188,1.5932405409960686,32.98611111111111,36.11111111111111,33.33333333333333
fpc_formal_cremad_d16_f0_A,cremad,16,0,2,1.503269320082759,1.531218438198707,38.88888888888889,43.05555555555556,39.91228070175439
fpc_formal_cremad_d16_f0_A,cremad,16,0,3,1.3984217117721027,1.4662397171328183,41.31944444444444,45.83333333333333,46.05263157894737
fpc_formal_cremad_d16_f0_A,cremad,16,0,4,1.2252095245280525,1.314081129677949,52.43055555555556,53.47222222222222,50.0
fpc_formal_cremad_d16_f0_A,cremad,16,0,5,1.1595188420352482,1.2093790979369223,47.56944444444444,53.47222222222222,49.122807017543856
fpc_formal_cremad_d16_f0_A,cremad,16,0,6,1.2019942293406385,1.2364815855420221,51.736111111111114,55.208333333333336,54.385964912280706
fpc_formal_cremad_d16_f0_A,cremad,16,0,7,1.2311417906674795,1.3363998498961462,52.083333333333336,53.81944444444444,53.50877192982456
fpc_formal_cremad_d16_f0_A,cremad,16,0,8,1.1657127332201584,1.377702718882114,57.638888888888886,56.59722222222222,56.57894736842105
fpc_formal_cremad_d16_f0_A,cremad,16,0,9,1.2277545295700925,1.3995879077081688,54.861111111111114,57.638888888888886,53.07017543859649
fpc_formal_cremad_d16_f0_A,cremad,16,0,10,1.2773310590326,1.4213967138526622,57.291666666666664,58.68055555555556,53.07017543859649
fpc_formal_cremad_d16_f0_A,cremad,16,0,11,1.3429079052746813,1.3908064321824796,59.375,60.763888888888886,53.50877192982456
fpc_formal_cremad_d16_f0_A,cremad,16,0,12,1.5601846832215422,1.7274487434369208,55.55555555555556,55.90277777777778,52.63157894736842
fpc_formal_cremad_d16_f0_A,cremad,16,0,13,1.8966545387602554,2.136430556881463,51.388888888888886,52.083333333333336,51.31578947368421
fpc_formal_cremad_d16_f0_A,cremad,16,0,14,1.520960145791531,1.7727438490728065,59.02777777777778,57.638888888888886,54.824561403508774
fpc_formal_cremad_d16_f0_A,cremad,16,0,15,1.5582122847822728,1.863003608752766,55.90277777777778,57.291666666666664,53.94736842105263
fpc_formal_cremad_d16_f1_A,cremad,16,1,1,1.5747332774923093,1.6386844804876342,32.98611111111111,28.125,32.01754385964912
fpc_formal_cremad_d16_f1_A,cremad,16,1,2,1.4871640503650478,1.5643417732100622,38.54166666666667,35.41666666666667,33.771929824561404
fpc_formal_cremad_d16_f1_A,cremad,16,1,3,1.515571445411845,1.5767938038476141,38.88888888888889,37.84722222222222,36.84210526315789
fpc_formal_cremad_d16_f1_A,cremad,16,1,4,1.1748677556840452,1.2943905087448706,54.861111111111114,52.083333333333336,49.56140350877193
fpc_formal_cremad_d16_f1_A,cremad,16,1,5,1.130327237043168,1.327293544957002,56.94444444444444,52.083333333333336,53.50877192982456
fpc_formal_cremad_d16_f1_A,cremad,16,1,6,1.1473948062621646,1.3836864084857872,56.94444444444444,54.861111111111114,53.07017543859649
fpc_formal_cremad_d16_f1_A,cremad,16,1,7,1.270430907956367,1.5232498694800374,54.861111111111114,49.30555555555556,50.877192982456144
fpc_formal_cremad_d16_f1_A,cremad,16,1,8,1.3340840165906263,1.5516442848630563,56.25,50.34722222222222,50.0
fpc_formal_cremad_d16_f1_A,cremad,16,1,9,1.120810554678931,1.378139916067018,59.72222222222222,57.638888888888886,58.333333333333336
fpc_formal_cremad_d16_f1_A,cremad,16,1,10,1.245100226512007,1.4965347944248284,60.06944444444444,57.638888888888886,57.45614035087719
fpc_formal_cremad_d16_f1_A,cremad,16,1,11,1.4822224075363686,1.7505323803960167,56.94444444444444,52.77777777777778,52.19298245614035
fpc_formal_cremad_d16_f1_A,cremad,16,1,12,1.5318656245954143,1.8122388684505029,55.90277777777778,52.43055555555556,50.43859649122807
fpc_formal_cremad_d16_f1_A,cremad,16,1,13,1.4371765886474182,1.7398735882580985,60.06944444444444,59.02777777777778,56.14035087719298
fpc_formal_cremad_d16_f1_A,cremad,16,1,14,1.6494101601180944,1.966409314011396,56.59722222222222,54.513888888888886,52.63157894736842
fpc_formal_cremad_d16_f1_A,cremad,16,1,15,1.621675241231706,1.8970880396344596,61.111111111111114,57.638888888888886,55.26315789473685
fpc_formal_cremad_d16_f2_A,cremad,16,2,1,1.544516366635876,1.5604330586301751,41.31944444444444,38.88888888888889,39.03508771929825
fpc_formal_cremad_d16_f2_A,cremad,16,2,2,1.3831515072618383,1.4280314306795139,44.79166666666667,46.18055555555556,43.42105263157895
fpc_formal_cremad_d16_f2_A,cremad,16,2,3,1.376907942234573,1.4944333081132701,44.44444444444444,41.66666666666667,42.10526315789473
fpc_formal_cremad_d16_f2_A,cremad,16,2,4,1.328414581438088,1.5044079214827462,47.91666666666667,43.75,46.49122807017544
fpc_formal_cremad_d16_f2_A,cremad,16,2,5,1.254116511813269,1.4089085535164156,48.61111111111111,46.52777777777778,45.17543859649123
fpc_formal_cremad_d16_f2_A,cremad,16,2,6,1.4877709799789391,1.6329056834334053,47.56944444444444,44.79166666666667,44.29824561403509
fpc_formal_cremad_d16_f2_A,cremad,16,2,7,1.9500008160430333,2.1408367603552443,45.48611111111111,42.70833333333333,39.91228070175439
fpc_formal_cremad_d16_f2_A,cremad,16,2,8,1.4082501600628108,1.6766126298835538,54.861111111111114,48.61111111111111,49.122807017543856
fpc_formal_cremad_d16_f2_A,cremad,16,2,9,1.2053109421896886,1.4557282077320344,58.68055555555556,56.94444444444444,53.94736842105263
fpc_formal_cremad_d16_f2_A,cremad,16,2,10,1.6292609068453474,1.797537917844025,51.041666666666664,46.875,47.80701754385965
fpc_formal_cremad_d16_f2_A,cremad,16,2,11,1.533123444055914,1.8144822126433648,55.90277777777778,51.388888888888886,50.43859649122807
fpc_formal_cremad_d16_f2_A,cremad,16,2,12,1.8427717427784427,2.172370333912829,51.736111111111114,47.91666666666667,44.73684210526316
fpc_formal_cremad_d16_f2_A,cremad,16,2,13,1.7807273103408983,2.103902303435765,51.388888888888886,45.48611111111111,45.614035087719294
fpc_formal_cremad_d16_f2_A,cremad,16,2,14,1.482417446191854,1.806075217775465,56.25,52.77777777777778,50.877192982456144
fpc_formal_cremad_d16_f2_A,cremad,16,2,15,1.443844075521613,1.8599596167762276,59.02777777777778,54.513888888888886,54.385964912280706
fpc_formal_cremad_d16_f3_A,cremad,16,3,1,1.5708496311279125,1.5185331437573268,35.76388888888889,36.45833333333333,30.88235294117647
fpc_formal_cremad_d16_f3_A,cremad,16,3,2,1.4796622775611865,1.4473504717105314,37.15277777777778,39.23611111111111,37.254901960784316
fpc_formal_cremad_d16_f3_A,cremad,16,3,3,1.3759798327718604,1.3269674795697641,43.05555555555556,46.52777777777778,38.72549019607843
fpc_formal_cremad_d16_f3_A,cremad,16,3,4,1.176389416122987,1.1652920500258048,53.81944444444444,61.80555555555556,53.431372549019606
fpc_formal_cremad_d16_f3_A,cremad,16,3,5,1.3367028340972307,1.3386325875967617,51.388888888888886,49.65277777777778,49.01960784313725
fpc_formal_cremad_d16_f3_A,cremad,16,3,6,1.3837053160428563,1.4240908034828499,52.083333333333336,54.166666666666664,52.94117647058824
fpc_formal_cremad_d16_f3_A,cremad,16,3,7,1.570487306986087,1.6547686712249354,48.61111111111111,50.69444444444444,52.94117647058824
fpc_formal_cremad_d16_f3_A,cremad,16,3,8,1.3781572610831407,1.4779269898021123,52.43055555555556,52.083333333333336,50.49019607843137
fpc_formal_cremad_d16_f3_A,cremad,16,3,9,1.4253135909556096,1.5630333575812625,52.43055555555556,54.861111111111114,53.431372549019606
fpc_formal_cremad_d16_f3_A,cremad,16,3,10,1.3435053501891345,1.4684914776504308,55.90277777777778,55.90277777777778,57.84313725490197
fpc_formal_cremad_d16_f3_A,cremad,16,3,11,1.4735378381676207,1.6501207689343413,51.736111111111114,55.55555555555556,50.49019607843137
fpc_formal_cremad_d16_f3_A,cremad,16,3,12,1.6460933277631145,1.7910224991476709,51.736111111111114,52.083333333333336,50.0
fpc_formal_cremad_d16_f3_A,cremad,16,3,13,1.8543401247075926,1.9480666188502553,54.166666666666664,54.861111111111114,54.90196078431373
fpc_formal_cremad_d16_f3_A,cremad,16,3,14,1.7785715453371063,1.8799182064948172,55.90277777777778,55.55555555555556,56.86274509803921
fpc_formal_cremad_d16_f3_A,cremad,16,3,15,2.4063416770018144,2.512102100801089,45.48611111111111,45.83333333333333,47.05882352941176
fpc_formal_cremad_d16_f4_A,cremad,16,4,1,1.5408544850404813,1.6056625717714583,33.33333333333333,29.166666666666668,30.88235294117647
fpc_formal_cremad_d16_f4_A,cremad,16,4,2,1.3882674470721257,1.525686948335756,41.31944444444444,36.80555555555556,39.705882352941174
fpc_formal_cremad_d16_f4_A,cremad,16,4,3,1.2699131915060076,1.398330399831884,48.61111111111111,42.70833333333333,39.705882352941174
fpc_formal_cremad_d16_f4_A,cremad,16,4,4,1.0994436048260465,1.331517338316913,55.90277777777778,50.69444444444444,52.94117647058824
fpc_formal_cremad_d16_f4_A,cremad,16,4,5,1.038543091967209,1.274204839331183,59.72222222222222,53.125,60.29411764705882
fpc_formal_cremad_d16_f4_A,cremad,16,4,6,1.0791058821469914,1.2767379141959418,62.15277777777778,57.986111111111114,58.333333333333336
fpc_formal_cremad_d16_f4_A,cremad,16,4,7,1.032764715390468,1.3076124677685657,63.541666666666664,58.333333333333336,59.80392156862745
fpc_formal_cremad_d16_f4_A,cremad,16,4,8,1.2266310175585957,1.6167608210094646,58.68055555555556,47.91666666666667,60.29411764705882
fpc_formal_cremad_d16_f4_A,cremad,16,4,9,1.142214370522964,1.5295566357417643,61.80555555555556,53.47222222222222,63.23529411764706
fpc_formal_cremad_d16_f4_A,cremad,16,4,10,1.1747088987738625,1.5453824082944885,64.58333333333334,57.291666666666664,64.2156862745098
fpc_formal_cremad_d16_f4_A,cremad,16,4,11,1.4721730350293696,1.8183852069971413,57.638888888888886,52.43055555555556,59.31372549019608
fpc_formal_cremad_d16_f4_A,cremad,16,4,12,1.459173259865278,1.867725407550786,61.458333333333336,54.861111111111114,58.82352941176471
fpc_formal_cremad_d16_f4_A,cremad,16,4,13,1.8578236483397725,2.195732473710892,56.59722222222222,50.0,55.88235294117647
fpc_formal_cremad_d16_f4_A,cremad,16,4,14,1.514926514242551,1.8760204366205662,60.416666666666664,54.861111111111114,60.78431372549019
fpc_formal_cremad_d16_f4_A,cremad,16,4,15,1.6814833961926074,1.9995853464929274,60.06944444444444,55.55555555555556,58.82352941176471
fpc_formal_cremad_d17_f0_A,cremad,17,0,1,1.5973110733227804,1.599852031918494,31.944444444444443,29.166666666666668,30.737316263632053
fpc_formal_cremad_d17_f0_A,cremad,17,0,2,1.3993553566673336,1.390394885520107,40.625,40.97222222222222,40.83688952110005
fpc_formal_cremad_d17_f0_A,cremad,17,0,3,1.4815417078812276,1.4866499094496808,40.27777777777778,45.48611111111111,45.16358463726885
fpc_formal_cremad_d17_f0_A,cremad,17,0,4,1.2889818051568647,1.3111568838528633,47.91666666666667,50.0,47.795163584637265
fpc_formal_cremad_d17_f0_A,cremad,17,0,5,1.1883565103201883,1.3344242481706239,54.166666666666664,56.25,51.23281175912755
fpc_formal_cremad_d17_f0_A,cremad,17,0,6,1.1186868848846296,1.1700679494078718,59.375,60.416666666666664,52.59601706970128
fpc_formal_cremad_d17_f0_A,cremad,17,0,7,1.236673478966284,1.3802569860500888,54.513888888888886,56.59722222222222,49.96443812233286
fpc_formal_cremad_d17_f0_A,cremad,17,0,8,1.2173620705510215,1.3989104822490068,57.986111111111114,56.94444444444444,52.5841631104789
fpc_formal_cremad_d17_f0_A,cremad,17,0,9,0.999968070636199,1.2437885390544037,65.27777777777779,62.15277777777778,57.85917496443812
fpc_formal_cremad_d17_f0_A,cremad,17,0,10,1.193401904561873,1.4451840092667014,60.763888888888886,61.458333333333336,54.37411095305832
fpc_formal_cremad_d17_f0_A,cremad,17,0,11,1.037339711007322,1.4729113583230307,65.27777777777779,58.333333333333336,58.214793741109524
fpc_formal_cremad_d17_f0_A,cremad,17,0,12,0.9930765717430405,1.41342494898196,69.79166666666666,63.541666666666664,56.946420104314846
fpc_formal_cremad_d17_f0_A,cremad,17,0,13,1.1122822733754911,1.5413254986521154,66.31944444444444,62.15277777777778,53.437648174490285
fpc_formal_cremad_d17_f0_A,cremad,17,0,14,1.2039579009913082,1.7328106080258219,64.23611111111111,58.68055555555556,59.566145092460886
fpc_formal_cremad_d17_f0_A,cremad,17,0,15,1.1798184209101985,1.7155148391800727,64.93055555555556,61.80555555555556,55.618776671408256
fpc_formal_cremad_d17_f1_A,cremad,17,1,1,1.6048190355184997,1.5808773408126635,36.11111111111111,36.45833333333333,36.37980085348506
fpc_formal_cremad_d17_f1_A,cremad,17,1,2,1.496486763525918,1.468334204821513,39.58333333333333,42.36111111111111,42.48458985301091
fpc_formal_cremad_d17_f1_A,cremad,17,1,3,1.3386330474083286,1.3372507448775328,45.48611111111111,44.79166666666667,46.692745376955905
fpc_formal_cremad_d17_f1_A,cremad,17,1,4,1.4144292182613276,1.4947253175200192,46.52777777777778,42.36111111111111,40.03082029397819
fpc_formal_cremad_d17_f1_A,cremad,17,1,5,1.1844450790463537,1.2488108238293678,53.81944444444444,51.388888888888886,46.13560929350403
fpc_formal_cremad_d17_f1_A,cremad,17,1,6,1.1406010328651273,1.1812740631665473,57.291666666666664,56.59722222222222,50.09483167377904
fpc_formal_cremad_d17_f1_A,cremad,17,1,7,1.0166178568572712,1.1784568763175887,65.27777777777779,57.986111111111114,54.054054054054056
fpc_formal_cremad_d17_f1_A,cremad,17,1,8,1.3579569050738065,1.485345288284384,58.333333333333336,51.041666666666664,47.93741109530583
fpc_formal_cremad_d17_f1_A,cremad,17,1,9,1.1165788638721896,1.2411072134443966,63.19444444444444,59.72222222222222,56.66192508297772
fpc_formal_cremad_d17_f1_A,cremad,17,1,10,1.110715171916112,1.3996898869173908,64.23611111111111,57.638888888888886,54.45708866761498
fpc_formal_cremad_d17_f1_A,cremad,17,1,11,1.2416936536455223,1.544813899119852,62.84722222222222,56.59722222222222,54.95495495495496
fpc_formal_cremad_d17_f1_A,cremad,17,1,12,1.7901631154512399,1.9946669787165388,51.388888888888886,49.30555555555556,46.24229492650545
fpc_formal_cremad_d17_f1_A,cremad,17,1,13,1.7308585389423747,1.8588811578656461,55.90277777777778,54.513888888888886,50.03556187766714
fpc_formal_cremad_d17_f1_A,cremad,17,1,14,1.3989412081061008,1.4398407398275728,59.02777777777778,60.06944444444444,57.15979137031768
fpc_formal_cremad_d17_f1_A,cremad,17,1,15,1.6835584474127643,2.006785772969975,57.986111111111114,50.0,46.19487908961593
fpc_formal_cremad_d17_f2_A,cremad,17,2,1,1.5550265342154197,1.6094505805881,37.15277777777778,32.63888888888889,34.21052631578947
fpc_formal_cremad_d17_f2_A,cremad,17,2,2,1.3868487306026545,1.5185320634590136,43.75,37.5,44.29824561403509
fpc_formal_cremad_d17_f2_A,cremad,17,2,3,1.3056990311717156,1.5706675864370785,45.48611111111111,39.23611111111111,50.0
fpc_formal_cremad_d17_f2_A,cremad,17,2,4,1.1677612175495877,1.4486657039289323,55.90277777777778,47.22222222222222,54.385964912280706
fpc_formal_cremad_d17_f2_A,cremad,17,2,5,1.281786451679783,1.5718819865862865,52.43055555555556,47.91666666666667,48.68421052631579
fpc_formal_cremad_d17_f2_A,cremad,17,2,6,1.0594894923834242,1.3651504351369583,60.416666666666664,48.26388888888889,60.96491228070175
fpc_formal_cremad_d17_f2_A,cremad,17,2,7,1.0493896808712606,1.4811625220431557,59.72222222222222,51.736111111111114,56.14035087719298
fpc_formal_cremad_d17_f2_A,cremad,17,2,8,0.9353362373634272,1.4513968928246166,63.541666666666664,53.47222222222222,61.8421052631579
fpc_formal_cremad_d17_f2_A,cremad,17,2,9,1.0069450159660578,1.565953367457561,62.5,52.77777777777778,58.333333333333336
fpc_formal_cremad_d17_f2_A,cremad,17,2,10,1.2009893200757027,1.763782293197834,61.80555555555556,51.736111111111114,58.333333333333336
fpc_formal_cremad_d17_f2_A,cremad,17,2,11,1.3804516092135009,1.9916039959945995,56.94444444444444,52.083333333333336,53.07017543859649
fpc_formal_cremad_d17_f2_A,cremad,17,2,12,1.2164396773814192,1.913502813243038,61.80555555555556,53.47222222222222,57.89473684210527
fpc_formal_cremad_d17_f2_A,cremad,17,2,13,1.3489877855669283,2.0085684479064536,64.23611111111111,55.90277777777778,57.01754385964912
fpc_formal_cremad_d17_f2_A,cremad,17,2,14,1.3073026683931142,1.999053283367128,62.84722222222222,53.125,58.77192982456141
fpc_formal_cremad_d17_f2_A,cremad,17,2,15,1.4742466429400019,2.186219530344177,60.763888888888886,55.208333333333336,58.77192982456141
fpc_formal_cremad_d17_f3_A,cremad,17,3,1,1.6306081242355843,1.5714327225051878,31.59722222222222,35.06944444444444,35.1010101010101
fpc_formal_cremad_d17_f3_A,cremad,17,3,2,1.5107107997926794,1.4074863666174464,41.31944444444444,45.83333333333333,42.02317290552585
fpc_formal_cremad_d17_f3_A,cremad,17,3,3,1.3489490347517494,1.2266725272813856,48.95833333333333,55.90277777777778,50.75757575757576
fpc_formal_cremad_d17_f3_A,cremad,17,3,4,1.318340909229453,1.2126126728806645,50.34722222222222,54.166666666666664,49.28698752228164
fpc_formal_cremad_d17_f3_A,cremad,17,3,5,1.2201138891304788,1.1218443064504708,52.083333333333336,60.06944444444444,54.14438502673797
fpc_formal_cremad_d17_f3_A,cremad,17,3,6,1.2999546898446246,1.2088492491341667,51.041666666666664,55.208333333333336,54.07011289364231
fpc_formal_cremad_d17_f3_A,cremad,17,3,7,1.2265066481919313,1.1154968627452067,52.083333333333336,56.94444444444444,54.1592394533571
fpc_formal_cremad_d17_f3_A,cremad,17,3,8,1.1842947248212365,1.1484180588694146,57.291666666666664,61.458333333333336,55.09506833036245
fpc_formal_cremad_d17_f3_A,cremad,17,3,9,1.2650118002072526,1.1468753268684726,53.81944444444444,56.94444444444444,56.61021984551397
fpc_formal_cremad_d17_f3_A,cremad,17,3,10,1.2069591404242557,1.162765329695301,61.111111111111114,61.80555555555556,57.56090314913844
fpc_formal_cremad_d17_f3_A,cremad,17,3,11,1.1544333055521525,1.1500956663565625,63.888888888888886,64.58333333333334,60.115864527629235
fpc_formal_cremad_d17_f3_A,cremad,17,3,12,1.6924684585011205,1.6575080224536103,56.59722222222222,55.208333333333336,48.67795603089721
fpc_formal_cremad_d17_f3_A,cremad,17,3,13,1.5960878440881237,1.5689773325431604,57.291666666666664,54.861111111111114,49.68805704099822
fpc_formal_cremad_d17_f3_A,cremad,17,3,14,1.5494253445668311,1.4393622237551749,57.291666666666664,59.02777777777778,53.62448009506833
fpc_formal_cremad_d17_f3_A,cremad,17,3,15,1.39833451052171,1.4371996221301053,61.111111111111114,59.02777777777778,53.59477124183007
fpc_formal_cremad_d17_f4_A,cremad,17,4,1,1.6214749638115922,1.6257279323578275,34.375,35.06944444444444,29.411764705882355
fpc_formal_cremad_d17_f4_A,cremad,17,4,2,1.4413761373610035,1.483115229526888,40.27777777777778,45.13888888888889,39.21568627450981
fpc_formal_cremad_d17_f4_A,cremad,17,4,3,1.1890391707123837,1.2242444733209137,54.166666666666664,52.77777777777778,53.92156862745098
fpc_formal_cremad_d17_f4_A,cremad,17,4,4,1.2742437109096154,1.2842918810350663,48.61111111111111,51.388888888888886,47.05882352941176
fpc_formal_cremad_d17_f4_A,cremad,17,4,5,1.1441697308685348,1.1513632238400502,56.94444444444444,56.25,57.35294117647059
fpc_formal_cremad_d17_f4_A,cremad,17,4,6,1.100042737380057,1.054257862680287,56.59722222222222,62.15277777777778,59.80392156862745
fpc_formal_cremad_d17_f4_A,cremad,17,4,7,1.0660649350505504,1.048480694895974,63.19444444444444,63.888888888888886,61.274509803921575
fpc_formal_cremad_d17_f4_A,cremad,17,4,8,1.3335372926079676,1.267117188060158,52.083333333333336,54.513888888888886,49.01960784313725
fpc_formal_cremad_d17_f4_A,cremad,17,4,9,1.1031507866684653,1.0824748786545522,60.06944444444444,62.5,60.29411764705882
fpc_formal_cremad_d17_f4_A,cremad,17,4,10,1.121611275691393,1.1162254989492473,62.5,62.84722222222222,60.29411764705882
fpc_formal_cremad_d17_f4_A,cremad,17,4,11,1.2071714807038356,1.178927677983407,62.5,64.93055555555556,60.78431372549019
fpc_formal_cremad_d17_f4_A,cremad,17,4,12,1.561318612336576,1.506913360094584,51.388888888888886,58.333333333333336,54.41176470588235
fpc_formal_cremad_d17_f4_A,cremad,17,4,13,1.5617990289748556,1.4744746990744244,57.986111111111114,62.5,55.88235294117647
fpc_formal_cremad_d17_f4_A,cremad,17,4,14,1.509150824953685,1.4046010489975957,59.375,63.19444444444444,57.84313725490197
fpc_formal_cremad_d17_f4_A,cremad,17,4,15,1.8376132180494684,1.708150766120516,53.125,58.333333333333336,55.88235294117647
fpc_formal_cremad_d18_f0_A,cremad,18,0,1,1.5752583849373023,1.5653009296125566,37.15277777777778,35.41666666666667,36.40350877192983
fpc_formal_cremad_d18_f0_A,cremad,18,0,2,1.4922199501667432,1.4379109752868038,45.48611111111111,42.01388888888889,43.859649122807014
fpc_formal_cremad_d18_f0_A,cremad,18,0,3,1.3601569212785942,1.3252957641030234,46.52777777777778,45.48611111111111,47.80701754385965
fpc_formal_cremad_d18_f0_A,cremad,18,0,4,1.3804806491903678,1.332968667146676,50.34722222222222,51.388888888888886,49.56140350877193
fpc_formal_cremad_d18_f0_A,cremad,18,0,5,1.3455261179678013,1.379965063254552,48.61111111111111,48.26388888888889,48.24561403508772
fpc_formal_cremad_d18_f0_A,cremad,18,0,6,1.408143690871879,1.380510510463805,49.30555555555556,51.736111111111114,46.92982456140351
fpc_formal_cremad_d18_f0_A,cremad,18,0,7,1.5290789757330574,1.5208511071744955,48.61111111111111,52.083333333333336,48.24561403508772
fpc_formal_cremad_d18_f0_A,cremad,18,0,8,1.4560608765187195,1.4903640831009115,50.34722222222222,52.083333333333336,52.63157894736842
fpc_formal_cremad_d18_f0_A,cremad,18,0,9,1.423650185979548,1.4841712071277076,54.166666666666664,55.208333333333336,56.57894736842105
fpc_formal_cremad_d18_f0_A,cremad,18,0,10,1.6457375091245419,1.698451923609901,53.81944444444444,53.81944444444444,54.385964912280706
fpc_formal_cremad_d18_f0_A,cremad,18,0,11,1.6108193958803367,1.6699574957401417,51.736111111111114,54.513888888888886,52.19298245614035
fpc_formal_cremad_d18_f0_A,cremad,18,0,12,1.863375637463089,1.908609461676651,50.0,50.34722222222222,53.07017543859649
fpc_formal_cremad_d18_f0_A,cremad,18,0,13,1.8440548856073673,1.9502701001582174,52.77777777777778,50.0,50.0
fpc_formal_cremad_d18_f0_A,cremad,18,0,14,1.8232970402064805,1.8774773045775355,55.208333333333336,53.125,53.50877192982456
fpc_formal_cremad_d18_f0_A,cremad,18,0,15,1.8799846485057128,1.9462123543294594,54.513888888888886,54.166666666666664,54.385964912280706
fpc_formal_cremad_d18_f1_A,cremad,18,1,1,1.5738797946855618,1.5923530824386083,31.944444444444443,32.63888888888889,33.33333333333333
fpc_formal_cremad_d18_f1_A,cremad,18,1,2,1.4325086606461976,1.4739577422592447,38.88888888888889,37.84722222222222,36.84210526315789
fpc_formal_cremad_d18_f1_A,cremad,18,1,3,1.3355946830785685,1.3525435646551727,47.22222222222222,45.83333333333333,43.42105263157895
fpc_formal_cremad_d18_f1_A,cremad,18,1,4,1.2177714823970431,1.182554609264509,53.81944444444444,53.81944444444444,51.75438596491229
fpc_formal_cremad_d18_f1_A,cremad,18,1,5,1.1809955767222546,1.1789390565008142,56.59722222222222,56.59722222222222,50.43859649122807
fpc_formal_cremad_d18_f1_A,cremad,18,1,6,1.2421042533399713,1.2815900750777054,58.68055555555556,57.291666666666664,53.94736842105263
fpc_formal_cremad_d18_f1_A,cremad,18,1,7,1.1892216728739085,1.1862274441713425,59.02777777777778,56.94444444444444,54.824561403508774
fpc_formal_cremad_d18_f1_A,cremad,18,1,8,1.2318074690130807,1.3347470268376642,59.375,55.55555555555556,53.50877192982456
fpc_formal_cremad_d18_f1_A,cremad,18,1,9,1.379041075878952,1.3201663527715397,57.291666666666664,56.25,51.75438596491229
fpc_formal_cremad_d18_f1_A,cremad,18,1,10,1.2640845177744287,1.3141407521325963,60.416666666666664,58.68055555555556,54.385964912280706
fpc_formal_cremad_d18_f1_A,cremad,18,1,11,1.5639656567761975,1.6111538881510974,56.59722222222222,56.25,50.877192982456144
fpc_formal_cremad_d18_f1_A,cremad,18,1,12,1.4967464301604034,1.5048803481543205,60.416666666666664,59.375,55.26315789473685
fpc_formal_cremad_d18_f1_A,cremad,18,1,13,1.4089558699950229,1.4252450665493615,63.19444444444444,61.80555555555556,56.14035087719298
fpc_formal_cremad_d18_f1_A,cremad,18,1,14,1.6942545335885637,1.7117012079129095,57.986111111111114,59.02777777777778,52.63157894736842
fpc_formal_cremad_d18_f1_A,cremad,18,1,15,1.6719893701990618,1.7681701855908818,61.111111111111114,57.638888888888886,54.385964912280706
fpc_formal_cremad_d18_f2_A,cremad,18,2,1,1.6262241356171374,1.6695930004164923,24.65277777777778,27.77777777777778,28.37837837837838
fpc_formal_cremad_d18_f2_A,cremad,18,2,2,1.4397499608294657,1.5079822690508133,38.88888888888889,35.41666666666667,36.93693693693694
fpc_formal_cremad_d18_f2_A,cremad,18,2,3,1.3965359382779492,1.521482875952523,43.05555555555556,37.5,40.54054054054054
fpc_formal_cremad_d18_f2_A,cremad,18,2,4,1.1549072449165878,1.3367927146622378,56.94444444444444,46.52777777777778,52.25225225225225
fpc_formal_cremad_d18_f2_A,cremad,18,2,5,1.0932561421089844,1.1786304406762242,55.90277777777778,52.43055555555556,54.95495495495496
fpc_formal_cremad_d18_f2_A,cremad,18,2,6,1.1305669373080351,1.3187227570156077,60.416666666666664,47.22222222222222,55.85585585585585
fpc_formal_cremad_d18_f2_A,cremad,18,2,7,1.2969682432662337,1.5242545204447282,56.25,44.79166666666667,50.45045045045045
fpc_formal_cremad_d18_f2_A,cremad,18,2,8,1.1819373936186865,1.5051865719019182,57.638888888888886,49.30555555555556,54.5045045045045
fpc_formal_cremad_d18_f2_A,cremad,18,2,9,1.2668270970699753,1.6671626783914055,57.291666666666664,47.22222222222222,55.85585585585585
fpc_formal_cremad_d18_f2_A,cremad,18,2,10,1.4037616205748016,1.7810670406596296,55.90277777777778,45.83333333333333,54.054054054054056
fpc_formal_cremad_d18_f2_A,cremad,18,2,11,1.5422713689103058,2.0110000139341166,54.166666666666664,45.13888888888889,53.153153153153156
fpc_formal_cremad_d18_f2_A,cremad,18,2,12,1.4306962739972242,1.7845660046070273,59.02777777777778,50.34722222222222,59.45945945945946
fpc_formal_cremad_d18_f2_A,cremad,18,2,13,1.9927828850455174,2.534655729919471,48.95833333333333,42.36111111111111,50.9009009009009
fpc_formal_cremad_d18_f2_A,cremad,18,2,14,1.5140033840422333,2.0269716687734474,60.763888888888886,48.95833333333333,58.108108108108105
fpc_formal_cremad_d18_f2_A,cremad,18,2,15,2.1411309462668817,2.7120135211117935,52.43055555555556,47.56944444444444,54.5045045045045
fpc_formal_cremad_d18_f3_A,cremad,18,3,1,1.575045393285023,1.5424162469020313,35.41666666666667,40.625,40.19607843137255
fpc_formal_cremad_d18_f3_A,cremad,18,3,2,1.4974049957100186,1.4487618725088778,37.15277777777778,44.09722222222222,37.745098039215684
fpc_formal_cremad_d18_f3_A,cremad,18,3,3,1.3898669695737291,1.3567117419651287,42.70833333333333,44.79166666666667,43.627450980392155
fpc_formal_cremad_d18_f3_A,cremad,18,3,4,1.2756153831186765,1.2660332009784743,49.65277777777778,48.95833333333333,51.470588235294116
fpc_formal_cremad_d18_f3_A,cremad,18,3,5,1.2692600022665053,1.2832682812756884,53.125,51.388888888888886,52.450980392156865
fpc_formal_cremad_d18_f3_A,cremad,18,3,6,1.1571157594918153,1.0906959554365,54.166666666666664,57.986111111111114,61.274509803921575
fpc_formal_cremad_d18_f3_A,cremad,18,3,7,1.2465379269733252,1.271962725871386,55.90277777777778,54.513888888888886,54.90196078431373
fpc_formal_cremad_d18_f3_A,cremad,18,3,8,1.2886041735477325,1.2735907727279416,54.861111111111114,55.90277777777778,60.78431372549019
fpc_formal_cremad_d18_f3_A,cremad,18,3,9,1.1581401777109461,1.1413416080504544,56.25,59.375,62.745098039215684
fpc_formal_cremad_d18_f3_A,cremad,18,3,10,1.4207768128154175,1.3621977152358913,53.125,54.861111111111114,56.86274509803921
fpc_formal_cremad_d18_f3_A,cremad,18,3,11,1.1898669058389357,1.2130095808165997,60.763888888888886,61.111111111111114,60.78431372549019
fpc_formal_cremad_d18_f3_A,cremad,18,3,12,1.6699598654765095,1.6824519807546865,52.77777777777778,53.47222222222222,53.431372549019606
fpc_formal_cremad_d18_f3_A,cremad,18,3,13,1.5944841595271035,1.543901687052083,57.291666666666664,56.94444444444444,55.392156862745104
fpc_formal_cremad_d18_f3_A,cremad,18,3,14,1.4839994915047532,1.4635719601584205,57.291666666666664,57.291666666666664,60.29411764705882
fpc_formal_cremad_d18_f3_A,cremad,18,3,15,1.6685900076800484,1.6654216885179451,59.02777777777778,56.25,58.333333333333336
fpc_formal_cremad_d18_f4_A,cremad,18,4,1,1.5429264845533162,1.6046023370633666,35.41666666666667,29.166666666666668,34.982174688057036
fpc_formal_cremad_d18_f4_A,cremad,18,4,2,1.3461908117376962,1.470857361034482,48.95833333333333,41.31944444444444,48.67795603089721
fpc_formal_cremad_d18_f4_A,cremad,18,4,3,1.2548031248076792,1.37943668994004,48.26388888888889,49.30555555555556,52.139037433155075
fpc_formal_cremad_d18_f4_A,cremad,18,4,4,1.3881784830758992,1.5406941287457443,50.0,49.65277777777778,44.637551990493165
fpc_formal_cremad_d18_f4_A,cremad,18,4,5,1.0578127545494742,1.2887412255510189,61.111111111111114,51.388888888888886,55.54070112893642
fpc_formal_cremad_d18_f4_A,cremad,18,4,6,1.246541641751483,1.4395285324496412,48.95833333333333,49.65277777777778,50.68330362448009
fpc_formal_cremad_d18_f4_A,cremad,18,4,7,0.9909148845765046,1.2743514553049817,61.80555555555556,56.25,58.51158645276292
fpc_formal_cremad_d18_f4_A,cremad,18,4,8,1.2875794625633832,1.5938589647028487,55.55555555555556,51.736111111111114,51.06951871657755
fpc_formal_cremad_d18_f4_A,cremad,18,4,9,0.8850747481143,1.1053462666975296,67.70833333333334,61.80555555555556,66.90433749257278
fpc_formal_cremad_d18_f4_A,cremad,18,4,10,0.9188858504291422,1.2523630283156038,67.36111111111111,58.333333333333336,64.9435531788473
fpc_formal_cremad_d18_f4_A,cremad,18,4,11,1.0442023159637743,1.3686419459408499,65.27777777777779,54.861111111111114,60.47237076648842
fpc_formal_cremad_d18_f4_A,cremad,18,4,12,1.2329157999326847,1.5162853746900886,60.763888888888886,53.47222222222222,62.49257278669044
fpc_formal_cremad_d18_f4_A,cremad,18,4,13,1.1599864917633538,1.5732453133930755,64.93055555555556,58.333333333333336,60.48722519310754
fpc_formal_cremad_d18_f4_A,cremad,18,4,14,1.2241613810847938,1.6141402817665418,64.93055555555556,54.513888888888886,61.03683897801545
fpc_formal_cremad_d18_f4_A,cremad,18,4,15,1.3428982561406453,1.652399082972243,63.888888888888886,57.986111111111114,59.16518122400475
fpc_formal_cremad_d19_f0_A,cremad,19,0,1,1.6635684948376372,1.6451228433533218,29.166666666666668,31.59722222222222,27.192982456140353
fpc_formal_cremad_d19_f0_A,cremad,19,0,2,1.540209908805152,1.5423825494302088,37.15277777777778,35.06944444444444,37.719298245614034
fpc_formal_cremad_d19_f0_A,cremad,19,0,3,1.5582353443480037,1.5726466014472855,36.11111111111111,36.11111111111111,37.719298245614034
fpc_formal_cremad_d19_f0_A,cremad,19,0,4,1.4188178899660784,1.4214516439856613,43.75,43.05555555555556,42.10526315789473
fpc_formal_cremad_d19_f0_A,cremad,19,0,5,1.3633939323379698,1.3249808522272337,48.26388888888889,51.041666666666664,46.05263157894737
fpc_formal_cremad_d19_f0_A,cremad,19,0,6,1.318253520142621,1.3876224542164375,47.91666666666667,50.0,50.0
fpc_formal_cremad_d19_f0_A,cremad,19,0,7,1.4439872128301936,1.462563095216946,45.83333333333333,49.30555555555556,49.122807017543856
fpc_formal_cremad_d19_f0_A,cremad,19,0,8,1.2344014932437648,1.1393484394391384,56.94444444444444,58.333333333333336,54.824561403508774
fpc_formal_cremad_d19_f0_A,cremad,19,0,9,1.5729391859614692,1.5256467639913418,49.65277777777778,49.65277777777778,47.368421052631575
fpc_formal_cremad_d19_f0_A,cremad,19,0,10,1.3564631653240313,1.1131938202474667,55.55555555555556,60.763888888888886,53.07017543859649
fpc_formal_cremad_d19_f0_A,cremad,19,0,11,1.656107182692705,1.5027020525197754,50.34722222222222,56.25,52.19298245614035
fpc_formal_cremad_d19_f0_A,cremad,19,0,12,1.6073475188771822,1.49073851928086,54.513888888888886,60.763888888888886,54.385964912280706
fpc_formal_cremad_d19_f0_A,cremad,19,0,13,1.8103592863481854,1.691706267477052,52.43055555555556,51.041666666666664,51.75438596491229
fpc_formal_cremad_d19_f0_A,cremad,19,0,14,1.7286413676039016,1.5847558217379922,54.166666666666664,55.90277777777778,50.877192982456144
fpc_formal_cremad_d19_f0_A,cremad,19,0,15,1.649636817366428,1.5943573359676535,58.333333333333336,57.638888888888886,54.824561403508774
fpc_formal_cremad_d19_f1_A,cremad,19,1,1,1.5295148589041334,1.5745071850628771,38.88888888888889,35.06944444444444,35.08771929824561
fpc_formal_cremad_d19_f1_A,cremad,19,1,2,1.388652615064787,1.4657051813375583,48.61111111111111,42.70833333333333,39.91228070175439
fpc_formal_cremad_d19_f1_A,cremad,19,1,3,1.2800801967380293,1.3975693862386356,48.61111111111111,46.18055555555556,45.614035087719294
fpc_formal_cremad_d19_f1_A,cremad,19,1,4,1.1333709034170996,1.3412578492898075,59.02777777777778,47.22222222222222,48.24561403508772
fpc_formal_cremad_d19_f1_A,cremad,19,1,5,1.0070910037673744,1.2715358680531534,60.06944444444444,54.513888888888886,53.50877192982456
fpc_formal_cremad_d19_f1_A,cremad,19,1,6,1.4418358176820416,1.7621308382179968,49.65277777777778,40.27777777777778,44.73684210526316
fpc_formal_cremad_d19_f1_A,cremad,19,1,7,1.063772772878619,1.4038322615455403,60.06944444444444,52.77777777777778,55.70175438596491
fpc_formal_cremad_d19_f1_A,cremad,19,1,8,1.1178123796694426,1.2113476005248018,57.638888888888886,57.291666666666664,56.57894736842105
fpc_formal_cremad_d19_f1_A,cremad,19,1,9,1.3106522074031148,1.6577003816789735,58.68055555555556,52.083333333333336,54.385964912280706
fpc_formal_cremad_d19_f1_A,cremad,19,1,10,1.1063824192587894,1.2954124811605565,65.27777777777779,62.84722222222222,57.45614035087719
fpc_formal_cremad_d19_f1_A,cremad,19,1,11,1.35173667878833,1.5147347804834332,60.06944444444444,58.333333333333336,54.385964912280706
fpc_formal_cremad_d19_f1_A,cremad,19,1,12,1.3333408957806412,1.6820545743821123,60.416666666666664,55.208333333333336,57.01754385964912
fpc_formal_cremad_d19_f1_A,cremad,19,1,13,1.2470896686923303,1.454608613953444,63.19444444444444,60.416666666666664,57.01754385964912
fpc_formal_cremad_d19_f1_A,cremad,19,1,14,1.614408430823399,1.8881034872994817,59.375,55.55555555555556,56.57894736842105
fpc_formal_cremad_d19_f1_A,cremad,19,1,15,1.467452209822004,1.7385032213090845,60.416666666666664,59.375,58.77192982456141
fpc_formal_cremad_d19_f2_A,cremad,19,2,1,1.6010689380042231,1.628904059032319,33.68055555555556,32.63888888888889,39.91228070175439
fpc_formal_cremad_d19_f2_A,cremad,19,2,2,1.4933816881406563,1.5359731994825359,39.58333333333333,40.97222222222222,42.98245614035088
fpc_formal_cremad_d19_f2_A,cremad,19,2,3,1.385608755204454,1.488727895101996,45.83333333333333,42.70833333333333,38.59649122807017
fpc_formal_cremad_d19_f2_A,cremad,19,2,4,1.204200509877223,1.3495087843025162,50.34722222222222,51.388888888888886,54.824561403508774
fpc_formal_cremad_d19_f2_A,cremad,19,2,5,1.3050420085335936,1.5351799975628093,51.388888888888886,47.56944444444444,54.385964912280706
fpc_formal_cremad_d19_f2_A,cremad,19,2,6,1.1794407675159506,1.4487647236954926,57.638888888888886,53.81944444444444,56.57894736842105
fpc_formal_cremad_d19_f2_A,cremad,19,2,7,1.0235509736647213,1.349788150081226,62.84722222222222,55.90277777777778,56.14035087719298
fpc_formal_cremad_d19_f2_A,cremad,19,2,8,1.4739814158927498,1.8932092197129171,53.81944444444444,47.22222222222222,53.50877192982456
fpc_formal_cremad_d19_f2_A,cremad,19,2,9,1.3098234420517703,1.670339642177468,57.638888888888886,53.125,53.94736842105263
fpc_formal_cremad_d19_f2_A,cremad,19,2,10,1.2537745482620064,1.6262579014092202,59.375,57.291666666666664,59.210526315789465
fpc_formal_cremad_d19_f2_A,cremad,19,2,11,1.341778065824157,1.7275050905215414,57.986111111111114,54.513888888888886,59.210526315789465
fpc_formal_cremad_d19_f2_A,cremad,19,2,12,1.4128705861315543,1.777052543233736,58.68055555555556,55.90277777777778,59.210526315789465
fpc_formal_cremad_d19_f2_A,cremad,19,2,13,1.510666946889554,1.8682958983110975,57.986111111111114,52.43055555555556,57.89473684210527
fpc_formal_cremad_d19_f2_A,cremad,19,2,14,1.771544989391302,2.2302697550878054,55.55555555555556,51.736111111111114,56.14035087719298
fpc_formal_cremad_d19_f2_A,cremad,19,2,15,1.5993448226977514,2.134469443331218,57.638888888888886,53.81944444444444,57.01754385964912
fpc_formal_cremad_d19_f3_A,cremad,19,3,1,1.5465205787150549,1.5983991574408742,43.75,36.80555555555556,34.80392156862745
fpc_formal_cremad_d19_f3_A,cremad,19,3,2,1.3995399861329654,1.5165326591328845,46.52777777777778,37.5,44.6078431372549
fpc_formal_cremad_d19_f3_A,cremad,19,3,3,1.2918490176696982,1.4534866027816085,48.95833333333333,42.70833333333333,46.568627450980394
fpc_formal_cremad_d19_f3_A,cremad,19,3,4,1.3693349445153702,1.5715548814157747,43.75,37.5,45.588235294117645
fpc_formal_cremad_d19_f3_A,cremad,19,3,5,1.0537931061567645,1.2164008428128987,57.291666666666664,54.166666666666664,61.76470588235294
fpc_formal_cremad_d19_f3_A,cremad,19,3,6,1.2523785738945807,1.4007795510558052,54.861111111111114,50.69444444444444,53.92156862745098
fpc_formal_cremad_d19_f3_A,cremad,19,3,7,1.1441549901305583,1.4276159705991334,55.208333333333336,52.77777777777778,59.80392156862745
fpc_formal_cremad_d19_f3_A,cremad,19,3,8,1.0576698173664403,1.31147544759396,59.02777777777778,53.47222222222222,63.725490196078425
fpc_formal_cremad_d19_f3_A,cremad,19,3,9,1.3860088860530189,1.457749692011711,56.25,50.69444444444444,59.31372549019608
fpc_formal_cremad_d19_f3_A,cremad,19,3,10,1.4212151434738463,1.62123733445135,55.208333333333336,52.43055555555556,58.82352941176471
fpc_formal_cremad_d19_f3_A,cremad,19,3,11,1.4614971717664806,1.6386125092882224,59.02777777777778,52.43055555555556,58.333333333333336
fpc_formal_cremad_d19_f3_A,cremad,19,3,12,1.4488449510876005,1.5906428546788858,57.638888888888886,53.81944444444444,62.254901960784316
fpc_formal_cremad_d19_f3_A,cremad,19,3,13,1.4461327668614994,1.5912993089187109,57.638888888888886,53.125,59.31372549019608
fpc_formal_cremad_d19_f3_A,cremad,19,3,14,1.4304818130990593,1.618807948919036,55.90277777777778,55.90277777777778,66.17647058823529
fpc_formal_cremad_d19_f3_A,cremad,19,3,15,1.6695462001052515,1.9931527219133496,55.55555555555556,50.0,58.333333333333336
fpc_formal_cremad_d19_f4_A,cremad,19,4,1,1.5490794337119478,1.5553760197998716,36.45833333333333,37.15277777777778,29.901960784313726
fpc_formal_cremad_d19_f4_A,cremad,19,4,2,1.4060341280029114,1.3811229462613923,43.40277777777778,46.875,40.68627450980392
fpc_formal_cremad_d19_f4_A,cremad,19,4,3,1.3279231012410837,1.292123750424749,48.26388888888889,47.22222222222222,45.09803921568628
fpc_formal_cremad_d19_f4_A,cremad,19,4,4,1.2054602608842078,1.1462415025534811,54.513888888888886,53.81944444444444,50.98039215686274
fpc_formal_cremad_d19_f4_A,cremad,19,4,5,1.0503179795060396,1.008128758718839,57.638888888888886,60.416666666666664,58.333333333333336
fpc_formal_cremad_d19_f4_A,cremad,19,4,6,1.37823087596851,1.3341626599710483,55.208333333333336,52.77777777777778,51.470588235294116
fpc_formal_cremad_d19_f4_A,cremad,19,4,7,1.127165504274443,1.086266824588737,62.15277777777778,57.638888888888886,55.392156862745104
fpc_formal_cremad_d19_f4_A,cremad,19,4,8,1.1113065905157942,1.0546908723547352,60.06944444444444,60.416666666666664,59.80392156862745
fpc_formal_cremad_d19_f4_A,cremad,19,4,9,1.0814209813950735,1.0464375192927915,63.19444444444444,64.23611111111111,62.745098039215684
fpc_formal_cremad_d19_f4_A,cremad,19,4,10,1.2458090997192126,1.337576886727049,62.15277777777778,59.02777777777778,57.35294117647059
fpc_formal_cremad_d19_f4_A,cremad,19,4,11,1.2696652207122503,1.2546284288776408,60.416666666666664,59.72222222222222,58.333333333333336
fpc_formal_cremad_d19_f4_A,cremad,19,4,12,1.2993176167738236,1.3519967756302724,60.416666666666664,57.638888888888886,58.82352941176471
fpc_formal_cremad_d19_f4_A,cremad,19,4,13,1.2996123832907618,1.2242370121468609,59.72222222222222,63.19444444444444,60.29411764705882
fpc_formal_cremad_d19_f4_A,cremad,19,4,14,1.368294566548815,1.4000559494448497,61.80555555555556,59.72222222222222,60.78431372549019
fpc_formal_cremad_d19_f4_A,cremad,19,4,15,1.438361364687228,1.513616794440698,61.458333333333336,60.416666666666664,58.82352941176471
fpc_formal_cremad_d20_f0_A,cremad,20,0,1,1.5595407387465758,1.5790866094836997,35.41666666666667,39.58333333333333,37.280701754385966
fpc_formal_cremad_d20_f0_A,cremad,20,0,2,1.374656892852637,1.4566342630029714,46.52777777777778,42.01388888888889,40.35087719298245
fpc_formal_cremad_d20_f0_A,cremad,20,0,3,1.4100251034218871,1.4275937307475906,40.97222222222222,41.66666666666667,39.91228070175439
fpc_formal_cremad_d20_f0_A,cremad,20,0,4,1.2626986578844803,1.3582936307320033,51.736111111111114,43.05555555555556,49.56140350877193
fpc_formal_cremad_d20_f0_A,cremad,20,0,5,1.2005637174519121,1.2632687394157416,53.47222222222222,52.083333333333336,47.368421052631575
fpc_formal_cremad_d20_f0_A,cremad,20,0,6,1.3268430831103344,1.3697439937532354,53.81944444444444,50.0,51.75438596491229
fpc_formal_cremad_d20_f0_A,cremad,20,0,7,1.4144227936283196,1.4548465872140572,53.81944444444444,50.0,52.19298245614035
fpc_formal_cremad_d20_f0_A,cremad,20,0,8,1.4836420249149176,1.4589827628724008,51.736111111111114,49.65277777777778,49.122807017543856
fpc_formal_cremad_d20_f0_A,cremad,20,0,9,1.4505474618017118,1.4214392017574333,55.208333333333336,54.166666666666664,52.63157894736842
fpc_formal_cremad_d20_f0_A,cremad,20,0,10,1.1957771004568611,1.2113547574508283,59.72222222222222,57.291666666666664,56.57894736842105
fpc_formal_cremad_d20_f0_A,cremad,20,0,11,1.5702545022276027,1.5793677887248199,53.47222222222222,51.736111111111114,54.385964912280706
fpc_formal_cremad_d20_f0_A,cremad,20,0,12,1.2736815927498977,1.3463701271205588,62.15277777777778,56.94444444444444,59.210526315789465
fpc_formal_cremad_d20_f0_A,cremad,20,0,13,1.7545746780985618,1.8187223844203386,55.208333333333336,51.736111111111114,55.70175438596491
fpc_formal_cremad_d20_f0_A,cremad,20,0,14,2.006495322765159,2.036703318958299,51.041666666666664,50.69444444444444,53.07017543859649
fpc_formal_cremad_d20_f0_A,cremad,20,0,15,1.750788346552763,1.6875920547486163,55.55555555555556,55.55555555555556,55.26315789473685
fpc_formal_cremad_d20_f1_A,cremad,20,1,1,1.6010660453196914,1.5606046913031324,31.59722222222222,34.72222222222222,35.96491228070175
fpc_formal_cremad_d20_f1_A,cremad,20,1,2,1.5855461912597375,1.5179940533013312,31.944444444444443,31.59722222222222,28.07017543859649
fpc_formal_cremad_d20_f1_A,cremad,20,1,3,1.453878046966889,1.3928555387136115,43.05555555555556,42.01388888888889,42.98245614035088
fpc_formal_cremad_d20_f1_A,cremad,20,1,4,1.554292054279797,1.5331442822134604,38.19444444444444,40.625,38.59649122807017
fpc_formal_cremad_d20_f1_A,cremad,20,1,5,1.6347068775647966,1.6966820610963045,40.625,42.70833333333333,39.91228070175439
fpc_formal_cremad_d20_f1_A,cremad,20,1,6,1.2759640587543173,1.276999533781599,51.388888888888886,48.95833333333333,45.17543859649123
fpc_formal_cremad_d20_f1_A,cremad,20,1,7,1.184212462022033,1.3730029693994388,52.43055555555556,47.56944444444444,54.385964912280706
fpc_formal_cremad_d20_f1_A,cremad,20,1,8,1.076795047960785,1.168290540983939,61.111111111111114,55.55555555555556,59.64912280701754
fpc_formal_cremad_d20_f1_A,cremad,20,1,9,1.2087555524992142,1.4418087473622059,59.02777777777778,51.388888888888886,58.333333333333336
fpc_formal_cremad_d20_f1_A,cremad,20,1,10,1.158526850825483,1.418357874753421,57.986111111111114,55.208333333333336,59.210526315789465
fpc_formal_cremad_d20_f1_A,cremad,20,1,11,1.5051069140600404,1.7852258626735242,54.513888888888886,50.34722222222222,55.70175438596491
fpc_formal_cremad_d20_f1_A,cremad,20,1,12,1.2167519247511227,1.590937047120762,60.763888888888886,54.513888888888886,57.01754385964912
fpc_formal_cremad_d20_f1_A,cremad,20,1,13,1.7995571376945974,2.3167759694239525,53.47222222222222,47.56944444444444,51.75438596491229
fpc_formal_cremad_d20_f1_A,cremad,20,1,14,1.7504253302520127,2.3505239653431422,53.81944444444444,48.26388888888889,54.385964912280706
fpc_formal_cremad_d20_f1_A,cremad,20,1,15,1.6218318750969598,1.9495089723382837,56.94444444444444,53.47222222222222,55.70175438596491
fpc_formal_cremad_d20_f2_A,cremad,20,2,1,1.5421513929323343,1.6042472325852453,34.375,32.29166666666667,31.57894736842105
fpc_formal_cremad_d20_f2_A,cremad,20,2,2,1.4622905877613244,1.4860294864378438,37.5,40.625,37.719298245614034
fpc_formal_cremad_d20_f2_A,cremad,20,2,3,1.31106841604366,1.3095852898446667,47.56944444444444,47.91666666666667,43.42105263157895
fpc_formal_cremad_d20_f2_A,cremad,20,2,4,1.2302837419657502,1.253817378401048,55.55555555555556,50.0,52.19298245614035
fpc_formal_cremad_d20_f2_A,cremad,20,2,5,1.3065198038528192,1.3433351496780435,51.736111111111114,51.041666666666664,51.31578947368421
fpc_formal_cremad_d20_f2_A,cremad,20,2,6,1.1268244520458817,1.1467770527138406,57.638888888888886,55.55555555555556,53.50877192982456
fpc_formal_cremad_d20_f2_A,cremad,20,2,7,1.5973371052969112,1.6064718345851499,48.26388888888889,49.30555555555556,47.80701754385965
fpc_formal_cremad_d20_f2_A,cremad,20,2,8,1.5219848994493301,1.551450608275821,52.43055555555556,51.736111111111114,51.31578947368421
fpc_formal_cremad_d20_f2_A,cremad,20,2,9,1.5634079419669957,1.5592716252189618,53.125,52.77777777777778,49.122807017543856
fpc_formal_cremad_d20_f2_A,cremad,20,2,10,2.0490151164881083,1.9863306888210122,47.22222222222222,47.22222222222222,50.43859649122807
fpc_formal_cremad_d20_f2_A,cremad,20,2,11,1.8997370867298793,1.8754267658315003,50.69444444444444,51.736111111111114,53.94736842105263
fpc_formal_cremad_d20_f2_A,cremad,20,2,12,1.8380849473387697,1.8330606607534732,49.30555555555556,50.0,49.122807017543856
fpc_formal_cremad_d20_f2_A,cremad,20,2,13,1.832176206301078,1.7977492552389671,54.861111111111114,54.166666666666664,53.07017543859649
fpc_formal_cremad_d20_f2_A,cremad,20,2,14,2.39151949845101,2.3850062313166305,49.30555555555556,48.61111111111111,51.31578947368421
fpc_formal_cremad_d20_f2_A,cremad,20,2,15,2.5631161723060436,2.5374582932862486,48.95833333333333,47.56944444444444,48.68421052631579
fpc_formal_cremad_d20_f3_A,cremad,20,3,1,1.6089685403067877,1.603550548967939,35.41666666666667,34.72222222222222,36.853832442067734
fpc_formal_cremad_d20_f3_A,cremad,20,3,2,1.345773816719924,1.4405536717912817,46.18055555555556,41.66666666666667,43.59774212715389
fpc_formal_cremad_d20_f3_A,cremad,20,3,3,1.3328941524605773,1.4502542131860363,48.61111111111111,44.44444444444444,46.07843137254902
fpc_formal_cremad_d20_f3_A,cremad,20,3,4,1.4050816179715784,1.5300364131588275,47.91666666666667,48.61111111111111,48.57397504456328
fpc_formal_cremad_d20_f3_A,cremad,20,3,5,1.075123872209676,1.2323564652139538,60.763888888888886,53.81944444444444,59.41770647653001
fpc_formal_cremad_d20_f3_A,cremad,20,3,6,1.7503865613607863,1.787886142272286,47.91666666666667,50.34722222222222,49.524658348187764
fpc_formal_cremad_d20_f3_A,cremad,20,3,7,1.5248541063090864,1.5874310434796242,52.77777777777778,49.65277777777778,54.976232917409384
fpc_formal_cremad_d20_f3_A,cremad,20,3,8,1.5238400513503345,1.5920997665814594,54.513888888888886,53.47222222222222,56.98158051099228
fpc_formal_cremad_d20_f3_A,cremad,20,3,9,1.8282820921437133,1.8919871290809285,51.388888888888886,50.69444444444444,52.554961378490795
fpc_formal_cremad_d20_f3_A,cremad,20,3,10,2.1814277186649687,2.1459035357845764,47.91666666666667,48.61111111111111,47.593582887700535
fpc_formal_cremad_d20_f3_A,cremad,20,3,11,1.960924425439834,2.021988344126207,51.736111111111114,52.083333333333336,55.46642899584076
fpc_formal_cremad_d20_f3_A,cremad,20,3,12,1.9499176897036794,1.9696295718315215,51.736111111111114,52.083333333333336,53.04515745692216
fpc_formal_cremad_d20_f3_A,cremad,20,3,13,2.4442559196010367,2.425878770331875,47.22222222222222,49.30555555555556,51.03980986333928
fpc_formal_cremad_d20_f3_A,cremad,20,3,14,2.0237986612395806,2.080215726613887,56.25,53.81944444444444,55.51099227569816
fpc_formal_cremad_d20_f3_A,cremad,20,3,15,2.628474709133205,2.4725806169599807,46.875,50.69444444444444,51.06951871657755
fpc_formal_cremad_d20_f4_A,cremad,20,4,1,1.5967415711519022,1.5832450709669683,37.5,38.88888888888889,36.76470588235294
fpc_formal_cremad_d20_f4_A,cremad,20,4,2,1.4691361294064746,1.4728400205383807,36.11111111111111,36.45833333333333,35.78431372549019
fpc_formal_cremad_d20_f4_A,cremad,20,4,3,1.399210958431734,1.3889719221330294,42.70833333333333,42.01388888888889,42.64705882352941
fpc_formal_cremad_d20_f4_A,cremad,20,4,4,1.362365776253525,1.2983706807293902,50.0,46.875,48.529411764705884
fpc_formal_cremad_d20_f4_A,cremad,20,4,5,1.2799050268458763,1.140813280316507,49.65277777777778,55.55555555555556,50.0
fpc_formal_cremad_d20_f4_A,cremad,20,4,6,1.3335805277271726,1.2177658932224698,52.43055555555556,52.43055555555556,49.01960784313725
fpc_formal_cremad_d20_f4_A,cremad,20,4,7,1.3523308594514538,1.406523530831655,52.77777777777778,54.166666666666664,46.07843137254902
fpc_formal_cremad_d20_f4_A,cremad,20,4,8,1.3711270312511024,1.298294856387575,55.208333333333336,54.513888888888886,51.470588235294116
fpc_formal_cremad_d20_f4_A,cremad,20,4,9,1.3546690769326506,1.2963181750001487,59.72222222222222,59.02777777777778,54.41176470588235
fpc_formal_cremad_d20_f4_A,cremad,20,4,10,1.4756295346594535,1.597665605192577,57.638888888888886,53.125,48.529411764705884
fpc_formal_cremad_d20_f4_A,cremad,20,4,11,1.4113083410430987,1.3966397746774837,58.333333333333336,57.638888888888886,52.94117647058824
fpc_formal_cremad_d20_f4_A,cremad,20,4,12,1.4591506884895615,1.4497897906547992,56.59722222222222,60.416666666666664,52.450980392156865
fpc_formal_cremad_d20_f4_A,cremad,20,4,13,1.7062463917685164,1.896299392631879,55.208333333333336,53.47222222222222,46.07843137254902
fpc_formal_cremad_d20_f4_A,cremad,20,4,14,1.6365262475614182,1.6505866916549903,57.638888888888886,58.333333333333336,54.41176470588235
fpc_formal_cremad_d20_f4_A,cremad,20,4,15,1.5852063034566157,1.6887838300403435,56.94444444444444,59.02777777777778,54.41176470588235
fpc_formal_cremad_d21_f0_A,cremad,21,0,1,1.7047527545550332,1.7335251447394324,26.38888888888889,27.77777777777778,24.774774774774773
fpc_formal_cremad_d21_f0_A,cremad,21,0,2,1.442519508327975,1.462647937796205,42.01388888888889,38.88888888888889,42.460881934566146
fpc_formal_cremad_d21_f0_A,cremad,21,0,3,1.3956650339452363,1.433178644345194,42.01388888888889,41.31944444444444,42.95874822190612
fpc_formal_cremad_d21_f0_A,cremad,21,0,4,1.298110753700068,1.3328715706833942,49.30555555555556,46.52777777777778,52.6434329065908
fpc_formal_cremad_d21_f0_A,cremad,21,0,5,1.3471519728439345,1.439029745057199,50.69444444444444,48.61111111111111,47.368421052631575
fpc_formal_cremad_d21_f0_A,cremad,21,0,6,1.3337643450672814,1.4448760458414287,47.22222222222222,48.61111111111111,51.220957799905165
fpc_formal_cremad_d21_f0_A,cremad,21,0,7,1.375803810385702,1.54979712438615,49.65277777777778,47.56944444444444,53.496917970602176
fpc_formal_cremad_d21_f0_A,cremad,21,0,8,1.318470801679481,1.4883613430423202,54.861111111111114,51.041666666666664,54.51635846372689
fpc_formal_cremad_d21_f0_A,cremad,21,0,9,1.4943932085455807,1.6639312313449233,50.0,46.52777777777778,52.24039829302988
fpc_formal_cremad_d21_f0_A,cremad,21,0,10,1.3887855536001408,1.5433163158301868,53.47222222222222,51.388888888888886,58.90232337600758
fpc_formal_cremad_d21_f0_A,cremad,21,0,11,1.4507976912062686,1.617475120551393,56.94444444444444,55.55555555555556,55.286865813181606
fpc_formal_cremad_d21_f0_A,cremad,21,0,12,1.4214860196494956,1.6785796566201345,60.416666666666664,55.55555555555556,57.0886676149834
fpc_formal_cremad_d21_f0_A,cremad,21,0,13,1.5651339575050132,1.8789103833393632,56.59722222222222,53.81944444444444,55.72546230440967
fpc_formal_cremad_d21_f0_A,cremad,21,0,14,1.511943264135027,1.843116100908023,61.111111111111114,55.55555555555556,57.479848269321955
fpc_formal_cremad_d21_f0_A,cremad,21,0,15,1.7301938139690107,2.0208173429979914,59.375,55.90277777777778,55.72546230440967
fpc_formal_cremad_d21_f1_A,cremad,21,1,1,1.5627661276121112,1.6013903799466014,32.98611111111111,31.25,28.07017543859649
fpc_formal_cremad_d21_f1_A,cremad,21,1,2,1.4801956315724492,1.5553407003861042,39.23611111111111,36.80555555555556,33.771929824561404
fpc_formal_cremad_d21_f1_A,cremad,21,1,3,1.433136536148158,1.568916596354698,40.27777777777778,40.27777777777778,40.35087719298245
fpc_formal_cremad_d21_f1_A,cremad,21,1,4,1.4295695888238065,1.5540765893812167,46.52777777777778,44.79166666666667,47.368421052631575
fpc_formal_cremad_d21_f1_A,cremad,21,1,5,1.264279057725825,1.3995248360959034,50.69444444444444,50.0,51.75438596491229
fpc_formal_cremad_d21_f1_A,cremad,21,1,6,1.0706750288002196,1.2631688581713272,57.986111111111114,54.513888888888886,60.526315789473685
fpc_formal_cremad_d21_f1_A,cremad,21,1,7,1.2008369661211111,1.4010693932636447,57.638888888888886,52.083333333333336,56.14035087719298
fpc_formal_cremad_d21_f1_A,cremad,21,1,8,1.104485293956087,1.3408949656406064,62.84722222222222,55.90277777777778,56.14035087719298
fpc_formal_cremad_d21_f1_A,cremad,21,1,9,1.1371782188679678,1.4200852212601793,63.888888888888886,55.90277777777778,58.333333333333336
fpc_formal_cremad_d21_f1_A,cremad,21,1,10,1.435525884204591,1.736714565197271,58.68055555555556,53.47222222222222,56.57894736842105
fpc_formal_cremad_d21_f1_A,cremad,21,1,11,1.1739712304885341,1.5195822316498002,62.84722222222222,57.986111111111114,57.89473684210527
fpc_formal_cremad_d21_f1_A,cremad,21,1,12,1.4864250631665532,1.861887672532821,62.5,56.25,56.57894736842105
fpc_formal_cremad_d21_f1_A,cremad,21,1,13,1.2334716428747865,1.602916546115092,65.625,57.986111111111114,61.40350877192983
fpc_formal_cremad_d21_f1_A,cremad,21,1,14,1.134156247377683,1.5576794154774478,67.36111111111111,58.68055555555556,63.59649122807017
fpc_formal_cremad_d21_f1_A,cremad,21,1,15,1.3519626779994844,1.7381589874106316,64.58333333333334,57.986111111111114,59.210526315789465
fpc_formal_cremad_d21_f2_A,cremad,21,2,1,1.6484035378869881,1.5976828797952807,30.555555555555557,36.45833333333333,38.288288288288285
fpc_formal_cremad_d21_f2_A,cremad,21,2,2,1.5383895281116473,1.4673662485903636,41.31944444444444,43.75,45.04504504504504
fpc_formal_cremad_d21_f2_A,cremad,21,2,3,1.606521800043097,1.4817374910567278,36.80555555555556,42.01388888888889,43.24324324324324
fpc_formal_cremad_d21_f2_A,cremad,21,2,4,1.5263520031511206,1.409053579988149,42.70833333333333,42.70833333333333,48.64864864864865
fpc_formal_cremad_d21_f2_A,cremad,21,2,5,1.5883123726338042,1.486006230325421,48.26388888888889,45.13888888888889,51.80180180180181
fpc_formal_cremad_d21_f2_A,cremad,21,2,6,1.5922957047561914,1.3874779683181022,50.69444444444444,48.95833333333333,53.153153153153156
fpc_formal_cremad_d21_f2_A,cremad,21,2,7,1.3216253472044437,1.161382571711339,50.69444444444444,60.763888888888886,63.06306306306306
fpc_formal_cremad_d21_f2_A,cremad,21,2,8,1.4304387974930761,1.1945653533406189,52.43055555555556,56.59722222222222,61.261261261261254
fpc_formal_cremad_d21_f2_A,cremad,21,2,9,1.5709958404549043,1.3871300071704293,53.47222222222222,54.861111111111114,60.36036036036037
fpc_formal_cremad_d21_f2_A,cremad,21,2,10,1.1200380467446374,1.07631062071866,60.763888888888886,64.23611111111111,67.11711711711712
fpc_formal_cremad_d21_f2_A,cremad,21,2,11,1.8564550343318682,1.6834133624112764,51.736111111111114,53.47222222222222,59.009009009009006
fpc_formal_cremad_d21_f2_A,cremad,21,2,12,1.4562812462897372,1.3259532353393062,56.94444444444444,60.763888888888886,63.06306306306306
fpc_formal_cremad_d21_f2_A,cremad,21,2,13,1.8211278870288363,1.6660909680396756,52.77777777777778,50.69444444444444,59.909909909909906
fpc_formal_cremad_d21_f2_A,cremad,21,2,14,2.063302419269048,1.7718292155894235,53.47222222222222,54.861111111111114,56.75675675675676
fpc_formal_cremad_d21_f2_A,cremad,21,2,15,1.5857713492555048,1.3892123899192306,56.59722222222222,62.5,63.06306306306306
fpc_formal_cremad_d21_f3_A,cremad,21,3,1,1.7158628739159263,1.688427464417027,26.041666666666668,27.430555555555557,24.569221628045156
fpc_formal_cremad_d21_f3_A,cremad,21,3,2,1.6039197081951277,1.5889290000161296,34.72222222222222,34.02777777777778,31.491384432560903
fpc_formal_cremad_d21_f3_A,cremad,21,3,3,1.4273071646872582,1.3834278779743132,40.625,45.83333333333333,37.849079025549614
fpc_formal_cremad_d21_f3_A,cremad,21,3,4,1.3230982572707493,1.3218174614007283,51.736111111111114,52.77777777777778,42.751039809863336
fpc_formal_cremad_d21_f3_A,cremad,21,3,5,1.2885588390089764,1.3259695271437772,52.77777777777778,51.041666666666664,46.746880570409985
fpc_formal_cremad_d21_f3_A,cremad,21,3,6,1.3269760760728597,1.4136739377796093,51.736111111111114,50.69444444444444,41.785502079619725
fpc_formal_cremad_d21_f3_A,cremad,21,3,7,1.373958674091407,1.469959471854074,47.91666666666667,50.69444444444444,42.721330956625074
fpc_formal_cremad_d21_f3_A,cremad,21,3,8,1.7166866316296636,1.8720713677943328,46.875,46.875,41.785502079619725
fpc_formal_cremad_d21_f3_A,cremad,21,3,9,1.283640536253857,1.4114949122683473,55.90277777777778,52.43055555555556,50.623885918003566
fpc_formal_cremad_d21_f3_A,cremad,21,3,10,1.2292708687026253,1.4017780146781487,59.72222222222222,56.94444444444444,52.614379084967325
fpc_formal_cremad_d21_f3_A,cremad,21,3,11,1.7035564914952497,1.8903781824755197,52.43055555555556,54.861111111111114,44.20677361853833
fpc_formal_cremad_d21_f3_A,cremad,21,3,12,1.4514997033953867,1.6546658455614414,56.25,57.986111111111114,51.08437314319667
fpc_formal_cremad_d21_f3_A,cremad,21,3,13,1.3801735050078499,1.4975483068541666,56.94444444444444,57.986111111111114,50.564468211527036
fpc_formal_cremad_d21_f3_A,cremad,21,3,14,1.7938905075109821,1.9584234079967797,53.47222222222222,53.125,51.06951871657755
fpc_formal_cremad_d21_f3_A,cremad,21,3,15,1.7206438297945637,1.903132586026983,54.166666666666664,58.333333333333336,49.10873440285205
fpc_formal_cremad_d21_f4_A,cremad,21,4,1,1.595900098981128,1.6083922433587707,36.80555555555556,35.41666666666667,34.31372549019608
fpc_formal_cremad_d21_f4_A,cremad,21,4,2,1.4434525127613949,1.472026136963463,43.05555555555556,43.40277777777778,48.03921568627451
fpc_formal_cremad_d21_f4_A,cremad,21,4,3,1.2463169465076807,1.3610968681598452,55.55555555555556,48.61111111111111,54.41176470588235
fpc_formal_cremad_d21_f4_A,cremad,21,4,4,1.3561996808501686,1.357123310083972,46.875,48.26388888888889,47.05882352941176
fpc_formal_cremad_d21_f4_A,cremad,21,4,5,1.1098492514574156,1.2142594057015923,59.72222222222222,52.43055555555556,55.88235294117647
fpc_formal_cremad_d21_f4_A,cremad,21,4,6,1.0392752492045447,1.2270353501202707,62.15277777777778,56.94444444444444,58.333333333333336
fpc_formal_cremad_d21_f4_A,cremad,21,4,7,1.0655211808992278,1.2400866940640813,63.888888888888886,57.291666666666664,57.35294117647059
fpc_formal_cremad_d21_f4_A,cremad,21,4,8,1.036954343119206,1.308511829177037,60.06944444444444,54.513888888888886,60.29411764705882
fpc_formal_cremad_d21_f4_A,cremad,21,4,9,1.1510007424572264,1.481705952175125,62.5,55.55555555555556,60.78431372549019
fpc_formal_cremad_d21_f4_A,cremad,21,4,10,1.1569283746771122,1.5059872709787863,62.15277777777778,56.59722222222222,61.76470588235294
fpc_formal_cremad_d21_f4_A,cremad,21,4,11,1.1580387654315163,1.5273261574089665,62.84722222222222,54.861111111111114,60.29411764705882
fpc_formal_cremad_d21_f4_A,cremad,21,4,12,1.295180117885148,1.5423430992728377,62.5,57.291666666666664,59.80392156862745
fpc_formal_cremad_d21_f4_A,cremad,21,4,13,1.2420332857063012,1.5834650535293848,67.70833333333334,57.986111111111114,61.76470588235294
fpc_formal_cremad_d21_f4_A,cremad,21,4,14,1.554862736996007,1.9678912248464724,58.333333333333336,55.208333333333336,59.31372549019608
fpc_formal_cremad_d21_f4_A,cremad,21,4,15,1.2920381535814782,1.7608944917760623,65.625,58.333333333333336,64.2156862745098
fpc_formal_cremad_d22_f0_A,cremad,22,0,1,1.5110461956494476,1.581679595949109,39.23611111111111,35.41666666666667,36.40350877192983
fpc_formal_cremad_d22_f0_A,cremad,22,0,2,1.3319991243080405,1.4881754737533177,46.875,41.66666666666667,45.614035087719294
fpc_formal_cremad_d22_f0_A,cremad,22,0,3,1.302386375113252,1.4836099828177074,48.61111111111111,44.44444444444444,46.05263157894737
fpc_formal_cremad_d22_f0_A,cremad,22,0,4,1.1655225182168238,1.4208862148504453,55.208333333333336,47.22222222222222,54.385964912280706
fpc_formal_cremad_d22_f0_A,cremad,22,0,5,1.237728133466825,1.5862482426353337,54.513888888888886,46.18055555555556,50.43859649122807
fpc_formal_cremad_d22_f0_A,cremad,22,0,6,1.18743876766292,1.518593776630718,57.638888888888886,49.30555555555556,53.94736842105263
fpc_formal_cremad_d22_f0_A,cremad,22,0,7,1.556059090096749,1.9854611101362802,49.30555555555556,44.44444444444444,47.80701754385965
fpc_formal_cremad_d22_f0_A,cremad,22,0,8,1.2895848578693672,1.707265227235983,55.208333333333336,49.30555555555556,53.94736842105263
fpc_formal_cremad_d22_f0_A,cremad,22,0,9,1.1765148176587739,1.7083516522420932,61.111111111111114,50.34722222222222,58.333333333333336
fpc_formal_cremad_d22_f0_A,cremad,22,0,10,1.3301285357001942,1.8735253980805362,57.638888888888886,48.95833333333333,54.385964912280706
fpc_formal_cremad_d22_f0_A,cremad,22,0,11,1.361462626712898,1.9058007899231404,56.25,48.26388888888889,55.26315789473685
fpc_formal_cremad_d22_f0_A,cremad,22,0,12,1.7239159478701944,2.3188640022261464,53.125,47.22222222222222,51.31578947368421
fpc_formal_cremad_d22_f0_A,cremad,22,0,13,1.58622153681022,2.209118037640773,55.208333333333336,46.52777777777778,53.07017543859649
fpc_formal_cremad_d22_f0_A,cremad,22,0,14,1.941706671249897,2.563716761515016,49.65277777777778,43.75,47.368421052631575
fpc_formal_cremad_d22_f0_A,cremad,22,0,15,1.6826826226716447,2.291928723461201,58.333333333333336,47.56944444444444,52.63157894736842
fpc_formal_cremad_d22_f1_A,cremad,22,1,1,1.5605610032293087,1.5879113043392266,33.68055555555556,33.33333333333333,34.64912280701755
fpc_formal_cremad_d22_f1_A,cremad,22,1,2,1.386393598185266,1.4617921200023345,43.40277777777778,36.45833333333333,39.03508771929825
fpc_formal_cremad_d22_f1_A,cremad,22,1,3,1.2478716162546237,1.3172526811556624,47.22222222222222,47.91666666666667,45.614035087719294
fpc_formal_cremad_d22_f1_A,cremad,22,1,4,1.0888750360034838,1.1582187793305645,56.25,58.333333333333336,53.07017543859649
fpc_formal_cremad_d22_f1_A,cremad,22,1,5,1.180682070479218,1.243317901830056,55.55555555555556,51.736111111111114,48.24561403508772
fpc_formal_cremad_d22_f1_A,cremad,22,1,6,0.9719382309851698,1.0657627566144199,63.541666666666664,58.68055555555556,55.70175438596491
fpc_formal_cremad_d22_f1_A,cremad,22,1,7,1.0931491196086087,1.2720633231268978,56.94444444444444,56.94444444444444,54.824561403508774
fpc_formal_cremad_d22_f1_A,cremad,22,1,8,0.9854061282878672,1.1616698700218893,62.15277777777778,57.291666666666664,56.57894736842105
fpc_formal_cremad_d22_f1_A,cremad,22,1,9,1.031315244971878,1.2313544006615649,64.58333333333334,60.416666666666664,57.89473684210527
fpc_formal_cremad_d22_f1_A,cremad,22,1,10,0.9643359748640058,1.1705202129158414,67.36111111111111,60.06944444444444,59.210526315789465
fpc_formal_cremad_d22_f1_A,cremad,22,1,11,1.2239325189238666,1.4490120225700953,59.02777777777778,60.416666666666664,52.63157894736842
fpc_formal_cremad_d22_f1_A,cremad,22,1,12,1.391512887970518,1.5906582146469102,59.375,49.65277777777778,58.77192982456141
fpc_formal_cremad_d22_f1_A,cremad,22,1,13,1.360487652719191,1.5038793856318742,59.72222222222222,54.513888888888886,56.14035087719298
fpc_formal_cremad_d22_f1_A,cremad,22,1,14,1.4598943414283794,1.6591341172622844,58.68055555555556,55.55555555555556,53.94736842105263
fpc_formal_cremad_d22_f1_A,cremad,22,1,15,1.4685968582776245,1.7822819240201793,56.25,57.291666666666664,53.07017543859649
fpc_formal_cremad_d22_f2_A,cremad,22,2,1,1.5485226562081305,1.532304339430757,39.58333333333333,35.76388888888889,35.96491228070175
fpc_formal_cremad_d22_f2_A,cremad,22,2,2,1.371537264204721,1.3819489735450163,45.83333333333333,40.625,39.03508771929825
fpc_formal_cremad_d22_f2_A,cremad,22,2,3,1.487132563109286,1.5589433772394636,42.70833333333333,40.625,39.03508771929825
fpc_formal_cremad_d22_f2_A,cremad,22,2,4,1.2809861067699255,1.3252168172364414,50.69444444444444,50.34722222222222,46.05263157894737
fpc_formal_cremad_d22_f2_A,cremad,22,2,5,1.1703875614190595,1.2233409449369705,54.861111111111114,54.861111111111114,49.122807017543856
fpc_formal_cremad_d22_f2_A,cremad,22,2,6,1.131898831502677,1.2164044043672135,59.02777777777778,56.25,53.94736842105263
fpc_formal_cremad_d22_f2_A,cremad,22,2,7,1.1682584844305082,1.3290682613693328,60.416666666666664,53.81944444444444,51.31578947368421
fpc_formal_cremad_d22_f2_A,cremad,22,2,8,1.6373492715068305,1.7361383634422103,48.95833333333333,49.65277777777778,47.80701754385965
fpc_formal_cremad_d22_f2_A,cremad,22,2,9,1.1492887297522028,1.2952444448384834,61.111111111111114,57.638888888888886,53.50877192982456
fpc_formal_cremad_d22_f2_A,cremad,22,2,10,1.7624284427234411,1.829007342561886,50.0,50.69444444444444,46.05263157894737
fpc_formal_cremad_d22_f2_A,cremad,22,2,11,1.5909966787922554,1.745192840782125,55.208333333333336,52.43055555555556,50.43859649122807
fpc_formal_cremad_d22_f2_A,cremad,22,2,12,1.7444361857545858,1.853274479124238,54.861111111111114,50.69444444444444,50.43859649122807
fpc_formal_cremad_d22_f2_A,cremad,22,2,13,1.723472411210591,1.8956689373942086,57.638888888888886,55.90277777777778,51.31578947368421
fpc_formal_cremad_d22_f2_A,cremad,22,2,14,1.4380441087297704,1.7248531692943,61.458333333333336,55.55555555555556,53.50877192982456
fpc_formal_cremad_d22_f2_A,cremad,22,2,15,1.9918378348261223,2.146249203162812,55.208333333333336,51.041666666666664,48.68421052631579
fpc_formal_cremad_d22_f3_A,cremad,22,3,1,1.5434365559584913,1.546950351302731,33.33333333333333,34.375,31.862745098039213
fpc_formal_cremad_d22_f3_A,cremad,22,3,2,1.416968382077887,1.3744031924375892,40.625,43.75,39.705882352941174
fpc_formal_cremad_d22_f3_A,cremad,22,3,3,1.2583524723843722,1.2371125301017838,51.041666666666664,52.083333333333336,53.431372549019606
fpc_formal_cremad_d22_f3_A,cremad,22,3,4,1.3425337668315283,1.2948306707625212,48.61111111111111,53.81944444444444,52.450980392156865
fpc_formal_cremad_d22_f3_A,cremad,22,3,5,1.2517636550993956,1.1931594949043511,51.736111111111114,55.208333333333336,55.88235294117647
fpc_formal_cremad_d22_f3_A,cremad,22,3,6,1.209697439329079,1.1544311812323196,54.513888888888886,56.94444444444444,54.41176470588235
fpc_formal_cremad_d22_f3_A,cremad,22,3,7,1.3101091905857927,1.2346323281786873,53.125,56.25,56.86274509803921
fpc_formal_cremad_d22_f3_A,cremad,22,3,8,1.3028056596021493,1.297661462161763,57.638888888888886,56.25,55.88235294117647
fpc_formal_cremad_d22_f3_A,cremad,22,3,9,1.5320810719753244,1.451989305039048,51.388888888888886,54.513888888888886,49.50980392156863
fpc_formal_cremad_d22_f3_A,cremad,22,3,10,1.4554187671608736,1.401667256085002,53.47222222222222,55.55555555555556,52.94117647058824
fpc_formal_cremad_d22_f3_A,cremad,22,3,11,1.3747053258236361,1.3530387737132643,57.986111111111114,58.68055555555556,57.84313725490197
fpc_formal_cremad_d22_f3_A,cremad,22,3,12,1.7643174147197382,1.7246827106399887,51.736111111111114,54.513888888888886,52.94117647058824
fpc_formal_cremad_d22_f3_A,cremad,22,3,13,1.4243339865337439,1.5147493192631787,60.06944444444444,57.638888888888886,58.333333333333336
fpc_formal_cremad_d22_f3_A,cremad,22,3,14,1.422058159172812,1.4367591130956952,61.111111111111114,59.72222222222222,59.31372549019608
fpc_formal_cremad_d22_f3_A,cremad,22,3,15,1.8194776894402318,1.8118361307437303,58.68055555555556,57.291666666666664,57.84313725490197
fpc_formal_cremad_d22_f4_A,cremad,22,4,1,1.5668078076607526,1.5963582044655171,37.84722222222222,34.72222222222222,35.50207961972668
fpc_formal_cremad_d22_f4_A,cremad,22,4,2,1.468886993983593,1.5114380891270234,39.93055555555556,38.19444444444444,34.165181224004755
fpc_formal_cremad_d22_f4_A,cremad,22,4,3,1.3457642259032347,1.448815361976466,42.36111111111111,38.19444444444444,41.16161616161616
fpc_formal_cremad_d22_f4_A,cremad,22,4,4,1.2919581135693512,1.4297306927518225,52.77777777777778,44.79166666666667,47.05882352941176
fpc_formal_cremad_d22_f4_A,cremad,22,4,5,1.2125912945256274,1.406198525744681,55.208333333333336,46.52777777777778,50.96553773024362
fpc_formal_cremad_d22_f4_A,cremad,22,4,6,1.007707760849892,1.1318644815416086,61.458333333333336,54.861111111111114,59.20974450386215
fpc_formal_cremad_d22_f4_A,cremad,22,4,7,1.4005996183737404,1.6115566238643697,52.083333333333336,44.79166666666667,48.51455733808675
fpc_formal_cremad_d22_f4_A,cremad,22,4,8,1.3425401209070729,1.554985425333185,54.861111111111114,47.22222222222222,48.51455733808675
fpc_formal_cremad_d22_f4_A,cremad,22,4,9,1.2067234417400332,1.4284292561982292,58.333333333333336,51.041666666666664,53.92156862745098
fpc_formal_cremad_d22_f4_A,cremad,22,4,10,1.9183252979859076,2.1733761903750786,45.13888888888889,43.40277777777778,42.64705882352941
fpc_formal_cremad_d22_f4_A,cremad,22,4,11,1.7695296927295123,2.0223940403754304,50.34722222222222,46.875,46.568627450980394
fpc_formal_cremad_d22_f4_A,cremad,22,4,12,1.505664928162144,1.8067041970640898,55.55555555555556,50.34722222222222,51.455733808674985
fpc_formal_cremad_d22_f4_A,cremad,22,4,13,1.3782671440730423,1.620288545775929,58.333333333333336,55.208333333333336,53.90671420083185
fpc_formal_cremad_d22_f4_A,cremad,22,4,14,1.5120685229745092,1.9088791648283805,58.333333333333336,51.388888888888886,52.9263220439691
fpc_formal_cremad_d22_f4_A,cremad,22,4,15,1.3679441666490442,1.7503938955877605,61.80555555555556,55.90277777777778,56.84789067142009
fpc_formal_cremad_d23_f0_A,cremad,23,0,1,1.5642366876956237,1.6015862500153024,40.27777777777778,35.06944444444444,32.01754385964912
fpc_formal_cremad_d23_f0_A,cremad,23,0,2,1.5573011710371263,1.5631951089424092,33.68055555555556,34.72222222222222,34.64912280701755
fpc_formal_cremad_d23_f0_A,cremad,23,0,3,1.3143144039996817,1.3191631891095286,53.125,50.0,42.98245614035088
fpc_formal_cremad_d23_f0_A,cremad,23,0,4,1.3076269049106486,1.313966446392632,52.083333333333336,52.43055555555556,47.368421052631575
fpc_formal_cremad_d23_f0_A,cremad,23,0,5,1.1143623798896967,1.1995193552377401,57.986111111111114,54.166666666666664,56.57894736842105
fpc_formal_cremad_d23_f0_A,cremad,23,0,6,1.13929261089136,1.2203444677709578,59.375,55.55555555555556,53.50877192982456
fpc_formal_cremad_d23_f0_A,cremad,23,0,7,1.1525814847701836,1.232065447508415,56.59722222222222,56.25,57.01754385964912
fpc_formal_cremad_d23_f0_A,cremad,23,0,8,1.10158146519339,1.1586384071860774,57.986111111111114,60.06944444444444,61.8421052631579
fpc_formal_cremad_d23_f0_A,cremad,23,0,9,1.3334567022090165,1.5036433055170562,53.47222222222222,53.81944444444444,57.45614035087719
fpc_formal_cremad_d23_f0_A,cremad,23,0,10,1.2324726394576775,1.486740191641111,58.333333333333336,56.94444444444444,55.70175438596491
fpc_formal_cremad_d23_f0_A,cremad,23,0,11,1.4677479522399501,1.5600316365626226,56.94444444444444,59.375,52.63157894736842
fpc_formal_cremad_d23_f0_A,cremad,23,0,12,1.155137937439847,1.5422389337126954,62.84722222222222,58.333333333333336,58.333333333333336
fpc_formal_cremad_d23_f0_A,cremad,23,0,13,1.6207896337963292,1.901783777191831,58.333333333333336,54.513888888888886,52.63157894736842
fpc_formal_cremad_d23_f0_A,cremad,23,0,14,1.391026438104252,1.6593210663806661,59.72222222222222,59.02777777777778,59.64912280701754
fpc_formal_cremad_d23_f0_A,cremad,23,0,15,1.5226710509766883,1.8657278888443711,59.02777777777778,57.638888888888886,58.333333333333336
fpc_formal_cremad_d23_f1_A,cremad,23,1,1,1.5595975253769783,1.6103408344778398,35.06944444444444,33.33333333333333,30.346135609293505
fpc_formal_cremad_d23_f1_A,cremad,23,1,2,1.4208281790280988,1.4866298094427763,45.48611111111111,37.84722222222222,37.63632053105737
fpc_formal_cremad_d23_f1_A,cremad,23,1,3,1.3411095638153192,1.4025870985500757,46.875,41.66666666666667,42.48458985301091
fpc_formal_cremad_d23_f1_A,cremad,23,1,4,1.2751052672669674,1.3851397362254447,52.43055555555556,45.13888888888889,46.787577050734946
fpc_formal_cremad_d23_f1_A,cremad,23,1,5,1.2431544112569586,1.386959690370502,53.125,49.30555555555556,46.040777619724985
fpc_formal_cremad_d23_f1_A,cremad,23,1,6,1.3202367235161712,1.4919459908147972,54.513888888888886,47.91666666666667,43.847795163584635
fpc_formal_cremad_d23_f1_A,cremad,23,1,7,1.7463023068976067,2.0139625559310863,46.875,42.36111111111111,38.59649122807017
fpc_formal_cremad_d23_f1_A,cremad,23,1,8,1.508672821362448,1.7157712610188733,52.77777777777778,49.30555555555556,43.42105263157895
fpc_formal_cremad_d23_f1_A,cremad,23,1,9,1.323031095380454,1.645364571148687,59.375,52.083333333333336,46.028923660502606
fpc_formal_cremad_d23_f1_A,cremad,23,1,10,1.4328638781263106,1.8622742453843126,54.861111111111114,51.736111111111114,44.701280227596015
fpc_formal_cremad_d23_f1_A,cremad,23,1,11,1.5513838265852595,1.9609405900201413,54.861111111111114,48.26388888888889,46.040777619724985
fpc_formal_cremad_d23_f1_A,cremad,23,1,12,2.140063790150759,2.5089257729459358,48.61111111111111,46.875,40.35087719298245
fpc_formal_cremad_d23_f1_A,cremad,23,1,13,1.8812820117140268,2.342733240859491,53.81944444444444,47.91666666666667,39.91228070175439
fpc_formal_cremad_d23_f1_A,cremad,23,1,14,2.064143567019734,2.342046983817573,51.736111111111114,50.34722222222222,43.42105263157895
fpc_formal_cremad_d23_f1_A,cremad,23,1,15,1.9073631884274422,2.3610513520437766,53.47222222222222,49.65277777777778,40.78947368421053
fpc_formal_cremad_d23_f2_A,cremad,23,2,1,1.5827026459770677,1.6146156925438302,36.11111111111111,31.59722222222222,35.08771929824561
fpc_formal_cremad_d23_f2_A,cremad,23,2,2,1.5123034490043052,1.5598317637431203,35.41666666666667,30.208333333333332,34.21052631578947
fpc_formal_cremad_d23_f2_A,cremad,23,2,3,1.303297843807123,1.3555523596419166,53.125,53.125,50.877192982456144
fpc_formal_cremad_d23_f2_A,cremad,23,2,4,1.197031587299198,1.2846880676913763,52.43055555555556,45.48611111111111,49.56140350877193
fpc_formal_cremad_d23_f2_A,cremad,23,2,5,0.995870012770317,1.0314161134161688,63.888888888888886,64.58333333333334,59.210526315789465
fpc_formal_cremad_d23_f2_A,cremad,23,2,6,1.044553744175725,1.0495456963386591,58.68055555555556,62.15277777777778,58.77192982456141
fpc_formal_cremad_d23_f2_A,cremad,23,2,7,0.9464257300127189,1.0296188108002151,65.625,58.333333333333336,62.28070175438597
fpc_formal_cremad_d23_f2_A,cremad,23,2,8,0.888976700269996,0.9961706553829662,69.44444444444444,60.416666666666664,57.89473684210527
fpc_formal_cremad_d23_f2_A,cremad,23,2,9,1.095512533297431,1.0866916782377085,60.763888888888886,63.888888888888886,57.45614035087719
fpc_formal_cremad_d23_f2_A,cremad,23,2,10,1.0118115321935024,1.0487766779229826,62.15277777777778,62.84722222222222,61.8421052631579
fpc_formal_cremad_d23_f2_A,cremad,23,2,11,1.1049369106257398,1.1510641625835332,61.80555555555556,63.888888888888886,55.70175438596491
fpc_formal_cremad_d23_f2_A,cremad,23,2,12,1.0991894092038978,1.1987043533547765,63.888888888888886,62.15277777777778,59.64912280701754
fpc_formal_cremad_d23_f2_A,cremad,23,2,13,1.2070782819826564,1.2624476523622379,61.111111111111114,61.111111111111114,58.77192982456141
fpc_formal_cremad_d23_f2_A,cremad,23,2,14,1.3809825688639323,1.4328471393954212,59.72222222222222,60.763888888888886,56.57894736842105
fpc_formal_cremad_d23_f2_A,cremad,23,2,15,1.6537436517585118,1.709101929379484,56.25,57.291666666666664,53.07017543859649
fpc_formal_cremad_d23_f3_A,cremad,23,3,1,1.581850969195484,1.5996697163617921,32.98611111111111,28.819444444444443,34.80392156862745
fpc_formal_cremad_d23_f3_A,cremad,23,3,2,1.41351519832422,1.4783961807590809,42.70833333333333,38.19444444444444,41.17647058823529
fpc_formal_cremad_d23_f3_A,cremad,23,3,3,1.308504233966422,1.3697396154926058,51.041666666666664,47.22222222222222,47.05882352941176
fpc_formal_cremad_d23_f3_A,cremad,23,3,4,1.1675694419250569,1.216952967611049,56.94444444444444,57.638888888888886,54.41176470588235
fpc_formal_cremad_d23_f3_A,cremad,23,3,5,1.0399012454483798,1.2040192323116807,57.986111111111114,54.861111111111114,54.90196078431373
fpc_formal_cremad_d23_f3_A,cremad,23,3,6,1.2976037177161328,1.4505367517453445,54.513888888888886,51.388888888888886,52.94117647058824
fpc_formal_cremad_d23_f3_A,cremad,23,3,7,1.0813539009605917,1.2717615138772453,60.763888888888886,53.125,57.84313725490197
fpc_formal_cremad_d23_f3_A,cremad,23,3,8,1.2635087631468493,1.415081387143346,59.02777777777778,53.81944444444444,56.372549019607845
fpc_formal_cremad_d23_f3_A,cremad,23,3,9,1.4422491146148937,1.6245545252948024,57.291666666666664,52.43055555555556,54.90196078431373
fpc_formal_cremad_d23_f3_A,cremad,23,3,10,1.6317324116819132,1.7968284713633658,53.47222222222222,51.736111111111114,54.90196078431373
fpc_formal_cremad_d23_f3_A,cremad,23,3,11,1.2218285800956865,1.4054433115995926,59.72222222222222,59.375,56.372549019607845
fpc_formal_cremad_d23_f3_A,cremad,23,3,12,1.4631360518182186,1.7687115019793167,56.94444444444444,51.736111111111114,53.431372549019606
fpc_formal_cremad_d23_f3_A,cremad,23,3,13,1.5572620063282718,1.8259468324662222,55.90277777777778,53.47222222222222,55.88235294117647
fpc_formal_cremad_d23_f3_A,cremad,23,3,14,1.571522232018671,1.875370537253953,58.333333333333336,52.083333333333336,57.84313725490197
fpc_formal_cremad_d23_f3_A,cremad,23,3,15,2.00873522029929,2.260138296856477,53.47222222222222,50.69444444444444,54.90196078431373
fpc_formal_cremad_d23_f4_A,cremad,23,4,1,1.5799057617336711,1.5881510112655601,37.15277777777778,36.45833333333333,37.745098039215684
fpc_formal_cremad_d23_f4_A,cremad,23,4,2,1.577955041161515,1.5789083898404244,35.41666666666667,34.02777777777778,36.27450980392157
fpc_formal_cremad_d23_f4_A,cremad,23,4,3,1.4331112557460837,1.45755374597775,44.09722222222222,45.13888888888889,42.64705882352941
fpc_formal_cremad_d23_f4_A,cremad,23,4,4,1.2677614771363181,1.270391378497318,49.30555555555556,48.95833333333333,50.49019607843137
fpc_formal_cremad_d23_f4_A,cremad,23,4,5,1.1803617413504264,1.105624139741689,52.77777777777778,58.333333333333336,57.35294117647059
fpc_formal_cremad_d23_f4_A,cremad,23,4,6,1.2463272313412723,1.2768393793175585,53.125,54.166666666666664,55.392156862745104
fpc_formal_cremad_d23_f4_A,cremad,23,4,7,1.0488788842218175,1.1024442156415928,55.55555555555556,62.5,57.35294117647059
fpc_formal_cremad_d23_f4_A,cremad,23,4,8,1.0558891373094104,1.0781388646718875,61.80555555555556,63.19444444444444,55.392156862745104
fpc_formal_cremad_d23_f4_A,cremad,23,4,9,1.162180363660523,1.2360066204499462,60.763888888888886,60.06944444444444,56.86274509803921
fpc_formal_cremad_d23_f4_A,cremad,23,4,10,1.3319854289174065,1.3623477397522885,56.94444444444444,59.375,53.431372549019606
fpc_formal_cremad_d23_f4_A,cremad,23,4,11,1.1772978325874617,1.204552713235529,58.333333333333336,61.80555555555556,61.76470588235294
fpc_formal_cremad_d23_f4_A,cremad,23,4,12,1.2853768125714748,1.312876811705396,59.375,64.58333333333334,62.745098039215684
fpc_formal_cremad_d23_f4_A,cremad,23,4,13,1.2896428042925179,1.4170594267015908,59.375,62.15277777777778,59.80392156862745
fpc_formal_cremad_d23_f4_A,cremad,23,4,14,1.5932052211861627,1.454206212810317,55.90277777777778,61.458333333333336,57.84313725490197
fpc_formal_cremad_d23_f4_A,cremad,23,4,15,1.6557495247231349,1.7367813738610054,56.59722222222222,59.375,56.86274509803921
fpc_formal_subesco_d00_f0_A,subesco,0,0,1,1.9218586365751105,1.9183672230005413,21.428571428571427,18.75,16.071428571428573
fpc_formal_subesco_d00_f0_A,subesco,0,0,2,1.8647467468885883,1.8475967452437156,29.464285714285715,33.92857142857143,33.92857142857143
fpc_formal_subesco_d00_f0_A,subesco,0,0,3,1.7680965105780646,1.7889486505605678,26.785714285714285,28.57142857142857,30.357142857142854
fpc_formal_subesco_d00_f0_A,subesco,0,0,4,1.6007105893709475,1.6061458618040751,41.07142857142857,40.17857142857143,39.285714285714285
fpc_formal_subesco_d00_f0_A,subesco,0,0,5,1.466534039503515,1.4930114268411205,42.857142857142854,44.642857142857146,44.642857142857146
fpc_formal_subesco_d00_f0_A,subesco,0,0,6,1.5226606943495757,1.6217872103862045,37.5,33.92857142857143,44.642857142857146
fpc_formal_subesco_d00_f0_A,subesco,0,0,7,1.4087250494623258,1.4907423375785065,40.17857142857143,40.17857142857143,53.57142857142857
fpc_formal_subesco_d00_f0_A,subesco,0,0,8,1.3182804851943257,1.345438642935132,45.535714285714285,52.67857142857143,55.35714285714286
fpc_formal_subesco_d00_f0_A,subesco,0,0,9,1.3965200297978722,1.5000203565321242,47.32142857142857,41.964285714285715,50.0
fpc_formal_subesco_d00_f0_A,subesco,0,0,10,1.5792098226188753,1.7878562026630203,43.75,41.964285714285715,48.214285714285715
fpc_formal_subesco_d00_f0_A,subesco,0,0,11,1.575925046432842,1.71723029020669,48.214285714285715,41.07142857142857,53.57142857142857
fpc_formal_subesco_d00_f0_A,subesco,0,0,12,1.6587970744393135,1.7174267318052365,44.642857142857146,43.75,46.42857142857143
fpc_formal_subesco_d00_f0_A,subesco,0,0,13,1.7528445754654403,1.8778090992986078,44.642857142857146,43.75,53.57142857142857
fpc_formal_subesco_d00_f0_A,subesco,0,0,14,1.784219986338435,1.8536263476997028,42.857142857142854,41.07142857142857,53.57142857142857
fpc_formal_subesco_d00_f0_A,subesco,0,0,15,1.9225880836481506,2.0069160088434375,41.07142857142857,43.75,42.857142857142854
fpc_formal_subesco_d00_f1_A,subesco,0,1,1,1.9076921249744443,1.909346383659224,27.67857142857143,25.892857142857146,23.214285714285715
fpc_formal_subesco_d00_f1_A,subesco,0,1,2,1.7916509177041011,1.8017756516840784,27.67857142857143,31.25,17.857142857142858
fpc_formal_subesco_d00_f1_A,subesco,0,1,3,1.6333343582823652,1.7134967690151883,36.607142857142854,33.035714285714285,39.285714285714285
fpc_formal_subesco_d00_f1_A,subesco,0,1,4,1.7127751410898664,1.7884440522862242,37.5,38.392857142857146,35.714285714285715
fpc_formal_subesco_d00_f1_A,subesco,0,1,5,1.6647515169982614,1.779383474551587,36.607142857142854,39.285714285714285,37.5
fpc_formal_subesco_d00_f1_A,subesco,0,1,6,1.3904222183493045,1.6076615665682326,51.78571428571429,38.392857142857146,42.857142857142854
fpc_formal_subesco_d00_f1_A,subesco,0,1,7,1.316645096731444,1.5732262591514572,52.67857142857143,39.285714285714285,48.214285714285715
fpc_formal_subesco_d00_f1_A,subesco,0,1,8,1.4697486290342265,1.7200027157012805,50.0,39.285714285714285,39.285714285714285
fpc_formal_subesco_d00_f1_A,subesco,0,1,9,1.3698653645301122,1.6640724148778046,55.35714285714286,42.857142857142854,46.42857142857143
fpc_formal_subesco_d00_f1_A,subesco,0,1,10,1.12570683650555,1.5692313581662451,65.17857142857143,47.32142857142857,51.78571428571429
fpc_formal_subesco_d00_f1_A,subesco,0,1,11,1.2701183005115777,1.6476493954787839,59.82142857142857,52.67857142857143,50.0
fpc_formal_subesco_d00_f1_A,subesco,0,1,12,1.3826817105701674,1.8905061619850367,56.25,48.214285714285715,41.07142857142857
fpc_formal_subesco_d00_f1_A,subesco,0,1,13,1.417199818746594,2.0166906899167665,55.35714285714286,38.392857142857146,44.642857142857146
fpc_formal_subesco_d00_f1_A,subesco,0,1,14,1.2281886006026457,1.817082070278083,63.39285714285714,49.107142857142854,46.42857142857143
fpc_formal_subesco_d00_f1_A,subesco,0,1,15,1.3204930600657026,1.9350057942077636,58.92857142857143,50.0,51.78571428571429
fpc_formal_subesco_d00_f2_A,subesco,0,2,1,1.8912061449245796,1.9054028022897609,27.67857142857143,29.464285714285715,28.57142857142857
fpc_formal_subesco_d00_f2_A,subesco,0,2,2,1.7324189879160665,1.8870086886471629,33.035714285714285,19.642857142857142,19.642857142857142
fpc_formal_subesco_d00_f2_A,subesco,0,2,3,1.5635491193686053,1.9490668616146922,41.07142857142857,25.892857142857146,32.142857142857146
fpc_formal_subesco_d00_f2_A,subesco,0,2,4,1.4650938914375715,1.9672259360692554,38.392857142857146,29.464285714285715,26.785714285714285
fpc_formal_subesco_d00_f2_A,subesco,0,2,5,1.3330322555488148,1.7976294382401785,50.0,32.142857142857146,41.07142857142857
fpc_formal_subesco_d00_f2_A,subesco,0,2,6,1.3125668289648058,2.0142450628141857,50.89285714285714,36.607142857142854,32.142857142857146
fpc_formal_subesco_d00_f2_A,subesco,0,2,7,1.3510050854641567,2.22755865259174,48.214285714285715,37.5,35.714285714285715
fpc_formal_subesco_d00_f2_A,subesco,0,2,8,1.2372332709020977,1.813833102748358,51.78571428571429,37.5,39.285714285714285
fpc_formal_subesco_d00_f2_A,subesco,0,2,9,1.1822433030190467,2.01920171564249,53.57142857142857,41.07142857142857,37.5
fpc_formal_subesco_d00_f2_A,subesco,0,2,10,1.269666355322337,2.042749535913942,56.25,43.75,35.714285714285715
fpc_formal_subesco_d00_f2_A,subesco,0,2,11,1.152289629181688,2.0417409458063203,56.25,45.535714285714285,33.92857142857143
fpc_formal_subesco_d00_f2_A,subesco,0,2,12,1.327739697960842,1.9342267184875048,55.35714285714286,43.75,33.92857142857143
fpc_formal_subesco_d00_f2_A,subesco,0,2,13,1.3548797168754656,2.1813581041281993,54.46428571428571,42.857142857142854,35.714285714285715
fpc_formal_subesco_d00_f2_A,subesco,0,2,14,1.245401676626717,2.0604126795681346,50.89285714285714,46.42857142857143,46.42857142857143
fpc_formal_subesco_d00_f2_A,subesco,0,2,15,1.3675761141571547,2.13579006786501,57.14285714285714,42.857142857142854,35.714285714285715
fpc_formal_subesco_d00_f3_A,subesco,0,3,1,1.9089656368002288,1.9150560661132066,18.75,19.642857142857142,21.428571428571427
fpc_formal_subesco_d00_f3_A,subesco,0,3,2,1.8319246878822584,1.835328842773333,30.357142857142854,25.0,30.357142857142854
fpc_formal_subesco_d00_f3_A,subesco,0,3,3,1.712081631727966,1.6993035144083684,30.357142857142854,31.25,25.0
fpc_formal_subesco_d00_f3_A,subesco,0,3,4,1.5653055102267184,1.634362892353732,33.92857142857143,30.357142857142854,30.357142857142854
fpc_formal_subesco_d00_f3_A,subesco,0,3,5,1.435277816479545,1.4378912291159662,42.857142857142854,37.5,37.5
fpc_formal_subesco_d00_f3_A,subesco,0,3,6,1.2788990160431812,1.385624970584228,59.82142857142857,44.642857142857146,53.57142857142857
fpc_formal_subesco_d00_f3_A,subesco,0,3,7,1.3496491729106026,1.6397020509663032,43.75,41.07142857142857,33.92857142857143
fpc_formal_subesco_d00_f3_A,subesco,0,3,8,1.4208757867823756,1.8649639678376506,44.642857142857146,36.607142857142854,35.714285714285715
fpc_formal_subesco_d00_f3_A,subesco,0,3,9,1.420159684503014,1.9534622131730384,45.535714285714285,34.82142857142857,37.5
fpc_formal_subesco_d00_f3_A,subesco,0,3,10,1.1579686694145934,1.7247729786184567,48.214285714285715,45.535714285714285,51.78571428571429
fpc_formal_subesco_d00_f3_A,subesco,0,3,11,1.2006688308112603,1.6464423363986267,57.14285714285714,48.214285714285715,46.42857142857143
fpc_formal_subesco_d00_f3_A,subesco,0,3,12,1.336841817690366,1.8296381762664031,52.67857142857143,43.75,48.214285714285715
fpc_formal_subesco_d00_f3_A,subesco,0,3,13,1.5704649949258707,2.1523292826710523,47.32142857142857,40.17857142857143,41.07142857142857
fpc_formal_subesco_d00_f3_A,subesco,0,3,14,1.4209688526801945,2.0566694631202513,54.46428571428571,41.964285714285715,46.42857142857143
fpc_formal_subesco_d00_f3_A,subesco,0,3,15,1.6391459056855187,2.218865614072768,51.78571428571429,39.285714285714285,41.07142857142857
fpc_formal_subesco_d00_f4_A,subesco,0,4,1,1.9185892603813062,1.9329600539870637,27.67857142857143,20.535714285714285,26.785714285714285
fpc_formal_subesco_d00_f4_A,subesco,0,4,2,1.8435286427783397,1.8769024368776022,31.25,19.642857142857142,28.57142857142857
fpc_formal_subesco_d00_f4_A,subesco,0,4,3,1.8072546325182495,1.8587445407081056,27.67857142857143,30.357142857142854,35.714285714285715
fpc_formal_subesco_d00_f4_A,subesco,0,4,4,1.6170768218560647,1.7873874596760728,42.857142857142854,31.25,41.07142857142857
fpc_formal_subesco_d00_f4_A,subesco,0,4,5,1.6145627415379307,1.8217928082167698,40.17857142857143,30.357142857142854,46.42857142857143
fpc_formal_subesco_d00_f4_A,subesco,0,4,6,1.4372755842564235,1.7828300412633205,45.535714285714285,35.714285714285715,48.214285714285715
fpc_formal_subesco_d00_f4_A,subesco,0,4,7,1.4308639442670317,1.744296726423833,50.0,40.17857142857143,44.642857142857146
fpc_formal_subesco_d00_f4_A,subesco,0,4,8,1.2350688853870158,1.690034003661296,51.78571428571429,41.07142857142857,50.0
fpc_formal_subesco_d00_f4_A,subesco,0,4,9,1.2864113126903862,1.748620839258906,54.46428571428571,36.607142857142854,48.214285714285715
fpc_formal_subesco_d00_f4_A,subesco,0,4,10,1.3789950232634598,1.8164358789494308,56.25,40.17857142857143,51.78571428571429
fpc_formal_subesco_d00_f4_A,subesco,0,4,11,1.251662842121229,1.7871628061946387,59.82142857142857,47.32142857142857,51.78571428571429
fpc_formal_subesco_d00_f4_A,subesco,0,4,12,1.3445148396297804,1.9002727615021038,64.28571428571429,48.214285714285715,51.78571428571429
fpc_formal_subesco_d00_f4_A,subesco,0,4,13,1.3849212333000744,1.729259528476366,57.14285714285714,48.214285714285715,50.0
fpc_formal_subesco_d00_f4_A,subesco,0,4,14,1.0753018888175727,1.8919135510355418,64.28571428571429,44.642857142857146,48.214285714285715
fpc_formal_subesco_d00_f4_A,subesco,0,4,15,1.005886089900853,1.8010857453053692,66.96428571428571,50.0,51.78571428571429
fpc_formal_subesco_d01_f0_A,subesco,1,0,1,1.906758273563151,1.9238012519198056,30.357142857142854,28.57142857142857,21.428571428571427
fpc_formal_subesco_d01_f0_A,subesco,1,0,2,1.8287591133312557,1.867271768837412,44.642857142857146,29.464285714285715,28.57142857142857
fpc_formal_subesco_d01_f0_A,subesco,1,0,3,1.6152375835379797,1.7106253627629093,35.714285714285715,28.57142857142857,33.92857142857143
fpc_formal_subesco_d01_f0_A,subesco,1,0,4,1.49100559198291,1.6519641729354997,38.392857142857146,33.035714285714285,46.42857142857143
fpc_formal_subesco_d01_f0_A,subesco,1,0,5,1.4709693846685574,1.8555522935425508,41.964285714285715,27.67857142857143,39.285714285714285
fpc_formal_subesco_d01_f0_A,subesco,1,0,6,1.302852039550826,1.740488041417288,44.642857142857146,38.392857142857146,39.285714285714285
fpc_formal_subesco_d01_f0_A,subesco,1,0,7,1.1751341300924598,1.6517465807677465,58.03571428571429,41.964285714285715,46.42857142857143
fpc_formal_subesco_d01_f0_A,subesco,1,0,8,1.15545713117436,1.7299322795048073,57.14285714285714,42.857142857142854,39.285714285714285
fpc_formal_subesco_d01_f0_A,subesco,1,0,9,1.1411752566942661,1.6952203060236692,55.35714285714286,44.642857142857146,57.14285714285714
fpc_formal_subesco_d01_f0_A,subesco,1,0,10,1.2535455104016815,1.8895998441447486,52.67857142857143,44.642857142857146,48.214285714285715
fpc_formal_subesco_d01_f0_A,subesco,1,0,11,1.1527168633810079,1.948464960698097,58.92857142857143,41.964285714285715,53.57142857142857
fpc_formal_subesco_d01_f0_A,subesco,1,0,12,1.1559685319589532,2.105329782914469,59.82142857142857,39.285714285714285,58.92857142857143
fpc_formal_subesco_d01_f0_A,subesco,1,0,13,1.1342561704391427,1.8978757329428364,58.92857142857143,44.642857142857146,60.71428571428571
fpc_formal_subesco_d01_f0_A,subesco,1,0,14,1.1472986885284573,2.156717043647498,62.5,41.964285714285715,60.71428571428571
fpc_formal_subesco_d01_f0_A,subesco,1,0,15,1.3451108038677593,2.4205239357738,64.28571428571429,40.17857142857143,50.0
fpc_formal_subesco_d01_f1_A,subesco,1,1,1,1.9040446188422138,1.9142424565430782,25.0,21.428571428571427,23.214285714285715
fpc_formal_subesco_d01_f1_A,subesco,1,1,2,1.800576260463638,1.8538095419111753,30.357142857142854,20.535714285714285,17.857142857142858
fpc_formal_subesco_d01_f1_A,subesco,1,1,3,1.7335395727108214,1.879359000119749,34.82142857142857,22.321428571428573,23.214285714285715
fpc_formal_subesco_d01_f1_A,subesco,1,1,4,1.5332080571934645,1.6414533668946072,37.5,33.92857142857143,25.0
fpc_formal_subesco_d01_f1_A,subesco,1,1,5,1.4754646823592428,1.6926250355972503,41.964285714285715,30.357142857142854,28.57142857142857
fpc_formal_subesco_d01_f1_A,subesco,1,1,6,1.3711881950029052,1.5867539754193636,48.214285714285715,32.142857142857146,30.357142857142854
fpc_formal_subesco_d01_f1_A,subesco,1,1,7,1.3815352599080508,1.6789137516024357,48.214285714285715,35.714285714285715,30.357142857142854
fpc_formal_subesco_d01_f1_A,subesco,1,1,8,1.1886798195420465,1.6112425911426882,57.14285714285714,37.5,39.285714285714285
fpc_formal_subesco_d01_f1_A,subesco,1,1,9,1.3380118532725247,1.8472635090194778,49.107142857142854,33.92857142857143,37.5
fpc_formal_subesco_d01_f1_A,subesco,1,1,10,1.181628188117316,1.7448020094997911,52.67857142857143,36.607142857142854,37.5
fpc_formal_subesco_d01_f1_A,subesco,1,1,11,1.6321605949262072,2.2553352505529602,43.75,32.142857142857146,41.07142857142857
fpc_formal_subesco_d01_f1_A,subesco,1,1,12,1.551494724891474,2.319647719939899,50.89285714285714,35.714285714285715,37.5
fpc_formal_subesco_d01_f1_A,subesco,1,1,13,1.3184653157180628,2.144523220749066,58.03571428571429,37.5,44.642857142857146
fpc_formal_subesco_d01_f1_A,subesco,1,1,14,1.5478148389481503,2.3029032760175823,54.46428571428571,35.714285714285715,42.857142857142854
fpc_formal_subesco_d01_f1_A,subesco,1,1,15,1.5383255403224465,2.3403101855895394,52.67857142857143,37.5,42.857142857142854
fpc_formal_subesco_d01_f2_A,subesco,1,2,1,1.9061919143437478,1.9112081211885368,31.25,25.0,16.071428571428573
fpc_formal_subesco_d01_f2_A,subesco,1,2,2,1.7833321240067994,1.8418163546382773,28.57142857142857,23.214285714285715,26.785714285714285
fpc_formal_subesco_d01_f2_A,subesco,1,2,3,1.6035169364975286,1.8869852582931554,33.92857142857143,24.107142857142858,37.5
fpc_formal_subesco_d01_f2_A,subesco,1,2,4,1.4518171861417968,1.6705992029184618,42.857142857142854,36.607142857142854,48.214285714285715
fpc_formal_subesco_d01_f2_A,subesco,1,2,5,1.404249191214515,1.6229670147900168,41.964285714285715,35.714285714285715,39.285714285714285
fpc_formal_subesco_d01_f2_A,subesco,1,2,6,1.3070350574182357,1.589817082612716,41.07142857142857,43.75,55.35714285714286
fpc_formal_subesco_d01_f2_A,subesco,1,2,7,1.5761232921097734,1.5419031898345708,40.17857142857143,41.964285714285715,39.285714285714285
fpc_formal_subesco_d01_f2_A,subesco,1,2,8,1.163087192502477,1.5472630622614114,56.25,46.42857142857143,48.214285714285715
fpc_formal_subesco_d01_f2_A,subesco,1,2,9,1.2012574971806715,1.5677095271247734,47.32142857142857,48.214285714285715,46.42857142857143
fpc_formal_subesco_d01_f2_A,subesco,1,2,10,1.3758143091590367,1.5617154822683388,43.75,50.0,51.78571428571429
fpc_formal_subesco_d01_f2_A,subesco,1,2,11,1.384058221619369,1.917392781699468,48.214285714285715,48.214285714285715,60.71428571428571
fpc_formal_subesco_d01_f2_A,subesco,1,2,12,1.4545526391654922,1.6697775346522565,44.642857142857146,52.67857142857143,60.71428571428571
fpc_formal_subesco_d01_f2_A,subesco,1,2,13,1.3930568898690916,1.6508673706200683,50.0,55.35714285714286,58.92857142857143
fpc_formal_subesco_d01_f2_A,subesco,1,2,14,1.4223758874253758,2.1415503478099223,52.67857142857143,42.857142857142854,58.92857142857143
fpc_formal_subesco_d01_f2_A,subesco,1,2,15,1.4626717723857554,1.799084190493122,46.42857142857143,52.67857142857143,57.14285714285714
fpc_formal_subesco_d01_f3_A,subesco,1,3,1,1.907083448808573,1.9134786738023237,27.67857142857143,30.357142857142854,30.357142857142854
fpc_formal_subesco_d01_f3_A,subesco,1,3,2,1.8176485184095725,1.81962609496893,25.892857142857146,27.67857142857143,23.214285714285715
fpc_formal_subesco_d01_f3_A,subesco,1,3,3,1.8235596699218324,1.805226406869831,25.892857142857146,33.92857142857143,25.0
fpc_formal_subesco_d01_f3_A,subesco,1,3,4,1.5474389091388991,1.631260162667761,44.642857142857146,41.964285714285715,28.57142857142857
fpc_formal_subesco_d01_f3_A,subesco,1,3,5,1.3648521479996736,1.5358870629021173,49.107142857142854,43.75,32.142857142857146
fpc_formal_subesco_d01_f3_A,subesco,1,3,6,1.36797583352346,1.580842750194867,47.32142857142857,43.75,35.714285714285715
fpc_formal_subesco_d01_f3_A,subesco,1,3,7,1.4926143827343912,1.7594752468700936,42.857142857142854,40.17857142857143,28.57142857142857
fpc_formal_subesco_d01_f3_A,subesco,1,3,8,1.3465083087062395,1.7412554207601034,52.67857142857143,45.535714285714285,37.5
fpc_formal_subesco_d01_f3_A,subesco,1,3,9,1.2713821031846884,1.670891628306509,52.67857142857143,51.78571428571429,42.857142857142854
fpc_formal_subesco_d01_f3_A,subesco,1,3,10,1.2719294039962137,1.652621920510732,54.46428571428571,51.78571428571429,39.285714285714285
fpc_formal_subesco_d01_f3_A,subesco,1,3,11,1.3872796163287262,1.9828247668216448,51.78571428571429,43.75,44.642857142857146
fpc_formal_subesco_d01_f3_A,subesco,1,3,12,1.186290377336744,1.6733676877859198,59.82142857142857,56.25,37.5
fpc_formal_subesco_d01_f3_A,subesco,1,3,13,1.265143032085938,2.009880309931758,58.92857142857143,39.285714285714285,46.42857142857143
fpc_formal_subesco_d01_f3_A,subesco,1,3,14,1.279495780099495,1.9404085185175173,58.03571428571429,54.46428571428571,41.07142857142857
fpc_formal_subesco_d01_f3_A,subesco,1,3,15,1.4502966447431318,1.798115627330986,57.14285714285714,48.214285714285715,33.92857142857143
fpc_formal_subesco_d01_f4_A,subesco,1,4,1,1.9127379042102592,1.9107316703211217,25.0,28.57142857142857,23.214285714285715
fpc_formal_subesco_d01_f4_A,subesco,1,4,2,1.844399530985078,1.8304694048809818,24.107142857142858,31.25,25.0
fpc_formal_subesco_d01_f4_A,subesco,1,4,3,1.6628891868644313,1.6097128192521442,30.357142857142854,37.5,33.92857142857143
fpc_formal_subesco_d01_f4_A,subesco,1,4,4,1.8446810458168226,1.6576973647312732,34.82142857142857,31.25,32.142857142857146
fpc_formal_subesco_d01_f4_A,subesco,1,4,5,1.8228591123897178,1.5871969832070756,37.5,38.392857142857146,37.5
fpc_formal_subesco_d01_f4_A,subesco,1,4,6,1.654558625071869,1.4938920474238029,38.392857142857146,37.5,42.857142857142854
fpc_formal_subesco_d01_f4_A,subesco,1,4,7,1.3481860132060592,1.3152425720694754,50.0,50.0,42.857142857142854
fpc_formal_subesco_d01_f4_A,subesco,1,4,8,1.178981340189981,1.3147445714817356,52.67857142857143,45.535714285714285,50.0
fpc_formal_subesco_d01_f4_A,subesco,1,4,9,1.3198483461154094,1.3308067277550175,53.57142857142857,51.78571428571429,42.857142857142854
fpc_formal_subesco_d01_f4_A,subesco,1,4,10,1.1844745366400706,1.2772043502522668,51.78571428571429,54.46428571428571,48.214285714285715
fpc_formal_subesco_d01_f4_A,subesco,1,4,11,1.132020694973958,1.3387262921867324,53.57142857142857,46.42857142857143,53.57142857142857
fpc_formal_subesco_d01_f4_A,subesco,1,4,12,1.2114022544715455,1.3572490739989216,54.46428571428571,53.57142857142857,50.0
fpc_formal_subesco_d01_f4_A,subesco,1,4,13,1.3663843909130537,1.3889181297608777,52.67857142857143,50.89285714285714,50.0
fpc_formal_subesco_d01_f4_A,subesco,1,4,14,1.4998644541792874,1.5916143762226274,50.89285714285714,48.214285714285715,57.14285714285714
fpc_formal_subesco_d01_f4_A,subesco,1,4,15,1.5326800475210511,1.5116222608131782,52.67857142857143,51.78571428571429,44.642857142857146
fpc_formal_subesco_d02_f0_A,subesco,2,0,1,1.9114077831152574,1.9231693722626004,31.25,25.0,26.785714285714285
fpc_formal_subesco_d02_f0_A,subesco,2,0,2,1.833201072281602,1.862979583096864,25.0,23.214285714285715,17.857142857142858
fpc_formal_subesco_d02_f0_A,subesco,2,0,3,1.5736725396010942,1.6636802509599597,38.392857142857146,33.92857142857143,33.92857142857143
fpc_formal_subesco_d02_f0_A,subesco,2,0,4,1.6803001304566105,1.8469089779254273,36.607142857142854,33.92857142857143,28.57142857142857
fpc_formal_subesco_d02_f0_A,subesco,2,0,5,1.298028209635591,1.539007263730215,59.82142857142857,41.07142857142857,53.57142857142857
fpc_formal_subesco_d02_f0_A,subesco,2,0,6,1.2828994610654099,1.63980422801815,56.25,41.07142857142857,46.42857142857143
fpc_formal_subesco_d02_f0_A,subesco,2,0,7,1.1986609503739776,1.7933760078162047,62.5,43.75,46.42857142857143
fpc_formal_subesco_d02_f0_A,subesco,2,0,8,1.4199826114063292,1.8545586451637508,47.32142857142857,37.5,42.857142857142854
fpc_formal_subesco_d02_f0_A,subesco,2,0,9,1.1734887634122901,1.7111407835599064,62.5,42.857142857142854,44.642857142857146
fpc_formal_subesco_d02_f0_A,subesco,2,0,10,1.2669965666576597,1.894436136095225,54.46428571428571,43.75,42.857142857142854
fpc_formal_subesco_d02_f0_A,subesco,2,0,11,1.203698984570077,1.9080301371696755,59.82142857142857,38.392857142857146,46.42857142857143
fpc_formal_subesco_d02_f0_A,subesco,2,0,12,1.2525792829288034,1.9983104169244938,62.5,38.392857142857146,44.642857142857146
fpc_formal_subesco_d02_f0_A,subesco,2,0,13,1.4411903320776271,2.1624134923763076,52.67857142857143,35.714285714285715,41.07142857142857
fpc_formal_subesco_d02_f0_A,subesco,2,0,14,1.2201507052299954,2.020807421134006,65.17857142857143,41.964285714285715,51.78571428571429
fpc_formal_subesco_d02_f0_A,subesco,2,0,15,1.4183178695798848,2.216739338253334,59.82142857142857,39.285714285714285,55.35714285714286
fpc_formal_subesco_d02_f1_A,subesco,2,1,1,1.9125390591742162,1.9205820328800296,23.214285714285715,20.535714285714285,25.0
fpc_formal_subesco_d02_f1_A,subesco,2,1,2,1.8580916151631794,1.8656426222990572,36.607142857142854,29.464285714285715,30.357142857142854
fpc_formal_subesco_d02_f1_A,subesco,2,1,3,1.7044971574152363,1.7206563747251242,36.607142857142854,32.142857142857146,33.92857142857143
fpc_formal_subesco_d02_f1_A,subesco,2,1,4,1.5849536064837384,1.6428512598346852,34.82142857142857,40.17857142857143,35.714285714285715
fpc_formal_subesco_d02_f1_A,subesco,2,1,5,1.35266151521954,1.5552938069389082,50.89285714285714,40.17857142857143,39.285714285714285
fpc_formal_subesco_d02_f1_A,subesco,2,1,6,1.4418227881941383,1.6177713970874095,44.642857142857146,42.857142857142854,35.714285714285715
fpc_formal_subesco_d02_f1_A,subesco,2,1,7,1.084250516081736,1.3910271880953993,52.67857142857143,46.42857142857143,53.57142857142857
fpc_formal_subesco_d02_f1_A,subesco,2,1,8,1.2894127349135134,1.673429495912203,55.35714285714286,47.32142857142857,44.642857142857146
fpc_formal_subesco_d02_f1_A,subesco,2,1,9,1.1652160010411896,1.5813527161570755,55.35714285714286,48.214285714285715,50.0
fpc_formal_subesco_d02_f1_A,subesco,2,1,10,1.1881536383546956,1.6920994719555296,57.14285714285714,46.42857142857143,39.285714285714285
fpc_formal_subesco_d02_f1_A,subesco,2,1,11,1.2477802120104333,1.7449102186204077,59.82142857142857,50.0,44.642857142857146
fpc_formal_subesco_d02_f1_A,subesco,2,1,12,1.0624143171085125,1.7308364120547977,58.92857142857143,45.535714285714285,44.642857142857146
fpc_formal_subesco_d02_f1_A,subesco,2,1,13,1.0146657926714016,1.6221269623821775,68.75,55.35714285714286,50.0
fpc_formal_subesco_d02_f1_A,subesco,2,1,14,0.9986381206259435,1.6306157327838424,66.96428571428571,53.57142857142857,53.57142857142857
fpc_formal_subesco_d02_f1_A,subesco,2,1,15,1.0692115702699356,1.7343301868940866,66.07142857142857,53.57142857142857,48.214285714285715
fpc_formal_subesco_d02_f2_A,subesco,2,2,1,1.9062842825950987,1.9159290807985943,19.642857142857142,16.964285714285715,17.857142857142858
fpc_formal_subesco_d02_f2_A,subesco,2,2,2,1.760068758623606,1.8120868211378645,29.464285714285715,27.67857142857143,26.785714285714285
fpc_formal_subesco_d02_f2_A,subesco,2,2,3,1.6007569570459645,1.717372354658806,33.92857142857143,30.357142857142854,30.357142857142854
fpc_formal_subesco_d02_f2_A,subesco,2,2,4,1.5424716508550085,1.6654687581867231,35.714285714285715,32.142857142857146,26.785714285714285
fpc_formal_subesco_d02_f2_A,subesco,2,2,5,1.6274422107504112,1.8212218756650276,34.82142857142857,25.0,28.57142857142857
fpc_formal_subesco_d02_f2_A,subesco,2,2,6,1.6859633394716436,1.9518038744166653,29.464285714285715,31.25,32.142857142857146
fpc_formal_subesco_d02_f2_A,subesco,2,2,7,1.4724607692142544,1.7292307793609314,38.392857142857146,32.142857142857146,37.5
fpc_formal_subesco_d02_f2_A,subesco,2,2,8,1.3738386815149415,1.6621926506672982,45.535714285714285,38.392857142857146,30.357142857142854
fpc_formal_subesco_d02_f2_A,subesco,2,2,9,1.7460280907038215,2.021778320976711,35.714285714285715,34.82142857142857,35.714285714285715
fpc_formal_subesco_d02_f2_A,subesco,2,2,10,1.4168731843776894,1.7245079454974122,44.642857142857146,36.607142857142854,37.5
fpc_formal_subesco_d02_f2_A,subesco,2,2,11,1.4874876540142878,1.8628926178640484,44.642857142857146,39.285714285714285,35.714285714285715
fpc_formal_subesco_d02_f2_A,subesco,2,2,12,1.6314635262127648,2.0527170485936317,47.32142857142857,36.607142857142854,41.07142857142857
fpc_formal_subesco_d02_f2_A,subesco,2,2,13,1.603457059604294,2.1242051707141547,47.32142857142857,38.392857142857146,35.714285714285715
fpc_formal_subesco_d02_f2_A,subesco,2,2,14,1.7253792776455474,2.169203839567819,46.42857142857143,41.07142857142857,39.285714285714285
fpc_formal_subesco_d02_f2_A,subesco,2,2,15,1.791608466794602,2.31415331618025,45.535714285714285,36.607142857142854,39.285714285714285
fpc_formal_subesco_d02_f3_A,subesco,2,3,1,1.8961421052220078,1.911676761940997,31.25,25.0,30.357142857142854
fpc_formal_subesco_d02_f3_A,subesco,2,3,2,1.762771129377058,1.7932705732574732,43.75,33.92857142857143,33.92857142857143
fpc_formal_subesco_d02_f3_A,subesco,2,3,3,1.5313771128827836,1.6126903750866475,40.17857142857143,31.25,33.92857142857143
fpc_formal_subesco_d02_f3_A,subesco,2,3,4,1.368099442085299,1.561801581245867,41.07142857142857,37.5,42.857142857142854
fpc_formal_subesco_d02_f3_A,subesco,2,3,5,1.2431431522402758,1.5897227952190238,49.107142857142854,41.07142857142857,48.214285714285715
fpc_formal_subesco_d02_f3_A,subesco,2,3,6,1.349798745098218,1.7893660259511903,47.32142857142857,34.82142857142857,42.857142857142854
fpc_formal_subesco_d02_f3_A,subesco,2,3,7,1.3472386896069224,1.742389861529146,40.17857142857143,35.714285714285715,44.642857142857146
fpc_formal_subesco_d02_f3_A,subesco,2,3,8,1.2876562296950236,1.832981874136191,51.78571428571429,36.607142857142854,48.214285714285715
fpc_formal_subesco_d02_f3_A,subesco,2,3,9,1.0679967231750858,1.703330450635052,53.57142857142857,41.07142857142857,51.78571428571429
fpc_formal_subesco_d02_f3_A,subesco,2,3,10,0.9968267350639872,1.7617468073743485,57.14285714285714,44.642857142857146,57.14285714285714
fpc_formal_subesco_d02_f3_A,subesco,2,3,11,1.2233306366243215,1.8813175632929442,58.92857142857143,39.285714285714285,46.42857142857143
fpc_formal_subesco_d02_f3_A,subesco,2,3,12,1.2175404103021612,1.8411151555269254,54.46428571428571,43.75,46.42857142857143
fpc_formal_subesco_d02_f3_A,subesco,2,3,13,0.9523745329784022,2.0409006973810806,68.75,41.964285714285715,55.35714285714286
fpc_formal_subesco_d02_f3_A,subesco,2,3,14,1.1000606644577968,1.9864982574421244,59.82142857142857,45.535714285714285,48.214285714285715
fpc_formal_subesco_d02_f3_A,subesco,2,3,15,1.3543161258211207,2.2243952040554476,66.07142857142857,41.964285714285715,50.0
fpc_formal_subesco_d02_f4_A,subesco,2,4,1,1.9113713578950886,1.9195290715586917,27.67857142857143,28.57142857142857,32.142857142857146
fpc_formal_subesco_d02_f4_A,subesco,2,4,2,1.822374206782252,1.8493436089633406,26.785714285714285,20.535714285714285,25.0
fpc_formal_subesco_d02_f4_A,subesco,2,4,3,1.6693035045185698,1.6976210242436316,31.25,25.0,26.785714285714285
fpc_formal_subesco_d02_f4_A,subesco,2,4,4,1.667970892086424,1.6998131641911596,33.035714285714285,33.035714285714285,37.5
fpc_formal_subesco_d02_f4_A,subesco,2,4,5,1.5786188091689113,1.6757728879379041,38.392857142857146,36.607142857142854,32.142857142857146
fpc_formal_subesco_d02_f4_A,subesco,2,4,6,1.5036549985627385,1.6082746282582145,45.535714285714285,38.392857142857146,41.07142857142857
fpc_formal_subesco_d02_f4_A,subesco,2,4,7,1.5338053571798167,1.7143773528152835,48.214285714285715,39.285714285714285,50.0
fpc_formal_subesco_d02_f4_A,subesco,2,4,8,1.5655829735724278,1.7902975415141416,48.214285714285715,37.5,41.07142857142857
fpc_formal_subesco_d02_f4_A,subesco,2,4,9,1.4908612459326243,1.7253359100169374,49.107142857142854,38.392857142857146,51.78571428571429
fpc_formal_subesco_d02_f4_A,subesco,2,4,10,1.7426603188227163,2.1285826083560835,38.392857142857146,37.5,46.42857142857143
fpc_formal_subesco_d02_f4_A,subesco,2,4,11,1.5585051886393184,1.8595170481293717,51.78571428571429,43.75,51.78571428571429
fpc_formal_subesco_d02_f4_A,subesco,2,4,12,1.7005752082797188,2.019919142078227,43.75,37.5,46.42857142857143
fpc_formal_subesco_d02_f4_A,subesco,2,4,13,1.5339545991521768,1.8743728667005464,49.107142857142854,43.75,58.92857142857143
fpc_formal_subesco_d02_f4_A,subesco,2,4,14,1.901119985026406,2.0101608192407645,40.17857142857143,46.42857142857143,55.35714285714286
fpc_formal_subesco_d02_f4_A,subesco,2,4,15,1.7138270689744093,2.077006782314768,48.214285714285715,39.285714285714285,48.214285714285715
fpc_formal_subesco_d03_f0_A,subesco,3,0,1,1.9071262675234804,1.9180622770919962,18.75,21.428571428571427,17.857142857142858
fpc_formal_subesco_d03_f0_A,subesco,3,0,2,1.834526612388586,1.862956187450869,28.57142857142857,25.892857142857146,30.357142857142854
fpc_formal_subesco_d03_f0_A,subesco,3,0,3,1.674282858399492,1.7612229179083012,31.25,27.67857142857143,33.92857142857143
fpc_formal_subesco_d03_f0_A,subesco,3,0,4,1.6489272490285336,1.8217483678227764,37.5,38.392857142857146,35.714285714285715
fpc_formal_subesco_d03_f0_A,subesco,3,0,5,1.5785499832122782,1.9245792640096124,36.607142857142854,34.82142857142857,35.714285714285715
fpc_formal_subesco_d03_f0_A,subesco,3,0,6,1.7668969249353625,2.182104472083247,32.142857142857146,30.357142857142854,28.57142857142857
fpc_formal_subesco_d03_f0_A,subesco,3,0,7,1.4194223055295958,2.007325324268052,46.42857142857143,37.5,46.42857142857143
fpc_formal_subesco_d03_f0_A,subesco,3,0,8,1.6691499481361285,2.1897725075440055,41.07142857142857,38.392857142857146,39.285714285714285
fpc_formal_subesco_d03_f0_A,subesco,3,0,9,1.329257752652893,2.1270476450299887,46.42857142857143,39.285714285714285,42.857142857142854
fpc_formal_subesco_d03_f0_A,subesco,3,0,10,1.547873507979921,2.2908524536067127,45.535714285714285,38.392857142857146,42.857142857142854
fpc_formal_subesco_d03_f0_A,subesco,3,0,11,1.5155698641403437,2.303418299031356,54.46428571428571,43.75,44.642857142857146
fpc_formal_subesco_d03_f0_A,subesco,3,0,12,1.5258175640338891,2.448536264630294,47.32142857142857,38.392857142857146,50.0
fpc_formal_subesco_d03_f0_A,subesco,3,0,13,1.9708477110115292,2.8313141397278137,43.75,36.607142857142854,44.642857142857146
fpc_formal_subesco_d03_f0_A,subesco,3,0,14,1.834147155475483,2.529947524703176,47.32142857142857,47.32142857142857,41.07142857142857
fpc_formal_subesco_d03_f0_A,subesco,3,0,15,1.651983219272982,2.4832482938225993,50.0,41.964285714285715,48.214285714285715
fpc_formal_subesco_d03_f1_A,subesco,3,1,1,1.903493318164984,1.9129687594567533,26.785714285714285,26.785714285714285,28.57142857142857
fpc_formal_subesco_d03_f1_A,subesco,3,1,2,1.7827696057384745,1.8254768222489044,32.142857142857146,30.357142857142854,35.714285714285715
fpc_formal_subesco_d03_f1_A,subesco,3,1,3,1.738199416485092,1.8889965441758034,28.57142857142857,25.892857142857146,32.142857142857146
fpc_formal_subesco_d03_f1_A,subesco,3,1,4,1.634963650678209,1.8471575695070057,33.035714285714285,40.17857142857143,37.5
fpc_formal_subesco_d03_f1_A,subesco,3,1,5,1.67494622711273,1.944599440966195,36.607142857142854,38.392857142857146,42.857142857142854
fpc_formal_subesco_d03_f1_A,subesco,3,1,6,1.5500670470222606,1.829047621466296,41.07142857142857,42.857142857142854,51.78571428571429
fpc_formal_subesco_d03_f1_A,subesco,3,1,7,1.6595728466472373,1.8057949389706718,35.714285714285715,41.964285714285715,37.5
fpc_formal_subesco_d03_f1_A,subesco,3,1,8,1.476884443624683,1.7948154255363913,48.214285714285715,42.857142857142854,55.35714285714286
fpc_formal_subesco_d03_f1_A,subesco,3,1,9,1.6072870378260855,1.8542588993521387,41.07142857142857,43.75,48.214285714285715
fpc_formal_subesco_d03_f1_A,subesco,3,1,10,1.4593016614744605,1.811907797496113,47.32142857142857,45.535714285714285,48.214285714285715
fpc_formal_subesco_d03_f1_A,subesco,3,1,11,1.4496259883134688,1.9570157698372832,57.14285714285714,49.107142857142854,48.214285714285715
fpc_formal_subesco_d03_f1_A,subesco,3,1,12,1.9924093680954453,2.364142576513032,41.07142857142857,44.642857142857146,46.42857142857143
fpc_formal_subesco_d03_f1_A,subesco,3,1,13,1.6298994881901565,1.9604670427178712,50.0,46.42857142857143,51.78571428571429
fpc_formal_subesco_d03_f1_A,subesco,3,1,14,1.505646475055787,1.8917788842145673,58.92857142857143,46.42857142857143,48.214285714285715
fpc_formal_subesco_d03_f1_A,subesco,3,1,15,1.6561583317287878,2.1027970144547625,56.25,44.642857142857146,51.78571428571429
fpc_formal_subesco_d03_f2_A,subesco,3,2,1,1.8910601485540184,1.8845490437602979,26.785714285714285,30.357142857142854,16.071428571428573
fpc_formal_subesco_d03_f2_A,subesco,3,2,2,1.755900160651377,1.7050673327093775,27.67857142857143,32.142857142857146,42.857142857142854
fpc_formal_subesco_d03_f2_A,subesco,3,2,3,1.7342870709397722,1.5958675646183447,34.82142857142857,36.607142857142854,37.5
fpc_formal_subesco_d03_f2_A,subesco,3,2,4,1.5766060449466224,1.5174514143469828,38.392857142857146,41.07142857142857,39.285714285714285
fpc_formal_subesco_d03_f2_A,subesco,3,2,5,1.4570974921166135,1.594474961580797,41.964285714285715,33.92857142857143,53.57142857142857
fpc_formal_subesco_d03_f2_A,subesco,3,2,6,1.3535571086963363,1.5532426288083876,51.78571428571429,41.07142857142857,44.642857142857146
fpc_formal_subesco_d03_f2_A,subesco,3,2,7,1.3244175523080213,1.557280520219807,50.89285714285714,39.285714285714285,51.78571428571429
fpc_formal_subesco_d03_f2_A,subesco,3,2,8,1.2817813065672208,1.4485451352199006,50.89285714285714,47.32142857142857,46.42857142857143
fpc_formal_subesco_d03_f2_A,subesco,3,2,9,1.3187308983106543,1.4436191628474861,50.0,52.67857142857143,46.42857142857143
fpc_formal_subesco_d03_f2_A,subesco,3,2,10,1.2830771961804017,1.5101940857575507,51.78571428571429,50.89285714285714,53.57142857142857
fpc_formal_subesco_d03_f2_A,subesco,3,2,11,1.407763041633237,1.4960495199647748,51.78571428571429,55.35714285714286,51.78571428571429
fpc_formal_subesco_d03_f2_A,subesco,3,2,12,1.2896219100168878,1.8860919448423583,54.46428571428571,44.642857142857146,46.42857142857143
fpc_formal_subesco_d03_f2_A,subesco,3,2,13,1.3430275401703333,1.5616306085928326,55.35714285714286,52.67857142857143,53.57142857142857
fpc_formal_subesco_d03_f2_A,subesco,3,2,14,1.229283017338689,1.8117218434422617,54.46428571428571,50.89285714285714,48.214285714285715
fpc_formal_subesco_d03_f2_A,subesco,3,2,15,1.202602224908396,1.828049313952596,62.5,50.0,55.35714285714286
fpc_formal_subesco_d03_f3_A,subesco,3,3,1,1.8983661613866771,1.9086141598745006,25.0,25.892857142857146,19.642857142857142
fpc_formal_subesco_d03_f3_A,subesco,3,3,2,1.757400001191855,1.8135648567338596,33.035714285714285,27.67857142857143,25.0
fpc_formal_subesco_d03_f3_A,subesco,3,3,3,1.5458907371904869,1.6484425392469189,39.285714285714285,37.5,26.785714285714285
fpc_formal_subesco_d03_f3_A,subesco,3,3,4,1.4767273604434745,1.6736451098069731,40.17857142857143,33.92857142857143,28.57142857142857
fpc_formal_subesco_d03_f3_A,subesco,3,3,5,1.4723417271947536,1.7721371136194104,41.07142857142857,33.92857142857143,25.0
fpc_formal_subesco_d03_f3_A,subesco,3,3,6,1.3729728167907425,1.5298991539886504,41.07142857142857,41.964285714285715,32.142857142857146
fpc_formal_subesco_d03_f3_A,subesco,3,3,7,1.250539552272159,1.4745262184939196,48.214285714285715,47.32142857142857,35.714285714285715
fpc_formal_subesco_d03_f3_A,subesco,3,3,8,1.4256177581715848,1.5772097581436104,46.42857142857143,43.75,33.92857142857143
fpc_formal_subesco_d03_f3_A,subesco,3,3,9,1.2263091741505474,1.498949734413651,51.78571428571429,51.78571428571429,33.92857142857143
fpc_formal_subesco_d03_f3_A,subesco,3,3,10,1.1564673692018534,1.338924573108656,55.35714285714286,54.46428571428571,28.57142857142857
fpc_formal_subesco_d03_f3_A,subesco,3,3,11,1.758028908245948,2.0344726978068786,44.642857142857146,38.392857142857146,37.5
fpc_formal_subesco_d03_f3_A,subesco,3,3,12,1.4531687356717693,1.8115840188740517,53.57142857142857,49.107142857142854,37.5
fpc_formal_subesco_d03_f3_A,subesco,3,3,13,1.2433788546368512,1.5557757218249808,55.35714285714286,57.14285714285714,37.5
fpc_formal_subesco_d03_f3_A,subesco,3,3,14,1.4036894912202176,1.6127491503482356,55.35714285714286,54.46428571428571,32.142857142857146
fpc_formal_subesco_d03_f3_A,subesco,3,3,15,1.5179263584216858,1.7251748430742755,53.57142857142857,50.89285714285714,32.142857142857146
fpc_formal_subesco_d03_f4_A,subesco,3,4,1,1.8988580642471675,1.9163470954375599,26.785714285714285,22.321428571428573,25.0
fpc_formal_subesco_d03_f4_A,subesco,3,4,2,1.7155700080246912,1.8469311060252391,33.035714285714285,23.214285714285715,19.642857142857142
fpc_formal_subesco_d03_f4_A,subesco,3,4,3,1.4962620852534434,1.729655606364392,42.857142857142854,33.92857142857143,35.714285714285715
fpc_formal_subesco_d03_f4_A,subesco,3,4,4,1.4391166855126838,1.7443924064525393,44.642857142857146,31.25,37.5
fpc_formal_subesco_d03_f4_A,subesco,3,4,5,1.4866208634240512,1.9219404785828529,39.285714285714285,33.035714285714285,37.5
fpc_formal_subesco_d03_f4_A,subesco,3,4,6,1.445378446136799,1.8305706961560984,38.392857142857146,29.464285714285715,39.285714285714285
fpc_formal_subesco_d03_f4_A,subesco,3,4,7,1.3508551522431596,1.9622658130060178,42.857142857142854,33.035714285714285,42.857142857142854
fpc_formal_subesco_d03_f4_A,subesco,3,4,8,1.2597854632800147,1.9650265497791952,50.0,34.82142857142857,48.214285714285715
fpc_formal_subesco_d03_f4_A,subesco,3,4,9,1.216867318012135,1.8329787048058452,52.67857142857143,43.75,48.214285714285715
fpc_formal_subesco_d03_f4_A,subesco,3,4,10,1.433318269848901,2.0055582885287535,40.17857142857143,37.5,37.5
fpc_formal_subesco_d03_f4_A,subesco,3,4,11,1.4844756223354645,2.098335328834674,47.32142857142857,40.17857142857143,46.42857142857143
fpc_formal_subesco_d03_f4_A,subesco,3,4,12,1.57250094814642,2.313440504377956,43.75,37.5,44.642857142857146
fpc_formal_subesco_d03_f4_A,subesco,3,4,13,1.7896306552421397,2.519051877527813,41.964285714285715,35.714285714285715,37.5
fpc_formal_subesco_d03_f4_A,subesco,3,4,14,1.465202300692449,2.265456610123469,50.0,38.392857142857146,51.78571428571429
fpc_formal_subesco_d03_f4_A,subesco,3,4,15,1.5560428364894925,2.4762091533735133,49.107142857142854,40.17857142857143,44.642857142857146
fpc_formal_subesco_d04_f0_A,subesco,4,0,1,1.9088320518875153,1.9247296797413962,22.321428571428573,22.321428571428573,26.785714285714285
fpc_formal_subesco_d04_f0_A,subesco,4,0,2,1.7952525244553783,1.8566588503760797,30.357142857142854,25.892857142857146,30.357142857142854
fpc_formal_subesco_d04_f0_A,subesco,4,0,3,1.6544830653380287,1.8689832239588335,31.25,27.67857142857143,44.642857142857146
fpc_formal_subesco_d04_f0_A,subesco,4,0,4,1.404902006081444,1.7009085474009282,56.25,33.035714285714285,37.5
fpc_formal_subesco_d04_f0_A,subesco,4,0,5,1.6037049173763573,1.9595818405364551,37.5,31.25,50.0
fpc_formal_subesco_d04_f0_A,subesco,4,0,6,1.4551977738742647,1.874870814046017,42.857142857142854,38.392857142857146,62.5
fpc_formal_subesco_d04_f0_A,subesco,4,0,7,1.3389825071121286,1.9163439403132156,52.67857142857143,38.392857142857146,57.14285714285714
fpc_formal_subesco_d04_f0_A,subesco,4,0,8,1.2363620713493135,1.9060233867091434,53.57142857142857,35.714285714285715,46.42857142857143
fpc_formal_subesco_d04_f0_A,subesco,4,0,9,1.0681743692857781,1.7663202533647862,58.92857142857143,41.964285714285715,55.35714285714286
fpc_formal_subesco_d04_f0_A,subesco,4,0,10,1.290500195422755,2.005867900992818,56.25,41.07142857142857,62.5
fpc_formal_subesco_d04_f0_A,subesco,4,0,11,1.2756295430408808,2.0605114218584086,53.57142857142857,38.392857142857146,71.42857142857143
fpc_formal_subesco_d04_f0_A,subesco,4,0,12,1.2340689327433705,2.033382346077188,56.25,42.857142857142854,69.64285714285714
fpc_formal_subesco_d04_f0_A,subesco,4,0,13,1.2178435581805434,2.053506584564853,60.71428571428571,47.32142857142857,62.5
fpc_formal_subesco_d04_f0_A,subesco,4,0,14,1.1346291036062397,2.1104111050602836,60.71428571428571,50.0,64.28571428571429
fpc_formal_subesco_d04_f0_A,subesco,4,0,15,1.3119103013019238,2.2293230952391303,56.25,47.32142857142857,66.07142857142857
fpc_formal_subesco_d04_f1_A,subesco,4,1,1,1.9226683963323683,1.9205837961733339,30.357142857142854,25.892857142857146,26.785714285714285
fpc_formal_subesco_d04_f1_A,subesco,4,1,2,1.881858545548511,1.8721980785037837,39.285714285714285,36.607142857142854,39.285714285714285
fpc_formal_subesco_d04_f1_A,subesco,4,1,3,1.8259329497577623,1.7416264064596132,25.892857142857146,27.67857142857143,32.142857142857146
fpc_formal_subesco_d04_f1_A,subesco,4,1,4,1.6629816953435643,1.5762191829108965,33.035714285714285,41.964285714285715,41.07142857142857
fpc_formal_subesco_d04_f1_A,subesco,4,1,5,1.5912817504655834,1.468492389839253,32.142857142857146,46.42857142857143,42.857142857142854
fpc_formal_subesco_d04_f1_A,subesco,4,1,6,1.4976491686526674,1.418441880561959,41.07142857142857,48.214285714285715,42.857142857142854
fpc_formal_subesco_d04_f1_A,subesco,4,1,7,1.5442685891197456,1.5669707921539455,41.964285714285715,36.607142857142854,35.714285714285715
fpc_formal_subesco_d04_f1_A,subesco,4,1,8,1.4198836143595046,1.392196400821184,41.964285714285715,43.75,41.07142857142857
fpc_formal_subesco_d04_f1_A,subesco,4,1,9,1.312727745244814,1.2881527468523062,44.642857142857146,46.42857142857143,42.857142857142854
fpc_formal_subesco_d04_f1_A,subesco,4,1,10,1.1540188639572289,1.0809897296472217,57.14285714285714,50.89285714285714,60.71428571428571
fpc_formal_subesco_d04_f1_A,subesco,4,1,11,1.1737731162894944,0.956028734503569,58.03571428571429,64.28571428571429,50.0
fpc_formal_subesco_d04_f1_A,subesco,4,1,12,1.3089161960406608,1.0864274223245982,59.82142857142857,57.14285714285714,51.78571428571429
fpc_formal_subesco_d04_f1_A,subesco,4,1,13,1.3528601446277393,1.0473097863366392,57.14285714285714,65.17857142857143,50.0
fpc_formal_subesco_d04_f1_A,subesco,4,1,14,1.2639385084844734,0.9638795987218635,57.14285714285714,65.17857142857143,53.57142857142857
fpc_formal_subesco_d04_f1_A,subesco,4,1,15,1.3284729136336788,1.3401913007002952,58.92857142857143,56.25,44.642857142857146
fpc_formal_subesco_d04_f2_A,subesco,4,2,1,1.912966882248242,1.9071596171549967,32.142857142857146,31.25,25.0
fpc_formal_subesco_d04_f2_A,subesco,4,2,2,1.7988059696454906,1.7675738560541778,25.892857142857146,28.57142857142857,26.785714285714285
fpc_formal_subesco_d04_f2_A,subesco,4,2,3,1.5755948074411277,1.5740724626071103,35.714285714285715,37.5,33.92857142857143
fpc_formal_subesco_d04_f2_A,subesco,4,2,4,1.4740379159516503,1.442453434465252,39.285714285714285,46.42857142857143,35.714285714285715
fpc_formal_subesco_d04_f2_A,subesco,4,2,5,1.3670047401263392,1.4749940210539816,43.75,43.75,28.57142857142857
fpc_formal_subesco_d04_f2_A,subesco,4,2,6,1.2479025426227004,1.3800427459359736,46.42857142857143,46.42857142857143,33.92857142857143
fpc_formal_subesco_d04_f2_A,subesco,4,2,7,1.3658695460273431,1.3593701359716626,47.32142857142857,50.89285714285714,32.142857142857146
fpc_formal_subesco_d04_f2_A,subesco,4,2,8,1.3334542034929375,1.3734298140701295,44.642857142857146,50.89285714285714,33.92857142857143
fpc_formal_subesco_d04_f2_A,subesco,4,2,9,1.4538475094815007,1.4810136214767522,47.32142857142857,47.32142857142857,37.5
fpc_formal_subesco_d04_f2_A,subesco,4,2,10,1.050745543476123,1.3145654289752078,56.25,51.78571428571429,35.714285714285715
fpc_formal_subesco_d04_f2_A,subesco,4,2,11,1.068605405574574,1.3714345684698679,60.71428571428571,55.35714285714286,39.285714285714285
fpc_formal_subesco_d04_f2_A,subesco,4,2,12,0.9905030865338372,1.3422350547624338,65.17857142857143,59.82142857142857,39.285714285714285
fpc_formal_subesco_d04_f2_A,subesco,4,2,13,1.0026239935627552,1.3729456173714603,59.82142857142857,56.25,50.0
fpc_formal_subesco_d04_f2_A,subesco,4,2,14,1.0296345530612347,1.4619115385757364,57.14285714285714,58.03571428571429,39.285714285714285
fpc_formal_subesco_d04_f2_A,subesco,4,2,15,1.2119966519184169,1.549968125794845,57.14285714285714,51.78571428571429,50.0
fpc_formal_subesco_d04_f3_A,subesco,4,3,1,1.8966770025520294,1.923839129327875,15.178571428571427,20.535714285714285,14.285714285714285
fpc_formal_subesco_d04_f3_A,subesco,4,3,2,1.792085812360964,1.8550188952488686,33.035714285714285,28.57142857142857,23.214285714285715
fpc_formal_subesco_d04_f3_A,subesco,4,3,3,1.6158502494775369,1.73184911823391,35.714285714285715,36.607142857142854,37.5
fpc_formal_subesco_d04_f3_A,subesco,4,3,4,1.418992275404584,1.661514642466404,44.642857142857146,40.17857142857143,33.92857142857143
fpc_formal_subesco_d04_f3_A,subesco,4,3,5,1.3375228397814103,1.6610205537682172,46.42857142857143,37.5,33.92857142857143
fpc_formal_subesco_d04_f3_A,subesco,4,3,6,1.292984349341311,1.669999249926909,50.0,45.535714285714285,41.07142857142857
fpc_formal_subesco_d04_f3_A,subesco,4,3,7,1.2247987449102613,1.6720061130120685,50.89285714285714,42.857142857142854,53.57142857142857
fpc_formal_subesco_d04_f3_A,subesco,4,3,8,1.2365955580432622,1.6827370467588625,48.214285714285715,36.607142857142854,50.0
fpc_formal_subesco_d04_f3_A,subesco,4,3,9,1.0807053836057074,1.6528404231753542,59.82142857142857,50.0,53.57142857142857
fpc_formal_subesco_d04_f3_A,subesco,4,3,10,1.0170845825577,1.573250244433496,62.5,52.67857142857143,57.14285714285714
fpc_formal_subesco_d04_f3_A,subesco,4,3,11,1.1339840384570727,1.7708640812365937,63.39285714285714,45.535714285714285,55.35714285714286
fpc_formal_subesco_d04_f3_A,subesco,4,3,12,1.098131579990556,1.7285112335553308,62.5,45.535714285714285,50.0
fpc_formal_subesco_d04_f3_A,subesco,4,3,13,1.1167373719888163,1.7879116233333154,62.5,45.535714285714285,46.42857142857143
fpc_formal_subesco_d04_f3_A,subesco,4,3,14,1.1205412935180843,1.852429950027418,65.17857142857143,50.89285714285714,53.57142857142857
fpc_formal_subesco_d04_f3_A,subesco,4,3,15,1.03428460191021,1.8102796931816236,67.85714285714286,46.42857142857143,57.14285714285714
fpc_formal_subesco_d04_f4_A,subesco,4,4,1,1.9063726233376375,1.9073641689180032,27.67857142857143,27.67857142857143,28.57142857142857
fpc_formal_subesco_d04_f4_A,subesco,4,4,2,1.8366638229187024,1.8301564040200715,27.67857142857143,26.785714285714285,33.92857142857143
fpc_formal_subesco_d04_f4_A,subesco,4,4,3,1.6851685770792504,1.6374320946134422,30.357142857142854,32.142857142857146,33.92857142857143
fpc_formal_subesco_d04_f4_A,subesco,4,4,4,1.5319085744382954,1.5740855320931775,41.07142857142857,33.035714285714285,39.285714285714285
fpc_formal_subesco_d04_f4_A,subesco,4,4,5,1.442999201115567,1.5091142486652551,43.75,36.607142857142854,39.285714285714285
fpc_formal_subesco_d04_f4_A,subesco,4,4,6,1.5636843945719991,1.6853004184161822,44.642857142857146,33.035714285714285,41.07142857142857
fpc_formal_subesco_d04_f4_A,subesco,4,4,7,1.45571233568598,1.733152208791417,41.964285714285715,32.142857142857146,32.142857142857146
fpc_formal_subesco_d04_f4_A,subesco,4,4,8,1.6735322232929257,1.7981782993931117,47.32142857142857,33.92857142857143,46.42857142857143
fpc_formal_subesco_d04_f4_A,subesco,4,4,9,1.5008773384730674,1.9154966234836197,45.535714285714285,34.82142857142857,32.142857142857146
fpc_formal_subesco_d04_f4_A,subesco,4,4,10,1.4066029821377959,1.8386307527970591,50.0,38.392857142857146,42.857142857142854
fpc_formal_subesco_d04_f4_A,subesco,4,4,11,1.594463711216949,1.8731020903413733,44.642857142857146,41.964285714285715,48.214285714285715
fpc_formal_subesco_d04_f4_A,subesco,4,4,12,1.6556931124382277,2.10598087909396,41.964285714285715,42.857142857142854,42.857142857142854
fpc_formal_subesco_d04_f4_A,subesco,4,4,13,1.819740817765028,2.3053518245361118,45.535714285714285,39.285714285714285,35.714285714285715
fpc_formal_subesco_d04_f4_A,subesco,4,4,14,1.9483993348985442,2.3445779628006664,46.42857142857143,36.607142857142854,44.642857142857146
fpc_formal_subesco_d04_f4_A,subesco,4,4,15,1.6257763943573376,2.125393553164767,49.107142857142854,41.964285714285715,44.642857142857146
fpc_formal_subesco_d05_f0_A,subesco,5,0,1,1.9075203600736832,1.923175353705361,32.142857142857146,19.642857142857142,26.785714285714285
fpc_formal_subesco_d05_f0_A,subesco,5,0,2,1.8009482840651911,1.8556596442333309,25.0,18.75,23.214285714285715
fpc_formal_subesco_d05_f0_A,subesco,5,0,3,1.7265668838691208,1.8984971823904997,30.357142857142854,21.428571428571427,25.0
fpc_formal_subesco_d05_f0_A,subesco,5,0,4,1.5812944565467153,1.7994600633196598,35.714285714285715,28.57142857142857,35.714285714285715
fpc_formal_subesco_d05_f0_A,subesco,5,0,5,1.53868515989321,1.8109350420800638,37.5,35.714285714285715,26.785714285714285
fpc_formal_subesco_d05_f0_A,subesco,5,0,6,1.5979287106562627,1.9852479396180231,41.07142857142857,38.392857142857146,28.57142857142857
fpc_formal_subesco_d05_f0_A,subesco,5,0,7,1.2068720556004051,1.6584939720664877,54.46428571428571,36.607142857142854,44.642857142857146
fpc_formal_subesco_d05_f0_A,subesco,5,0,8,1.409886889928449,1.9448001949934104,50.89285714285714,41.964285714285715,30.357142857142854
fpc_formal_subesco_d05_f0_A,subesco,5,0,9,1.4745584715769329,2.019696869294621,48.214285714285715,35.714285714285715,35.714285714285715
fpc_formal_subesco_d05_f0_A,subesco,5,0,10,1.3187441056838722,1.9166524836588812,54.46428571428571,42.857142857142854,39.285714285714285
fpc_formal_subesco_d05_f0_A,subesco,5,0,11,1.6946439095484982,2.2940984545124943,46.42857142857143,38.392857142857146,35.714285714285715
fpc_formal_subesco_d05_f0_A,subesco,5,0,12,1.328712730941717,2.0082882726243225,49.107142857142854,37.5,35.714285714285715
fpc_formal_subesco_d05_f0_A,subesco,5,0,13,1.4342333978389148,2.114830132286295,52.67857142857143,39.285714285714285,39.285714285714285
fpc_formal_subesco_d05_f0_A,subesco,5,0,14,1.438449351917692,2.1760458053470946,56.25,37.5,44.642857142857146
fpc_formal_subesco_d05_f0_A,subesco,5,0,15,1.5533673249001703,2.352503055623186,51.78571428571429,39.285714285714285,37.5
fpc_formal_subesco_d05_f1_A,subesco,5,1,1,1.9186348655189878,1.9233878152608372,25.892857142857146,23.214285714285715,25.0
fpc_formal_subesco_d05_f1_A,subesco,5,1,2,1.8718216584084642,1.874409679324989,35.714285714285715,32.142857142857146,25.0
fpc_formal_subesco_d05_f1_A,subesco,5,1,3,1.7033324027365306,1.72125926924341,33.035714285714285,38.392857142857146,32.142857142857146
fpc_formal_subesco_d05_f1_A,subesco,5,1,4,1.606187341594552,1.5997529910945343,36.607142857142854,37.5,30.357142857142854
fpc_formal_subesco_d05_f1_A,subesco,5,1,5,1.4936463569028018,1.4315493136852044,39.285714285714285,48.214285714285715,33.92857142857143
fpc_formal_subesco_d05_f1_A,subesco,5,1,6,1.3508861229270726,1.2615530387493405,48.214285714285715,60.71428571428571,39.285714285714285
fpc_formal_subesco_d05_f1_A,subesco,5,1,7,1.2832788972066562,1.1902785533190046,47.32142857142857,53.57142857142857,32.142857142857146
fpc_formal_subesco_d05_f1_A,subesco,5,1,8,1.1754149767644955,1.1351752757723765,56.25,67.85714285714286,39.285714285714285
fpc_formal_subesco_d05_f1_A,subesco,5,1,9,1.306671214409651,1.3258878753226107,50.89285714285714,52.67857142857143,37.5
fpc_formal_subesco_d05_f1_A,subesco,5,1,10,1.2490238295828955,1.139211854669324,46.42857142857143,60.71428571428571,41.07142857142857
fpc_formal_subesco_d05_f1_A,subesco,5,1,11,1.1546390835744529,1.0876712970541016,50.89285714285714,62.5,39.285714285714285
fpc_formal_subesco_d05_f1_A,subesco,5,1,12,1.1896464516127547,1.0530370826227229,47.32142857142857,63.39285714285714,37.5
fpc_formal_subesco_d05_f1_A,subesco,5,1,13,1.2753406255098128,1.1184965976735748,51.78571428571429,62.5,37.5
fpc_formal_subesco_d05_f1_A,subesco,5,1,14,1.1903445985748566,1.099257573420746,56.25,65.17857142857143,42.857142857142854
fpc_formal_subesco_d05_f1_A,subesco,5,1,15,1.321301173859098,1.2535561521257683,54.46428571428571,59.82142857142857,41.07142857142857
fpc_formal_subesco_d05_f2_A,subesco,5,2,1,1.8997682165994214,1.9126008029658064,32.142857142857146,23.214285714285715,30.357142857142854
fpc_formal_subesco_d05_f2_A,subesco,5,2,2,1.7509715921611462,1.8681930073145085,29.464285714285715,19.642857142857142,26.785714285714285
fpc_formal_subesco_d05_f2_A,subesco,5,2,3,1.6426572454232315,1.8826901346996434,37.5,26.785714285714285,26.785714285714285
fpc_formal_subesco_d05_f2_A,subesco,5,2,4,1.650893729266823,2.0052548867528093,36.607142857142854,22.321428571428573,32.142857142857146
fpc_formal_subesco_d05_f2_A,subesco,5,2,5,1.5288400808382832,1.6875431665619536,41.964285714285715,31.25,46.42857142857143
fpc_formal_subesco_d05_f2_A,subesco,5,2,6,1.5219035105654943,1.6970618924876477,39.285714285714285,37.5,41.07142857142857
fpc_formal_subesco_d05_f2_A,subesco,5,2,7,1.5052338979746087,1.7352374948626175,44.642857142857146,34.82142857142857,44.642857142857146
fpc_formal_subesco_d05_f2_A,subesco,5,2,8,1.7475089785887892,2.0865483786600008,44.642857142857146,34.82142857142857,42.857142857142854
fpc_formal_subesco_d05_f2_A,subesco,5,2,9,1.4520555435063416,1.5802985679248445,48.214285714285715,43.75,51.78571428571429
fpc_formal_subesco_d05_f2_A,subesco,5,2,10,1.551972397616496,1.5915364046249507,47.32142857142857,45.535714285714285,51.78571428571429
fpc_formal_subesco_d05_f2_A,subesco,5,2,11,1.724815414051054,1.9448548387718056,50.89285714285714,42.857142857142854,51.78571428571429
fpc_formal_subesco_d05_f2_A,subesco,5,2,12,1.600327358764524,1.6926185769609934,50.0,50.0,51.78571428571429
fpc_formal_subesco_d05_f2_A,subesco,5,2,13,1.830651635771934,2.0311205675605515,51.78571428571429,41.07142857142857,51.78571428571429
fpc_formal_subesco_d05_f2_A,subesco,5,2,14,2.2340339319921143,2.5166253373310923,47.32142857142857,36.607142857142854,50.0
fpc_formal_subesco_d05_f2_A,subesco,5,2,15,2.0238289061422496,2.2598313000586265,55.35714285714286,43.75,53.57142857142857
fpc_formal_subesco_d05_f3_A,subesco,5,3,1,1.9181807317987294,1.917517769488595,25.0,28.57142857142857,26.785714285714285
fpc_formal_subesco_d05_f3_A,subesco,5,3,2,1.8616142125423494,1.8580895645817332,32.142857142857146,30.357142857142854,32.142857142857146
fpc_formal_subesco_d05_f3_A,subesco,5,3,3,1.706851375680616,1.6682646261837806,28.57142857142857,29.464285714285715,32.142857142857146
fpc_formal_subesco_d05_f3_A,subesco,5,3,4,1.6016572175952544,1.5496441779301655,34.82142857142857,36.607142857142854,35.714285714285715
fpc_formal_subesco_d05_f3_A,subesco,5,3,5,1.580857463180177,1.5790123197603794,33.92857142857143,33.035714285714285,42.857142857142854
fpc_formal_subesco_d05_f3_A,subesco,5,3,6,1.4100097615119631,1.4768832106057037,41.964285714285715,37.5,44.642857142857146
fpc_formal_subesco_d05_f3_A,subesco,5,3,7,1.585722570996658,1.683121431820028,42.857142857142854,38.392857142857146,44.642857142857146
fpc_formal_subesco_d05_f3_A,subesco,5,3,8,1.242781269932561,1.4029747935822285,46.42857142857143,48.214285714285715,51.78571428571429
fpc_formal_subesco_d05_f3_A,subesco,5,3,9,1.5050322060763908,1.6513513043310135,49.107142857142854,43.75,42.857142857142854
fpc_formal_subesco_d05_f3_A,subesco,5,3,10,1.047318367630845,1.2554819189880617,60.71428571428571,54.46428571428571,51.78571428571429
fpc_formal_subesco_d05_f3_A,subesco,5,3,11,1.1837866506595527,1.3558775562385168,57.14285714285714,55.35714285714286,51.78571428571429
fpc_formal_subesco_d05_f3_A,subesco,5,3,12,1.1389997701898946,1.3318971297481343,56.25,58.92857142857143,53.57142857142857
fpc_formal_subesco_d05_f3_A,subesco,5,3,13,1.2189592436875256,1.4447404978218117,55.35714285714286,58.92857142857143,48.214285714285715
fpc_formal_subesco_d05_f3_A,subesco,5,3,14,1.1491182023657127,1.4113403401666977,55.35714285714286,59.82142857142857,55.35714285714286
fpc_formal_subesco_d05_f3_A,subesco,5,3,15,1.4159369178485508,1.6838675156740794,50.89285714285714,52.67857142857143,55.35714285714286
fpc_formal_subesco_d05_f4_A,subesco,5,4,1,1.909356990724925,1.9198314093558406,33.035714285714285,27.67857142857143,28.57142857142857
fpc_formal_subesco_d05_f4_A,subesco,5,4,2,1.8142173275805964,1.8426122802963216,34.82142857142857,24.107142857142858,25.0
fpc_formal_subesco_d05_f4_A,subesco,5,4,3,1.5963177684762127,1.6380888948232564,30.357142857142854,33.035714285714285,28.57142857142857
fpc_formal_subesco_d05_f4_A,subesco,5,4,4,1.5903069843700155,1.681997686536675,46.42857142857143,35.714285714285715,35.714285714285715
fpc_formal_subesco_d05_f4_A,subesco,5,4,5,1.4161854141941415,1.4506692459836095,38.392857142857146,42.857142857142854,42.857142857142854
fpc_formal_subesco_d05_f4_A,subesco,5,4,6,1.4631910275038678,1.5135636265102694,41.07142857142857,41.07142857142857,44.642857142857146
fpc_formal_subesco_d05_f4_A,subesco,5,4,7,1.2585907666596192,1.4538136343313819,42.857142857142854,45.535714285714285,53.57142857142857
fpc_formal_subesco_d05_f4_A,subesco,5,4,8,1.1175079836500517,1.3984929062036575,57.14285714285714,50.89285714285714,46.42857142857143
fpc_formal_subesco_d05_f4_A,subesco,5,4,9,1.3334762573921946,1.6292914958169096,53.57142857142857,47.32142857142857,41.07142857142857
fpc_formal_subesco_d05_f4_A,subesco,5,4,10,1.4398197650971305,1.6655238440092452,50.89285714285714,45.535714285714285,46.42857142857143
fpc_formal_subesco_d05_f4_A,subesco,5,4,11,1.4771080904562346,1.7600815399981649,53.57142857142857,50.89285714285714,42.857142857142854
fpc_formal_subesco_d05_f4_A,subesco,5,4,12,1.6057879790915237,1.8951601420397632,47.32142857142857,43.75,39.285714285714285
fpc_formal_subesco_d05_f4_A,subesco,5,4,13,1.6020229217589286,2.013289307208128,49.107142857142854,40.17857142857143,41.07142857142857
fpc_formal_subesco_d05_f4_A,subesco,5,4,14,1.8934199218203818,2.276006436671673,44.642857142857146,39.285714285714285,39.285714285714285
fpc_formal_subesco_d05_f4_A,subesco,5,4,15,1.49162311818341,1.8945116812233544,57.14285714285714,41.964285714285715,44.642857142857146
fpc_formal_subesco_d06_f0_A,subesco,6,0,1,1.9153360769169774,1.9251022140397347,21.428571428571427,23.214285714285715,19.642857142857142
fpc_formal_subesco_d06_f0_A,subesco,6,0,2,1.8287342538872022,1.859808812404203,24.107142857142858,23.214285714285715,28.57142857142857
fpc_formal_subesco_d06_f0_A,subesco,6,0,3,1.6880734866033744,1.735670924302314,31.25,27.67857142857143,28.57142857142857
fpc_formal_subesco_d06_f0_A,subesco,6,0,4,1.6900621800339408,1.668844183147675,37.5,28.57142857142857,30.357142857142854
fpc_formal_subesco_d06_f0_A,subesco,6,0,5,1.8537899374600573,1.7959786849736765,27.67857142857143,27.67857142857143,32.142857142857146
fpc_formal_subesco_d06_f0_A,subesco,6,0,6,1.8273198683816627,1.7661372497910361,35.714285714285715,31.25,37.5
fpc_formal_subesco_d06_f0_A,subesco,6,0,7,1.605825935633348,1.5350312091082343,44.642857142857146,41.07142857142857,48.214285714285715
fpc_formal_subesco_d06_f0_A,subesco,6,0,8,1.613054164513046,1.5390726597362157,48.214285714285715,41.07142857142857,51.78571428571429
fpc_formal_subesco_d06_f0_A,subesco,6,0,9,1.5403828336316814,1.527477066192352,46.42857142857143,38.392857142857146,50.0
fpc_formal_subesco_d06_f0_A,subesco,6,0,10,2.0776959616673687,2.0438140568352017,36.607142857142854,34.82142857142857,39.285714285714285
fpc_formal_subesco_d06_f0_A,subesco,6,0,11,1.6187346650130279,1.6157167248966968,50.0,41.964285714285715,53.57142857142857
fpc_formal_subesco_d06_f0_A,subesco,6,0,12,1.6909219652885648,1.6702737659550857,52.67857142857143,44.642857142857146,51.78571428571429
fpc_formal_subesco_d06_f0_A,subesco,6,0,13,1.8942998721147737,1.7374946753374267,47.32142857142857,42.857142857142854,53.57142857142857
fpc_formal_subesco_d06_f0_A,subesco,6,0,14,1.833911953609686,1.7464536162182789,49.107142857142854,47.32142857142857,60.71428571428571
fpc_formal_subesco_d06_f0_A,subesco,6,0,15,1.9952843749439038,1.900218653550585,48.214285714285715,43.75,57.14285714285714
fpc_formal_subesco_d06_f1_A,subesco,6,1,1,1.8999547886847645,1.9217792556895361,26.785714285714285,27.67857142857143,26.785714285714285
fpc_formal_subesco_d06_f1_A,subesco,6,1,2,1.7742040721534527,1.8373989442841996,29.464285714285715,22.321428571428573,21.428571428571427
fpc_formal_subesco_d06_f1_A,subesco,6,1,3,1.729601899763354,1.916910389395624,30.357142857142854,24.107142857142858,25.0
fpc_formal_subesco_d06_f1_A,subesco,6,1,4,1.5624088638635456,1.5361108291171177,33.92857142857143,39.285714285714285,37.5
fpc_formal_subesco_d06_f1_A,subesco,6,1,5,1.5650660176439426,1.7823917703268075,38.392857142857146,29.464285714285715,30.357142857142854
fpc_formal_subesco_d06_f1_A,subesco,6,1,6,1.5383345135542876,1.861204739174989,43.75,30.357142857142854,26.785714285714285
fpc_formal_subesco_d06_f1_A,subesco,6,1,7,1.4819652215447283,1.8070172139927028,49.107142857142854,34.82142857142857,28.57142857142857
fpc_formal_subesco_d06_f1_A,subesco,6,1,8,1.4235882425570676,1.5059459117330474,46.42857142857143,41.07142857142857,41.07142857142857
fpc_formal_subesco_d06_f1_A,subesco,6,1,9,1.535260121456479,1.8444965548481664,49.107142857142854,41.07142857142857,39.285714285714285
fpc_formal_subesco_d06_f1_A,subesco,6,1,10,1.306493817793537,1.5116688906306028,53.57142857142857,46.42857142857143,44.642857142857146
fpc_formal_subesco_d06_f1_A,subesco,6,1,11,1.4054406787198563,1.6341035259367005,55.35714285714286,51.78571428571429,42.857142857142854
fpc_formal_subesco_d06_f1_A,subesco,6,1,12,1.3331327731931626,1.4080127360221033,57.14285714285714,52.67857142857143,50.0
fpc_formal_subesco_d06_f1_A,subesco,6,1,13,2.0055854796502564,1.998379283918137,47.32142857142857,48.214285714285715,37.5
fpc_formal_subesco_d06_f1_A,subesco,6,1,14,1.5281343062965185,1.780531365794658,55.35714285714286,48.214285714285715,44.642857142857146
fpc_formal_subesco_d06_f1_A,subesco,6,1,15,1.7255801717601638,1.8725694013344474,58.92857142857143,49.107142857142854,42.857142857142854
fpc_formal_subesco_d06_f2_A,subesco,6,2,1,1.9138970945858038,1.9175752566454631,22.321428571428573,21.428571428571427,19.642857142857142
fpc_formal_subesco_d06_f2_A,subesco,6,2,2,1.8251893505630483,1.8277439144819323,27.67857142857143,24.107142857142858,25.0
fpc_formal_subesco_d06_f2_A,subesco,6,2,3,1.632918248992862,1.7041472343865174,32.142857142857146,30.357142857142854,32.142857142857146
fpc_formal_subesco_d06_f2_A,subesco,6,2,4,1.5152629221740797,1.6213963451345137,39.285714285714285,42.857142857142854,28.57142857142857
fpc_formal_subesco_d06_f2_A,subesco,6,2,5,1.5522346697879539,1.7591702339591382,41.07142857142857,40.17857142857143,32.142857142857146
fpc_formal_subesco_d06_f2_A,subesco,6,2,6,1.307007541026045,1.5821808490172309,45.535714285714285,43.75,41.07142857142857
fpc_formal_subesco_d06_f2_A,subesco,6,2,7,1.2488510686156888,1.6751788101034453,45.535714285714285,49.107142857142854,37.5
fpc_formal_subesco_d06_f2_A,subesco,6,2,8,1.2527531637417988,1.7753316015884397,52.67857142857143,43.75,39.285714285714285
fpc_formal_subesco_d06_f2_A,subesco,6,2,9,1.2472193666014864,1.7956388742157292,51.78571428571429,49.107142857142854,42.857142857142854
fpc_formal_subesco_d06_f2_A,subesco,6,2,10,1.095520058179815,1.739147183393547,56.25,45.535714285714285,50.0
fpc_formal_subesco_d06_f2_A,subesco,6,2,11,1.2152477682646052,1.9322513915137123,56.25,48.214285714285715,41.07142857142857
fpc_formal_subesco_d06_f2_A,subesco,6,2,12,1.293676031216744,2.0292618825307422,55.35714285714286,43.75,48.214285714285715
fpc_formal_subesco_d06_f2_A,subesco,6,2,13,0.9378629876804505,1.6772503540986594,62.5,54.46428571428571,53.57142857142857
fpc_formal_subesco_d06_f2_A,subesco,6,2,14,1.0269982672242577,1.8338367000898088,61.60714285714286,51.78571428571429,58.92857142857143
fpc_formal_subesco_d06_f2_A,subesco,6,2,15,1.4937826057946022,2.3649661305673044,50.89285714285714,40.17857142857143,41.07142857142857
fpc_formal_subesco_d06_f3_A,subesco,6,3,1,1.9058282126936832,1.9229623351000869,32.142857142857146,19.642857142857142,25.0
fpc_formal_subesco_d06_f3_A,subesco,6,3,2,1.796830275304643,1.85042626696467,26.785714285714285,25.892857142857146,28.57142857142857
fpc_formal_subesco_d06_f3_A,subesco,6,3,3,1.6873867445168356,1.7442791108955458,29.464285714285715,30.357142857142854,35.714285714285715
fpc_formal_subesco_d06_f3_A,subesco,6,3,4,1.86979988403211,1.9181587270717693,25.892857142857146,24.107142857142858,33.92857142857143
fpc_formal_subesco_d06_f3_A,subesco,6,3,5,1.537561557198772,1.603036513494715,40.17857142857143,35.714285714285715,39.285714285714285
fpc_formal_subesco_d06_f3_A,subesco,6,3,6,1.5203883106388432,1.5733458521573538,41.07142857142857,35.714285714285715,48.214285714285715
fpc_formal_subesco_d06_f3_A,subesco,6,3,7,1.452549400404713,1.53091156611635,46.42857142857143,36.607142857142854,44.642857142857146
fpc_formal_subesco_d06_f3_A,subesco,6,3,8,1.551789157540881,1.5719078006264335,43.75,35.714285714285715,42.857142857142854
fpc_formal_subesco_d06_f3_A,subesco,6,3,9,1.0952743169297336,1.325559725881202,60.71428571428571,47.32142857142857,44.642857142857146
fpc_formal_subesco_d06_f3_A,subesco,6,3,10,1.09609422993414,1.3108513520854432,58.92857142857143,46.42857142857143,44.642857142857146
fpc_formal_subesco_d06_f3_A,subesco,6,3,11,1.0805006566733835,1.320452397536757,64.28571428571429,51.78571428571429,50.0
fpc_formal_subesco_d06_f3_A,subesco,6,3,12,1.2923033633343048,1.4480588697258043,58.03571428571429,49.107142857142854,44.642857142857146
fpc_formal_subesco_d06_f3_A,subesco,6,3,13,1.381567322094708,1.5484063473264646,58.92857142857143,51.78571428571429,48.214285714285715
fpc_formal_subesco_d06_f3_A,subesco,6,3,14,1.1547378606315324,1.3697183111311944,54.46428571428571,50.0,48.214285714285715
fpc_formal_subesco_d06_f3_A,subesco,6,3,15,1.4120875031801599,1.57079175513128,54.46428571428571,47.32142857142857,50.0
fpc_formal_subesco_d06_f4_A,subesco,6,4,1,1.8985210619940116,1.9040610632792172,28.57142857142857,28.57142857142857,23.214285714285715
fpc_formal_subesco_d06_f4_A,subesco,6,4,2,1.774594543449787,1.8152193866626944,28.57142857142857,24.107142857142858,32.142857142857146
fpc_formal_subesco_d06_f4_A,subesco,6,4,3,1.8461871192519834,2.010521207031693,27.67857142857143,23.214285714285715,30.357142857142854
fpc_formal_subesco_d06_f4_A,subesco,6,4,4,1.5206200105348724,1.7460683264904682,40.17857142857143,33.035714285714285,39.285714285714285
fpc_formal_subesco_d06_f4_A,subesco,6,4,5,1.4158354159373694,1.588576928082031,46.42857142857143,38.392857142857146,37.5
fpc_formal_subesco_d06_f4_A,subesco,6,4,6,1.3947939796520625,1.8239942221205863,46.42857142857143,32.142857142857146,32.142857142857146
fpc_formal_subesco_d06_f4_A,subesco,6,4,7,1.2946185625005437,1.8085008764872161,49.107142857142854,38.392857142857146,39.285714285714285
fpc_formal_subesco_d06_f4_A,subesco,6,4,8,1.1408800655979625,1.6897473760143698,55.35714285714286,43.75,35.714285714285715
fpc_formal_subesco_d06_f4_A,subesco,6,4,9,1.245145750767444,1.9747511711076182,50.0,44.642857142857146,37.5
fpc_formal_subesco_d06_f4_A,subesco,6,4,10,1.0896490096907876,1.775161370575018,57.14285714285714,44.642857142857146,41.07142857142857
fpc_formal_subesco_d06_f4_A,subesco,6,4,11,1.032722198066669,1.811961384050754,58.03571428571429,45.535714285714285,41.07142857142857
fpc_formal_subesco_d06_f4_A,subesco,6,4,12,1.2059725698204888,1.9261581229713778,51.78571428571429,41.07142857142857,35.714285714285715
fpc_formal_subesco_d06_f4_A,subesco,6,4,13,1.135073598313904,1.9662311697529904,64.28571428571429,42.857142857142854,39.285714285714285
fpc_formal_subesco_d06_f4_A,subesco,6,4,14,1.4551629229402836,2.442506163918721,56.25,36.607142857142854,37.5
fpc_formal_subesco_d06_f4_A,subesco,6,4,15,1.263476117074306,2.139742488296208,58.92857142857143,44.642857142857146,42.857142857142854
fpc_formal_subesco_d07_f0_A,subesco,7,0,1,1.913595868462131,1.9136004554890624,20.535714285714285,22.321428571428573,17.857142857142858
fpc_formal_subesco_d07_f0_A,subesco,7,0,2,1.8378030464935855,1.8370676794285126,31.25,30.357142857142854,26.785714285714285
fpc_formal_subesco_d07_f0_A,subesco,7,0,3,1.6539035759867464,1.6244906213555683,33.035714285714285,41.964285714285715,30.357142857142854
fpc_formal_subesco_d07_f0_A,subesco,7,0,4,1.4635842869694322,1.5431465257829653,44.642857142857146,44.642857142857146,32.142857142857146
fpc_formal_subesco_d07_f0_A,subesco,7,0,5,1.3081204260857202,1.5237119698828467,45.535714285714285,40.17857142857143,32.142857142857146
fpc_formal_subesco_d07_f0_A,subesco,7,0,6,1.5625755338111509,1.5052282044141323,41.07142857142857,43.75,37.5
fpc_formal_subesco_d07_f0_A,subesco,7,0,7,1.3192685417973016,1.3600409817031403,47.32142857142857,47.32142857142857,39.285714285714285
fpc_formal_subesco_d07_f0_A,subesco,7,0,8,1.2191971379686184,1.3540454792954562,47.32142857142857,50.0,46.42857142857143
fpc_formal_subesco_d07_f0_A,subesco,7,0,9,1.4292012214794612,1.4887663069154744,45.535714285714285,45.535714285714285,33.92857142857143
fpc_formal_subesco_d07_f0_A,subesco,7,0,10,1.5510437743147878,1.6133208425464933,49.107142857142854,44.642857142857146,42.857142857142854
fpc_formal_subesco_d07_f0_A,subesco,7,0,11,1.8781726842435755,1.8003835423444738,48.214285714285715,44.642857142857146,39.285714285714285
fpc_formal_subesco_d07_f0_A,subesco,7,0,12,1.78350920405235,1.8132585887192774,51.78571428571429,48.214285714285715,44.642857142857146
fpc_formal_subesco_d07_f0_A,subesco,7,0,13,1.4503661046396257,1.7354722406126508,54.46428571428571,46.42857142857143,37.5
fpc_formal_subesco_d07_f0_A,subesco,7,0,14,1.9606190948191409,1.9129882640643003,47.32142857142857,50.89285714285714,41.07142857142857
fpc_formal_subesco_d07_f0_A,subesco,7,0,15,1.8833000177099273,1.975742183970792,50.0,48.214285714285715,39.285714285714285
fpc_formal_subesco_d07_f1_A,subesco,7,1,1,1.8918652614871685,1.9113824794717242,32.142857142857146,25.892857142857146,28.57142857142857
fpc_formal_subesco_d07_f1_A,subesco,7,1,2,1.738606626751016,1.8193285502937175,29.464285714285715,24.107142857142858,26.785714285714285
fpc_formal_subesco_d07_f1_A,subesco,7,1,3,1.7147760549262492,1.943050924485163,32.142857142857146,23.214285714285715,25.0
fpc_formal_subesco_d07_f1_A,subesco,7,1,4,1.5142289652224312,1.7462437437584357,46.42857142857143,31.25,39.285714285714285
fpc_formal_subesco_d07_f1_A,subesco,7,1,5,1.4117909829196915,1.570452812065215,41.964285714285715,41.07142857142857,35.714285714285715
fpc_formal_subesco_d07_f1_A,subesco,7,1,6,1.3344176366905656,1.5663004899966393,50.0,38.392857142857146,33.92857142857143
fpc_formal_subesco_d07_f1_A,subesco,7,1,7,1.3273845419693515,1.6204093278835674,44.642857142857146,38.392857142857146,37.5
fpc_formal_subesco_d07_f1_A,subesco,7,1,8,1.287338753950421,1.5800992009945527,51.78571428571429,40.17857142857143,39.285714285714285
fpc_formal_subesco_d07_f1_A,subesco,7,1,9,1.2553840563347127,1.53923313495465,55.35714285714286,41.964285714285715,39.285714285714285
fpc_formal_subesco_d07_f1_A,subesco,7,1,10,1.370724681350046,1.6797076282653873,52.67857142857143,41.07142857142857,33.92857142857143
fpc_formal_subesco_d07_f1_A,subesco,7,1,11,1.2668715737062841,1.687676839272213,58.03571428571429,42.857142857142854,44.642857142857146
fpc_formal_subesco_d07_f1_A,subesco,7,1,12,1.2742944753354712,1.7575419674346051,58.92857142857143,44.642857142857146,41.07142857142857
fpc_formal_subesco_d07_f1_A,subesco,7,1,13,1.4286061504554266,2.0237633733216294,58.92857142857143,43.75,39.285714285714285
fpc_formal_subesco_d07_f1_A,subesco,7,1,14,1.3029673486985007,1.9663845656290444,66.07142857142857,43.75,39.285714285714285
fpc_formal_subesco_d07_f1_A,subesco,7,1,15,1.3474469784235497,2.0662154810293094,62.5,46.42857142857143,44.642857142857146
fpc_formal_subesco_d07_f2_A,subesco,7,2,1,1.904883490681608,1.9136047762467052,27.67857142857143,20.535714285714285,28.57142857142857
fpc_formal_subesco_d07_f2_A,subesco,7,2,2,1.8042860403833472,1.8415164386658287,33.92857142857143,27.67857142857143,23.214285714285715
fpc_formal_subesco_d07_f2_A,subesco,7,2,3,1.763056517972402,1.8783874571624462,30.357142857142854,25.0,25.0
fpc_formal_subesco_d07_f2_A,subesco,7,2,4,1.6685291054028204,1.8471891357727597,37.5,32.142857142857146,33.92857142857143
fpc_formal_subesco_d07_f2_A,subesco,7,2,5,1.5615472887774149,1.7624144241607187,38.392857142857146,37.5,30.357142857142854
fpc_formal_subesco_d07_f2_A,subesco,7,2,6,1.4518963390230186,1.708578882061593,40.17857142857143,44.642857142857146,33.92857142857143
fpc_formal_subesco_d07_f2_A,subesco,7,2,7,1.5135444826034181,1.8863987845735095,40.17857142857143,42.857142857142854,37.5
fpc_formal_subesco_d07_f2_A,subesco,7,2,8,1.3258278038221636,1.706652777300752,50.89285714285714,46.42857142857143,39.285714285714285
fpc_formal_subesco_d07_f2_A,subesco,7,2,9,1.8183734167852914,2.3952888164229664,36.607142857142854,35.714285714285715,35.714285714285715
fpc_formal_subesco_d07_f2_A,subesco,7,2,10,1.2074776021135476,1.722437447674397,52.67857142857143,48.214285714285715,42.857142857142854
fpc_formal_subesco_d07_f2_A,subesco,7,2,11,1.454187089837115,2.106689506480565,43.75,46.42857142857143,39.285714285714285
fpc_formal_subesco_d07_f2_A,subesco,7,2,12,1.674910698135066,2.3924656192294487,48.214285714285715,41.964285714285715,42.857142857142854
fpc_formal_subesco_d07_f2_A,subesco,7,2,13,1.7935514399625279,2.450432192855112,43.75,41.964285714285715,41.07142857142857
fpc_formal_subesco_d07_f2_A,subesco,7,2,14,1.6819229140700345,2.4193454973097466,51.78571428571429,46.42857142857143,41.07142857142857
fpc_formal_subesco_d07_f2_A,subesco,7,2,15,1.5957540878846677,2.358295029897778,53.57142857142857,48.214285714285715,41.07142857142857
fpc_formal_subesco_d07_f3_A,subesco,7,3,1,1.9218045041248835,1.9253325881916026,30.357142857142854,28.57142857142857,33.92857142857143
fpc_formal_subesco_d07_f3_A,subesco,7,3,2,1.8448427698303094,1.8510581542779547,30.357142857142854,29.464285714285715,28.57142857142857
fpc_formal_subesco_d07_f3_A,subesco,7,3,3,1.7397449644859222,1.7198609354061836,27.67857142857143,25.892857142857146,26.785714285714285
fpc_formal_subesco_d07_f3_A,subesco,7,3,4,1.6144930419481487,1.637005250797376,38.392857142857146,28.57142857142857,32.142857142857146
fpc_formal_subesco_d07_f3_A,subesco,7,3,5,1.4891507465254452,1.537331985820867,41.964285714285715,42.857142857142854,46.42857142857143
fpc_formal_subesco_d07_f3_A,subesco,7,3,6,1.445022414653668,1.4758850101734613,47.32142857142857,45.535714285714285,46.42857142857143
fpc_formal_subesco_d07_f3_A,subesco,7,3,7,1.2553703878869809,1.4087597014389868,49.107142857142854,52.67857142857143,55.35714285714286
fpc_formal_subesco_d07_f3_A,subesco,7,3,8,1.2481947430487745,1.3696900878715326,50.0,50.0,53.57142857142857
fpc_formal_subesco_d07_f3_A,subesco,7,3,9,1.2461289010604555,1.4827792650551976,52.67857142857143,52.67857142857143,58.92857142857143
fpc_formal_subesco_d07_f3_A,subesco,7,3,10,1.2270909093633204,1.4193970699423526,50.89285714285714,50.89285714285714,57.14285714285714
fpc_formal_subesco_d07_f3_A,subesco,7,3,11,1.2422324517511518,1.488140550736232,57.14285714285714,49.107142857142854,60.71428571428571
fpc_formal_subesco_d07_f3_A,subesco,7,3,12,1.2094819169188376,1.610477789936559,56.25,50.0,66.07142857142857
fpc_formal_subesco_d07_f3_A,subesco,7,3,13,1.231153085211616,1.5852942198175803,55.35714285714286,49.107142857142854,64.28571428571429
fpc_formal_subesco_d07_f3_A,subesco,7,3,14,1.368746270703216,1.7482570815833907,50.89285714285714,50.0,58.92857142857143
fpc_formal_subesco_d07_f3_A,subesco,7,3,15,1.4420199294785019,1.936223275394928,56.25,48.214285714285715,55.35714285714286
fpc_formal_subesco_d07_f4_A,subesco,7,4,1,1.9158809347742103,1.9142906716613268,28.57142857142857,28.57142857142857,25.0
fpc_formal_subesco_d07_f4_A,subesco,7,4,2,1.8412973257366727,1.8241424204576238,26.785714285714285,25.0,19.642857142857142
fpc_formal_subesco_d07_f4_A,subesco,7,4,3,1.6774890475831192,1.6046859931112292,37.5,35.714285714285715,32.142857142857146
fpc_formal_subesco_d07_f4_A,subesco,7,4,4,1.8077001610530263,1.6357400562697528,32.142857142857146,40.17857142857143,32.142857142857146
fpc_formal_subesco_d07_f4_A,subesco,7,4,5,1.8853729874361593,1.7347118656469191,25.892857142857146,32.142857142857146,28.57142857142857
fpc_formal_subesco_d07_f4_A,subesco,7,4,6,1.7021033840276298,1.59262237829454,36.607142857142854,38.392857142857146,35.714285714285715
fpc_formal_subesco_d07_f4_A,subesco,7,4,7,1.5836839598552959,1.4967259863345623,43.75,40.17857142857143,35.714285714285715
fpc_formal_subesco_d07_f4_A,subesco,7,4,8,1.497357076551199,1.4599040032085322,49.107142857142854,45.535714285714285,35.714285714285715
fpc_formal_subesco_d07_f4_A,subesco,7,4,9,1.5721509000494893,1.5000416538424644,43.75,40.17857142857143,39.285714285714285
fpc_formal_subesco_d07_f4_A,subesco,7,4,10,1.3558074161209963,1.3227372108004012,54.46428571428571,50.0,44.642857142857146
fpc_formal_subesco_d07_f4_A,subesco,7,4,11,1.6012263347197682,1.646663815171971,47.32142857142857,43.75,44.642857142857146
fpc_formal_subesco_d07_f4_A,subesco,7,4,12,1.5023328803408833,1.5856140699664654,51.78571428571429,49.107142857142854,44.642857142857146
fpc_formal_subesco_d07_f4_A,subesco,7,4,13,1.1819784349811933,1.3883333552784354,61.60714285714286,57.14285714285714,46.42857142857143
fpc_formal_subesco_d07_f4_A,subesco,7,4,14,1.6811158791063423,1.832017491928031,53.57142857142857,48.214285714285715,37.5
fpc_formal_subesco_d07_f4_A,subesco,7,4,15,1.5606865811044313,1.766872037261734,55.35714285714286,52.67857142857143,42.857142857142854
fpc_formal_subesco_d08_f0_A,subesco,8,0,1,1.9174995992069113,1.9277940311055644,20.535714285714285,19.642857142857142,23.214285714285715
fpc_formal_subesco_d08_f0_A,subesco,8,0,2,1.8718973878071783,1.8921446647940612,28.57142857142857,18.75,28.57142857142857
fpc_formal_subesco_d08_f0_A,subesco,8,0,3,1.71839235771527,1.738834246445583,34.82142857142857,31.25,35.714285714285715
fpc_formal_subesco_d08_f0_A,subesco,8,0,4,1.7067771430039638,1.5923947594157946,27.67857142857143,37.5,46.42857142857143
fpc_formal_subesco_d08_f0_A,subesco,8,0,5,1.4357347159814167,1.478112538602377,41.07142857142857,42.857142857142854,32.142857142857146
fpc_formal_subesco_d08_f0_A,subesco,8,0,6,1.4921492770644271,1.4144202519259594,38.392857142857146,42.857142857142854,42.857142857142854
fpc_formal_subesco_d08_f0_A,subesco,8,0,7,1.359496730013632,1.4103807028881168,47.32142857142857,48.214285714285715,41.07142857142857
fpc_formal_subesco_d08_f0_A,subesco,8,0,8,1.3430886418951735,1.404401753027303,47.32142857142857,44.642857142857146,41.07142857142857
fpc_formal_subesco_d08_f0_A,subesco,8,0,9,1.430707839150087,1.4217102628896972,44.642857142857146,47.32142857142857,48.214285714285715
fpc_formal_subesco_d08_f0_A,subesco,8,0,10,1.2169794565825618,1.5797643838341706,52.67857142857143,43.75,42.857142857142854
fpc_formal_subesco_d08_f0_A,subesco,8,0,11,1.2068431162225752,1.3977120391907893,49.107142857142854,50.0,46.42857142857143
fpc_formal_subesco_d08_f0_A,subesco,8,0,12,1.4057513007421296,1.5048219069160171,52.67857142857143,48.214285714285715,48.214285714285715
fpc_formal_subesco_d08_f0_A,subesco,8,0,13,1.3044953534742774,1.470093322126046,51.78571428571429,53.57142857142857,48.214285714285715
fpc_formal_subesco_d08_f0_A,subesco,8,0,14,1.1559029108381302,1.448318069545527,55.35714285714286,55.35714285714286,53.57142857142857
fpc_formal_subesco_d08_f0_A,subesco,8,0,15,1.348330648374087,1.6185714184544682,55.35714285714286,52.67857142857143,48.214285714285715
fpc_formal_subesco_d08_f1_A,subesco,8,1,1,1.9098189760528024,1.921584840732764,25.0,22.321428571428573,23.214285714285715
fpc_formal_subesco_d08_f1_A,subesco,8,1,2,1.7837801289503719,1.8200980895195034,33.92857142857143,25.0,39.285714285714285
fpc_formal_subesco_d08_f1_A,subesco,8,1,3,1.5420008511711718,1.6693692034988814,41.964285714285715,35.714285714285715,41.07142857142857
fpc_formal_subesco_d08_f1_A,subesco,8,1,4,1.4440064674050481,1.6847978215073647,38.392857142857146,32.142857142857146,37.5
fpc_formal_subesco_d08_f1_A,subesco,8,1,5,1.5369725914513925,1.785213194820768,36.607142857142854,35.714285714285715,39.285714285714285
fpc_formal_subesco_d08_f1_A,subesco,8,1,6,1.3410631770417731,1.66423136758456,49.107142857142854,35.714285714285715,48.214285714285715
fpc_formal_subesco_d08_f1_A,subesco,8,1,7,1.3263917077145135,1.7414854514924847,50.0,38.392857142857146,55.35714285714286
fpc_formal_subesco_d08_f1_A,subesco,8,1,8,1.2808378538800815,1.8425400661968294,45.535714285714285,34.82142857142857,51.78571428571429
fpc_formal_subesco_d08_f1_A,subesco,8,1,9,1.3709973072151789,1.9204292658406479,52.67857142857143,34.82142857142857,50.0
fpc_formal_subesco_d08_f1_A,subesco,8,1,10,1.2638111184630012,1.9399319386128553,53.57142857142857,35.714285714285715,55.35714285714286
fpc_formal_subesco_d08_f1_A,subesco,8,1,11,1.1960041862777087,2.0329091125282117,55.35714285714286,42.857142857142854,51.78571428571429
fpc_formal_subesco_d08_f1_A,subesco,8,1,12,1.2815728344903907,2.1342362667948214,52.67857142857143,33.035714285714285,51.78571428571429
fpc_formal_subesco_d08_f1_A,subesco,8,1,13,1.3962935106419307,2.23261025994908,57.14285714285714,34.82142857142857,51.78571428571429
fpc_formal_subesco_d08_f1_A,subesco,8,1,14,1.4500029002211299,2.366304825890431,51.78571428571429,35.714285714285715,55.35714285714286
fpc_formal_subesco_d08_f1_A,subesco,8,1,15,1.4828875691495453,2.487099193026693,57.14285714285714,34.82142857142857,57.14285714285714
fpc_formal_subesco_d08_f2_A,subesco,8,2,1,1.8974426840591547,1.9179737983696659,25.892857142857146,25.892857142857146,25.0
fpc_formal_subesco_d08_f2_A,subesco,8,2,2,1.708794027160993,1.8428826157134155,35.714285714285715,25.892857142857146,21.428571428571427
fpc_formal_subesco_d08_f2_A,subesco,8,2,3,1.4774982125719394,1.8389052479623464,40.17857142857143,28.57142857142857,28.57142857142857
fpc_formal_subesco_d08_f2_A,subesco,8,2,4,1.404845476803581,2.102081931451546,42.857142857142854,28.57142857142857,23.214285714285715
fpc_formal_subesco_d08_f2_A,subesco,8,2,5,1.2386872398282769,1.9273570937195827,53.57142857142857,25.0,33.92857142857143
fpc_formal_subesco_d08_f2_A,subesco,8,2,6,1.143670509590569,2.058690787778455,60.71428571428571,28.57142857142857,35.714285714285715
fpc_formal_subesco_d08_f2_A,subesco,8,2,7,1.2154042805419734,2.4471166730959735,53.57142857142857,27.67857142857143,37.5
fpc_formal_subesco_d08_f2_A,subesco,8,2,8,1.2231894940636978,2.5899773214436244,53.57142857142857,28.57142857142857,37.5
fpc_formal_subesco_d08_f2_A,subesco,8,2,9,1.0642839000660302,2.4506006998801886,58.03571428571429,33.92857142857143,42.857142857142854
fpc_formal_subesco_d08_f2_A,subesco,8,2,10,1.1012870055689987,2.7763667400519103,60.71428571428571,31.25,33.92857142857143
fpc_formal_subesco_d08_f2_A,subesco,8,2,11,0.9789086416271159,2.6491174076682253,65.17857142857143,36.607142857142854,39.285714285714285
fpc_formal_subesco_d08_f2_A,subesco,8,2,12,1.0160697004429264,2.4711701571751092,63.39285714285714,34.82142857142857,44.642857142857146
fpc_formal_subesco_d08_f2_A,subesco,8,2,13,1.0813968708774393,2.923162348011656,66.96428571428571,33.92857142857143,37.5
fpc_formal_subesco_d08_f2_A,subesco,8,2,14,0.9415160911574184,2.4850611629595005,65.17857142857143,38.392857142857146,44.642857142857146
fpc_formal_subesco_d08_f2_A,subesco,8,2,15,0.9096073510916941,2.8585341823227526,67.85714285714286,33.92857142857143,46.42857142857143
fpc_formal_subesco_d08_f3_A,subesco,8,3,1,1.8800862449881504,1.9087198452977276,32.142857142857146,30.357142857142854,19.642857142857142
fpc_formal_subesco_d08_f3_A,subesco,8,3,2,1.6938964843405127,1.7788125238503636,36.607142857142854,29.464285714285715,26.785714285714285
fpc_formal_subesco_d08_f3_A,subesco,8,3,3,1.4300007133994501,1.6734587221650064,49.107142857142854,29.464285714285715,33.92857142857143
fpc_formal_subesco_d08_f3_A,subesco,8,3,4,1.2950615260210174,1.671569653260018,48.214285714285715,33.035714285714285,33.92857142857143
fpc_formal_subesco_d08_f3_A,subesco,8,3,5,1.1579236625370477,1.5826727666088216,56.25,40.17857142857143,41.07142857142857
fpc_formal_subesco_d08_f3_A,subesco,8,3,6,1.1257288397735297,1.6809641470406878,58.92857142857143,38.392857142857146,32.142857142857146
fpc_formal_subesco_d08_f3_A,subesco,8,3,7,1.0327577701663582,1.865330881912376,64.28571428571429,36.607142857142854,30.357142857142854
fpc_formal_subesco_d08_f3_A,subesco,8,3,8,0.9619770863506443,1.6307293102358043,60.71428571428571,43.75,39.285714285714285
fpc_formal_subesco_d08_f3_A,subesco,8,3,9,1.1406853435947746,1.637206686698164,57.14285714285714,41.07142857142857,44.642857142857146
fpc_formal_subesco_d08_f3_A,subesco,8,3,10,0.9627973410704794,1.7979493891114533,70.53571428571429,42.857142857142854,35.714285714285715
fpc_formal_subesco_d08_f3_A,subesco,8,3,11,0.8422666598860307,2.03416957557888,70.53571428571429,47.32142857142857,35.714285714285715
fpc_formal_subesco_d08_f3_A,subesco,8,3,12,0.8108963608038872,1.7556563632963684,72.32142857142857,48.214285714285715,39.285714285714285
fpc_formal_subesco_d08_f3_A,subesco,8,3,13,0.9570488868241915,2.1544345530994344,66.07142857142857,46.42857142857143,42.857142857142854
fpc_formal_subesco_d08_f3_A,subesco,8,3,14,1.0195748253086034,2.286878666020378,65.17857142857143,42.857142857142854,37.5
fpc_formal_subesco_d08_f3_A,subesco,8,3,15,0.9441251223338594,2.206716462227615,69.64285714285714,42.857142857142854,33.92857142857143
fpc_formal_subesco_d08_f4_A,subesco,8,4,1,1.916226394774689,1.9146398016466175,38.392857142857146,25.892857142857146,25.0
fpc_formal_subesco_d08_f4_A,subesco,8,4,2,1.8256927293694314,1.8294053871313924,35.714285714285715,32.142857142857146,26.785714285714285
fpc_formal_subesco_d08_f4_A,subesco,8,4,3,1.6076245463203815,1.6639565995592238,34.82142857142857,30.357142857142854,30.357142857142854
fpc_formal_subesco_d08_f4_A,subesco,8,4,4,1.4883709298891135,1.5591028792596633,40.17857142857143,37.5,41.07142857142857
fpc_formal_subesco_d08_f4_A,subesco,8,4,5,1.4353657765323888,1.5030591508364768,42.857142857142854,41.07142857142857,33.92857142857143
fpc_formal_subesco_d08_f4_A,subesco,8,4,6,1.342339754375857,1.47736488606762,45.535714285714285,41.964285714285715,39.285714285714285
fpc_formal_subesco_d08_f4_A,subesco,8,4,7,1.2311227267098233,1.411956677286454,53.57142857142857,46.42857142857143,41.07142857142857
fpc_formal_subesco_d08_f4_A,subesco,8,4,8,1.3172969926075095,1.4790046565170578,51.78571428571429,50.0,46.42857142857143
fpc_formal_subesco_d08_f4_A,subesco,8,4,9,1.4608769084616002,1.5750502726510984,44.642857142857146,47.32142857142857,46.42857142857143
fpc_formal_subesco_d08_f4_A,subesco,8,4,10,1.586672366664509,1.7547818529715526,46.42857142857143,49.107142857142854,41.07142857142857
fpc_formal_subesco_d08_f4_A,subesco,8,4,11,1.244384896720051,1.5551898424505513,58.03571428571429,51.78571428571429,46.42857142857143
fpc_formal_subesco_d08_f4_A,subesco,8,4,12,1.2522861935452834,1.4670989431177723,58.92857142857143,51.78571428571429,46.42857142857143
fpc_formal_subesco_d08_f4_A,subesco,8,4,13,1.1323929186401964,1.478554047720175,59.82142857142857,50.0,41.07142857142857
fpc_formal_subesco_d08_f4_A,subesco,8,4,14,1.1173636406525158,1.429939777717895,60.71428571428571,55.35714285714286,44.642857142857146
fpc_formal_subesco_d08_f4_A,subesco,8,4,15,1.1680056466578936,1.4924927995492112,58.03571428571429,55.35714285714286,44.642857142857146
fpc_formal_subesco_d09_f0_A,subesco,9,0,1,1.9030465414527689,1.9084730475217646,33.035714285714285,27.67857142857143,32.142857142857146
fpc_formal_subesco_d09_f0_A,subesco,9,0,2,1.7730961867233686,1.8028863291327855,28.57142857142857,26.785714285714285,32.142857142857146
fpc_formal_subesco_d09_f0_A,subesco,9,0,3,1.6206821796654634,1.6506773225399816,30.357142857142854,30.357142857142854,35.714285714285715
fpc_formal_subesco_d09_f0_A,subesco,9,0,4,1.5498656199615815,1.6148809222407847,41.964285714285715,36.607142857142854,44.642857142857146
fpc_formal_subesco_d09_f0_A,subesco,9,0,5,1.5051867946190585,1.706391193247158,40.17857142857143,34.82142857142857,37.5
fpc_formal_subesco_d09_f0_A,subesco,9,0,6,1.4546104901820447,1.7646502273350018,44.642857142857146,33.92857142857143,37.5
fpc_formal_subesco_d09_f0_A,subesco,9,0,7,1.4472624986427232,1.8487022341132293,42.857142857142854,37.5,46.42857142857143
fpc_formal_subesco_d09_f0_A,subesco,9,0,8,1.3324113466543654,1.8407021357468305,55.35714285714286,33.92857142857143,44.642857142857146
fpc_formal_subesco_d09_f0_A,subesco,9,0,9,1.170186925019425,1.6140289310314693,58.03571428571429,36.607142857142854,58.92857142857143
fpc_formal_subesco_d09_f0_A,subesco,9,0,10,1.04863467834975,1.4246926974260516,59.82142857142857,47.32142857142857,58.92857142857143
fpc_formal_subesco_d09_f0_A,subesco,9,0,11,1.1744100343001769,1.7293101562249238,54.46428571428571,34.82142857142857,55.35714285714286
fpc_formal_subesco_d09_f0_A,subesco,9,0,12,1.2319372663294037,2.0867979694898673,59.82142857142857,33.92857142857143,55.35714285714286
fpc_formal_subesco_d09_f0_A,subesco,9,0,13,1.1231181607112757,1.8927241001586848,62.5,37.5,57.14285714285714
fpc_formal_subesco_d09_f0_A,subesco,9,0,14,1.2051891441852978,1.8079988716446453,55.35714285714286,50.0,58.92857142857143
fpc_formal_subesco_d09_f0_A,subesco,9,0,15,1.0183592043382563,1.5097543213973137,59.82142857142857,50.0,57.14285714285714
fpc_formal_subesco_d09_f1_A,subesco,9,1,1,1.9083963483256206,1.8943814818079132,25.892857142857146,25.892857142857146,30.357142857142854
fpc_formal_subesco_d09_f1_A,subesco,9,1,2,1.7841860189079133,1.7433281874130626,29.464285714285715,28.57142857142857,30.357142857142854
fpc_formal_subesco_d09_f1_A,subesco,9,1,3,1.6752833226916657,1.610896592009117,37.5,34.82142857142857,35.714285714285715
fpc_formal_subesco_d09_f1_A,subesco,9,1,4,1.5974061742282544,1.5155155934320628,39.285714285714285,36.607142857142854,39.285714285714285
fpc_formal_subesco_d09_f1_A,subesco,9,1,5,1.8568887414667223,1.6106515697759616,36.607142857142854,36.607142857142854,32.142857142857146
fpc_formal_subesco_d09_f1_A,subesco,9,1,6,2.1146688316702136,1.820515043640778,39.285714285714285,33.92857142857143,25.0
fpc_formal_subesco_d09_f1_A,subesco,9,1,7,2.0060719302522605,1.7177736141965636,35.714285714285715,35.714285714285715,26.785714285714285
fpc_formal_subesco_d09_f1_A,subesco,9,1,8,1.763579619632256,1.4402456765253375,41.964285714285715,45.535714285714285,35.714285714285715
fpc_formal_subesco_d09_f1_A,subesco,9,1,9,1.8215202111389608,1.4405378426893942,41.07142857142857,47.32142857142857,41.07142857142857
fpc_formal_subesco_d09_f1_A,subesco,9,1,10,1.9509529055243249,1.531047536220431,44.642857142857146,45.535714285714285,44.642857142857146
fpc_formal_subesco_d09_f1_A,subesco,9,1,11,1.989858602677694,1.5302247918591223,45.535714285714285,42.857142857142854,46.42857142857143
fpc_formal_subesco_d09_f1_A,subesco,9,1,12,1.8201584302061886,1.3715241565263565,48.214285714285715,48.214285714285715,51.78571428571429
fpc_formal_subesco_d09_f1_A,subesco,9,1,13,2.0132553828700224,1.6398963173780357,50.0,43.75,46.42857142857143
fpc_formal_subesco_d09_f1_A,subesco,9,1,14,2.3261912752650438,2.0255972175844206,48.214285714285715,39.285714285714285,42.857142857142854
fpc_formal_subesco_d09_f1_A,subesco,9,1,15,2.0803837944242134,1.715468665945521,55.35714285714286,46.42857142857143,48.214285714285715
fpc_formal_subesco_d09_f2_A,subesco,9,2,1,1.9033373829649227,1.9118602697001152,32.142857142857146,25.0,19.642857142857142
fpc_formal_subesco_d09_f2_A,subesco,9,2,2,1.809439729182205,1.8042283027640091,33.035714285714285,33.035714285714285,30.357142857142854
fpc_formal_subesco_d09_f2_A,subesco,9,2,3,1.6137763409417398,1.584209754623806,42.857142857142854,40.17857142857143,32.142857142857146
fpc_formal_subesco_d09_f2_A,subesco,9,2,4,1.5716575628397804,1.511583648118951,41.07142857142857,41.964285714285715,30.357142857142854
fpc_formal_subesco_d09_f2_A,subesco,9,2,5,1.4826717579309785,1.4692736189227702,37.5,37.5,26.785714285714285
fpc_formal_subesco_d09_f2_A,subesco,9,2,6,1.2296064606680461,1.3164786996913818,55.35714285714286,51.78571428571429,37.5
fpc_formal_subesco_d09_f2_A,subesco,9,2,7,1.2726080129433501,1.3406529485294603,56.25,50.0,42.857142857142854
fpc_formal_subesco_d09_f2_A,subesco,9,2,8,1.7556308745111886,1.5865206142358619,45.535714285714285,42.857142857142854,44.642857142857146
fpc_formal_subesco_d09_f2_A,subesco,9,2,9,1.4297366057225853,1.597430444487079,50.0,43.75,33.92857142857143
fpc_formal_subesco_d09_f2_A,subesco,9,2,10,1.2888224821536995,1.4547786744153377,58.92857142857143,50.0,41.07142857142857
fpc_formal_subesco_d09_f2_A,subesco,9,2,11,1.733271898300463,1.6973082875003382,47.32142857142857,47.32142857142857,41.07142857142857
fpc_formal_subesco_d09_f2_A,subesco,9,2,12,1.5804661412809176,1.6000163413791275,50.89285714285714,50.0,41.07142857142857
fpc_formal_subesco_d09_f2_A,subesco,9,2,13,1.6210021598877524,1.7215821012823196,50.0,45.535714285714285,35.714285714285715
fpc_formal_subesco_d09_f2_A,subesco,9,2,14,2.144408720996951,2.0336428281859917,47.32142857142857,44.642857142857146,39.285714285714285
fpc_formal_subesco_d09_f2_A,subesco,9,2,15,1.8855801920341715,1.8789295384776659,50.0,50.89285714285714,42.857142857142854
fpc_formal_subesco_d09_f3_A,subesco,9,3,1,1.9100889175283053,1.9110236167798373,26.785714285714285,32.142857142857146,25.0
fpc_formal_subesco_d09_f3_A,subesco,9,3,2,1.8022129162438554,1.8111475119574776,35.714285714285715,36.607142857142854,30.357142857142854
fpc_formal_subesco_d09_f3_A,subesco,9,3,3,1.6088927384374283,1.665402736356955,42.857142857142854,40.17857142857143,35.714285714285715
fpc_formal_subesco_d09_f3_A,subesco,9,3,4,1.7088506398380419,1.6349330136042461,33.035714285714285,38.392857142857146,37.5
fpc_formal_subesco_d09_f3_A,subesco,9,3,5,1.7913512928334554,1.6559401012236148,30.357142857142854,40.17857142857143,44.642857142857146
fpc_formal_subesco_d09_f3_A,subesco,9,3,6,1.4024956177540662,1.498824344842023,41.964285714285715,41.964285714285715,53.57142857142857
fpc_formal_subesco_d09_f3_A,subesco,9,3,7,1.3935099779946305,1.384701342764673,47.32142857142857,49.107142857142854,62.5
fpc_formal_subesco_d09_f3_A,subesco,9,3,8,1.154350081241524,1.3945747592500148,60.71428571428571,45.535714285714285,60.71428571428571
fpc_formal_subesco_d09_f3_A,subesco,9,3,9,1.1326251507944838,1.370986341243251,58.03571428571429,45.535714285714285,62.5
fpc_formal_subesco_d09_f3_A,subesco,9,3,10,1.2865523335581739,1.3549083133112674,57.14285714285714,49.107142857142854,55.35714285714286
fpc_formal_subesco_d09_f3_A,subesco,9,3,11,1.284403314618906,1.4596166508044865,54.46428571428571,48.214285714285715,60.71428571428571
fpc_formal_subesco_d09_f3_A,subesco,9,3,12,1.6442216230526776,1.6838896838735908,47.32142857142857,46.42857142857143,46.42857142857143
fpc_formal_subesco_d09_f3_A,subesco,9,3,13,1.4074810935698525,1.7232029317395903,55.35714285714286,47.32142857142857,57.14285714285714
fpc_formal_subesco_d09_f3_A,subesco,9,3,14,1.24309533124179,1.5340758337442786,64.28571428571429,51.78571428571429,58.92857142857143
fpc_formal_subesco_d09_f3_A,subesco,9,3,15,1.3038817877310407,1.798094497015015,61.60714285714286,42.857142857142854,64.28571428571429
fpc_formal_subesco_d09_f4_A,subesco,9,4,1,1.9084152775983263,1.9068786240086202,22.321428571428573,29.464285714285715,19.642857142857142
fpc_formal_subesco_d09_f4_A,subesco,9,4,2,1.8105158144606064,1.8020375717059782,31.25,29.464285714285715,35.714285714285715
fpc_formal_subesco_d09_f4_A,subesco,9,4,3,1.6414396386231391,1.6183541776714077,40.17857142857143,28.57142857142857,32.142857142857146
fpc_formal_subesco_d09_f4_A,subesco,9,4,4,1.5093453161397552,1.5110146025092341,45.535714285714285,39.285714285714285,32.142857142857146
fpc_formal_subesco_d09_f4_A,subesco,9,4,5,1.5105837693250899,1.4509356908204378,44.642857142857146,39.285714285714285,30.357142857142854
fpc_formal_subesco_d09_f4_A,subesco,9,4,6,1.3613227224340243,1.4267112927028727,50.0,43.75,35.714285714285715
fpc_formal_subesco_d09_f4_A,subesco,9,4,7,1.3182297721093474,1.382900557583996,48.214285714285715,43.75,35.714285714285715
fpc_formal_subesco_d09_f4_A,subesco,9,4,8,1.2410628711857625,1.3948027761732669,54.46428571428571,46.42857142857143,35.714285714285715
fpc_formal_subesco_d09_f4_A,subesco,9,4,9,1.24851162810458,1.4540666554978299,59.82142857142857,50.89285714285714,42.857142857142854
fpc_formal_subesco_d09_f4_A,subesco,9,4,10,1.2907805082249635,1.6123467561920175,56.25,45.535714285714285,33.92857142857143
fpc_formal_subesco_d09_f4_A,subesco,9,4,11,1.0818084050390053,1.5095961828475086,60.71428571428571,50.0,35.714285714285715
fpc_formal_subesco_d09_f4_A,subesco,9,4,12,0.9916119952675034,1.4815782985558614,66.96428571428571,51.78571428571429,35.714285714285715
fpc_formal_subesco_d09_f4_A,subesco,9,4,13,1.2852380497700155,1.7358360489762013,61.60714285714286,51.78571428571429,41.07142857142857
fpc_formal_subesco_d09_f4_A,subesco,9,4,14,1.0566169398069625,1.7065124353318748,66.96428571428571,50.0,35.714285714285715
fpc_formal_subesco_d09_f4_A,subesco,9,4,15,1.1675849847316624,1.7693068125983136,67.85714285714286,55.35714285714286,39.285714285714285
fpc_formal_subesco_d10_f0_A,subesco,10,0,1,1.9061085986442794,1.911156051624395,19.642857142857142,20.535714285714285,14.285714285714285
fpc_formal_subesco_d10_f0_A,subesco,10,0,2,1.7832164848002425,1.793009842638409,35.714285714285715,33.035714285714285,26.785714285714285
fpc_formal_subesco_d10_f0_A,subesco,10,0,3,1.589561142226427,1.6465877345301512,37.5,28.57142857142857,39.285714285714285
fpc_formal_subesco_d10_f0_A,subesco,10,0,4,1.5380554437660063,1.613809474730282,43.75,44.642857142857146,26.785714285714285
fpc_formal_subesco_d10_f0_A,subesco,10,0,5,1.428523151811082,1.6348388316960043,47.32142857142857,37.5,33.92857142857143
fpc_formal_subesco_d10_f0_A,subesco,10,0,6,1.3189151482701358,1.5544094857641964,48.214285714285715,43.75,39.285714285714285
fpc_formal_subesco_d10_f0_A,subesco,10,0,7,1.3055599529647723,1.6552226335852096,46.42857142857143,41.964285714285715,44.642857142857146
fpc_formal_subesco_d10_f0_A,subesco,10,0,8,1.372261883839258,1.8464114126000777,50.0,39.285714285714285,42.857142857142854
fpc_formal_subesco_d10_f0_A,subesco,10,0,9,1.4809768090359345,2.0578372340660587,48.214285714285715,35.714285714285715,42.857142857142854
fpc_formal_subesco_d10_f0_A,subesco,10,0,10,1.389249740942138,1.8634179230166585,50.0,45.535714285714285,41.07142857142857
fpc_formal_subesco_d10_f0_A,subesco,10,0,11,1.3665916632961863,1.821888805940153,50.89285714285714,44.642857142857146,44.642857142857146
fpc_formal_subesco_d10_f0_A,subesco,10,0,12,1.3777270379355027,1.9899532659065393,55.35714285714286,42.857142857142854,46.42857142857143
fpc_formal_subesco_d10_f0_A,subesco,10,0,13,1.3086887524297224,1.8455125696678194,56.25,50.0,46.42857142857143
fpc_formal_subesco_d10_f0_A,subesco,10,0,14,1.3912624169498702,1.9879489385164877,59.82142857142857,50.0,50.0
fpc_formal_subesco_d10_f0_A,subesco,10,0,15,1.3900153096071879,2.062725641060072,55.35714285714286,47.32142857142857,48.214285714285715
fpc_formal_subesco_d10_f1_A,subesco,10,1,1,1.9167161219194093,1.9116146673975731,21.428571428571427,20.535714285714285,16.071428571428573
fpc_formal_subesco_d10_f1_A,subesco,10,1,2,1.8247938524267755,1.818724390353396,30.357142857142854,30.357142857142854,32.142857142857146
fpc_formal_subesco_d10_f1_A,subesco,10,1,3,1.7279149030970349,1.7542761099878335,34.82142857142857,32.142857142857146,33.92857142857143
fpc_formal_subesco_d10_f1_A,subesco,10,1,4,1.6982429467402973,1.6397611348599888,33.035714285714285,44.642857142857146,25.0
fpc_formal_subesco_d10_f1_A,subesco,10,1,5,1.7248265248397059,1.6223473677996378,32.142857142857146,44.642857142857146,46.42857142857143
fpc_formal_subesco_d10_f1_A,subesco,10,1,6,1.5761751954586047,1.5222439654241617,34.82142857142857,46.42857142857143,39.285714285714285
fpc_formal_subesco_d10_f1_A,subesco,10,1,7,1.5142878682603056,1.5215613108574781,37.5,44.642857142857146,44.642857142857146
fpc_formal_subesco_d10_f1_A,subesco,10,1,8,1.703987159253923,1.596564390592609,34.82142857142857,39.285714285714285,44.642857142857146
fpc_formal_subesco_d10_f1_A,subesco,10,1,9,1.533938386880505,1.4925970505476882,46.42857142857143,46.42857142857143,48.214285714285715
fpc_formal_subesco_d10_f1_A,subesco,10,1,10,1.6278671048964761,1.5356552363744478,41.07142857142857,45.535714285714285,42.857142857142854
fpc_formal_subesco_d10_f1_A,subesco,10,1,11,2.0070676216856254,1.7990870837560353,39.285714285714285,42.857142857142854,46.42857142857143
fpc_formal_subesco_d10_f1_A,subesco,10,1,12,1.6510090011020189,1.5617284880614848,50.0,45.535714285714285,53.57142857142857
fpc_formal_subesco_d10_f1_A,subesco,10,1,13,2.0843940191597756,1.90706643225751,36.607142857142854,39.285714285714285,41.07142857142857
fpc_formal_subesco_d10_f1_A,subesco,10,1,14,2.1819520044612255,1.9514359416072689,41.07142857142857,42.857142857142854,41.07142857142857
fpc_formal_subesco_d10_f1_A,subesco,10,1,15,2.0743318127886257,2.1272326070947183,47.32142857142857,42.857142857142854,41.07142857142857
fpc_formal_subesco_d10_f2_A,subesco,10,2,1,1.9178295708037996,1.9215100770152733,26.785714285714285,25.0,26.785714285714285
fpc_formal_subesco_d10_f2_A,subesco,10,2,2,1.8536267120303427,1.866960488573363,31.25,32.142857142857146,37.5
fpc_formal_subesco_d10_f2_A,subesco,10,2,3,1.6687282495107418,1.705744011226098,31.25,30.357142857142854,33.92857142857143
fpc_formal_subesco_d10_f2_A,subesco,10,2,4,1.6470522162611927,1.7548823998135936,32.142857142857146,31.25,32.142857142857146
fpc_formal_subesco_d10_f2_A,subesco,10,2,5,1.48632438059967,1.6652875316436204,41.07142857142857,36.607142857142854,48.214285714285715
fpc_formal_subesco_d10_f2_A,subesco,10,2,6,1.3744169752122077,1.5514282625329838,47.32142857142857,46.42857142857143,51.78571428571429
fpc_formal_subesco_d10_f2_A,subesco,10,2,7,1.3737665168202842,1.632007286570015,44.642857142857146,38.392857142857146,55.35714285714286
fpc_formal_subesco_d10_f2_A,subesco,10,2,8,1.520879060216011,1.733290283862596,42.857142857142854,42.857142857142854,42.857142857142854
fpc_formal_subesco_d10_f2_A,subesco,10,2,9,1.4720587531649447,1.6551624761751762,43.75,40.17857142857143,51.78571428571429
fpc_formal_subesco_d10_f2_A,subesco,10,2,10,1.3537874765184128,1.5050327934451708,47.32142857142857,43.75,46.42857142857143
fpc_formal_subesco_d10_f2_A,subesco,10,2,11,1.4315975949625523,1.6462837044707619,45.535714285714285,41.07142857142857,53.57142857142857
fpc_formal_subesco_d10_f2_A,subesco,10,2,12,1.789170866399679,2.0051611218919985,43.75,42.857142857142854,42.857142857142854
fpc_formal_subesco_d10_f2_A,subesco,10,2,13,1.2417506574272248,1.3814939271538649,50.89285714285714,50.0,51.78571428571429
fpc_formal_subesco_d10_f2_A,subesco,10,2,14,1.4940576088529383,1.725964376935609,48.214285714285715,48.214285714285715,48.214285714285715
fpc_formal_subesco_d10_f2_A,subesco,10,2,15,1.5309814735239868,1.7488537724869577,50.0,49.107142857142854,48.214285714285715
fpc_formal_subesco_d10_f3_A,subesco,10,3,1,1.9071897737638341,1.9138869572784114,25.0,24.107142857142858,19.642857142857142
fpc_formal_subesco_d10_f3_A,subesco,10,3,2,1.802750118749276,1.8170160642588205,35.714285714285715,22.321428571428573,25.0
fpc_formal_subesco_d10_f3_A,subesco,10,3,3,1.579757952920082,1.6357974088488276,36.607142857142854,32.142857142857146,35.714285714285715
fpc_formal_subesco_d10_f3_A,subesco,10,3,4,1.5242550195100075,1.5640194620671128,39.285714285714285,34.82142857142857,41.07142857142857
fpc_formal_subesco_d10_f3_A,subesco,10,3,5,1.425528503045603,1.4996458259885619,48.214285714285715,36.607142857142854,42.857142857142854
fpc_formal_subesco_d10_f3_A,subesco,10,3,6,1.371397880424528,1.4804458381471683,47.32142857142857,39.285714285714285,39.285714285714285
fpc_formal_subesco_d10_f3_A,subesco,10,3,7,1.225787017581883,1.4205048167140537,56.25,38.392857142857146,48.214285714285715
fpc_formal_subesco_d10_f3_A,subesco,10,3,8,1.3068966181524768,1.5981945901718126,48.214285714285715,39.285714285714285,44.642857142857146
fpc_formal_subesco_d10_f3_A,subesco,10,3,9,1.27967705729674,1.681411196438137,56.25,43.75,50.0
fpc_formal_subesco_d10_f3_A,subesco,10,3,10,1.1817915693076226,1.6155308470375833,53.57142857142857,43.75,44.642857142857146
fpc_formal_subesco_d10_f3_A,subesco,10,3,11,1.1550864352648063,1.5389226035772714,58.92857142857143,49.107142857142854,46.42857142857143
fpc_formal_subesco_d10_f3_A,subesco,10,3,12,1.1678496725126597,1.5665184216211792,58.92857142857143,46.42857142857143,46.42857142857143
fpc_formal_subesco_d10_f3_A,subesco,10,3,13,1.1722693834241618,1.6950026398344042,61.60714285714286,48.214285714285715,51.78571428571429
fpc_formal_subesco_d10_f3_A,subesco,10,3,14,1.1306075094678578,1.658299789136429,66.96428571428571,48.214285714285715,44.642857142857146
fpc_formal_subesco_d10_f3_A,subesco,10,3,15,1.0461257031742783,1.5965312488336336,69.64285714285714,51.78571428571429,41.07142857142857
fpc_formal_subesco_d10_f4_A,subesco,10,4,1,1.9002556665476626,1.9167825492030548,29.464285714285715,27.67857142857143,28.57142857142857
fpc_formal_subesco_d10_f4_A,subesco,10,4,2,1.774424470234347,1.8023994666618386,32.142857142857146,28.57142857142857,28.57142857142857
fpc_formal_subesco_d10_f4_A,subesco,10,4,3,1.7564381749086928,1.8231207776990692,29.464285714285715,28.57142857142857,25.0
fpc_formal_subesco_d10_f4_A,subesco,10,4,4,1.5622896879926544,1.7005316834023794,41.07142857142857,33.92857142857143,39.285714285714285
fpc_formal_subesco_d10_f4_A,subesco,10,4,5,1.3828738933111455,1.4985731756908347,47.32142857142857,41.07142857142857,35.714285714285715
fpc_formal_subesco_d10_f4_A,subesco,10,4,6,1.3205844022155702,1.4261911748579312,47.32142857142857,41.964285714285715,46.42857142857143
fpc_formal_subesco_d10_f4_A,subesco,10,4,7,1.3359915601627927,1.3981635504980727,45.535714285714285,48.214285714285715,42.857142857142854
fpc_formal_subesco_d10_f4_A,subesco,10,4,8,1.3361343202365958,1.4827826442285534,43.75,41.964285714285715,48.214285714285715
fpc_formal_subesco_d10_f4_A,subesco,10,4,9,1.3326811736557242,1.6079619428384186,52.67857142857143,42.857142857142854,44.642857142857146
fpc_formal_subesco_d10_f4_A,subesco,10,4,10,1.2859190062832622,1.645630423513698,51.78571428571429,45.535714285714285,44.642857142857146
fpc_formal_subesco_d10_f4_A,subesco,10,4,11,1.3845479887261465,1.7284598225322465,50.0,44.642857142857146,46.42857142857143
fpc_formal_subesco_d10_f4_A,subesco,10,4,12,1.259100135974964,1.61879912780453,60.71428571428571,48.214285714285715,50.0
fpc_formal_subesco_d10_f4_A,subesco,10,4,13,1.3411715909236233,1.9513693712313327,54.46428571428571,43.75,46.42857142857143
fpc_formal_subesco_d10_f4_A,subesco,10,4,14,1.2947365746459434,1.7032991920518066,58.03571428571429,49.107142857142854,58.92857142857143
fpc_formal_subesco_d10_f4_A,subesco,10,4,15,1.5462620690591928,2.17172632645758,53.57142857142857,43.75,42.857142857142854
fpc_formal_subesco_d11_f0_A,subesco,11,0,1,1.906603611007548,1.9099339314888566,26.785714285714285,27.67857142857143,28.57142857142857
fpc_formal_subesco_d11_f0_A,subesco,11,0,2,1.8135297358627955,1.8231393891006225,27.67857142857143,29.464285714285715,33.92857142857143
fpc_formal_subesco_d11_f0_A,subesco,11,0,3,1.6232071823572907,1.6721674896201038,33.035714285714285,35.714285714285715,33.92857142857143
fpc_formal_subesco_d11_f0_A,subesco,11,0,4,1.4199680276452717,1.5498679759337346,41.07142857142857,38.392857142857146,41.07142857142857
fpc_formal_subesco_d11_f0_A,subesco,11,0,5,1.3596602456960187,1.440402358229419,47.32142857142857,44.642857142857146,50.0
fpc_formal_subesco_d11_f0_A,subesco,11,0,6,1.308773797104602,1.4371769150058882,45.535714285714285,47.32142857142857,46.42857142857143
fpc_formal_subesco_d11_f0_A,subesco,11,0,7,1.224998481466649,1.4578403585545838,50.89285714285714,46.42857142857143,53.57142857142857
fpc_formal_subesco_d11_f0_A,subesco,11,0,8,1.2267627837752095,1.440372306215249,49.107142857142854,46.42857142857143,51.78571428571429
fpc_formal_subesco_d11_f0_A,subesco,11,0,9,1.1941292126958625,1.5472060332700615,53.57142857142857,45.535714285714285,50.0
fpc_formal_subesco_d11_f0_A,subesco,11,0,10,1.095862029317402,1.449669136902006,58.03571428571429,48.214285714285715,55.35714285714286
fpc_formal_subesco_d11_f0_A,subesco,11,0,11,1.1393605193583056,1.5246913109657871,58.03571428571429,51.78571428571429,48.214285714285715
fpc_formal_subesco_d11_f0_A,subesco,11,0,12,1.0452882294962127,1.4395013344878527,64.28571428571429,50.0,57.14285714285714
fpc_formal_subesco_d11_f0_A,subesco,11,0,13,1.1636806560106383,1.529920881258206,58.03571428571429,52.67857142857143,44.642857142857146
fpc_formal_subesco_d11_f0_A,subesco,11,0,14,1.2257241622601427,1.565377492182129,56.25,52.67857142857143,55.35714285714286
fpc_formal_subesco_d11_f0_A,subesco,11,0,15,1.0611157434015464,1.5470086651662476,61.60714285714286,52.67857142857143,51.78571428571429
fpc_formal_subesco_d11_f1_A,subesco,11,1,1,1.8998668258698694,1.9106386854046824,30.357142857142854,25.0,19.642857142857142
fpc_formal_subesco_d11_f1_A,subesco,11,1,2,1.8067556694114326,1.8239754044833407,30.357142857142854,26.785714285714285,21.428571428571427
fpc_formal_subesco_d11_f1_A,subesco,11,1,3,1.563519227542135,1.5955477159213538,40.17857142857143,37.5,37.5
fpc_formal_subesco_d11_f1_A,subesco,11,1,4,1.4411694357019773,1.5173452805845071,45.535714285714285,41.964285714285715,37.5
fpc_formal_subesco_d11_f1_A,subesco,11,1,5,1.286111288310315,1.4935147233256105,47.32142857142857,39.285714285714285,35.714285714285715
fpc_formal_subesco_d11_f1_A,subesco,11,1,6,1.3146911739812508,1.683880988051042,51.78571428571429,43.75,30.357142857142854
fpc_formal_subesco_d11_f1_A,subesco,11,1,7,1.1408578323396221,1.572171647840585,50.89285714285714,43.75,42.857142857142854
fpc_formal_subesco_d11_f1_A,subesco,11,1,8,1.1615824760153441,1.564831563222121,56.25,42.857142857142854,37.5
fpc_formal_subesco_d11_f1_A,subesco,11,1,9,1.2718415400921947,1.8171270785324016,49.107142857142854,44.642857142857146,42.857142857142854
fpc_formal_subesco_d11_f1_A,subesco,11,1,10,1.3110015354896436,1.7289371212849491,58.92857142857143,46.42857142857143,39.285714285714285
fpc_formal_subesco_d11_f1_A,subesco,11,1,11,1.1128425743057744,1.6808869413434593,57.14285714285714,45.535714285714285,37.5
fpc_formal_subesco_d11_f1_A,subesco,11,1,12,1.262956521153775,1.905401376186399,57.14285714285714,48.214285714285715,39.285714285714285
fpc_formal_subesco_d11_f1_A,subesco,11,1,13,1.1490585808012257,1.736903316472226,62.5,50.0,48.214285714285715
fpc_formal_subesco_d11_f1_A,subesco,11,1,14,1.2636196314615178,2.00202842572702,62.5,49.107142857142854,46.42857142857143
fpc_formal_subesco_d11_f1_A,subesco,11,1,15,1.3018401995774807,1.870290865379997,58.03571428571429,53.57142857142857,50.0
fpc_formal_subesco_d11_f2_A,subesco,11,2,1,1.8950644688221914,1.9143928720312238,28.57142857142857,25.892857142857146,32.142857142857146
fpc_formal_subesco_d11_f2_A,subesco,11,2,2,1.7124609722238426,1.7989579117706442,29.464285714285715,25.892857142857146,30.357142857142854
fpc_formal_subesco_d11_f2_A,subesco,11,2,3,1.5092538763588759,1.6756719450539255,37.5,33.92857142857143,30.357142857142854
fpc_formal_subesco_d11_f2_A,subesco,11,2,4,1.418312303784462,1.6621562455735528,39.285714285714285,30.357142857142854,33.92857142857143
fpc_formal_subesco_d11_f2_A,subesco,11,2,5,1.3117762999245726,1.654996396840763,45.535714285714285,38.392857142857146,39.285714285714285
fpc_formal_subesco_d11_f2_A,subesco,11,2,6,1.3096098562449492,1.6938234472555227,44.642857142857146,39.285714285714285,46.42857142857143
fpc_formal_subesco_d11_f2_A,subesco,11,2,7,1.3707585977020782,1.6457620458058433,48.214285714285715,40.17857142857143,35.714285714285715
fpc_formal_subesco_d11_f2_A,subesco,11,2,8,1.3251470087819004,1.8946655043632477,51.78571428571429,39.285714285714285,46.42857142857143
fpc_formal_subesco_d11_f2_A,subesco,11,2,9,1.1289614385651552,1.6025583291358496,58.92857142857143,39.285714285714285,42.857142857142854
fpc_formal_subesco_d11_f2_A,subesco,11,2,10,1.0137665862646386,1.58313371291221,59.82142857142857,45.535714285714285,50.0
fpc_formal_subesco_d11_f2_A,subesco,11,2,11,1.0681372707623542,1.6798251367558652,61.60714285714286,47.32142857142857,53.57142857142857
fpc_formal_subesco_d11_f2_A,subesco,11,2,12,1.142043987224094,1.7328678221925229,57.14285714285714,44.642857142857146,51.78571428571429
fpc_formal_subesco_d11_f2_A,subesco,11,2,13,1.2300158565812542,1.8864437194565404,58.92857142857143,46.42857142857143,48.214285714285715
fpc_formal_subesco_d11_f2_A,subesco,11,2,14,1.2032600820573667,1.9233650842405836,61.60714285714286,39.285714285714285,53.57142857142857
fpc_formal_subesco_d11_f2_A,subesco,11,2,15,1.4083342550238116,2.199521228227567,58.03571428571429,41.07142857142857,51.78571428571429
fpc_formal_subesco_d11_f3_A,subesco,11,3,1,1.9224096218589748,1.9263009237986999,18.75,17.857142857142858,14.285714285714285
fpc_formal_subesco_d11_f3_A,subesco,11,3,2,1.8645447071567298,1.8641087105813325,34.82142857142857,31.25,23.214285714285715
fpc_formal_subesco_d11_f3_A,subesco,11,3,3,1.7025483752716408,1.67856683420691,33.92857142857143,27.67857142857143,23.214285714285715
fpc_formal_subesco_d11_f3_A,subesco,11,3,4,1.5859613503308456,1.5908165383405202,38.392857142857146,39.285714285714285,39.285714285714285
fpc_formal_subesco_d11_f3_A,subesco,11,3,5,1.5417655693208725,1.5064454413980926,42.857142857142854,43.75,33.92857142857143
fpc_formal_subesco_d11_f3_A,subesco,11,3,6,1.3981339465499911,1.4014402826910601,46.42857142857143,48.214285714285715,37.5
fpc_formal_subesco_d11_f3_A,subesco,11,3,7,1.2759390877650287,1.4187296110919085,49.107142857142854,50.0,48.214285714285715
fpc_formal_subesco_d11_f3_A,subesco,11,3,8,1.2776682742915213,1.3218088471946967,56.25,47.32142857142857,44.642857142857146
fpc_formal_subesco_d11_f3_A,subesco,11,3,9,1.1844997601519742,1.3599247426884937,50.0,51.78571428571429,41.07142857142857
fpc_formal_subesco_d11_f3_A,subesco,11,3,10,1.1892275495210376,1.3342951072397466,51.78571428571429,51.78571428571429,48.214285714285715
fpc_formal_subesco_d11_f3_A,subesco,11,3,11,1.5616973134789962,1.5016771709251064,50.89285714285714,48.214285714285715,48.214285714285715
fpc_formal_subesco_d11_f3_A,subesco,11,3,12,1.37324590472732,1.375096840764274,57.14285714285714,57.14285714285714,53.57142857142857
fpc_formal_subesco_d11_f3_A,subesco,11,3,13,1.4048869262595391,1.4398258025231034,58.92857142857143,53.57142857142857,48.214285714285715
fpc_formal_subesco_d11_f3_A,subesco,11,3,14,1.4383762282924921,1.4425674668581678,58.03571428571429,58.03571428571429,55.35714285714286
fpc_formal_subesco_d11_f3_A,subesco,11,3,15,1.542506301350684,1.5223332389088409,58.92857142857143,51.78571428571429,44.642857142857146
fpc_formal_subesco_d11_f4_A,subesco,11,4,1,1.9098699276808675,1.9170620429488037,25.892857142857146,26.785714285714285,30.357142857142854
fpc_formal_subesco_d11_f4_A,subesco,11,4,2,1.797768944196441,1.8750222770280818,26.785714285714285,21.428571428571427,23.214285714285715
fpc_formal_subesco_d11_f4_A,subesco,11,4,3,1.705168115107275,1.9889102135394572,30.357142857142854,29.464285714285715,25.0
fpc_formal_subesco_d11_f4_A,subesco,11,4,4,1.6353180752228096,2.0599217783752435,35.714285714285715,27.67857142857143,32.142857142857146
fpc_formal_subesco_d11_f4_A,subesco,11,4,5,1.7860967958758098,2.274238456657826,30.357142857142854,29.464285714285715,23.214285714285715
fpc_formal_subesco_d11_f4_A,subesco,11,4,6,1.3721077541347408,1.7836700475043095,49.107142857142854,36.607142857142854,37.5
fpc_formal_subesco_d11_f4_A,subesco,11,4,7,1.2711725675427654,1.6510186246150798,50.0,39.285714285714285,44.642857142857146
fpc_formal_subesco_d11_f4_A,subesco,11,4,8,1.1971765243592176,1.8768838164190238,47.32142857142857,33.92857142857143,33.92857142857143
fpc_formal_subesco_d11_f4_A,subesco,11,4,9,1.1726699955438893,1.7590749718193752,51.78571428571429,41.964285714285715,41.07142857142857
fpc_formal_subesco_d11_f4_A,subesco,11,4,10,1.1321164728066133,1.776952501810195,52.67857142857143,46.42857142857143,44.642857142857146
fpc_formal_subesco_d11_f4_A,subesco,11,4,11,1.2910642168961002,2.010867867792634,51.78571428571429,41.964285714285715,46.42857142857143
fpc_formal_subesco_d11_f4_A,subesco,11,4,12,1.0884571519106134,1.9473740460453413,60.71428571428571,41.964285714285715,53.57142857142857
fpc_formal_subesco_d11_f4_A,subesco,11,4,13,1.0451347516298073,1.9285970239132941,58.03571428571429,45.535714285714285,46.42857142857143
fpc_formal_subesco_d11_f4_A,subesco,11,4,14,1.1135450009091639,2.041809261717741,65.17857142857143,44.642857142857146,55.35714285714286
fpc_formal_subesco_d11_f4_A,subesco,11,4,15,1.2557984894600744,2.330933201888001,59.82142857142857,46.42857142857143,51.78571428571429
fpc_formal_subesco_d12_f0_A,subesco,12,0,1,1.9195228774102877,1.9238318444445492,21.428571428571427,21.428571428571427,21.428571428571427
fpc_formal_subesco_d12_f0_A,subesco,12,0,2,1.8539809638694411,1.863797720400811,28.57142857142857,35.714285714285715,37.5
fpc_formal_subesco_d12_f0_A,subesco,12,0,3,1.7381153582097737,1.7686943795430368,27.67857142857143,29.464285714285715,32.142857142857146
fpc_formal_subesco_d12_f0_A,subesco,12,0,4,1.7353256235978864,1.756996523111976,34.82142857142857,31.25,41.07142857142857
fpc_formal_subesco_d12_f0_A,subesco,12,0,5,1.8494679513658665,1.7778569303959344,28.57142857142857,27.67857142857143,32.142857142857146
fpc_formal_subesco_d12_f0_A,subesco,12,0,6,1.8532596311363103,1.7123447668503482,35.714285714285715,30.357142857142854,33.92857142857143
fpc_formal_subesco_d12_f0_A,subesco,12,0,7,1.8546076483289535,1.764943038094365,33.92857142857143,35.714285714285715,37.5
fpc_formal_subesco_d12_f0_A,subesco,12,0,8,1.6569406353147051,1.6370625222101471,41.07142857142857,36.607142857142854,48.214285714285715
fpc_formal_subesco_d12_f0_A,subesco,12,0,9,1.7066823596251004,1.6951215284936278,44.642857142857146,42.857142857142854,48.214285714285715
fpc_formal_subesco_d12_f0_A,subesco,12,0,10,1.7752924828927512,1.8256789532884565,47.32142857142857,37.5,46.42857142857143
fpc_formal_subesco_d12_f0_A,subesco,12,0,11,1.8858671835500629,1.9144405395757016,48.214285714285715,37.5,44.642857142857146
fpc_formal_subesco_d12_f0_A,subesco,12,0,12,1.8985604627916408,1.8985530314921195,51.78571428571429,44.642857142857146,41.07142857142857
fpc_formal_subesco_d12_f0_A,subesco,12,0,13,2.1190130947965575,2.295917739347152,44.642857142857146,39.285714285714285,35.714285714285715
fpc_formal_subesco_d12_f0_A,subesco,12,0,14,2.0739309423816423,2.2626887721704905,47.32142857142857,36.607142857142854,39.285714285714285
fpc_formal_subesco_d12_f0_A,subesco,12,0,15,1.8157148335129578,2.2555494528561115,51.78571428571429,39.285714285714285,44.642857142857146
fpc_formal_subesco_d12_f1_A,subesco,12,1,1,1.907528733515458,1.9154878728210138,29.464285714285715,27.67857142857143,30.357142857142854
fpc_formal_subesco_d12_f1_A,subesco,12,1,2,1.7867260908977112,1.8135461628723368,25.892857142857146,24.107142857142858,26.785714285714285
fpc_formal_subesco_d12_f1_A,subesco,12,1,3,1.5858001590506547,1.6405585316219764,40.17857142857143,33.92857142857143,35.714285714285715
fpc_formal_subesco_d12_f1_A,subesco,12,1,4,1.5374961174036355,1.5720352531072876,43.75,34.82142857142857,37.5
fpc_formal_subesco_d12_f1_A,subesco,12,1,5,1.3857955267140007,1.4546163233518017,47.32142857142857,38.392857142857146,41.07142857142857
fpc_formal_subesco_d12_f1_A,subesco,12,1,6,1.4951856297354935,1.5229481766465007,42.857142857142854,42.857142857142854,46.42857142857143
fpc_formal_subesco_d12_f1_A,subesco,12,1,7,1.2780924543718766,1.2887997610476931,54.46428571428571,49.107142857142854,42.857142857142854
fpc_formal_subesco_d12_f1_A,subesco,12,1,8,1.4275034686914492,1.3929368898814214,47.32142857142857,41.07142857142857,42.857142857142854
fpc_formal_subesco_d12_f1_A,subesco,12,1,9,1.5284997688809596,1.4820632826013902,45.535714285714285,44.642857142857146,35.714285714285715
fpc_formal_subesco_d12_f1_A,subesco,12,1,10,1.701810252399521,1.627680820365876,47.32142857142857,39.285714285714285,39.285714285714285
fpc_formal_subesco_d12_f1_A,subesco,12,1,11,1.4126893631944568,1.3749048640144876,56.25,48.214285714285715,37.5
fpc_formal_subesco_d12_f1_A,subesco,12,1,12,1.491428126788719,1.5979458316544088,50.89285714285714,44.642857142857146,32.142857142857146
fpc_formal_subesco_d12_f1_A,subesco,12,1,13,1.5957312281058669,1.639402691041757,48.214285714285715,47.32142857142857,39.285714285714285
fpc_formal_subesco_d12_f1_A,subesco,12,1,14,1.7235108867601892,1.7571515130895996,57.14285714285714,50.0,37.5
fpc_formal_subesco_d12_f1_A,subesco,12,1,15,2.0778705794138124,2.1815245929859373,50.89285714285714,40.17857142857143,44.642857142857146
fpc_formal_subesco_d12_f2_A,subesco,12,2,1,1.9116468553119195,1.9231016722538112,38.392857142857146,27.67857142857143,33.92857142857143
fpc_formal_subesco_d12_f2_A,subesco,12,2,2,1.8228172841767833,1.8619993331880866,25.892857142857146,25.0,26.785714285714285
fpc_formal_subesco_d12_f2_A,subesco,12,2,3,1.6035991284642273,1.806947906967719,36.607142857142854,32.142857142857146,35.714285714285715
fpc_formal_subesco_d12_f2_A,subesco,12,2,4,1.7412074866215268,2.0022998784365122,33.92857142857143,31.25,25.0
fpc_formal_subesco_d12_f2_A,subesco,12,2,5,1.770913710868292,2.0992771289973566,33.035714285714285,31.25,26.785714285714285
fpc_formal_subesco_d12_f2_A,subesco,12,2,6,1.654022329269534,2.0552554286582203,41.964285714285715,37.5,39.285714285714285
fpc_formal_subesco_d12_f2_A,subesco,12,2,7,1.4907124005089893,1.9673472426669707,42.857142857142854,37.5,42.857142857142854
fpc_formal_subesco_d12_f2_A,subesco,12,2,8,1.4290990604014477,1.9393524732166543,49.107142857142854,39.285714285714285,37.5
fpc_formal_subesco_d12_f2_A,subesco,12,2,9,1.1527629612574224,1.6547117052937885,53.57142857142857,46.42857142857143,50.0
fpc_formal_subesco_d12_f2_A,subesco,12,2,10,1.125920076755927,1.6436597997004436,58.03571428571429,41.07142857142857,50.0
fpc_formal_subesco_d12_f2_A,subesco,12,2,11,1.2388470213264522,1.9044800532682349,53.57142857142857,42.857142857142854,46.42857142857143
fpc_formal_subesco_d12_f2_A,subesco,12,2,12,1.4078368401084886,2.1797715075328052,53.57142857142857,42.857142857142854,48.214285714285715
fpc_formal_subesco_d12_f2_A,subesco,12,2,13,1.223443452762129,2.0534731996726174,58.03571428571429,42.857142857142854,48.214285714285715
fpc_formal_subesco_d12_f2_A,subesco,12,2,14,1.2001100537284448,1.8659272013040002,58.03571428571429,44.642857142857146,57.14285714285714
fpc_formal_subesco_d12_f2_A,subesco,12,2,15,1.365403295765072,2.0807127571820363,55.35714285714286,45.535714285714285,51.78571428571429
fpc_formal_subesco_d12_f3_A,subesco,12,3,1,1.914501677648229,1.9201229252466396,23.214285714285715,23.214285714285715,23.214285714285715
fpc_formal_subesco_d12_f3_A,subesco,12,3,2,1.8407218009980049,1.865688502584725,35.714285714285715,23.214285714285715,17.857142857142858
fpc_formal_subesco_d12_f3_A,subesco,12,3,3,1.6503428475455404,1.631181601004983,32.142857142857146,40.17857142857143,26.785714285714285
fpc_formal_subesco_d12_f3_A,subesco,12,3,4,1.5562164469007056,1.5828217459934188,33.035714285714285,34.82142857142857,33.92857142857143
fpc_formal_subesco_d12_f3_A,subesco,12,3,5,1.4542359369916302,1.5016818729548391,46.42857142857143,44.642857142857146,32.142857142857146
fpc_formal_subesco_d12_f3_A,subesco,12,3,6,1.411518349137839,1.5226314208543386,43.75,42.857142857142854,32.142857142857146
fpc_formal_subesco_d12_f3_A,subesco,12,3,7,1.3015523484900402,1.471392243697595,48.214285714285715,44.642857142857146,28.57142857142857
fpc_formal_subesco_d12_f3_A,subesco,12,3,8,1.262478585473818,1.4644648953678059,51.78571428571429,46.42857142857143,35.714285714285715
fpc_formal_subesco_d12_f3_A,subesco,12,3,9,1.3014305354990476,1.453895403246023,49.107142857142854,46.42857142857143,32.142857142857146
fpc_formal_subesco_d12_f3_A,subesco,12,3,10,1.339524614736954,1.6526951007714474,53.57142857142857,49.107142857142854,32.142857142857146
fpc_formal_subesco_d12_f3_A,subesco,12,3,11,1.2340084930016206,1.423933118324093,58.92857142857143,48.214285714285715,33.92857142857143
fpc_formal_subesco_d12_f3_A,subesco,12,3,12,1.2156093753515411,1.4761907368454543,59.82142857142857,49.107142857142854,33.92857142857143
fpc_formal_subesco_d12_f3_A,subesco,12,3,13,1.373390612258461,1.5993924736155551,52.67857142857143,46.42857142857143,33.92857142857143
fpc_formal_subesco_d12_f3_A,subesco,12,3,14,1.3110460698372512,1.6729506004445702,58.92857142857143,46.42857142857143,32.142857142857146
fpc_formal_subesco_d12_f3_A,subesco,12,3,15,1.301173311034496,1.659732290781328,58.92857142857143,48.214285714285715,35.714285714285715
fpc_formal_subesco_d12_f4_A,subesco,12,4,1,1.9082089209481734,1.917687914416057,30.357142857142854,18.75,25.0
fpc_formal_subesco_d12_f4_A,subesco,12,4,2,1.808240177858313,1.8380415018397704,29.464285714285715,24.107142857142858,26.785714285714285
fpc_formal_subesco_d12_f4_A,subesco,12,4,3,1.631369390780695,1.7889784393932397,35.714285714285715,27.67857142857143,28.57142857142857
fpc_formal_subesco_d12_f4_A,subesco,12,4,4,1.4740866156230716,1.7113168432392813,43.75,32.142857142857146,35.714285714285715
fpc_formal_subesco_d12_f4_A,subesco,12,4,5,1.5789280579457408,1.9087486330253545,38.392857142857146,30.357142857142854,28.57142857142857
fpc_formal_subesco_d12_f4_A,subesco,12,4,6,1.5376756806766634,1.8817363170423427,43.75,35.714285714285715,33.92857142857143
fpc_formal_subesco_d12_f4_A,subesco,12,4,7,1.3551859970843922,1.7387660625469141,47.32142857142857,40.17857142857143,32.142857142857146
fpc_formal_subesco_d12_f4_A,subesco,12,4,8,1.3223054342162686,1.8286918277657154,49.107142857142854,37.5,37.5
fpc_formal_subesco_d12_f4_A,subesco,12,4,9,1.5112176103725012,1.9948418774150984,48.214285714285715,37.5,33.92857142857143
fpc_formal_subesco_d12_f4_A,subesco,12,4,10,1.396454926768422,1.916918884584805,50.89285714285714,39.285714285714285,33.92857142857143
fpc_formal_subesco_d12_f4_A,subesco,12,4,11,1.2459639001671714,1.9542996107836277,59.82142857142857,38.392857142857146,33.92857142857143
fpc_formal_subesco_d12_f4_A,subesco,12,4,12,1.2770550045599074,1.9731378200017833,58.92857142857143,44.642857142857146,37.5
fpc_formal_subesco_d12_f4_A,subesco,12,4,13,1.3773091260920756,2.21211798267207,57.14285714285714,41.964285714285715,37.5
fpc_formal_subesco_d12_f4_A,subesco,12,4,14,1.4076981431140614,2.256541088192036,55.35714285714286,39.285714285714285,33.92857142857143
fpc_formal_subesco_d12_f4_A,subesco,12,4,15,1.3752701260627984,2.2449181950348236,61.60714285714286,41.964285714285715,35.714285714285715
fpc_formal_subesco_d13_f0_A,subesco,13,0,1,1.8944768321808947,1.911641870100412,25.892857142857146,23.214285714285715,25.0
fpc_formal_subesco_d13_f0_A,subesco,13,0,2,1.7787256568224898,1.806255909131752,25.0,31.25,28.57142857142857
fpc_formal_subesco_d13_f0_A,subesco,13,0,3,1.8297414508744652,1.804944512732161,27.67857142857143,25.892857142857146,25.0
fpc_formal_subesco_d13_f0_A,subesco,13,0,4,1.6381461449295576,1.6485851997395098,35.714285714285715,37.5,33.92857142857143
fpc_formal_subesco_d13_f0_A,subesco,13,0,5,1.6239319264499184,1.618309665262665,39.285714285714285,41.964285714285715,32.142857142857146
fpc_formal_subesco_d13_f0_A,subesco,13,0,6,1.364028695482812,1.4611795556119904,47.32142857142857,45.535714285714285,35.714285714285715
fpc_formal_subesco_d13_f0_A,subesco,13,0,7,1.2858937164525612,1.4182884789759935,53.57142857142857,46.42857142857143,37.5
fpc_formal_subesco_d13_f0_A,subesco,13,0,8,1.488720041845463,1.5768977733879137,53.57142857142857,44.642857142857146,42.857142857142854
fpc_formal_subesco_d13_f0_A,subesco,13,0,9,1.2906687195956603,1.4980489732828235,56.25,49.107142857142854,39.285714285714285
fpc_formal_subesco_d13_f0_A,subesco,13,0,10,1.4154505006069036,1.5965595602482598,54.46428571428571,52.67857142857143,41.07142857142857
fpc_formal_subesco_d13_f0_A,subesco,13,0,11,1.867007149076729,2.031158592851804,51.78571428571429,46.42857142857143,37.5
fpc_formal_subesco_d13_f0_A,subesco,13,0,12,3.1415794005706235,2.9789753345955448,34.82142857142857,39.285714285714285,26.785714285714285
fpc_formal_subesco_d13_f0_A,subesco,13,0,13,1.6408902746799343,1.8813179034045195,52.67857142857143,50.89285714285714,35.714285714285715
fpc_formal_subesco_d13_f0_A,subesco,13,0,14,1.4323403244898523,1.7914057202470377,56.25,54.46428571428571,35.714285714285715
fpc_formal_subesco_d13_f0_A,subesco,13,0,15,1.7052128517980896,2.0681851654836465,58.03571428571429,49.107142857142854,33.92857142857143
fpc_formal_subesco_d13_f1_A,subesco,13,1,1,1.9053683969988116,1.9180876548470913,25.892857142857146,15.178571428571427,12.5
fpc_formal_subesco_d13_f1_A,subesco,13,1,2,1.814963299055053,1.8353248432928713,27.67857142857143,25.892857142857146,26.785714285714285
fpc_formal_subesco_d13_f1_A,subesco,13,1,3,1.6161912865834147,1.6799750252366106,37.5,35.714285714285715,35.714285714285715
fpc_formal_subesco_d13_f1_A,subesco,13,1,4,1.4634004661218292,1.5884238584973556,40.17857142857143,30.357142857142854,37.5
fpc_formal_subesco_d13_f1_A,subesco,13,1,5,1.4059450246441862,1.620943677990187,44.642857142857146,36.607142857142854,42.857142857142854
fpc_formal_subesco_d13_f1_A,subesco,13,1,6,1.3931610659647045,1.7155347135888217,49.107142857142854,33.92857142857143,39.285714285714285
fpc_formal_subesco_d13_f1_A,subesco,13,1,7,1.1643146262609854,1.525126201923399,52.67857142857143,40.17857142857143,46.42857142857143
fpc_formal_subesco_d13_f1_A,subesco,13,1,8,1.2184785970636398,1.6372582114255552,49.107142857142854,36.607142857142854,42.857142857142854
fpc_formal_subesco_d13_f1_A,subesco,13,1,9,1.0599784575304037,1.5553852401197399,57.14285714285714,45.535714285714285,58.92857142857143
fpc_formal_subesco_d13_f1_A,subesco,13,1,10,1.3337806167362345,1.8905128592661347,48.214285714285715,36.607142857142854,51.78571428571429
fpc_formal_subesco_d13_f1_A,subesco,13,1,11,1.0567927957733623,1.7149112491562746,54.46428571428571,39.285714285714285,53.57142857142857
fpc_formal_subesco_d13_f1_A,subesco,13,1,12,1.0078365411764802,1.7692912174352051,62.5,45.535714285714285,57.14285714285714
fpc_formal_subesco_d13_f1_A,subesco,13,1,13,1.3322300304905335,2.1443600753161696,55.35714285714286,38.392857142857146,53.57142857142857
fpc_formal_subesco_d13_f1_A,subesco,13,1,14,0.9355981171418942,1.9523469875470145,67.85714285714286,45.535714285714285,60.71428571428571
fpc_formal_subesco_d13_f1_A,subesco,13,1,15,1.0915417534812055,2.0391828019752944,66.96428571428571,42.857142857142854,64.28571428571429
fpc_formal_subesco_d13_f2_A,subesco,13,2,1,1.9269960578762253,1.9244411966422952,14.285714285714285,15.178571428571427,16.071428571428573
fpc_formal_subesco_d13_f2_A,subesco,13,2,2,1.887226897747775,1.8820584559384292,31.25,23.214285714285715,33.92857142857143
fpc_formal_subesco_d13_f2_A,subesco,13,2,3,1.7672282212315567,1.7261040247401742,22.321428571428573,34.82142857142857,23.214285714285715
fpc_formal_subesco_d13_f2_A,subesco,13,2,4,1.6557910522873651,1.6191205348765039,33.035714285714285,41.07142857142857,25.0
fpc_formal_subesco_d13_f2_A,subesco,13,2,5,1.7003757571313756,1.6616664103152456,32.142857142857146,37.5,19.642857142857142
fpc_formal_subesco_d13_f2_A,subesco,13,2,6,1.5160367800026933,1.576740041233016,35.714285714285715,41.964285714285715,35.714285714285715
fpc_formal_subesco_d13_f2_A,subesco,13,2,7,1.7346648788155008,1.647025452475002,37.5,46.42857142857143,28.57142857142857
fpc_formal_subesco_d13_f2_A,subesco,13,2,8,1.6732949536223816,1.5350764577407854,43.75,46.42857142857143,39.285714285714285
fpc_formal_subesco_d13_f2_A,subesco,13,2,9,1.3810625173762523,1.4021686374683167,47.32142857142857,53.57142857142857,44.642857142857146
fpc_formal_subesco_d13_f2_A,subesco,13,2,10,1.4511405869519212,1.5134330342391553,43.75,46.42857142857143,41.07142857142857
fpc_formal_subesco_d13_f2_A,subesco,13,2,11,1.6649903579224887,1.701225854136583,41.964285714285715,50.0,33.92857142857143
fpc_formal_subesco_d13_f2_A,subesco,13,2,12,1.6004729960031614,1.5534989972138658,43.75,50.89285714285714,39.285714285714285
fpc_formal_subesco_d13_f2_A,subesco,13,2,13,1.8119756836972674,1.691107906128952,42.857142857142854,49.107142857142854,39.285714285714285
fpc_formal_subesco_d13_f2_A,subesco,13,2,14,1.8345923050766568,1.6980290126395619,42.857142857142854,50.0,33.92857142857143
fpc_formal_subesco_d13_f2_A,subesco,13,2,15,1.8294679003426695,1.6996010832359123,44.642857142857146,54.46428571428571,37.5
fpc_formal_subesco_d13_f3_A,subesco,13,3,1,1.9156442436150665,1.9197202374022118,23.214285714285715,22.321428571428573,25.0
fpc_formal_subesco_d13_f3_A,subesco,13,3,2,1.8520667303483005,1.857767041630143,35.714285714285715,33.92857142857143,35.714285714285715
fpc_formal_subesco_d13_f3_A,subesco,13,3,3,1.6588712209765377,1.6777111887202274,34.82142857142857,36.607142857142854,33.92857142857143
fpc_formal_subesco_d13_f3_A,subesco,13,3,4,1.5532045423146208,1.5788084855149136,41.07142857142857,39.285714285714285,35.714285714285715
fpc_formal_subesco_d13_f3_A,subesco,13,3,5,1.4188093095715764,1.5048161778827283,48.214285714285715,41.964285714285715,39.285714285714285
fpc_formal_subesco_d13_f3_A,subesco,13,3,6,1.4019659579043666,1.4252676908982664,44.642857142857146,47.32142857142857,53.57142857142857
fpc_formal_subesco_d13_f3_A,subesco,13,3,7,1.2210112548905545,1.4212362206429892,58.03571428571429,52.67857142857143,69.64285714285714
fpc_formal_subesco_d13_f3_A,subesco,13,3,8,1.2658421716893196,1.5288778681845265,51.78571428571429,46.42857142857143,58.92857142857143
fpc_formal_subesco_d13_f3_A,subesco,13,3,9,1.222255396939357,1.5633397619246792,54.46428571428571,47.32142857142857,62.5
fpc_formal_subesco_d13_f3_A,subesco,13,3,10,1.271029520517205,1.591805360078062,50.89285714285714,51.78571428571429,55.35714285714286
fpc_formal_subesco_d13_f3_A,subesco,13,3,11,1.4025080399619105,1.8188629019359495,53.57142857142857,49.107142857142854,60.71428571428571
fpc_formal_subesco_d13_f3_A,subesco,13,3,12,1.2145586664409407,1.5398604450496076,52.67857142857143,54.46428571428571,57.14285714285714
fpc_formal_subesco_d13_f3_A,subesco,13,3,13,1.254983510020886,1.5129049031338355,56.25,56.25,62.5
fpc_formal_subesco_d13_f3_A,subesco,13,3,14,1.2548671359005341,1.5389522688364028,54.46428571428571,55.35714285714286,57.14285714285714
fpc_formal_subesco_d13_f3_A,subesco,13,3,15,1.1888702737004408,1.6601332326961804,61.60714285714286,56.25,67.85714285714286
fpc_formal_subesco_d13_f4_A,subesco,13,4,1,1.9050514761136363,1.9099574820791179,31.25,30.357142857142854,30.357142857142854
fpc_formal_subesco_d13_f4_A,subesco,13,4,2,1.8083908126151604,1.7932329114991796,30.357142857142854,27.67857142857143,28.57142857142857
fpc_formal_subesco_d13_f4_A,subesco,13,4,3,1.6099646537656647,1.5966304226038612,41.07142857142857,38.392857142857146,37.5
fpc_formal_subesco_d13_f4_A,subesco,13,4,4,1.672811055520447,1.5813111016596353,38.392857142857146,39.285714285714285,28.57142857142857
fpc_formal_subesco_d13_f4_A,subesco,13,4,5,1.448585888218631,1.3773112218093289,49.107142857142854,43.75,41.07142857142857
fpc_formal_subesco_d13_f4_A,subesco,13,4,6,1.3201629753067363,1.3006448957012897,54.46428571428571,49.107142857142854,37.5
fpc_formal_subesco_d13_f4_A,subesco,13,4,7,1.5959357819436413,1.466270101344085,46.42857142857143,46.42857142857143,37.5
fpc_formal_subesco_d13_f4_A,subesco,13,4,8,1.2773904878113032,1.2203907335549522,56.25,54.46428571428571,48.214285714285715
fpc_formal_subesco_d13_f4_A,subesco,13,4,9,1.2510866848128022,1.243744925698438,53.57142857142857,57.14285714285714,46.42857142857143
fpc_formal_subesco_d13_f4_A,subesco,13,4,10,1.1005563633008768,1.2336987594630788,62.5,54.46428571428571,46.42857142857143
fpc_formal_subesco_d13_f4_A,subesco,13,4,11,1.53724667163139,1.5346027956581452,50.0,48.214285714285715,42.857142857142854
fpc_formal_subesco_d13_f4_A,subesco,13,4,12,1.1410457345560676,1.3214645836237644,58.03571428571429,53.57142857142857,48.214285714285715
fpc_formal_subesco_d13_f4_A,subesco,13,4,13,1.3553746277937477,1.4504538005672427,56.25,53.57142857142857,44.642857142857146
fpc_formal_subesco_d13_f4_A,subesco,13,4,14,1.2813423806102473,1.4854036406980884,63.39285714285714,53.57142857142857,44.642857142857146
fpc_formal_subesco_d13_f4_A,subesco,13,4,15,1.372699615279539,1.5432519948880656,60.71428571428571,50.0,44.642857142857146
fpc_formal_subesco_d14_f0_A,subesco,14,0,1,1.8919939401692865,1.910754997589718,24.107142857142858,21.428571428571427,16.071428571428573
fpc_formal_subesco_d14_f0_A,subesco,14,0,2,1.786485872087436,1.8226009781797115,22.321428571428573,25.0,21.428571428571427
fpc_formal_subesco_d14_f0_A,subesco,14,0,3,1.5464650813052836,1.6732490904171087,28.57142857142857,35.714285714285715,23.214285714285715
fpc_formal_subesco_d14_f0_A,subesco,14,0,4,1.3934799475095052,1.5818117467487873,41.07142857142857,40.17857142857143,28.57142857142857
fpc_formal_subesco_d14_f0_A,subesco,14,0,5,1.2471135382802176,1.565610670433145,43.75,41.964285714285715,37.5
fpc_formal_subesco_d14_f0_A,subesco,14,0,6,1.1856080022365705,1.5176018401538751,54.46428571428571,47.32142857142857,42.857142857142854
fpc_formal_subesco_d14_f0_A,subesco,14,0,7,1.0428894797186765,1.516103783693161,53.57142857142857,40.17857142857143,39.285714285714285
fpc_formal_subesco_d14_f0_A,subesco,14,0,8,1.0124761600451733,1.5727049360310725,62.5,46.42857142857143,42.857142857142854
fpc_formal_subesco_d14_f0_A,subesco,14,0,9,0.9190208523214516,1.4096686039706072,61.60714285714286,54.46428571428571,50.0
fpc_formal_subesco_d14_f0_A,subesco,14,0,10,0.7295144174890675,1.3827098777332958,73.21428571428571,52.67857142857143,44.642857142857146
fpc_formal_subesco_d14_f0_A,subesco,14,0,11,0.792413297975428,1.465460329816251,68.75,56.25,46.42857142857143
fpc_formal_subesco_d14_f0_A,subesco,14,0,12,0.893378920004662,1.7108125362094293,68.75,51.78571428571429,42.857142857142854
fpc_formal_subesco_d14_f0_A,subesco,14,0,13,0.825225595717896,1.7618685298099463,69.64285714285714,53.57142857142857,44.642857142857146
fpc_formal_subesco_d14_f0_A,subesco,14,0,14,0.9264526123755807,1.899264807809887,72.32142857142857,48.214285714285715,53.57142857142857
fpc_formal_subesco_d14_f0_A,subesco,14,0,15,0.9693767414083373,2.016384344809544,70.53571428571429,53.57142857142857,46.42857142857143
fpc_formal_subesco_d14_f1_A,subesco,14,1,1,1.9151472075318066,1.91936765535699,20.535714285714285,17.857142857142858,21.428571428571427
fpc_formal_subesco_d14_f1_A,subesco,14,1,2,1.8644396028744552,1.8646310766961822,36.607142857142854,37.5,30.357142857142854
fpc_formal_subesco_d14_f1_A,subesco,14,1,3,1.706833358609724,1.6928750729031539,35.714285714285715,32.142857142857146,30.357142857142854
fpc_formal_subesco_d14_f1_A,subesco,14,1,4,1.6414426890603273,1.6076336619674063,37.5,36.607142857142854,35.714285714285715
fpc_formal_subesco_d14_f1_A,subesco,14,1,5,1.5829913513530764,1.561663613836137,41.964285714285715,38.392857142857146,46.42857142857143
fpc_formal_subesco_d14_f1_A,subesco,14,1,6,1.3037979624765603,1.398409291845784,47.32142857142857,49.107142857142854,42.857142857142854
fpc_formal_subesco_d14_f1_A,subesco,14,1,7,1.1517109680640034,1.3164283861246844,56.25,54.46428571428571,48.214285714285715
fpc_formal_subesco_d14_f1_A,subesco,14,1,8,1.1395716168436283,1.3902015550143954,55.35714285714286,52.67857142857143,51.78571428571429
fpc_formal_subesco_d14_f1_A,subesco,14,1,9,1.293489157897813,1.5159659750129546,57.14285714285714,52.67857142857143,60.71428571428571
fpc_formal_subesco_d14_f1_A,subesco,14,1,10,1.0558792800568078,1.4190878641282307,58.03571428571429,52.67857142857143,57.14285714285714
fpc_formal_subesco_d14_f1_A,subesco,14,1,11,1.122546472819654,1.5146837451495967,57.14285714285714,52.67857142857143,58.92857142857143
fpc_formal_subesco_d14_f1_A,subesco,14,1,12,1.3219621613696475,1.5246132370361296,53.57142857142857,50.89285714285714,57.14285714285714
fpc_formal_subesco_d14_f1_A,subesco,14,1,13,1.2655360613852866,1.3941274095808092,52.67857142857143,59.82142857142857,60.71428571428571
fpc_formal_subesco_d14_f1_A,subesco,14,1,14,1.1621465248448242,1.3551006727369954,54.46428571428571,60.71428571428571,60.71428571428571
fpc_formal_subesco_d14_f1_A,subesco,14,1,15,1.3227222282419537,1.6814280864064943,56.25,58.92857142857143,62.5
fpc_formal_subesco_d14_f2_A,subesco,14,2,1,1.8815030427395796,1.9056008164292513,35.714285714285715,26.785714285714285,32.142857142857146
fpc_formal_subesco_d14_f2_A,subesco,14,2,2,1.7376183471954125,1.7604612507299215,25.0,26.785714285714285,19.642857142857142
fpc_formal_subesco_d14_f2_A,subesco,14,2,3,1.60952599509954,1.6461686288256987,37.5,33.92857142857143,35.714285714285715
fpc_formal_subesco_d14_f2_A,subesco,14,2,4,1.526500328948434,1.5863559578177264,39.285714285714285,32.142857142857146,28.57142857142857
fpc_formal_subesco_d14_f2_A,subesco,14,2,5,1.5931475731095148,1.6534837016173352,42.857142857142854,36.607142857142854,30.357142857142854
fpc_formal_subesco_d14_f2_A,subesco,14,2,6,1.613624575244253,1.7414833891010804,38.392857142857146,39.285714285714285,25.0
fpc_formal_subesco_d14_f2_A,subesco,14,2,7,1.3368200043534182,1.3899053533651455,47.32142857142857,41.964285714285715,41.07142857142857
fpc_formal_subesco_d14_f2_A,subesco,14,2,8,1.3524649184026245,1.4971997570698303,45.535714285714285,36.607142857142854,37.5
fpc_formal_subesco_d14_f2_A,subesco,14,2,9,1.4184357599096964,1.4897622638400612,50.0,43.75,37.5
fpc_formal_subesco_d14_f2_A,subesco,14,2,10,1.840785706727009,2.001657600917109,41.964285714285715,36.607142857142854,32.142857142857146
fpc_formal_subesco_d14_f2_A,subesco,14,2,11,1.2287488409831244,1.3795567251877066,55.35714285714286,48.214285714285715,35.714285714285715
fpc_formal_subesco_d14_f2_A,subesco,14,2,12,1.1926122321183772,1.3927079163482845,56.25,49.107142857142854,35.714285714285715
fpc_formal_subesco_d14_f2_A,subesco,14,2,13,1.4730754924457277,1.6471212334085388,55.35714285714286,45.535714285714285,37.5
fpc_formal_subesco_d14_f2_A,subesco,14,2,14,1.2392986148061804,1.490737318612791,61.60714285714286,50.89285714285714,39.285714285714285
fpc_formal_subesco_d14_f2_A,subesco,14,2,15,2.141379635368923,2.4464242387480724,42.857142857142854,40.17857142857143,30.357142857142854
fpc_formal_subesco_d14_f3_A,subesco,14,3,1,1.906636150638521,1.9115460287303523,24.107142857142858,22.321428571428573,16.071428571428573
fpc_formal_subesco_d14_f3_A,subesco,14,3,2,1.8176214617124444,1.8322412931930645,27.67857142857143,27.67857142857143,26.785714285714285
fpc_formal_subesco_d14_f3_A,subesco,14,3,3,1.713389830218278,1.7246753021101326,31.25,24.107142857142858,37.5
fpc_formal_subesco_d14_f3_A,subesco,14,3,4,1.655696987063703,1.646454941329467,37.5,32.142857142857146,41.07142857142857
fpc_formal_subesco_d14_f3_A,subesco,14,3,5,1.5110378946055358,1.5329406053434596,48.214285714285715,41.07142857142857,53.57142857142857
fpc_formal_subesco_d14_f3_A,subesco,14,3,6,1.3985960278539618,1.423798595263546,43.75,41.07142857142857,55.35714285714286
fpc_formal_subesco_d14_f3_A,subesco,14,3,7,1.3426734194127439,1.3997304861474078,52.67857142857143,42.857142857142854,50.0
fpc_formal_subesco_d14_f3_A,subesco,14,3,8,1.5792061796899957,1.55638755540186,46.42857142857143,43.75,53.57142857142857
fpc_formal_subesco_d14_f3_A,subesco,14,3,9,1.4958184317104057,1.5723656169947746,50.89285714285714,39.285714285714285,53.57142857142857
fpc_formal_subesco_d14_f3_A,subesco,14,3,10,1.5159421708495189,1.616822934207455,50.89285714285714,49.107142857142854,53.57142857142857
fpc_formal_subesco_d14_f3_A,subesco,14,3,11,1.7485007658660032,1.8163345814297345,50.0,44.642857142857146,57.14285714285714
fpc_formal_subesco_d14_f3_A,subesco,14,3,12,1.8688804392069434,2.007698842544105,50.89285714285714,45.535714285714285,55.35714285714286
fpc_formal_subesco_d14_f3_A,subesco,14,3,13,1.4512294311225722,1.6677885941517376,57.14285714285714,41.964285714285715,55.35714285714286
fpc_formal_subesco_d14_f3_A,subesco,14,3,14,1.2286417437475723,1.6192897729730826,61.60714285714286,50.0,50.0
fpc_formal_subesco_d14_f3_A,subesco,14,3,15,1.6073189030986836,1.8930571618250873,51.78571428571429,46.42857142857143,60.71428571428571
fpc_formal_subesco_d14_f4_A,subesco,14,4,1,1.9090236206519264,1.9169710598950165,26.785714285714285,30.357142857142854,30.357142857142854
fpc_formal_subesco_d14_f4_A,subesco,14,4,2,1.8213030032064483,1.8478773039633158,31.25,24.107142857142858,25.0
fpc_formal_subesco_d14_f4_A,subesco,14,4,3,1.729978333788992,1.832231766848621,34.82142857142857,30.357142857142854,39.285714285714285
fpc_formal_subesco_d14_f4_A,subesco,14,4,4,1.4992971471321235,1.6311146653926916,48.214285714285715,36.607142857142854,46.42857142857143
fpc_formal_subesco_d14_f4_A,subesco,14,4,5,1.364822018150171,1.5038604039168477,45.535714285714285,38.392857142857146,57.14285714285714
fpc_formal_subesco_d14_f4_A,subesco,14,4,6,1.2899164275050876,1.460503708134656,53.57142857142857,49.107142857142854,53.57142857142857
fpc_formal_subesco_d14_f4_A,subesco,14,4,7,1.533782569405729,1.714317951809017,47.32142857142857,41.964285714285715,46.42857142857143
fpc_formal_subesco_d14_f4_A,subesco,14,4,8,1.2912726601957203,1.4912411035744004,50.89285714285714,45.535714285714285,57.14285714285714
fpc_formal_subesco_d14_f4_A,subesco,14,4,9,1.3190659182121451,1.6199845734760543,48.214285714285715,37.5,50.0
fpc_formal_subesco_d14_f4_A,subesco,14,4,10,1.458222318783553,1.8428119811591936,47.32142857142857,36.607142857142854,46.42857142857143
fpc_formal_subesco_d14_f4_A,subesco,14,4,11,1.4107027889440114,1.8451203143571882,48.214285714285715,41.964285714285715,53.57142857142857
fpc_formal_subesco_d14_f4_A,subesco,14,4,12,1.196581374126524,1.6653210386025958,56.25,47.32142857142857,53.57142857142857
fpc_formal_subesco_d14_f4_A,subesco,14,4,13,1.2422149080576996,1.7027136264268508,58.92857142857143,48.214285714285715,60.71428571428571
fpc_formal_subesco_d14_f4_A,subesco,14,4,14,1.4665536369206609,1.953300037490392,54.46428571428571,43.75,53.57142857142857
fpc_formal_subesco_d14_f4_A,subesco,14,4,15,1.28028754875471,1.8433830148446588,55.35714285714286,44.642857142857146,58.92857142857143
fpc_formal_subesco_d15_f0_A,subesco,15,0,1,1.9028664790230745,1.913831198341128,30.357142857142854,21.428571428571427,26.785714285714285
fpc_formal_subesco_d15_f0_A,subesco,15,0,2,1.8218041873365785,1.8726743479111732,25.892857142857146,23.214285714285715,26.785714285714285
fpc_formal_subesco_d15_f0_A,subesco,15,0,3,1.5651580046873943,1.7688085097937116,40.17857142857143,29.464285714285715,35.714285714285715
fpc_formal_subesco_d15_f0_A,subesco,15,0,4,1.4773014128983368,1.7786679126797915,41.964285714285715,38.392857142857146,39.285714285714285
fpc_formal_subesco_d15_f0_A,subesco,15,0,5,1.400909652105018,1.7482552561293332,42.857142857142854,38.392857142857146,55.35714285714286
fpc_formal_subesco_d15_f0_A,subesco,15,0,6,1.4091670904855584,1.9046583510496309,44.642857142857146,39.285714285714285,46.42857142857143
fpc_formal_subesco_d15_f0_A,subesco,15,0,7,1.304751759480141,1.8482765143044826,43.75,41.964285714285715,44.642857142857146
fpc_formal_subesco_d15_f0_A,subesco,15,0,8,1.158064540053275,1.6726578799560592,49.107142857142854,46.42857142857143,50.0
fpc_formal_subesco_d15_f0_A,subesco,15,0,9,1.4326995417452726,2.312196791602433,52.67857142857143,38.392857142857146,44.642857142857146
fpc_formal_subesco_d15_f0_A,subesco,15,0,10,1.2166899243384905,1.777532017828597,50.0,37.5,46.42857142857143
fpc_formal_subesco_d15_f0_A,subesco,15,0,11,1.3225063821043475,2.016841192067652,49.107142857142854,41.964285714285715,42.857142857142854
fpc_formal_subesco_d15_f0_A,subesco,15,0,12,1.3762476840652593,2.1632886792465205,54.46428571428571,44.642857142857146,48.214285714285715
fpc_formal_subesco_d15_f0_A,subesco,15,0,13,1.4348465509306627,2.1255100282499546,55.35714285714286,44.642857142857146,44.642857142857146
fpc_formal_subesco_d15_f0_A,subesco,15,0,14,1.3721069455826174,2.2125747499565027,56.25,44.642857142857146,50.0
fpc_formal_subesco_d15_f0_A,subesco,15,0,15,1.4210643997954697,2.315856805268941,58.92857142857143,42.857142857142854,42.857142857142854
fpc_formal_subesco_d15_f1_A,subesco,15,1,1,1.9185053165641064,1.9129121823476978,17.857142857142858,19.642857142857142,25.0
fpc_formal_subesco_d15_f1_A,subesco,15,1,2,1.798144940367982,1.811117421200654,33.035714285714285,29.464285714285715,21.428571428571427
fpc_formal_subesco_d15_f1_A,subesco,15,1,3,1.791917051065165,1.8344457707314348,26.785714285714285,23.214285714285715,16.071428571428573
fpc_formal_subesco_d15_f1_A,subesco,15,1,4,1.5737374508421789,1.6353503576342108,33.035714285714285,35.714285714285715,23.214285714285715
fpc_formal_subesco_d15_f1_A,subesco,15,1,5,1.52077055784506,1.6182946467520385,40.17857142857143,37.5,25.0
fpc_formal_subesco_d15_f1_A,subesco,15,1,6,1.4571388212345888,1.5966355942010892,40.17857142857143,34.82142857142857,25.0
fpc_formal_subesco_d15_f1_A,subesco,15,1,7,1.4573729214325961,1.6411332391263713,42.857142857142854,39.285714285714285,30.357142857142854
fpc_formal_subesco_d15_f1_A,subesco,15,1,8,1.4089132634362642,1.6468016022738898,41.07142857142857,40.17857142857143,30.357142857142854
fpc_formal_subesco_d15_f1_A,subesco,15,1,9,1.2645751482784247,1.4863697872766573,53.57142857142857,47.32142857142857,33.92857142857143
fpc_formal_subesco_d15_f1_A,subesco,15,1,10,1.3196443888457772,1.6220813886795906,54.46428571428571,45.535714285714285,35.714285714285715
fpc_formal_subesco_d15_f1_A,subesco,15,1,11,1.3820087157069405,1.7349208700503265,50.89285714285714,41.07142857142857,33.92857142857143
fpc_formal_subesco_d15_f1_A,subesco,15,1,12,1.7102331505140413,2.2848380123946717,46.42857142857143,32.142857142857146,26.785714285714285
fpc_formal_subesco_d15_f1_A,subesco,15,1,13,1.6434490387365261,2.0727792713402224,45.535714285714285,41.964285714285715,32.142857142857146
fpc_formal_subesco_d15_f1_A,subesco,15,1,14,1.9979371156400094,2.6731206727053154,47.32142857142857,33.92857142857143,26.785714285714285
fpc_formal_subesco_d15_f1_A,subesco,15,1,15,1.7570510384284266,2.098180771873601,51.78571428571429,46.42857142857143,26.785714285714285
fpc_formal_subesco_d15_f2_A,subesco,15,2,1,1.9138020133025384,1.9123105880203326,22.321428571428573,23.214285714285715,23.214285714285715
fpc_formal_subesco_d15_f2_A,subesco,15,2,2,1.830279810163,1.8278870850825395,27.67857142857143,27.67857142857143,26.785714285714285
fpc_formal_subesco_d15_f2_A,subesco,15,2,3,1.6642141164122226,1.611581218632837,32.142857142857146,32.142857142857146,30.357142857142854
fpc_formal_subesco_d15_f2_A,subesco,15,2,4,1.6315315323773,1.563735886845978,36.607142857142854,35.714285714285715,32.142857142857146
fpc_formal_subesco_d15_f2_A,subesco,15,2,5,1.6570945451069536,1.6442239045094522,36.607142857142854,34.82142857142857,41.07142857142857
fpc_formal_subesco_d15_f2_A,subesco,15,2,6,1.3790098571634342,1.3962077903910592,47.32142857142857,45.535714285714285,48.214285714285715
fpc_formal_subesco_d15_f2_A,subesco,15,2,7,1.2572260927564507,1.353434478798348,47.32142857142857,43.75,46.42857142857143
fpc_formal_subesco_d15_f2_A,subesco,15,2,8,1.5909977865481402,1.781422587053166,39.285714285714285,33.92857142857143,33.92857142857143
fpc_formal_subesco_d15_f2_A,subesco,15,2,9,1.2356189471618642,1.464907453319604,49.107142857142854,45.535714285714285,48.214285714285715
fpc_formal_subesco_d15_f2_A,subesco,15,2,10,1.174305689695742,1.5005584932020106,50.89285714285714,50.0,44.642857142857146
fpc_formal_subesco_d15_f2_A,subesco,15,2,11,1.21685266355283,1.5218068171827794,57.14285714285714,49.107142857142854,50.0
fpc_formal_subesco_d15_f2_A,subesco,15,2,12,1.0363018479833968,1.1948996158766616,59.82142857142857,54.46428571428571,51.78571428571429
fpc_formal_subesco_d15_f2_A,subesco,15,2,13,1.1593045716765515,1.3713565157590193,56.25,52.67857142857143,58.92857142857143
fpc_formal_subesco_d15_f2_A,subesco,15,2,14,1.169249008732846,1.5051897961167102,51.78571428571429,50.89285714285714,53.57142857142857
fpc_formal_subesco_d15_f2_A,subesco,15,2,15,0.947129236834434,1.3326178994929094,62.5,58.03571428571429,55.35714285714286
fpc_formal_subesco_d15_f3_A,subesco,15,3,1,1.9077094608248437,1.9105351989290467,27.67857142857143,25.0,30.357142857142854
fpc_formal_subesco_d15_f3_A,subesco,15,3,2,1.7603499795082853,1.8081531315320472,39.285714285714285,33.92857142857143,32.142857142857146
fpc_formal_subesco_d15_f3_A,subesco,15,3,3,1.6624349656102113,1.9172465014370932,31.25,31.25,30.357142857142854
fpc_formal_subesco_d15_f3_A,subesco,15,3,4,1.3314841907061559,1.6304099086661228,54.46428571428571,38.392857142857146,44.642857142857146
fpc_formal_subesco_d15_f3_A,subesco,15,3,5,1.3464466132303212,1.684700902864929,44.642857142857146,36.607142857142854,37.5
fpc_formal_subesco_d15_f3_A,subesco,15,3,6,1.1879898502833413,1.5803186698948521,54.46428571428571,42.857142857142854,39.285714285714285
fpc_formal_subesco_d15_f3_A,subesco,15,3,7,1.1522825033237911,1.5314847195919619,52.67857142857143,42.857142857142854,51.78571428571429
fpc_formal_subesco_d15_f3_A,subesco,15,3,8,1.1678375078535563,1.7090887727385056,54.46428571428571,45.535714285714285,50.0
fpc_formal_subesco_d15_f3_A,subesco,15,3,9,1.0809254193600302,1.6401847691484466,57.14285714285714,43.75,46.42857142857143
fpc_formal_subesco_d15_f3_A,subesco,15,3,10,1.136783364739668,1.730269072485702,56.25,42.857142857142854,44.642857142857146
fpc_formal_subesco_d15_f3_A,subesco,15,3,11,1.0859020913525095,1.903202558079882,61.60714285714286,46.42857142857143,48.214285714285715
fpc_formal_subesco_d15_f3_A,subesco,15,3,12,1.0910191136341338,2.020692882767419,58.03571428571429,44.642857142857146,48.214285714285715
fpc_formal_subesco_d15_f3_A,subesco,15,3,13,1.1147332350695758,1.9095541495045747,61.60714285714286,45.535714285714285,46.42857142857143
fpc_formal_subesco_d15_f3_A,subesco,15,3,14,0.9997073864567054,1.9676261059120936,67.85714285714286,48.214285714285715,51.78571428571429
fpc_formal_subesco_d15_f3_A,subesco,15,3,15,1.1786724601201928,2.122677790036716,60.71428571428571,46.42857142857143,44.642857142857146
fpc_formal_subesco_d15_f4_A,subesco,15,4,1,1.924831111464924,1.9222668392645947,19.642857142857142,21.428571428571427,28.57142857142857
fpc_formal_subesco_d15_f4_A,subesco,15,4,2,1.8884703978502893,1.8775336082838332,33.035714285714285,36.607142857142854,41.07142857142857
fpc_formal_subesco_d15_f4_A,subesco,15,4,3,1.7275390769528456,1.671992136679093,34.82142857142857,37.5,39.285714285714285
fpc_formal_subesco_d15_f4_A,subesco,15,4,4,1.588760495680113,1.5099720512425132,41.964285714285715,40.17857142857143,37.5
fpc_formal_subesco_d15_f4_A,subesco,15,4,5,1.4682179259791721,1.4025437662220714,40.17857142857143,40.17857142857143,37.5
fpc_formal_subesco_d15_f4_A,subesco,15,4,6,1.3717953859600804,1.3679200122612347,42.857142857142854,40.17857142857143,44.642857142857146
fpc_formal_subesco_d15_f4_A,subesco,15,4,7,1.5223399714171804,1.3975235623977078,41.964285714285715,46.42857142857143,46.42857142857143
fpc_formal_subesco_d15_f4_A,subesco,15,4,8,1.1729695954486026,1.302343453135546,57.14285714285714,49.107142857142854,44.642857142857146
fpc_formal_subesco_d15_f4_A,subesco,15,4,9,1.233384984964069,1.3969613452957377,55.35714285714286,49.107142857142854,53.57142857142857
fpc_formal_subesco_d15_f4_A,subesco,15,4,10,1.3004926133136219,1.4847424929965676,54.46428571428571,45.535714285714285,46.42857142857143
fpc_formal_subesco_d15_f4_A,subesco,15,4,11,1.205074320559924,1.423291275016847,53.57142857142857,48.214285714285715,50.0
fpc_formal_subesco_d15_f4_A,subesco,15,4,12,1.2735725353109832,1.4643982590683622,53.57142857142857,53.57142857142857,64.28571428571429
fpc_formal_subesco_d15_f4_A,subesco,15,4,13,1.237906612144752,1.4819719375875542,58.03571428571429,52.67857142857143,50.0
fpc_formal_subesco_d15_f4_A,subesco,15,4,14,1.458551625005889,1.7247934942891803,55.35714285714286,49.107142857142854,53.57142857142857
fpc_formal_subesco_d15_f4_A,subesco,15,4,15,1.5990764029989504,1.770468341204112,55.35714285714286,51.78571428571429,51.78571428571429
fpc_formal_subesco_d16_f0_A,subesco,16,0,1,1.910028235585251,1.9068727144725544,25.892857142857146,27.67857142857143,19.642857142857142
fpc_formal_subesco_d16_f0_A,subesco,16,0,2,1.8446110303616972,1.8308337863893456,38.392857142857146,37.5,37.5
fpc_formal_subesco_d16_f0_A,subesco,16,0,3,1.6653514526710702,1.636033598213874,34.82142857142857,35.714285714285715,30.357142857142854
fpc_formal_subesco_d16_f0_A,subesco,16,0,4,1.5562114446832578,1.5362060271717173,38.392857142857146,41.07142857142857,55.35714285714286
fpc_formal_subesco_d16_f0_A,subesco,16,0,5,1.488891971045629,1.4061009843192933,35.714285714285715,45.535714285714285,50.0
fpc_formal_subesco_d16_f0_A,subesco,16,0,6,1.5303193196257456,1.3239538294128788,41.07142857142857,46.42857142857143,50.0
fpc_formal_subesco_d16_f0_A,subesco,16,0,7,1.2085177907234497,1.3129843338980987,52.67857142857143,49.107142857142854,48.214285714285715
fpc_formal_subesco_d16_f0_A,subesco,16,0,8,1.320412029487575,1.3081253643787094,53.57142857142857,48.214285714285715,57.14285714285714
fpc_formal_subesco_d16_f0_A,subesco,16,0,9,1.1541311726356558,1.280322557231536,56.25,48.214285714285715,57.14285714285714
fpc_formal_subesco_d16_f0_A,subesco,16,0,10,1.074367360345543,1.3929557860557098,56.25,50.0,60.71428571428571
fpc_formal_subesco_d16_f0_A,subesco,16,0,11,1.1546495658559308,1.3116682416563914,61.60714285714286,50.89285714285714,53.57142857142857
fpc_formal_subesco_d16_f0_A,subesco,16,0,12,1.145034933742186,1.378174495586164,60.71428571428571,50.0,64.28571428571429
fpc_formal_subesco_d16_f0_A,subesco,16,0,13,0.97837036291352,1.4861255707824514,60.71428571428571,51.78571428571429,69.64285714285714
fpc_formal_subesco_d16_f0_A,subesco,16,0,14,1.315533901050053,1.6035749775128976,61.60714285714286,55.35714285714286,53.57142857142857
fpc_formal_subesco_d16_f0_A,subesco,16,0,15,1.3387015996276783,1.6162167208825085,58.03571428571429,54.46428571428571,58.92857142857143
fpc_formal_subesco_d16_f1_A,subesco,16,1,1,1.9051503833546055,1.9113477504654608,23.214285714285715,22.321428571428573,26.785714285714285
fpc_formal_subesco_d16_f1_A,subesco,16,1,2,1.7440803771610731,1.749572223275954,31.25,30.357142857142854,25.0
fpc_formal_subesco_d16_f1_A,subesco,16,1,3,1.7880090060182334,1.7616404083017403,26.785714285714285,26.785714285714285,14.285714285714285
fpc_formal_subesco_d16_f1_A,subesco,16,1,4,1.5474038066440348,1.5741729936240805,34.82142857142857,41.964285714285715,26.785714285714285
fpc_formal_subesco_d16_f1_A,subesco,16,1,5,1.5354706911358604,1.5770211509905765,35.714285714285715,38.392857142857146,28.57142857142857
fpc_formal_subesco_d16_f1_A,subesco,16,1,6,1.4429010739863206,1.4780155053752482,36.607142857142854,37.5,30.357142857142854
fpc_formal_subesco_d16_f1_A,subesco,16,1,7,1.5440873254084406,1.5383198680901238,38.392857142857146,40.17857142857143,28.57142857142857
fpc_formal_subesco_d16_f1_A,subesco,16,1,8,1.560437300678106,1.5434517359352031,40.17857142857143,41.07142857142857,28.57142857142857
fpc_formal_subesco_d16_f1_A,subesco,16,1,9,1.4524678945758882,1.4605688406634403,35.714285714285715,44.642857142857146,41.07142857142857
fpc_formal_subesco_d16_f1_A,subesco,16,1,10,1.5614636960091757,1.5498297640226977,44.642857142857146,37.5,30.357142857142854
fpc_formal_subesco_d16_f1_A,subesco,16,1,11,1.5787971365010265,1.550869149741496,45.535714285714285,49.107142857142854,37.5
fpc_formal_subesco_d16_f1_A,subesco,16,1,12,1.4429533882818835,1.427559054204078,50.0,48.214285714285715,42.857142857142854
fpc_formal_subesco_d16_f1_A,subesco,16,1,13,1.637644139801824,1.6076732823830147,45.535714285714285,43.75,37.5
fpc_formal_subesco_d16_f1_A,subesco,16,1,14,1.820845058042084,1.7209728017485497,51.78571428571429,47.32142857142857,35.714285714285715
fpc_formal_subesco_d16_f1_A,subesco,16,1,15,1.6998412100735807,1.651058826375033,50.0,48.214285714285715,37.5
fpc_formal_subesco_d16_f2_A,subesco,16,2,1,1.9075058024366551,1.9159844165044178,22.321428571428573,18.75,8.928571428571429
fpc_formal_subesco_d16_f2_A,subesco,16,2,2,1.8321335510000156,1.8461208035504095,28.57142857142857,26.785714285714285,30.357142857142854
fpc_formal_subesco_d16_f2_A,subesco,16,2,3,1.6334145137118823,1.6394815693957345,36.607142857142854,33.035714285714285,33.92857142857143
fpc_formal_subesco_d16_f2_A,subesco,16,2,4,1.513672346095286,1.5038334819215453,42.857142857142854,40.17857142857143,44.642857142857146
fpc_formal_subesco_d16_f2_A,subesco,16,2,5,1.3530786478847878,1.4364778044049549,48.214285714285715,46.42857142857143,37.5
fpc_formal_subesco_d16_f2_A,subesco,16,2,6,1.521687681653781,1.591919351318312,41.07142857142857,39.285714285714285,37.5
fpc_formal_subesco_d16_f2_A,subesco,16,2,7,1.5285653747451369,1.466056142559815,43.75,41.964285714285715,46.42857142857143
fpc_formal_subesco_d16_f2_A,subesco,16,2,8,1.3333976338754066,1.3701392897798605,52.67857142857143,45.535714285714285,44.642857142857146
fpc_formal_subesco_d16_f2_A,subesco,16,2,9,1.3041626789966994,1.521560975977991,52.67857142857143,49.107142857142854,35.714285714285715
fpc_formal_subesco_d16_f2_A,subesco,16,2,10,1.3109227363969187,1.3860672053870806,51.78571428571429,49.107142857142854,42.857142857142854
fpc_formal_subesco_d16_f2_A,subesco,16,2,11,1.302801229903933,1.5782035956373777,53.57142857142857,47.32142857142857,41.07142857142857
fpc_formal_subesco_d16_f2_A,subesco,16,2,12,1.295520368349402,1.6263070991285982,52.67857142857143,49.107142857142854,44.642857142857146
fpc_formal_subesco_d16_f2_A,subesco,16,2,13,1.2938160633977438,1.8179530772928871,56.25,49.107142857142854,37.5
fpc_formal_subesco_d16_f2_A,subesco,16,2,14,1.5072139224583168,1.8755007646196866,53.57142857142857,45.535714285714285,41.07142857142857
fpc_formal_subesco_d16_f2_A,subesco,16,2,15,1.1811096518709185,1.6868387693446851,59.82142857142857,51.78571428571429,42.857142857142854
fpc_formal_subesco_d16_f3_A,subesco,16,3,1,1.9031224872484915,1.9042422460701511,35.714285714285715,28.57142857142857,30.357142857142854
fpc_formal_subesco_d16_f3_A,subesco,16,3,2,1.7613202922437736,1.8207770081873011,28.57142857142857,26.785714285714285,26.785714285714285
fpc_formal_subesco_d16_f3_A,subesco,16,3,3,1.6747180483238095,1.8654399805476738,33.92857142857143,31.25,25.0
fpc_formal_subesco_d16_f3_A,subesco,16,3,4,1.6710353614863889,1.9227493162537175,37.5,34.82142857142857,33.92857142857143
fpc_formal_subesco_d16_f3_A,subesco,16,3,5,1.9054197559226675,2.180205905054899,36.607142857142854,31.25,26.785714285714285
fpc_formal_subesco_d16_f3_A,subesco,16,3,6,1.3058635032277994,1.501004025571597,48.214285714285715,38.392857142857146,39.285714285714285
fpc_formal_subesco_d16_f3_A,subesco,16,3,7,1.1943761048270665,1.5150560023020232,53.57142857142857,49.107142857142854,42.857142857142854
fpc_formal_subesco_d16_f3_A,subesco,16,3,8,1.4943663881049185,2.0394133511641575,46.42857142857143,37.5,33.92857142857143
fpc_formal_subesco_d16_f3_A,subesco,16,3,9,1.0917429843091915,1.2263078648300163,59.82142857142857,53.57142857142857,41.07142857142857
fpc_formal_subesco_d16_f3_A,subesco,16,3,10,1.393903247194942,1.7775762825892762,50.0,39.285714285714285,44.642857142857146
fpc_formal_subesco_d16_f3_A,subesco,16,3,11,1.4364852270299786,1.8343225619686652,50.0,45.535714285714285,37.5
fpc_formal_subesco_d16_f3_A,subesco,16,3,12,1.1098746429553679,1.2825970148216022,60.71428571428571,53.57142857142857,44.642857142857146
fpc_formal_subesco_d16_f3_A,subesco,16,3,13,1.146635222624834,1.3074554225748847,62.5,57.14285714285714,41.07142857142857
fpc_formal_subesco_d16_f3_A,subesco,16,3,14,1.2371941582075132,1.349905164138207,61.60714285714286,54.46428571428571,41.07142857142857
fpc_formal_subesco_d16_f3_A,subesco,16,3,15,1.3722692163413726,1.6141643175710583,61.60714285714286,47.32142857142857,42.857142857142854
fpc_formal_subesco_d16_f4_A,subesco,16,4,1,1.9277104224108577,1.925885279012545,14.285714285714285,15.178571428571427,16.071428571428573
fpc_formal_subesco_d16_f4_A,subesco,16,4,2,1.8802165044534682,1.8644423537833776,25.0,23.214285714285715,28.57142857142857
fpc_formal_subesco_d16_f4_A,subesco,16,4,3,1.7287740313960414,1.6862270908727537,30.357142857142854,32.142857142857146,28.57142857142857
fpc_formal_subesco_d16_f4_A,subesco,16,4,4,1.7638585260494934,1.6470274292660247,26.785714285714285,33.92857142857143,35.714285714285715
fpc_formal_subesco_d16_f4_A,subesco,16,4,5,1.5659975901299887,1.450297302648748,36.607142857142854,46.42857142857143,39.285714285714285
fpc_formal_subesco_d16_f4_A,subesco,16,4,6,1.6382282345238062,1.436150670344811,33.92857142857143,49.107142857142854,48.214285714285715
fpc_formal_subesco_d16_f4_A,subesco,16,4,7,1.7130225698570734,1.4385253350751026,31.25,44.642857142857146,44.642857142857146
fpc_formal_subesco_d16_f4_A,subesco,16,4,8,1.4792432133014997,1.3240127755234568,45.535714285714285,48.214285714285715,51.78571428571429
fpc_formal_subesco_d16_f4_A,subesco,16,4,9,1.4842464067089651,1.209551535922399,36.607142857142854,52.67857142857143,55.35714285714286
fpc_formal_subesco_d16_f4_A,subesco,16,4,10,1.4290050248700792,1.2009574268662757,41.964285714285715,51.78571428571429,58.92857142857143
fpc_formal_subesco_d16_f4_A,subesco,16,4,11,1.7319376118518441,1.3516829049246557,38.392857142857146,52.67857142857143,55.35714285714286
fpc_formal_subesco_d16_f4_A,subesco,16,4,12,1.6560642169200366,1.2208029234208628,43.75,53.57142857142857,60.71428571428571
fpc_formal_subesco_d16_f4_A,subesco,16,4,13,1.8005413277940805,1.2698181975659695,43.75,54.46428571428571,60.71428571428571
fpc_formal_subesco_d16_f4_A,subesco,16,4,14,1.4919473207067029,1.1933755708012004,48.214285714285715,58.03571428571429,67.85714285714286
fpc_formal_subesco_d16_f4_A,subesco,16,4,15,1.6606752327463623,1.148015773235828,45.535714285714285,54.46428571428571,58.92857142857143
fpc_formal_subesco_d17_f0_A,subesco,17,0,1,1.912099937055547,1.9164546284963515,33.035714285714285,31.25,32.142857142857146
fpc_formal_subesco_d17_f0_A,subesco,17,0,2,1.8424584641627888,1.8448215504878038,27.67857142857143,32.142857142857146,26.785714285714285
fpc_formal_subesco_d17_f0_A,subesco,17,0,3,1.5866311801598487,1.6517276717127274,41.964285714285715,34.82142857142857,32.142857142857146
fpc_formal_subesco_d17_f0_A,subesco,17,0,4,1.4055190496726322,1.5297413015536048,47.32142857142857,36.607142857142854,37.5
fpc_formal_subesco_d17_f0_A,subesco,17,0,5,1.2864212963202906,1.4765985935629817,51.78571428571429,40.17857142857143,48.214285714285715
fpc_formal_subesco_d17_f0_A,subesco,17,0,6,1.6346237296003319,1.748819748651535,37.5,36.607142857142854,30.357142857142854
fpc_formal_subesco_d17_f0_A,subesco,17,0,7,1.2262221714067667,1.4075654551076557,54.46428571428571,41.964285714285715,39.285714285714285
fpc_formal_subesco_d17_f0_A,subesco,17,0,8,1.37159989379656,1.538450101904884,47.32142857142857,40.17857142857143,35.714285714285715
fpc_formal_subesco_d17_f0_A,subesco,17,0,9,1.374886736687946,1.622051949175852,46.42857142857143,45.535714285714285,39.285714285714285
fpc_formal_subesco_d17_f0_A,subesco,17,0,10,1.1958089667750638,1.4451962925094881,55.35714285714286,46.42857142857143,44.642857142857146
fpc_formal_subesco_d17_f0_A,subesco,17,0,11,1.2187371760723142,1.51132268022812,54.46428571428571,50.0,50.0
fpc_formal_subesco_d17_f0_A,subesco,17,0,12,1.2952616871863323,1.6353367638189364,53.57142857142857,44.642857142857146,35.714285714285715
fpc_formal_subesco_d17_f0_A,subesco,17,0,13,1.3743122746061875,1.789452659111548,53.57142857142857,47.32142857142857,39.285714285714285
fpc_formal_subesco_d17_f0_A,subesco,17,0,14,1.5280260162792192,1.8985378724621988,50.89285714285714,47.32142857142857,42.857142857142854
fpc_formal_subesco_d17_f0_A,subesco,17,0,15,1.5966343459318548,1.9123134337160874,50.0,47.32142857142857,41.07142857142857
fpc_formal_subesco_d17_f1_A,subesco,17,1,1,1.921463439411164,1.9198716299208605,17.857142857142858,16.964285714285715,16.071428571428573
fpc_formal_subesco_d17_f1_A,subesco,17,1,2,1.8874308482983808,1.8531746196991985,16.071428571428573,20.535714285714285,23.214285714285715
fpc_formal_subesco_d17_f1_A,subesco,17,1,3,1.9542950504974326,1.8103416566733106,22.321428571428573,25.0,26.785714285714285
fpc_formal_subesco_d17_f1_A,subesco,17,1,4,1.8786824959853727,1.7495578131260652,33.035714285714285,36.607142857142854,50.0
fpc_formal_subesco_d17_f1_A,subesco,17,1,5,2.169281637159417,1.8259613677717184,24.107142857142858,33.035714285714285,26.785714285714285
fpc_formal_subesco_d17_f1_A,subesco,17,1,6,2.210058278163309,1.842334462247033,27.67857142857143,33.035714285714285,28.57142857142857
fpc_formal_subesco_d17_f1_A,subesco,17,1,7,1.8555021337647666,1.6562375229596107,39.285714285714285,36.607142857142854,42.857142857142854
fpc_formal_subesco_d17_f1_A,subesco,17,1,8,1.8537940320178734,1.621104275271247,39.285714285714285,39.285714285714285,41.07142857142857
fpc_formal_subesco_d17_f1_A,subesco,17,1,9,1.9440630750122403,1.6333153257297195,37.5,40.17857142857143,46.42857142857143
fpc_formal_subesco_d17_f1_A,subesco,17,1,10,1.7054359249668034,1.5065245430076966,44.642857142857146,43.75,48.214285714285715
fpc_formal_subesco_d17_f1_A,subesco,17,1,11,1.4478672375083639,1.389263938227488,50.89285714285714,50.89285714285714,46.42857142857143
fpc_formal_subesco_d17_f1_A,subesco,17,1,12,1.3254520450846232,1.2991378292129454,49.107142857142854,50.89285714285714,42.857142857142854
fpc_formal_subesco_d17_f1_A,subesco,17,1,13,1.7128567872763223,1.5661727917436754,54.46428571428571,48.214285714285715,57.14285714285714
fpc_formal_subesco_d17_f1_A,subesco,17,1,14,1.7322816826384255,1.5197146507967763,51.78571428571429,44.642857142857146,55.35714285714286
fpc_formal_subesco_d17_f1_A,subesco,17,1,15,2.074826983437593,1.8089270638648653,48.214285714285715,48.214285714285715,50.0
fpc_formal_subesco_d17_f2_A,subesco,17,2,1,1.9127371752319082,1.924844524946814,23.214285714285715,19.642857142857142,23.214285714285715
fpc_formal_subesco_d17_f2_A,subesco,17,2,2,1.8292173586063234,1.8575597274893094,33.035714285714285,25.892857142857146,25.0
fpc_formal_subesco_d17_f2_A,subesco,17,2,3,1.6045113458099212,1.6708516190889344,39.285714285714285,36.607142857142854,35.714285714285715
fpc_formal_subesco_d17_f2_A,subesco,17,2,4,1.410499765471242,1.5391194049713874,40.17857142857143,41.964285714285715,50.0
fpc_formal_subesco_d17_f2_A,subesco,17,2,5,1.3622894021402172,1.5666292721042834,46.42857142857143,40.17857142857143,41.07142857142857
fpc_formal_subesco_d17_f2_A,subesco,17,2,6,1.2925800620319496,1.420179314823382,56.25,46.42857142857143,50.0
fpc_formal_subesco_d17_f2_A,subesco,17,2,7,1.2043792365927672,1.4584810017355387,53.57142857142857,40.17857142857143,44.642857142857146
fpc_formal_subesco_d17_f2_A,subesco,17,2,8,1.2888792591494866,1.6402829773906722,51.78571428571429,45.535714285714285,50.0
fpc_formal_subesco_d17_f2_A,subesco,17,2,9,1.062720990043275,1.5423827611304168,58.03571428571429,40.17857142857143,50.0
fpc_formal_subesco_d17_f2_A,subesco,17,2,10,1.033856749548916,1.655853517871628,58.03571428571429,49.107142857142854,48.214285714285715
fpc_formal_subesco_d17_f2_A,subesco,17,2,11,0.9482511891494987,1.5939455503130742,64.28571428571429,50.0,57.14285714285714
fpc_formal_subesco_d17_f2_A,subesco,17,2,12,1.1330569595855366,1.8482700161010381,57.14285714285714,38.392857142857146,46.42857142857143
fpc_formal_subesco_d17_f2_A,subesco,17,2,13,0.893793950416536,1.655165460102639,64.28571428571429,49.107142857142854,55.35714285714286
fpc_formal_subesco_d17_f2_A,subesco,17,2,14,1.3810214769112694,2.1989455629462857,52.67857142857143,43.75,50.0
fpc_formal_subesco_d17_f2_A,subesco,17,2,15,1.0906592495290708,1.7766160724521978,65.17857142857143,44.642857142857146,53.57142857142857
fpc_formal_subesco_d17_f3_A,subesco,17,3,1,1.8870252164282715,1.9029728929881735,29.464285714285715,20.535714285714285,17.857142857142858
fpc_formal_subesco_d17_f3_A,subesco,17,3,2,1.7636269939411786,1.7960654147917938,32.142857142857146,28.57142857142857,26.785714285714285
fpc_formal_subesco_d17_f3_A,subesco,17,3,3,1.6621180474574504,1.690803436199317,41.964285714285715,36.607142857142854,35.714285714285715
fpc_formal_subesco_d17_f3_A,subesco,17,3,4,1.5954590856142075,1.6673583711022246,42.857142857142854,33.92857142857143,35.714285714285715
fpc_formal_subesco_d17_f3_A,subesco,17,3,5,1.6338414986967604,1.7459562744355175,41.964285714285715,31.25,30.357142857142854
fpc_formal_subesco_d17_f3_A,subesco,17,3,6,1.641029802213213,1.809270809402697,48.214285714285715,30.357142857142854,28.57142857142857
fpc_formal_subesco_d17_f3_A,subesco,17,3,7,1.5649749562193163,1.779926610663761,48.214285714285715,33.035714285714285,30.357142857142854
fpc_formal_subesco_d17_f3_A,subesco,17,3,8,1.322786211261921,1.6301721371524776,54.46428571428571,39.285714285714285,44.642857142857146
fpc_formal_subesco_d17_f3_A,subesco,17,3,9,1.3780895773226287,1.7758551204948405,52.67857142857143,33.92857142857143,46.42857142857143
fpc_formal_subesco_d17_f3_A,subesco,17,3,10,1.4516144573225975,1.8635487882844155,55.35714285714286,35.714285714285715,41.07142857142857
fpc_formal_subesco_d17_f3_A,subesco,17,3,11,1.3500382515746314,1.8269986221457135,51.78571428571429,41.07142857142857,48.214285714285715
fpc_formal_subesco_d17_f3_A,subesco,17,3,12,1.2557864588010526,1.7769122400842055,59.82142857142857,40.17857142857143,48.214285714285715
fpc_formal_subesco_d17_f3_A,subesco,17,3,13,1.4087865398737416,2.028983771655377,56.25,41.964285714285715,53.57142857142857
fpc_formal_subesco_d17_f3_A,subesco,17,3,14,1.3350317000287137,1.9121181429720973,62.5,42.857142857142854,50.0
fpc_formal_subesco_d17_f3_A,subesco,17,3,15,1.3692044014652223,1.9416824507481494,55.35714285714286,45.535714285714285,50.0
fpc_formal_subesco_d17_f4_A,subesco,17,4,1,1.8875684650049185,1.9161152067052902,25.0,24.107142857142858,25.0
fpc_formal_subesco_d17_f4_A,subesco,17,4,2,1.7155163294674978,1.8233533625777092,38.392857142857146,27.67857142857143,30.357142857142854
fpc_formal_subesco_d17_f4_A,subesco,17,4,3,1.4485557791830073,1.6963369212470372,41.07142857142857,33.92857142857143,28.57142857142857
fpc_formal_subesco_d17_f4_A,subesco,17,4,4,1.4021058940702862,1.7729126009274185,41.964285714285715,31.25,35.714285714285715
fpc_formal_subesco_d17_f4_A,subesco,17,4,5,1.210340666872352,1.5604312322504248,48.214285714285715,43.75,39.285714285714285
fpc_formal_subesco_d17_f4_A,subesco,17,4,6,1.0867678052003797,1.4948173016539388,57.14285714285714,43.75,44.642857142857146
fpc_formal_subesco_d17_f4_A,subesco,17,4,7,1.0345315040672607,1.5603013862388952,55.35714285714286,38.392857142857146,48.214285714285715
fpc_formal_subesco_d17_f4_A,subesco,17,4,8,0.9106255674152527,1.551788270585581,64.28571428571429,43.75,46.42857142857143
fpc_formal_subesco_d17_f4_A,subesco,17,4,9,0.8684659547916737,1.622885323169148,68.75,46.42857142857143,37.5
fpc_formal_subesco_d17_f4_A,subesco,17,4,10,0.9991929551807216,1.7658064526316575,64.28571428571429,47.32142857142857,46.42857142857143
fpc_formal_subesco_d17_f4_A,subesco,17,4,11,1.3192491780563738,2.251677686126283,52.67857142857143,37.5,35.714285714285715
fpc_formal_subesco_d17_f4_A,subesco,17,4,12,1.069134385326996,2.0092017210696755,58.03571428571429,38.392857142857146,50.0
fpc_formal_subesco_d17_f4_A,subesco,17,4,13,1.010374885864286,1.987867272604373,64.28571428571429,40.17857142857143,48.214285714285715
fpc_formal_subesco_d17_f4_A,subesco,17,4,14,1.0724447147237124,2.1346346772531533,65.17857142857143,43.75,48.214285714285715
fpc_formal_subesco_d17_f4_A,subesco,17,4,15,1.1215489568200117,2.1918430349349776,64.28571428571429,42.857142857142854,46.42857142857143
fpc_formal_subesco_d18_f0_A,subesco,18,0,1,1.9208320509214556,1.916697174873492,18.75,23.214285714285715,19.642857142857142
fpc_formal_subesco_d18_f0_A,subesco,18,0,2,1.8717917064932066,1.8591086970164632,31.25,33.92857142857143,25.0
fpc_formal_subesco_d18_f0_A,subesco,18,0,3,1.7074022124827348,1.6731619823563721,32.142857142857146,36.607142857142854,26.785714285714285
fpc_formal_subesco_d18_f0_A,subesco,18,0,4,1.530591723172581,1.5391888967168081,39.285714285714285,34.82142857142857,32.142857142857146
fpc_formal_subesco_d18_f0_A,subesco,18,0,5,1.4738899494204725,1.4378190063541945,40.17857142857143,42.857142857142854,32.142857142857146
fpc_formal_subesco_d18_f0_A,subesco,18,0,6,1.3402868889414743,1.3558110657762585,48.214285714285715,45.535714285714285,41.07142857142857
fpc_formal_subesco_d18_f0_A,subesco,18,0,7,1.3293032747202889,1.354597799733366,45.535714285714285,49.107142857142854,41.07142857142857
fpc_formal_subesco_d18_f0_A,subesco,18,0,8,1.3215858315193718,1.36136391262391,46.42857142857143,49.107142857142854,44.642857142857146
fpc_formal_subesco_d18_f0_A,subesco,18,0,9,1.4209622606242918,1.3729946614976842,47.32142857142857,50.0,44.642857142857146
fpc_formal_subesco_d18_f0_A,subesco,18,0,10,1.3002086236718173,1.259899533575812,54.46428571428571,58.92857142857143,44.642857142857146
fpc_formal_subesco_d18_f0_A,subesco,18,0,11,1.643931187473601,1.4988526273969442,45.535714285714285,48.214285714285715,46.42857142857143
fpc_formal_subesco_d18_f0_A,subesco,18,0,12,1.6025332702205544,1.535807503492833,50.0,50.89285714285714,37.5
fpc_formal_subesco_d18_f0_A,subesco,18,0,13,1.6607415993778598,1.5858261989781337,48.214285714285715,48.214285714285715,44.642857142857146
fpc_formal_subesco_d18_f0_A,subesco,18,0,14,1.5184530849989155,1.452063454136333,49.107142857142854,54.46428571428571,51.78571428571429
fpc_formal_subesco_d18_f0_A,subesco,18,0,15,1.6003454904979273,1.4762136002681616,47.32142857142857,57.14285714285714,48.214285714285715
fpc_formal_subesco_d18_f1_A,subesco,18,1,1,1.9214372505822617,1.9273338213354967,24.107142857142858,28.57142857142857,32.142857142857146
fpc_formal_subesco_d18_f1_A,subesco,18,1,2,1.8637467230329496,1.8696070604294326,30.357142857142854,31.25,35.714285714285715
fpc_formal_subesco_d18_f1_A,subesco,18,1,3,1.725810961360954,1.6877738764904744,31.25,29.464285714285715,33.92857142857143
fpc_formal_subesco_d18_f1_A,subesco,18,1,4,1.738489355542389,1.61159141077516,33.035714285714285,38.392857142857146,33.92857142857143
fpc_formal_subesco_d18_f1_A,subesco,18,1,5,1.4404802473706684,1.472668067217605,45.535714285714285,36.607142857142854,39.285714285714285
fpc_formal_subesco_d18_f1_A,subesco,18,1,6,1.5683600803660442,1.4179457966430493,40.17857142857143,46.42857142857143,48.214285714285715
fpc_formal_subesco_d18_f1_A,subesco,18,1,7,1.3668591707949804,1.2645184426981706,50.89285714285714,48.214285714285715,55.35714285714286
fpc_formal_subesco_d18_f1_A,subesco,18,1,8,1.2723676367682875,1.25506013670468,52.67857142857143,49.107142857142854,55.35714285714286
fpc_formal_subesco_d18_f1_A,subesco,18,1,9,1.6035038943031659,1.3485775307042556,47.32142857142857,46.42857142857143,50.0
fpc_formal_subesco_d18_f1_A,subesco,18,1,10,1.1726188127418777,1.4654733079119602,56.25,43.75,57.14285714285714
fpc_formal_subesco_d18_f1_A,subesco,18,1,11,1.2216936525977025,1.295592852543725,58.03571428571429,50.89285714285714,55.35714285714286
fpc_formal_subesco_d18_f1_A,subesco,18,1,12,1.2637363778537687,1.644965663181577,58.92857142857143,43.75,58.92857142857143
fpc_formal_subesco_d18_f1_A,subesco,18,1,13,1.4467777598740474,1.5425485226358953,55.35714285714286,43.75,64.28571428571429
fpc_formal_subesco_d18_f1_A,subesco,18,1,14,1.3700641434745553,1.453290830924606,58.92857142857143,49.107142857142854,64.28571428571429
fpc_formal_subesco_d18_f1_A,subesco,18,1,15,1.5286179408976015,1.6740819228441441,55.35714285714286,50.0,57.14285714285714
fpc_formal_subesco_d18_f2_A,subesco,18,2,1,1.9044542032368466,1.914261418972441,24.107142857142858,20.535714285714285,23.214285714285715
fpc_formal_subesco_d18_f2_A,subesco,18,2,2,1.795610645690777,1.8294516387637039,34.82142857142857,36.607142857142854,25.0
fpc_formal_subesco_d18_f2_A,subesco,18,2,3,1.572156854438971,1.6681289520827247,35.714285714285715,33.92857142857143,30.357142857142854
fpc_formal_subesco_d18_f2_A,subesco,18,2,4,1.5368334399367072,1.6571761412092445,37.5,35.714285714285715,30.357142857142854
fpc_formal_subesco_d18_f2_A,subesco,18,2,5,1.50037056027493,1.6513449766936625,43.75,42.857142857142854,30.357142857142854
fpc_formal_subesco_d18_f2_A,subesco,18,2,6,1.4406714227171236,1.6083661333067858,45.535714285714285,42.857142857142854,32.142857142857146
fpc_formal_subesco_d18_f2_A,subesco,18,2,7,1.3854289123549843,1.5783867886188894,43.75,44.642857142857146,35.714285714285715
fpc_formal_subesco_d18_f2_A,subesco,18,2,8,1.4364127859719653,1.6783074986373496,52.67857142857143,46.42857142857143,33.92857142857143
fpc_formal_subesco_d18_f2_A,subesco,18,2,9,1.4552643042660947,1.7292521247250026,47.32142857142857,47.32142857142857,39.285714285714285
fpc_formal_subesco_d18_f2_A,subesco,18,2,10,1.4307521517463317,1.7092374749026475,50.89285714285714,50.0,37.5
fpc_formal_subesco_d18_f2_A,subesco,18,2,11,1.4178784493025258,1.6655102334361167,55.35714285714286,45.535714285714285,42.857142857142854
fpc_formal_subesco_d18_f2_A,subesco,18,2,12,1.3966392520656066,1.6105657413464747,53.57142857142857,50.0,41.07142857142857
fpc_formal_subesco_d18_f2_A,subesco,18,2,13,1.46634596050912,1.7990910697387303,53.57142857142857,50.0,41.07142857142857
fpc_formal_subesco_d18_f2_A,subesco,18,2,14,1.2643189489245283,1.5431469513071292,51.78571428571429,50.89285714285714,39.285714285714285
fpc_formal_subesco_d18_f2_A,subesco,18,2,15,1.234316695937695,1.5452939092611764,60.71428571428571,51.78571428571429,42.857142857142854
fpc_formal_subesco_d18_f3_A,subesco,18,3,1,1.9004986838473827,1.9218677438790341,30.357142857142854,24.107142857142858,25.0
fpc_formal_subesco_d18_f3_A,subesco,18,3,2,1.8016131869293324,1.844730027563257,29.464285714285715,23.214285714285715,32.142857142857146
fpc_formal_subesco_d18_f3_A,subesco,18,3,3,1.6440254534216745,1.708750047941617,40.17857142857143,29.464285714285715,30.357142857142854
fpc_formal_subesco_d18_f3_A,subesco,18,3,4,1.4785376166228725,1.6666737220218828,40.17857142857143,39.285714285714285,37.5
fpc_formal_subesco_d18_f3_A,subesco,18,3,5,1.3941199418634669,1.5846895297795132,46.42857142857143,41.07142857142857,41.07142857142857
fpc_formal_subesco_d18_f3_A,subesco,18,3,6,1.3914035550878174,1.5905382273118183,46.42857142857143,40.17857142857143,35.714285714285715
fpc_formal_subesco_d18_f3_A,subesco,18,3,7,1.1782939531424035,1.6177002209142637,54.46428571428571,43.75,41.07142857142857
fpc_formal_subesco_d18_f3_A,subesco,18,3,8,1.129479150122821,1.5379361900714608,63.39285714285714,45.535714285714285,44.642857142857146
fpc_formal_subesco_d18_f3_A,subesco,18,3,9,1.1576143502260448,1.5714864063975449,62.5,48.214285714285715,37.5
fpc_formal_subesco_d18_f3_A,subesco,18,3,10,1.141835745031942,1.5823666814791377,59.82142857142857,49.107142857142854,41.07142857142857
fpc_formal_subesco_d18_f3_A,subesco,18,3,11,1.3513880057707832,1.71301471483595,56.25,44.642857142857146,42.857142857142854
fpc_formal_subesco_d18_f3_A,subesco,18,3,12,1.0921255695360428,1.7667319361679397,61.60714285714286,46.42857142857143,41.07142857142857
fpc_formal_subesco_d18_f3_A,subesco,18,3,13,1.1853822813768176,1.811546669609531,56.25,48.214285714285715,35.714285714285715
fpc_formal_subesco_d18_f3_A,subesco,18,3,14,1.2001778096465934,1.8784652238168973,58.03571428571429,50.89285714285714,35.714285714285715
fpc_formal_subesco_d18_f3_A,subesco,18,3,15,1.0835445704588962,1.8974948987030977,61.60714285714286,51.78571428571429,37.5
fpc_formal_subesco_d18_f4_A,subesco,18,4,1,1.9157174898635962,1.9181057324044632,20.535714285714285,19.642857142857142,23.214285714285715
fpc_formal_subesco_d18_f4_A,subesco,18,4,2,1.81768266643954,1.8279840470511484,36.607142857142854,33.92857142857143,33.92857142857143
fpc_formal_subesco_d18_f4_A,subesco,18,4,3,1.6389151683535346,1.6678106661419858,39.285714285714285,41.07142857142857,39.285714285714285
fpc_formal_subesco_d18_f4_A,subesco,18,4,4,1.5586027597849774,1.5988500181311047,35.714285714285715,34.82142857142857,39.285714285714285
fpc_formal_subesco_d18_f4_A,subesco,18,4,5,1.5494110912060408,1.6111716251683579,38.392857142857146,39.285714285714285,33.92857142857143
fpc_formal_subesco_d18_f4_A,subesco,18,4,6,1.4874891790946954,1.557987639585535,39.285714285714285,39.285714285714285,35.714285714285715
fpc_formal_subesco_d18_f4_A,subesco,18,4,7,1.6329648148320828,1.773064849077382,50.0,36.607142857142854,32.142857142857146
fpc_formal_subesco_d18_f4_A,subesco,18,4,8,1.7154545989374288,1.8472489985228795,40.17857142857143,36.607142857142854,35.714285714285715
fpc_formal_subesco_d18_f4_A,subesco,18,4,9,1.5663498479093723,1.7604895211930025,43.75,40.17857142857143,35.714285714285715
fpc_formal_subesco_d18_f4_A,subesco,18,4,10,1.4652429814789383,1.5957300059925028,41.964285714285715,42.857142857142854,35.714285714285715
fpc_formal_subesco_d18_f4_A,subesco,18,4,11,1.5212250860541527,1.7882246129820263,46.42857142857143,39.285714285714285,41.07142857142857
fpc_formal_subesco_d18_f4_A,subesco,18,4,12,1.6889468951086073,1.980388489814371,45.535714285714285,38.392857142857146,39.285714285714285
fpc_formal_subesco_d18_f4_A,subesco,18,4,13,2.178032788007381,2.541383227923724,41.07142857142857,35.714285714285715,33.92857142857143
fpc_formal_subesco_d18_f4_A,subesco,18,4,14,1.5699113064357388,2.0557645916605294,50.0,41.07142857142857,44.642857142857146
fpc_formal_subesco_d18_f4_A,subesco,18,4,15,1.612870133782389,2.0255109381907923,45.535714285714285,42.857142857142854,41.07142857142857
fpc_formal_subesco_d19_f0_A,subesco,19,0,1,1.9288473282488388,1.9222293158340935,22.321428571428573,28.57142857142857,30.357142857142854
fpc_formal_subesco_d19_f0_A,subesco,19,0,2,1.883693998197671,1.871121476261497,29.464285714285715,39.285714285714285,33.92857142857143
fpc_formal_subesco_d19_f0_A,subesco,19,0,3,1.7564205686188157,1.7078764151456036,36.607142857142854,39.285714285714285,33.92857142857143
fpc_formal_subesco_d19_f0_A,subesco,19,0,4,1.5640974903562004,1.5267275718988915,40.17857142857143,36.607142857142854,41.07142857142857
fpc_formal_subesco_d19_f0_A,subesco,19,0,5,1.4435775190502886,1.473340987202619,41.964285714285715,40.17857142857143,35.714285714285715
fpc_formal_subesco_d19_f0_A,subesco,19,0,6,1.4188397165370474,1.3419857400573794,45.535714285714285,45.535714285714285,46.42857142857143
fpc_formal_subesco_d19_f0_A,subesco,19,0,7,1.272802051797267,1.2047847978855475,48.214285714285715,55.35714285714286,53.57142857142857
fpc_formal_subesco_d19_f0_A,subesco,19,0,8,1.268660887018871,1.145521662310152,51.78571428571429,50.89285714285714,60.71428571428571
fpc_formal_subesco_d19_f0_A,subesco,19,0,9,1.3471572534379608,1.2086579543525764,50.0,47.32142857142857,48.214285714285715
fpc_formal_subesco_d19_f0_A,subesco,19,0,10,1.58117094347722,1.2536592012379286,44.642857142857146,46.42857142857143,42.857142857142854
fpc_formal_subesco_d19_f0_A,subesco,19,0,11,1.5139200628297236,1.3347106139746434,49.107142857142854,44.642857142857146,46.42857142857143
fpc_formal_subesco_d19_f0_A,subesco,19,0,12,1.147702408725627,1.217549188944978,55.35714285714286,50.89285714285714,53.57142857142857
fpc_formal_subesco_d19_f0_A,subesco,19,0,13,1.6755842388236695,1.4297395335669394,48.214285714285715,43.75,44.642857142857146
fpc_formal_subesco_d19_f0_A,subesco,19,0,14,1.2656335075147669,1.1603204557451066,54.46428571428571,51.78571428571429,48.214285714285715
fpc_formal_subesco_d19_f0_A,subesco,19,0,15,1.173300874407871,1.2174288818592036,52.67857142857143,57.14285714285714,64.28571428571429
fpc_formal_subesco_d19_f1_A,subesco,19,1,1,1.915290740019502,1.915129733540486,34.82142857142857,34.82142857142857,25.0
fpc_formal_subesco_d19_f1_A,subesco,19,1,2,1.8562948513702426,1.8532803244527456,40.17857142857143,38.392857142857146,37.5
fpc_formal_subesco_d19_f1_A,subesco,19,1,3,1.6718896155620324,1.6872938314347914,31.25,32.142857142857146,30.357142857142854
fpc_formal_subesco_d19_f1_A,subesco,19,1,4,1.7242073117489316,1.5404482246201752,30.357142857142854,38.392857142857146,33.92857142857143
fpc_formal_subesco_d19_f1_A,subesco,19,1,5,1.5498600664618891,1.5452358914849849,39.285714285714285,35.714285714285715,41.07142857142857
fpc_formal_subesco_d19_f1_A,subesco,19,1,6,1.350725113353201,1.547151497872614,43.75,41.964285714285715,42.857142857142854
fpc_formal_subesco_d19_f1_A,subesco,19,1,7,1.2388699809787427,1.373102427643618,51.78571428571429,41.964285714285715,37.5
fpc_formal_subesco_d19_f1_A,subesco,19,1,8,1.2167427204674996,1.5947654331307497,53.57142857142857,46.42857142857143,42.857142857142854
fpc_formal_subesco_d19_f1_A,subesco,19,1,9,1.0532305861477,1.350188784359826,64.28571428571429,60.71428571428571,46.42857142857143
fpc_formal_subesco_d19_f1_A,subesco,19,1,10,1.4533326795650245,1.622233334723332,44.642857142857146,48.214285714285715,39.285714285714285
fpc_formal_subesco_d19_f1_A,subesco,19,1,11,1.3958516114115191,1.3976502488992715,52.67857142857143,52.67857142857143,42.857142857142854
fpc_formal_subesco_d19_f1_A,subesco,19,1,12,1.017666554748161,1.3306721181097505,63.39285714285714,60.71428571428571,46.42857142857143
fpc_formal_subesco_d19_f1_A,subesco,19,1,13,1.1690653289553177,1.496319503993748,60.71428571428571,58.03571428571429,48.214285714285715
fpc_formal_subesco_d19_f1_A,subesco,19,1,14,1.3862539373710874,1.680144433562703,53.57142857142857,53.57142857142857,51.78571428571429
fpc_formal_subesco_d19_f1_A,subesco,19,1,15,1.0314824041087458,1.5270047656834074,65.17857142857143,56.25,48.214285714285715
fpc_formal_subesco_d19_f2_A,subesco,19,2,1,1.921033072242391,1.9203964505275544,24.107142857142858,21.428571428571427,32.142857142857146
fpc_formal_subesco_d19_f2_A,subesco,19,2,2,1.8408018726831947,1.861768657738013,28.57142857142857,22.321428571428573,32.142857142857146
fpc_formal_subesco_d19_f2_A,subesco,19,2,3,1.627051225286408,1.7441439955827513,33.92857142857143,24.107142857142858,32.142857142857146
fpc_formal_subesco_d19_f2_A,subesco,19,2,4,1.7045486258853753,2.1096246204033506,32.142857142857146,26.785714285714285,30.357142857142854
fpc_formal_subesco_d19_f2_A,subesco,19,2,5,1.4973385579674112,1.854646635326123,44.642857142857146,25.892857142857146,50.0
fpc_formal_subesco_d19_f2_A,subesco,19,2,6,1.3396722970554706,1.5402900000008801,50.0,36.607142857142854,46.42857142857143
fpc_formal_subesco_d19_f2_A,subesco,19,2,7,1.3309351134183218,1.468505740634311,49.107142857142854,38.392857142857146,44.642857142857146
fpc_formal_subesco_d19_f2_A,subesco,19,2,8,1.1969995690606186,1.501154162565356,53.57142857142857,48.214285714285715,55.35714285714286
fpc_formal_subesco_d19_f2_A,subesco,19,2,9,1.2651296123493572,1.7235398162390674,52.67857142857143,39.285714285714285,50.0
fpc_formal_subesco_d19_f2_A,subesco,19,2,10,1.0984702697383197,1.442271221564021,62.5,51.78571428571429,57.14285714285714
fpc_formal_subesco_d19_f2_A,subesco,19,2,11,1.2822061944209544,1.9498097830754457,55.35714285714286,42.857142857142854,48.214285714285715
fpc_formal_subesco_d19_f2_A,subesco,19,2,12,1.3891440128454333,2.037381499637468,52.67857142857143,41.964285714285715,39.285714285714285
fpc_formal_subesco_d19_f2_A,subesco,19,2,13,1.135535004131843,1.7463568309096547,58.92857142857143,50.89285714285714,51.78571428571429
fpc_formal_subesco_d19_f2_A,subesco,19,2,14,1.097391031127468,1.5697009663382666,60.71428571428571,56.25,53.57142857142857
fpc_formal_subesco_d19_f2_A,subesco,19,2,15,1.2590198983075354,1.9537139149022578,61.60714285714286,48.214285714285715,60.71428571428571
fpc_formal_subesco_d19_f3_A,subesco,19,3,1,1.910508284963091,1.9188071710098167,30.357142857142854,30.357142857142854,23.214285714285715
fpc_formal_subesco_d19_f3_A,subesco,19,3,2,1.7652726257171543,1.782323803660193,26.785714285714285,26.785714285714285,26.785714285714285
fpc_formal_subesco_d19_f3_A,subesco,19,3,3,1.6282178874391697,1.622069625839688,38.392857142857146,32.142857142857146,23.214285714285715
fpc_formal_subesco_d19_f3_A,subesco,19,3,4,1.628259446710892,1.6517895144336312,36.607142857142854,36.607142857142854,30.357142857142854
fpc_formal_subesco_d19_f3_A,subesco,19,3,5,1.55103076784593,1.5587670212000528,35.714285714285715,33.035714285714285,30.357142857142854
fpc_formal_subesco_d19_f3_A,subesco,19,3,6,1.7466452483919441,1.7588707612564367,36.607142857142854,27.67857142857143,26.785714285714285
fpc_formal_subesco_d19_f3_A,subesco,19,3,7,1.3945165902031473,1.424667557455366,47.32142857142857,44.642857142857146,37.5
fpc_formal_subesco_d19_f3_A,subesco,19,3,8,1.3185550398344574,1.392140538973299,47.32142857142857,47.32142857142857,48.214285714285715
fpc_formal_subesco_d19_f3_A,subesco,19,3,9,1.4856498733944348,1.6311840559103525,49.107142857142854,41.07142857142857,46.42857142857143
fpc_formal_subesco_d19_f3_A,subesco,19,3,10,1.5086872566804885,1.6186503004692512,49.107142857142854,42.857142857142854,39.285714285714285
fpc_formal_subesco_d19_f3_A,subesco,19,3,11,1.513922948198006,1.655156717273629,50.0,44.642857142857146,39.285714285714285
fpc_formal_subesco_d19_f3_A,subesco,19,3,12,1.589968978667137,1.684582941460984,47.32142857142857,48.214285714285715,41.07142857142857
fpc_formal_subesco_d19_f3_A,subesco,19,3,13,1.6954455875224694,1.8522379545952903,53.57142857142857,49.107142857142854,41.07142857142857
fpc_formal_subesco_d19_f3_A,subesco,19,3,14,1.6868456363198674,1.8828657870343288,54.46428571428571,47.32142857142857,37.5
fpc_formal_subesco_d19_f3_A,subesco,19,3,15,1.7173262825927966,1.9407458956087023,50.89285714285714,42.857142857142854,44.642857142857146
fpc_formal_subesco_d19_f4_A,subesco,19,4,1,1.9046501051036155,1.9107380303035935,23.214285714285715,20.535714285714285,19.642857142857142
fpc_formal_subesco_d19_f4_A,subesco,19,4,2,1.7721480698479541,1.8282915682602787,33.035714285714285,20.535714285714285,26.785714285714285
fpc_formal_subesco_d19_f4_A,subesco,19,4,3,1.6935760818680834,1.9102312416374019,34.82142857142857,21.428571428571427,30.357142857142854
fpc_formal_subesco_d19_f4_A,subesco,19,4,4,1.5494437478579823,1.7762222353389165,43.75,33.92857142857143,41.07142857142857
fpc_formal_subesco_d19_f4_A,subesco,19,4,5,1.341699788096046,1.6192683293147216,45.535714285714285,40.17857142857143,44.642857142857146
fpc_formal_subesco_d19_f4_A,subesco,19,4,6,1.4753662619651071,1.8166908610900616,45.535714285714285,37.5,44.642857142857146
fpc_formal_subesco_d19_f4_A,subesco,19,4,7,1.3945478457249223,1.7593634731074228,46.42857142857143,40.17857142857143,42.857142857142854
fpc_formal_subesco_d19_f4_A,subesco,19,4,8,1.1213254784600692,1.5910463777777193,55.35714285714286,41.07142857142857,46.42857142857143
fpc_formal_subesco_d19_f4_A,subesco,19,4,9,1.0531347275721592,1.6047473978872908,55.35714285714286,41.07142857142857,42.857142857142854
fpc_formal_subesco_d19_f4_A,subesco,19,4,10,1.0099748165221154,1.6057388042340095,58.92857142857143,49.107142857142854,46.42857142857143
fpc_formal_subesco_d19_f4_A,subesco,19,4,11,1.1898975192106893,1.7747797354615729,58.03571428571429,41.964285714285715,46.42857142857143
fpc_formal_subesco_d19_f4_A,subesco,19,4,12,1.5793826931690538,2.162211105129113,50.89285714285714,38.392857142857146,41.07142857142857
fpc_formal_subesco_d19_f4_A,subesco,19,4,13,1.2804307324047364,1.8001136738103043,60.71428571428571,44.642857142857146,44.642857142857146
fpc_formal_subesco_d19_f4_A,subesco,19,4,14,1.3596391246697055,1.8886280839551997,57.14285714285714,42.857142857142854,42.857142857142854
fpc_formal_subesco_d19_f4_A,subesco,19,4,15,1.6904650764465416,2.279101623188139,53.57142857142857,39.285714285714285,46.42857142857143
fpc_formal_subesco_d20_f0_A,subesco,20,0,1,1.8871263960167624,1.9048928194262038,17.857142857142858,22.321428571428573,16.071428571428573
fpc_formal_subesco_d20_f0_A,subesco,20,0,2,1.7609435389549013,1.8057474121844455,28.57142857142857,26.785714285714285,23.214285714285715
fpc_formal_subesco_d20_f0_A,subesco,20,0,3,1.62676741601102,1.7569399071218972,31.25,28.57142857142857,33.92857142857143
fpc_formal_subesco_d20_f0_A,subesco,20,0,4,1.5308023754733129,1.7181877037312199,42.857142857142854,33.92857142857143,33.92857142857143
fpc_formal_subesco_d20_f0_A,subesco,20,0,5,1.391406840778974,1.6477364439549025,47.32142857142857,33.035714285714285,41.07142857142857
fpc_formal_subesco_d20_f0_A,subesco,20,0,6,1.4118691954120084,1.6700282762689018,48.214285714285715,40.17857142857143,42.857142857142854
fpc_formal_subesco_d20_f0_A,subesco,20,0,7,1.3395028470524166,1.7083402676709605,44.642857142857146,32.142857142857146,35.714285714285715
fpc_formal_subesco_d20_f0_A,subesco,20,0,8,1.256121832091789,1.657328779958773,48.214285714285715,40.17857142857143,39.285714285714285
fpc_formal_subesco_d20_f0_A,subesco,20,0,9,1.2786351443629616,1.7214683390705365,54.46428571428571,41.07142857142857,44.642857142857146
fpc_formal_subesco_d20_f0_A,subesco,20,0,10,1.2578258479607933,1.769251591886599,55.35714285714286,45.535714285714285,46.42857142857143
fpc_formal_subesco_d20_f0_A,subesco,20,0,11,1.1560731230512584,1.7777957927055705,58.92857142857143,41.07142857142857,44.642857142857146
fpc_formal_subesco_d20_f0_A,subesco,20,0,12,1.1298458328044185,1.8414055969637713,58.92857142857143,46.42857142857143,50.0
fpc_formal_subesco_d20_f0_A,subesco,20,0,13,1.2431097030125196,2.0022052716175063,60.71428571428571,39.285714285714285,39.285714285714285
fpc_formal_subesco_d20_f0_A,subesco,20,0,14,1.3343153326891417,2.1026560024742222,60.71428571428571,44.642857142857146,44.642857142857146
fpc_formal_subesco_d20_f0_A,subesco,20,0,15,1.4438565135221384,2.158187682280975,55.35714285714286,46.42857142857143,48.214285714285715
fpc_formal_subesco_d20_f1_A,subesco,20,1,1,1.916877532930897,1.9247995664636215,26.785714285714285,21.428571428571427,26.785714285714285
fpc_formal_subesco_d20_f1_A,subesco,20,1,2,1.827152638644496,1.8452663353882184,38.392857142857146,28.57142857142857,33.92857142857143
fpc_formal_subesco_d20_f1_A,subesco,20,1,3,1.7043135298920735,1.746385794855067,29.464285714285715,25.0,30.357142857142854
fpc_formal_subesco_d20_f1_A,subesco,20,1,4,1.5038666298334264,1.5550151539235626,41.07142857142857,36.607142857142854,30.357142857142854
fpc_formal_subesco_d20_f1_A,subesco,20,1,5,1.4295299456435124,1.5137149909473036,46.42857142857143,38.392857142857146,39.285714285714285
fpc_formal_subesco_d20_f1_A,subesco,20,1,6,1.630927389512072,1.7494314875217403,37.5,35.714285714285715,35.714285714285715
fpc_formal_subesco_d20_f1_A,subesco,20,1,7,1.4692279010994658,1.687430144631956,47.32142857142857,38.392857142857146,32.142857142857146
fpc_formal_subesco_d20_f1_A,subesco,20,1,8,1.5110493374681577,1.6156254871967477,46.42857142857143,40.17857142857143,51.78571428571429
fpc_formal_subesco_d20_f1_A,subesco,20,1,9,1.5632537044514514,1.7898621322718191,45.535714285714285,41.964285714285715,35.714285714285715
fpc_formal_subesco_d20_f1_A,subesco,20,1,10,1.775881378822857,1.9139851850777454,41.07142857142857,39.285714285714285,55.35714285714286
fpc_formal_subesco_d20_f1_A,subesco,20,1,11,1.476384697019667,1.5672458265950489,50.89285714285714,48.214285714285715,51.78571428571429
fpc_formal_subesco_d20_f1_A,subesco,20,1,12,1.4594612948142651,1.6587943490379964,50.0,45.535714285714285,48.214285714285715
fpc_formal_subesco_d20_f1_A,subesco,20,1,13,1.6401273912576333,1.6683107233311816,51.78571428571429,50.0,51.78571428571429
fpc_formal_subesco_d20_f1_A,subesco,20,1,14,1.3394211123839834,1.5398823004598559,55.35714285714286,52.67857142857143,42.857142857142854
fpc_formal_subesco_d20_f1_A,subesco,20,1,15,1.6361837950613851,1.7552207936480297,50.89285714285714,50.0,53.57142857142857
fpc_formal_subesco_d20_f2_A,subesco,20,2,1,1.8965786246321794,1.913622126577151,30.357142857142854,27.67857142857143,26.785714285714285
fpc_formal_subesco_d20_f2_A,subesco,20,2,2,1.7475843082506342,1.816360520022235,32.142857142857146,27.67857142857143,28.57142857142857
fpc_formal_subesco_d20_f2_A,subesco,20,2,3,1.5753386565151004,1.8494525274474873,33.92857142857143,31.25,30.357142857142854
fpc_formal_subesco_d20_f2_A,subesco,20,2,4,1.4955831235394472,1.925080438271601,38.392857142857146,31.25,26.785714285714285
fpc_formal_subesco_d20_f2_A,subesco,20,2,5,1.3165895086717196,1.8125308699627527,47.32142857142857,34.82142857142857,35.714285714285715
fpc_formal_subesco_d20_f2_A,subesco,20,2,6,1.2445411208938775,1.7498881354332572,46.42857142857143,39.285714285714285,42.857142857142854
fpc_formal_subesco_d20_f2_A,subesco,20,2,7,1.1766517686833617,1.7205300020794012,48.214285714285715,41.964285714285715,41.07142857142857
fpc_formal_subesco_d20_f2_A,subesco,20,2,8,1.1044498246859276,1.8461752114803207,61.60714285714286,37.5,50.0
fpc_formal_subesco_d20_f2_A,subesco,20,2,9,1.1980544382520282,2.032419784099207,50.89285714285714,39.285714285714285,39.285714285714285
fpc_formal_subesco_d20_f2_A,subesco,20,2,10,1.111724213901314,2.1094182543596567,59.82142857142857,35.714285714285715,50.0
fpc_formal_subesco_d20_f2_A,subesco,20,2,11,1.470457045632047,2.4655841150055062,45.535714285714285,33.035714285714285,42.857142857142854
fpc_formal_subesco_d20_f2_A,subesco,20,2,12,1.219180031271976,2.0724850025180905,55.35714285714286,39.285714285714285,46.42857142857143
fpc_formal_subesco_d20_f2_A,subesco,20,2,13,1.3826149738334632,2.4694623069356916,49.107142857142854,33.92857142857143,44.642857142857146
fpc_formal_subesco_d20_f2_A,subesco,20,2,14,1.351069988313153,2.2835548312827374,51.78571428571429,34.82142857142857,42.857142857142854
fpc_formal_subesco_d20_f2_A,subesco,20,2,15,1.2353601893279615,2.691302602617603,60.71428571428571,32.142857142857146,42.857142857142854
fpc_formal_subesco_d20_f3_A,subesco,20,3,1,1.8929249309581053,1.894820735390762,30.357142857142854,20.535714285714285,25.0
fpc_formal_subesco_d20_f3_A,subesco,20,3,2,1.7584317754167174,1.7549989943216582,33.92857142857143,32.142857142857146,21.428571428571427
fpc_formal_subesco_d20_f3_A,subesco,20,3,3,1.5580510755687687,1.589994333842252,38.392857142857146,33.92857142857143,32.142857142857146
fpc_formal_subesco_d20_f3_A,subesco,20,3,4,1.4689435569810025,1.5036852999713584,45.535714285714285,39.285714285714285,33.92857142857143
fpc_formal_subesco_d20_f3_A,subesco,20,3,5,1.5098391647060168,1.5468269729635733,44.642857142857146,40.17857142857143,30.357142857142854
fpc_formal_subesco_d20_f3_A,subesco,20,3,6,1.3538744350923935,1.6194275150272885,48.214285714285715,37.5,39.285714285714285
fpc_formal_subesco_d20_f3_A,subesco,20,3,7,1.0874013655850676,1.4312256233585907,58.92857142857143,47.32142857142857,37.5
fpc_formal_subesco_d20_f3_A,subesco,20,3,8,0.9729264828818734,1.3938852012884533,63.39285714285714,47.32142857142857,32.142857142857146
fpc_formal_subesco_d20_f3_A,subesco,20,3,9,1.6952362886619123,1.6962602180020616,41.07142857142857,50.0,33.92857142857143
fpc_formal_subesco_d20_f3_A,subesco,20,3,10,1.3980863303587197,1.4848198559021597,54.46428571428571,58.03571428571429,39.285714285714285
fpc_formal_subesco_d20_f3_A,subesco,20,3,11,1.585880317007889,1.7375409755062194,55.35714285714286,54.46428571428571,41.07142857142857
fpc_formal_subesco_d20_f3_A,subesco,20,3,12,1.28733953414889,1.444618385403744,58.03571428571429,56.25,39.285714285714285
fpc_formal_subesco_d20_f3_A,subesco,20,3,13,1.7139726765703647,2.001980999125028,51.78571428571429,50.0,39.285714285714285
fpc_formal_subesco_d20_f3_A,subesco,20,3,14,1.9487459048873181,2.0086844700788937,47.32142857142857,52.67857142857143,39.285714285714285
fpc_formal_subesco_d20_f3_A,subesco,20,3,15,1.9191484198188373,2.223767635127582,54.46428571428571,49.107142857142854,35.714285714285715
fpc_formal_subesco_d20_f4_A,subesco,20,4,1,1.9244315362539797,1.9290672718143251,24.107142857142858,20.535714285714285,14.285714285714285
fpc_formal_subesco_d20_f4_A,subesco,20,4,2,1.8566104323531116,1.853477802106401,32.142857142857146,28.57142857142857,28.57142857142857
fpc_formal_subesco_d20_f4_A,subesco,20,4,3,1.7486844266346946,1.7256853481034757,30.357142857142854,33.035714285714285,32.142857142857146
fpc_formal_subesco_d20_f4_A,subesco,20,4,4,1.6310073397768312,1.600593664925325,32.142857142857146,37.5,33.92857142857143
fpc_formal_subesco_d20_f4_A,subesco,20,4,5,1.4686250187716101,1.4356212547519092,39.285714285714285,45.535714285714285,39.285714285714285
fpc_formal_subesco_d20_f4_A,subesco,20,4,6,1.6512378845435638,1.504235568687536,33.92857142857143,41.07142857142857,32.142857142857146
fpc_formal_subesco_d20_f4_A,subesco,20,4,7,1.5611508282019453,1.4568554905530102,36.607142857142854,42.857142857142854,30.357142857142854
fpc_formal_subesco_d20_f4_A,subesco,20,4,8,1.5207523389087547,1.3903117212749763,42.857142857142854,52.67857142857143,46.42857142857143
fpc_formal_subesco_d20_f4_A,subesco,20,4,9,1.5764592188831883,1.3940064063284463,49.107142857142854,54.46428571428571,46.42857142857143
fpc_formal_subesco_d20_f4_A,subesco,20,4,10,1.3071690269613971,1.3266677475377266,47.32142857142857,52.67857142857143,30.357142857142854
fpc_formal_subesco_d20_f4_A,subesco,20,4,11,1.2756836549351753,1.3232607529759373,58.03571428571429,55.35714285714286,51.78571428571429
fpc_formal_subesco_d20_f4_A,subesco,20,4,12,1.3160920921408306,1.3386426430959126,52.67857142857143,58.03571428571429,46.42857142857143
fpc_formal_subesco_d20_f4_A,subesco,20,4,13,1.7078027257415305,1.5750086838871522,50.0,54.46428571428571,42.857142857142854
fpc_formal_subesco_d20_f4_A,subesco,20,4,14,1.2160700617194322,1.2712067174002009,56.25,58.03571428571429,50.0
fpc_formal_subesco_d20_f4_A,subesco,20,4,15,1.10029068136171,1.393448841352661,60.71428571428571,57.14285714285714,42.857142857142854
fpc_formal_subesco_d21_f0_A,subesco,21,0,1,1.8919515743341064,1.9190703226210764,26.785714285714285,21.428571428571427,26.785714285714285
fpc_formal_subesco_d21_f0_A,subesco,21,0,2,1.78666170729858,1.8050645938936734,33.035714285714285,23.214285714285715,23.214285714285715
fpc_formal_subesco_d21_f0_A,subesco,21,0,3,1.5955766968140987,1.6211115208042302,40.17857142857143,34.82142857142857,28.57142857142857
fpc_formal_subesco_d21_f0_A,subesco,21,0,4,1.6642401131843871,1.728302160860535,35.714285714285715,30.357142857142854,30.357142857142854
fpc_formal_subesco_d21_f0_A,subesco,21,0,5,1.5384292282515755,1.608872279415218,39.285714285714285,35.714285714285715,32.142857142857146
fpc_formal_subesco_d21_f0_A,subesco,21,0,6,1.596542539348891,1.6791474002738684,41.07142857142857,39.285714285714285,33.92857142857143
fpc_formal_subesco_d21_f0_A,subesco,21,0,7,1.6020387581965152,1.7280343391313857,43.75,40.17857142857143,37.5
fpc_formal_subesco_d21_f0_A,subesco,21,0,8,1.5678115559544334,1.8365270919704244,44.642857142857146,39.285714285714285,35.714285714285715
fpc_formal_subesco_d21_f0_A,subesco,21,0,9,1.6196745068012284,1.8465538553341776,48.214285714285715,42.857142857142854,39.285714285714285
fpc_formal_subesco_d21_f0_A,subesco,21,0,10,2.0715524794466726,2.364454986467998,46.42857142857143,34.82142857142857,32.142857142857146
fpc_formal_subesco_d21_f0_A,subesco,21,0,11,1.8868321732191158,2.179312253394103,41.07142857142857,37.5,37.5
fpc_formal_subesco_d21_f0_A,subesco,21,0,12,1.392349231210059,1.7975677263449217,55.35714285714286,42.857142857142854,46.42857142857143
fpc_formal_subesco_d21_f0_A,subesco,21,0,13,1.6383188458156124,2.0921788595817175,50.89285714285714,43.75,39.285714285714285
fpc_formal_subesco_d21_f0_A,subesco,21,0,14,1.5176953074409987,2.0586564714187623,55.35714285714286,42.857142857142854,41.07142857142857
fpc_formal_subesco_d21_f0_A,subesco,21,0,15,1.6775794838349956,2.254706871006484,53.57142857142857,41.07142857142857,41.07142857142857
fpc_formal_subesco_d21_f1_A,subesco,21,1,1,1.9266068057992978,1.931708414857546,16.964285714285715,14.285714285714285,14.285714285714285
fpc_formal_subesco_d21_f1_A,subesco,21,1,2,1.8803409543644538,1.9043801140863383,28.57142857142857,23.214285714285715,25.0
fpc_formal_subesco_d21_f1_A,subesco,21,1,3,1.6485515706369367,1.7772045310669828,34.82142857142857,28.57142857142857,33.92857142857143
fpc_formal_subesco_d21_f1_A,subesco,21,1,4,1.5960002086286866,1.835844672871011,32.142857142857146,29.464285714285715,30.357142857142854
fpc_formal_subesco_d21_f1_A,subesco,21,1,5,1.601864999775703,1.8752982008431585,34.82142857142857,33.92857142857143,30.357142857142854
fpc_formal_subesco_d21_f1_A,subesco,21,1,6,1.466178084670695,1.687096648167923,35.714285714285715,33.92857142857143,30.357142857142854
fpc_formal_subesco_d21_f1_A,subesco,21,1,7,1.7107791980560765,2.0126870966842656,33.035714285714285,34.82142857142857,26.785714285714285
fpc_formal_subesco_d21_f1_A,subesco,21,1,8,1.7576838203640446,2.096456864800387,36.607142857142854,38.392857142857146,35.714285714285715
fpc_formal_subesco_d21_f1_A,subesco,21,1,9,1.4349745210675593,1.703388982826948,45.535714285714285,43.75,44.642857142857146
fpc_formal_subesco_d21_f1_A,subesco,21,1,10,1.4192946161873745,1.8421990385434992,49.107142857142854,38.392857142857146,44.642857142857146
fpc_formal_subesco_d21_f1_A,subesco,21,1,11,1.4622273575833447,1.9194232857886984,47.32142857142857,39.285714285714285,48.214285714285715
fpc_formal_subesco_d21_f1_A,subesco,21,1,12,1.4180777690508564,1.7571268687464208,51.78571428571429,46.42857142857143,44.642857142857146
fpc_formal_subesco_d21_f1_A,subesco,21,1,13,1.4831416037250011,1.786786444574116,49.107142857142854,47.32142857142857,44.642857142857146
fpc_formal_subesco_d21_f1_A,subesco,21,1,14,1.355787444682018,1.852958415790045,50.89285714285714,42.857142857142854,50.0
fpc_formal_subesco_d21_f1_A,subesco,21,1,15,1.4943690199231612,2.1823700538478676,49.107142857142854,38.392857142857146,48.214285714285715
fpc_formal_subesco_d21_f2_A,subesco,21,2,1,1.9159197046465695,1.9273525311699413,21.428571428571427,18.75,19.642857142857142
fpc_formal_subesco_d21_f2_A,subesco,21,2,2,1.8156092307439622,1.8739919987576417,31.25,25.892857142857146,32.142857142857146
fpc_formal_subesco_d21_f2_A,subesco,21,2,3,1.51830733970728,1.834935120045609,35.714285714285715,30.357142857142854,30.357142857142854
fpc_formal_subesco_d21_f2_A,subesco,21,2,4,1.4132558354421403,1.7314283347508783,37.5,32.142857142857146,39.285714285714285
fpc_formal_subesco_d21_f2_A,subesco,21,2,5,1.332367446436311,1.7390281362360176,43.75,35.714285714285715,41.07142857142857
fpc_formal_subesco_d21_f2_A,subesco,21,2,6,1.2318974588100993,1.6940678096514685,50.89285714285714,38.392857142857146,48.214285714285715
fpc_formal_subesco_d21_f2_A,subesco,21,2,7,1.1804434365521668,1.8705270749719847,45.535714285714285,36.607142857142854,37.5
fpc_formal_subesco_d21_f2_A,subesco,21,2,8,1.0480828341267165,1.8328544065650583,61.60714285714286,41.07142857142857,46.42857142857143
fpc_formal_subesco_d21_f2_A,subesco,21,2,9,1.0110521307576095,1.8232911549723352,57.14285714285714,39.285714285714285,46.42857142857143
fpc_formal_subesco_d21_f2_A,subesco,21,2,10,1.2999971810705426,2.111872840469885,47.32142857142857,41.964285714285715,41.07142857142857
fpc_formal_subesco_d21_f2_A,subesco,21,2,11,1.119751738548567,2.1912116253179366,59.82142857142857,42.857142857142854,42.857142857142854
fpc_formal_subesco_d21_f2_A,subesco,21,2,12,1.025770627299003,1.948643711561756,58.03571428571429,45.535714285714285,44.642857142857146
fpc_formal_subesco_d21_f2_A,subesco,21,2,13,0.8771806242404264,1.8198860414193507,67.85714285714286,44.642857142857146,41.07142857142857
fpc_formal_subesco_d21_f2_A,subesco,21,2,14,0.8669386468071744,1.9545227758478327,69.64285714285714,40.17857142857143,41.07142857142857
fpc_formal_subesco_d21_f2_A,subesco,21,2,15,1.110444167190491,2.2201074962752716,57.14285714285714,46.42857142857143,42.857142857142854
fpc_formal_subesco_d21_f3_A,subesco,21,3,1,1.8907069576013644,1.907842471448611,37.5,25.892857142857146,37.5
fpc_formal_subesco_d21_f3_A,subesco,21,3,2,1.6994624544435255,1.775077345512033,36.607142857142854,25.892857142857146,30.357142857142854
fpc_formal_subesco_d21_f3_A,subesco,21,3,3,1.6228714427917532,1.6102324093924156,36.607142857142854,30.357142857142854,28.57142857142857
fpc_formal_subesco_d21_f3_A,subesco,21,3,4,1.396705655493339,1.5682185113641893,50.0,33.035714285714285,32.142857142857146
fpc_formal_subesco_d21_f3_A,subesco,21,3,5,1.3863748086801937,1.5527987395768525,42.857142857142854,28.57142857142857,41.07142857142857
fpc_formal_subesco_d21_f3_A,subesco,21,3,6,1.4629654251476403,1.5288421703804942,41.964285714285715,33.92857142857143,44.642857142857146
fpc_formal_subesco_d21_f3_A,subesco,21,3,7,1.1879905501981316,1.560162496357904,50.0,34.82142857142857,53.57142857142857
fpc_formal_subesco_d21_f3_A,subesco,21,3,8,1.643004679500954,1.5733742232687415,42.857142857142854,36.607142857142854,46.42857142857143
fpc_formal_subesco_d21_f3_A,subesco,21,3,9,1.192520576929905,1.5161939064315557,50.89285714285714,41.964285714285715,44.642857142857146
fpc_formal_subesco_d21_f3_A,subesco,21,3,10,1.6475004458640454,1.7945908283230854,43.75,34.82142857142857,39.285714285714285
fpc_formal_subesco_d21_f3_A,subesco,21,3,11,1.8831098908615413,1.9065760545851016,46.42857142857143,39.285714285714285,46.42857142857143
fpc_formal_subesco_d21_f3_A,subesco,21,3,12,1.460697972682875,1.7466361348703587,52.67857142857143,40.17857142857143,50.0
fpc_formal_subesco_d21_f3_A,subesco,21,3,13,1.6169028515677633,1.8067323111690463,51.78571428571429,41.964285714285715,46.42857142857143
fpc_formal_subesco_d21_f3_A,subesco,21,3,14,1.7191205598299801,2.03629704663112,52.67857142857143,40.17857142857143,51.78571428571429
fpc_formal_subesco_d21_f3_A,subesco,21,3,15,1.9847519448507467,2.167925302911645,50.0,40.17857142857143,48.214285714285715
fpc_formal_subesco_d21_f4_A,subesco,21,4,1,1.9114396877682336,1.914305229107263,26.785714285714285,22.321428571428573,10.714285714285714
fpc_formal_subesco_d21_f4_A,subesco,21,4,2,1.801713070048524,1.7958992961327325,25.0,27.67857142857143,28.57142857142857
fpc_formal_subesco_d21_f4_A,subesco,21,4,3,1.7750123043808748,1.8057220314644205,27.67857142857143,27.67857142857143,32.142857142857146
fpc_formal_subesco_d21_f4_A,subesco,21,4,4,1.7406008264950839,1.8826289587369531,28.57142857142857,29.464285714285715,25.0
fpc_formal_subesco_d21_f4_A,subesco,21,4,5,2.085734774584226,2.1955085541096406,28.57142857142857,32.142857142857146,21.428571428571427
fpc_formal_subesco_d21_f4_A,subesco,21,4,6,1.691686863368859,1.9591883265668453,34.82142857142857,30.357142857142854,30.357142857142854
fpc_formal_subesco_d21_f4_A,subesco,21,4,7,1.866636508263181,2.180742989909733,33.92857142857143,31.25,25.0
fpc_formal_subesco_d21_f4_A,subesco,21,4,8,1.4910126062613636,1.849118608764419,38.392857142857146,39.285714285714285,41.07142857142857
fpc_formal_subesco_d21_f4_A,subesco,21,4,9,1.9274186608730581,2.172833258680396,34.82142857142857,33.92857142857143,37.5
fpc_formal_subesco_d21_f4_A,subesco,21,4,10,1.6931657769260384,2.1078995891253793,40.17857142857143,37.5,30.357142857142854
fpc_formal_subesco_d21_f4_A,subesco,21,4,11,1.6804355272201443,1.916079611072819,39.285714285714285,43.75,35.714285714285715
fpc_formal_subesco_d21_f4_A,subesco,21,4,12,1.8570463584946943,2.2207084579946943,39.285714285714285,37.5,30.357142857142854
fpc_formal_subesco_d21_f4_A,subesco,21,4,13,1.7645193743488734,2.055748173792909,42.857142857142854,38.392857142857146,41.07142857142857
fpc_formal_subesco_d21_f4_A,subesco,21,4,14,2.0907092193308974,2.446312790470578,41.07142857142857,40.17857142857143,39.285714285714285
fpc_formal_subesco_d21_f4_A,subesco,21,4,15,2.1360404405365556,2.381044014193004,39.285714285714285,39.285714285714285,41.07142857142857
fpc_formal_subesco_d22_f0_A,subesco,22,0,1,1.9131652772596108,1.9256905230364012,32.142857142857146,23.214285714285715,19.642857142857142
fpc_formal_subesco_d22_f0_A,subesco,22,0,2,1.805414076484602,1.8581918928482979,27.67857142857143,23.214285714285715,26.785714285714285
fpc_formal_subesco_d22_f0_A,subesco,22,0,3,1.6181458942041662,1.8375475082510384,36.607142857142854,25.892857142857146,26.785714285714285
fpc_formal_subesco_d22_f0_A,subesco,22,0,4,1.8827872509256487,2.2185740076215783,25.892857142857146,26.785714285714285,25.0
fpc_formal_subesco_d22_f0_A,subesco,22,0,5,1.5552348859098861,1.9463403051731325,40.17857142857143,30.357142857142854,32.142857142857146
fpc_formal_subesco_d22_f0_A,subesco,22,0,6,1.3417509547018958,1.8040791930968598,46.42857142857143,36.607142857142854,30.357142857142854
fpc_formal_subesco_d22_f0_A,subesco,22,0,7,1.2159947370703168,1.7512441178940412,53.57142857142857,40.17857142857143,30.357142857142854
fpc_formal_subesco_d22_f0_A,subesco,22,0,8,1.5388369737128886,2.0224245768345734,41.964285714285715,34.82142857142857,33.92857142857143
fpc_formal_subesco_d22_f0_A,subesco,22,0,9,1.2338461776781482,1.7856312920122934,52.67857142857143,42.857142857142854,33.92857142857143
fpc_formal_subesco_d22_f0_A,subesco,22,0,10,1.1644255950012752,1.7876180408204452,53.57142857142857,41.964285714285715,37.5
fpc_formal_subesco_d22_f0_A,subesco,22,0,11,1.1847401209372916,1.7638866330436602,56.25,45.535714285714285,32.142857142857146
fpc_formal_subesco_d22_f0_A,subesco,22,0,12,1.486664499684782,2.2740159045585844,50.89285714285714,39.285714285714285,35.714285714285715
fpc_formal_subesco_d22_f0_A,subesco,22,0,13,1.5785074864265811,2.4711854045184287,51.78571428571429,39.285714285714285,35.714285714285715
fpc_formal_subesco_d22_f0_A,subesco,22,0,14,1.5176105736004497,2.3400317887873285,55.35714285714286,43.75,35.714285714285715
fpc_formal_subesco_d22_f0_A,subesco,22,0,15,1.412044093271111,2.1898586986100783,55.35714285714286,47.32142857142857,39.285714285714285
fpc_formal_subesco_d22_f1_A,subesco,22,1,1,1.9208110181664708,1.9158092106839801,30.357142857142854,27.67857142857143,25.0
fpc_formal_subesco_d22_f1_A,subesco,22,1,2,1.8629680069025931,1.8594011835271698,24.107142857142858,29.464285714285715,26.785714285714285
fpc_formal_subesco_d22_f1_A,subesco,22,1,3,1.6073304504615078,1.64702455851243,42.857142857142854,34.82142857142857,28.57142857142857
fpc_formal_subesco_d22_f1_A,subesco,22,1,4,1.5561506078513427,1.6162198908052308,31.25,37.5,35.714285714285715
fpc_formal_subesco_d22_f1_A,subesco,22,1,5,1.4642827632209017,1.567950690095579,39.285714285714285,34.82142857142857,42.857142857142854
fpc_formal_subesco_d22_f1_A,subesco,22,1,6,1.4642579702929477,1.5973854940894594,41.964285714285715,38.392857142857146,35.714285714285715
fpc_formal_subesco_d22_f1_A,subesco,22,1,7,1.586819170869307,1.6362970563325685,38.392857142857146,41.964285714285715,44.642857142857146
fpc_formal_subesco_d22_f1_A,subesco,22,1,8,1.3034082499119748,1.4847579734831393,47.32142857142857,54.46428571428571,44.642857142857146
fpc_formal_subesco_d22_f1_A,subesco,22,1,9,1.8923944503321657,2.0033155703727976,35.714285714285715,38.392857142857146,37.5
fpc_formal_subesco_d22_f1_A,subesco,22,1,10,1.3014517462427235,1.559073266547869,49.107142857142854,50.0,44.642857142857146
fpc_formal_subesco_d22_f1_A,subesco,22,1,11,1.49732232924824,1.6872614219489803,47.32142857142857,43.75,48.214285714285715
fpc_formal_subesco_d22_f1_A,subesco,22,1,12,1.4300718898969136,1.6599143704797423,51.78571428571429,46.42857142857143,44.642857142857146
fpc_formal_subesco_d22_f1_A,subesco,22,1,13,1.4625210512708355,1.7221040814723554,50.89285714285714,46.42857142857143,39.285714285714285
fpc_formal_subesco_d22_f1_A,subesco,22,1,14,1.8159570750401899,2.050056177651979,45.535714285714285,36.607142857142854,37.5
fpc_formal_subesco_d22_f1_A,subesco,22,1,15,1.598953950498031,1.8713385780658425,49.107142857142854,48.214285714285715,46.42857142857143
fpc_formal_subesco_d22_f2_A,subesco,22,2,1,1.9329624323374677,1.940214849424437,16.964285714285715,16.071428571428573,14.285714285714285
fpc_formal_subesco_d22_f2_A,subesco,22,2,2,1.8959734168262716,1.9091422794118114,29.464285714285715,27.67857142857143,28.57142857142857
fpc_formal_subesco_d22_f2_A,subesco,22,2,3,1.7738489893592337,1.8167471643983302,26.785714285714285,26.785714285714285,23.214285714285715
fpc_formal_subesco_d22_f2_A,subesco,22,2,4,1.7361323015730636,1.817399410832264,28.57142857142857,25.892857142857146,26.785714285714285
fpc_formal_subesco_d22_f2_A,subesco,22,2,5,1.7810181082804275,1.8702447183719109,29.464285714285715,25.892857142857146,32.142857142857146
fpc_formal_subesco_d22_f2_A,subesco,22,2,6,1.6072061419458141,1.7132988414417416,41.07142857142857,30.357142857142854,42.857142857142854
fpc_formal_subesco_d22_f2_A,subesco,22,2,7,1.2729354228104592,1.4089232869492752,44.642857142857146,44.642857142857146,42.857142857142854
fpc_formal_subesco_d22_f2_A,subesco,22,2,8,1.539520711006223,1.7304652412566597,47.32142857142857,41.07142857142857,37.5
fpc_formal_subesco_d22_f2_A,subesco,22,2,9,1.6369263332760653,1.8315339386676464,44.642857142857146,38.392857142857146,42.857142857142854
fpc_formal_subesco_d22_f2_A,subesco,22,2,10,1.321903917252181,1.5369802803812216,47.32142857142857,45.535714285714285,39.285714285714285
fpc_formal_subesco_d22_f2_A,subesco,22,2,11,1.3383917347043324,1.566893608692944,49.107142857142854,46.42857142857143,46.42857142857143
fpc_formal_subesco_d22_f2_A,subesco,22,2,12,1.365736669115798,1.535135954851117,48.214285714285715,49.107142857142854,46.42857142857143
fpc_formal_subesco_d22_f2_A,subesco,22,2,13,1.5920174027651086,1.8112460603526646,50.0,36.607142857142854,39.285714285714285
fpc_formal_subesco_d22_f2_A,subesco,22,2,14,1.5372722259581926,1.774808532712224,46.42857142857143,46.42857142857143,42.857142857142854
fpc_formal_subesco_d22_f2_A,subesco,22,2,15,1.3310556898667036,1.467496692246872,50.0,55.35714285714286,50.0
fpc_formal_subesco_d22_f3_A,subesco,22,3,1,1.898608728211006,1.9145483351476298,36.607142857142854,25.892857142857146,26.785714285714285
fpc_formal_subesco_d22_f3_A,subesco,22,3,2,1.7297171274531438,1.7991329193659422,34.82142857142857,28.57142857142857,32.142857142857146
fpc_formal_subesco_d22_f3_A,subesco,22,3,3,1.5270167069138334,1.6692112020873768,36.607142857142854,31.25,33.92857142857143
fpc_formal_subesco_d22_f3_A,subesco,22,3,4,1.377905446019145,1.6635833230844015,44.642857142857146,32.142857142857146,42.857142857142854
fpc_formal_subesco_d22_f3_A,subesco,22,3,5,1.2403149356125993,1.5853905405149027,51.78571428571429,41.07142857142857,39.285714285714285
fpc_formal_subesco_d22_f3_A,subesco,22,3,6,1.1829234108220508,1.636659793634518,52.67857142857143,39.285714285714285,44.642857142857146
fpc_formal_subesco_d22_f3_A,subesco,22,3,7,1.145528179876813,1.5070482320878835,53.57142857142857,49.107142857142854,48.214285714285715
fpc_formal_subesco_d22_f3_A,subesco,22,3,8,1.1855056598734293,1.749128125985027,53.57142857142857,44.642857142857146,42.857142857142854
fpc_formal_subesco_d22_f3_A,subesco,22,3,9,1.0647678151989133,1.541588426389337,59.82142857142857,48.214285714285715,51.78571428571429
fpc_formal_subesco_d22_f3_A,subesco,22,3,10,1.053371991443988,1.648514139315525,63.39285714285714,49.107142857142854,53.57142857142857
fpc_formal_subesco_d22_f3_A,subesco,22,3,11,1.7043660806354133,2.4893202732223516,47.32142857142857,36.607142857142854,41.07142857142857
fpc_formal_subesco_d22_f3_A,subesco,22,3,12,1.3130186065630234,1.9382274746191162,56.25,49.107142857142854,48.214285714285715
fpc_formal_subesco_d22_f3_A,subesco,22,3,13,1.138118132993336,1.7240246632391998,59.82142857142857,52.67857142857143,53.57142857142857
fpc_formal_subesco_d22_f3_A,subesco,22,3,14,1.2413060050277516,1.8570227069115126,61.60714285714286,49.107142857142854,48.214285714285715
fpc_formal_subesco_d22_f3_A,subesco,22,3,15,1.6315727321418712,2.317698540203387,54.46428571428571,43.75,42.857142857142854
fpc_formal_subesco_d22_f4_A,subesco,22,4,1,1.9133892844529001,1.9083935372643137,29.464285714285715,25.892857142857146,41.07142857142857
fpc_formal_subesco_d22_f4_A,subesco,22,4,2,1.7968655512611964,1.8438663177940728,28.57142857142857,22.321428571428573,28.57142857142857
fpc_formal_subesco_d22_f4_A,subesco,22,4,3,1.6542858654092538,1.8815636300640697,32.142857142857146,22.321428571428573,41.07142857142857
fpc_formal_subesco_d22_f4_A,subesco,22,4,4,1.5239516202456114,1.7039013279535655,40.17857142857143,30.357142857142854,46.42857142857143
fpc_formal_subesco_d22_f4_A,subesco,22,4,5,1.4869832247706067,1.701371837232053,40.17857142857143,30.357142857142854,55.35714285714286
fpc_formal_subesco_d22_f4_A,subesco,22,4,6,1.4729388531039258,1.8484608135860952,44.642857142857146,33.035714285714285,55.35714285714286
fpc_formal_subesco_d22_f4_A,subesco,22,4,7,1.519897567279097,2.019155422133743,41.07142857142857,32.142857142857146,33.92857142857143
fpc_formal_subesco_d22_f4_A,subesco,22,4,8,1.5126431010345176,2.1679425007722855,44.642857142857146,31.25,41.07142857142857
fpc_formal_subesco_d22_f4_A,subesco,22,4,9,1.2513114350329226,1.709810347764872,54.46428571428571,43.75,48.214285714285715
fpc_formal_subesco_d22_f4_A,subesco,22,4,10,1.1906686239300217,1.5919755408060081,53.57142857142857,41.07142857142857,62.5
fpc_formal_subesco_d22_f4_A,subesco,22,4,11,1.2306800106766747,1.7697753011746933,55.35714285714286,43.75,55.35714285714286
fpc_formal_subesco_d22_f4_A,subesco,22,4,12,1.3806501247652994,2.165975610592917,54.46428571428571,39.285714285714285,50.0
fpc_formal_subesco_d22_f4_A,subesco,22,4,13,1.318340323717832,1.8557737427204783,57.14285714285714,44.642857142857146,58.92857142857143
fpc_formal_subesco_d22_f4_A,subesco,22,4,14,1.3126089553253613,2.2179593659533388,58.92857142857143,44.642857142857146,53.57142857142857
fpc_formal_subesco_d22_f4_A,subesco,22,4,15,1.21302538130312,1.9109900465236778,64.28571428571429,48.214285714285715,58.92857142857143
fpc_formal_subesco_d23_f0_A,subesco,23,0,1,1.9108957217613967,1.9117322201677978,34.82142857142857,33.035714285714285,28.57142857142857
fpc_formal_subesco_d23_f0_A,subesco,23,0,2,1.8122974688761282,1.8161527482004893,24.107142857142858,29.464285714285715,32.142857142857146
fpc_formal_subesco_d23_f0_A,subesco,23,0,3,1.6071381608661046,1.665955291662078,33.035714285714285,33.035714285714285,30.357142857142854
fpc_formal_subesco_d23_f0_A,subesco,23,0,4,1.6050554041399079,1.67884182267673,41.07142857142857,33.035714285714285,35.714285714285715
fpc_formal_subesco_d23_f0_A,subesco,23,0,5,1.691918590827904,1.7746389057165755,35.714285714285715,31.25,30.357142857142854
fpc_formal_subesco_d23_f0_A,subesco,23,0,6,1.5313923500175453,1.7220322722138672,42.857142857142854,33.92857142857143,39.285714285714285
fpc_formal_subesco_d23_f0_A,subesco,23,0,7,1.3896609000218336,1.6785542921854861,50.0,34.82142857142857,39.285714285714285
fpc_formal_subesco_d23_f0_A,subesco,23,0,8,1.5638274494286222,1.884237054101821,43.75,39.285714285714285,41.07142857142857
fpc_formal_subesco_d23_f0_A,subesco,23,0,9,1.6583040444521784,1.9938899951174578,42.857142857142854,34.82142857142857,42.857142857142854
fpc_formal_subesco_d23_f0_A,subesco,23,0,10,1.6685860843911107,2.082696603798584,43.75,37.5,39.285714285714285
fpc_formal_subesco_d23_f0_A,subesco,23,0,11,1.5232699708275923,2.051313840499557,51.78571428571429,42.857142857142854,41.07142857142857
fpc_formal_subesco_d23_f0_A,subesco,23,0,12,1.4250468412253687,2.013850890626911,54.46428571428571,38.392857142857146,41.07142857142857
fpc_formal_subesco_d23_f0_A,subesco,23,0,13,2.0514413782326204,2.497087841187582,37.5,34.82142857142857,33.92857142857143
fpc_formal_subesco_d23_f0_A,subesco,23,0,14,2.0843668207351818,2.6094591202439403,43.75,39.285714285714285,41.07142857142857
fpc_formal_subesco_d23_f0_A,subesco,23,0,15,1.4253981796143773,2.2188703566236994,55.35714285714286,40.17857142857143,44.642857142857146
fpc_formal_subesco_d23_f1_A,subesco,23,1,1,1.9120702576126214,1.9075073213474503,25.892857142857146,29.464285714285715,30.357142857142854
fpc_formal_subesco_d23_f1_A,subesco,23,1,2,1.8159578603124544,1.7797132233363768,31.25,27.67857142857143,30.357142857142854
fpc_formal_subesco_d23_f1_A,subesco,23,1,3,1.7016311201430205,1.609362349465157,35.714285714285715,36.607142857142854,33.92857142857143
fpc_formal_subesco_d23_f1_A,subesco,23,1,4,1.5059498880828408,1.4994610793682237,41.07142857142857,39.285714285714285,37.5
fpc_formal_subesco_d23_f1_A,subesco,23,1,5,1.3245223382464546,1.3314347277678975,48.214285714285715,53.57142857142857,35.714285714285715
fpc_formal_subesco_d23_f1_A,subesco,23,1,6,1.3803021976866934,1.3334028011910901,43.75,51.78571428571429,41.07142857142857
fpc_formal_subesco_d23_f1_A,subesco,23,1,7,1.4265214871070178,1.4371148895952526,41.07142857142857,46.42857142857143,51.78571428571429
fpc_formal_subesco_d23_f1_A,subesco,23,1,8,1.3105127462171897,1.3889279536188504,47.32142857142857,49.107142857142854,50.0
fpc_formal_subesco_d23_f1_A,subesco,23,1,9,1.361497502751649,1.4581312796502963,49.107142857142854,49.107142857142854,39.285714285714285
fpc_formal_subesco_d23_f1_A,subesco,23,1,10,1.0832136050776315,1.371547324754091,56.25,55.35714285714286,51.78571428571429
fpc_formal_subesco_d23_f1_A,subesco,23,1,11,1.1841912674692432,1.2836635654163295,54.46428571428571,55.35714285714286,55.35714285714286
fpc_formal_subesco_d23_f1_A,subesco,23,1,12,1.4460965197294524,1.4686124141541048,47.32142857142857,53.57142857142857,51.78571428571429
fpc_formal_subesco_d23_f1_A,subesco,23,1,13,1.3030948293330114,1.491076107265183,53.57142857142857,55.35714285714286,51.78571428571429
fpc_formal_subesco_d23_f1_A,subesco,23,1,14,1.2947647918064613,1.486037329339673,54.46428571428571,54.46428571428571,55.35714285714286
fpc_formal_subesco_d23_f1_A,subesco,23,1,15,1.289198656550063,1.5437412031879825,58.03571428571429,57.14285714285714,58.92857142857143
fpc_formal_subesco_d23_f2_A,subesco,23,2,1,1.9106238473580615,1.9163300823944305,26.785714285714285,21.428571428571427,16.071428571428573
fpc_formal_subesco_d23_f2_A,subesco,23,2,2,1.756448485658949,1.7992332584755544,27.67857142857143,27.67857142857143,23.214285714285715
fpc_formal_subesco_d23_f2_A,subesco,23,2,3,1.5139530756007387,1.6234480767870723,43.75,35.714285714285715,37.5
fpc_formal_subesco_d23_f2_A,subesco,23,2,4,1.3749055664621201,1.6285812453790933,45.535714285714285,36.607142857142854,23.214285714285715
fpc_formal_subesco_d23_f2_A,subesco,23,2,5,1.4726383060887187,2.0087750906479585,33.92857142857143,31.25,28.57142857142857
fpc_formal_subesco_d23_f2_A,subesco,23,2,6,1.2666540797118206,1.6802215389937436,45.535714285714285,39.285714285714285,28.57142857142857
fpc_formal_subesco_d23_f2_A,subesco,23,2,7,1.1987754000341508,1.6068054854672842,50.89285714285714,40.17857142857143,39.285714285714285
fpc_formal_subesco_d23_f2_A,subesco,23,2,8,1.2457703444055095,1.7942866428786801,50.89285714285714,37.5,35.714285714285715
fpc_formal_subesco_d23_f2_A,subesco,23,2,9,1.3391624677517235,2.1301310268259033,47.32142857142857,33.92857142857143,33.92857142857143
fpc_formal_subesco_d23_f2_A,subesco,23,2,10,1.1253766042381717,1.8919708113985767,52.67857142857143,41.07142857142857,41.07142857142857
fpc_formal_subesco_d23_f2_A,subesco,23,2,11,1.2106322813812422,2.058873528662082,51.78571428571429,40.17857142857143,37.5
fpc_formal_subesco_d23_f2_A,subesco,23,2,12,1.3191055318910827,2.1044443535433155,50.89285714285714,39.285714285714285,41.07142857142857
fpc_formal_subesco_d23_f2_A,subesco,23,2,13,1.2227469530734358,2.1967714350306218,52.67857142857143,37.5,41.07142857142857
fpc_formal_subesco_d23_f2_A,subesco,23,2,14,1.185083098864946,1.8243201241513962,56.25,41.964285714285715,42.857142857142854
fpc_formal_subesco_d23_f2_A,subesco,23,2,15,1.2927753287928143,2.3829122667387472,52.67857142857143,36.607142857142854,42.857142857142854
fpc_formal_subesco_d23_f3_A,subesco,23,3,1,1.9122349738093247,1.9264122156170305,22.321428571428573,16.071428571428573,17.857142857142858
fpc_formal_subesco_d23_f3_A,subesco,23,3,2,1.8563648313578327,1.874583384050463,27.67857142857143,30.357142857142854,39.285714285714285
fpc_formal_subesco_d23_f3_A,subesco,23,3,3,1.6671545657349165,1.6794224579653896,40.17857142857143,39.285714285714285,51.78571428571429
fpc_formal_subesco_d23_f3_A,subesco,23,3,4,1.4453600438806564,1.4262024367869148,44.642857142857146,43.75,41.07142857142857
fpc_formal_subesco_d23_f3_A,subesco,23,3,5,1.3087334344416335,1.399559266139278,47.32142857142857,41.07142857142857,51.78571428571429
fpc_formal_subesco_d23_f3_A,subesco,23,3,6,1.191427623895404,1.2807958983486851,50.89285714285714,46.42857142857143,55.35714285714286
fpc_formal_subesco_d23_f3_A,subesco,23,3,7,1.1343260115595049,1.3346475639835103,50.89285714285714,47.32142857142857,50.0
fpc_formal_subesco_d23_f3_A,subesco,23,3,8,1.039493219955743,1.2567949334030464,59.82142857142857,50.89285714285714,57.14285714285714
fpc_formal_subesco_d23_f3_A,subesco,23,3,9,1.0430059526135411,1.1885054575951954,61.60714285714286,59.82142857142857,64.28571428571429
fpc_formal_subesco_d23_f3_A,subesco,23,3,10,1.0102403380731533,1.349623654555659,62.5,58.03571428571429,51.78571428571429
fpc_formal_subesco_d23_f3_A,subesco,23,3,11,1.16318106338456,1.4709783942350956,57.14285714285714,48.214285714285715,44.642857142857146
fpc_formal_subesco_d23_f3_A,subesco,23,3,12,0.9688849730072232,1.2649268433891743,68.75,57.14285714285714,58.92857142857143
fpc_formal_subesco_d23_f3_A,subesco,23,3,13,0.8438625320025334,1.265415916950835,67.85714285714286,58.92857142857143,55.35714285714286
fpc_formal_subesco_d23_f3_A,subesco,23,3,14,1.1010256660023465,1.6574318748178551,58.03571428571429,54.46428571428571,46.42857142857143
fpc_formal_subesco_d23_f3_A,subesco,23,3,15,1.0107968555249713,1.6269600455775708,61.60714285714286,55.35714285714286,53.57142857142857
fpc_formal_subesco_d23_f4_A,subesco,23,4,1,1.9047166340414667,1.918244463594598,26.785714285714285,24.107142857142858,32.142857142857146
fpc_formal_subesco_d23_f4_A,subesco,23,4,2,1.7535723639784924,1.8345691626810599,31.25,21.428571428571427,25.0
fpc_formal_subesco_d23_f4_A,subesco,23,4,3,1.6274456127103645,1.9302586400942536,33.035714285714285,28.57142857142857,32.142857142857146
fpc_formal_subesco_d23_f4_A,subesco,23,4,4,1.4402366469457861,1.756252109754664,46.42857142857143,30.357142857142854,37.5
fpc_formal_subesco_d23_f4_A,subesco,23,4,5,1.3051219687815967,1.5236509043584567,50.0,38.392857142857146,46.42857142857143
fpc_formal_subesco_d23_f4_A,subesco,23,4,6,1.2226751060384766,1.5180332595125523,49.107142857142854,40.17857142857143,48.214285714285715
fpc_formal_subesco_d23_f4_A,subesco,23,4,7,1.2019743157025182,1.6622152181483327,55.35714285714286,39.285714285714285,53.57142857142857
fpc_formal_subesco_d23_f4_A,subesco,23,4,8,1.1080181544154355,1.541305149847682,54.46428571428571,44.642857142857146,51.78571428571429
fpc_formal_subesco_d23_f4_A,subesco,23,4,9,1.1458348520520627,1.5836651454840758,50.89285714285714,47.32142857142857,46.42857142857143
fpc_formal_subesco_d23_f4_A,subesco,23,4,10,1.222416032394696,1.6670001168145525,56.25,44.642857142857146,46.42857142857143
fpc_formal_subesco_d23_f4_A,subesco,23,4,11,1.2533332950714275,1.61291979732205,52.67857142857143,52.67857142857143,48.214285714285715
fpc_formal_subesco_d23_f4_A,subesco,23,4,12,1.1826818420297196,1.7008647129459435,55.35714285714286,50.0,50.0
fpc_formal_subesco_d23_f4_A,subesco,23,4,13,1.2831331489482396,1.7045054546208085,56.25,49.107142857142854,46.42857142857143
fpc_formal_subesco_d23_f4_A,subesco,23,4,14,1.5361190862604062,2.1101407377611205,53.57142857142857,45.535714285714285,50.0
fpc_formal_subesco_d23_f4_A,subesco,23,4,15,1.4261045513698545,2.076298775223872,58.92857142857143,47.32142857142857,48.214285714285715
fpc_formal_ravdess_d00_f0_A,ravdess,0,0,1,2.083428674729125,2.083221195982812,15.625,15.625,12.5
fpc_formal_ravdess_d00_f0_A,ravdess,0,0,2,2.0742075136144047,2.0717782714509965,23.4375,20.3125,16.666666666666664
fpc_formal_ravdess_d00_f0_A,ravdess,0,0,3,2.0670863382619613,2.0650255794370658,17.1875,25.0,14.583333333333334
fpc_formal_ravdess_d00_f0_A,ravdess,0,0,4,2.0585043354970463,2.058869961008952,18.75,25.0,14.583333333333334
fpc_formal_ravdess_d00_f0_A,ravdess,0,0,5,2.043999027772082,2.054191980993708,25.0,12.5,18.75
fpc_formal_ravdess_d00_f0_A,ravdess,0,0,6,2.0304254334524603,2.0459440144522123,28.125,17.1875,16.666666666666664
fpc_formal_ravdess_d00_f0_A,ravdess,0,0,7,2.0113228600603654,2.0306143562791776,29.6875,18.75,22.916666666666664
fpc_formal_ravdess_d00_f0_A,ravdess,0,0,8,1.9811334532379474,2.0087686553502664,23.4375,20.3125,18.75
fpc_formal_ravdess_d00_f0_A,ravdess,0,0,9,1.940430285308174,1.9557335199867385,29.6875,23.4375,22.916666666666664
fpc_formal_ravdess_d00_f0_A,ravdess,0,0,10,1.9156497624270408,1.9476909295584697,29.6875,20.3125,20.833333333333336
fpc_formal_ravdess_d00_f0_A,ravdess,0,0,11,1.9553286342199467,2.063765007101505,26.5625,20.3125,22.916666666666664
fpc_formal_ravdess_d00_f0_A,ravdess,0,0,12,1.7867710100328018,1.8536451583061537,35.9375,23.4375,25.0
fpc_formal_ravdess_d00_f0_A,ravdess,0,0,13,1.7146334524278195,1.871393919608186,37.5,21.875,35.41666666666667
fpc_formal_ravdess_d00_f0_A,ravdess,0,0,14,1.5972333153923661,1.7410640529526007,39.0625,29.6875,41.66666666666667
fpc_formal_ravdess_d00_f0_A,ravdess,0,0,15,1.5874967004916454,1.7755987098049066,40.625,31.25,41.66666666666667
fpc_formal_ravdess_d00_f1_A,ravdess,0,1,1,2.069668049328998,2.070813208709455,14.0625,14.0625,14.583333333333334
fpc_formal_ravdess_d00_f1_A,ravdess,0,1,2,2.0612966819024363,2.0613755116088504,15.625,21.875,18.75
fpc_formal_ravdess_d00_f1_A,ravdess,0,1,3,2.0553424191340555,2.0548823394289486,25.0,28.125,14.583333333333334
fpc_formal_ravdess_d00_f1_A,ravdess,0,1,4,2.0463513648333267,2.0450475624598576,23.4375,21.875,22.916666666666664
fpc_formal_ravdess_d00_f1_A,ravdess,0,1,5,2.0328491384636367,2.033274419700315,23.4375,20.3125,20.833333333333336
fpc_formal_ravdess_d00_f1_A,ravdess,0,1,6,2.0132355384113763,2.0159414229875123,32.8125,23.4375,22.916666666666664
fpc_formal_ravdess_d00_f1_A,ravdess,0,1,7,1.9926971409620715,2.0034930355110836,35.9375,31.25,29.166666666666668
fpc_formal_ravdess_d00_f1_A,ravdess,0,1,8,1.9659101687024447,1.9644911698302658,35.9375,31.25,25.0
fpc_formal_ravdess_d00_f1_A,ravdess,0,1,9,1.9007889577349228,1.9034302610073834,42.1875,34.375,33.33333333333333
fpc_formal_ravdess_d00_f1_A,ravdess,0,1,10,1.819343909570127,1.8270033743302263,42.1875,39.0625,37.5
fpc_formal_ravdess_d00_f1_A,ravdess,0,1,11,1.7439363024948866,1.7242490445599943,42.1875,39.0625,37.5
fpc_formal_ravdess_d00_f1_A,ravdess,0,1,12,1.6354199862109036,1.6501069188036115,45.3125,43.75,37.5
fpc_formal_ravdess_d00_f1_A,ravdess,0,1,13,1.5447932347874285,1.4913358192244697,46.875,51.5625,35.41666666666667
fpc_formal_ravdess_d00_f1_A,ravdess,0,1,14,1.4643699467235385,1.4557070501562877,51.5625,48.4375,39.58333333333333
fpc_formal_ravdess_d00_f1_A,ravdess,0,1,15,1.4681307668122172,1.3716410460635236,51.5625,51.5625,37.5
fpc_formal_ravdess_d00_f2_A,ravdess,0,2,1,2.077734337712357,2.076776603819181,14.0625,14.0625,18.75
fpc_formal_ravdess_d00_f2_A,ravdess,0,2,2,2.071681094850473,2.070897588269685,14.0625,14.0625,15.625
fpc_formal_ravdess_d00_f2_A,ravdess,0,2,3,2.0667978395762114,2.066417172345872,18.75,21.875,28.125
fpc_formal_ravdess_d00_f2_A,ravdess,0,2,4,2.060255957809013,2.06173078162331,21.875,18.75,25.0
fpc_formal_ravdess_d00_f2_A,ravdess,0,2,5,2.0529492960188156,2.0588119653173527,18.75,15.625,21.875
fpc_formal_ravdess_d00_f2_A,ravdess,0,2,6,2.0422451568657207,2.0547638193129396,23.4375,15.625,21.875
fpc_formal_ravdess_d00_f2_A,ravdess,0,2,7,2.0286156700323916,2.0460623216487237,25.0,15.625,25.0
fpc_formal_ravdess_d00_f2_A,ravdess,0,2,8,2.0142831758574684,2.0494880219555127,25.0,12.5,21.875
fpc_formal_ravdess_d00_f2_A,ravdess,0,2,9,1.9820269695875696,2.0069416865285503,21.875,14.0625,31.25
fpc_formal_ravdess_d00_f2_A,ravdess,0,2,10,1.9315523944780006,1.9858561999328401,25.0,17.1875,25.0
fpc_formal_ravdess_d00_f2_A,ravdess,0,2,11,1.848676111827256,1.8828800365707743,28.125,20.3125,37.5
fpc_formal_ravdess_d00_f2_A,ravdess,0,2,12,1.7555977066842452,1.780127138430927,32.8125,29.6875,37.5
fpc_formal_ravdess_d00_f2_A,ravdess,0,2,13,1.6743597532605792,1.7347641312194717,29.6875,29.6875,43.75
fpc_formal_ravdess_d00_f2_A,ravdess,0,2,14,1.5474994503646142,1.7058516640111356,37.5,29.6875,34.375
fpc_formal_ravdess_d00_f2_A,ravdess,0,2,15,1.547193656369226,1.673017490108624,34.375,21.875,43.75
fpc_formal_ravdess_d00_f3_A,ravdess,0,3,1,2.0719258059509498,2.0745388075473477,12.5,14.0625,21.875
fpc_formal_ravdess_d00_f3_A,ravdess,0,3,2,2.062274058953001,2.0706816156859627,15.625,18.75,31.25
fpc_formal_ravdess_d00_f3_A,ravdess,0,3,3,2.055905054732262,2.0679905886082093,26.5625,18.75,37.5
fpc_formal_ravdess_d00_f3_A,ravdess,0,3,4,2.0479464802416882,2.065597887493049,28.125,18.75,31.25
fpc_formal_ravdess_d00_f3_A,ravdess,0,3,5,2.0396417471245694,2.064448853339168,20.3125,14.0625,18.75
fpc_formal_ravdess_d00_f3_A,ravdess,0,3,6,2.0316348405276248,2.067622447886769,20.3125,14.0625,18.75
fpc_formal_ravdess_d00_f3_A,ravdess,0,3,7,2.0305907138055694,2.07983807925319,17.1875,14.0625,9.375
fpc_formal_ravdess_d00_f3_A,ravdess,0,3,8,2.0001358530711384,2.0707013005757506,26.5625,10.9375,15.625
fpc_formal_ravdess_d00_f3_A,ravdess,0,3,9,1.992051715425811,2.0866150995303503,23.4375,10.9375,12.5
fpc_formal_ravdess_d00_f3_A,ravdess,0,3,10,1.9794352827222914,2.1080509366273406,25.0,15.625,21.875
fpc_formal_ravdess_d00_f3_A,ravdess,0,3,11,1.873203403657391,2.0350277445500953,28.125,17.1875,28.125
fpc_formal_ravdess_d00_f3_A,ravdess,0,3,12,1.8558497419022624,2.0304410453137365,31.25,21.875,25.0
fpc_formal_ravdess_d00_f3_A,ravdess,0,3,13,1.7032000082866587,1.9445531412980452,45.3125,23.4375,34.375
fpc_formal_ravdess_d00_f3_A,ravdess,0,3,14,1.584269536036272,1.8416313007058118,43.75,29.6875,31.25
fpc_formal_ravdess_d00_f3_A,ravdess,0,3,15,1.5586480981955817,1.9018593872259895,46.875,25.0,34.375
fpc_formal_ravdess_d00_f4_A,ravdess,0,4,1,2.0744675036086564,2.078488165018692,12.5,12.5,12.5
fpc_formal_ravdess_d00_f4_A,ravdess,0,4,2,2.063209025689419,2.066956128023576,18.75,17.1875,15.625
fpc_formal_ravdess_d00_f4_A,ravdess,0,4,3,2.0551542027309537,2.0602959784855974,17.1875,18.75,15.625
fpc_formal_ravdess_d00_f4_A,ravdess,0,4,4,2.045673060460741,2.0558977110397,17.1875,12.5,18.75
fpc_formal_ravdess_d00_f4_A,ravdess,0,4,5,2.032296198352425,2.0519698948404295,20.3125,14.0625,12.5
fpc_formal_ravdess_d00_f4_A,ravdess,0,4,6,2.0216104992229673,2.0534997963800006,20.3125,14.0625,12.5
fpc_formal_ravdess_d00_f4_A,ravdess,0,4,7,2.001007510250528,2.038855020666732,18.75,14.0625,12.5
fpc_formal_ravdess_d00_f4_A,ravdess,0,4,8,1.9767840349969374,2.0205881307234397,21.875,17.1875,12.5
fpc_formal_ravdess_d00_f4_A,ravdess,0,4,9,1.9744507875476844,2.0274346355536137,17.1875,14.0625,12.5
fpc_formal_ravdess_d00_f4_A,ravdess,0,4,10,1.853800090283331,1.8921338446784188,31.25,25.0,25.0
fpc_formal_ravdess_d00_f4_A,ravdess,0,4,11,1.8689775545411051,1.9234702103022026,23.4375,25.0,15.625
fpc_formal_ravdess_d00_f4_A,ravdess,0,4,12,1.7195294267620527,1.7416079127614075,34.375,31.25,28.125
fpc_formal_ravdess_d00_f4_A,ravdess,0,4,13,1.7210516300159282,1.7429290445362395,32.8125,28.125,31.25
fpc_formal_ravdess_d00_f4_A,ravdess,0,4,14,1.6059631245111268,1.6082195308328635,39.0625,28.125,31.25
fpc_formal_ravdess_d00_f4_A,ravdess,0,4,15,1.7507651751564044,1.7384633785579169,28.125,28.125,28.125
fpc_formal_ravdess_d01_f0_A,ravdess,1,0,1,2.0784793683105143,2.078111522843855,12.5,15.625,10.416666666666668
fpc_formal_ravdess_d01_f0_A,ravdess,1,0,2,2.0726851058240094,2.0680880291623946,17.1875,18.75,8.333333333333332
fpc_formal_ravdess_d01_f0_A,ravdess,1,0,3,2.0690952691981317,2.056570479996152,20.3125,28.125,12.5
fpc_formal_ravdess_d01_f0_A,ravdess,1,0,4,2.0654654747479317,2.044983069975138,18.75,21.875,18.75
fpc_formal_ravdess_d01_f0_A,ravdess,1,0,5,2.0653772683903595,2.0333721829797455,10.9375,18.75,12.5
fpc_formal_ravdess_d01_f0_A,ravdess,1,0,6,2.0840500614726203,2.0538459042706094,10.9375,14.0625,12.5
fpc_formal_ravdess_d01_f0_A,ravdess,1,0,7,2.089777284895412,2.0380416221866673,15.625,20.3125,16.666666666666664
fpc_formal_ravdess_d01_f0_A,ravdess,1,0,8,2.101494027372546,2.012701591424565,20.3125,23.4375,18.75
fpc_formal_ravdess_d01_f0_A,ravdess,1,0,9,2.1538646719522374,2.0424649794298593,21.875,29.6875,20.833333333333336
fpc_formal_ravdess_d01_f0_A,ravdess,1,0,10,2.1379451445962796,1.986289690540285,20.3125,25.0,16.666666666666664
fpc_formal_ravdess_d01_f0_A,ravdess,1,0,11,2.1604810419027767,1.9729724496991716,21.875,28.125,18.75
fpc_formal_ravdess_d01_f0_A,ravdess,1,0,12,2.0852039631579333,1.9014187213348177,18.75,28.125,16.666666666666664
fpc_formal_ravdess_d01_f0_A,ravdess,1,0,13,2.2373639636839657,2.033142447788789,20.3125,28.125,20.833333333333336
fpc_formal_ravdess_d01_f0_A,ravdess,1,0,14,2.041085180571513,1.865792379194456,29.6875,31.25,27.083333333333332
fpc_formal_ravdess_d01_f0_A,ravdess,1,0,15,2.1847046865842277,1.9454334926615444,18.75,31.25,20.833333333333336
fpc_formal_ravdess_d01_f1_A,ravdess,1,1,1,2.070823280792059,2.0792163264771397,12.5,12.5,16.666666666666664
fpc_formal_ravdess_d01_f1_A,ravdess,1,1,2,2.0608226843751645,2.0741663104865764,21.875,10.9375,18.75
fpc_formal_ravdess_d01_f1_A,ravdess,1,1,3,2.052352261601381,2.0711003781982837,20.3125,9.375,20.833333333333336
fpc_formal_ravdess_d01_f1_A,ravdess,1,1,4,2.043720209306975,2.068504550218499,26.5625,17.1875,25.0
fpc_formal_ravdess_d01_f1_A,ravdess,1,1,5,2.0328894419421912,2.0687360151286414,25.0,12.5,14.583333333333334
fpc_formal_ravdess_d01_f1_A,ravdess,1,1,6,2.0211938114809125,2.0772525821965737,21.875,15.625,16.666666666666664
fpc_formal_ravdess_d01_f1_A,ravdess,1,1,7,2.0055602696439685,2.0849958773268904,28.125,18.75,22.916666666666664
fpc_formal_ravdess_d01_f1_A,ravdess,1,1,8,1.9960121891818552,2.1093588649027186,29.6875,17.1875,22.916666666666664
fpc_formal_ravdess_d01_f1_A,ravdess,1,1,9,2.025741173115464,2.172143022668533,29.6875,21.875,25.0
fpc_formal_ravdess_d01_f1_A,ravdess,1,1,10,1.9822623417688603,2.151489135776551,23.4375,23.4375,27.083333333333332
fpc_formal_ravdess_d01_f1_A,ravdess,1,1,11,2.06409315150494,2.2707574510655406,23.4375,15.625,22.916666666666664
fpc_formal_ravdess_d01_f1_A,ravdess,1,1,12,2.013688998245208,2.2654606511722992,25.0,20.3125,20.833333333333336
fpc_formal_ravdess_d01_f1_A,ravdess,1,1,13,2.0508896131809546,2.3491172978530646,26.5625,20.3125,22.916666666666664
fpc_formal_ravdess_d01_f1_A,ravdess,1,1,14,1.9287517445647577,2.2292613074688803,32.8125,21.875,25.0
fpc_formal_ravdess_d01_f1_A,ravdess,1,1,15,1.866098629751666,2.2041710495217024,35.9375,23.4375,33.33333333333333
fpc_formal_ravdess_d01_f2_A,ravdess,1,2,1,2.077402819454001,2.0765838663604983,17.1875,20.3125,18.75
fpc_formal_ravdess_d01_f2_A,ravdess,1,2,2,2.0710159628844558,2.070193843331701,15.625,20.3125,18.75
fpc_formal_ravdess_d01_f2_A,ravdess,1,2,3,2.0643969941570717,2.0648313170781125,20.3125,18.75,18.75
fpc_formal_ravdess_d01_f2_A,ravdess,1,2,4,2.0548400364786303,2.0611635967996724,20.3125,12.5,31.25
fpc_formal_ravdess_d01_f2_A,ravdess,1,2,5,2.039326312791874,2.058910232494134,18.75,14.0625,34.375
fpc_formal_ravdess_d01_f2_A,ravdess,1,2,6,2.0211625365542503,2.0457331909356684,14.0625,20.3125,28.125
fpc_formal_ravdess_d01_f2_A,ravdess,1,2,7,1.9732245399084116,2.0124730770145627,23.4375,20.3125,28.125
fpc_formal_ravdess_d01_f2_A,ravdess,1,2,8,1.9110293350980547,1.9728404497853145,28.125,23.4375,28.125
fpc_formal_ravdess_d01_f2_A,ravdess,1,2,9,1.8504306528546208,1.930294399440308,31.25,23.4375,31.25
fpc_formal_ravdess_d01_f2_A,ravdess,1,2,10,1.7677596888542308,1.880823738270889,35.9375,29.6875,31.25
fpc_formal_ravdess_d01_f2_A,ravdess,1,2,11,1.7957122920003243,1.8703896936465725,26.5625,26.5625,25.0
fpc_formal_ravdess_d01_f2_A,ravdess,1,2,12,1.6874959116453643,1.8457544646842055,29.6875,29.6875,40.625
fpc_formal_ravdess_d01_f2_A,ravdess,1,2,13,1.7827919296462909,1.8342994963800119,31.25,28.125,34.375
fpc_formal_ravdess_d01_f2_A,ravdess,1,2,14,1.6957512754463648,1.7977980015413666,32.8125,31.25,40.625
fpc_formal_ravdess_d01_f2_A,ravdess,1,2,15,1.7019183301729521,1.7780428707241143,32.8125,26.5625,34.375
fpc_formal_ravdess_d01_f3_A,ravdess,1,3,1,2.0735341598570356,2.071654809638023,10.9375,14.0625,12.5
fpc_formal_ravdess_d01_f3_A,ravdess,1,3,2,2.0665198769267206,2.0653629058197027,21.875,23.4375,12.5
fpc_formal_ravdess_d01_f3_A,ravdess,1,3,3,2.0594395777135706,2.060822935634942,25.0,18.75,15.625
fpc_formal_ravdess_d01_f3_A,ravdess,1,3,4,2.0527383437067597,2.056477462006593,28.125,25.0,12.5
fpc_formal_ravdess_d01_f3_A,ravdess,1,3,5,2.0427848257001493,2.0525334917206517,28.125,23.4375,15.625
fpc_formal_ravdess_d01_f3_A,ravdess,1,3,6,2.0351162408584837,2.047493099709241,25.0,25.0,18.75
fpc_formal_ravdess_d01_f3_A,ravdess,1,3,7,2.0224339382397933,2.0420204600281817,20.3125,20.3125,15.625
fpc_formal_ravdess_d01_f3_A,ravdess,1,3,8,1.9902248657533563,2.029960354056292,25.0,20.3125,15.625
fpc_formal_ravdess_d01_f3_A,ravdess,1,3,9,2.0298549175210883,2.088624002535325,18.75,18.75,15.625
fpc_formal_ravdess_d01_f3_A,ravdess,1,3,10,1.9338366163515537,2.025110538216364,29.6875,25.0,18.75
fpc_formal_ravdess_d01_f3_A,ravdess,1,3,11,1.8589646793254495,1.9550550205424275,34.375,28.125,21.875
fpc_formal_ravdess_d01_f3_A,ravdess,1,3,12,2.0439935217537535,2.169239989434923,25.0,23.4375,18.75
fpc_formal_ravdess_d01_f3_A,ravdess,1,3,13,1.7725642343415406,1.8212199085455252,29.6875,29.6875,18.75
fpc_formal_ravdess_d01_f3_A,ravdess,1,3,14,1.8763027827463452,1.9660949329545279,29.6875,23.4375,15.625
fpc_formal_ravdess_d01_f3_A,ravdess,1,3,15,1.7972477924440957,1.88978043759281,32.8125,29.6875,15.625
fpc_formal_ravdess_d01_f4_A,ravdess,1,4,1,2.072159184784646,2.073492826434289,17.1875,18.75,12.5
fpc_formal_ravdess_d01_f4_A,ravdess,1,4,2,2.064475290945089,2.0683453954724818,23.4375,21.875,12.5
fpc_formal_ravdess_d01_f4_A,ravdess,1,4,3,2.0557379355497005,2.063540726477795,23.4375,20.3125,25.0
fpc_formal_ravdess_d01_f4_A,ravdess,1,4,4,2.0465495634286497,2.059359564048995,18.75,21.875,18.75
fpc_formal_ravdess_d01_f4_A,ravdess,1,4,5,2.0276473613300814,2.048766866405196,26.5625,20.3125,18.75
fpc_formal_ravdess_d01_f4_A,ravdess,1,4,6,2.0065769661256865,2.037585805254241,31.25,25.0,18.75
fpc_formal_ravdess_d01_f4_A,ravdess,1,4,7,1.9909285425464462,2.035280678490535,25.0,20.3125,21.875
fpc_formal_ravdess_d01_f4_A,ravdess,1,4,8,1.9717393467650965,2.034133571268994,20.3125,15.625,18.75
fpc_formal_ravdess_d01_f4_A,ravdess,1,4,9,1.9088793821145158,1.9988112838880883,21.875,15.625,18.75
fpc_formal_ravdess_d01_f4_A,ravdess,1,4,10,1.8846056852431312,2.0064530598713057,18.75,14.0625,18.75
fpc_formal_ravdess_d01_f4_A,ravdess,1,4,11,1.8057037518564718,1.9542157708546926,20.3125,14.0625,21.875
fpc_formal_ravdess_d01_f4_A,ravdess,1,4,12,1.674216691786314,1.8056494230693114,34.375,28.125,25.0
fpc_formal_ravdess_d01_f4_A,ravdess,1,4,13,1.7193827912137407,1.987362758804064,29.6875,17.1875,21.875
fpc_formal_ravdess_d01_f4_A,ravdess,1,4,14,1.506324243650537,1.6681917848448982,40.625,32.8125,40.625
fpc_formal_ravdess_d01_f4_A,ravdess,1,4,15,1.5425005941268446,1.8398218467408092,37.5,26.5625,28.125
fpc_formal_ravdess_d02_f0_A,ravdess,2,0,1,2.0762869684628757,2.0769405574223674,7.8125,10.9375,12.5
fpc_formal_ravdess_d02_f0_A,ravdess,2,0,2,2.06736269759393,2.065021846876332,10.9375,14.0625,16.666666666666664
fpc_formal_ravdess_d02_f0_A,ravdess,2,0,3,2.0602747838670927,2.0549777466589854,21.875,25.0,25.0
fpc_formal_ravdess_d02_f0_A,ravdess,2,0,4,2.0518152021213205,2.0445944010853396,18.75,26.5625,25.0
fpc_formal_ravdess_d02_f0_A,ravdess,2,0,5,2.0423835001652346,2.0313708688170213,21.875,20.3125,16.666666666666664
fpc_formal_ravdess_d02_f0_A,ravdess,2,0,6,2.0315705968976197,2.015754252594364,21.875,28.125,16.666666666666664
fpc_formal_ravdess_d02_f0_A,ravdess,2,0,7,2.0190070158593505,2.005795053126768,23.4375,23.4375,20.833333333333336
fpc_formal_ravdess_d02_f0_A,ravdess,2,0,8,1.9614934872539016,1.9636608624062324,32.8125,21.875,14.583333333333334
fpc_formal_ravdess_d02_f0_A,ravdess,2,0,9,1.9479832405883277,2.000316009449416,28.125,25.0,27.083333333333332
fpc_formal_ravdess_d02_f0_A,ravdess,2,0,10,1.7793106641211045,1.8778375176636164,34.375,26.5625,25.0
fpc_formal_ravdess_d02_f0_A,ravdess,2,0,11,1.7748213702726332,1.9767565830210874,35.9375,25.0,31.25
fpc_formal_ravdess_d02_f0_A,ravdess,2,0,12,1.6758707539299997,1.9385986406206714,37.5,34.375,35.41666666666667
fpc_formal_ravdess_d02_f0_A,ravdess,2,0,13,1.7588024769717887,2.0941882462759898,31.25,34.375,31.25
fpc_formal_ravdess_d02_f0_A,ravdess,2,0,14,1.5138750315031655,1.839089523174958,45.3125,34.375,31.25
fpc_formal_ravdess_d02_f0_A,ravdess,2,0,15,1.8260876298623294,2.2312706506082294,32.8125,31.25,35.41666666666667
fpc_formal_ravdess_d02_f1_A,ravdess,2,1,1,2.073643997848132,2.07954998761481,17.1875,10.9375,12.5
fpc_formal_ravdess_d02_f1_A,ravdess,2,1,2,2.0685940212209277,2.074278475786418,15.625,14.0625,16.666666666666664
fpc_formal_ravdess_d02_f1_A,ravdess,2,1,3,2.062925241317639,2.069255699052973,20.3125,17.1875,22.916666666666664
fpc_formal_ravdess_d02_f1_A,ravdess,2,1,4,2.0568618361339173,2.0630798694292243,20.3125,18.75,20.833333333333336
fpc_formal_ravdess_d02_f1_A,ravdess,2,1,5,2.04873322319186,2.055414961474674,23.4375,21.875,20.833333333333336
fpc_formal_ravdess_d02_f1_A,ravdess,2,1,6,2.0326197440253804,2.042175373107292,23.4375,28.125,27.083333333333332
fpc_formal_ravdess_d02_f1_A,ravdess,2,1,7,2.0091722228037012,2.021344911532258,29.6875,29.6875,33.33333333333333
fpc_formal_ravdess_d02_f1_A,ravdess,2,1,8,1.9654148618158724,1.983267566492351,31.25,21.875,37.5
fpc_formal_ravdess_d02_f1_A,ravdess,2,1,9,1.9160166015736122,1.9326414696239165,26.5625,31.25,37.5
fpc_formal_ravdess_d02_f1_A,ravdess,2,1,10,1.8194644188695759,1.8639147901503008,29.6875,29.6875,27.083333333333332
fpc_formal_ravdess_d02_f1_A,ravdess,2,1,11,1.720190222628561,1.775205123409254,37.5,35.9375,45.83333333333333
fpc_formal_ravdess_d02_f1_A,ravdess,2,1,12,1.6525922891532208,1.7252597133728496,32.8125,32.8125,37.5
fpc_formal_ravdess_d02_f1_A,ravdess,2,1,13,1.6484853334577523,1.7099619663185832,31.25,31.25,39.58333333333333
fpc_formal_ravdess_d02_f1_A,ravdess,2,1,14,1.533827213046581,1.6322766671006335,40.625,35.9375,43.75
fpc_formal_ravdess_d02_f1_A,ravdess,2,1,15,1.6125123411256421,1.7296735214878773,37.5,31.25,35.41666666666667
fpc_formal_ravdess_d02_f2_A,ravdess,2,2,1,2.075526077192625,2.074642763283039,20.3125,15.625,9.375
fpc_formal_ravdess_d02_f2_A,ravdess,2,2,2,2.070150638696595,2.067661271875004,15.625,17.1875,18.75
fpc_formal_ravdess_d02_f2_A,ravdess,2,2,3,2.0653675052943594,2.064561202068057,12.5,15.625,18.75
fpc_formal_ravdess_d02_f2_A,ravdess,2,2,4,2.0590954088204354,2.059967775295752,14.0625,14.0625,15.625
fpc_formal_ravdess_d02_f2_A,ravdess,2,2,5,2.051048418377693,2.054415875898318,14.0625,15.625,15.625
fpc_formal_ravdess_d02_f2_A,ravdess,2,2,6,2.039659095815438,2.048504776343836,17.1875,12.5,18.75
fpc_formal_ravdess_d02_f2_A,ravdess,2,2,7,2.021060995984321,2.0362351096769875,15.625,14.0625,21.875
fpc_formal_ravdess_d02_f2_A,ravdess,2,2,8,2.001158868046592,2.02199714754196,20.3125,18.75,28.125
fpc_formal_ravdess_d02_f2_A,ravdess,2,2,9,1.9892550396731181,2.016110522758727,18.75,15.625,28.125
fpc_formal_ravdess_d02_f2_A,ravdess,2,2,10,1.9145226727998006,1.952681537568186,26.5625,18.75,21.875
fpc_formal_ravdess_d02_f2_A,ravdess,2,2,11,1.87032019240059,1.9108479343237006,25.0,18.75,25.0
fpc_formal_ravdess_d02_f2_A,ravdess,2,2,12,1.7935539160226939,1.8334191766386514,40.625,25.0,25.0
fpc_formal_ravdess_d02_f2_A,ravdess,2,2,13,1.706211756270434,1.7762124284905756,37.5,28.125,25.0
fpc_formal_ravdess_d02_f2_A,ravdess,2,2,14,1.636688840314111,1.653576537307677,34.375,37.5,18.75
fpc_formal_ravdess_d02_f2_A,ravdess,2,2,15,1.547065579087017,1.5897934607409674,39.0625,39.0625,21.875
fpc_formal_ravdess_d02_f3_A,ravdess,2,3,1,2.0753019562068933,2.0781241268813178,12.5,12.5,12.5
fpc_formal_ravdess_d02_f3_A,ravdess,2,3,2,2.066260643518174,2.0701893997225653,17.1875,18.75,12.5
fpc_formal_ravdess_d02_f3_A,ravdess,2,3,3,2.0593203910140936,2.062659463497467,15.625,14.0625,12.5
fpc_formal_ravdess_d02_f3_A,ravdess,2,3,4,2.0525221178493354,2.0534721943748035,17.1875,17.1875,9.375
fpc_formal_ravdess_d02_f3_A,ravdess,2,3,5,2.041703944687611,2.041251789951926,20.3125,21.875,9.375
fpc_formal_ravdess_d02_f3_A,ravdess,2,3,6,2.029735378026434,2.023108396242212,14.0625,21.875,12.5
fpc_formal_ravdess_d02_f3_A,ravdess,2,3,7,1.996824624287809,1.9934405779118172,18.75,21.875,12.5
fpc_formal_ravdess_d02_f3_A,ravdess,2,3,8,1.9496394784166766,1.9321394247826087,23.4375,26.5625,12.5
fpc_formal_ravdess_d02_f3_A,ravdess,2,3,9,1.8656661211932088,1.842680443698582,29.6875,26.5625,18.75
fpc_formal_ravdess_d02_f3_A,ravdess,2,3,10,1.7819880688011613,1.752400809105389,35.9375,35.9375,28.125
fpc_formal_ravdess_d02_f3_A,ravdess,2,3,11,1.7489091180884246,1.706509257773137,35.9375,32.8125,28.125
fpc_formal_ravdess_d02_f3_A,ravdess,2,3,12,1.8525819400153836,1.799677786762849,25.0,28.125,21.875
fpc_formal_ravdess_d02_f3_A,ravdess,2,3,13,1.6024604693950808,1.557099610309524,37.5,34.375,25.0
fpc_formal_ravdess_d02_f3_A,ravdess,2,3,14,2.0037871255167006,1.938448856580725,25.0,25.0,25.0
fpc_formal_ravdess_d02_f3_A,ravdess,2,3,15,1.511922369610267,1.5120157499076958,37.5,40.625,28.125
fpc_formal_ravdess_d02_f4_A,ravdess,2,4,1,2.074980557193985,2.078043835713296,15.625,15.625,15.625
fpc_formal_ravdess_d02_f4_A,ravdess,2,4,2,2.068620316220675,2.071780418267629,21.875,21.875,31.25
fpc_formal_ravdess_d02_f4_A,ravdess,2,4,3,2.0610782821995244,2.0668398532559054,25.0,18.75,28.125
fpc_formal_ravdess_d02_f4_A,ravdess,2,4,4,2.0491720144732373,2.0612308104934844,25.0,21.875,28.125
fpc_formal_ravdess_d02_f4_A,ravdess,2,4,5,2.0359706115601375,2.062264560918647,32.8125,21.875,18.75
fpc_formal_ravdess_d02_f4_A,ravdess,2,4,6,2.0041829282383845,2.0499282360999245,32.8125,21.875,21.875
fpc_formal_ravdess_d02_f4_A,ravdess,2,4,7,1.9717483731542707,2.0475467798580023,28.125,25.0,21.875
fpc_formal_ravdess_d02_f4_A,ravdess,2,4,8,1.8850690029302581,1.9922783616964235,39.0625,28.125,31.25
fpc_formal_ravdess_d02_f4_A,ravdess,2,4,9,1.873951418494323,2.033803551872671,29.6875,26.5625,25.0
fpc_formal_ravdess_d02_f4_A,ravdess,2,4,10,1.695533842295799,1.8893942161411204,39.0625,26.5625,31.25
fpc_formal_ravdess_d02_f4_A,ravdess,2,4,11,1.8341465647405704,2.0767905800976747,26.5625,25.0,28.125
fpc_formal_ravdess_d02_f4_A,ravdess,2,4,12,1.5144362184028246,1.7217630252859122,37.5,31.25,43.75
fpc_formal_ravdess_d02_f4_A,ravdess,2,4,13,1.7436099677000383,2.0809111253147012,34.375,21.875,31.25
fpc_formal_ravdess_d02_f4_A,ravdess,2,4,14,1.8218089199958203,2.0889480908341027,28.125,25.0,31.25
fpc_formal_ravdess_d02_f4_A,ravdess,2,4,15,1.4480238881120693,1.725192038516251,43.75,31.25,46.875
fpc_formal_ravdess_d03_f0_A,ravdess,3,0,1,2.066178755488587,2.07618533404871,17.1875,12.5,16.666666666666664
fpc_formal_ravdess_d03_f0_A,ravdess,3,0,2,2.0530691732099235,2.0694295190603738,20.3125,12.5,16.666666666666664
fpc_formal_ravdess_d03_f0_A,ravdess,3,0,3,2.043144841273902,2.064819754243513,20.3125,21.875,14.583333333333334
fpc_formal_ravdess_d03_f0_A,ravdess,3,0,4,2.0323573505139296,2.0643044699474498,21.875,14.0625,16.666666666666664
fpc_formal_ravdess_d03_f0_A,ravdess,3,0,5,2.0277959765417597,2.079854812802032,18.75,15.625,14.583333333333334
fpc_formal_ravdess_d03_f0_A,ravdess,3,0,6,2.01221016359699,2.1017833043279595,23.4375,17.1875,14.583333333333334
fpc_formal_ravdess_d03_f0_A,ravdess,3,0,7,1.9454037759556735,2.101532489750759,20.3125,17.1875,14.583333333333334
fpc_formal_ravdess_d03_f0_A,ravdess,3,0,8,2.0409188235606504,2.2381705486231067,21.875,18.75,14.583333333333334
fpc_formal_ravdess_d03_f0_A,ravdess,3,0,9,1.9204905932984109,2.1895452641201887,25.0,20.3125,22.916666666666664
fpc_formal_ravdess_d03_f0_A,ravdess,3,0,10,2.000929444866024,2.305757842691541,26.5625,21.875,22.916666666666664
fpc_formal_ravdess_d03_f0_A,ravdess,3,0,11,1.895829905704924,2.245581796526734,28.125,21.875,22.916666666666664
fpc_formal_ravdess_d03_f0_A,ravdess,3,0,12,1.7285669027325925,2.070851466784573,34.375,25.0,27.083333333333332
fpc_formal_ravdess_d03_f0_A,ravdess,3,0,13,1.9675619127538142,2.378237819258398,32.8125,26.5625,31.25
fpc_formal_ravdess_d03_f0_A,ravdess,3,0,14,1.6393368505168588,1.9906586337675158,35.9375,32.8125,31.25
fpc_formal_ravdess_d03_f0_A,ravdess,3,0,15,1.8235380450613974,2.29948275257546,29.6875,25.0,31.25
fpc_formal_ravdess_d03_f1_A,ravdess,3,1,1,2.0723659933268315,2.074134133838944,14.0625,12.5,14.583333333333334
fpc_formal_ravdess_d03_f1_A,ravdess,3,1,2,2.067124287671052,2.071145600346956,15.625,12.5,14.583333333333334
fpc_formal_ravdess_d03_f1_A,ravdess,3,1,3,2.0574242568262893,2.06739828282452,18.75,20.3125,14.583333333333334
fpc_formal_ravdess_d03_f1_A,ravdess,3,1,4,2.049858000806922,2.063522683618245,17.1875,15.625,12.5
fpc_formal_ravdess_d03_f1_A,ravdess,3,1,5,2.0404773109418284,2.058672873420573,18.75,18.75,14.583333333333334
fpc_formal_ravdess_d03_f1_A,ravdess,3,1,6,2.0260872279334605,2.052106676364563,20.3125,20.3125,16.666666666666664
fpc_formal_ravdess_d03_f1_A,ravdess,3,1,7,2.0274172113361013,2.0513517270023804,18.75,23.4375,14.583333333333334
fpc_formal_ravdess_d03_f1_A,ravdess,3,1,8,1.9840000985561694,2.029821326484846,21.875,21.875,14.583333333333334
fpc_formal_ravdess_d03_f1_A,ravdess,3,1,9,1.953944312792725,2.00716416208402,23.4375,23.4375,16.666666666666664
fpc_formal_ravdess_d03_f1_A,ravdess,3,1,10,1.8700843543630312,1.9655473979580966,31.25,23.4375,20.833333333333336
fpc_formal_ravdess_d03_f1_A,ravdess,3,1,11,1.8065968878602412,1.9205319677148514,34.375,23.4375,25.0
fpc_formal_ravdess_d03_f1_A,ravdess,3,1,12,1.6523620593546342,1.8790096209298452,35.9375,25.0,29.166666666666668
fpc_formal_ravdess_d03_f1_A,ravdess,3,1,13,1.610321208599352,1.851979488312966,32.8125,26.5625,29.166666666666668
fpc_formal_ravdess_d03_f1_A,ravdess,3,1,14,1.5018160265650977,1.8426049460140121,40.625,29.6875,39.58333333333333
fpc_formal_ravdess_d03_f1_A,ravdess,3,1,15,1.5157300493428203,1.9466884549986196,42.1875,26.5625,37.5
fpc_formal_ravdess_d03_f2_A,ravdess,3,2,1,2.077159175445737,2.0783267520397306,14.0625,12.5,9.375
fpc_formal_ravdess_d03_f2_A,ravdess,3,2,2,2.067644716958469,2.068417217680305,15.625,12.5,15.625
fpc_formal_ravdess_d03_f2_A,ravdess,3,2,3,2.0591350466026386,2.0602480141568162,15.625,18.75,21.875
fpc_formal_ravdess_d03_f2_A,ravdess,3,2,4,2.0490875920701033,2.052298499169791,20.3125,25.0,25.0
fpc_formal_ravdess_d03_f2_A,ravdess,3,2,5,2.0365345839173203,2.0428694723206346,23.4375,20.3125,28.125
fpc_formal_ravdess_d03_f2_A,ravdess,3,2,6,2.019036812469663,2.0311493326613888,26.5625,23.4375,21.875
fpc_formal_ravdess_d03_f2_A,ravdess,3,2,7,1.9995571110710046,2.017639464114402,28.125,23.4375,21.875
fpc_formal_ravdess_d03_f2_A,ravdess,3,2,8,1.9715297148999205,1.9905355136483127,25.0,26.5625,28.125
fpc_formal_ravdess_d03_f2_A,ravdess,3,2,9,1.9761373495668626,1.9700943231212182,28.125,40.625,31.25
fpc_formal_ravdess_d03_f2_A,ravdess,3,2,10,1.8884345610994062,1.893887213395018,39.0625,35.9375,28.125
fpc_formal_ravdess_d03_f2_A,ravdess,3,2,11,1.8538089426457545,1.806108484978231,37.5,37.5,25.0
fpc_formal_ravdess_d03_f2_A,ravdess,3,2,12,1.8518388889081057,1.7324895183523936,32.8125,40.625,34.375
fpc_formal_ravdess_d03_f2_A,ravdess,3,2,13,1.734075136008939,1.6621880254606705,34.375,35.9375,37.5
fpc_formal_ravdess_d03_f2_A,ravdess,3,2,14,1.761345990817536,1.6264389450075218,34.375,39.0625,37.5
fpc_formal_ravdess_d03_f2_A,ravdess,3,2,15,1.707967070705362,1.5852245345984586,35.9375,39.0625,40.625
fpc_formal_ravdess_d03_f3_A,ravdess,3,3,1,2.0720904021919218,2.0736035422673336,14.0625,12.5,15.625
fpc_formal_ravdess_d03_f3_A,ravdess,3,3,2,2.0643015599555703,2.0644971736197855,25.0,20.3125,21.875
fpc_formal_ravdess_d03_f3_A,ravdess,3,3,3,2.0566934054163326,2.055448903623324,21.875,15.625,15.625
fpc_formal_ravdess_d03_f3_A,ravdess,3,3,4,2.0474169662725155,2.0486285413902854,23.4375,17.1875,28.125
fpc_formal_ravdess_d03_f3_A,ravdess,3,3,5,2.031512181247134,2.03643559034853,23.4375,18.75,25.0
fpc_formal_ravdess_d03_f3_A,ravdess,3,3,6,2.0117844217077963,2.030538793892772,18.75,20.3125,25.0
fpc_formal_ravdess_d03_f3_A,ravdess,3,3,7,1.9676804642807744,1.9994586389057738,18.75,18.75,28.125
fpc_formal_ravdess_d03_f3_A,ravdess,3,3,8,1.898228615281077,1.932792625075559,28.125,25.0,34.375
fpc_formal_ravdess_d03_f3_A,ravdess,3,3,9,1.8232466316481193,1.8667752326613265,28.125,26.5625,34.375
fpc_formal_ravdess_d03_f3_A,ravdess,3,3,10,1.699644778313255,1.7557105062210259,31.25,26.5625,40.625
fpc_formal_ravdess_d03_f3_A,ravdess,3,3,11,1.6032784211023485,1.6804649740918258,31.25,26.5625,40.625
fpc_formal_ravdess_d03_f3_A,ravdess,3,3,12,1.606573817295105,1.6914118537569467,31.25,26.5625,34.375
fpc_formal_ravdess_d03_f3_A,ravdess,3,3,13,1.5359727244775283,1.6357041862190915,31.25,26.5625,43.75
fpc_formal_ravdess_d03_f3_A,ravdess,3,3,14,1.524784752044472,1.6534708672896083,32.8125,29.6875,46.875
fpc_formal_ravdess_d03_f3_A,ravdess,3,3,15,1.650566688473411,1.8138749449546039,32.8125,29.6875,43.75
fpc_formal_ravdess_d03_f4_A,ravdess,3,4,1,2.0692571953645267,2.0726218246393984,15.625,12.5,9.375
fpc_formal_ravdess_d03_f4_A,ravdess,3,4,2,2.061591018251168,2.066533766777048,15.625,14.0625,9.375
fpc_formal_ravdess_d03_f4_A,ravdess,3,4,3,2.050211964776272,2.058555403130432,20.3125,15.625,18.75
fpc_formal_ravdess_d03_f4_A,ravdess,3,4,4,2.039401501068509,2.052723366130993,20.3125,17.1875,15.625
fpc_formal_ravdess_d03_f4_A,ravdess,3,4,5,2.0271341398866043,2.0482640830941468,15.625,12.5,12.5
fpc_formal_ravdess_d03_f4_A,ravdess,3,4,6,2.024475565693067,2.056163575939681,14.0625,14.0625,12.5
fpc_formal_ravdess_d03_f4_A,ravdess,3,4,7,1.9962566425496866,2.0388616675713287,20.3125,15.625,15.625
fpc_formal_ravdess_d03_f4_A,ravdess,3,4,8,2.0200445590170686,2.067958622318196,17.1875,18.75,18.75
fpc_formal_ravdess_d03_f4_A,ravdess,3,4,9,1.999983773653223,2.0604917569444656,20.3125,20.3125,18.75
fpc_formal_ravdess_d03_f4_A,ravdess,3,4,10,1.9584254481355154,2.025740932910892,26.5625,21.875,21.875
fpc_formal_ravdess_d03_f4_A,ravdess,3,4,11,2.0305660831959367,2.0839163991225287,21.875,20.3125,25.0
fpc_formal_ravdess_d03_f4_A,ravdess,3,4,12,1.7920037580408534,1.8868974321101328,35.9375,23.4375,37.5
fpc_formal_ravdess_d03_f4_A,ravdess,3,4,13,2.1032755651381376,2.0957761757498647,23.4375,25.0,34.375
fpc_formal_ravdess_d03_f4_A,ravdess,3,4,14,1.6798434850831223,1.8569367511036379,35.9375,23.4375,37.5
fpc_formal_ravdess_d03_f4_A,ravdess,3,4,15,1.719513832145329,1.8764972439729315,35.9375,23.4375,37.5
fpc_formal_ravdess_d04_f0_A,ravdess,4,0,1,2.0802295085416804,2.0773722746353878,14.0625,14.0625,16.666666666666664
fpc_formal_ravdess_d04_f0_A,ravdess,4,0,2,2.06941932150919,2.070656043988957,15.625,12.5,12.5
fpc_formal_ravdess_d04_f0_A,ravdess,4,0,3,2.0606476909641174,2.0656570728046915,23.4375,18.75,22.916666666666664
fpc_formal_ravdess_d04_f0_A,ravdess,4,0,4,2.050797216706756,2.0589055729738477,28.125,20.3125,29.166666666666668
fpc_formal_ravdess_d04_f0_A,ravdess,4,0,5,2.0374674780017465,2.054187268754548,32.8125,21.875,27.083333333333332
fpc_formal_ravdess_d04_f0_A,ravdess,4,0,6,2.017922345043538,2.0490948914437306,32.8125,14.0625,20.833333333333336
fpc_formal_ravdess_d04_f0_A,ravdess,4,0,7,1.9889668279526562,2.035835744911676,32.8125,14.0625,14.583333333333334
fpc_formal_ravdess_d04_f0_A,ravdess,4,0,8,1.9445091174734717,2.0171019500620204,35.9375,17.1875,16.666666666666664
fpc_formal_ravdess_d04_f0_A,ravdess,4,0,9,1.8822619060271288,1.9559835522113267,37.5,17.1875,31.25
fpc_formal_ravdess_d04_f0_A,ravdess,4,0,10,1.8116218543622815,1.892175386225395,40.625,29.6875,31.25
fpc_formal_ravdess_d04_f0_A,ravdess,4,0,11,1.7096346208632804,1.8824583200385399,40.625,31.25,31.25
fpc_formal_ravdess_d04_f0_A,ravdess,4,0,12,1.6297899616104876,1.7516698150312688,37.5,31.25,27.083333333333332
fpc_formal_ravdess_d04_f0_A,ravdess,4,0,13,1.5988577997755375,1.8082658362903374,40.625,25.0,27.083333333333332
fpc_formal_ravdess_d04_f0_A,ravdess,4,0,14,1.6065828935728108,1.8340503891863233,40.625,29.6875,27.083333333333332
fpc_formal_ravdess_d04_f0_A,ravdess,4,0,15,1.547390019077959,1.7552882391747566,37.5,37.5,35.41666666666667
fpc_formal_ravdess_d04_f1_A,ravdess,4,1,1,2.079276712139724,2.075685759117513,15.625,18.75,14.583333333333334
fpc_formal_ravdess_d04_f1_A,ravdess,4,1,2,2.068483678597637,2.0679749306738096,14.0625,14.0625,12.5
fpc_formal_ravdess_d04_f1_A,ravdess,4,1,3,2.060335268409425,2.0619620265359417,28.125,21.875,25.0
fpc_formal_ravdess_d04_f1_A,ravdess,4,1,4,2.0536747643031648,2.0579146500108942,23.4375,21.875,22.916666666666664
fpc_formal_ravdess_d04_f1_A,ravdess,4,1,5,2.0443215603307356,2.050043222645269,28.125,25.0,25.0
fpc_formal_ravdess_d04_f1_A,ravdess,4,1,6,2.03417461053719,2.039556908712986,35.9375,29.6875,31.25
fpc_formal_ravdess_d04_f1_A,ravdess,4,1,7,2.0214759513345344,2.02904063365056,32.8125,25.0,37.5
fpc_formal_ravdess_d04_f1_A,ravdess,4,1,8,1.9945522680832968,2.0048430082304995,37.5,26.5625,27.083333333333332
fpc_formal_ravdess_d04_f1_A,ravdess,4,1,9,1.9584011776209662,1.9688145116668085,29.6875,28.125,29.166666666666668
fpc_formal_ravdess_d04_f1_A,ravdess,4,1,10,1.9107343344788204,1.9234097743726946,39.0625,29.6875,33.33333333333333
fpc_formal_ravdess_d04_f1_A,ravdess,4,1,11,1.8200246956544657,1.8329691563515804,40.625,34.375,35.41666666666667
fpc_formal_ravdess_d04_f1_A,ravdess,4,1,12,1.764439178467355,1.7751141067587606,35.9375,37.5,33.33333333333333
fpc_formal_ravdess_d04_f1_A,ravdess,4,1,13,1.763850615695084,1.787759305113167,35.9375,31.25,29.166666666666668
fpc_formal_ravdess_d04_f1_A,ravdess,4,1,14,1.5599131743940253,1.6528942039719805,40.625,37.5,33.33333333333333
fpc_formal_ravdess_d04_f1_A,ravdess,4,1,15,1.7577864789307267,1.7791665314410194,34.375,32.8125,27.083333333333332
fpc_formal_ravdess_d04_f2_A,ravdess,4,2,1,2.0810652814466737,2.0802712750779673,12.5,14.0625,12.5
fpc_formal_ravdess_d04_f2_A,ravdess,4,2,2,2.072428512353845,2.0710762820318864,12.5,15.625,9.375
fpc_formal_ravdess_d04_f2_A,ravdess,4,2,3,2.0654727912693316,2.0625919569669655,15.625,23.4375,21.875
fpc_formal_ravdess_d04_f2_A,ravdess,4,2,4,2.0611813704653414,2.055512933016297,21.875,18.75,25.0
fpc_formal_ravdess_d04_f2_A,ravdess,4,2,5,2.0567625805876544,2.0445640262344202,17.1875,21.875,28.125
fpc_formal_ravdess_d04_f2_A,ravdess,4,2,6,2.047372781566968,2.028069359137836,21.875,20.3125,31.25
fpc_formal_ravdess_d04_f2_A,ravdess,4,2,7,2.0955590068831946,2.0689429932962886,17.1875,21.875,18.75
fpc_formal_ravdess_d04_f2_A,ravdess,4,2,8,2.0938989441628615,2.048915425892791,21.875,25.0,25.0
fpc_formal_ravdess_d04_f2_A,ravdess,4,2,9,2.019017839896833,1.9673227090110477,32.8125,18.75,25.0
fpc_formal_ravdess_d04_f2_A,ravdess,4,2,10,2.113851162221745,2.0309326386039914,28.125,20.3125,34.375
fpc_formal_ravdess_d04_f2_A,ravdess,4,2,11,2.1069022360993364,1.995563068398219,23.4375,23.4375,25.0
fpc_formal_ravdess_d04_f2_A,ravdess,4,2,12,2.042469039636126,1.9234529657206803,20.3125,25.0,28.125
fpc_formal_ravdess_d04_f2_A,ravdess,4,2,13,1.953163498379827,1.8379972489187442,31.25,28.125,25.0
fpc_formal_ravdess_d04_f2_A,ravdess,4,2,14,2.0496217232829634,1.873794782054111,28.125,26.5625,40.625
fpc_formal_ravdess_d04_f2_A,ravdess,4,2,15,1.910647603450042,1.7646234257139368,32.8125,37.5,34.375
fpc_formal_ravdess_d04_f3_A,ravdess,4,3,1,2.0717910426431176,2.075336197080561,10.9375,9.375,15.625
fpc_formal_ravdess_d04_f3_A,ravdess,4,3,2,2.0640842152831382,2.069459177682754,20.3125,15.625,12.5
fpc_formal_ravdess_d04_f3_A,ravdess,4,3,3,2.05663255656553,2.06449829356386,20.3125,18.75,15.625
fpc_formal_ravdess_d04_f3_A,ravdess,4,3,4,2.0472488359491123,2.0584937370258047,26.5625,20.3125,15.625
fpc_formal_ravdess_d04_f3_A,ravdess,4,3,5,2.036225474094073,2.050844102441711,26.5625,23.4375,15.625
fpc_formal_ravdess_d04_f3_A,ravdess,4,3,6,2.019874229739776,2.0409373399266757,28.125,21.875,21.875
fpc_formal_ravdess_d04_f3_A,ravdess,4,3,7,1.9887719478837118,2.0226331873815244,26.5625,26.5625,28.125
fpc_formal_ravdess_d04_f3_A,ravdess,4,3,8,1.956160466468087,2.0021856860938714,26.5625,28.125,21.875
fpc_formal_ravdess_d04_f3_A,ravdess,4,3,9,1.9854951727452712,2.029517433796341,25.0,23.4375,18.75
fpc_formal_ravdess_d04_f3_A,ravdess,4,3,10,1.7820970467987838,1.8761954741018783,32.8125,32.8125,25.0
fpc_formal_ravdess_d04_f3_A,ravdess,4,3,11,1.952387815715155,2.01915673650236,29.6875,25.0,21.875
fpc_formal_ravdess_d04_f3_A,ravdess,4,3,12,1.760593384169296,1.8766018006936243,35.9375,23.4375,25.0
fpc_formal_ravdess_d04_f3_A,ravdess,4,3,13,1.9376434734561303,2.049005205759359,28.125,23.4375,18.75
fpc_formal_ravdess_d04_f3_A,ravdess,4,3,14,1.5224617547078596,1.7628177816067965,45.3125,32.8125,31.25
fpc_formal_ravdess_d04_f3_A,ravdess,4,3,15,2.056527255039832,2.207083839400458,31.25,26.5625,21.875
fpc_formal_ravdess_d04_f4_A,ravdess,4,4,1,2.0753810777771786,2.073898489395009,12.5,18.75,12.5
fpc_formal_ravdess_d04_f4_A,ravdess,4,4,2,2.0700404416922162,2.0686530711581037,15.625,17.1875,12.5
fpc_formal_ravdess_d04_f4_A,ravdess,4,4,3,2.0642562934175537,2.0630504236956586,15.625,12.5,15.625
fpc_formal_ravdess_d04_f4_A,ravdess,4,4,4,2.057377789850918,2.055965354244442,17.1875,17.1875,25.0
fpc_formal_ravdess_d04_f4_A,ravdess,4,4,5,2.0485836742084196,2.049255671535165,21.875,20.3125,25.0
fpc_formal_ravdess_d04_f4_A,ravdess,4,4,6,2.036837319821891,2.043464170331484,20.3125,17.1875,18.75
fpc_formal_ravdess_d04_f4_A,ravdess,4,4,7,2.013376415929565,2.0260883701065557,23.4375,14.0625,18.75
fpc_formal_ravdess_d04_f4_A,ravdess,4,4,8,1.9870121772366718,2.013776689090362,21.875,17.1875,18.75
fpc_formal_ravdess_d04_f4_A,ravdess,4,4,9,1.9430905980919229,1.9811322171137447,23.4375,17.1875,15.625
fpc_formal_ravdess_d04_f4_A,ravdess,4,4,10,1.852868895015376,1.8601419913035129,32.8125,28.125,25.0
fpc_formal_ravdess_d04_f4_A,ravdess,4,4,11,1.834622156328146,1.8688477587323629,23.4375,23.4375,15.625
fpc_formal_ravdess_d04_f4_A,ravdess,4,4,12,1.7399837391351265,1.7066635334800262,42.1875,37.5,34.375
fpc_formal_ravdess_d04_f4_A,ravdess,4,4,13,1.733103386035806,1.7299722635884272,32.8125,34.375,18.75
fpc_formal_ravdess_d04_f4_A,ravdess,4,4,14,1.653189764582918,1.6301159821066844,37.5,31.25,34.375
fpc_formal_ravdess_d04_f4_A,ravdess,4,4,15,1.5459967756411896,1.39036468691144,45.3125,42.1875,43.75
fpc_formal_ravdess_d05_f0_A,ravdess,5,0,1,2.0706432127062695,2.071662714375681,21.875,15.625,25.0
fpc_formal_ravdess_d05_f0_A,ravdess,5,0,2,2.0619688116231716,2.062266732612885,18.75,17.1875,22.916666666666664
fpc_formal_ravdess_d05_f0_A,ravdess,5,0,3,2.053803157241674,2.0526929539695002,20.3125,17.1875,22.916666666666664
fpc_formal_ravdess_d05_f0_A,ravdess,5,0,4,2.048806191449575,2.0449699687536116,21.875,26.5625,29.166666666666668
fpc_formal_ravdess_d05_f0_A,ravdess,5,0,5,2.0433957182708755,2.0376493594822382,20.3125,25.0,27.083333333333332
fpc_formal_ravdess_d05_f0_A,ravdess,5,0,6,2.035926713843498,2.0284169789752364,17.1875,18.75,22.916666666666664
fpc_formal_ravdess_d05_f0_A,ravdess,5,0,7,2.0151644574206102,2.0040376407486096,15.625,18.75,25.0
fpc_formal_ravdess_d05_f0_A,ravdess,5,0,8,1.9994791999342185,1.9834042310366018,17.1875,17.1875,29.166666666666668
fpc_formal_ravdess_d05_f0_A,ravdess,5,0,9,1.983538312998727,1.9574897016500399,17.1875,17.1875,35.41666666666667
fpc_formal_ravdess_d05_f0_A,ravdess,5,0,10,2.0091686745068786,1.9488303548343393,17.1875,17.1875,33.33333333333333
fpc_formal_ravdess_d05_f0_A,ravdess,5,0,11,1.9098256750622975,1.8130501829901229,26.5625,31.25,37.5
fpc_formal_ravdess_d05_f0_A,ravdess,5,0,12,1.9453358189164893,1.8165851303982836,25.0,28.125,35.41666666666667
fpc_formal_ravdess_d05_f0_A,ravdess,5,0,13,1.8270167128195154,1.6184965753037144,29.6875,35.9375,43.75
fpc_formal_ravdess_d05_f0_A,ravdess,5,0,14,2.105875089870025,1.8999430683245055,25.0,32.8125,41.66666666666667
fpc_formal_ravdess_d05_f0_A,ravdess,5,0,15,1.6791783301737127,1.3996117017007197,40.625,43.75,50.0
fpc_formal_ravdess_d05_f1_A,ravdess,5,1,1,2.0722792762656237,2.0766666326664347,14.0625,14.0625,12.5
fpc_formal_ravdess_d05_f1_A,ravdess,5,1,2,2.060836394364114,2.064881695286767,17.1875,15.625,14.583333333333334
fpc_formal_ravdess_d05_f1_A,ravdess,5,1,3,2.0528893360581812,2.0574551242269283,17.1875,12.5,12.5
fpc_formal_ravdess_d05_f1_A,ravdess,5,1,4,2.0456621252051463,2.049666315057444,18.75,21.875,20.833333333333336
fpc_formal_ravdess_d05_f1_A,ravdess,5,1,5,2.0399126545017356,2.0399596555536306,17.1875,23.4375,16.666666666666664
fpc_formal_ravdess_d05_f1_A,ravdess,5,1,6,2.030372047910152,2.029746649151571,18.75,21.875,20.833333333333336
fpc_formal_ravdess_d05_f1_A,ravdess,5,1,7,2.019735803014166,2.013931891002111,23.4375,21.875,20.833333333333336
fpc_formal_ravdess_d05_f1_A,ravdess,5,1,8,1.9943829009215923,1.9873359475390444,28.125,23.4375,25.0
fpc_formal_ravdess_d05_f1_A,ravdess,5,1,9,1.9651450847790226,1.9593997218025843,29.6875,26.5625,29.166666666666668
fpc_formal_ravdess_d05_f1_A,ravdess,5,1,10,1.9321718284675378,1.9231154168401232,32.8125,32.8125,29.166666666666668
fpc_formal_ravdess_d05_f1_A,ravdess,5,1,11,1.9096823759676775,1.8806000503803073,32.8125,37.5,31.25
fpc_formal_ravdess_d05_f1_A,ravdess,5,1,12,1.7509855821146427,1.8152995302663308,40.625,29.6875,29.166666666666668
fpc_formal_ravdess_d05_f1_A,ravdess,5,1,13,1.6908782154951187,1.7473727852906134,39.0625,29.6875,33.33333333333333
fpc_formal_ravdess_d05_f1_A,ravdess,5,1,14,1.576669978315657,1.6741662242366173,45.3125,35.9375,33.33333333333333
fpc_formal_ravdess_d05_f1_A,ravdess,5,1,15,1.7365814080417827,1.8503522285194804,39.0625,23.4375,27.083333333333332
fpc_formal_ravdess_d05_f2_A,ravdess,5,2,1,2.0823670898669606,2.0798499324303883,14.0625,12.5,12.5
fpc_formal_ravdess_d05_f2_A,ravdess,5,2,2,2.0720664743616726,2.0720040176746037,17.1875,15.625,15.625
fpc_formal_ravdess_d05_f2_A,ravdess,5,2,3,2.0624956423725016,2.065627302637941,21.875,20.3125,12.5
fpc_formal_ravdess_d05_f2_A,ravdess,5,2,4,2.0543851855251183,2.0597401101582973,26.5625,23.4375,18.75
fpc_formal_ravdess_d05_f2_A,ravdess,5,2,5,2.0490094562792662,2.057568293943781,15.625,15.625,15.625
fpc_formal_ravdess_d05_f2_A,ravdess,5,2,6,2.040715289977431,2.0528109506137264,15.625,17.1875,15.625
fpc_formal_ravdess_d05_f2_A,ravdess,5,2,7,2.0197551133834706,2.0392080113221263,23.4375,14.0625,18.75
fpc_formal_ravdess_d05_f2_A,ravdess,5,2,8,1.9985670718680102,2.028016613663361,26.5625,15.625,15.625
fpc_formal_ravdess_d05_f2_A,ravdess,5,2,9,1.945718256834766,1.985696546315292,26.5625,20.3125,15.625
fpc_formal_ravdess_d05_f2_A,ravdess,5,2,10,1.879023193641016,1.9374452462404195,28.125,26.5625,21.875
fpc_formal_ravdess_d05_f2_A,ravdess,5,2,11,1.7776693327257815,1.841865848195933,34.375,26.5625,15.625
fpc_formal_ravdess_d05_f2_A,ravdess,5,2,12,1.6992449618537,1.7324353335931715,32.8125,31.25,21.875
fpc_formal_ravdess_d05_f2_A,ravdess,5,2,13,1.6988544328370039,1.7829883905773167,34.375,31.25,28.125
fpc_formal_ravdess_d05_f2_A,ravdess,5,2,14,1.5766733572790188,1.6368881817698517,37.5,34.375,28.125
fpc_formal_ravdess_d05_f2_A,ravdess,5,2,15,1.494551495086092,1.509352478881222,39.0625,37.5,31.25
fpc_formal_ravdess_d05_f3_A,ravdess,5,3,1,2.078645668550867,2.0771858343098835,18.75,14.0625,15.625
fpc_formal_ravdess_d05_f3_A,ravdess,5,3,2,2.0728028437335153,2.0708021751829913,14.0625,15.625,15.625
fpc_formal_ravdess_d05_f3_A,ravdess,5,3,3,2.0671111587108544,2.0652708904402033,17.1875,18.75,25.0
fpc_formal_ravdess_d05_f3_A,ravdess,5,3,4,2.0601832984745965,2.060131170873037,17.1875,18.75,12.5
fpc_formal_ravdess_d05_f3_A,ravdess,5,3,5,2.0527990503814353,2.057891725441151,15.625,12.5,15.625
fpc_formal_ravdess_d05_f3_A,ravdess,5,3,6,2.041290641132984,2.0498837414564512,15.625,17.1875,15.625
fpc_formal_ravdess_d05_f3_A,ravdess,5,3,7,2.0596619879215687,2.0791485788245807,14.0625,15.625,15.625
fpc_formal_ravdess_d05_f3_A,ravdess,5,3,8,1.9997921606838922,2.008250282877214,23.4375,20.3125,25.0
fpc_formal_ravdess_d05_f3_A,ravdess,5,3,9,2.0543623395834505,2.079063804120625,18.75,17.1875,15.625
fpc_formal_ravdess_d05_f3_A,ravdess,5,3,10,2.0672037076713856,2.095050290312582,20.3125,23.4375,21.875
fpc_formal_ravdess_d05_f3_A,ravdess,5,3,11,1.9173697369814995,1.9552225846716562,34.375,31.25,34.375
fpc_formal_ravdess_d05_f3_A,ravdess,5,3,12,2.066181993304088,2.153287312912772,21.875,18.75,21.875
fpc_formal_ravdess_d05_f3_A,ravdess,5,3,13,1.7514954058631795,1.8560396691605012,37.5,31.25,43.75
fpc_formal_ravdess_d05_f3_A,ravdess,5,3,14,1.743089645412176,1.8504848959689273,43.75,31.25,43.75
fpc_formal_ravdess_d05_f3_A,ravdess,5,3,15,1.9403351946528047,2.100880852480458,29.6875,28.125,31.25
fpc_formal_ravdess_d05_f4_A,ravdess,5,4,1,2.072092085889688,2.076444045523339,18.75,12.5,15.625
fpc_formal_ravdess_d05_f4_A,ravdess,5,4,2,2.0679686698743605,2.07253406709312,14.0625,14.0625,12.5
fpc_formal_ravdess_d05_f4_A,ravdess,5,4,3,2.0617098337249935,2.067946609068562,20.3125,15.625,15.625
fpc_formal_ravdess_d05_f4_A,ravdess,5,4,4,2.051876972839686,2.061621009192977,28.125,21.875,12.5
fpc_formal_ravdess_d05_f4_A,ravdess,5,4,5,2.0602460591702547,2.0618224606205118,20.3125,15.625,12.5
fpc_formal_ravdess_d05_f4_A,ravdess,5,4,6,2.077170347067365,2.0696477432531317,14.0625,18.75,12.5
fpc_formal_ravdess_d05_f4_A,ravdess,5,4,7,2.033446675144021,2.063383744656173,14.0625,15.625,18.75
fpc_formal_ravdess_d05_f4_A,ravdess,5,4,8,2.091951704784699,2.094302389666553,15.625,14.0625,12.5
fpc_formal_ravdess_d05_f4_A,ravdess,5,4,9,2.0382203571060944,2.0693174446058578,15.625,12.5,25.0
fpc_formal_ravdess_d05_f4_A,ravdess,5,4,10,2.191361723533417,2.1410957169732026,15.625,18.75,15.625
fpc_formal_ravdess_d05_f4_A,ravdess,5,4,11,1.8859300162928418,1.991786037118397,23.4375,21.875,28.125
fpc_formal_ravdess_d05_f4_A,ravdess,5,4,12,1.9476277709678507,1.9783795934524608,25.0,29.6875,25.0
fpc_formal_ravdess_d05_f4_A,ravdess,5,4,13,1.932094362842204,1.963604815316458,25.0,29.6875,25.0
fpc_formal_ravdess_d05_f4_A,ravdess,5,4,14,1.8433535090856497,1.9082308842778244,31.25,35.9375,28.125
fpc_formal_ravdess_d05_f4_A,ravdess,5,4,15,1.59924820258227,1.7833128708715065,37.5,32.8125,40.625
fpc_formal_ravdess_d06_f0_A,ravdess,6,0,1,2.0683830730933526,2.0746223227285814,20.3125,15.625,14.583333333333334
fpc_formal_ravdess_d06_f0_A,ravdess,6,0,2,2.0562830304457838,2.0673893220016213,20.3125,26.5625,25.0
fpc_formal_ravdess_d06_f0_A,ravdess,6,0,3,2.044444367758226,2.0601873632625276,18.75,17.1875,20.833333333333336
fpc_formal_ravdess_d06_f0_A,ravdess,6,0,4,2.0313624454656143,2.0527951718698323,29.6875,18.75,18.75
fpc_formal_ravdess_d06_f0_A,ravdess,6,0,5,2.0185168667303346,2.0507580963593735,17.1875,17.1875,16.666666666666664
fpc_formal_ravdess_d06_f0_A,ravdess,6,0,6,2.000265184094312,2.0470832625412694,18.75,17.1875,20.833333333333336
fpc_formal_ravdess_d06_f0_A,ravdess,6,0,7,1.9617696458660503,2.0172216834829273,18.75,21.875,20.833333333333336
fpc_formal_ravdess_d06_f0_A,ravdess,6,0,8,1.9274802504109463,2.003601431826334,20.3125,20.3125,20.833333333333336
fpc_formal_ravdess_d06_f0_A,ravdess,6,0,9,1.8751958793489294,1.9576952814673008,25.0,25.0,20.833333333333336
fpc_formal_ravdess_d06_f0_A,ravdess,6,0,10,1.769828532836704,1.862881066512346,35.9375,35.9375,31.25
fpc_formal_ravdess_d06_f0_A,ravdess,6,0,11,1.8608521184900215,1.9291669661404343,28.125,29.6875,29.166666666666668
fpc_formal_ravdess_d06_f0_A,ravdess,6,0,12,1.6690673878771474,1.7570315479112635,32.8125,35.9375,27.083333333333332
fpc_formal_ravdess_d06_f0_A,ravdess,6,0,13,1.6624852755282111,1.7350298539409712,29.6875,35.9375,29.166666666666668
fpc_formal_ravdess_d06_f0_A,ravdess,6,0,14,1.730874755594752,1.7527018804134742,28.125,31.25,27.083333333333332
fpc_formal_ravdess_d06_f0_A,ravdess,6,0,15,1.4861275956865199,1.568825560444861,39.0625,42.1875,33.33333333333333
fpc_formal_ravdess_d06_f1_A,ravdess,6,1,1,2.072861598084662,2.072891227668781,15.625,14.0625,12.5
fpc_formal_ravdess_d06_f1_A,ravdess,6,1,2,2.0643348454333825,2.063447638254324,15.625,20.3125,12.5
fpc_formal_ravdess_d06_f1_A,ravdess,6,1,3,2.0555413782878613,2.0552911013441726,17.1875,17.1875,18.75
fpc_formal_ravdess_d06_f1_A,ravdess,6,1,4,2.0476514977480775,2.0452814464277327,18.75,21.875,16.666666666666664
fpc_formal_ravdess_d06_f1_A,ravdess,6,1,5,2.039402200883513,2.032782469984223,20.3125,23.4375,22.916666666666664
fpc_formal_ravdess_d06_f1_A,ravdess,6,1,6,2.0239952304886213,2.015611137264074,20.3125,28.125,29.166666666666668
fpc_formal_ravdess_d06_f1_A,ravdess,6,1,7,2.014947071862421,1.9922547558581167,15.625,26.5625,25.0
fpc_formal_ravdess_d06_f1_A,ravdess,6,1,8,1.9660677771188184,1.9527104729395244,21.875,34.375,27.083333333333332
fpc_formal_ravdess_d06_f1_A,ravdess,6,1,9,1.8971148888834235,1.8938945889163081,31.25,37.5,33.33333333333333
fpc_formal_ravdess_d06_f1_A,ravdess,6,1,10,1.9267467068720523,1.9019163008148614,25.0,32.8125,29.166666666666668
fpc_formal_ravdess_d06_f1_A,ravdess,6,1,11,1.7453838352554523,1.8358232183603866,34.375,32.8125,37.5
fpc_formal_ravdess_d06_f1_A,ravdess,6,1,12,1.7041360025327676,1.7555933776134744,34.375,32.8125,39.58333333333333
fpc_formal_ravdess_d06_f1_A,ravdess,6,1,13,1.7977691804913247,1.864815422419428,32.8125,34.375,31.25
fpc_formal_ravdess_d06_f1_A,ravdess,6,1,14,1.5459103739628497,1.7509594065213365,42.1875,35.9375,39.58333333333333
fpc_formal_ravdess_d06_f1_A,ravdess,6,1,15,1.7382530607601718,1.897430013773925,37.5,31.25,31.25
fpc_formal_ravdess_d06_f2_A,ravdess,6,2,1,2.0788459836895465,2.076677609959898,17.1875,15.625,18.75
fpc_formal_ravdess_d06_f2_A,ravdess,6,2,2,2.0682015606129927,2.067257067251375,15.625,15.625,15.625
fpc_formal_ravdess_d06_f2_A,ravdess,6,2,3,2.058839367061445,2.0581986504940484,25.0,18.75,21.875
fpc_formal_ravdess_d06_f2_A,ravdess,6,2,4,2.048557201076043,2.048626189154217,20.3125,17.1875,12.5
fpc_formal_ravdess_d06_f2_A,ravdess,6,2,5,2.032139370143523,2.0319081776950134,15.625,17.1875,12.5
fpc_formal_ravdess_d06_f2_A,ravdess,6,2,6,2.000611506426874,1.9984523808466417,28.125,18.75,15.625
fpc_formal_ravdess_d06_f2_A,ravdess,6,2,7,1.977771780925694,1.9756128688027772,21.875,20.3125,15.625
fpc_formal_ravdess_d06_f2_A,ravdess,6,2,8,1.8947139040766316,1.8984679515557565,37.5,28.125,21.875
fpc_formal_ravdess_d06_f2_A,ravdess,6,2,9,1.8414934885787022,1.852954436936013,37.5,26.5625,31.25
fpc_formal_ravdess_d06_f2_A,ravdess,6,2,10,1.788194865781636,1.8229819712019038,39.0625,26.5625,37.5
fpc_formal_ravdess_d06_f2_A,ravdess,6,2,11,1.7618008968488157,1.77075535389644,42.1875,31.25,28.125
fpc_formal_ravdess_d06_f2_A,ravdess,6,2,12,1.648756502114249,1.7582834402642913,37.5,25.0,43.75
fpc_formal_ravdess_d06_f2_A,ravdess,6,2,13,1.5878570907200358,1.709108654774646,40.625,28.125,40.625
fpc_formal_ravdess_d06_f2_A,ravdess,6,2,14,1.6722607727277168,1.7091874143955108,43.75,32.8125,37.5
fpc_formal_ravdess_d06_f2_A,ravdess,6,2,15,1.5114207487031641,1.6940491371226591,39.0625,34.375,37.5
fpc_formal_ravdess_d06_f3_A,ravdess,6,3,1,2.071206290300795,2.0814290526392725,15.625,14.0625,12.5
fpc_formal_ravdess_d06_f3_A,ravdess,6,3,2,2.0599163555348947,2.072398022974955,23.4375,12.5,25.0
fpc_formal_ravdess_d06_f3_A,ravdess,6,3,3,2.0495149620261652,2.0646645270100104,20.3125,15.625,12.5
fpc_formal_ravdess_d06_f3_A,ravdess,6,3,4,2.040002385886889,2.055915859215018,25.0,18.75,21.875
fpc_formal_ravdess_d06_f3_A,ravdess,6,3,5,2.0305513660918812,2.041384269776668,20.3125,17.1875,15.625
fpc_formal_ravdess_d06_f3_A,ravdess,6,3,6,2.022063916504176,2.023293584427499,21.875,23.4375,9.375
fpc_formal_ravdess_d06_f3_A,ravdess,6,3,7,2.0421443852543897,2.0314999519032217,18.75,18.75,9.375
fpc_formal_ravdess_d06_f3_A,ravdess,6,3,8,2.029516094570249,2.0105552000659785,20.3125,21.875,9.375
fpc_formal_ravdess_d06_f3_A,ravdess,6,3,9,1.9875161775592187,1.9739949588177832,21.875,21.875,9.375
fpc_formal_ravdess_d06_f3_A,ravdess,6,3,10,2.0546521903564674,2.0341323371707896,18.75,20.3125,9.375
fpc_formal_ravdess_d06_f3_A,ravdess,6,3,11,1.8459137538921322,1.8888142603611695,31.25,25.0,15.625
fpc_formal_ravdess_d06_f3_A,ravdess,6,3,12,1.9954289170847739,2.053077081250398,28.125,25.0,18.75
fpc_formal_ravdess_d06_f3_A,ravdess,6,3,13,1.689673899500856,1.7730875540272169,35.9375,34.375,25.0
fpc_formal_ravdess_d06_f3_A,ravdess,6,3,14,1.8603404118294493,1.9847440601094744,34.375,29.6875,21.875
fpc_formal_ravdess_d06_f3_A,ravdess,6,3,15,1.7329390031226577,1.8912246496992418,39.0625,31.25,21.875
fpc_formal_ravdess_d06_f4_A,ravdess,6,4,1,2.075531167405633,2.075074445062622,17.1875,17.1875,15.625
fpc_formal_ravdess_d06_f4_A,ravdess,6,4,2,2.0681652617826316,2.065935106338924,17.1875,20.3125,9.375
fpc_formal_ravdess_d06_f4_A,ravdess,6,4,3,2.0610407530000368,2.0563526343701533,17.1875,17.1875,21.875
fpc_formal_ravdess_d06_f4_A,ravdess,6,4,4,2.0540469310494296,2.048041115745611,20.3125,20.3125,15.625
fpc_formal_ravdess_d06_f4_A,ravdess,6,4,5,2.0473072878154,2.0397793116320604,21.875,18.75,18.75
fpc_formal_ravdess_d06_f4_A,ravdess,6,4,6,2.0349169923026347,2.023553419566035,20.3125,20.3125,18.75
fpc_formal_ravdess_d06_f4_A,ravdess,6,4,7,2.0182954493228484,1.9971362166099433,18.75,26.5625,21.875
fpc_formal_ravdess_d06_f4_A,ravdess,6,4,8,1.9957163239744466,1.9596380235334006,18.75,26.5625,12.5
fpc_formal_ravdess_d06_f4_A,ravdess,6,4,9,1.9503188424910571,1.8979974212469215,21.875,29.6875,15.625
fpc_formal_ravdess_d06_f4_A,ravdess,6,4,10,1.8747353243048566,1.843646696501901,32.8125,29.6875,25.0
fpc_formal_ravdess_d06_f4_A,ravdess,6,4,11,1.8523424379605042,1.793818167233646,25.0,35.9375,18.75
fpc_formal_ravdess_d06_f4_A,ravdess,6,4,12,1.7063529560716293,1.6475321723854357,34.375,34.375,31.25
fpc_formal_ravdess_d06_f4_A,ravdess,6,4,13,1.6224154513792777,1.57033609522607,39.0625,37.5,31.25
fpc_formal_ravdess_d06_f4_A,ravdess,6,4,14,1.6396078285582072,1.6140891078430881,32.8125,31.25,31.25
fpc_formal_ravdess_d06_f4_A,ravdess,6,4,15,1.5681647457193406,1.532816788516643,43.75,42.1875,34.375
fpc_formal_ravdess_d07_f0_A,ravdess,7,0,1,2.075630962678224,2.0812570625288433,14.0625,9.375,12.5
fpc_formal_ravdess_d07_f0_A,ravdess,7,0,2,2.063912820449832,2.079497330531394,21.875,21.875,16.666666666666664
fpc_formal_ravdess_d07_f0_A,ravdess,7,0,3,2.054779840798249,2.0790176883429945,17.1875,14.0625,14.583333333333334
fpc_formal_ravdess_d07_f0_A,ravdess,7,0,4,2.0568792191855443,2.0843185754239313,14.0625,9.375,12.5
fpc_formal_ravdess_d07_f0_A,ravdess,7,0,5,2.0727955552446735,2.1042726309901982,12.5,12.5,12.5
fpc_formal_ravdess_d07_f0_A,ravdess,7,0,6,2.087091662967617,2.139735103601004,14.0625,12.5,14.583333333333334
fpc_formal_ravdess_d07_f0_A,ravdess,7,0,7,2.148476113151296,2.2127747704528784,12.5,12.5,14.583333333333334
fpc_formal_ravdess_d07_f0_A,ravdess,7,0,8,2.3439188441436336,2.358343205764112,12.5,10.9375,12.5
fpc_formal_ravdess_d07_f0_A,ravdess,7,0,9,2.256071603569609,2.3363289277558565,14.0625,14.0625,12.5
fpc_formal_ravdess_d07_f0_A,ravdess,7,0,10,2.3080701723854617,2.3815212646340758,14.0625,10.9375,12.5
fpc_formal_ravdess_d07_f0_A,ravdess,7,0,11,2.306189229254757,2.4154192025911705,15.625,17.1875,12.5
fpc_formal_ravdess_d07_f0_A,ravdess,7,0,12,2.372636813122599,2.462419502001439,17.1875,17.1875,14.583333333333334
fpc_formal_ravdess_d07_f0_A,ravdess,7,0,13,2.2374024237229775,2.392948169166292,17.1875,17.1875,12.5
fpc_formal_ravdess_d07_f0_A,ravdess,7,0,14,2.3457858973193932,2.477744399267978,18.75,15.625,16.666666666666664
fpc_formal_ravdess_d07_f0_A,ravdess,7,0,15,2.3634644623035426,2.491277189573111,21.875,17.1875,18.75
fpc_formal_ravdess_d07_f1_A,ravdess,7,1,1,2.0753774534161247,2.080093165816416,12.5,9.375,8.333333333333332
fpc_formal_ravdess_d07_f1_A,ravdess,7,1,2,2.06827818995454,2.071618693862532,21.875,12.5,16.666666666666664
fpc_formal_ravdess_d07_f1_A,ravdess,7,1,3,2.062773660509076,2.0649313671253404,17.1875,17.1875,20.833333333333336
fpc_formal_ravdess_d07_f1_A,ravdess,7,1,4,2.0580700827116623,2.057948295316187,23.4375,21.875,20.833333333333336
fpc_formal_ravdess_d07_f1_A,ravdess,7,1,5,2.0566242078577543,2.0570815525701156,15.625,17.1875,14.583333333333334
fpc_formal_ravdess_d07_f1_A,ravdess,7,1,6,2.0545029088286064,2.054285590010924,12.5,14.0625,16.666666666666664
fpc_formal_ravdess_d07_f1_A,ravdess,7,1,7,2.0428125877635637,2.0386220970959146,15.625,15.625,22.916666666666664
fpc_formal_ravdess_d07_f1_A,ravdess,7,1,8,2.055542109019753,2.040581252685883,12.5,17.1875,18.75
fpc_formal_ravdess_d07_f1_A,ravdess,7,1,9,2.072245546782936,2.0670198770704533,12.5,15.625,12.5
fpc_formal_ravdess_d07_f1_A,ravdess,7,1,10,2.030345447928354,2.0174243677005936,12.5,20.3125,25.0
fpc_formal_ravdess_d07_f1_A,ravdess,7,1,11,2.0337977691487934,2.0039682804673724,17.1875,20.3125,25.0
fpc_formal_ravdess_d07_f1_A,ravdess,7,1,12,2.0696957136971856,2.0894131302069514,12.5,17.1875,18.75
fpc_formal_ravdess_d07_f1_A,ravdess,7,1,13,1.9493996794928719,1.9451253301314688,21.875,23.4375,31.25
fpc_formal_ravdess_d07_f1_A,ravdess,7,1,14,1.8538706094333164,1.8814516348974892,21.875,26.5625,31.25
fpc_formal_ravdess_d07_f1_A,ravdess,7,1,15,1.8389479207489976,1.8766158996437192,25.0,28.125,31.25
fpc_formal_ravdess_d07_f2_A,ravdess,7,2,1,2.075473522200821,2.074167589591743,12.5,14.0625,12.5
fpc_formal_ravdess_d07_f2_A,ravdess,7,2,2,2.06965536110481,2.0661543543449383,14.0625,15.625,21.875
fpc_formal_ravdess_d07_f2_A,ravdess,7,2,3,2.063714849137815,2.0601184503034493,25.0,23.4375,25.0
fpc_formal_ravdess_d07_f2_A,ravdess,7,2,4,2.055664845742151,2.052402132627271,21.875,21.875,25.0
fpc_formal_ravdess_d07_f2_A,ravdess,7,2,5,2.0465999312788465,2.0451819665204,25.0,28.125,28.125
fpc_formal_ravdess_d07_f2_A,ravdess,7,2,6,2.035376432740928,2.034119103091351,25.0,26.5625,25.0
fpc_formal_ravdess_d07_f2_A,ravdess,7,2,7,2.013825627691775,2.020713784910146,26.5625,23.4375,25.0
fpc_formal_ravdess_d07_f2_A,ravdess,7,2,8,1.9970702976578867,1.9989633974569365,21.875,23.4375,21.875
fpc_formal_ravdess_d07_f2_A,ravdess,7,2,9,1.9181500423835942,1.9525139704970549,31.25,26.5625,34.375
fpc_formal_ravdess_d07_f2_A,ravdess,7,2,10,1.8674238601950786,1.9072560303788406,32.8125,29.6875,28.125
fpc_formal_ravdess_d07_f2_A,ravdess,7,2,11,1.8234831511276697,1.8679857911873312,32.8125,29.6875,31.25
fpc_formal_ravdess_d07_f2_A,ravdess,7,2,12,1.731760362990644,1.7812446655107588,34.375,28.125,40.625
fpc_formal_ravdess_d07_f2_A,ravdess,7,2,13,1.6411514172697776,1.7285602164591274,34.375,34.375,34.375
fpc_formal_ravdess_d07_f2_A,ravdess,7,2,14,1.6500076126050098,1.671985916706845,35.9375,28.125,37.5
fpc_formal_ravdess_d07_f2_A,ravdess,7,2,15,1.560002116562564,1.644716196559997,37.5,39.0625,40.625
fpc_formal_ravdess_d07_f3_A,ravdess,7,3,1,2.0803899506564267,2.080501755837078,17.1875,23.4375,15.625
fpc_formal_ravdess_d07_f3_A,ravdess,7,3,2,2.0691189315806966,2.0655340773897666,20.3125,20.3125,21.875
fpc_formal_ravdess_d07_f3_A,ravdess,7,3,3,2.062029592233354,2.053475573280116,15.625,17.1875,15.625
fpc_formal_ravdess_d07_f3_A,ravdess,7,3,4,2.052475695211788,2.0444330399997535,12.5,15.625,15.625
fpc_formal_ravdess_d07_f3_A,ravdess,7,3,5,2.039234395052231,2.0385559423060133,12.5,20.3125,15.625
fpc_formal_ravdess_d07_f3_A,ravdess,7,3,6,2.0297277438074963,2.0467633305156996,15.625,18.75,15.625
fpc_formal_ravdess_d07_f3_A,ravdess,7,3,7,2.0068139886695073,2.0158929321742995,10.9375,12.5,18.75
fpc_formal_ravdess_d07_f3_A,ravdess,7,3,8,1.9948046291879642,2.014559238936923,15.625,15.625,15.625
fpc_formal_ravdess_d07_f3_A,ravdess,7,3,9,1.943880583443267,2.0103371553420186,21.875,17.1875,18.75
fpc_formal_ravdess_d07_f3_A,ravdess,7,3,10,1.90079181516419,2.0411251702844666,21.875,18.75,18.75
fpc_formal_ravdess_d07_f3_A,ravdess,7,3,11,1.8495328733262173,1.9745779996808117,25.0,23.4375,28.125
fpc_formal_ravdess_d07_f3_A,ravdess,7,3,12,1.8310851970408621,1.9634820009013765,23.4375,28.125,25.0
fpc_formal_ravdess_d07_f3_A,ravdess,7,3,13,1.7565731576231163,1.9083164538335093,23.4375,21.875,28.125
fpc_formal_ravdess_d07_f3_A,ravdess,7,3,14,1.6764862390158035,1.9094156250577603,31.25,23.4375,25.0
fpc_formal_ravdess_d07_f3_A,ravdess,7,3,15,1.7557535492811758,1.9338746925304369,25.0,21.875,21.875
fpc_formal_ravdess_d07_f4_A,ravdess,7,4,1,2.0791872343808704,2.076375084159812,14.0625,15.625,12.5
fpc_formal_ravdess_d07_f4_A,ravdess,7,4,2,2.071122204340349,2.070756058940141,12.5,20.3125,12.5
fpc_formal_ravdess_d07_f4_A,ravdess,7,4,3,2.0652858938828507,2.066185161763771,14.0625,14.0625,12.5
fpc_formal_ravdess_d07_f4_A,ravdess,7,4,4,2.0575982420139343,2.056754537178823,20.3125,23.4375,15.625
fpc_formal_ravdess_d07_f4_A,ravdess,7,4,5,2.0497128179689046,2.0500552384878876,20.3125,18.75,21.875
fpc_formal_ravdess_d07_f4_A,ravdess,7,4,6,2.0450636983134194,2.0491827248314327,18.75,12.5,18.75
fpc_formal_ravdess_d07_f4_A,ravdess,7,4,7,2.032919010382164,2.0421038715680666,18.75,14.0625,21.875
fpc_formal_ravdess_d07_f4_A,ravdess,7,4,8,1.9948692934520122,2.024553735294682,20.3125,15.625,21.875
fpc_formal_ravdess_d07_f4_A,ravdess,7,4,9,1.939065722088566,1.9942374795981062,23.4375,14.0625,21.875
fpc_formal_ravdess_d07_f4_A,ravdess,7,4,10,1.9042732592843534,1.9960433989144033,21.875,20.3125,21.875
fpc_formal_ravdess_d07_f4_A,ravdess,7,4,11,1.8491418433063314,1.967467455262667,29.6875,23.4375,21.875
fpc_formal_ravdess_d07_f4_A,ravdess,7,4,12,1.89463877034803,2.0710006699539116,25.0,28.125,18.75
fpc_formal_ravdess_d07_f4_A,ravdess,7,4,13,1.7244985279737477,1.8972679345262504,31.25,18.75,18.75
fpc_formal_ravdess_d07_f4_A,ravdess,7,4,14,1.9795008561513439,2.2632246023124702,26.5625,21.875,21.875
fpc_formal_ravdess_d07_f4_A,ravdess,7,4,15,1.6740179033642983,1.960084637993224,29.6875,23.4375,25.0
fpc_formal_ravdess_d08_f0_A,ravdess,8,0,1,2.0775957804639384,2.0761018936470563,15.625,17.1875,18.75
fpc_formal_ravdess_d08_f0_A,ravdess,8,0,2,2.0723308385527215,2.0702084841575994,20.3125,26.5625,20.833333333333336
fpc_formal_ravdess_d08_f0_A,ravdess,8,0,3,2.0660486739689,2.0637880265749002,17.1875,23.4375,12.5
fpc_formal_ravdess_d08_f0_A,ravdess,8,0,4,2.05881432765858,2.0546717611734344,14.0625,18.75,14.583333333333334
fpc_formal_ravdess_d08_f0_A,ravdess,8,0,5,2.048340362995737,2.0470653398820247,20.3125,23.4375,16.666666666666664
fpc_formal_ravdess_d08_f0_A,ravdess,8,0,6,2.033664540384168,2.0296066512152153,15.625,21.875,16.666666666666664
fpc_formal_ravdess_d08_f0_A,ravdess,8,0,7,2.0133312891757025,2.0057887708164337,18.75,18.75,16.666666666666664
fpc_formal_ravdess_d08_f0_A,ravdess,8,0,8,1.9725508545265074,1.9532868311662313,18.75,26.5625,18.75
fpc_formal_ravdess_d08_f0_A,ravdess,8,0,9,2.0212847680491888,2.0020568906218146,15.625,23.4375,18.75
fpc_formal_ravdess_d08_f0_A,ravdess,8,0,10,1.8695771871827387,1.8470300550664924,26.5625,23.4375,18.75
fpc_formal_ravdess_d08_f0_A,ravdess,8,0,11,1.9903729754379549,1.9325928673754178,20.3125,25.0,22.916666666666664
fpc_formal_ravdess_d08_f0_A,ravdess,8,0,12,1.7509321731809768,1.7461832034186524,34.375,39.0625,22.916666666666664
fpc_formal_ravdess_d08_f0_A,ravdess,8,0,13,2.0396568444550627,1.9589496638358257,21.875,29.6875,31.25
fpc_formal_ravdess_d08_f0_A,ravdess,8,0,14,1.6740953667815885,1.680371783017527,35.9375,32.8125,22.916666666666664
fpc_formal_ravdess_d08_f0_A,ravdess,8,0,15,1.812805254266575,1.7444370358470287,25.0,35.9375,33.33333333333333
fpc_formal_ravdess_d08_f1_A,ravdess,8,1,1,2.0751491193192315,2.077105784424476,14.0625,14.0625,12.5
fpc_formal_ravdess_d08_f1_A,ravdess,8,1,2,2.0647395957976933,2.0694537223042984,20.3125,15.625,16.666666666666664
fpc_formal_ravdess_d08_f1_A,ravdess,8,1,3,2.053469019813533,2.06180453536545,28.125,20.3125,25.0
fpc_formal_ravdess_d08_f1_A,ravdess,8,1,4,2.0449277375685826,2.0547183602877217,29.6875,20.3125,22.916666666666664
fpc_formal_ravdess_d08_f1_A,ravdess,8,1,5,2.036845801765854,2.0468685423769433,28.125,20.3125,29.166666666666668
fpc_formal_ravdess_d08_f1_A,ravdess,8,1,6,2.0299618370979724,2.0356502836225827,21.875,18.75,27.083333333333332
fpc_formal_ravdess_d08_f1_A,ravdess,8,1,7,2.0057929685845997,2.020909641602964,23.4375,20.3125,25.0
fpc_formal_ravdess_d08_f1_A,ravdess,8,1,8,1.9835887974642203,2.000401296287275,26.5625,23.4375,35.41666666666667
fpc_formal_ravdess_d08_f1_A,ravdess,8,1,9,1.9257126559655424,1.949702043516854,31.25,23.4375,37.5
fpc_formal_ravdess_d08_f1_A,ravdess,8,1,10,2.025728065881015,1.9945964372374703,23.4375,23.4375,27.083333333333332
fpc_formal_ravdess_d08_f1_A,ravdess,8,1,11,1.8241851019837592,1.8459299005475136,42.1875,32.8125,37.5
fpc_formal_ravdess_d08_f1_A,ravdess,8,1,12,1.9107778202394856,1.8790907768968732,32.8125,29.6875,39.58333333333333
fpc_formal_ravdess_d08_f1_A,ravdess,8,1,13,1.9084196756050082,1.8445481224865714,31.25,35.9375,37.5
fpc_formal_ravdess_d08_f1_A,ravdess,8,1,14,1.7108554566832002,1.676428917476005,42.1875,40.625,47.91666666666667
fpc_formal_ravdess_d08_f1_A,ravdess,8,1,15,1.6807072844821154,1.643227536887713,37.5,35.9375,43.75
fpc_formal_ravdess_d08_f2_A,ravdess,8,2,1,2.076219446435542,2.0820782952656502,14.0625,12.5,18.75
fpc_formal_ravdess_d08_f2_A,ravdess,8,2,2,2.0701642363094637,2.077955940506407,18.75,12.5,12.5
fpc_formal_ravdess_d08_f2_A,ravdess,8,2,3,2.0649558309175844,2.0739113150886475,18.75,15.625,15.625
fpc_formal_ravdess_d08_f2_A,ravdess,8,2,4,2.059611371874882,2.0700777751423725,18.75,18.75,18.75
fpc_formal_ravdess_d08_f2_A,ravdess,8,2,5,2.05427899263494,2.0644209164251768,18.75,21.875,15.625
fpc_formal_ravdess_d08_f2_A,ravdess,8,2,6,2.0480642617965064,2.056375980730921,23.4375,20.3125,21.875
fpc_formal_ravdess_d08_f2_A,ravdess,8,2,7,2.0494621476941237,2.0472586087681215,21.875,17.1875,18.75
fpc_formal_ravdess_d08_f2_A,ravdess,8,2,8,2.021377500945105,2.0219097510916098,29.6875,23.4375,21.875
fpc_formal_ravdess_d08_f2_A,ravdess,8,2,9,1.9794433425490403,1.984497750475603,34.375,25.0,21.875
fpc_formal_ravdess_d08_f2_A,ravdess,8,2,10,1.9192685152423468,1.940405730939832,35.9375,23.4375,21.875
fpc_formal_ravdess_d08_f2_A,ravdess,8,2,11,1.8618507093441785,1.8745127302224567,31.25,26.5625,21.875
fpc_formal_ravdess_d08_f2_A,ravdess,8,2,12,1.7587899578721031,1.8190035774408544,32.8125,26.5625,21.875
fpc_formal_ravdess_d08_f2_A,ravdess,8,2,13,1.6367821341399156,1.771665851308113,35.9375,26.5625,28.125
fpc_formal_ravdess_d08_f2_A,ravdess,8,2,14,1.724405867937334,1.8268626204438037,29.6875,29.6875,15.625
fpc_formal_ravdess_d08_f2_A,ravdess,8,2,15,1.5537605858246946,1.742547247414021,39.0625,26.5625,25.0
fpc_formal_ravdess_d08_f3_A,ravdess,8,3,1,2.0750798917920767,2.0692539376965096,12.5,14.0625,12.5
fpc_formal_ravdess_d08_f3_A,ravdess,8,3,2,2.070304586633509,2.0621026230494315,15.625,14.0625,21.875
fpc_formal_ravdess_d08_f3_A,ravdess,8,3,3,2.0640240955117886,2.055157398579265,18.75,12.5,18.75
fpc_formal_ravdess_d08_f3_A,ravdess,8,3,4,2.0568417372361694,2.0522510346966216,15.625,20.3125,21.875
fpc_formal_ravdess_d08_f3_A,ravdess,8,3,5,2.049650987742825,2.04719772580128,23.4375,20.3125,25.0
fpc_formal_ravdess_d08_f3_A,ravdess,8,3,6,2.0382427066941853,2.0474381248720395,25.0,18.75,21.875
fpc_formal_ravdess_d08_f3_A,ravdess,8,3,7,2.0240065381509647,2.0434631430387244,26.5625,18.75,21.875
fpc_formal_ravdess_d08_f3_A,ravdess,8,3,8,2.0026055907335363,2.0534281899834093,21.875,17.1875,21.875
fpc_formal_ravdess_d08_f3_A,ravdess,8,3,9,1.9435300808428666,2.0171544359901805,23.4375,23.4375,34.375
fpc_formal_ravdess_d08_f3_A,ravdess,8,3,10,1.9765865188323817,2.0790667965744665,20.3125,20.3125,21.875
fpc_formal_ravdess_d08_f3_A,ravdess,8,3,11,1.8064446737471709,1.973638514260637,34.375,20.3125,28.125
fpc_formal_ravdess_d08_f3_A,ravdess,8,3,12,1.8302669186945768,1.9754681812920685,25.0,20.3125,28.125
fpc_formal_ravdess_d08_f3_A,ravdess,8,3,13,1.7170877051451998,1.91486821288419,31.25,20.3125,34.375
fpc_formal_ravdess_d08_f3_A,ravdess,8,3,14,1.6826229961093935,1.8324651153764888,31.25,26.5625,34.375
fpc_formal_ravdess_d08_f3_A,ravdess,8,3,15,1.5939589761984383,1.7130816502408441,34.375,37.5,37.5
fpc_formal_ravdess_d08_f4_A,ravdess,8,4,1,2.07246381953429,2.07337442476274,12.5,14.0625,15.625
fpc_formal_ravdess_d08_f4_A,ravdess,8,4,2,2.063381310276281,2.065814650386381,20.3125,25.0,25.0
fpc_formal_ravdess_d08_f4_A,ravdess,8,4,3,2.0560171510697858,2.059258159458685,28.125,28.125,18.75
fpc_formal_ravdess_d08_f4_A,ravdess,8,4,4,2.047188844401549,2.0520060156425526,20.3125,20.3125,21.875
fpc_formal_ravdess_d08_f4_A,ravdess,8,4,5,2.0362652778894703,2.042186014742228,25.0,23.4375,25.0
fpc_formal_ravdess_d08_f4_A,ravdess,8,4,6,2.0254888595380764,2.031235332010038,25.0,21.875,21.875
fpc_formal_ravdess_d08_f4_A,ravdess,8,4,7,2.012406711230024,2.0193580210418864,25.0,26.5625,18.75
fpc_formal_ravdess_d08_f4_A,ravdess,8,4,8,1.9751365778907748,1.9850351542006295,26.5625,28.125,18.75
fpc_formal_ravdess_d08_f4_A,ravdess,8,4,9,1.9262398561261165,1.9486190760256914,28.125,28.125,21.875
fpc_formal_ravdess_d08_f4_A,ravdess,8,4,10,1.8804172489039248,1.884331198986505,31.25,37.5,37.5
fpc_formal_ravdess_d08_f4_A,ravdess,8,4,11,1.8030586835729219,1.8299814648270367,35.9375,34.375,37.5
fpc_formal_ravdess_d08_f4_A,ravdess,8,4,12,1.6802032469417427,1.7221260665256213,42.1875,28.125,34.375
fpc_formal_ravdess_d08_f4_A,ravdess,8,4,13,1.54690181004899,1.6229373739581971,46.875,43.75,43.75
fpc_formal_ravdess_d08_f4_A,ravdess,8,4,14,1.4664085703205574,1.5722608168264969,40.625,45.3125,50.0
fpc_formal_ravdess_d08_f4_A,ravdess,8,4,15,1.5050012059830307,1.5698366385871407,46.875,50.0,46.875
fpc_formal_ravdess_d09_f0_A,ravdess,9,0,1,2.079027164334696,2.075988368967511,15.625,10.9375,16.666666666666664
fpc_formal_ravdess_d09_f0_A,ravdess,9,0,2,2.069482350462889,2.0692068743631995,15.625,14.0625,16.666666666666664
fpc_formal_ravdess_d09_f0_A,ravdess,9,0,3,2.058924023278252,2.0598514721753993,17.1875,28.125,18.75
fpc_formal_ravdess_d09_f0_A,ravdess,9,0,4,2.0508015041731373,2.0524559889137826,20.3125,23.4375,22.916666666666664
fpc_formal_ravdess_d09_f0_A,ravdess,9,0,5,2.037906095254431,2.0449456010651907,21.875,20.3125,20.833333333333336
fpc_formal_ravdess_d09_f0_A,ravdess,9,0,6,2.017838803788981,2.0464684334955674,20.3125,15.625,20.833333333333336
fpc_formal_ravdess_d09_f0_A,ravdess,9,0,7,2.0050961553651883,2.0321892112366475,20.3125,15.625,16.666666666666664
fpc_formal_ravdess_d09_f0_A,ravdess,9,0,8,1.95815747604738,2.047416168589462,20.3125,21.875,27.083333333333332
fpc_formal_ravdess_d09_f0_A,ravdess,9,0,9,1.9608000744127512,2.021545927638088,21.875,18.75,29.166666666666668
fpc_formal_ravdess_d09_f0_A,ravdess,9,0,10,1.8991531515896463,2.0411830168310177,26.5625,17.1875,37.5
fpc_formal_ravdess_d09_f0_A,ravdess,9,0,11,1.8340315475399316,2.002698408135343,29.6875,21.875,33.33333333333333
fpc_formal_ravdess_d09_f0_A,ravdess,9,0,12,1.763544452189278,1.9542131477162452,35.9375,26.5625,45.83333333333333
fpc_formal_ravdess_d09_f0_A,ravdess,9,0,13,1.6714155036892975,1.9791287254192458,37.5,29.6875,47.91666666666667
fpc_formal_ravdess_d09_f0_A,ravdess,9,0,14,1.7133389071057765,1.8296245193292173,39.0625,32.8125,45.83333333333333
fpc_formal_ravdess_d09_f0_A,ravdess,9,0,15,1.577896397880418,1.848681567665698,40.625,39.0625,50.0
fpc_formal_ravdess_d09_f1_A,ravdess,9,1,1,2.0786908644971693,2.0831458533094,17.1875,14.0625,16.666666666666664
fpc_formal_ravdess_d09_f1_A,ravdess,9,1,2,2.063707137933609,2.073799629404001,21.875,9.375,12.5
fpc_formal_ravdess_d09_f1_A,ravdess,9,1,3,2.051324553945502,2.0672930585916625,20.3125,14.0625,16.666666666666664
fpc_formal_ravdess_d09_f1_A,ravdess,9,1,4,2.0394017053133036,2.0612954232121505,25.0,20.3125,25.0
fpc_formal_ravdess_d09_f1_A,ravdess,9,1,5,2.0277508307363634,2.0554913050743977,18.75,18.75,20.833333333333336
fpc_formal_ravdess_d09_f1_A,ravdess,9,1,6,2.000641478931225,2.0466094233602345,23.4375,17.1875,33.33333333333333
fpc_formal_ravdess_d09_f1_A,ravdess,9,1,7,1.9814730854688913,2.036730435872766,21.875,15.625,18.75
fpc_formal_ravdess_d09_f1_A,ravdess,9,1,8,1.8917864269176088,1.9943206011738641,23.4375,17.1875,22.916666666666664
fpc_formal_ravdess_d09_f1_A,ravdess,9,1,9,1.9447126997677153,1.9961823684385187,21.875,18.75,22.916666666666664
fpc_formal_ravdess_d09_f1_A,ravdess,9,1,10,1.7309596195232295,1.8873244976168522,32.8125,31.25,33.33333333333333
fpc_formal_ravdess_d09_f1_A,ravdess,9,1,11,1.7462387340321002,1.832404264602288,31.25,32.8125,29.166666666666668
fpc_formal_ravdess_d09_f1_A,ravdess,9,1,12,1.6861385377522042,1.7856065384364106,35.9375,32.8125,33.33333333333333
fpc_formal_ravdess_d09_f1_A,ravdess,9,1,13,1.5123339290461115,1.8622306874444157,40.625,25.0,37.5
fpc_formal_ravdess_d09_f1_A,ravdess,9,1,14,1.5438468848258382,1.7287109468350481,39.0625,34.375,41.66666666666667
fpc_formal_ravdess_d09_f1_A,ravdess,9,1,15,1.402494462921256,1.6756331200620087,45.3125,32.8125,43.75
fpc_formal_ravdess_d09_f2_A,ravdess,9,2,1,2.0763595108990422,2.076126610380726,14.0625,12.5,15.625
fpc_formal_ravdess_d09_f2_A,ravdess,9,2,2,2.0688798424930384,2.0690724054243717,17.1875,17.1875,12.5
fpc_formal_ravdess_d09_f2_A,ravdess,9,2,3,2.061435827446914,2.062617546818368,21.875,26.5625,25.0
fpc_formal_ravdess_d09_f2_A,ravdess,9,2,4,2.0556849473969825,2.0566281919554585,18.75,23.4375,21.875
fpc_formal_ravdess_d09_f2_A,ravdess,9,2,5,2.049427018257302,2.0492224725779398,23.4375,28.125,25.0
fpc_formal_ravdess_d09_f2_A,ravdess,9,2,6,2.041699338599354,2.0396607148167476,20.3125,23.4375,18.75
fpc_formal_ravdess_d09_f2_A,ravdess,9,2,7,2.0422862689593524,2.0337236987905305,10.9375,21.875,18.75
fpc_formal_ravdess_d09_f2_A,ravdess,9,2,8,2.006065874322051,2.0100471058452825,17.1875,25.0,18.75
fpc_formal_ravdess_d09_f2_A,ravdess,9,2,9,2.0042904614582895,2.001665318520395,21.875,28.125,31.25
fpc_formal_ravdess_d09_f2_A,ravdess,9,2,10,1.9566470366455213,1.9569530860222386,28.125,28.125,34.375
fpc_formal_ravdess_d09_f2_A,ravdess,9,2,11,1.868604487417202,1.8741817428472478,31.25,34.375,37.5
fpc_formal_ravdess_d09_f2_A,ravdess,9,2,12,1.7855596068735717,1.7956393997706217,31.25,32.8125,31.25
fpc_formal_ravdess_d09_f2_A,ravdess,9,2,13,1.7221715961784883,1.7419141501214508,32.8125,35.9375,31.25
fpc_formal_ravdess_d09_f2_A,ravdess,9,2,14,1.7989088042870534,1.8138649035066898,31.25,26.5625,28.125
fpc_formal_ravdess_d09_f2_A,ravdess,9,2,15,1.6567950004115901,1.685941021199476,29.6875,39.0625,34.375
fpc_formal_ravdess_d09_f3_A,ravdess,9,3,1,2.072377521746219,2.07871192157796,12.5,12.5,12.5
fpc_formal_ravdess_d09_f3_A,ravdess,9,3,2,2.0649288909370718,2.068075622746182,18.75,15.625,21.875
fpc_formal_ravdess_d09_f3_A,ravdess,9,3,3,2.057221011893179,2.060120026139976,25.0,26.5625,21.875
fpc_formal_ravdess_d09_f3_A,ravdess,9,3,4,2.0491030245062607,2.0511967175971817,31.25,26.5625,21.875
fpc_formal_ravdess_d09_f3_A,ravdess,9,3,5,2.0386563797582276,2.0409178035063418,23.4375,18.75,15.625
fpc_formal_ravdess_d09_f3_A,ravdess,9,3,6,2.024458903303772,2.028356176303068,18.75,15.625,12.5
fpc_formal_ravdess_d09_f3_A,ravdess,9,3,7,2.005777381349106,2.015618597792982,21.875,17.1875,18.75
fpc_formal_ravdess_d09_f3_A,ravdess,9,3,8,1.980696715390095,2.0028845554043553,25.0,17.1875,18.75
fpc_formal_ravdess_d09_f3_A,ravdess,9,3,9,1.9402681757753415,1.975448974238319,29.6875,21.875,18.75
fpc_formal_ravdess_d09_f3_A,ravdess,9,3,10,1.860682699120802,1.908684926013895,29.6875,21.875,21.875
fpc_formal_ravdess_d09_f3_A,ravdess,9,3,11,1.8502632420471956,1.925947961041174,26.5625,20.3125,21.875
fpc_formal_ravdess_d09_f3_A,ravdess,9,3,12,1.6929261783178209,1.7606778182316583,37.5,34.375,21.875
fpc_formal_ravdess_d09_f3_A,ravdess,9,3,13,1.6969907326095388,1.8035241483288185,32.8125,23.4375,21.875
fpc_formal_ravdess_d09_f3_A,ravdess,9,3,14,1.631577859143068,1.7131346060338348,31.25,34.375,21.875
fpc_formal_ravdess_d09_f3_A,ravdess,9,3,15,1.5418396754820887,1.6268758564591925,35.9375,37.5,25.0
fpc_formal_ravdess_d09_f4_A,ravdess,9,4,1,2.079372440154603,2.0826750340053497,15.625,21.875,18.75
fpc_formal_ravdess_d09_f4_A,ravdess,9,4,2,2.0694183335022065,2.0716739335790786,15.625,23.4375,18.75
fpc_formal_ravdess_d09_f4_A,ravdess,9,4,3,2.06240678804465,2.0649947582415678,23.4375,29.6875,31.25
fpc_formal_ravdess_d09_f4_A,ravdess,9,4,4,2.055878765328223,2.0584666278368102,20.3125,28.125,21.875
fpc_formal_ravdess_d09_f4_A,ravdess,9,4,5,2.047416191535672,2.050657351474202,21.875,23.4375,21.875
fpc_formal_ravdess_d09_f4_A,ravdess,9,4,6,2.0362480851461497,2.0400630718104793,26.5625,21.875,28.125
fpc_formal_ravdess_d09_f4_A,ravdess,9,4,7,2.0227667902895603,2.027082084856874,26.5625,23.4375,28.125
fpc_formal_ravdess_d09_f4_A,ravdess,9,4,8,2.0030601907350882,2.0085528656664184,28.125,25.0,21.875
fpc_formal_ravdess_d09_f4_A,ravdess,9,4,9,1.9832274568415889,1.994549180218548,21.875,21.875,18.75
fpc_formal_ravdess_d09_f4_A,ravdess,9,4,10,1.9080673162926085,1.923006329077929,32.8125,34.375,21.875
fpc_formal_ravdess_d09_f4_A,ravdess,9,4,11,1.8362060085312528,1.856800565597315,34.375,32.8125,18.75
fpc_formal_ravdess_d09_f4_A,ravdess,9,4,12,1.770699024486559,1.8149978842518735,31.25,26.5625,18.75
fpc_formal_ravdess_d09_f4_A,ravdess,9,4,13,1.7213291298554212,1.7482932589446194,28.125,29.6875,21.875
fpc_formal_ravdess_d09_f4_A,ravdess,9,4,14,1.5002915835627217,1.5995531223958777,42.1875,42.1875,25.0
fpc_formal_ravdess_d09_f4_A,ravdess,9,4,15,1.639638698889197,1.71073528856419,31.25,31.25,18.75
fpc_formal_ravdess_d10_f0_A,ravdess,10,0,1,2.0706392146855834,2.0776781005413927,14.0625,18.75,16.666666666666664
fpc_formal_ravdess_d10_f0_A,ravdess,10,0,2,2.058171041632828,2.068802747270781,12.5,15.625,12.5
fpc_formal_ravdess_d10_f0_A,ravdess,10,0,3,2.0485615711215353,2.0630793478468523,14.0625,15.625,12.5
fpc_formal_ravdess_d10_f0_A,ravdess,10,0,4,2.0389491747632307,2.056517039225799,21.875,18.75,20.833333333333336
fpc_formal_ravdess_d10_f0_A,ravdess,10,0,5,2.0280730655811228,2.0489515511133547,25.0,20.3125,20.833333333333336
fpc_formal_ravdess_d10_f0_A,ravdess,10,0,6,2.0147734588453,2.040223790861238,28.125,20.3125,25.0
fpc_formal_ravdess_d10_f0_A,ravdess,10,0,7,1.99799952594147,2.028122050593918,28.125,21.875,29.166666666666668
fpc_formal_ravdess_d10_f0_A,ravdess,10,0,8,1.991411697495312,2.015361182962132,28.125,20.3125,25.0
fpc_formal_ravdess_d10_f0_A,ravdess,10,0,9,1.9592788094319886,1.9893003951036468,29.6875,21.875,22.916666666666664
fpc_formal_ravdess_d10_f0_A,ravdess,10,0,10,1.9148360603716386,1.956123856882727,25.0,26.5625,22.916666666666664
fpc_formal_ravdess_d10_f0_A,ravdess,10,0,11,1.8975249276969113,1.9497606585493883,28.125,21.875,22.916666666666664
fpc_formal_ravdess_d10_f0_A,ravdess,10,0,12,1.8361400322289296,1.8964674841015832,34.375,26.5625,25.0
fpc_formal_ravdess_d10_f0_A,ravdess,10,0,13,1.731246002914966,1.8428195920144832,37.5,25.0,20.833333333333336
fpc_formal_ravdess_d10_f0_A,ravdess,10,0,14,1.743914455833877,1.9045016796077379,39.0625,15.625,25.0
fpc_formal_ravdess_d10_f0_A,ravdess,10,0,15,1.7051388002685897,1.8235049642380579,39.0625,25.0,25.0
fpc_formal_ravdess_d10_f1_A,ravdess,10,1,1,2.0746837386147847,2.080044368608675,14.0625,9.375,16.666666666666664
fpc_formal_ravdess_d10_f1_A,ravdess,10,1,2,2.066462432866551,2.073488846190252,10.9375,14.0625,12.5
fpc_formal_ravdess_d10_f1_A,ravdess,10,1,3,2.058790570587324,2.0673004462503717,15.625,15.625,16.666666666666664
fpc_formal_ravdess_d10_f1_A,ravdess,10,1,4,2.0511858833595102,2.0614580487652585,25.0,17.1875,22.916666666666664
fpc_formal_ravdess_d10_f1_A,ravdess,10,1,5,2.0427056209896297,2.0557310832005125,25.0,20.3125,18.75
fpc_formal_ravdess_d10_f1_A,ravdess,10,1,6,2.0337048685966446,2.047806968199475,17.1875,25.0,16.666666666666664
fpc_formal_ravdess_d10_f1_A,ravdess,10,1,7,2.020927699467013,2.0361112919533007,18.75,26.5625,14.583333333333334
fpc_formal_ravdess_d10_f1_A,ravdess,10,1,8,1.9962842431391672,2.0184208613458505,21.875,28.125,22.916666666666664
fpc_formal_ravdess_d10_f1_A,ravdess,10,1,9,1.989600358355787,2.0015909444265336,21.875,18.75,25.0
fpc_formal_ravdess_d10_f1_A,ravdess,10,1,10,1.9609897903209688,1.9734625983638907,23.4375,23.4375,27.083333333333332
fpc_formal_ravdess_d10_f1_A,ravdess,10,1,11,1.9397934811631523,1.941420416079748,21.875,29.6875,29.166666666666668
fpc_formal_ravdess_d10_f1_A,ravdess,10,1,12,1.8928609428264496,1.8953814318526119,34.375,37.5,37.5
fpc_formal_ravdess_d10_f1_A,ravdess,10,1,13,1.839227283715988,1.83645333422202,39.0625,39.0625,33.33333333333333
fpc_formal_ravdess_d10_f1_A,ravdess,10,1,14,1.9125448788643504,1.8446175532563445,25.0,37.5,33.33333333333333
fpc_formal_ravdess_d10_f1_A,ravdess,10,1,15,1.6000417868581835,1.6784636790408465,40.625,34.375,39.58333333333333
fpc_formal_ravdess_d10_f2_A,ravdess,10,2,1,2.075999502154584,2.0729723282096666,10.9375,15.625,12.5
fpc_formal_ravdess_d10_f2_A,ravdess,10,2,2,2.069068636631793,2.065872601062649,14.0625,15.625,15.625
fpc_formal_ravdess_d10_f2_A,ravdess,10,2,3,2.0628081709442827,2.0590709613863467,17.1875,18.75,18.75
fpc_formal_ravdess_d10_f2_A,ravdess,10,2,4,2.0563423467218502,2.051154911714968,15.625,18.75,12.5
fpc_formal_ravdess_d10_f2_A,ravdess,10,2,5,2.0519716916644986,2.0411653968976546,14.0625,20.3125,9.375
fpc_formal_ravdess_d10_f2_A,ravdess,10,2,6,2.0525474627702316,2.034309987901324,14.0625,12.5,9.375
fpc_formal_ravdess_d10_f2_A,ravdess,10,2,7,2.0360773912921655,2.010877566177313,15.625,17.1875,12.5
fpc_formal_ravdess_d10_f2_A,ravdess,10,2,8,2.036386988651734,2.005495454418904,15.625,15.625,12.5
fpc_formal_ravdess_d10_f2_A,ravdess,10,2,9,2.0134998606371024,1.9761350134609772,18.75,23.4375,15.625
fpc_formal_ravdess_d10_f2_A,ravdess,10,2,10,2.0129796552850108,1.9715941705213023,15.625,25.0,15.625
fpc_formal_ravdess_d10_f2_A,ravdess,10,2,11,1.9092552804501413,1.8672357405997229,23.4375,31.25,15.625
fpc_formal_ravdess_d10_f2_A,ravdess,10,2,12,1.904914726762712,1.8563945981269812,26.5625,31.25,12.5
fpc_formal_ravdess_d10_f2_A,ravdess,10,2,13,1.716777337396308,1.70157622944336,32.8125,42.1875,31.25
fpc_formal_ravdess_d10_f2_A,ravdess,10,2,14,1.8326287751457029,1.7880558074334498,31.25,28.125,21.875
fpc_formal_ravdess_d10_f2_A,ravdess,10,2,15,1.512344312842073,1.5504457660098798,46.875,45.3125,40.625
fpc_formal_ravdess_d10_f3_A,ravdess,10,3,1,2.074088866854361,2.0718880752358766,23.4375,25.0,18.75
fpc_formal_ravdess_d10_f3_A,ravdess,10,3,2,2.0673256316926056,2.0634374350171516,14.0625,18.75,12.5
fpc_formal_ravdess_d10_f3_A,ravdess,10,3,3,2.058179255383589,2.05339113197314,25.0,25.0,18.75
fpc_formal_ravdess_d10_f3_A,ravdess,10,3,4,2.0493091575694433,2.0404952560593412,23.4375,34.375,28.125
fpc_formal_ravdess_d10_f3_A,ravdess,10,3,5,2.038301673606526,2.0216510248838464,23.4375,28.125,31.25
fpc_formal_ravdess_d10_f3_A,ravdess,10,3,6,2.0338638925759045,1.9993888885659121,26.5625,32.8125,28.125
fpc_formal_ravdess_d10_f3_A,ravdess,10,3,7,2.0073668873463917,1.9525073961371464,28.125,29.6875,34.375
fpc_formal_ravdess_d10_f3_A,ravdess,10,3,8,1.9704750580014034,1.8968240619430914,32.8125,32.8125,28.125
fpc_formal_ravdess_d10_f3_A,ravdess,10,3,9,1.8965785213921398,1.8118374838352396,35.9375,35.9375,28.125
fpc_formal_ravdess_d10_f3_A,ravdess,10,3,10,1.8271075153286624,1.7642497768713992,32.8125,32.8125,31.25
fpc_formal_ravdess_d10_f3_A,ravdess,10,3,11,1.7862072254731036,1.7743629628942976,35.9375,32.8125,34.375
fpc_formal_ravdess_d10_f3_A,ravdess,10,3,12,1.6846248180132513,1.6255630174960225,37.5,42.1875,28.125
fpc_formal_ravdess_d10_f3_A,ravdess,10,3,13,1.6566787488590902,1.6553842328886679,39.0625,31.25,34.375
fpc_formal_ravdess_d10_f3_A,ravdess,10,3,14,1.7240621962863962,1.7639877773231851,31.25,37.5,31.25
fpc_formal_ravdess_d10_f3_A,ravdess,10,3,15,1.7436872452365328,1.6963492297093667,35.9375,35.9375,37.5
fpc_formal_ravdess_d10_f4_A,ravdess,10,4,1,2.079510430264622,2.0794397062731838,12.5,14.0625,9.375
fpc_formal_ravdess_d10_f4_A,ravdess,10,4,2,2.0692780812484557,2.0714828857780243,18.75,20.3125,21.875
fpc_formal_ravdess_d10_f4_A,ravdess,10,4,3,2.0600634927660657,2.0657884994717786,18.75,20.3125,25.0
fpc_formal_ravdess_d10_f4_A,ravdess,10,4,4,2.0505618148211124,2.0603329214937243,20.3125,25.0,21.875
fpc_formal_ravdess_d10_f4_A,ravdess,10,4,5,2.0379508898200487,2.0524413889241564,21.875,18.75,18.75
fpc_formal_ravdess_d10_f4_A,ravdess,10,4,6,2.0226384066218053,2.04442036383955,17.1875,14.0625,15.625
fpc_formal_ravdess_d10_f4_A,ravdess,10,4,7,1.9968388841189277,2.029555756790631,17.1875,17.1875,15.625
fpc_formal_ravdess_d10_f4_A,ravdess,10,4,8,1.9483168695016975,1.9888425807769456,26.5625,20.3125,25.0
fpc_formal_ravdess_d10_f4_A,ravdess,10,4,9,1.8893441727757194,1.9573434688025575,29.6875,25.0,25.0
fpc_formal_ravdess_d10_f4_A,ravdess,10,4,10,1.843851788968584,1.9584508557199385,29.6875,26.5625,25.0
fpc_formal_ravdess_d10_f4_A,ravdess,10,4,11,1.7657921324424837,1.88470866793449,37.5,28.125,21.875
fpc_formal_ravdess_d10_f4_A,ravdess,10,4,12,1.7863543809421414,1.9570698381389406,31.25,28.125,18.75
fpc_formal_ravdess_d10_f4_A,ravdess,10,4,13,1.7139945804014065,1.8836214590662306,37.5,26.5625,31.25
fpc_formal_ravdess_d10_f4_A,ravdess,10,4,14,1.6115443195753323,1.8154643625629996,37.5,35.9375,31.25
fpc_formal_ravdess_d10_f4_A,ravdess,10,4,15,1.6065835688645083,1.8127614765990536,42.1875,37.5,21.875
fpc_formal_ravdess_d11_f0_A,ravdess,11,0,1,2.0733643242162865,2.075982844619204,17.1875,14.0625,10.416666666666668
fpc_formal_ravdess_d11_f0_A,ravdess,11,0,2,2.0656946591821277,2.06835442587987,14.0625,14.0625,14.583333333333334
fpc_formal_ravdess_d11_f0_A,ravdess,11,0,3,2.0607855943502886,2.0607802335935204,21.875,15.625,6.25
fpc_formal_ravdess_d11_f0_A,ravdess,11,0,4,2.0573781751207236,2.0537596014856314,20.3125,23.4375,14.583333333333334
fpc_formal_ravdess_d11_f0_A,ravdess,11,0,5,2.050361878678757,2.0421426192299643,20.3125,20.3125,20.833333333333336
fpc_formal_ravdess_d11_f0_A,ravdess,11,0,6,2.0361059540919877,2.0215406952254695,18.75,21.875,18.75
fpc_formal_ravdess_d11_f0_A,ravdess,11,0,7,2.011315204813994,2.0016765333684594,20.3125,20.3125,20.833333333333336
fpc_formal_ravdess_d11_f0_A,ravdess,11,0,8,1.9563466964737906,1.9588439194508347,26.5625,17.1875,25.0
fpc_formal_ravdess_d11_f0_A,ravdess,11,0,9,2.0643806244005383,2.0821841195863224,18.75,21.875,16.666666666666664
fpc_formal_ravdess_d11_f0_A,ravdess,11,0,10,1.8107162800327554,1.8529598955600413,23.4375,25.0,18.75
fpc_formal_ravdess_d11_f0_A,ravdess,11,0,11,2.0762035235078415,2.17145061728353,20.3125,18.75,20.833333333333336
fpc_formal_ravdess_d11_f0_A,ravdess,11,0,12,1.8304046206444433,1.925565671668666,26.5625,20.3125,22.916666666666664
fpc_formal_ravdess_d11_f0_A,ravdess,11,0,13,1.836611324861713,1.9520307329324977,23.4375,26.5625,14.583333333333334
fpc_formal_ravdess_d11_f0_A,ravdess,11,0,14,1.962242869302208,2.0932009092073427,23.4375,20.3125,18.75
fpc_formal_ravdess_d11_f0_A,ravdess,11,0,15,1.6081145072192573,1.6747862172459373,31.25,32.8125,25.0
fpc_formal_ravdess_d11_f1_A,ravdess,11,1,1,2.071825419868433,2.073905772869419,15.625,15.625,18.75
fpc_formal_ravdess_d11_f1_A,ravdess,11,1,2,2.0639601945770036,2.068576284776189,25.0,14.0625,22.916666666666664
fpc_formal_ravdess_d11_f1_A,ravdess,11,1,3,2.0553394269319587,2.0625254795003953,15.625,17.1875,18.75
fpc_formal_ravdess_d11_f1_A,ravdess,11,1,4,2.047750058797172,2.056821781647562,20.3125,10.9375,25.0
fpc_formal_ravdess_d11_f1_A,ravdess,11,1,5,2.0442362884167053,2.0535484223285994,12.5,12.5,25.0
fpc_formal_ravdess_d11_f1_A,ravdess,11,1,6,2.0184473071422837,2.0381891320542556,17.1875,18.75,22.916666666666664
fpc_formal_ravdess_d11_f1_A,ravdess,11,1,7,2.010484674251954,2.039744871413262,15.625,17.1875,18.75
fpc_formal_ravdess_d11_f1_A,ravdess,11,1,8,1.9474212502605914,2.0074492697023465,25.0,23.4375,29.166666666666668
fpc_formal_ravdess_d11_f1_A,ravdess,11,1,9,1.9227478345642035,1.9992537192830713,34.375,26.5625,33.33333333333333
fpc_formal_ravdess_d11_f1_A,ravdess,11,1,10,1.7802066757317712,1.908393759538022,32.8125,29.6875,33.33333333333333
fpc_formal_ravdess_d11_f1_A,ravdess,11,1,11,1.801397987907951,1.9319905482957522,35.9375,25.0,31.25
fpc_formal_ravdess_d11_f1_A,ravdess,11,1,12,1.6193965770620085,1.7800758848862963,34.375,26.5625,37.5
fpc_formal_ravdess_d11_f1_A,ravdess,11,1,13,1.7457923518160474,1.9458420974256374,39.0625,26.5625,25.0
fpc_formal_ravdess_d11_f1_A,ravdess,11,1,14,1.6321998369948725,1.8781056085895156,37.5,29.6875,27.083333333333332
fpc_formal_ravdess_d11_f1_A,ravdess,11,1,15,1.57679063707679,1.8591908457520527,39.0625,25.0,27.083333333333332
fpc_formal_ravdess_d11_f2_A,ravdess,11,2,1,2.0803848802925775,2.079528054883165,14.0625,12.5,12.5
fpc_formal_ravdess_d11_f2_A,ravdess,11,2,2,2.0720422080640866,2.070654573665556,15.625,17.1875,15.625
fpc_formal_ravdess_d11_f2_A,ravdess,11,2,3,2.0667907338510396,2.064307411262404,17.1875,15.625,12.5
fpc_formal_ravdess_d11_f2_A,ravdess,11,2,4,2.0618740143305936,2.059000793117882,15.625,15.625,18.75
fpc_formal_ravdess_d11_f2_A,ravdess,11,2,5,2.054131166760335,2.051496616192309,25.0,12.5,21.875
fpc_formal_ravdess_d11_f2_A,ravdess,11,2,6,2.0471724837459253,2.045488456601378,14.0625,15.625,12.5
fpc_formal_ravdess_d11_f2_A,ravdess,11,2,7,2.0347625458865535,2.039460118839362,14.0625,15.625,9.375
fpc_formal_ravdess_d11_f2_A,ravdess,11,2,8,2.0215201069977695,2.03575848688081,25.0,10.9375,9.375
fpc_formal_ravdess_d11_f2_A,ravdess,11,2,9,2.0174646962827874,2.0435210001246786,23.4375,25.0,15.625
fpc_formal_ravdess_d11_f2_A,ravdess,11,2,10,1.9253573816411187,2.0010767170673964,29.6875,23.4375,18.75
fpc_formal_ravdess_d11_f2_A,ravdess,11,2,11,2.068927728655207,2.1035460220460855,29.6875,23.4375,12.5
fpc_formal_ravdess_d11_f2_A,ravdess,11,2,12,1.7939234941313233,1.9339674137454885,34.375,29.6875,31.25
fpc_formal_ravdess_d11_f2_A,ravdess,11,2,13,2.0303756442654555,2.1214251926180125,28.125,20.3125,15.625
fpc_formal_ravdess_d11_f2_A,ravdess,11,2,14,1.9297550035699358,2.0606201689017496,28.125,25.0,25.0
fpc_formal_ravdess_d11_f2_A,ravdess,11,2,15,1.7149585156961735,2.0063137087051213,39.0625,25.0,28.125
fpc_formal_ravdess_d11_f3_A,ravdess,11,3,1,2.074903441762062,2.0785417625950857,12.5,15.625,12.5
fpc_formal_ravdess_d11_f3_A,ravdess,11,3,2,2.067362647458866,2.07234770215084,10.9375,17.1875,12.5
fpc_formal_ravdess_d11_f3_A,ravdess,11,3,3,2.060109601685481,2.0673344366775708,25.0,18.75,12.5
fpc_formal_ravdess_d11_f3_A,ravdess,11,3,4,2.0559347864103037,2.063723131874963,23.4375,29.6875,31.25
fpc_formal_ravdess_d11_f3_A,ravdess,11,3,5,2.05564750023852,2.0637705602820455,18.75,18.75,18.75
fpc_formal_ravdess_d11_f3_A,ravdess,11,3,6,2.0644768605618657,2.0695364898850466,21.875,18.75,25.0
fpc_formal_ravdess_d11_f3_A,ravdess,11,3,7,2.075961284774544,2.0747610951663704,21.875,18.75,21.875
fpc_formal_ravdess_d11_f3_A,ravdess,11,3,8,2.099770083904325,2.0962136409152548,21.875,20.3125,21.875
fpc_formal_ravdess_d11_f3_A,ravdess,11,3,9,2.062028157051873,2.0621217806392425,23.4375,20.3125,25.0
fpc_formal_ravdess_d11_f3_A,ravdess,11,3,10,2.205863599470703,2.2039137225335423,18.75,21.875,31.25
fpc_formal_ravdess_d11_f3_A,ravdess,11,3,11,2.1011432093734044,2.107475026381149,20.3125,26.5625,31.25
fpc_formal_ravdess_d11_f3_A,ravdess,11,3,12,2.154632204165818,2.1898042654728735,17.1875,21.875,25.0
fpc_formal_ravdess_d11_f3_A,ravdess,11,3,13,1.9251301037882909,1.9225961843914912,26.5625,31.25,37.5
fpc_formal_ravdess_d11_f3_A,ravdess,11,3,14,1.974865897113487,1.9801807633433166,28.125,35.9375,34.375
fpc_formal_ravdess_d11_f3_A,ravdess,11,3,15,1.8207045343948765,1.7624044526950042,34.375,35.9375,46.875
fpc_formal_ravdess_d11_f4_A,ravdess,11,4,1,2.076587431574768,2.080916271121542,10.9375,12.5,15.625
fpc_formal_ravdess_d11_f4_A,ravdess,11,4,2,2.0656326413089,2.067545211576927,26.5625,23.4375,21.875
fpc_formal_ravdess_d11_f4_A,ravdess,11,4,3,2.056980278894862,2.060240102275524,25.0,23.4375,21.875
fpc_formal_ravdess_d11_f4_A,ravdess,11,4,4,2.0484155770124914,2.0535164984883005,26.5625,18.75,15.625
fpc_formal_ravdess_d11_f4_A,ravdess,11,4,5,2.0444305176668705,2.0560344124896277,18.75,15.625,9.375
fpc_formal_ravdess_d11_f4_A,ravdess,11,4,6,2.0566560528449775,2.0777590005352025,14.0625,14.0625,12.5
fpc_formal_ravdess_d11_f4_A,ravdess,11,4,7,1.9840903407127188,2.0292733594639767,23.4375,18.75,18.75
fpc_formal_ravdess_d11_f4_A,ravdess,11,4,8,2.0383769085153727,2.1014813270123387,20.3125,15.625,15.625
fpc_formal_ravdess_d11_f4_A,ravdess,11,4,9,1.9050826102288119,2.018815064670049,25.0,20.3125,25.0
fpc_formal_ravdess_d11_f4_A,ravdess,11,4,10,1.976361816505647,2.1325527234991055,23.4375,14.0625,12.5
fpc_formal_ravdess_d11_f4_A,ravdess,11,4,11,1.8380500399036732,2.0335395385513912,29.6875,21.875,25.0
fpc_formal_ravdess_d11_f4_A,ravdess,11,4,12,1.7564321044071205,1.9777060534146653,32.8125,31.25,34.375
fpc_formal_ravdess_d11_f4_A,ravdess,11,4,13,1.6627378236341606,1.88425555421114,28.125,29.6875,28.125
fpc_formal_ravdess_d11_f4_A,ravdess,11,4,14,1.5641433033387377,1.8578754895961525,39.0625,31.25,40.625
fpc_formal_ravdess_d11_f4_A,ravdess,11,4,15,1.496331634868189,1.740349542134546,32.8125,28.125,28.125
fpc_formal_ravdess_d12_f0_A,ravdess,12,0,1,2.0738321872322545,2.0693548195042175,14.0625,15.625,14.583333333333334
fpc_formal_ravdess_d12_f0_A,ravdess,12,0,2,2.066100875115406,2.0617069914271227,20.3125,12.5,14.583333333333334
fpc_formal_ravdess_d12_f0_A,ravdess,12,0,3,2.0585820742755896,2.0551275789796923,23.4375,21.875,18.75
fpc_formal_ravdess_d12_f0_A,ravdess,12,0,4,2.047239125321501,2.046371518573208,25.0,20.3125,16.666666666666664
fpc_formal_ravdess_d12_f0_A,ravdess,12,0,5,2.0326484082823244,2.0388219357052106,20.3125,12.5,14.583333333333334
fpc_formal_ravdess_d12_f0_A,ravdess,12,0,6,2.0177445240785024,2.0305776840172927,17.1875,14.0625,14.583333333333334
fpc_formal_ravdess_d12_f0_A,ravdess,12,0,7,2.0093212051789484,1.9880829646101885,21.875,20.3125,18.75
fpc_formal_ravdess_d12_f0_A,ravdess,12,0,8,1.959749261005206,1.9817835646283897,31.25,17.1875,18.75
fpc_formal_ravdess_d12_f0_A,ravdess,12,0,9,1.9042343997750462,1.9726276653198431,23.4375,18.75,16.666666666666664
fpc_formal_ravdess_d12_f0_A,ravdess,12,0,10,1.8454596996353265,1.834320915053262,29.6875,23.4375,33.33333333333333
fpc_formal_ravdess_d12_f0_A,ravdess,12,0,11,1.7290144810358985,1.8662452768444586,35.9375,21.875,31.25
fpc_formal_ravdess_d12_f0_A,ravdess,12,0,12,1.6527309391416254,1.681818485761573,37.5,34.375,39.58333333333333
fpc_formal_ravdess_d12_f0_A,ravdess,12,0,13,1.5525686243237433,1.7135511165889228,40.625,35.9375,35.41666666666667
fpc_formal_ravdess_d12_f0_A,ravdess,12,0,14,1.4423448169856938,1.6216911112715127,42.1875,37.5,43.75
fpc_formal_ravdess_d12_f0_A,ravdess,12,0,15,1.3857738968357816,1.52679834114712,51.5625,39.0625,45.83333333333333
fpc_formal_ravdess_d12_f1_A,ravdess,12,1,1,2.073316345964735,2.074621650334948,15.625,14.0625,20.833333333333336
fpc_formal_ravdess_d12_f1_A,ravdess,12,1,2,2.066543889524213,2.068150668096772,20.3125,17.1875,20.833333333333336
fpc_formal_ravdess_d12_f1_A,ravdess,12,1,3,2.0619569057487714,2.063876746147678,15.625,18.75,22.916666666666664
fpc_formal_ravdess_d12_f1_A,ravdess,12,1,4,2.0563814848823223,2.060458503933325,20.3125,17.1875,22.916666666666664
fpc_formal_ravdess_d12_f1_A,ravdess,12,1,5,2.0472312665450767,2.055997297323021,28.125,17.1875,25.0
fpc_formal_ravdess_d12_f1_A,ravdess,12,1,6,2.037996941555095,2.0512254329986686,28.125,23.4375,25.0
fpc_formal_ravdess_d12_f1_A,ravdess,12,1,7,2.022333877139287,2.046214492908461,20.3125,20.3125,27.083333333333332
fpc_formal_ravdess_d12_f1_A,ravdess,12,1,8,2.0187181640696084,2.0542319784110985,18.75,14.0625,16.666666666666664
fpc_formal_ravdess_d12_f1_A,ravdess,12,1,9,1.972786867648972,2.0242793462831052,23.4375,21.875,27.083333333333332
fpc_formal_ravdess_d12_f1_A,ravdess,12,1,10,1.8748968057251347,1.9630376574936375,34.375,25.0,35.41666666666667
fpc_formal_ravdess_d12_f1_A,ravdess,12,1,11,1.8179556298645791,1.8626026304256862,37.5,31.25,43.75
fpc_formal_ravdess_d12_f1_A,ravdess,12,1,12,1.7887344453450948,1.905928625770873,29.6875,23.4375,35.41666666666667
fpc_formal_ravdess_d12_f1_A,ravdess,12,1,13,1.71073676613941,1.7324263457985065,37.5,34.375,41.66666666666667
fpc_formal_ravdess_d12_f1_A,ravdess,12,1,14,1.660883362135555,1.7913067353637202,34.375,32.8125,39.58333333333333
fpc_formal_ravdess_d12_f1_A,ravdess,12,1,15,1.4888126656066376,1.575330513761628,43.75,43.75,50.0
fpc_formal_ravdess_d12_f2_A,ravdess,12,2,1,2.0750049281968335,2.081231412753874,17.1875,17.1875,12.5
fpc_formal_ravdess_d12_f2_A,ravdess,12,2,2,2.061176270803659,2.0735619077468446,18.75,12.5,18.75
fpc_formal_ravdess_d12_f2_A,ravdess,12,2,3,2.0495922078633737,2.0702388513713776,15.625,15.625,15.625
fpc_formal_ravdess_d12_f2_A,ravdess,12,2,4,2.0429347351632194,2.0680313202408755,15.625,15.625,12.5
fpc_formal_ravdess_d12_f2_A,ravdess,12,2,5,2.022882561772615,2.0646654394142923,20.3125,14.0625,12.5
fpc_formal_ravdess_d12_f2_A,ravdess,12,2,6,2.0165068438791627,2.073481870535505,18.75,15.625,12.5
fpc_formal_ravdess_d12_f2_A,ravdess,12,2,7,2.091481999177681,2.152189690489763,17.1875,15.625,12.5
fpc_formal_ravdess_d12_f2_A,ravdess,12,2,8,1.9789154796229163,2.112841906283059,17.1875,14.0625,15.625
fpc_formal_ravdess_d12_f2_A,ravdess,12,2,9,2.1616424180983973,2.3206059190969572,20.3125,12.5,12.5
fpc_formal_ravdess_d12_f2_A,ravdess,12,2,10,2.054601784939949,2.2369989061878552,21.875,18.75,15.625
fpc_formal_ravdess_d12_f2_A,ravdess,12,2,11,1.9973260026546253,2.2428581552872187,26.5625,20.3125,15.625
fpc_formal_ravdess_d12_f2_A,ravdess,12,2,12,1.9967209353625197,2.3186208246082867,25.0,15.625,18.75
fpc_formal_ravdess_d12_f2_A,ravdess,12,2,13,1.8738635085332571,2.2193224353806214,34.375,25.0,18.75
fpc_formal_ravdess_d12_f2_A,ravdess,12,2,14,1.7593625599150249,2.1315166614819465,39.0625,35.9375,21.875
fpc_formal_ravdess_d12_f2_A,ravdess,12,2,15,1.7685953823029386,2.20475315536893,39.0625,25.0,21.875
fpc_formal_ravdess_d12_f3_A,ravdess,12,3,1,2.078246856573556,2.08133506512689,12.5,12.5,12.5
fpc_formal_ravdess_d12_f3_A,ravdess,12,3,2,2.0666379971675695,2.0752915218354215,23.4375,20.3125,25.0
fpc_formal_ravdess_d12_f3_A,ravdess,12,3,3,2.0580929370954477,2.0702576371444237,15.625,12.5,18.75
fpc_formal_ravdess_d12_f3_A,ravdess,12,3,4,2.0488525701427847,2.064845721619534,15.625,12.5,18.75
fpc_formal_ravdess_d12_f3_A,ravdess,12,3,5,2.0387327632822707,2.059681326350309,17.1875,12.5,15.625
fpc_formal_ravdess_d12_f3_A,ravdess,12,3,6,2.023526697931608,2.0576917571172997,20.3125,10.9375,18.75
fpc_formal_ravdess_d12_f3_A,ravdess,12,3,7,2.0026823230309265,2.0510316605690075,28.125,17.1875,21.875
fpc_formal_ravdess_d12_f3_A,ravdess,12,3,8,1.980523996158583,2.0481247498942663,26.5625,14.0625,18.75
fpc_formal_ravdess_d12_f3_A,ravdess,12,3,9,1.9457755598316837,2.0099114036982204,29.6875,26.5625,21.875
fpc_formal_ravdess_d12_f3_A,ravdess,12,3,10,1.8713781781598182,1.9775792249944584,34.375,25.0,28.125
fpc_formal_ravdess_d12_f3_A,ravdess,12,3,11,1.805855341731772,1.9139632021471977,32.8125,25.0,25.0
fpc_formal_ravdess_d12_f3_A,ravdess,12,3,12,1.725204360107051,1.8341914968416237,40.625,28.125,28.125
fpc_formal_ravdess_d12_f3_A,ravdess,12,3,13,1.588398037102287,1.732891422162957,45.3125,32.8125,28.125
fpc_formal_ravdess_d12_f3_A,ravdess,12,3,14,1.6245532727816347,1.7659725662610355,42.1875,31.25,31.25
fpc_formal_ravdess_d12_f3_A,ravdess,12,3,15,1.3762173848405883,1.5739966144000561,46.875,37.5,31.25
fpc_formal_ravdess_d12_f4_A,ravdess,12,4,1,2.0746967156466734,2.075582792320239,12.5,15.625,18.75
fpc_formal_ravdess_d12_f4_A,ravdess,12,4,2,2.066525784231752,2.0682900765176004,17.1875,14.0625,18.75
fpc_formal_ravdess_d12_f4_A,ravdess,12,4,3,2.058835111810116,2.0635723000664594,17.1875,15.625,15.625
fpc_formal_ravdess_d12_f4_A,ravdess,12,4,4,2.049899591265115,2.0613543012013915,18.75,17.1875,25.0
fpc_formal_ravdess_d12_f4_A,ravdess,12,4,5,2.0368165937624862,2.0565795672114247,26.5625,20.3125,25.0
fpc_formal_ravdess_d12_f4_A,ravdess,12,4,6,2.0276009150469436,2.0558817602403776,28.125,21.875,21.875
fpc_formal_ravdess_d12_f4_A,ravdess,12,4,7,2.0106834481007354,2.049344288669052,32.8125,21.875,25.0
fpc_formal_ravdess_d12_f4_A,ravdess,12,4,8,1.9599778619487527,2.023325259766619,28.125,21.875,21.875
fpc_formal_ravdess_d12_f4_A,ravdess,12,4,9,1.928562322069879,2.018676258885366,32.8125,17.1875,28.125
fpc_formal_ravdess_d12_f4_A,ravdess,12,4,10,1.8544977341468738,1.9825438722310065,31.25,23.4375,25.0
fpc_formal_ravdess_d12_f4_A,ravdess,12,4,11,1.8172538160758434,1.9761916128007329,32.8125,26.5625,25.0
fpc_formal_ravdess_d12_f4_A,ravdess,12,4,12,1.8007212166301523,1.9768333501952302,35.9375,25.0,25.0
fpc_formal_ravdess_d12_f4_A,ravdess,12,4,13,1.6256951138200781,1.8358857913981188,43.75,29.6875,25.0
fpc_formal_ravdess_d12_f4_A,ravdess,12,4,14,1.570088185108795,1.8382739794868435,46.875,31.25,21.875
fpc_formal_ravdess_d12_f4_A,ravdess,12,4,15,1.4792744673096858,1.7835753433956238,42.1875,34.375,31.25
fpc_formal_ravdess_d13_f0_A,ravdess,13,0,1,2.083925982470392,2.082565710577385,12.5,10.9375,10.416666666666668
fpc_formal_ravdess_d13_f0_A,ravdess,13,0,2,2.076363662634191,2.0733161434239307,20.3125,17.1875,8.333333333333332
fpc_formal_ravdess_d13_f0_A,ravdess,13,0,3,2.071001821333615,2.0654779823598357,20.3125,20.3125,12.5
fpc_formal_ravdess_d13_f0_A,ravdess,13,0,4,2.064591596392958,2.0566931416073797,25.0,25.0,16.666666666666664
fpc_formal_ravdess_d13_f0_A,ravdess,13,0,5,2.05917174428381,2.046173522373009,21.875,25.0,14.583333333333334
fpc_formal_ravdess_d13_f0_A,ravdess,13,0,6,2.055114716598915,2.0342101844410787,18.75,20.3125,18.75
fpc_formal_ravdess_d13_f0_A,ravdess,13,0,7,2.0376950682020216,2.0104539870349964,20.3125,25.0,22.916666666666664
fpc_formal_ravdess_d13_f0_A,ravdess,13,0,8,2.0216034078437968,1.9856775572850225,21.875,25.0,22.916666666666664
fpc_formal_ravdess_d13_f0_A,ravdess,13,0,9,1.9805790061083668,1.9403077736130863,23.4375,31.25,25.0
fpc_formal_ravdess_d13_f0_A,ravdess,13,0,10,1.8859009775244262,1.8723947063989312,25.0,35.9375,33.33333333333333
fpc_formal_ravdess_d13_f0_A,ravdess,13,0,11,1.8930789535659418,1.8927788472231881,23.4375,25.0,25.0
fpc_formal_ravdess_d13_f0_A,ravdess,13,0,12,1.7057906615758571,1.7517288671850197,29.6875,42.1875,29.166666666666668
fpc_formal_ravdess_d13_f0_A,ravdess,13,0,13,1.6205281861971668,1.7063629539190064,37.5,40.625,25.0
fpc_formal_ravdess_d13_f0_A,ravdess,13,0,14,1.6162452177424314,1.8208531582434009,35.9375,31.25,22.916666666666664
fpc_formal_ravdess_d13_f0_A,ravdess,13,0,15,1.6014842646077532,1.712869201840718,35.9375,34.375,25.0
fpc_formal_ravdess_d13_f1_A,ravdess,13,1,1,2.07163282513614,2.0728445003611267,14.0625,17.1875,16.666666666666664
fpc_formal_ravdess_d13_f1_A,ravdess,13,1,2,2.065058869142321,2.067471527242871,20.3125,18.75,20.833333333333336
fpc_formal_ravdess_d13_f1_A,ravdess,13,1,3,2.0602560562450964,2.065171751101284,23.4375,25.0,22.916666666666664
fpc_formal_ravdess_d13_f1_A,ravdess,13,1,4,2.0547431066378907,2.061524302592855,18.75,17.1875,18.75
fpc_formal_ravdess_d13_f1_A,ravdess,13,1,5,2.0455232207647005,2.053015474943409,20.3125,15.625,18.75
fpc_formal_ravdess_d13_f1_A,ravdess,13,1,6,2.0327433760578515,2.043623168619742,23.4375,17.1875,16.666666666666664
fpc_formal_ravdess_d13_f1_A,ravdess,13,1,7,2.0236994137234303,2.046778396986538,23.4375,23.4375,20.833333333333336
fpc_formal_ravdess_d13_f1_A,ravdess,13,1,8,1.9988448441560496,2.026258148081026,28.125,17.1875,25.0
fpc_formal_ravdess_d13_f1_A,ravdess,13,1,9,1.9803535804109225,2.0297518372932295,21.875,20.3125,22.916666666666664
fpc_formal_ravdess_d13_f1_A,ravdess,13,1,10,1.9242318335493216,2.013341061252211,31.25,25.0,22.916666666666664
fpc_formal_ravdess_d13_f1_A,ravdess,13,1,11,1.8637318352088286,1.9690554901770652,34.375,23.4375,29.166666666666668
fpc_formal_ravdess_d13_f1_A,ravdess,13,1,12,1.936830723830075,2.047874213190627,31.25,21.875,25.0
fpc_formal_ravdess_d13_f1_A,ravdess,13,1,13,1.7796564416543759,1.90416580014018,37.5,25.0,31.25
fpc_formal_ravdess_d13_f1_A,ravdess,13,1,14,1.838608498448035,1.9936948523250448,31.25,26.5625,27.083333333333332
fpc_formal_ravdess_d13_f1_A,ravdess,13,1,15,1.7152242819840113,1.8908705533543384,34.375,25.0,33.33333333333333
fpc_formal_ravdess_d13_f2_A,ravdess,13,2,1,2.074462225285618,2.0728574551539314,15.625,12.5,21.875
fpc_formal_ravdess_d13_f2_A,ravdess,13,2,2,2.0671808060150374,2.0673574175632856,17.1875,14.0625,21.875
fpc_formal_ravdess_d13_f2_A,ravdess,13,2,3,2.0616998669049402,2.0626825779851776,20.3125,20.3125,21.875
fpc_formal_ravdess_d13_f2_A,ravdess,13,2,4,2.0596119063011313,2.061534160779247,18.75,15.625,9.375
fpc_formal_ravdess_d13_f2_A,ravdess,13,2,5,2.059879890285525,2.061782321868267,18.75,17.1875,12.5
fpc_formal_ravdess_d13_f2_A,ravdess,13,2,6,2.041115368036902,2.0454305333883607,25.0,18.75,15.625
fpc_formal_ravdess_d13_f2_A,ravdess,13,2,7,2.0513442424409467,2.0577832711506803,20.3125,15.625,15.625
fpc_formal_ravdess_d13_f2_A,ravdess,13,2,8,2.0058957145997725,2.023518829658653,23.4375,18.75,25.0
fpc_formal_ravdess_d13_f2_A,ravdess,13,2,9,1.9891738363867115,2.0244725800549355,23.4375,20.3125,31.25
fpc_formal_ravdess_d13_f2_A,ravdess,13,2,10,1.882786034547663,1.9449717767658554,34.375,25.0,28.125
fpc_formal_ravdess_d13_f2_A,ravdess,13,2,11,1.805143597693645,1.8803528183869986,35.9375,26.5625,28.125
fpc_formal_ravdess_d13_f2_A,ravdess,13,2,12,1.727506144939182,1.8174129796853942,35.9375,26.5625,28.125
fpc_formal_ravdess_d13_f2_A,ravdess,13,2,13,1.6148614217852777,1.715683495531613,40.625,29.6875,31.25
fpc_formal_ravdess_d13_f2_A,ravdess,13,2,14,1.5730259734046923,1.6556693094285073,43.75,34.375,31.25
fpc_formal_ravdess_d13_f2_A,ravdess,13,2,15,1.592979057998795,1.7223888152070645,42.1875,31.25,37.5
fpc_formal_ravdess_d13_f3_A,ravdess,13,3,1,2.073799987083018,2.0704980799107977,12.5,17.1875,12.5
fpc_formal_ravdess_d13_f3_A,ravdess,13,3,2,2.0640977263481757,2.0609478757561526,14.0625,15.625,12.5
fpc_formal_ravdess_d13_f3_A,ravdess,13,3,3,2.058515913939151,2.054581826557352,20.3125,17.1875,12.5
fpc_formal_ravdess_d13_f3_A,ravdess,13,3,4,2.055125234428461,2.0500895422402254,21.875,20.3125,15.625
fpc_formal_ravdess_d13_f3_A,ravdess,13,3,5,2.0500731471390408,2.044272023567978,20.3125,18.75,15.625
fpc_formal_ravdess_d13_f3_A,ravdess,13,3,6,2.07418895765797,2.0746235075552795,12.5,17.1875,12.5
fpc_formal_ravdess_d13_f3_A,ravdess,13,3,7,2.083175980321489,2.0776400024574193,12.5,12.5,12.5
fpc_formal_ravdess_d13_f3_A,ravdess,13,3,8,2.049671151558005,2.0151664122605935,18.75,23.4375,15.625
fpc_formal_ravdess_d13_f3_A,ravdess,13,3,9,2.0956348252404693,2.0663504436770133,14.0625,18.75,15.625
fpc_formal_ravdess_d13_f3_A,ravdess,13,3,10,2.1446571570350104,2.1301477971097427,14.0625,15.625,15.625
fpc_formal_ravdess_d13_f3_A,ravdess,13,3,11,2.0325478975497586,1.992246310474008,23.4375,26.5625,31.25
fpc_formal_ravdess_d13_f3_A,ravdess,13,3,12,2.0081574365437715,1.9723409644483054,25.0,26.5625,21.875
fpc_formal_ravdess_d13_f3_A,ravdess,13,3,13,1.9459737069459035,1.929983321192706,26.5625,26.5625,28.125
fpc_formal_ravdess_d13_f3_A,ravdess,13,3,14,1.7884834672963903,1.7843926737259221,31.25,32.8125,25.0
fpc_formal_ravdess_d13_f3_A,ravdess,13,3,15,1.7512198973527937,1.7299658787164134,34.375,35.9375,25.0
fpc_formal_ravdess_d13_f4_A,ravdess,13,4,1,2.0721375019836357,2.0703715862662437,12.5,17.1875,15.625
fpc_formal_ravdess_d13_f4_A,ravdess,13,4,2,2.0673600881795005,2.0635617708306464,21.875,23.4375,25.0
fpc_formal_ravdess_d13_f4_A,ravdess,13,4,3,2.0617519192534113,2.0569754689278823,21.875,17.1875,25.0
fpc_formal_ravdess_d13_f4_A,ravdess,13,4,4,2.053944262456225,2.049605081114361,23.4375,20.3125,21.875
fpc_formal_ravdess_d13_f4_A,ravdess,13,4,5,2.0457169284320544,2.043107097915186,25.0,26.5625,18.75
fpc_formal_ravdess_d13_f4_A,ravdess,13,4,6,2.0317373082570587,2.0367039193363183,20.3125,20.3125,15.625
fpc_formal_ravdess_d13_f4_A,ravdess,13,4,7,2.026060940473576,2.0330540636115884,17.1875,14.0625,12.5
fpc_formal_ravdess_d13_f4_A,ravdess,13,4,8,1.989906140238235,2.0201844727436944,17.1875,15.625,15.625
fpc_formal_ravdess_d13_f4_A,ravdess,13,4,9,2.0302059788063045,2.042296767914902,17.1875,18.75,12.5
fpc_formal_ravdess_d13_f4_A,ravdess,13,4,10,1.9964081743689361,2.0482423171052684,21.875,23.4375,18.75
fpc_formal_ravdess_d13_f4_A,ravdess,13,4,11,2.049615276555606,2.0950453917193173,25.0,23.4375,15.625
fpc_formal_ravdess_d13_f4_A,ravdess,13,4,12,1.9349686364655156,2.0161277546874405,29.6875,23.4375,28.125
fpc_formal_ravdess_d13_f4_A,ravdess,13,4,13,2.0775315139165764,2.108766388756384,20.3125,23.4375,18.75
fpc_formal_ravdess_d13_f4_A,ravdess,13,4,14,1.7210431598868843,1.8937598146279435,28.125,23.4375,34.375
fpc_formal_ravdess_d13_f4_A,ravdess,13,4,15,1.8639328701866198,1.9586700881149144,20.3125,25.0,25.0
fpc_formal_ravdess_d14_f0_A,ravdess,14,0,1,2.076689715224349,2.0797769668828003,17.1875,9.375,18.75
fpc_formal_ravdess_d14_f0_A,ravdess,14,0,2,2.0680181068300003,2.0728139181161116,18.75,10.9375,20.833333333333336
fpc_formal_ravdess_d14_f0_A,ravdess,14,0,3,2.0605566150957255,2.0680960494548124,21.875,9.375,16.666666666666664
fpc_formal_ravdess_d14_f0_A,ravdess,14,0,4,2.052508882499054,2.062128509140648,18.75,28.125,14.583333333333334
fpc_formal_ravdess_d14_f0_A,ravdess,14,0,5,2.043716000305731,2.0536620192973722,25.0,26.5625,18.75
fpc_formal_ravdess_d14_f0_A,ravdess,14,0,6,2.032186393535146,2.0406939895448293,29.6875,26.5625,22.916666666666664
fpc_formal_ravdess_d14_f0_A,ravdess,14,0,7,2.0228044857320855,2.0260272358992015,28.125,23.4375,20.833333333333336
fpc_formal_ravdess_d14_f0_A,ravdess,14,0,8,1.9837074647091424,1.9824596082458594,34.375,31.25,20.833333333333336
fpc_formal_ravdess_d14_f0_A,ravdess,14,0,9,1.9423702472268636,1.932473521257414,29.6875,29.6875,25.0
fpc_formal_ravdess_d14_f0_A,ravdess,14,0,10,1.883243835838289,1.8927082509909101,29.6875,26.5625,25.0
fpc_formal_ravdess_d14_f0_A,ravdess,14,0,11,1.763314998739654,1.818968650088359,39.0625,28.125,31.25
fpc_formal_ravdess_d14_f0_A,ravdess,14,0,12,1.7238596143628477,1.7402243610840116,31.25,32.8125,31.25
fpc_formal_ravdess_d14_f0_A,ravdess,14,0,13,1.6572955598536354,1.6828834661209746,34.375,37.5,37.5
fpc_formal_ravdess_d14_f0_A,ravdess,14,0,14,1.607191360868157,1.6929177024847106,39.0625,35.9375,37.5
fpc_formal_ravdess_d14_f0_A,ravdess,14,0,15,1.5097133175895907,1.5579070027176378,42.1875,37.5,41.66666666666667
fpc_formal_ravdess_d14_f1_A,ravdess,14,1,1,2.0772787333330074,2.0756159542988755,12.5,12.5,12.5
fpc_formal_ravdess_d14_f1_A,ravdess,14,1,2,2.0704075792053005,2.0702775881588416,14.0625,14.0625,16.666666666666664
fpc_formal_ravdess_d14_f1_A,ravdess,14,1,3,2.063195882583959,2.0643335049637357,20.3125,26.5625,25.0
fpc_formal_ravdess_d14_f1_A,ravdess,14,1,4,2.0562293556468543,2.0586468600475243,18.75,23.4375,16.666666666666664
fpc_formal_ravdess_d14_f1_A,ravdess,14,1,5,2.0494827828331452,2.051295957485777,21.875,26.5625,20.833333333333336
fpc_formal_ravdess_d14_f1_A,ravdess,14,1,6,2.0449722243428887,2.0455803105623604,23.4375,31.25,27.083333333333332
fpc_formal_ravdess_d14_f1_A,ravdess,14,1,7,2.0408553119732566,2.0375643310362292,21.875,28.125,29.166666666666668
fpc_formal_ravdess_d14_f1_A,ravdess,14,1,8,2.0437120107050073,2.034250207523998,23.4375,28.125,29.166666666666668
fpc_formal_ravdess_d14_f1_A,ravdess,14,1,9,2.019686909765292,2.007561773093899,21.875,29.6875,27.083333333333332
fpc_formal_ravdess_d14_f1_A,ravdess,14,1,10,2.0525750991943448,2.038378065001065,18.75,14.0625,18.75
fpc_formal_ravdess_d14_f1_A,ravdess,14,1,11,1.9383999577671365,1.938070489546054,26.5625,26.5625,27.083333333333332
fpc_formal_ravdess_d14_f1_A,ravdess,14,1,12,1.9890264069521617,2.0024782564833123,21.875,21.875,18.75
fpc_formal_ravdess_d14_f1_A,ravdess,14,1,13,1.7974509364902316,1.8500165861979205,45.3125,28.125,25.0
fpc_formal_ravdess_d14_f1_A,ravdess,14,1,14,1.774550796843698,1.8549506121843033,40.625,29.6875,25.0
fpc_formal_ravdess_d14_f1_A,ravdess,14,1,15,1.634831778663511,1.7412144834028203,42.1875,35.9375,27.083333333333332
fpc_formal_ravdess_d14_f2_A,ravdess,14,2,1,2.0671219600569475,2.0692734103803474,18.75,18.75,15.625
fpc_formal_ravdess_d14_f2_A,ravdess,14,2,2,2.0559968641938524,2.0608471285149266,15.625,15.625,15.625
fpc_formal_ravdess_d14_f2_A,ravdess,14,2,3,2.045271577209698,2.0534625459414526,17.1875,23.4375,15.625
fpc_formal_ravdess_d14_f2_A,ravdess,14,2,4,2.0301197423489614,2.0463230737467897,34.375,26.5625,25.0
fpc_formal_ravdess_d14_f2_A,ravdess,14,2,5,2.0133611553264075,2.039740869114543,20.3125,20.3125,18.75
fpc_formal_ravdess_d14_f2_A,ravdess,14,2,6,1.9818155614734332,2.02981676131074,25.0,17.1875,15.625
fpc_formal_ravdess_d14_f2_A,ravdess,14,2,7,1.9462816380215664,2.0157139717284807,26.5625,20.3125,15.625
fpc_formal_ravdess_d14_f2_A,ravdess,14,2,8,1.9007724673247892,1.9874562845051316,21.875,23.4375,25.0
fpc_formal_ravdess_d14_f2_A,ravdess,14,2,9,1.83692198134914,1.9302087632141904,28.125,26.5625,25.0
fpc_formal_ravdess_d14_f2_A,ravdess,14,2,10,1.7810706225642225,1.877335772542672,26.5625,39.0625,40.625
fpc_formal_ravdess_d14_f2_A,ravdess,14,2,11,1.7139343818040962,1.8311479784102151,28.125,39.0625,31.25
fpc_formal_ravdess_d14_f2_A,ravdess,14,2,12,1.6314635573676322,1.781817549311207,37.5,42.1875,25.0
fpc_formal_ravdess_d14_f2_A,ravdess,14,2,13,1.612950098114892,1.7778029697948756,37.5,39.0625,31.25
fpc_formal_ravdess_d14_f2_A,ravdess,14,2,14,1.5500421508875457,1.7108284225168744,40.625,37.5,34.375
fpc_formal_ravdess_d14_f2_A,ravdess,14,2,15,1.4722578611264736,1.6855668792572178,46.875,40.625,31.25
fpc_formal_ravdess_d14_f3_A,ravdess,14,3,1,2.0720917914734294,2.0764062129623886,12.5,12.5,12.5
fpc_formal_ravdess_d14_f3_A,ravdess,14,3,2,2.0650626217308115,2.0672729977962794,14.0625,17.1875,12.5
fpc_formal_ravdess_d14_f3_A,ravdess,14,3,3,2.0585365080873226,2.0598193365568322,23.4375,14.0625,18.75
fpc_formal_ravdess_d14_f3_A,ravdess,14,3,4,2.050624489713743,2.051405681290234,20.3125,26.5625,37.5
fpc_formal_ravdess_d14_f3_A,ravdess,14,3,5,2.0412572441005534,2.038776520099436,28.125,18.75,21.875
fpc_formal_ravdess_d14_f3_A,ravdess,14,3,6,2.0287543386880182,2.0198125322232485,26.5625,25.0,31.25
fpc_formal_ravdess_d14_f3_A,ravdess,14,3,7,2.0031811648676827,1.989618768496057,32.8125,23.4375,37.5
fpc_formal_ravdess_d14_f3_A,ravdess,14,3,8,1.964112139905291,1.942267790810357,32.8125,31.25,37.5
fpc_formal_ravdess_d14_f3_A,ravdess,14,3,9,1.8876820449506746,1.885155073082947,39.0625,42.1875,34.375
fpc_formal_ravdess_d14_f3_A,ravdess,14,3,10,1.8081271185150485,1.806565916215117,34.375,29.6875,37.5
fpc_formal_ravdess_d14_f3_A,ravdess,14,3,11,1.718415758912169,1.712812955755037,39.0625,39.0625,34.375
fpc_formal_ravdess_d14_f3_A,ravdess,14,3,12,1.6401391086526944,1.6540577354857573,37.5,37.5,34.375
fpc_formal_ravdess_d14_f3_A,ravdess,14,3,13,1.6009687344164045,1.6075119165168708,43.75,35.9375,31.25
fpc_formal_ravdess_d14_f3_A,ravdess,14,3,14,1.569015615128099,1.6198134627543206,45.3125,42.1875,34.375
fpc_formal_ravdess_d14_f3_A,ravdess,14,3,15,1.3826696313260944,1.5257903747301915,53.125,43.75,40.625
fpc_formal_ravdess_d14_f4_A,ravdess,14,4,1,2.087147465148978,2.0859220549003634,12.5,12.5,12.5
fpc_formal_ravdess_d14_f4_A,ravdess,14,4,2,2.0765178470597374,2.074904324474752,17.1875,15.625,18.75
fpc_formal_ravdess_d14_f4_A,ravdess,14,4,3,2.068950412794128,2.0679339175964726,15.625,10.9375,15.625
fpc_formal_ravdess_d14_f4_A,ravdess,14,4,4,2.0630713072467706,2.061720832198926,23.4375,18.75,12.5
fpc_formal_ravdess_d14_f4_A,ravdess,14,4,5,2.0572744255746924,2.0548439777486127,20.3125,23.4375,12.5
fpc_formal_ravdess_d14_f4_A,ravdess,14,4,6,2.050855826620629,2.0451081880206723,18.75,20.3125,18.75
fpc_formal_ravdess_d14_f4_A,ravdess,14,4,7,2.0445011709009435,2.0321354526674673,23.4375,18.75,15.625
fpc_formal_ravdess_d14_f4_A,ravdess,14,4,8,2.02932544464268,2.0156731829205285,21.875,15.625,15.625
fpc_formal_ravdess_d14_f4_A,ravdess,14,4,9,2.0231836183358807,2.0111169118068464,23.4375,20.3125,15.625
fpc_formal_ravdess_d14_f4_A,ravdess,14,4,10,1.9726240131682844,1.9661754331843002,20.3125,23.4375,21.875
fpc_formal_ravdess_d14_f4_A,ravdess,14,4,11,1.9183635317182188,1.9300266599940334,21.875,28.125,18.75
fpc_formal_ravdess_d14_f4_A,ravdess,14,4,12,1.825764972809621,1.8705819822992773,21.875,28.125,18.75
fpc_formal_ravdess_d14_f4_A,ravdess,14,4,13,1.6924917747953745,1.7590579904406418,26.5625,26.5625,18.75
fpc_formal_ravdess_d14_f4_A,ravdess,14,4,14,1.6595818995554186,1.7891676506347107,37.5,28.125,25.0
fpc_formal_ravdess_d14_f4_A,ravdess,14,4,15,1.9316525851155868,2.1077633045233766,23.4375,18.75,25.0
fpc_formal_ravdess_d15_f0_A,ravdess,15,0,1,2.0731927992117956,2.0799911818518266,14.0625,12.5,8.333333333333332
fpc_formal_ravdess_d15_f0_A,ravdess,15,0,2,2.0666055844913647,2.0741745197666663,18.75,23.4375,27.083333333333332
fpc_formal_ravdess_d15_f0_A,ravdess,15,0,3,2.059294575642458,2.0686679941969777,18.75,17.1875,22.916666666666664
fpc_formal_ravdess_d15_f0_A,ravdess,15,0,4,2.0507859204144903,2.0633381348203175,20.3125,18.75,27.083333333333332
fpc_formal_ravdess_d15_f0_A,ravdess,15,0,5,2.0420589298282503,2.0584024460993167,23.4375,20.3125,22.916666666666664
fpc_formal_ravdess_d15_f0_A,ravdess,15,0,6,2.034187861534264,2.0530424535242005,17.1875,18.75,18.75
fpc_formal_ravdess_d15_f0_A,ravdess,15,0,7,2.0098370562381325,2.036863797907119,21.875,18.75,20.833333333333336
fpc_formal_ravdess_d15_f0_A,ravdess,15,0,8,1.9491842294700024,1.9924266497364271,29.6875,25.0,33.33333333333333
fpc_formal_ravdess_d15_f0_A,ravdess,15,0,9,1.8936471158825343,1.9439761048617425,26.5625,26.5625,33.33333333333333
fpc_formal_ravdess_d15_f0_A,ravdess,15,0,10,1.825288210402948,1.8879717333067938,25.0,21.875,27.083333333333332
fpc_formal_ravdess_d15_f0_A,ravdess,15,0,11,1.7148015512193242,1.7688622674186494,32.8125,29.6875,35.41666666666667
fpc_formal_ravdess_d15_f0_A,ravdess,15,0,12,1.6753177633769343,1.7357235215631701,37.5,35.9375,33.33333333333333
fpc_formal_ravdess_d15_f0_A,ravdess,15,0,13,1.7454970277649013,1.7789328848336896,29.6875,34.375,31.25
fpc_formal_ravdess_d15_f0_A,ravdess,15,0,14,1.694332652513997,1.7781661149288657,35.9375,26.5625,31.25
fpc_formal_ravdess_d15_f0_A,ravdess,15,0,15,1.5762455338115224,1.6165344397863153,32.8125,32.8125,35.41666666666667
fpc_formal_ravdess_d15_f1_A,ravdess,15,1,1,2.073821359358769,2.077970116690018,15.625,14.0625,12.5
fpc_formal_ravdess_d15_f1_A,ravdess,15,1,2,2.0629655600018055,2.0689542802558876,15.625,12.5,14.583333333333334
fpc_formal_ravdess_d15_f1_A,ravdess,15,1,3,2.0548145507776328,2.0644691087224305,14.0625,14.0625,14.583333333333334
fpc_formal_ravdess_d15_f1_A,ravdess,15,1,4,2.0453480379177704,2.0592363380456176,20.3125,15.625,16.666666666666664
fpc_formal_ravdess_d15_f1_A,ravdess,15,1,5,2.0335064971430956,2.0555345137775465,29.6875,15.625,14.583333333333334
fpc_formal_ravdess_d15_f1_A,ravdess,15,1,6,2.0233811941071522,2.0600170481934903,26.5625,15.625,14.583333333333334
fpc_formal_ravdess_d15_f1_A,ravdess,15,1,7,2.0260785993999657,2.07585291142556,23.4375,17.1875,18.75
fpc_formal_ravdess_d15_f1_A,ravdess,15,1,8,1.9869578168775484,2.0606999551859726,28.125,17.1875,16.666666666666664
fpc_formal_ravdess_d15_f1_A,ravdess,15,1,9,1.9656237293344176,2.0682548928573405,25.0,18.75,16.666666666666664
fpc_formal_ravdess_d15_f1_A,ravdess,15,1,10,1.9660463702720257,2.14882132354495,26.5625,20.3125,20.833333333333336
fpc_formal_ravdess_d15_f1_A,ravdess,15,1,11,1.8057631633394462,2.026805608879335,32.8125,20.3125,18.75
fpc_formal_ravdess_d15_f1_A,ravdess,15,1,12,1.8143184555870229,2.1183822714068614,31.25,21.875,18.75
fpc_formal_ravdess_d15_f1_A,ravdess,15,1,13,1.7773608645755958,2.0621945572691476,31.25,21.875,18.75
fpc_formal_ravdess_d15_f1_A,ravdess,15,1,14,1.6920304266960455,2.0461734640676474,39.0625,25.0,20.833333333333336
fpc_formal_ravdess_d15_f1_A,ravdess,15,1,15,1.689648923332994,2.1771889155070276,39.0625,25.0,25.0
fpc_formal_ravdess_d15_f2_A,ravdess,15,2,1,2.073080889087403,2.0715389804833055,14.0625,15.625,6.25
fpc_formal_ravdess_d15_f2_A,ravdess,15,2,2,2.0653107056247992,2.061500453914615,25.0,23.4375,15.625
fpc_formal_ravdess_d15_f2_A,ravdess,15,2,3,2.0573318221457546,2.04962995653335,21.875,20.3125,15.625
fpc_formal_ravdess_d15_f2_A,ravdess,15,2,4,2.0517899733262226,2.040622583093328,25.0,18.75,9.375
fpc_formal_ravdess_d15_f2_A,ravdess,15,2,5,2.0475082927772723,2.030660330530587,14.0625,12.5,18.75
fpc_formal_ravdess_d15_f2_A,ravdess,15,2,6,2.0352986948381333,2.005708395536891,20.3125,18.75,12.5
fpc_formal_ravdess_d15_f2_A,ravdess,15,2,7,2.0266196134600176,1.9826929177651846,18.75,14.0625,18.75
fpc_formal_ravdess_d15_f2_A,ravdess,15,2,8,1.980610521532031,1.9020067129390186,25.0,26.5625,25.0
fpc_formal_ravdess_d15_f2_A,ravdess,15,2,9,2.014820773543106,1.9607561870651415,15.625,20.3125,18.75
fpc_formal_ravdess_d15_f2_A,ravdess,15,2,10,1.9140933284497121,1.8553149241343367,28.125,25.0,25.0
fpc_formal_ravdess_d15_f2_A,ravdess,15,2,11,1.816512048760158,1.7706170011175106,29.6875,26.5625,28.125
fpc_formal_ravdess_d15_f2_A,ravdess,15,2,12,1.7621254743646328,1.7655660717112585,37.5,28.125,25.0
fpc_formal_ravdess_d15_f2_A,ravdess,15,2,13,1.7187534683382102,1.7613865010968608,28.125,28.125,25.0
fpc_formal_ravdess_d15_f2_A,ravdess,15,2,14,1.687902302511976,1.7080146610164837,28.125,34.375,25.0
fpc_formal_ravdess_d15_f2_A,ravdess,15,2,15,1.6472698382484392,1.7752086089136916,29.6875,26.5625,37.5
fpc_formal_ravdess_d15_f3_A,ravdess,15,3,1,2.0709006557746577,2.0742228175273194,18.75,15.625,15.625
fpc_formal_ravdess_d15_f3_A,ravdess,15,3,2,2.063805814576921,2.0672317067144377,15.625,17.1875,9.375
fpc_formal_ravdess_d15_f3_A,ravdess,15,3,3,2.0576135484576623,2.061902749497353,17.1875,15.625,15.625
fpc_formal_ravdess_d15_f3_A,ravdess,15,3,4,2.0501008062380377,2.054218822976892,18.75,15.625,12.5
fpc_formal_ravdess_d15_f3_A,ravdess,15,3,5,2.0404002107074737,2.0441786134046582,18.75,10.9375,9.375
fpc_formal_ravdess_d15_f3_A,ravdess,15,3,6,2.0224793025915706,2.0290431929388877,23.4375,26.5625,18.75
fpc_formal_ravdess_d15_f3_A,ravdess,15,3,7,2.005637187601885,2.031059913501453,18.75,23.4375,18.75
fpc_formal_ravdess_d15_f3_A,ravdess,15,3,8,1.9576898391713429,1.9848001557541566,23.4375,23.4375,12.5
fpc_formal_ravdess_d15_f3_A,ravdess,15,3,9,1.894269467076657,1.9505472287674124,29.6875,25.0,25.0
fpc_formal_ravdess_d15_f3_A,ravdess,15,3,10,1.8647379207577681,1.9749806623483417,26.5625,15.625,18.75
fpc_formal_ravdess_d15_f3_A,ravdess,15,3,11,1.8143786354736968,1.9494265919946485,32.8125,21.875,21.875
fpc_formal_ravdess_d15_f3_A,ravdess,15,3,12,1.6627908029161171,1.818155768876486,39.0625,26.5625,25.0
fpc_formal_ravdess_d15_f3_A,ravdess,15,3,13,1.8667276034918947,2.0945631040015593,21.875,14.0625,21.875
fpc_formal_ravdess_d15_f3_A,ravdess,15,3,14,1.5461473669324297,1.7246761652922822,45.3125,31.25,21.875
fpc_formal_ravdess_d15_f3_A,ravdess,15,3,15,1.7125046768540366,1.9790323562906749,32.8125,28.125,34.375
fpc_formal_ravdess_d15_f4_A,ravdess,15,4,1,2.0807108314225196,2.0779384839978974,14.0625,12.5,12.5
fpc_formal_ravdess_d15_f4_A,ravdess,15,4,2,2.0724476821759596,2.069717001893234,14.0625,15.625,15.625
fpc_formal_ravdess_d15_f4_A,ravdess,15,4,3,2.0659625211733337,2.062938300072366,18.75,20.3125,12.5
fpc_formal_ravdess_d15_f4_A,ravdess,15,4,4,2.05809127602452,2.056904050795886,18.75,14.0625,18.75
fpc_formal_ravdess_d15_f4_A,ravdess,15,4,5,2.050705321896305,2.0507866273916187,18.75,20.3125,21.875
fpc_formal_ravdess_d15_f4_A,ravdess,15,4,6,2.042346232668791,2.0468020578022723,25.0,20.3125,21.875
fpc_formal_ravdess_d15_f4_A,ravdess,15,4,7,2.0303609962929077,2.042051367225522,23.4375,17.1875,18.75
fpc_formal_ravdess_d15_f4_A,ravdess,15,4,8,2.014973420524931,2.0231387495809763,26.5625,21.875,18.75
fpc_formal_ravdess_d15_f4_A,ravdess,15,4,9,2.017905741066694,2.043903656200374,18.75,23.4375,25.0
fpc_formal_ravdess_d15_f4_A,ravdess,15,4,10,1.9376004690615773,1.9520171229319168,32.8125,23.4375,31.25
fpc_formal_ravdess_d15_f4_A,ravdess,15,4,11,1.9027711834366485,1.9444955727405846,31.25,23.4375,25.0
fpc_formal_ravdess_d15_f4_A,ravdess,15,4,12,1.8761606004202944,1.925986602345258,32.8125,31.25,25.0
fpc_formal_ravdess_d15_f4_A,ravdess,15,4,13,1.7870369198940883,1.8619731979678735,37.5,28.125,28.125
fpc_formal_ravdess_d15_f4_A,ravdess,15,4,14,1.6226027094536883,1.7549212378379926,45.3125,29.6875,28.125
fpc_formal_ravdess_d15_f4_A,ravdess,15,4,15,1.7484819401022915,1.818949558589667,43.75,32.8125,37.5
fpc_formal_ravdess_d16_f0_A,ravdess,16,0,1,2.075580695235609,2.073906295909823,15.625,18.75,18.75
fpc_formal_ravdess_d16_f0_A,ravdess,16,0,2,2.0681726049732143,2.065724453645994,20.3125,18.75,20.833333333333336
fpc_formal_ravdess_d16_f0_A,ravdess,16,0,3,2.0595013350147546,2.055683703498449,17.1875,23.4375,14.583333333333334
fpc_formal_ravdess_d16_f0_A,ravdess,16,0,4,2.0537603671714324,2.049685574303905,20.3125,21.875,14.583333333333334
fpc_formal_ravdess_d16_f0_A,ravdess,16,0,5,2.050442701164715,2.047680569796543,18.75,17.1875,16.666666666666664
fpc_formal_ravdess_d16_f0_A,ravdess,16,0,6,2.0444313019220974,2.041390585884381,20.3125,18.75,14.583333333333334
fpc_formal_ravdess_d16_f0_A,ravdess,16,0,7,2.026472696167162,2.0255965316916877,20.3125,18.75,14.583333333333334
fpc_formal_ravdess_d16_f0_A,ravdess,16,0,8,2.068314106068243,2.0796966428842434,15.625,21.875,14.583333333333334
fpc_formal_ravdess_d16_f0_A,ravdess,16,0,9,1.9893576663628103,2.0068855116106574,20.3125,25.0,16.666666666666664
fpc_formal_ravdess_d16_f0_A,ravdess,16,0,10,2.0024389183906988,2.0394426637302168,20.3125,21.875,18.75
fpc_formal_ravdess_d16_f0_A,ravdess,16,0,11,2.0599222577330076,2.1026758151984257,21.875,26.5625,14.583333333333334
fpc_formal_ravdess_d16_f0_A,ravdess,16,0,12,1.863174732469856,1.9086645385885315,28.125,28.125,20.833333333333336
fpc_formal_ravdess_d16_f0_A,ravdess,16,0,13,1.8666385922539535,1.9438348407304566,29.6875,34.375,20.833333333333336
fpc_formal_ravdess_d16_f0_A,ravdess,16,0,14,1.8612217572788232,1.916731341724212,39.0625,35.9375,27.083333333333332
fpc_formal_ravdess_d16_f0_A,ravdess,16,0,15,1.7742755413889264,1.8713994036642114,34.375,35.9375,22.916666666666664
fpc_formal_ravdess_d16_f1_A,ravdess,16,1,1,2.0711970485939073,2.0743741064155587,14.0625,14.0625,12.5
fpc_formal_ravdess_d16_f1_A,ravdess,16,1,2,2.0645546827468704,2.0662750801841563,14.0625,14.0625,12.5
fpc_formal_ravdess_d16_f1_A,ravdess,16,1,3,2.0575327898653657,2.059836372387945,20.3125,25.0,16.666666666666664
fpc_formal_ravdess_d16_f1_A,ravdess,16,1,4,2.0500277000066474,2.0525351578878013,26.5625,26.5625,25.0
fpc_formal_ravdess_d16_f1_A,ravdess,16,1,5,2.0424366441153743,2.0468274065304133,32.8125,26.5625,20.833333333333336
fpc_formal_ravdess_d16_f1_A,ravdess,16,1,6,2.0299894330209014,2.0358510891617896,32.8125,20.3125,20.833333333333336
fpc_formal_ravdess_d16_f1_A,ravdess,16,1,7,2.0105145377483207,2.0196115808359605,28.125,28.125,16.666666666666664
fpc_formal_ravdess_d16_f1_A,ravdess,16,1,8,1.9807050429565103,1.9910523745636963,32.8125,26.5625,25.0
fpc_formal_ravdess_d16_f1_A,ravdess,16,1,9,1.912184078654636,1.925689195670918,34.375,28.125,27.083333333333332
fpc_formal_ravdess_d16_f1_A,ravdess,16,1,10,1.8322501691745936,1.8473490907026666,32.8125,28.125,29.166666666666668
fpc_formal_ravdess_d16_f1_A,ravdess,16,1,11,1.782991510555366,1.7895962410256592,32.8125,32.8125,31.25
fpc_formal_ravdess_d16_f1_A,ravdess,16,1,12,1.6773271602013577,1.7113421019738542,37.5,31.25,31.25
fpc_formal_ravdess_d16_f1_A,ravdess,16,1,13,1.6382294614362047,1.6565863483619436,32.8125,35.9375,37.5
fpc_formal_ravdess_d16_f1_A,ravdess,16,1,14,1.5616360670059677,1.591920522095152,42.1875,34.375,33.33333333333333
fpc_formal_ravdess_d16_f1_A,ravdess,16,1,15,1.3990765845249162,1.4579325692698522,42.1875,40.625,37.5
fpc_formal_ravdess_d16_f2_A,ravdess,16,2,1,2.079955752552079,2.082533697418209,21.875,18.75,18.75
fpc_formal_ravdess_d16_f2_A,ravdess,16,2,2,2.067528662232154,2.0749337009144533,15.625,12.5,12.5
fpc_formal_ravdess_d16_f2_A,ravdess,16,2,3,2.05597463115529,2.069211362973765,18.75,14.0625,18.75
fpc_formal_ravdess_d16_f2_A,ravdess,16,2,4,2.0666859062681207,2.07356832506586,12.5,12.5,6.25
fpc_formal_ravdess_d16_f2_A,ravdess,16,2,5,2.073081322571796,2.083339041095329,14.0625,10.9375,6.25
fpc_formal_ravdess_d16_f2_A,ravdess,16,2,6,2.0572481784044614,2.0860342281597797,17.1875,10.9375,9.375
fpc_formal_ravdess_d16_f2_A,ravdess,16,2,7,2.0898998699869926,2.121713108231039,17.1875,10.9375,12.5
fpc_formal_ravdess_d16_f2_A,ravdess,16,2,8,2.134755136386021,2.1561174854399883,15.625,15.625,12.5
fpc_formal_ravdess_d16_f2_A,ravdess,16,2,9,2.155130028570509,2.1711732324566775,15.625,15.625,12.5
fpc_formal_ravdess_d16_f2_A,ravdess,16,2,10,2.0498492205726353,2.091633395878253,15.625,17.1875,12.5
fpc_formal_ravdess_d16_f2_A,ravdess,16,2,11,2.0524572532158603,2.044308839899122,18.75,18.75,12.5
fpc_formal_ravdess_d16_f2_A,ravdess,16,2,12,2.0752704976464704,2.0917300519976605,17.1875,17.1875,18.75
fpc_formal_ravdess_d16_f2_A,ravdess,16,2,13,1.9070747599969664,1.9152510591847367,28.125,29.6875,28.125
fpc_formal_ravdess_d16_f2_A,ravdess,16,2,14,1.8243248815782764,1.8780736299357976,28.125,29.6875,34.375
fpc_formal_ravdess_d16_f2_A,ravdess,16,2,15,1.8910311921619218,1.9390737351479341,25.0,26.5625,25.0
fpc_formal_ravdess_d16_f3_A,ravdess,16,3,1,2.075609136103986,2.072596596566619,17.1875,15.625,15.625
fpc_formal_ravdess_d16_f3_A,ravdess,16,3,2,2.067083912794754,2.0647109196365134,17.1875,21.875,15.625
fpc_formal_ravdess_d16_f3_A,ravdess,16,3,3,2.06030813115657,2.0583900512068714,25.0,17.1875,25.0
fpc_formal_ravdess_d16_f3_A,ravdess,16,3,4,2.051470763871447,2.053049884942051,17.1875,10.9375,12.5
fpc_formal_ravdess_d16_f3_A,ravdess,16,3,5,2.0371614470994674,2.0498683731863827,15.625,14.0625,12.5
fpc_formal_ravdess_d16_f3_A,ravdess,16,3,6,2.021034661573447,2.0491260982417527,20.3125,18.75,15.625
fpc_formal_ravdess_d16_f3_A,ravdess,16,3,7,1.9988335252825387,2.05086796322483,18.75,18.75,15.625
fpc_formal_ravdess_d16_f3_A,ravdess,16,3,8,1.98574878827683,2.0570698763341273,18.75,18.75,12.5
fpc_formal_ravdess_d16_f3_A,ravdess,16,3,9,1.9967124362881568,2.0540710459018174,18.75,21.875,12.5
fpc_formal_ravdess_d16_f3_A,ravdess,16,3,10,1.9602705736854982,2.046008535779217,20.3125,21.875,15.625
fpc_formal_ravdess_d16_f3_A,ravdess,16,3,11,1.906103986206364,2.0371850169679626,18.75,23.4375,15.625
fpc_formal_ravdess_d16_f3_A,ravdess,16,3,12,1.8652010905814627,1.980267820755719,31.25,31.25,25.0
fpc_formal_ravdess_d16_f3_A,ravdess,16,3,13,1.8419404057515716,1.9538497121466802,34.375,31.25,25.0
fpc_formal_ravdess_d16_f3_A,ravdess,16,3,14,1.7186058959504178,1.8834199911147578,32.8125,32.8125,31.25
fpc_formal_ravdess_d16_f3_A,ravdess,16,3,15,1.85108976858458,1.8935471235061019,29.6875,28.125,18.75
fpc_formal_ravdess_d16_f4_A,ravdess,16,4,1,2.072698691938709,2.078065454460294,14.0625,14.0625,12.5
fpc_formal_ravdess_d16_f4_A,ravdess,16,4,2,2.0655040196659247,2.0708906289597246,20.3125,14.0625,12.5
fpc_formal_ravdess_d16_f4_A,ravdess,16,4,3,2.059719368988972,2.066429291982347,25.0,20.3125,25.0
fpc_formal_ravdess_d16_f4_A,ravdess,16,4,4,2.052423820191821,2.0614410837468355,28.125,21.875,34.375
fpc_formal_ravdess_d16_f4_A,ravdess,16,4,5,2.0484732807209074,2.0604589263109214,21.875,21.875,37.5
fpc_formal_ravdess_d16_f4_A,ravdess,16,4,6,2.033399244445559,2.0506429491796263,25.0,20.3125,34.375
fpc_formal_ravdess_d16_f4_A,ravdess,16,4,7,2.0200343020004405,2.043248555612017,25.0,17.1875,31.25
fpc_formal_ravdess_d16_f4_A,ravdess,16,4,8,2.0082987302317368,2.0376358650843125,23.4375,17.1875,34.375
fpc_formal_ravdess_d16_f4_A,ravdess,16,4,9,1.9510347502464296,2.00563512140945,32.8125,26.5625,37.5
fpc_formal_ravdess_d16_f4_A,ravdess,16,4,10,1.912238048736369,1.9745282982880936,26.5625,26.5625,40.625
fpc_formal_ravdess_d16_f4_A,ravdess,16,4,11,1.7906802623187965,1.8781623840383417,31.25,32.8125,37.5
fpc_formal_ravdess_d16_f4_A,ravdess,16,4,12,1.7085703419983838,1.8103586859350322,32.8125,34.375,37.5
fpc_formal_ravdess_d16_f4_A,ravdess,16,4,13,1.6283964915278604,1.7564460961911448,37.5,35.9375,40.625
fpc_formal_ravdess_d16_f4_A,ravdess,16,4,14,1.5672749171845088,1.714379891619002,40.625,28.125,40.625
fpc_formal_ravdess_d16_f4_A,ravdess,16,4,15,1.593148565091913,1.7575225196719813,35.9375,37.5,40.625
fpc_formal_ravdess_d17_f0_A,ravdess,17,0,1,2.079101363930769,2.0780436159419358,15.625,10.9375,10.416666666666668
fpc_formal_ravdess_d17_f0_A,ravdess,17,0,2,2.075618135741114,2.071643424682863,17.1875,18.75,14.583333333333334
fpc_formal_ravdess_d17_f0_A,ravdess,17,0,3,2.072089984299887,2.0662635115108348,17.1875,20.3125,22.916666666666664
fpc_formal_ravdess_d17_f0_A,ravdess,17,0,4,2.069196310616612,2.0622461965563703,12.5,15.625,25.0
fpc_formal_ravdess_d17_f0_A,ravdess,17,0,5,2.0666384246503444,2.06053786082028,14.0625,15.625,20.833333333333336
fpc_formal_ravdess_d17_f0_A,ravdess,17,0,6,2.059365349340367,2.048645744685495,15.625,17.1875,25.0
fpc_formal_ravdess_d17_f0_A,ravdess,17,0,7,2.055026338752809,2.037261875469264,15.625,17.1875,25.0
fpc_formal_ravdess_d17_f0_A,ravdess,17,0,8,2.0375974248861697,2.0114198266455747,20.3125,18.75,22.916666666666664
fpc_formal_ravdess_d17_f0_A,ravdess,17,0,9,2.0025007227027816,1.971281156323963,20.3125,20.3125,27.083333333333332
fpc_formal_ravdess_d17_f0_A,ravdess,17,0,10,1.9549878423169615,1.9203524540576749,23.4375,26.5625,25.0
fpc_formal_ravdess_d17_f0_A,ravdess,17,0,11,1.8603189212860358,1.8258950223607147,28.125,39.0625,31.25
fpc_formal_ravdess_d17_f0_A,ravdess,17,0,12,1.930586632591915,1.8939161458336082,26.5625,29.6875,27.083333333333332
fpc_formal_ravdess_d17_f0_A,ravdess,17,0,13,1.7690264672461444,1.7674600683369113,32.8125,37.5,31.25
fpc_formal_ravdess_d17_f0_A,ravdess,17,0,14,1.7601827903783196,1.790726621269444,35.9375,34.375,29.166666666666668
fpc_formal_ravdess_d17_f0_A,ravdess,17,0,15,1.5734938761446942,1.6245721577142782,43.75,40.625,37.5
fpc_formal_ravdess_d17_f1_A,ravdess,17,1,1,2.071059866900473,2.0718760914759096,15.625,14.0625,12.5
fpc_formal_ravdess_d17_f1_A,ravdess,17,1,2,2.0622401052207655,2.067269434020349,18.75,18.75,18.75
fpc_formal_ravdess_d17_f1_A,ravdess,17,1,3,2.0524018607493297,2.0624646929303907,28.125,25.0,27.083333333333332
fpc_formal_ravdess_d17_f1_A,ravdess,17,1,4,2.039235742626795,2.0558476304890805,32.8125,26.5625,29.166666666666668
fpc_formal_ravdess_d17_f1_A,ravdess,17,1,5,2.019661746716936,2.046388086452292,23.4375,18.75,29.166666666666668
fpc_formal_ravdess_d17_f1_A,ravdess,17,1,6,1.9821055252812156,2.024568998381678,20.3125,18.75,20.833333333333336
fpc_formal_ravdess_d17_f1_A,ravdess,17,1,7,1.9281017129699138,1.9879337774372658,32.8125,23.4375,33.33333333333333
fpc_formal_ravdess_d17_f1_A,ravdess,17,1,8,1.8601648718346868,1.9603661152330387,26.5625,23.4375,27.083333333333332
fpc_formal_ravdess_d17_f1_A,ravdess,17,1,9,1.7698470757757672,1.8743829066079636,39.0625,32.8125,35.41666666666667
fpc_formal_ravdess_d17_f1_A,ravdess,17,1,10,1.6613303718906396,1.830766824276918,35.9375,28.125,31.25
fpc_formal_ravdess_d17_f1_A,ravdess,17,1,11,1.5682264537864075,1.7700466026182644,39.0625,31.25,31.25
fpc_formal_ravdess_d17_f1_A,ravdess,17,1,12,1.5020962492833512,1.7620812237334618,39.0625,31.25,25.0
fpc_formal_ravdess_d17_f1_A,ravdess,17,1,13,1.4065818304190898,1.6916924769409483,48.4375,31.25,27.083333333333332
fpc_formal_ravdess_d17_f1_A,ravdess,17,1,14,1.3897316971132705,1.6560863218845188,50.0,34.375,35.41666666666667
fpc_formal_ravdess_d17_f1_A,ravdess,17,1,15,1.3644884261548396,1.725175428313121,43.75,29.6875,25.0
fpc_formal_ravdess_d17_f2_A,ravdess,17,2,1,2.0768164930389204,2.077579257456696,15.625,14.0625,15.625
fpc_formal_ravdess_d17_f2_A,ravdess,17,2,2,2.063818453345139,2.067795110654414,21.875,10.9375,12.5
fpc_formal_ravdess_d17_f2_A,ravdess,17,2,3,2.050911822342762,2.058263230485248,20.3125,14.0625,12.5
fpc_formal_ravdess_d17_f2_A,ravdess,17,2,4,2.040696235833172,2.049340546029926,28.125,14.0625,12.5
fpc_formal_ravdess_d17_f2_A,ravdess,17,2,5,2.0297843436776692,2.038824880992559,31.25,20.3125,18.75
fpc_formal_ravdess_d17_f2_A,ravdess,17,2,6,2.0259544759283594,2.0300856326241195,34.375,29.6875,21.875
fpc_formal_ravdess_d17_f2_A,ravdess,17,2,7,2.021585246625918,2.0199068103898363,32.8125,32.8125,25.0
fpc_formal_ravdess_d17_f2_A,ravdess,17,2,8,2.0004767842771445,2.001116404529857,31.25,31.25,25.0
fpc_formal_ravdess_d17_f2_A,ravdess,17,2,9,1.9549680953563686,1.9711794301773071,34.375,31.25,21.875
fpc_formal_ravdess_d17_f2_A,ravdess,17,2,10,1.907336368013369,1.9230417580053847,32.8125,35.9375,28.125
fpc_formal_ravdess_d17_f2_A,ravdess,17,2,11,1.8702588889132092,1.905243129443599,39.0625,29.6875,18.75
fpc_formal_ravdess_d17_f2_A,ravdess,17,2,12,1.836404331348195,1.8564734748344656,34.375,35.9375,31.25
fpc_formal_ravdess_d17_f2_A,ravdess,17,2,13,1.8458407063695512,1.8561433079144374,31.25,32.8125,31.25
fpc_formal_ravdess_d17_f2_A,ravdess,17,2,14,1.873987257574584,1.8473825538924413,35.9375,31.25,34.375
fpc_formal_ravdess_d17_f2_A,ravdess,17,2,15,1.8417926999125422,1.800033255862333,40.625,37.5,37.5
fpc_formal_ravdess_d17_f3_A,ravdess,17,3,1,2.0751158616314154,2.074528492953,12.5,14.0625,12.5
fpc_formal_ravdess_d17_f3_A,ravdess,17,3,2,2.0676674792303436,2.0692143536874315,20.3125,14.0625,21.875
fpc_formal_ravdess_d17_f3_A,ravdess,17,3,3,2.0609907632016373,2.064454880838481,21.875,7.8125,18.75
fpc_formal_ravdess_d17_f3_A,ravdess,17,3,4,2.055106892997038,2.060084686398105,18.75,20.3125,12.5
fpc_formal_ravdess_d17_f3_A,ravdess,17,3,5,2.0486305660340465,2.056876591288521,18.75,18.75,18.75
fpc_formal_ravdess_d17_f3_A,ravdess,17,3,6,2.042997496390901,2.0573786906282114,21.875,25.0,18.75
fpc_formal_ravdess_d17_f3_A,ravdess,17,3,7,2.0270335745654418,2.0542877800011503,18.75,15.625,12.5
fpc_formal_ravdess_d17_f3_A,ravdess,17,3,8,2.0162097447484593,2.052650615053356,18.75,18.75,12.5
fpc_formal_ravdess_d17_f3_A,ravdess,17,3,9,1.9568106171109518,2.0322648394752747,21.875,17.1875,15.625
fpc_formal_ravdess_d17_f3_A,ravdess,17,3,10,1.8977938506398624,2.006425686455075,20.3125,23.4375,15.625
fpc_formal_ravdess_d17_f3_A,ravdess,17,3,11,1.8206436952735503,1.967799392419689,25.0,23.4375,12.5
fpc_formal_ravdess_d17_f3_A,ravdess,17,3,12,1.739417711811337,1.9198276221774329,31.25,25.0,12.5
fpc_formal_ravdess_d17_f3_A,ravdess,17,3,13,1.6109773610229583,1.8606794727444207,40.625,26.5625,15.625
fpc_formal_ravdess_d17_f3_A,ravdess,17,3,14,1.6114466845702604,1.8633756710029017,34.375,23.4375,21.875
fpc_formal_ravdess_d17_f3_A,ravdess,17,3,15,1.5575927534352916,1.8168668149303655,34.375,28.125,15.625
fpc_formal_ravdess_d17_f4_A,ravdess,17,4,1,2.0689228467908225,2.0759393013519705,26.5625,18.75,25.0
fpc_formal_ravdess_d17_f4_A,ravdess,17,4,2,2.061873845209926,2.0710661560346777,25.0,14.0625,18.75
fpc_formal_ravdess_d17_f4_A,ravdess,17,4,3,2.052519968410509,2.0640625056609574,26.5625,20.3125,31.25
fpc_formal_ravdess_d17_f4_A,ravdess,17,4,4,2.042240932392852,2.057166139586609,25.0,25.0,21.875
fpc_formal_ravdess_d17_f4_A,ravdess,17,4,5,2.029323743034274,2.0510588603099897,20.3125,14.0625,9.375
fpc_formal_ravdess_d17_f4_A,ravdess,17,4,6,2.0159058144958766,2.051240706466529,15.625,14.0625,9.375
fpc_formal_ravdess_d17_f4_A,ravdess,17,4,7,1.999430950836444,2.0568751124031843,17.1875,14.0625,9.375
fpc_formal_ravdess_d17_f4_A,ravdess,17,4,8,1.9373263298588619,2.0167728773630387,28.125,18.75,21.875
fpc_formal_ravdess_d17_f4_A,ravdess,17,4,9,1.9399707435210756,2.030370261540381,21.875,17.1875,15.625
fpc_formal_ravdess_d17_f4_A,ravdess,17,4,10,1.726702693582029,1.862873490494569,32.8125,32.8125,31.25
fpc_formal_ravdess_d17_f4_A,ravdess,17,4,11,1.6768855224967734,1.8710954979314125,32.8125,34.375,28.125
fpc_formal_ravdess_d17_f4_A,ravdess,17,4,12,1.4993887279505094,1.7123493426338359,39.0625,32.8125,28.125
fpc_formal_ravdess_d17_f4_A,ravdess,17,4,13,1.4332431378541954,1.7709100987524837,40.625,34.375,34.375
fpc_formal_ravdess_d17_f4_A,ravdess,17,4,14,1.4752095370668175,1.8040942201479444,39.0625,31.25,28.125
fpc_formal_ravdess_d17_f4_A,ravdess,17,4,15,1.2833685078077974,1.6142504606263355,50.0,39.0625,37.5
fpc_formal_ravdess_d18_f0_A,ravdess,18,0,1,2.068592728320954,2.075627226930255,15.625,9.375,14.583333333333334
fpc_formal_ravdess_d18_f0_A,ravdess,18,0,2,2.0580609052099663,2.068782440605816,20.3125,14.0625,14.583333333333334
fpc_formal_ravdess_d18_f0_A,ravdess,18,0,3,2.0476488634570105,2.0636065520060445,25.0,14.0625,20.833333333333336
fpc_formal_ravdess_d18_f0_A,ravdess,18,0,4,2.0365492022580476,2.055509602084588,23.4375,20.3125,14.583333333333334
fpc_formal_ravdess_d18_f0_A,ravdess,18,0,5,2.0235488027935933,2.0451290927219823,23.4375,15.625,18.75
fpc_formal_ravdess_d18_f0_A,ravdess,18,0,6,2.019168302348778,2.040966518927447,15.625,17.1875,14.583333333333334
fpc_formal_ravdess_d18_f0_A,ravdess,18,0,7,1.9885125484875066,2.0229919834767327,17.1875,14.0625,16.666666666666664
fpc_formal_ravdess_d18_f0_A,ravdess,18,0,8,1.9438220514206932,1.984450326040168,17.1875,21.875,20.833333333333336
fpc_formal_ravdess_d18_f0_A,ravdess,18,0,9,1.8742574032063968,1.926004304947709,26.5625,21.875,22.916666666666664
fpc_formal_ravdess_d18_f0_A,ravdess,18,0,10,1.727675079808858,1.812918367377483,37.5,28.125,27.083333333333332
fpc_formal_ravdess_d18_f0_A,ravdess,18,0,11,1.8221160745763532,1.9454731947280912,25.0,26.5625,25.0
fpc_formal_ravdess_d18_f0_A,ravdess,18,0,12,1.5106056839848883,1.648170029830964,50.0,31.25,29.166666666666668
fpc_formal_ravdess_d18_f0_A,ravdess,18,0,13,1.6380687312576128,1.8520822852999888,40.625,34.375,35.41666666666667
fpc_formal_ravdess_d18_f0_A,ravdess,18,0,14,1.4052488123546185,1.5845719509545084,50.0,45.3125,35.41666666666667
fpc_formal_ravdess_d18_f0_A,ravdess,18,0,15,1.499580099701729,1.8020312616964278,45.3125,34.375,37.5
fpc_formal_ravdess_d18_f1_A,ravdess,18,1,1,2.0783218219292436,2.0819654695865175,15.625,10.9375,12.5
fpc_formal_ravdess_d18_f1_A,ravdess,18,1,2,2.0665471467521996,2.072945187933638,18.75,17.1875,20.833333333333336
fpc_formal_ravdess_d18_f1_A,ravdess,18,1,3,2.0591380929830114,2.06700655091515,26.5625,28.125,27.083333333333332
fpc_formal_ravdess_d18_f1_A,ravdess,18,1,4,2.05109744055777,2.061576002534522,21.875,23.4375,27.083333333333332
fpc_formal_ravdess_d18_f1_A,ravdess,18,1,5,2.03806162468388,2.0520680299658496,25.0,15.625,20.833333333333336
fpc_formal_ravdess_d18_f1_A,ravdess,18,1,6,2.019659539376378,2.0422863618975673,25.0,18.75,18.75
fpc_formal_ravdess_d18_f1_A,ravdess,18,1,7,1.9930820213069016,2.031174496746152,28.125,18.75,16.666666666666664
fpc_formal_ravdess_d18_f1_A,ravdess,18,1,8,1.9381603701542853,1.995761875265344,29.6875,21.875,22.916666666666664
fpc_formal_ravdess_d18_f1_A,ravdess,18,1,9,1.9013524695911885,1.9777592867098939,29.6875,20.3125,22.916666666666664
fpc_formal_ravdess_d18_f1_A,ravdess,18,1,10,1.7763494239393378,1.8762803504067707,29.6875,25.0,27.083333333333332
fpc_formal_ravdess_d18_f1_A,ravdess,18,1,11,1.6605326851954172,1.7814012554946181,32.8125,25.0,35.41666666666667
fpc_formal_ravdess_d18_f1_A,ravdess,18,1,12,1.7009508720265907,1.8248683081595476,32.8125,26.5625,35.41666666666667
fpc_formal_ravdess_d18_f1_A,ravdess,18,1,13,1.578990265781159,1.7538408347531207,40.625,39.0625,37.5
fpc_formal_ravdess_d18_f1_A,ravdess,18,1,14,1.399156412387029,1.61376774844753,53.125,40.625,43.75
fpc_formal_ravdess_d18_f1_A,ravdess,18,1,15,1.7113216400012123,1.9106761190523764,31.25,26.5625,29.166666666666668
fpc_formal_ravdess_d18_f2_A,ravdess,18,2,1,2.0803300177575252,2.0762372546658616,15.625,18.75,15.625
fpc_formal_ravdess_d18_f2_A,ravdess,18,2,2,2.0746697530767575,2.0700286462843236,21.875,17.1875,12.5
fpc_formal_ravdess_d18_f2_A,ravdess,18,2,3,2.066621378704772,2.0610709853516944,18.75,20.3125,15.625
fpc_formal_ravdess_d18_f2_A,ravdess,18,2,4,2.061232147248564,2.053584397617943,17.1875,23.4375,18.75
fpc_formal_ravdess_d18_f2_A,ravdess,18,2,5,2.0518001675206414,2.0408026951664366,20.3125,31.25,21.875
fpc_formal_ravdess_d18_f2_A,ravdess,18,2,6,2.044891105860767,2.031294669166738,23.4375,18.75,18.75
fpc_formal_ravdess_d18_f2_A,ravdess,18,2,7,2.044332980227184,2.0156805185776,15.625,23.4375,21.875
fpc_formal_ravdess_d18_f2_A,ravdess,18,2,8,2.0117727655432516,1.9853104946360878,20.3125,25.0,18.75
fpc_formal_ravdess_d18_f2_A,ravdess,18,2,9,1.971912180920731,1.9467514374818653,26.5625,23.4375,21.875
fpc_formal_ravdess_d18_f2_A,ravdess,18,2,10,1.89047183994573,1.8659838501130985,28.125,28.125,28.125
fpc_formal_ravdess_d18_f2_A,ravdess,18,2,11,1.842588980528051,1.8070824837069563,26.5625,29.6875,28.125
fpc_formal_ravdess_d18_f2_A,ravdess,18,2,12,1.795350007341577,1.7638897548506234,28.125,26.5625,31.25
fpc_formal_ravdess_d18_f2_A,ravdess,18,2,13,1.6877716146596677,1.6596701171283743,26.5625,37.5,46.875
fpc_formal_ravdess_d18_f2_A,ravdess,18,2,14,1.6746239827242264,1.5805447442544884,32.8125,46.875,43.75
fpc_formal_ravdess_d18_f2_A,ravdess,18,2,15,1.580969287066045,1.5513402705228718,32.8125,40.625,50.0
fpc_formal_ravdess_d18_f3_A,ravdess,18,3,1,2.0694802432869417,2.0774950394599827,12.5,12.5,12.5
fpc_formal_ravdess_d18_f3_A,ravdess,18,3,2,2.0634617620369884,2.072928348923486,25.0,14.0625,12.5
fpc_formal_ravdess_d18_f3_A,ravdess,18,3,3,2.057506437534223,2.065885485244119,26.5625,17.1875,12.5
fpc_formal_ravdess_d18_f3_A,ravdess,18,3,4,2.0551754547297154,2.06240938205168,15.625,17.1875,15.625
fpc_formal_ravdess_d18_f3_A,ravdess,18,3,5,2.073106770364923,2.0754503552987775,17.1875,14.0625,21.875
fpc_formal_ravdess_d18_f3_A,ravdess,18,3,6,2.0836979238477644,2.0847744272817677,15.625,15.625,18.75
fpc_formal_ravdess_d18_f3_A,ravdess,18,3,7,2.143586665132277,2.138522408746547,12.5,14.0625,12.5
fpc_formal_ravdess_d18_f3_A,ravdess,18,3,8,2.1254672443183393,2.128209728650852,17.1875,17.1875,18.75
fpc_formal_ravdess_d18_f3_A,ravdess,18,3,9,2.1616104950691852,2.161610232567935,17.1875,17.1875,18.75
fpc_formal_ravdess_d18_f3_A,ravdess,18,3,10,2.267668309778082,2.2434316365742726,14.0625,14.0625,12.5
fpc_formal_ravdess_d18_f3_A,ravdess,18,3,11,2.1539333903610167,2.1560909940122945,20.3125,15.625,15.625
fpc_formal_ravdess_d18_f3_A,ravdess,18,3,12,2.314857384107318,2.295482581192763,17.1875,17.1875,21.875
fpc_formal_ravdess_d18_f3_A,ravdess,18,3,13,2.4570761472032148,2.4175848837051066,15.625,10.9375,18.75
fpc_formal_ravdess_d18_f3_A,ravdess,18,3,14,2.1521489527749385,2.1436303954150278,23.4375,21.875,21.875
fpc_formal_ravdess_d18_f3_A,ravdess,18,3,15,2.363402283030129,2.3120210804216,20.3125,12.5,28.125
fpc_formal_ravdess_d18_f4_A,ravdess,18,4,1,2.078316590691195,2.0775545354312257,10.9375,7.8125,6.25
fpc_formal_ravdess_d18_f4_A,ravdess,18,4,2,2.0695458871259986,2.066777516531478,23.4375,23.4375,28.125
fpc_formal_ravdess_d18_f4_A,ravdess,18,4,3,2.064075405794355,2.0601931534135156,21.875,21.875,21.875
fpc_formal_ravdess_d18_f4_A,ravdess,18,4,4,2.057336097877553,2.054508268179453,20.3125,14.0625,15.625
fpc_formal_ravdess_d18_f4_A,ravdess,18,4,5,2.0473946265824683,2.0475836396802753,20.3125,14.0625,15.625
fpc_formal_ravdess_d18_f4_A,ravdess,18,4,6,2.0380620489949726,2.0438744425442597,18.75,12.5,15.625
fpc_formal_ravdess_d18_f4_A,ravdess,18,4,7,2.0224656643113956,2.0389440984907075,21.875,15.625,15.625
fpc_formal_ravdess_d18_f4_A,ravdess,18,4,8,1.9939050413954311,2.0100814746630276,28.125,18.75,21.875
fpc_formal_ravdess_d18_f4_A,ravdess,18,4,9,1.950136764934942,1.9734288852995872,26.5625,20.3125,21.875
fpc_formal_ravdess_d18_f4_A,ravdess,18,4,10,1.9382142647409761,1.9967781545110652,23.4375,18.75,18.75
fpc_formal_ravdess_d18_f4_A,ravdess,18,4,11,1.8446292335136976,1.8554475881493748,31.25,26.5625,21.875
fpc_formal_ravdess_d18_f4_A,ravdess,18,4,12,1.7584062755664982,1.8236674504560688,37.5,28.125,28.125
fpc_formal_ravdess_d18_f4_A,ravdess,18,4,13,1.7616638909826081,1.958322953540995,29.6875,20.3125,21.875
fpc_formal_ravdess_d18_f4_A,ravdess,18,4,14,1.6952013676303483,1.6526816829224273,37.5,35.9375,37.5
fpc_formal_ravdess_d18_f4_A,ravdess,18,4,15,1.6093542467698614,1.7996926511257314,35.9375,31.25,31.25
fpc_formal_ravdess_d19_f0_A,ravdess,19,0,1,2.070452726715079,2.0771077873874226,17.1875,10.9375,20.833333333333336
fpc_formal_ravdess_d19_f0_A,ravdess,19,0,2,2.060887337505446,2.0742312018193014,17.1875,15.625,20.833333333333336
fpc_formal_ravdess_d19_f0_A,ravdess,19,0,3,2.0504887589103102,2.0728388054152784,21.875,17.1875,14.583333333333334
fpc_formal_ravdess_d19_f0_A,ravdess,19,0,4,2.0383931242786586,2.0764141764772504,20.3125,14.0625,14.583333333333334
fpc_formal_ravdess_d19_f0_A,ravdess,19,0,5,2.0278404251121773,2.0859958852656355,17.1875,12.5,12.5
fpc_formal_ravdess_d19_f0_A,ravdess,19,0,6,2.0258565556852908,2.1136344145044923,17.1875,12.5,14.583333333333334
fpc_formal_ravdess_d19_f0_A,ravdess,19,0,7,2.0143400290595235,2.1608274127234335,21.875,12.5,14.583333333333334
fpc_formal_ravdess_d19_f0_A,ravdess,19,0,8,2.040933738456853,2.2745446944109595,21.875,14.0625,14.583333333333334
fpc_formal_ravdess_d19_f0_A,ravdess,19,0,9,2.042443346185412,2.375203338562978,23.4375,14.0625,14.583333333333334
fpc_formal_ravdess_d19_f0_A,ravdess,19,0,10,2.0901849306029363,2.4844122592950106,21.875,15.625,14.583333333333334
fpc_formal_ravdess_d19_f0_A,ravdess,19,0,11,2.0926455412043046,2.6008161073173266,26.5625,14.0625,18.75
fpc_formal_ravdess_d19_f0_A,ravdess,19,0,12,1.9847842225657526,2.5478654803054672,31.25,15.625,22.916666666666664
fpc_formal_ravdess_d19_f0_A,ravdess,19,0,13,2.0386459334756215,2.6276966648347484,28.125,17.1875,18.75
fpc_formal_ravdess_d19_f0_A,ravdess,19,0,14,1.9263809834653065,2.4931817831561887,32.8125,17.1875,22.916666666666664
fpc_formal_ravdess_d19_f0_A,ravdess,19,0,15,1.8641669889974604,2.4067338075745814,35.9375,18.75,27.083333333333332
fpc_formal_ravdess_d19_f1_A,ravdess,19,1,1,2.067375469752795,2.0727059747282612,10.9375,10.9375,14.583333333333334
fpc_formal_ravdess_d19_f1_A,ravdess,19,1,2,2.0582880492598052,2.065529257947381,12.5,14.0625,14.583333333333334
fpc_formal_ravdess_d19_f1_A,ravdess,19,1,3,2.0478572246129074,2.0560668917097527,18.75,17.1875,20.833333333333336
fpc_formal_ravdess_d19_f1_A,ravdess,19,1,4,2.0377241711014857,2.048876783082866,18.75,12.5,18.75
fpc_formal_ravdess_d19_f1_A,ravdess,19,1,5,2.029666605042313,2.0501357121459405,20.3125,15.625,16.666666666666664
fpc_formal_ravdess_d19_f1_A,ravdess,19,1,6,2.012871933071179,2.018928366373573,26.5625,17.1875,22.916666666666664
fpc_formal_ravdess_d19_f1_A,ravdess,19,1,7,1.9883279394354727,2.0168120245171837,29.6875,18.75,25.0
fpc_formal_ravdess_d19_f1_A,ravdess,19,1,8,1.9483209063086468,1.9952743820748964,28.125,17.1875,22.916666666666664
fpc_formal_ravdess_d19_f1_A,ravdess,19,1,9,1.8801524899687814,1.9333993939744638,35.9375,26.5625,27.083333333333332
fpc_formal_ravdess_d19_f1_A,ravdess,19,1,10,1.7982985110701173,1.8771742682420762,40.625,35.9375,31.25
fpc_formal_ravdess_d19_f1_A,ravdess,19,1,11,1.7496836052775802,1.8519797203938795,34.375,34.375,31.25
fpc_formal_ravdess_d19_f1_A,ravdess,19,1,12,1.6641331087272584,1.7817468057372277,40.625,32.8125,39.58333333333333
fpc_formal_ravdess_d19_f1_A,ravdess,19,1,13,1.6861982111039282,1.7906141528241881,35.9375,34.375,35.41666666666667
fpc_formal_ravdess_d19_f1_A,ravdess,19,1,14,1.6734231948010985,1.8119554823809854,32.8125,31.25,29.166666666666668
fpc_formal_ravdess_d19_f1_A,ravdess,19,1,15,1.5489538402220453,1.729878382696745,40.625,35.9375,39.58333333333333
fpc_formal_ravdess_d19_f2_A,ravdess,19,2,1,2.070529313523874,2.0738506251816275,17.1875,18.75,18.75
fpc_formal_ravdess_d19_f2_A,ravdess,19,2,2,2.0616936083511943,2.07016836795267,18.75,20.3125,18.75
fpc_formal_ravdess_d19_f2_A,ravdess,19,2,3,2.0539626741875074,2.0675055826169872,21.875,15.625,15.625
fpc_formal_ravdess_d19_f2_A,ravdess,19,2,4,2.0464003732188356,2.064599582628622,25.0,18.75,18.75
fpc_formal_ravdess_d19_f2_A,ravdess,19,2,5,2.0386489458964654,2.0614500567189102,25.0,18.75,28.125
fpc_formal_ravdess_d19_f2_A,ravdess,19,2,6,2.026086972597391,2.053726887972684,25.0,17.1875,21.875
fpc_formal_ravdess_d19_f2_A,ravdess,19,2,7,2.0186508018119182,2.0482645149715077,17.1875,21.875,25.0
fpc_formal_ravdess_d19_f2_A,ravdess,19,2,8,2.00251489252992,2.044464867972083,18.75,18.75,21.875
fpc_formal_ravdess_d19_f2_A,ravdess,19,2,9,1.950145504007967,2.0200786048277353,25.0,25.0,25.0
fpc_formal_ravdess_d19_f2_A,ravdess,19,2,10,1.942655493984026,2.0066645771173786,23.4375,28.125,18.75
fpc_formal_ravdess_d19_f2_A,ravdess,19,2,11,1.8581404896286164,1.9477954755595859,31.25,28.125,25.0
fpc_formal_ravdess_d19_f2_A,ravdess,19,2,12,1.8086686520949116,1.8935789109378027,29.6875,32.8125,31.25
fpc_formal_ravdess_d19_f2_A,ravdess,19,2,13,1.6878947631449817,1.8141849722527883,32.8125,40.625,37.5
fpc_formal_ravdess_d19_f2_A,ravdess,19,2,14,1.6915661121892895,1.7382358632858559,34.375,40.625,37.5
fpc_formal_ravdess_d19_f2_A,ravdess,19,2,15,1.4968639673191229,1.7170395398170744,42.1875,35.9375,40.625
fpc_formal_ravdess_d19_f3_A,ravdess,19,3,1,2.0758514616363732,2.0796483648837683,12.5,15.625,15.625
fpc_formal_ravdess_d19_f3_A,ravdess,19,3,2,2.0644225338733078,2.069260073093105,14.0625,23.4375,21.875
fpc_formal_ravdess_d19_f3_A,ravdess,19,3,3,2.0551480732702556,2.0612558090205364,20.3125,17.1875,25.0
fpc_formal_ravdess_d19_f3_A,ravdess,19,3,4,2.0465337501151266,2.058185789184523,23.4375,20.3125,15.625
fpc_formal_ravdess_d19_f3_A,ravdess,19,3,5,2.037151617236704,2.0565828278514755,20.3125,15.625,12.5
fpc_formal_ravdess_d19_f3_A,ravdess,19,3,6,2.027379311219163,2.07224712493998,18.75,12.5,15.625
fpc_formal_ravdess_d19_f3_A,ravdess,19,3,7,2.0038758081429178,2.0586925872464574,20.3125,14.0625,18.75
fpc_formal_ravdess_d19_f3_A,ravdess,19,3,8,1.9714713142634854,2.0552899204365755,25.0,14.0625,18.75
fpc_formal_ravdess_d19_f3_A,ravdess,19,3,9,1.9333273461908802,2.0499493565770686,25.0,17.1875,15.625
fpc_formal_ravdess_d19_f3_A,ravdess,19,3,10,1.846207972756582,1.9815418722738152,29.6875,21.875,21.875
fpc_formal_ravdess_d19_f3_A,ravdess,19,3,11,1.8306065998084586,2.0061474121377554,34.375,21.875,25.0
fpc_formal_ravdess_d19_f3_A,ravdess,19,3,12,1.6543493242433844,1.8677973918524462,37.5,29.6875,40.625
fpc_formal_ravdess_d19_f3_A,ravdess,19,3,13,1.7592026254319069,1.999514196644014,37.5,32.8125,28.125
fpc_formal_ravdess_d19_f3_A,ravdess,19,3,14,1.5145024713247075,1.7825957743349221,43.75,35.9375,43.75
fpc_formal_ravdess_d19_f3_A,ravdess,19,3,15,2.0496408738767586,2.236400003489477,32.8125,25.0,25.0
fpc_formal_ravdess_d19_f4_A,ravdess,19,4,1,2.0749152457561832,2.078802956703182,14.0625,12.5,12.5
fpc_formal_ravdess_d19_f4_A,ravdess,19,4,2,2.0675007804973253,2.0707496471925113,14.0625,10.9375,9.375
fpc_formal_ravdess_d19_f4_A,ravdess,19,4,3,2.060974577218305,2.063852562465308,17.1875,17.1875,15.625
fpc_formal_ravdess_d19_f4_A,ravdess,19,4,4,2.0546797392733462,2.058032329962933,20.3125,23.4375,18.75
fpc_formal_ravdess_d19_f4_A,ravdess,19,4,5,2.044592496541038,2.0479024228832543,21.875,20.3125,12.5
fpc_formal_ravdess_d19_f4_A,ravdess,19,4,6,2.033978930353804,2.036524090323315,20.3125,21.875,15.625
fpc_formal_ravdess_d19_f4_A,ravdess,19,4,7,2.021862034216146,2.0302821117180843,21.875,21.875,15.625
fpc_formal_ravdess_d19_f4_A,ravdess,19,4,8,2.002596459754285,2.012926709574136,20.3125,21.875,15.625
fpc_formal_ravdess_d19_f4_A,ravdess,19,4,9,1.9766254006032997,1.9905654357179876,20.3125,20.3125,21.875
fpc_formal_ravdess_d19_f4_A,ravdess,19,4,10,1.931894099561837,1.9590342527589104,23.4375,28.125,25.0
fpc_formal_ravdess_d19_f4_A,ravdess,19,4,11,1.8556487444991139,1.8755612457018462,34.375,32.8125,31.25
fpc_formal_ravdess_d19_f4_A,ravdess,19,4,12,1.7833055723700049,1.805052411215478,34.375,35.9375,37.5
fpc_formal_ravdess_d19_f4_A,ravdess,19,4,13,1.7465270427914252,1.8327065634397286,37.5,37.5,37.5
fpc_formal_ravdess_d19_f4_A,ravdess,19,4,14,1.641802572864004,1.7435470791923142,40.625,39.0625,34.375
fpc_formal_ravdess_d19_f4_A,ravdess,19,4,15,1.6508460529977644,1.7100767057318371,37.5,40.625,31.25
fpc_formal_ravdess_d20_f0_A,ravdess,20,0,1,2.0723720345733616,2.0741710693018267,15.625,12.5,12.5
fpc_formal_ravdess_d20_f0_A,ravdess,20,0,2,2.0655435024603284,2.0673937768686894,17.1875,23.4375,25.0
fpc_formal_ravdess_d20_f0_A,ravdess,20,0,3,2.0564435894853483,2.0608674106276146,15.625,18.75,16.666666666666664
fpc_formal_ravdess_d20_f0_A,ravdess,20,0,4,2.0456702991243287,2.0558994974146447,20.3125,17.1875,18.75
fpc_formal_ravdess_d20_f0_A,ravdess,20,0,5,2.027841976317595,2.0546808221187556,25.0,12.5,18.75
fpc_formal_ravdess_d20_f0_A,ravdess,20,0,6,2.0042458241719574,2.0499693411582482,21.875,17.1875,16.666666666666664
fpc_formal_ravdess_d20_f0_A,ravdess,20,0,7,1.982296748167447,2.0278830289968743,21.875,20.3125,20.833333333333336
fpc_formal_ravdess_d20_f0_A,ravdess,20,0,8,1.9411449454446807,2.038073576426892,25.0,15.625,18.75
fpc_formal_ravdess_d20_f0_A,ravdess,20,0,9,1.8832397179194524,1.9943148308792273,23.4375,18.75,22.916666666666664
fpc_formal_ravdess_d20_f0_A,ravdess,20,0,10,1.806212081750699,1.9689792821251442,31.25,20.3125,25.0
fpc_formal_ravdess_d20_f0_A,ravdess,20,0,11,1.7143708047528938,1.8824277908781908,42.1875,21.875,31.25
fpc_formal_ravdess_d20_f0_A,ravdess,20,0,12,1.6390190042394248,1.82383097477125,39.0625,26.5625,37.5
fpc_formal_ravdess_d20_f0_A,ravdess,20,0,13,1.6429450328529014,1.8239384519288642,39.0625,25.0,29.166666666666668
fpc_formal_ravdess_d20_f0_A,ravdess,20,0,14,1.5727786857737835,1.8154430745598518,37.5,28.125,41.66666666666667
fpc_formal_ravdess_d20_f0_A,ravdess,20,0,15,1.4206132874771438,1.6830478363955415,46.875,31.25,52.083333333333336
fpc_formal_ravdess_d20_f1_A,ravdess,20,1,1,2.0755233325542948,2.0800089405671214,14.0625,17.1875,12.5
fpc_formal_ravdess_d20_f1_A,ravdess,20,1,2,2.0674760372719776,2.071660670454846,12.5,12.5,12.5
fpc_formal_ravdess_d20_f1_A,ravdess,20,1,3,2.058904334246728,2.063149959046198,17.1875,14.0625,14.583333333333334
fpc_formal_ravdess_d20_f1_A,ravdess,20,1,4,2.053856913797606,2.0556609362030884,17.1875,15.625,10.416666666666668
fpc_formal_ravdess_d20_f1_A,ravdess,20,1,5,2.04725666541125,2.0472786971479877,15.625,17.1875,12.5
fpc_formal_ravdess_d20_f1_A,ravdess,20,1,6,2.0302907541774626,2.02886402373744,18.75,21.875,14.583333333333334
fpc_formal_ravdess_d20_f1_A,ravdess,20,1,7,2.0110275716555375,2.0065788534500406,21.875,25.0,22.916666666666664
fpc_formal_ravdess_d20_f1_A,ravdess,20,1,8,1.9553979187643176,1.960049079509279,26.5625,25.0,20.833333333333336
fpc_formal_ravdess_d20_f1_A,ravdess,20,1,9,1.9096720455141463,1.9046042891461137,28.125,28.125,29.166666666666668
fpc_formal_ravdess_d20_f1_A,ravdess,20,1,10,1.805726268552676,1.844427913111097,31.25,29.6875,33.33333333333333
fpc_formal_ravdess_d20_f1_A,ravdess,20,1,11,1.7634102011984811,1.7668944293157662,31.25,29.6875,25.0
fpc_formal_ravdess_d20_f1_A,ravdess,20,1,12,1.668301599188959,1.7187570910446772,39.0625,32.8125,31.25
fpc_formal_ravdess_d20_f1_A,ravdess,20,1,13,1.688692921115424,1.7693202069391434,34.375,35.9375,29.166666666666668
fpc_formal_ravdess_d20_f1_A,ravdess,20,1,14,1.4490172740164238,1.5738925971320112,45.3125,32.8125,37.5
fpc_formal_ravdess_d20_f1_A,ravdess,20,1,15,1.6050132450210508,1.7679443910122088,35.9375,37.5,33.33333333333333
fpc_formal_ravdess_d20_f2_A,ravdess,20,2,1,2.077030356813081,2.0783995578644032,12.5,14.0625,12.5
fpc_formal_ravdess_d20_f2_A,ravdess,20,2,2,2.0696285024061316,2.0688745673748974,18.75,20.3125,25.0
fpc_formal_ravdess_d20_f2_A,ravdess,20,2,3,2.0641002505409096,2.0600811856008123,14.0625,15.625,18.75
fpc_formal_ravdess_d20_f2_A,ravdess,20,2,4,2.06802878716313,2.0635587817607286,15.625,15.625,15.625
fpc_formal_ravdess_d20_f2_A,ravdess,20,2,5,2.0820897080082608,2.074476386801703,12.5,14.0625,9.375
fpc_formal_ravdess_d20_f2_A,ravdess,20,2,6,2.0962571379579584,2.084923073068514,15.625,14.0625,9.375
fpc_formal_ravdess_d20_f2_A,ravdess,20,2,7,2.1048229214809577,2.0913149584966853,15.625,14.0625,12.5
fpc_formal_ravdess_d20_f2_A,ravdess,20,2,8,2.1948670693925676,2.172188580562526,14.0625,12.5,12.5
fpc_formal_ravdess_d20_f2_A,ravdess,20,2,9,2.236531793622848,2.210763439596186,14.0625,12.5,12.5
fpc_formal_ravdess_d20_f2_A,ravdess,20,2,10,2.0147467880339636,2.0129024742094015,20.3125,18.75,28.125
fpc_formal_ravdess_d20_f2_A,ravdess,20,2,11,2.074866124616489,2.0600276469396146,20.3125,14.0625,31.25
fpc_formal_ravdess_d20_f2_A,ravdess,20,2,12,2.074103626914325,2.062695247450093,20.3125,10.9375,15.625
fpc_formal_ravdess_d20_f2_A,ravdess,20,2,13,1.923383347590332,1.9315207182171004,23.4375,25.0,18.75
fpc_formal_ravdess_d20_f2_A,ravdess,20,2,14,2.1438791220115303,2.1034382152166295,18.75,18.75,12.5
fpc_formal_ravdess_d20_f2_A,ravdess,20,2,15,1.8038085748808856,1.8357246055996161,32.8125,25.0,21.875
fpc_formal_ravdess_d20_f3_A,ravdess,20,3,1,2.0799270016693656,2.0727955966947524,10.9375,14.0625,12.5
fpc_formal_ravdess_d20_f3_A,ravdess,20,3,2,2.0705262044133095,2.064154429391763,18.75,18.75,15.625
fpc_formal_ravdess_d20_f3_A,ravdess,20,3,3,2.0619020224856555,2.055551955060642,20.3125,23.4375,15.625
fpc_formal_ravdess_d20_f3_A,ravdess,20,3,4,2.0539877247900025,2.0492873212074194,17.1875,28.125,21.875
fpc_formal_ravdess_d20_f3_A,ravdess,20,3,5,2.0479102221684364,2.041930430634218,17.1875,18.75,15.625
fpc_formal_ravdess_d20_f3_A,ravdess,20,3,6,2.044383669741408,2.032352549133315,17.1875,18.75,18.75
fpc_formal_ravdess_d20_f3_A,ravdess,20,3,7,2.052767267851705,2.031621365571724,15.625,17.1875,21.875
fpc_formal_ravdess_d20_f3_A,ravdess,20,3,8,2.0322589270525526,2.010299123647875,17.1875,18.75,31.25
fpc_formal_ravdess_d20_f3_A,ravdess,20,3,9,1.9962901787039886,1.96803561354784,21.875,23.4375,28.125
fpc_formal_ravdess_d20_f3_A,ravdess,20,3,10,1.9856184567940889,1.9499704941246288,31.25,31.25,28.125
fpc_formal_ravdess_d20_f3_A,ravdess,20,3,11,1.8964915005310943,1.8563350769737568,35.9375,35.9375,31.25
fpc_formal_ravdess_d20_f3_A,ravdess,20,3,12,1.8875918657042239,1.8155277458647745,35.9375,35.9375,40.625
fpc_formal_ravdess_d20_f3_A,ravdess,20,3,13,1.744725070889542,1.7116676303848068,32.8125,40.625,37.5
fpc_formal_ravdess_d20_f3_A,ravdess,20,3,14,1.7055059053901083,1.6394278604356982,37.5,46.875,40.625
fpc_formal_ravdess_d20_f3_A,ravdess,20,3,15,1.6075808196099384,1.5615187555384153,43.75,46.875,34.375
fpc_formal_ravdess_d20_f4_A,ravdess,20,4,1,2.072843346494254,2.075096206346892,15.625,12.5,12.5
fpc_formal_ravdess_d20_f4_A,ravdess,20,4,2,2.0656317533716306,2.0658900738504755,14.0625,15.625,18.75
fpc_formal_ravdess_d20_f4_A,ravdess,20,4,3,2.0575019200945217,2.0556759004584206,21.875,21.875,25.0
fpc_formal_ravdess_d20_f4_A,ravdess,20,4,4,2.050119639461343,2.0458236115880406,17.1875,20.3125,25.0
fpc_formal_ravdess_d20_f4_A,ravdess,20,4,5,2.040111336674247,2.0287601675986187,18.75,23.4375,25.0
fpc_formal_ravdess_d20_f4_A,ravdess,20,4,6,2.0372185925728803,2.0139777054216474,14.0625,14.0625,9.375
fpc_formal_ravdess_d20_f4_A,ravdess,20,4,7,2.0143767322837123,1.9645835932753482,15.625,23.4375,18.75
fpc_formal_ravdess_d20_f4_A,ravdess,20,4,8,2.0098533083611616,1.928016197044867,18.75,20.3125,28.125
fpc_formal_ravdess_d20_f4_A,ravdess,20,4,9,1.9459659775783564,1.8402085161023265,17.1875,26.5625,21.875
fpc_formal_ravdess_d20_f4_A,ravdess,20,4,10,1.9300335781383988,1.7825829214986735,18.75,26.5625,31.25
fpc_formal_ravdess_d20_f4_A,ravdess,20,4,11,1.8658543483682943,1.6764721521419328,28.125,28.125,34.375
fpc_formal_ravdess_d20_f4_A,ravdess,20,4,12,1.8336417496242259,1.624911235562836,26.5625,32.8125,25.0
fpc_formal_ravdess_d20_f4_A,ravdess,20,4,13,1.814698165815201,1.5172941907645945,31.25,34.375,28.125
fpc_formal_ravdess_d20_f4_A,ravdess,20,4,14,1.9885028197635402,1.6897803632063102,28.125,32.8125,18.75
fpc_formal_ravdess_d20_f4_A,ravdess,20,4,15,1.7365351516284373,1.465881974862139,32.8125,39.0625,25.0
fpc_formal_ravdess_d21_f0_A,ravdess,21,0,1,2.0771565854246403,2.0766603976186526,14.0625,14.0625,14.583333333333334
fpc_formal_ravdess_d21_f0_A,ravdess,21,0,2,2.0729292342961685,2.0680610856732846,15.625,18.75,18.75
fpc_formal_ravdess_d21_f0_A,ravdess,21,0,3,2.067423143756539,2.0572074030333596,12.5,20.3125,12.5
fpc_formal_ravdess_d21_f0_A,ravdess,21,0,4,2.062835809004057,2.04539549005067,15.625,17.1875,12.5
fpc_formal_ravdess_d21_f0_A,ravdess,21,0,5,2.0580809587950224,2.0373125175628006,15.625,17.1875,10.416666666666668
fpc_formal_ravdess_d21_f0_A,ravdess,21,0,6,2.062284581385979,2.035989528468448,15.625,15.625,10.416666666666668
fpc_formal_ravdess_d21_f0_A,ravdess,21,0,7,2.0508552107181264,2.005246544851185,18.75,18.75,16.666666666666664
fpc_formal_ravdess_d21_f0_A,ravdess,21,0,8,2.0385380194517815,1.981003111706217,23.4375,23.4375,25.0
fpc_formal_ravdess_d21_f0_A,ravdess,21,0,9,2.03518783386029,2.006954218694187,17.1875,21.875,10.416666666666668
fpc_formal_ravdess_d21_f0_A,ravdess,21,0,10,1.96157810498703,1.8777050630751813,21.875,28.125,27.083333333333332
fpc_formal_ravdess_d21_f0_A,ravdess,21,0,11,1.986900885340381,2.0451553850286293,14.0625,21.875,14.583333333333334
fpc_formal_ravdess_d21_f0_A,ravdess,21,0,12,1.8658620032499351,1.8908371515974467,28.125,26.5625,25.0
fpc_formal_ravdess_d21_f0_A,ravdess,21,0,13,1.808098829768561,1.8077860202685039,32.8125,31.25,33.33333333333333
fpc_formal_ravdess_d21_f0_A,ravdess,21,0,14,1.8566806324268834,2.0481942070514583,25.0,26.5625,16.666666666666664
fpc_formal_ravdess_d21_f0_A,ravdess,21,0,15,1.6718209736392868,1.6872597722102316,39.0625,32.8125,35.41666666666667
fpc_formal_ravdess_d21_f1_A,ravdess,21,1,1,2.0782776139725145,2.0814662576913525,17.1875,18.75,18.75
fpc_formal_ravdess_d21_f1_A,ravdess,21,1,2,2.067658853512265,2.072475013083806,18.75,18.75,16.666666666666664
fpc_formal_ravdess_d21_f1_A,ravdess,21,1,3,2.058186729964042,2.0641554576545675,21.875,20.3125,25.0
fpc_formal_ravdess_d21_f1_A,ravdess,21,1,4,2.0485888229594136,2.0564822755531935,26.5625,29.6875,27.083333333333332
fpc_formal_ravdess_d21_f1_A,ravdess,21,1,5,2.0415463118947073,2.048282089046725,21.875,25.0,20.833333333333336
fpc_formal_ravdess_d21_f1_A,ravdess,21,1,6,2.0229264037126216,2.0359173133579738,28.125,25.0,22.916666666666664
fpc_formal_ravdess_d21_f1_A,ravdess,21,1,7,2.0027063533015146,2.017296902197849,26.5625,26.5625,18.75
fpc_formal_ravdess_d21_f1_A,ravdess,21,1,8,1.9628917347612194,1.9868091740330351,29.6875,29.6875,20.833333333333336
fpc_formal_ravdess_d21_f1_A,ravdess,21,1,9,1.9225982068398597,1.9373994250754236,25.0,26.5625,22.916666666666664
fpc_formal_ravdess_d21_f1_A,ravdess,21,1,10,1.7411153287113457,1.7984735487479289,31.25,25.0,33.33333333333333
fpc_formal_ravdess_d21_f1_A,ravdess,21,1,11,1.7002625944091427,1.776163365988098,26.5625,31.25,31.25
fpc_formal_ravdess_d21_f1_A,ravdess,21,1,12,1.514660731498689,1.6577951812326763,46.875,35.9375,37.5
fpc_formal_ravdess_d21_f1_A,ravdess,21,1,13,1.5403446743795348,1.7637758800390797,34.375,32.8125,33.33333333333333
fpc_formal_ravdess_d21_f1_A,ravdess,21,1,14,1.3562551176505866,1.6686848624656667,46.875,35.9375,33.33333333333333
fpc_formal_ravdess_d21_f1_A,ravdess,21,1,15,1.4377514547228762,1.7364338898634604,37.5,32.8125,31.25
fpc_formal_ravdess_d21_f2_A,ravdess,21,2,1,2.077170117690467,2.0772041570164728,14.0625,12.5,12.5
fpc_formal_ravdess_d21_f2_A,ravdess,21,2,2,2.072317756990616,2.071919032238492,9.375,12.5,12.5
fpc_formal_ravdess_d21_f2_A,ravdess,21,2,3,2.066579795482882,2.0662777442151286,25.0,14.0625,21.875
fpc_formal_ravdess_d21_f2_A,ravdess,21,2,4,2.0621681747482774,2.062640251214778,18.75,20.3125,15.625
fpc_formal_ravdess_d21_f2_A,ravdess,21,2,5,2.057049599963004,2.058661486255036,18.75,20.3125,18.75
fpc_formal_ravdess_d21_f2_A,ravdess,21,2,6,2.0555635127081207,2.0596966915053665,20.3125,20.3125,18.75
fpc_formal_ravdess_d21_f2_A,ravdess,21,2,7,2.061588148132431,2.0701316211243546,23.4375,26.5625,28.125
fpc_formal_ravdess_d21_f2_A,ravdess,21,2,8,2.060462598882881,2.069741251175622,23.4375,28.125,28.125
fpc_formal_ravdess_d21_f2_A,ravdess,21,2,9,2.0413184112644336,2.0518741625240238,23.4375,20.3125,25.0
fpc_formal_ravdess_d21_f2_A,ravdess,21,2,10,2.087618511890015,2.126548765912292,18.75,17.1875,15.625
fpc_formal_ravdess_d21_f2_A,ravdess,21,2,11,1.973431678161765,1.9915573444367172,28.125,28.125,31.25
fpc_formal_ravdess_d21_f2_A,ravdess,21,2,12,1.9842655868783736,2.041523091516057,28.125,25.0,25.0
fpc_formal_ravdess_d21_f2_A,ravdess,21,2,13,1.8448426810134666,1.920349966388367,31.25,31.25,25.0
fpc_formal_ravdess_d21_f2_A,ravdess,21,2,14,1.722532563525733,1.8179161382178675,34.375,35.9375,43.75
fpc_formal_ravdess_d21_f2_A,ravdess,21,2,15,1.7251510648822688,1.9080407276577551,35.9375,32.8125,37.5
fpc_formal_ravdess_d21_f3_A,ravdess,21,3,1,2.0711040234482025,2.0695003080116114,17.1875,15.625,21.875
fpc_formal_ravdess_d21_f3_A,ravdess,21,3,2,2.0647250102386163,2.0636333570830283,21.875,14.0625,25.0
fpc_formal_ravdess_d21_f3_A,ravdess,21,3,3,2.0587818497298667,2.057206925027393,17.1875,15.625,28.125
fpc_formal_ravdess_d21_f3_A,ravdess,21,3,4,2.0538400568183226,2.050630043749184,15.625,18.75,28.125
fpc_formal_ravdess_d21_f3_A,ravdess,21,3,5,2.0493299122144224,2.043346621529708,15.625,20.3125,21.875
fpc_formal_ravdess_d21_f3_A,ravdess,21,3,6,2.0368880365945254,2.028002228257419,18.75,21.875,25.0
fpc_formal_ravdess_d21_f3_A,ravdess,21,3,7,2.024651383230836,2.014600863843809,23.4375,25.0,28.125
fpc_formal_ravdess_d21_f3_A,ravdess,21,3,8,1.9863224856070532,1.974326064709456,28.125,29.6875,31.25
fpc_formal_ravdess_d21_f3_A,ravdess,21,3,9,1.9263059045408644,1.9042668444750146,28.125,32.8125,34.375
fpc_formal_ravdess_d21_f3_A,ravdess,21,3,10,1.8746711942700718,1.8545178312140012,28.125,31.25,25.0
fpc_formal_ravdess_d21_f3_A,ravdess,21,3,11,1.788557342705543,1.733221611952715,29.6875,32.8125,28.125
fpc_formal_ravdess_d21_f3_A,ravdess,21,3,12,1.6326723788480715,1.653995390864592,37.5,29.6875,37.5
fpc_formal_ravdess_d21_f3_A,ravdess,21,3,13,1.6162325346081188,1.585106794809232,34.375,32.8125,34.375
fpc_formal_ravdess_d21_f3_A,ravdess,21,3,14,1.4807633111300498,1.4794328929881186,46.875,43.75,50.0
fpc_formal_ravdess_d21_f3_A,ravdess,21,3,15,1.5282591874309448,1.6272362637151299,39.0625,35.9375,40.625
fpc_formal_ravdess_d21_f4_A,ravdess,21,4,1,2.0734276633171245,2.0776090762751798,15.625,12.5,12.5
fpc_formal_ravdess_d21_f4_A,ravdess,21,4,2,2.0630385828281512,2.070434091949247,20.3125,10.9375,25.0
fpc_formal_ravdess_d21_f4_A,ravdess,21,4,3,2.054308782269083,2.063897431817504,15.625,21.875,21.875
fpc_formal_ravdess_d21_f4_A,ravdess,21,4,4,2.044316141456508,2.0601880390581497,17.1875,21.875,12.5
fpc_formal_ravdess_d21_f4_A,ravdess,21,4,5,2.033379066417351,2.0576133499668865,25.0,20.3125,25.0
fpc_formal_ravdess_d21_f4_A,ravdess,21,4,6,2.0157142681929474,2.054648837429076,28.125,18.75,25.0
fpc_formal_ravdess_d21_f4_A,ravdess,21,4,7,1.9844029956190292,2.0308864090710723,25.0,17.1875,25.0
fpc_formal_ravdess_d21_f4_A,ravdess,21,4,8,1.9153251814468928,1.9946858517288617,32.8125,21.875,28.125
fpc_formal_ravdess_d21_f4_A,ravdess,21,4,9,1.8575863325163486,1.9418609987582243,34.375,21.875,21.875
fpc_formal_ravdess_d21_f4_A,ravdess,21,4,10,1.7918453145033535,1.9356012175624764,35.9375,21.875,18.75
fpc_formal_ravdess_d21_f4_A,ravdess,21,4,11,1.7412917392267393,1.8840763541562562,42.1875,29.6875,21.875
fpc_formal_ravdess_d21_f4_A,ravdess,21,4,12,1.7314589094411446,1.9220754414289818,37.5,29.6875,21.875
fpc_formal_ravdess_d21_f4_A,ravdess,21,4,13,1.629812475028111,1.8490322898217193,42.1875,20.3125,25.0
fpc_formal_ravdess_d21_f4_A,ravdess,21,4,14,1.6707471726743999,1.9370962689686393,34.375,31.25,18.75
fpc_formal_ravdess_d21_f4_A,ravdess,21,4,15,1.6612659008439636,1.9190814405105612,34.375,25.0,18.75
fpc_formal_ravdess_d22_f0_A,ravdess,22,0,1,2.0751948041196475,2.0741389667381718,14.0625,14.0625,14.583333333333334
fpc_formal_ravdess_d22_f0_A,ravdess,22,0,2,2.065802638322299,2.06336003064008,26.5625,18.75,12.5
fpc_formal_ravdess_d22_f0_A,ravdess,22,0,3,2.058169104236725,2.0546936429004727,23.4375,28.125,25.0
fpc_formal_ravdess_d22_f0_A,ravdess,22,0,4,2.0550705686250383,2.047975911432685,17.1875,18.75,20.833333333333336
fpc_formal_ravdess_d22_f0_A,ravdess,22,0,5,2.051331995948063,2.0424295996894406,17.1875,15.625,18.75
fpc_formal_ravdess_d22_f0_A,ravdess,22,0,6,2.043199777146366,2.0339964975358775,17.1875,15.625,20.833333333333336
fpc_formal_ravdess_d22_f0_A,ravdess,22,0,7,2.040639347709205,2.021786046146082,15.625,15.625,18.75
fpc_formal_ravdess_d22_f0_A,ravdess,22,0,8,2.00181221529438,1.9836622636872856,18.75,23.4375,27.083333333333332
fpc_formal_ravdess_d22_f0_A,ravdess,22,0,9,1.968652310323712,1.9448103178586755,17.1875,21.875,27.083333333333332
fpc_formal_ravdess_d22_f0_A,ravdess,22,0,10,1.8749433262473656,1.8626693778819214,25.0,28.125,27.083333333333332
fpc_formal_ravdess_d22_f0_A,ravdess,22,0,11,1.8021694151375383,1.7750025526233084,26.5625,34.375,31.25
fpc_formal_ravdess_d22_f0_A,ravdess,22,0,12,1.6952795457102385,1.7255519620893844,26.5625,26.5625,29.166666666666668
fpc_formal_ravdess_d22_f0_A,ravdess,22,0,13,1.6410207824220089,1.6460112985057886,31.25,37.5,33.33333333333333
fpc_formal_ravdess_d22_f0_A,ravdess,22,0,14,1.4903066014936837,1.5998209902918328,37.5,37.5,39.58333333333333
fpc_formal_ravdess_d22_f0_A,ravdess,22,0,15,1.5408559168123448,1.6311153739931226,42.1875,40.625,41.66666666666667
fpc_formal_ravdess_d22_f1_A,ravdess,22,1,1,2.0742455279092864,2.0780763856565043,14.0625,10.9375,14.583333333333334
fpc_formal_ravdess_d22_f1_A,ravdess,22,1,2,2.0663462363214027,2.069257884905304,12.5,18.75,18.75
fpc_formal_ravdess_d22_f1_A,ravdess,22,1,3,2.0586825064803667,2.060692397491637,15.625,21.875,18.75
fpc_formal_ravdess_d22_f1_A,ravdess,22,1,4,2.050007290359398,2.0532671641024267,25.0,21.875,22.916666666666664
fpc_formal_ravdess_d22_f1_A,ravdess,22,1,5,2.033109603538328,2.0379333350437348,15.625,23.4375,29.166666666666668
fpc_formal_ravdess_d22_f1_A,ravdess,22,1,6,2.0165852337802597,2.0295777642349555,20.3125,15.625,20.833333333333336
fpc_formal_ravdess_d22_f1_A,ravdess,22,1,7,1.9751722097903375,1.991931353081356,23.4375,9.375,20.833333333333336
fpc_formal_ravdess_d22_f1_A,ravdess,22,1,8,1.9300186717135515,1.9700054858863005,21.875,10.9375,14.583333333333334
fpc_formal_ravdess_d22_f1_A,ravdess,22,1,9,1.9216213905379111,1.994462819537532,23.4375,10.9375,14.583333333333334
fpc_formal_ravdess_d22_f1_A,ravdess,22,1,10,1.7632838751602748,1.8630162783948274,32.8125,18.75,25.0
fpc_formal_ravdess_d22_f1_A,ravdess,22,1,11,1.7247892555725626,1.858849643570892,29.6875,31.25,31.25
fpc_formal_ravdess_d22_f1_A,ravdess,22,1,12,1.8719858342314644,2.0452488102013304,26.5625,23.4375,27.083333333333332
fpc_formal_ravdess_d22_f1_A,ravdess,22,1,13,1.6523325741800012,1.8652586961483055,32.8125,25.0,29.166666666666668
fpc_formal_ravdess_d22_f1_A,ravdess,22,1,14,1.7585194144254737,1.9973759964831967,31.25,32.8125,25.0
fpc_formal_ravdess_d22_f1_A,ravdess,22,1,15,1.6891959953032798,1.9547285628065547,37.5,39.0625,37.5
fpc_formal_ravdess_d22_f2_A,ravdess,22,2,1,2.074091466835849,2.0769828417551746,18.75,14.0625,18.75
fpc_formal_ravdess_d22_f2_A,ravdess,22,2,2,2.0663262888853167,2.0718758224293383,17.1875,10.9375,18.75
fpc_formal_ravdess_d22_f2_A,ravdess,22,2,3,2.059171652864086,2.062577719685243,18.75,17.1875,12.5
fpc_formal_ravdess_d22_f2_A,ravdess,22,2,4,2.055093280614999,2.0524380297889717,17.1875,23.4375,21.875
fpc_formal_ravdess_d22_f2_A,ravdess,22,2,5,2.052270587841536,2.04093957989746,17.1875,20.3125,9.375
fpc_formal_ravdess_d22_f2_A,ravdess,22,2,6,2.042492070612422,2.0215032093356946,15.625,18.75,15.625
fpc_formal_ravdess_d22_f2_A,ravdess,22,2,7,2.0491509932672787,2.0011869167351906,18.75,20.3125,18.75
fpc_formal_ravdess_d22_f2_A,ravdess,22,2,8,2.047447338154785,1.983344332855064,15.625,17.1875,12.5
fpc_formal_ravdess_d22_f2_A,ravdess,22,2,9,2.027739996377975,1.958165621686979,21.875,17.1875,18.75
fpc_formal_ravdess_d22_f2_A,ravdess,22,2,10,2.0662062138854758,1.9469258060202268,20.3125,25.0,21.875
fpc_formal_ravdess_d22_f2_A,ravdess,22,2,11,1.8688085404973982,1.9119567252930647,31.25,23.4375,28.125
fpc_formal_ravdess_d22_f2_A,ravdess,22,2,12,1.919778946471218,1.8348724953844107,28.125,26.5625,25.0
fpc_formal_ravdess_d22_f2_A,ravdess,22,2,13,1.8351498565288622,1.833420947128463,34.375,28.125,28.125
fpc_formal_ravdess_d22_f2_A,ravdess,22,2,14,1.7597895326333393,1.7014514741813611,35.9375,34.375,31.25
fpc_formal_ravdess_d22_f2_A,ravdess,22,2,15,1.551608264373699,1.670462039050097,37.5,39.0625,43.75
fpc_formal_ravdess_d22_f3_A,ravdess,22,3,1,2.0736607443310744,2.07668256846712,12.5,12.5,12.5
fpc_formal_ravdess_d22_f3_A,ravdess,22,3,2,2.065365021672865,2.068027361436597,17.1875,15.625,18.75
fpc_formal_ravdess_d22_f3_A,ravdess,22,3,3,2.060194532228579,2.061268088245254,21.875,15.625,15.625
fpc_formal_ravdess_d22_f3_A,ravdess,22,3,4,2.0539667709951788,2.054211473987349,15.625,28.125,18.75
fpc_formal_ravdess_d22_f3_A,ravdess,22,3,5,2.0474605147798304,2.0435922852290105,25.0,39.0625,28.125
fpc_formal_ravdess_d22_f3_A,ravdess,22,3,6,2.0397816513244154,2.028579121259534,20.3125,29.6875,18.75
fpc_formal_ravdess_d22_f3_A,ravdess,22,3,7,2.027550432128248,2.007728045178226,21.875,42.1875,21.875
fpc_formal_ravdess_d22_f3_A,ravdess,22,3,8,2.0126161425592604,1.9805263486218951,23.4375,37.5,21.875
fpc_formal_ravdess_d22_f3_A,ravdess,22,3,9,1.9821770822048785,1.941123075160648,26.5625,39.0625,21.875
fpc_formal_ravdess_d22_f3_A,ravdess,22,3,10,1.9616930490431777,1.902198002106052,23.4375,25.0,18.75
fpc_formal_ravdess_d22_f3_A,ravdess,22,3,11,1.893180487751359,1.827395756011124,28.125,37.5,21.875
fpc_formal_ravdess_d22_f3_A,ravdess,22,3,12,1.7920504004316462,1.729781920379847,37.5,40.625,31.25
fpc_formal_ravdess_d22_f3_A,ravdess,22,3,13,1.837266324975559,1.7641305453134697,32.8125,40.625,21.875
fpc_formal_ravdess_d22_f3_A,ravdess,22,3,14,1.63151742057507,1.581981999128423,35.9375,43.75,25.0
fpc_formal_ravdess_d22_f3_A,ravdess,22,3,15,1.5621498560851372,1.541634189006802,39.0625,42.1875,25.0
fpc_formal_ravdess_d22_f4_A,ravdess,22,4,1,2.0688370951727677,2.0761804916049433,15.625,12.5,15.625
fpc_formal_ravdess_d22_f4_A,ravdess,22,4,2,2.0619604671432548,2.068294475980054,18.75,20.3125,12.5
fpc_formal_ravdess_d22_f4_A,ravdess,22,4,3,2.055042541280815,2.062048778525601,23.4375,21.875,15.625
fpc_formal_ravdess_d22_f4_A,ravdess,22,4,4,2.048733951729418,2.0601686402701898,20.3125,17.1875,15.625
fpc_formal_ravdess_d22_f4_A,ravdess,22,4,5,2.035396550518245,2.0537120619921696,21.875,17.1875,15.625
fpc_formal_ravdess_d22_f4_A,ravdess,22,4,6,2.037290173521987,2.070995284149621,14.0625,14.0625,12.5
fpc_formal_ravdess_d22_f4_A,ravdess,22,4,7,2.040344573186264,2.10176037097031,20.3125,12.5,15.625
fpc_formal_ravdess_d22_f4_A,ravdess,22,4,8,1.995696992194442,2.0420594005903108,26.5625,12.5,18.75
fpc_formal_ravdess_d22_f4_A,ravdess,22,4,9,2.05962416309017,2.1631503642009307,21.875,15.625,15.625
fpc_formal_ravdess_d22_f4_A,ravdess,22,4,10,2.060487837489477,2.162505917849221,20.3125,18.75,15.625
fpc_formal_ravdess_d22_f4_A,ravdess,22,4,11,1.965598396701461,2.0426421645103003,25.0,23.4375,21.875
fpc_formal_ravdess_d22_f4_A,ravdess,22,4,12,2.0247870733637408,2.1267398066446876,21.875,18.75,21.875
fpc_formal_ravdess_d22_f4_A,ravdess,22,4,13,1.9431212352374687,2.0257721013148418,34.375,25.0,25.0
fpc_formal_ravdess_d22_f4_A,ravdess,22,4,14,1.8791161651478394,1.9465300507741596,34.375,25.0,28.125
fpc_formal_ravdess_d22_f4_A,ravdess,22,4,15,1.744225163001795,1.7848786322162522,37.5,31.25,12.5
fpc_formal_ravdess_d23_f0_A,ravdess,23,0,1,2.0782144321294247,2.0801988575923156,12.5,12.5,12.5
fpc_formal_ravdess_d23_f0_A,ravdess,23,0,2,2.072919948211842,2.0733482430125303,18.75,17.1875,18.75
fpc_formal_ravdess_d23_f0_A,ravdess,23,0,3,2.066747266121409,2.068140469322273,18.75,17.1875,20.833333333333336
fpc_formal_ravdess_d23_f0_A,ravdess,23,0,4,2.059498988960679,2.0630626787646618,25.0,17.1875,31.25
fpc_formal_ravdess_d23_f0_A,ravdess,23,0,5,2.0512398321332173,2.056876327260377,17.1875,14.0625,18.75
fpc_formal_ravdess_d23_f0_A,ravdess,23,0,6,2.0397110978233535,2.0479641573683924,17.1875,14.0625,18.75
fpc_formal_ravdess_d23_f0_A,ravdess,23,0,7,2.013385229414266,2.0278081484581474,15.625,26.5625,27.083333333333332
fpc_formal_ravdess_d23_f0_A,ravdess,23,0,8,1.982248777355853,2.0028606895282017,26.5625,20.3125,27.083333333333332
fpc_formal_ravdess_d23_f0_A,ravdess,23,0,9,1.9381174323937205,1.958085125952687,26.5625,28.125,33.33333333333333
fpc_formal_ravdess_d23_f0_A,ravdess,23,0,10,1.8291392596236438,1.8941617779931263,34.375,31.25,35.41666666666667
fpc_formal_ravdess_d23_f0_A,ravdess,23,0,11,1.7519712571515373,1.8583832860577836,32.8125,25.0,33.33333333333333
fpc_formal_ravdess_d23_f0_A,ravdess,23,0,12,1.6232238616999073,1.7337537386056756,37.5,32.8125,31.25
fpc_formal_ravdess_d23_f0_A,ravdess,23,0,13,1.6925891626475114,1.9737897920429048,29.6875,20.3125,29.166666666666668
fpc_formal_ravdess_d23_f0_A,ravdess,23,0,14,1.554969315987151,1.802507219498312,39.0625,25.0,31.25
fpc_formal_ravdess_d23_f0_A,ravdess,23,0,15,1.6338847890242907,1.831072757758988,32.8125,26.5625,29.166666666666668
fpc_formal_ravdess_d23_f1_A,ravdess,23,1,1,2.0779636676728335,2.075082057735907,12.5,15.625,16.666666666666664
fpc_formal_ravdess_d23_f1_A,ravdess,23,1,2,2.071393842457444,2.067614871276291,15.625,17.1875,14.583333333333334
fpc_formal_ravdess_d23_f1_A,ravdess,23,1,3,2.064961504481107,2.0598623679170744,18.75,28.125,25.0
fpc_formal_ravdess_d23_f1_A,ravdess,23,1,4,2.058414664180526,2.0505109856481285,29.6875,29.6875,25.0
fpc_formal_ravdess_d23_f1_A,ravdess,23,1,5,2.0498937857523822,2.0400274343627816,21.875,28.125,22.916666666666664
fpc_formal_ravdess_d23_f1_A,ravdess,23,1,6,2.0389052009597064,2.0252423127936625,29.6875,31.25,22.916666666666664
fpc_formal_ravdess_d23_f1_A,ravdess,23,1,7,2.0283384684868677,2.0000335437478434,31.25,34.375,27.083333333333332
fpc_formal_ravdess_d23_f1_A,ravdess,23,1,8,2.009344284839341,1.9725891385334258,21.875,31.25,20.833333333333336
fpc_formal_ravdess_d23_f1_A,ravdess,23,1,9,1.977839357236933,1.9200215889939305,31.25,35.9375,27.083333333333332
fpc_formal_ravdess_d23_f1_A,ravdess,23,1,10,1.9143526397361277,1.8593104836755479,29.6875,31.25,27.083333333333332
fpc_formal_ravdess_d23_f1_A,ravdess,23,1,11,1.8046615429015458,1.7633936147632232,35.9375,32.8125,27.083333333333332
fpc_formal_ravdess_d23_f1_A,ravdess,23,1,12,1.7815953370001774,1.7272939909592926,29.6875,34.375,27.083333333333332
fpc_formal_ravdess_d23_f1_A,ravdess,23,1,13,1.715765497053547,1.6775179096846746,32.8125,34.375,29.166666666666668
fpc_formal_ravdess_d23_f1_A,ravdess,23,1,14,1.6929666738092715,1.7053719598711308,34.375,32.8125,27.083333333333332
fpc_formal_ravdess_d23_f1_A,ravdess,23,1,15,1.5849460888346871,1.6202338623634345,40.625,34.375,27.083333333333332
fpc_formal_ravdess_d23_f2_A,ravdess,23,2,1,2.0766660003699515,2.0744291687226015,12.5,14.0625,12.5
fpc_formal_ravdess_d23_f2_A,ravdess,23,2,2,2.0670422489676565,2.0656279466205487,14.0625,17.1875,12.5
fpc_formal_ravdess_d23_f2_A,ravdess,23,2,3,2.0576936458077286,2.0558815711457346,18.75,18.75,12.5
fpc_formal_ravdess_d23_f2_A,ravdess,23,2,4,2.0487973261002113,2.042554805283073,20.3125,20.3125,18.75
fpc_formal_ravdess_d23_f2_A,ravdess,23,2,5,2.0345406050720953,2.0212506454725974,18.75,21.875,15.625
fpc_formal_ravdess_d23_f2_A,ravdess,23,2,6,2.0446159602281204,2.0131861709310477,14.0625,20.3125,12.5
fpc_formal_ravdess_d23_f2_A,ravdess,23,2,7,1.990591033831764,1.9601807269357394,18.75,26.5625,18.75
fpc_formal_ravdess_d23_f2_A,ravdess,23,2,8,2.015709413119824,1.9528488335812542,17.1875,23.4375,15.625
fpc_formal_ravdess_d23_f2_A,ravdess,23,2,9,2.0042510415529566,1.9225774915755627,15.625,23.4375,15.625
fpc_formal_ravdess_d23_f2_A,ravdess,23,2,10,1.92766649587444,1.8534855653926994,25.0,35.9375,28.125
fpc_formal_ravdess_d23_f2_A,ravdess,23,2,11,1.8369726995388995,1.7849484897086014,29.6875,29.6875,31.25
fpc_formal_ravdess_d23_f2_A,ravdess,23,2,12,1.9264742427969004,1.8384629552985117,21.875,28.125,28.125
fpc_formal_ravdess_d23_f2_A,ravdess,23,2,13,1.8926093091085234,1.8216006520310568,25.0,32.8125,28.125
fpc_formal_ravdess_d23_f2_A,ravdess,23,2,14,1.579825603260205,1.6037788499389296,46.875,39.0625,34.375
fpc_formal_ravdess_d23_f2_A,ravdess,23,2,15,2.2058990786979846,2.119685359357205,28.125,23.4375,21.875
fpc_formal_ravdess_d23_f3_A,ravdess,23,3,1,2.0784342986271493,2.0714907562347973,12.5,15.625,9.375
fpc_formal_ravdess_d23_f3_A,ravdess,23,3,2,2.071454717366088,2.0618294992174815,12.5,17.1875,12.5
fpc_formal_ravdess_d23_f3_A,ravdess,23,3,3,2.065554890912334,2.0519637115052634,23.4375,15.625,18.75
fpc_formal_ravdess_d23_f3_A,ravdess,23,3,4,2.057408268503365,2.042264258841449,17.1875,28.125,21.875
fpc_formal_ravdess_d23_f3_A,ravdess,23,3,5,2.0535245448780737,2.0277198994051115,17.1875,32.8125,9.375
fpc_formal_ravdess_d23_f3_A,ravdess,23,3,6,2.05084191840296,2.0070424382464385,15.625,28.125,12.5
fpc_formal_ravdess_d23_f3_A,ravdess,23,3,7,2.0379125719658266,1.9844724045865547,17.1875,32.8125,15.625
fpc_formal_ravdess_d23_f3_A,ravdess,23,3,8,2.0057466771833603,1.9599568324105898,18.75,25.0,18.75
fpc_formal_ravdess_d23_f3_A,ravdess,23,3,9,1.9843536732795883,1.9138709422539226,18.75,29.6875,15.625
fpc_formal_ravdess_d23_f3_A,ravdess,23,3,10,1.9270938869655256,1.857926467176302,28.125,29.6875,18.75
fpc_formal_ravdess_d23_f3_A,ravdess,23,3,11,1.8193465708726038,1.798769549084679,29.6875,35.9375,28.125
fpc_formal_ravdess_d23_f3_A,ravdess,23,3,12,1.7692775515180608,1.6571131054012112,29.6875,32.8125,25.0
fpc_formal_ravdess_d23_f3_A,ravdess,23,3,13,1.5433135913970093,1.581419362799478,42.1875,35.9375,37.5
fpc_formal_ravdess_d23_f3_A,ravdess,23,3,14,1.7105960320528797,1.5745569980607508,29.6875,34.375,31.25
fpc_formal_ravdess_d23_f3_A,ravdess,23,3,15,1.4681570784507743,1.5159614164104962,48.4375,37.5,46.875
fpc_formal_ravdess_d23_f4_A,ravdess,23,4,1,2.07381571901561,2.068311125659857,12.5,14.0625,18.75
fpc_formal_ravdess_d23_f4_A,ravdess,23,4,2,2.0662428418204417,2.0597654152446037,12.5,14.0625,18.75
fpc_formal_ravdess_d23_f4_A,ravdess,23,4,3,2.060245813642828,2.05234310043149,15.625,14.0625,18.75
fpc_formal_ravdess_d23_f4_A,ravdess,23,4,4,2.054131589284566,2.042590724311815,20.3125,23.4375,15.625
fpc_formal_ravdess_d23_f4_A,ravdess,23,4,5,2.050568531311742,2.0315338023160465,21.875,21.875,28.125
fpc_formal_ravdess_d23_f4_A,ravdess,23,4,6,2.052424184411865,2.018222957560665,20.3125,20.3125,21.875
fpc_formal_ravdess_d23_f4_A,ravdess,23,4,7,2.0645280267279986,2.0049518826335766,21.875,23.4375,28.125
fpc_formal_ravdess_d23_f4_A,ravdess,23,4,8,2.0871516208624157,1.9983367646171626,21.875,23.4375,28.125
fpc_formal_ravdess_d23_f4_A,ravdess,23,4,9,2.044217539055729,1.9580985427749236,25.0,25.0,28.125
fpc_formal_ravdess_d23_f4_A,ravdess,23,4,10,2.1630000286214885,1.974494538418468,31.25,31.25,31.25
fpc_formal_ravdess_d23_f4_A,ravdess,23,4,11,2.055692155792957,1.9248499826447034,25.0,26.5625,28.125
fpc_formal_ravdess_d23_f4_A,ravdess,23,4,12,2.090885708811878,1.8901915018100541,31.25,31.25,34.375
fpc_formal_ravdess_d23_f4_A,ravdess,23,4,13,1.989006042086062,1.785025023258895,35.9375,42.1875,34.375
fpc_formal_ravdess_d23_f4_A,ravdess,23,4,14,1.8429002865591337,1.7002474547175248,39.0625,43.75,34.375
fpc_formal_ravdess_d23_f4_A,ravdess,23,4,15,1.8154027167647024,1.6897988099502843,37.5,42.1875,31.25
