sample_index,corpus,relative_path,bytes,sha256,speaker,sex,label,label_index,sentence,take,intensity
0,subesco,F_01_OISHI_S_10_ANGRY_1.wav,708652,881ecdfc11e2c32f95f9494d71fae3e0b970f4ab36fe0100bf655caecae42d12,F01,F,ANGRY,0,S10,T1,
1,subesco,F_01_OISHI_S_10_ANGRY_2.wav,708652,bc5b0e0551eb790a6cadc3cccb10d044385dad55eef9ad9b32a9cee8e99362d0,F01,F,ANGRY,0,S10,T2,
2,subesco,F_01_OISHI_S_10_ANGRY_3.wav,708652,3d8ba6f1312d151c3774059e7de0d822addd26fc1f015988c6e8272d72ee4751,F01,F,ANGRY,0,S10,T3,
3,subesco,F_01_OISHI_S_10_ANGRY_4.wav,708652,68fa4d04505f740fa06d3f239ee8e8f2ba58ad84b946be1dbac686aaf4a28091,F01,F,ANGRY,0,S10,T4,
4,subesco,F_01_OISHI_S_10_ANGRY_5.wav,708652,f46c915ecc840b5ea5dd14a70fdbb3877887c4559c11df3267469f8ac865d563,F01,F,ANGRY,0,S10,T5,
5,subesco,F_01_OISHI_S_10_DISGUST_1.wav,708652,6560e699ff27ee356bddfa78113abf04859e06316b291ee880da53ecaec135fa,F01,F,DISGUST,1,S10,T1,
6,subesco,F_01_OISHI_S_10_DISGUST_2.wav,710700,8994db9ea21938c9b26698e335d83dc56c16c3bff5610cd188b3a09a6e5bb744,F01,F,DISGUST,1,S10,T2,
7,subesco,F_01_OISHI_S_10_DISGUST_3.wav,708652,252fe4dd31427dd16df6f49d894abc27c2f021ee54026b9a1cba2df953b515d7,F01,F,DISGUST,1,S10,T3,
8,subesco,F_01_OISHI_S_10_DISGUST_4.wav,708652,2c541dffa69a0d9882747142bf9317fa9d01f2efc5ff6d7906e7499dc3b98f38,F01,F,DISGUST,1,S10,T4,
9,subesco,F_01_OISHI_S_10_DISGUST_5.wav,708652,d2518dd556991ae49726126a8ca953e449d57e12e37b021773c9546e1dccc5ee,F01,F,DISGUST,1,S10,T5,
10,subesco,F_01_OISHI_S_10_FEAR_1.wav,708652,0d52aa73df93578fd0f50ece9b356ce11f28411986fb07fb588fc9413526c92a,F01,F,FEAR,2,S10,T1,
11,subesco,F_01_OISHI_S_10_FEAR_2.wav,708652,d9dcaae4ea16b223689f2081e40d39d850915f95579f6e9b93a3381bc4ae8c19,F01,F,FEAR,2,S10,T2,
12,subesco,F_01_OISHI_S_10_FEAR_3.wav,708652,921aa114a2be68e652c22d2452cfc2e408958f21607056734c6ab3adda656905,F01,F,FEAR,2,S10,T3,
13,subesco,F_01_OISHI_S_10_FEAR_4.wav,708652,2364e5ee0f41a44ed68a38518b6a7c10d2ac4963484a129266e328bb9c05a6c4,F01,F,FEAR,2,S10,T4,
14,subesco,F_01_OISHI_S_10_FEAR_5.wav,708652,e07c89f1d1975f5f4547f79df7e85aed6b938589b3f044a25d88bb8aaf3798ae,F01,F,FEAR,2,S10,T5,
15,subesco,F_01_OISHI_S_10_HAPPY_1.wav,353324,24642d3b5745d8c5ea1a01a891c5d71f01cc155c7d5ab82d3a616c8244327c84,F01,F,HAPPY,3,S10,T1,
16,subesco,F_01_OISHI_S_10_HAPPY_2.wav,352300,d58e710a0395c605a2f837d4873776acd676ecfca65f696f5bb902f351a3cb3c,F01,F,HAPPY,3,S10,T2,
17,subesco,F_01_OISHI_S_10_HAPPY_3.wav,352300,e358afbe6184698fa5bf8dd70c32adfc7f26d452ed23f25c569a9780b9284dec,F01,F,HAPPY,3,S10,T3,
18,subesco,F_01_OISHI_S_10_HAPPY_4.wav,353324,6968a43fa4cba0aa1005ff7652e4aed7e7a8c2bbc9330895642fbafd023e2fc7,F01,F,HAPPY,3,S10,T4,
19,subesco,F_01_OISHI_S_10_HAPPY_5.wav,354348,8d7e615a1e113379b8f55a21d825626b3801d84275c222337f7f949fa8c879e8,F01,F,HAPPY,3,S10,T5,
20,subesco,F_01_OISHI_S_10_NEUTRAL_1.wav,354348,1bae7b7f0322aa12e937e5d64a0e65ed91e13ad2482d827acde81ff123ae3e88,F01,F,NEUTRAL,4,S10,T1,
21,subesco,F_01_OISHI_S_10_NEUTRAL_2.wav,353324,6cc1a530b68ea9f2fec64c49fb1125f734af86613982a54b3682fee616a5586a,F01,F,NEUTRAL,4,S10,T2,
22,subesco,F_01_OISHI_S_10_NEUTRAL_3.wav,351276,85181643cad67c45633f869e839e6f2abaa613cc63c1d873508fc129118ff7bd,F01,F,NEUTRAL,4,S10,T3,
23,subesco,F_01_OISHI_S_10_NEUTRAL_4.wav,354348,769222245568876d098bc606549c61249d152da993e25e3436cc64bdf9cbde4d,F01,F,NEUTRAL,4,S10,T4,
24,subesco,F_01_OISHI_S_10_NEUTRAL_5.wav,352300,65423ab2d015f9af34252c419973777bc607bb1ae352fcedc4c75f5171b780fa,F01,F,NEUTRAL,4,S10,T5,
25,subesco,F_01_OISHI_S_10_SAD_1.wav,708652,0d0f7941ef733c49110c904b66ba19b8af1dd71b479ce1f26b47211846c8b3ee,F01,F,SAD,5,S10,T1,
26,subesco,F_01_OISHI_S_10_SAD_2.wav,708652,988569bbfbb59f0d4e304105ca34a37eab703aeb6add7cf8d705254aab9ca6b1,F01,F,SAD,5,S10,T2,
27,subesco,F_01_OISHI_S_10_SAD_3.wav,708652,3df4cdcd77416873027922b5e8e3f73a3a884fd64cd4516b73e4c1bd790d394c,F01,F,SAD,5,S10,T3,
28,subesco,F_01_OISHI_S_10_SAD_4.wav,708652,cbb7b91a23b407ba948b994a31b96b79f9aa6f4754690120faab160fc7326c29,F01,F,SAD,5,S10,T4,
29,subesco,F_01_OISHI_S_10_SAD_5.wav,708652,65a7796c37766315e2aeeafac2c241ccd82b0893c7d2b9b3cc89f270ffb17e7a,F01,F,SAD,5,S10,T5,
30,subesco,F_01_OISHI_S_10_SURPRISE_1.wav,708652,623f26902a17fee1d9e5b64f7a913cca98071639c8f33490b27ad6cd27c2a8bc,F01,F,SURPRISE,6,S10,T1,
31,subesco,F_01_OISHI_S_10_SURPRISE_2.wav,708652,44cd146dce85c5ccdcdbe55b0083e464a421015331229cf3f7b71f9fcb61a8bd,F01,F,SURPRISE,6,S10,T2,
32,subesco,F_01_OISHI_S_10_SURPRISE_3.wav,706604,cb57dc9207d512d3a9b3d18693dc8e66e72fd9971a5e9efc4515574c231c8635,F01,F,SURPRISE,6,S10,T3,
33,subesco,F_01_OISHI_S_10_SURPRISE_4.wav,708652,396b1e177bc4b71e43a397f334b8ffe8ff1926e60339ba4f54425b08a7483565,F01,F,SURPRISE,6,S10,T4,
34,subesco,F_01_OISHI_S_10_SURPRISE_5.wav,708652,626394efa4d904aaa493d07a958f3592e10996f057403425a293987a1debdcbd,F01,F,SURPRISE,6,S10,T5,
35,subesco,F_01_OISHI_S_1_ANGRY_1.wav,352300,cc72530f7f40b42d1cbc2d5ce3dfb0e7f2441041b8e22d773b848b8f269ac344,F01,F,ANGRY,0,S1,T1,
36,subesco,F_01_OISHI_S_1_ANGRY_2.wav,352300,8080e5c1532f3c17dbe3cb6fafaf91575d64f11de6b1d82e5daf3601549fc713,F01,F,ANGRY,0,S1,T2,
37,subesco,F_01_OISHI_S_1_ANGRY_3.wav,352300,f032c8ff1b7f6d1f4be721ba01da82338c201ec2d6f0d72779c5a842363d9583,F01,F,ANGRY,0,S1,T3,
38,subesco,F_01_OISHI_S_1_ANGRY_4.wav,352300,eda5f2eeade2b4baf532a79128d6f2eb3329d507c163111337825cfcbe323036,F01,F,ANGRY,0,S1,T4,
39,subesco,F_01_OISHI_S_1_ANGRY_5.wav,354348,520300ac562b175138bc651123792cc8f685b986339a6668b02401429650ba8a,F01,F,ANGRY,0,S1,T5,
40,subesco,F_01_OISHI_S_1_DISGUST_1.wav,354348,c53e8723e52e2abb4a3f0c4fed052974dc6999507cf51caa4f1285cfc03e18f0,F01,F,DISGUST,1,S1,T1,
41,subesco,F_01_OISHI_S_1_DISGUST_2.wav,354348,b04e5c5fbf894b6d244da6d7c867237652e59178e65c1ab094605b4ca90aee4c,F01,F,DISGUST,1,S1,T2,
42,subesco,F_01_OISHI_S_1_DISGUST_3.wav,353324,31bd0db711673ce458eeb5a142a0db64f083771835e0527e0f65f3cd815545f2,F01,F,DISGUST,1,S1,T3,
43,subesco,F_01_OISHI_S_1_DISGUST_4.wav,353324,76f7ef1166f06533e0c321048aad6c5c9d19df77a9f0b0500f3534600df53b78,F01,F,DISGUST,1,S1,T4,
44,subesco,F_01_OISHI_S_1_DISGUST_5.wav,353324,6d8ca0467a42170caa62df093d40dc864a36f970a7a187dbb6edded9f818cd00,F01,F,DISGUST,1,S1,T5,
45,subesco,F_01_OISHI_S_1_FEAR_1.wav,354348,8ef84b83268410d4182c3a9462589ecaa051f604cf8148a837f89c7e09108e1d,F01,F,FEAR,2,S1,T1,
46,subesco,F_01_OISHI_S_1_FEAR_2.wav,353324,c708d9dbd20caf8264cf84df1376e37211a818f1ba937e437672eceb582d086b,F01,F,FEAR,2,S1,T2,
47,subesco,F_01_OISHI_S_1_FEAR_3.wav,356396,1c20be1f3240fb1d3c8576be017520ee21210ae13dab33afa47f155b633e344c,F01,F,FEAR,2,S1,T3,
48,subesco,F_01_OISHI_S_1_FEAR_4.wav,355372,bc6c10846c88d41968d9ac400d3ae7af15c9a30541ba45638c1f530ee294d8d0,F01,F,FEAR,2,S1,T4,
49,subesco,F_01_OISHI_S_1_FEAR_5.wav,354348,857327aa10336b83566eba6b2393666ae10e61c97f7c1711a9aac24b8d2ca668,F01,F,FEAR,2,S1,T5,
50,subesco,F_01_OISHI_S_1_HAPPY_1.wav,353324,5e0d1b73d80c7e8ee4b9cbdd3470a118659d51737b9b3c10894375ee554c8e0d,F01,F,HAPPY,3,S1,T1,
51,subesco,F_01_OISHI_S_1_HAPPY_2.wav,354348,5868dd9a7fd9ea77f9bbd7c55062969133e2432b07782a2f6f191bc29be6af91,F01,F,HAPPY,3,S1,T2,
52,subesco,F_01_OISHI_S_1_HAPPY_3.wav,353324,7ceb859dc273121faf5be427135eae7978330888c7e5171cc5071dd7c38ad05f,F01,F,HAPPY,3,S1,T3,
53,subesco,F_01_OISHI_S_1_HAPPY_4.wav,353324,54884818390b31cfeef87bd9e845c667b271c241511b3a4f6f46bcb07570b560,F01,F,HAPPY,3,S1,T4,
54,subesco,F_01_OISHI_S_1_HAPPY_5.wav,353324,ba9a5da515e6ba571740b65af0f600b156ef4108aa4cdc919be6a09c1e0e199f,F01,F,HAPPY,3,S1,T5,
55,subesco,F_01_OISHI_S_1_NEUTRAL_1.wav,353324,9d43f70345375e6bcb2b81b38d63a9a0f46f4cbacce040959c6feeef34b5220c,F01,F,NEUTRAL,4,S1,T1,
56,subesco,F_01_OISHI_S_1_NEUTRAL_2.wav,354348,716ccbd6f51d957c0cba9a19190935628cde1a5f790efecc0a9d3b93a6615176,F01,F,NEUTRAL,4,S1,T2,
57,subesco,F_01_OISHI_S_1_NEUTRAL_3.wav,354348,a327eda584e1bbb5055f117cc302dbdae89b206b96d5830aeac76106c6140863,F01,F,NEUTRAL,4,S1,T3,
58,subesco,F_01_OISHI_S_1_NEUTRAL_4.wav,354348,ba725af89ba2019504880ee98a1b7c4afa53fa815936303094fa2a4dca9325bc,F01,F,NEUTRAL,4,S1,T4,
59,subesco,F_01_OISHI_S_1_NEUTRAL_5.wav,355374,5673671c2a733a94bdcfa2b802f37e6b78b4f95b7fe9862850d19e0922947cf0,F01,F,NEUTRAL,4,S1,T5,
60,subesco,F_01_OISHI_S_1_SAD_1.wav,353324,53abca69b521009093eeb260be92e38db96bd6193c1cc0dcb66662e643bcef8e,F01,F,SAD,5,S1,T1,
61,subesco,F_01_OISHI_S_1_SAD_2.wav,352300,0b45f2d4933062653f411854a62ddf1eeae365fbc96d247332d35136e89aa915,F01,F,SAD,5,S1,T2,
62,subesco,F_01_OISHI_S_1_SAD_3.wav,354348,d25302fcc17da4b8d1e1f51238fb14f2c395932d5d324d80ba4531f204808bc2,F01,F,SAD,5,S1,T3,
63,subesco,F_01_OISHI_S_1_SAD_4.wav,354348,2bb7f59347e4777d62c40aae7f5520c0a27baba0d2967d298b5521f0986ee57b,F01,F,SAD,5,S1,T4,
64,subesco,F_01_OISHI_S_1_SAD_5.wav,353326,e09e1b5a37bab02116cc27e5aa270f26d8cb07b135a35831970130507d60c196,F01,F,SAD,5,S1,T5,
65,subesco,F_01_OISHI_S_1_SURPRISE_1.wav,351276,d981f36086eb0f06fcc32118894c238edbde66211ceb949efb1c2fb65ce3fd3b,F01,F,SURPRISE,6,S1,T1,
66,subesco,F_01_OISHI_S_1_SURPRISE_2.wav,351276,9fa8a4112c74edca85020eceb9e1650e286eef88d14c56fb139e762fca6555e9,F01,F,SURPRISE,6,S1,T2,
67,subesco,F_01_OISHI_S_1_SURPRISE_3.wav,352298,dbf51271d94ffc3ee77b5e025b9befef2ca63634a6436b74e3aee23198bc76b7,F01,F,SURPRISE,6,S1,T3,
68,subesco,F_01_OISHI_S_1_SURPRISE_4.wav,353324,e778ea176e3e4b0ba5575bb6a285b90b70e7173568247f3fe34d8d0cad278da5,F01,F,SURPRISE,6,S1,T4,
69,subesco,F_01_OISHI_S_1_SURPRISE_5.wav,354348,0f2553a845289f8621fd22f10d4e2ecdf03cf2e2109e3ee858c28ff29b15048e,F01,F,SURPRISE,6,S1,T5,
70,subesco,F_01_OISHI_S_2_ANGRY_1.wav,354348,9146fc56d2df35b7780d3817eb78796d8a80849aa5bdec9e48a9775e60846a70,F01,F,ANGRY,0,S2,T1,
71,subesco,F_01_OISHI_S_2_ANGRY_2.wav,352300,46e57040773b21322945884547b85591839f353075fcd74e1e008f07e9b2cbea,F01,F,ANGRY,0,S2,T2,
72,subesco,F_01_OISHI_S_2_ANGRY_3.wav,352300,251d93c32859eb7029be8f630542c31f82d319f032404bde33a8eafb2f7a6f33,F01,F,ANGRY,0,S2,T3,
73,subesco,F_01_OISHI_S_2_ANGRY_4.wav,354348,49a819d9b51bc0203a38acf8898117f6fa66326b70ad6d578a742bf54ef135df,F01,F,ANGRY,0,S2,T4,
74,subesco,F_01_OISHI_S_2_ANGRY_5.wav,355368,ef44321488ba66909ae4bbbf487407bcba33ee3feae0e3a3dbf7fd2627d631fd,F01,F,ANGRY,0,S2,T5,
75,subesco,F_01_OISHI_S_2_DISGUST_1.wav,356394,fdc8f007fb69688d87727f42a152ecb6b97309bb80910acc014f073d707921ec,F01,F,DISGUST,1,S2,T1,
76,subesco,F_01_OISHI_S_2_DISGUST_2.wav,353324,57fcfc311e3f5ca87198a4b79b1bd9b67bafc3cb51a4328f939f0693aacc852e,F01,F,DISGUST,1,S2,T2,
77,subesco,F_01_OISHI_S_2_DISGUST_3.wav,352300,c85fa1298994df8fab3f14255e44b1dcfb2adcbc1347376ef10dba16ecb9641a,F01,F,DISGUST,1,S2,T3,
78,subesco,F_01_OISHI_S_2_DISGUST_4.wav,356396,a6da8a96fa08909bcb82b69aa735e162fcc6f28d88ace92bcff055185f554e21,F01,F,DISGUST,1,S2,T4,
79,subesco,F_01_OISHI_S_2_DISGUST_5.wav,356398,e1e1d279e025d814f42dd76628ad60db93eff13285807aaf3adfd538e68526f3,F01,F,DISGUST,1,S2,T5,
80,subesco,F_01_OISHI_S_2_FEAR_1.wav,353324,544bdb6dbc73b7b0af5ea78a50c43da880557cd6f9e6e67301816b246168ff81,F01,F,FEAR,2,S2,T1,
81,subesco,F_01_OISHI_S_2_FEAR_2.wav,320556,363efc0b428d6105f521a64db1cc7e599f4ca18e84707a12cf9abfe263744af3,F01,F,FEAR,2,S2,T2,
82,subesco,F_01_OISHI_S_2_FEAR_3.wav,353324,55dced222f12bc3df5906d0aa2bbc3a72c22b28579140bcfff3d4ca60b0ec01b,F01,F,FEAR,2,S2,T3,
83,subesco,F_01_OISHI_S_2_FEAR_4.wav,285740,097fdb1d8a2019f6db03fbeb5993e00ff2f7c7aa92e22a0b95b8214444db5746,F01,F,FEAR,2,S2,T4,
84,subesco,F_01_OISHI_S_2_FEAR_5.wav,353330,84bff334675965b82380e6a4c11438fb8b1a808f197bfac265e943b381193814,F01,F,FEAR,2,S2,T5,
85,subesco,F_01_OISHI_S_2_HAPPY_1.wav,354348,aa574abdf77414339f8511501300a56cd1d29a3fdb85c07e9af807f52893e4b9,F01,F,HAPPY,3,S2,T1,
86,subesco,F_01_OISHI_S_2_HAPPY_2.wav,353328,b08e16b68aa56e352ba6529d7b2d3ccb69d3fcba9d8dcef16ecf5ecc329072c4,F01,F,HAPPY,3,S2,T2,
87,subesco,F_01_OISHI_S_2_HAPPY_3.wav,351278,8c65d189ffa8feec23f4a6ba3f8877d2c3881d1c0388b3f03f1f13dae1808a7f,F01,F,HAPPY,3,S2,T3,
88,subesco,F_01_OISHI_S_2_HAPPY_4.wav,354348,57fff182ad2071a62e509d26996f7e179370dc73f00a295b0bdc4df2d49c540c,F01,F,HAPPY,3,S2,T4,
89,subesco,F_01_OISHI_S_2_HAPPY_5.wav,354350,29f0f8df605bc5add5c03c941d44f11d01a49b1065764437e875f5e2c3ac0506,F01,F,HAPPY,3,S2,T5,
90,subesco,F_01_OISHI_S_2_NEUTRAL_1.wav,357424,0af414d1c34916c8cd036d1ca292b6d5b145e4c2b3c0ce8bb474107c3f695fe5,F01,F,NEUTRAL,4,S2,T1,
91,subesco,F_01_OISHI_S_2_NEUTRAL_2.wav,354348,1f1d227979c0da1566235881827bbfd9957810959480507f3c0a00135ccbd9ae,F01,F,NEUTRAL,4,S2,T2,
92,subesco,F_01_OISHI_S_2_NEUTRAL_3.wav,354348,24191490256840ae427c1f4338bcbb88a347d892d4ac45bd0b17a252da4c6be6,F01,F,NEUTRAL,4,S2,T3,
93,subesco,F_01_OISHI_S_2_NEUTRAL_4.wav,352306,338a9f0c043df9fd78578446ff7fb5b0c461a4bcca152d21eb25225f65835f52,F01,F,NEUTRAL,4,S2,T4,
94,subesco,F_01_OISHI_S_2_NEUTRAL_5.wav,353324,9b8b152062d2978b1cb225b8c28af51b1e54f74340d37ea9e161bb528330733d,F01,F,NEUTRAL,4,S2,T5,
95,subesco,F_01_OISHI_S_2_SAD_1.wav,354348,ace0c41160669b11b3f69cbafadcf0f3931b77433cb20eeac89749e38662c934,F01,F,SAD,5,S2,T1,
96,subesco,F_01_OISHI_S_2_SAD_2.wav,353324,2bf17c51516772f8959cc23d18cf730c51b36027f4c2176bd9eefba17d881c03,F01,F,SAD,5,S2,T2,
97,subesco,F_01_OISHI_S_2_SAD_3.wav,353330,afa728ff6378d2c81fe4ea71bce049f30898daf2d2c2f2f9fe1c81407ebe361e,F01,F,SAD,5,S2,T3,
98,subesco,F_01_OISHI_S_2_SAD_4.wav,350254,ca7838581d05bec8333b9e39f6a62e4bcd957c53dc58a777e77c3f2446fe10cb,F01,F,SAD,5,S2,T4,
99,subesco,F_01_OISHI_S_2_SAD_5.wav,242732,0fea5fa5af08b81404af475bd81edffe66ef8ebd693e8f505f615ade68945017,F01,F,SAD,5,S2,T5,
100,subesco,F_01_OISHI_S_2_SURPRISE_1.wav,353324,eb083053b4f9c3954da88589f570b4d9eeb307d4d837114b5b8b1b9ab3c6db2f,F01,F,SURPRISE,6,S2,T1,
101,subesco,F_01_OISHI_S_2_SURPRISE_2.wav,353324,f12541359a9f289424734606356a19f6e682b4d2c2e9e036586051632675c61a,F01,F,SURPRISE,6,S2,T2,
102,subesco,F_01_OISHI_S_2_SURPRISE_3.wav,353324,c1b494e189e4ab0fc5f9b7f9d56a803fe5b388d549b646679b63dc369b232d74,F01,F,SURPRISE,6,S2,T3,
103,subesco,F_01_OISHI_S_2_SURPRISE_4.wav,354348,796882daac2deead2b1f63bf3f1d9c5159ccd2056ef77b9ebd6838d03068f93a,F01,F,SURPRISE,6,S2,T4,
104,subesco,F_01_OISHI_S_2_SURPRISE_5.wav,353324,4017df80f1a16b463257aeb95a7219414705a1956d68aeb82becf02c8ed6d102,F01,F,SURPRISE,6,S2,T5,
105,subesco,F_01_OISHI_S_3_ANGRY_1.wav,710700,af00bd534bdb79735e347400bca9a94a5e3c1c6432fae0c95898d3da69989da3,F01,F,ANGRY,0,S3,T1,
106,subesco,F_01_OISHI_S_3_ANGRY_2.wav,708652,afb195a61dec56659d0cc746d4809363173b348acdc8711a9375a09d3317b4be,F01,F,ANGRY,0,S3,T2,
107,subesco,F_01_OISHI_S_3_ANGRY_3.wav,708652,993597b4af0721a2eb6a75401aa1df6f6c4a8fa660ca2b8c22fbf1b705e4be05,F01,F,ANGRY,0,S3,T3,
108,subesco,F_01_OISHI_S_3_ANGRY_4.wav,708652,5015f29d2b5bf098e8bddf148d20ff9ee083a062e8e5d9d693a1e8e5cf9415d8,F01,F,ANGRY,0,S3,T4,
109,subesco,F_01_OISHI_S_3_ANGRY_5.wav,708652,b7d1870c838f5282dcab30af14eb2275e935eccb9bbd5dcb39702b4912f7daf0,F01,F,ANGRY,0,S3,T5,
110,subesco,F_01_OISHI_S_3_DISGUST_1.wav,353324,6e2ddff034f91d13dc16236c88a57398b256350b0aa02e60e0e6b7337041b19e,F01,F,DISGUST,1,S3,T1,
111,subesco,F_01_OISHI_S_3_DISGUST_2.wav,354348,198143ddfddb324820e05f89cad314a8f7da4e8cc844a794192487b7e3b35576,F01,F,DISGUST,1,S3,T2,
112,subesco,F_01_OISHI_S_3_DISGUST_3.wav,354348,1c865e2f5d18e848bbd54f18db4bd421a2fd399e9bd1abcf6f7e46965206e147,F01,F,DISGUST,1,S3,T3,
113,subesco,F_01_OISHI_S_3_DISGUST_4.wav,354348,82740e7a6851a2c5c3572083836203149dafa1d57d6cc365c98651be13324929,F01,F,DISGUST,1,S3,T4,
114,subesco,F_01_OISHI_S_3_DISGUST_5.wav,354348,03394b93afdf45d0a6ea16b31f7c0e374934256b9b45ce74d273b84152d6a68f,F01,F,DISGUST,1,S3,T5,
115,subesco,F_01_OISHI_S_3_FEAR_1.wav,710700,cc0fa6c0edc8627d0b601f3c822c63ee084eb4cec223951e46e4d67e3cc38398,F01,F,FEAR,2,S3,T1,
116,subesco,F_01_OISHI_S_3_FEAR_2.wav,704556,3eafb8c7769fcf79a93cef969abe464ece3f5fe97a67d6fb24d5396472bbae25,F01,F,FEAR,2,S3,T2,
117,subesco,F_01_OISHI_S_3_FEAR_3.wav,706604,323d78bd85a19a265212484cc9e74b3b1d37a7848b85f524308152028b29c25a,F01,F,FEAR,2,S3,T3,
118,subesco,F_01_OISHI_S_3_FEAR_4.wav,708652,e75fc2eedb6c6ce39d5b61217602fdb9a6e53225bb07f20a366780c14af2858f,F01,F,FEAR,2,S3,T4,
119,subesco,F_01_OISHI_S_3_FEAR_5.wav,704556,ed609b5b43666597ed53be6d304b02e3644b449528239dd4b6fd2e657f9015ac,F01,F,FEAR,2,S3,T5,
120,subesco,F_01_OISHI_S_3_HAPPY_1.wav,354348,6df3e779f8f308a87118d4f7dc1d33405197981480349eeb46d5c2a6b6047611,F01,F,HAPPY,3,S3,T1,
121,subesco,F_01_OISHI_S_3_HAPPY_2.wav,353324,c71e8d3e2f6f12bc108a030b631850afc887350e60700be85bf919d6b398e26b,F01,F,HAPPY,3,S3,T2,
122,subesco,F_01_OISHI_S_3_HAPPY_3.wav,353324,81b5507f34ef3d1d3d2e22db4a0dc25627a802fb141e98ba6ea9acb767b6b4ff,F01,F,HAPPY,3,S3,T3,
123,subesco,F_01_OISHI_S_3_HAPPY_4.wav,353324,e4afea3ea5ac66812c9aabd2987ae9108e3df04bd699dfc5f8373d7ac606c900,F01,F,HAPPY,3,S3,T4,
124,subesco,F_01_OISHI_S_3_HAPPY_5.wav,353324,b90a85596638183871fdf1da2b65c430af8eccf8d10f7508a63a54140ff0f221,F01,F,HAPPY,3,S3,T5,
125,subesco,F_01_OISHI_S_3_NEUTRAL_1.wav,354348,b20ec3e9ed4081e6960deeab9820a6d1d2790d7e6a00a245572f3cc1e674b804,F01,F,NEUTRAL,4,S3,T1,
126,subesco,F_01_OISHI_S_3_NEUTRAL_2.wav,353324,3430dea8d20f27368af5ac7f1733bd5e27fa3d1b8bf17c3b2f1ba8fe64dc1a50,F01,F,NEUTRAL,4,S3,T2,
127,subesco,F_01_OISHI_S_3_NEUTRAL_3.wav,354348,504c973385bd97370e664a910b8031567696b73c96189b0533bfa2a4539050bc,F01,F,NEUTRAL,4,S3,T3,
128,subesco,F_01_OISHI_S_3_NEUTRAL_4.wav,354348,690253c04de467c249f43e2f6547afcc9729a5966ed334d0a9dc8f1a889eb25f,F01,F,NEUTRAL,4,S3,T4,
129,subesco,F_01_OISHI_S_3_NEUTRAL_5.wav,353324,e82d15f0c642892350b3c649bee2c08b7cb0bf01d2c71d3e859b5886942d0519,F01,F,NEUTRAL,4,S3,T5,
130,subesco,F_01_OISHI_S_3_SAD_1.wav,706604,9539a4eb758bb263e3b84270dbafeac42ee852e8af69a8e6e459d1b26841ed0f,F01,F,SAD,5,S3,T1,
131,subesco,F_01_OISHI_S_3_SAD_2.wav,710700,2f76ab9d7a2e5c0e0ba3eb864fdc0cf468508003b8bc2661b04561221ab918b6,F01,F,SAD,5,S3,T2,
132,subesco,F_01_OISHI_S_3_SAD_3.wav,704556,e1a8cfd1a7bd34f9daab0bcd6f7b23fc886fa4ac09a459a1205bf228e2f74a9b,F01,F,SAD,5,S3,T3,
133,subesco,F_01_OISHI_S_3_SAD_4.wav,708652,028cd808df7249584213762a66fe1ffd1fc26d5e8ebb94fd189dad1aa7c6f1ec,F01,F,SAD,5,S3,T4,
134,subesco,F_01_OISHI_S_3_SAD_5.wav,710700,4ca6f8de2c0bb0ee3e1cd278e661e9e8f879d753af9051378f9f5b4b94006757,F01,F,SAD,5,S3,T5,
135,subesco,F_01_OISHI_S_3_SURPRISE_1.wav,354348,d17b86686d6db86f46f981caa0465b98ebdb512ed379f8e016821353d5b831cc,F01,F,SURPRISE,6,S3,T1,
136,subesco,F_01_OISHI_S_3_SURPRISE_2.wav,354348,07b52fc7c984c8dbe3f1208ae2a191755a8a04e3293badeaf2814f78e04752c3,F01,F,SURPRISE,6,S3,T2,
137,subesco,F_01_OISHI_S_3_SURPRISE_3.wav,354348,ed9802f2368275a3a58728117aaad4635137db7ed56a9fa684ede9db94dfe455,F01,F,SURPRISE,6,S3,T3,
138,subesco,F_01_OISHI_S_3_SURPRISE_4.wav,354348,ba93079e3acc9c5bf0546f312369e9e27a5414aeded8136f1dc5499816b9ee9f,F01,F,SURPRISE,6,S3,T4,
139,subesco,F_01_OISHI_S_3_SURPRISE_5.wav,354348,d8532b3545ae66f5e3c0a6cfbc7adaefcb2889da568d91592e44a389dc702a20,F01,F,SURPRISE,6,S3,T5,
140,subesco,F_01_OISHI_S_4_ANGRY_1.wav,708652,88d17defdc38e1025a0a86345603eaa63f0d222c0bed77618660bfef0e5aed78,F01,F,ANGRY,0,S4,T1,
141,subesco,F_01_OISHI_S_4_ANGRY_2.wav,708652,c0ea10652ef9894c58fa88d2efac951732c8b9cdf6839a5af1b5f7b4dfea5fb5,F01,F,ANGRY,0,S4,T2,
142,subesco,F_01_OISHI_S_4_ANGRY_3.wav,708652,68467b5e2f7954265cb913c42a39cbbbfbcab0555be8ad335c376a55a48f3112,F01,F,ANGRY,0,S4,T3,
143,subesco,F_01_OISHI_S_4_ANGRY_4.wav,708652,ae9927b2be424af4cea445766ea8dfa4caa502e28363628fa23e0178c32920d6,F01,F,ANGRY,0,S4,T4,
144,subesco,F_01_OISHI_S_4_ANGRY_5.wav,708652,8f53cd0cb9e9b9c5eceeb8ee41b179a7a488aa95b427b458683190a080e68289,F01,F,ANGRY,0,S4,T5,
145,subesco,F_01_OISHI_S_4_DISGUST_1.wav,354348,87ca2f31c7d0295913c0d4b5369a6f0bf1a7c632bbbba1b8c16cddbc2d3c30b5,F01,F,DISGUST,1,S4,T1,
146,subesco,F_01_OISHI_S_4_DISGUST_2.wav,354348,c2f090a99ff7150149720416dbe61381f616378d0af764459da67f14b2d7df1c,F01,F,DISGUST,1,S4,T2,
147,subesco,F_01_OISHI_S_4_DISGUST_3.wav,354348,2607d0d444cce50f6075b20818d49e9020eb50e8d22110eb6d867ed4088c28d4,F01,F,DISGUST,1,S4,T3,
148,subesco,F_01_OISHI_S_4_DISGUST_4.wav,354348,4d5b02adc6e349c2b00cbc8a49bba979bc2a1b5b78e0037dc5992b2fd6e7eb39,F01,F,DISGUST,1,S4,T4,
149,subesco,F_01_OISHI_S_4_DISGUST_5.wav,354348,fa9450a7d6b5a61bd3fff9b11e15a86ab0ef98499a90a336910d93c90d343a1a,F01,F,DISGUST,1,S4,T5,
150,subesco,F_01_OISHI_S_4_FEAR_1.wav,706604,1b06d0ddd83fe11df1fd911f06722316293c523f7561299d08254f542ed58018,F01,F,FEAR,2,S4,T1,
151,subesco,F_01_OISHI_S_4_FEAR_2.wav,710700,22c8dd14f93129f18a26e8a4c0622e2f6ef6b2f13e8b18e0c5735f0ffeb4c569,F01,F,FEAR,2,S4,T2,
152,subesco,F_01_OISHI_S_4_FEAR_3.wav,708652,7c1ee3c59763299b0a9dd87e656531a5a33cf7b8338db3013d3ee00a1beca13b,F01,F,FEAR,2,S4,T3,
153,subesco,F_01_OISHI_S_4_FEAR_4.wav,708652,e19fa64540d79230cf3ac64cc35c80574a8c08f8a13ddb706c473350b0f35901,F01,F,FEAR,2,S4,T4,
154,subesco,F_01_OISHI_S_4_FEAR_5.wav,708652,feebc2eff1209ba716968d5b8c275d71948dba06b13f75fee88b088a1f70c63d,F01,F,FEAR,2,S4,T5,
155,subesco,F_01_OISHI_S_4_HAPPY_1.wav,353324,d7ae851bda31be7bc5e24ad94f302c55f690242f6f2340857f81b1112e90ee7c,F01,F,HAPPY,3,S4,T1,
156,subesco,F_01_OISHI_S_4_HAPPY_2.wav,354348,ea26e878f43db624dd7f9b0a15a2cfac4a2d8147019e38bc67e91bfce805d738,F01,F,HAPPY,3,S4,T2,
157,subesco,F_01_OISHI_S_4_HAPPY_3.wav,353324,e3a2b66901e3fc518374caff42bb39627ce8b9bd2d44ab5bfbe7d03682b0c0e7,F01,F,HAPPY,3,S4,T3,
158,subesco,F_01_OISHI_S_4_HAPPY_4.wav,354348,18bac74bc154e2fc04f248e716be3613d7c10b4410357c10640c11868fb19af9,F01,F,HAPPY,3,S4,T4,
159,subesco,F_01_OISHI_S_4_HAPPY_5.wav,354348,13aa506101d0d5512f434ea0bb2dede69923af514781305aa45aaa208781b054,F01,F,HAPPY,3,S4,T5,
160,subesco,F_01_OISHI_S_4_NEUTRAL_1.wav,353324,febbe09eda3e1ae25b8643db60523e083595bb5ebc54c59033b480eea3762d3b,F01,F,NEUTRAL,4,S4,T1,
161,subesco,F_01_OISHI_S_4_NEUTRAL_2.wav,353324,67ff9385cea7de2a493e92ccf419ffa36aeabf72b664e70e7e2214b6bcc8dc04,F01,F,NEUTRAL,4,S4,T2,
162,subesco,F_01_OISHI_S_4_NEUTRAL_3.wav,353324,357ffaeeaadba6e6f36929a117ed1fed7c05fee3ebb7d650022eab97b65b984d,F01,F,NEUTRAL,4,S4,T3,
163,subesco,F_01_OISHI_S_4_NEUTRAL_4.wav,353324,cc8f6813bb87498643db0479f7a6219b6e2a440ccd83dcf9980a306ed0458ea1,F01,F,NEUTRAL,4,S4,T4,
164,subesco,F_01_OISHI_S_4_NEUTRAL_5.wav,353324,2096d816c63843adc98848c80854289f4835c8aa356ebb5cb8ce789c054fd41e,F01,F,NEUTRAL,4,S4,T5,
165,subesco,F_01_OISHI_S_4_SAD_1.wav,706604,dd8a5a19028feaa20d06e938c17de5b2e8c2479aada9c7377eaebf8d05b27152,F01,F,SAD,5,S4,T1,
166,subesco,F_01_OISHI_S_4_SAD_2.wav,708652,492e69f7c6aa612339bb8a1079c68c014fbafd6d7bb4be18494929f71ab137a4,F01,F,SAD,5,S4,T2,
167,subesco,F_01_OISHI_S_4_SAD_3.wav,708652,f7a64605ffaf591447578a45b8ca34f653e8f50a88fa3ae9bd947000b57ef49c,F01,F,SAD,5,S4,T3,
168,subesco,F_01_OISHI_S_4_SAD_4.wav,710700,d5c6ae14d29717b460a4c3c42fdec0df8d120cc5331bddda285a8026dd954a3e,F01,F,SAD,5,S4,T4,
169,subesco,F_01_OISHI_S_4_SAD_5.wav,710700,764dd704b8bd7ba2c7b5b6bea1b6a69725c9bb4bec2629bc2d3f635d30a64479,F01,F,SAD,5,S4,T5,
170,subesco,F_01_OISHI_S_4_SURPRISE_1.wav,354348,363cc55730ab314455fccd7b2c5fbcf8d4908197818e8b312ed1cfc840ba88a7,F01,F,SURPRISE,6,S4,T1,
171,subesco,F_01_OISHI_S_4_SURPRISE_2.wav,354348,4e8b17317718596d7346264c89623900ea3554f48bef946269faf1183f10239a,F01,F,SURPRISE,6,S4,T2,
172,subesco,F_01_OISHI_S_4_SURPRISE_3.wav,355372,aa6211b01255c6206bb7b260d4e06a4cb1cad2a629ef1b4433ae8383a0067b10,F01,F,SURPRISE,6,S4,T3,
173,subesco,F_01_OISHI_S_4_SURPRISE_4.wav,354348,ff1c0f615a9b1ed0c1e5ebb0be0d2046a6df71cd24c0a8e4429d2b515347e7f8,F01,F,SURPRISE,6,S4,T4,
174,subesco,F_01_OISHI_S_4_SURPRISE_5.wav,708652,0b07add2c7347d131d23417f03b372efdf2567da8ade919ca8c9b3d8c8db1ec1,F01,F,SURPRISE,6,S4,T5,
175,subesco,F_01_OISHI_S_5_ANGRY_1.wav,708652,75eb356e0b95b8ac18e87dd13541f53946d8c5b69237f83e2c36783891c9974e,F01,F,ANGRY,0,S5,T1,
176,subesco,F_01_OISHI_S_5_ANGRY_2.wav,708652,6d386b9c4eb5ce082b9f5ae54d18994c634def3c5193e9e95629d6462c84bde8,F01,F,ANGRY,0,S5,T2,
177,subesco,F_01_OISHI_S_5_ANGRY_3.wav,708652,c7ec6b40899af67380b1cb016af941c00bceb4013e2b035b5a80ced233ce24f6,F01,F,ANGRY,0,S5,T3,
178,subesco,F_01_OISHI_S_5_ANGRY_4.wav,708652,a844495476a45f89b5338b943fd72532db568a4af372dd9c8ca9418461fd9e81,F01,F,ANGRY,0,S5,T4,
179,subesco,F_01_OISHI_S_5_ANGRY_5.wav,708652,83c266be7b978d053bad68d7006070e5985971a1d2dd86218346dd0a4506fbd8,F01,F,ANGRY,0,S5,T5,
180,subesco,F_01_OISHI_S_5_DISGUST_1.wav,354348,6dd1c1fc76c0ddbf53573cd85c0869ec3c75079139981aaa7464d293d7c084d0,F01,F,DISGUST,1,S5,T1,
181,subesco,F_01_OISHI_S_5_DISGUST_2.wav,354348,c21a2554537c0d520a71438d4137f48d54673398f24173ca355f3b817b3e835e,F01,F,DISGUST,1,S5,T2,
182,subesco,F_01_OISHI_S_5_DISGUST_3.wav,354348,bd9cf11722ff7af690a12344090baa2b62c50aa382ed6ba6947d45128e43114f,F01,F,DISGUST,1,S5,T3,
183,subesco,F_01_OISHI_S_5_DISGUST_4.wav,354348,f9f60790da7e564e28fa4cff952f732024e0c701b9cb6dd9474151307abf8cf4,F01,F,DISGUST,1,S5,T4,
184,subesco,F_01_OISHI_S_5_DISGUST_5.wav,354348,b99daee922d42ed2c53e8cb926ffd0461a8a24283cb5606a86637a45abca536c,F01,F,DISGUST,1,S5,T5,
185,subesco,F_01_OISHI_S_5_FEAR_1.wav,706604,15badbdfdf70706e1b82b8e9cbea69d0400f6b76b4e030ad62f060bf54cdbcb2,F01,F,FEAR,2,S5,T1,
186,subesco,F_01_OISHI_S_5_FEAR_2.wav,704556,49f330aaa6ffa9d9844c8a0129cfab71addf49e99579dbd41458f339bab0190b,F01,F,FEAR,2,S5,T2,
187,subesco,F_01_OISHI_S_5_FEAR_3.wav,710700,63563ea6f84cc1053cc2c679d1d7fa719501c60db1cbec01f8ad5c4a8500f83e,F01,F,FEAR,2,S5,T3,
188,subesco,F_01_OISHI_S_5_FEAR_4.wav,704556,db08fa19c8cacc4aac372f9fea27ca1d84f664d10b9bdd29a32593b2bc58e30f,F01,F,FEAR,2,S5,T4,
189,subesco,F_01_OISHI_S_5_FEAR_5.wav,706604,5b1b4de44789c39fef21cbbdd842aff2359fc15ac39931efcf872aecedef3a1e,F01,F,FEAR,2,S5,T5,
190,subesco,F_01_OISHI_S_5_HAPPY_1.wav,353324,4b90ef285131f0cf23eaade3f4dd12fdf12ce190d3fbe03abe89a3b612e16429,F01,F,HAPPY,3,S5,T1,
191,subesco,F_01_OISHI_S_5_HAPPY_2.wav,353324,83b0c9d5eb352884a9ed1ad0bfaec536eeb9d34b0a98b59bbf0ce63df83ebd20,F01,F,HAPPY,3,S5,T2,
192,subesco,F_01_OISHI_S_5_HAPPY_3.wav,353324,b3dfd0f08c14f6e1c79b68c5a024498bb48a6af2383beb4de91def8a5915954d,F01,F,HAPPY,3,S5,T3,
193,subesco,F_01_OISHI_S_5_HAPPY_4.wav,356396,265793bfc3b917594b9bf41c2ae23d98e006d6f67cfc0b3a5ba3aacd583fc13e,F01,F,HAPPY,3,S5,T4,
194,subesco,F_01_OISHI_S_5_HAPPY_5.wav,352300,ca3e93d8b6a3cb8c751357b3874a18734b90cd3d0037da5759b726f486373619,F01,F,HAPPY,3,S5,T5,
195,subesco,F_01_OISHI_S_5_NEUTRAL_1.wav,353324,b4a90a32f1e9105a7d903d83e9055abfa608c2e2f894a8d066ced01c0f51b0e2,F01,F,NEUTRAL,4,S5,T1,
196,subesco,F_01_OISHI_S_5_NEUTRAL_2.wav,353324,d9d045a6eb30b6eb30bb1857f365463d05d487c0752ad4dca8823e837c390f96,F01,F,NEUTRAL,4,S5,T2,
197,subesco,F_01_OISHI_S_5_NEUTRAL_3.wav,354348,a5c7a30e7f080ac37e48f06c35f9a6fc77726146d3f0a9d6437fb98ab72f8b4c,F01,F,NEUTRAL,4,S5,T3,
198,subesco,F_01_OISHI_S_5_NEUTRAL_4.wav,355374,db11ee1e10b3e0065cde972f67b90939aaab47154fa2946570edc906a9c7165f,F01,F,NEUTRAL,4,S5,T4,
199,subesco,F_01_OISHI_S_5_NEUTRAL_5.wav,355372,3732415492559f5dff6710ef4db448761e9143f525610642a209dd7ecf42f659,F01,F,NEUTRAL,4,S5,T5,
200,subesco,F_01_OISHI_S_5_SAD_1.wav,706604,b013ca8b3238e95f33354514e25cece6b03b24d43b940ee19c6ecfc049998a06,F01,F,SAD,5,S5,T1,
201,subesco,F_01_OISHI_S_5_SAD_2.wav,708652,2dbfdb07e7836a306481ee2ee8d19e1e8a788fd7f251659c867232e5ae0a6918,F01,F,SAD,5,S5,T2,
202,subesco,F_01_OISHI_S_5_SAD_3.wav,708652,9749f980bf62fd8a9dee0667ddf735c8bbe6530959258b734faaf9b0a9177262,F01,F,SAD,5,S5,T3,
203,subesco,F_01_OISHI_S_5_SAD_4.wav,710700,f818f41b370741da0740eecadb57003a4642ad20593648f5bbe6a040dc571bd5,F01,F,SAD,5,S5,T4,
204,subesco,F_01_OISHI_S_5_SAD_5.wav,706604,e849365c8b7bc15aac5c802c9b91075d56a6cfc620052d38acc30859b71730a7,F01,F,SAD,5,S5,T5,
205,subesco,F_01_OISHI_S_5_SURPRISE_1.wav,354348,ded84c60a8eb963e453a7d24e4fb1d0e6f10e51636652a785940478496739f9d,F01,F,SURPRISE,6,S5,T1,
206,subesco,F_01_OISHI_S_5_SURPRISE_2.wav,354348,628c3192b1e653ae83f64fbce25b2880e2eb84aa50893d8eaae839e32580dc3f,F01,F,SURPRISE,6,S5,T2,
207,subesco,F_01_OISHI_S_5_SURPRISE_3.wav,354348,4d4fba76dd4c4801ecf87a811c5b48b61a7e498639dd3da4f131276663fb0d6a,F01,F,SURPRISE,6,S5,T3,
208,subesco,F_01_OISHI_S_5_SURPRISE_4.wav,354348,70c40a52e80196e13a1fde3fabed078973fe93b9ca8d118312a83e0436380556,F01,F,SURPRISE,6,S5,T4,
209,subesco,F_01_OISHI_S_5_SURPRISE_5.wav,353324,5e01002d6d2806745eee4896cd9af3bb1aca26a59bd2615fae75b34a6db84246,F01,F,SURPRISE,6,S5,T5,
210,subesco,F_01_OISHI_S_6_ANGRY_1.wav,708652,5ae5d2b816258da76a6e393dddf40d1cad11702272b6faf9effdb9f5ef01531a,F01,F,ANGRY,0,S6,T1,
211,subesco,F_01_OISHI_S_6_ANGRY_2.wav,708652,e9bdaacc643a8b40cba481105ba9086fcbe88f5861a7005beea3f29024529e1e,F01,F,ANGRY,0,S6,T2,
212,subesco,F_01_OISHI_S_6_ANGRY_3.wav,708652,d102c780fac05a45362f32c835386a937086475332929ce40b700e1fa566188f,F01,F,ANGRY,0,S6,T3,
213,subesco,F_01_OISHI_S_6_ANGRY_4.wav,706604,93ca0e5690ce1cf139b33df82f7413bcb93d45a95941f348806edc7831df3572,F01,F,ANGRY,0,S6,T4,
214,subesco,F_01_OISHI_S_6_ANGRY_5.wav,708652,9fa0de8ca68a18dff896f3911e5cb92de52418b90f4acb99c1a19d994c867680,F01,F,ANGRY,0,S6,T5,
215,subesco,F_01_OISHI_S_6_DISGUST_1.wav,354348,98ad27e0e1a946c69f0b01f6c775b7982b2918af3d676b14262398d5bdfba3df,F01,F,DISGUST,1,S6,T1,
216,subesco,F_01_OISHI_S_6_DISGUST_2.wav,354348,1c4a32c2ffca2f319b99ec13d14a7e6270dc308ff6f1c82d94ff5f798af893ec,F01,F,DISGUST,1,S6,T2,
217,subesco,F_01_OISHI_S_6_DISGUST_3.wav,354348,a35cd79ddb54c8ed2ece3cd7e83ec58ebd0cb93870fc3834cdde7db8d884b18c,F01,F,DISGUST,1,S6,T3,
218,subesco,F_01_OISHI_S_6_DISGUST_4.wav,354348,f4e7469579ebea1dc852ac697fdb58500713be439cf9bd9cbca41ec134096c6c,F01,F,DISGUST,1,S6,T4,
219,subesco,F_01_OISHI_S_6_DISGUST_5.wav,355372,8b8e0250f3830a525b33e2febdf2ca11525623724a223adeda21c0b32302fc41,F01,F,DISGUST,1,S6,T5,
220,subesco,F_01_OISHI_S_6_FEAR_1.wav,706604,b23fee85e1f302381dc29f4070ecb871ba20f391c0b415a34c9dd3786f8d0203,F01,F,FEAR,2,S6,T1,
221,subesco,F_01_OISHI_S_6_FEAR_2.wav,706604,12c871686ddd6dae21f9f427ffe77d6a18d77fa5019d1ff56073c309c72c0199,F01,F,FEAR,2,S6,T2,
222,subesco,F_01_OISHI_S_6_FEAR_3.wav,706604,03d6657bf94b6934358469222bbb3ee154fcb2d0f45ac357ca44d42f1df87dbb,F01,F,FEAR,2,S6,T3,
223,subesco,F_01_OISHI_S_6_FEAR_4.wav,708652,1e0db725b41459e0a57dc5ec8f997bdb2d3e24df71c869a61e9a4fdabd3c3ea4,F01,F,FEAR,2,S6,T4,
224,subesco,F_01_OISHI_S_6_FEAR_5.wav,708652,0ccc59e44e1eb60b6e4c8054175a4cd02cb57d0fdfce95f985e65d7a360e208b,F01,F,FEAR,2,S6,T5,
225,subesco,F_01_OISHI_S_6_HAPPY_1.wav,354348,db501995ff24ee9b5415d2c411683d7487bce262fbc83990d552ec0329da9929,F01,F,HAPPY,3,S6,T1,
226,subesco,F_01_OISHI_S_6_HAPPY_2.wav,353324,7523be668d9a836ac3368a22929eec923ab94943dcd1ca03ae5809328d022997,F01,F,HAPPY,3,S6,T2,
227,subesco,F_01_OISHI_S_6_HAPPY_3.wav,353324,f92892e0ae416ce958741b1fbbb929135118fdf25a5ff9ccadcdecabd6948560,F01,F,HAPPY,3,S6,T3,
228,subesco,F_01_OISHI_S_6_HAPPY_4.wav,353324,73adcb7c68869945a06840f008d629a2cebe3f238fa2a8cfaa36c8742ce15663,F01,F,HAPPY,3,S6,T4,
229,subesco,F_01_OISHI_S_6_HAPPY_5.wav,353324,b1b1b261f5f2fa671200d38bcc3e24a06a219fd90d3aecee4e0a3a11e4af477d,F01,F,HAPPY,3,S6,T5,
230,subesco,F_01_OISHI_S_6_NEUTRAL_1.wav,354348,686474e10ebd05ec2a48d00ddc1d2b7f944a386076d53ccb254acd476971bd0b,F01,F,NEUTRAL,4,S6,T1,
231,subesco,F_01_OISHI_S_6_NEUTRAL_2.wav,354348,0e28d944a3880ddf76f08b7a8946c7365ca93a01bd90d0ee0f3dcfebe73aa10e,F01,F,NEUTRAL,4,S6,T2,
232,subesco,F_01_OISHI_S_6_NEUTRAL_3.wav,354348,84e55dc21ab1d9f4d0ed9aac7047406b3a674dda63404dd3709492b8ff39d45f,F01,F,NEUTRAL,4,S6,T3,
233,subesco,F_01_OISHI_S_6_NEUTRAL_4.wav,353324,e944ca56021920c9e73809fdad63e35160659d26d5a59bca1fa91b641501a7fb,F01,F,NEUTRAL,4,S6,T4,
234,subesco,F_01_OISHI_S_6_NEUTRAL_5.wav,354348,8422bc3132db4516999ebe7a2cd875c855bdebf701b44569a6dc81e0a8a0f228,F01,F,NEUTRAL,4,S6,T5,
235,subesco,F_01_OISHI_S_6_SAD_1.wav,706604,f7d23c472261349131af5fa7b0d55e60702c29b140dcd0a7d9aaff0e06b7d25b,F01,F,SAD,5,S6,T1,
236,subesco,F_01_OISHI_S_6_SAD_2.wav,706604,8365792cfec29af023497cf84eff6ee180360b5a29ce948b2ee03fc0aacde642,F01,F,SAD,5,S6,T2,
237,subesco,F_01_OISHI_S_6_SAD_3.wav,708652,46133f3095b1c276bdb6f0db9e3900a8ed1dfe4a1c1d3f8a39240a10dd8b4e43,F01,F,SAD,5,S6,T3,
238,subesco,F_01_OISHI_S_6_SAD_4.wav,708652,12c8b7890277024af201392a6e4cac3c3a8b2d8de7ebd43e9f0f202e545807f7,F01,F,SAD,5,S6,T4,
239,subesco,F_01_OISHI_S_6_SAD_5.wav,710700,fb0b412147a00f8978da7bc06955a25069b241b238f93f5426f5a22a3e7d28f2,F01,F,SAD,5,S6,T5,
240,subesco,F_01_OISHI_S_6_SURPRISE_1.wav,712748,88dbbe6843ed8bd9a0e47b77aa3aa828fb71b1c34f5ca864023c3816db49b6bc,F01,F,SURPRISE,6,S6,T1,
241,subesco,F_01_OISHI_S_6_SURPRISE_2.wav,710700,da0dc9d0887768d9774e708c11d2743d7b4241470a26a47b11da628077b34e6d,F01,F,SURPRISE,6,S6,T2,
242,subesco,F_01_OISHI_S_6_SURPRISE_3.wav,708652,d2e1fb0017287946948f85751bef6e2b838939d20c672e934e21fd3320ca9119,F01,F,SURPRISE,6,S6,T3,
243,subesco,F_01_OISHI_S_6_SURPRISE_4.wav,708652,1af49790fdb566048dbefe3416d0c0074335bd175a24315be7e46f0383cc76cd,F01,F,SURPRISE,6,S6,T4,
244,subesco,F_01_OISHI_S_6_SURPRISE_5.wav,710700,27bf057a5a1f7e6a0d9b879043ca33b64e5809ad0644e8827357f476cd80e72a,F01,F,SURPRISE,6,S6,T5,
245,subesco,F_01_OISHI_S_7_ANGRY_1.wav,708652,36aca12aa71393c113ae40fcb4e52febf515642802673f02389eb0cfd817b4c1,F01,F,ANGRY,0,S7,T1,
246,subesco,F_01_OISHI_S_7_ANGRY_2.wav,708652,8dea339ed9913b7cb72f611f158c9dab63226db23e2336977f79957bf64b3fd0,F01,F,ANGRY,0,S7,T2,
247,subesco,F_01_OISHI_S_7_ANGRY_3.wav,708652,f62411fed12c8369d244f181899dee2b924a93df801ffe18a9dc54403785dd97,F01,F,ANGRY,0,S7,T3,
248,subesco,F_01_OISHI_S_7_ANGRY_4.wav,708652,1f758206d8ac66e934911f81755812c9ecccaf17b4b551da4a38f04df5000778,F01,F,ANGRY,0,S7,T4,
249,subesco,F_01_OISHI_S_7_ANGRY_5.wav,710700,8bda55a327a6f9941082c0e3594115f001ca380a5245a1cbac275a13f6fba2d5,F01,F,ANGRY,0,S7,T5,
250,subesco,F_01_OISHI_S_7_DISGUST_1.wav,354348,8a6b0139bbf914adbaea911f16087af8be443d41d829c2d0d14278711efacedb,F01,F,DISGUST,1,S7,T1,
251,subesco,F_01_OISHI_S_7_DISGUST_2.wav,352300,2a91a011ff2f0cb7639a6d3932972a6548da5bb34fc72db5e4f33324252ed805,F01,F,DISGUST,1,S7,T2,
252,subesco,F_01_OISHI_S_7_DISGUST_3.wav,354348,c98f93efffc8e83ae80f677e4b34cd2bba1000b906bd6b255f8a46c17be4ce28,F01,F,DISGUST,1,S7,T3,
253,subesco,F_01_OISHI_S_7_DISGUST_4.wav,354348,9f131ffe3f812c3cd00e092dbe51905644a1906571eeb8383817d97e42296709,F01,F,DISGUST,1,S7,T4,
254,subesco,F_01_OISHI_S_7_DISGUST_5.wav,354348,b7bd0ee21218ffd6ab1200612169ba0c8a006934e8a30ecfa3c6a0333ca4b3c0,F01,F,DISGUST,1,S7,T5,
255,subesco,F_01_OISHI_S_7_FEAR_1.wav,706604,409187c1726c2b9ef5b8c5b1a065b66a78659fa1af1e6b15837f58390b63e639,F01,F,FEAR,2,S7,T1,
256,subesco,F_01_OISHI_S_7_FEAR_2.wav,708652,c578d22700cd4d1c733a6add875998d9909da408eef155ebf6d90fc2c71c1131,F01,F,FEAR,2,S7,T2,
257,subesco,F_01_OISHI_S_7_FEAR_3.wav,708652,e6e78f7b177c862620f049f246ad1424f68957e768e329f4d5894450cd0e2bdd,F01,F,FEAR,2,S7,T3,
258,subesco,F_01_OISHI_S_7_FEAR_4.wav,710700,efa07ff93e38c2fd7d5cddc662f5f894b298d57aa4e1c3b6416b0355d5156535,F01,F,FEAR,2,S7,T4,
259,subesco,F_01_OISHI_S_7_FEAR_5.wav,708652,a11cbef752c5eeecfbfb38c1f3eebb690e007cd982125a5a32856147bc83205c,F01,F,FEAR,2,S7,T5,
260,subesco,F_01_OISHI_S_7_HAPPY_1.wav,353324,27a5682dc018fbf34d7dbf1378103a4796d485066917d6e931168dbd03645171,F01,F,HAPPY,3,S7,T1,
261,subesco,F_01_OISHI_S_7_HAPPY_2.wav,353324,b1812c6f33d4c1ae91a7d2e082f30a8148493b7510dc70d1c906eba4c605003c,F01,F,HAPPY,3,S7,T2,
262,subesco,F_01_OISHI_S_7_HAPPY_3.wav,353324,756e0f39e3e3d59b2c1ba1b92cab7a746d6914ec4612b986f1d83fea4f4342bb,F01,F,HAPPY,3,S7,T3,
263,subesco,F_01_OISHI_S_7_HAPPY_4.wav,352300,f917775635c402e02a8d3a1b91de6fd2f29f0034d1a0f9e502ee1dd13f467606,F01,F,HAPPY,3,S7,T4,
264,subesco,F_01_OISHI_S_7_HAPPY_5.wav,353324,124746a6a85111328dcb400edf5f977d0ce5ed63d6f423d1da2111b658f77f9a,F01,F,HAPPY,3,S7,T5,
265,subesco,F_01_OISHI_S_7_NEUTRAL_1.wav,354348,afe4e79d01212e8798959a0df9f15c6c59673e942c97f8f445326592aaf89aa2,F01,F,NEUTRAL,4,S7,T1,
266,subesco,F_01_OISHI_S_7_NEUTRAL_2.wav,353324,60a1a2b9a9e79ab5dd5183dcd0a8f38a38f938438a1aacb3ff9eaecd6df85d05,F01,F,NEUTRAL,4,S7,T2,
267,subesco,F_01_OISHI_S_7_NEUTRAL_3.wav,353324,1981fb25267ff35e5d85a700e0f1838d1e7f4750f06bb030dc707532a93fa4d5,F01,F,NEUTRAL,4,S7,T3,
268,subesco,F_01_OISHI_S_7_NEUTRAL_4.wav,352300,2a8a2e62dd6e75688e75d02ad86cd0682f9b096f85a110c0c80aa5191951e192,F01,F,NEUTRAL,4,S7,T4,
269,subesco,F_01_OISHI_S_7_NEUTRAL_5.wav,354348,8358346d619c93536eb105b7aa902c7e9bff79d6629cc50b2053903f85952a32,F01,F,NEUTRAL,4,S7,T5,
270,subesco,F_01_OISHI_S_7_SAD_1.wav,708652,67bf0f5fe350f1b11373bd42be2029ebada622cb8f867dec1163d912bd841245,F01,F,SAD,5,S7,T1,
271,subesco,F_01_OISHI_S_7_SAD_2.wav,708652,68941580a94301215664d3df862c38626127259c5117e188aca28769e470ab59,F01,F,SAD,5,S7,T2,
272,subesco,F_01_OISHI_S_7_SAD_3.wav,710700,553f2d20fdd2dd59069687033664bf497ac927d9d68c7fcd778b549b2ed3d756,F01,F,SAD,5,S7,T3,
273,subesco,F_01_OISHI_S_7_SAD_4.wav,708652,142e0980e36eecc782ac559bd992719c1c58aa5116035e723d69a9034f5240d7,F01,F,SAD,5,S7,T4,
274,subesco,F_01_OISHI_S_7_SAD_5.wav,708652,d3c9998abe183eb2b147f010031f558c6c6057640263fb42d427f192c118da7c,F01,F,SAD,5,S7,T5,
275,subesco,F_01_OISHI_S_7_SURPRISE_1.wav,354348,d0f8bea288a1ae2780507c1aa1df9beb91e0f5aefde6b67602830d1066aacff9,F01,F,SURPRISE,6,S7,T1,
276,subesco,F_01_OISHI_S_7_SURPRISE_2.wav,354348,af38be9da5330518868d02d37b2af578efef7f75f92e5b0e198ffe71e330a666,F01,F,SURPRISE,6,S7,T2,
277,subesco,F_01_OISHI_S_7_SURPRISE_3.wav,354348,7dd29d1bbaa0b4319b4d034583f91172ca75aba10f16641ace7e4f01c63d13bf,F01,F,SURPRISE,6,S7,T3,
278,subesco,F_01_OISHI_S_7_SURPRISE_4.wav,354348,554000a46f6a0fee4dfba60f8eb555817ad450bf6ad2f6e6ce8a075592a08c2f,F01,F,SURPRISE,6,S7,T4,
279,subesco,F_01_OISHI_S_7_SURPRISE_5.wav,356396,bd7b8d16e54d67d0dc765ac34215c43d8bfb6e64cbab3835d80c9b0247185d21,F01,F,SURPRISE,6,S7,T5,
280,subesco,F_01_OISHI_S_8_ANGRY_1.wav,708652,3aabde4b11a31c9e19ac87d9637712eb3d21b4da4bfde5058e1ac1878dd0951c,F01,F,ANGRY,0,S8,T1,
281,subesco,F_01_OISHI_S_8_ANGRY_2.wav,708652,b61c78dabb0cb1672a5ddae275588cc376822c9d04c8250fa778589063b5673a,F01,F,ANGRY,0,S8,T2,
282,subesco,F_01_OISHI_S_8_ANGRY_3.wav,708652,0d1c08f3d102fc9cc1d3f607a14504e71caea192bcb31a20b2759fd086c89412,F01,F,ANGRY,0,S8,T3,
283,subesco,F_01_OISHI_S_8_ANGRY_4.wav,708652,59c021e6c522121d87bd7e9dc0855b5c7bbadac14ab983c531c0cd61eb9033e8,F01,F,ANGRY,0,S8,T4,
284,subesco,F_01_OISHI_S_8_ANGRY_5.wav,706604,1ae5f056abbd066d2c1a92f84a94319eed21edce31dcbe5a981c2e1b1ca6e5f9,F01,F,ANGRY,0,S8,T5,
285,subesco,F_01_OISHI_S_8_DISGUST_1.wav,708652,c6052d9d1903fb174949f48c676ca7953aad6466ee51ff754b35a55461f5c319,F01,F,DISGUST,1,S8,T1,
286,subesco,F_01_OISHI_S_8_DISGUST_2.wav,710700,cd273a159c48f53e48470ecff795f8cc2fff63756611419609fe50d4b6c3499a,F01,F,DISGUST,1,S8,T2,
287,subesco,F_01_OISHI_S_8_DISGUST_3.wav,708652,45992cbb8a188eb25dadbc4d9f6377f3983e5e0278adf6f8206a0de552c88c98,F01,F,DISGUST,1,S8,T3,
288,subesco,F_01_OISHI_S_8_DISGUST_4.wav,708652,db30d32032c76d01365f4550b85bd34ac799ebb65c3353310cb1e473ab00c3cc,F01,F,DISGUST,1,S8,T4,
289,subesco,F_01_OISHI_S_8_DISGUST_5.wav,710700,adffe6666a65196fcfad61d71379ffcb16ed7c0b340b88d13920a589f6b19d8e,F01,F,DISGUST,1,S8,T5,
290,subesco,F_01_OISHI_S_8_FEAR_1.wav,706604,c74a4a32e9fa302aba0d078ec7d85f245b8b8e499067f6b5f07f5875d52204be,F01,F,FEAR,2,S8,T1,
291,subesco,F_01_OISHI_S_8_FEAR_2.wav,708652,eae89e3ee61e97d1b96640beab38f4731d798251eea5e24404da585fa0d5f93f,F01,F,FEAR,2,S8,T2,
292,subesco,F_01_OISHI_S_8_FEAR_3.wav,710700,b6c29d969d380e559090092c8255dbad8fda1823d9d51cdcdd33d3dc7b0a2050,F01,F,FEAR,2,S8,T3,
293,subesco,F_01_OISHI_S_8_FEAR_4.wav,706604,87ca7201eb2cee6fd43332291565f84ac6893216b1d47cd13f5268d3d774f8ed,F01,F,FEAR,2,S8,T4,
294,subesco,F_01_OISHI_S_8_FEAR_5.wav,704556,585ffbee052a4c47e7779dbf61a6956245dac929b7049797778c422000ca19fe,F01,F,FEAR,2,S8,T5,
295,subesco,F_01_OISHI_S_8_HAPPY_1.wav,353324,703fca6902fc7f62aad351c3062a8193a689c6fff30c79d616380c788315a393,F01,F,HAPPY,3,S8,T1,
296,subesco,F_01_OISHI_S_8_HAPPY_2.wav,355372,b92eddd7803493172ab100d75e7ffe74b790fe70b709a5a29c5a4dbe86b1c11b,F01,F,HAPPY,3,S8,T2,
297,subesco,F_01_OISHI_S_8_HAPPY_3.wav,353324,c8c793e853001c7aefec4ae8b1bc2f4f056d3734d581980d9c232d2b45e4e541,F01,F,HAPPY,3,S8,T3,
298,subesco,F_01_OISHI_S_8_HAPPY_4.wav,352300,c50c47f23f7af823bf89131f4230c159b197eba298a1a77eb2a4d502e240c823,F01,F,HAPPY,3,S8,T4,
299,subesco,F_01_OISHI_S_8_HAPPY_5.wav,352300,a15f4691f2bc2e643366e197e24d46c6215d4bb37dc38bffd8c3c51bf7403fbd,F01,F,HAPPY,3,S8,T5,
300,subesco,F_01_OISHI_S_8_NEUTRAL_1.wav,354348,ad712fe0f305abb1d856d8bd295492dce11213ae9d77b1446b98a23566ac077c,F01,F,NEUTRAL,4,S8,T1,
301,subesco,F_01_OISHI_S_8_NEUTRAL_2.wav,356396,0e5461243346c1f02cbd264b8971844b3cd8bf53113d3331486c3c69c3a68be7,F01,F,NEUTRAL,4,S8,T2,
302,subesco,F_01_OISHI_S_8_NEUTRAL_3.wav,354348,687f49981838fff994ac1d44623161dfc2e37440647291393dcd0c71144883e9,F01,F,NEUTRAL,4,S8,T3,
303,subesco,F_01_OISHI_S_8_NEUTRAL_4.wav,353324,c502403207f660c9848dc0e7dea4a1d5ac8163394e959f36e3a689a664301aa8,F01,F,NEUTRAL,4,S8,T4,
304,subesco,F_01_OISHI_S_8_NEUTRAL_5.wav,352300,f7996d7ab54c5273a3bc808a7eba7e902dff3488dcdce9719078318dfe004187,F01,F,NEUTRAL,4,S8,T5,
305,subesco,F_01_OISHI_S_8_SAD_1.wav,706604,1710b483eef89d5da840e0cbd67b15334732a1922097ccf56216e4cdadce964e,F01,F,SAD,5,S8,T1,
306,subesco,F_01_OISHI_S_8_SAD_2.wav,706604,bca450103cdb3651f7123ef6a285d3997fdc051a50a778b52e30a6e049dd67f7,F01,F,SAD,5,S8,T2,
307,subesco,F_01_OISHI_S_8_SAD_3.wav,706604,ba38c884b466d1cae0edb1e29783129dc6df667cc31bd14b9f5fb59a16c99fbb,F01,F,SAD,5,S8,T3,
308,subesco,F_01_OISHI_S_8_SAD_4.wav,708652,3aef51b4793ca1460e3be7f9c4e53f1f9f591685e7db29222b6f4a529a474bf1,F01,F,SAD,5,S8,T4,
309,subesco,F_01_OISHI_S_8_SAD_5.wav,708652,3f351a6a85c2fe99a200c129ba80a3e805dc5766028f75759a1a87ff3901fbf4,F01,F,SAD,5,S8,T5,
310,subesco,F_01_OISHI_S_8_SURPRISE_1.wav,708652,36e8fe4f8311be37dab7fec9ddb5190bc744ecc6fea7edad0a597b4823e1d4b3,F01,F,SURPRISE,6,S8,T1,
311,subesco,F_01_OISHI_S_8_SURPRISE_2.wav,704556,b081876da57c18264c77fa3806729f9fc5d22db7d09ef3b5467c01d3f1978a99,F01,F,SURPRISE,6,S8,T2,
312,subesco,F_01_OISHI_S_8_SURPRISE_3.wav,708652,16feb81ae63bcb7548b11849d6988a7bafa96b36a8b56e3d380089bfabf48790,F01,F,SURPRISE,6,S8,T3,
313,subesco,F_01_OISHI_S_8_SURPRISE_4.wav,708652,19e5a8aac78638c1506b398e4783701f6a409744d1832416d1e9b189d94b0bc1,F01,F,SURPRISE,6,S8,T4,
314,subesco,F_01_OISHI_S_8_SURPRISE_5.wav,708652,944a2cedac362ddd212703fb71e2e51a6ca59cbfceed6ba89e8a44762d3f825b,F01,F,SURPRISE,6,S8,T5,
315,subesco,F_01_OISHI_S_9_ANGRY_1.wav,708652,029a7e939a516590279ed5e2d64963a4b2b8a043fe3c33dbb8c317a6215830c7,F01,F,ANGRY,0,S9,T1,
316,subesco,F_01_OISHI_S_9_ANGRY_2.wav,710700,4af3c7af331ddfc12ee3967d595848e773b586c404021a6286a4693d35ac3919,F01,F,ANGRY,0,S9,T2,
317,subesco,F_01_OISHI_S_9_ANGRY_3.wav,708652,083e8f8f6399ea07cf06e20d83bb0615cc005e2ba8fdaba72eafdbb6a57f3ee1,F01,F,ANGRY,0,S9,T3,
318,subesco,F_01_OISHI_S_9_ANGRY_4.wav,708652,8650194418ec3a3be61efb27181800fc8d4dbfb89731d9d8f22e93f5c9f4edad,F01,F,ANGRY,0,S9,T4,
319,subesco,F_01_OISHI_S_9_ANGRY_5.wav,708652,d361761de6a14c56a6cc8d92a10ad98e4b5f1c5b5a6d630e5acbe11b2cb8933e,F01,F,ANGRY,0,S9,T5,
320,subesco,F_01_OISHI_S_9_DISGUST_1.wav,710700,89bc85442ae57da4f5380b79886bf7ef781455f021c8a57903866ee62d59f888,F01,F,DISGUST,1,S9,T1,
321,subesco,F_01_OISHI_S_9_DISGUST_2.wav,710700,4ca42921384ba49b2810c2840c91190f19fdadeef226c27f796a8cf63ae7eedb,F01,F,DISGUST,1,S9,T2,
322,subesco,F_01_OISHI_S_9_DISGUST_3.wav,706604,1f84757fbec5702a60411e44fb3b31b593dcfba3f0211e57d5d73c1672be1c4c,F01,F,DISGUST,1,S9,T3,
323,subesco,F_01_OISHI_S_9_DISGUST_4.wav,708652,588b159ceeb00a332a440791ed283c42e4e7034250e5d04c4ec88886b7196bc6,F01,F,DISGUST,1,S9,T4,
324,subesco,F_01_OISHI_S_9_DISGUST_5.wav,708652,0cde69d43ac6e125515bac19ad3582619314b36194f3c583187ac6a2813089dc,F01,F,DISGUST,1,S9,T5,
325,subesco,F_01_OISHI_S_9_FEAR_1.wav,708652,143097d45f3b5cb39c848dc3af7b2093bc9d10b0935e5d2a441ae79f431bee85,F01,F,FEAR,2,S9,T1,
326,subesco,F_01_OISHI_S_9_FEAR_2.wav,708652,fafa537dc364ca0cc4efd37f0429a300b4cf47eff1c8c712929f578a46cc84d6,F01,F,FEAR,2,S9,T2,
327,subesco,F_01_OISHI_S_9_FEAR_3.wav,706604,1460499b68efdd82f334d3876f66eac531e30e91c068e90948c3c60ae99f6cc6,F01,F,FEAR,2,S9,T3,
328,subesco,F_01_OISHI_S_9_FEAR_4.wav,708652,25d2f1fc1658ecbc5f98867b5a8eb6b233338ddf2375aad20c03ef42b8e343f5,F01,F,FEAR,2,S9,T4,
329,subesco,F_01_OISHI_S_9_FEAR_5.wav,706604,a3d883b44a9f05b7a713ba4775c47f20c228a6afadc36297161da1d7b660426f,F01,F,FEAR,2,S9,T5,
330,subesco,F_01_OISHI_S_9_HAPPY_1.wav,356396,65ffcc42eca9d1ef5a594d8182eb1fe880ccee8665ca54599bf8a590bb360010,F01,F,HAPPY,3,S9,T1,
331,subesco,F_01_OISHI_S_9_HAPPY_2.wav,353324,3237df8aaf2949ff86725a4e50f3aa11b85ccface47892e3d4f415ec9d54f3d5,F01,F,HAPPY,3,S9,T2,
332,subesco,F_01_OISHI_S_9_HAPPY_3.wav,353324,87290db549d67ecde14a3bf60f5750f6b7a500b71cedddc1a04dbb20afe6b2d7,F01,F,HAPPY,3,S9,T3,
333,subesco,F_01_OISHI_S_9_HAPPY_4.wav,355372,5ae3eb5a13b5579d0808415b773667fc4352abbb6647de7d53a0995e105e85e8,F01,F,HAPPY,3,S9,T4,
334,subesco,F_01_OISHI_S_9_HAPPY_5.wav,352300,1310db50c247c07a2978c0193520a81c1cfb51f07868836073bcd970feeb58f9,F01,F,HAPPY,3,S9,T5,
335,subesco,F_01_OISHI_S_9_NEUTRAL_1.wav,353324,d71b86fc62c7df6917d29b6725f71bc8cfbf3bc0e7e18e1c63c4cb6edfd26805,F01,F,NEUTRAL,4,S9,T1,
336,subesco,F_01_OISHI_S_9_NEUTRAL_2.wav,354348,9b1b07a6106f9f2231e6064822ce2e395119541b8f4a2b0cb1538e6d18fd7783,F01,F,NEUTRAL,4,S9,T2,
337,subesco,F_01_OISHI_S_9_NEUTRAL_3.wav,354348,0960b43f49b4c3cc51d85919f5e467b9836c57a77e35bc9e0cd8001f530faef2,F01,F,NEUTRAL,4,S9,T3,
338,subesco,F_01_OISHI_S_9_NEUTRAL_4.wav,353324,4574a3d74d21018b048addfcee938ba8c066c0da07a4a7adb408802c98a14098,F01,F,NEUTRAL,4,S9,T4,
339,subesco,F_01_OISHI_S_9_NEUTRAL_5.wav,353324,0d32d5228035d16afe03236e13f16b8d42a84be31dd87c3db397147ee657b37b,F01,F,NEUTRAL,4,S9,T5,
340,subesco,F_01_OISHI_S_9_SAD_1.wav,706604,119cc6b682987e1c8d35a0a2dc763d6b8a2d9e4ef552afbfa43573d3fc5d417d,F01,F,SAD,5,S9,T1,
341,subesco,F_01_OISHI_S_9_SAD_2.wav,708652,cae51accdb4b9f35fae59476b9c8e61e5f4f04bca5a2b29926458c7325c75c22,F01,F,SAD,5,S9,T2,
342,subesco,F_01_OISHI_S_9_SAD_3.wav,708652,eebf33d096017104443627dc76285ef976e33f948187bc4e84eb4135eca514b2,F01,F,SAD,5,S9,T3,
343,subesco,F_01_OISHI_S_9_SAD_4.wav,706604,db3797f40e838cc290440bcd44c88aa8deabf666cdab650b47101ecc9f898be9,F01,F,SAD,5,S9,T4,
344,subesco,F_01_OISHI_S_9_SAD_5.wav,708652,6454a2d27e06da3522edc58accee62c38cf4c7246db71240cbbe1b432afab24a,F01,F,SAD,5,S9,T5,
345,subesco,F_01_OISHI_S_9_SURPRISE_1.wav,708652,1d7625d52843e8084c60b11790bbb68642d8ff0a48c91f586880844e031eeda0,F01,F,SURPRISE,6,S9,T1,
346,subesco,F_01_OISHI_S_9_SURPRISE_2.wav,708652,e150ca7f6f5bae5fc402e6006a89d879c7d2f95a37783d0aa878cca4874ee833,F01,F,SURPRISE,6,S9,T2,
347,subesco,F_01_OISHI_S_9_SURPRISE_3.wav,708652,d3075d73f32bfff79240d4ac7077ed9f8a79e350112746d44136ee932456141e,F01,F,SURPRISE,6,S9,T3,
348,subesco,F_01_OISHI_S_9_SURPRISE_4.wav,706604,ebb98ea6be013259a8ea8fd7de0e10a67550fa7c9df86d793c9137d3e922a111,F01,F,SURPRISE,6,S9,T4,
349,subesco,F_01_OISHI_S_9_SURPRISE_5.wav,708652,b246f237d1fbde45b7b217d9bc86c698c7ffef69c1fed1537163e7b558d42d1e,F01,F,SURPRISE,6,S9,T5,
350,subesco,F_02_MONIKA_S_10_ANGRY_1.wav,353324,a0bb8737d5719c2170712361d6eac8df144ad5c372ff61d553f20e09ac53c5d2,F02,F,ANGRY,0,S10,T1,
351,subesco,F_02_MONIKA_S_10_ANGRY_2.wav,354348,af143c121de8313bed50f8dc1a6be78c8adfd2874ba17d09a4238e9ab1200bd5,F02,F,ANGRY,0,S10,T2,
352,subesco,F_02_MONIKA_S_10_ANGRY_3.wav,354348,14b3e8ea7230c2e5d4b06fc975cbb6f38a7cafefab7b4fefec17b1d2e5649ce0,F02,F,ANGRY,0,S10,T3,
353,subesco,F_02_MONIKA_S_10_ANGRY_4.wav,353324,feb405701166490b42ddd1f98396bff5702f8042547976ce0c3e845c23238fad,F02,F,ANGRY,0,S10,T4,
354,subesco,F_02_MONIKA_S_10_ANGRY_5.wav,354348,84bbf5ccadf4b75260f1554d39c790b5559e6753f783a9955433c0d864f8e3e0,F02,F,ANGRY,0,S10,T5,
355,subesco,F_02_MONIKA_S_10_DISGUST_1.wav,354348,aafbb45446d318b84db91b3ed64d1ea33044889f30b8ad65140c92c49f39e40f,F02,F,DISGUST,1,S10,T1,
356,subesco,F_02_MONIKA_S_10_DISGUST_2.wav,353324,908b63aa40dc1281ced39a64b5bc9a83e78e52a19b0d56cef611a0fc672a8dbf,F02,F,DISGUST,1,S10,T2,
357,subesco,F_02_MONIKA_S_10_DISGUST_3.wav,354348,bee2d6483c2335c2aaee56b77a2fc3df595c25fd09cd45cd4d5a803ef40c0237,F02,F,DISGUST,1,S10,T3,
358,subesco,F_02_MONIKA_S_10_DISGUST_4.wav,354348,1b09fe90deeb7c996ace761b2f201728f3ee2caea2f3957d743ccda61480b68b,F02,F,DISGUST,1,S10,T4,
359,subesco,F_02_MONIKA_S_10_DISGUST_5.wav,354348,c28e647593bfc7c365b464127eba2ee60088f66f920411b21dd1ed422e2fe40d,F02,F,DISGUST,1,S10,T5,
360,subesco,F_02_MONIKA_S_10_FEAR_1.wav,354348,8d4f7794229a91bd198a06a5c717fd3774893bebbfef38506628efef3f80c50b,F02,F,FEAR,2,S10,T1,
361,subesco,F_02_MONIKA_S_10_FEAR_2.wav,353324,7bca6c6e41fb10c2a0174bcc8e2619cdb62b8b9f2d5e8e241fd4d5b4a5dc1812,F02,F,FEAR,2,S10,T2,
362,subesco,F_02_MONIKA_S_10_FEAR_3.wav,354348,a3518de0435c12429672dd55705c9bf5afe6141f60d6b9e652966adcc577eb13,F02,F,FEAR,2,S10,T3,
363,subesco,F_02_MONIKA_S_10_FEAR_4.wav,354348,83e1b3bc7ca4a3fbfe65fdfa7204fb6820e0ca0657c48c367eb9b3e5afb8604f,F02,F,FEAR,2,S10,T4,
364,subesco,F_02_MONIKA_S_10_FEAR_5.wav,354348,13bd70bdff9a74465f25be05ee79001b5b89ad93a0ff63adf6c9a375c1bdbf3d,F02,F,FEAR,2,S10,T5,
365,subesco,F_02_MONIKA_S_10_HAPPY_1.wav,353324,d297d53bb002b1801ecf4850d5335daf6d2666c8ba09d0945599b9f8cc230032,F02,F,HAPPY,3,S10,T1,
366,subesco,F_02_MONIKA_S_10_HAPPY_2.wav,353324,2c66435fe9586f18023826d5b9362c0f9d2cdc3555bc42ed8fc69e1cd59afe90,F02,F,HAPPY,3,S10,T2,
367,subesco,F_02_MONIKA_S_10_HAPPY_3.wav,354348,7b5dc96dcb4c5199daec3a3365a57415f0e13b018b0c3ad75078e244f86ecace,F02,F,HAPPY,3,S10,T3,
368,subesco,F_02_MONIKA_S_10_HAPPY_4.wav,353324,8969c5f9c464f1f7402c73cb5f495bb75e3385f8501d4443b34af698321793f9,F02,F,HAPPY,3,S10,T4,
369,subesco,F_02_MONIKA_S_10_HAPPY_5.wav,354348,b4088668bf9f1faadb95e57870cc10510049c06996d0fc34bbfaf641b335a7f3,F02,F,HAPPY,3,S10,T5,
370,subesco,F_02_MONIKA_S_10_NEUTRAL_1.wav,354348,e86193c231329f3310b262698e57c48e41c3278af99dd775605ba61fca0b84b4,F02,F,NEUTRAL,4,S10,T1,
371,subesco,F_02_MONIKA_S_10_NEUTRAL_2.wav,353324,2bcd002b3f13ab4b4b654d735e5953dd142c8541e34c607eb10ba0ade894259b,F02,F,NEUTRAL,4,S10,T2,
372,subesco,F_02_MONIKA_S_10_NEUTRAL_3.wav,354348,ddeda83e9a481e93c96aa6aa32d2a3aac54836d41c551155a708663b8c2f16a6,F02,F,NEUTRAL,4,S10,T3,
373,subesco,F_02_MONIKA_S_10_NEUTRAL_4.wav,354348,65ff9c5ccf5a3619912c49c7521a57dd97144d0011849614c98f8884e4f54c4f,F02,F,NEUTRAL,4,S10,T4,
374,subesco,F_02_MONIKA_S_10_NEUTRAL_5.wav,354348,94fbc7a9b0d7b567b56afd766fa511bf5b37a87947aa70a4b6f73838894f0458,F02,F,NEUTRAL,4,S10,T5,
375,subesco,F_02_MONIKA_S_10_SAD_1.wav,354348,5773e225083cab4e42277227bdddbae57bcc674d19dd25abd7862a7f8ee0c69c,F02,F,SAD,5,S10,T1,
376,subesco,F_02_MONIKA_S_10_SAD_2.wav,354348,5458bb501e22621f59f8c880aa6632b0d3d7b602b960862c8802f8c6a8f56f31,F02,F,SAD,5,S10,T2,
377,subesco,F_02_MONIKA_S_10_SAD_3.wav,354348,34c057fd54f12f5d6f5580ec194bdf019f743f59fc63003dde0e80432ac890c5,F02,F,SAD,5,S10,T3,
378,subesco,F_02_MONIKA_S_10_SAD_4.wav,353324,b44a9361939eac96259adbc78699166cc7a1b8653490428efd0353cecb4365a5,F02,F,SAD,5,S10,T4,
379,subesco,F_02_MONIKA_S_10_SAD_5.wav,353324,daa697a41f71f0592f132de7d9d937a3f7118b98e5ec834a80b65ff187297d2b,F02,F,SAD,5,S10,T5,
380,subesco,F_02_MONIKA_S_10_SURPRISE_1.wav,353324,4b32fb57da529d9d8a258efbcca5bd52b67f38e8b96c34eb18c7ebfcba05e4a3,F02,F,SURPRISE,6,S10,T1,
381,subesco,F_02_MONIKA_S_10_SURPRISE_2.wav,353324,54ce876b10121c4725c0f486d5b71db8331300ff15c84b3cfe1faf72bb0cdc1e,F02,F,SURPRISE,6,S10,T2,
382,subesco,F_02_MONIKA_S_10_SURPRISE_3.wav,354348,b98f3668a06bf6bec5ad92510b6b0ba1bb1151d69d598c076116cc4c6c883357,F02,F,SURPRISE,6,S10,T3,
383,subesco,F_02_MONIKA_S_10_SURPRISE_4.wav,354348,e534ed0fcdffb538173218ccdc6b3a65fe93c732d81140fe1af8c5bfc7c0ab82,F02,F,SURPRISE,6,S10,T4,
384,subesco,F_02_MONIKA_S_10_SURPRISE_5.wav,353324,d6a690d6550bfb8c092ab1f387a7ed1313ece27cd18ab8390cee596fa74d4e99,F02,F,SURPRISE,6,S10,T5,
385,subesco,F_02_MONIKA_S_1_ANGRY_1.wav,354348,f62b8eb6f7b60a783e01797fb6c6eef8d531291b3c536d330b4959ea1903927d,F02,F,ANGRY,0,S1,T1,
386,subesco,F_02_MONIKA_S_1_ANGRY_2.wav,354348,881bfa7495aedea0f57509edffe3741eff6c1f95b19980e27bc776155e574eab,F02,F,ANGRY,0,S1,T2,
387,subesco,F_02_MONIKA_S_1_ANGRY_3.wav,354348,0fa8e1bb223a4fc3f5058df14e5ac592ca13bd14e931a24d2fed7367962cbaed,F02,F,ANGRY,0,S1,T3,
388,subesco,F_02_MONIKA_S_1_ANGRY_4.wav,353324,0db3ccdc087855b7d4b00d62a37a0e440236c288613076dbabe23f424c0f7163,F02,F,ANGRY,0,S1,T4,
389,subesco,F_02_MONIKA_S_1_ANGRY_5.wav,354348,d5b6132201e4da6482c7138fe12532b4eeae8829efa6e455d7638fc7abd2610f,F02,F,ANGRY,0,S1,T5,
390,subesco,F_02_MONIKA_S_1_DISGUST_1.wav,354348,b6344a93282bf5011b6d4680201e1f125271f898864b4fad1a24f54ded88ff6e,F02,F,DISGUST,1,S1,T1,
391,subesco,F_02_MONIKA_S_1_DISGUST_2.wav,430124,f3f3fa90fb6f8be2dd098ad566c705541aaa720762dc7a79a223f786ab216a7f,F02,F,DISGUST,1,S1,T2,
392,subesco,F_02_MONIKA_S_1_DISGUST_3.wav,354348,4bdc9acd522cb82d717de48a78e9229deae781e40aa5587aab586a2b22ccee08,F02,F,DISGUST,1,S1,T3,
393,subesco,F_02_MONIKA_S_1_DISGUST_4.wav,355372,f841897362b3764b88cdb4dd2a06dcc38f672c5e4d40f0409a7c196d6311ba15,F02,F,DISGUST,1,S1,T4,
394,subesco,F_02_MONIKA_S_1_DISGUST_5.wav,354348,d18d291fbd749ba93bacc8082d040e1ce0ae055de9f9cb303c8d93e425496fe7,F02,F,DISGUST,1,S1,T5,
395,subesco,F_02_MONIKA_S_1_FEAR_1.wav,354348,77047179c57f4827d7fdd6e5a56ed92411bb314041f03124635215be090be477,F02,F,FEAR,2,S1,T1,
396,subesco,F_02_MONIKA_S_1_FEAR_2.wav,353324,2c86dfd3c0dae942034b759bd3bbe9e5ec28fcd7fbec9f2cc8ea69af56405aac,F02,F,FEAR,2,S1,T2,
397,subesco,F_02_MONIKA_S_1_FEAR_3.wav,354348,295db5be64c7f470455cd4b013fd5eb089f1d627fa8093791a9fa09c23032669,F02,F,FEAR,2,S1,T3,
398,subesco,F_02_MONIKA_S_1_FEAR_4.wav,354348,b25e8e57075050b3f55c12ff0638c9ecffdee2bb82080de09dc06169f69bda19,F02,F,FEAR,2,S1,T4,
399,subesco,F_02_MONIKA_S_1_FEAR_5.wav,354348,0283c84cf6a3b54345d46c8e3ebeada40e999c115d6134583d387e309a73915a,F02,F,FEAR,2,S1,T5,
400,subesco,F_02_MONIKA_S_1_HAPPY_1.wav,353324,534a9bfbd19b21793e38b2426541856564e53feac9bfff905283015032ae9148,F02,F,HAPPY,3,S1,T1,
401,subesco,F_02_MONIKA_S_1_HAPPY_2.wav,353324,3b468717a787619d02a6e794456835083453ad3a2473749bfe7c6bf27dfd57cb,F02,F,HAPPY,3,S1,T2,
402,subesco,F_02_MONIKA_S_1_HAPPY_3.wav,353324,5409a22f4580331f7092b76e1bf72d36381333317a9ce60442303a628da83cec,F02,F,HAPPY,3,S1,T3,
403,subesco,F_02_MONIKA_S_1_HAPPY_4.wav,354348,899ded1cc3c20c624311101e50b23c4dca9300ba7ad03888931b81165364dce3,F02,F,HAPPY,3,S1,T4,
404,subesco,F_02_MONIKA_S_1_HAPPY_5.wav,354348,92a5f6e259037ef978b1ca6409128559f641a5312bb5c1abc18c195efab7b64f,F02,F,HAPPY,3,S1,T5,
405,subesco,F_02_MONIKA_S_1_NEUTRAL_1.wav,354348,2c1f078c2ca6197c4207ffbcc1f0a870b8bb79947e2e28be09aeb549cb2c5abd,F02,F,NEUTRAL,4,S1,T1,
406,subesco,F_02_MONIKA_S_1_NEUTRAL_2.wav,353324,20105af52e36f6701c61c77bd6cc5e2ba9d11ab90053fab7fe6fd0fc08f62493,F02,F,NEUTRAL,4,S1,T2,
407,subesco,F_02_MONIKA_S_1_NEUTRAL_3.wav,353324,f94557db25917f7847a53fcbbb843205e42e477d1f6be41c37d46a9896578951,F02,F,NEUTRAL,4,S1,T3,
408,subesco,F_02_MONIKA_S_1_NEUTRAL_4.wav,354348,60de52a2efc722221846ff88e8c15e5887b3aa05f8f8ba3c901d5242306fd96c,F02,F,NEUTRAL,4,S1,T4,
409,subesco,F_02_MONIKA_S_1_NEUTRAL_5.wav,354348,84af710099ecaae15020e3ba1677bfd2e05e446b3a08f456dbe4047ecbc4706f,F02,F,NEUTRAL,4,S1,T5,
410,subesco,F_02_MONIKA_S_1_SAD_1.wav,354348,da6bd26a456120b32e580e843004ec57711809b9a1f8076656e0d8eb268cb4ac,F02,F,SAD,5,S1,T1,
411,subesco,F_02_MONIKA_S_1_SAD_2.wav,354348,2956543c82f5d06576127d2a9a6385d219067e54f20aac097bea7436d780ddfc,F02,F,SAD,5,S1,T2,
412,subesco,F_02_MONIKA_S_1_SAD_3.wav,353324,f759f4411c1d7cab8d44726df8ea95baf8ee6392b34e047c44fc6e35cd154e6d,F02,F,SAD,5,S1,T3,
413,subesco,F_02_MONIKA_S_1_SAD_4.wav,354348,3ad3456e8cf78cfcbf669aa387dd56ea6cfb565a87c30a2192d3c213f8347c5c,F02,F,SAD,5,S1,T4,
414,subesco,F_02_MONIKA_S_1_SAD_5.wav,354348,2245bc17cb6b007e40e01d79287a78155af12fa31a52dbb842badafb35893fc8,F02,F,SAD,5,S1,T5,
415,subesco,F_02_MONIKA_S_1_SURPRISE_1.wav,354348,498e3c53844e1d44b04422b30da39a270beb16893868d285d5a9f4c5299a3a49,F02,F,SURPRISE,6,S1,T1,
416,subesco,F_02_MONIKA_S_1_SURPRISE_2.wav,354348,4bf2206e8d05e9e7c294540383f5a7b81f9c50a410dfe63094ee4ec9627a1a98,F02,F,SURPRISE,6,S1,T2,
417,subesco,F_02_MONIKA_S_1_SURPRISE_3.wav,354348,0738c15bb4c2450455b3be1870d29795de8aa4160418459b0f9eb65159957f03,F02,F,SURPRISE,6,S1,T3,
418,subesco,F_02_MONIKA_S_1_SURPRISE_4.wav,354348,ab805e0af4952000bfd6964b6ca27cb894e6637b8e009f29c6d954c6d0b09629,F02,F,SURPRISE,6,S1,T4,
419,subesco,F_02_MONIKA_S_1_SURPRISE_5.wav,354348,ec3f62e35517cfc99d0c53b1f7cd318ce5abc0e2c2118c0b222376304ff3c739,F02,F,SURPRISE,6,S1,T5,
420,subesco,F_02_MONIKA_S_2_ANGRY_1.wav,354348,878e73d4ca70692bf64a97c3cde088e858fadbc2bf2069e2e90bc5500bb397a4,F02,F,ANGRY,0,S2,T1,
421,subesco,F_02_MONIKA_S_2_ANGRY_2.wav,353324,e521f85bf267fb262b9e0bc50eba0a7040a563c0f5f4c8f3667f4bb45cc8c433,F02,F,ANGRY,0,S2,T2,
422,subesco,F_02_MONIKA_S_2_ANGRY_3.wav,353324,0a4502e80559f4f48aae03218cc83222a3ba6f3167b79a1402e6fdbede9a1323,F02,F,ANGRY,0,S2,T3,
423,subesco,F_02_MONIKA_S_2_ANGRY_4.wav,354348,0fbd393733169d959aa3740fa5ffa29544a6650bc2e00b472ddeb64327179128,F02,F,ANGRY,0,S2,T4,
424,subesco,F_02_MONIKA_S_2_ANGRY_5.wav,354348,006a6a61eb211c9ff19a2261613bce8e26c0bb10fb9543c0dcafc714a8d8ea07,F02,F,ANGRY,0,S2,T5,
425,subesco,F_02_MONIKA_S_2_DISGUST_1.wav,354348,e6c0d0ab7cd20fb001cbfc6d7f1c86a8073389c93e699d147c7e22c9924e339e,F02,F,DISGUST,1,S2,T1,
426,subesco,F_02_MONIKA_S_2_DISGUST_2.wav,354348,63f166cd3712828eabf22b26c8ccf729bdd30825a3efb17a5e6eaca2377a65f5,F02,F,DISGUST,1,S2,T2,
427,subesco,F_02_MONIKA_S_2_DISGUST_3.wav,353324,91dc43ff52049e573a415edd2e86a17d7743cb2e83e8e39a904fa3c1e0e1917a,F02,F,DISGUST,1,S2,T3,
428,subesco,F_02_MONIKA_S_2_DISGUST_4.wav,354348,e162e7aef5996242083a9845816403a2140dcfe09793ab6de5b95dad560b3fde,F02,F,DISGUST,1,S2,T4,
429,subesco,F_02_MONIKA_S_2_DISGUST_5.wav,353324,0ce14a8d4c7405e12f9a8a23509216ad3b2cc2ca2c4d85f0a1b65876566ed79c,F02,F,DISGUST,1,S2,T5,
430,subesco,F_02_MONIKA_S_2_FEAR_1.wav,354348,ae3a3e869db579c2c7e025140dc933262f80d526cb21d0a02dc46f566bbf6606,F02,F,FEAR,2,S2,T1,
431,subesco,F_02_MONIKA_S_2_FEAR_2.wav,354348,6664f7933334506004e837273e249d4e516c4bc5deac6d0226c60f1604fd447e,F02,F,FEAR,2,S2,T2,
432,subesco,F_02_MONIKA_S_2_FEAR_3.wav,353324,78faa1f894722f8f55cd909e878e51d5350ce22ba53cf1d29ac1e598572d1e33,F02,F,FEAR,2,S2,T3,
433,subesco,F_02_MONIKA_S_2_FEAR_4.wav,354348,259e05125adabd926a6a71a5475418cf9e177992fc1ae403a655f4aa8c6c2f8d,F02,F,FEAR,2,S2,T4,
434,subesco,F_02_MONIKA_S_2_FEAR_5.wav,353324,ef0a7b4cbb6c43184938bbc715aaf679994688447911f7544ca7a99aff5d6694,F02,F,FEAR,2,S2,T5,
435,subesco,F_02_MONIKA_S_2_HAPPY_1.wav,354348,479086e54eb2f847f0e17ead68cf1d0ad6af834d93f748b8402db7b4ff58c32e,F02,F,HAPPY,3,S2,T1,
436,subesco,F_02_MONIKA_S_2_HAPPY_2.wav,354348,a1b28f680f5e1085b62006206cad029013b3e8e455957b9c2a73c9a20dcc39c6,F02,F,HAPPY,3,S2,T2,
437,subesco,F_02_MONIKA_S_2_HAPPY_3.wav,354348,bb9416d396987f9a337805ee90d74bc6213df65b9cce9b175a0614566d689111,F02,F,HAPPY,3,S2,T3,
438,subesco,F_02_MONIKA_S_2_HAPPY_4.wav,354348,b42d7e478a2d965d399c24f8e69430fb9477009c4689f027e57876ffd3f9259f,F02,F,HAPPY,3,S2,T4,
439,subesco,F_02_MONIKA_S_2_HAPPY_5.wav,354348,b65d0eac32cbea1092c68fe970ddd38134589d64b85b470e1640089ed3953dd5,F02,F,HAPPY,3,S2,T5,
440,subesco,F_02_MONIKA_S_2_NEUTRAL_1.wav,353324,11b9189b62d98af241123ed78035f031a4408c28223f56a4e7cfd2f81ce0952a,F02,F,NEUTRAL,4,S2,T1,
441,subesco,F_02_MONIKA_S_2_NEUTRAL_2.wav,353324,b699725311f7add27de4e28ec716b330fa359652b84e29af10f1cc5f798d1109,F02,F,NEUTRAL,4,S2,T2,
442,subesco,F_02_MONIKA_S_2_NEUTRAL_3.wav,353324,de7ecc5fde5c6c9d79d66dd8aa176f6889ffc9b82293933c3adb92075f43acd6,F02,F,NEUTRAL,4,S2,T3,
443,subesco,F_02_MONIKA_S_2_NEUTRAL_4.wav,354348,b4c6d41aceb88f7295be9471da831d25dbfeac196235b233e9d0469b66406668,F02,F,NEUTRAL,4,S2,T4,
444,subesco,F_02_MONIKA_S_2_NEUTRAL_5.wav,354348,a90a4e2a95fd459e224a05106676cb41a3cbd63a797ec7bb5f9c872e1b2a595a,F02,F,NEUTRAL,4,S2,T5,
445,subesco,F_02_MONIKA_S_2_SAD_1.wav,360492,266fffcee15f4bb8e81d9d78245ae20240e42878aa18164332adcc3d85e2121b,F02,F,SAD,5,S2,T1,
446,subesco,F_02_MONIKA_S_2_SAD_2.wav,354348,f24ef14dc994e00544256880ea0a4160c27a6d271ad275c163dc46957c9be079,F02,F,SAD,5,S2,T2,
447,subesco,F_02_MONIKA_S_2_SAD_3.wav,353324,c66c4b09fc665049a39f339e29dfb48463b36d87cdf6d4cd1b073dcad11c9e9e,F02,F,SAD,5,S2,T3,
448,subesco,F_02_MONIKA_S_2_SAD_4.wav,354348,599ce420072b910e93c46b43a5e444127e0a4c06c207717d9b5396445199bcc7,F02,F,SAD,5,S2,T4,
449,subesco,F_02_MONIKA_S_2_SAD_5.wav,354348,0a84d66ff1094f5ad700027bb5820561920faf792c1f8e0a356abe3ea65a30a2,F02,F,SAD,5,S2,T5,
450,subesco,F_02_MONIKA_S_2_SURPRISE_1.wav,354348,c24b08e8abdbb34edd15dba8d72f7c8dedc293e6c4fb24f96a6aac5d384ba848,F02,F,SURPRISE,6,S2,T1,
451,subesco,F_02_MONIKA_S_2_SURPRISE_2.wav,354348,6e518d3c6be30d0995f40217cbb9b93fbd42e82587e135fcd78c2c531dd5c910,F02,F,SURPRISE,6,S2,T2,
452,subesco,F_02_MONIKA_S_2_SURPRISE_3].wav,353324,96220c62b0faa704261bb31cfdc0a9cf023c2dbd1e30af532a3b7fd216940c9c,F02,F,SURPRISE,6,S2,T3,
453,subesco,F_02_MONIKA_S_2_SURPRISE_4.wav,354348,6f7ec9e1e00bda14ce9ac4df92d301c27e472407f42a5a5192caae87c66c78f6,F02,F,SURPRISE,6,S2,T4,
454,subesco,F_02_MONIKA_S_2_SURPRISE_5.wav,354348,2f6380bbaa9f7690bb6800aaad1fb6f14a567e2abeb433918080dc0b97997b99,F02,F,SURPRISE,6,S2,T5,
455,subesco,F_02_MONIKA_S_3_ANGRY_1.wav,354348,bf989f36d5d9c39bbb81451dd09f7acd8b6bb0137a3312cc59b086ce13445689,F02,F,ANGRY,0,S3,T1,
456,subesco,F_02_MONIKA_S_3_ANGRY_2.wav,353324,71391e2e59a4466a5db938846e8b38ab41c1035a6d369d85b83f9b4a8f5371fd,F02,F,ANGRY,0,S3,T2,
457,subesco,F_02_MONIKA_S_3_ANGRY_3.wav,354348,7b86d9c32d7c8c35ecd85927690b995b7bc1216555f1280c5194059929c7c453,F02,F,ANGRY,0,S3,T3,
458,subesco,F_02_MONIKA_S_3_ANGRY_4.wav,354348,31385408f167ddd93d8be78f047d0796a3c53e6eb1e4d48409c64e034443aad8,F02,F,ANGRY,0,S3,T4,
459,subesco,F_02_MONIKA_S_3_ANGRY_5.wav,354348,3c2c0973035eec854d6419e8d63184acdf8967c2ba4fc4feda8d105de7c4eaae,F02,F,ANGRY,0,S3,T5,
460,subesco,F_02_MONIKA_S_3_DISGUST_1.wav,353324,3aa5d8da514c521240b86c71778444576d1f13930095be7e04df8d5ccb91b3dc,F02,F,DISGUST,1,S3,T1,
461,subesco,F_02_MONIKA_S_3_DISGUST_2.wav,354348,630657ba53e84e7c95743137eff59b5dbb2165f02957041561d0ddf468d70c53,F02,F,DISGUST,1,S3,T2,
462,subesco,F_02_MONIKA_S_3_DISGUST_3.wav,353324,78d0771ae06927dd8fbe0e7c1d1bef938830267a6c8808e305c2c9e845ebd656,F02,F,DISGUST,1,S3,T3,
463,subesco,F_02_MONIKA_S_3_DISGUST_4.wav,354348,eacba1a4a4dc18949c240941abb9569967024271085d1af7cb1676fb406b7db2,F02,F,DISGUST,1,S3,T4,
464,subesco,F_02_MONIKA_S_3_DISGUST_5.wav,353324,53009adcd89f4c3274e9aa3f85bf11b7e46cd37a1548f7c1cb37b35ca9724d17,F02,F,DISGUST,1,S3,T5,
465,subesco,F_02_MONIKA_S_3_FEAR_1.wav,354348,6cd45e5e15b645bbc5c8e18935c97879ba98cea3d29ab3da21670695a6d87889,F02,F,FEAR,2,S3,T1,
466,subesco,F_02_MONIKA_S_3_FEAR_2.wav,353324,bafdf2f552215fab0f951c6e955019fd558106ed840dbeb3c48624f0bf2a54e2,F02,F,FEAR,2,S3,T2,
467,subesco,F_02_MONIKA_S_3_FEAR_3.wav,354348,b55e983161d2754537df854f2362d9292db74c2d440f0ca7e13862d89cfe34c3,F02,F,FEAR,2,S3,T3,
468,subesco,F_02_MONIKA_S_3_FEAR_4.wav,353324,7822917bede28551e3c938650d05886d5801bf2c4f36ce5d6ff1f17bd4b20171,F02,F,FEAR,2,S3,T4,
469,subesco,F_02_MONIKA_S_3_FEAR_5.wav,354348,04b6d562ba084ce436d569b4243eab6c79cf999c8f17d39450bcabc5d5705c76,F02,F,FEAR,2,S3,T5,
470,subesco,F_02_MONIKA_S_3_HAPPY_1.wav,353324,8b8fbd7f99f52ef349645ace01e6043b251678666b4789d6f5cb9dee233ce3da,F02,F,HAPPY,3,S3,T1,
471,subesco,F_02_MONIKA_S_3_HAPPY_2.wav,354348,07e3423df7b6c2003281a1feba005e4e3b0c3b4a549d37889b0b4bc5cab5dcb5,F02,F,HAPPY,3,S3,T2,
472,subesco,F_02_MONIKA_S_3_HAPPY_3.wav,353324,ccc96f3b5c0ec3fd40f07a0497ceefc089cb8ef6d681be419e2322d65e7c01cc,F02,F,HAPPY,3,S3,T3,
473,subesco,F_02_MONIKA_S_3_HAPPY_4.wav,354348,51066c7b0ed42abe4dedef267ec0d77347471d1aaa6768ebecb8404090350ab5,F02,F,HAPPY,3,S3,T4,
474,subesco,F_02_MONIKA_S_3_HAPPY_5.wav,353324,83705a648ffd7d949a09b5fe6da54de76e64cd6f9bda7ba54dfbdefabc0b03fc,F02,F,HAPPY,3,S3,T5,
475,subesco,F_02_MONIKA_S_3_NEUTRAL_1.wav,355372,ff24c1205f9eb27b0892376af32d33576ff65ad34e844aa070576646eb17fe78,F02,F,NEUTRAL,4,S3,T1,
476,subesco,F_02_MONIKA_S_3_NEUTRAL_2.wav,355372,a9dc9ad3c5a2e776c1773acc927167584cbf396850894cbd9565055b1cbbf2c5,F02,F,NEUTRAL,4,S3,T2,
477,subesco,F_02_MONIKA_S_3_NEUTRAL_3.wav,353324,e4f8328685bf7d0793b1ed90de7e9fd2373ad56431acb9f63343df00bd378a1a,F02,F,NEUTRAL,4,S3,T3,
478,subesco,F_02_MONIKA_S_3_NEUTRAL_4.wav,353324,d45c47367aa5e371967a049e6731a7a3b801682f039088659ce3443176609d85,F02,F,NEUTRAL,4,S3,T4,
479,subesco,F_02_MONIKA_S_3_NEUTRAL_5.wav,352300,5c5a4d446adbc7d5bbfcb416a0fba7503dc1b762fedbae2590064992188ce9bf,F02,F,NEUTRAL,4,S3,T5,
480,subesco,F_02_MONIKA_S_3_SAD_1.wav,354348,c8f24a59718eb581e320ac4c8cc5e065770e4bfb7ff14aeb75c9d338296efc13,F02,F,SAD,5,S3,T1,
481,subesco,F_02_MONIKA_S_3_SAD_2.wav,354348,8ce76f4f3195af22ef7b6f602c638f77a47eff9e7a1c03c32d9f09e0b4a1f8cd,F02,F,SAD,5,S3,T2,
482,subesco,F_02_MONIKA_S_3_SAD_3.wav,354348,5558f7e411c4629ae570eb43ad1a8184ee5684f8f4d56560a298a8e352102aa7,F02,F,SAD,5,S3,T3,
483,subesco,F_02_MONIKA_S_3_SAD_4.wav,354348,f2a8814907f8cc7303d6d83e942002bd62764cb8fad8e19870ad34359371045f,F02,F,SAD,5,S3,T4,
484,subesco,F_02_MONIKA_S_3_SAD_5.wav,354348,a5f27f6b765a8d0eef8c0caf2c278148684c30292e5e8ecffe3456903ac979ff,F02,F,SAD,5,S3,T5,
485,subesco,F_02_MONIKA_S_3_SURPRISE_1.wav,352300,7ae6c937a7dc319e6e2939dc1e7432162101db1d7038db647399161a46fe8ddd,F02,F,SURPRISE,6,S3,T1,
486,subesco,F_02_MONIKA_S_3_SURPRISE_2.wav,353324,3a60df68981ba77b61d4c2601e04db6586399bb2e3dcba1301e5d5fa35818ced,F02,F,SURPRISE,6,S3,T2,
487,subesco,F_02_MONIKA_S_3_SURPRISE_3.wav,353324,bacc888fd2d9102650d6223a14752baece57f0bb13189cf2f88074b466f36743,F02,F,SURPRISE,6,S3,T3,
488,subesco,F_02_MONIKA_S_3_SURPRISE_4.wav,355372,4d0f15551e1d9e71afc8b123c6de980ec7a0276257bd913d2db8c5942b038b2e,F02,F,SURPRISE,6,S3,T4,
489,subesco,F_02_MONIKA_S_3_SURPRISE_5.wav,355372,c7ee7120c2c4cf6a637ebdee9c7e97ec6429c189116e0de00282b492bec88fc5,F02,F,SURPRISE,6,S3,T5,
490,subesco,F_02_MONIKA_S_4_ANGRY_1.wav,354348,eda6827091508400db00119545231dff4ee06d06100ebb859005ba87a50fe6c4,F02,F,ANGRY,0,S4,T1,
491,subesco,F_02_MONIKA_S_4_ANGRY_2.wav,354348,b8033365b7c24374f34f213050c902ddba1491c350bf7ecfaadf6c2444409680,F02,F,ANGRY,0,S4,T2,
492,subesco,F_02_MONIKA_S_4_ANGRY_3.wav,354348,b481552c3407b66c942698a2706ebca75ce7f4b641c6927a0040e2372e1730bd,F02,F,ANGRY,0,S4,T3,
493,subesco,F_02_MONIKA_S_4_ANGRY_4.wav,354348,e73be6fc8a7655a0e49624794a4fc157c394ab5d7be29d4776f12487d84830a1,F02,F,ANGRY,0,S4,T4,
494,subesco,F_02_MONIKA_S_4_ANGRY_5.wav,354348,548e320580736d5ce87982f73da23fbba313f7e2ae02a9f2d304e958045e5765,F02,F,ANGRY,0,S4,T5,
495,subesco,F_02_MONIKA_S_4_DISGUST_1.wav,354348,20dd3688361c68417a70f4495fe6307ac503015e7e04f4e4548dabe08db08161,F02,F,DISGUST,1,S4,T1,
496,subesco,F_02_MONIKA_S_4_DISGUST_2.wav,354348,4ffc3cd7c7f512be4194a0a06dd59313a82fc7466d4cabce95ba715e58e8bf01,F02,F,DISGUST,1,S4,T2,
497,subesco,F_02_MONIKA_S_4_DISGUST_3.wav,353324,2b70f4e3bd6b81e709b1b3785c2918748a7196a58268d8cef0a39f77d344e656,F02,F,DISGUST,1,S4,T3,
498,subesco,F_02_MONIKA_S_4_DISGUST_4.wav,353324,2e6430ad346171b35974116c757cbfee5321b020a70316c475e52b608f73767a,F02,F,DISGUST,1,S4,T4,
499,subesco,F_02_MONIKA_S_4_DISGUST_5.wav,353324,f27cb0305766415baa17b3c92d88860d7b7ae305148287c7103c7a4195872c3f,F02,F,DISGUST,1,S4,T5,
500,subesco,F_02_MONIKA_S_4_FEAR_1.wav,352300,f8e557e591e1424e1d78bf064a39557f40dae2b2bb335f3d20c238b00a5096cd,F02,F,FEAR,2,S4,T1,
501,subesco,F_02_MONIKA_S_4_FEAR_2.wav,354348,4f4bafc3cbf3357c7abedeb71ccd3c7a7af22afbe626d95959582d75de872d08,F02,F,FEAR,2,S4,T2,
502,subesco,F_02_MONIKA_S_4_FEAR_3.wav,352300,f386e6abcf35b9453dd282db8b53d0f3cd970b2db90fd51e6915819734a682a1,F02,F,FEAR,2,S4,T3,
503,subesco,F_02_MONIKA_S_4_FEAR_4.wav,353324,9bcc9256bd377e2e90b751e67ef9e1f93a1045e9dc1371fd40bae73537885b4e,F02,F,FEAR,2,S4,T4,
504,subesco,F_02_MONIKA_S_4_FEAR_5.wav,354348,d5a289d15219fd0995f0aa0ec2cb4f0f662bc63f4946b3f89b864845148a5972,F02,F,FEAR,2,S4,T5,
505,subesco,F_02_MONIKA_S_4_HAPPY_1.wav,355372,ff81375054ae4ca6f81b0dd1c15953128a66248720da25e733ed2f337c4a43a7,F02,F,HAPPY,3,S4,T1,
506,subesco,F_02_MONIKA_S_4_HAPPY_2.wav,354348,c7c8d3ab6d73459844ec6b8281efb0eb7cb46fbdd925e2ddc4a510381f137f09,F02,F,HAPPY,3,S4,T2,
507,subesco,F_02_MONIKA_S_4_HAPPY_3.wav,354348,7a4585058ef538314245f26c39f375d5b9f3fd1906a3585516206ee3a7e8f773,F02,F,HAPPY,3,S4,T3,
508,subesco,F_02_MONIKA_S_4_HAPPY_4.wav,354348,c9503f85c2dd71c105cece6f0c48ec418277602caf76c50f5a8b72e0e36ceef7,F02,F,HAPPY,3,S4,T4,
509,subesco,F_02_MONIKA_S_4_HAPPY_5.wav,354348,a3139f02430046a4aa2934dee30710d20177baa861d8707b319574e70a4398f0,F02,F,HAPPY,3,S4,T5,
510,subesco,F_02_MONIKA_S_4_NEUTRAL_1.wav,354348,c4de5cde34e5e1f0c75b9290d245cbdb0635082d1d7aeb2f94ee238ac9e6ba5a,F02,F,NEUTRAL,4,S4,T1,
511,subesco,F_02_MONIKA_S_4_NEUTRAL_2.wav,353324,9f2467ede239b9b15bef24abeacb0f7361fe726974567a43d75030787c82f372,F02,F,NEUTRAL,4,S4,T2,
512,subesco,F_02_MONIKA_S_4_NEUTRAL_3.wav,352300,c7598d3ce787bd859981ded4ea8be740c6b70505ad4135f27129c7df25166138,F02,F,NEUTRAL,4,S4,T3,
513,subesco,F_02_MONIKA_S_4_NEUTRAL_4.wav,354348,24cef4f1e8fd84751a7ff4d7c4e064be95580f629b299351eb4da25040883fe0,F02,F,NEUTRAL,4,S4,T4,
514,subesco,F_02_MONIKA_S_4_NEUTRAL_5.wav,353324,e5dd0d40da94a1e83f7fa1d28f4a93051ef50020c4e60fb66035af06523b2454,F02,F,NEUTRAL,4,S4,T5,
515,subesco,F_02_MONIKA_S_4_SAD_1.wav,354348,75ff0a99d586bb62034b2e7d71e29188071cc8b3d3e9ba988e911a190d62c07c,F02,F,SAD,5,S4,T1,
516,subesco,F_02_MONIKA_S_4_SAD_2.wav,354348,423b95b9b6d13ce06b4d59f8398e0508049a810ead4792321d0649b4aee13602,F02,F,SAD,5,S4,T2,
517,subesco,F_02_MONIKA_S_4_SAD_3.wav,354348,80f075364b70fd67a09b1156de300baea08172b5ee07a1bf556a7f7b35142c1b,F02,F,SAD,5,S4,T3,
518,subesco,F_02_MONIKA_S_4_SAD_4.wav,354348,b43453940ed256de3503e80ee91ef5ca6af5c87b54e3a1d1030ffc105445364a,F02,F,SAD,5,S4,T4,
519,subesco,F_02_MONIKA_S_4_SAD_5.wav,353324,8ecfca9c5b3542fe2a34d693f886594b1a74ae434b514457124def34435e7b39,F02,F,SAD,5,S4,T5,
520,subesco,F_02_MONIKA_S_4_SURPRISE_1.wav,354348,2b187809df1d998aa8eda5ff3d5787c9696889f42363357d08bf879da4a66ee5,F02,F,SURPRISE,6,S4,T1,
521,subesco,F_02_MONIKA_S_4_SURPRISE_2.wav,353324,3474b672132310099a96f4de563eb8b7db6cff6d0acc821c4f0e0c7b7bb13d86,F02,F,SURPRISE,6,S4,T2,
522,subesco,F_02_MONIKA_S_4_SURPRISE_3.wav,354348,73dae0a21e83e635788823a74a659879e9d8fee55d40f044e3808cc953c65bd6,F02,F,SURPRISE,6,S4,T3,
523,subesco,F_02_MONIKA_S_4_SURPRISE_4.wav,354348,842a434064c8bbecc45d2e97bfdcf0a3e527a9fda3ef8f767ba82222087c59bd,F02,F,SURPRISE,6,S4,T4,
524,subesco,F_02_MONIKA_S_4_SURPRISE_5.wav,354348,029262dec438f56d920192bcac72823068426310aca674ebc04944aae38bd300,F02,F,SURPRISE,6,S4,T5,
525,subesco,F_02_MONIKA_S_5_ANGRY_1.wav,354348,2ceaeee5e33c501129b4a7556a9f647aea1d55509dd9558c4e5bc4ca94bf5c0c,F02,F,ANGRY,0,S5,T1,
526,subesco,F_02_MONIKA_S_5_ANGRY_2.wav,353324,d44521cb8cf5384f5a51842358b40afba25eba19b30bf3b324ea369befeac872,F02,F,ANGRY,0,S5,T2,
527,subesco,F_02_MONIKA_S_5_ANGRY_3.wav,354348,0b078c350638dd6d03484ce2c6c7433ac6376ec51c6411e24a16d443c7a3da74,F02,F,ANGRY,0,S5,T3,
528,subesco,F_02_MONIKA_S_5_ANGRY_4.wav,354348,c4ac78933174a5b94f0ecae3dad8345b32ce16d77bb6c08e994599ace1bd9f10,F02,F,ANGRY,0,S5,T4,
529,subesco,F_02_MONIKA_S_5_ANGRY_5.wav,354348,30f8b47236fac0a73d335abffa73b0004eeb282f8d251747461c491925f0e311,F02,F,ANGRY,0,S5,T5,
530,subesco,F_02_MONIKA_S_5_DISGUST_1.wav,354348,0a47b03c8983990863e47b5bd653154225f487a09996f10b96854d9bf3a1aa41,F02,F,DISGUST,1,S5,T1,
531,subesco,F_02_MONIKA_S_5_DISGUST_2.wav,354348,2a33f7b946fc82ac2392d6815f5794eb54203b3f5e4a28d65b83ddcabbc401c7,F02,F,DISGUST,1,S5,T2,
532,subesco,F_02_MONIKA_S_5_DISGUST_3.wav,355372,f9d71caaee93b6c5774a1eb116e00953440f9a3bf84faa23d69d5de70a5935d1,F02,F,DISGUST,1,S5,T3,
533,subesco,F_02_MONIKA_S_5_DISGUST_4.wav,354348,e0c7e8d3290ac1e01a7b5af07e7e0e5b9b56eabae5edb50e0acc8cd9cef18e21,F02,F,DISGUST,1,S5,T4,
534,subesco,F_02_MONIKA_S_5_DISGUST_5.wav,353324,8ffb9c369621cad82a2b735dada152c105e97d23666d2709573096f39eb5c6fe,F02,F,DISGUST,1,S5,T5,
535,subesco,F_02_MONIKA_S_5_FEAR_1.wav,354348,59bd2870a6247bdb9e1aee3133c9739d9a16995a35f3c663d6da404f6f5c0426,F02,F,FEAR,2,S5,T1,
536,subesco,F_02_MONIKA_S_5_FEAR_2.wav,353324,7a05a5a1501d35de57e67124f08c0125d72f9a182d35f581daf3bb7de03d99de,F02,F,FEAR,2,S5,T2,
537,subesco,F_02_MONIKA_S_5_FEAR_3.wav,354348,61be09d4f9d274bac5c5c6b8be5d2a89349aac4d8b89495520e932cf30bd519e,F02,F,FEAR,2,S5,T3,
538,subesco,F_02_MONIKA_S_5_FEAR_4.wav,354348,53a8a0d5a11d659ee7b65532a985c7b2b5ac08cebc606e4828a742387bdf077e,F02,F,FEAR,2,S5,T4,
539,subesco,F_02_MONIKA_S_5_FEAR_5.wav,354348,20ccfcebbfe74feb6f927aa44d3e6ff750ef6b6f2b84e882b0a94e876b3a01d7,F02,F,FEAR,2,S5,T5,
540,subesco,F_02_MONIKA_S_5_HAPPY_1.wav,354348,ebce4137a868dc20c4c6d43117f55337e73fa5ec4e887be0a762495a17de0455,F02,F,HAPPY,3,S5,T1,
541,subesco,F_02_MONIKA_S_5_HAPPY_2.wav,354348,28bd8e02ea53c39f377b9ba221fa4b1701a3703d2a2478dcc6808390d9a490e1,F02,F,HAPPY,3,S5,T2,
542,subesco,F_02_MONIKA_S_5_HAPPY_3.wav,354348,aae007f5d29691c7723644c0febcb5202b606899364183a67821e027ba870609,F02,F,HAPPY,3,S5,T3,
543,subesco,F_02_MONIKA_S_5_HAPPY_4.wav,354348,59f449ada2812f29a4e2e1de3a37255fdf0eab4968ae0b759a16f6aecc67bd61,F02,F,HAPPY,3,S5,T4,
544,subesco,F_02_MONIKA_S_5_HAPPY_5.wav,354348,b4ce5b35927f344596372960fce02b06a366af39a5d9e9b3859e7720ecb12a76,F02,F,HAPPY,3,S5,T5,
545,subesco,F_02_MONIKA_S_5_NEUTRAL_1.wav,355372,a84d1c39a972428b235a1496cf665a8cc3a180a571c20f58d9e83690c87d586f,F02,F,NEUTRAL,4,S5,T1,
546,subesco,F_02_MONIKA_S_5_NEUTRAL_2.wav,354348,28685ae65c08ccb93f2f0f849600277c13d3b7af0308f7aa8ecf6baadab86c76,F02,F,NEUTRAL,4,S5,T2,
547,subesco,F_02_MONIKA_S_5_NEUTRAL_3.wav,353324,d26c42879cb5945cda658ded5996f56392fb176aa1f1ac6c452d0bba2b08b100,F02,F,NEUTRAL,4,S5,T3,
548,subesco,F_02_MONIKA_S_5_NEUTRAL_4.wav,354348,ad4f21508096c3d2b41bbb5b02b6a2a658c8733b5173ea18d2710958fe7d8e5c,F02,F,NEUTRAL,4,S5,T4,
549,subesco,F_02_MONIKA_S_5_NEUTRAL_5.wav,354348,2ae36b93f4f2dcdc2ead0d5d5397aca54cbb8e67b54d63be7e96a76bc4b3f380,F02,F,NEUTRAL,4,S5,T5,
550,subesco,F_02_MONIKA_S_5_SAD_1.wav,354348,6be83a26350458a3bbdc42e8fed1f439ec7897a9f4b2edb666b25769ddb5a2b3,F02,F,SAD,5,S5,T1,
551,subesco,F_02_MONIKA_S_5_SAD_2.wav,353324,d155ab1636f0eddb81c067e2f7056e20516b0790ec9a7d2a095926ba90278686,F02,F,SAD,5,S5,T2,
552,subesco,F_02_MONIKA_S_5_SAD_3.wav,354348,09bfa50fad480783017f1496a236c58a6ee38cac7d71ceaae1fc07504896e89d,F02,F,SAD,5,S5,T3,
553,subesco,F_02_MONIKA_S_5_SAD_4.wav,354348,a026305a0745dfcbeae4fcb3f80240d299015497b76876686997d88e7bb3331e,F02,F,SAD,5,S5,T4,
554,subesco,F_02_MONIKA_S_5_SAD_5.wav,354348,a71ee180f70d88a1da823c8203b9107b92b7f0f5f9569a1bf6ab4e014daf7665,F02,F,SAD,5,S5,T5,
555,subesco,F_02_MONIKA_S_5_SURPRISE_1.wav,354348,ea544306c2d238f06f1cc7897c4ecbdb39f6bd4b444d6f84d06888eb4244e17e,F02,F,SURPRISE,6,S5,T1,
556,subesco,F_02_MONIKA_S_5_SURPRISE_2.wav,354348,85e200bfd7f89a3eb88d21be97ab85afd5c72c18f3c232e6ac7109d48a9c5b1b,F02,F,SURPRISE,6,S5,T2,
557,subesco,F_02_MONIKA_S_5_SURPRISE_3.wav,354348,ae0c32eebd5e56578b1cd0b1543faa2300e06579d98853e17ad853c0ea98ce27,F02,F,SURPRISE,6,S5,T3,
558,subesco,F_02_MONIKA_S_5_SURPRISE_4.wav,354348,9abe7cdafb7354b5dbac9dfcb92eed614ae44d8883e419c72eca482210bc6bb9,F02,F,SURPRISE,6,S5,T4,
559,subesco,F_02_MONIKA_S_5_SURPRISE_5.wav,353324,f142b2f6771cdf04991eda4906e1f5acc5b069824ad9f4a11b828899d27ee87e,F02,F,SURPRISE,6,S5,T5,
560,subesco,F_02_MONIKA_S_6_ANGRY_1.wav,354348,4e4eac39ad967d82a204bd98a1b8140cf16c32b99da0561a3d6f623c0b6a25c8,F02,F,ANGRY,0,S6,T1,
561,subesco,F_02_MONIKA_S_6_ANGRY_2.wav,354348,c858e7b3f6a8f521098a9ef5ebebaa8116e7b3566e99d76122411e337fa326e7,F02,F,ANGRY,0,S6,T2,
562,subesco,F_02_MONIKA_S_6_ANGRY_3.wav,354348,c9edb0d278a5b455651456d830c6e29bfe177ad921a2da52ec5977b7de098534,F02,F,ANGRY,0,S6,T3,
563,subesco,F_02_MONIKA_S_6_ANGRY_4.wav,354348,9038bc76419f6dd83b9e73aa2e6670fe05229891b89e7026f3843944bab1ed4c,F02,F,ANGRY,0,S6,T4,
564,subesco,F_02_MONIKA_S_6_ANGRY_5.wav,354348,3e58e8cf52b1b2b262cf3265b848aa961811ab91dd29b6e2fb597ceac45ea6a4,F02,F,ANGRY,0,S6,T5,
565,subesco,F_02_MONIKA_S_6_DISGUST_1.wav,354348,dd970dcdea14330e9c5cf8a363263c867504c20fc1612f1931800bca443a1fe6,F02,F,DISGUST,1,S6,T1,
566,subesco,F_02_MONIKA_S_6_DISGUST_2.wav,354348,8d6d60aab452ea8eecf5e06d42b961234986dfd124067fdea17fed5563d61d43,F02,F,DISGUST,1,S6,T2,
567,subesco,F_02_MONIKA_S_6_DISGUST_3.wav,354348,970927986c12ed2af28eea2b049068586871b67dc83f33e6bbf89c75f971cbfa,F02,F,DISGUST,1,S6,T3,
568,subesco,F_02_MONIKA_S_6_DISGUST_4.wav,352300,aea9a286790a2a735488a0526be477788eef1bc13d0a76069e9a1a6498003666,F02,F,DISGUST,1,S6,T4,
569,subesco,F_02_MONIKA_S_6_DISGUST_5.wav,354348,86b0499cc7692d0168605edd5f3fc32c09d09e944a100d76f1ee3b88ebfbbc55,F02,F,DISGUST,1,S6,T5,
570,subesco,F_02_MONIKA_S_6_FEAR_1.wav,353324,f87c9f1a38b70c3fc1dca301f579c6bf1f7537e1e6d26f8f562236359698d21b,F02,F,FEAR,2,S6,T1,
571,subesco,F_02_MONIKA_S_6_FEAR_2.wav,353324,89f1dd25653020cb0f54145a80edf72aa9e346df84d2584eb1982bdcfb18f4d7,F02,F,FEAR,2,S6,T2,
572,subesco,F_02_MONIKA_S_6_FEAR_3.wav,354348,86b7ccac8efe080a800e1a8c9195ddd22615d630fa88f3fee2214bbeab7e7457,F02,F,FEAR,2,S6,T3,
573,subesco,F_02_MONIKA_S_6_FEAR_4.wav,354348,be855dd30678a7157edb6d236581691673147a9c02e7375a23fc523f716ee616,F02,F,FEAR,2,S6,T4,
574,subesco,F_02_MONIKA_S_6_FEAR_5.wav,354348,10a071adea58e1d6f564af81496cc3d6c6f76f8e10e07b3006df8a90c716d768,F02,F,FEAR,2,S6,T5,
575,subesco,F_02_MONIKA_S_6_HAPPY_1.wav,354348,b7c893b911d73d9491c48364ae6865b5357eb5b83c6a8854559b42f835f2228c,F02,F,HAPPY,3,S6,T1,
576,subesco,F_02_MONIKA_S_6_HAPPY_2.wav,354348,271716ce70cf0f66bc5c02c5560e18757bfbd4499ae81a26ede420c30000cf8f,F02,F,HAPPY,3,S6,T2,
577,subesco,F_02_MONIKA_S_6_HAPPY_3.wav,353324,a7b45b6e5757071c828ce84b69c560a54c7739fe5531b3c93f4a277133e27b13,F02,F,HAPPY,3,S6,T3,
578,subesco,F_02_MONIKA_S_6_HAPPY_4.wav,354348,52658a4c4f8aabbbd3941098e942e244fd48aec504f5a9f55fc62e5cde8eaa3c,F02,F,HAPPY,3,S6,T4,
579,subesco,F_02_MONIKA_S_6_HAPPY_5.wav,354348,50f536d48d7a680af528ba38f40dd29a94f52baa32855b550e8fa75eacbc1b5a,F02,F,HAPPY,3,S6,T5,
580,subesco,F_02_MONIKA_S_6_NEUTRAL_1.wav,352300,2654c3fcb63de8c8615688305ff9fa0ac91517448bf6399464c7e9bd47e76b77,F02,F,NEUTRAL,4,S6,T1,
581,subesco,F_02_MONIKA_S_6_NEUTRAL_2.wav,354348,540d43604f7a5b2a4c8ca04a1caac84ddb24bcfd1597e7049f15a430303c6e40,F02,F,NEUTRAL,4,S6,T2,
582,subesco,F_02_MONIKA_S_6_NEUTRAL_3.wav,354348,3bcb61bbb16249650193ddb67f8f0d8c708652a71f0209c3d9996572db5841d1,F02,F,NEUTRAL,4,S6,T3,
583,subesco,F_02_MONIKA_S_6_NEUTRAL_4.wav,353324,7fd592bc5474fe93fe4cf17e02cf5198b4f9f6b4ef3026927830663652fc40bf,F02,F,NEUTRAL,4,S6,T4,
584,subesco,F_02_MONIKA_S_6_NEUTRAL_5.wav,354348,3a39a27f7d81ed84191061c61bd7ff1fb4903ae88b3bb5be3565d4305f6a4a78,F02,F,NEUTRAL,4,S6,T5,
585,subesco,F_02_MONIKA_S_6_SAD_1.wav,353324,1b650fe44f3eb35d8dd9ef1c1f7eeeefd3f535e8ba9aba8d869df9799bc21af4,F02,F,SAD,5,S6,T1,
586,subesco,F_02_MONIKA_S_6_SAD_2.wav,353324,52f507d93ecce48ce690885ee2d1c7c941f29356fa11bc0dce0dbd91d3b54ff1,F02,F,SAD,5,S6,T2,
587,subesco,F_02_MONIKA_S_6_SAD_3.wav,353324,8bc74446a24fa46882712806cb5299debed1454813dc7bfe7ac3e2609ed64cb7,F02,F,SAD,5,S6,T3,
588,subesco,F_02_MONIKA_S_6_SAD_4.wav,351276,66baf1d5991e63875a91e4d571ea09028380722b962c3e4e449bf84c866bc685,F02,F,SAD,5,S6,T4,
589,subesco,F_02_MONIKA_S_6_SAD_5.wav,354348,f8b65339c5dbc242bcefa1025ff8fef69c9b6bf79224a22618e1b5d8f101f678,F02,F,SAD,5,S6,T5,
590,subesco,F_02_MONIKA_S_6_SURPRISE_1.wav,354348,01b9fdaad5455453fa36573bc434f5b1a07d2655f2311a7aefb29ed6d0f3f464,F02,F,SURPRISE,6,S6,T1,
591,subesco,F_02_MONIKA_S_6_SURPRISE_2.wav,354348,053f2e6e25138634efa95b8caea967d9664007bc44181ee9c2e872007e3e7e3e,F02,F,SURPRISE,6,S6,T2,
592,subesco,F_02_MONIKA_S_6_SURPRISE_3.wav,354348,3bdbe97e02536abbcbe9bb0361b91105767d03bb979144e4b97463ae447c90f2,F02,F,SURPRISE,6,S6,T3,
593,subesco,F_02_MONIKA_S_6_SURPRISE_4.wav,354348,e57db33e2faaaa562c8c60a73648bce440b868643f63d7abac898ed157504a5e,F02,F,SURPRISE,6,S6,T4,
594,subesco,F_02_MONIKA_S_6_SURPRISE_5.wav,354348,ef3746504e620880dc07d473be8244ff570fdeba74baf7c4f883211e5e241b10,F02,F,SURPRISE,6,S6,T5,
595,subesco,F_02_MONIKA_S_7_ANGRY_1.wav,354348,bea571fab1e5a6babccdd60829ff1e5cec36b8bbba071aeddce8e5c220d94966,F02,F,ANGRY,0,S7,T1,
596,subesco,F_02_MONIKA_S_7_ANGRY_2.wav,354348,c775f2fa25212d39947f7fb8adc9445f04b486b12d0833bf043050e1a9cddfac,F02,F,ANGRY,0,S7,T2,
597,subesco,F_02_MONIKA_S_7_ANGRY_3.wav,351276,594e2307e806eae581686c6412d0e3878c40f3d99c539a6b04c6a547b3551aa5,F02,F,ANGRY,0,S7,T3,
598,subesco,F_02_MONIKA_S_7_ANGRY_4.wav,353324,7ea85cac608685d9c5724b19a8724f00fda5a3264902654ef79546e3ed9e52b6,F02,F,ANGRY,0,S7,T4,
599,subesco,F_02_MONIKA_S_7_ANGRY_5.wav,351276,2bd65d6f1fe7a624d4b93d135d546a40f1859e5f1f026267ae45940d66e638bd,F02,F,ANGRY,0,S7,T5,
600,subesco,F_02_MONIKA_S_7_DISGUST_1.wav,354348,c944808a6cad639f7d35fbf83a692030696db4ac0f3a721085bbddc487828123,F02,F,DISGUST,1,S7,T1,
601,subesco,F_02_MONIKA_S_7_DISGUST_2.wav,354348,6d6fb5a9e8629e1d31cbfe2f898d424dcfd3655d85c33a67c88345aadeb97925,F02,F,DISGUST,1,S7,T2,
602,subesco,F_02_MONIKA_S_7_DISGUST_3.wav,353324,a3f50970febcb9ac3d66a1250152143859ae138c9421c64e28bd42a3f938e936,F02,F,DISGUST,1,S7,T3,
603,subesco,F_02_MONIKA_S_7_DISGUST_4.wav,353324,20aa4a69e787525c002bc6542e1c03bc87c7d7b884834bb37558ca6286af4f54,F02,F,DISGUST,1,S7,T4,
604,subesco,F_02_MONIKA_S_7_DISGUST_5.wav,354348,90544ff223d27f6dcfca6193c977c544e780058456e5d424cdd072199d44cc01,F02,F,DISGUST,1,S7,T5,
605,subesco,F_02_MONIKA_S_7_FEAR_1.wav,353324,d2a46b9eea43a5f820b5ab88789a1f5016d542b9810a87874ac415d0a5c2d633,F02,F,FEAR,2,S7,T1,
606,subesco,F_02_MONIKA_S_7_FEAR_2.wav,354348,95fc21f1c4fffac8976d17dd7122bbe8b290eb5c37e2ce664dc523202f5127d9,F02,F,FEAR,2,S7,T2,
607,subesco,F_02_MONIKA_S_7_FEAR_3.wav,353324,d03b912bce31ece158aeb2dd1b0223dd37b6fcd743af556f215f7d83d6722881,F02,F,FEAR,2,S7,T3,
608,subesco,F_02_MONIKA_S_7_FEAR_4.wav,354348,3f030b00172b297f8157baa83a80cfb1f88c2ecb9de4a586e1785d33746ebfae,F02,F,FEAR,2,S7,T4,
609,subesco,F_02_MONIKA_S_7_FEAR_5.wav,354348,a4476fbb133e0db39992faff397f5a7974957516818bd50f1cb93f41edec11c6,F02,F,FEAR,2,S7,T5,
610,subesco,F_02_MONIKA_S_7_HAPPY_1.wav,353324,ca9aab8876c5b290ef84460364468755f1fcb4ce6665c37d94825202dab11be8,F02,F,HAPPY,3,S7,T1,
611,subesco,F_02_MONIKA_S_7_HAPPY_2.wav,354348,bc4f92eb43523bd136932e19b683221d3b0db7bfa055bf043fe3d0f6f05f561f,F02,F,HAPPY,3,S7,T2,
612,subesco,F_02_MONIKA_S_7_HAPPY_3.wav,353324,dcec30ff484a2ccd83ae9fad0fd0f24f5916a48442242287b355e1e2f5ae97d7,F02,F,HAPPY,3,S7,T3,
613,subesco,F_02_MONIKA_S_7_HAPPY_4.wav,354348,93fd2cac8491c322754a3a3c1dfd5ce2d3fd32b81a5394cfb084f9fca5ecf94f,F02,F,HAPPY,3,S7,T4,
614,subesco,F_02_MONIKA_S_7_HAPPY_5.wav,354348,7a0ecf69586e429b3e0466948f75eb8a030bb1ad524fb35e09e391b36960d1d9,F02,F,HAPPY,3,S7,T5,
615,subesco,F_02_MONIKA_S_7_NEUTRAL_1.wav,354348,5bf9d97c2f417e7a36fee895f0e07a6ca380d1b6ec8850b79506042465c21e2f,F02,F,NEUTRAL,4,S7,T1,
616,subesco,F_02_MONIKA_S_7_NEUTRAL_2.wav,354348,44c5f31f36e9af2930166fb23263184f532c3ae7c80232cbf28d7392207633ef,F02,F,NEUTRAL,4,S7,T2,
617,subesco,F_02_MONIKA_S_7_NEUTRAL_3.wav,354348,92425d0df6bc5ff0551c00115007340bad3265156cac5c47a836028e2929e158,F02,F,NEUTRAL,4,S7,T3,
618,subesco,F_02_MONIKA_S_7_NEUTRAL_4.wav,352300,9fccf4f7c09c2802081118995e7b5776e18f2381d7122fc7b50739de340010ea,F02,F,NEUTRAL,4,S7,T4,
619,subesco,F_02_MONIKA_S_7_NEUTRAL_5.wav,354348,095616116a78f2d10893fb6704296555bd6189296c7f99e4077a821be49e72d0,F02,F,NEUTRAL,4,S7,T5,
620,subesco,F_02_MONIKA_S_7_SAD_1.wav,354348,15fe4424fbb0dfc920768651adc6ac9bffec57046ef6e1ff49a819a0c8c4a9c5,F02,F,SAD,5,S7,T1,
621,subesco,F_02_MONIKA_S_7_SAD_2.wav,353324,5909c0caac44bd11e1c368e140a143765e7a9e185bee55fac988acdcddba8834,F02,F,SAD,5,S7,T2,
622,subesco,F_02_MONIKA_S_7_SAD_3.wav,353324,99b70ad19f631ce5bfca81ca0bb50213f7d56c708cab58e7b44d81c8aaee336a,F02,F,SAD,5,S7,T3,
623,subesco,F_02_MONIKA_S_7_SAD_4.wav,354348,f479d748c95b4cc1925ce778e8e7108cd9cfa72a0fbb9c55965a78b4efe7a16c,F02,F,SAD,5,S7,T4,
624,subesco,F_02_MONIKA_S_7_SAD_5.wav,354348,26ecb9dbc0167c7beb4f50c6fa2fae59cf75ea66316c1f71da8e7a083aae1a82,F02,F,SAD,5,S7,T5,
625,subesco,F_02_MONIKA_S_7_SURPRISE_1.wav,354348,a256423340d60f0f0d92259c2a56fe27c94553fb59ad4aa7e3e6b9b34c9573e7,F02,F,SURPRISE,6,S7,T1,
626,subesco,F_02_MONIKA_S_7_SURPRISE_2.wav,354348,cb295a35e9e1ad6c1767ec4522a2bb6ae4193cc7769f942896d1e7f11e519f2c,F02,F,SURPRISE,6,S7,T2,
627,subesco,F_02_MONIKA_S_7_SURPRISE_3.wav,354348,2c9a01d88072e87d256e1495ca8bc74a07544b0021568d727fff8f0adf8a8067,F02,F,SURPRISE,6,S7,T3,
628,subesco,F_02_MONIKA_S_7_SURPRISE_4.wav,354348,ff5450094a14ff882365773e17f5cf2cdb4a4926b3c1d22ed1191a70185f7002,F02,F,SURPRISE,6,S7,T4,
629,subesco,F_02_MONIKA_S_7_SURPRISE_5.wav,354348,4677cdc39330e47d9ce511c3a5755f1c618a3719b9903cb27a2987fd9a6c0195,F02,F,SURPRISE,6,S7,T5,
630,subesco,F_02_MONIKA_S_8_ANGRY_1.wav,354348,502427a3b1ad9c4a502898beaf17ed252769639204663914c861312f9f4f111d,F02,F,ANGRY,0,S8,T1,
631,subesco,F_02_MONIKA_S_8_ANGRY_2.wav,353324,4ee5b18fda98c778843b1b847ba8b83e15509ff963fc47734bf74ac6c4715202,F02,F,ANGRY,0,S8,T2,
632,subesco,F_02_MONIKA_S_8_ANGRY_3.wav,354348,a37f2c146ecb45be4ede56557d5263f21186d162832b1f7ee626a96d8c479c94,F02,F,ANGRY,0,S8,T3,
633,subesco,F_02_MONIKA_S_8_ANGRY_4.wav,353324,36c79607df8c95bcf380340d9e1a677f481767dd7ee47dd13ef39f9b8cb6eb1a,F02,F,ANGRY,0,S8,T4,
634,subesco,F_02_MONIKA_S_8_ANGRY_5.wav,353324,011c89cf01e0260c4810d77c93ea6e00c96fdad6f9de6e3f9b4f25e21fb17c9a,F02,F,ANGRY,0,S8,T5,
635,subesco,F_02_MONIKA_S_8_DISGUST_1.wav,354348,ff740587bffe71323e167955ee83afa54f148cde531c56d69a80c9606f09865c,F02,F,DISGUST,1,S8,T1,
636,subesco,F_02_MONIKA_S_8_DISGUST_2.wav,353324,f2b4602b49e407c9312e67407a36f40fa0fd6450563dd127f7bc305d67949181,F02,F,DISGUST,1,S8,T2,
637,subesco,F_02_MONIKA_S_8_DISGUST_3.wav,354348,6de133fbe0ba615dda0ba37f4efdfb84c34ca758dff4d722bdd0e690882a66b8,F02,F,DISGUST,1,S8,T3,
638,subesco,F_02_MONIKA_S_8_DISGUST_4.wav,353324,ecab8909ca284a3d31a2a1a57b7ce037fce2f6aaea67569e5cb7090afdcabe38,F02,F,DISGUST,1,S8,T4,
639,subesco,F_02_MONIKA_S_8_DISGUST_5.wav,354348,55ddee6680b8a7418aa1effa78fef21d516b11f2d030c1c22d9ed000494ab246,F02,F,DISGUST,1,S8,T5,
640,subesco,F_02_MONIKA_S_8_FEAR_1.wav,354348,9a6d4353ec2c0fadba4573135d20a1bb2926c5bd923bbec151a0a9e94b5cf43e,F02,F,FEAR,2,S8,T1,
641,subesco,F_02_MONIKA_S_8_FEAR_2.wav,354348,12910664775003a2f0d385630d3d1231f60a27ad982f4b4b6e8605b1698b7ea0,F02,F,FEAR,2,S8,T2,
642,subesco,F_02_MONIKA_S_8_FEAR_3.wav,354348,2daa0c5149af285a9adc9b1a607f8c87e6a14e41a659f1b4829019b7d9b6c0ba,F02,F,FEAR,2,S8,T3,
643,subesco,F_02_MONIKA_S_8_FEAR_4.wav,354348,298bfba2120c20ea1200655590d781598c49ae1bc13f54256b3c3e947675ce0e,F02,F,FEAR,2,S8,T4,
644,subesco,F_02_MONIKA_S_8_FEAR_5.wav,354348,6fdee30ba7641e77171007fa28c9e079fd8a235911583a306fb46c5c1fc14699,F02,F,FEAR,2,S8,T5,
645,subesco,F_02_MONIKA_S_8_HAPPY_1.wav,355372,a73ec0f9406baef0a346d443e71eea709b9a7b390ff839a096525fcb3df505a7,F02,F,HAPPY,3,S8,T1,
646,subesco,F_02_MONIKA_S_8_HAPPY_2.wav,354348,02935d210825071488cd960419d00e315747f9aa503f3250c8706807cc9e62ff,F02,F,HAPPY,3,S8,T2,
647,subesco,F_02_MONIKA_S_8_HAPPY_3.wav,353324,f8ceb319c744a69be3ecb9f08449de6a6f53386927a552f703c1d67c663da1db,F02,F,HAPPY,3,S8,T3,
648,subesco,F_02_MONIKA_S_8_HAPPY_4.wav,355372,cb056b640365ecb486d2c4561a5e962838afd94933570576326bcfeabce66101,F02,F,HAPPY,3,S8,T4,
649,subesco,F_02_MONIKA_S_8_HAPPY_5.wav,356396,5dd948c06747f19ab92fdd8deee14c3a6b92ba8f0973fa295182e615d56e319e,F02,F,HAPPY,3,S8,T5,
650,subesco,F_02_MONIKA_S_8_NEUTRAL_1.wav,354348,2a0bfcdc0906b9aeceec79bb58430953b256649084e328f2060dc4c135326c7a,F02,F,NEUTRAL,4,S8,T1,
651,subesco,F_02_MONIKA_S_8_NEUTRAL_2.wav,353324,d0e4c441ff77c8859dc23cb4bd98b154391b853f0a4e612522d3980363b2b40a,F02,F,NEUTRAL,4,S8,T2,
652,subesco,F_02_MONIKA_S_8_NEUTRAL_3.wav,354348,2d31c5537636c417950874ca0dcb3e10bb340c7a423ac0b8dac81beb77f45d36,F02,F,NEUTRAL,4,S8,T3,
653,subesco,F_02_MONIKA_S_8_NEUTRAL_4.wav,354348,968d4107d5e89105b49a179e488a5e18fbae8d020b5af948cb529b2649997f53,F02,F,NEUTRAL,4,S8,T4,
654,subesco,F_02_MONIKA_S_8_NEUTRAL_5.wav,354348,2de677232099da390195697516d89ad2e5a307a1f3c296988ff30789ff067dc7,F02,F,NEUTRAL,4,S8,T5,
655,subesco,F_02_MONIKA_S_8_SAD_1.wav,353324,b04c27cc3bd031343dbb54dd738aa2d131a235a59f287b2fa9431b841623ee3e,F02,F,SAD,5,S8,T1,
656,subesco,F_02_MONIKA_S_8_SAD_2.wav,354348,ca5b89c8a1e6ab736144a2fbd4d9e5739bf6f7202e133d6d1bfc0f9bed157deb,F02,F,SAD,5,S8,T2,
657,subesco,F_02_MONIKA_S_8_SAD_3.wav,354348,5fa74a162d5a07e0e7c0c11be302ed760e992dd5210650b6708c8a6dc7ea2780,F02,F,SAD,5,S8,T3,
658,subesco,F_02_MONIKA_S_8_SAD_4.wav,354348,3eabb7584c9c54808c107a145bce853413b4b94a39fb9fb30777de2770a952b9,F02,F,SAD,5,S8,T4,
659,subesco,F_02_MONIKA_S_8_SAD_5.wav,354348,54105f1b978bf36bb32ce2405fae01491bccdead92a9269683b661b47798be30,F02,F,SAD,5,S8,T5,
660,subesco,F_02_MONIKA_S_8_SURPRISE_1.wav,354348,c504ab1c24a4cddf5e08a59a2a3d65c37b070cbd644e1e25e781afa03425fabf,F02,F,SURPRISE,6,S8,T1,
661,subesco,F_02_MONIKA_S_8_SURPRISE_2.wav,354348,d98e03f07b272ab238415df8a22796f908bd81d39ca6781ce4a9e9ba6eb39c72,F02,F,SURPRISE,6,S8,T2,
662,subesco,F_02_MONIKA_S_8_SURPRISE_3.wav,354348,89392779c638b9e2b8193bfa542bb4fd88738941c97c1ec9a7d8b535de987da6,F02,F,SURPRISE,6,S8,T3,
663,subesco,F_02_MONIKA_S_8_SURPRISE_4.wav,354348,86796374c3d99a27683286f8844f94e23d523f79d03e3bbe1961c7054a15e619,F02,F,SURPRISE,6,S8,T4,
664,subesco,F_02_MONIKA_S_8_SURPRISE_5.wav,354348,7472c98bbe235e2224de9be54babe2333ce91115447778f74e720ae8308d928b,F02,F,SURPRISE,6,S8,T5,
665,subesco,F_02_MONIKA_S_9_ANGRY_1.wav,353324,81fc78383987d0b05a8242e691f2e35aab292b78e9e68d844fe1c1f6a3749c65,F02,F,ANGRY,0,S9,T1,
666,subesco,F_02_MONIKA_S_9_ANGRY_2.wav,354348,3539ea1ab76649c2ff3752909fee280177617750f1f66cd42133bde6a5ab076c,F02,F,ANGRY,0,S9,T2,
667,subesco,F_02_MONIKA_S_9_ANGRY_3.wav,353324,a3d1aa446777d5f10279018f935bbdaaf583c4c58a0d8896fbed5c319b3818be,F02,F,ANGRY,0,S9,T3,
668,subesco,F_02_MONIKA_S_9_ANGRY_4.wav,354348,3af2fe121039fb4386dc4ba2c65b5234068124dbf67f33859bd4e668222eec83,F02,F,ANGRY,0,S9,T4,
669,subesco,F_02_MONIKA_S_9_ANGRY_5.wav,354348,bdb899614e7eb4674534228c76f8dae71d3b4113bb79554055205f154ba0c1e4,F02,F,ANGRY,0,S9,T5,
670,subesco,F_02_MONIKA_S_9_DISGUST_1.wav,354348,afc1c0757ab2ff09670177bb95dd5064a2b362850429a0ca3fa6ee7406bd6704,F02,F,DISGUST,1,S9,T1,
671,subesco,F_02_MONIKA_S_9_DISGUST_2.wav,354348,f66b4588d3dedb8deed7920e8761ef8a5fca2cd3becdac3aae2b4baf126ea93c,F02,F,DISGUST,1,S9,T2,
672,subesco,F_02_MONIKA_S_9_DISGUST_3.wav,354348,aefc21bca9edc5129bbd1d8df87d696c0ae348c5334de4d18898551bf83742e7,F02,F,DISGUST,1,S9,T3,
673,subesco,F_02_MONIKA_S_9_DISGUST_4.wav,353324,a84dd0528fc1a7a88f0a2c19ce13ab8edf568985ef310b646593f68ba657aa02,F02,F,DISGUST,1,S9,T4,
674,subesco,F_02_MONIKA_S_9_DISGUST_5.wav,353324,5c6c556f401a62ec8814fa55c089e2212b48eee9d55db7c5eb8a5538b8ece4eb,F02,F,DISGUST,1,S9,T5,
675,subesco,F_02_MONIKA_S_9_FEAR_1.wav,354348,9309b5dc87c245acf915fb7b957c3258c0ca876df4875d44d7f0a94b064b55fe,F02,F,FEAR,2,S9,T1,
676,subesco,F_02_MONIKA_S_9_FEAR_2.wav,356396,084541611883a5ae5845295f95af2f943185ff5de6d724f3c542897a42779296,F02,F,FEAR,2,S9,T2,
677,subesco,F_02_MONIKA_S_9_FEAR_3.wav,354348,b61618d2e81110553f5027ae8b433880248fcc882a76bfac9462ce36ed535b00,F02,F,FEAR,2,S9,T3,
678,subesco,F_02_MONIKA_S_9_FEAR_4.wav,352300,9fc056fe220892d5abbd31d4d8246841cd860c7302271e968a8bc150bfb3709c,F02,F,FEAR,2,S9,T4,
679,subesco,F_02_MONIKA_S_9_FEAR_5.wav,354348,b2663c9d5409a0df5d77f7b87ad13b01c63a5e1faa389f70c849fc5f24d27931,F02,F,FEAR,2,S9,T5,
680,subesco,F_02_MONIKA_S_9_HAPPY_1.wav,353324,57d347367bbdf1feb732661e0e34aba0427ed1b7ce06de21b939471cbaab83a1,F02,F,HAPPY,3,S9,T1,
681,subesco,F_02_MONIKA_S_9_HAPPY_2.wav,354348,a6f959d4df4b60eb83d57f9237c23aec93ce38b2fa7dd4ea2f0cbc962446ffdc,F02,F,HAPPY,3,S9,T2,
682,subesco,F_02_MONIKA_S_9_HAPPY_3.wav,353324,a5e513e19ab2fadf9153e79c1b9bda7611bb831a159879df00f6c03c72d87578,F02,F,HAPPY,3,S9,T3,
683,subesco,F_02_MONIKA_S_9_HAPPY_4.wav,353324,9d81953d7db3720002670f358ad76ef848f2b34e63fcaec616345bd9580fc354,F02,F,HAPPY,3,S9,T4,
684,subesco,F_02_MONIKA_S_9_HAPPY_5.wav,353324,bd0301987b2f8da07abf02bb500517658c2db024ce2ecc846d59df0819e09334,F02,F,HAPPY,3,S9,T5,
685,subesco,F_02_MONIKA_S_9_NEUTRAL_1.wav,354348,7ed3f36e8d165d1bcf82af7cd30a6d8adf39c65870b825afa5aa34fd5b36b53e,F02,F,NEUTRAL,4,S9,T1,
686,subesco,F_02_MONIKA_S_9_NEUTRAL_2.wav,353324,b065e67cce039f686d546ad34c993387e973f46e59426dfa05f61ca821b5d51e,F02,F,NEUTRAL,4,S9,T2,
687,subesco,F_02_MONIKA_S_9_NEUTRAL_3.wav,354348,1bb95e15c30b2610d90f6623f7b3bb86cae22249a7bd8e510e50f4c0f0a4b3bb,F02,F,NEUTRAL,4,S9,T3,
688,subesco,F_02_MONIKA_S_9_NEUTRAL_4.wav,354348,f2f430cd633c0d914a33149b8826d89578c457bd9d0f48557aa3c63d72b0497c,F02,F,NEUTRAL,4,S9,T4,
689,subesco,F_02_MONIKA_S_9_NEUTRAL_5.wav,354348,1a3c85247d9c400f280abecb969676484c9120b90f79240d48afc79e875f91b6,F02,F,NEUTRAL,4,S9,T5,
690,subesco,F_02_MONIKA_S_9_SAD_1.wav,353324,8d6f0a01b8c116ad55a6e38c75c853c19d5bf4ff55932de2c838b64fd521001e,F02,F,SAD,5,S9,T1,
691,subesco,F_02_MONIKA_S_9_SAD_2.wav,353324,443ca2cf5592c63a60966541016563e671ce9b4c6a6b2e959425fc956decd2cf,F02,F,SAD,5,S9,T2,
692,subesco,F_02_MONIKA_S_9_SAD_3.wav,353324,413f14c0d9ffdb201a15b6d16e835fb1eeb8e3047146ed94b6f3f335b13ad9e1,F02,F,SAD,5,S9,T3,
693,subesco,F_02_MONIKA_S_9_SAD_4.wav,352300,12fad17f46c94605a3c4e11be1cc999bb00c0ea49c7cf5f4862fccdc470a943e,F02,F,SAD,5,S9,T4,
694,subesco,F_02_MONIKA_S_9_SAD_5.wav,354348,4f19e3dc6bd399a56e1625f59711a8cacb2b45c89a391ccf75d693514e8673c1,F02,F,SAD,5,S9,T5,
695,subesco,F_02_MONIKA_S_9_SURPRISE_1.wav,353324,e75fd86ef0890c1f2e23345c349185d145d652d52d92a0963b55371c9f15e3ee,F02,F,SURPRISE,6,S9,T1,
696,subesco,F_02_MONIKA_S_9_SURPRISE_2.wav,354348,8777906bc0ff4c39718c8a766cf2b57c9797ee3958687b3803fd528cab4286b1,F02,F,SURPRISE,6,S9,T2,
697,subesco,F_02_MONIKA_S_9_SURPRISE_3.wav,352300,9fcba4732bff3c7a5548b59aeba583def9d91e1ef77bf4f45495c46166905b1d,F02,F,SURPRISE,6,S9,T3,
698,subesco,F_02_MONIKA_S_9_SURPRISE_4.wav,353324,7b64e5a5328acad876e0f752916ebdf635c783e3ea3fbb75810b0247631573ad,F02,F,SURPRISE,6,S9,T4,
699,subesco,F_02_MONIKA_S_9_SURPRISE_5.wav,354348,2fc1d9f7510e419d208489d2212262c1066b640fd832e787eb9b6938452e710e,F02,F,SURPRISE,6,S9,T5,
700,subesco,F_03_SMITA_S_10_ANGRY_1.wav,704556,30c5cad6e44b3514e78d3dbd10392d7eb7f86d6ad090020df611662a0f09fa1b,F03,F,ANGRY,0,S10,T1,
701,subesco,F_03_SMITA_S_10_ANGRY_2.wav,712748,def968595131efa440c0efea961602d97e89aaef561c3dcfd66c87644bb2ec0c,F03,F,ANGRY,0,S10,T2,
702,subesco,F_03_SMITA_S_10_ANGRY_3.wav,708652,5d4038cb03f99a25c50bcd5fdc1f694ba0ea9091ca346d77ef968569663cda64,F03,F,ANGRY,0,S10,T3,
703,subesco,F_03_SMITA_S_10_ANGRY_4.wav,708652,c52b4e50bf6ca472234720402f23af0c7645f4eb768b01645d5cd1117800ba7e,F03,F,ANGRY,0,S10,T4,
704,subesco,F_03_SMITA_S_10_ANGRY_5.wav,708652,2f64e575f76d8260c87c34d0cd2061daef1b4f9b7cd03c155a6863416f3ece27,F03,F,ANGRY,0,S10,T5,
705,subesco,F_03_SMITA_S_10_DISGUST_1.wav,706604,24c805b2c0f25dedbca1db15b88dbab71eb88e4afaf9a6488926950950416da0,F03,F,DISGUST,1,S10,T1,
706,subesco,F_03_SMITA_S_10_DISGUST_2.wav,708652,bbd14c1baa46b2994dc1fc8e905c20c016cd4bcaad2168278ed01c428d29b55c,F03,F,DISGUST,1,S10,T2,
707,subesco,F_03_SMITA_S_10_DISGUST_3.wav,710700,c5da413a4e3b492074392a7ee271023b2bde1fce4ed00f7dcaa60d95d7ab1920,F03,F,DISGUST,1,S10,T3,
708,subesco,F_03_SMITA_S_10_DISGUST_4.wav,704556,ebb9d3cd68ad928edd5a0199c78f4f63cbc6609dda393430d32e84803b56f44a,F03,F,DISGUST,1,S10,T4,
709,subesco,F_03_SMITA_S_10_DISGUST_5.wav,706604,88ea10497b64253ff4602358f0319e418d65dee39a9ce7fe6e8696c94df551b8,F03,F,DISGUST,1,S10,T5,
710,subesco,F_03_SMITA_S_10_FEAR_1.wav,708652,a4d0c5e07990317b799da2b832dbcca8f7afb17e74a929590c2e0c156e89b518,F03,F,FEAR,2,S10,T1,
711,subesco,F_03_SMITA_S_10_FEAR_2.wav,708652,11f66b1444fb2a2056b45b1605a96b637d06c56a2f4a30ad77ef652053b405d5,F03,F,FEAR,2,S10,T2,
712,subesco,F_03_SMITA_S_10_FEAR_3.wav,710700,6e68f8824473bcb9948c6d5545621048451d2932dd17f16b6fe281357c800fe8,F03,F,FEAR,2,S10,T3,
713,subesco,F_03_SMITA_S_10_FEAR_4.wav,706604,4ad6a1b0ac5cb7fe211da7898f37b1b675cec238142690192883c34bdb9dec70,F03,F,FEAR,2,S10,T4,
714,subesco,F_03_SMITA_S_10_FEAR_5.wav,706604,d20978c6890c7cb322058e5083edc69a02a5d4c452d6b186b1cec1ea2a9c4f7a,F03,F,FEAR,2,S10,T5,
715,subesco,F_03_SMITA_S_10_HAPPY_1.wav,708652,303a8121e8ef0f0eb6754a74d126725126fe9e263132d0dd3044ba56bd9e56ff,F03,F,HAPPY,3,S10,T1,
716,subesco,F_03_SMITA_S_10_HAPPY_2.wav,712748,835e4627033f58f270b20c9c4a9b116ad0b068f9fa412f5362b77844aa77f85d,F03,F,HAPPY,3,S10,T2,
717,subesco,F_03_SMITA_S_10_HAPPY_3.wav,708652,565b4e6c450a483dde98f4fecc7d9c08fdcca356a8a476eac6fd320b50fe3abd,F03,F,HAPPY,3,S10,T3,
718,subesco,F_03_SMITA_S_10_HAPPY_4.wav,706604,bf8eb274cc786877b7725837615c19c161b9484590e030fab1e892850ea97dd6,F03,F,HAPPY,3,S10,T4,
719,subesco,F_03_SMITA_S_10_HAPPY_5.wav,708652,f10c4d25c50c67418d05744ce2bac332f62ad7b7281b9a7b2fe1a8943913b632,F03,F,HAPPY,3,S10,T5,
720,subesco,F_03_SMITA_S_10_NEUTRAL_1.wav,708652,013d543eaf14860482fbf9dc771c515ce34291ea50ce7db67779cd0dc4424a07,F03,F,NEUTRAL,4,S10,T1,
721,subesco,F_03_SMITA_S_10_NEUTRAL_2.wav,706604,93a8ead18bcbaa2d76f5e3ab957df7b7b381935b90b2f8673e537f80ab3a5081,F03,F,NEUTRAL,4,S10,T2,
722,subesco,F_03_SMITA_S_10_NEUTRAL_3.wav,708652,0d455a34f8ea2d6e1f05e52d3c5e4c07d74cb3bc47485d98c0de954344bff968,F03,F,NEUTRAL,4,S10,T3,
723,subesco,F_03_SMITA_S_10_NEUTRAL_4.wav,706604,bf13978d76ed3948f2f27435a55384bfd735c6facfa9c8f168216f1a228c9ee0,F03,F,NEUTRAL,4,S10,T4,
724,subesco,F_03_SMITA_S_10_NEUTRAL_5.wav,706604,702f4718d865427a913a7381ebe69a94069f4e4b4b5dad2c474f4ecf252f9db2,F03,F,NEUTRAL,4,S10,T5,
725,subesco,F_03_SMITA_S_10_SAD_1.wav,706604,ad206fdbec9a8bcb27071458ee889e1ec5d7213c7ff34dbc43cfd8aac803449f,F03,F,SAD,5,S10,T1,
726,subesco,F_03_SMITA_S_10_SAD_2.wav,704556,69370416e59d6811f86468bdf6d04458bf01d1544b82602a956f1d3684d36d69,F03,F,SAD,5,S10,T2,
727,subesco,F_03_SMITA_S_10_SAD_3.wav,706604,9fadeb8ba3be9e435b5917257434d6944cc719d798272f84cb86ebaadbe7c7e0,F03,F,SAD,5,S10,T3,
728,subesco,F_03_SMITA_S_10_SAD_4.wav,704556,5783766bf75d7f8fd646121d9306bf68306b9f0cd0366ea46dc725a59d2a1478,F03,F,SAD,5,S10,T4,
729,subesco,F_03_SMITA_S_10_SAD_5.wav,708652,30aebe1d5a5a640a84467355a715fd67e89d14939cd0a00949b7c43bc991725d,F03,F,SAD,5,S10,T5,
730,subesco,F_03_SMITA_S_10_SURPRISE_1.wav,708652,d2f558c0c918e2dd2087171470238aba0008379fc80cc589c0eb376bb751eaeb,F03,F,SURPRISE,6,S10,T1,
731,subesco,F_03_SMITA_S_10_SURPRISE_2.wav,710700,581b2fd440c04a1b776a050ea4e7949abaebebd8e1f1103b96543f8830c3b0a9,F03,F,SURPRISE,6,S10,T2,
732,subesco,F_03_SMITA_S_10_SURPRISE_3.wav,708652,602d6f341b57eebfedf9b9ec8b4ebfdbffef5079da4326bd84549b6fe5e588ad,F03,F,SURPRISE,6,S10,T3,
733,subesco,F_03_SMITA_S_10_SURPRISE_4.wav,708652,60afbcd21f41b96e112f5d45ef6e4123c7285327333bdd8eb1e2efaee3f532b7,F03,F,SURPRISE,6,S10,T4,
734,subesco,F_03_SMITA_S_10_SURPRISE_5.wav,708652,03ff679faaa674df204acfd9d66620296d673a31650c74c7ca67481b7c99700a,F03,F,SURPRISE,6,S10,T5,
735,subesco,F_03_SMITA_S_1_ANGRY_1.wav,354348,5feb8da42c021612389233f61619184725d23783c5b78135e263caf49f0ee5b3,F03,F,ANGRY,0,S1,T1,
736,subesco,F_03_SMITA_S_1_ANGRY_2.wav,353324,97e15ad51fe1a38bd39e46780d35b273bda97236142711b6848a21c635d5448d,F03,F,ANGRY,0,S1,T2,
737,subesco,F_03_SMITA_S_1_ANGRY_3.wav,354348,98704e81dda9db67e2f458fca552e65b06a2bf9c263f66e9463cc38dd182ae1b,F03,F,ANGRY,0,S1,T3,
738,subesco,F_03_SMITA_S_1_ANGRY_4.wav,354348,207e19be1d0ae1b871ee1e0730b1b69d61175e84c73014e970b4910798e864f6,F03,F,ANGRY,0,S1,T4,
739,subesco,F_03_SMITA_S_1_ANGRY_5.wav,354348,a7eb3516e5dbe4a604d6f4d1f4f97d17573374d7c6f137f03a7ceab54978aa59,F03,F,ANGRY,0,S1,T5,
740,subesco,F_03_SMITA_S_1_DISGUST_1.wav,354348,acfd5cb853e62a31a7d88f204d0f0bb629d43535e7ba3452704773b78c6a226a,F03,F,DISGUST,1,S1,T1,
741,subesco,F_03_SMITA_S_1_DISGUST_2.wav,354348,958db6f3f7d98a344f63b8a0c3d89557e3e064eefd95f3d4b528e5a4100a4f2b,F03,F,DISGUST,1,S1,T2,
742,subesco,F_03_SMITA_S_1_DISGUST_3.wav,354348,5f365083ad8ac794fe602af7ddfaba1c625391e6c569ee67e7bf81be56403c55,F03,F,DISGUST,1,S1,T3,
743,subesco,F_03_SMITA_S_1_DISGUST_4.wav,354348,d5181c771a09742bf07edcb158ddb9ed1c1e844669070e61f9a88026471529bd,F03,F,DISGUST,1,S1,T4,
744,subesco,F_03_SMITA_S_1_DISGUST_5.wav,353324,27d3e7e5fce4b74460ae944cc09d53d92091979f52935a5bb023ff676f3cc291,F03,F,DISGUST,1,S1,T5,
745,subesco,F_03_SMITA_S_1_FEAR_1.wav,353324,e0be8e73a65a0f024fc820563d6ae2bf4b581af0a2d91520ef0e638efbd216ee,F03,F,FEAR,2,S1,T1,
746,subesco,F_03_SMITA_S_1_FEAR_2.wav,354348,58855b2647045f0b5036cc5991ab0f88aa703c6c84cbdfe3ad4a7cd88ada0397,F03,F,FEAR,2,S1,T2,
747,subesco,F_03_SMITA_S_1_FEAR_3.wav,352300,5cb2a19a47c68c3b46515977ad2787551f1c5cb3e8efbcf234ff921471cb39f6,F03,F,FEAR,2,S1,T3,
748,subesco,F_03_SMITA_S_1_FEAR_4.wav,354348,754a04b4dc841018bea659d2332dc97302f91ab6b5b7f6cf8f9cead5eeb19e02,F03,F,FEAR,2,S1,T4,
749,subesco,F_03_SMITA_S_1_FEAR_5.wav,352300,f26cf7ab88cd81b397b09a8d92d60321022269f4ae11e9d8b80be622c266e086,F03,F,FEAR,2,S1,T5,
750,subesco,F_03_SMITA_S_1_HAPPY_1.wav,354348,a3b1c178e03dbf70ee2a12a082fc8d133fa5b835105b8f672078424a44eb32c4,F03,F,HAPPY,3,S1,T1,
751,subesco,F_03_SMITA_S_1_HAPPY_2.wav,354348,9c25d3f2711a94bbf553385be36e1c0febc0ea6eef9f2104cfdf80505faff857,F03,F,HAPPY,3,S1,T2,
752,subesco,F_03_SMITA_S_1_HAPPY_3.wav,353324,c5e2b392ef96b510294cdbeb27be12a9fee5e68d9772f4d833236116f0f5d76f,F03,F,HAPPY,3,S1,T3,
753,subesco,F_03_SMITA_S_1_HAPPY_4.wav,354348,45d89dc3d23292ac61bfcd3df9af223ae7a37c9eeec0058d8b709d6953304d70,F03,F,HAPPY,3,S1,T4,
754,subesco,F_03_SMITA_S_1_HAPPY_5.wav,354348,d53dacb36340de64fc75bc03a98ff2b43c2a9a52178c20b211d402006aad28d1,F03,F,HAPPY,3,S1,T5,
755,subesco,F_03_SMITA_S_1_NEUTRAL_1.wav,354348,523c506b83662da8cb0a7668f2c01c6d06721cb46d738fe433710c0e87ad175c,F03,F,NEUTRAL,4,S1,T1,
756,subesco,F_03_SMITA_S_1_NEUTRAL_2.wav,353324,0b2528f98bcd98ca8a527e9449755f58a4c20fa387bc9312350303b7624aad69,F03,F,NEUTRAL,4,S1,T2,
757,subesco,F_03_SMITA_S_1_NEUTRAL_3.wav,353324,5aa6c22d94904350ebbcd4a16687b773fe6ac8b7fa7879f1c17b90ef51a4eb53,F03,F,NEUTRAL,4,S1,T3,
758,subesco,F_03_SMITA_S_1_NEUTRAL_4.wav,353324,b9ff4c49f37600723bf8c2fb036d5839011272d9e8c6ec3f675b0cf8cb7145d0,F03,F,NEUTRAL,4,S1,T4,
759,subesco,F_03_SMITA_S_1_NEUTRAL_5.wav,353324,85d0f2cf281ec2a6382df2e9b5cf2b7dff7dadbbffb0683bbf4c582cbc10aad2,F03,F,NEUTRAL,4,S1,T5,
760,subesco,F_03_SMITA_S_1_SAD_1.wav,354348,0f624e6d81b5ba4ced858d6b6cec5c9558155d884752c948d8373b92328afcd9,F03,F,SAD,5,S1,T1,
761,subesco,F_03_SMITA_S_1_SAD_2.wav,354348,000ba7f17b3f13ae2d5c09d1dbd494d9dd5e0cb8c70524cfed7a43952e0366d2,F03,F,SAD,5,S1,T2,
762,subesco,F_03_SMITA_S_1_SAD_3.wav,353324,8933fb233f0d312bb9b465a62bb166b37bbec65c43f4b3e58aebb48be95767a5,F03,F,SAD,5,S1,T3,
763,subesco,F_03_SMITA_S_1_SAD_4.wav,354348,07b9ebdb9dd5bb40975ab7908498084bace61dd013be690dc219d65e496372c9,F03,F,SAD,5,S1,T4,
764,subesco,F_03_SMITA_S_1_SAD_5.wav,353324,d710a70273aaf8f0922c8c3bee3ee355113a72ef885651126d8fcd62f0bc3e37,F03,F,SAD,5,S1,T5,
765,subesco,F_03_SMITA_S_1_SURPRISE_1.wav,354348,1af00a70e074bea0cba4f300aa19e7959e5ce6103d21eecfa1b03de914a9ebed,F03,F,SURPRISE,6,S1,T1,
766,subesco,F_03_SMITA_S_1_SURPRISE_2.wav,354348,c32242d01ede15cfbbd49163f9ec04ad026aaa19ac2c8942e45f93593e172fee,F03,F,SURPRISE,6,S1,T2,
767,subesco,F_03_SMITA_S_1_SURPRISE_3.wav,354348,9cd585daacd3d6ad8114d07d2d1ef5e99585d1e8af79f01b7b5d7213a1a66f7a,F03,F,SURPRISE,6,S1,T3,
768,subesco,F_03_SMITA_S_1_SURPRISE_4.wav,353324,197e6bf6ca181c5abe65b349729fb0b5dfc60c277bffee904cb4c02377523de5,F03,F,SURPRISE,6,S1,T4,
769,subesco,F_03_SMITA_S_1_SURPRISE_5.wav,353324,d6955f35f376658d73a2b335895454fcf36ed4701257672d60ce483bb8196f0a,F03,F,SURPRISE,6,S1,T5,
770,subesco,F_03_SMITA_S_2_ANGRY_1.wav,353324,7633edd3c7c97c0641c56730373471e43c84d383af14e82974837c9929a83837,F03,F,ANGRY,0,S2,T1,
771,subesco,F_03_SMITA_S_2_ANGRY_2.wav,355372,f36fd748347f1ac24f1968cd9ccbdb5e97535317fcfa8eaa2a9f36d1e2fe961c,F03,F,ANGRY,0,S2,T2,
772,subesco,F_03_SMITA_S_2_ANGRY_3.wav,353324,ee0b83d5714e49a7c7cd71f8f9cefa7aea82897ad151143fb84f564ffc4d95dd,F03,F,ANGRY,0,S2,T3,
773,subesco,F_03_SMITA_S_2_ANGRY_4.wav,353324,78a9a43bcd8934fcd8b9afab18f3ed7dc62a5cd5071b5aff11320a6b8256c347,F03,F,ANGRY,0,S2,T4,
774,subesco,F_03_SMITA_S_2_ANGRY_5.wav,352300,823fa78791075b1483d0fbeb2c736486f613abd100ba72dc57f4052b59ca2fa8,F03,F,ANGRY,0,S2,T5,
775,subesco,F_03_SMITA_S_2_DISGUST_1.wav,352300,b8fa874783c61fbfc523bca119772b6dec28029e4118ad58d4256526cefdc9c3,F03,F,DISGUST,1,S2,T1,
776,subesco,F_03_SMITA_S_2_DISGUST_2.wav,353324,118b130fb9072a59b611b52050347d2eb8e468d512794196034cfdd6d5ee1d23,F03,F,DISGUST,1,S2,T2,
777,subesco,F_03_SMITA_S_2_DISGUST_3.wav,353324,c30dd9e63c73eae58f63bf2213303cda04fb7b2be301104661d538d1d72e3630,F03,F,DISGUST,1,S2,T3,
778,subesco,F_03_SMITA_S_2_DISGUST_4.wav,353324,e3569b6697af4c3fdcfb393d780d3b58811c33ba38e4fb76ed71a02d86f7684c,F03,F,DISGUST,1,S2,T4,
779,subesco,F_03_SMITA_S_2_DISGUST_5.wav,354348,5389e1a43bde41e13ad137779612d3c64fcffe21d5db13666dfbabcf9fc68a51,F03,F,DISGUST,1,S2,T5,
780,subesco,F_03_SMITA_S_2_FEAR_1.wav,352300,7043bfa39188e11e7bed654008f62141692659090b6cac6d2a986e0aed57166b,F03,F,FEAR,2,S2,T1,
781,subesco,F_03_SMITA_S_2_FEAR_2.wav,353324,17ed4b4c0fc0b4fd936fae0af1997ff6600ce01fbadbf9708b02a69b5204935b,F03,F,FEAR,2,S2,T2,
782,subesco,F_03_SMITA_S_2_FEAR_3.wav,352300,d20f44d1783c94b498e44c073291d67d89cfb2ce4af32f1b474e0be06a159a09,F03,F,FEAR,2,S2,T3,
783,subesco,F_03_SMITA_S_2_FEAR_4.wav,353324,5772fa7956a55261e892f2936216fa652ccbacabcd6ee44f389ca3c26d72a0f3,F03,F,FEAR,2,S2,T4,
784,subesco,F_03_SMITA_S_2_FEAR_5.wav,353324,ed7e0113d50b93a5e97e308b9335dbf2e54b2173df3f2f4b656522d6e9d24b8f,F03,F,FEAR,2,S2,T5,
785,subesco,F_03_SMITA_S_2_HAPPY_1.wav,354348,bfc7080c63e99b9cb8af7c5281cb968904eecf3f40e761a5025a1075f9a03c06,F03,F,HAPPY,3,S2,T1,
786,subesco,F_03_SMITA_S_2_HAPPY_2.wav,354348,75fb02b1f0f4c848c559b8ad0ab8ab1fa498301f63d135476d0259545dbe2c90,F03,F,HAPPY,3,S2,T2,
787,subesco,F_03_SMITA_S_2_HAPPY_3.wav,352300,df6c9e6d0eba1bacf0ac0216f2f24d84b983c6f8cfeeb1900ab52a0356bc76be,F03,F,HAPPY,3,S2,T3,
788,subesco,F_03_SMITA_S_2_HAPPY_4.wav,355372,6ee8f145d8acc5b75f691e30b199c9f54ace6a6226795bf1a50ee2f9173a1eff,F03,F,HAPPY,3,S2,T4,
789,subesco,F_03_SMITA_S_2_HAPPY_5.wav,353324,868d6e252ad15abee3891acccf50ef40b90f6d316d5658cad2d3d69ad56f7cc2,F03,F,HAPPY,3,S2,T5,
790,subesco,F_03_SMITA_S_2_NEUTRAL_1.wav,354348,92075f60d61fac7850ec0ed2d0038337f2a6971ccf48c959f0c96bcf8e11dd59,F03,F,NEUTRAL,4,S2,T1,
791,subesco,F_03_SMITA_S_2_NEUTRAL_2.wav,353324,be060c3c268b16742f4488c879000b85b75326646b1380b37b84674e9a5a1e9b,F03,F,NEUTRAL,4,S2,T2,
792,subesco,F_03_SMITA_S_2_NEUTRAL_3.wav,354348,8e3523fb070b1321e32e0d63b4e968ac0b41ef4654acf83bcd5554a4eb5bfad5,F03,F,NEUTRAL,4,S2,T3,
793,subesco,F_03_SMITA_S_2_NEUTRAL_4.wav,353324,86d8c361dd294aef0c5d57dfaf6196793b201a8cf87599e7fe0349d459c8d033,F03,F,NEUTRAL,4,S2,T4,
794,subesco,F_03_SMITA_S_2_NEUTRAL_5.wav,353324,5f67e8d1e1a87c1add8d6aff44ad0d36fd987f4aebd8587fe064245ac9faf88f,F03,F,NEUTRAL,4,S2,T5,
795,subesco,F_03_SMITA_S_2_SAD_1.wav,353324,2a0aedb568b6e5afb3f794d4c1f8a95ef91a8de3f6f8d67ca73d7bd2f747e21b,F03,F,SAD,5,S2,T1,
796,subesco,F_03_SMITA_S_2_SAD_2.wav,352300,e854ddd0a15e1f84a2e2d02eabb17a7e23790a89d26d78753b82312882f5e2cd,F03,F,SAD,5,S2,T2,
797,subesco,F_03_SMITA_S_2_SAD_3.wav,353324,695d48faeb6a19598eb55904ea7c11f5ac6ce69529827e7cd46f0bf295d67356,F03,F,SAD,5,S2,T3,
798,subesco,F_03_SMITA_S_2_SAD_4.wav,353324,38e257d3d867129cf4fb10b722c9de90f51376a7baf947d68a1202b0d05f7d0b,F03,F,SAD,5,S2,T4,
799,subesco,F_03_SMITA_S_2_SAD_5.wav,354348,f26d65b90e8e35c217e95884ba6d9ccb324f1b1a39a03317f59f29416b1467c3,F03,F,SAD,5,S2,T5,
800,subesco,F_03_SMITA_S_2_SURPRISE_1.wav,354348,4acf6cf66db824bef4cf72d3c0e1b37b0e03407cef686a445a9173a24880fa1a,F03,F,SURPRISE,6,S2,T1,
801,subesco,F_03_SMITA_S_2_SURPRISE_2.wav,354348,a04a23f9019f0e9f9430e9d31397c6e14303ba4794f6322bb8f021d44fb42642,F03,F,SURPRISE,6,S2,T2,
802,subesco,F_03_SMITA_S_2_SURPRISE_3.wav,353324,c350a9704c885eb2b7fb8776f62ab9da7e692876c005dd6cba7805377513454e,F03,F,SURPRISE,6,S2,T3,
803,subesco,F_03_SMITA_S_2_SURPRISE_4.wav,354348,72c3b08d16deb384504a57b4a42a91f4716037dd9569c380b159a8e5d16aafaf,F03,F,SURPRISE,6,S2,T4,
804,subesco,F_03_SMITA_S_2_SURPRISE_5.wav,354348,7b8537ba6e07da9b6da3e267734f165e8ab9b0b6c75ea23403781cf08c78b901,F03,F,SURPRISE,6,S2,T5,
805,subesco,F_03_SMITA_S_3_ANGRY_1.wav,352300,e4f246a09d3329768d8cd12929b20f22308f56dbe8cc08def43dcc0687599673,F03,F,ANGRY,0,S3,T1,
806,subesco,F_03_SMITA_S_3_ANGRY_2.wav,354348,fbebfe04b294f98c6ad21a05028e815d133453fa95269b268d1db5f6fc570d5d,F03,F,ANGRY,0,S3,T2,
807,subesco,F_03_SMITA_S_3_ANGRY_3.wav,352300,f7ef8dddc9a76ea19712c7fc4f7c48153477fbc69c66e18568faeb18466335de,F03,F,ANGRY,0,S3,T3,
808,subesco,F_03_SMITA_S_3_ANGRY_4.wav,354348,d9176c83e9a4dd388b809d780ed6b2e68f3adad793e573a6136a3e009b31f553,F03,F,ANGRY,0,S3,T4,
809,subesco,F_03_SMITA_S_3_ANGRY_5.wav,353324,fb6f7e5af7c0a6f6d2e5e9b6954d06f7e5a2ed45a326f112f1665e96c0486a4c,F03,F,ANGRY,0,S3,T5,
810,subesco,F_03_SMITA_S_3_DISGUST_1.wav,353324,10cc51f0af0be88eb3ae5639fca05903c550b95e88c7a6dee54c7ff332a91b46,F03,F,DISGUST,1,S3,T1,
811,subesco,F_03_SMITA_S_3_DISGUST_2.wav,353324,cea5f68a65aae077b5a6706556a49ff260bad96121af4c3e13fd40556647c6bf,F03,F,DISGUST,1,S3,T2,
812,subesco,F_03_SMITA_S_3_DISGUST_3.wav,354348,bab6795b1c588213c0bb95d7a1842805ecca4922b6da5d131c62b217d56b7b15,F03,F,DISGUST,1,S3,T3,
813,subesco,F_03_SMITA_S_3_DISGUST_4.wav,354348,7c2ac6dfb960676a42c1ca6b75d0293c4ebfae4aa88a0c1802b8fd340b0f3be2,F03,F,DISGUST,1,S3,T4,
814,subesco,F_03_SMITA_S_3_DISGUST_5.wav,353324,544cb6cb8e528e0df729dcc5f6af7f1e967f4ee75cf05e4f0daa6ebd432f1651,F03,F,DISGUST,1,S3,T5,
815,subesco,F_03_SMITA_S_3_FEAR_1.wav,353324,5e7593a335b80f2ecadb9616e0f708dd587ef0754bdf6d583dfc11b3757e6cb6,F03,F,FEAR,2,S3,T1,
816,subesco,F_03_SMITA_S_3_FEAR_2.wav,354348,be03ac0d0241948eb5700e186e25c9992327224b104358ab01b62ab62b4efc70,F03,F,FEAR,2,S3,T2,
817,subesco,F_03_SMITA_S_3_FEAR_3.wav,352300,692cf722f990a77da2821ab9b8d35379c5b5bfaf8e8927fb830edcb5a8f44f0d,F03,F,FEAR,2,S3,T3,
818,subesco,F_03_SMITA_S_3_FEAR_4.wav,353324,963725f7d1c691542827ad6dbafd8f5e53dda457552ce0f94b73cbae93405cfa,F03,F,FEAR,2,S3,T4,
819,subesco,F_03_SMITA_S_3_FEAR_5.wav,354348,76749d0e8a4d1c4846b3a3d9c72e3e809ea1ed9256ea360bf0bfb1baf828ff34,F03,F,FEAR,2,S3,T5,
820,subesco,F_03_SMITA_S_3_HAPPY_1.wav,353324,4a207449ff441d54198fe7b06a59f84709a0d72995959209e52661c46c8a0a65,F03,F,HAPPY,3,S3,T1,
821,subesco,F_03_SMITA_S_3_HAPPY_2.wav,354348,cb4434d63f9eddd9b8366e4d16461074f53be701622c9f5860ac0f2d5de4a607,F03,F,HAPPY,3,S3,T2,
822,subesco,F_03_SMITA_S_3_HAPPY_3.wav,354348,93aadf777e747dcce25acc8428d646c86df2a8ecf1ce482432b5727a223dd7d0,F03,F,HAPPY,3,S3,T3,
823,subesco,F_03_SMITA_S_3_HAPPY_4.wav,353324,a3a434ecec2cccd96d4074220980339a71aeddb1a2bf92fac7a1bb1c67a92583,F03,F,HAPPY,3,S3,T4,
824,subesco,F_03_SMITA_S_3_HAPPY_5.wav,354348,08e07842226fb50c735ce7c0079e30d45d4341351691aee469839cd54f022f8f,F03,F,HAPPY,3,S3,T5,
825,subesco,F_03_SMITA_S_3_NEUTRAL_1.wav,353324,d6378d28fd9b0093e67cbd48d0ec274e9d40b519e76f96769f90eb74727d9c20,F03,F,NEUTRAL,4,S3,T1,
826,subesco,F_03_SMITA_S_3_NEUTRAL_2.wav,354348,8a9cde7c0823155940a6b96ec5129d54cd000bec279a2d9b0dd70bfe29787885,F03,F,NEUTRAL,4,S3,T2,
827,subesco,F_03_SMITA_S_3_NEUTRAL_3.wav,354348,53d1b631c6a784476d35cfea0e5bc87474a1a8b94906a2e459b47d82c8dd1ddc,F03,F,NEUTRAL,4,S3,T3,
828,subesco,F_03_SMITA_S_3_NEUTRAL_4.wav,352300,3bcdf53bdbb5acd8e757e264522b386330564579128cd470807ad2b53d799c7a,F03,F,NEUTRAL,4,S3,T4,
829,subesco,F_03_SMITA_S_3_NEUTRAL_5.wav,354348,facbe3237f2905931dd314020dce3a4a649043173b7f143250854f8ecc117858,F03,F,NEUTRAL,4,S3,T5,
830,subesco,F_03_SMITA_S_3_SAD_1.wav,353324,c9141b1630bddeb0b4a5634cbc1f9d8ccb2fd1f14c049c55f119f58c7ba23b0d,F03,F,SAD,5,S3,T1,
831,subesco,F_03_SMITA_S_3_SAD_2.wav,352300,e0e03b758d892195e5944736f309abbac0e601a18f9f34811be0f73bdf6de3f1,F03,F,SAD,5,S3,T2,
832,subesco,F_03_SMITA_S_3_SAD_3.wav,353324,6e9f65b6503104ff2bb2814034d2b66bf48f170413b91cc87acf1d4b1a577e73,F03,F,SAD,5,S3,T3,
833,subesco,F_03_SMITA_S_3_SAD_4.wav,355372,9b05e31f2e364e14a90b41c4f7dfb921fd1afa9a7e70d3e28b11fca059ae8752,F03,F,SAD,5,S3,T4,
834,subesco,F_03_SMITA_S_3_SAD_5.wav,353324,01057f9aa41e1c659e2e6c533842a4ceee32964d844239b0dcc24b4a097e42e4,F03,F,SAD,5,S3,T5,
835,subesco,F_03_SMITA_S_3_SURPRISE_1.wav,354348,45f6669911522f378156d03e884ed20a35b5f30fa368a9b8029b2c70e75c6e92,F03,F,SURPRISE,6,S3,T1,
836,subesco,F_03_SMITA_S_3_SURPRISE_2.wav,354348,945ad738f84aa56cac2789cd2ecdae5098d422eb47574e5c855257ba5f3fd898,F03,F,SURPRISE,6,S3,T2,
837,subesco,F_03_SMITA_S_3_SURPRISE_3.wav,354348,5e95ae3e8c2f0be947b1c000bb54df83a1997f397b6046e5f6675f39fdf9f24a,F03,F,SURPRISE,6,S3,T3,
838,subesco,F_03_SMITA_S_3_SURPRISE_4.wav,352300,2f5f80d837de49945ea706c5cefe94374d58a379838f798e31e3988da2e82d7d,F03,F,SURPRISE,6,S3,T4,
839,subesco,F_03_SMITA_S_3_SURPRISE_5.wav,354348,c7e4cf4675a29f178ec23d3897d191f18f4279c24050ea1817e79de63ea804cc,F03,F,SURPRISE,6,S3,T5,
840,subesco,F_03_SMITA_S_4_ANGRY_1.wav,353324,4ee17c43925d8448baaf071636eaf008b94edecf799fbae34599a0b8d57abdce,F03,F,ANGRY,0,S4,T1,
841,subesco,F_03_SMITA_S_4_ANGRY_2.wav,354348,b08a70ff584b886cf57cabc5e4c443594169b68176d79d835c20765a673bfcf9,F03,F,ANGRY,0,S4,T2,
842,subesco,F_03_SMITA_S_4_ANGRY_3.wav,354348,7882f8b783502a45f0ff0e5c0b8c522c53ee1e05d6a122a2e06b8054f2da6107,F03,F,ANGRY,0,S4,T3,
843,subesco,F_03_SMITA_S_4_ANGRY_4.wav,354348,1110fe5d54c432327d85ac524f11ba8fa6e5fba74fa05ed9de34c41d2defb1b8,F03,F,ANGRY,0,S4,T4,
844,subesco,F_03_SMITA_S_4_ANGRY_5.wav,354348,5676a8cb3a6cc7f65e03fc618717e79c51a5314afc3f57e98161e41c48192acf,F03,F,ANGRY,0,S4,T5,
845,subesco,F_03_SMITA_S_4_DISGUST_1.wav,352300,3853c4ef16d687bfd9398508a0213bdd9473ba3d7f2325bc1582633a9b659d5b,F03,F,DISGUST,1,S4,T1,
846,subesco,F_03_SMITA_S_4_DISGUST_2.wav,354348,9f18fc2c80ff906ba9da0bd15c1721a6bb78408245c57a863bd4c53084c36c8d,F03,F,DISGUST,1,S4,T2,
847,subesco,F_03_SMITA_S_4_DISGUST_3.wav,353324,839452cc2c18de34716dd0002b7d1d1916f26fab763f4c0bd2978cc87a018e4d,F03,F,DISGUST,1,S4,T3,
848,subesco,F_03_SMITA_S_4_DISGUST_4.wav,354348,cfd3d852ba7d63d5a7ca0532942f2841cf09ecbb87b0965e453d499643bb2f7c,F03,F,DISGUST,1,S4,T4,
849,subesco,F_03_SMITA_S_4_DISGUST_5.wav,354348,b89d29d9c9b103b5c741f500004371e6faf8eae7f41c5759a6cbbb5389e6f829,F03,F,DISGUST,1,S4,T5,
850,subesco,F_03_SMITA_S_4_FEAR_1.wav,354348,863c9e565419472ebcbed57c10580b583cc82a44e07e806f06075988298c0e18,F03,F,FEAR,2,S4,T1,
851,subesco,F_03_SMITA_S_4_FEAR_2.wav,354348,de0ae509eb80556d54bc5fd16a5a4db920302ef7ce2e06bc13e7ffb8f54628ef,F03,F,FEAR,2,S4,T2,
852,subesco,F_03_SMITA_S_4_FEAR_3.wav,353324,b6fe735d9c89a485bae5699302958260ec2fb051d953637b13aeec93bfc2c029,F03,F,FEAR,2,S4,T3,
853,subesco,F_03_SMITA_S_4_FEAR_4.wav,353324,d31aa921954c87407bf715337caf90be95987659ed3475cd1b007ef717c69768,F03,F,FEAR,2,S4,T4,
854,subesco,F_03_SMITA_S_4_FEAR_5.wav,354348,4f62f8af9af4cea344648e4260bf6c908969cd038b001cd1604175700c6557b6,F03,F,FEAR,2,S4,T5,
855,subesco,F_03_SMITA_S_4_HAPPY_1.wav,352300,9f956858a9467e0ccfdf487486e1079db25de84f2b13f9d5f449a6b5ca386b64,F03,F,HAPPY,3,S4,T1,
856,subesco,F_03_SMITA_S_4_HAPPY_2.wav,354348,1c825f7aaf907e4312933a252fd7bc7df0c74b239df6f32f82cafed07da7350e,F03,F,HAPPY,3,S4,T2,
857,subesco,F_03_SMITA_S_4_HAPPY_3.wav,438316,ce21fbc9ddeb7783c7e65e3f38f066d26177511ea6019fc96fad82e00fc73f63,F03,F,HAPPY,3,S4,T3,
858,subesco,F_03_SMITA_S_4_HAPPY_4.wav,354348,ebb11b567d66b4f1447417ab8ab5295ea987cf2b2a31df839c92c160f19797df,F03,F,HAPPY,3,S4,T4,
859,subesco,F_03_SMITA_S_4_HAPPY_5.wav,354348,46d177506432d1ca6e5e1191c0e8302f7606df49969d37953e53c37732b980c7,F03,F,HAPPY,3,S4,T5,
860,subesco,F_03_SMITA_S_4_NEUTRAL_1.wav,353324,7863e5d24396c9b94f5560748583e87120635ca1c5623f6cab0496bc075d7237,F03,F,NEUTRAL,4,S4,T1,
861,subesco,F_03_SMITA_S_4_NEUTRAL_2.wav,353324,cbff5d5c5747da83c6cb69d56be49c70766a552e35af35398a48c96e9c44fa05,F03,F,NEUTRAL,4,S4,T2,
862,subesco,F_03_SMITA_S_4_NEUTRAL_3.wav,353324,67409153b46f4ae6503d6b6d29842c12d8d623754fdc272d9e73143c31ccc7cf,F03,F,NEUTRAL,4,S4,T3,
863,subesco,F_03_SMITA_S_4_NEUTRAL_4.wav,354348,89b97415d84c4ed687716d4f103174827e7180a87d0b1635add4f0def8544f5e,F03,F,NEUTRAL,4,S4,T4,
864,subesco,F_03_SMITA_S_4_NEUTRAL_5.wav,353324,ba9033228305ecf793288a427e4968feb78a3925a55d06bb243a8520e908983a,F03,F,NEUTRAL,4,S4,T5,
865,subesco,F_03_SMITA_S_4_SAD_1.wav,353324,783c8fbd3d60c62ed2109f8a1f5c46759635bc9d4d87da074d10abc6d446a1dc,F03,F,SAD,5,S4,T1,
866,subesco,F_03_SMITA_S_4_SAD_2.wav,353324,593dd74489a91089a5b31c0ac7a0003ffd7a5a39293f8298f974d2cd83f7e66c,F03,F,SAD,5,S4,T2,
867,subesco,F_03_SMITA_S_4_SAD_3.wav,354348,a355dfaae700c771579f5ddba00dbf03623b55e746300f28fcc92ac58b5b8e82,F03,F,SAD,5,S4,T3,
868,subesco,F_03_SMITA_S_4_SAD_4.wav,353324,3560dbf2af132360f0b3bc809852fe6c0c1ed75e3830a73f0a46ac1cf912faa5,F03,F,SAD,5,S4,T4,
869,subesco,F_03_SMITA_S_4_SAD_5.wav,354348,77b2c906332ad8c4c16cf8d3cc5f906101cb863a2a97a41308f4cff84ab465c5,F03,F,SAD,5,S4,T5,
870,subesco,F_03_SMITA_S_4_SURPRISE_1.wav,353324,85af2bfd6f44eaad2f372f89bdcc13da3828172dce6a34e65375b543819cfc49,F03,F,SURPRISE,6,S4,T1,
871,subesco,F_03_SMITA_S_4_SURPRISE_2.wav,353324,2370f9ce157efe3d30b477f671f6e35242aed9e41ce8d6b0c93e2a904f2e815f,F03,F,SURPRISE,6,S4,T2,
872,subesco,F_03_SMITA_S_4_SURPRISE_3.wav,354348,1ac475f4c588a95b1d0ddc347c3456504b3c5fc7cc1749f3bf8889adb8e5167b,F03,F,SURPRISE,6,S4,T3,
873,subesco,F_03_SMITA_S_4_SURPRISE_4.wav,354348,c96d179f86ca82de12dab0f1dcd8e38b6d9cb938f1df2428f2edc9e9a27452ce,F03,F,SURPRISE,6,S4,T4,
874,subesco,F_03_SMITA_S_4_SURPRISE_5.wav,353324,4192f4616a07dc19a37137627e3ab0c74bdbe46ff258bb9fa0305e1789b7b36c,F03,F,SURPRISE,6,S4,T5,
875,subesco,F_03_SMITA_S_5_ANGRY_1.wav,708652,e2b7f92386966b445e24a9981f1776cf7160dd32b9e37eb5763dda8e7fbebe6c,F03,F,ANGRY,0,S5,T1,
876,subesco,F_03_SMITA_S_5_ANGRY_2.wav,706604,f9d34fbf64102d733cab9ad784b67827f375eb96edbca744bb47663ae7884a76,F03,F,ANGRY,0,S5,T2,
877,subesco,F_03_SMITA_S_5_ANGRY_3.wav,706604,46513b34d975aa0cb27ba9ec2d3e05ace887908c754d54504249bb8dda547c44,F03,F,ANGRY,0,S5,T3,
878,subesco,F_03_SMITA_S_5_ANGRY_4.wav,706604,9f7864fab0d8ca40a1e4af254a4374f5500a6ebaacc76504b981decc85f22d87,F03,F,ANGRY,0,S5,T4,
879,subesco,F_03_SMITA_S_5_ANGRY_5.wav,706604,ebacea477c1f60fe9766789125430766944ac58524cf9877657717982a6999ac,F03,F,ANGRY,0,S5,T5,
880,subesco,F_03_SMITA_S_5_DISGUST_1.wav,706604,d528dc965ea8a23337261a1d8ab0ad4b053417e9851650fd032c7274049d91ec,F03,F,DISGUST,1,S5,T1,
881,subesco,F_03_SMITA_S_5_DISGUST_2.wav,706604,2b53efcd4516e7c9399251730e4219f6043833513d7cfcea5eb678577cc03bcd,F03,F,DISGUST,1,S5,T2,
882,subesco,F_03_SMITA_S_5_DISGUST_3.wav,706604,07f56448022c77cb8778539e555a14065ef6873227819652115e6aed9168d89a,F03,F,DISGUST,1,S5,T3,
883,subesco,F_03_SMITA_S_5_DISGUST_4.wav,706604,74a8e878f9b22828f7b31aeb671cda4ec923f77112511c071749a5e0dc1d8626,F03,F,DISGUST,1,S5,T4,
884,subesco,F_03_SMITA_S_5_DISGUST_5.wav,706604,7abccfa3fdcb4cc9a143d512624aba8ccf18e54bde6b29e55b1f157b8da82274,F03,F,DISGUST,1,S5,T5,
885,subesco,F_03_SMITA_S_5_FEAR_1.wav,706604,2e951c18c8a093641947423f87c2d21ef0d0b5ca5904dc313f8023217d50968d,F03,F,FEAR,2,S5,T1,
886,subesco,F_03_SMITA_S_5_FEAR_2.wav,706604,a6c98ba5fd518a82a851240764a0b7ea1a7f1eb2739f718bba5feafb3ed18202,F03,F,FEAR,2,S5,T2,
887,subesco,F_03_SMITA_S_5_FEAR_3.wav,706604,b66412d953150837f7d48360ff4029c5707b5d339fd88dd0c081b8d8f87230ee,F03,F,FEAR,2,S5,T3,
888,subesco,F_03_SMITA_S_5_FEAR_4.wav,706604,47970a398644f7e6854726e815b997f9d83868aec57af220ec2a1ccb452c15c6,F03,F,FEAR,2,S5,T4,
889,subesco,F_03_SMITA_S_5_FEAR_5.wav,708652,f8810f82d4f6020a4873def78654b993235af34373d8359fcd550c2d1cd9cd8e,F03,F,FEAR,2,S5,T5,
890,subesco,F_03_SMITA_S_5_HAPPY_1.wav,706604,8d5d65a6e24ec6439b891a5a1ea3861361c5beaf213bbe77adf9f06c43dcb131,F03,F,HAPPY,3,S5,T1,
891,subesco,F_03_SMITA_S_5_HAPPY_2.wav,706604,ff3af483752137de444ea4c284851e35ccd72af38e2bc39dd0bf02b213a9bb0f,F03,F,HAPPY,3,S5,T2,
892,subesco,F_03_SMITA_S_5_HAPPY_3.wav,704556,860e2ca1981014f3419f4f0329783678b6248d88f38bd4b7f1e8a742c0009b64,F03,F,HAPPY,3,S5,T3,
893,subesco,F_03_SMITA_S_5_HAPPY_4.wav,706604,807f2df94dac4fe6058b10bda5d65d3f88bf2b3e2a7a2b769de3a336d2b9f7e5,F03,F,HAPPY,3,S5,T4,
894,subesco,F_03_SMITA_S_5_HAPPY_5.wav,704556,43be6dbc09fbabe7696ab942aa5f44afc9798e5953bd002783ee71fb24c9b9d2,F03,F,HAPPY,3,S5,T5,
895,subesco,F_03_SMITA_S_5_NEUTRAL_1.wav,706604,fd3a24ed9b0b3a9b0a2e13ddd308fb75b52ab7e8e1029d41a57329122088e73c,F03,F,NEUTRAL,4,S5,T1,
896,subesco,F_03_SMITA_S_5_NEUTRAL_2.wav,706604,7f8939085d5f0a7006687114baeea8c3ec2d03251f80b477865bd7c7276421b4,F03,F,NEUTRAL,4,S5,T2,
897,subesco,F_03_SMITA_S_5_NEUTRAL_3.wav,708652,ae4ed4dd30ded278e2904463465355ffdcd529b521cefd890419cd559000f863,F03,F,NEUTRAL,4,S5,T3,
898,subesco,F_03_SMITA_S_5_NEUTRAL_4.wav,708652,309def401db5083b3228d0813a2f6125ef818a09c7c664aae80cb51789a6169f,F03,F,NEUTRAL,4,S5,T4,
899,subesco,F_03_SMITA_S_5_NEUTRAL_5.wav,708652,f764c7cfff5d4cc87f86140c358d4017b1ed41dc5038d9533a47ddce2548821c,F03,F,NEUTRAL,4,S5,T5,
900,subesco,F_03_SMITA_S_5_SAD_1.wav,706604,16317b847f03e24a5c03e51696e2b4f835bf2fe242716cb6629a07a1f9bdc1da,F03,F,SAD,5,S5,T1,
901,subesco,F_03_SMITA_S_5_SAD_2.wav,708652,934295e941ffdc550a34976a49d218a187c23240e66e03b591897f81f2224f29,F03,F,SAD,5,S5,T2,
902,subesco,F_03_SMITA_S_5_SAD_3.wav,708652,a34897b40249cbd7007895086b0f8cd5e6499776b4eb481359992217861428f8,F03,F,SAD,5,S5,T3,
903,subesco,F_03_SMITA_S_5_SAD_4.wav,708652,fdd014a9fec16e47ce6450c6deea7d1a2a5ac2f33df423ee441d5659e41403a1,F03,F,SAD,5,S5,T4,
904,subesco,F_03_SMITA_S_5_SAD_5.wav,706604,3212de884e50a2f49a1172a3ee466df7abf8ac6de4844f410ed5e16913028e39,F03,F,SAD,5,S5,T5,
905,subesco,F_03_SMITA_S_5_SURPRISE_1.wav,708652,535bd4c36589308990febaec7651dd98fbcad1fa12d6c2db457546199c80d20b,F03,F,SURPRISE,6,S5,T1,
906,subesco,F_03_SMITA_S_5_SURPRISE_2.wav,708652,50e04829de29692b8085830f329ec6a648a2217ece35658961f2c34ee70b3ecf,F03,F,SURPRISE,6,S5,T2,
907,subesco,F_03_SMITA_S_5_SURPRISE_3.wav,706604,e6533019c95afcef9c398d7e74e69e266226f6cbe061fae779ae725672d86c53,F03,F,SURPRISE,6,S5,T3,
908,subesco,F_03_SMITA_S_5_SURPRISE_4.wav,706604,79cf83af755c901f4e6c7322f6e2c1069e70921b2322b69ccc812c6239061a26,F03,F,SURPRISE,6,S5,T4,
909,subesco,F_03_SMITA_S_5_SURPRISE_5.wav,706604,38f07aa9e2242c723f7bb09e69d6ac7cf84958cbaad11893e0b0eceac038f82a,F03,F,SURPRISE,6,S5,T5,
910,subesco,F_03_SMITA_S_6_ANGRY_1.wav,708652,ad4993fc3311377889cd1143dafb5f72a779c2d426fc37f2581b6a78cea9821d,F03,F,ANGRY,0,S6,T1,
911,subesco,F_03_SMITA_S_6_ANGRY_2.wav,708652,d74449d50a5bb4fa4352ccfc1cf4d8ade52223853258645bbb7b15c7b92c1dc3,F03,F,ANGRY,0,S6,T2,
912,subesco,F_03_SMITA_S_6_ANGRY_3.wav,706604,0a78ff617940f7a78e2e6b818c9de095656e484760cea2ea1f77291faf2edf15,F03,F,ANGRY,0,S6,T3,
913,subesco,F_03_SMITA_S_6_ANGRY_4.wav,706604,ce70f678b1c4d7261736be744cda76b46eaf3a41c6732fbea4f1f61b224895d2,F03,F,ANGRY,0,S6,T4,
914,subesco,F_03_SMITA_S_6_ANGRY_5.wav,706604,f65ba9a7dd295082ff6b7487be3a8198c8588dd1e1f8745ba955b303de8e2bc5,F03,F,ANGRY,0,S6,T5,
915,subesco,F_03_SMITA_S_6_DISGUST_1.wav,708652,43c2ed537d2ca7dbc62d9acb074e477cbe9ed9458d1cf0c34a87239ce877467b,F03,F,DISGUST,1,S6,T1,
916,subesco,F_03_SMITA_S_6_DISGUST_2.wav,708652,f5131847645322f699fe0081d1a833969b92f1de45ce96251960791a62ec9ce4,F03,F,DISGUST,1,S6,T2,
917,subesco,F_03_SMITA_S_6_DISGUST_3.wav,708652,f06059a56fb9c39d7c044e786bee178fa5ff4c331261a7fbea9bc86d80e3fd87,F03,F,DISGUST,1,S6,T3,
918,subesco,F_03_SMITA_S_6_DISGUST_4.wav,708652,741330805f283c05d3bec1588bd07a10dca0efc5d61ab20279275710cff0704a,F03,F,DISGUST,1,S6,T4,
919,subesco,F_03_SMITA_S_6_DISGUST_5.wav,708652,17d1edcc185c539477d834e7a87316e724437fbe9820b35149025deec5778693,F03,F,DISGUST,1,S6,T5,
920,subesco,F_03_SMITA_S_6_FEAR_1.wav,708652,c94ac4fa05f63106b735c940b10d88db6b11b4eaeae36fb4498c009f1cc7ad80,F03,F,FEAR,2,S6,T1,
921,subesco,F_03_SMITA_S_6_FEAR_2.wav,706604,e653e75f0b7fbd9c6aaf93d5cf2b136e5d5bb49d556ac9c28cfe29f34c53b80f,F03,F,FEAR,2,S6,T2,
922,subesco,F_03_SMITA_S_6_FEAR_3.wav,706604,1c22142e04071b6520c92100304252d148de29d051258a0b6a967e1bc6130462,F03,F,FEAR,2,S6,T3,
923,subesco,F_03_SMITA_S_6_FEAR_4.wav,708652,a08522083dfe6b35395b34adfd36e8acecbe7e55cac8d9a2bdcc29d1bbdd9d1c,F03,F,FEAR,2,S6,T4,
924,subesco,F_03_SMITA_S_6_FEAR_5.wav,708652,31cee2241e50fa1fc5b19c13a22f6a435461d6d23bd81909f6493e678f500425,F03,F,FEAR,2,S6,T5,
925,subesco,F_03_SMITA_S_6_HAPPY_1.wav,708652,09ca400a94c5d65ea8d33daca63f35f0c771358553176edac686143108263ace,F03,F,HAPPY,3,S6,T1,
926,subesco,F_03_SMITA_S_6_HAPPY_2.wav,708652,e4bdedf0cb2994cfe9441398a1d622e985a4e81fae5a3422917399bb4b600891,F03,F,HAPPY,3,S6,T2,
927,subesco,F_03_SMITA_S_6_HAPPY_3.wav,706604,f7b50e4b6d7ccf5f82f16d0d7effcb26787c4c929236b95fb775f4ab72481c3b,F03,F,HAPPY,3,S6,T3,
928,subesco,F_03_SMITA_S_6_HAPPY_4.wav,708652,f9282501226d6d8488d77cc080eac4ae89173d86f4d0dfaf05a363069f4459ae,F03,F,HAPPY,3,S6,T4,
929,subesco,F_03_SMITA_S_6_HAPPY_5.wav,706604,ebd6d976c920bdc9c9b65bd6113de9c88926f4e223cb380dbc013bcd295b9124,F03,F,HAPPY,3,S6,T5,
930,subesco,F_03_SMITA_S_6_NEUTRAL_1.wav,706604,18de864d8a8fd398c99f87de4be975ecd1c5e8400713b4ad48ec8762a92bacbc,F03,F,NEUTRAL,4,S6,T1,
931,subesco,F_03_SMITA_S_6_NEUTRAL_2.wav,706604,ca743bdcc2c91950699ed786c2aac35d036e8d142c9f93944df7be9c18dd506e,F03,F,NEUTRAL,4,S6,T2,
932,subesco,F_03_SMITA_S_6_NEUTRAL_3.wav,708652,fee3c1a145a8b8cce1a8997a2a1332911d2e7cb31182bb6153307d0792c590ab,F03,F,NEUTRAL,4,S6,T3,
933,subesco,F_03_SMITA_S_6_NEUTRAL_4.wav,708652,ccf5ff5153e5cf34deb23f0c30ad73c9980f6894a44a6c1a232e3174e3e7dec5,F03,F,NEUTRAL,4,S6,T4,
934,subesco,F_03_SMITA_S_6_NEUTRAL_5.wav,706604,284b00b7df84549c9d8b70cf3e8fee33e2c4d16589e511697da0fdec8322dd9a,F03,F,NEUTRAL,4,S6,T5,
935,subesco,F_03_SMITA_S_6_SAD_1.wav,706604,0de930052a4063928dbe3f34a8a490ca993114b096a61830e72863c3e184871f,F03,F,SAD,5,S6,T1,
936,subesco,F_03_SMITA_S_6_SAD_2.wav,706604,b3a3d8018eb7b715439f203469d5c632cc00b4195026fd1408ff952c21faa24e,F03,F,SAD,5,S6,T2,
937,subesco,F_03_SMITA_S_6_SAD_3.wav,706604,1a5ccb95971cdf35d8b1e619a2e4059bfb44d1197f23eee68ddf6ce69689f11e,F03,F,SAD,5,S6,T3,
938,subesco,F_03_SMITA_S_6_SAD_4.wav,708652,46287e615d4872548551a5d44d7b1d6ac33317b1d00badcdc715a7d6fc9577b6,F03,F,SAD,5,S6,T4,
939,subesco,F_03_SMITA_S_6_SAD_5.wav,708652,1334e02c702886a8f71cca208c29424b6f32d51e6a08e7c96022fa33afb038d7,F03,F,SAD,5,S6,T5,
940,subesco,F_03_SMITA_S_6_SURPRISE_1.wav,708652,e0606477cda96246694dc632a5a516703e24c279865bc60cf76a4fbd68a6b9dc,F03,F,SURPRISE,6,S6,T1,
941,subesco,F_03_SMITA_S_6_SURPRISE_2.wav,708652,625039c1c4faabcb561633408e58bac69a4afe52b13d970af40e24fa8a34580d,F03,F,SURPRISE,6,S6,T2,
942,subesco,F_03_SMITA_S_6_SURPRISE_3.wav,706604,2efb3aad6db037cc0bb8748a9116bf5ae06aa902f597be91f03296dc2830c03c,F03,F,SURPRISE,6,S6,T3,
943,subesco,F_03_SMITA_S_6_SURPRISE_4.wav,706604,283edff0a79d626c1d84cc04e0e8778f6d4e6ceb51aa3cc6f45d5894364c1999,F03,F,SURPRISE,6,S6,T4,
944,subesco,F_03_SMITA_S_6_SURPRISE_5.wav,708652,fae9f15d84931493db9804c4609827c8877d482d874609446abf0d9d4b7b8db3,F03,F,SURPRISE,6,S6,T5,
945,subesco,F_03_SMITA_S_7_ANGRY_1.wav,706604,61357c70bbdafc7d708f851372b984dcb289c068457df9a7d900344d5737123f,F03,F,ANGRY,0,S7,T1,
946,subesco,F_03_SMITA_S_7_ANGRY_2.wav,708652,a3844b0d2da8c5155244020689c8e1b1c180dc839493f21f6bd76e55c9628933,F03,F,ANGRY,0,S7,T2,
947,subesco,F_03_SMITA_S_7_ANGRY_3.wav,708652,89a68efa7e841b5b0d3bff241bf59c133d7bfb2ab51b1745c11cd95101490c13,F03,F,ANGRY,0,S7,T3,
948,subesco,F_03_SMITA_S_7_ANGRY_4.wav,706604,a735878b548b37ba9e0c23688e518a4b22c805ddaba1e200b5285c3969858bc0,F03,F,ANGRY,0,S7,T4,
949,subesco,F_03_SMITA_S_7_ANGRY_5.wav,708652,d34ea2ceee3c621e7fba030112a5d9e13753090f664b436c7d5b5137ac5c6a9b,F03,F,ANGRY,0,S7,T5,
950,subesco,F_03_SMITA_S_7_DISGUST_1.wav,708652,01067144cb5992df369a2ebc013cb90ec96bd6a6b4620d301f64d7ce6a739f20,F03,F,DISGUST,1,S7,T1,
951,subesco,F_03_SMITA_S_7_DISGUST_2.wav,708652,73887234c6e7e986838e6ab2c37676de53257533a3c858adcdfa68961600fec4,F03,F,DISGUST,1,S7,T2,
952,subesco,F_03_SMITA_S_7_DISGUST_3.wav,708652,0b89e501652345db22301ff889be89b55cd9c9be095bde1c035bd02f3c5af81b,F03,F,DISGUST,1,S7,T3,
953,subesco,F_03_SMITA_S_7_DISGUST_4.wav,706604,af2fd6312d8c141d4f381ea4b9da3127a6fe598f79b22509320b7a83495b5b62,F03,F,DISGUST,1,S7,T4,
954,subesco,F_03_SMITA_S_7_DISGUST_5.wav,708652,7f16228bf1c5c4f3a892f09d890afe3b7cb9e75c614d2eb5ed41763e337f8e49,F03,F,DISGUST,1,S7,T5,
955,subesco,F_03_SMITA_S_7_FEAR_1.wav,706604,10c2249e2b669cb1b0ab3730a7c16e29a839ab2cb308c2f2bb97eb46bb26a5ca,F03,F,FEAR,2,S7,T1,
956,subesco,F_03_SMITA_S_7_FEAR_2.wav,706604,0f3baec075dbd83709e69604f9c0bec31b891116aa43be4dbf988933918506d9,F03,F,FEAR,2,S7,T2,
957,subesco,F_03_SMITA_S_7_FEAR_3.wav,706604,856c5a815f4b2c4b75e880d9a9392d7f7f38bc974cc27d50193263521e493ca3,F03,F,FEAR,2,S7,T3,
958,subesco,F_03_SMITA_S_7_FEAR_4.wav,706604,29b5ed56fcaab0c9f3078fbe8ab7fa01c9f34ef9104b90e8047fd674fdefad2b,F03,F,FEAR,2,S7,T4,
959,subesco,F_03_SMITA_S_7_FEAR_5.wav,708652,4b61f9ed49226610e12a6ad11e1383654dd9a27f56ed13227fe7712aa729641f,F03,F,FEAR,2,S7,T5,
960,subesco,F_03_SMITA_S_7_HAPPY_1.wav,706604,f411136d20eeed8ef70400fe73e2a5b29e4e3f46a6808026e136d80da0522101,F03,F,HAPPY,3,S7,T1,
961,subesco,F_03_SMITA_S_7_HAPPY_2.wav,704556,e91b5a2f91ba52adce2718e9e2415ca2ba8eff200887c004d9592dd93f583a11,F03,F,HAPPY,3,S7,T2,
962,subesco,F_03_SMITA_S_7_HAPPY_3.wav,706604,7677b9d01aae4aa82ccf5ed1cbcd64d12caa8899101dfd9bb32712a7642421a3,F03,F,HAPPY,3,S7,T3,
963,subesco,F_03_SMITA_S_7_HAPPY_4.wav,708652,f986bc7f4540500399df94eb244bbdf340b46fa1ee793e2f11842c37ee7be2aa,F03,F,HAPPY,3,S7,T4,
964,subesco,F_03_SMITA_S_7_HAPPY_5.wav,706604,ce3e978aa3c43fe79af5ec6d762f3dd324ca9b26b113e5a935d4e8dbc36d8d29,F03,F,HAPPY,3,S7,T5,
965,subesco,F_03_SMITA_S_7_NEUTRAL_1.wav,706604,30cd1f67b65b1406fa19aff0760b572bcb6d04335b8ea96a9bc45168414239f4,F03,F,NEUTRAL,4,S7,T1,
966,subesco,F_03_SMITA_S_7_NEUTRAL_2.wav,706604,210d2e4e108ede28c9d9999f835be31a1212470082660c46fc9ce707b942b8b0,F03,F,NEUTRAL,4,S7,T2,
967,subesco,F_03_SMITA_S_7_NEUTRAL_3.wav,706604,a1fa09fd01e2a87f4e5283773ed9a03f73b56c563e1d56500942cdd9e7bb57a4,F03,F,NEUTRAL,4,S7,T3,
968,subesco,F_03_SMITA_S_7_NEUTRAL_4.wav,706604,cd933eb3eac0eb54e208a753af554c16eec7a1ebf05c1682431ba4a477600ce6,F03,F,NEUTRAL,4,S7,T4,
969,subesco,F_03_SMITA_S_7_NEUTRAL_5.wav,706604,8c9744a5b04179ae8d1010ec7e7a6062fd62f0fa02e798f6af605945d3616d49,F03,F,NEUTRAL,4,S7,T5,
970,subesco,F_03_SMITA_S_7_SAD_1.wav,706604,7ea6bb997e083f51bfbbcc40e7f9e8a858b2713e5cea2633c5741c0ed67aa940,F03,F,SAD,5,S7,T1,
971,subesco,F_03_SMITA_S_7_SAD_2.wav,708652,31d06404bc01d6792ec2dd1c61a3b4b0c963f3484ad215fae997d16a3158be10,F03,F,SAD,5,S7,T2,
972,subesco,F_03_SMITA_S_7_SAD_3.wav,704556,eb33940a5816c7925f8b2746a53528dbfbe2b1e0436093254ea625524bdbd7ec,F03,F,SAD,5,S7,T3,
973,subesco,F_03_SMITA_S_7_SAD_4.wav,708652,5f1dd354771fe4c8f1e3351bdc859983b3792805773bfb7376e51151f7fba123,F03,F,SAD,5,S7,T4,
974,subesco,F_03_SMITA_S_7_SAD_5.wav,708652,e8a95f9091b9d8e2914348b33fcdbb3357693dd2d3e9314cdbd1dedf301ecaec,F03,F,SAD,5,S7,T5,
975,subesco,F_03_SMITA_S_7_SURPRISE_1.wav,708652,b4f809da3696dde963555997f0571daea3b8c5e8124b41cd8735523501243df7,F03,F,SURPRISE,6,S7,T1,
976,subesco,F_03_SMITA_S_7_SURPRISE_2.wav,708652,1850c5ae52d1f0d5533490706483df9704eae567e0d2097b941236a7647f0caa,F03,F,SURPRISE,6,S7,T2,
977,subesco,F_03_SMITA_S_7_SURPRISE_3.wav,708652,2b8db02757a18d1f077f5913f67e20f8d8c714141c73dde8f4f0f2fe1b825d39,F03,F,SURPRISE,6,S7,T3,
978,subesco,F_03_SMITA_S_7_SURPRISE_4.wav,708652,3c54671dd9bd5bf1182a7da7cd36a8019f6f7c57bc4f330cf804e41024e066a6,F03,F,SURPRISE,6,S7,T4,
979,subesco,F_03_SMITA_S_7_SURPRISE_5.wav,710700,9d0b416d57e89bdd9308931a19560055e58e8df430dab0e2359dbf2c59ab5392,F03,F,SURPRISE,6,S7,T5,
980,subesco,F_03_SMITA_S_8_ANGRY_1.wav,708652,c80dcb52fa3ca2fa456a9942a88f0b99b2d453da8f569df21af793601c49528c,F03,F,ANGRY,0,S8,T1,
981,subesco,F_03_SMITA_S_8_ANGRY_2.wav,708652,f6438465420087b86bd1b4cba4feff71f86a20abfd0a2271ace9df3146d737bd,F03,F,ANGRY,0,S8,T2,
982,subesco,F_03_SMITA_S_8_ANGRY_3.wav,708652,6b9d053c99ea2d88b873a1732946001eee72fd1bfdae4f7952bdea9f20bc9cd8,F03,F,ANGRY,0,S8,T3,
983,subesco,F_03_SMITA_S_8_ANGRY_4.wav,708652,e831502e45bf8700b3abeb139351e6761747f700092e21392db4254627cd5a38,F03,F,ANGRY,0,S8,T4,
984,subesco,F_03_SMITA_S_8_ANGRY_5.wav,706604,f0ae22c728f0ea165d25f881c1947abab53a9f26ab299d9946ca1046d13d6bde,F03,F,ANGRY,0,S8,T5,
985,subesco,F_03_SMITA_S_8_DISGUST_1.wav,708652,91742e3a1744849246b4df8360e2919ad1997892df250402bb477b1dcd244abb,F03,F,DISGUST,1,S8,T1,
986,subesco,F_03_SMITA_S_8_DISGUST_2.wav,708652,5b48183cab04e5a0f4331441f281d8a95f9b13297ae5221d9ec6b4e8238858e5,F03,F,DISGUST,1,S8,T2,
987,subesco,F_03_SMITA_S_8_DISGUST_3.wav,706604,c284d0c0c7df675b611c45459eaafb1bd1ba4193763e59d631dbcf1228c41a24,F03,F,DISGUST,1,S8,T3,
988,subesco,F_03_SMITA_S_8_DISGUST_4.wav,706604,28c1c5f9b263d17761d422f4983a68c8ff4413d45e17401cadeeaa2d42b8006f,F03,F,DISGUST,1,S8,T4,
989,subesco,F_03_SMITA_S_8_DISGUST_5.wav,706604,3032c97c93f22a21bdb8404cce66469878a4552f0326fed2eae215b7c92b8ee2,F03,F,DISGUST,1,S8,T5,
990,subesco,F_03_SMITA_S_8_FEAR_1.wav,706604,826342596e40fe71cc7231da62bf958ccdfd2c91e5b23a2d62d1bce3dbcba7f9,F03,F,FEAR,2,S8,T1,
991,subesco,F_03_SMITA_S_8_FEAR_2.wav,708652,cb6533323dd804c665246111e43d0e8a7da6ef854d2c37abbdf126f49ca774d7,F03,F,FEAR,2,S8,T2,
992,subesco,F_03_SMITA_S_8_FEAR_3.wav,708652,ae0de5f6f223a28cccfd516361f179a86ba2f25bad94013a28b20586e4a5f9df,F03,F,FEAR,2,S8,T3,
993,subesco,F_03_SMITA_S_8_FEAR_4.wav,708652,617371ec355f64ddfb76cd70e49c6593a9c46d8c724c22650ab4671085fd09d7,F03,F,FEAR,2,S8,T4,
994,subesco,F_03_SMITA_S_8_FEAR_5.wav,708652,a299c9f385054c53597c93e4077cee1dd5451a4e8f6f9f67d69da97bb4639564,F03,F,FEAR,2,S8,T5,
995,subesco,F_03_SMITA_S_8_HAPPY_1.wav,708652,a496d6a51a3945ad31d2240b8f887292a8d6fc9b26c310578099ffe98eb56376,F03,F,HAPPY,3,S8,T1,
996,subesco,F_03_SMITA_S_8_HAPPY_2.wav,706604,2fee4ddca8c6c8060f17e9c71b35b7f063b02695459a43893c320820ee01aef7,F03,F,HAPPY,3,S8,T2,
997,subesco,F_03_SMITA_S_8_HAPPY_3.wav,706604,bf05154f8c0f8203326be70944b70b44ac6a92af9f942cc33c4f436645074c2b,F03,F,HAPPY,3,S8,T3,
998,subesco,F_03_SMITA_S_8_HAPPY_4.wav,710700,368016ff122d49ffe27f0c73c82793ca07246897dd935c66f627bbcdaf71514a,F03,F,HAPPY,3,S8,T4,
999,subesco,F_03_SMITA_S_8_HAPPY_5.wav,708652,a278790ac917af31267e5362ba5fdede09fae571bd79fb1539e131a32257e853,F03,F,HAPPY,3,S8,T5,
1000,subesco,F_03_SMITA_S_8_NEUTRAL_1.wav,708652,40965fe7298b3c93e2602e98c3b81aa9a21e64b75ddc54445bb1ad2b39e82beb,F03,F,NEUTRAL,4,S8,T1,
1001,subesco,F_03_SMITA_S_8_NEUTRAL_2.wav,706604,2affcadd498d781c2daa172dba0c7ac24243376758cf34d78fc5a08f3f805be8,F03,F,NEUTRAL,4,S8,T2,
1002,subesco,F_03_SMITA_S_8_NEUTRAL_3.wav,706604,bdef7cb72eada35797ff5afce41d43c42f354890e8e9c1b7e22e9611eada704b,F03,F,NEUTRAL,4,S8,T3,
1003,subesco,F_03_SMITA_S_8_NEUTRAL_4.wav,708652,9012c1b194ce3fec99645eadb9ba3617fad13c31180794c6b32896de643068da,F03,F,NEUTRAL,4,S8,T4,
1004,subesco,F_03_SMITA_S_8_NEUTRAL_5.wav,708652,6cfe2dd02d462a53bc78fac966ba0d227d333206689279b233fe0c1a1d93e976,F03,F,NEUTRAL,4,S8,T5,
1005,subesco,F_03_SMITA_S_8_SAD_1.wav,708652,278e6e5b36d225942922964e9815bc4418f6c222c8b2a87aad5fc1341837bf04,F03,F,SAD,5,S8,T1,
1006,subesco,F_03_SMITA_S_8_SAD_2.wav,706604,1891a59f52a5af5e2f3ee630e07068c7f9d9dce40d7b1c8fdea8973d9f41228a,F03,F,SAD,5,S8,T2,
1007,subesco,F_03_SMITA_S_8_SAD_3.wav,708652,963b21f98990f12ccbff708f99eba8b8bf7f8cd851dd936ab7a179075a045c5c,F03,F,SAD,5,S8,T3,
1008,subesco,F_03_SMITA_S_8_SAD_4.wav,706604,5c96f1ff0b5c20f3867a013621d361b26489946c3ba1f8f8d2a35fd232ddee0b,F03,F,SAD,5,S8,T4,
1009,subesco,F_03_SMITA_S_8_SAD_5.wav,708652,af1e69c0c90f3462a82c4c257116f7514eefb402697603016b61a38beb4c1c74,F03,F,SAD,5,S8,T5,
1010,subesco,F_03_SMITA_S_8_SURPRISE_1.wav,708652,5ad01b1dbccb75b5442e361707e598893e8f0eed5d37716cc7089ff8cbe157ca,F03,F,SURPRISE,6,S8,T1,
1011,subesco,F_03_SMITA_S_8_SURPRISE_2.wav,708652,f0a029050bfc681f82193d075a4286ca674c17aa6c38ac911665d06a62a615a2,F03,F,SURPRISE,6,S8,T2,
1012,subesco,F_03_SMITA_S_8_SURPRISE_3.wav,708652,91495381bbe8e1ea89e3b261f772ff9d555ff401a06a41d40269f9c66ca102f6,F03,F,SURPRISE,6,S8,T3,
1013,subesco,F_03_SMITA_S_8_SURPRISE_4.wav,708652,e2cf9b91d8654875a35f13e878d7dcc9e26a0d8edd95561793915987e76e5cc5,F03,F,SURPRISE,6,S8,T4,
1014,subesco,F_03_SMITA_S_8_SURPRISE_5.wav,708652,489d00933b13432a35b65ee36367790bfc5064978563f4781bb98cee278a9da8,F03,F,SURPRISE,6,S8,T5,
1015,subesco,F_03_SMITA_S_9_ANGRY_1.wav,708652,21798945c1652f1c7ba8bccdb8a5d3f010e13bd2109c53f89692749d8b14db22,F03,F,ANGRY,0,S9,T1,
1016,subesco,F_03_SMITA_S_9_ANGRY_2.wav,704556,3388e5d369daaefddd1e9af6e640748382abc4d76bdea29f2fa076956ed5f6cb,F03,F,ANGRY,0,S9,T2,
1017,subesco,F_03_SMITA_S_9_ANGRY_3.wav,708652,1ad97ce9a3c5e9670306021d09d0ac1c0fb9f9306a74f86e83c6f4eceaa03234,F03,F,ANGRY,0,S9,T3,
1018,subesco,F_03_SMITA_S_9_ANGRY_4.wav,708652,b9d52c033bcf5dc98016bd00b105bc7f2467fb4a6504043ea945cab44b644b14,F03,F,ANGRY,0,S9,T4,
1019,subesco,F_03_SMITA_S_9_ANGRY_5.wav,708652,b7d48b0c456b08cd43b5bc6869646abfc592057b07b742811a0b434580ee5a02,F03,F,ANGRY,0,S9,T5,
1020,subesco,F_03_SMITA_S_9_DISGUST_1.wav,706604,9be242a1f601df9be8ac0473cae10d971778746b438ad9125a24369d1c99a61d,F03,F,DISGUST,1,S9,T1,
1021,subesco,F_03_SMITA_S_9_DISGUST_2.wav,708652,3d1e70fedeccf7ad0a8f68e2c4310c0509ab80166ac6068abecc2a5cea5f1d84,F03,F,DISGUST,1,S9,T2,
1022,subesco,F_03_SMITA_S_9_DISGUST_3.wav,708652,d6caf0f9017fc11299ea0335844786ee3fef9a6ffe9c498ab39e2238ebd5a8ea,F03,F,DISGUST,1,S9,T3,
1023,subesco,F_03_SMITA_S_9_DISGUST_4.wav,706604,735ba97bd6013cd0def08f52009cde0c0fdc45223fec4420bfbc49066404d26b,F03,F,DISGUST,1,S9,T4,
1024,subesco,F_03_SMITA_S_9_DISGUST_5.wav,706604,6f99bf11ddaf2897abba03fe0ddb2179daafc8a130951526e2161a779a5a98dc,F03,F,DISGUST,1,S9,T5,
1025,subesco,F_03_SMITA_S_9_FEAR_1.wav,708652,f0ad7021cf8b95437da3d4025694f67801c767a8121802eecff0c2aa500ca478,F03,F,FEAR,2,S9,T1,
1026,subesco,F_03_SMITA_S_9_FEAR_2.wav,706604,c4edab3a5e721269910ad2b403250a58b7e19ef30b2c403d70f303dabca0bada,F03,F,FEAR,2,S9,T2,
1027,subesco,F_03_SMITA_S_9_FEAR_3.wav,710700,69111f34ffc9434fee878e5b93c2ba8b8aa59dff565557e43379c05b62e75703,F03,F,FEAR,2,S9,T3,
1028,subesco,F_03_SMITA_S_9_FEAR_4.wav,706604,2e41293b3e7cf608e678a08870f30d1d961dd40083304b3cf629bcde8bab2c96,F03,F,FEAR,2,S9,T4,
1029,subesco,F_03_SMITA_S_9_FEAR_5.wav,706604,4b208e9c3519769e77e8c9407a55f6afe2df7e289976b66d4dd14e4e22097e84,F03,F,FEAR,2,S9,T5,
1030,subesco,F_03_SMITA_S_9_HAPPY_1.wav,706604,52509c37e4a31fea19df909daff2dc4ac25f2ff6c436c44985f9f7ab361533f6,F03,F,HAPPY,3,S9,T1,
1031,subesco,F_03_SMITA_S_9_HAPPY_2.wav,706604,59c075c19c4f65888f06e81e8272961177654b5e8e0eadf4afbac249af4cf303,F03,F,HAPPY,3,S9,T2,
1032,subesco,F_03_SMITA_S_9_HAPPY_3.wav,708652,b017df8cf32ba2d33434ac57c9e6538e4daa2886bc11e9601de30e51ec8fe8c4,F03,F,HAPPY,3,S9,T3,
1033,subesco,F_03_SMITA_S_9_HAPPY_4.wav,706604,f160dde897c66b6d44685ba1342756dc9f097226f683b1eccfe754052ed8d314,F03,F,HAPPY,3,S9,T4,
1034,subesco,F_03_SMITA_S_9_HAPPY_5.wav,708652,38749085fed8554e9e98bb33f9d1a07a9ed2cd31709ed6d8e5cdf8f5593ca88d,F03,F,HAPPY,3,S9,T5,
1035,subesco,F_03_SMITA_S_9_NEUTRAL_1.wav,708652,06db1f7d9a6de5b8dbd3f0f78dece912f49181cc806254313da6513cb18a96d5,F03,F,NEUTRAL,4,S9,T1,
1036,subesco,F_03_SMITA_S_9_NEUTRAL_2.wav,708652,d26af8af7d1910e0ebb87b2c06dc35c7c6a716318ace25d314f52781ce1da765,F03,F,NEUTRAL,4,S9,T2,
1037,subesco,F_03_SMITA_S_9_NEUTRAL_3.wav,708652,41b72d6f6efdd554557adae28ab707fd8c12be3ddee834d03110d8e327a1ef83,F03,F,NEUTRAL,4,S9,T3,
1038,subesco,F_03_SMITA_S_9_NEUTRAL_4.wav,706604,14b0ffed43ad829c5200a9766a2006d91c1acf58179bf2c31bbef54843ff8e50,F03,F,NEUTRAL,4,S9,T4,
1039,subesco,F_03_SMITA_S_9_NEUTRAL_5.wav,706604,21a4fbbf55b5a33a28c2569a40f05109031f379a463dcbf963b9e1202d33b36a,F03,F,NEUTRAL,4,S9,T5,
1040,subesco,F_03_SMITA_S_9_SAD_1.wav,708652,cb2ab30c80ddec65ebe90780e40efd2c39246a2e7b30fcd4605148ea2356381a,F03,F,SAD,5,S9,T1,
1041,subesco,F_03_SMITA_S_9_SAD_2.wav,708652,2f7c376e0d686bda97d3aee3e1e10e13f87d3e163e736b6b5afac5df0a4e773f,F03,F,SAD,5,S9,T2,
1042,subesco,F_03_SMITA_S_9_SAD_3.wav,704556,71497d1e7e1875f6b01311a11daa05053f93d7068167288fe835e66a639274bb,F03,F,SAD,5,S9,T3,
1043,subesco,F_03_SMITA_S_9_SAD_4.wav,708652,27df48f19004318fbfa73d3071d19837bf2e92dd97b47130b85a5117eb72d7d7,F03,F,SAD,5,S9,T4,
1044,subesco,F_03_SMITA_S_9_SAD_5.wav,704556,134b0748d2235416eea99a9a46a480b2f8edf6c00593e912b936ade84e9f013b,F03,F,SAD,5,S9,T5,
1045,subesco,F_03_SMITA_S_9_SURPRISE_1.wav,708652,9d112ce3c6cd7b3babf7db574f458cc274fd603ee3648907f746b22d338c6535,F03,F,SURPRISE,6,S9,T1,
1046,subesco,F_03_SMITA_S_9_SURPRISE_2.wav,706604,a65c5a1bb3388d67a11a4fb1d9c6bf4f8fde82820b239348707642424f245d79,F03,F,SURPRISE,6,S9,T2,
1047,subesco,F_03_SMITA_S_9_SURPRISE_3.wav,700460,d4956ff37de5f4bcb4f4280b0d670dfe21dfe095fbf179eeabea816793ff34eb,F03,F,SURPRISE,6,S9,T3,
1048,subesco,F_03_SMITA_S_9_SURPRISE_4.wav,706604,9a257e982a0d6d0b59e8125640117a64539f07e4957da1af29d0ff44958a03a3,F03,F,SURPRISE,6,S9,T4,
1049,subesco,F_03_SMITA_S_9_SURPRISE_5.wav,708652,b456575535799d40a6ee70ca0a99facf6e2a1deffbfbe6a03141a5b8c80f6754,F03,F,SURPRISE,6,S9,T5,
1050,subesco,F_04_SWARNALI_S_10_ANGRY_1.wav,354348,86e2b7f1b1daef1579deb77bb3441000e6774994898ee09d0aca16cb668aaf3d,F04,F,ANGRY,0,S10,T1,
1051,subesco,F_04_SWARNALI_S_10_ANGRY_2.wav,353324,af080fabfb26b4827222403a7fe50ed1a8074d3f24ca9011b03a0e6636da9cad,F04,F,ANGRY,0,S10,T2,
1052,subesco,F_04_SWARNALI_S_10_ANGRY_3.wav,353324,2d0d75b744d2432899da64c766251e8be6075a4b54ea05c1677517d300095b9d,F04,F,ANGRY,0,S10,T3,
1053,subesco,F_04_SWARNALI_S_10_ANGRY_4.wav,353324,af218783ccd0fb60937cd94453d9d0f53603f0c8fc50262986b84c85f8587865,F04,F,ANGRY,0,S10,T4,
1054,subesco,F_04_SWARNALI_S_10_ANGRY_5.wav,353324,d1a6e3fe892fca42c7b3215faae4530669fcc7e1344cb9d489ca57639bb176ae,F04,F,ANGRY,0,S10,T5,
1055,subesco,F_04_SWARNALI_S_10_DISGUST_1.wav,708652,0000c3265b29c4d35790402cbbabac599990c31467f1f91e05791f526182e210,F04,F,DISGUST,1,S10,T1,
1056,subesco,F_04_SWARNALI_S_10_DISGUST_2.wav,708652,21d28922c223f2307b34214ee89ff4511d7e79be113ee090852b02b519c3e7b8,F04,F,DISGUST,1,S10,T2,
1057,subesco,F_04_SWARNALI_S_10_DISGUST_3.wav,706604,a60712910169432f993b94b8dcede538d0aec045c55733f3a8e46aee861fbbce,F04,F,DISGUST,1,S10,T3,
1058,subesco,F_04_SWARNALI_S_10_DISGUST_4.wav,708652,1baaaa9c3bc659567cd1e20f241bb05d1b1ba64ba2a7716c77073dff26903ecf,F04,F,DISGUST,1,S10,T4,
1059,subesco,F_04_SWARNALI_S_10_DISGUST_5.wav,706604,85188342f1db34aa38bf6bad60fb306a00f1eea9815212235093fd4a73622a14,F04,F,DISGUST,1,S10,T5,
1060,subesco,F_04_SWARNALI_S_10_FEAR_1.wav,708652,4a136d6e6f87c195a0519b6094c7349dc20f5c5c505e3f15c5240382c33e457b,F04,F,FEAR,2,S10,T1,
1061,subesco,F_04_SWARNALI_S_10_FEAR_2.wav,708652,9cb84c6cf072f80489a038b451dd49abb6e2bce55db357f52f57b85d72d5cc8c,F04,F,FEAR,2,S10,T2,
1062,subesco,F_04_SWARNALI_S_10_FEAR_3.wav,706604,989280da846eb19e88987b3d3caa6ea3cc67fd429ac7501146d9eab1a1d5e027,F04,F,FEAR,2,S10,T3,
1063,subesco,F_04_SWARNALI_S_10_FEAR_4.wav,708652,91509871a1bc792c3bc86a940dc9994acae68f28a52f447d02b1c332e537aba9,F04,F,FEAR,2,S10,T4,
1064,subesco,F_04_SWARNALI_S_10_FEAR_5.wav,706604,7cd6c096818f9ac02bb0845bfd269e365df74912894b4dd3175d162469792848,F04,F,FEAR,2,S10,T5,
1065,subesco,F_04_SWARNALI_S_10_HAPPY_1.wav,354348,3041446115ea4ce01425de4ffbe50be932d25ccc88434b2d29af36192a0c3258,F04,F,HAPPY,3,S10,T1,
1066,subesco,F_04_SWARNALI_S_10_HAPPY_2.wav,353324,aee434feb8600e9508e96225ec8918857bcbf8f964115161e72da512e180ffdb,F04,F,HAPPY,3,S10,T2,
1067,subesco,F_04_SWARNALI_S_10_HAPPY_3.wav,353324,bfdca9646a223b2633dd4ad038c7566843eb9a12de8597048e5fa57d7b795b81,F04,F,HAPPY,3,S10,T3,
1068,subesco,F_04_SWARNALI_S_10_HAPPY_4.wav,354348,e19f3366dc1d2c6277eb5a1a294f1ffa6457c8cb668edb9d709a6a2e4ee1b5b1,F04,F,HAPPY,3,S10,T4,
1069,subesco,F_04_SWARNALI_S_10_HAPPY_5.wav,353324,5deb13af0c5f7c0ea40139bbe5f980412f375fc9fbc81921316d0ba8548dffb5,F04,F,HAPPY,3,S10,T5,
1070,subesco,F_04_SWARNALI_S_10_NEUTRAL_1.wav,353324,9a58e25f34911c827c8194012fd5cc2873487e0cfa857b0a80a34680ee91e2c1,F04,F,NEUTRAL,4,S10,T1,
1071,subesco,F_04_SWARNALI_S_10_NEUTRAL_2.wav,354348,ac4808c7df663301b00d30e752f08f377f7427c4d7e37c61d8366f089b447fee,F04,F,NEUTRAL,4,S10,T2,
1072,subesco,F_04_SWARNALI_S_10_NEUTRAL_3.wav,353324,d0ceb764922b7114720e2caaf8c038b7a8125b3bd320336212f3a3acfc5a127a,F04,F,NEUTRAL,4,S10,T3,
1073,subesco,F_04_SWARNALI_S_10_NEUTRAL_4.wav,355372,05c71d4137c9b9f518eebce3040dbe63c42de37753920f73033cc1f4cc80861d,F04,F,NEUTRAL,4,S10,T4,
1074,subesco,F_04_SWARNALI_S_10_NEUTRAL_5.wav,353324,204ea1c924b425795f157fcfbdda23e05c80e6899c8f887589e1067c10c6e26e,F04,F,NEUTRAL,4,S10,T5,
1075,subesco,F_04_SWARNALI_S_10_SAD_1.wav,354348,c27ddd0c35fe0f737b4f9df77a64eef067d87fcbdbb678c458b7bd2b28bbc206,F04,F,SAD,5,S10,T1,
1076,subesco,F_04_SWARNALI_S_10_SAD_2.wav,354348,c25d54088ea61c8adc24316bfe7000cd660a06af7397c4b4b2c8eded00a707e7,F04,F,SAD,5,S10,T2,
1077,subesco,F_04_SWARNALI_S_10_SAD_3.wav,353324,f12a39de4af7c93586a15dbf801b7a816399ace33c9d027ea231b9441198ee00,F04,F,SAD,5,S10,T3,
1078,subesco,F_04_SWARNALI_S_10_SAD_4.wav,354348,14e65ed7c3a41ff22f2579814e1e6173d9673dffdbb3b39d493ab2d532469661,F04,F,SAD,5,S10,T4,
1079,subesco,F_04_SWARNALI_S_10_SAD_5.wav,352300,0c734729628dbd47b8d46725d0ce6c14894d1cc0423907378a47a3dd1d991df2,F04,F,SAD,5,S10,T5,
1080,subesco,F_04_SWARNALI_S_10_SURPRISE_1.wav,704556,ca944acfe1512b76a23862a386ba0f0d02f5010ef0b373d91115251ca6849338,F04,F,SURPRISE,6,S10,T1,
1081,subesco,F_04_SWARNALI_S_10_SURPRISE_2.wav,708652,9f6d07c85782e69d7f5c597ae4fc79825a941e8d03e34beef9d1a77e79f1c35c,F04,F,SURPRISE,6,S10,T2,
1082,subesco,F_04_SWARNALI_S_10_SURPRISE_3.wav,708652,d0b031bb71aea832c60b3fb4688ec1aaa3e11e31a77a24c082fd5c94c6f058c3,F04,F,SURPRISE,6,S10,T3,
1083,subesco,F_04_SWARNALI_S_10_SURPRISE_4.wav,706604,364835eff349fd88e9a5e5b30539e5998b1e61ad0de01c5fef78d97df79eb182,F04,F,SURPRISE,6,S10,T4,
1084,subesco,F_04_SWARNALI_S_10_SURPRISE_5.wav,706604,55bb0d899f38e27187d6a91c5984017111f9a1247ec74b683368bea05f618605,F04,F,SURPRISE,6,S10,T5,
1085,subesco,F_04_SWARNALI_S_1_ANGRY_1.wav,352300,2a60a50c2e993fa95b5f08eb96a2d4d17e0ec3eef0dac0e9cd6db51a14078bb6,F04,F,ANGRY,0,S1,T1,
1086,subesco,F_04_SWARNALI_S_1_ANGRY_2.wav,353324,0095498c7a2c5f1e952b72e455b0221aad0c0fd1d258b49f85d8428ba1af69df,F04,F,ANGRY,0,S1,T2,
1087,subesco,F_04_SWARNALI_S_1_ANGRY_3.wav,354348,e591e64b882321490bb2bc0922ec209d094e95333b03f39596f1c6ccbed109d5,F04,F,ANGRY,0,S1,T3,
1088,subesco,F_04_SWARNALI_S_1_ANGRY_4.wav,353324,e13025a3467216eaecc096f7e49bde969d0ac2f2fe68f3521019805a3e433276,F04,F,ANGRY,0,S1,T4,
1089,subesco,F_04_SWARNALI_S_1_ANGRY_5.wav,352300,3a820158633fe46e359690367307cd9c2e3ce512f66ec139170617ac001b51c3,F04,F,ANGRY,0,S1,T5,
1090,subesco,F_04_SWARNALI_S_1_DISGUST_1.wav,708652,f2ee6e9da3e44e7f37804381305ec74e601965a3a3a8ae532fbade119486d2e7,F04,F,DISGUST,1,S1,T1,
1091,subesco,F_04_SWARNALI_S_1_DISGUST_2.wav,708652,6a6131b6c369fabb690a6dd5e64a3a1e7360e5a15519a31c3dfca206254a4f25,F04,F,DISGUST,1,S1,T2,
1092,subesco,F_04_SWARNALI_S_1_DISGUST_3.wav,706604,52795a4751d2d55cad04039f61c8354d45ae95f112df2b2aeb75fbcc66a02ee2,F04,F,DISGUST,1,S1,T3,
1093,subesco,F_04_SWARNALI_S_1_DISGUST_4.wav,706604,fa4aebf502e892e386b9b7e2f08b43d35534d7b7e98dd39baaacb8acc2a24f3b,F04,F,DISGUST,1,S1,T4,
1094,subesco,F_04_SWARNALI_S_1_DISGUST_5.wav,708652,a6643d6637101d8fbe289547b9e902630e3b6a6945c3bbdfbcbf1b059717ae7d,F04,F,DISGUST,1,S1,T5,
1095,subesco,F_04_SWARNALI_S_1_FEAR_1.wav,708652,915d2f2acd4ec1982e8d01db8ba44da42ee417b439acbd503c84febbd1b8e7dc,F04,F,FEAR,2,S1,T1,
1096,subesco,F_04_SWARNALI_S_1_FEAR_2.wav,708652,225c1cc9776d33129e946e7faac7afae61d116322f1b3395e99b022ad9671b7d,F04,F,FEAR,2,S1,T2,
1097,subesco,F_04_SWARNALI_S_1_FEAR_3.wav,708652,82262fc7fd6a070ac39014390f326b5a43ab6d6c3bc24dafddaf07570eb3988e,F04,F,FEAR,2,S1,T3,
1098,subesco,F_04_SWARNALI_S_1_FEAR_4.wav,708652,755943fb22b8f7a8faab971080381b4791d6d4fbbe32dd670543e6a1a5b1092a,F04,F,FEAR,2,S1,T4,
1099,subesco,F_04_SWARNALI_S_1_FEAR_5.wav,708652,f66374c692964a2651d9e44ba4140f453feed358882e781f4f689855707613ee,F04,F,FEAR,2,S1,T5,
1100,subesco,F_04_SWARNALI_S_1_HAPPY_1.wav,354348,540ea1188fd1c97e16bb07ac927e950bb9f0ea7fa6e83dc38c228f6e85272096,F04,F,HAPPY,3,S1,T1,
1101,subesco,F_04_SWARNALI_S_1_HAPPY_2.wav,356396,1a1ebcdd9c0b7a4be57ba21e8dad914d491a52236603ed65d51d135c8b29364a,F04,F,HAPPY,3,S1,T2,
1102,subesco,F_04_SWARNALI_S_1_HAPPY_3.wav,352300,72905ea4239f92ed68abe87ddaf0a7f5d8440297e7ae908b0075e4d1eff29568,F04,F,HAPPY,3,S1,T3,
1103,subesco,F_04_SWARNALI_S_1_HAPPY_4.wav,352300,838a0eee339cb68708fc40db31f4a8c8b9e56e90f2af1eedd89f001f71ed9f41,F04,F,HAPPY,3,S1,T4,
1104,subesco,F_04_SWARNALI_S_1_HAPPY_5.wav,352300,801f88f1a34987dc8d7317ebfc291e5dff39c4badd4d874b21d6ea4b36b7724c,F04,F,HAPPY,3,S1,T5,
1105,subesco,F_04_SWARNALI_S_1_NEUTRAL_1.wav,354348,2bcecd10a7616ad1632d1def1fe481a2ae510705073ff9276e7f298b43142074,F04,F,NEUTRAL,4,S1,T1,
1106,subesco,F_04_SWARNALI_S_1_NEUTRAL_2.wav,354348,41cefbdd11afad9b42e49f72c9275b2ee23a79606503c0931bb630a8ff2df43e,F04,F,NEUTRAL,4,S1,T2,
1107,subesco,F_04_SWARNALI_S_1_NEUTRAL_3.wav,354348,e84bf873811a15ee3db965ea82f7e3c510a2dd50c4d9f85fc9d57ef4ca764a31,F04,F,NEUTRAL,4,S1,T3,
1108,subesco,F_04_SWARNALI_S_1_NEUTRAL_4.wav,355372,c4b0506644e6f0bf482ad184178b167cd03377a95116bb1905f61d0793eb5b61,F04,F,NEUTRAL,4,S1,T4,
1109,subesco,F_04_SWARNALI_S_1_NEUTRAL_5.wav,354348,3eeeef64f3435011d8d0ebdeafe22674ab9dfe2ab4488aee8451a287556929b8,F04,F,NEUTRAL,4,S1,T5,
1110,subesco,F_04_SWARNALI_S_1_SAD_1.wav,354348,5d4a62bb737eeffc7b3b8ac48e4aa8fe52dc9c8600c1a14a66e58e638a83d7e4,F04,F,SAD,5,S1,T1,
1111,subesco,F_04_SWARNALI_S_1_SAD_2.wav,352300,3a005b51449b3908f54997f7f27e15d0cfb2f91f52dc269511f16bc46f428d2d,F04,F,SAD,5,S1,T2,
1112,subesco,F_04_SWARNALI_S_1_SAD_3.wav,353324,37a1a3b365cf8ea8ecd521b15acdc877fdcc182a116b9cbb697c65517a657cf5,F04,F,SAD,5,S1,T3,
1113,subesco,F_04_SWARNALI_S_1_SAD_4.wav,353324,a045f23c956cad59e6f2081f51a3ec584c106009ab1b2296d12c50d24a7d1b2c,F04,F,SAD,5,S1,T4,
1114,subesco,F_04_SWARNALI_S_1_SAD_5.wav,354348,e81cb8f9816174d1c0de5d8fac4ed4c578dd86f2259977963856b5f8f2ea8019,F04,F,SAD,5,S1,T5,
1115,subesco,F_04_SWARNALI_S_1_SURPRISE_1.wav,708652,ef74b27ab2dbbb0d3307d35bbf5a0d56326556e6b2e69bde4f512f74d946c90f,F04,F,SURPRISE,6,S1,T1,
1116,subesco,F_04_SWARNALI_S_1_SURPRISE_2.wav,708652,a336db98227ec36f930866cf759e711a297b76bf78d76a6edc547a3ea5cde3bb,F04,F,SURPRISE,6,S1,T2,
1117,subesco,F_04_SWARNALI_S_1_SURPRISE_3.wav,708652,743f451e5bbc31371ee0fc3e24a47553e306751e23705414474de03873f1615c,F04,F,SURPRISE,6,S1,T3,
1118,subesco,F_04_SWARNALI_S_1_SURPRISE_4.wav,708652,974d213209712321f7254edc97ab22de1bbc73b2ff629062150e2f3dc09581fe,F04,F,SURPRISE,6,S1,T4,
1119,subesco,F_04_SWARNALI_S_1_SURPRISE_5.wav,708652,d22d9b92646b95fb66e0c1e59dd4d8f13abe0b44896c7e87d6be3fae3ce62210,F04,F,SURPRISE,6,S1,T5,
1120,subesco,F_04_SWARNALI_S_2_ANGRY_1.wav,352300,5501283801b67fc35b6b4a5b7e7b693b175ccb2bd6586ead58e469dcd577d04a,F04,F,ANGRY,0,S2,T1,
1121,subesco,F_04_SWARNALI_S_2_ANGRY_2.wav,353324,bb4dae29ae4b1770aae0807bf07cd224e5e19f91282ad442df78f8d218afd188,F04,F,ANGRY,0,S2,T2,
1122,subesco,F_04_SWARNALI_S_2_ANGRY_3.wav,352300,e75133e117b43150047527cc1416f1fc886c52422f70db71540d0812e68b7aef,F04,F,ANGRY,0,S2,T3,
1123,subesco,F_04_SWARNALI_S_2_ANGRY_4.wav,353324,2252449ce06a9ef2fca026680ff8ee2ad9455a44289b1bc90b944c139e0a74e2,F04,F,ANGRY,0,S2,T4,
1124,subesco,F_04_SWARNALI_S_2_ANGRY_5.wav,352300,6a05fda8646bcd3722e20d9c6e1b6d69f5fb49e74021d25c1d5b49cb71d3557d,F04,F,ANGRY,0,S2,T5,
1125,subesco,F_04_SWARNALI_S_2_DISGUST_1.wav,708652,491d20ca3cf39517261ed9d3983d0650f88b680cf0ef6f4cc4f67162970e727a,F04,F,DISGUST,1,S2,T1,
1126,subesco,F_04_SWARNALI_S_2_DISGUST_2.wav,706604,caff54c5448942b04c8e53982cd9228f0e74265d18cf3f01fc30adfe43ef6c51,F04,F,DISGUST,1,S2,T2,
1127,subesco,F_04_SWARNALI_S_2_DISGUST_3.wav,704556,2288d49a9faea167e4d74c44f4f8ca7b3dff2e3be052326649c8a0be29e923fd,F04,F,DISGUST,1,S2,T3,
1128,subesco,F_04_SWARNALI_S_2_DISGUST_4.wav,704556,c2d50bfd76166995241aa8325db563c5f3bfd78c9cf83fd30bf128cddcef5caa,F04,F,DISGUST,1,S2,T4,
1129,subesco,F_04_SWARNALI_S_2_DISGUST_5.wav,708652,f417938227d42593aa6b7015e1163a75a4b38525a7b23c6464354eeba24bc0b2,F04,F,DISGUST,1,S2,T5,
1130,subesco,F_04_SWARNALI_S_2_FEAR_1.wav,708652,906d9148e95747f8507943661ff0336969f20432bbe175e368394742590a3409,F04,F,FEAR,2,S2,T1,
1131,subesco,F_04_SWARNALI_S_2_FEAR_2.wav,708652,781d81b49ed433fc5412e128221a1f861e6c45bf89525d4721ec56c52d0232e8,F04,F,FEAR,2,S2,T2,
1132,subesco,F_04_SWARNALI_S_2_FEAR_3.wav,706604,ee725eefb66e581fcba1195ae3b3a42cf44b85822121aa50792e68345cb94265,F04,F,FEAR,2,S2,T3,
1133,subesco,F_04_SWARNALI_S_2_FEAR_4.wav,706604,f3828243f7a83bc0f44d8a200f880c5acc4b9f7619294aad538bae5cc790baba,F04,F,FEAR,2,S2,T4,
1134,subesco,F_04_SWARNALI_S_2_FEAR_5.wav,704556,9eb9df8907af818ccf043213d207c2fe89fdc1821ed6dcbe8c6eabd9119ee6e5,F04,F,FEAR,2,S2,T5,
1135,subesco,F_04_SWARNALI_S_2_HAPPY_1.wav,354348,5ef667f0bdb81ab0aa1266f518afe6f623bf0ee512535f4356d14828cfbb2825,F04,F,HAPPY,3,S2,T1,
1136,subesco,F_04_SWARNALI_S_2_HAPPY_2.wav,353324,3d3eb851823f7b79d30aee4e75de2c78d2610b46b174ce759203cfdffd0b6f32,F04,F,HAPPY,3,S2,T2,
1137,subesco,F_04_SWARNALI_S_2_HAPPY_3.wav,352300,90c39f02482cafcc26387311734aeaffdec85a7d8506c2ceb004bb2079bf1973,F04,F,HAPPY,3,S2,T3,
1138,subesco,F_04_SWARNALI_S_2_HAPPY_4.wav,352300,e801219477edf60cf9e199371aeedddddc52224a3b5be3e2b1117a515b7ad3a1,F04,F,HAPPY,3,S2,T4,
1139,subesco,F_04_SWARNALI_S_2_HAPPY_5.wav,352300,b1aaaae547f5669f6e321acc2f2f670d50dbefe24aa1a0568c8d4d5305be8af6,F04,F,HAPPY,3,S2,T5,
1140,subesco,F_04_SWARNALI_S_2_NEUTRAL_1.wav,354348,281bf29128da75960ac9b193a0c53a7b0e1663ff73e7beb3c71f92f3a3605903,F04,F,NEUTRAL,4,S2,T1,
1141,subesco,F_04_SWARNALI_S_2_NEUTRAL_2.wav,353324,59fdcc6525098fde5be9fe6e82acfd11e65f20078d5362936eac1a8a5af8bc52,F04,F,NEUTRAL,4,S2,T2,
1142,subesco,F_04_SWARNALI_S_2_NEUTRAL_3.wav,354348,75cfb3cffdc7fed77e730cf79189fc811e79cb08897cdf66ff04a9e1d613b458,F04,F,NEUTRAL,4,S2,T3,
1143,subesco,F_04_SWARNALI_S_2_NEUTRAL_4.wav,354348,790f2d3043b364d078297dd286abec029d407d6436baf39f6a1b3e18c42429d0,F04,F,NEUTRAL,4,S2,T4,
1144,subesco,F_04_SWARNALI_S_2_NEUTRAL_5.wav,354348,2c5e3fa06e2052eebeb3c01fcbe6120171f40224761a4f2d5e924faa63564413,F04,F,NEUTRAL,4,S2,T5,
1145,subesco,F_04_SWARNALI_S_2_SAD_1.wav,352300,3b69311fb4601e70cafd8fb43604f880a06a8dcd9ddc8515f9e8d1b18fcbe069,F04,F,SAD,5,S2,T1,
1146,subesco,F_04_SWARNALI_S_2_SAD_2.wav,353324,c3f149b2592070d9c65e274da68ec03983f6fbd4042b7282f206d9686f24fcab,F04,F,SAD,5,S2,T2,
1147,subesco,F_04_SWARNALI_S_2_SAD_3.wav,352300,5d398967bce0718ce49f47c79e16c31dfdfdc3f2d452a8b7ab1d6033ff30f908,F04,F,SAD,5,S2,T3,
1148,subesco,F_04_SWARNALI_S_2_SAD_4.wav,352300,05fa6dfd9228d9b37dff9b0efe1091e4e35b8151cacff37255adbd084c021d87,F04,F,SAD,5,S2,T4,
1149,subesco,F_04_SWARNALI_S_2_SAD_5.wav,353324,9c2b4a23efba2cf3cdef343523dc12b7ea529d02bd52b68f65394cd7623150d8,F04,F,SAD,5,S2,T5,
1150,subesco,F_04_SWARNALI_S_2_SURPRISE_1.wav,708652,57a6295c46c4c9a6404cb5d2aacb138446b3239590408ea3a039dfb00af880bb,F04,F,SURPRISE,6,S2,T1,
1151,subesco,F_04_SWARNALI_S_2_SURPRISE_2.wav,710700,a9916676b06a7314d396c5ad8ddcb3170b27bd8f14d117978215e6ea7e79be5f,F04,F,SURPRISE,6,S2,T2,
1152,subesco,F_04_SWARNALI_S_2_SURPRISE_3.wav,708652,f36b2581c28999e01209502c9f1935e6d311b61db995b7885b7485477c0aeb54,F04,F,SURPRISE,6,S2,T3,
1153,subesco,F_04_SWARNALI_S_2_SURPRISE_4.wav,706604,07ea94d6dfea216a547fdf9ebdc57198a1529a924a1b654cbf33ad55c6922888,F04,F,SURPRISE,6,S2,T4,
1154,subesco,F_04_SWARNALI_S_2_SURPRISE_5.wav,708652,c82c2a07671f6b1197cf58a3ccca87ae63db6f94790e14b38eb231c630d2b7f9,F04,F,SURPRISE,6,S2,T5,
1155,subesco,F_04_SWARNALI_S_3_ANGRY_1.wav,353324,68e717418df0c8587a4635ec3f189353f486d154097acfef4079556dbbc93d78,F04,F,ANGRY,0,S3,T1,
1156,subesco,F_04_SWARNALI_S_3_ANGRY_2.wav,354348,a3d1e0a6ce10ccb17a0a7868e68b5049820a43b67e60680e9a7eaf74d2cebaac,F04,F,ANGRY,0,S3,T2,
1157,subesco,F_04_SWARNALI_S_3_ANGRY_3.wav,354348,e48cf8d60cb5fa4b99e1ef6abe068c1f4ba178277425f9916e71f9142e6ee997,F04,F,ANGRY,0,S3,T3,
1158,subesco,F_04_SWARNALI_S_3_ANGRY_4.wav,354348,08b834a96a642016854c39ed80b651739ea3317be2e68ce656a3a120c449ab7b,F04,F,ANGRY,0,S3,T4,
1159,subesco,F_04_SWARNALI_S_3_ANGRY_5.wav,354348,1794b1a4ddfe0540fde46f1a624f414fa61ae0ccd7e23abf401d728bc08f8c95,F04,F,ANGRY,0,S3,T5,
1160,subesco,F_04_SWARNALI_S_3_DISGUST_1.wav,704556,396de92dd18079ff99e635f696200861cffff962b9c0e7da2fab25bf990cd83e,F04,F,DISGUST,1,S3,T1,
1161,subesco,F_04_SWARNALI_S_3_DISGUST_2.wav,706604,3fabcb694d0b6d3fd32921970e97d85a60fceadb23882948eb75a088e5a49718,F04,F,DISGUST,1,S3,T2,
1162,subesco,F_04_SWARNALI_S_3_DISGUST_3.wav,708652,9ea8d16437d30d21622e61c1719122a847fc78e8a7f918e2f30643b58ddd6b00,F04,F,DISGUST,1,S3,T3,
1163,subesco,F_04_SWARNALI_S_3_DISGUST_4.wav,706604,df266a85d92a7112991ff3da623e91ad79883efb00a95fd5aa45fbe9974b4f15,F04,F,DISGUST,1,S3,T4,
1164,subesco,F_04_SWARNALI_S_3_DISGUST_5.wav,706604,c6beeb97093055b98c9daaf4a52fdd1e88fc9fc7e89b9d9769456a2d67f7eead,F04,F,DISGUST,1,S3,T5,
1165,subesco,F_04_SWARNALI_S_3_FEAR_1.wav,706604,2fa79199545c9e1c0e80425030d0d8edd194b1fe2294a97706839c4b9095f6de,F04,F,FEAR,2,S3,T1,
1166,subesco,F_04_SWARNALI_S_3_FEAR_2.wav,706604,f5e573f06f9630ea596dc30c9ccca7dbb82e6763f864782e4ef34e8822a54ec8,F04,F,FEAR,2,S3,T2,
1167,subesco,F_04_SWARNALI_S_3_FEAR_3.wav,704556,8dfb28828ac00719b5dbdd2cb51877317588edc3347fc41d758ff79b000746a7,F04,F,FEAR,2,S3,T3,
1168,subesco,F_04_SWARNALI_S_3_FEAR_4.wav,704556,e0caf1d86d2377d672f5828f0f3c02337df4d916d5f68d899370618340740a10,F04,F,FEAR,2,S3,T4,
1169,subesco,F_04_SWARNALI_S_3_FEAR_5.wav,704556,b1ce7b2eb9d05b4471deae06d0ccb391daf6c585dfd34cc67f78e1e6d527a784,F04,F,FEAR,2,S3,T5,
1170,subesco,F_04_SWARNALI_S_3_HAPPY_1.wav,354348,3f0b9ecd73729f1828ed2195cfc7b4cd7981509a0e5b8b67b8ddcdabd5e4f78b,F04,F,HAPPY,3,S3,T1,
1171,subesco,F_04_SWARNALI_S_3_HAPPY_2.wav,352300,12baeaf12908bd727c535185af5b721e8be1b2fada39e6aa98ab14c476e18d3b,F04,F,HAPPY,3,S3,T2,
1172,subesco,F_04_SWARNALI_S_3_HAPPY_3.wav,354348,096fea32f91fc2045712650bf77ecc0fd1f7353dcb7c7a55003a2e4a1c235b65,F04,F,HAPPY,3,S3,T3,
1173,subesco,F_04_SWARNALI_S_3_HAPPY_4.wav,354348,1b6cef08ae5b90bd3845ceeecd452e2c7604be79f1d4bf4b96b9942a5c761acf,F04,F,HAPPY,3,S3,T4,
1174,subesco,F_04_SWARNALI_S_3_HAPPY_5.wav,352300,28027931ab3cb2aa4fc3727708ea8ed66fa288151a3632a469ec30df0037793c,F04,F,HAPPY,3,S3,T5,
1175,subesco,F_04_SWARNALI_S_3_NEUTRAL_1.wav,353602,6f2b026966421cd7c4edea329505d802674455e7769f5751fa0c0b6d2b481e2d,F04,F,NEUTRAL,4,S3,T1,
1176,subesco,F_04_SWARNALI_S_3_NEUTRAL_2.wav,353324,3db649acb246f40a33c16e2a13bddb931aa740a9334a15b6500331032ca0b420,F04,F,NEUTRAL,4,S3,T2,
1177,subesco,F_04_SWARNALI_S_3_NEUTRAL_3.wav,353324,95f1a0661263c447053fa54c0cde295dff2544807000785fdcebc63c45eeea2a,F04,F,NEUTRAL,4,S3,T3,
1178,subesco,F_04_SWARNALI_S_3_NEUTRAL_4.wav,353324,9005b8ace33cef735ba301051f165c08224673b9ee7c2fcf982d5921c949a9c7,F04,F,NEUTRAL,4,S3,T4,
1179,subesco,F_04_SWARNALI_S_3_NEUTRAL_5.wav,354348,3c83cfb7e0d1b7f81971a12e8f75b3fbce6d4b86cf762cb31be0711db839198a,F04,F,NEUTRAL,4,S3,T5,
1180,subesco,F_04_SWARNALI_S_3_SAD_1.wav,353324,d5123f1e3c394854bec95526608f247c27b09d58de5db9535beff92c6ae0978b,F04,F,SAD,5,S3,T1,
1181,subesco,F_04_SWARNALI_S_3_SAD_2.wav,353324,17e7b5087b01ae0e58609418e63a5525e13354e02f3aa393d130fdc34d39d370,F04,F,SAD,5,S3,T2,
1182,subesco,F_04_SWARNALI_S_3_SAD_3.wav,354348,b55173bf914e71fbf77d70516ad5aa90d654322e0156905fae0064c1138ffdd8,F04,F,SAD,5,S3,T3,
1183,subesco,F_04_SWARNALI_S_3_SAD_4.wav,351276,d8e916a40cc41c53308a9bb60a2bdcdbb3cd809fa554cba33db72b1f2ad30a5d,F04,F,SAD,5,S3,T4,
1184,subesco,F_04_SWARNALI_S_3_SAD_5.wav,353324,8b87e604c4839a0f762317420ac3475102e1eb276485bc22028ed4146d0ae7eb,F04,F,SAD,5,S3,T5,
1185,subesco,F_04_SWARNALI_S_3_SURPRISE_1.wav,708652,668c141464cbca0afeb1ef1e66794de7a7b38262243c6582e2011e04faf37845,F04,F,SURPRISE,6,S3,T1,
1186,subesco,F_04_SWARNALI_S_3_SURPRISE_2.wav,706604,8530b37fe9ebf7157be20659048065ae04ec1016960b451b1a53062cd1101899,F04,F,SURPRISE,6,S3,T2,
1187,subesco,F_04_SWARNALI_S_3_SURPRISE_3.wav,706604,7e427c94682ade354493fd1597d1af109907066827e983a1b36c63426cb43f7d,F04,F,SURPRISE,6,S3,T3,
1188,subesco,F_04_SWARNALI_S_3_SURPRISE_4.wav,706604,f8c05570dd33b7c397d48604799af23c0913e9e05a7b43bd6c015a98d70a0b00,F04,F,SURPRISE,6,S3,T4,
1189,subesco,F_04_SWARNALI_S_3_SURPRISE_5.wav,706604,055b7b090e868cf6ad3faa4872af76ac4621445ed2cacb64bed2d91d918687fc,F04,F,SURPRISE,6,S3,T5,
1190,subesco,F_04_SWARNALI_S_4_ANGRY_1.wav,353324,fc1f03a66a2475cbf3dfe2707cf36c342d7c590f7a04f73e7db9b9ed084320e2,F04,F,ANGRY,0,S4,T1,
1191,subesco,F_04_SWARNALI_S_4_ANGRY_2.wav,353324,bd73f4dc1f0a0564d61ef6e039919011f42c76be495958074da4ddae7adcc101,F04,F,ANGRY,0,S4,T2,
1192,subesco,F_04_SWARNALI_S_4_ANGRY_3.wav,353324,a172a55fd5de7b17db2862fad02178977f485eeb1ad80b3360280e2771bec43e,F04,F,ANGRY,0,S4,T3,
1193,subesco,F_04_SWARNALI_S_4_ANGRY_4.wav,352300,21fb8b28fb5c0fba02eb98a5429cdf02b5d5d0c8f6e7a17f82c637a651eb2687,F04,F,ANGRY,0,S4,T4,
1194,subesco,F_04_SWARNALI_S_4_ANGRY_5.wav,353324,ed96d67061cce90f21b4f08c4b922789e382ef17f43e871b89bb9748c55ccb33,F04,F,ANGRY,0,S4,T5,
1195,subesco,F_04_SWARNALI_S_4_DISGUST_1.wav,708652,cf4b93e4ced05858ea1c211d1a473f95236ae04f2d8c246b0b2205f2758d1141,F04,F,DISGUST,1,S4,T1,
1196,subesco,F_04_SWARNALI_S_4_DISGUST_2.wav,704556,4bb3f60f2eccc3926add660788e00e4d12827610f96bc1224f692cfca3a95ee5,F04,F,DISGUST,1,S4,T2,
1197,subesco,F_04_SWARNALI_S_4_DISGUST_3.wav,706604,4e961ac21ffbb9a5e8a8a800e758f611a49260d4d56347a55d3907618f662d2e,F04,F,DISGUST,1,S4,T3,
1198,subesco,F_04_SWARNALI_S_4_DISGUST_4.wav,706604,6fb397148f2d4b225be2425035011e315a7d2634cf727c8629d2d216bc4afd99,F04,F,DISGUST,1,S4,T4,
1199,subesco,F_04_SWARNALI_S_4_DISGUST_5.wav,706604,eed4d7750724d13e1c242b3b336d255e501f8261910c47efc34ac2f46b64b3b0,F04,F,DISGUST,1,S4,T5,
1200,subesco,F_04_SWARNALI_S_4_FEAR_1.wav,706604,39fb4e8161efcccd5eb2eaeba842fea169f5df01df5e567bf6097b922a6733fc,F04,F,FEAR,2,S4,T1,
1201,subesco,F_04_SWARNALI_S_4_FEAR_2.wav,708652,89e73f77bac8e64df9981026494f7abdc1977998b8233bbba2b16f55e49a6478,F04,F,FEAR,2,S4,T2,
1202,subesco,F_04_SWARNALI_S_4_FEAR_3.wav,704556,c8fc556c76986694939eb7a5c5f729329f7e091c32843364ba7a442bd9e130ab,F04,F,FEAR,2,S4,T3,
1203,subesco,F_04_SWARNALI_S_4_FEAR_4.wav,704556,bdc62ebc9d94e2aba435d5365925eb5273b6ccf6449cb30fdada4df0140d60b1,F04,F,FEAR,2,S4,T4,
1204,subesco,F_04_SWARNALI_S_4_FEAR_5.wav,706604,5f01d977e067c8b797748104e3bdf831cae43bb889943e75681625f8f0bdc2f4,F04,F,FEAR,2,S4,T5,
1205,subesco,F_04_SWARNALI_S_4_HAPPY_1.wav,354348,89537cc2067ba4ed0608103d72235e631652623a66bad30ce72d399e60a0589d,F04,F,HAPPY,3,S4,T1,
1206,subesco,F_04_SWARNALI_S_4_HAPPY_2.wav,353324,e78d7eb8817c85f74a647c1adfbf95782d7b01d94370e5c0ffa18600d968f4e9,F04,F,HAPPY,3,S4,T2,
1207,subesco,F_04_SWARNALI_S_4_HAPPY_3.wav,352300,5431be2cb52e6ffc1ca45013540b5e1c703751d2c5f74b41af69b35ab3d79997,F04,F,HAPPY,3,S4,T3,
1208,subesco,F_04_SWARNALI_S_4_HAPPY_4.wav,353324,51c02010af03fc581fb27017ff84d271ae8d60dbb6e3b16156b255e38875204d,F04,F,HAPPY,3,S4,T4,
1209,subesco,F_04_SWARNALI_S_4_HAPPY_5.wav,352300,d5aab7f4feab8e87bc3d5a84fb8c111dfec8a50078ba72d198e457acc2c7165a,F04,F,HAPPY,3,S4,T5,
1210,subesco,F_04_SWARNALI_S_4_NEUTRAL_1.wav,354348,6b470cd54dca2d365e27a7a03122f541e43bd97c32c243d5e52b34bba0036a66,F04,F,NEUTRAL,4,S4,T1,
1211,subesco,F_04_SWARNALI_S_4_NEUTRAL_2.wav,352300,6adcf65cc52053145efe1077c7d03463a9c4ee5aeb2bacd45054ecc6510a7e78,F04,F,NEUTRAL,4,S4,T2,
1212,subesco,F_04_SWARNALI_S_4_NEUTRAL_3.wav,354348,6977f0625606a35993a581bddbb5c61a0d54ec0083746579b85369cb38edfb3f,F04,F,NEUTRAL,4,S4,T3,
1213,subesco,F_04_SWARNALI_S_4_NEUTRAL_4.wav,351276,4ecd089ebdddad51910ec37ae08c00e02ea83126ac9024aab97736f2e30fdeb8,F04,F,NEUTRAL,4,S4,T4,
1214,subesco,F_04_SWARNALI_S_4_NEUTRAL_5.wav,352300,6b660ce48928883dde64ff81a75c103b9232615bf04461bf9f21f7faa1168d4a,F04,F,NEUTRAL,4,S4,T5,
1215,subesco,F_04_SWARNALI_S_4_SAD_1.wav,353324,c27fb6c445b901def9e7ccff915984928120787b92fc05fdb7af07196ffab12b,F04,F,SAD,5,S4,T1,
1216,subesco,F_04_SWARNALI_S_4_SAD_2.wav,353324,c022fc2aca54fdcb2da15004402c8e563141c6d41db57a648b7f8dd44ed1b0cd,F04,F,SAD,5,S4,T2,
1217,subesco,F_04_SWARNALI_S_4_SAD_3.wav,353324,5f5ad8bc7809c4742413b14d7f46839793140a73f8a5e4771b130d05c4b7fff8,F04,F,SAD,5,S4,T3,
1218,subesco,F_04_SWARNALI_S_4_SAD_4.wav,353324,5d7404031e0fa696440ab8b83226cd7b5d009d4aa07ece7a7c9c3db84260ace2,F04,F,SAD,5,S4,T4,
1219,subesco,F_04_SWARNALI_S_4_SAD_5.wav,354348,f7f2bc0f6fbe49daa142dd61fd9a083aa2397a174e07ec2a79252b9e8f342886,F04,F,SAD,5,S4,T5,
1220,subesco,F_04_SWARNALI_S_4_SURPRISE_1.wav,710700,d1f759989cd1ede81c4dd337e2fdcf1f1a47173805703888580176c688ab7951,F04,F,SURPRISE,6,S4,T1,
1221,subesco,F_04_SWARNALI_S_4_SURPRISE_2.wav,706604,9a79bb085699eef36ed53ff94d71860f89384d43880664ad60d3f79de6c8a369,F04,F,SURPRISE,6,S4,T2,
1222,subesco,F_04_SWARNALI_S_4_SURPRISE_3.wav,708652,6d4733a9b2a493414a866bb204bcc486bde7629368e98da1830ec6ce83e4aa28,F04,F,SURPRISE,6,S4,T3,
1223,subesco,F_04_SWARNALI_S_4_SURPRISE_4.wav,708652,8f25c5b5bf8d1869e035fc53072cfabd3333c177f005df428f64d54df66dd64d,F04,F,SURPRISE,6,S4,T4,
1224,subesco,F_04_SWARNALI_S_4_SURPRISE_5.wav,708652,e6eed7c39b09b4df706f1f4ea8edd96155d56fbc5ea2026051aa9f216801199e,F04,F,SURPRISE,6,S4,T5,
1225,subesco,F_04_SWARNALI_S_5_ANGRY_1.wav,354348,8286a51379c5c181a9c78a0ea6d8a239852414be5593ec005a1840c8ed4eeed7,F04,F,ANGRY,0,S5,T1,
1226,subesco,F_04_SWARNALI_S_5_ANGRY_2.wav,352300,cb8414bf724ccd52856d9a8f370a18ad277cfbdb37d9fdd35974c4091fa23ddc,F04,F,ANGRY,0,S5,T2,
1227,subesco,F_04_SWARNALI_S_5_ANGRY_3.wav,354348,852d5f42a6c52ea23eedfe59255430910976202cbf15e2174f92f9bfee65dfde,F04,F,ANGRY,0,S5,T3,
1228,subesco,F_04_SWARNALI_S_5_ANGRY_4.wav,352300,e674e2240e76357c40c47ce4ecd83ea5e5f1ac8f7af319c93def6d48efcd7bd2,F04,F,ANGRY,0,S5,T4,
1229,subesco,F_04_SWARNALI_S_5_ANGRY_5.wav,354348,e24b9e630069021c805daad73ca5c3064e22d4b4f197b4e41155d8311dab62bc,F04,F,ANGRY,0,S5,T5,
1230,subesco,F_04_SWARNALI_S_5_DISGUST_1.wav,706604,7cee0882cdd6b6dea42151f600ca03bc88e4dc1d090136e8cbe1476b57393447,F04,F,DISGUST,1,S5,T1,
1231,subesco,F_04_SWARNALI_S_5_DISGUST_2.wav,708652,361e5007c60971135e1b74419ac87450fea6c45521b962846790c90d4fface3a,F04,F,DISGUST,1,S5,T2,
1232,subesco,F_04_SWARNALI_S_5_DISGUST_3.wav,706604,98b97cfcb3f173ca26ea6f734c3e59eaf151f923dd72d8abbebf983334eafab8,F04,F,DISGUST,1,S5,T3,
1233,subesco,F_04_SWARNALI_S_5_DISGUST_4.wav,708652,73842c48d0ca34c1b6b74b4cc4af831f5e2f146d0ef855fa71e131033ff9b29a,F04,F,DISGUST,1,S5,T4,
1234,subesco,F_04_SWARNALI_S_5_DISGUST_5.wav,708652,25ec983d6a27215ddf652869d8ad7ec8f1e7c6f0655d5e7928d8ef985aca93f7,F04,F,DISGUST,1,S5,T5,
1235,subesco,F_04_SWARNALI_S_5_FEAR_1.wav,706604,41b066fee8c5e44881a0d896def6289af12d382cb466e94d8344c3a53040b28f,F04,F,FEAR,2,S5,T1,
1236,subesco,F_04_SWARNALI_S_5_FEAR_2.wav,708652,ca6ad5503119189e4206fa2390f86d7307cdf07fad2f267cf81cab8a238aed06,F04,F,FEAR,2,S5,T2,
1237,subesco,F_04_SWARNALI_S_5_FEAR_3.wav,708652,87f66413a493af62188fb6cdb710690807d21a0ecbea713fd491de348bfb2b7b,F04,F,FEAR,2,S5,T3,
1238,subesco,F_04_SWARNALI_S_5_FEAR_4.wav,706604,af67a49b4b7adaeedcb07ec75f577bb0f9a7e0f2d2fc981f45551f4029cef742,F04,F,FEAR,2,S5,T4,
1239,subesco,F_04_SWARNALI_S_5_FEAR_5.wav,708652,872e01e7d495b3dc5223140d3b4f402a8984935317b68b4ff329e2c63de351d2,F04,F,FEAR,2,S5,T5,
1240,subesco,F_04_SWARNALI_S_5_HAPPY_1.wav,354348,daa6208cf27f9e5130ef17284eaf20edca4fcfc88145cc9a538989a94b21de88,F04,F,HAPPY,3,S5,T1,
1241,subesco,F_04_SWARNALI_S_5_HAPPY_2.wav,355370,d7fdd81afd9bfe3f7b3f10c61aef2ea2a983a889336113f5849992a6553fd5d7,F04,F,HAPPY,3,S5,T2,
1242,subesco,F_04_SWARNALI_S_5_HAPPY_3.wav,354348,ff425863bf0b269ff4bc4e03b4176a00f2921407f52262f4248f0907d06fd9d2,F04,F,HAPPY,3,S5,T3,
1243,subesco,F_04_SWARNALI_S_5_HAPPY_4.wav,354348,bf2e98b43a24528417e24eba05db34f03024a54aa3523ae8cd33a85dd0efbc84,F04,F,HAPPY,3,S5,T4,
1244,subesco,F_04_SWARNALI_S_5_HAPPY_5.wav,354348,7862e084953d0370cde3cbd6744af03447638479f81313c0ac5490d92e58e8f3,F04,F,HAPPY,3,S5,T5,
1245,subesco,F_04_SWARNALI_S_5_NEUTRAL_1.wav,354348,facd61de23550b7330f96a38e521acdada688af0f944a3ae14ef8294b1c75970,F04,F,NEUTRAL,4,S5,T1,
1246,subesco,F_04_SWARNALI_S_5_NEUTRAL_2.wav,353324,12eeb31f942a7e0a26a49e149f077f3d36dc20a1ef7f2ba1c7de949283911626,F04,F,NEUTRAL,4,S5,T2,
1247,subesco,F_04_SWARNALI_S_5_NEUTRAL_3.wav,353324,7fd74bb8e7814a7a3fa48e797ee5242e4eb2ed8d068bde7603c2c8df5ed245e4,F04,F,NEUTRAL,4,S5,T3,
1248,subesco,F_04_SWARNALI_S_5_NEUTRAL_4.wav,353324,d604219dae89bb49586f98f6db9698f250313118aa41c4ec78047ee968f68bb2,F04,F,NEUTRAL,4,S5,T4,
1249,subesco,F_04_SWARNALI_S_5_NEUTRAL_5.wav,354348,3a6472c6bcd916941bc232a5c65e742bae11b8b718b2ed06fe4b465f835dc2e1,F04,F,NEUTRAL,4,S5,T5,
1250,subesco,F_04_SWARNALI_S_5_SAD_1.wav,351276,535c742d4a605c205997808ca178f34bec6bfdd8628be0f7c19d07a314e17396,F04,F,SAD,5,S5,T1,
1251,subesco,F_04_SWARNALI_S_5_SAD_2.wav,354348,19f3aafe00140e795852410216e290a27043709a4fab16e3bc8c4669daa02fad,F04,F,SAD,5,S5,T2,
1252,subesco,F_04_SWARNALI_S_5_SAD_3.wav,352300,6ff9d23c0fa3df015c6ba50ee6d3a9bdf31886556ce1d29bb7fbe990a93e6e39,F04,F,SAD,5,S5,T3,
1253,subesco,F_04_SWARNALI_S_5_SAD_4.wav,354348,5386d3b8db0f5525d5a6b9fbd73434c65ad9cebf4674ff9855ac1d2b9fdce12b,F04,F,SAD,5,S5,T4,
1254,subesco,F_04_SWARNALI_S_5_SAD_5.wav,352300,82cb2469e6283386b2b38683af135d6d209e73fd20c2762fc0158dcaab8e87c7,F04,F,SAD,5,S5,T5,
1255,subesco,F_04_SWARNALI_S_5_SURPRISE_1.wav,708652,c38a50a1e8bebc6157a4c403d5b12eb26ab4fe1d36ab8dcdfa3f847fd393f827,F04,F,SURPRISE,6,S5,T1,
1256,subesco,F_04_SWARNALI_S_5_SURPRISE_2.wav,706604,d9b208f697a8dcab41eea45325cfad91c7e74aa7d251ed250ba8bd2f741b2025,F04,F,SURPRISE,6,S5,T2,
1257,subesco,F_04_SWARNALI_S_5_SURPRISE_3.wav,708652,69e8a675c1bcb066ce1f8eb548c7bfcc456c6a0deffcc5608855d4b54a2e939b,F04,F,SURPRISE,6,S5,T3,
1258,subesco,F_04_SWARNALI_S_5_SURPRISE_4.wav,708652,95cb1e2cd9ea8733bc17684776f232f7318ca0b91caf3a8ab0bf25a391d793bf,F04,F,SURPRISE,6,S5,T4,
1259,subesco,F_04_SWARNALI_S_5_SURPRISE_5.wav,708652,a7031711cfc19bd77ebcc1601777586f53b41498894956d481d9d634742a39cb,F04,F,SURPRISE,6,S5,T5,
1260,subesco,F_04_SWARNALI_S_6_ANGRY_1.wav,354348,88a4c5cc2ec30df21a1fad459197c0c9be19716d79e35a68ce363d8f07edf7a4,F04,F,ANGRY,0,S6,T1,
1261,subesco,F_04_SWARNALI_S_6_ANGRY_2.wav,352300,0736c2e9c64b7b586efcf7fa3137a351e3ac7997be838fc2a321c28d6a11e8de,F04,F,ANGRY,0,S6,T2,
1262,subesco,F_04_SWARNALI_S_6_ANGRY_3.wav,353324,4d49471fa5521c98c3f716b2487bc0f4cf3d7c2ba512ad4a4c8efbaa3babaefa,F04,F,ANGRY,0,S6,T3,
1263,subesco,F_04_SWARNALI_S_6_ANGRY_4.wav,352300,aa69409a9eeaacb4fe121ef699fa9ca59e0177b4677a741d410d7f42c68286eb,F04,F,ANGRY,0,S6,T4,
1264,subesco,F_04_SWARNALI_S_6_ANGRY_5.wav,354348,260a5000596ccd9bafcd1f7ede53a28a2531ed21fd6e14d565c217e2f29125b5,F04,F,ANGRY,0,S6,T5,
1265,subesco,F_04_SWARNALI_S_6_DISGUST_1.wav,708652,80dfc99f7e44cd178400258429a7ec8e82afe00b84e3bbc4eac0a9cb620eb8c8,F04,F,DISGUST,1,S6,T1,
1266,subesco,F_04_SWARNALI_S_6_DISGUST_2.wav,706604,8366e24511f35898a52017dd96a97832307d0866e099b0acc9d8f3b9e1e3adf8,F04,F,DISGUST,1,S6,T2,
1267,subesco,F_04_SWARNALI_S_6_DISGUST_3.wav,712748,89ebbddbd6d9d7a243142bb14d269e9bff33b0abc6f739bbdb67e18b9191e511,F04,F,DISGUST,1,S6,T3,
1268,subesco,F_04_SWARNALI_S_6_DISGUST_4.wav,708652,fd09df2901d297aeb4319ab107c22b82f0e7d5be0b3e363d548e2ebe2206cc41,F04,F,DISGUST,1,S6,T4,
1269,subesco,F_04_SWARNALI_S_6_DISGUST_5.wav,708652,d6d403ba618a0997a4c266091e45501a5bae9a13ad82d34b7feed2749b2ed08a,F04,F,DISGUST,1,S6,T5,
1270,subesco,F_04_SWARNALI_S_6_FEAR_1.wav,706604,09791a0a113d3ddec9d66f3f1a690ea803a52060e289ca657dd867940d244238,F04,F,FEAR,2,S6,T1,
1271,subesco,F_04_SWARNALI_S_6_FEAR_2.wav,704556,77476c55cfe66d7707c4f952b7149972fcc9e8e54b234f5b5701fa08655711ca,F04,F,FEAR,2,S6,T2,
1272,subesco,F_04_SWARNALI_S_6_FEAR_3.wav,708652,f3b7e0d8ff02d42096c7f669b7c70a07f8269bef77dc420c5221e039293149ca,F04,F,FEAR,2,S6,T3,
1273,subesco,F_04_SWARNALI_S_6_FEAR_4.wav,708652,0e69f8a5427d9fc58a124af71f3f16774e5af4153827527f338c23d53bb8277d,F04,F,FEAR,2,S6,T4,
1274,subesco,F_04_SWARNALI_S_6_FEAR_5.wav,704556,c0410e61bbd028efca48e44917ff76fde46692f5e22670055a33ed6d72c19fdf,F04,F,FEAR,2,S6,T5,
1275,subesco,F_04_SWARNALI_S_6_HAPPY_1.wav,354348,dd5829ea442fecc715a37d853ecc11e095c708ef9d9fd5a03f7ac1e895d28133,F04,F,HAPPY,3,S6,T1,
1276,subesco,F_04_SWARNALI_S_6_HAPPY_2.wav,353324,0da07f9a5429489c73fb71bfb453d131d90177e5d5216433a0144500932b5efa,F04,F,HAPPY,3,S6,T2,
1277,subesco,F_04_SWARNALI_S_6_HAPPY_3.wav,356396,16701269c0393df3558e77ce3e6ec753ad508eed56e473126538b31439ac3e81,F04,F,HAPPY,3,S6,T3,
1278,subesco,F_04_SWARNALI_S_6_HAPPY_4.wav,354348,c2f467a8f8686f082bf67f8780d0232016805b4133b001d546e2215cda300b2c,F04,F,HAPPY,3,S6,T4,
1279,subesco,F_04_SWARNALI_S_6_HAPPY_5.wav,353324,d83f2b9fefe795fd645698f1de61f3a039f8ac06c430ceecb3f7845c9b147642,F04,F,HAPPY,3,S6,T5,
1280,subesco,F_04_SWARNALI_S_6_NEUTRAL_1.wav,354348,dbf843894b24c2e97d729f648a1ab1bc953ce7f12702c127e4d0d7d825f195de,F04,F,NEUTRAL,4,S6,T1,
1281,subesco,F_04_SWARNALI_S_6_NEUTRAL_2.wav,354348,56320b5c9ef82fda67ed7b734c45ef3d0363f548a670e394992d8d0d065e9ded,F04,F,NEUTRAL,4,S6,T2,
1282,subesco,F_04_SWARNALI_S_6_NEUTRAL_3.wav,353326,5aa840ad40fd5bbcc04342efd5cf0370d202f4679c0241502277864959e5d1c4,F04,F,NEUTRAL,4,S6,T3,
1283,subesco,F_04_SWARNALI_S_6_NEUTRAL_4.wav,353324,5869e77ca64f10303a3bd9b7da18bcc7c02798c3e830f3554ea44b700360c532,F04,F,NEUTRAL,4,S6,T4,
1284,subesco,F_04_SWARNALI_S_6_NEUTRAL_5.wav,354348,37201e66d037161260af0a634654fe4406248a2249098891bb78d7b8eb4d4974,F04,F,NEUTRAL,4,S6,T5,
1285,subesco,F_04_SWARNALI_S_6_SAD_1.wav,353324,f9a626bd41d8b9f93e9996d4aa06cdb7565065613188957e4985bef19142508f,F04,F,SAD,5,S6,T1,
1286,subesco,F_04_SWARNALI_S_6_SAD_2.wav,354348,7f816d5889d27f2af67e0e13af5a54ab314a238362e870ad83742c511762bf8d,F04,F,SAD,5,S6,T2,
1287,subesco,F_04_SWARNALI_S_6_SAD_3.wav,353324,73b8de64a97b7349c03918e566c4df33ee82123956c26765fd3071e547b6fe3f,F04,F,SAD,5,S6,T3,
1288,subesco,F_04_SWARNALI_S_6_SAD_4.wav,354348,8dcdadc40710b50f44eb9acae3ac791473376d140a2d4d849038ff5d532274d0,F04,F,SAD,5,S6,T4,
1289,subesco,F_04_SWARNALI_S_6_SAD_5.wav,354348,31fcddecca079befbde9b1204dee78c56d486d5d649dee3003107514d4352921,F04,F,SAD,5,S6,T5,
1290,subesco,F_04_SWARNALI_S_6_SURPRISE_1.wav,706604,2ac9eb2cd0cb665730f97a7ca7a6ee7782fa6d4beaf09f3497ba86b8287c5209,F04,F,SURPRISE,6,S6,T1,
1291,subesco,F_04_SWARNALI_S_6_SURPRISE_2.wav,708652,ac634f540c7c0fc3ca381916d8dc4e204d30ddd73bed08f39bbba4433b490ee2,F04,F,SURPRISE,6,S6,T2,
1292,subesco,F_04_SWARNALI_S_6_SURPRISE_3.wav,706604,a86c3b064cffaf0e91325edfec1c5e39829257eedc1380a604b8f19c91a70c66,F04,F,SURPRISE,6,S6,T3,
1293,subesco,F_04_SWARNALI_S_6_SURPRISE_4.wav,708652,bc368108456ead41161f4d5eda63a6c00064e48ab2cb88d7a040b12e9c5b1ba1,F04,F,SURPRISE,6,S6,T4,
1294,subesco,F_04_SWARNALI_S_6_SURPRISE_5.wav,708652,fe6b0f0ad5aebef923afce0c8d49456eb4cb8efd974bcfdff349b3abd562be9e,F04,F,SURPRISE,6,S6,T5,
1295,subesco,F_04_SWARNALI_S_7_ANGRY_1.wav,353324,f32381834b73cd45bde165d65574c35b1aabf6c802ecfd9748ae4db798503b4c,F04,F,ANGRY,0,S7,T1,
1296,subesco,F_04_SWARNALI_S_7_ANGRY_2.wav,351276,d3dc60643e098846bac9be4c42d0f532a2fea7a1754e86706c7d51baae40bcc2,F04,F,ANGRY,0,S7,T2,
1297,subesco,F_04_SWARNALI_S_7_ANGRY_3.wav,354348,d0f6f56e626b959f3b77b2e362ee99738d3bb626e62ee0442208f06c58d9b8fb,F04,F,ANGRY,0,S7,T3,
1298,subesco,F_04_SWARNALI_S_7_ANGRY_4.wav,353324,e76abf59d8182107316f50b196464a0df3f42491f99cecccefc67b7e6a134ca1,F04,F,ANGRY,0,S7,T4,
1299,subesco,F_04_SWARNALI_S_7_ANGRY_5.wav,353324,7f682e40444f45cbd83779fe48a17d0c6ab95deb5bb4fd9767e54dc5db2501a5,F04,F,ANGRY,0,S7,T5,
1300,subesco,F_04_SWARNALI_S_7_DISGUST_1.wav,708652,5973f7d35dbfbc0baecc6f4b499bbd530890580a174ce21a0c2c0de406c86bb5,F04,F,DISGUST,1,S7,T1,
1301,subesco,F_04_SWARNALI_S_7_DISGUST_2.wav,712748,d201c2201d5a52606e0b6cd75ed071f753af0ee25227e4c50a0c396b8f754a02,F04,F,DISGUST,1,S7,T2,
1302,subesco,F_04_SWARNALI_S_7_DISGUST_3.wav,706604,7cd6d165008b4a7ee1ec49d7f75ac66d126e5ec0b34bb2f14ac2320d9528c587,F04,F,DISGUST,1,S7,T3,
1303,subesco,F_04_SWARNALI_S_7_DISGUST_4.wav,706604,d864a5a158290f70de40533d96fb813264a8139f84eccb88cc879a17a7856a45,F04,F,DISGUST,1,S7,T4,
1304,subesco,F_04_SWARNALI_S_7_DISGUST_5.wav,706604,81ed0b9c7b5ac8a697ebe839323f73ac2d61a725733095f29f56266f93a73b5e,F04,F,DISGUST,1,S7,T5,
1305,subesco,F_04_SWARNALI_S_7_FEAR_1.wav,706604,a8eea455117c82755ecfbb07f133850259358a4f5db0973a9c542aa342d13b20,F04,F,FEAR,2,S7,T1,
1306,subesco,F_04_SWARNALI_S_7_FEAR_2.wav,706604,72370a5cc1b06b7c169133ba017dce7600c446179da52c9a7bc3de65e720cba9,F04,F,FEAR,2,S7,T2,
1307,subesco,F_04_SWARNALI_S_7_FEAR_3.wav,708652,d1aa060233866dd2df7411231e3d431dec3baaba435083ed962f27e86f90cbe2,F04,F,FEAR,2,S7,T3,
1308,subesco,F_04_SWARNALI_S_7_FEAR_4.wav,706604,49c8d9c99dafede794ab2b5641cb63a9f5042c3889185704b448887447d64c7e,F04,F,FEAR,2,S7,T4,
1309,subesco,F_04_SWARNALI_S_7_FEAR_5.wav,708652,b52b43af4a0b26172351761ba19245395e32079ed18a2993660fdc40b4dbdde2,F04,F,FEAR,2,S7,T5,
1310,subesco,F_04_SWARNALI_S_7_HAPPY_1.wav,353324,9b0007e440fc3c32014918b9df4a3c64252ccf7e499b4c5ca87760f72804cfab,F04,F,HAPPY,3,S7,T1,
1311,subesco,F_04_SWARNALI_S_7_HAPPY_2.wav,352300,6d55baa7f6080debe67d23656f9cc687450fd046380f0ad2a99d36efef60de21,F04,F,HAPPY,3,S7,T2,
1312,subesco,F_04_SWARNALI_S_7_HAPPY_3.wav,353324,4b66a27cda4f8fdca4f55a771ead540b207aaa2e1c285b9d8604a654a39640ae,F04,F,HAPPY,3,S7,T3,
1313,subesco,F_04_SWARNALI_S_7_HAPPY_4.wav,353324,42544b04633e64053e4bb7942d99a77a1bf4ff18fa55e54bef762643838e6e3d,F04,F,HAPPY,3,S7,T4,
1314,subesco,F_04_SWARNALI_S_7_HAPPY_5.wav,353324,be9f8c2988b6b85f10af7c0e7ce62b1d5e4b7139651619d7de866e66c70aadd2,F04,F,HAPPY,3,S7,T5,
1315,subesco,F_04_SWARNALI_S_7_NEUTRAL_1.wav,355372,e46108d5487861dadef98a8d13c76b65adeb329d710e924ad9b1c92d8d12c479,F04,F,NEUTRAL,4,S7,T1,
1316,subesco,F_04_SWARNALI_S_7_NEUTRAL_2.wav,352300,1a7de8c533eee629e02266cad92cd4a6c0748fee38dd5bd3fab34d29c1da04bb,F04,F,NEUTRAL,4,S7,T2,
1317,subesco,F_04_SWARNALI_S_7_NEUTRAL_3.wav,354348,eebe64011a4c14a87939be5be22b6b32159cb566383dc698d0ec5a8da199b656,F04,F,NEUTRAL,4,S7,T3,
1318,subesco,F_04_SWARNALI_S_7_NEUTRAL_4.wav,353324,4ff00add1a1015aa23186bdfea74ed46761ae2bdb58587c629d531b9df030e32,F04,F,NEUTRAL,4,S7,T4,
1319,subesco,F_04_SWARNALI_S_7_NEUTRAL_5.wav,353324,06d9ee2409cb4ee0869f58a7d343405d1bd1e30cecc158794bc2d2a039c67cb1,F04,F,NEUTRAL,4,S7,T5,
1320,subesco,F_04_SWARNALI_S_7_SAD_1.wav,353324,b3a4cf6cbb5d4f387c2634bf2254aff7fd9ad30f3ff8ce1c747264945c12a15b,F04,F,SAD,5,S7,T1,
1321,subesco,F_04_SWARNALI_S_7_SAD_2.wav,353324,2be2cf4384d55d35879099dcbbb7a43b5688f12ba5317cc78b56866769e43f8f,F04,F,SAD,5,S7,T2,
1322,subesco,F_04_SWARNALI_S_7_SAD_3.wav,352300,5b2c4ee537bdaa5c135431774700a9c85a4903b8744b6e5c27fd2bfbdbd98484,F04,F,SAD,5,S7,T3,
1323,subesco,F_04_SWARNALI_S_7_SAD_4.wav,353324,9d6ddcc998ff4ab89c9b7c9cc40726ad65196c6e5b04b5dd30c1b80fb21206c9,F04,F,SAD,5,S7,T4,
1324,subesco,F_04_SWARNALI_S_7_SAD_5.wav,354348,f880ff2444922a24d75f1dc9c7e11ccc0c3256323d8e06e320e39fa5e999c89f,F04,F,SAD,5,S7,T5,
1325,subesco,F_04_SWARNALI_S_7_SURPRISE_1.wav,707628,6bff8264ffc435893927671ff53c875395abea4e2d57a1ff3b9d0ea4c78e19ad,F04,F,SURPRISE,6,S7,T1,
1326,subesco,F_04_SWARNALI_S_7_SURPRISE_2.wav,708652,e6e522fd19bad3a461ef9e974f4e24722579139bf34da0ffdf9add4638284803,F04,F,SURPRISE,6,S7,T2,
1327,subesco,F_04_SWARNALI_S_7_SURPRISE_3.wav,708652,c569f3bfcb7ab686243c312a863897d41128dfd53d7aa582c94ab96847f3fc1d,F04,F,SURPRISE,6,S7,T3,
1328,subesco,F_04_SWARNALI_S_7_SURPRISE_4.wav,708652,8377e0de7bf376b45113ed8971cdc0d0014e011375127e1f001dcf33521aa7b0,F04,F,SURPRISE,6,S7,T4,
1329,subesco,F_04_SWARNALI_S_7_SURPRISE_5.wav,708652,b64550cfb10d555feaa2fbaa4800cc8212dad99050ade278fcc4a39fc1c2c658,F04,F,SURPRISE,6,S7,T5,
1330,subesco,F_04_SWARNALI_S_8_ANGRY_1.wav,353324,60cc0415b4eb468bdf98cef45228e844db7b9543a88b27b7ea9a68933d13bb39,F04,F,ANGRY,0,S8,T1,
1331,subesco,F_04_SWARNALI_S_8_ANGRY_2.wav,352300,a345c345d9b137e0d16fb61543f12864f0283f9032e2b337c48cd2e5e4481b21,F04,F,ANGRY,0,S8,T2,
1332,subesco,F_04_SWARNALI_S_8_ANGRY_3.wav,354348,7ec9f94dd923f6809e1367e061b06ccf207b77f072ba80e2e93fafe074a30e4d,F04,F,ANGRY,0,S8,T3,
1333,subesco,F_04_SWARNALI_S_8_ANGRY_4.wav,353324,d2ec568f12b52d3f91f75a3ef403673611dd80bc9a68ea9819582f5ce99621b8,F04,F,ANGRY,0,S8,T4,
1334,subesco,F_04_SWARNALI_S_8_ANGRY_5.wav,354348,44ab4df07f81b3db9f52f8165fb8c7d06fe5e7346de32389766b17f9fc1de080,F04,F,ANGRY,0,S8,T5,
1335,subesco,F_04_SWARNALI_S_8_DISGUST_1.wav,708652,224934c7b7ade60c3b506d3d90d6d760bcfa6f00341dfc2659331320b6f311f4,F04,F,DISGUST,1,S8,T1,
1336,subesco,F_04_SWARNALI_S_8_DISGUST_2.wav,704556,bddaccf100bcccb371aa12879612a949d58e83c0870de211e8d9bfea09c3a251,F04,F,DISGUST,1,S8,T2,
1337,subesco,F_04_SWARNALI_S_8_DISGUST_3.wav,708652,1b71b4b771adde703b4f9ffa76136e3e84ce08207450988793a6090ef5f399a5,F04,F,DISGUST,1,S8,T3,
1338,subesco,F_04_SWARNALI_S_8_DISGUST_4.wav,708652,3064f90675b73cb75b0521b6ac24bcb1c95a13ae19d167d9783ff7e816931742,F04,F,DISGUST,1,S8,T4,
1339,subesco,F_04_SWARNALI_S_8_DISGUST_5.wav,708652,641b5c050abe968ff30a17b20b55ab96540ce01e33ada6d2376ebacc64a80b2f,F04,F,DISGUST,1,S8,T5,
1340,subesco,F_04_SWARNALI_S_8_FEAR_1.wav,708652,e1bc0a47ba5338790ea30f9ccf06f110928ba613ce26c4b2a7ae77e344dbb5c4,F04,F,FEAR,2,S8,T1,
1341,subesco,F_04_SWARNALI_S_8_FEAR_2.wav,706604,510afac772782152cbd4a2755cbe5ea6ef5b6f71dd0b23d081db51734f8db537,F04,F,FEAR,2,S8,T2,
1342,subesco,F_04_SWARNALI_S_8_FEAR_3.wav,704556,d64236e66152f946c3f5b64e9d79fd406d8f509db1162d7b713103d2ee33b724,F04,F,FEAR,2,S8,T3,
1343,subesco,F_04_SWARNALI_S_8_FEAR_4.wav,706604,67ddde2bebf011e68c03735ab3d5270be872cdd3e11052980f7dbcbb350e6722,F04,F,FEAR,2,S8,T4,
1344,subesco,F_04_SWARNALI_S_8_FEAR_5.wav,704556,636afdb94907ee20ffb0b41e94361c50ddecef334b03a8fb5c79e8b1b8a20c88,F04,F,FEAR,2,S8,T5,
1345,subesco,F_04_SWARNALI_S_8_HAPPY_1.wav,352300,679d884fade1225630fad4dc69674719b06dcf877a978ca9db827bb2c23cc9ab,F04,F,HAPPY,3,S8,T1,
1346,subesco,F_04_SWARNALI_S_8_HAPPY_2.wav,354348,862c520867aa825adedf91844f5dbb9a90ea3d798e665d59f96ad61b072e9d7a,F04,F,HAPPY,3,S8,T2,
1347,subesco,F_04_SWARNALI_S_8_HAPPY_3.wav,353324,0971ff4b7fe2774df4f7a53e2b1e7dd976c0bf6494952084e628ae104b20e970,F04,F,HAPPY,3,S8,T3,
1348,subesco,F_04_SWARNALI_S_8_HAPPY_4.wav,352300,a34ec166db84e3ddac0791b5f7d2017c5a567122c5a8c7664e94ce1ff6c742e7,F04,F,HAPPY,3,S8,T4,
1349,subesco,F_04_SWARNALI_S_8_HAPPY_5.wav,353324,c625eb8ad5c536d4cd64e9bfb11bafbe64316f7f24341b11d3682e023f59f3bf,F04,F,HAPPY,3,S8,T5,
1350,subesco,F_04_SWARNALI_S_8_NEUTRAL_1.wav,353324,093ca61e0f43f303a6536e6a330d30d8b3d43d200bd2c4110eb0ca1365d345f6,F04,F,NEUTRAL,4,S8,T1,
1351,subesco,F_04_SWARNALI_S_8_NEUTRAL_2.wav,354348,19d512a801f6bc81f540b19865020a186dd00e63c75bbc7baf16f09f68570707,F04,F,NEUTRAL,4,S8,T2,
1352,subesco,F_04_SWARNALI_S_8_NEUTRAL_3.wav,354348,8a20338d3d7babc288f5d2a39ab2f50aaa859d00fe3f35ba421e7169e2c39b75,F04,F,NEUTRAL,4,S8,T3,
1353,subesco,F_04_SWARNALI_S_8_NEUTRAL_4.wav,352300,bffddec0298e122dfd6fe6f6a078ada3f1db94924e0aef8e288015e64933b841,F04,F,NEUTRAL,4,S8,T4,
1354,subesco,F_04_SWARNALI_S_8_NEUTRAL_5.wav,354348,8f7d32de6f7e38fcb38e781fb2c2392d489e3e1209db43066510c232923f4dc5,F04,F,NEUTRAL,4,S8,T5,
1355,subesco,F_04_SWARNALI_S_8_SAD_1.wav,353324,4701ff3b38f5b08d5599e43f35397e4dec7d74cab989e817da19b3f63f82270c,F04,F,SAD,5,S8,T1,
1356,subesco,F_04_SWARNALI_S_8_SAD_2.wav,354348,58a3a8e11063070ff9e1f3942963c805777dd605191e6483b2fc36072580ed15,F04,F,SAD,5,S8,T2,
1357,subesco,F_04_SWARNALI_S_8_SAD_3.wav,352300,2b3af6798b3ee55e154e97ec89b719ae4c06b4d407e4131deee01da1521216f6,F04,F,SAD,5,S8,T3,
1358,subesco,F_04_SWARNALI_S_8_SAD_4.wav,354348,7aebb092ad597da5421b298f88851f1fcfe0a7c35ff39cf67a33e6d2562d84da,F04,F,SAD,5,S8,T4,
1359,subesco,F_04_SWARNALI_S_8_SAD_5.wav,354348,e9f6757faeae86be4bacd04ce32f8381af8b6c0664cca136252f8f0e23a72a6f,F04,F,SAD,5,S8,T5,
1360,subesco,F_04_SWARNALI_S_8_SURPRISE_1.wav,706604,0544d4212a25c15b7b1af87fa2ff875966c0857bdd50a0048267f43bf1a47f9d,F04,F,SURPRISE,6,S8,T1,
1361,subesco,F_04_SWARNALI_S_8_SURPRISE_2.wav,706604,bda556dd1ab68f2d33678ff911edc26b01a43743aef59628c2720434bb0bb50b,F04,F,SURPRISE,6,S8,T2,
1362,subesco,F_04_SWARNALI_S_8_SURPRISE_3.wav,706604,7c2dbe04404118e1736c148e50e7b8edd5eedc9c498ff6a331eb7b9a15bc564a,F04,F,SURPRISE,6,S8,T3,
1363,subesco,F_04_SWARNALI_S_8_SURPRISE_4.wav,708652,e704c9000c9daf082001fc08b4a863e091cced9c95984653781c089950537b07,F04,F,SURPRISE,6,S8,T4,
1364,subesco,F_04_SWARNALI_S_8_SURPRISE_5.wav,706604,477f2fae09ea0e866edb46d4e18c90bb3a4b425de47d154a730fc75ea242373b,F04,F,SURPRISE,6,S8,T5,
1365,subesco,F_04_SWARNALI_S_9_ANGRY_1.wav,351276,5d9a7aee4f287f9309c6d10761d547ef89e80f92195aeca4ae8b83959d118b39,F04,F,ANGRY,0,S9,T1,
1366,subesco,F_04_SWARNALI_S_9_ANGRY_2.wav,353324,6c61b7ba441af1fc15185754606f0612bb470c133641b9b8be9b84d2933b3519,F04,F,ANGRY,0,S9,T2,
1367,subesco,F_04_SWARNALI_S_9_ANGRY_3.wav,351276,4abbc355a37ad53970edd6bdcca2e51bb3366e16ce4fae3635dc7da5945f5e3f,F04,F,ANGRY,0,S9,T3,
1368,subesco,F_04_SWARNALI_S_9_ANGRY_4.wav,353324,f7583ea86fabc8f9508accee375f13ac59fd9afbe11e31b99d9f9c4aa5d996a4,F04,F,ANGRY,0,S9,T4,
1369,subesco,F_04_SWARNALI_S_9_ANGRY_5.wav,353324,0253b529872930c86e4acf41c4ab4a89a8b955eecbdc3155861c204f22cba467,F04,F,ANGRY,0,S9,T5,
1370,subesco,F_04_SWARNALI_S_9_DISGUST_1.wav,708652,60fbe88d28bf92a971e7cda363312e6f78ff932c42b78bef708d7c1b09fce716,F04,F,DISGUST,1,S9,T1,
1371,subesco,F_04_SWARNALI_S_9_DISGUST_2.wav,706604,d99abf724c63730faafa1ae32fe8f67cbb58e5215b94bbbfa65a7226568ef7ed,F04,F,DISGUST,1,S9,T2,
1372,subesco,F_04_SWARNALI_S_9_DISGUST_3.wav,706604,fffab7f8a5cd6903024fe7360246d84de1379e6628d6d4e0d747200dc521efba,F04,F,DISGUST,1,S9,T3,
1373,subesco,F_04_SWARNALI_S_9_DISGUST_4.wav,708652,60cf175beb8eea53a7e63487f5a65d1e44784530c1008f9c9bed577879135d8b,F04,F,DISGUST,1,S9,T4,
1374,subesco,F_04_SWARNALI_S_9_DISGUST_5.wav,706604,91ecfc50fa70870f407047b69e9d18d76e0eff66091a7686e3b7cecb664e9350,F04,F,DISGUST,1,S9,T5,
1375,subesco,F_04_SWARNALI_S_9_FEAR_1.wav,706604,e4c5c056a3ade9abc53ea2ed504433957460c5893d739a1e9f0938944e552a14,F04,F,FEAR,2,S9,T1,
1376,subesco,F_04_SWARNALI_S_9_FEAR_2.wav,706604,589619d7b86555a1669b884372206e46df75914d21fff8a3cef3041916fa0c5e,F04,F,FEAR,2,S9,T2,
1377,subesco,F_04_SWARNALI_S_9_FEAR_3.wav,706604,0b21fab251bac7478940c7d735da3e5617d2dd8d56d6ccbcf553270191cbf143,F04,F,FEAR,2,S9,T3,
1378,subesco,F_04_SWARNALI_S_9_FEAR_4.wav,706604,834f36a84ee08c5bf8e8245cd8c7e67842177cec10b22a96c1ca8fa996847c79,F04,F,FEAR,2,S9,T4,
1379,subesco,F_04_SWARNALI_S_9_FEAR_5.wav,708652,5ab7c5f6ab06b8130548bc00497c78423992f9781969c1879b6611d85bd5ae2b,F04,F,FEAR,2,S9,T5,
1380,subesco,F_04_SWARNALI_S_9_HAPPY_1.wav,354348,c4da72755237790618e7c2400a10558020843f97726f9165ace9bdc81f2c2ae0,F04,F,HAPPY,3,S9,T1,
1381,subesco,F_04_SWARNALI_S_9_HAPPY_2.wav,352300,ff856b7263ba5be03fee238c5b2f084c0df9603395c0f6177701fac1f0ef0e42,F04,F,HAPPY,3,S9,T2,
1382,subesco,F_04_SWARNALI_S_9_HAPPY_3.wav,354348,df82f83b948d9e74c91e0ce8dfab93d4fa4b3f70198b2415363c5a3cbc7b6065,F04,F,HAPPY,3,S9,T3,
1383,subesco,F_04_SWARNALI_S_9_HAPPY_4.wav,353324,5973d4b523284dea633908e80f8f2c09d179dd4d776d14235bcf538739cd4421,F04,F,HAPPY,3,S9,T4,
1384,subesco,F_04_SWARNALI_S_9_HAPPY_5.wav,353324,4eb119bcff01be6000f9a4c06ef9c670e4d8e3910f92fbe41304449513c65321,F04,F,HAPPY,3,S9,T5,
1385,subesco,F_04_SWARNALI_S_9_NEUTRAL_1.wav,355372,f1007691800b5c6190b90929b25028d07dd07343d514787facf160bc863195dc,F04,F,NEUTRAL,4,S9,T1,
1386,subesco,F_04_SWARNALI_S_9_NEUTRAL_2.wav,354348,ca15edac7229e518a7f36932778f76f673acd1b9835a7b5b1babd18e9cf3cfc3,F04,F,NEUTRAL,4,S9,T2,
1387,subesco,F_04_SWARNALI_S_9_NEUTRAL_3.wav,353324,5e293c9ea454c20231bd60cd6bf85633bda37faf433ac7ca89a21b71169cdfe4,F04,F,NEUTRAL,4,S9,T3,
1388,subesco,F_04_SWARNALI_S_9_NEUTRAL_4.wav,354348,605109a4e4b80ae53bf48cdb169d205354fc77bc1aeeed3c0aa71c542042b3e9,F04,F,NEUTRAL,4,S9,T4,
1389,subesco,F_04_SWARNALI_S_9_NEUTRAL_5.wav,354348,458da3d23c7759166291de451c05fa573965be78b0d0d0e5f6d0d97a3c26bd69,F04,F,NEUTRAL,4,S9,T5,
1390,subesco,F_04_SWARNALI_S_9_SAD_1.wav,354348,64ca32e1ef4e6ab15c90b5e1fac72fa57caa0c27fbea070de8793c005955d94c,F04,F,SAD,5,S9,T1,
1391,subesco,F_04_SWARNALI_S_9_SAD_2.wav,354348,716f2863450b7cf69ccddfdb4ba0086d07097b9db19a9cdcfa999802a75168c7,F04,F,SAD,5,S9,T2,
1392,subesco,F_04_SWARNALI_S_9_SAD_3.wav,353324,3ea232181f584f3b1253c5db422a029537865f3e4cdec414ca264653f850e32b,F04,F,SAD,5,S9,T3,
1393,subesco,F_04_SWARNALI_S_9_SAD_4.wav,353324,de9403e25b9d49c63829ee8ffcd80ae6fe7fa6473abf5eeeb7ad186ee3c5cae7,F04,F,SAD,5,S9,T4,
1394,subesco,F_04_SWARNALI_S_9_SAD_5.wav,353324,09ae480c6898179d014e1732bf8ff81cc6332900ad57494cbe3c8e3d40b698b6,F04,F,SAD,5,S9,T5,
1395,subesco,F_04_SWARNALI_S_9_SURPRISE_1.wav,708652,ea3b7462b5c564312aad9d429995d73854a0dffca2f7627f825ca7a396e6e857,F04,F,SURPRISE,6,S9,T1,
1396,subesco,F_04_SWARNALI_S_9_SURPRISE_2.wav,708652,aae8d634266a7840740a08616c697b484ceaff3cf7e22485ce65729be9993fef,F04,F,SURPRISE,6,S9,T2,
1397,subesco,F_04_SWARNALI_S_9_SURPRISE_3.wav,708652,91cbd313000f9001415dd69cb6701fd4320f04f9d24ca7a156aedee09d6894ab,F04,F,SURPRISE,6,S9,T3,
1398,subesco,F_04_SWARNALI_S_9_SURPRISE_4.wav,704556,f7d5ffd71bbd295b2161e2eac29c0a750a0e49dd8ded9be316f64955c08a4719,F04,F,SURPRISE,6,S9,T4,
1399,subesco,F_04_SWARNALI_S_9_SURPRISE_5.wav,708652,2d7e0d1a4a369e512a692a0b1ef9ec583d6a9a642687a4dffc34e8e14bc0861e,F04,F,SURPRISE,6,S9,T5,
1400,subesco,F_05_MOUNI_S_10_ANGRY_1.wav,353324,94c761a4908f5219cd5887316eebe6f63e3cba1a43d83b7da6ba45e4d079f157,F05,F,ANGRY,0,S10,T1,
1401,subesco,F_05_MOUNI_S_10_ANGRY_2.wav,354348,f9359a2d0c2d9adca754c311e87378e7e40dca5b8573b0d18600a69fb2c18467,F05,F,ANGRY,0,S10,T2,
1402,subesco,F_05_MOUNI_S_10_ANGRY_3.wav,352300,9a89f27d86acafd521fec32575fcbb40117f4868449e09336f5313779aeb126d,F05,F,ANGRY,0,S10,T3,
1403,subesco,F_05_MOUNI_S_10_ANGRY_4.wav,352300,d689ff0a958cea66fcad4a2f0e57b7ae165e40a129ce698a340a64f9f67043f5,F05,F,ANGRY,0,S10,T4,
1404,subesco,F_05_MOUNI_S_10_ANGRY_5.wav,354348,b8d981c5f3abacfda9f4d8bb1cc9e1b88167b5b6fd31e2f6d5a6de0cc2370892,F05,F,ANGRY,0,S10,T5,
1405,subesco,F_05_MOUNI_S_10_DISGUST_1.wav,354348,0bf0570c035bd4e622ccb123bc50a0b7e160fc432b65dfdc26886452289c4681,F05,F,DISGUST,1,S10,T1,
1406,subesco,F_05_MOUNI_S_10_DISGUST_2.wav,353324,3677945fec700997fa0a5c54ef3485e4a1b56b04695245c9a29b9a91737f6d10,F05,F,DISGUST,1,S10,T2,
1407,subesco,F_05_MOUNI_S_10_DISGUST_3.wav,353324,8564c2dc790cf8d0f17ca3ef93801f799318838368eb6964e9330071445570cd,F05,F,DISGUST,1,S10,T3,
1408,subesco,F_05_MOUNI_S_10_DISGUST_4.wav,353324,166abdafd3e6428312bd1bf24ca8233d52e954eb430d018c57d8ee936cc5f529,F05,F,DISGUST,1,S10,T4,
1409,subesco,F_05_MOUNI_S_10_DISGUST_5.wav,353324,715b7bdea50651d41d7483051be89fdd63112069e8d201c5f9b67fcf21c2e829,F05,F,DISGUST,1,S10,T5,
1410,subesco,F_05_MOUNI_S_10_FEAR_1.wav,353324,8f231fc1dcc234d7a62b2c4a2d74348beebb870f2cb475eabb2b746efd1fb11a,F05,F,FEAR,2,S10,T1,
1411,subesco,F_05_MOUNI_S_10_FEAR_2.wav,353324,7301a66645a81f68e6d46ad6dd6fe3b90ba23f47a5c84042ed2ed30665758ec6,F05,F,FEAR,2,S10,T2,
1412,subesco,F_05_MOUNI_S_10_FEAR_3.wav,354348,aed3dcc022cd29cb4ad9bb4e5bb3290ddb4846a3ae343c330fc93632bb67b2dd,F05,F,FEAR,2,S10,T3,
1413,subesco,F_05_MOUNI_S_10_FEAR_4.wav,354348,d2cb030e3cf4e3eb9535608ababde9db87f1ba00aace4fa594c148230e62cc93,F05,F,FEAR,2,S10,T4,
1414,subesco,F_05_MOUNI_S_10_FEAR_5.wav,354348,0a74c1ee8880d0043d247a801faf21a884cd1a216f0e3f95367c636450377d76,F05,F,FEAR,2,S10,T5,
1415,subesco,F_05_MOUNI_S_10_HAPPY_1.wav,354348,c281161e28cbe820c0d9b838b92dc51af287c8508b1d6064a3b48b61576b13b0,F05,F,HAPPY,3,S10,T1,
1416,subesco,F_05_MOUNI_S_10_HAPPY_2.wav,353324,81e9a5381b47edf609efbca9a2ef7645a8f8e81268b779c3d80fedc2ff620cfc,F05,F,HAPPY,3,S10,T2,
1417,subesco,F_05_MOUNI_S_10_HAPPY_3.wav,353324,e22b1edec9edddd7991606de7411b1f7199e0ca21cfcf349105070ddbfa8a4d2,F05,F,HAPPY,3,S10,T3,
1418,subesco,F_05_MOUNI_S_10_HAPPY_4.wav,353324,37ed99cdee24fda84eb124bfec48561f8fb2c214c5c49f4026a4e5d33ed2fed8,F05,F,HAPPY,3,S10,T4,
1419,subesco,F_05_MOUNI_S_10_HAPPY_5.wav,354348,152c6c7400f7f45cbb1e6236206e89a8c460a4fe7fed54c42064cb89e12e3389,F05,F,HAPPY,3,S10,T5,
1420,subesco,F_05_MOUNI_S_10_NEUTRAL_1.wav,353324,5875890f6cbfaec1cb013e59a591e7063a758b3258ee86fde33d3d4a7b7f570b,F05,F,NEUTRAL,4,S10,T1,
1421,subesco,F_05_MOUNI_S_10_NEUTRAL_2.wav,353324,aa5edd75899efd2a0413f8b60e9823fa8fd4502e79e609cba8efc81586c0a33b,F05,F,NEUTRAL,4,S10,T2,
1422,subesco,F_05_MOUNI_S_10_NEUTRAL_3.wav,352300,440492052503f28fbbde3a24be0811bac000dc5f01c3ca6c348d16f918d49800,F05,F,NEUTRAL,4,S10,T3,
1423,subesco,F_05_MOUNI_S_10_NEUTRAL_4.wav,353324,6e7980148eb412a5f97d711ae9126606a46689f174aa08bff33fb00b51c3ab1c,F05,F,NEUTRAL,4,S10,T4,
1424,subesco,F_05_MOUNI_S_10_NEUTRAL_5.wav,354348,95b2a69a472ca91d34fb4fb13f4b2cb3fcb6cc158b57d6d8f767f7c156213cba,F05,F,NEUTRAL,4,S10,T5,
1425,subesco,F_05_MOUNI_S_10_SAD_1.wav,353324,2f4f1ae14454789f6b76903c6dbbee2007418d9fe198c9699d4a229a49695e56,F05,F,SAD,5,S10,T1,
1426,subesco,F_05_MOUNI_S_10_SAD_2.wav,354348,596e9b915e0d15e4c5b2bfa4ebc82c13869c36ee74cc2b3cfd15dc7840c4582b,F05,F,SAD,5,S10,T2,
1427,subesco,F_05_MOUNI_S_10_SAD_3.wav,354348,3800393ab529ac6c9ab779e2dadd00019712ff7c922a6b308c38e90d21ff97af,F05,F,SAD,5,S10,T3,
1428,subesco,F_05_MOUNI_S_10_SAD_4.wav,354348,c17887e9465b438f0dc47e2d2f5cd0eb2b58adb1e2920445448460081de7d618,F05,F,SAD,5,S10,T4,
1429,subesco,F_05_MOUNI_S_10_SAD_5.wav,354348,695fef250d5e4dee87b65b7ab837ce201b85736a006a05bc16268c2f01eff025,F05,F,SAD,5,S10,T5,
1430,subesco,F_05_MOUNI_S_10_SURPRISE_1.wav,353324,e6b81ce66d8a05a27d0318504ec0e0de968df4699e8319f0ba1238be9673486a,F05,F,SURPRISE,6,S10,T1,
1431,subesco,F_05_MOUNI_S_10_SURPRISE_2.wav,352300,08a3675ada20426266a7c8165c4508c19a80d9406a9f7a3c3d76f00837d0a25f,F05,F,SURPRISE,6,S10,T2,
1432,subesco,F_05_MOUNI_S_10_SURPRISE_3.wav,353324,7ad79df11651c73bf027a0f91e8ffa1e9f2d7f641957a1b1eaa9e92832fe758e,F05,F,SURPRISE,6,S10,T3,
1433,subesco,F_05_MOUNI_S_10_SURPRISE_4.wav,354348,e8d4f3608e139b566439743d2e10fc74f12e90dc1bb2b89c9fd82d714cd52938,F05,F,SURPRISE,6,S10,T4,
1434,subesco,F_05_MOUNI_S_10_SURPRISE_5.wav,353324,2398e4d846da20ea3a9929fbe858c1a40705ea659671d4bbe4d0ec471958f756,F05,F,SURPRISE,6,S10,T5,
1435,subesco,F_05_MOUNI_S_1_ANGRY_1.wav,354348,0df290d2d5245bf956ccba05df1f0e8adf5fd8b56b2fca5429d0c1428a1c208c,F05,F,ANGRY,0,S1,T1,
1436,subesco,F_05_MOUNI_S_1_ANGRY_2.wav,354348,d42336bfd7d0d11954dd32b8434cc3045f52d08357eb880d780852d0b237894f,F05,F,ANGRY,0,S1,T2,
1437,subesco,F_05_MOUNI_S_1_ANGRY_3.wav,354348,5635d4dbaaf7231cd117c1dce8ef497a33c69f2fddfcf4e23d0b53d9c705ef99,F05,F,ANGRY,0,S1,T3,
1438,subesco,F_05_MOUNI_S_1_ANGRY_4.wav,353324,5f6cad686f231416279706b89a36143a9a1cd5a96103def9183055740f56c1e1,F05,F,ANGRY,0,S1,T4,
1439,subesco,F_05_MOUNI_S_1_ANGRY_5.wav,354348,552e641c6b5951ce70a80740c696e6ed1a73fb9d82157d7dd09dd80c93c8f9fd,F05,F,ANGRY,0,S1,T5,
1440,subesco,F_05_MOUNI_S_1_DISGUST_1.wav,354348,b6c7914d9ed78ad5fc20f5a54fa599e7012073272f19b1a02852507be5539b4f,F05,F,DISGUST,1,S1,T1,
1441,subesco,F_05_MOUNI_S_1_DISGUST_2.wav,354348,b54a25e4138b7447e3b1426d8ec18d3ee548da6fc797416678fedc07307eb948,F05,F,DISGUST,1,S1,T2,
1442,subesco,F_05_MOUNI_S_1_DISGUST_3.wav,354348,cc191606a04ebc47df3b8ee0f253424b546f7afd800cbd99ff706e169c1b8abb,F05,F,DISGUST,1,S1,T3,
1443,subesco,F_05_MOUNI_S_1_DISGUST_4.wav,354348,c02273b2c7bfbc94ee2f0ce312c57f049ac97e62047b9add0a02db1c84abc4e4,F05,F,DISGUST,1,S1,T4,
1444,subesco,F_05_MOUNI_S_1_DISGUST_5.wav,353324,876e9cbcc4d6d2f5f6c6e4af4fac77faf43e6820aae20ee248a25515871495fe,F05,F,DISGUST,1,S1,T5,
1445,subesco,F_05_MOUNI_S_1_FEAR_1.wav,353324,40785e63705d71377edccdb4d8163aa249be364733c99cacfea5ac6cf579a00f,F05,F,FEAR,2,S1,T1,
1446,subesco,F_05_MOUNI_S_1_FEAR_2.wav,354348,052b7c7ff73f7721c2e4d96ab0eb01c4090fdf3ab31039bd0ca0671cbd7bf7a9,F05,F,FEAR,2,S1,T2,
1447,subesco,F_05_MOUNI_S_1_FEAR_3.wav,353324,4f537c8f9b4533b90ea111895d6a338757a53d87ff51608b2ce1257bbb2b43a5,F05,F,FEAR,2,S1,T3,
1448,subesco,F_05_MOUNI_S_1_FEAR_4.wav,354348,85383ff1ca4d86daf9844095cbacd31958dccbbb6dfc51122e55b66b7842110e,F05,F,FEAR,2,S1,T4,
1449,subesco,F_05_MOUNI_S_1_FEAR_5.wav,354348,408f2bbb1a6cc4d7fbca1b362129d04571436516afd1171a29f050a626cc2c27,F05,F,FEAR,2,S1,T5,
1450,subesco,F_05_MOUNI_S_1_HAPPY_1.wav,354348,bb6da5f3d9520ba660bdee6620af035d7397360776e1111be81da2bd1f5b3523,F05,F,HAPPY,3,S1,T1,
1451,subesco,F_05_MOUNI_S_1_HAPPY_2.wav,354348,a96c40f7f4df6ac00578d9e004c519c50741f8e18854f34d34cd21979a4107c2,F05,F,HAPPY,3,S1,T2,
1452,subesco,F_05_MOUNI_S_1_HAPPY_3.wav,354348,3c303a60be2f871b76d098635250ec0017a7c3a55a5a689f20a515889e53efef,F05,F,HAPPY,3,S1,T3,
1453,subesco,F_05_MOUNI_S_1_HAPPY_4.wav,354348,efaa50c850cb4fd58eb1398fa8d374062176c357b445bf1cd33606d9b63f3e52,F05,F,HAPPY,3,S1,T4,
1454,subesco,F_05_MOUNI_S_1_HAPPY_5.wav,352300,244eb9154a88cbd34041a91d3977e898fe00dfad8dca7051601205bac4be8df2,F05,F,HAPPY,3,S1,T5,
1455,subesco,F_05_MOUNI_S_1_NEUTRAL_1.wav,354348,674d5677f7ffe224c2359315830b0451e5c54e301bf09f2f8cffc8e529b89071,F05,F,NEUTRAL,4,S1,T1,
1456,subesco,F_05_MOUNI_S_1_NEUTRAL_2.wav,354348,9aea63231c5bfd6ac2ea2d42b9775b4c4576a9c00cec46ffc6ef8b27fe8acf41,F05,F,NEUTRAL,4,S1,T2,
1457,subesco,F_05_MOUNI_S_1_NEUTRAL_3.wav,353324,6415f86942b8986ba1fb0b5f46cf692348ee13830ba40cca0c23d4d32c3634ec,F05,F,NEUTRAL,4,S1,T3,
1458,subesco,F_05_MOUNI_S_1_NEUTRAL_4.wav,354348,a021f39e2048da3147b43f2141eeb3a0e91f91fb11ef3a87fc814d1325db860f,F05,F,NEUTRAL,4,S1,T4,
1459,subesco,F_05_MOUNI_S_1_NEUTRAL_5.wav,354348,320bff2806fd2fda03483a03487c786a06034bb470543b7328186726a7fb43bb,F05,F,NEUTRAL,4,S1,T5,
1460,subesco,F_05_MOUNI_S_1_SAD_1.wav,354348,e212c9f7e0864b4bd44a686b1c6e83f8e7b825faea9675b60414151c10686867,F05,F,SAD,5,S1,T1,
1461,subesco,F_05_MOUNI_S_1_SAD_2.wav,354348,ecc058cd371593b58248478c9ff8c7b1a082c0ad841bdf294ee102095c9c732f,F05,F,SAD,5,S1,T2,
1462,subesco,F_05_MOUNI_S_1_SAD_3.wav,354348,f09d44b1856b7448810047dd7a545cd4c8a44ea8dbdfe8adf739a7ce9ecc0369,F05,F,SAD,5,S1,T3,
1463,subesco,F_05_MOUNI_S_1_SAD_4.wav,354348,de26a80768d4fb26ce99fc9a37e55eda851fb2b8272b90c54fa554d510f24023,F05,F,SAD,5,S1,T4,
1464,subesco,F_05_MOUNI_S_1_SAD_5.wav,354348,021dc4464a5f709401334750dead478088eeb80ea50bcff2fe85fe351c455707,F05,F,SAD,5,S1,T5,
1465,subesco,F_05_MOUNI_S_1_SURPRISE_1.wav,354348,20eeca961a9527a8155d60641bfcadf02fc678ea7b9a4e250756f2e3100a4b1c,F05,F,SURPRISE,6,S1,T1,
1466,subesco,F_05_MOUNI_S_1_SURPRISE_2.wav,354348,3248ee8646e9be047923aa5dd6084f2b5fa79f2369e1dbae522926e0330e1744,F05,F,SURPRISE,6,S1,T2,
1467,subesco,F_05_MOUNI_S_1_SURPRISE_3.wav,354348,c345f86dd3de07bb1770faceaec426208244f49050fd25ee10eb8bb7090fb579,F05,F,SURPRISE,6,S1,T3,
1468,subesco,F_05_MOUNI_S_1_SURPRISE_4.wav,354348,821a2bed265baa6d174c7e1421f3075d2f27ab537901d730b427eccb5916c453,F05,F,SURPRISE,6,S1,T4,
1469,subesco,F_05_MOUNI_S_1_SURPRISE_5.wav,354348,f0510ceacb65d339b5ccf21dbebf91b5ebede3fb1e51be3517bd72e6a2a45eb8,F05,F,SURPRISE,6,S1,T5,
1470,subesco,F_05_MOUNI_S_2_ANGRY_1.wav,354348,297779d9af833f5f1b4fc3b2fdd3349734cf6de198ffa2746e16056e1eb90101,F05,F,ANGRY,0,S2,T1,
1471,subesco,F_05_MOUNI_S_2_ANGRY_2.wav,353324,ede5024f3572e6fb9af577b6b0c31c343914e5152b0bd4b4aa8503d92e9e42bc,F05,F,ANGRY,0,S2,T2,
1472,subesco,F_05_MOUNI_S_2_ANGRY_3.wav,354348,9d1846a57bbafbdc2db0e5f5b963935a2d2a36b06921c6771f3751f488d9237b,F05,F,ANGRY,0,S2,T3,
1473,subesco,F_05_MOUNI_S_2_ANGRY_4.wav,353324,b506c349ed758cc956196062fc552e0f51c72e9eee20e24ee59b31d17da24120,F05,F,ANGRY,0,S2,T4,
1474,subesco,F_05_MOUNI_S_2_ANGRY_5.wav,353324,ab73205c4d5412082e9f4d3569c340c58b40fae625076d73bf2bccdc3191ea94,F05,F,ANGRY,0,S2,T5,
1475,subesco,F_05_MOUNI_S_2_DISGUST_1.wav,354348,f3da42986576bd8dbe7cd0f0d67093cd9b57bcfa2adca1ea851fe03824e0782d,F05,F,DISGUST,1,S2,T1,
1476,subesco,F_05_MOUNI_S_2_DISGUST_2.wav,353324,aaa3b8de16befe9f7d0a7dc7132660d4e25866fe545dd36757aa8c0d8d7e8b49,F05,F,DISGUST,1,S2,T2,
1477,subesco,F_05_MOUNI_S_2_DISGUST_3.wav,354348,96bf318814bafe57a10634cf610101212595e59e7bfe8ad7adbfaf4f378cb050,F05,F,DISGUST,1,S2,T3,
1478,subesco,F_05_MOUNI_S_2_DISGUST_4.wav,354348,11722ec415fa21c73ed854061091927218f3f945ea358d789ea586924d9563f2,F05,F,DISGUST,1,S2,T4,
1479,subesco,F_05_MOUNI_S_2_DISGUST_5.wav,354348,b82fd348f2d1f5126c5baa893617961749bbef8f96d8d03ac222202b4985edd3,F05,F,DISGUST,1,S2,T5,
1480,subesco,F_05_MOUNI_S_2_FEAR_1.wav,354348,bb70bf33211d84fc07348ea6cee8adf4287f1978c1c1f10851b0a6ce01966af9,F05,F,FEAR,2,S2,T1,
1481,subesco,F_05_MOUNI_S_2_FEAR_2.wav,353324,9a300f5243cdeaf0d4571566f7bba8294c70d3ed2a0b93796eb27cea2a6f1d82,F05,F,FEAR,2,S2,T2,
1482,subesco,F_05_MOUNI_S_2_FEAR_3.wav,352300,35c8f1f47099974aa65a47d9298755bfe70d9aaa0f69292cfe164084cd5eb95b,F05,F,FEAR,2,S2,T3,
1483,subesco,F_05_MOUNI_S_2_FEAR_4.wav,354348,59365331d4da7702e785f60f0163963997bc944eab2646f53dea925e47465384,F05,F,FEAR,2,S2,T4,
1484,subesco,F_05_MOUNI_S_2_FEAR_5.wav,353324,1cbdcce841599b070c40ec1a66a3f97284c2a8d773eadec5311c33e3afb86129,F05,F,FEAR,2,S2,T5,
1485,subesco,F_05_MOUNI_S_2_HAPPY_1.wav,354348,5ce9f8e61f089cf513bd3149a95d9ba5c072bf10db278c92b548ce545cfd1ca3,F05,F,HAPPY,3,S2,T1,
1486,subesco,F_05_MOUNI_S_2_HAPPY_2.wav,353324,d52cc330b56f856555a1ad174dd2a4683ae515314bbc0a8df26f16c4a2bd06e5,F05,F,HAPPY,3,S2,T2,
1487,subesco,F_05_MOUNI_S_2_HAPPY_3.wav,353324,24a52d1faa7b4606d6ee71264211a77ab225ba640b49ef7ae55e68f4f5b006c4,F05,F,HAPPY,3,S2,T3,
1488,subesco,F_05_MOUNI_S_2_HAPPY_4.wav,353324,08eab99fd275c4614ad23b8c2c760a4876b546f0e08b52303f1d3cda433fdef8,F05,F,HAPPY,3,S2,T4,
1489,subesco,F_05_MOUNI_S_2_HAPPY_5.wav,353324,562791063a6a6c268e9700aeaee51293908d5bc91fa7d8223cdcb23bd714609a,F05,F,HAPPY,3,S2,T5,
1490,subesco,F_05_MOUNI_S_2_NEUTRAL_1.wav,354348,5486646455d39295cf0fc54dd4701accad59e0346f8d31f39f06d499433c321f,F05,F,NEUTRAL,4,S2,T1,
1491,subesco,F_05_MOUNI_S_2_NEUTRAL_2.wav,354348,bbb2285de47183357332b952e2ed61f55caed8f6b4fca17a700069ee9813a7b4,F05,F,NEUTRAL,4,S2,T2,
1492,subesco,F_05_MOUNI_S_2_NEUTRAL_3.wav,354348,0b5f9f37051d06471c0e52556e7f110928af3d50bc8d9a3c6deec380bdb5ba8a,F05,F,NEUTRAL,4,S2,T3,
1493,subesco,F_05_MOUNI_S_2_NEUTRAL_4.wav,354348,cc94f7f142e4b069e6f9f7535c03d35970c208008747a7b222e9446914788dc8,F05,F,NEUTRAL,4,S2,T4,
1494,subesco,F_05_MOUNI_S_2_NEUTRAL_5.wav,354348,1d0a9f839e487d55a636e24293643937a37f2c8e18eef2bfda8c3c8ef8712c45,F05,F,NEUTRAL,4,S2,T5,
1495,subesco,F_05_MOUNI_S_2_SAD_1.wav,354348,62d7fe00943cd74ba98eda76b396e3e7fe4752259f1b87df28d51b6f0d3f212d,F05,F,SAD,5,S2,T1,
1496,subesco,F_05_MOUNI_S_2_SAD_2.wav,354348,d36713e1459e919cb0675fa98fffb6bc95e7ebf7e2f47dafcb1e128814baf7a2,F05,F,SAD,5,S2,T2,
1497,subesco,F_05_MOUNI_S_2_SAD_3.wav,354348,0abaaf675bc018894b21e90cac2a841314a4e3dc85044660f3d43fa12d918052,F05,F,SAD,5,S2,T3,
1498,subesco,F_05_MOUNI_S_2_SAD_4.wav,354348,c8117881f4144e18f14917b3a255016380600c881b25a0895c47e7d866f5e788,F05,F,SAD,5,S2,T4,
1499,subesco,F_05_MOUNI_S_2_SAD_5.wav,354348,11249a64fd6c05c0986b98e62676e6d36190abe5701869ccd44f3ae4b56a07c9,F05,F,SAD,5,S2,T5,
1500,subesco,F_05_MOUNI_S_2_SURPRISE_1.wav,354348,be77124477efba169f022aa83d0878d11694c153d3ecb21adcd7cf53ba3f74a8,F05,F,SURPRISE,6,S2,T1,
1501,subesco,F_05_MOUNI_S_2_SURPRISE_2.wav,354348,c16b8a21bf4982e325dfaaeed09302831f1b246750af6a5b553694f7717e5f34,F05,F,SURPRISE,6,S2,T2,
1502,subesco,F_05_MOUNI_S_2_SURPRISE_3.wav,354348,bbdaed8430388be6e0213d1c1583c330779f0d27b5433266a6340df14d0cbbb9,F05,F,SURPRISE,6,S2,T3,
1503,subesco,F_05_MOUNI_S_2_SURPRISE_4.wav,354348,4caddb92dd0a9389818ea48a82c478771315d3cbe50dad2e0c285b10caa10d1e,F05,F,SURPRISE,6,S2,T4,
1504,subesco,F_05_MOUNI_S_2_SURPRISE_5.wav,354348,a64722131aae05ca8488cac1670117e31af9a78b1599922af68e9ad345d70b71,F05,F,SURPRISE,6,S2,T5,
1505,subesco,F_05_MOUNI_S_3_ANGRY_1.wav,354348,b29b82c36f7b3295ae1602100332df501d63267493e53adce986a933cb1b5b6d,F05,F,ANGRY,0,S3,T1,
1506,subesco,F_05_MOUNI_S_3_ANGRY_2.wav,354348,88b88f77250b0f28da0db20b53c5f6cf223f118aad5befd6ff38cb018bd133e2,F05,F,ANGRY,0,S3,T2,
1507,subesco,F_05_MOUNI_S_3_ANGRY_3.wav,354348,d2cb6f2a6f6b576aa85421fcaa30f58ec69127b3db84243011bb41c1078b8f33,F05,F,ANGRY,0,S3,T3,
1508,subesco,F_05_MOUNI_S_3_ANGRY_4.wav,354348,849d587a885ddbbee82b17efeeb3582c70bf4f182d442f2569587972054d90c6,F05,F,ANGRY,0,S3,T4,
1509,subesco,F_05_MOUNI_S_3_ANGRY_5.wav,355372,83dda7b1dd784cf20f272e95e5549586d424b6fa815b47d9b4b740c6c35b54a0,F05,F,ANGRY,0,S3,T5,
1510,subesco,F_05_MOUNI_S_3_DISGUST_1.wav,354348,432e157533c629d0df129a75d5d39c3beeb08da54f96602b4224ae5c1905e430,F05,F,DISGUST,1,S3,T1,
1511,subesco,F_05_MOUNI_S_3_DISGUST_2.wav,354348,d354e4fdd24a969a2a3b5506ab95162bb17d827e4a7abb1413537305e4af17c6,F05,F,DISGUST,1,S3,T2,
1512,subesco,F_05_MOUNI_S_3_DISGUST_3.wav,354348,ef1ef0d4717bc54f1ab493dc9503b257e011858adf8b8915e081feb2c8033bbf,F05,F,DISGUST,1,S3,T3,
1513,subesco,F_05_MOUNI_S_3_DISGUST_4.wav,354348,5808ba0566a90aaf559f2342f8e9061a586fc8f5956a1c0ce880825d8ae38f2e,F05,F,DISGUST,1,S3,T4,
1514,subesco,F_05_MOUNI_S_3_DISGUST_5.wav,354348,f553922339be9ed88ba45ec8d6d368619597bf87bb5f7b9c6d733bd0084dc361,F05,F,DISGUST,1,S3,T5,
1515,subesco,F_05_MOUNI_S_3_FEAR_1.wav,353324,4cfb41b8272e90a330df8a068aed7e5b21b75eb58cc53f9f08d25973a14eca06,F05,F,FEAR,2,S3,T1,
1516,subesco,F_05_MOUNI_S_3_FEAR_2.wav,353324,2a3155c7ee6a8d429f104adaabfff356a56bc4c68415dd97498d67692d99e4df,F05,F,FEAR,2,S3,T2,
1517,subesco,F_05_MOUNI_S_3_FEAR_3.wav,354348,d43d4fc60de866604736c577cac1ab0c654987483d4e49f721b1174b498a98e8,F05,F,FEAR,2,S3,T3,
1518,subesco,F_05_MOUNI_S_3_FEAR_4.wav,353324,a7b3480d08bf802110830aed63c7797ce1760f292c9e90041613c265c49086d8,F05,F,FEAR,2,S3,T4,
1519,subesco,F_05_MOUNI_S_3_FEAR_5.wav,355372,32980c13a7e90b9c067c272e87025dbb3c78235e36d8d680c241afedae4bec4f,F05,F,FEAR,2,S3,T5,
1520,subesco,F_05_MOUNI_S_3_HAPPY_1.wav,355372,945a4de8aaf210430512c138452f5e60eb57f0f590eb77930b91101c0d848ee6,F05,F,HAPPY,3,S3,T1,
1521,subesco,F_05_MOUNI_S_3_HAPPY_2.wav,353324,3b76d1face0d02334bd4f5f85611bef667fb82b36c935727ed1aa83ce0f5b35d,F05,F,HAPPY,3,S3,T2,
1522,subesco,F_05_MOUNI_S_3_HAPPY_3.wav,354348,0970c4902b04138e2c3a58ababc0c443c0cd9198ccf13af2d802233d2c7680fb,F05,F,HAPPY,3,S3,T3,
1523,subesco,F_05_MOUNI_S_3_HAPPY_4.wav,354348,342fa199c37d2d873e693d61432e1282bb11f17314d648de03002e1fb4c24742,F05,F,HAPPY,3,S3,T4,
1524,subesco,F_05_MOUNI_S_3_HAPPY_5.wav,354348,22ac594067492cbcadc406869054bff5572e18af771850a25293ed0255ca147f,F05,F,HAPPY,3,S3,T5,
1525,subesco,F_05_MOUNI_S_3_NEUTRAL_1.wav,354348,c28d294b401ce0f7990eb1ec842a42db5fdb1c5821ef57598daacb6ac5eec5b1,F05,F,NEUTRAL,4,S3,T1,
1526,subesco,F_05_MOUNI_S_3_NEUTRAL_2.wav,354348,61e4403c285b25d500adc7d5530c514ca50cf1e45ba317b4d139016948cfd034,F05,F,NEUTRAL,4,S3,T2,
1527,subesco,F_05_MOUNI_S_3_NEUTRAL_3.wav,356396,d62d053f7ce999e9967e1f1565f69506f863ff67acb1455fd95c03bb645e814e,F05,F,NEUTRAL,4,S3,T3,
1528,subesco,F_05_MOUNI_S_3_NEUTRAL_4.wav,354348,f5d486b85e72eab48a64c4eb75f71822bc56a58bad22f02fa7ef84da17ab0df4,F05,F,NEUTRAL,4,S3,T4,
1529,subesco,F_05_MOUNI_S_3_NEUTRAL_5.wav,354348,73f92b1ef3698bfd5334a7e4151e914b6eec102429103542f635d5e2f224f351,F05,F,NEUTRAL,4,S3,T5,
1530,subesco,F_05_MOUNI_S_3_SAD_1.wav,354348,3aa15bdb431045de3f9c3bb19aa5d6dfd1671fe9ed1fd432df4ea694f6a076b1,F05,F,SAD,5,S3,T1,
1531,subesco,F_05_MOUNI_S_3_SAD_2.wav,354348,9bc525a4e8a0426a06695ba753f2d8a0555c127da77bc23d64f7460c687c022e,F05,F,SAD,5,S3,T2,
1532,subesco,F_05_MOUNI_S_3_SAD_3.wav,354348,977d51e69163355ac25645a17c09fea7608d152ecf2813d35e8a4a9bdec60515,F05,F,SAD,5,S3,T3,
1533,subesco,F_05_MOUNI_S_3_SAD_4.wav,354348,f3e82dbfaae857cdcab5a89b22d9ffcf07163d78e5450871ab11093375d263de,F05,F,SAD,5,S3,T4,
1534,subesco,F_05_MOUNI_S_3_SAD_5.wav,354348,1e306138efc28e46c604c1078f10afde6dbc151b9c36545e010ad053b75b2dab,F05,F,SAD,5,S3,T5,
1535,subesco,F_05_MOUNI_S_3_SURPRISE_1.wav,353324,f1b0e8910b4bf5736ddf3233b870e4108988fc7c88df62d5d17f213c4871ee06,F05,F,SURPRISE,6,S3,T1,
1536,subesco,F_05_MOUNI_S_3_SURPRISE_2.wav,354348,34c638b0afe2452e25f73c3cc5c6dfc849367645eda01c649dd0edeabe35aead,F05,F,SURPRISE,6,S3,T2,
1537,subesco,F_05_MOUNI_S_3_SURPRISE_3.wav,353324,2ba2b2f081c0bc69e4ba5c21d58aaf532ec4d3058216457bad231c5ce156f7f0,F05,F,SURPRISE,6,S3,T3,
1538,subesco,F_05_MOUNI_S_3_SURPRISE_4.wav,354348,6d66affd75823624ad7e13451efec3ef61c301f4b32569689ec572174d85ce09,F05,F,SURPRISE,6,S3,T4,
1539,subesco,F_05_MOUNI_S_3_SURPRISE_5.wav,353324,e1d9c15e11c65ce7e8ce87e194d6bd54ff8b4997d24b019597c12dd216d79139,F05,F,SURPRISE,6,S3,T5,
1540,subesco,F_05_MOUNI_S_4_ANGRY_1.wav,353324,a5032a6e84aca7a3765b4a66ba12adfb16c037a0d1637a1f3c6fb9e48c322859,F05,F,ANGRY,0,S4,T1,
1541,subesco,F_05_MOUNI_S_4_ANGRY_2.wav,354348,4581445e58d2819f986a6c16f964d5fc385b16840b64ef5c418926818ba7f04a,F05,F,ANGRY,0,S4,T2,
1542,subesco,F_05_MOUNI_S_4_ANGRY_3.wav,354348,3593a9758dd1e08ea67ba867f2f68a5997021f09306a6aeed778ff7d6f3f65f6,F05,F,ANGRY,0,S4,T3,
1543,subesco,F_05_MOUNI_S_4_ANGRY_4.wav,354348,29cf8ef6789e679a785cada791a5cbdf830968feeaf10a2e71e74927df3f5c6f,F05,F,ANGRY,0,S4,T4,
1544,subesco,F_05_MOUNI_S_4_ANGRY_5.wav,354348,ae4d0e4df8c8416bb32a8e18d1974299500fd76a060bc2a40e919626c73e9529,F05,F,ANGRY,0,S4,T5,
1545,subesco,F_05_MOUNI_S_4_DISGUST_1.wav,354348,d91fccf57fea2dd563f95a445fa601dbd13ec79fb8a6f24296de153cd035c62c,F05,F,DISGUST,1,S4,T1,
1546,subesco,F_05_MOUNI_S_4_DISGUST_2.wav,353324,d535120d69aa4d2de00cb68e598c6e6f3f80f9ce88e4472e9aa55679d4bde95a,F05,F,DISGUST,1,S4,T2,
1547,subesco,F_05_MOUNI_S_4_DISGUST_3.wav,353324,5517192e2365915b0ba4f6e11ff6a7a2eab69ded106d5c2887140d92a5f95627,F05,F,DISGUST,1,S4,T3,
1548,subesco,F_05_MOUNI_S_4_DISGUST_4.wav,354348,ab962bf45a008c9c575a3c0c4c82cdef3f880892cdd7608f1d88083f112d9a5b,F05,F,DISGUST,1,S4,T4,
1549,subesco,F_05_MOUNI_S_4_DISGUST_5.wav,353324,62f75b886dfc8fefe8ba7d30c723af2d1a6cc3c2fe0486521f0750cb9daaefc5,F05,F,DISGUST,1,S4,T5,
1550,subesco,F_05_MOUNI_S_4_FEAR_1.wav,354348,5f410d956144aac7b4d96ff1134e8baa5df01f8aecc92352675093224c7d298b,F05,F,FEAR,2,S4,T1,
1551,subesco,F_05_MOUNI_S_4_FEAR_2.wav,354348,23896b26fe596b50fb5290dc27e26550ff471d88137e9fbf01428169cfa77c38,F05,F,FEAR,2,S4,T2,
1552,subesco,F_05_MOUNI_S_4_FEAR_3.wav,355372,c16a5cf1d21a81ec9929898ef25f711809a57bf8e5f1307505bf86c1e22cffd1,F05,F,FEAR,2,S4,T3,
1553,subesco,F_05_MOUNI_S_4_FEAR_4.wav,354348,d20dd36c0e8a35d753eca9e4716fdcc6989bb8948f7eb663698f0337fda6d550,F05,F,FEAR,2,S4,T4,
1554,subesco,F_05_MOUNI_S_4_FEAR_5.wav,354348,320a4ddecdc331b556179bec542aa521bc7f58b96bee6ceac627f806171627b2,F05,F,FEAR,2,S4,T5,
1555,subesco,F_05_MOUNI_S_4_HAPPY_1.wav,353324,60610721e7a5d14c988e67496ed9bf510d793c18b799e88ac6fe1adcc82383e1,F05,F,HAPPY,3,S4,T1,
1556,subesco,F_05_MOUNI_S_4_HAPPY_2.wav,354348,efecdc17b4c2494acb39b1477a88b57597aba87dcbbd5f61a3c2c18444c2e99c,F05,F,HAPPY,3,S4,T2,
1557,subesco,F_05_MOUNI_S_4_HAPPY_3.wav,354348,4296ceaf5b329c87bfd58e629fcaac9c9885b089e83035dd672679819bc872c1,F05,F,HAPPY,3,S4,T3,
1558,subesco,F_05_MOUNI_S_4_HAPPY_4.wav,353324,c11d49c6bfdeb7216eca3422edb65796ae66e8315bbb97a23ecdb26396cf4b92,F05,F,HAPPY,3,S4,T4,
1559,subesco,F_05_MOUNI_S_4_HAPPY_5.wav,353324,a15401d490438cb0b9e28d5cf6c7d12bb727ad595c84655223b4e3ae2c4d7f83,F05,F,HAPPY,3,S4,T5,
1560,subesco,F_05_MOUNI_S_4_NEUTRAL_1.wav,355372,fdb0c6009dde7a4ccf65597dcd69c870bee5460f9f93bb42ce6ff044865f8e22,F05,F,NEUTRAL,4,S4,T1,
1561,subesco,F_05_MOUNI_S_4_NEUTRAL_2.wav,353324,c2c5b477d0d56eb5164dd5f2ae27ccdaa5c3b9d7d31e08e96e5a0d15c954eed5,F05,F,NEUTRAL,4,S4,T2,
1562,subesco,F_05_MOUNI_S_4_NEUTRAL_3.wav,354348,027117c09ec8aaa5e4536a495a101dec40d018bd5988d7ba6bba0a6b14aa5c8d,F05,F,NEUTRAL,4,S4,T3,
1563,subesco,F_05_MOUNI_S_4_NEUTRAL_4.wav,354348,0e32c697b6a2cbdc26783e3d0329e9cc7741d7b7e7ee2fe4a40ec1afa13d475e,F05,F,NEUTRAL,4,S4,T4,
1564,subesco,F_05_MOUNI_S_4_NEUTRAL_5.wav,353324,768bb65657dc1930f1a924d126b2547511eef4ad560627d500ec7f99167282a9,F05,F,NEUTRAL,4,S4,T5,
1565,subesco,F_05_MOUNI_S_4_SAD_1.wav,353324,e40a7aa6c8263ece71aca1b487012be3b1303f2b481a15a2c96d4c30766803e2,F05,F,SAD,5,S4,T1,
1566,subesco,F_05_MOUNI_S_4_SAD_2.wav,353324,38a3c6cdc90e69a4272b04d7c1ea4c5df5ceb44bd57b7e1e79b6800fb66da8ff,F05,F,SAD,5,S4,T2,
1567,subesco,F_05_MOUNI_S_4_SAD_3.wav,354348,85e9f03ba0532566b0acda7e59572d1d68607d53a9777568a7aec2b560616ec4,F05,F,SAD,5,S4,T3,
1568,subesco,F_05_MOUNI_S_4_SAD_4.wav,353324,8c3db17aacc60791071ef35ccbaab436ef69b964767fc756b8d3e510559a8b9e,F05,F,SAD,5,S4,T4,
1569,subesco,F_05_MOUNI_S_4_SAD_5.wav,356396,c9760f47505630983ecf3260646d22dcffb109901612abb51160303e58e1e538,F05,F,SAD,5,S4,T5,
1570,subesco,F_05_MOUNI_S_4_SURPRISE_1.wav,354348,54a2f49b30e0d9cf6b9e72b6844c60dc625642f269855c6b4bd9628d22674724,F05,F,SURPRISE,6,S4,T1,
1571,subesco,F_05_MOUNI_S_4_SURPRISE_2.wav,354348,a2a2072f629260ed84b8cb30be7675b2b7f97dd9894258f9719f5f10ee227166,F05,F,SURPRISE,6,S4,T2,
1572,subesco,F_05_MOUNI_S_4_SURPRISE_3.wav,353324,66af4198ff93f2d34b579d4d200baa21febc7e45c29b55b4d432031f579e4b77,F05,F,SURPRISE,6,S4,T3,
1573,subesco,F_05_MOUNI_S_4_SURPRISE_4.wav,353324,ab9127db6b070c48128c6f7a88f6db729355a5d91e70b57624a15de067d8e067,F05,F,SURPRISE,6,S4,T4,
1574,subesco,F_05_MOUNI_S_4_SURPRISE_5.wav,354348,ac8727c1c81e1c510ebb5f631eac617c0ac88b11f7e9d208e5ac51d59df95fd2,F05,F,SURPRISE,6,S4,T5,
1575,subesco,F_05_MOUNI_S_5_ANGRY_1.wav,354348,7e8059d630f9285558e6c7a2d73d42bd1b7767a8e62b40971ec7cde9fa394968,F05,F,ANGRY,0,S5,T1,
1576,subesco,F_05_MOUNI_S_5_ANGRY_2.wav,354348,1f94b780189697bbab8bdf387faa6af9f51199dcdaa97eca692217a1fa7753d1,F05,F,ANGRY,0,S5,T2,
1577,subesco,F_05_MOUNI_S_5_ANGRY_3.wav,355372,1dbb12acb3f97d4a3bedc041ea7634f6daae9d1fc60ac29b5758df89c3deb046,F05,F,ANGRY,0,S5,T3,
1578,subesco,F_05_MOUNI_S_5_ANGRY_4.wav,354348,5ee41dc8aed2d2d49d1841477c5662d1e14e6a32727cbeafc722b669ceacbc03,F05,F,ANGRY,0,S5,T4,
1579,subesco,F_05_MOUNI_S_5_ANGRY_5.wav,354348,d1f027d9a38188a7099f21ee23045c8ee733f2c57f23bf465cd85c088db27dfc,F05,F,ANGRY,0,S5,T5,
1580,subesco,F_05_MOUNI_S_5_DISGUST_1.wav,354146,39b33d363f733aa8e5a030ed277e689568a9650319f40854d14fca518162fff3,F05,F,DISGUST,1,S5,T1,
1581,subesco,F_05_MOUNI_S_5_DISGUST_2.wav,354348,1514dc8629871ec539fb92ab99255c989f4bf743938725bd403cc992a75bf755,F05,F,DISGUST,1,S5,T2,
1582,subesco,F_05_MOUNI_S_5_DISGUST_3.wav,354348,4ffdfd22f4e979dcb29737b600935355020da9f20eda7fb113ec3ceeb69b62b6,F05,F,DISGUST,1,S5,T3,
1583,subesco,F_05_MOUNI_S_5_DISGUST_4.wav,353324,161cbb23bae569a6a734c9aebe45ce4d43b9c90d742b721c70a8e4a19570a717,F05,F,DISGUST,1,S5,T4,
1584,subesco,F_05_MOUNI_S_5_DISGUST_5.wav,353324,21ed1f7990973a8160241a0a921d4cb3500bd91abba4550f2f34d9d937cd9f3e,F05,F,DISGUST,1,S5,T5,
1585,subesco,F_05_MOUNI_S_5_FEAR_1.wav,354348,df65806383680759a80f20713f3615c898b2e2c2afb9b8f2468bf321926a55b7,F05,F,FEAR,2,S5,T1,
1586,subesco,F_05_MOUNI_S_5_FEAR_2.wav,354348,7ba8488c87132f83d9136b369495fc4e22edcae0aa47d6a310a2668fc5206f00,F05,F,FEAR,2,S5,T2,
1587,subesco,F_05_MOUNI_S_5_FEAR_3.wav,354348,f4412d1800226c0ea88194d5ab24c8141fee7a267503eac9214a96bb3502fb53,F05,F,FEAR,2,S5,T3,
1588,subesco,F_05_MOUNI_S_5_FEAR_4.wav,353324,115699d0959d0c5c4553355c67b317a6e4e4fba1e6297dff7a741217df9d0358,F05,F,FEAR,2,S5,T4,
1589,subesco,F_05_MOUNI_S_5_FEAR_5.wav,353324,2d6171079372a16867ec6690c1df8e0ac8773bdbbd00cd9cff69fd0eec9a2675,F05,F,FEAR,2,S5,T5,
1590,subesco,F_05_MOUNI_S_5_HAPPY_1.wav,389164,6fcc88004bf075fda7b73bbf4cca510f4f109590fb2471f3bd6b15e374728063,F05,F,HAPPY,3,S5,T1,
1591,subesco,F_05_MOUNI_S_5_HAPPY_2.wav,354348,d91e7b4896d0ab21d4ba94a12212f3b0f2b52d94c3c1afb9df613885cc8e6d6c,F05,F,HAPPY,3,S5,T2,
1592,subesco,F_05_MOUNI_S_5_HAPPY_3.wav,354348,e37f8d6863aaef73e606035c6c06eb790dfa433ee66a44682f5d983a0f991a4f,F05,F,HAPPY,3,S5,T3,
1593,subesco,F_05_MOUNI_S_5_HAPPY_4.wav,353324,b59b1e6be08fc5a4f026320e8365a4abe3b26e9be63aebd07ab77ffc7fb20a4e,F05,F,HAPPY,3,S5,T4,
1594,subesco,F_05_MOUNI_S_5_HAPPY_5.wav,354348,f5dde61886dcc09325f06059a7e88a8904ab993904b7b79621bb11cbe75dee4e,F05,F,HAPPY,3,S5,T5,
1595,subesco,F_05_MOUNI_S_5_NEUTRAL_1.wav,353324,3f3aeed3ef47e4482c9e79816ac5aa24368b7b5cbe7b9b72b4d1ed1fb1314105,F05,F,NEUTRAL,4,S5,T1,
1596,subesco,F_05_MOUNI_S_5_NEUTRAL_2.wav,354348,a2b31052b81bdef364d9683363e756bc928f9b2ffb1d5342b8cc5bcb83101256,F05,F,NEUTRAL,4,S5,T2,
1597,subesco,F_05_MOUNI_S_5_NEUTRAL_3.wav,354348,c7892dfd841f1549f52a5dd22b9c98b2c2d07725076a560550bbd4b67ade659a,F05,F,NEUTRAL,4,S5,T3,
1598,subesco,F_05_MOUNI_S_5_NEUTRAL_4.wav,354348,bb43bf875c542b7ee065dddf67bb77f51ea84706e7b29ec2b2a0b756ae705fea,F05,F,NEUTRAL,4,S5,T4,
1599,subesco,F_05_MOUNI_S_5_NEUTRAL_5.wav,354348,42f91f51a6972d0ea91ab9c3ffbb9fee1a692b6350c36cf5b772d223004b3af1,F05,F,NEUTRAL,4,S5,T5,
1600,subesco,F_05_MOUNI_S_5_SAD_1.wav,353324,277abbf026bf79f6f8b30e7d5cf41053b9f0546c058ae9fce0a1eb4cc793f7eb,F05,F,SAD,5,S5,T1,
1601,subesco,F_05_MOUNI_S_5_SAD_2.wav,352300,8b72af5f5f1f6e74daa780f714b3435d360ac5f97cc22a71223c1c046c89324b,F05,F,SAD,5,S5,T2,
1602,subesco,F_05_MOUNI_S_5_SAD_3.wav,354348,ab9712c5762bf27b388a481d5ea6142b8a054fc0137d2b4c7a9b4c8332f17fe6,F05,F,SAD,5,S5,T3,
1603,subesco,F_05_MOUNI_S_5_SAD_4.wav,353324,a5b15d2e167ab5251079c9916a5db3ad5702314652d4305f8273efa135069564,F05,F,SAD,5,S5,T4,
1604,subesco,F_05_MOUNI_S_5_SAD_5.wav,354348,802569b45f41d3ea924141fd6f6db3b5e24b7ad126defc3caae2c1dbda8b822f,F05,F,SAD,5,S5,T5,
1605,subesco,F_05_MOUNI_S_5_SURPRISE_1.wav,354348,ad28e56b9bdf2b317e0fa90ad5bfef2abc436a7fe504169d8bfe1e9758a64948,F05,F,SURPRISE,6,S5,T1,
1606,subesco,F_05_MOUNI_S_5_SURPRISE_2.wav,353324,9302ef79740f39b640e18b52139a67664eedd3158dc4c272ffb4a20f30189b44,F05,F,SURPRISE,6,S5,T2,
1607,subesco,F_05_MOUNI_S_5_SURPRISE_3.wav,353324,8881b0a1abf2a6334224e95e653d30002e8b7973b0a7c3ec570bca35e461d0f9,F05,F,SURPRISE,6,S5,T3,
1608,subesco,F_05_MOUNI_S_5_SURPRISE_4.wav,354348,9803008db6fbab66d7a6d7850caa45d578e44749b01ac76e1b1cc4b84fc27fc7,F05,F,SURPRISE,6,S5,T4,
1609,subesco,F_05_MOUNI_S_5_SURPRISE_5.wav,354348,e4991ac59287a35efdb133a40dd4e3afaba129d591be7d2b73d2294de12c5021,F05,F,SURPRISE,6,S5,T5,
1610,subesco,F_05_MOUNI_S_6_ANGRY_1.wav,352300,454987ca86c8c4d5ec1b8a9fb170b82dd579fc2ef71bb8bcd0cc3f9e51167e68,F05,F,ANGRY,0,S6,T1,
1611,subesco,F_05_MOUNI_S_6_ANGRY_2.wav,354348,572305a70eeedbbcf2dfe7f7093321f9d3cc0678019535ca5e775eb43010e117,F05,F,ANGRY,0,S6,T2,
1612,subesco,F_05_MOUNI_S_6_ANGRY_3.wav,354348,c994863040d622cd62915084301bb45ed684bf69c46f110a792502f2735b9951,F05,F,ANGRY,0,S6,T3,
1613,subesco,F_05_MOUNI_S_6_ANGRY_4.wav,353324,7b71e52af2fbf3a2096b3289188855bf13bd6d4d73f30d7e05ea61c13a3732c9,F05,F,ANGRY,0,S6,T4,
1614,subesco,F_05_MOUNI_S_6_ANGRY_5.wav,352300,1ddabd67ea4986ec3d71fb429ee10a5ec2b80d1611d7224ee11139540243c29e,F05,F,ANGRY,0,S6,T5,
1615,subesco,F_05_MOUNI_S_6_DISGUST_1.wav,353324,a76c411ad113b8bbd0ab228369db037a82a1f21e51f2717b12723455c3042b3e,F05,F,DISGUST,1,S6,T1,
1616,subesco,F_05_MOUNI_S_6_DISGUST_2.wav,354348,39b75962aa58a5f27868be8a54f3c705fd17f387c0d37c99a8bca46492b68d30,F05,F,DISGUST,1,S6,T2,
1617,subesco,F_05_MOUNI_S_6_DISGUST_3.wav,354348,7d61c79046fe0060bfc6926bc77d488f98ada25f9c1ac6e37022be0b26d15508,F05,F,DISGUST,1,S6,T3,
1618,subesco,F_05_MOUNI_S_6_DISGUST_4.wav,353324,7b96784fd8be181a2b020ea1e25eca95cb40163bf328437cdf8cd631a689a7af,F05,F,DISGUST,1,S6,T4,
1619,subesco,F_05_MOUNI_S_6_DISGUST_5.wav,353324,2aacf1b40bc832692aba2843f4fc3cadf974a2bf5313d95014a206b61bd32713,F05,F,DISGUST,1,S6,T5,
1620,subesco,F_05_MOUNI_S_6_FEAR_1.wav,354348,1f447a2270d56aa47f9ea0ddbbdc476255a5d9bb8793f506fd7becce17c174d5,F05,F,FEAR,2,S6,T1,
1621,subesco,F_05_MOUNI_S_6_FEAR_2.wav,353324,b6aeb50668b2e58c740063d8b75ebf7de923f7731d52be59de88b2cff324d9fe,F05,F,FEAR,2,S6,T2,
1622,subesco,F_05_MOUNI_S_6_FEAR_3.wav,354348,89a37bdc8e012dce76887aad41708a233c9a0419e86079156ccdd3211b27eb8d,F05,F,FEAR,2,S6,T3,
1623,subesco,F_05_MOUNI_S_6_FEAR_4.wav,353324,41b251a818a51752e20db9af13b6b7259b03597381ff64074e4f86d6cf017194,F05,F,FEAR,2,S6,T4,
1624,subesco,F_05_MOUNI_S_6_FEAR_5.wav,355372,bc8cf893412118b36ce24712b71310c5f5cd45a848e54a174fcdc9d054c17951,F05,F,FEAR,2,S6,T5,
1625,subesco,F_05_MOUNI_S_6_HAPPY_1.wav,353324,5fc9af0ef406fddc264cca77e47acbea6740344fc86062aabee158d77b692ae2,F05,F,HAPPY,3,S6,T1,
1626,subesco,F_05_MOUNI_S_6_HAPPY_2.wav,353324,7b479ad10e78a520538eb9cdce4096e80e25dcf83b91c3d8fd038cf53ceaf22e,F05,F,HAPPY,3,S6,T2,
1627,subesco,F_05_MOUNI_S_6_HAPPY_3.wav,354348,34f446312621198ad60a3fab0da09a8952836a26723b51a30a704e58e1263c28,F05,F,HAPPY,3,S6,T3,
1628,subesco,F_05_MOUNI_S_6_HAPPY_4.wav,354348,1a8b6f1514a1b59ee5d0b6f0b5732c9a4b60a5c2a5ad177af633d5339391ceae,F05,F,HAPPY,3,S6,T4,
1629,subesco,F_05_MOUNI_S_6_HAPPY_5.wav,353324,8de56799bbe30dd4f628d5c9dbd7d6db729f49c8c9711a96b5aa584ef99a6abf,F05,F,HAPPY,3,S6,T5,
1630,subesco,F_05_MOUNI_S_6_NEUTRAL_1.wav,353324,2d4dcbd0481fdbffa350a4f1e73f18533058c48391cdb6d064b5f0122cb58b26,F05,F,NEUTRAL,4,S6,T1,
1631,subesco,F_05_MOUNI_S_6_NEUTRAL_2.wav,353324,7f24a0b031bbd595b9224d10d34a59dd2b23c6090a1bf2234c50793696f1b93e,F05,F,NEUTRAL,4,S6,T2,
1632,subesco,F_05_MOUNI_S_6_NEUTRAL_3.wav,353324,846f2d2615820ef1ed39456aedb58d888adf673dfb1ff16d65feaddeb2838d2d,F05,F,NEUTRAL,4,S6,T3,
1633,subesco,F_05_MOUNI_S_6_NEUTRAL_4.wav,354348,c499633369a6c36f35958f500af9f66deb9cc28ae3b2278cebb8ffc290585289,F05,F,NEUTRAL,4,S6,T4,
1634,subesco,F_05_MOUNI_S_6_NEUTRAL_5.wav,354348,ba0489e2cc555f1ea278c81615311e8e21345090d431fd0057d16d9d0135b115,F05,F,NEUTRAL,4,S6,T5,
1635,subesco,F_05_MOUNI_S_6_SAD_1.wav,353324,f8cd630c0d8c90dd37a971638fc95f96e7b67008ee693ffb8d60570560bac3d7,F05,F,SAD,5,S6,T1,
1636,subesco,F_05_MOUNI_S_6_SAD_2.wav,353324,0f7538340e8d11c47a61a591930d7cc0dfdfb28afb22da55998f68cfcde8b522,F05,F,SAD,5,S6,T2,
1637,subesco,F_05_MOUNI_S_6_SAD_3.wav,353324,52919dca9d9548263968b9e058c4cfddd9785889f85b3109e92cc7c08d1ad1b2,F05,F,SAD,5,S6,T3,
1638,subesco,F_05_MOUNI_S_6_SAD_4.wav,353324,ec88767524d9d65d2bba8467b5ca4a4a9e7522db632217c111013568dc753052,F05,F,SAD,5,S6,T4,
1639,subesco,F_05_MOUNI_S_6_SAD_5.wav,353324,89529e8b635a9e9684535b7aa37799c453bf55ae1f58bf95efdec4fb877ab781,F05,F,SAD,5,S6,T5,
1640,subesco,F_05_MOUNI_S_6_SURPRISE_1.wav,354348,0298daa36c4c887a568efe802c2a588c18cc8b74bdc016ff6358004e112cc4ac,F05,F,SURPRISE,6,S6,T1,
1641,subesco,F_05_MOUNI_S_6_SURPRISE_2.wav,353324,16776fae44af67a3504617b5b1f870a45d749201e4001cb67af97cbb71c128b3,F05,F,SURPRISE,6,S6,T2,
1642,subesco,F_05_MOUNI_S_6_SURPRISE_3.wav,354348,d1f327c9f74acceaf16b2c45e3e7e8e5b485ebf8ab5dc804ee097bced22daade,F05,F,SURPRISE,6,S6,T3,
1643,subesco,F_05_MOUNI_S_6_SURPRISE_4.wav,354348,48c321f279ce7698aa2caebba2602389166829a0add246786a80bb6886e02627,F05,F,SURPRISE,6,S6,T4,
1644,subesco,F_05_MOUNI_S_6_SURPRISE_5.wav,354348,b5fe9b364b21653ec8dd19669772deb8d60b770dd22a41df48ac284c0e3e67ec,F05,F,SURPRISE,6,S6,T5,
1645,subesco,F_05_MOUNI_S_7_ANGRY_1.wav,355884,6ad5928077d6edf8daa49d9bdc49684b81b9114926a15954ce011a37a39dedbb,F05,F,ANGRY,0,S7,T1,
1646,subesco,F_05_MOUNI_S_7_ANGRY_2.wav,353324,83855711cf18fd20979ea8eeeb1907e3f063523f7100677bbc8107670c206e64,F05,F,ANGRY,0,S7,T2,
1647,subesco,F_05_MOUNI_S_7_ANGRY_3.wav,354348,3166a625316544ec4cb288e7abd76670eaf91f1dbcd416ff41056eb8f4fec589,F05,F,ANGRY,0,S7,T3,
1648,subesco,F_05_MOUNI_S_7_ANGRY_4.wav,354348,7e2aa12d84f5a2138f476771d00c8795d458f98563761a69f3c2d2ba24c45d77,F05,F,ANGRY,0,S7,T4,
1649,subesco,F_05_MOUNI_S_7_ANGRY_5.wav,353324,afcba5aa395fee746c51024493112300a437a14980c1e85d6e0a19cd27f59dc5,F05,F,ANGRY,0,S7,T5,
1650,subesco,F_05_MOUNI_S_7_DISGUST_1.wav,352300,4c44f75cf09f196921e7cb6d780148c84727d7ea9964c2be9c15df76897e73c5,F05,F,DISGUST,1,S7,T1,
1651,subesco,F_05_MOUNI_S_7_DISGUST_2.wav,352300,bcb0f1391a9e6a5f3f1fedba2620949fd820e3fe80f30bca9a2902c829cc6e80,F05,F,DISGUST,1,S7,T2,
1652,subesco,F_05_MOUNI_S_7_DISGUST_3.wav,354348,9a7de15f742ef7056d983d43b465d702883368ee10f83e94e1e43fbef50b3185,F05,F,DISGUST,1,S7,T3,
1653,subesco,F_05_MOUNI_S_7_DISGUST_4.wav,353324,c0633f697e953475fb7f637d44e3baaba9532f97c6108bd299d10cada04225d1,F05,F,DISGUST,1,S7,T4,
1654,subesco,F_05_MOUNI_S_7_DISGUST_5.wav,354348,e88eb1967739e0a5397723a391ca0c5d1f57cf320d2da82f8b400e970d347686,F05,F,DISGUST,1,S7,T5,
1655,subesco,F_05_MOUNI_S_7_FEAR_1.wav,353324,033209ceb1f16df763ec505d6de1f66a81f808262f50a9bc9ee7ffbdafb1d7dc,F05,F,FEAR,2,S7,T1,
1656,subesco,F_05_MOUNI_S_7_FEAR_2.wav,354348,12f56e8e9db35f104d4ed871140c6e3c05691968380cb04bbfef84aac40f153c,F05,F,FEAR,2,S7,T2,
1657,subesco,F_05_MOUNI_S_7_FEAR_3.wav,354348,dfdb14468abb9f0b7bc37f5e0c29a7fb10f15793949c977aa0124a828215c085,F05,F,FEAR,2,S7,T3,
1658,subesco,F_05_MOUNI_S_7_FEAR_4.wav,354348,687f4b9b82796071068c806d739971ab3918e6210c9bb4d7dd6c3b44f4353b66,F05,F,FEAR,2,S7,T4,
1659,subesco,F_05_MOUNI_S_7_FEAR_5.wav,353324,0e22f0bda0773a79a9d6223f7bf814fccde5a51513cc0d459d89a0b2077fa43d,F05,F,FEAR,2,S7,T5,
1660,subesco,F_05_MOUNI_S_7_HAPPY_1.wav,354348,ec0774aecf33aa3229fc4de54d37df4f7b7bd19bc5d1cf637d88483c84c4e9f3,F05,F,HAPPY,3,S7,T1,
1661,subesco,F_05_MOUNI_S_7_HAPPY_2.wav,355372,c96064e0eb70147bdaedb47fb74dd10bb1a210093cd75e28866de152b5adecbb,F05,F,HAPPY,3,S7,T2,
1662,subesco,F_05_MOUNI_S_7_HAPPY_3.wav,354348,055301be4f49af03ecc7103512e46b6b33a1370e7cdf186c49dc1e38c997db3a,F05,F,HAPPY,3,S7,T3,
1663,subesco,F_05_MOUNI_S_7_HAPPY_4.wav,353324,f43bc40a6136bbc79b2e27254875bbeca60e9ac1b65a1d0747ce47fa32e89bdd,F05,F,HAPPY,3,S7,T4,
1664,subesco,F_05_MOUNI_S_7_HAPPY_5.wav,354348,e6817141c08c7c1c83b137cb82d47cb0472a6862c44f3a01d3ae387c1024f435,F05,F,HAPPY,3,S7,T5,
1665,subesco,F_05_MOUNI_S_7_NEUTRAL_1.wav,354348,8d071da831b3d07ddc750e22d297178c4fb721e9890a900e751a2e845a08f15a,F05,F,NEUTRAL,4,S7,T1,
1666,subesco,F_05_MOUNI_S_7_NEUTRAL_2.wav,354348,f1a7936679678429968fccc61ac07a4bc04a3891e69424e8e1296baba8ca4e6c,F05,F,NEUTRAL,4,S7,T2,
1667,subesco,F_05_MOUNI_S_7_NEUTRAL_3.wav,353324,ef57fa474e66376376a4d4a5ee5ae85c8c4c20636502c7e4a688329edba9e3a0,F05,F,NEUTRAL,4,S7,T3,
1668,subesco,F_05_MOUNI_S_7_NEUTRAL_4.wav,354348,6405c1f23493110e5b91a40251d70965e69f2c03bf2df109291f4dea9942149f,F05,F,NEUTRAL,4,S7,T4,
1669,subesco,F_05_MOUNI_S_7_NEUTRAL_5.wav,354348,3bda8b38ddd6f615a21c3fed77aa62c41fb1dc35a7aff675b1ba3fad1a7cbade,F05,F,NEUTRAL,4,S7,T5,
1670,subesco,F_05_MOUNI_S_7_SAD_1.wav,353324,5c3fc04be69649631a1ffbecca96a5b5a594806c82299b015825cf5cd6f29160,F05,F,SAD,5,S7,T1,
1671,subesco,F_05_MOUNI_S_7_SAD_2.wav,354348,8313845fed10830ad68f962a56133a10acbe63b312fa3343fc9783cf9eafaa29,F05,F,SAD,5,S7,T2,
1672,subesco,F_05_MOUNI_S_7_SAD_3.wav,353324,c1bdaadfabeeba10582d3e77aeacf7f1fce12cfde3f516986b3d24dda1b7ed0b,F05,F,SAD,5,S7,T3,
1673,subesco,F_05_MOUNI_S_7_SAD_4.wav,353324,eb930eb44383267a68d16772f84f6f7ac8911d6da603a03fc807377fa2c37a62,F05,F,SAD,5,S7,T4,
1674,subesco,F_05_MOUNI_S_7_SAD_5.wav,354348,57da36beed1affaef75e9c5307ce43dc1704bbe44858e5263e7875f10d4b1477,F05,F,SAD,5,S7,T5,
1675,subesco,F_05_MOUNI_S_7_SURPRISE_1.wav,353324,022dbf0d9bec4d441a4c2d14ff2f1d884576192cb3c3d5a6b36164e833205bed,F05,F,SURPRISE,6,S7,T1,
1676,subesco,F_05_MOUNI_S_7_SURPRISE_2.wav,355372,ec105c2f5eeeeda7c05d78511d3ee44df81efac9a9ad4f958ecd868f56fd35f2,F05,F,SURPRISE,6,S7,T2,
1677,subesco,F_05_MOUNI_S_7_SURPRISE_3.wav,353324,904a9810d1610cff7ec383c8a17793ebf1dbbd39df6603495e738e7c4bc7fc09,F05,F,SURPRISE,6,S7,T3,
1678,subesco,F_05_MOUNI_S_7_SURPRISE_4.wav,353324,5dbe2f9ae3c99c1639880d9fb7a69e97675442ebfafcf188958012ea324ad434,F05,F,SURPRISE,6,S7,T4,
1679,subesco,F_05_MOUNI_S_7_SURPRISE_5.wav,353324,1eb0e385477e4e4d7fe1ef42dcfa9223408976f11e95f44edb4ad7fb68c9a33b,F05,F,SURPRISE,6,S7,T5,
1680,subesco,F_05_MOUNI_S_8_ANGRY_1.wav,354348,1f01a0564ddc6ae8e5e2899e12259ac3f9b4dd8ef12f00720815ebb10efc4ab9,F05,F,ANGRY,0,S8,T1,
1681,subesco,F_05_MOUNI_S_8_ANGRY_2.wav,354348,d5f072c0667b930bb522fcc1a7b2f31980caec5eae032b77af8234dc9fe10158,F05,F,ANGRY,0,S8,T2,
1682,subesco,F_05_MOUNI_S_8_ANGRY_3.wav,354348,44d062127a3e388ed12de17afd1313d87da567a86f673fc5258607f78f078179,F05,F,ANGRY,0,S8,T3,
1683,subesco,F_05_MOUNI_S_8_ANGRY_4.wav,354348,912859d6bef834b8801891efd40dc385029ce49ef964e58bdc85cb18913c0880,F05,F,ANGRY,0,S8,T4,
1684,subesco,F_05_MOUNI_S_8_ANGRY_5.wav,353324,de6271deca57c92fd7bb391b63d3de60eae4a53800fd27cd3f6f1b49889e91d6,F05,F,ANGRY,0,S8,T5,
1685,subesco,F_05_MOUNI_S_8_DISGUST_1.wav,354348,a8333f36a8a10007247aede0ef8fb7fc5aeca3a57d6a9f6597a2721515776fcf,F05,F,DISGUST,1,S8,T1,
1686,subesco,F_05_MOUNI_S_8_DISGUST_2.wav,354348,6efeec4e9f2d53d8948d4deb66122fa20ee9e669301916717ce21518a0f694f4,F05,F,DISGUST,1,S8,T2,
1687,subesco,F_05_MOUNI_S_8_DISGUST_3.wav,355372,278c8a6ed318e774ee38940f27e2dd21c1b8aec37fdd8b24ba86db19208d14a8,F05,F,DISGUST,1,S8,T3,
1688,subesco,F_05_MOUNI_S_8_DISGUST_4.wav,354348,3359bde2cf6b2363b11cf3f64cafaa7b58c0f1a392e5b18ac0e238646cc3227d,F05,F,DISGUST,1,S8,T4,
1689,subesco,F_05_MOUNI_S_8_DISGUST_5.wav,352300,849b3f745ed1915da0e9fd6db5811c07dbbf6442ebc5373344924113371dd254,F05,F,DISGUST,1,S8,T5,
1690,subesco,F_05_MOUNI_S_8_FEAR_1.wav,354348,c9b7dba906ceb96e6faae8af16a6c2bcd7bb635d42b27dbc3b23e985a08c7ea9,F05,F,FEAR,2,S8,T1,
1691,subesco,F_05_MOUNI_S_8_FEAR_2.wav,353324,497c7b01a17d0b91547d4f6dcf6f190ef27fcb94a7524de1f2cba8a62fa0f667,F05,F,FEAR,2,S8,T2,
1692,subesco,F_05_MOUNI_S_8_FEAR_3.wav,353324,0371b2be3d815b3af8572f5dbc0cdf716d8f5a8c6a80c71e8b5bb8a21135b1a2,F05,F,FEAR,2,S8,T3,
1693,subesco,F_05_MOUNI_S_8_FEAR_4.wav,354348,ed52eb9bb22800d756f80e8818d8959eff83c836f478faa1f13bd873290a5315,F05,F,FEAR,2,S8,T4,
1694,subesco,F_05_MOUNI_S_8_FEAR_5.wav,354348,67ac9c1a51dd466dc4d5adfa0a828c0c59c4a44384654b5125154c4b38aae830,F05,F,FEAR,2,S8,T5,
1695,subesco,F_05_MOUNI_S_8_HAPPY_1.wav,353324,9422173bb7bca4d0a16f39e13a0c936fc3cca109a39992c475685558d052884e,F05,F,HAPPY,3,S8,T1,
1696,subesco,F_05_MOUNI_S_8_HAPPY_2.wav,352300,2ef7dfe9630aea729f522930f2f15b662f2410845db8c1253af7ef24287d67ee,F05,F,HAPPY,3,S8,T2,
1697,subesco,F_05_MOUNI_S_8_HAPPY_3.wav,353324,5c41376a41bbdb7509fc79fc133a7e7c90e1702ba04ad1a864f3f5cb56d63685,F05,F,HAPPY,3,S8,T3,
1698,subesco,F_05_MOUNI_S_8_HAPPY_4.wav,354348,df3a60c80f0d5516112fe43f4f2a55c1aa9398d185d8ea3bef46d6553a93001a,F05,F,HAPPY,3,S8,T4,
1699,subesco,F_05_MOUNI_S_8_HAPPY_5.wav,353324,f6114e5b9632fe4df4983c4f4eead1744c688a5ff7a2fc5ed547f08ef96723f7,F05,F,HAPPY,3,S8,T5,
1700,subesco,F_05_MOUNI_S_8_NEUTRAL_1.wav,353324,23e060d99155d75b3a00d57dd6c3403e3f94710e9dfd193ba688778558a4e0bd,F05,F,NEUTRAL,4,S8,T1,
1701,subesco,F_05_MOUNI_S_8_NEUTRAL_2.wav,351788,92a07d1cba936f1213c3f8be4a1f7d2232a6f252b417341d756d774519aecf8e,F05,F,NEUTRAL,4,S8,T2,
1702,subesco,F_05_MOUNI_S_8_NEUTRAL_3.wav,354348,204cea65a5fd84bf69631dfc3afc853c4d238bb9826b4616e4ee45552ded4c3a,F05,F,NEUTRAL,4,S8,T3,
1703,subesco,F_05_MOUNI_S_8_NEUTRAL_4.wav,352300,316f22984fcf744d1a18cf120fea79ecaece846218485dcba01b088bf7337c91,F05,F,NEUTRAL,4,S8,T4,
1704,subesco,F_05_MOUNI_S_8_NEUTRAL_5.wav,354348,c35c179e2fb35b484de279c3fd0bb55ec6232c981c3756917ebd65afe5385b60,F05,F,NEUTRAL,4,S8,T5,
1705,subesco,F_05_MOUNI_S_8_SAD_1.wav,353324,9320ac8056f9ce0ec053fb99e6d751fd55136f226c3e5876095faca540d26deb,F05,F,SAD,5,S8,T1,
1706,subesco,F_05_MOUNI_S_8_SAD_2.wav,353324,d4c6f259006f5c01ad8cdbe2f3df16f5b9540296b198547d4ace0cd8a908c766,F05,F,SAD,5,S8,T2,
1707,subesco,F_05_MOUNI_S_8_SAD_3.wav,354348,8afa68965685eaf4684bd416f28c58d5faf76a8e0e463dd829cb277b9f8b42d7,F05,F,SAD,5,S8,T3,
1708,subesco,F_05_MOUNI_S_8_SAD_4.wav,353324,c8e8108dcc48b6c2f1940b8a91cdafb4809c932ed511c81b8e8c9fdfd02234df,F05,F,SAD,5,S8,T4,
1709,subesco,F_05_MOUNI_S_8_SAD_5.wav,355372,f399976b51953a916bbb88810df151cded6b859ff3771bbbe35e68088d41b857,F05,F,SAD,5,S8,T5,
1710,subesco,F_05_MOUNI_S_8_SURPRISE_1.wav,353324,e0890db496f25794eea147de9ee2eb5658cb99d37bf717620f95b49e9f851dc4,F05,F,SURPRISE,6,S8,T1,
1711,subesco,F_05_MOUNI_S_8_SURPRISE_2.wav,354348,ec910da49f8eac459447e0a475d976aa506caf989c029bd6cd04cda208afd6b2,F05,F,SURPRISE,6,S8,T2,
1712,subesco,F_05_MOUNI_S_8_SURPRISE_3.wav,353324,430a3f3aebb3b4ccf29bca3c669183933abb8899862f5dfc87758204e899ce2a,F05,F,SURPRISE,6,S8,T3,
1713,subesco,F_05_MOUNI_S_8_SURPRISE_4.wav,353324,dac61eea168c0e06d46b3ddbca84d2c94fc97bbe134cd6049540748fc63e81b0,F05,F,SURPRISE,6,S8,T4,
1714,subesco,F_05_MOUNI_S_8_SURPRISE_5.wav,354348,e04a0799fa45d78104527707a855d7de560a5676fe68fe7752e133ebede85c5c,F05,F,SURPRISE,6,S8,T5,
1715,subesco,F_05_MOUNI_S_9_ANGRY_1.wav,354348,10136a0b80d08fcd9e07a3362b82839a8050d072b22907b11067b4b11531280d,F05,F,ANGRY,0,S9,T1,
1716,subesco,F_05_MOUNI_S_9_ANGRY_2.wav,353324,97bff4faf1ea07fe526d787b1bc4baa4b373419cca3aa5052a6a41d3e44eb523,F05,F,ANGRY,0,S9,T2,
1717,subesco,F_05_MOUNI_S_9_ANGRY_3.wav,354348,8cbd8b188eb5f9eff28cfea7b1db2b1c6dec3888393386672cf555871bfb7344,F05,F,ANGRY,0,S9,T3,
1718,subesco,F_05_MOUNI_S_9_ANGRY_4.wav,354348,fcdb9f31e9db26862c252516c7ad92fa41732e04cf5bba7fbbffc8e3f5c342c4,F05,F,ANGRY,0,S9,T4,
1719,subesco,F_05_MOUNI_S_9_ANGRY_5.wav,354348,023c4c39264fbb0f91ea75f7afa642c7fa71257cf6e67e0e0672aec738e83d4b,F05,F,ANGRY,0,S9,T5,
1720,subesco,F_05_MOUNI_S_9_DISGUST_1.wav,354348,b5cefe6b7b1e2c2cd92d62a167dff7966072040b4f76c05b7c772d32e60d4213,F05,F,DISGUST,1,S9,T1,
1721,subesco,F_05_MOUNI_S_9_DISGUST_2.wav,354348,99783fc1c4392cebddeb508bd638154ae83d55c1c71b2da36c54c8829a14c997,F05,F,DISGUST,1,S9,T2,
1722,subesco,F_05_MOUNI_S_9_DISGUST_3.wav,353324,a6f1231fdedb8b1b3770643fb85c6f972f764dc17e968f32770fa63ee42afd7b,F05,F,DISGUST,1,S9,T3,
1723,subesco,F_05_MOUNI_S_9_DISGUST_4.wav,353324,a6b08cb15bbce510c735cf6b857448956019eb78c0d14931bf012814ebce7e6c,F05,F,DISGUST,1,S9,T4,
1724,subesco,F_05_MOUNI_S_9_DISGUST_5.wav,352300,929eb339e57d54f62e26a1c77975a575879f1530d9af63bdc226e0a855f251f9,F05,F,DISGUST,1,S9,T5,
1725,subesco,F_05_MOUNI_S_9_FEAR_1.wav,354348,083b42c4574e892fea220f28d0383b1296ac19f27e4194114ed002db6925898d,F05,F,FEAR,2,S9,T1,
1726,subesco,F_05_MOUNI_S_9_FEAR_2.wav,355372,6b1759d89f07b5dc89a889ac2d6c7e552a6dfd1d04d660e2d4d5b078c2d38455,F05,F,FEAR,2,S9,T2,
1727,subesco,F_05_MOUNI_S_9_FEAR_3.wav,353324,5678f2bb8baf44ddaa3fdb5376785404ff6e5aaac441c4f906972cf73132dc45,F05,F,FEAR,2,S9,T3,
1728,subesco,F_05_MOUNI_S_9_FEAR_4.wav,354348,a9f67a3025b31f4b1201bc346ed7a4957e4f8d87e6bd1fb981f763029dab57b0,F05,F,FEAR,2,S9,T4,
1729,subesco,F_05_MOUNI_S_9_FEAR_5.wav,353324,553487e641a8d0b47205c2afbfae6e862301e6a9d86c458c51c2c39da62cb003,F05,F,FEAR,2,S9,T5,
1730,subesco,F_05_MOUNI_S_9_HAPPY_1.wav,354348,9a58b244a5ec4c36abe9256410385fd371c55a0beab4c3fa428198857b0d2314,F05,F,HAPPY,3,S9,T1,
1731,subesco,F_05_MOUNI_S_9_HAPPY_2.wav,353324,578e056985e9e8ba56b9da133a2b3b16ae00ea3df07c2af1d056053dc2746865,F05,F,HAPPY,3,S9,T2,
1732,subesco,F_05_MOUNI_S_9_HAPPY_3.wav,354348,93ffad5e0cc7f6b58da8a5bddae35263f6d87f932b38a3195efe658d75009996,F05,F,HAPPY,3,S9,T3,
1733,subesco,F_05_MOUNI_S_9_HAPPY_4.wav,353324,a0a706c873e8f0c22505faab9b66c18013357ba28644d32afca44fecd6edf332,F05,F,HAPPY,3,S9,T4,
1734,subesco,F_05_MOUNI_S_9_HAPPY_5.wav,353324,e09cfd3338169e4fb51af1736d725265863bfdb62376aaf8390331fa17fbfde8,F05,F,HAPPY,3,S9,T5,
1735,subesco,F_05_MOUNI_S_9_NEUTRAL_1.wav,354348,de0d37aafc7e8e43d39745fe9b78323b9d7243fc911c738b655b4d097cb77078,F05,F,NEUTRAL,4,S9,T1,
1736,subesco,F_05_MOUNI_S_9_NEUTRAL_2.wav,353324,9bf7a3c264a75379a1a8beee00fe8cd15e1f717be4bae78d466ad75553144928,F05,F,NEUTRAL,4,S9,T2,
1737,subesco,F_05_MOUNI_S_9_NEUTRAL_3.wav,354348,a14f33ede201b0b042067a9d912311c77c9a5ac44f0cfa052f7f8bb9196f9bdc,F05,F,NEUTRAL,4,S9,T3,
1738,subesco,F_05_MOUNI_S_9_NEUTRAL_4.wav,353324,52734f88d68b80222e3932f21276a9dce84c2b7695936b5cfc36fcdf002e8adc,F05,F,NEUTRAL,4,S9,T4,
1739,subesco,F_05_MOUNI_S_9_NEUTRAL_5.wav,354348,02cff7437083a5f620964bd78b317548ed51b776d721ed63a96ca489455cafb8,F05,F,NEUTRAL,4,S9,T5,
1740,subesco,F_05_MOUNI_S_9_SAD_1.wav,354348,3664f2ea09ea2d60b52ee2406d987ba95bad20e406fb052fa156febf36b51f16,F05,F,SAD,5,S9,T1,
1741,subesco,F_05_MOUNI_S_9_SAD_2.wav,353324,cab05a7c1149c55d0c30fa8482fb7ed03c9b550a4e50b28a5f3bcbcd26232208,F05,F,SAD,5,S9,T2,
1742,subesco,F_05_MOUNI_S_9_SAD_3.wav,354348,3c7029792a47e353fcf18b4f342f331d39bc243b5c5c65e840bfc54947e04825,F05,F,SAD,5,S9,T3,
1743,subesco,F_05_MOUNI_S_9_SAD_4.wav,354348,c8ec3ea627b0fed5f699c5a9d141195db0b4aabdadd0e9ac8871aa1c248eb889,F05,F,SAD,5,S9,T4,
1744,subesco,F_05_MOUNI_S_9_SAD_5.wav,354348,fa494e4567382d03d4ce55b089b94a6f1f94c045826018e13ab6062bb05ee8e6,F05,F,SAD,5,S9,T5,
1745,subesco,F_05_MOUNI_S_9_SURPRISE_1.wav,354348,787c620c9830d6f3c518e8f1fcbe4a175e09608559290ba03cceedee9f4c9169,F05,F,SURPRISE,6,S9,T1,
1746,subesco,F_05_MOUNI_S_9_SURPRISE_2.wav,354348,148c295f8aa87a1172227794574f2c5920d0da1a9e1483367e2cdba24c20bb86,F05,F,SURPRISE,6,S9,T2,
1747,subesco,F_05_MOUNI_S_9_SURPRISE_3.wav,354348,fad899a3f27082f2fa69fe93324b14127675c557d1ecfc3c6b3c365c7221ea3d,F05,F,SURPRISE,6,S9,T3,
1748,subesco,F_05_MOUNI_S_9_SURPRISE_4.wav,354348,6c566ba4f9af9b40f936dc2a5d2d722ee7c89e47a1eeb0a5e1e5956f894c7d4e,F05,F,SURPRISE,6,S9,T4,
1749,subesco,F_05_MOUNI_S_9_SURPRISE_5.wav,353324,e8adcbaab9f23a3ee2f9fcaff2dd779aec1644f437ae42010478e94598009b50,F05,F,SURPRISE,6,S9,T5,
1750,subesco,F_06_SIMI_S_10_ANGRY_1.wav,385682,12df2966d3695e92b3ff684985fcba9a6f680dd496c45a410f98c72ae489aafd,F06,F,ANGRY,0,S10,T1,
1751,subesco,F_06_SIMI_S_10_ANGRY_2.wav,386796,f115859bf56a6d82b25838f54cdf92f03bd8179aa4e112604254799eaa215523,F06,F,ANGRY,0,S10,T2,
1752,subesco,F_06_SIMI_S_10_ANGRY_3.wav,386796,ee2eb7b2b41dc626d5eb787c6071db115a1e045cae3436a60a2b0d714fd45cd5,F06,F,ANGRY,0,S10,T3,
1753,subesco,F_06_SIMI_S_10_ANGRY_4.wav,384566,15a85da11449f7ea1faad7110c22625d6579be3683bb84d73e89c0b0f55de2e2,F06,F,ANGRY,0,S10,T4,
1754,subesco,F_06_SIMI_S_10_ANGRY_5.wav,386796,ede97e8c50c430243f9246f0be85c32753de5939b07292988ecc6712ecb45b3b,F06,F,ANGRY,0,S10,T5,
1755,subesco,F_06_SIMI_S_10_DISGUST_1.wav,385682,4d58682a296ffe7eb626e8ae60f9804cb934215cb6065dbb77c48fae24465bba,F06,F,DISGUST,1,S10,T1,
1756,subesco,F_06_SIMI_S_10_DISGUST_2.wav,386796,59a917ca36d96c3b3e1b76ca2aa2c147e494c68124171971f8890fd9ceebb90e,F06,F,DISGUST,1,S10,T2,
1757,subesco,F_06_SIMI_S_10_DISGUST_3.wav,384566,7741ead429fccb594a37407a432d7a8e9c500dd3db851ed13d3791380c89e264,F06,F,DISGUST,1,S10,T3,
1758,subesco,F_06_SIMI_S_10_DISGUST_4.wav,385682,6dbb8ba3c8871afdbf911d36ed02b292c372d5364e0bc4289bad59a79f12473c,F06,F,DISGUST,1,S10,T4,
1759,subesco,F_06_SIMI_S_10_DISGUST_5.wav,385682,c4d6026ea0f698b05e356d23322c9cb2389e79ca3f6740ec97a0153d07df7372,F06,F,DISGUST,1,S10,T5,
1760,subesco,F_06_SIMI_S_10_FEAR_1.wav,387910,8eaaba0401b206027dd98433e7cc84d8503de5d1a27738416c315919d24c6864,F06,F,FEAR,2,S10,T1,
1761,subesco,F_06_SIMI_S_10_FEAR_2.wav,385682,8d26da01dd43946220bd076ecfa977799e42fee7480b20615c68e27b1d58b96d,F06,F,FEAR,2,S10,T2,
1762,subesco,F_06_SIMI_S_10_FEAR_3.wav,387910,625b8cc01fdc5ff4c62f8b4867b2f3072365802e97c2e34f0afb9cf2bb44ce14,F06,F,FEAR,2,S10,T3,
1763,subesco,F_06_SIMI_S_10_FEAR_4.wav,384566,70989b236c56579b7f9a0b6aec774ce20ddcd67ea6a5afe54b4a8b0098128b4f,F06,F,FEAR,2,S10,T4,
1764,subesco,F_06_SIMI_S_10_FEAR_5.wav,386796,fe8d2c23b50fbb29abb2b6dbdfad431215e5243261bb91fafba5c8fb8a7030bf,F06,F,FEAR,2,S10,T5,
1765,subesco,F_06_SIMI_S_10_HAPPY_1.wav,384566,da0bb0c2ce7c56c3aa03652ec974bc9eb7237d184eb6ab8586007f7cc9e1ac46,F06,F,HAPPY,3,S10,T1,
1766,subesco,F_06_SIMI_S_10_HAPPY_2.wav,386796,47982aed71c6fd86b9c1c51c2a3056feb764f9d045f3abee9195805e91d04144,F06,F,HAPPY,3,S10,T2,
1767,subesco,F_06_SIMI_S_10_HAPPY_3.wav,384566,25c449681b3e56a717099b8a65f16994442bb8f2ece087a3ec8969e3bc0ebf7b,F06,F,HAPPY,3,S10,T3,
1768,subesco,F_06_SIMI_S_10_HAPPY_4.wav,384566,197759f4ea41278601aff062d5ba0b6c3961605b19e7d45eaaf570cd7ea3673b,F06,F,HAPPY,3,S10,T4,
1769,subesco,F_06_SIMI_S_10_HAPPY_5.wav,386796,f945b8b265a9403b99468ed3f4e61859ad3de18e5126b3159b97d437165eaa44,F06,F,HAPPY,3,S10,T5,
1770,subesco,F_06_SIMI_S_10_NEUTRAL_1.wav,386796,83d5c56c769df96a8efc48cd319a6f3f9d10c4bfc00a1ae71e5fc08a780a077b,F06,F,NEUTRAL,4,S10,T1,
1771,subesco,F_06_SIMI_S_10_NEUTRAL_2.wav,386796,94575bd07f308853ad9bb5aad45e101812c5ef4f6539d5a1984059a84ae19849,F06,F,NEUTRAL,4,S10,T2,
1772,subesco,F_06_SIMI_S_10_NEUTRAL_3.wav,384566,b22ca6bb8df81624fb71168d1aca5e265e60deef529dd3870410cac00d0667a7,F06,F,NEUTRAL,4,S10,T3,
1773,subesco,F_06_SIMI_S_10_NEUTRAL_4.wav,386796,aba81d1c0d6529ec3fa0f4eacef8f8820d2a3f2623e5a0b41bfa65df8b0cb53c,F06,F,NEUTRAL,4,S10,T4,
1774,subesco,F_06_SIMI_S_10_NEUTRAL_5.wav,386796,1721086cdaa66d91a0c0b9717173b49228fa70927e28aa31d40f121971337d33,F06,F,NEUTRAL,4,S10,T5,
1775,subesco,F_06_SIMI_S_10_SAD_1.wav,387910,c759954854044a7e486079cfffb3d4f6527ed4dc821320eccd6dd33c6f90b880,F06,F,SAD,5,S10,T1,
1776,subesco,F_06_SIMI_S_10_SAD_2.wav,386796,0849a11831f4407fd95adb704b38a8245f85955fafd1a282ca8eea914e6b9675,F06,F,SAD,5,S10,T2,
1777,subesco,F_06_SIMI_S_10_SAD_3.wav,385682,c89e8ab33a5a95b93f359c7e9205ea2fa9254740dba341ce744097bd0026df7f,F06,F,SAD,5,S10,T3,
1778,subesco,F_06_SIMI_S_10_SAD_4.wav,386796,cc5081190a6142082e4df40e9cd388dc6d95eb402e52dee130ce0dd63021a629,F06,F,SAD,5,S10,T4,
1779,subesco,F_06_SIMI_S_10_SAD_5.wav,384566,a9eb904d758d15b1693ac8fa4e183ee95d6b49a982b6d549532a4b39fc70c5fd,F06,F,SAD,5,S10,T5,
1780,subesco,F_06_SIMI_S_10_SURPRISE_1.wav,385682,2a87e41b2171400b5d117d072c83ef6a4400687dcd9bf7ec1e8e0be6fd20c6c5,F06,F,SURPRISE,6,S10,T1,
1781,subesco,F_06_SIMI_S_10_SURPRISE_2.wav,385682,cef1aa2e420acba5cf8408de7451b78f67ce889d9ae0c2cb7c04a52797d3b08c,F06,F,SURPRISE,6,S10,T2,
1782,subesco,F_06_SIMI_S_10_SURPRISE_3.wav,387910,5940aa56c6b02190bf605e8596354e9e416773158d5faa82a9cd640c5a3afa50,F06,F,SURPRISE,6,S10,T3,
1783,subesco,F_06_SIMI_S_10_SURPRISE_4.wav,387910,daf9dfe6132beeb703831538a223c56d9c56cad4ab7e098764283a1e96b70068,F06,F,SURPRISE,6,S10,T4,
1784,subesco,F_06_SIMI_S_10_SURPRISE_5.wav,386796,52cf2d54406ddfa4996f1379d30c97da7f45f4b9e58f7f2c7b86276f3ce49ed7,F06,F,SURPRISE,6,S10,T5,
1785,subesco,F_06_SIMI_S_1_ANGRY_1.wav,385682,11bbf3eadd5fe7fdda78041fff7f4e91d12fb12e1db30fa8d6191d686f7c4288,F06,F,ANGRY,0,S1,T1,
1786,subesco,F_06_SIMI_S_1_ANGRY_2.wav,386796,bd6fe3a00a218b6fd161e7d7b0e17ccb711c122e60e2272e01393ff4ccd2885d,F06,F,ANGRY,0,S1,T2,
1787,subesco,F_06_SIMI_S_1_ANGRY_3.wav,385682,092d22dcaf1f2ed13f6e9b21d2e172796e460efbdaf802715c3664fb172138b2,F06,F,ANGRY,0,S1,T3,
1788,subesco,F_06_SIMI_S_1_ANGRY_4.wav,385682,59b1000ed99ea841684c77ec20d69070af24b49ee9c3685ddea50b86134dfddd,F06,F,ANGRY,0,S1,T4,
1789,subesco,F_06_SIMI_S_1_ANGRY_5.wav,386796,4d2d7c92c2b4247cea8610b137419938c4726b71c2e604d669640d2906463e24,F06,F,ANGRY,0,S1,T5,
1790,subesco,F_06_SIMI_S_1_DISGUST_1.wav,385682,b56b96124c395ca4a9ba9b4864a56ded687fb52ec5664c0f40f1e6a1a6df2a0e,F06,F,DISGUST,1,S1,T1,
1791,subesco,F_06_SIMI_S_1_DISGUST_2.wav,386796,423eb7e7b86d5982e7d00278264491975004d612fa21478ffe5fc0544c64cc4d,F06,F,DISGUST,1,S1,T2,
1792,subesco,F_06_SIMI_S_1_DISGUST_3.wav,386796,75e88fc2189e8da8e13e13f7dca5558b580f73bd6ae083c1f381be27e57f150a,F06,F,DISGUST,1,S1,T3,
1793,subesco,F_06_SIMI_S_1_DISGUST_4.wav,386796,1c3c6bf519507263b56be695d25e2a3abe56c5b06b682f67af25ed37d3ef4a07,F06,F,DISGUST,1,S1,T4,
1794,subesco,F_06_SIMI_S_1_DISGUST_5.wav,384566,8fcc610f18609183bcc3d348e84ee43c20aabb497c36130cc7f5f7830b7b0cf4,F06,F,DISGUST,1,S1,T5,
1795,subesco,F_06_SIMI_S_1_FEAR_1.wav,576270,a7b5893f07e7b47cfd92b333029b115d842fd7a45400a79f3459b7892a8f309d,F06,F,FEAR,2,S1,T1,
1796,subesco,F_06_SIMI_S_1_FEAR_2.wav,578500,825c21e51c68178a209a18825fe353eb81a78320f7fb2e5b0343e4c4feb5cd8e,F06,F,FEAR,2,S1,T2,
1797,subesco,F_06_SIMI_S_1_FEAR_3.wav,578500,69bd5f9f75dc04c98f0a0ee56bb9cd0cb2c6a70d01300bc1ba817702dd1040fd,F06,F,FEAR,2,S1,T3,
1798,subesco,F_06_SIMI_S_1_FEAR_4.wav,577384,e436b6dd46fc0f4c178e9b2aba4660b09977ee41d3b6482c4135994c26e80889,F06,F,FEAR,2,S1,T4,
1799,subesco,F_06_SIMI_S_1_FEAR_5.wav,576270,2d046b2b8698dce5dbb05b03f812ef860cccd3dd0402ba8daa53d0991a74b982,F06,F,FEAR,2,S1,T5,
1800,subesco,F_06_SIMI_S_1_HAPPY_1.wav,386796,e2e67ef35b7a41a2505718f2c90ad60577b69b8dd0474b6419fda497a763378f,F06,F,HAPPY,3,S1,T1,
1801,subesco,F_06_SIMI_S_1_HAPPY_2.wav,386796,6937eee4e32f49f046e6fe2e23b2a60969a78c96e14b72f9963267722368297a,F06,F,HAPPY,3,S1,T2,
1802,subesco,F_06_SIMI_S_1_HAPPY_3.wav,385682,868120f1fc885e7560427bdf32358601e35eaa2652e13483b3403a66447c30fe,F06,F,HAPPY,3,S1,T3,
1803,subesco,F_06_SIMI_S_1_HAPPY_4.wav,386796,e20118f15195080f765750f56f21ca63a71507b1eb848ec595dad05d6c4be726,F06,F,HAPPY,3,S1,T4,
1804,subesco,F_06_SIMI_S_1_HAPPY_5.wav,385682,7aeaa2721953bc76ad94588d6554da7d60ee25053b15cd6fc9fad82bd2ac2aa0,F06,F,HAPPY,3,S1,T5,
1805,subesco,F_06_SIMI_S_1_NEUTRAL_1.wav,386796,49c8488752a4d314f13615dd5b6dd4a06adccba959a87f0c94db4e156bb13114,F06,F,NEUTRAL,4,S1,T1,
1806,subesco,F_06_SIMI_S_1_NEUTRAL_2.wav,385682,1df4b3ddf693da26809b700abd10cbca7b178400d1364788c6864806f3b7401f,F06,F,NEUTRAL,4,S1,T2,
1807,subesco,F_06_SIMI_S_1_NEUTRAL_3.wav,386796,ff86b5ed6b8c799f52e7ea8a32c2b08c5949d71c55b834c84f54588400a16c35,F06,F,NEUTRAL,4,S1,T3,
1808,subesco,F_06_SIMI_S_1_NEUTRAL_4.wav,385682,0a48e97f70fa234b678a28878943d5d2832d1f19aeaeabdda24a9e930f450b61,F06,F,NEUTRAL,4,S1,T4,
1809,subesco,F_06_SIMI_S_1_NEUTRAL_5.wav,385682,026ec7c2d6956721e753a64469e3eb478fc051cc7946ceb173ea507360223920,F06,F,NEUTRAL,4,S1,T5,
1810,subesco,F_06_SIMI_S_1_SAD_1.wav,385682,382fdcd114f2b906634bdea14c2f7e59540901e95b41f131fdd3ff9df23f53fb,F06,F,SAD,5,S1,T1,
1811,subesco,F_06_SIMI_S_1_SAD_2.wav,384566,dc53d811ba962cc57dcd6ecd12c3f9c04e4262cfd958bc8f146816e8f46149ca,F06,F,SAD,5,S1,T2,
1812,subesco,F_06_SIMI_S_1_SAD_3.wav,386796,7899ce176d5406e58514ce90f0b2776869c14b9a83f543e062fe3db465a5e583,F06,F,SAD,5,S1,T3,
1813,subesco,F_06_SIMI_S_1_SAD_4.wav,385682,71f8211f1c3954422b57f8e4464e937fea1e3f8567a68fbf9c97652d65c25ae8,F06,F,SAD,5,S1,T4,
1814,subesco,F_06_SIMI_S_1_SAD_5.wav,386796,b8181b0e5f1b7d50497c6901fa27246aec7181b42e0c1a1dfb3587225f9a7a8f,F06,F,SAD,5,S1,T5,
1815,subesco,F_06_SIMI_S_1_SURPRISE_1.wav,385682,bc5f493c98b221309c75d969a2246cca0ddc02008afaea5cc35adf2356042834,F06,F,SURPRISE,6,S1,T1,
1816,subesco,F_06_SIMI_S_1_SURPRISE_2.wav,386796,5191d8a726177894d46f82e797a1f8a1fc80e7e8a435b98549b1cf8344a5958c,F06,F,SURPRISE,6,S1,T2,
1817,subesco,F_06_SIMI_S_1_SURPRISE_3.wav,384566,1ecfe9a0c879746776463a989cfecb15205fc6fa6a26c0d7174ca23fb272aa92,F06,F,SURPRISE,6,S1,T3,
1818,subesco,F_06_SIMI_S_1_SURPRISE_4.wav,386796,8a32240acac5cf0ce56269df59723213352fb7cbd809ad4f76fac55362c1ebce,F06,F,SURPRISE,6,S1,T4,
1819,subesco,F_06_SIMI_S_1_SURPRISE_5.wav,386796,e62a806eb86044527f1d1508f78331770bb6a2bcc1f8515e932bd1b67cbdac21,F06,F,SURPRISE,6,S1,T5,
1820,subesco,F_06_SIMI_S_2_ANGRY_1.wav,386796,41ad56aa3af988fbef0e654795fb91f28909a35c211689b21e36f15f0a234efa,F06,F,ANGRY,0,S2,T1,
1821,subesco,F_06_SIMI_S_2_ANGRY_2.wav,385682,028b2025d5476f9751bea74ee8848236ded186ead083102da95edd6ef1700509,F06,F,ANGRY,0,S2,T2,
1822,subesco,F_06_SIMI_S_2_ANGRY_3.wav,386796,632b1b008d977c5761d268bf578c76b47bd3ea66c751a4052a6d46322876db68,F06,F,ANGRY,0,S2,T3,
1823,subesco,F_06_SIMI_S_2_ANGRY_4.wav,385682,3938d5044619263e55cee444350f5f9fc9b774a05ed942609208182ad4db4e8f,F06,F,ANGRY,0,S2,T4,
1824,subesco,F_06_SIMI_S_2_ANGRY_5.wav,386796,99230161ed57a3f9aa7830bc33f54e6109a268dde479305f1cc1b36020224ca5,F06,F,ANGRY,0,S2,T5,
1825,subesco,F_06_SIMI_S_2_DISGUST_1.wav,386796,c4a040e3aadb577616a39b7aef29e85cfb2bf694b0fb962f3321e73780beea87,F06,F,DISGUST,1,S2,T1,
1826,subesco,F_06_SIMI_S_2_DISGUST_2.wav,387910,42815623f71b2abda1df71455231c5ceb17e580233b5ca3bd81b4c91296e81d1,F06,F,DISGUST,1,S2,T2,
1827,subesco,F_06_SIMI_S_2_DISGUST_3.wav,385682,92077767dfa040fe26106dfb2844d8806b5a4c87d7416f216bb20ff568185c2e,F06,F,DISGUST,1,S2,T3,
1828,subesco,F_06_SIMI_S_2_DISGUST_4.wav,386796,0592d14846b8680ff47c5becafc353ff33db601ab5e6093170eee59e4bb3c8b2,F06,F,DISGUST,1,S2,T4,
1829,subesco,F_06_SIMI_S_2_DISGUST_5.wav,385682,268588abcc3dfb4cea2a838691b6397e6e96ca6077e8aa7b7797c73bd7e0c0c9,F06,F,DISGUST,1,S2,T5,
1830,subesco,F_06_SIMI_S_2_FEAR_1.wav,385682,816b65579c267971a21cadf2fbb5faa78a731b570f32ab5917d137bc004a3f43,F06,F,FEAR,2,S2,T1,
1831,subesco,F_06_SIMI_S_2_FEAR_2.wav,385682,4e73bd5c53c250c0c475c437d74b887710600eb34e7b6c4bba6169a79de0be2b,F06,F,FEAR,2,S2,T2,
1832,subesco,F_06_SIMI_S_2_FEAR_3.wav,385682,ea88c0e0afdc1a594d4de9e35157556a3bf1743aaeb52695212871aac23b8dec,F06,F,FEAR,2,S2,T3,
1833,subesco,F_06_SIMI_S_2_FEAR_4.wav,386796,d46529799efdfdb59b1462cd1cb843d52fe43801e74df006981d79ff863ea3b9,F06,F,FEAR,2,S2,T4,
1834,subesco,F_06_SIMI_S_2_FEAR_5.wav,386796,c4b937b7a0dd7e42876e83931ceee6b9209abf984457c9dcf69f59e5d3a41600,F06,F,FEAR,2,S2,T5,
1835,subesco,F_06_SIMI_S_2_HAPPY_1.wav,386796,a2654abc6ae0c2a75f93abe5df5c6246fa303795b297be05e14d98ea20684d38,F06,F,HAPPY,3,S2,T1,
1836,subesco,F_06_SIMI_S_2_HAPPY_2.wav,384566,1193580e423249956b80a1e3d3d94cf20647be86b7591083acf99b0a4e190f2d,F06,F,HAPPY,3,S2,T2,
1837,subesco,F_06_SIMI_S_2_HAPPY_3.wav,385682,13f360e68c3f898741ee2e050c1038c11a69db90f9c327112df8dcc72ec34350,F06,F,HAPPY,3,S2,T3,
1838,subesco,F_06_SIMI_S_2_HAPPY_4.wav,384566,e5dd3293749af01a79ebec648a19064bfc506c58f4ba6f186e4c1fda3dfafeba,F06,F,HAPPY,3,S2,T4,
1839,subesco,F_06_SIMI_S_2_HAPPY_5.wav,386796,1dbc9708a02ec133adbd9c8307db6359a8c2efb5fe3d42ba57713fa865b492a1,F06,F,HAPPY,3,S2,T5,
1840,subesco,F_06_SIMI_S_2_NEUTRAL_1.wav,386796,e205e0bf76707a7318444d9a0e5e4ceb253fac481f64bc15ccb08e2b871f295f,F06,F,NEUTRAL,4,S2,T1,
1841,subesco,F_06_SIMI_S_2_NEUTRAL_2.wav,386796,d076156eb5a6ead7bae82545d4868a930c91426b7877b02faad9d22dc2fd0c50,F06,F,NEUTRAL,4,S2,T2,
1842,subesco,F_06_SIMI_S_2_NEUTRAL_3.wav,385682,258991d01bbb71c8099d66ba50fbcc5d53f148036a373adb319a860348bbc3d5,F06,F,NEUTRAL,4,S2,T3,
1843,subesco,F_06_SIMI_S_2_NEUTRAL_4.wav,386796,8eddff81396e9969414df10cb5a43788e1971948912e62c2f523aaa8e180cdba,F06,F,NEUTRAL,4,S2,T4,
1844,subesco,F_06_SIMI_S_2_NEUTRAL_5.wav,386796,16b7ffa455ed9d9905845524f7b3b03ae67c20872f50c6c609c25c8933de1e05,F06,F,NEUTRAL,4,S2,T5,
1845,subesco,F_06_SIMI_S_2_SAD_1.wav,385682,86eb3d389f731c8cf92f0645dd7448b6562334b58860ac3a692d0c2d1a584f77,F06,F,SAD,5,S2,T1,
1846,subesco,F_06_SIMI_S_2_SAD_2.wav,386796,1a82c1acfa99277ac5335346b4496d573a836603ed24d69de8162075b08951dd,F06,F,SAD,5,S2,T2,
1847,subesco,F_06_SIMI_S_2_SAD_3.wav,386796,13bf7aef078dbfffd9bc9fb02df02496fee276532c2b3d52d0ef426e8bbf52a6,F06,F,SAD,5,S2,T3,
1848,subesco,F_06_SIMI_S_2_SAD_4.wav,386796,8f6c7bb4271b160f76d82af15912e9c03269eae5b89744f449e268d7d8256122,F06,F,SAD,5,S2,T4,
1849,subesco,F_06_SIMI_S_2_SAD_5.wav,386796,c0e01fc9ae6cdf6e52ff5c6c662b26487c7ee7ce80491f3777b72f95f69b3a21,F06,F,SAD,5,S2,T5,
1850,subesco,F_06_SIMI_S_2_SURPRISE_1.wav,386796,afd986566af23a26506dc496851dff9c4eecbdbcb56d7791c4d69656d68b06ae,F06,F,SURPRISE,6,S2,T1,
1851,subesco,F_06_SIMI_S_2_SURPRISE_2.wav,385682,51642eba7bc555d71b44ab58dc95f8d8adc77ea5bd796a74cc3c27768c60b6f4,F06,F,SURPRISE,6,S2,T2,
1852,subesco,F_06_SIMI_S_2_SURPRISE_3.wav,385682,2a154a9f59f98be03bd2541aa707a907cec81a3d7ac9bc6609c70c41a7b36caf,F06,F,SURPRISE,6,S2,T3,
1853,subesco,F_06_SIMI_S_2_SURPRISE_4.wav,386796,bcf4e2c7026eebe79987d825e83e903fe60a4074d89be0ce258dd42e29c563bf,F06,F,SURPRISE,6,S2,T4,
1854,subesco,F_06_SIMI_S_2_SURPRISE_5.wav,386796,87535745453882fe0ca004ab6f13006ed9753d0250322a2cef6b7bfecf2c00ca,F06,F,SURPRISE,6,S2,T5,
1855,subesco,F_06_SIMI_S_3_ANGRY_1.wav,386796,d7f6a786718caaf53164b08af17828ea00dfb6fa6075b977ef1da9fa4b62239e,F06,F,ANGRY,0,S3,T1,
1856,subesco,F_06_SIMI_S_3_ANGRY_2.wav,386796,30f2d94cfdcab27a0a4b9f08df125d7f7f1bfebe7ff5f66237bc0dddbb98c3d1,F06,F,ANGRY,0,S3,T2,
1857,subesco,F_06_SIMI_S_3_ANGRY_3.wav,385682,741a49867170651f7d6a422e3f1fc78f1d6324bdb4bd48a99395677a46b2be3d,F06,F,ANGRY,0,S3,T3,
1858,subesco,F_06_SIMI_S_3_ANGRY_4.wav,386796,8c6728c5accb6924960e3c72b5dc44951b4ad661f88380e5dda44e034abf9fef,F06,F,ANGRY,0,S3,T4,
1859,subesco,F_06_SIMI_S_3_ANGRY_5.wav,385682,7cda67c2e3bfd1d436317c6567416b0e2d70ec91976989166143302d7c5b2206,F06,F,ANGRY,0,S3,T5,
1860,subesco,F_06_SIMI_S_3_DISGUST_1.wav,386796,2c37a6467982fa22534f9d69b5dd177adf30dcaeb9f09b84b2c957863039c22f,F06,F,DISGUST,1,S3,T1,
1861,subesco,F_06_SIMI_S_3_DISGUST_2.wav,385682,f2324c7fa738e5c9c75ab9a41cd271ecd47bab32cf061b080d801b680ef08fb9,F06,F,DISGUST,1,S3,T2,
1862,subesco,F_06_SIMI_S_3_DISGUST_3.wav,386796,068d1774d71d099d536fb3c4504023a619373bfae3f5b101b0e8ab3bf9bf3ecc,F06,F,DISGUST,1,S3,T3,
1863,subesco,F_06_SIMI_S_3_DISGUST_4.wav,385682,585a76eb0d7cb1f8270a7c3df03c66c36c250b6309a35b7a80516c82e476a2c3,F06,F,DISGUST,1,S3,T4,
1864,subesco,F_06_SIMI_S_3_DISGUST_5.wav,385682,b745c88f9954bdececb56359635e3ea5a1de8f8537fcffbc4a9b49c029895258,F06,F,DISGUST,1,S3,T5,
1865,subesco,F_06_SIMI_S_3_FEAR_1.wav,386796,439bda6c9c4ec9a4d996e1bbea761b40199b422f606a182e86e2515a183548c6,F06,F,FEAR,2,S3,T1,
1866,subesco,F_06_SIMI_S_3_FEAR_2.wav,386796,099277d6ef682a8296a3f2056cbed835d4021a1d6e21c702d14554f88cb60eda,F06,F,FEAR,2,S3,T2,
1867,subesco,F_06_SIMI_S_3_FEAR_3.wav,386796,2840dd80885d78e5bb5ce26cd7d1ec6cd0c34d41a7546cff5fa600fc8df51650,F06,F,FEAR,2,S3,T3,
1868,subesco,F_06_SIMI_S_3_FEAR_4.wav,386796,2866a2c45a65fbc3210f488fcbd1bc93ff1ee3aae2caae6cba368d07f4afc9c9,F06,F,FEAR,2,S3,T4,
1869,subesco,F_06_SIMI_S_3_FEAR_5.wav,385682,0e6628f90d13718ba940fd9218593cd37bed1956d5bf19ae15bd3bfc78f2e429,F06,F,FEAR,2,S3,T5,
1870,subesco,F_06_SIMI_S_3_HAPPY_1.wav,384566,83f29200ba1b030213b7dc3aa1a5ff30caf3e49427260c0b30ea4feec77161fd,F06,F,HAPPY,3,S3,T1,
1871,subesco,F_06_SIMI_S_3_HAPPY_2.wav,386796,b31e4d431a12f0ddf21b2d0f7d989cf22d166e3c880ab52b277b319056190451,F06,F,HAPPY,3,S3,T2,
1872,subesco,F_06_SIMI_S_3_HAPPY_3.wav,385682,bcf25ed1b3768f8dea8e50ba0c8271afbad9bf3b8ff8becddc670a7436ff0037,F06,F,HAPPY,3,S3,T3,
1873,subesco,F_06_SIMI_S_3_HAPPY_4.wav,386796,390321eaab4f48d3ddfcd7eb909c42d8e05530f3c5dce4bbaef0465a87733796,F06,F,HAPPY,3,S3,T4,
1874,subesco,F_06_SIMI_S_3_HAPPY_5.wav,385682,f89700cdf55ef5327441d7d8859e5882db30b6ea2eefb9d00fe68612425a0ec1,F06,F,HAPPY,3,S3,T5,
1875,subesco,F_06_SIMI_S_3_NEUTRAL_1.wav,386796,149e5118c0b8244981c592f3f8bba556eb30e6c93c00ba79c680e93154607e83,F06,F,NEUTRAL,4,S3,T1,
1876,subesco,F_06_SIMI_S_3_NEUTRAL_2.wav,386796,1952960d257cf2cf98768de5fff95e92f6af3171563a4edce77fb9f6f0b20819,F06,F,NEUTRAL,4,S3,T2,
1877,subesco,F_06_SIMI_S_3_NEUTRAL_3.wav,385682,72fe4f5f834af59805b5bbf8dbf7bee4d25432fd011578e1e6d8af1fccd7e01a,F06,F,NEUTRAL,4,S3,T3,
1878,subesco,F_06_SIMI_S_3_NEUTRAL_4.wav,385682,26e2032f64ee53c1cc2c0cf6491ed111948a235bbe0b7da81d863cac71549667,F06,F,NEUTRAL,4,S3,T4,
1879,subesco,F_06_SIMI_S_3_NEUTRAL_5.wav,384566,0bae145e3d4e6ffed08bfaab90c35fb0f94bd68b53730da41c86022c4275b627,F06,F,NEUTRAL,4,S3,T5,
1880,subesco,F_06_SIMI_S_3_SAD_1.wav,386796,1a8221a68fac65eaa837fbb29bbaeff5b4e696545ff5226cbead09cf8dbe0e6e,F06,F,SAD,5,S3,T1,
1881,subesco,F_06_SIMI_S_3_SAD_2.wav,384566,96a6f218abb79369523e38bdd485496620fe2f3aca45a4dcd90bf1e615c369fa,F06,F,SAD,5,S3,T2,
1882,subesco,F_06_SIMI_S_3_SAD_3.wav,385682,26b150ec617110868b5728b53c341fec0af17227b56c568ef5cf9cb27179c763,F06,F,SAD,5,S3,T3,
1883,subesco,F_06_SIMI_S_3_SAD_4.wav,386796,990c8030577c997e88e1984f2e6bfc00d4e28e72328ba63c7c72070197ef5c4e,F06,F,SAD,5,S3,T4,
1884,subesco,F_06_SIMI_S_3_SAD_5.wav,386796,245e698039c4ac0255c20233601b04e9b56f6f826d43b6f3fbe55dee8b168b3e,F06,F,SAD,5,S3,T5,
1885,subesco,F_06_SIMI_S_3_SURPRISE_1.wav,385682,60a8ea84c6d21ef08ec0527776dbc9873f1906409df2b4dbd83dfd8d904552b4,F06,F,SURPRISE,6,S3,T1,
1886,subesco,F_06_SIMI_S_3_SURPRISE_2.wav,385682,3434f91d51cd0f8be1e4390ac1bbadd1ebf180d78b9e85439056cd9af7b25a9c,F06,F,SURPRISE,6,S3,T2,
1887,subesco,F_06_SIMI_S_3_SURPRISE_3.wav,385682,5a6e23eb16d720184cbcf52db40f66441031b03c29d4bf00deaa4bf55059c12e,F06,F,SURPRISE,6,S3,T3,
1888,subesco,F_06_SIMI_S_3_SURPRISE_4.wav,385682,6f14a9552c98c4d1181a13a9e4d915f0f40a0e241058820d2517483b8f4a8428,F06,F,SURPRISE,6,S3,T4,
1889,subesco,F_06_SIMI_S_3_SURPRISE_5.wav,385682,bc139514345c0bc3becb2f7d6432523a956f1f91c4be81dac305da7a4734f549,F06,F,SURPRISE,6,S3,T5,
1890,subesco,F_06_SIMI_S_4_ANGRY_1.wav,386796,9a9494c4f4ecd897ca94dad3e89b6350b15c522b0d267154f8cc8bc3a4f1504e,F06,F,ANGRY,0,S4,T1,
1891,subesco,F_06_SIMI_S_4_ANGRY_2.wav,386796,d8a609b7ded6687004b0cab64a64a66903500e0854043a106857210914ec602d,F06,F,ANGRY,0,S4,T2,
1892,subesco,F_06_SIMI_S_4_ANGRY_3.wav,387910,84d2c37079f4dea7e5ca52a5c111de8ccff1b388310e30de83c7504e2b7f7cba,F06,F,ANGRY,0,S4,T3,
1893,subesco,F_06_SIMI_S_4_ANGRY_4.wav,386796,27d2d4172c4c01415cf8e3360b679d3dd2fe7087d303b266612a8865375ebf76,F06,F,ANGRY,0,S4,T4,
1894,subesco,F_06_SIMI_S_4_ANGRY_5.wav,386796,15a54b538d2634310b7d1c95ca77be858e4c7805e7fef180d15e738a1a9d38e6,F06,F,ANGRY,0,S4,T5,
1895,subesco,F_06_SIMI_S_4_DISGUST_1.wav,385682,60d654bfa871b71875dfecaa43febc579f6d857f74add108d8f24c6eada50183,F06,F,DISGUST,1,S4,T1,
1896,subesco,F_06_SIMI_S_4_DISGUST_2.wav,386796,6b725bf20b46d8b93b66c4fa5445f381826f3cf2080626e34625f8c3111fe801,F06,F,DISGUST,1,S4,T2,
1897,subesco,F_06_SIMI_S_4_DISGUST_3.wav,385682,d445bd62fc9bc424705d144fcc852083f4bc22da79ece319d3363c2bd7523f12,F06,F,DISGUST,1,S4,T3,
1898,subesco,F_06_SIMI_S_4_DISGUST_4.wav,385682,e85d11f75117af9d1da2f179f2e5ba6097c7048aeb3e7d0a5d45df9bbdb0f322,F06,F,DISGUST,1,S4,T4,
1899,subesco,F_06_SIMI_S_4_DISGUST_5.wav,384566,0910ef9579c1d874649a43f9321f8371a99207912f2f07890e50391dda5784e2,F06,F,DISGUST,1,S4,T5,
1900,subesco,F_06_SIMI_S_4_FEAR_1.wav,386796,3a916c74d46a6f47def3dc22ed6cd669bf3e413b7e09aaf437f59c1463653f58,F06,F,FEAR,2,S4,T1,
1901,subesco,F_06_SIMI_S_4_FEAR_2.wav,386796,74f84dba686c0bd7fc2d85c46ca9c7854371ba932713f94f413644e09c0d1c6b,F06,F,FEAR,2,S4,T2,
1902,subesco,F_06_SIMI_S_4_FEAR_3.wav,385682,d054512da2a79035a057a702cb5a888866c0094653e4ab089a9f558808f36569,F06,F,FEAR,2,S4,T3,
1903,subesco,F_06_SIMI_S_4_FEAR_4.wav,386796,a07cf2984b1568c724474a0ed059b97b06d2e17ac54d70d18e3d416df558d0ee,F06,F,FEAR,2,S4,T4,
1904,subesco,F_06_SIMI_S_4_FEAR_5.wav,385682,fb3736e2312b4e46877b8f1eb69133bf618a33562325fe86c4c26fa5405478b2,F06,F,FEAR,2,S4,T5,
1905,subesco,F_06_SIMI_S_4_HAPPY_1.wav,386796,13987e1e9404027fcdb347006cad439599b736fa327d610806cc6a5ae221ac9c,F06,F,HAPPY,3,S4,T1,
1906,subesco,F_06_SIMI_S_4_HAPPY_2.wav,385682,ec7942744196e247ec4d64007ee886b46f3d0f3d449c33a0df576e182e1dab14,F06,F,HAPPY,3,S4,T2,
1907,subesco,F_06_SIMI_S_4_HAPPY_3.wav,386796,e00c986788768a0d0f2cc326f2378398fe05e71db11a8ebfd5ae6a33bf028a9a,F06,F,HAPPY,3,S4,T3,
1908,subesco,F_06_SIMI_S_4_HAPPY_4.wav,386796,4ebbb36b46aed1c8238c82618031c3005625886ca74e306cc3b0dd5053c08e82,F06,F,HAPPY,3,S4,T4,
1909,subesco,F_06_SIMI_S_4_HAPPY_5.wav,385682,7b7ffdf41cfd28ef2be1b699efe7342202dd9b2adb1290ff1f522e0ada09b7d4,F06,F,HAPPY,3,S4,T5,
1910,subesco,F_06_SIMI_S_4_NEUTRAL_1.wav,385682,946e3e156b9438cfe2245a3480ce6d7ee7552b497ee1bec7c167b29514a2c187,F06,F,NEUTRAL,4,S4,T1,
1911,subesco,F_06_SIMI_S_4_NEUTRAL_2.wav,384566,7ba94325f156c304a2caf644bebac4e631add9eccace88b0ad19b1e747b2f43d,F06,F,NEUTRAL,4,S4,T2,
1912,subesco,F_06_SIMI_S_4_NEUTRAL_3.wav,385682,76be9bad1cb088a1c16bef043eff5d2126b2760d510dde52170b91d10ead0136,F06,F,NEUTRAL,4,S4,T3,
1913,subesco,F_06_SIMI_S_4_NEUTRAL_4.wav,386796,42b3ef021d0b2f4864677705bd9c3979c021949e765bc2eaca72531768872e46,F06,F,NEUTRAL,4,S4,T4,
1914,subesco,F_06_SIMI_S_4_NEUTRAL_5.wav,385682,c38128ec46f64e96b78195cfc6545403a7f6d9f1cea697c43b9dc89d6314d037,F06,F,NEUTRAL,4,S4,T5,
1915,subesco,F_06_SIMI_S_4_SAD_1.wav,384566,f3751c974a47184f98b05675e692de273f897c0b14fb728c4f6e31fd7834210b,F06,F,SAD,5,S4,T1,
1916,subesco,F_06_SIMI_S_4_SAD_2.wav,387910,5d9cd34a9fca03417cf64d0ea7512f637fd66546535f56de0bbe2f03b410e941,F06,F,SAD,5,S4,T2,
1917,subesco,F_06_SIMI_S_4_SAD_3.wav,386796,057070da21aceebd92b70a37d1599ed201d0199dd94ec97d4c31a0e6e0554bcb,F06,F,SAD,5,S4,T3,
1918,subesco,F_06_SIMI_S_4_SAD_4.wav,386796,717487e41d8eab6a7bd2e997abdca29249cc460db7abfaa9cad500ca832925af,F06,F,SAD,5,S4,T4,
1919,subesco,F_06_SIMI_S_4_SAD_5.wav,386796,7bc9924c338eb4f1f796a5669d5447d1b4dfeefb8fc8ba3036e98225d6b351b4,F06,F,SAD,5,S4,T5,
1920,subesco,F_06_SIMI_S_4_SURPRISE_1.wav,386796,c17546c7c0b7377a6cd49386bc3228a4c8fe12ebc53bcc38bae8a8b286d967b5,F06,F,SURPRISE,6,S4,T1,
1921,subesco,F_06_SIMI_S_4_SURPRISE_2.wav,385682,d35d8eddf387fd3921fd5f87cf6476ed5c9ab7b4c23b4e2e0069e767db2148b6,F06,F,SURPRISE,6,S4,T2,
1922,subesco,F_06_SIMI_S_4_SURPRISE_3.wav,386796,5d53f30ada3f2b2068ffb3877919f22ef38dc62c794a9ccedf1436fcf05e0eca,F06,F,SURPRISE,6,S4,T3,
1923,subesco,F_06_SIMI_S_4_SURPRISE_4.wav,384566,d72fbcdf1de15d284d822bddff5bbb6662763b404569ebbf5b246bb19ce14a5a,F06,F,SURPRISE,6,S4,T4,
1924,subesco,F_06_SIMI_S_4_SURPRISE_5.wav,384566,1d80e9693f5567e2a94f4408a937e82cdfd32f6c6ceb167e2c8008150c7de31d,F06,F,SURPRISE,6,S4,T5,
1925,subesco,F_06_SIMI_S_5_ANGRY_1.wav,385682,4957e8a1c8e3f16a61ec40bff7f216082f178ff4f22e5e3b21a136f18f06168b,F06,F,ANGRY,0,S5,T1,
1926,subesco,F_06_SIMI_S_5_ANGRY_2.wav,385682,a164539949a4a641b82d6d3c412c86639a8f2d81a77edba669cdd8fc99e4e70d,F06,F,ANGRY,0,S5,T2,
1927,subesco,F_06_SIMI_S_5_ANGRY_3.wav,386796,9502ba6fd065502e7671e4d31cad668ec47fd409ad684c187cfaecd9e2b378bc,F06,F,ANGRY,0,S5,T3,
1928,subesco,F_06_SIMI_S_5_ANGRY_4.wav,385682,3d721359a62d9fde9ec51f8bd9d7ce543c23206184ca21de85471f752de0d099,F06,F,ANGRY,0,S5,T4,
1929,subesco,F_06_SIMI_S_5_ANGRY_5.wav,386796,31c5f427ef2d625b7f476d97892e85399af54ea3c939e3638ef8edb6bd3972db,F06,F,ANGRY,0,S5,T5,
1930,subesco,F_06_SIMI_S_5_DISGUST_1.wav,385682,f7d900bf06389e8ccd7e7055162b6f52390a60ed4c1e49df0958cb49f6707ca6,F06,F,DISGUST,1,S5,T1,
1931,subesco,F_06_SIMI_S_5_DISGUST_2.wav,386796,7b21b9ff531e0eb355a852c7fd912aaa927191fbee23da405c408776490cb928,F06,F,DISGUST,1,S5,T2,
1932,subesco,F_06_SIMI_S_5_DISGUST_3.wav,386796,3a88349fa72640a7fb2c673a637efa5572fc0890ecc81a7e2f90a3b3809d250f,F06,F,DISGUST,1,S5,T3,
1933,subesco,F_06_SIMI_S_5_DISGUST_4.wav,385682,65b653efee16cdf3cecd309c97c3932e871da578efaaa41e04d00580052fa590,F06,F,DISGUST,1,S5,T4,
1934,subesco,F_06_SIMI_S_5_DISGUST_5.wav,385682,6b0bdf5131e9f1fde0ecc024bba84fb4ec55715f6aab12b267f105b5aa841151,F06,F,DISGUST,1,S5,T5,
1935,subesco,F_06_SIMI_S_5_FEAR_1.wav,386796,059e90341e7b69b74c58a18430ecffecb7645b53d09d63ad8c032946312e8921,F06,F,FEAR,2,S5,T1,
1936,subesco,F_06_SIMI_S_5_FEAR_2.wav,385682,3ab438c256ba9aeeee7528d1fe688e02cc58e70890bd5779f29f04f380ca0885,F06,F,FEAR,2,S5,T2,
1937,subesco,F_06_SIMI_S_5_FEAR_3.wav,385682,0a082fd54831ae5ddec3d771c3b6a138955022731b1464225ae400187695d9b3,F06,F,FEAR,2,S5,T3,
1938,subesco,F_06_SIMI_S_5_FEAR_4.wav,386796,dfb02b4b702493d68c3752ed3dfcb534fcda677d7f00cb87c5d4eaac7f0793eb,F06,F,FEAR,2,S5,T4,
1939,subesco,F_06_SIMI_S_5_FEAR_5.wav,386796,1201f1f19969c4754524cfbdf3f26885ac42a0d9d0e424098391bd60f613c2ad,F06,F,FEAR,2,S5,T5,
1940,subesco,F_06_SIMI_S_5_HAPPY_1.wav,383452,baad31a6993f483802123072a483b831e1e70f1fc60e86d852a4b22d4c4d3656,F06,F,HAPPY,3,S5,T1,
1941,subesco,F_06_SIMI_S_5_HAPPY_2.wav,386796,b5d9fe52d0330db076856c1ffbe98884fb6eaee2d15a9bcd3a68839ed809636f,F06,F,HAPPY,3,S5,T2,
1942,subesco,F_06_SIMI_S_5_HAPPY_3.wav,386796,ad0c904f9cc42f845601dccd5659d39040816f1467634b12cd14efd2aac3419f,F06,F,HAPPY,3,S5,T3,
1943,subesco,F_06_SIMI_S_5_HAPPY_4.wav,384566,60de10f8dbdad616d13b7bd7da2b1dcb2be72650db15bc71cee183eecfb078ec,F06,F,HAPPY,3,S5,T4,
1944,subesco,F_06_SIMI_S_5_HAPPY_5.wav,386796,8f5a372a0333c25ca9533881598ca85464d67edcda8bb9abb435f8e7736e7946,F06,F,HAPPY,3,S5,T5,
1945,subesco,F_06_SIMI_S_5_NEUTRAL_1.wav,385682,28a8cfc90d368e2bfefa17aae399bf9bec534f023d7399cc3f87e88d230ed0f7,F06,F,NEUTRAL,4,S5,T1,
1946,subesco,F_06_SIMI_S_5_NEUTRAL_2.wav,386796,c617619941e1997154445e49b15205e9a4d7c8f64bff3b750b740687721108fb,F06,F,NEUTRAL,4,S5,T2,
1947,subesco,F_06_SIMI_S_5_NEUTRAL_3.wav,386796,522c8bbe0efd5d6606d6cdf670c529c7d2d2776564f248cc840e701b4770c8ee,F06,F,NEUTRAL,4,S5,T3,
1948,subesco,F_06_SIMI_S_5_NEUTRAL_4.wav,386796,3d7eda2bd508c31892473e672016939e66f4ec36071fa8977ae5ab2ae389d51f,F06,F,NEUTRAL,4,S5,T4,
1949,subesco,F_06_SIMI_S_5_NEUTRAL_5.wav,385682,bb5e720c6b243e08ce0b271cb311c46c0e3dde276b1026dba28936ea0c013f01,F06,F,NEUTRAL,4,S5,T5,
1950,subesco,F_06_SIMI_S_5_SAD_1.wav,386796,3fc64151e557c994403536475116bbc226189234ed7f13ee4238d3c64695847f,F06,F,SAD,5,S5,T1,
1951,subesco,F_06_SIMI_S_5_SAD_2.wav,385682,f3b16ea9c81734eedd3061f400403c1f6850727aa96283b41066f0b0865745ab,F06,F,SAD,5,S5,T2,
1952,subesco,F_06_SIMI_S_5_SAD_3.wav,386796,760854601a73462acddc3b3c8f8534a2a97d7689b2fdb49e459c933d5166392c,F06,F,SAD,5,S5,T3,
1953,subesco,F_06_SIMI_S_5_SAD_4.wav,384566,5f64aff873a1bec0d2641e6eec3e5df3f0cd496381d5ca39e77130412c6aec11,F06,F,SAD,5,S5,T4,
1954,subesco,F_06_SIMI_S_5_SAD_5.wav,385682,1038e7909ea21ef010104150e3157bc5e9d01671a0e7f2fd0cdd51051e98f478,F06,F,SAD,5,S5,T5,
1955,subesco,F_06_SIMI_S_5_SURPRISE_1.wav,385682,cb032803f2251b5fe8bf6d07bd98aab7b1814576691a689a14c13933485bb889,F06,F,SURPRISE,6,S5,T1,
1956,subesco,F_06_SIMI_S_5_SURPRISE_2.wav,386796,ebdbea1c8c7cbec6047ca04134e82b3d4f0d984909b30ade3bdf5cd7ef71692a,F06,F,SURPRISE,6,S5,T2,
1957,subesco,F_06_SIMI_S_5_SURPRISE_3.wav,385682,8ff16601f0a915e45b06beeb2ff0ff60a8d71fb544345d18119aa836d247e60d,F06,F,SURPRISE,6,S5,T3,
1958,subesco,F_06_SIMI_S_5_SURPRISE_4.wav,386796,a3e1eaf297abe7cd51c4278868eb1edfedd34bf388bd03ed85e417099e542dd0,F06,F,SURPRISE,6,S5,T4,
1959,subesco,F_06_SIMI_S_5_SURPRISE_5.wav,386796,903404a54c5f235687eeb1e6a2f4d471b89cdadf1bca15969c131aa86dc1dea5,F06,F,SURPRISE,6,S5,T5,
1960,subesco,F_06_SIMI_S_6_ANGRY_1.wav,385682,2aea7e4ab54d6b01e1e99d9f2df6af614352eceaf06f4a11ecd3332e5c2ba9f6,F06,F,ANGRY,0,S6,T1,
1961,subesco,F_06_SIMI_S_6_ANGRY_2.wav,386796,297abb1000fd754f16d30f7c4cfd7a22778dcf9b3143e0edbb15c45d252d5a74,F06,F,ANGRY,0,S6,T2,
1962,subesco,F_06_SIMI_S_6_ANGRY_3.wav,386796,4aea948849bf975573054f52e6ddc5075ace78a727fb7fe205d2bdf5cbe172ae,F06,F,ANGRY,0,S6,T3,
1963,subesco,F_06_SIMI_S_6_ANGRY_4.wav,386796,cd92ee74e05fbf80a2004e9685796c7e97b6bd10a9be6c33e70f99d9d4ab989c,F06,F,ANGRY,0,S6,T4,
1964,subesco,F_06_SIMI_S_6_ANGRY_5.wav,386796,0cf6c75ccf4ab7c5351ebad371e8fb53d819f2a19299086de56f80f81d75b174,F06,F,ANGRY,0,S6,T5,
1965,subesco,F_06_SIMI_S_6_DISGUST_1.wav,386796,5b38183b692d8e024df3f3ce58c5309abd16d924ce5ce8bc6e79645402662676,F06,F,DISGUST,1,S6,T1,
1966,subesco,F_06_SIMI_S_6_DISGUST_2.wav,384566,3c0bedfd97a751544dafba659c4845313b0bb78d5f080f6664f0f39a6b124f58,F06,F,DISGUST,1,S6,T2,
1967,subesco,F_06_SIMI_S_6_DISGUST_3.wav,385682,873bea2d0fa8deb910e0631577eebf95788a12fd432b76950b67c3517d313062,F06,F,DISGUST,1,S6,T3,
1968,subesco,F_06_SIMI_S_6_DISGUST_4.wav,386796,0a0133dd1582bfdcc81b3fad91e5c3153daca4e47f0104c64b9fb1fd7dc4a2cc,F06,F,DISGUST,1,S6,T4,
1969,subesco,F_06_SIMI_S_6_DISGUST_5.wav,385682,93cf6bf75cecc8ff539546cff03d6a25c162e68acc3f70bf2753a6d4f724ac68,F06,F,DISGUST,1,S6,T5,
1970,subesco,F_06_SIMI_S_6_FEAR_1.wav,385682,9b0e62b4e520eed15726d5e8748d864a84226f2c09e19f2b9ae6828acff6c266,F06,F,FEAR,2,S6,T1,
1971,subesco,F_06_SIMI_S_6_FEAR_2.wav,386796,7123df1834e0a5cb3449ccca18c3dbb69f0eb92d487560f1af424a1d61189903,F06,F,FEAR,2,S6,T2,
1972,subesco,F_06_SIMI_S_6_FEAR_3.wav,384566,8a1c0ea55f17f810a06778a99c92049a3fe304b5eb00ccf9683d9cb0bd176109,F06,F,FEAR,2,S6,T3,
1973,subesco,F_06_SIMI_S_6_FEAR_4.wav,386796,75a70a26860b72e9d3afb80b61d6db0da64ab4cf003f5195146aac39bc0dbaac,F06,F,FEAR,2,S6,T4,
1974,subesco,F_06_SIMI_S_6_FEAR_5.wav,385682,b545a284ac59f46525fbc0b568bc660d798a2d9bf6c9d8441bd80a9e440193db,F06,F,FEAR,2,S6,T5,
1975,subesco,F_06_SIMI_S_6_HAPPY_1.wav,385682,3a9ee946bf01f08ad0bbe3449d04d411e215553ad19e2d9f8d4b19f5cbf02eda,F06,F,HAPPY,3,S6,T1,
1976,subesco,F_06_SIMI_S_6_HAPPY_2.wav,385682,4627553e30e1948baaaac6c9c6625bdb4f4c40084305604f622fdea6b5c1c57a,F06,F,HAPPY,3,S6,T2,
1977,subesco,F_06_SIMI_S_6_HAPPY_3.wav,385682,ddbf4f86b0d2aec52bab79d615cc54b037bc3fd73aef817ee8535df5ee066d80,F06,F,HAPPY,3,S6,T3,
1978,subesco,F_06_SIMI_S_6_HAPPY_4.wav,385682,dfb40d713049fe183213ab942237cb7dffbd06fc6a9c535f9b26199be4408665,F06,F,HAPPY,3,S6,T4,
1979,subesco,F_06_SIMI_S_6_HAPPY_5.wav,386796,9d642da21f9b0a5a13778ea6e9dd15f9387e110f7a5f4481912ed2dd68b1f2a7,F06,F,HAPPY,3,S6,T5,
1980,subesco,F_06_SIMI_S_6_NEUTRAL_1.wav,385682,de3993906d688d0fc4d3231f960eeea1c13dcb0d8a882a9286cffe88aa261e60,F06,F,NEUTRAL,4,S6,T1,
1981,subesco,F_06_SIMI_S_6_NEUTRAL_2.wav,386796,e40ad48cb23982896f27ba248c451b2d92f398ffde1003baadbfc9a011f14770,F06,F,NEUTRAL,4,S6,T2,
1982,subesco,F_06_SIMI_S_6_NEUTRAL_3.wav,386796,57c466e529be2ac4e8e40020ab3c36b61e75905d4650a9579f534871f86d710b,F06,F,NEUTRAL,4,S6,T3,
1983,subesco,F_06_SIMI_S_6_NEUTRAL_4.wav,385682,e135b0e997f67b0e37fa8dfa781af5b3af9fceee727f15f35ae611946a02176b,F06,F,NEUTRAL,4,S6,T4,
1984,subesco,F_06_SIMI_S_6_NEUTRAL_5.wav,385682,6bf33581f9cb98cb88bad30d99f1f1eef904442fec70f8f90a6ad8e39fdb8244,F06,F,NEUTRAL,4,S6,T5,
1985,subesco,F_06_SIMI_S_6_SAD_1.wav,386796,739bf8eb0696f156418ad5d1b260d6f576f31b4a783a95779b0c345e5f1c1396,F06,F,SAD,5,S6,T1,
1986,subesco,F_06_SIMI_S_6_SAD_2.wav,385682,01bb66eb281207dbf0c394a9c16e0d3dc06fb9f91274e0c780b7ea6943df7c39,F06,F,SAD,5,S6,T2,
1987,subesco,F_06_SIMI_S_6_SAD_3.wav,385682,6dabfe84619ca8e5997e97f459e7144c03448ce7e437e9c0084029e31e9d6046,F06,F,SAD,5,S6,T3,
1988,subesco,F_06_SIMI_S_6_SAD_4.wav,385682,763284a8c95b4f697877622127887f884051853ecc6a3438fa44c05523a5bb8e,F06,F,SAD,5,S6,T4,
1989,subesco,F_06_SIMI_S_6_SAD_5.wav,384566,060f4bf815c97e302a4fd2202e8b810ad1ec30459b66ce2aa415a95b980015dc,F06,F,SAD,5,S6,T5,
1990,subesco,F_06_SIMI_S_6_SURPRISE_1.wav,386796,4fba31933653bd5a2f0572ed964046fbd415e886e9d63fa2291f763ec78fe07b,F06,F,SURPRISE,6,S6,T1,
1991,subesco,F_06_SIMI_S_6_SURPRISE_2.wav,385682,0c61599c9dd051b108cef4401d19f105ca35432fd04d6da7d301b4fcc64d4f43,F06,F,SURPRISE,6,S6,T2,
1992,subesco,F_06_SIMI_S_6_SURPRISE_3.wav,384566,2fb6ad8db2361b81d2b5acda496f11929c109835ac43ad632c93f43a59082016,F06,F,SURPRISE,6,S6,T3,
1993,subesco,F_06_SIMI_S_6_SURPRISE_4.wav,384566,81be9b1be49297ad03923a9323491f8261996cdc9f1fc9d39fcd284075cd7798,F06,F,SURPRISE,6,S6,T4,
1994,subesco,F_06_SIMI_S_6_SURPRISE_5.wav,385682,5dca60e5f53ccd7c55c1d0c12b8bd9703305965a6f4f171300b4011865b0aba8,F06,F,SURPRISE,6,S6,T5,
1995,subesco,F_06_SIMI_S_7_ANGRY_1.wav,386796,27c4720bc5e86b1f7820d5a61287d2f5ba6cc6a77229535b62412a9f21d231f4,F06,F,ANGRY,0,S7,T1,
1996,subesco,F_06_SIMI_S_7_ANGRY_2.wav,386796,30dd89bb68966c59d9587011275d55b7646e3328111adeec9f64b8b1ce081a4f,F06,F,ANGRY,0,S7,T2,
1997,subesco,F_06_SIMI_S_7_ANGRY_3.wav,385682,0a0bb7e3dd21145535921c79eaa3e748fa0e3b3fcac28cfdca0757f516f85643,F06,F,ANGRY,0,S7,T3,
1998,subesco,F_06_SIMI_S_7_ANGRY_4.wav,385682,6a342ccb161f625fdf77147f73abe70c1c87d31deaf5e275283a3a3b800a2dc6,F06,F,ANGRY,0,S7,T4,
1999,subesco,F_06_SIMI_S_7_ANGRY_5.wav,386796,25ea4cc495126bba134d0b1ed7c06cb63e670ba1d90aa544d3588695be3e1b7c,F06,F,ANGRY,0,S7,T5,
2000,subesco,F_06_SIMI_S_7_DISGUST_1.wav,385682,9b0f0a35752e182026dd11bceead991e77cd949509fe2862b9beb7091e0e2d48,F06,F,DISGUST,1,S7,T1,
2001,subesco,F_06_SIMI_S_7_DISGUST_2.wav,386796,5f7687a4a4b7a25cb000de849701702fe0044dd8dc1a6de5232fbdef5f3a3447,F06,F,DISGUST,1,S7,T2,
2002,subesco,F_06_SIMI_S_7_DISGUST_3.wav,386796,456a9021b936fc261eac48b482090344659cbf2831640cd4d32d26636bd7d5b9,F06,F,DISGUST,1,S7,T3,
2003,subesco,F_06_SIMI_S_7_DISGUST_4.wav,386796,5872b6c01e59c3912432612bdee85053bfa598f38495986b2d2753ea7afb16b2,F06,F,DISGUST,1,S7,T4,
2004,subesco,F_06_SIMI_S_7_DISGUST_5.wav,386796,40da8403f01dbdb20d307a6b56ac33e3f403788c396623575c1be08c7c8750f2,F06,F,DISGUST,1,S7,T5,
2005,subesco,F_06_SIMI_S_7_FEAR_1.wav,384566,0dc3128a227de3743103aeb5c9746c89e706c71c7b7247951f45b4212c2a8aff,F06,F,FEAR,2,S7,T1,
2006,subesco,F_06_SIMI_S_7_FEAR_2.wav,386796,ddaa891b2bd9b7f45d38939f6d87b312f324c748a488d71735432e0e9cdfb812,F06,F,FEAR,2,S7,T2,
2007,subesco,F_06_SIMI_S_7_FEAR_3.wav,385682,41eb17624498cbd34636bce54ce8594b2d67b80662a67590a7ef6725392a8338,F06,F,FEAR,2,S7,T3,
2008,subesco,F_06_SIMI_S_7_FEAR_4.wav,386796,c970c85e3d42f7c5ca8fb42cafc3b274af02afb6d98ee2c0777b5bf8e984332e,F06,F,FEAR,2,S7,T4,
2009,subesco,F_06_SIMI_S_7_FEAR_5.wav,386796,35e71e7d4fb22ae4bf1deaf57549559e25a9ab206029a7386d5570e69654c8d1,F06,F,FEAR,2,S7,T5,
2010,subesco,F_06_SIMI_S_7_HAPPY_1.wav,386796,efd79522a42fc101d236860fa0a203cc41cbacf41c4e7237069cfe9e80a36bc2,F06,F,HAPPY,3,S7,T1,
2011,subesco,F_06_SIMI_S_7_HAPPY_2.wav,386796,62c510ddec99787bd468ee313c5aed6a0d62de31f79f6dbef8fd3ab66dbc75d5,F06,F,HAPPY,3,S7,T2,
2012,subesco,F_06_SIMI_S_7_HAPPY_3.wav,385682,20a0ab2d96234d9298ab6fbe17f736ba49237a0dea26c2d1357c7e37ad756779,F06,F,HAPPY,3,S7,T3,
2013,subesco,F_06_SIMI_S_7_HAPPY_4.wav,384566,02085673de70fed2dc3a2bb6cf4f5f448e670d201f2bc44ebc1194e22c8cb2a1,F06,F,HAPPY,3,S7,T4,
2014,subesco,F_06_SIMI_S_7_HAPPY_5.wav,386796,672c82599e7c7b04bb65acf9ed090643e604e586050a1c5fb7ad3a8e916ff6a3,F06,F,HAPPY,3,S7,T5,
2015,subesco,F_06_SIMI_S_7_NEUTRAL_1.wav,385682,20c8ba2e02c7c2e0ad99265a9ef1bf1bfefce41e9d380e21ae293f78321ba2f8,F06,F,NEUTRAL,4,S7,T1,
2016,subesco,F_06_SIMI_S_7_NEUTRAL_2.wav,383452,c286b24136889d2d1cb99499c91d351277c28744221274bd0031ee999e9246b4,F06,F,NEUTRAL,4,S7,T2,
2017,subesco,F_06_SIMI_S_7_NEUTRAL_3.wav,386796,2d134376b9d81e00246d9736510b32d403f2815a081969729b59d25a136cafcf,F06,F,NEUTRAL,4,S7,T3,
2018,subesco,F_06_SIMI_S_7_NEUTRAL_4.wav,385682,cc14505e3ab6dbaee6715d721614b4914f66b8da80ddc4b2ebf655bb573d4a64,F06,F,NEUTRAL,4,S7,T4,
2019,subesco,F_06_SIMI_S_7_NEUTRAL_5.wav,383452,45dc864b09bb1f0b4afcc0f5833eb0182a7fa77caa49e355231f907baaf70be4,F06,F,NEUTRAL,4,S7,T5,
2020,subesco,F_06_SIMI_S_7_SAD_1.wav,385682,83dfeba120dea8856b2474e3b2889663dcd0eddeb8a0c1955eb5a829dfbe7dc8,F06,F,SAD,5,S7,T1,
2021,subesco,F_06_SIMI_S_7_SAD_2.wav,385682,a19c365a53a48591189320a05504fbda185e44e094084bef473bf08e805556e5,F06,F,SAD,5,S7,T2,
2022,subesco,F_06_SIMI_S_7_SAD_3.wav,386796,ed07801cf8a1ebe58fe680765d0112cfa3b5a3fb77eccf30babc238c33c4448b,F06,F,SAD,5,S7,T3,
2023,subesco,F_06_SIMI_S_7_SAD_4.wav,385682,272fb00740e4434f6289cf2ea774f6a972a6d057254f86b15bf8a8d868f63d9c,F06,F,SAD,5,S7,T4,
2024,subesco,F_06_SIMI_S_7_SAD_5.wav,386796,15a3a30344c20114df56670069a9d3c7c5f25fa4a94ad0869d11b34c8f7ed3fc,F06,F,SAD,5,S7,T5,
2025,subesco,F_06_SIMI_S_7_SURPRISE_1.wav,386796,8a7dfb2eb1ef19bb157a3de7d47f23c3675e8c67b5d6470f338b4db2b654f406,F06,F,SURPRISE,6,S7,T1,
2026,subesco,F_06_SIMI_S_7_SURPRISE_2.wav,386796,182f11c9ccb6d81ce7acc7b4150dafb13a0f9a6df968053e680a865b003a84d3,F06,F,SURPRISE,6,S7,T2,
2027,subesco,F_06_SIMI_S_7_SURPRISE_3.wav,386796,1e554ab8f81ece0ed8d8924fb49b8aeb76fd5d7a2853809c5c4ec9847564bf28,F06,F,SURPRISE,6,S7,T3,
2028,subesco,F_06_SIMI_S_7_SURPRISE_4.wav,385682,acb8f803c47ab5cd0cbde00bb8e1d069265d063d5f500232b9bb26520ad4b886,F06,F,SURPRISE,6,S7,T4,
2029,subesco,F_06_SIMI_S_7_SURPRISE_5.wav,386796,6d16ad7c5cbee084855fcb317814ccad6c91214a1a65bf2869e5f5117f8da94c,F06,F,SURPRISE,6,S7,T5,
2030,subesco,F_06_SIMI_S_8_ANGRY_1.wav,385682,fa868b3947080d719407f82e998202074738d06b6ae155ca72b3c40dc4f09a48,F06,F,ANGRY,0,S8,T1,
2031,subesco,F_06_SIMI_S_8_ANGRY_2.wav,386796,a4035ef37e96209ee2f66154b35ae344f756b2d4b707852479529a765ff72565,F06,F,ANGRY,0,S8,T2,
2032,subesco,F_06_SIMI_S_8_ANGRY_3.wav,386796,f1cdaef86dfdcb048209ebf08f050a10e99829563a472f6e44cc8be977e09d50,F06,F,ANGRY,0,S8,T3,
2033,subesco,F_06_SIMI_S_8_ANGRY_4.wav,386796,d19d0fd0d35093af640ae3c5cfd06446922fd3997a687ab952a623ff8ccb465f,F06,F,ANGRY,0,S8,T4,
2034,subesco,F_06_SIMI_S_8_ANGRY_5.wav,385682,1a98f978a986674a1e0e9054372cee5129f20d6fc6d54ee40222e385d0f08e8b,F06,F,ANGRY,0,S8,T5,
2035,subesco,F_06_SIMI_S_8_DISGUST_1.wav,386796,f02820eb998eb50ca75843c12eedc4bcb489454787b24176bebef61a6ceb824a,F06,F,DISGUST,1,S8,T1,
2036,subesco,F_06_SIMI_S_8_DISGUST_2.wav,384566,f175e734c98b9cc9242f5126352ccded7ea2622b86b84f37e16a0a73dee03504,F06,F,DISGUST,1,S8,T2,
2037,subesco,F_06_SIMI_S_8_DISGUST_3.wav,384566,ffdc142198522244b24016e00b7f8161fbaa2d0c04197eae54881e026da1997b,F06,F,DISGUST,1,S8,T3,
2038,subesco,F_06_SIMI_S_8_DISGUST_4.wav,385682,bac25e0f820754be6baa063df6f2130b514b427a6d00c5cc4b1fd13a9d1fb896,F06,F,DISGUST,1,S8,T4,
2039,subesco,F_06_SIMI_S_8_DISGUST_5.wav,386796,f68b8b450f18fcb015b8235f1856bb8577a6d2dddd3667113f84732714c8d79b,F06,F,DISGUST,1,S8,T5,
2040,subesco,F_06_SIMI_S_8_FEAR_1.wav,578500,d7a6d44687dc3d9ef0ad648509dc09deebe07024fb7d48d5d562b73845b039af,F06,F,FEAR,2,S8,T1,
2041,subesco,F_06_SIMI_S_8_FEAR_2.wav,578500,13ff19473b446428df81069678e706972acb870b34ef771852b7ff9c6e4a038b,F06,F,FEAR,2,S8,T2,
2042,subesco,F_06_SIMI_S_8_FEAR_3.wav,577384,5ccb389bb69b9c9a5e245fadd8002fff3368a7e9604a73bb1090a18292ea5952,F06,F,FEAR,2,S8,T3,
2043,subesco,F_06_SIMI_S_8_FEAR_4.wav,577384,596089fe0c039035047f9b00e8605b2b361e40a4405d234fdca263b11a44fb15,F06,F,FEAR,2,S8,T4,
2044,subesco,F_06_SIMI_S_8_FEAR_5.wav,578500,055035ce4c922c5b63d1457f0e41ff869dadc9a181e09308bf5ac3ec2c34f51c,F06,F,FEAR,2,S8,T5,
2045,subesco,F_06_SIMI_S_8_HAPPY_1.wav,385682,aa7b9822a3082e9f8ddefa3e599acb6b2cf99765b1952e3737896df76251d37b,F06,F,HAPPY,3,S8,T1,
2046,subesco,F_06_SIMI_S_8_HAPPY_2.wav,386796,6ac2b7dfc2009fc4f675a90d1ca2ae1328de8e832b44ba0cdd3ae57e147d5c61,F06,F,HAPPY,3,S8,T2,
2047,subesco,F_06_SIMI_S_8_HAPPY_3.wav,385682,28208a68c47eafff2971b10a6435b1a98770edd249bc458a109306a87e89c1c6,F06,F,HAPPY,3,S8,T3,
2048,subesco,F_06_SIMI_S_8_HAPPY_4.wav,385682,4748366e56167983940e0d5b093a5b73f89a621f5b2aa75331371890f0c1c754,F06,F,HAPPY,3,S8,T4,
2049,subesco,F_06_SIMI_S_8_HAPPY_5.wav,386796,b9ddd570c37f1759acdcfe9c2b96752e6cb6f82b900aead08c210ce385860486,F06,F,HAPPY,3,S8,T5,
2050,subesco,F_06_SIMI_S_8_NEUTRAL_1.wav,385682,a22a898eea98e12451ae42dc39c487b4dc8ec9658b09a4235249e35dce07b4d3,F06,F,NEUTRAL,4,S8,T1,
2051,subesco,F_06_SIMI_S_8_NEUTRAL_2.wav,384566,7ce9713123d8c5d00763477ce859c23b2170814398521f44d4ee3e6ffd47fb5c,F06,F,NEUTRAL,4,S8,T2,
2052,subesco,F_06_SIMI_S_8_NEUTRAL_3.wav,385682,3b7e9dabbc4e1ea5f97698b83d2510ffb9f2f31f5612de6ff128a79330ecb525,F06,F,NEUTRAL,4,S8,T3,
2053,subesco,F_06_SIMI_S_8_NEUTRAL_4.wav,386796,d8004ea206fd2bd07e1061d507b4dbcb6f3de27f3eae6837cd85c339da2128eb,F06,F,NEUTRAL,4,S8,T4,
2054,subesco,F_06_SIMI_S_8_NEUTRAL_5.wav,386796,66e3ebc07ef7e737a494f8a0fd53a101eb34c494ac99478ad54d7cfbcf67991f,F06,F,NEUTRAL,4,S8,T5,
2055,subesco,F_06_SIMI_S_8_SAD_1.wav,385682,bf9a3556f4b2c9cc5badc80915a8d1a837c2ae9f875d6d079d072c4f10beb6bb,F06,F,SAD,5,S8,T1,
2056,subesco,F_06_SIMI_S_8_SAD_2.wav,387910,15249582d74c14b86a6d25cbbd2e9b8859dfc156d5f9a95e7d45c353133354fe,F06,F,SAD,5,S8,T2,
2057,subesco,F_06_SIMI_S_8_SAD_3.wav,386796,f4b67a7d48ee374f57fdf2482a3623d4b72aa4fffd2a817aceb9dce914492fc7,F06,F,SAD,5,S8,T3,
2058,subesco,F_06_SIMI_S_8_SAD_4.wav,384566,efe4d49a926531f31c1bb268c9b9c997f101ed49036ae61cbcf9af4ac03d6bc6,F06,F,SAD,5,S8,T4,
2059,subesco,F_06_SIMI_S_8_SAD_5.wav,385682,0bf68848439d49a065efeefa7a42c02d5c0a085780909b3cefb7b415ec4d2a64,F06,F,SAD,5,S8,T5,
2060,subesco,F_06_SIMI_S_8_SURPRISE_1.wav,386796,5e789fec91b63d2dd9e9a500cac8af4a2119368318c0c39f60619868b77a83e7,F06,F,SURPRISE,6,S8,T1,
2061,subesco,F_06_SIMI_S_8_SURPRISE_2.wav,384566,9ed6d70dfd4aedeb4bb46aea279ab4cea9bea5f4fe2d79cccbe705e426214f4d,F06,F,SURPRISE,6,S8,T2,
2062,subesco,F_06_SIMI_S_8_SURPRISE_3.wav,385682,fd142b53440c32a8a82d1745ece2843482cb528384f2cb04a01127c7c2795600,F06,F,SURPRISE,6,S8,T3,
2063,subesco,F_06_SIMI_S_8_SURPRISE_4.wav,386796,fb8b9c13b6a8bab235ad4e2e3d55ce17375ac5c85ad7053834781d7370fcc40b,F06,F,SURPRISE,6,S8,T4,
2064,subesco,F_06_SIMI_S_8_SURPRISE_5.wav,386796,c5dc024e2b2544a06fb01bd5354adc95df21cdeea0c545bb12df1b66dc6712a3,F06,F,SURPRISE,6,S8,T5,
2065,subesco,F_06_SIMI_S_9_ANGRY_1.wav,384566,9c455095437f73460a6a635747765e3f6267d1a72a51e24ee5609ef1d9d55a37,F06,F,ANGRY,0,S9,T1,
2066,subesco,F_06_SIMI_S_9_ANGRY_2.wav,385682,ea0d0e274f21dbba065bf6c202d8c818086c32eef216b00b28e4be310476e03e,F06,F,ANGRY,0,S9,T2,
2067,subesco,F_06_SIMI_S_9_ANGRY_3.wav,385682,42aa21f061d14d5f6755d16b17f9ba2c0702b85c96dc4173d3a1c52e00ad7769,F06,F,ANGRY,0,S9,T3,
2068,subesco,F_06_SIMI_S_9_ANGRY_4.wav,386796,d98e78131117cc902b3be9066941e533fabb71d9fa719dfda2547e0aa13628ab,F06,F,ANGRY,0,S9,T4,
2069,subesco,F_06_SIMI_S_9_ANGRY_5.wav,386796,9f008955d049e47eba2d4281ff8b60ec5a09f8e2e21e410da069a18601bb52d8,F06,F,ANGRY,0,S9,T5,
2070,subesco,F_06_SIMI_S_9_DISGUST_1.wav,386796,3a97dd8b913f962daf5271e1130b4d931be902515502f2087116fead7aa7a633,F06,F,DISGUST,1,S9,T1,
2071,subesco,F_06_SIMI_S_9_DISGUST_2.wav,385682,501c3dfe9b604d9581516c0a395c2cdb79d19f8d3fe7579ff45a08b71bda4404,F06,F,DISGUST,1,S9,T2,
2072,subesco,F_06_SIMI_S_9_DISGUST_3.wav,386796,75e9188e0cfe14fe9f8ddd29de0a7639350fd94a0e5fab035cb93b8eef659e7b,F06,F,DISGUST,1,S9,T3,
2073,subesco,F_06_SIMI_S_9_DISGUST_4.wav,386796,7d9f381d2d4be528caa4574ffd7de2c6c6000803a22c094b473a0be49adc1c75,F06,F,DISGUST,1,S9,T4,
2074,subesco,F_06_SIMI_S_9_DISGUST_5.wav,385682,ec451f138b8f5c398c4d3f04123dab64463597c360be13c0db25ce0a30491c12,F06,F,DISGUST,1,S9,T5,
2075,subesco,F_06_SIMI_S_9_FEAR_1.wav,385682,6ebc302023ffff2450239e9f79d36cdee44f089a36d50f1f4d5f3b23edeea8c9,F06,F,FEAR,2,S9,T1,
2076,subesco,F_06_SIMI_S_9_FEAR_2.wav,386796,f10c3feff73324d6fc90170ca84fdfbf72a85f442bc6a61013512d7146ed276d,F06,F,FEAR,2,S9,T2,
2077,subesco,F_06_SIMI_S_9_FEAR_3.wav,385682,6650ac9620bbd49b9e6787d5ec7b50efc7f73e403a0b74d8442b9d465f572041,F06,F,FEAR,2,S9,T3,
2078,subesco,F_06_SIMI_S_9_FEAR_4.wav,386796,8fc27bb01383235f9f8036b8ed33c7a57ba065ddafaddf266970ef1111929671,F06,F,FEAR,2,S9,T4,
2079,subesco,F_06_SIMI_S_9_FEAR_5.wav,386796,6f39289c83ce62d1f09d35aa9ec4e158a9ee9a020ad4fb9704af0382b4e60736,F06,F,FEAR,2,S9,T5,
2080,subesco,F_06_SIMI_S_9_HAPPY_1.wav,384566,a14bcd5e925361efeaf62181d792f8eb49f200440d0fd2e2e0da1c8b3090c78f,F06,F,HAPPY,3,S9,T1,
2081,subesco,F_06_SIMI_S_9_HAPPY_2.wav,386796,cedc0ae4e14c21eb8b3be38fe89ccce42ccaa3f9b111e3b7fa3fbdf4afe3530f,F06,F,HAPPY,3,S9,T2,
2082,subesco,F_06_SIMI_S_9_HAPPY_3.wav,385682,08f4dc21c0ff41d5c2d51db2f322142c6d2571010aee1da6fb19c26faef84d62,F06,F,HAPPY,3,S9,T3,
2083,subesco,F_06_SIMI_S_9_HAPPY_4.wav,386796,c3a0430d9096393affd6d4bd446589c6ae0ec484470c69cfd3109c9c6fdfad54,F06,F,HAPPY,3,S9,T4,
2084,subesco,F_06_SIMI_S_9_HAPPY_5.wav,385682,1c5cbbe6963e442350445b8a710d639c96445f124895f5870f5d82e892b55ee2,F06,F,HAPPY,3,S9,T5,
2085,subesco,F_06_SIMI_S_9_NEUTRAL_1.wav,385682,480c7f92a219433b3cd2de008ad657f1dcf2729ecc82a207d3c89d1fe291419b,F06,F,NEUTRAL,4,S9,T1,
2086,subesco,F_06_SIMI_S_9_NEUTRAL_2.wav,384566,1e4843a2f14e3374b339fdf6044d5d59b5b876dcc1ab65f92135da4f6598c722,F06,F,NEUTRAL,4,S9,T2,
2087,subesco,F_06_SIMI_S_9_NEUTRAL_3.wav,385682,75c3fdc97cebcb3a304a976c365a928c0357c57745bc29d389fd13a266387411,F06,F,NEUTRAL,4,S9,T3,
2088,subesco,F_06_SIMI_S_9_NEUTRAL_4.wav,385682,0a1ef6b6fb82d5af1cd29670636b64fc9197ee8436d600bdf4b3fedc17741757,F06,F,NEUTRAL,4,S9,T4,
2089,subesco,F_06_SIMI_S_9_NEUTRAL_5.wav,384566,145f5f9e1c7a39cdb2877360a6546f15d2f30cf00ec96a3e14a50fed6d6c88a0,F06,F,NEUTRAL,4,S9,T5,
2090,subesco,F_06_SIMI_S_9_SAD_1.wav,386796,f567a1c673bf610f6379cac1337b4f6feb9cc4e6778947e65bcc29b37c4830d3,F06,F,SAD,5,S9,T1,
2091,subesco,F_06_SIMI_S_9_SAD_2.wav,385682,e7ec99fdc2d854d61a33756a7d81486cee4e4c918d03e2f95a525b69b34ccc6b,F06,F,SAD,5,S9,T2,
2092,subesco,F_06_SIMI_S_9_SAD_3.wav,386796,9d74fe4cfef09377bf2970acd7b413927ecd5ee50bcd8f489aa1f60fde490c2e,F06,F,SAD,5,S9,T3,
2093,subesco,F_06_SIMI_S_9_SAD_4.wav,385682,74bf2874b23f613afbef84a0efdd05f2b5954408f7aa777b1da2e7e3171405fe,F06,F,SAD,5,S9,T4,
2094,subesco,F_06_SIMI_S_9_SAD_5.wav,385682,44a91906b787a825a97ed9523da78f189c6f3dd147bbb88dcabbf61796ca14f1,F06,F,SAD,5,S9,T5,
2095,subesco,F_06_SIMI_S_9_SURPRISE_1.wav,386796,145dba696fb6f4ee1ed177ac572779b9a507b854a2982de1739e0a2420cb0796,F06,F,SURPRISE,6,S9,T1,
2096,subesco,F_06_SIMI_S_9_SURPRISE_2.wav,385682,afcb062a10b1f2ad2bc2081d52b474c16445bd91027a2b0f72faa3e151d05e17,F06,F,SURPRISE,6,S9,T2,
2097,subesco,F_06_SIMI_S_9_SURPRISE_3.wav,386796,fdaa5b503d768f9d59da846e75cd1a9f69ea8c9a16dd8cbe79068a98b36aa2db,F06,F,SURPRISE,6,S9,T3,
2098,subesco,F_06_SIMI_S_9_SURPRISE_4.wav,385682,6626de79df7f4f8345dfc1d0a19007de8df1ba58b08dd3140bd12130811bc8b6,F06,F,SURPRISE,6,S9,T4,
2099,subesco,F_06_SIMI_S_9_SURPRISE_5.wav,385682,31ca3075119f759210b2a98c16bb5e1be5e10f7b32c84570f74ec741fd898169,F06,F,SURPRISE,6,S9,T5,
2100,subesco,F_07_TITHI_S_10_ANGRY_1.wav,385682,0bcf64a1224b37058bf07b61d92303935b003e24415af1cf7673fc8106f5266d,F07,F,ANGRY,0,S10,T1,
2101,subesco,F_07_TITHI_S_10_ANGRY_2.wav,386796,2029a53ca5ee02e61a3aa266f8db809976f6ffbd0da4805740ed7dfaaf117209,F07,F,ANGRY,0,S10,T2,
2102,subesco,F_07_TITHI_S_10_ANGRY_3.wav,386796,1c676cb8195e4e8691985e3835a61eab5ae040490b161ec77c623bbc19d16863,F07,F,ANGRY,0,S10,T3,
2103,subesco,F_07_TITHI_S_10_ANGRY_4.wav,386796,73b5af194697240e7394da794cc8cac742a4f871de4f1bea7827e6ab19b76f20,F07,F,ANGRY,0,S10,T4,
2104,subesco,F_07_TITHI_S_10_ANGRY_5.wav,386796,c102568654b4718e5e16b8b87982174ff9eab7a3e7834c55640a661bc73d297b,F07,F,ANGRY,0,S10,T5,
2105,subesco,F_07_TITHI_S_10_DISGUST_1.wav,384566,54ca59e6aaa8fbdecf78390130d4e04be10b215933ce2f2842ba24cd3adc3102,F07,F,DISGUST,1,S10,T1,
2106,subesco,F_07_TITHI_S_10_DISGUST_2.wav,385682,25f268d300448bf535bf131b0f981587e09c5c93f78b25dfe4236128cddea830,F07,F,DISGUST,1,S10,T2,
2107,subesco,F_07_TITHI_S_10_DISGUST_3.wav,385682,f70177626f9b915c2331c5aef9fc4585638a6209442986d9e9d316b1c8782c05,F07,F,DISGUST,1,S10,T3,
2108,subesco,F_07_TITHI_S_10_DISGUST_4.wav,385682,f3dc0fb279ac52421de60af19cb67aeb8294c8f76ec00136f0cf17d9ff6a3c08,F07,F,DISGUST,1,S10,T4,
2109,subesco,F_07_TITHI_S_10_DISGUST_5.wav,385682,909b977bbcc63cf34e123e6249ca195f8c988ce810c9ac29ea6c134d6a74c46e,F07,F,DISGUST,1,S10,T5,
2110,subesco,F_07_TITHI_S_10_FEAR_1.wav,386796,75e19be447f8fad1cbb91fca44681f4625794768ad2d563313cbd6ca2c0884f6,F07,F,FEAR,2,S10,T1,
2111,subesco,F_07_TITHI_S_10_FEAR_2.wav,386796,e1d8b793958e240b445b17ceb9f5136663c253e947bb7e2ccd62ce08809a0402,F07,F,FEAR,2,S10,T2,
2112,subesco,F_07_TITHI_S_10_FEAR_3.wav,385682,9eeab8cad8d609402336fee86b5ba498c581505f02b8c3733f401a27d45f92bc,F07,F,FEAR,2,S10,T3,
2113,subesco,F_07_TITHI_S_10_FEAR_4.wav,386796,2fc3f05be0e731100b23a5fbd5981b2fb54ed16e0ea065ce0ed3b5b0b37d4097,F07,F,FEAR,2,S10,T4,
2114,subesco,F_07_TITHI_S_10_FEAR_5.wav,385682,954f317ff7d300e577952224c1228c2f0ebd927a97c2e9449b8993fcc9432783,F07,F,FEAR,2,S10,T5,
2115,subesco,F_07_TITHI_S_10_HAPPY_1.wav,386796,1360ab72920155fee46b7223ba3303776a46d20d858961402c907b696cc2e2cc,F07,F,HAPPY,3,S10,T1,
2116,subesco,F_07_TITHI_S_10_HAPPY_2.wav,384566,b4f893d01b5aa8b9c58e6cb4b113dfed6c7f0bdbeadbe6065e09afa50a4924ef,F07,F,HAPPY,3,S10,T2,
2117,subesco,F_07_TITHI_S_10_HAPPY_3.wav,386796,b5a18a2b34e22dcef796c132ce5e91ccb35beb45f68b43d464bd9aee1a83acaa,F07,F,HAPPY,3,S10,T3,
2118,subesco,F_07_TITHI_S_10_HAPPY_4.wav,386796,d3777c2882b583e41c1cad3460a6d4f66f43e630dfd322b926af6ba5114a36f0,F07,F,HAPPY,3,S10,T4,
2119,subesco,F_07_TITHI_S_10_HAPPY_5.wav,385682,73e33270cbd5246ec666b7bed840781a519f5bb46ad44d03747dbdee990b250f,F07,F,HAPPY,3,S10,T5,
2120,subesco,F_07_TITHI_S_10_NEUTRAL_1.wav,386796,93f874d87f08c85dbd072b0ac7d08ceaef24d5b0a85c0f9272aa7afa84cccd7d,F07,F,NEUTRAL,4,S10,T1,
2121,subesco,F_07_TITHI_S_10_NEUTRAL_2.wav,386796,8bbf6769c4b3c90f5130f9b10b8ee3229d965f95602d4cc1af3cc1003027574f,F07,F,NEUTRAL,4,S10,T2,
2122,subesco,F_07_TITHI_S_10_NEUTRAL_3.wav,386796,a6ab5b26d79b80fe7d180e324f3858c5a0f0710335fb27e1adeb20581d6b1cc2,F07,F,NEUTRAL,4,S10,T3,
2123,subesco,F_07_TITHI_S_10_NEUTRAL_4.wav,385682,97251dbc7d0d20cc59a1808e86aea24c247783b6d7ba37810fef7d812b2572ca,F07,F,NEUTRAL,4,S10,T4,
2124,subesco,F_07_TITHI_S_10_NEUTRAL_5.wav,386796,c3fa778fc2af7e05cefd5078bbd71109cdaa219603edbf5c4b85389478cab1d3,F07,F,NEUTRAL,4,S10,T5,
2125,subesco,F_07_TITHI_S_10_SAD_1.wav,386796,8a8838d7734ef3e13f5bff0d870cf757b3e80745686438724badf706db99c117,F07,F,SAD,5,S10,T1,
2126,subesco,F_07_TITHI_S_10_SAD_2.wav,385682,e484255b57eedbc6b19b1700236ee674f1abc0703b43a23a252136c2bf99750e,F07,F,SAD,5,S10,T2,
2127,subesco,F_07_TITHI_S_10_SAD_3.wav,386796,6492c427a6ad8fdae7427595c8f2a392397506bf628513e9a9e7b1503c915b7f,F07,F,SAD,5,S10,T3,
2128,subesco,F_07_TITHI_S_10_SAD_4.wav,385682,558497810c24bc3677eaae5d721becdf6bbb85616ad624298071a4b8dcf68123,F07,F,SAD,5,S10,T4,
2129,subesco,F_07_TITHI_S_10_SAD_5.wav,384566,d2517d7fa13a9386890aec5d4be42f31f5efdec35b72d36d304f0dd1aa5f8e6c,F07,F,SAD,5,S10,T5,
2130,subesco,F_07_TITHI_S_10_SURPRISE_1.wav,386796,55a95d16577806e5f2ebd1f9037e1e16de91af8821bf13b222403fdc406166c9,F07,F,SURPRISE,6,S10,T1,
2131,subesco,F_07_TITHI_S_10_SURPRISE_2.wav,386796,035d6166730eeda075b00e349cbb529957e9c2b5e4b272d333a9626ff9645007,F07,F,SURPRISE,6,S10,T2,
2132,subesco,F_07_TITHI_S_10_SURPRISE_3.wav,385682,75fed9f620c274ebadad783c72d89c1a2b99195a61503180a01ac0efbacb6010,F07,F,SURPRISE,6,S10,T3,
2133,subesco,F_07_TITHI_S_10_SURPRISE_4.wav,386796,230b34ed4e236e74e45901ffc18f6cf81613db52f52756b773342d0472d7cd99,F07,F,SURPRISE,6,S10,T4,
2134,subesco,F_07_TITHI_S_10_SURPRISE_5.wav,385682,e432116581072503eed2c9a1e50804f312899b669b5dd4355ee31eca45f52bcd,F07,F,SURPRISE,6,S10,T5,
2135,subesco,F_07_TITHI_S_1_ANGRY_1.wav,385682,578f78927f773d3b380cfceb87c9a2bc6726baeca73034b2947a7f13400caf89,F07,F,ANGRY,0,S1,T1,
2136,subesco,F_07_TITHI_S_1_ANGRY_2.wav,386796,a12f81bf61640d371cbfca236f12cfd8b3874b9adc3f73979375c3130ac68050,F07,F,ANGRY,0,S1,T2,
2137,subesco,F_07_TITHI_S_1_ANGRY_3.wav,386796,5cc0c8b410c5ad16946f095a6d7b8d91766fa02bd40097b2b8b5d8b5bf2f8393,F07,F,ANGRY,0,S1,T3,
2138,subesco,F_07_TITHI_S_1_ANGRY_4.wav,386796,8d2f426ab9a112860862453b2075fbef2ab741797983188551573d536cb95dcf,F07,F,ANGRY,0,S1,T4,
2139,subesco,F_07_TITHI_S_1_ANGRY_5.wav,386796,a3d9c3bae7fbd66cf377c44bfdcde9bf7e9a8baf705b6466d3c2060eff0e80da,F07,F,ANGRY,0,S1,T5,
2140,subesco,F_07_TITHI_S_1_DISGUST_1.wav,386796,8eb063e77d44e6a1ef412b32cd2c20601d12e2af7a6d4708738e8d13e1734b26,F07,F,DISGUST,1,S1,T1,
2141,subesco,F_07_TITHI_S_1_DISGUST_2.wav,386796,714ddf923534813132ccb1b0c4e681e20bdcc7074d779efc84d98b8ff48d78ae,F07,F,DISGUST,1,S1,T2,
2142,subesco,F_07_TITHI_S_1_DISGUST_3.wav,386796,3c3bb5e35e62e19113203f6e0b0071ff479cc56c1ef69f060d9afcfdc6b6958a,F07,F,DISGUST,1,S1,T3,
2143,subesco,F_07_TITHI_S_1_DISGUST_4.wav,385682,031fe7e218e85adfd91137b9da3a9dfafe3fb2739ebfcc0bec3604a4c28c181c,F07,F,DISGUST,1,S1,T4,
2144,subesco,F_07_TITHI_S_1_DISGUST_5.wav,386796,0654f9a2c1ea366dd9f7ad0877cb73866ac24fc478b4662eb30230c020fe9955,F07,F,DISGUST,1,S1,T5,
2145,subesco,F_07_TITHI_S_1_FEAR_1.wav,385682,cb769c8628d47696d7ae15d3abfe0de9189a252583cbb92bb41df36457c477a1,F07,F,FEAR,2,S1,T1,
2146,subesco,F_07_TITHI_S_1_FEAR_2.wav,385682,64ba817f0d17ebdc3b9a46468c12f4dbec947ae00e8b0027ba287644a6dacd01,F07,F,FEAR,2,S1,T2,
2147,subesco,F_07_TITHI_S_1_FEAR_3.wav,386796,4072353e0c5669a9eac9fc97c2ad2b9b8df746003f3c0f1b1336a724a11a0b9c,F07,F,FEAR,2,S1,T3,
2148,subesco,F_07_TITHI_S_1_FEAR_4.wav,385682,6b1d448a6a262a26cb9ee7c22388d822c8cf3f35aee616f248bec30ea2dadbb0,F07,F,FEAR,2,S1,T4,
2149,subesco,F_07_TITHI_S_1_FEAR_5.wav,385682,47aa7ff7e4e279b532d5ba5a8781a58407c8f22c6dd5c9b1d0042e9779e05451,F07,F,FEAR,2,S1,T5,
2150,subesco,F_07_TITHI_S_1_HAPPY_1.wav,386796,261ba306d1b9c324f5ad6fafce1941744c3784ce029aa33cd6897e9c19d315c9,F07,F,HAPPY,3,S1,T1,
2151,subesco,F_07_TITHI_S_1_HAPPY_2.wav,386796,c8cd2040c56e55cfff4205d9ade4889a95ee41eecf4c3fe606d9dabf0e013dfa,F07,F,HAPPY,3,S1,T2,
2152,subesco,F_07_TITHI_S_1_HAPPY_3.wav,385682,d58f1fe6e91d058d663e456169e69d22c258125b69c7383aa66f77f084e23400,F07,F,HAPPY,3,S1,T3,
2153,subesco,F_07_TITHI_S_1_HAPPY_4.wav,386796,e7858bf8fc77b434a5897aa9014518195051ffdcbd4808934524a327cc56471d,F07,F,HAPPY,3,S1,T4,
2154,subesco,F_07_TITHI_S_1_HAPPY_5.wav,386796,5d14d75d885eaa67069209ea68ae768558e27dfd1cbc0ae6ef7fa687270631d8,F07,F,HAPPY,3,S1,T5,
2155,subesco,F_07_TITHI_S_1_NEUTRAL_1.wav,385682,0533000c74c47dcfdaa0e555873369e12c5e6da6758568b41bd206180dde6337,F07,F,NEUTRAL,4,S1,T1,
2156,subesco,F_07_TITHI_S_1_NEUTRAL_2.wav,385682,b953a5cd8f864b8754e3ded7ff01147d2e726fb6b76f3ef474868ebba3b30247,F07,F,NEUTRAL,4,S1,T2,
2157,subesco,F_07_TITHI_S_1_NEUTRAL_3.wav,385682,d1b967c25b6cfd2ef590ff8481bfe83ec022b09de59a0c37fcbfb25c9c50ed9c,F07,F,NEUTRAL,4,S1,T3,
2158,subesco,F_07_TITHI_S_1_NEUTRAL_4.wav,386796,ac7ee101fb029429dcadb91b717ff12d1445250d17ca57185d28c2c1528fb202,F07,F,NEUTRAL,4,S1,T4,
2159,subesco,F_07_TITHI_S_1_NEUTRAL_5.wav,386796,6c0fb97ce96a4a7cbc4c253f39f58e8965bab583e3d534e6e772434c40c16c4f,F07,F,NEUTRAL,4,S1,T5,
2160,subesco,F_07_TITHI_S_1_SAD_1.wav,385682,6fbb0e6a819a3a8460f529b4f73c56996d87cf29321ab8db886fac4eedaeb7be,F07,F,SAD,5,S1,T1,
2161,subesco,F_07_TITHI_S_1_SAD_2.wav,385682,c8189d88a0728c49b4ba2214d442ef416e837b014dfa979f628a99aae0ebd2f5,F07,F,SAD,5,S1,T2,
2162,subesco,F_07_TITHI_S_1_SAD_3.wav,386796,0920b3160066a14d42650305dc6dfd967bc7a222da9bb2024faa59a2ae24c4ff,F07,F,SAD,5,S1,T3,
2163,subesco,F_07_TITHI_S_1_SAD_4.wav,385682,20190860c862fe9d948372694749b27cf99599345c4c401303b0ce96875e4258,F07,F,SAD,5,S1,T4,
2164,subesco,F_07_TITHI_S_1_SAD_5.wav,385682,2f1cae8aa3d1e1033453555114bd7260d98eb64274375299f3c7934125f2606b,F07,F,SAD,5,S1,T5,
2165,subesco,F_07_TITHI_S_1_SURPRISE_1.wav,386796,65696808536be9bd5d211045b259d18904f5c254e4b1544f4b4419a9ac0d1296,F07,F,SURPRISE,6,S1,T1,
2166,subesco,F_07_TITHI_S_1_SURPRISE_2.wav,386796,d99b24ad24f89f74d8d84ae2aebd80d187fd14b62cd3a6b7b4ffae671c338e5c,F07,F,SURPRISE,6,S1,T2,
2167,subesco,F_07_TITHI_S_1_SURPRISE_3.wav,387910,cbbacc2cf14af1b9cb6019d777cca6b01d96e66004c642627ff7aed500a401ec,F07,F,SURPRISE,6,S1,T3,
2168,subesco,F_07_TITHI_S_1_SURPRISE_4.wav,387910,1eed7c8351c05255ece6adf676c3939f593e16b97fa4fe23f62cf4c35c8eae2e,F07,F,SURPRISE,6,S1,T4,
2169,subesco,F_07_TITHI_S_1_SURPRISE_5.wav,387910,b28904f0bd3dd713a013799ddbd0b341fce29523fa13311ae33b816986279f51,F07,F,SURPRISE,6,S1,T5,
2170,subesco,F_07_TITHI_S_2_ANGRY_1.wav,386796,677edece04eda474ba6b19ab4177e001202fcfb545971941ec2bdebfaca02307,F07,F,ANGRY,0,S2,T1,
2171,subesco,F_07_TITHI_S_2_ANGRY_2.wav,385682,b0c5d0de36987e56066acba7711123d47173297c243dde254189eb8ff780493f,F07,F,ANGRY,0,S2,T2,
2172,subesco,F_07_TITHI_S_2_ANGRY_3.wav,386796,e65ca9c634c804cac057575ec649f8887a754262c166416456dd0850f09cc543,F07,F,ANGRY,0,S2,T3,
2173,subesco,F_07_TITHI_S_2_ANGRY_4.wav,385682,7757a616e6321c2a93c44e4234f9a9b766b28c091a59ca40bbe6b59c61b154a1,F07,F,ANGRY,0,S2,T4,
2174,subesco,F_07_TITHI_S_2_ANGRY_5.wav,385682,8949107b9f232ddf800c2947ab8167cd87ab308e68877ed3d9e48bb115984b56,F07,F,ANGRY,0,S2,T5,
2175,subesco,F_07_TITHI_S_2_DISGUST_1.wav,386796,9056cd6fec555162b860badfa60668bb3470f02ce767505997873dc67706b728,F07,F,DISGUST,1,S2,T1,
2176,subesco,F_07_TITHI_S_2_DISGUST_2.wav,384566,a06b03bb8e89432dec7ed333569ad7454f94f402fde44d708ce36381c98f4d7d,F07,F,DISGUST,1,S2,T2,
2177,subesco,F_07_TITHI_S_2_DISGUST_3.wav,386796,b879570051497a38449d554fcd9e44ac1ff38f3fcd2f31b800a1953a0572f655,F07,F,DISGUST,1,S2,T3,
2178,subesco,F_07_TITHI_S_2_DISGUST_4.wav,386796,a99f1170ddb3fc374fa2757737c142cf7aab97e8cb76bcba3b39067682a1b6c8,F07,F,DISGUST,1,S2,T4,
2179,subesco,F_07_TITHI_S_2_DISGUST_5.wav,386796,748c698c32fe12d36ea1696042d88bb9b815cd0b57008a7b8ee14dee4d80bf96,F07,F,DISGUST,1,S2,T5,
2180,subesco,F_07_TITHI_S_2_FEAR_1.wav,385682,0eb0f44a47f8dbc10caf661bcf94232925bf73b466f741aeb7f95e03b58dc414,F07,F,FEAR,2,S2,T1,
2181,subesco,F_07_TITHI_S_2_FEAR_2.wav,384566,acaad51f986b5912ad82fed16df6ea4306a220f1b25791d48b13fd14282d22b7,F07,F,FEAR,2,S2,T2,
2182,subesco,F_07_TITHI_S_2_FEAR_3.wav,386796,624244cad91432a5dd0f0ba407eb38f8b44fd8f3fbdac1a09697024be868bc33,F07,F,FEAR,2,S2,T3,
2183,subesco,F_07_TITHI_S_2_FEAR_4.wav,386796,3acbc59189c6472437351dddb6847c9353c0588a701aafe495edb4150abf86ba,F07,F,FEAR,2,S2,T4,
2184,subesco,F_07_TITHI_S_2_FEAR_5.wav,385682,16fea20c1ae3c133b326572965ce4c2b4b86e9509f25dee045177be2ad3b1b8e,F07,F,FEAR,2,S2,T5,
2185,subesco,F_07_TITHI_S_2_HAPPY_1.wav,385682,743822f57dbe0c5ad3bb56f50d1c7f80a9798d5ec2041826f3708d0356d89713,F07,F,HAPPY,3,S2,T1,
2186,subesco,F_07_TITHI_S_2_HAPPY_2.wav,385682,d55effa9649abbfaedbdf63820eb01b9e61f42fef319ea4c1d465811f2b5d66c,F07,F,HAPPY,3,S2,T2,
2187,subesco,F_07_TITHI_S_2_HAPPY_3.wav,385682,3cc251ddb27c17b512b400e24288d41557535da24a0d6cde2f8c5ba2ca1a34c3,F07,F,HAPPY,3,S2,T3,
2188,subesco,F_07_TITHI_S_2_HAPPY_4.wav,384566,033f4786995485e707c694ecbef70ba40725d27a64f70d6281e65ee428bd62d7,F07,F,HAPPY,3,S2,T4,
2189,subesco,F_07_TITHI_S_2_HAPPY_5.wav,386796,8da3d1ead3210ae95a48cef49f14ac76049f43f8e835a414d2e10d5122eb2a3f,F07,F,HAPPY,3,S2,T5,
2190,subesco,F_07_TITHI_S_2_NEUTRAL_1.wav,384566,b257f5c8bbab6235cdc6b4c8367a352760096a48bddb32b152aa1c5b9a20c14f,F07,F,NEUTRAL,4,S2,T1,
2191,subesco,F_07_TITHI_S_2_NEUTRAL_2.wav,385682,4ca55080599e5da3b891e659926ba8877fad4c88469aec2fcf77e4375e089eb0,F07,F,NEUTRAL,4,S2,T2,
2192,subesco,F_07_TITHI_S_2_NEUTRAL_3.wav,386796,7a858ca336f31a5823834ec9c8091a00752123f6d8840963bc64316b6e110c02,F07,F,NEUTRAL,4,S2,T3,
2193,subesco,F_07_TITHI_S_2_NEUTRAL_4.wav,386796,2e2b4de65e49a71a347f896a6db73586fb61f10d7b71a9b376985ea00d1345f2,F07,F,NEUTRAL,4,S2,T4,
2194,subesco,F_07_TITHI_S_2_NEUTRAL_5.wav,385682,3732c44252a686ea1eb581552cf27b9f6f0377f74e1c113203f01f35df29050b,F07,F,NEUTRAL,4,S2,T5,
2195,subesco,F_07_TITHI_S_2_SAD_1.wav,384566,a21f371689aa4cb6c98392a8084fe04d6225db91f975a6ed780a902a24872981,F07,F,SAD,5,S2,T1,
2196,subesco,F_07_TITHI_S_2_SAD_2.wav,385682,526c061becb0d665db2fb78d913a77560f37f3ed935f8b3aca0b7b3f14bd8b56,F07,F,SAD,5,S2,T2,
2197,subesco,F_07_TITHI_S_2_SAD_3.wav,386796,6d52aba1881ce69587be9533054d029f6ff2ee81ec080eb6ebd6bb16780b2ea3,F07,F,SAD,5,S2,T3,
2198,subesco,F_07_TITHI_S_2_SAD_4.wav,385682,accd404431f4d01056a94cce801b25804c49da416937fa68e631ea10f2b4c734,F07,F,SAD,5,S2,T4,
2199,subesco,F_07_TITHI_S_2_SAD_5.wav,385682,5c558d7449b4bf3246da687df7b7301b93b70d4798ba3fb2d7e4c2cb0036f14c,F07,F,SAD,5,S2,T5,
2200,subesco,F_07_TITHI_S_2_SURPRISE_1.wav,384566,5a093dc0c236825b9bba1de0056df466d9c3d5117bc442c7436c6aede59f5e90,F07,F,SURPRISE,6,S2,T1,
2201,subesco,F_07_TITHI_S_2_SURPRISE_2.wav,386796,e77ce1ba449f43a3c045ca2dd59348b1e34c8a4f15d10ce31a2da043a45d15b9,F07,F,SURPRISE,6,S2,T2,
2202,subesco,F_07_TITHI_S_2_SURPRISE_3.wav,385682,0c766de54ab75205a57d624af9ab93a9b46c2cece110880627e9500c4d658bcb,F07,F,SURPRISE,6,S2,T3,
2203,subesco,F_07_TITHI_S_2_SURPRISE_4.wav,385682,6065941059a6d262793495da302226b228864faec7af4fba15a92e0820a3a4f8,F07,F,SURPRISE,6,S2,T4,
2204,subesco,F_07_TITHI_S_2_SURPRISE_5.wav,386796,b4683990b7f28f3a8085e11fadbc3bac449cbe8c8e35fd061a7a0fd44e68ceb7,F07,F,SURPRISE,6,S2,T5,
2205,subesco,F_07_TITHI_S_3_ANGRY_1.wav,386796,986829e3a857061382220c34615d6498bda6e04539c37bfaefa62d83bcdb157c,F07,F,ANGRY,0,S3,T1,
2206,subesco,F_07_TITHI_S_3_ANGRY_2.wav,386796,61589ad2391a8aeda48120e838d5902255e8ecbca5fec572665364f0c0a07d44,F07,F,ANGRY,0,S3,T2,
2207,subesco,F_07_TITHI_S_3_ANGRY_3.wav,386796,0ccc965d0ca1b1830ba8bcf919627a2e8f0aa9a6e340979fc9b9a4e55d798532,F07,F,ANGRY,0,S3,T3,
2208,subesco,F_07_TITHI_S_3_ANGRY_4.wav,385682,4d89ccfaf3ccc8eb9c8a6cc951d80fa84def46ed658e79b74656d2c901e31d5a,F07,F,ANGRY,0,S3,T4,
2209,subesco,F_07_TITHI_S_3_ANGRY_5.wav,386796,636ced5cbb756381e3eed857c75ec2a3ecb79eedaedfde70ea28f8143f8ae9ce,F07,F,ANGRY,0,S3,T5,
2210,subesco,F_07_TITHI_S_3_DISGUST_1.wav,386796,ccd5e023f98b7a848a8f07b94e212250429586880ece1283225c6ecd2734f475,F07,F,DISGUST,1,S3,T1,
2211,subesco,F_07_TITHI_S_3_DISGUST_2.wav,386796,e3dafc20c96530385d62f1a873a8136b8975ac2b8427abfaee92f0d16c06e1ce,F07,F,DISGUST,1,S3,T2,
2212,subesco,F_07_TITHI_S_3_DISGUST_3.wav,386796,73491b7b6c888bab5ecabaf8f87272b494263dfc122c5d2d8e9afea1bbbf3ec2,F07,F,DISGUST,1,S3,T3,
2213,subesco,F_07_TITHI_S_3_DISGUST_4.wav,386796,450b223597d2e01843407dd1127952e1479d38fe19c43889c2a3eafe917b685d,F07,F,DISGUST,1,S3,T4,
2214,subesco,F_07_TITHI_S_3_DISGUST_5.wav,385682,1b94c69d2271de9b05f58ee462a413c32e2d5199c62b9db262c95ab1b9c06d9d,F07,F,DISGUST,1,S3,T5,
2215,subesco,F_07_TITHI_S_3_FEAR_1.wav,385682,721613cce9fd39674343453d8caca6de6d5db0d32accfb9bf22c0a8cde731ca8,F07,F,FEAR,2,S3,T1,
2216,subesco,F_07_TITHI_S_3_FEAR_2.wav,385682,2603cbcd7ebf5e5aa87a5e909780bb1082fcc41567060f1b4bfe624d604c8afc,F07,F,FEAR,2,S3,T2,
2217,subesco,F_07_TITHI_S_3_FEAR_3.wav,386796,0e8e9e8fe6403e8cf1eb3fa9967a590937c179d94544d91551052086f6139596,F07,F,FEAR,2,S3,T3,
2218,subesco,F_07_TITHI_S_3_FEAR_4.wav,385682,01c80a9c33ab2e2c1b218144980c80c65629894718762be7ae324edd52315cd2,F07,F,FEAR,2,S3,T4,
2219,subesco,F_07_TITHI_S_3_FEAR_5.wav,386796,12528c7bd97c52ec310a9fca8b49b78f2377ca4659a7bfddef9a9c710607e3e6,F07,F,FEAR,2,S3,T5,
2220,subesco,F_07_TITHI_S_3_HAPPY_1.wav,386796,289666a25b1bd5c59c5ca134a13188d52c09b78dab50fd115fc8193dfa1b7df5,F07,F,HAPPY,3,S3,T1,
2221,subesco,F_07_TITHI_S_3_HAPPY_2.wav,386796,118ba7a31945b07332d67109cd7d3242fcfcc7c260e6eb76c8c04b34b030509a,F07,F,HAPPY,3,S3,T2,
2222,subesco,F_07_TITHI_S_3_HAPPY_3.wav,386796,a2d83e7494524fd5ce26e23508ae92d2a13eb882f68b0e3c0c5d3d4b84848978,F07,F,HAPPY,3,S3,T3,
2223,subesco,F_07_TITHI_S_3_HAPPY_4.wav,385682,d3f619f820d24402490c7254e703e487a59421f61c07416198ea13e2cdb6f0b0,F07,F,HAPPY,3,S3,T4,
2224,subesco,F_07_TITHI_S_3_HAPPY_5.wav,385682,00f6388564c0c0aba3c1ddadf6fe0f496713b8437d1384abfa37639c6ae6d974,F07,F,HAPPY,3,S3,T5,
2225,subesco,F_07_TITHI_S_3_NEUTRAL_1.wav,384566,eb233685678b11b6c9a8353780a8922abb0163c976f1b75a547813df8b9924de,F07,F,NEUTRAL,4,S3,T1,
2226,subesco,F_07_TITHI_S_3_NEUTRAL_2.wav,385682,b607251fbef6874dcea5431c0b4b6c319f2347e6a520870ca2f9b6f0e53a9f6e,F07,F,NEUTRAL,4,S3,T2,
2227,subesco,F_07_TITHI_S_3_NEUTRAL_3.wav,386796,e40636f21b061132ffce7d1d758914c27c2d47f7e8024a870cbdc04e7315e3a0,F07,F,NEUTRAL,4,S3,T3,
2228,subesco,F_07_TITHI_S_3_NEUTRAL_4.wav,385682,c8de43c6d9b2fc532afb747adda85a2249f9e364f1ac4211bad45ec047e081cd,F07,F,NEUTRAL,4,S3,T4,
2229,subesco,F_07_TITHI_S_3_NEUTRAL_5.wav,385682,aff627fb76781de4705476ed305fcdffeedb410185b37d37276be28ecc958b11,F07,F,NEUTRAL,4,S3,T5,
2230,subesco,F_07_TITHI_S_3_SAD_1.wav,386796,a28eb726342d15945a154ea6855df8e5cfbcaf39e52a148425b223962cd6ba50,F07,F,SAD,5,S3,T1,
2231,subesco,F_07_TITHI_S_3_SAD_2.wav,386796,d99ca737e3763837bd4c0aaf367da08a37191ae69d8cbdf6374de039069db059,F07,F,SAD,5,S3,T2,
2232,subesco,F_07_TITHI_S_3_SAD_3.wav,386796,0f0723ea52be89ddc62a1663cab965982b1393fd335139c886f46463ee44ce61,F07,F,SAD,5,S3,T3,
2233,subesco,F_07_TITHI_S_3_SAD_4.wav,386796,e11e85c6206a5164580ab7b7cf6e1e6633fc1ca6e4ca0f5381d4c697a0e1b101,F07,F,SAD,5,S3,T4,
2234,subesco,F_07_TITHI_S_3_SAD_5.wav,384566,6073f29964255d88e7b0cb21b91679465094786db610a163f6f3e8c6a2a5f5a3,F07,F,SAD,5,S3,T5,
2235,subesco,F_07_TITHI_S_3_SURPRISE_1.wav,385682,35ab73ad2a3c06e3d29370280571710d8c67d499f852206a9bd7b688c47f2264,F07,F,SURPRISE,6,S3,T1,
2236,subesco,F_07_TITHI_S_3_SURPRISE_2.wav,386796,a898f5bddca0c2eb015e85d51a61625c90739d9404033b5d2371a36b42a25aae,F07,F,SURPRISE,6,S3,T2,
2237,subesco,F_07_TITHI_S_3_SURPRISE_3.wav,386796,4334a9667104efc3c88c7faff410af90ec5ac6da7bd7f35c69ef3570c1818090,F07,F,SURPRISE,6,S3,T3,
2238,subesco,F_07_TITHI_S_3_SURPRISE_4.wav,385682,302be21f2476f8746c8f6e78df069c4da64f4b80fa52e24cb29fdbdef1bbb2ef,F07,F,SURPRISE,6,S3,T4,
2239,subesco,F_07_TITHI_S_3_SURPRISE_5.wav,385682,b37fbcdcbe6a7c74d8983e061b94787168957940f0594fea5c10f7e099de6622,F07,F,SURPRISE,6,S3,T5,
2240,subesco,F_07_TITHI_S_4_ANGRY_1.wav,386796,5fc31b223156112ff6154aff1e4fb684e68c92318d8c75b99c8530983e136283,F07,F,ANGRY,0,S4,T1,
2241,subesco,F_07_TITHI_S_4_ANGRY_2.wav,386796,552e12a45e865d706713992a95b9135db98e9994ac52006a841490b3ab1c7249,F07,F,ANGRY,0,S4,T2,
2242,subesco,F_07_TITHI_S_4_ANGRY_3.wav,386796,c4f1ba5fbce05befce1e9929c9041ce7b104700cff4024143809e0aae5840548,F07,F,ANGRY,0,S4,T3,
2243,subesco,F_07_TITHI_S_4_ANGRY_4.wav,386796,31b2cbe57228e519f567a3c21f84ed8534dfe2d0fdad0ddf4dc5da64cd6fa8da,F07,F,ANGRY,0,S4,T4,
2244,subesco,F_07_TITHI_S_4_ANGRY_5.wav,386796,195ba1ccf6a5aecdaaf08222745549e9002183daab290f98718a923d51e64aa1,F07,F,ANGRY,0,S4,T5,
2245,subesco,F_07_TITHI_S_4_DISGUST_1.wav,385682,008a9f2cee150ad4b88eb77f0a298a1fdf9094b89670219cb0a3f05b31e2a24b,F07,F,DISGUST,1,S4,T1,
2246,subesco,F_07_TITHI_S_4_DISGUST_2.wav,385682,6e63d44bedc88911b57621d4600682eb38a50ca17a5744a7c51111225ae5de08,F07,F,DISGUST,1,S4,T2,
2247,subesco,F_07_TITHI_S_4_DISGUST_3.wav,384566,9648d0ddc735ca589e3c46f014aafaeaa3929b593ba1019e7826402945f16735,F07,F,DISGUST,1,S4,T3,
2248,subesco,F_07_TITHI_S_4_DISGUST_4.wav,385682,7c0b7bcfe431584c13beb4ad4b67577ee0e1f2e79c2c68e0aad75aea53b2e783,F07,F,DISGUST,1,S4,T4,
2249,subesco,F_07_TITHI_S_4_DISGUST_5.wav,386796,2d6078050788bbc53906f6c50149ba4cf6de10e3a295157d077bfd9fac4e381f,F07,F,DISGUST,1,S4,T5,
2250,subesco,F_07_TITHI_S_4_FEAR_1.wav,384566,a80649b51bbcedf4da9b2e9259ce3bbb0b0c217e9f461bdb412b87dba7465bd5,F07,F,FEAR,2,S4,T1,
2251,subesco,F_07_TITHI_S_4_FEAR_2.wav,386796,f1f691322962cc667d414eaf8f43eb3f10b808952122ae78c34abda9290a711c,F07,F,FEAR,2,S4,T2,
2252,subesco,F_07_TITHI_S_4_FEAR_3.wav,386796,4eabaf3de253b6a78bce565d0b94eae76e97e79680a55d7d6736b3502aad8de7,F07,F,FEAR,2,S4,T3,
2253,subesco,F_07_TITHI_S_4_FEAR_4.wav,385682,26920ebac4947426ad1cec7f31191674d6921b6e49709821d1c5c0fa84b3e2b8,F07,F,FEAR,2,S4,T4,
2254,subesco,F_07_TITHI_S_4_FEAR_5.wav,386796,b99ba4566128219d54ee37fbe3c820f250e9cb2b93aa8623ed7bc3e3f60f4109,F07,F,FEAR,2,S4,T5,
2255,subesco,F_07_TITHI_S_4_HAPPY_1.wav,385682,b3d2098b432ff8f1d9d23c5e765379c4a33529ea2c45ad9774a88fbdd5b06620,F07,F,HAPPY,3,S4,T1,
2256,subesco,F_07_TITHI_S_4_HAPPY_2.wav,385682,6bd488ccadb1b9e527a3e8cbffaf1962ecd5ee76850269049531aed51d153a78,F07,F,HAPPY,3,S4,T2,
2257,subesco,F_07_TITHI_S_4_HAPPY_3.wav,385682,902347ecbd97cc18738c538ab72f14a1b41c45583a4a2a85271229a808831f5c,F07,F,HAPPY,3,S4,T3,
2258,subesco,F_07_TITHI_S_4_HAPPY_4.wav,385682,96e9a8067cece476aca21a3d565c4e9fff7fa7831266cea644e790124fa3c03c,F07,F,HAPPY,3,S4,T4,
2259,subesco,F_07_TITHI_S_4_HAPPY_5.wav,387910,a2356119139b00b9def953af53fc5d26578e4818ea6021df98cb24f120f0b6b3,F07,F,HAPPY,3,S4,T5,
2260,subesco,F_07_TITHI_S_4_NEUTRAL_1.wav,384566,0037904f926e86fdcc13f4ef81e28492ffa8e61238c52adf73d8f062845dadbc,F07,F,NEUTRAL,4,S4,T1,
2261,subesco,F_07_TITHI_S_4_NEUTRAL_2.wav,386796,e1c8ef05ffe4b440aab08576b767303127a9f2d43d75841a360081a69cd18c68,F07,F,NEUTRAL,4,S4,T2,
2262,subesco,F_07_TITHI_S_4_NEUTRAL_3.wav,386796,c528a28ace2eb9f96b2223bf0c2b7005a54c8a290f5273d2f56756b5e979627d,F07,F,NEUTRAL,4,S4,T3,
2263,subesco,F_07_TITHI_S_4_NEUTRAL_4.wav,385682,3f317284824c2db344ec9c2d7b5f5fcc514d2d180e09a73f273d5c9346bec31a,F07,F,NEUTRAL,4,S4,T4,
2264,subesco,F_07_TITHI_S_4_NEUTRAL_5.wav,384566,361fd64609ee95f465b67af2f84ca022809aa6b1c190bc9aa42a1ad48dc55613,F07,F,NEUTRAL,4,S4,T5,
2265,subesco,F_07_TITHI_S_4_SAD_1.wav,384566,c79fabeacb2c1ba69ff7265c7495cdfde1188671a73ced559934f7cfd920291e,F07,F,SAD,5,S4,T1,
2266,subesco,F_07_TITHI_S_4_SAD_2.wav,386796,38e1e3f4531bd2428b3383ed5aa30339b8b7d7f70b068389cd1709e443258516,F07,F,SAD,5,S4,T2,
2267,subesco,F_07_TITHI_S_4_SAD_3.wav,385682,bc59d76cbb40a5eaff0357bb1f451aea0570bb3d4e942caa8757f7ab0ebc737d,F07,F,SAD,5,S4,T3,
2268,subesco,F_07_TITHI_S_4_SAD_4.wav,386796,58113c9104f7e57a14cd57fac4e1d541f805a95d54f8d578d89c667630d1d3ea,F07,F,SAD,5,S4,T4,
2269,subesco,F_07_TITHI_S_4_SAD_5.wav,385682,b6ed639a3db53a925c965964e1a4a951b7cf14d5cff0232a1e233902701c1513,F07,F,SAD,5,S4,T5,
2270,subesco,F_07_TITHI_S_4_SURPRISE_1.wav,384566,bac1c1aab92e7ab7002e472040f046876a0a6788936e038d4268cc1d92ef932f,F07,F,SURPRISE,6,S4,T1,
2271,subesco,F_07_TITHI_S_4_SURPRISE_2.wav,385682,c9f2bad099004875e46995a888f5df8e08b4d5b317616f79f80cf3377abe3b93,F07,F,SURPRISE,6,S4,T2,
2272,subesco,F_07_TITHI_S_4_SURPRISE_3.wav,385682,05335b957cbcb990048638c4e297257b500401573e483cfd1f295ace12935363,F07,F,SURPRISE,6,S4,T3,
2273,subesco,F_07_TITHI_S_4_SURPRISE_4.wav,386796,21706019fc781ce36de35d4dbcc3339cc836177991f715b99e0c54b5142672a9,F07,F,SURPRISE,6,S4,T4,
2274,subesco,F_07_TITHI_S_4_SURPRISE_5.wav,386796,05c8280fdf598aeeb0a07d20f1d09420e060eef3781d1dc9f58c29fe6a790883,F07,F,SURPRISE,6,S4,T5,
2275,subesco,F_07_TITHI_S_5_ANGRY_1.wav,386796,6e0b439c66944a23840c9f525ba91925f0054e0a61f143e33faf73e83e2f9fa0,F07,F,ANGRY,0,S5,T1,
2276,subesco,F_07_TITHI_S_5_ANGRY_2.wav,386796,a8ce91bd71fd31b15b10bd6c5c1351d20ce5b076fbe6fb8fbecaa1ef1127f128,F07,F,ANGRY,0,S5,T2,
2277,subesco,F_07_TITHI_S_5_ANGRY_3.wav,386796,40456877a95561acabe5034368f2a8f67dd7d6ad065166f69ce60c0ba4bc2e4a,F07,F,ANGRY,0,S5,T3,
2278,subesco,F_07_TITHI_S_5_ANGRY_4.wav,384566,83e941053ed0971e6a539ef08c14923f87dcdcc75ea0ebcba266eb6631046206,F07,F,ANGRY,0,S5,T4,
2279,subesco,F_07_TITHI_S_5_ANGRY_5.wav,385682,72e075f3b0b58039aef185c5fc68e59664981bdf17f0b60662f52bfd787402fa,F07,F,ANGRY,0,S5,T5,
2280,subesco,F_07_TITHI_S_5_DISGUST_1.wav,386796,ce714fa2725ed190b6f4fced458b32de30227ff8cdbd33b4375506a622d86d5f,F07,F,DISGUST,1,S5,T1,
2281,subesco,F_07_TITHI_S_5_DISGUST_2.wav,385682,3242798b40811cb12a4f79f47f4a6c8d48a90bbd8339919f2fc07a9bbd1d9caf,F07,F,DISGUST,1,S5,T2,
2282,subesco,F_07_TITHI_S_5_DISGUST_3.wav,386796,ebc9556674910448e2ba557d3ff78534244e9661305e9f89d1f8121ce99abd29,F07,F,DISGUST,1,S5,T3,
2283,subesco,F_07_TITHI_S_5_DISGUST_4.wav,386796,a9e64dfbbe49a9bce8d8ecb11b04aa77ea4a7c096326b11eecb710895f869d75,F07,F,DISGUST,1,S5,T4,
2284,subesco,F_07_TITHI_S_5_DISGUST_5.wav,386796,b7cd985c01175effba8a64a7b1012d82cefcaa79f4b3d4c2b1b6a107cb80cf53,F07,F,DISGUST,1,S5,T5,
2285,subesco,F_07_TITHI_S_5_FEAR_1.wav,386796,68a3d35deb739c38c59590ec20e6df4946b439aeb292457bd1b6816fce7a368a,F07,F,FEAR,2,S5,T1,
2286,subesco,F_07_TITHI_S_5_FEAR_2.wav,386796,bb77974e43eca0b0cfb7dc3d6671d5256e5eb00a960c4e37b82203443db19e33,F07,F,FEAR,2,S5,T2,
2287,subesco,F_07_TITHI_S_5_FEAR_3.wav,386796,8ea22d55d91d8385c2feac9eabe0b60e4ed74c946343fcca2471a6b8760a6128,F07,F,FEAR,2,S5,T3,
2288,subesco,F_07_TITHI_S_5_FEAR_4.wav,386796,1e1e0992d8f054421b6e282792b7b08d42b9c5db9de0bba199c0085a823babef,F07,F,FEAR,2,S5,T4,
2289,subesco,F_07_TITHI_S_5_FEAR_5.wav,386796,dbb6256283207e3480296d5f3f860771c8bc2fdca1485b6f9ca1639f04c9bad0,F07,F,FEAR,2,S5,T5,
2290,subesco,F_07_TITHI_S_5_HAPPY_1.wav,385682,2b313a57a2444702ee2385236862b4af49b2c659ce574d5ecc8733509e3dd946,F07,F,HAPPY,3,S5,T1,
2291,subesco,F_07_TITHI_S_5_HAPPY_2.wav,385682,b04f4a3f0cd28a2351a09283314793459aa0be8b69c84999287ba64f40f37f9d,F07,F,HAPPY,3,S5,T2,
2292,subesco,F_07_TITHI_S_5_HAPPY_3.wav,385682,5e594118ea3b059ca139a77aba3e93a97353944913bb56654ccf8813f498b716,F07,F,HAPPY,3,S5,T3,
2293,subesco,F_07_TITHI_S_5_HAPPY_4.wav,385682,921ad5ec1cef78cd627931e5b42c473914a9cd9f9e121864e7c6190f5df1a192,F07,F,HAPPY,3,S5,T4,
2294,subesco,F_07_TITHI_S_5_HAPPY_5.wav,386796,39350b32eaa3196a6d69214130ba7d60501e7ed7502c79f49ec71befe5e22b83,F07,F,HAPPY,3,S5,T5,
2295,subesco,F_07_TITHI_S_5_NEUTRAL_1.wav,385682,f43ccc33d8e35cb138f4309debfa96f8311bb2b6d95a5c64f9d9daffc21ccedf,F07,F,NEUTRAL,4,S5,T1,
2296,subesco,F_07_TITHI_S_5_NEUTRAL_2.wav,386796,5209a9a51cd9a15ec822cece47c0d6524b6c6ccaece532448c9526036340b04c,F07,F,NEUTRAL,4,S5,T2,
2297,subesco,F_07_TITHI_S_5_NEUTRAL_3.wav,385682,9bf1f6bf3b2e561d94734e45194a22d122188cc0fa816f6861333dc51451f99a,F07,F,NEUTRAL,4,S5,T3,
2298,subesco,F_07_TITHI_S_5_NEUTRAL_4.wav,385682,534077c68943fe8331c3c64f6d37d31a64a1cf12f288c58d43d7ab21cb10c962,F07,F,NEUTRAL,4,S5,T4,
2299,subesco,F_07_TITHI_S_5_NEUTRAL_5.wav,386796,3e40e016dc662ddf538578699cd76b5d4a860230df5d945816285b7d76499339,F07,F,NEUTRAL,4,S5,T5,
2300,subesco,F_07_TITHI_S_5_SAD_1.wav,386796,04b66072faf55687c2416e5870ca3d5fa4f5bbf1da069f15c5d3b64b298624d2,F07,F,SAD,5,S5,T1,
2301,subesco,F_07_TITHI_S_5_SAD_2.wav,386796,03aca70f0c82d6d43076fa5ad8d1380d480239570c2fd722ca560d0dbc0c347f,F07,F,SAD,5,S5,T2,
2302,subesco,F_07_TITHI_S_5_SAD_3.wav,384566,5578fad3bbc8721e287a44fb408be148f2f08f7b7df6d601410dfa9e654f993e,F07,F,SAD,5,S5,T3,
2303,subesco,F_07_TITHI_S_5_SAD_4.wav,386796,b4a1fb9809e78ba8694f90ea04fb5f38c8fc66077f6657e476a3fdeecfab566b,F07,F,SAD,5,S5,T4,
2304,subesco,F_07_TITHI_S_5_SAD_5.wav,385682,45b8eba0a5514afdb2fc82035c31565f98a266eca5addf4fde90827e30295d9d,F07,F,SAD,5,S5,T5,
2305,subesco,F_07_TITHI_S_5_SURPRISE_1.wav,386796,27031ab9c937497aae9f9366d871e834f5e5def5e6295bd783d4ec8e6af241cf,F07,F,SURPRISE,6,S5,T1,
2306,subesco,F_07_TITHI_S_5_SURPRISE_2.wav,385680,5dd28299c546cfd6b3b1d0b0bc47095c709def29f0039e1a751ceb1d5780b59c,F07,F,SURPRISE,6,S5,T2,
2307,subesco,F_07_TITHI_S_5_SURPRISE_3.wav,386796,0a01536eba4876be1083eb1512bba50d28e6b32efe6e0e3bc0ca8de41f131542,F07,F,SURPRISE,6,S5,T3,
2308,subesco,F_07_TITHI_S_5_SURPRISE_4.wav,385682,30a25ac1b321d49ab962fe40971e6ebb5bed66738130807f1995c9bf750debb9,F07,F,SURPRISE,6,S5,T4,
2309,subesco,F_07_TITHI_S_5_SURPRISE_5.wav,384566,c28f8d395dc89b083a1c4e809b6c33e809fe47d66fae8ef126cc097a9afacdbf,F07,F,SURPRISE,6,S5,T5,
2310,subesco,F_07_TITHI_S_6_ANGRY_1.wav,387910,84f96eb0c411e3763726fbbb03b49863826067d813000dee084566151b356a91,F07,F,ANGRY,0,S6,T1,
2311,subesco,F_07_TITHI_S_6_ANGRY_2.wav,385682,814c32fdbb8e7298576c2292bf2e17b018d91f3ba94d31eae8f817868fc36aba,F07,F,ANGRY,0,S6,T2,
2312,subesco,F_07_TITHI_S_6_ANGRY_3.wav,386796,db037ae6f41f4b867fd5bc6ec95489a43e83c21747a3cbb9f9f35f4b44770f7d,F07,F,ANGRY,0,S6,T3,
2313,subesco,F_07_TITHI_S_6_ANGRY_4.wav,385682,b5426cab9efc71683889b40d8ba683bae23b6bdc1f5bd31ef1220987ad216ded,F07,F,ANGRY,0,S6,T4,
2314,subesco,F_07_TITHI_S_6_ANGRY_5.wav,384566,4e04b1f584bf9472f0d55958b62a41d944fd63f1ae19c01165969999f894705a,F07,F,ANGRY,0,S6,T5,
2315,subesco,F_07_TITHI_S_6_DISGUST_1.wav,385682,53040d0e0d420008f30cd9a01f1331ed92c66377cf1c680037facb6950ec4c74,F07,F,DISGUST,1,S6,T1,
2316,subesco,F_07_TITHI_S_6_DISGUST_2.wav,387910,27acda2edd5256c3fb1efac2065f4a13c8a4c46f09a14e288fcbfebef1907285,F07,F,DISGUST,1,S6,T2,
2317,subesco,F_07_TITHI_S_6_DISGUST_3.wav,385682,31627ec6bd547b5fe35d428fc50ec6d9f6f79b3d9ecc21a5ebcdceab57eb1090,F07,F,DISGUST,1,S6,T3,
2318,subesco,F_07_TITHI_S_6_DISGUST_4.wav,386796,5453d626a19c59784c50f2a15785335c422e013f9efbd8d153a1f4a1fc9d9fb7,F07,F,DISGUST,1,S6,T4,
2319,subesco,F_07_TITHI_S_6_DISGUST_5.wav,386796,b42ec833ff2a409efdb3d862d435a54f56639035c988b3f2bf6d9d3982eef37c,F07,F,DISGUST,1,S6,T5,
2320,subesco,F_07_TITHI_S_6_FEAR_1.wav,385682,133d93e326f4e40e5aabb47eb0ef7035fc96fe05527eea06af259337d143cf13,F07,F,FEAR,2,S6,T1,
2321,subesco,F_07_TITHI_S_6_FEAR_2.wav,386796,2adee40c2e39aa989e4afd65a9292bf49c31ed5230a62e4c75537bf5771a928d,F07,F,FEAR,2,S6,T2,
2322,subesco,F_07_TITHI_S_6_FEAR_3.wav,385682,cebace1424f63bdfa393f0b149b95ea7ad2d9bd42ee90917ff6152d7eaaf60e8,F07,F,FEAR,2,S6,T3,
2323,subesco,F_07_TITHI_S_6_FEAR_4.wav,386796,055229af06d271d545c973b63b197ec9374388e4b730158b11c187bfcd021b3d,F07,F,FEAR,2,S6,T4,
2324,subesco,F_07_TITHI_S_6_FEAR_5.wav,386796,0593c1081edad1f0bccde04d037d5708160ece4888f8024513a9bce9179b1adb,F07,F,FEAR,2,S6,T5,
2325,subesco,F_07_TITHI_S_6_HAPPY_1.wav,386796,969d822b1840b2aab33dfe5dafeccd2e6b6449143bd059fcb444d0cf0d24eee0,F07,F,HAPPY,3,S6,T1,
2326,subesco,F_07_TITHI_S_6_HAPPY_2.wav,386796,dc5dac10003442fd3e9c0107ff9c4c23664ca68efa24283c8a5be7adfb82768e,F07,F,HAPPY,3,S6,T2,
2327,subesco,F_07_TITHI_S_6_HAPPY_3.wav,386796,2e1a8d5d529684691cd4f8ffa69913e54c4d645c1c6f2275ad4734ee78cd908d,F07,F,HAPPY,3,S6,T3,
2328,subesco,F_07_TITHI_S_6_HAPPY_4.wav,385682,17535122ebeea59dbb541b4ff0393aa396647e065718ede7582e16a84f1a1e9b,F07,F,HAPPY,3,S6,T4,
2329,subesco,F_07_TITHI_S_6_HAPPY_5.wav,385682,743fcd72328afea597818ce5cc01bf240193e51f7cd32ac54d9eec72aad07872,F07,F,HAPPY,3,S6,T5,
2330,subesco,F_07_TITHI_S_6_NEUTRAL_1.wav,385682,866722d0c3557ceef530be9383633a9186585df24dd2f0884212efbacd068dd7,F07,F,NEUTRAL,4,S6,T1,
2331,subesco,F_07_TITHI_S_6_NEUTRAL_2.wav,384566,e65c2c7a17cc04a985f5c5305536432dc62fd0deaa511cc439cad7c7baf76ccf,F07,F,NEUTRAL,4,S6,T2,
2332,subesco,F_07_TITHI_S_6_NEUTRAL_3.wav,384566,2a3655bf27014fc4856e058b038b5db050ec20de00b2c8ceddb2bdf55b6c828a,F07,F,NEUTRAL,4,S6,T3,
2333,subesco,F_07_TITHI_S_6_NEUTRAL_4.wav,384566,090cd2e672617dc245aac5bf4cd764a1f2d838efed5f573ebe6b834500e3d816,F07,F,NEUTRAL,4,S6,T4,
2334,subesco,F_07_TITHI_S_6_NEUTRAL_5.wav,385682,a72b06b05373e7d3a947ad1c62adbed89c7fb2c298de1d8fe3adc488b8f95e36,F07,F,NEUTRAL,4,S6,T5,
2335,subesco,F_07_TITHI_S_6_SAD_1.wav,385682,9afd57921017d99fcc55f53eee8bafff20c84f0bffe73db7e2eb893d8a1f51cf,F07,F,SAD,5,S6,T1,
2336,subesco,F_07_TITHI_S_6_SAD_2.wav,386796,4e35a0b2e723f88ed5803de024da3df9de8f21573d44784559eb24763472b47c,F07,F,SAD,5,S6,T2,
2337,subesco,F_07_TITHI_S_6_SAD_3.wav,385682,5aeec80d950913a1fe4c95effe6cc24ea41106e9b90c5d197594b5eeed26da9f,F07,F,SAD,5,S6,T3,
2338,subesco,F_07_TITHI_S_6_SAD_4.wav,384566,304c1c1d31c54a41ba221be9f54832aac959752c3c0b9e044363517ff7c6fdbe,F07,F,SAD,5,S6,T4,
2339,subesco,F_07_TITHI_S_6_SAD_5.wav,386796,22579ef5fd4cbf6843cf2c4263e7877ad0e7f651073ecb5ca0bf06e659bc608a,F07,F,SAD,5,S6,T5,
2340,subesco,F_07_TITHI_S_6_SURPRISE_1.wav,386796,863fc1e06dae3a355ee2d8930b2cdc6bfc6e59a47447371cc7372ad238aede08,F07,F,SURPRISE,6,S6,T1,
2341,subesco,F_07_TITHI_S_6_SURPRISE_2.wav,387910,5d82a98b94b71e854ecc414dcabba3671241767982bea42e3a3469ee5a094503,F07,F,SURPRISE,6,S6,T2,
2342,subesco,F_07_TITHI_S_6_SURPRISE_3.wav,387910,560fb204e767ec74a341604518d8e05e69a1cff80aa4f34b0a43b7caea020ca3,F07,F,SURPRISE,6,S6,T3,
2343,subesco,F_07_TITHI_S_6_SURPRISE_4.wav,385682,69fe272259a32d9d78a146c4e4b40710e315e5506b9e1cdeaa7a9e931f82a93b,F07,F,SURPRISE,6,S6,T4,
2344,subesco,F_07_TITHI_S_6_SURPRISE_5.wav,386796,b393454041ab626cadd0325c0c80be882f4ef44531d63447047050f474122ceb,F07,F,SURPRISE,6,S6,T5,
2345,subesco,F_07_TITHI_S_7_ANGRY_1.wav,385682,7dca5fb589a4224ac44a5f0cc9961b1287e923dc80d5bd4270d06c52f94ee4be,F07,F,ANGRY,0,S7,T1,
2346,subesco,F_07_TITHI_S_7_ANGRY_2.wav,385682,e05a9f6c45c8ad1dd467d4e844ded94971d9d28885b92855735e5d830fe4a123,F07,F,ANGRY,0,S7,T2,
2347,subesco,F_07_TITHI_S_7_ANGRY_3.wav,386796,b0ddbb30837307df52b8ac51f1d9df776f3aa58147b48624e569d6393dd2d072,F07,F,ANGRY,0,S7,T3,
2348,subesco,F_07_TITHI_S_7_ANGRY_4.wav,386796,f62bbee0f0e198a3387dced1ec1284112a9d279f64aedad7184a3496aad2b8f7,F07,F,ANGRY,0,S7,T4,
2349,subesco,F_07_TITHI_S_7_ANGRY_5.wav,386796,d5c4daa17f77547ee3218cc6862ac7e7bc041601dd0b18fc9f92c0b27d6a9645,F07,F,ANGRY,0,S7,T5,
2350,subesco,F_07_TITHI_S_7_DISGUST_1.wav,386796,6b6b869d561071e1f3eee891046e0be48efa727447c7341520a282339a363944,F07,F,DISGUST,1,S7,T1,
2351,subesco,F_07_TITHI_S_7_DISGUST_2.wav,386796,4e509df7f726eb4bed408b5c616f97c55824c0ed78ffe01aa7b67855e51b8575,F07,F,DISGUST,1,S7,T2,
2352,subesco,F_07_TITHI_S_7_DISGUST_3.wav,386796,45d4e236a7450fafcdfe509eb6e6a08cc4bbe38ad3e884f6b8e3c59be9f2f3b1,F07,F,DISGUST,1,S7,T3,
2353,subesco,F_07_TITHI_S_7_DISGUST_4.wav,386796,da0d9941b816cef65efad237b1ec0e0b8ec14801c3314935c46a5071b13bbefe,F07,F,DISGUST,1,S7,T4,
2354,subesco,F_07_TITHI_S_7_DISGUST_5.wav,385682,cdd643f9c1920b92b4342eef7ed3631b972aa4810617959e4d55a4c7e8a54af1,F07,F,DISGUST,1,S7,T5,
2355,subesco,F_07_TITHI_S_7_FEAR_1.wav,384566,71e5a0ff0257d44e0b5be00703db00d230f93a13212d84b0366a6812974c6430,F07,F,FEAR,2,S7,T1,
2356,subesco,F_07_TITHI_S_7_FEAR_2.wav,386796,d7a85e09262760013ac5137b7b559af802106ece6393640afe34bbff98494385,F07,F,FEAR,2,S7,T2,
2357,subesco,F_07_TITHI_S_7_FEAR_3.wav,386796,720d08a01ea1991e638ccaa5f88dea5946fb5deb1a7a9e08df72fec7df2c3291,F07,F,FEAR,2,S7,T3,
2358,subesco,F_07_TITHI_S_7_FEAR_4.wav,386796,eaed362e4d19022a96f34111f5d25aa050055c1fb60f248e9113986f9885fabd,F07,F,FEAR,2,S7,T4,
2359,subesco,F_07_TITHI_S_7_FEAR_5.wav,385682,c9505d7d96cdba4aea9ccb442cfe92741986587ecc9881eb8531c96d5734acf5,F07,F,FEAR,2,S7,T5,
2360,subesco,F_07_TITHI_S_7_HAPPY_1.wav,385682,39f738ccbdd2a2310e33503010a5287247917c761c0640954db755232725194c,F07,F,HAPPY,3,S7,T1,
2361,subesco,F_07_TITHI_S_7_HAPPY_2.wav,386796,64c484d2f8c00be8fe69c57d2aa94d785fb6e942c2a173939bd7b3ae606a8a0a,F07,F,HAPPY,3,S7,T2,
2362,subesco,F_07_TITHI_S_7_HAPPY_3.wav,385682,09c38eb7b31a57f89d8ba68ed376014c03bdd78ae110a167acf564394ef04a1d,F07,F,HAPPY,3,S7,T3,
2363,subesco,F_07_TITHI_S_7_HAPPY_4.wav,386796,6378439d277ad6df54ab642fe495cd273fa40494a5fef79403dab33f4f6ef864,F07,F,HAPPY,3,S7,T4,
2364,subesco,F_07_TITHI_S_7_HAPPY_5.wav,389024,e16d6a154b0659e6f1b6b1a5e93a5e1ef66514601e7860de15e943f28c83f997,F07,F,HAPPY,3,S7,T5,
2365,subesco,F_07_TITHI_S_7_NEUTRAL_1.wav,386796,6a84540964107d6e0ae97b41d469ee22bfc3516e95d95ec38066e854dfe8ed38,F07,F,NEUTRAL,4,S7,T1,
2366,subesco,F_07_TITHI_S_7_NEUTRAL_2.wav,386796,202f343cb32ee80e62daa5536ae82078e51d099639b25a62a50a2af5d883800d,F07,F,NEUTRAL,4,S7,T2,
2367,subesco,F_07_TITHI_S_7_NEUTRAL_3.wav,386796,78ccf889ac7a6a2624ad1459245dbacabcdf1eea014fad4bdcadae64a72ab81e,F07,F,NEUTRAL,4,S7,T3,
2368,subesco,F_07_TITHI_S_7_NEUTRAL_4.wav,386796,a7527ca49a7cf548928940c8e2cf8a2087e157434913c0dab39a860497c4cd01,F07,F,NEUTRAL,4,S7,T4,
2369,subesco,F_07_TITHI_S_7_NEUTRAL_5.wav,386796,334d4e07db52eac93322f441cfa3d2527a63e27148fc1075e1734abcde5077d0,F07,F,NEUTRAL,4,S7,T5,
2370,subesco,F_07_TITHI_S_7_SAD_1.wav,385682,85deed4c287cc57689e57c9f37c52eac1ad33267f32555249c95612f12553c26,F07,F,SAD,5,S7,T1,
2371,subesco,F_07_TITHI_S_7_SAD_2.wav,386796,392de257013aca823eb996affbea93576a13495c345672d2a90827ff0e2fdb0d,F07,F,SAD,5,S7,T2,
2372,subesco,F_07_TITHI_S_7_SAD_3.wav,385682,8f2f7749485d4462e6b81e28f15a184dfeabcf1242846b46de2cbdb29da98127,F07,F,SAD,5,S7,T3,
2373,subesco,F_07_TITHI_S_7_SAD_4.wav,386796,53c76bb10156d7a36c12287b5abaa1e5a7c45ae5775c0612c0f1651627bebf42,F07,F,SAD,5,S7,T4,
2374,subesco,F_07_TITHI_S_7_SAD_5.wav,385682,01e197711ad00500dba4958c7d49fde841333152109bd6d7f58bc559abb5250e,F07,F,SAD,5,S7,T5,
2375,subesco,F_07_TITHI_S_7_SURPRISE_1.wav,386796,6d876a5001bf81043b0c943cc67541cd219c0812939e34437a64aea46b6a07f6,F07,F,SURPRISE,6,S7,T1,
2376,subesco,F_07_TITHI_S_7_SURPRISE_2.wav,386796,a72ff913e50114976a9efe01c7d113a88e42cb7aad45891dd7a09a04229775cb,F07,F,SURPRISE,6,S7,T2,
2377,subesco,F_07_TITHI_S_7_SURPRISE_3.wav,384566,a9807809abb180a897253d6b022c785ce59e84aba98578db60c4cfd215219fda,F07,F,SURPRISE,6,S7,T3,
2378,subesco,F_07_TITHI_S_7_SURPRISE_4.wav,386796,e93e43bde923e78d2b624dd5e2d3af0c82da2de2a8bc30b2e3379c5d74fcb27a,F07,F,SURPRISE,6,S7,T4,
2379,subesco,F_07_TITHI_S_7_SURPRISE_5.wav,384566,fb04471af89752bcdbe0ffa9ec2430060e59aef65bfcee21ece8789740916fff,F07,F,SURPRISE,6,S7,T5,
2380,subesco,F_07_TITHI_S_8_ANGRY_1.wav,384566,063ecbd0829032082d33d9ea37b0e6b6ca5bd6e077d25748b115fc441aea31aa,F07,F,ANGRY,0,S8,T1,
2381,subesco,F_07_TITHI_S_8_ANGRY_2.wav,386796,1dfa3cd7bb28fa675ffd4624d3221d5ecd6b4c335e5220b6965c5f6702417b23,F07,F,ANGRY,0,S8,T2,
2382,subesco,F_07_TITHI_S_8_ANGRY_3.wav,384566,239ea09db185c1bc1563194423843d10c4d1196a98ba2483f93d18dbdc73bbdf,F07,F,ANGRY,0,S8,T3,
2383,subesco,F_07_TITHI_S_8_ANGRY_4.wav,386796,406ece6bbb134353a40830c7d4bdef9512e33f22abdb80f9352f888557f405a4,F07,F,ANGRY,0,S8,T4,
2384,subesco,F_07_TITHI_S_8_ANGRY_5.wav,384566,2f1a563186c538240f7162f892a5bc5e22ce3a8df55c672748e93416e8d0372b,F07,F,ANGRY,0,S8,T5,
2385,subesco,F_07_TITHI_S_8_DISGUST_1.wav,386796,574258f87f1f7e958887b3c2855054647b3421e586d99439c3f99d3dcbcbc9c5,F07,F,DISGUST,1,S8,T1,
2386,subesco,F_07_TITHI_S_8_DISGUST_2.wav,385682,b9294a6a7e049f64c5a944e77143b5b97b51d9d0c8fa514b46ef49d449f2125a,F07,F,DISGUST,1,S8,T2,
2387,subesco,F_07_TITHI_S_8_DISGUST_3.wav,385682,03f3827e2f5fda16e2444600e1386d4e7bb800b07f2489e1ab181afd17560e4d,F07,F,DISGUST,1,S8,T3,
2388,subesco,F_07_TITHI_S_8_DISGUST_4.wav,385682,e9626812043826c00d54e4bb7ca1da58165c3a21ab7a21e3817e48f28984f0fa,F07,F,DISGUST,1,S8,T4,
2389,subesco,F_07_TITHI_S_8_DISGUST_5.wav,385682,130355809940b1ade4519209ce797e519336984b7914367628c88cef3ae93632,F07,F,DISGUST,1,S8,T5,
2390,subesco,F_07_TITHI_S_8_FEAR_1.wav,385682,bf3ca959c6055a6eddbe4e950a5268eb7df417461a5730d70e6fbfab6a7d5ae0,F07,F,FEAR,2,S8,T1,
2391,subesco,F_07_TITHI_S_8_FEAR_2.wav,385682,c951ad00015eecda5394c6b05835bf50a1e9f4af6f81a099f989b5a441b9f0bc,F07,F,FEAR,2,S8,T2,
2392,subesco,F_07_TITHI_S_8_FEAR_3.wav,385682,230e6e6e1afb43c0f507833b08fdfc996800ed5a9e1493d5131b41f330dc2094,F07,F,FEAR,2,S8,T3,
2393,subesco,F_07_TITHI_S_8_FEAR_4.wav,385682,21cf94f58d1f62239e038d8bed989246ba053a0e88f07376aaaf67b96623e953,F07,F,FEAR,2,S8,T4,
2394,subesco,F_07_TITHI_S_8_FEAR_5.wav,385682,43216995b6843cdf516c6908d5705f0711102b55393a88569c6e83d62d710d45,F07,F,FEAR,2,S8,T5,
2395,subesco,F_07_TITHI_S_8_HAPPY_1.wav,385682,67313ee070cfe1afcecf1d594066c3329cf58b293e1c619c582cab9a3ec85631,F07,F,HAPPY,3,S8,T1,
2396,subesco,F_07_TITHI_S_8_HAPPY_2.wav,386796,1171e7eefd758a1bd5e27291d10e28914542196b633ca5c39342fc0081166f87,F07,F,HAPPY,3,S8,T2,
2397,subesco,F_07_TITHI_S_8_HAPPY_3.wav,385682,3a552d4f44b8c94b91ad7882028b1ae64582d4a6642a2c34123f67f81e96361f,F07,F,HAPPY,3,S8,T3,
2398,subesco,F_07_TITHI_S_8_HAPPY_4.wav,385682,4bc48885cbb0aab612e1e50610cdf91c0b24a1cf1233f08faec54dba2c2e45e2,F07,F,HAPPY,3,S8,T4,
2399,subesco,F_07_TITHI_S_8_HAPPY_5.wav,385682,f7249fe3889ee4db2bb7167905336e754502e16728304bd0222304dcde408f32,F07,F,HAPPY,3,S8,T5,
2400,subesco,F_07_TITHI_S_8_NEUTRAL_1.wav,385682,561f38206ea3f6e6888afc939048b94613ff345ddb349fbdc67b2223020340d4,F07,F,NEUTRAL,4,S8,T1,
2401,subesco,F_07_TITHI_S_8_NEUTRAL_2.wav,385682,f1e7f55168cf4c7d74c2b116529e3c70fdd9139549a6ecb5abc8085bea082d0c,F07,F,NEUTRAL,4,S8,T2,
2402,subesco,F_07_TITHI_S_8_NEUTRAL_3.wav,384566,9cce4bd47a09ab3dccdd4353e779cbfa85c108fe32564f8b913c015573b8f37e,F07,F,NEUTRAL,4,S8,T3,
2403,subesco,F_07_TITHI_S_8_NEUTRAL_4.wav,384566,57358b51a59c5bdbd3f093f06911f03189f58b70a19eb4e0f6bbfa633f7b642c,F07,F,NEUTRAL,4,S8,T4,
2404,subesco,F_07_TITHI_S_8_NEUTRAL_5.wav,386796,e24f4a210c79802342b55b2a616f15f9309c3b04a39b44d8879732b7c4545865,F07,F,NEUTRAL,4,S8,T5,
2405,subesco,F_07_TITHI_S_8_SAD_1.wav,386796,49d7af42d695f2ff5f8b45e25cd0e9f7e91dc71c269a031272bff4cb2c9d91fa,F07,F,SAD,5,S8,T1,
2406,subesco,F_07_TITHI_S_8_SAD_2.wav,386796,7a552e6ad6c08fa43966f6218eef35faf3acdf86bfd069d6dc9d6dc97cc4f36e,F07,F,SAD,5,S8,T2,
2407,subesco,F_07_TITHI_S_8_SAD_3.wav,385682,9e1f0eb1c5bd4d2c69f78ace19976d1cb185970a6baf8a3c4a97f37f2937dd85,F07,F,SAD,5,S8,T3,
2408,subesco,F_07_TITHI_S_8_SAD_4.wav,385682,0efee12b5ae1d795df2fb046e907419a633444e1c48b61c19d2bb09bb22e7037,F07,F,SAD,5,S8,T4,
2409,subesco,F_07_TITHI_S_8_SAD_5.wav,386796,3eabad64ce6b0361c53512980322c6bb989ddab0a7ee0e835ac4f16dd7c74ea2,F07,F,SAD,5,S8,T5,
2410,subesco,F_07_TITHI_S_8_SURPRISE_1.wav,384566,7c9ecc7985a101911d9d62735acccc4948b3253cabb3145d0d67547de77e5ddc,F07,F,SURPRISE,6,S8,T1,
2411,subesco,F_07_TITHI_S_8_SURPRISE_2.wav,386796,31be24ee102e58d1a1b281b8c8ec0a9402d52d88963b63df570264ec2552ea5a,F07,F,SURPRISE,6,S8,T2,
2412,subesco,F_07_TITHI_S_8_SURPRISE_3.wav,386796,263e76d7d8e7fb78292d11116c5bce7179fbbec60540467eb6271ed0ba5c08ef,F07,F,SURPRISE,6,S8,T3,
2413,subesco,F_07_TITHI_S_8_SURPRISE_4.wav,386796,6c777eccfeb46d6a5be62f33a5f1dba0899e40f7758b126d9bda916adb18464c,F07,F,SURPRISE,6,S8,T4,
2414,subesco,F_07_TITHI_S_8_SURPRISE_5.wav,385682,d49c72bba1e0f61ce15a3fee0997f8f6763dbab865071ab343a9b66f554d4e1a,F07,F,SURPRISE,6,S8,T5,
2415,subesco,F_07_TITHI_S_9_ANGRY_1.wav,385682,2bcb746f86a0144318d77789367b4ad996246d819436c99cbe90e2dbf398c861,F07,F,ANGRY,0,S9,T1,
2416,subesco,F_07_TITHI_S_9_ANGRY_2.wav,385682,b448692c9c102e75f6b62f9735cfc2c7142e0d93bc997328224fc59b7f664861,F07,F,ANGRY,0,S9,T2,
2417,subesco,F_07_TITHI_S_9_ANGRY_3.wav,386796,e5cc6600d1eb6e08796a26f9991c1850a69c4f8bb9255352ceb018da60ae6a75,F07,F,ANGRY,0,S9,T3,
2418,subesco,F_07_TITHI_S_9_ANGRY_4.wav,387910,b13aed3c253bbed2576629007bce64e5a8894ceba71f22cad0f1888cf69d0824,F07,F,ANGRY,0,S9,T4,
2419,subesco,F_07_TITHI_S_9_ANGRY_5.wav,385682,6911927453e78718aea81293474d5d72ee29653b751b6d822403be3c5b968fd6,F07,F,ANGRY,0,S9,T5,
2420,subesco,F_07_TITHI_S_9_DISGUST_1.wav,385682,1db703ac3247ca0112d56da9d462411ebd53c5e60c72fbd92ef568a8521dcd02,F07,F,DISGUST,1,S9,T1,
2421,subesco,F_07_TITHI_S_9_DISGUST_2.wav,389026,a91a92de324fe3ac52dd661b74fad7c64072648d590e819b0d632fa8b7a17765,F07,F,DISGUST,1,S9,T2,
2422,subesco,F_07_TITHI_S_9_DISGUST_3.wav,386796,07a6fd93fdc852b2cf2e08c22663650cab26a9fd40e605aa30c14f4e61e47690,F07,F,DISGUST,1,S9,T3,
2423,subesco,F_07_TITHI_S_9_DISGUST_4.wav,385682,fd737a0891c8be666bf840f53ca4d7334306a0cb116bdaf92f0418584c7c40b3,F07,F,DISGUST,1,S9,T4,
2424,subesco,F_07_TITHI_S_9_DISGUST_5.wav,386796,adda705e395225a03889f7fdff9bbe9892185fb5663f5107d29407e82d193d10,F07,F,DISGUST,1,S9,T5,
2425,subesco,F_07_TITHI_S_9_FEAR_1.wav,386796,34ca865af22f3b4c1c0720ea764532c3305c74428485073df1e1ce9d0e38a62c,F07,F,FEAR,2,S9,T1,
2426,subesco,F_07_TITHI_S_9_FEAR_2.wav,386796,59a24897678d36e222687d5f041893727ae63065deaeb2e75c9a2ec3c71f5a1d,F07,F,FEAR,2,S9,T2,
2427,subesco,F_07_TITHI_S_9_FEAR_3.wav,386796,9f03e02ef8304ea02786dff12491e059e9cb72a3e51bff410ccf68fa8fd9ac7c,F07,F,FEAR,2,S9,T3,
2428,subesco,F_07_TITHI_S_9_FEAR_4.wav,385682,61e96b0a4e0b459b20473350bf6d6ec18ee5c1ab11ffee6bd945166b6f5bd226,F07,F,FEAR,2,S9,T4,
2429,subesco,F_07_TITHI_S_9_FEAR_5.wav,386796,2a140dcf15aa5f9c1644cea270ae8f6f1c8754dff75c421a559569980141f864,F07,F,FEAR,2,S9,T5,
2430,subesco,F_07_TITHI_S_9_HAPPY_1.wav,385682,f8247055657c2aba180aa846dbdc7c7020375e33d32d093f2d7d2d39b66a0bad,F07,F,HAPPY,3,S9,T1,
2431,subesco,F_07_TITHI_S_9_HAPPY_2.wav,385682,bb4f6bb0956c718e1aae7ec446775ccb8d819d7251854f2188e99807996a6d42,F07,F,HAPPY,3,S9,T2,
2432,subesco,F_07_TITHI_S_9_HAPPY_3.wav,385682,75f160b060f146ccda34068f02dc0a45bc6bc2e0714e6b38fe0ed46fdbea1424,F07,F,HAPPY,3,S9,T3,
2433,subesco,F_07_TITHI_S_9_HAPPY_4.wav,387910,5c09c3a4f1209a890dfacfc8484be5f4bcf87cf867261cf9f1321c02de7db5fb,F07,F,HAPPY,3,S9,T4,
2434,subesco,F_07_TITHI_S_9_HAPPY_5.wav,384566,ba921e6f742140a5ddce7cb25f8f0a2ddffbc173366de17004d0d9bc83ab8762,F07,F,HAPPY,3,S9,T5,
2435,subesco,F_07_TITHI_S_9_NEUTRAL_1.wav,386796,d89844b5ae665751f97906903a8c09ed692de513319ab24d492c47c072f6a761,F07,F,NEUTRAL,4,S9,T1,
2436,subesco,F_07_TITHI_S_9_NEUTRAL_2.wav,385682,28389673f0410eecfea000099f20b39cd29ccfcc5aa6f4bb6e8b386a05f9e617,F07,F,NEUTRAL,4,S9,T2,
2437,subesco,F_07_TITHI_S_9_NEUTRAL_3.wav,385682,2e2cad4f05139510d48afa4c5577a250d3673a1ea28a8f3d1fbf7b81c6c6a0fb,F07,F,NEUTRAL,4,S9,T3,
2438,subesco,F_07_TITHI_S_9_NEUTRAL_4.wav,386796,3f4142bab9cf97eb0bcd1f219c97049b9991e08cc6a0ffcf57d87c142fbda0e1,F07,F,NEUTRAL,4,S9,T4,
2439,subesco,F_07_TITHI_S_9_NEUTRAL_5.wav,386796,b3072e4420f2f2658202b9efa95921632b063b9a5497ad56f4f119e4455969bd,F07,F,NEUTRAL,4,S9,T5,
2440,subesco,F_07_TITHI_S_9_SAD_1.wav,386796,a3ba4d44f392cc44349aae5c6c437ff4988312337d8f276ce1079731189cafe3,F07,F,SAD,5,S9,T1,
2441,subesco,F_07_TITHI_S_9_SAD_2.wav,385682,0ebcdeff280639a89f346b1a78561ff6adf4a66c93475b17a7e2418595fdf75a,F07,F,SAD,5,S9,T2,
2442,subesco,F_07_TITHI_S_9_SAD_3.wav,384566,454ce8e1310b34d08e6598c201cf6c9386e322480584325952a1bbe4e1acf696,F07,F,SAD,5,S9,T3,
2443,subesco,F_07_TITHI_S_9_SAD_4.wav,386796,ec3545fbdecedc6f2faa9431c6fb6d555813b38f278b769250725d7a31b138f4,F07,F,SAD,5,S9,T4,
2444,subesco,F_07_TITHI_S_9_SAD_5.wav,389024,35db37a3314e4c6d344cfcd9c50cfb2d25fae6befd5d999bd2a571cd6462db73,F07,F,SAD,5,S9,T5,
2445,subesco,F_07_TITHI_S_9_SURPRISE_1.wav,385682,c7754acc1a12019e812b01fe5655cbf3253902b928d4e3e98ffcc3a11d3b653c,F07,F,SURPRISE,6,S9,T1,
2446,subesco,F_07_TITHI_S_9_SURPRISE_2.wav,386796,97ffd80eebebaf2298f8fa1ae02474c16bd436c6ae68664abddcda26a18858da,F07,F,SURPRISE,6,S9,T2,
2447,subesco,F_07_TITHI_S_9_SURPRISE_3.wav,386796,6afcc30c7f7ed8ae9b8dea1cdcfd2ec848b68261498b651fd87a4fad512a49f3,F07,F,SURPRISE,6,S9,T3,
2448,subesco,F_07_TITHI_S_9_SURPRISE_4.wav,389024,c588207233eb05b20894642af31d5bf42d7296838905ce754ff690f4348199aa,F07,F,SURPRISE,6,S9,T4,
2449,subesco,F_07_TITHI_S_9_SURPRISE_5.wav,386796,fa704b4b386c846e2434055d3b11e992c50c7d6b4151ca7b1c381d393c2a35c2,F07,F,SURPRISE,6,S9,T5,
2450,subesco,F_08_JOYEETA_S_10_ANGRY_1.wav,385682,731a470bb1ed2d3a3427819b2f5f75b57a5696207db486f119088c34020e3110,F08,F,ANGRY,0,S10,T1,
2451,subesco,F_08_JOYEETA_S_10_ANGRY_2.wav,386796,0800741ef3351acdeaf35abccca7512b53c2e46b27a80cc1b6cb9ee7496da04c,F08,F,ANGRY,0,S10,T2,
2452,subesco,F_08_JOYEETA_S_10_ANGRY_3.wav,385682,a8f0978485cf01f38bb93225b47ff97518b8197460acdcad329b804b07451aa6,F08,F,ANGRY,0,S10,T3,
2453,subesco,F_08_JOYEETA_S_10_ANGRY_4.wav,386796,ec159ef7e3185f449e72ef68c4938b64a5e871804594e4e8ab36dce0a0a8551e,F08,F,ANGRY,0,S10,T4,
2454,subesco,F_08_JOYEETA_S_10_ANGRY_5.wav,385682,546f7ca636038eb708ee2e4dccbbfe403608ca0f1ce78b7f1f8682f633b459c1,F08,F,ANGRY,0,S10,T5,
2455,subesco,F_08_JOYEETA_S_10_DISGUST_1.wav,386796,bf72e81de05c9a2f08f55974a80546cd70bfe8b098f736ab9b9cbceacb512ab0,F08,F,DISGUST,1,S10,T1,
2456,subesco,F_08_JOYEETA_S_10_DISGUST_2.wav,386796,dc1c8714669cd33fa77744787aa3d3e3b5d3eec0473df778c0c0089d8b33155c,F08,F,DISGUST,1,S10,T2,
2457,subesco,F_08_JOYEETA_S_10_DISGUST_3.wav,386796,25a5b381169cde7ccee7a98dcbfdba151549616e91a635b9d9109692bdd76272,F08,F,DISGUST,1,S10,T3,
2458,subesco,F_08_JOYEETA_S_10_DISGUST_4.wav,386796,746c8b8a43f593da0e5357466eb192c34f0105de487590aa7ae87a10f4f2885a,F08,F,DISGUST,1,S10,T4,
2459,subesco,F_08_JOYEETA_S_10_DISGUST_5.wav,386796,4b77c5a18ce4def74e9833dbe14b4f1c9004d670350b91b744095d28985963b2,F08,F,DISGUST,1,S10,T5,
2460,subesco,F_08_JOYEETA_S_10_FEAR_1.wav,386796,aa37169ef261689048d1db19b1062de3d0dab47db5542d03777704be37cc89cd,F08,F,FEAR,2,S10,T1,
2461,subesco,F_08_JOYEETA_S_10_FEAR_2.wav,385682,451068b2fd9a1d237ecfafc55942a3794a364532d9dd7492d2b65851cf126e15,F08,F,FEAR,2,S10,T2,
2462,subesco,F_08_JOYEETA_S_10_FEAR_3.wav,386796,045f42abf4548848dd532fb7114be8b192f96234a7f90e1c62c9971d75f5e4d7,F08,F,FEAR,2,S10,T3,
2463,subesco,F_08_JOYEETA_S_10_FEAR_4.wav,386796,e6b2d36d1bbce62eae72ff27bd360ab6c93de61e71018444849778c7efb8f97b,F08,F,FEAR,2,S10,T4,
2464,subesco,F_08_JOYEETA_S_10_FEAR_5.wav,385682,b7e754a98385b2513f7b3c265083243321caf68249c68bfc61896d1ba40c1e45,F08,F,FEAR,2,S10,T5,
2465,subesco,F_08_JOYEETA_S_10_HAPPY_1.wav,389024,b7a210f4a85cebc2fcaed98897b3a1ae6c4b7952c6ff715985c7623f822b3441,F08,F,HAPPY,3,S10,T1,
2466,subesco,F_08_JOYEETA_S_10_HAPPY_2.wav,386796,28ceb3b8d0d6eb7d59f110459bf8099910adeca646107a99f97634405c20aa74,F08,F,HAPPY,3,S10,T2,
2467,subesco,F_08_JOYEETA_S_10_HAPPY_3.wav,385682,b46926fcf5dd41c7b9f7ae923447c4b4382aead7fdfb6ec8272ee2cc8b01759c,F08,F,HAPPY,3,S10,T3,
2468,subesco,F_08_JOYEETA_S_10_HAPPY_4.wav,386796,2f9a8e6709f354db6c83658306cdea9608e6880b34142d72b62eeadc062fd837,F08,F,HAPPY,3,S10,T4,
2469,subesco,F_08_JOYEETA_S_10_HAPPY_5.wav,386796,c6e8e1d40006893fd1d4d38c1fbf4efb15dbc113b63bef122548e3cfbe6c80bc,F08,F,HAPPY,3,S10,T5,
2470,subesco,F_08_JOYEETA_S_10_NEUTRAL_1.wav,386796,bbc3422386a61f8a104c945b115e25232e0088dd9617888b667de3fa812e46a2,F08,F,NEUTRAL,4,S10,T1,
2471,subesco,F_08_JOYEETA_S_10_NEUTRAL_2.wav,386796,5962e6ec232870e745be0d0bc44d373c82504a021176e6096bc3867c4e137c31,F08,F,NEUTRAL,4,S10,T2,
2472,subesco,F_08_JOYEETA_S_10_NEUTRAL_3.wav,385682,03475d69253f06413b86999b574bafe468d96c1a8d1fca06fa534c0526cba9a6,F08,F,NEUTRAL,4,S10,T3,
2473,subesco,F_08_JOYEETA_S_10_NEUTRAL_4.wav,386796,8507b2a4bf5d7edf7f48ca881182cf5e7ece4821f69cf9c74074a5b9f7b01090,F08,F,NEUTRAL,4,S10,T4,
2474,subesco,F_08_JOYEETA_S_10_NEUTRAL_5.wav,386796,fba40e90e61527c25e6bb489b7d3bc2bb19058922ae6c82702670675ba575b3b,F08,F,NEUTRAL,4,S10,T5,
2475,subesco,F_08_JOYEETA_S_10_SAD_1.wav,386796,98efa05b71ebee815cc9d06e6b8d390d9868fdf4a940183cb97a582b6ead8571,F08,F,SAD,5,S10,T1,
2476,subesco,F_08_JOYEETA_S_10_SAD_2.wav,386796,e41f2c298148f471e0520338759b4ea53f98e33147c7009ab419532824cf41b5,F08,F,SAD,5,S10,T2,
2477,subesco,F_08_JOYEETA_S_10_SAD_3.wav,385682,19f4f877324c4b07be79b24e7adf78a26337d6849f65c1204852a55aa57d8202,F08,F,SAD,5,S10,T3,
2478,subesco,F_08_JOYEETA_S_10_SAD_4.wav,385682,ca1c53423c1c73729659b61830db1e951ae0f1b557f0dbb59801dc609e4d3315,F08,F,SAD,5,S10,T4,
2479,subesco,F_08_JOYEETA_S_10_SAD_5.wav,386796,873d883a7a344860d5a2be1dd42b9ae35813ff4d45630ccb9c0352fee0fb6d28,F08,F,SAD,5,S10,T5,
2480,subesco,F_08_JOYEETA_S_10_SURPRISE_1.wav,385682,744c5345f7d418d9edef64d497fd8f559c0d0d382a3716e1fbc274bd4c8e6a98,F08,F,SURPRISE,6,S10,T1,
2481,subesco,F_08_JOYEETA_S_10_SURPRISE_2.wav,386796,3b7eacaf096b2f119f0ba8897e88d123e4c4f9ba1d68762ace16bbaef4fd03b0,F08,F,SURPRISE,6,S10,T2,
2482,subesco,F_08_JOYEETA_S_10_SURPRISE_3.wav,385682,8e9b71498c85fb90a9f97504d4738fcb3dbcc6d9d8997ed0bf102018d1bdd97a,F08,F,SURPRISE,6,S10,T3,
2483,subesco,F_08_JOYEETA_S_10_SURPRISE_4.wav,386796,cd0592aa4eac071ba22ef790844cd5a3c8df64b33dfcce03adbb054cd385362d,F08,F,SURPRISE,6,S10,T4,
2484,subesco,F_08_JOYEETA_S_10_SURPRISE_5.wav,386796,dd98396b2eba9bb2afce24fc3c73b39f6748d51c906f59309f9d69c1d17ac2dd,F08,F,SURPRISE,6,S10,T5,
2485,subesco,F_08_JOYEETA_S_1_ANGRY_1.wav,386796,55cb2bd11594eeb0d07e534b8f1fcb429c38e61786f3c0ac2cab213ff0592dd2,F08,F,ANGRY,0,S1,T1,
2486,subesco,F_08_JOYEETA_S_1_ANGRY_2.wav,385682,34ee1b8000486e52ae6ffbfaf13312e6add8b401ebc6b923b92db07213c174d5,F08,F,ANGRY,0,S1,T2,
2487,subesco,F_08_JOYEETA_S_1_ANGRY_3.wav,385682,6d60120fa1d4054328f27407dfc63cf5277586721da2a7e11479d2ae49c10593,F08,F,ANGRY,0,S1,T3,
2488,subesco,F_08_JOYEETA_S_1_ANGRY_4.wav,386796,69d8f990b4027d341a7a8f7cc309d5fa152c6637d96587c84f93b323babdc830,F08,F,ANGRY,0,S1,T4,
2489,subesco,F_08_JOYEETA_S_1_ANGRY_5.wav,386796,0ef096035fcc3f4bf3892ea44e673b24ffa637daedc44756f101d302168a9388,F08,F,ANGRY,0,S1,T5,
2490,subesco,F_08_JOYEETA_S_1_DISGUST_1.wav,386796,0b06d8fea04b04b79f805391eff190cce9adbf42a61e45c422fac62f7363e2fc,F08,F,DISGUST,1,S1,T1,
2491,subesco,F_08_JOYEETA_S_1_DISGUST_2.wav,385682,4e38e2583e2b79cc493e24dcfad1ac0c30775cd4958bd61e5d27fd3dcfe1e10d,F08,F,DISGUST,1,S1,T2,
2492,subesco,F_08_JOYEETA_S_1_DISGUST_3.wav,386796,a5a32e58261076d4c5e08038849fd51bfad0d69004795ba08bb736d1238d70c4,F08,F,DISGUST,1,S1,T3,
2493,subesco,F_08_JOYEETA_S_1_DISGUST_4.wav,386796,476f9df73a1ff9673fa8035f147192962c1570fcda5eae4925200fb9b26b0dc6,F08,F,DISGUST,1,S1,T4,
2494,subesco,F_08_JOYEETA_S_1_DISGUST_5.wav,386796,9c3fbf9ff6390ed37f7909e057a758f7c2900647b17c4311e890c52194c7cfd5,F08,F,DISGUST,1,S1,T5,
2495,subesco,F_08_JOYEETA_S_1_FEAR_1.wav,386796,4ea471ced9965fb8aba260566b0422846970c254c8d5bac77f79013bbd12bc26,F08,F,FEAR,2,S1,T1,
2496,subesco,F_08_JOYEETA_S_1_FEAR_2.wav,385682,14fcc25040350ac037aa65e45304246aaad2be426cd57088bb994bd1ee44dd39,F08,F,FEAR,2,S1,T2,
2497,subesco,F_08_JOYEETA_S_1_FEAR_3.wav,386796,20b6c239e8daf40ab3e6f28b202487cdac9cb638fb8e2fa6db21d53c5d900b2d,F08,F,FEAR,2,S1,T3,
2498,subesco,F_08_JOYEETA_S_1_FEAR_4.wav,385682,0a50147c483494b70a136867e39ed32162ebc6d73849f8c874ba6342bacf0976,F08,F,FEAR,2,S1,T4,
2499,subesco,F_08_JOYEETA_S_1_FEAR_5.wav,386796,5ef00ca100073cef3edc1e82d3fbb3384d0e92e00ecd8eca61268bef0f8d525a,F08,F,FEAR,2,S1,T5,
2500,subesco,F_08_JOYEETA_S_1_HAPPY_1.wav,387910,361dba4dfdae264c1aadec689dc94e0e69a41e9ea66a4915a775ece1472e713b,F08,F,HAPPY,3,S1,T1,
2501,subesco,F_08_JOYEETA_S_1_HAPPY_2.wav,386796,a7a4affaca93f95365953a5cdd023b7554a1d5c89f5d4f26c99fdb8ff28b592d,F08,F,HAPPY,3,S1,T2,
2502,subesco,F_08_JOYEETA_S_1_HAPPY_3.wav,386796,7469ab55734c17e0d3301364d4bc6908310c2bc178cc09b24d7647364753a782,F08,F,HAPPY,3,S1,T3,
2503,subesco,F_08_JOYEETA_S_1_HAPPY_4.wav,386796,41ebd061a80de4d8f20de0ff0b560815093011ffc43682233f27f5c6544a3368,F08,F,HAPPY,3,S1,T4,
2504,subesco,F_08_JOYEETA_S_1_HAPPY_5.wav,386796,507ef2b21d02568ee29487d68abf5f44a830ee246d06f4aece23395c194f11e9,F08,F,HAPPY,3,S1,T5,
2505,subesco,F_08_JOYEETA_S_1_NEUTRAL_1.wav,386796,199913e3d9838c65698eebbdba3df311f38048b9403dd35f50886bfa71c3b244,F08,F,NEUTRAL,4,S1,T1,
2506,subesco,F_08_JOYEETA_S_1_NEUTRAL_2.wav,386796,735a1193939cdaf88d2f2d9c90fe4ac3b03aed188945a48455a2ec46e5506478,F08,F,NEUTRAL,4,S1,T2,
2507,subesco,F_08_JOYEETA_S_1_NEUTRAL_3.wav,386796,dc17fc2025dd78fd8fea375cce0abd54c01ceca4b2bdf569ee6554d0776119e6,F08,F,NEUTRAL,4,S1,T3,
2508,subesco,F_08_JOYEETA_S_1_NEUTRAL_4.wav,386796,5143dbe7a27edd3ffb6330473782d0613218e668446d73af74f691e50583f8d6,F08,F,NEUTRAL,4,S1,T4,
2509,subesco,F_08_JOYEETA_S_1_NEUTRAL_5.wav,386796,ebb0e308be5d550986703b0d331cdca806a89934afa4bb44586a404389db6fd7,F08,F,NEUTRAL,4,S1,T5,
2510,subesco,F_08_JOYEETA_S_1_SAD_1.wav,386796,1ff150ec346d4cdc2952678f97313393e831f71e629e50b5496e481e11e30063,F08,F,SAD,5,S1,T1,
2511,subesco,F_08_JOYEETA_S_1_SAD_2.wav,386796,27ed5b3b7d5ade09b89c54b594662fe3e88eaabcaf10cc66c8f368161ceab10c,F08,F,SAD,5,S1,T2,
2512,subesco,F_08_JOYEETA_S_1_SAD_3.wav,385682,fe18acf7be455622f502d76494a93bd7c00f3190bb96f86e37af94b5cfed129a,F08,F,SAD,5,S1,T3,
2513,subesco,F_08_JOYEETA_S_1_SAD_4.wav,386796,c024fd8e8bdfd31cc4ab9fd877f22318fa763f7ed2651e609000f2e9c6e6f8f7,F08,F,SAD,5,S1,T4,
2514,subesco,F_08_JOYEETA_S_1_SAD_5.wav,386796,e7b7c12e124ee978ed0f14aabde5eb0cb74e6ae6bf9d6155bde0078a3bc3de35,F08,F,SAD,5,S1,T5,
2515,subesco,F_08_JOYEETA_S_1_SURPRISE_1.wav,385682,f67ddb3831fa8155d646eb598dfdd2b6daa4109a08e5ff9fc20ba0b7389888b7,F08,F,SURPRISE,6,S1,T1,
2516,subesco,F_08_JOYEETA_S_1_SURPRISE_2.wav,385682,794ee716a4a17eff558f6964219bf1e9307595897c76e363fa94a9c061013442,F08,F,SURPRISE,6,S1,T2,
2517,subesco,F_08_JOYEETA_S_1_SURPRISE_3.wav,386796,a484b32d82184befd87b57334939ba872920f1f6b20560c6d93f4d812f6de257,F08,F,SURPRISE,6,S1,T3,
2518,subesco,F_08_JOYEETA_S_1_SURPRISE_4.wav,386796,2f97f1c7cc4b73d7a2efdc86c6587687665d03083c2d2fbd365d7e933baec736,F08,F,SURPRISE,6,S1,T4,
2519,subesco,F_08_JOYEETA_S_1_SURPRISE_5.wav,385682,5e19acbf7ab7bf0d0b97f0aec8a52d1d5e6c2e5c92dbf18d1dfc8925f21b4968,F08,F,SURPRISE,6,S1,T5,
2520,subesco,F_08_JOYEETA_S_2_ANGRY_1.wav,386796,759183fdc79fb0b0337418543997b2c0197c08a5f284750e0d737cabb0d7ab84,F08,F,ANGRY,0,S2,T1,
2521,subesco,F_08_JOYEETA_S_2_ANGRY_2.wav,385682,0201d1d286a252fbc744bd743df0be62d0db7206acc4b67e27e237ba13ce2679,F08,F,ANGRY,0,S2,T2,
2522,subesco,F_08_JOYEETA_S_2_ANGRY_3.wav,386796,a148a36179ac7352a52717b917620c4d8be74b1d6185a13ceab0b258679ab48d,F08,F,ANGRY,0,S2,T3,
2523,subesco,F_08_JOYEETA_S_2_ANGRY_4.wav,386796,dd2532f98690ef4afddae5381d6826e813e3890c48aea6c19f681e3d44a31b56,F08,F,ANGRY,0,S2,T4,
2524,subesco,F_08_JOYEETA_S_2_ANGRY_5.wav,386796,529a26a9c8e35b337ade3790938d562ee41bba4b34808b749fe2fc1e86e5cce0,F08,F,ANGRY,0,S2,T5,
2525,subesco,F_08_JOYEETA_S_2_DISGUST_1.wav,386796,2997f9c1a6d99426269396dd70e9967bb38c675f7a63f0fbf4b484e026cb50b2,F08,F,DISGUST,1,S2,T1,
2526,subesco,F_08_JOYEETA_S_2_DISGUST_2.wav,385682,2ced0ce5000cfb4b60674e45d6604d423c672bb9734c6f1204adb4c0817fd33f,F08,F,DISGUST,1,S2,T2,
2527,subesco,F_08_JOYEETA_S_2_DISGUST_3.wav,386796,35ebbb11556182e75be1deedc84df6e83214bc376c3a4b8d1866468fdecd5e71,F08,F,DISGUST,1,S2,T3,
2528,subesco,F_08_JOYEETA_S_2_DISGUST_4.wav,386796,4c8707604005ad1956a9f03865c1e26d814a6cd02daaf7ca593d946a9c4856d3,F08,F,DISGUST,1,S2,T4,
2529,subesco,F_08_JOYEETA_S_2_DISGUST_5.wav,386796,5a7c68752c01392d523b661d7fbf3163a65892c1299af4a1f29bfe22164d051c,F08,F,DISGUST,1,S2,T5,
2530,subesco,F_08_JOYEETA_S_2_FEAR_1.wav,385682,f7cfd137a68ff824199557034c04b2587c2ebd39a386cfe8967f8e76bbec0203,F08,F,FEAR,2,S2,T1,
2531,subesco,F_08_JOYEETA_S_2_FEAR_2.wav,385682,5257c65910a01a244f5e5f37aa4ac15d4ec5aebc6ed4a6fe03befedc1b492788,F08,F,FEAR,2,S2,T2,
2532,subesco,F_08_JOYEETA_S_2_FEAR_3.wav,386796,36df51630d2019ee7dba5b5eb71b7d4590ce323065961cd4ce23007b76786f24,F08,F,FEAR,2,S2,T3,
2533,subesco,F_08_JOYEETA_S_2_FEAR_4.wav,385682,63e339049711fe5c437667814fc6ffc72f3f5851a45e930911100baabc3b670e,F08,F,FEAR,2,S2,T4,
2534,subesco,F_08_JOYEETA_S_2_FEAR_5.wav,386796,d78bc503e948473ecc3f862bd299031654f5c40a94fabd476279f31fe5c305c7,F08,F,FEAR,2,S2,T5,
2535,subesco,F_08_JOYEETA_S_2_HAPPY_1.wav,385682,b4884d6a593df920df03ccfae77119b0ce4aa79e9cf80a985a33fc5756eacf2b,F08,F,HAPPY,3,S2,T1,
2536,subesco,F_08_JOYEETA_S_2_HAPPY_2.wav,385682,68d79dd61f40688f9a6525cbec161fbd7d0a6ea6207f4aab15776ee3150ed9de,F08,F,HAPPY,3,S2,T2,
2537,subesco,F_08_JOYEETA_S_2_HAPPY_3.wav,386796,f029a2416dfc98c59d6908c1e9214840a2b656b059d65db1a1ac158900d9f97c,F08,F,HAPPY,3,S2,T3,
2538,subesco,F_08_JOYEETA_S_2_HAPPY_4.wav,386796,ae79b38b953a9ae565a559952cf8e82748866614ab66a24bdb7e3b2b64e536d9,F08,F,HAPPY,3,S2,T4,
2539,subesco,F_08_JOYEETA_S_2_HAPPY_5.wav,385682,553780fab56c9eff74337c477cc795d3466021d6916e09166c72d075eec852af,F08,F,HAPPY,3,S2,T5,
2540,subesco,F_08_JOYEETA_S_2_NEUTRAL_1.wav,385682,1769883f58f7e028351bd201f49e95cd2d5d35e5ab8de0b3c3aef968b1294221,F08,F,NEUTRAL,4,S2,T1,
2541,subesco,F_08_JOYEETA_S_2_NEUTRAL_2.wav,386796,0a9cb1f4253e45b01bf1979170c7d1a2214d5d34a5e101a095db7b975f8d38b9,F08,F,NEUTRAL,4,S2,T2,
2542,subesco,F_08_JOYEETA_S_2_NEUTRAL_3.wav,386796,0e5e32635111c8313884df9994e1717ddac9749ec4f9ecefaeabe412928d8570,F08,F,NEUTRAL,4,S2,T3,
2543,subesco,F_08_JOYEETA_S_2_NEUTRAL_4.wav,386796,6b892d08587458d2f2eeb79cc11201a38ea055ab329ab4bd4c9be947343dd6ca,F08,F,NEUTRAL,4,S2,T4,
2544,subesco,F_08_JOYEETA_S_2_NEUTRAL_5.wav,386796,e5316b465029ad945ed6864fe6cf997f811303cae3b525b5fe84895265ce5f21,F08,F,NEUTRAL,4,S2,T5,
2545,subesco,F_08_JOYEETA_S_2_SAD_1.wav,385682,455a883291da36b952e7221c0e407b84e4903d729f466dc2c6a0925ffdfa395a,F08,F,SAD,5,S2,T1,
2546,subesco,F_08_JOYEETA_S_2_SAD_2.wav,385682,6d5cfa177b0632e9ebc8a0be0c219302ab731127b13eb33a7707acbae837f57b,F08,F,SAD,5,S2,T2,
2547,subesco,F_08_JOYEETA_S_2_SAD_3.wav,385682,ecd8632450910b4432dd333a4a2a393ffb1e388b10544b1e6dd41265c8f06848,F08,F,SAD,5,S2,T3,
2548,subesco,F_08_JOYEETA_S_2_SAD_4.wav,386796,2eea857daa009e619afdfda7a69cbc1242e4d7c28d0722d487d1debec220bfb0,F08,F,SAD,5,S2,T4,
2549,subesco,F_08_JOYEETA_S_2_SAD_5.wav,386796,70a16dcfc18d9aaa49f4bd0b38a6cdd1f81df57476089f8282532ead5dc9d796,F08,F,SAD,5,S2,T5,
2550,subesco,F_08_JOYEETA_S_2_SURPRISE_1.wav,385682,7260b67ca5cfd5b7f13f9954e72e257c2710049090d240934d1bd411d290b883,F08,F,SURPRISE,6,S2,T1,
2551,subesco,F_08_JOYEETA_S_2_SURPRISE_2.wav,386796,f2db25a291b982fadf387461d8c1696793dc59875cc7c6c258a92d8f6f35e0e5,F08,F,SURPRISE,6,S2,T2,
2552,subesco,F_08_JOYEETA_S_2_SURPRISE_3.wav,386796,88be7e7ad2bc3f717783bb71c1c5dfcb8cdae08e2d1b2adfeef457fbc6480967,F08,F,SURPRISE,6,S2,T3,
2553,subesco,F_08_JOYEETA_S_2_SURPRISE_4.wav,386796,507ce6a3777d460530dbbf379bbcbf876a6e08785c793a0c67b4965e6bf5c4f1,F08,F,SURPRISE,6,S2,T4,
2554,subesco,F_08_JOYEETA_S_2_SURPRISE_5.wav,386796,47af5946709ff8f464aceeea2a36c7b98b8cc4555d3e3522ba4236122ee32536,F08,F,SURPRISE,6,S2,T5,
2555,subesco,F_08_JOYEETA_S_3_ANGRY_1.wav,386796,698c3c12e1436e67ff47c6602b68aa62ce935d0642455217d7d9d2576da9fb12,F08,F,ANGRY,0,S3,T1,
2556,subesco,F_08_JOYEETA_S_3_ANGRY_2.wav,386796,5aaece38be6b42362ec0bf618a6ba88694a39339397c756fe10e68f344b1b350,F08,F,ANGRY,0,S3,T2,
2557,subesco,F_08_JOYEETA_S_3_ANGRY_3.wav,385682,9d337d9b471e2ab658bf03cfe5ec8cbdf08db29eec6b1a1b1158fdfe1277b4db,F08,F,ANGRY,0,S3,T3,
2558,subesco,F_08_JOYEETA_S_3_ANGRY_4.wav,385682,5730e884481291ec62bb853a86d03ddb6b052edc7db930ccc16ec44982abbfdd,F08,F,ANGRY,0,S3,T4,
2559,subesco,F_08_JOYEETA_S_3_ANGRY_5.wav,386796,5a1bdac0a125fb48a7977fc234d3650a362673076f940934c7a6bb03fd10dcdd,F08,F,ANGRY,0,S3,T5,
2560,subesco,F_08_JOYEETA_S_3_DISGUST_1.wav,384566,2dc84ef68572b7994f97cce07f4186d1b4bf85da46e171a9d44f45c5dffaf81e,F08,F,DISGUST,1,S3,T1,
2561,subesco,F_08_JOYEETA_S_3_DISGUST_2.wav,385682,abf1cf23fd72915b79ef62e875887686b867171e78199e5ef18e36eed8a8959b,F08,F,DISGUST,1,S3,T2,
2562,subesco,F_08_JOYEETA_S_3_DISGUST_3.wav,386796,0ef37b0d6f0827f15071be914ecb45d34eb7f2af4e92da5e05fe89bd69d64f98,F08,F,DISGUST,1,S3,T3,
2563,subesco,F_08_JOYEETA_S_3_DISGUST_4.wav,386796,0c65d18aaf7bd2c7b40679f9f585c7cf72fa50ad2ded94082e004ad68cd7a725,F08,F,DISGUST,1,S3,T4,
2564,subesco,F_08_JOYEETA_S_3_DISGUST_5.wav,386796,ce77e040f9a0f859da5ca248fd30657f0d4ae0c6786a5bee2b1d5029ccd08dc4,F08,F,DISGUST,1,S3,T5,
2565,subesco,F_08_JOYEETA_S_3_FEAR_1.wav,386796,c89abdedcdfe7255e796c4a39305d229c9959e19a9f5cb421f2ada614308df63,F08,F,FEAR,2,S3,T1,
2566,subesco,F_08_JOYEETA_S_3_FEAR_2.wav,385682,8cb18ed6a4243592241cd4031cbea492d523f3d241f6a3f6153e3f4e1b7ccb83,F08,F,FEAR,2,S3,T2,
2567,subesco,F_08_JOYEETA_S_3_FEAR_3.wav,386796,b19a967b2aa4a189d0f9c55d94b3711139f0511cbce6658752c4f11f791adc0e,F08,F,FEAR,2,S3,T3,
2568,subesco,F_08_JOYEETA_S_3_FEAR_4.wav,386796,56b778a18891b713cabd5bfcaa02988b86450f78d8d6c43c250af1272b8965d8,F08,F,FEAR,2,S3,T4,
2569,subesco,F_08_JOYEETA_S_3_FEAR_5.wav,386796,c6d832874f3b2060bbdf8cf0e1c58ec08fafbce27e6d9e64744ec1f89039492c,F08,F,FEAR,2,S3,T5,
2570,subesco,F_08_JOYEETA_S_3_HAPPY_1.wav,386796,9bab60b6bfd343277c9cbe521657bdebcb0a3debfd39da74f9aa709d464dac72,F08,F,HAPPY,3,S3,T1,
2571,subesco,F_08_JOYEETA_S_3_HAPPY_2.wav,386796,d0fef5a75747afa1ecff771398601076a002bcf426d93039896bb501eb9d7b85,F08,F,HAPPY,3,S3,T2,
2572,subesco,F_08_JOYEETA_S_3_HAPPY_3.wav,386796,a822cf57a21107cbc2a3a4c37f6687ddcb31b2e5eb90dcc83839356032cca30e,F08,F,HAPPY,3,S3,T3,
2573,subesco,F_08_JOYEETA_S_3_HAPPY_4.wav,385682,050c05ff03dd321041acc0d31dd823e9be8c7a58f1bf3de3f8bae2a02f756b21,F08,F,HAPPY,3,S3,T4,
2574,subesco,F_08_JOYEETA_S_3_HAPPY_5.wav,385682,0693133c2f9495f445ea73ddb9fd724015440849633d1c491d2d249970d3f4f5,F08,F,HAPPY,3,S3,T5,
2575,subesco,F_08_JOYEETA_S_3_NEUTRAL_1.wav,386796,7fee01dcfd9368d95f2213f0d603c492acdbe28b8dcc566da7560b8f24fb760e,F08,F,NEUTRAL,4,S3,T1,
2576,subesco,F_08_JOYEETA_S_3_NEUTRAL_2.wav,385682,ddbf830b8e691301f797a4c7cba4a6b889e8acd9c747fdf9d3b868fca8feeac3,F08,F,NEUTRAL,4,S3,T2,
2577,subesco,F_08_JOYEETA_S_3_NEUTRAL_3.wav,386796,39e2f8d7282da695818560b07ca4fc8a92635b64dc6f0a64270956146e140752,F08,F,NEUTRAL,4,S3,T3,
2578,subesco,F_08_JOYEETA_S_3_NEUTRAL_4.wav,385682,317ff075df4ae2c00ea0ee63774303db941f75843b03936a5c88851d89fc98de,F08,F,NEUTRAL,4,S3,T4,
2579,subesco,F_08_JOYEETA_S_3_NEUTRAL_5.wav,387910,322fde103afa0129ffcc42a5be00eac7c2f201d5eba1d398a65bc1b6108bf78e,F08,F,NEUTRAL,4,S3,T5,
2580,subesco,F_08_JOYEETA_S_3_SAD_1.wav,386796,199d2b101b727946fc7ee8c18f994c4b6af6cb21d1a898619453eec19569bc53,F08,F,SAD,5,S3,T1,
2581,subesco,F_08_JOYEETA_S_3_SAD_2.wav,386796,26d9133d84a8c081dc1963c8ce209b43ab8b1dbce4ed87b8977eddb13997db33,F08,F,SAD,5,S3,T2,
2582,subesco,F_08_JOYEETA_S_3_SAD_3.wav,386796,0b1555fb47cc641d4b7a9c7513c335ab9e192519f636433531ff5df5dabdb633,F08,F,SAD,5,S3,T3,
2583,subesco,F_08_JOYEETA_S_3_SAD_4.wav,386796,d5c75d75fc82aea8786d78710c240d5139f73887f95e2463cfd092dcc1201510,F08,F,SAD,5,S3,T4,
2584,subesco,F_08_JOYEETA_S_3_SAD_5.wav,386796,ace745a38f379c85c5d8a109444cab5195a29ca64b7042474ddced7aafcbcd37,F08,F,SAD,5,S3,T5,
2585,subesco,F_08_JOYEETA_S_3_SURPRISE_1.wav,386796,bcbf9993961995df4301777e17f8b9c3f4b881beeec740a7e20919107abfe380,F08,F,SURPRISE,6,S3,T1,
2586,subesco,F_08_JOYEETA_S_3_SURPRISE_2.wav,386796,7e410238aabf55409d6cce81cbae6940b1b910e44b7ddbb2ea4133cbaab8c0ae,F08,F,SURPRISE,6,S3,T2,
2587,subesco,F_08_JOYEETA_S_3_SURPRISE_3.wav,385682,cadd7b7168d9f02d26ab3051e71fa4d713ca3840ff8bcb8e98a13692e324c195,F08,F,SURPRISE,6,S3,T3,
2588,subesco,F_08_JOYEETA_S_3_SURPRISE_4.wav,386796,8812a2cdf401235ad478afa7ccf39d6bd40849277cafb49aae7069ba5dacdfa4,F08,F,SURPRISE,6,S3,T4,
2589,subesco,F_08_JOYEETA_S_3_SURPRISE_5.wav,386796,1cfedd7d8a5352e0f164bc21132c6de0cfca3331a7b4db72555892a9da32f30f,F08,F,SURPRISE,6,S3,T5,
2590,subesco,F_08_JOYEETA_S_4_ANGRY_1.wav,385682,9e077fe75b911505f69de205f47b2207876ee413c1e02b24ea430b070479a33b,F08,F,ANGRY,0,S4,T1,
2591,subesco,F_08_JOYEETA_S_4_ANGRY_2.wav,386796,414ca0d03e05c5db76e46fe39d2a67a2f7580be47d894669ffc01c115aa3473b,F08,F,ANGRY,0,S4,T2,
2592,subesco,F_08_JOYEETA_S_4_ANGRY_3.wav,385682,438a8f6656fbc232c9b20b7eeb235bba51d7fef84dc329096d01e7d045ae866f,F08,F,ANGRY,0,S4,T3,
2593,subesco,F_08_JOYEETA_S_4_ANGRY_4.wav,386796,776a862a14fc183ea2bf3a6e272a5eeeabdf00595244b691a2018e6006948a3f,F08,F,ANGRY,0,S4,T4,
2594,subesco,F_08_JOYEETA_S_4_ANGRY_5.wav,386796,5b9e99179db83d1c1e2a377447e186d9df1c1c16c097a739b952b1abb465d5e2,F08,F,ANGRY,0,S4,T5,
2595,subesco,F_08_JOYEETA_S_4_DISGUST_1.wav,386796,28138c2d462829298d1088bac1b8644e2aceb42f4a25e8c32525dc80eb0ab900,F08,F,DISGUST,1,S4,T1,
2596,subesco,F_08_JOYEETA_S_4_DISGUST_2.wav,386796,66532b4a9b678b934cb7f403a7461e95a006eefd036b3387c9a7d0aeba8f703d,F08,F,DISGUST,1,S4,T2,
2597,subesco,F_08_JOYEETA_S_4_DISGUST_3.wav,386796,dc3dc24580e22263b1fb78751c9c51702f9029998e9b7e62a3332f6ff2d07566,F08,F,DISGUST,1,S4,T3,
2598,subesco,F_08_JOYEETA_S_4_DISGUST_4.wav,386796,a80a554ffb26851e214d75ea363a99d98cd66b8fa7b675d7f5642ae76554de3a,F08,F,DISGUST,1,S4,T4,
2599,subesco,F_08_JOYEETA_S_4_DISGUST_5.wav,385682,feb9b002768f87117b0a9e0d2a4381e78e2e4c14974b6856bcd92f3e70803d3e,F08,F,DISGUST,1,S4,T5,
2600,subesco,F_08_JOYEETA_S_4_FEAR_1.wav,386796,0b902e7c967fe5094b4e5b6edaa3df7b2647dc25f090b9e0db09a121fd5ac389,F08,F,FEAR,2,S4,T1,
2601,subesco,F_08_JOYEETA_S_4_FEAR_2.wav,386796,6785eb207b365e8261fda1ac9b6f29e9165f0ca2dfa63258e0d3a64b427ec8e3,F08,F,FEAR,2,S4,T2,
2602,subesco,F_08_JOYEETA_S_4_FEAR_3.wav,386796,9bfb1562bb3939e6a7694694f5766e4762897a6bf4e9ce529ea940a43ef000e9,F08,F,FEAR,2,S4,T3,
2603,subesco,F_08_JOYEETA_S_4_FEAR_4.wav,385682,0fde7e5064838480036c9bad6058cdcb2e86f7269f9660676b8d4085b947a504,F08,F,FEAR,2,S4,T4,
2604,subesco,F_08_JOYEETA_S_4_FEAR_5.wav,386796,7503357e672376f58091a7bb7e2c38d35f9b9927a5adfee2c24ecaee31eb76bf,F08,F,FEAR,2,S4,T5,
2605,subesco,F_08_JOYEETA_S_4_HAPPY_1.wav,386796,5e6222f9288cebdac68200fd61b84f8cbac28636bdcc36fe5091ac1f9246e07c,F08,F,HAPPY,3,S4,T1,
2606,subesco,F_08_JOYEETA_S_4_HAPPY_2.wav,385682,ddf6fc38eedb9a856585d83ad8bf30f32b9a3c542d89d52fc1df22e234b341f3,F08,F,HAPPY,3,S4,T2,
2607,subesco,F_08_JOYEETA_S_4_HAPPY_3.wav,385682,f754951c591902d58b9287fa5cc5014ced8ebfa66752376cd91c2068b21e4043,F08,F,HAPPY,3,S4,T3,
2608,subesco,F_08_JOYEETA_S_4_HAPPY_4.wav,385682,e729106f28c901024fb297e9c681e0d7e8b1314e3446a50778acd56d8045b21f,F08,F,HAPPY,3,S4,T4,
2609,subesco,F_08_JOYEETA_S_4_HAPPY_5.wav,386796,210371476b51636d43a171b44fa5cdac3854ec738c311af9b31fb92ff07279e0,F08,F,HAPPY,3,S4,T5,
2610,subesco,F_08_JOYEETA_S_4_NEUTRAL_1.wav,386796,76c1ae7431bf28d4cb033d19dd5b12660dccfd128ac6aefba2fc0af8481a66c8,F08,F,NEUTRAL,4,S4,T1,
2611,subesco,F_08_JOYEETA_S_4_NEUTRAL_2.wav,386796,e52c6897dc28084252d5f30354b8e589bcb4f605f16f314f6460519c0599dc6a,F08,F,NEUTRAL,4,S4,T2,
2612,subesco,F_08_JOYEETA_S_4_NEUTRAL_3.wav,385682,cde4f5ef64ab7fd3224183d3cace6aeb6fc9414c5729c7bc987b3f5d9a79e6dd,F08,F,NEUTRAL,4,S4,T3,
2613,subesco,F_08_JOYEETA_S_4_NEUTRAL_4.wav,385682,23bf35e71c287152289f2f304c049bfffeced75f529223da852e23ddd821d664,F08,F,NEUTRAL,4,S4,T4,
2614,subesco,F_08_JOYEETA_S_4_NEUTRAL_5.wav,386796,3ad64bed154b7eeec0331e3289099077071fea7bb7199dbc1f641f87381b9716,F08,F,NEUTRAL,4,S4,T5,
2615,subesco,F_08_JOYEETA_S_4_SAD_1.wav,386796,9c161d9826336a891159ef1faa886afbaeb28d0627aac432f65fe0bfa45ff220,F08,F,SAD,5,S4,T1,
2616,subesco,F_08_JOYEETA_S_4_SAD_2.wav,386796,76652aaea9ee149aebf60d9b951e02b8642a6acc345a0d821e1d529987d63fb8,F08,F,SAD,5,S4,T2,
2617,subesco,F_08_JOYEETA_S_4_SAD_3.wav,386796,30007d635a662b1f42071dd7a677e28aba00b7f7d5db8b7f0d9e19fb8dcd000c,F08,F,SAD,5,S4,T3,
2618,subesco,F_08_JOYEETA_S_4_SAD_4.wav,386796,1594cdf530c3f79ab8efdc111e18b37f6bf8b9db46992a96f6c5eb40fa97c2b4,F08,F,SAD,5,S4,T4,
2619,subesco,F_08_JOYEETA_S_4_SAD_5.wav,385682,40a8f9bc490f38e9b926e4a8f88a554898084cf2941fac4d82525a2953816e62,F08,F,SAD,5,S4,T5,
2620,subesco,F_08_JOYEETA_S_4_SURPRISE_1.wav,385682,05a171133c6912544735770920758bbd08673aaa1fdf239f4004e8558424a440,F08,F,SURPRISE,6,S4,T1,
2621,subesco,F_08_JOYEETA_S_4_SURPRISE_2.wav,386796,2d40650a12ca7e4df3ebf1d466ab3804503070b6d06e62ccb9ddd3b5f87a1b6e,F08,F,SURPRISE,6,S4,T2,
2622,subesco,F_08_JOYEETA_S_4_SURPRISE_3.wav,386796,5eb1fa7b22ea9f7b7522e8ffd2436834fe41e10d128a600ff2b016c14abfc864,F08,F,SURPRISE,6,S4,T3,
2623,subesco,F_08_JOYEETA_S_4_SURPRISE_4.wav,386796,68d0368ccdaccabbac10da445627a2b8a35a01f532084727175c77bdb2da559d,F08,F,SURPRISE,6,S4,T4,
2624,subesco,F_08_JOYEETA_S_4_SURPRISE_5.wav,386796,b2beb7e87c0ea3c12045b30a05e950970932ab07d3aad0eee9ace9d46f626421,F08,F,SURPRISE,6,S4,T5,
2625,subesco,F_08_JOYEETA_S_5_ANGRY_1.wav,386796,5ee4fa7b8f5fd6cfa926bd88c27ea3747fcaaca08e83d89eb21a360f9ee1732a,F08,F,ANGRY,0,S5,T1,
2626,subesco,F_08_JOYEETA_S_5_ANGRY_2.wav,385682,b0b3f1a47af2dfae7cfcf5e4f58fc6c6e20eb51d4810884e5d5b49bfdfb4307f,F08,F,ANGRY,0,S5,T2,
2627,subesco,F_08_JOYEETA_S_5_ANGRY_3.wav,386796,64de2ba8610b062b50dbe0d8c8c36c42f0c83a139f7011233b82e306216d18c3,F08,F,ANGRY,0,S5,T3,
2628,subesco,F_08_JOYEETA_S_5_ANGRY_4.wav,387910,3fe3041cb064934a3d4858339487dc73961dcb2a9a41054324c83f9ad269b9e5,F08,F,ANGRY,0,S5,T4,
2629,subesco,F_08_JOYEETA_S_5_ANGRY_5.wav,385682,9fc81d9bd8a1fcab40590799450ccf229f02d893bc308af3fa501c968fc9165e,F08,F,ANGRY,0,S5,T5,
2630,subesco,F_08_JOYEETA_S_5_DISGUST_1.wav,386796,a2b377a18e29a92b5345fb8d1682c1333d4ed358fec0d04a6de3ea5ed776a1b1,F08,F,DISGUST,1,S5,T1,
2631,subesco,F_08_JOYEETA_S_5_DISGUST_2.wav,386796,7731e443a2fa61852de10651f1c7d4e8b42eb762bbda7a7773078bc931bd1026,F08,F,DISGUST,1,S5,T2,
2632,subesco,F_08_JOYEETA_S_5_DISGUST_3.wav,385682,948a681ca9fc47cae107463d2b5c7e599d57c160e26fcad1a1e3e5f27cdf1b06,F08,F,DISGUST,1,S5,T3,
2633,subesco,F_08_JOYEETA_S_5_DISGUST_4.wav,386796,50d984101b13b53f77e42d2b31fb63599c6f1511329404d76f9b49c2cccbd2cd,F08,F,DISGUST,1,S5,T4,
2634,subesco,F_08_JOYEETA_S_5_DISGUST_5.wav,386796,fc09ea1a76b5d83c2a1d3e2de14c2cce4a4a47fb68d720cc6670850282e8ff64,F08,F,DISGUST,1,S5,T5,
2635,subesco,F_08_JOYEETA_S_5_FEAR_1.wav,385682,3ac84eedc60142222a87f0942d068e24f7586c6025fe23ac40c0b403a5402350,F08,F,FEAR,2,S5,T1,
2636,subesco,F_08_JOYEETA_S_5_FEAR_2.wav,385682,73be7fc7f3d922bbf45be86b5572903867286d56ac1dabc697f464da034587c2,F08,F,FEAR,2,S5,T2,
2637,subesco,F_08_JOYEETA_S_5_FEAR_3.wav,386796,79d09af42376b5f67d4f8b5d8ba7379ed343192761d01052913d248be17322af,F08,F,FEAR,2,S5,T3,
2638,subesco,F_08_JOYEETA_S_5_FEAR_4.wav,385682,57e5c9c90d49535111231d11a187479861d42d1a497fd4af303b7f357c66e5c8,F08,F,FEAR,2,S5,T4,
2639,subesco,F_08_JOYEETA_S_5_FEAR_5.wav,385682,c25739eebe43342bda35ec749cabf8280b5a5a2f5cad371a629a51c9a7a64c6a,F08,F,FEAR,2,S5,T5,
2640,subesco,F_08_JOYEETA_S_5_HAPPY_1.wav,385682,accb4e400f04f473ec7dfe681488003de8c6d4832d50a8f7fbd17d9cc46627ef,F08,F,HAPPY,3,S5,T1,
2641,subesco,F_08_JOYEETA_S_5_HAPPY_2.wav,386796,d426451a2c3e99a7b0be22954d59a7b85dc86b2b4a459d6ed4b2d1ee59dfdeb1,F08,F,HAPPY,3,S5,T2,
2642,subesco,F_08_JOYEETA_S_5_HAPPY_3.wav,385682,1e843207ec15ebc0450cf0decfaa7ec66afdbbbf5287c560f215695ef20a9135,F08,F,HAPPY,3,S5,T3,
2643,subesco,F_08_JOYEETA_S_5_HAPPY_4.wav,386796,b0cdd6683429172c825896fe5f41f4f20439de2f782d75919c5b38843f363208,F08,F,HAPPY,3,S5,T4,
2644,subesco,F_08_JOYEETA_S_5_HAPPY_5.wav,385682,3fe63bcc6f59a7aefd1b4ffe48861b6899957dc0d94be39fae997c3ba323c99b,F08,F,HAPPY,3,S5,T5,
2645,subesco,F_08_JOYEETA_S_5_NEUTRAL_1.wav,386796,36db824aca2444458a496dd776e693339c4b757eda580e1b32b39a763c3344a3,F08,F,NEUTRAL,4,S5,T1,
2646,subesco,F_08_JOYEETA_S_5_NEUTRAL_2.wav,386796,0a98801d61f72a5fcab5217ef392b59ae66b7a8019ba7019de9db99a4b87c52c,F08,F,NEUTRAL,4,S5,T2,
2647,subesco,F_08_JOYEETA_S_5_NEUTRAL_3.wav,385682,a10a700a38ed6e6a662247f12750091f63c204fc5090d13651598aabe452b636,F08,F,NEUTRAL,4,S5,T3,
2648,subesco,F_08_JOYEETA_S_5_NEUTRAL_4.wav,386796,9fecb395403b6d6292c7922b4c31ceb166d48b0ac4c2b535310566e1e79427dc,F08,F,NEUTRAL,4,S5,T4,
2649,subesco,F_08_JOYEETA_S_5_NEUTRAL_5.wav,386796,8977c6f472e65d2fa5a2651c11aa6914b781b0b7d92208a29bc2931f4883ae85,F08,F,NEUTRAL,4,S5,T5,
2650,subesco,F_08_JOYEETA_S_5_SAD_1.wav,385682,b1d9a4ad7db527a279545ace50307b08b39bed2350b61a78f014ff9c66a94772,F08,F,SAD,5,S5,T1,
2651,subesco,F_08_JOYEETA_S_5_SAD_2.wav,385682,c6074c1156b8a52733893dd0dfad939400b970b11d4b4a831ff49b4dbded44b4,F08,F,SAD,5,S5,T2,
2652,subesco,F_08_JOYEETA_S_5_SAD_3.wav,385682,ab1bfca9774a0ec35b1d1bacfbf2534d908b487acef374cb20494c3f592c95f4,F08,F,SAD,5,S5,T3,
2653,subesco,F_08_JOYEETA_S_5_SAD_4.wav,385682,1ead177450341078810ca04764072bf94c4efd98ebfc799e9695010e8daa8ed1,F08,F,SAD,5,S5,T4,
2654,subesco,F_08_JOYEETA_S_5_SAD_5.wav,385682,6925f3bb548f1c197916b5a88b2c757569aa5a8104cb7bd746d41b7d35a45380,F08,F,SAD,5,S5,T5,
2655,subesco,F_08_JOYEETA_S_5_SURPRISE_1.wav,386796,a076212443bbb60d7e73966e1e3e8920d94a140ee46e2e12d72e5c7bc9574f39,F08,F,SURPRISE,6,S5,T1,
2656,subesco,F_08_JOYEETA_S_5_SURPRISE_2.wav,386796,92acc45f3b821b0141d88ed762012c6ed826899b8b4e35739a124e7995268277,F08,F,SURPRISE,6,S5,T2,
2657,subesco,F_08_JOYEETA_S_5_SURPRISE_3.wav,385682,8c046d4530a3d93012d0b3017269f90543668de46ced9d133be9f904095949d9,F08,F,SURPRISE,6,S5,T3,
2658,subesco,F_08_JOYEETA_S_5_SURPRISE_4.wav,384566,ac7cf7f6523ee87c551dadb095ab837e75f73bcdf4fe6db566bd5d9b200b3c60,F08,F,SURPRISE,6,S5,T4,
2659,subesco,F_08_JOYEETA_S_5_SURPRISE_5.wav,386796,e91f8f8770e6f6ce0bc26e9a04dae4495154d08ce6467732f3fea57e206fbcbb,F08,F,SURPRISE,6,S5,T5,
2660,subesco,F_08_JOYEETA_S_6_ANGRY_1.wav,386796,89dd049ab73b5e7268f8ae7bbaead71efc66eef1bab4267f160478ddb1a6f5c8,F08,F,ANGRY,0,S6,T1,
2661,subesco,F_08_JOYEETA_S_6_ANGRY_2.wav,384566,d6796e066eae5fbcb7ba1fe8fbf4375dd89c823a6df7020a05e63453415f9589,F08,F,ANGRY,0,S6,T2,
2662,subesco,F_08_JOYEETA_S_6_ANGRY_3.wav,385682,55497c0a78985a8d2ca839446079f63c10749a9c37676a04406cf9ee92278ca7,F08,F,ANGRY,0,S6,T3,
2663,subesco,F_08_JOYEETA_S_6_ANGRY_4.wav,384566,899fca1388056ca679e344934f7bb5f0c5d2fe055c621f262c6ae6687ab0ea27,F08,F,ANGRY,0,S6,T4,
2664,subesco,F_08_JOYEETA_S_6_ANGRY_5.wav,386796,a026359e915e49655cf34eb11f3fba34aabf93ed943f65d9e685aa66b127eb4a,F08,F,ANGRY,0,S6,T5,
2665,subesco,F_08_JOYEETA_S_6_DISGUST_1.wav,386796,fd3b224c9a532e37d66fe104305ed7ecb665ae0f66e4a95c4ba7491f051ee356,F08,F,DISGUST,1,S6,T1,
2666,subesco,F_08_JOYEETA_S_6_DISGUST_2.wav,386796,b58cef1712e612f29cf372dcf8bdedba3b5da3137076f35c9aba4a3f0180f27f,F08,F,DISGUST,1,S6,T2,
2667,subesco,F_08_JOYEETA_S_6_DISGUST_3.wav,386796,1ea2f6b0d5a0be528f1ba8788cd8dcaeb672b1db9e4055603a5bc0ca1af7a192,F08,F,DISGUST,1,S6,T3,
2668,subesco,F_08_JOYEETA_S_6_DISGUST_4.wav,386796,5a27de2be68624db4056688c1bef9c6f60eeaa86ee9dcabe184aad28303cd7fb,F08,F,DISGUST,1,S6,T4,
2669,subesco,F_08_JOYEETA_S_6_DISGUST_5.wav,386796,dafa76705a08fe053c87e129334f4e6e537e2f59245ef7b4c69a99a7b69abe6c,F08,F,DISGUST,1,S6,T5,
2670,subesco,F_08_JOYEETA_S_6_FEAR_1.wav,386796,c1dfd9202cf4d5b634bd371f97e206c1ff7a33ea590e15455f477357c58d1900,F08,F,FEAR,2,S6,T1,
2671,subesco,F_08_JOYEETA_S_6_FEAR_2.wav,386796,a160c4c4457412cd73ec02a89f02ba446c43cdf04f7eb3998a614a700942938f,F08,F,FEAR,2,S6,T2,
2672,subesco,F_08_JOYEETA_S_6_FEAR_3.wav,386796,65f3609c6b6e108cfe5458a6cd056007eb10e35c8d6e118f563d4149723448a4,F08,F,FEAR,2,S6,T3,
2673,subesco,F_08_JOYEETA_S_6_FEAR_4.wav,385682,c6945621c4b3971e5a9b20bfc717f984d2104f16a1126ec89f6078666810a231,F08,F,FEAR,2,S6,T4,
2674,subesco,F_08_JOYEETA_S_6_FEAR_5.wav,386796,0817d52b764baa96e720a0f0fe3eedd5122902967e9f7f2f0ad758bf02fa3832,F08,F,FEAR,2,S6,T5,
2675,subesco,F_08_JOYEETA_S_6_HAPPY_1.wav,386796,8bb9ed9989f594a77a17166b582b5de70e4572eeac36539f1dffbb1def8f6a75,F08,F,HAPPY,3,S6,T1,
2676,subesco,F_08_JOYEETA_S_6_HAPPY_2.wav,386796,389eeb0d62c11a66f8885da2d3548a2d1cbe6a1f1c37a0243ab2ef716ecb089c,F08,F,HAPPY,3,S6,T2,
2677,subesco,F_08_JOYEETA_S_6_HAPPY_3.wav,386796,58dffa9d3fcc803905b059116e5a0d4cf8e2a059f9e029c4c4f1dff96072ae74,F08,F,HAPPY,3,S6,T3,
2678,subesco,F_08_JOYEETA_S_6_HAPPY_4.wav,386796,33aeec05c3dac0b4f75515bc51791d4eb2df7a57eeda876b5b14864580e3e530,F08,F,HAPPY,3,S6,T4,
2679,subesco,F_08_JOYEETA_S_6_HAPPY_5.wav,386796,f2c65a2818c37cf8c30a68da349b9a8ae6b0e0020667bbdf6f6e261e7ff7e978,F08,F,HAPPY,3,S6,T5,
2680,subesco,F_08_JOYEETA_S_6_NEUTRAL_1.wav,387910,dfd61ebd8f73e289b3f68c8e146252cac21619f0aa1caaa21ac91c9d8bef265e,F08,F,NEUTRAL,4,S6,T1,
2681,subesco,F_08_JOYEETA_S_6_NEUTRAL_2.wav,386796,bfbbadf7a97685b38d17264f718b92ac7436d7a8d0a71d155a79293b3ef728c9,F08,F,NEUTRAL,4,S6,T2,
2682,subesco,F_08_JOYEETA_S_6_NEUTRAL_3.wav,386796,001ddeba76f3b8cd2c36aff9036d66f4dbdf953414d3b135a79fe18ea89c17a0,F08,F,NEUTRAL,4,S6,T3,
2683,subesco,F_08_JOYEETA_S_6_NEUTRAL_4.wav,386796,dd544ddf0592aad13a2880360568be619c9fc331eed36439cb68f41d865c9810,F08,F,NEUTRAL,4,S6,T4,
2684,subesco,F_08_JOYEETA_S_6_NEUTRAL_5.wav,386796,8c633a7e8b57c95de749a070879840925dbcea0c84f7a5743d77d9ad02b0e646,F08,F,NEUTRAL,4,S6,T5,
2685,subesco,F_08_JOYEETA_S_6_SAD_1.wav,386796,6180da084f32468e19dd33acb293e007fb80bb37ec7025d230438f7933f60c95,F08,F,SAD,5,S6,T1,
2686,subesco,F_08_JOYEETA_S_6_SAD_2.wav,386796,eb9fd108347e13a695eeab755d1d17465d7e1eb7966442eb4dcb2557213d8b76,F08,F,SAD,5,S6,T2,
2687,subesco,F_08_JOYEETA_S_6_SAD_3.wav,386796,7bd0d6be6b6ac6046330a22fd00bb4451418283972c4586c90a17a6eb09b3346,F08,F,SAD,5,S6,T3,
2688,subesco,F_08_JOYEETA_S_6_SAD_4.wav,386796,1c14cccdc81b1b850f9f74a6a6ad1a1683e40f4fb4aca08e91ab57cc79411d1c,F08,F,SAD,5,S6,T4,
2689,subesco,F_08_JOYEETA_S_6_SAD_5.wav,385682,241711b08c6a86ad53c3da77592d3cb6627fe7795c16126076439baa25b53608,F08,F,SAD,5,S6,T5,
2690,subesco,F_08_JOYEETA_S_6_SURPRISE_1.wav,386796,ebb3c89b46cc0c6b2cd5287375204955d102003974b271c7f3a5dfacf237b34d,F08,F,SURPRISE,6,S6,T1,
2691,subesco,F_08_JOYEETA_S_6_SURPRISE_2.wav,385682,60d2121db9ac48d667aa39bf5527f1a0b40d5e64e62da4f4154df15a4f6e64a1,F08,F,SURPRISE,6,S6,T2,
2692,subesco,F_08_JOYEETA_S_6_SURPRISE_3.wav,385682,71d8b9da83ce88e66a7bfc0b2ef4a8aeab4d6f7849b34e19779ab8f5a6384727,F08,F,SURPRISE,6,S6,T3,
2693,subesco,F_08_JOYEETA_S_6_SURPRISE_4.wav,386796,ca9bb84f9023d9ea76ef0c7e00192967914a51755fa85fa1f13c4d0e16bd7ff0,F08,F,SURPRISE,6,S6,T4,
2694,subesco,F_08_JOYEETA_S_6_SURPRISE_5.wav,387910,ec6bf5e939a8eed7e74fd0132a097cc3391354343aee543b3c72653286cd03f1,F08,F,SURPRISE,6,S6,T5,
2695,subesco,F_08_JOYEETA_S_7_ANGRY_1.wav,384566,bb3a8cba483ccec20f403d7585f621cdc3c1ede81ea867ade32230391ef60b90,F08,F,ANGRY,0,S7,T1,
2696,subesco,F_08_JOYEETA_S_7_ANGRY_2.wav,385682,0be356fd3be3036ecfb784248fbbb273545d9370c762c1ca5e487bc9cc7d762f,F08,F,ANGRY,0,S7,T2,
2697,subesco,F_08_JOYEETA_S_7_ANGRY_3.wav,385682,086ff71414cae951c86afdaf5ba19277b2c4138422d0f8e578582e7cac051fac,F08,F,ANGRY,0,S7,T3,
2698,subesco,F_08_JOYEETA_S_7_ANGRY_4.wav,384566,eb6b4efdd583c3a518aea7add99636b2a6288556d3c0c19cf0cc936a6629c3ba,F08,F,ANGRY,0,S7,T4,
2699,subesco,F_08_JOYEETA_S_7_ANGRY_5.wav,385682,33ee9077d2b7d0fd5364a8a627724d96189b3d639dc144cbc6c37addf2e383f7,F08,F,ANGRY,0,S7,T5,
2700,subesco,F_08_JOYEETA_S_7_DISGUST_1.wav,383452,537ceaad46e2f2431deaed390d6b0eb6040d2368bbc5ab8bb90f98b331741147,F08,F,DISGUST,1,S7,T1,
2701,subesco,F_08_JOYEETA_S_7_DISGUST_2.wav,386796,7adcaa4301ed086e417215b8ca44ba350df9d2ad9d3ab983917897d5b4a0dd68,F08,F,DISGUST,1,S7,T2,
2702,subesco,F_08_JOYEETA_S_7_DISGUST_3.wav,386796,aaa5026fb6bb73e487915bacecc6ace27c886a21794a1c22b6b2222fddce6926,F08,F,DISGUST,1,S7,T3,
2703,subesco,F_08_JOYEETA_S_7_DISGUST_4.wav,386796,6c85ba0e04aae3f13c0a7ac923b53bb451ae0e07f7c0ee06d2898e24f7a10c6f,F08,F,DISGUST,1,S7,T4,
2704,subesco,F_08_JOYEETA_S_7_DISGUST_5.wav,386796,096711a5f5b652566993bf94a20305e33d29c8178040919d53640a7b779424a7,F08,F,DISGUST,1,S7,T5,
2705,subesco,F_08_JOYEETA_S_7_FEAR_1.wav,386796,c3e7432949a9e25be94a4a1fc3faea75181765c4c34a847a719994d9785acfdd,F08,F,FEAR,2,S7,T1,
2706,subesco,F_08_JOYEETA_S_7_FEAR_2.wav,386796,40e6a39fd38e6d009b8b0551d652a8651f99cdb8468def2ba76f7a9ef78b675c,F08,F,FEAR,2,S7,T2,
2707,subesco,F_08_JOYEETA_S_7_FEAR_3.wav,385682,1eb344a6d0f46e2cdaf0ac65aafb16321ffce384d601768fc05fc24169bb63cb,F08,F,FEAR,2,S7,T3,
2708,subesco,F_08_JOYEETA_S_7_FEAR_4.wav,386796,0ed74f531e32bb5908fb257917dfb36e90387ec276795ae43f215162d5591467,F08,F,FEAR,2,S7,T4,
2709,subesco,F_08_JOYEETA_S_7_FEAR_5.wav,386796,d9747b2868d33a7f1e7f1b066a586f639f87df5f5e4e32bb4e2ce8ddb56ce122,F08,F,FEAR,2,S7,T5,
2710,subesco,F_08_JOYEETA_S_7_HAPPY_1.wav,386796,52a8df7cd19e0ec0ea9a7844fd63efa4419d6696d8bdf66838f26581fa7d8924,F08,F,HAPPY,3,S7,T1,
2711,subesco,F_08_JOYEETA_S_7_HAPPY_2.wav,386796,6bd7dfc475d9fb14f9039343f1af8a29adfc1b39c1460e0155f0aa9258b6849f,F08,F,HAPPY,3,S7,T2,
2712,subesco,F_08_JOYEETA_S_7_HAPPY_3.wav,384568,432a28d325c097826887aa029cd9e56c15900080b61f8b96310274662ddb1f5f,F08,F,HAPPY,3,S7,T3,
2713,subesco,F_08_JOYEETA_S_7_HAPPY_4.wav,385682,eaf8129eb1cf8ed33056a3c5cf2f6a46f17a4cd914fafb154309db7e99b0b053,F08,F,HAPPY,3,S7,T4,
2714,subesco,F_08_JOYEETA_S_7_HAPPY_5.wav,386796,7a9aec7292921201166ee5067c6e137d4823c4cc40e314749a7e17c757a2a85d,F08,F,HAPPY,3,S7,T5,
2715,subesco,F_08_JOYEETA_S_7_NEUTRAL_1.wav,386796,6fa10360edd72f0c20cd5dd0557db5c4e23460f647e797f1487a9fc1ad7fe459,F08,F,NEUTRAL,4,S7,T1,
2716,subesco,F_08_JOYEETA_S_7_NEUTRAL_2.wav,385682,ec11f80fca57d698cf4e9656828242f4958b136edeecb976bb52427eecd566d1,F08,F,NEUTRAL,4,S7,T2,
2717,subesco,F_08_JOYEETA_S_7_NEUTRAL_3.wav,386796,42122594423adce92c73bdfada4ef409ca857695aeff38377c39ddfb0f128180,F08,F,NEUTRAL,4,S7,T3,
2718,subesco,F_08_JOYEETA_S_7_NEUTRAL_4.wav,385682,200dea339c227026a6378738892c6bffc88177e7bb93080ddc6165455a729e08,F08,F,NEUTRAL,4,S7,T4,
2719,subesco,F_08_JOYEETA_S_7_NEUTRAL_5.wav,385682,7b5c67be3baa1aa43dfe8132aaa035c67780e6ee2c1198004a1b244baebdff6d,F08,F,NEUTRAL,4,S7,T5,
2720,subesco,F_08_JOYEETA_S_7_SAD_1.wav,385682,e6dc97fc813108ba0920ebed8fbce514736fa605ad0b5eeab7d08c2e525b692f,F08,F,SAD,5,S7,T1,
2721,subesco,F_08_JOYEETA_S_7_SAD_2.wav,385682,1488a783bbebeb1b7638b4a1016df76b48d8bcb5bdf74a8b6db4eb32eea46490,F08,F,SAD,5,S7,T2,
2722,subesco,F_08_JOYEETA_S_7_SAD_3.wav,386796,89ff4bfc102a462d2d62a793b12fc57a19b5c02a54209331efa1867cf7b7c2ff,F08,F,SAD,5,S7,T3,
2723,subesco,F_08_JOYEETA_S_7_SAD_4.wav,386796,dcdeedf38b5f232f6c5bdc7f4379a54f70951b93db13fd524e0d51358b32fcbf,F08,F,SAD,5,S7,T4,
2724,subesco,F_08_JOYEETA_S_7_SAD_5.wav,385682,6bc59306ee22a593229589e00ef4bed4badd9f4a043b1b97272fb32ccc6fc433,F08,F,SAD,5,S7,T5,
2725,subesco,F_08_JOYEETA_S_7_SURPRISE_1.wav,384566,461d9cd580fa28442c600065b120cc5759af2585804698a969fdba2c509ca9c8,F08,F,SURPRISE,6,S7,T1,
2726,subesco,F_08_JOYEETA_S_7_SURPRISE_2.wav,386796,166169de1a4b936cbe5c0839e32a629f8490f69a804e59b6a85b6e2e68999d4f,F08,F,SURPRISE,6,S7,T2,
2727,subesco,F_08_JOYEETA_S_7_SURPRISE_3.wav,385682,0796731e7c1c238ef26f8854e62f3fd9cd4980cdef653c4808d711e9195cd84e,F08,F,SURPRISE,6,S7,T3,
2728,subesco,F_08_JOYEETA_S_7_SURPRISE_4.wav,386796,080515bca545130811c509c6df86d2190f96f807fbde5a4ff873bcc4f67f5d50,F08,F,SURPRISE,6,S7,T4,
2729,subesco,F_08_JOYEETA_S_7_SURPRISE_5.wav,386796,d20dc8861f4426c2601ac0c8bf2765e78c7ec741e67f18d55c1fa30dce7fe763,F08,F,SURPRISE,6,S7,T5,
2730,subesco,F_08_JOYEETA_S_8_ANGRY_1.wav,385682,574939a1f228f0fa3318e9670c1999e5cd6a2169d4d6168a19027004309801f6,F08,F,ANGRY,0,S8,T1,
2731,subesco,F_08_JOYEETA_S_8_ANGRY_2.wav,385682,9fd8eed71f72949356831bfd4bb9450335011e592050cfa48217cdc9e36656e7,F08,F,ANGRY,0,S8,T2,
2732,subesco,F_08_JOYEETA_S_8_ANGRY_3.wav,386796,7b9a57f1ad56f48786c01eb0379f8d2da602158e531934dd6bea73a2c4147ee8,F08,F,ANGRY,0,S8,T3,
2733,subesco,F_08_JOYEETA_S_8_ANGRY_4.wav,385682,e2df1cf3d3f8b3ca5764fb0868a3ab0cf1789030360d3b60329f038247d6cb40,F08,F,ANGRY,0,S8,T4,
2734,subesco,F_08_JOYEETA_S_8_ANGRY_5.wav,386796,4d8a61ed18d115d96e85d59303964a8680a76a781660984e1c46c6c59a6c1921,F08,F,ANGRY,0,S8,T5,
2735,subesco,F_08_JOYEETA_S_8_DISGUST_1.wav,386796,f8ec13f47391b232e5dd093621b24f0024715f891a304d9ab93824faf6d252a2,F08,F,DISGUST,1,S8,T1,
2736,subesco,F_08_JOYEETA_S_8_DISGUST_2.wav,386796,aeefc9447d16321d7dfc870cec91c5e89506a72a1115d4037037eeb078d7db60,F08,F,DISGUST,1,S8,T2,
2737,subesco,F_08_JOYEETA_S_8_DISGUST_3.wav,386796,6466b6816705107f4ea131b1d2bf3b1b49917caa12d2565d608607e104828af1,F08,F,DISGUST,1,S8,T3,
2738,subesco,F_08_JOYEETA_S_8_DISGUST_4.wav,385682,23f0e3edcb9ccc8802237b93a824a79972cb7a1ab9ad4f85f5188ab54fefa216,F08,F,DISGUST,1,S8,T4,
2739,subesco,F_08_JOYEETA_S_8_DISGUST_5.wav,386796,c27db79cc782570fb77dc13e0bd319199d109cedbe360afaef16d87ab9bd4371,F08,F,DISGUST,1,S8,T5,
2740,subesco,F_08_JOYEETA_S_8_FEAR_1.wav,386796,936250051a86c3faf965fc99f9f1d3d37a26988b52af491f54924d4ef8e78403,F08,F,FEAR,2,S8,T1,
2741,subesco,F_08_JOYEETA_S_8_FEAR_2.wav,385682,647b6baf3f4fd0db03e5cf265249168f47dffe89715d50bd7e7342189685a686,F08,F,FEAR,2,S8,T2,
2742,subesco,F_08_JOYEETA_S_8_FEAR_3.wav,386796,07c7c0d5bb3a11402c131257b82b1db02303b422bf327a5592c085f2ae555fd9,F08,F,FEAR,2,S8,T3,
2743,subesco,F_08_JOYEETA_S_8_FEAR_4.wav,386796,d76df12db79c87afb028f748c4d9bbc1fc180fb31c654940651928cd50ae69d5,F08,F,FEAR,2,S8,T4,
2744,subesco,F_08_JOYEETA_S_8_FEAR_5.wav,385682,f454d4ba80dd0cad500dfd78b49592fba50df82aa42d1dc429b50296216f7536,F08,F,FEAR,2,S8,T5,
2745,subesco,F_08_JOYEETA_S_8_HAPPY_1.wav,386796,90c7ab4d9160fa30cf7b715cfaa692fc9ccc23c1a31227d78cda3d2b205e1a8f,F08,F,HAPPY,3,S8,T1,
2746,subesco,F_08_JOYEETA_S_8_HAPPY_2.wav,386796,025a6a654ef195b7967625231117214b492ef839c65159c7324dbbd149fcd262,F08,F,HAPPY,3,S8,T2,
2747,subesco,F_08_JOYEETA_S_8_HAPPY_3.wav,386796,dae50656fca104c9380e4039ded441b338c1fe0df86dc170d288a47bcf68924b,F08,F,HAPPY,3,S8,T3,
2748,subesco,F_08_JOYEETA_S_8_HAPPY_4.wav,386796,162d44d80ce85ac94587b769879b8eb29bd3bd85202a92d9a1846b2bf6daa3a9,F08,F,HAPPY,3,S8,T4,
2749,subesco,F_08_JOYEETA_S_8_HAPPY_5.wav,386796,60180d3a160ea96412ab8172f73188424dbe10751be9f2f8b5825937441b83ae,F08,F,HAPPY,3,S8,T5,
2750,subesco,F_08_JOYEETA_S_8_NEUTRAL_1.wav,386796,42dd01e5179c9d561e5fc88ba0ea46036317c74cfd8a0c6a009676abfaed405a,F08,F,NEUTRAL,4,S8,T1,
2751,subesco,F_08_JOYEETA_S_8_NEUTRAL_2.wav,385682,9aadf9569842f9938b3b924462a5967caa70a92f112df63af417f447e2c5375c,F08,F,NEUTRAL,4,S8,T2,
2752,subesco,F_08_JOYEETA_S_8_NEUTRAL_3.wav,386796,099b9ececdeab2c66953a25a4695e089ca0f6672646049f5694974779f456a4d,F08,F,NEUTRAL,4,S8,T3,
2753,subesco,F_08_JOYEETA_S_8_NEUTRAL_4.wav,385682,5e377d3b93d849193b97617b6d9696ab6be20bf740276a1aa87f6d0371011f1b,F08,F,NEUTRAL,4,S8,T4,
2754,subesco,F_08_JOYEETA_S_8_NEUTRAL_5.wav,386796,19475d0e35dbe36725582e7a8566044134f41207778a40666547a671be0a3294,F08,F,NEUTRAL,4,S8,T5,
2755,subesco,F_08_JOYEETA_S_8_SAD_1.wav,386796,39b8f7d38b790ac40dff538d632e062bf96f09f1256e9717e4e8d4b58cacdba3,F08,F,SAD,5,S8,T1,
2756,subesco,F_08_JOYEETA_S_8_SAD_2.wav,385682,7e97a121f0d2357aae62be4dbc9afe60f4f5d69a1f8669924adfd9944eadb170,F08,F,SAD,5,S8,T2,
2757,subesco,F_08_JOYEETA_S_8_SAD_3.wav,386796,7a966421d8d8605ef53dc8745b31356a9d64ca17d901f2dac2da516c386128ee,F08,F,SAD,5,S8,T3,
2758,subesco,F_08_JOYEETA_S_8_SAD_4.wav,386796,e712844186aa7f1eb3588757a83409ce3f97d10e5ab620ff886b8959e18f5668,F08,F,SAD,5,S8,T4,
2759,subesco,F_08_JOYEETA_S_8_SAD_5.wav,385682,ec70f038332a9e37f4fbdab26fd6cdd89fd737c92ebbbe52a6b88cf1b1219e2a,F08,F,SAD,5,S8,T5,
2760,subesco,F_08_JOYEETA_S_8_SURPRISE_1.wav,386796,0d55e2f1b75045cc864a2eca67acb4be99f737d548b3c0774e86c21b0694bbe5,F08,F,SURPRISE,6,S8,T1,
2761,subesco,F_08_JOYEETA_S_8_SURPRISE_2.wav,386796,ee9c7f0d3f01b136ded279fbe2edceb1c95d7c9f2317fa46ff9bbdeacfe2d7b7,F08,F,SURPRISE,6,S8,T2,
2762,subesco,F_08_JOYEETA_S_8_SURPRISE_3.wav,386796,d7e114bbbbc2dfdfcef791ae3e4e05120b99f3bce434d9265bd0b80dc521144d,F08,F,SURPRISE,6,S8,T3,
2763,subesco,F_08_JOYEETA_S_8_SURPRISE_4.wav,386796,f77347bf82810ff6a6e17c36ad0c0adca4aa0067badf7d5db438b689b12aa2da,F08,F,SURPRISE,6,S8,T4,
2764,subesco,F_08_JOYEETA_S_8_SURPRISE_5.wav,386796,bbccf5d02a7aceeb05e00e75b431ed449e20dcc834edb6deb578a5dd837be558,F08,F,SURPRISE,6,S8,T5,
2765,subesco,F_08_JOYEETA_S_9_ANGRY_1.wav,385682,decd32e873569c028f59c0528bf30beeb5a61af5d438553cfc98527ac0f580c9,F08,F,ANGRY,0,S9,T1,
2766,subesco,F_08_JOYEETA_S_9_ANGRY_2.wav,385682,0668c7403931594e69359e77a329b2681473d1d434f990eb63b29199ece1be23,F08,F,ANGRY,0,S9,T2,
2767,subesco,F_08_JOYEETA_S_9_ANGRY_3.wav,386796,1e6db6ce6c3430308d35a9d5b535c98f7699c45350400db337852b467581aad3,F08,F,ANGRY,0,S9,T3,
2768,subesco,F_08_JOYEETA_S_9_ANGRY_4.wav,386796,dc22299e89940362d592b15eed9dcd202b149854ec693b21b0b0a95fbaf3faac,F08,F,ANGRY,0,S9,T4,
2769,subesco,F_08_JOYEETA_S_9_ANGRY_5.wav,386796,d62b0735ae1cb5efc51a0dda5050154f6f79bbdff1e1c5ddcd2f1d34a9c11df3,F08,F,ANGRY,0,S9,T5,
2770,subesco,F_08_JOYEETA_S_9_DISGUST_1.wav,386796,8f8702f058cef7a5b43fcbec02f1207129f97594f2db20f738caa666ee8bd6be,F08,F,DISGUST,1,S9,T1,
2771,subesco,F_08_JOYEETA_S_9_DISGUST_2.wav,386796,aeb55cd2436673a8ea5671304aa8d0174267070d83c68df3270c565cacdb0187,F08,F,DISGUST,1,S9,T2,
2772,subesco,F_08_JOYEETA_S_9_DISGUST_3.wav,386796,f22395aa3b58c0574314447fbce80ed8e730a8259c4d194d5790930226febc04,F08,F,DISGUST,1,S9,T3,
2773,subesco,F_08_JOYEETA_S_9_DISGUST_4.wav,386796,789a5e033b9f9f9e933117e9f756dee54cabbdfc427379e95df5dfaf8c5444e7,F08,F,DISGUST,1,S9,T4,
2774,subesco,F_08_JOYEETA_S_9_DISGUST_5.wav,386796,bd04430cab2a60671564f1daf6ec6686186866797d73f78e858e70c28bd2e100,F08,F,DISGUST,1,S9,T5,
2775,subesco,F_08_JOYEETA_S_9_FEAR_1.wav,386796,ee2b5adf9bb51a02e2400a615b474a3237d9b8c78851962b0e8d3c94063c7d4b,F08,F,FEAR,2,S9,T1,
2776,subesco,F_08_JOYEETA_S_9_FEAR_2.wav,386796,f9e90250b77caba7449d9981cdfe1df451394f6d3e332bdf3d4859fed4dd9c5a,F08,F,FEAR,2,S9,T2,
2777,subesco,F_08_JOYEETA_S_9_FEAR_3.wav,386796,3e29a88e66a370a6db61ab2ba3e7687a2781fa4657f40ab2928c0dadf12fdc7e,F08,F,FEAR,2,S9,T3,
2778,subesco,F_08_JOYEETA_S_9_FEAR_4.wav,386796,8a8db161d5d7d4bd97d2c14e77c78ef0f4f0f47b4a6b5fbc2ca05cd1001fe644,F08,F,FEAR,2,S9,T4,
2779,subesco,F_08_JOYEETA_S_9_FEAR_5.wav,386796,36d1daa642288f4daeab683710327ddcf082059849d2232195699e4f323540ef,F08,F,FEAR,2,S9,T5,
2780,subesco,F_08_JOYEETA_S_9_HAPPY_1.wav,386796,dd3bfdbab9f2faf22686118ea76b54f41c6eac1640e1d1ce0f94b1a26d84604f,F08,F,HAPPY,3,S9,T1,
2781,subesco,F_08_JOYEETA_S_9_HAPPY_2.wav,386796,44bfd7f6b9ce2345fa7fe431318075b1a29d932cc9bc8659b2e10078b183984a,F08,F,HAPPY,3,S9,T2,
2782,subesco,F_08_JOYEETA_S_9_HAPPY_3.wav,385682,146e63ae32872466cce9c5275efd6e8b279629ada69bba05d1866ae826dec040,F08,F,HAPPY,3,S9,T3,
2783,subesco,F_08_JOYEETA_S_9_HAPPY_4.wav,386796,649573c813d553744ea6cf3cacda3dacc07be509c64504b2a09c3cafc92d983c,F08,F,HAPPY,3,S9,T4,
2784,subesco,F_08_JOYEETA_S_9_HAPPY_5.wav,385682,edb59c29ab069834c83f31acc007187117b73bb9d501314ddd34d574c5f75d7d,F08,F,HAPPY,3,S9,T5,
2785,subesco,F_08_JOYEETA_S_9_NEUTRAL_1.wav,385682,a8d3a0aeca891b52d0822346503652b672369b2a55eea43a54ae309372ee658f,F08,F,NEUTRAL,4,S9,T1,
2786,subesco,F_08_JOYEETA_S_9_NEUTRAL_2.wav,386796,70e69e822640fded95e32db6f3d3335520a6a049bce6c849a96c00f87f349744,F08,F,NEUTRAL,4,S9,T2,
2787,subesco,F_08_JOYEETA_S_9_NEUTRAL_3.wav,386796,1347d06392bb349d7ac1b248f9c086af0711765341a10d39f0803d49a5b33dcf,F08,F,NEUTRAL,4,S9,T3,
2788,subesco,F_08_JOYEETA_S_9_NEUTRAL_4.wav,384566,0aab24f23fe2c813ac9eef9ef69106a8051c2ce0aa5d55a7a2ffd19934679fc3,F08,F,NEUTRAL,4,S9,T4,
2789,subesco,F_08_JOYEETA_S_9_NEUTRAL_5.wav,385682,e714281e8e89d863813bb5f63e775b49d2e78d2d67b94e16a4e22451514a28c5,F08,F,NEUTRAL,4,S9,T5,
2790,subesco,F_08_JOYEETA_S_9_SAD_1.wav,385682,3b83b865338e2a11e0d4bf6ac940e8a0e9561bba984d25a61501b7639a82d54b,F08,F,SAD,5,S9,T1,
2791,subesco,F_08_JOYEETA_S_9_SAD_2.wav,386796,f09ca50ab1c3ca590b9882f2c3b0098f735e06f12271b7fe7ad70680ddc85649,F08,F,SAD,5,S9,T2,
2792,subesco,F_08_JOYEETA_S_9_SAD_3.wav,386796,1044eb22e0d75413109791da66d3405c9166f48637f492aaaa5eaa03aa213fef,F08,F,SAD,5,S9,T3,
2793,subesco,F_08_JOYEETA_S_9_SAD_4.wav,387910,818816796c1f1d10ba9639f18508b63fae1531d5de35766f50a555f1a878069d,F08,F,SAD,5,S9,T4,
2794,subesco,F_08_JOYEETA_S_9_SAD_5.wav,386796,e4a7e343ff0a661b6a904ce7dccfd6289cca39af3f41ad0e398b7823f4421212,F08,F,SAD,5,S9,T5,
2795,subesco,F_08_JOYEETA_S_9_SURPRISE_1.wav,386796,67abe6fc360583e325abc31a8673cb42cb3ded3211566dede831ecac94c41fa2,F08,F,SURPRISE,6,S9,T1,
2796,subesco,F_08_JOYEETA_S_9_SURPRISE_2.wav,386796,dd8e70975f9c00945b4f13f44145c8193d89c15391c30e6c1fcd08cadb97ef2c,F08,F,SURPRISE,6,S9,T2,
2797,subesco,F_08_JOYEETA_S_9_SURPRISE_3.wav,385682,eccc91c7a11d588270d1d476c2ebaf3af0cbcb02fe414c9694144cacf749563b,F08,F,SURPRISE,6,S9,T3,
2798,subesco,F_08_JOYEETA_S_9_SURPRISE_4.wav,386796,571af70b33372da5fed39551efd4e7a4058d01d84aba5c848dd5217f7b5445c6,F08,F,SURPRISE,6,S9,T4,
2799,subesco,F_08_JOYEETA_S_9_SURPRISE_5.wav,386796,050ff36fd8d96c382c78d9466a27025e9350eb61214f55a0c959145e449f8e99,F08,F,SURPRISE,6,S9,T5,
2800,subesco,F_09_CHAITY_S_10_ANGRY_1.wav,360492,c10a894e96a26789072a775526db078bec209b2ee5d9a861b597c41dfe2e0bfc,F09,F,ANGRY,0,S10,T1,
2801,subesco,F_09_CHAITY_S_10_ANGRY_2.wav,360492,16582dc6b69f38edaa9dadfe8bb1abfdb775efd7ef3140c65d8b553fe18e0044,F09,F,ANGRY,0,S10,T2,
2802,subesco,F_09_CHAITY_S_10_ANGRY_3.wav,357422,96964cab0c22444f71d0ae5b3cb15aa52c12659c161f2c1d7046635883f14817,F09,F,ANGRY,0,S10,T3,
2803,subesco,F_09_CHAITY_S_10_ANGRY_4.wav,328748,e3ddd923b9b08e3f1afc557465dff7dbfcae15ce79d7265be1e3dee026872863,F09,F,ANGRY,0,S10,T4,
2804,subesco,F_09_CHAITY_S_10_ANGRY_5.wav,345132,168686ba8499174bdde0ed5b7f23f2e05320457cde1703c9b0d20ba781a726e8,F09,F,ANGRY,0,S10,T5,
2805,subesco,F_09_CHAITY_S_10_DISGUST_1.wav,384566,36db9ff92b817905a8ce0380a7e86cd4aeb72d30cebc9e7a158fd5cda15ce0df,F09,F,DISGUST,1,S10,T1,
2806,subesco,F_09_CHAITY_S_10_DISGUST_2.wav,386796,925b18e0ecd1128dce9d938ac8dee2f89d13a6b503a29ee8f23c034b9efacc5a,F09,F,DISGUST,1,S10,T2,
2807,subesco,F_09_CHAITY_S_10_DISGUST_3.wav,385682,9a5b3d6801221076aacb051a5339d5913db89ab90db363712025eba958ca4f59,F09,F,DISGUST,1,S10,T3,
2808,subesco,F_09_CHAITY_S_10_DISGUST_4.wav,386796,fbef1b6228dcfd2c60137485eb88a8ef619546f481804536a5e3ae894bbd11c4,F09,F,DISGUST,1,S10,T4,
2809,subesco,F_09_CHAITY_S_10_DISGUST_5.wav,384566,30ead89f39568044c8c8a9a367623afa6f6f5718a61997a6fffc333dbf9c2d9e,F09,F,DISGUST,1,S10,T5,
2810,subesco,F_09_CHAITY_S_10_FEAR_1.wav,350252,6288132b08e2af26fff4476012084069318ed529c5e21639566b7668e3b139d5,F09,F,FEAR,2,S10,T1,
2811,subesco,F_09_CHAITY_S_10_FEAR_2.wav,360492,c58d43bb5c683605cccc9379cbff508fb12d370b5ace785360cf6c78f9ac37a6,F09,F,FEAR,2,S10,T2,
2812,subesco,F_09_CHAITY_S_10_FEAR_3.wav,355372,85381997eb2fbd563eec15215e0a0e9665c76f916c0b7f86ccf0b7f305c3adf4,F09,F,FEAR,2,S10,T3,
2813,subesco,F_09_CHAITY_S_10_FEAR_4.wav,359468,74367cbf268ede78d3a97bab14925872725652c052ee14bb1a02ca04ca724d85,F09,F,FEAR,2,S10,T4,
2814,subesco,F_09_CHAITY_S_10_FEAR_5.wav,349228,01fa35f5cb011e8b4f4f2dc8c4042f72b343eb649d710f5a95786f661159f11d,F09,F,FEAR,2,S10,T5,
2815,subesco,F_09_CHAITY_S_10_HAPPY_1.wav,369708,312d15953394cbe0aeb00fc33f40a6e2c07b7f40045f0416aedfa9d094defc79,F09,F,HAPPY,3,S10,T1,
2816,subesco,F_09_CHAITY_S_10_HAPPY_2.wav,351276,7a42aabb180639cc5ab5a90c9768b9081f17b0ad6b6de216bc8351a7c8a9c0d7,F09,F,HAPPY,3,S10,T2,
2817,subesco,F_09_CHAITY_S_10_HAPPY_3.wav,331820,dff0926aeb25fefd36440c2d3814bc45d0336d1ada353b0b53d7846308a83d4c,F09,F,HAPPY,3,S10,T3,
2818,subesco,F_09_CHAITY_S_10_HAPPY_4.wav,361516,61fb20659110e8f541290f7485d8547f4d52854c3916c74a5aad14e2d277afa5,F09,F,HAPPY,3,S10,T4,
2819,subesco,F_09_CHAITY_S_10_HAPPY_5.wav,355372,0db392f68a95e72d458e6f0822812a51179cdba37b627ee8bc86d87ef9b06d0b,F09,F,HAPPY,3,S10,T5,
2820,subesco,F_09_CHAITY_S_10_NEUTRAL_1.wav,385682,608e955c7a774cdb2c865016125877365d228fd00e23bb74d18ea116acace262,F09,F,NEUTRAL,4,S10,T1,
2821,subesco,F_09_CHAITY_S_10_NEUTRAL_2.wav,386796,f29a8c2120c6f906c370b3b43df2d7e2a9c2fda63c4e993f0daecad7f8b71c78,F09,F,NEUTRAL,4,S10,T2,
2822,subesco,F_09_CHAITY_S_10_NEUTRAL_3.wav,385682,bf6fcce38d6696aeb328f4d7e4d3e6d1767d552b0d695b66856f08759d4c4d81,F09,F,NEUTRAL,4,S10,T3,
2823,subesco,F_09_CHAITY_S_10_NEUTRAL_4.wav,386796,86f6e0b30404fcd3e14e41351bd6102b0e119745e5ed290ff29fb584f3c8aa1d,F09,F,NEUTRAL,4,S10,T4,
2824,subesco,F_09_CHAITY_S_10_NEUTRAL_5.wav,385682,79b962fd1b8a6ee0d355b582c3525697063ef4bae868a6594b68ae93f567ec15,F09,F,NEUTRAL,4,S10,T5,
2825,subesco,F_09_CHAITY_S_10_SAD_1.wav,386796,48e16408f139e9ea1c3489e4f976778a13781b874f97aed65220400bedde4bc5,F09,F,SAD,5,S10,T1,
2826,subesco,F_09_CHAITY_S_10_SAD_2.wav,385682,d3635e1a7ce5d4ba0955b94ffe558be702278e67b6c3ef76466afcb5662f24b4,F09,F,SAD,5,S10,T2,
2827,subesco,F_09_CHAITY_S_10_SAD_3.wav,386796,52c6b75205361c9f3b373da7846614d8877073d354e6f9aff215291652ebf0e8,F09,F,SAD,5,S10,T3,
2828,subesco,F_09_CHAITY_S_10_SAD_4.wav,386796,b4f1f9e6e38dd7567691a1b3f5ceac3986f84e9f19513db91b34570cd7f57bb7,F09,F,SAD,5,S10,T4,
2829,subesco,F_09_CHAITY_S_10_SAD_5.wav,386796,b2ae3b9bc1cb5dd699e90b40979ab00d70c0229c92ba9c708ee3a00805f93e2d,F09,F,SAD,5,S10,T5,
2830,subesco,F_09_CHAITY_S_10_SURPRISE_1.wav,386796,4c6708444bf4a265aacf41b34ab1a8aba03d882e3a168564014a69253f54196a,F09,F,SURPRISE,6,S10,T1,
2831,subesco,F_09_CHAITY_S_10_SURPRISE_2.wav,386796,7137acb4462bb7b3b224a8d85fd6ca7f96374284ad1cc9bf2c636ba92271bded,F09,F,SURPRISE,6,S10,T2,
2832,subesco,F_09_CHAITY_S_10_SURPRISE_3.wav,385682,49ea7e8e5d80c9290d0de0051d1988094d578400cf07e6c6228e18a791dcd16b,F09,F,SURPRISE,6,S10,T3,
2833,subesco,F_09_CHAITY_S_10_SURPRISE_4.wav,386796,f6b39c90eeb96389a0e2accd7d6244c7d7c375e9f10fa017dcd3e792a6bad3ab,F09,F,SURPRISE,6,S10,T4,
2834,subesco,F_09_CHAITY_S_10_SURPRISE_5.wav,385682,5c26b2c7b42d6a971748a385c4d571237c56ce4cf86612f1cbf83a5997863de8,F09,F,SURPRISE,6,S10,T5,
2835,subesco,F_09_CHAITY_S_1_ANGRY_1.wav,357420,d61da4a1d908628362daf980c485ee8c99e2089de8dc6e6c2f642deba6c60223,F09,F,ANGRY,0,S1,T1,
2836,subesco,F_09_CHAITY_S_1_ANGRY_2.wav,358444,b1101df0427987c6c991124e49c68c6dc702b8feb4ef80e6a1e8585aa73ebbcf,F09,F,ANGRY,0,S1,T2,
2837,subesco,F_09_CHAITY_S_1_ANGRY_3.wav,354348,c40886daaf12e1d313328c76c4e20b4f9add960bf386c1449caf846f2de9867a,F09,F,ANGRY,0,S1,T3,
2838,subesco,F_09_CHAITY_S_1_ANGRY_4.wav,358442,7063def5911636b68adf7a25c9228f2a6426d04bc522791392903f09b84e163b,F09,F,ANGRY,0,S1,T4,
2839,subesco,F_09_CHAITY_S_1_ANGRY_5.wav,361584,942992ad4d2ad81dfe4043fc0affed45f3633d72c1bf1af07e818bb39162a4b4,F09,F,ANGRY,0,S1,T5,
2840,subesco,F_09_CHAITY_S_1_DISGUST_1.wav,386796,c54dd283fc47a50097a5b5ffc0286f202b0980cd00ac0cc0a62cfd1b1aa1d2dc,F09,F,DISGUST,1,S1,T1,
2841,subesco,F_09_CHAITY_S_1_DISGUST_2.wav,386796,f4d3142ddfa3af3216ceb592d05bc66b75bed45a6a35e911cfac18e0e29670c4,F09,F,DISGUST,1,S1,T2,
2842,subesco,F_09_CHAITY_S_1_DISGUST_3.wav,386796,8e85035c70cb4501cdbfd690cdd23a8842a71fc1be30a5130d234b55f7ee1fe5,F09,F,DISGUST,1,S1,T3,
2843,subesco,F_09_CHAITY_S_1_DISGUST_4.wav,386796,268601715fbd1c9d6b3ea504ad6cc4fdfad2f80173aa46b5ebb7093192d2a5c0,F09,F,DISGUST,1,S1,T4,
2844,subesco,F_09_CHAITY_S_1_DISGUST_5.wav,387910,c9931ab6f1825e345cd8ac5b8bbbf95227615297754f658217f5691a73fd4acb,F09,F,DISGUST,1,S1,T5,
2845,subesco,F_09_CHAITY_S_1_FEAR_1.wav,364590,3c5bf789b1696f0f54d6f969a98936900c999c2e9b886bd51331e917a062a635,F09,F,FEAR,2,S1,T1,
2846,subesco,F_09_CHAITY_S_1_FEAR_2.wav,359468,fe0b4c541503b4dd7142123e9b4f899f621441049e02a32b4d93defe8c571f24,F09,F,FEAR,2,S1,T2,
2847,subesco,F_09_CHAITY_S_1_FEAR_3.wav,360492,aaff2b23dcd133652a139707aea197fd386aeddc1ef5a98b3b1679089b1fbe39,F09,F,FEAR,2,S1,T3,
2848,subesco,F_09_CHAITY_S_1_FEAR_4.wav,366636,63468348cef0629183616443ce626cc60fec8d6bbb554149c8eb2ed001ab8b2e,F09,F,FEAR,2,S1,T4,
2849,subesco,F_09_CHAITY_S_1_FEAR_5.wav,378926,c21f6d21127c16cd7ffad60ae6f4f53b4d27a74b686eee572ac2df778a6a7245,F09,F,FEAR,2,S1,T5,
2850,subesco,F_09_CHAITY_S_1_HAPPY_1.wav,368686,6b062c2f5491a4eae513a0c285e6727c5f6f61df2698b8b6eaeccf383e8baef0,F09,F,HAPPY,3,S1,T1,
2851,subesco,F_09_CHAITY_S_1_HAPPY_2.wav,354348,c6e241f83956c3167943c2fc36d3b6417f5695ded966cf9efd40719ef87add9f,F09,F,HAPPY,3,S1,T2,
2852,subesco,F_09_CHAITY_S_1_HAPPY_3.wav,349228,2a66a4cb2bddb442e72b3f89e465438eb374711616077ab78a7f5dd90b148f12,F09,F,HAPPY,3,S1,T3,
2853,subesco,F_09_CHAITY_S_1_HAPPY_4.wav,351276,c7f270c539f753e9b5a025cdea11a43c224d63af43f42f6f91a8095fd46449a1,F09,F,HAPPY,3,S1,T4,
2854,subesco,F_09_CHAITY_S_1_HAPPY_5.wav,357420,ef4887be9a0748cdccc3d89d4b327d8362e8eaadad5e897c92f40a2446f881c6,F09,F,HAPPY,3,S1,T5,
2855,subesco,F_09_CHAITY_S_1_NEUTRAL_1.wav,386796,0319167a1d73d4886a0f0b36bb187ae04ef8021841c97470847f6b06b14da26c,F09,F,NEUTRAL,4,S1,T1,
2856,subesco,F_09_CHAITY_S_1_NEUTRAL_2.wav,386796,bfc540f1706beb2b9cd5d036064aa557e12b19835b1a2d2807e03641f194d188,F09,F,NEUTRAL,4,S1,T2,
2857,subesco,F_09_CHAITY_S_1_NEUTRAL_3.wav,386796,3a9268de9d48abb4268d330a11665af1a79fb7b1802d3b07ae32090837cf5399,F09,F,NEUTRAL,4,S1,T3,
2858,subesco,F_09_CHAITY_S_1_NEUTRAL_4.wav,386796,43cc87411d2fadf16cfbcb00ddff7ce627b121778d04f8ee895685d3fe008bc1,F09,F,NEUTRAL,4,S1,T4,
2859,subesco,F_09_CHAITY_S_1_NEUTRAL_5.wav,386796,72edac9a5cb0acef1556711f39f4d16fe18d21a27064d93204fa436f27bdb4f1,F09,F,NEUTRAL,4,S1,T5,
2860,subesco,F_09_CHAITY_S_1_SAD_1.wav,386796,6cc6af1a3393167989e103e647b2b506d60a3afad881269af6d1e0c8da3f13a2,F09,F,SAD,5,S1,T1,
2861,subesco,F_09_CHAITY_S_1_SAD_2.wav,386796,0f3dead7a34ded4dfd11ab9039e6b686fc9ab41cd6f66b7d72ac4b17d053342c,F09,F,SAD,5,S1,T2,
2862,subesco,F_09_CHAITY_S_1_SAD_3.wav,386796,3ca20adf728fba4ccfe7ead951dbcb7c8ece04ee3942560593ce378b447d1486,F09,F,SAD,5,S1,T3,
2863,subesco,F_09_CHAITY_S_1_SAD_4.wav,386796,753a67815690271ad2d7dc6a3d40986540aff2e08698bdb0da371343075b4403,F09,F,SAD,5,S1,T4,
2864,subesco,F_09_CHAITY_S_1_SAD_5.wav,386796,6ab20962a6989d7ac77ce0619b68961759395bdc97ff93c5dd37911b59c91d05,F09,F,SAD,5,S1,T5,
2865,subesco,F_09_CHAITY_S_1_SURPRISE_1.wav,386796,6397720e7ef2235c7cf3c140428189ff2142c2e05b4d6b4ae60a460bc7200e04,F09,F,SURPRISE,6,S1,T1,
2866,subesco,F_09_CHAITY_S_1_SURPRISE_2.wav,386796,8d23f68bc0105a60551c8ee5638ebfd7c115d4a0985781058b3b29288165c8bf,F09,F,SURPRISE,6,S1,T2,
2867,subesco,F_09_CHAITY_S_1_SURPRISE_3.wav,386796,d2f0024f1bdedcce7520ef8b638b84e622e83922dfb6c32838da5f7373ae9495,F09,F,SURPRISE,6,S1,T3,
2868,subesco,F_09_CHAITY_S_1_SURPRISE_4.wav,386796,d775d015c9326bcca002fd6fef9f9bec6eaec563b69c8007fea52b10b5602ae0,F09,F,SURPRISE,6,S1,T4,
2869,subesco,F_09_CHAITY_S_1_SURPRISE_5.wav,386796,0567d818d55490b25a5761ee1a43006a3d983186a3868e4f44c1af9f862e86fc,F09,F,SURPRISE,6,S1,T5,
2870,subesco,F_09_CHAITY_S_2_ANGRY_1.wav,364590,d4d7759e7ada786260b82346a9b6b0609aaf03e535f02c71ded2ec61cc1b31c8,F09,F,ANGRY,0,S2,T1,
2871,subesco,F_09_CHAITY_S_2_ANGRY_2.wav,363564,de9140ed6ad1a2dc0da10acb106e3a22ea0c265449520a2c8bbfcd23ebcf749e,F09,F,ANGRY,0,S2,T2,
2872,subesco,F_09_CHAITY_S_2_ANGRY_3.wav,343084,73395c7cf13e7951c618038fe3389082fc62e00ee498b4fe340e23252e1c5792,F09,F,ANGRY,0,S2,T3,
2873,subesco,F_09_CHAITY_S_2_ANGRY_4.wav,347180,60237484e5ba94ee867da100f7c6d1fe714cb4e5e3a402ad82e14bc67f40aee0,F09,F,ANGRY,0,S2,T4,
2874,subesco,F_09_CHAITY_S_2_ANGRY_5.wav,345132,5e514f90b61f1aaa4f40d5bc3524f4aa0f824af7385b45b72c87b1f51d725139,F09,F,ANGRY,0,S2,T5,
2875,subesco,F_09_CHAITY_S_2_DISGUST_1.wav,386796,23c199cfabd60eb74efefdb22a57a542b39908c34265d1823b734dad04340d27,F09,F,DISGUST,1,S2,T1,
2876,subesco,F_09_CHAITY_S_2_DISGUST_2.wav,386796,dfdfc91f67d6fc5a6df4964f2b21c4de8cf92cf2b7f2bd1587eefef806ce24b9,F09,F,DISGUST,1,S2,T2,
2877,subesco,F_09_CHAITY_S_2_DISGUST_3.wav,386796,35440d3083035b15bb5034c75937186b6ea44457c67c071c6241c75a027f37fb,F09,F,DISGUST,1,S2,T3,
2878,subesco,F_09_CHAITY_S_2_DISGUST_4.wav,386796,b37a7b2b5622daeac2f622fed9173019c8adeae066166f6a7221d06d3e8f6e81,F09,F,DISGUST,1,S2,T4,
2879,subesco,F_09_CHAITY_S_2_DISGUST_5.wav,386796,276c2a89305485eda4e3d5e716570e7178148964e10a243b66323eb389dd6e71,F09,F,DISGUST,1,S2,T5,
2880,subesco,F_09_CHAITY_S_2_FEAR_1.wav,364588,d3c3067d6578650c79a553a7f4754930625d3054a0a36fd728e02c2f5ffe5797,F09,F,FEAR,2,S2,T1,
2881,subesco,F_09_CHAITY_S_2_FEAR_2.wav,359468,0adbea7b284704b25a0eabb5a37b0d12ee31594558b8a1d329fba5b19dfe6bca,F09,F,FEAR,2,S2,T2,
2882,subesco,F_09_CHAITY_S_2_FEAR_3.wav,367662,7840ad738c3d0255726cba70abb1afe9b8e27ca21fdde6ebabccb3e6ee351806,F09,F,FEAR,2,S2,T3,
2883,subesco,F_09_CHAITY_S_2_FEAR_4.wav,353324,c64733ff8890676af1b6eb498465c93fa7cb35e5c815ab8f49dd7449bb5db406,F09,F,FEAR,2,S2,T4,
2884,subesco,F_09_CHAITY_S_2_FEAR_5.wav,366634,710b0444976f5a39a9e0d0a9ecdf8e2bc7fd0a61c14fd0a96bf998f536d4a821,F09,F,FEAR,2,S2,T5,
2885,subesco,F_09_CHAITY_S_2_HAPPY_1.wav,350252,4d1eb6e90c4617db7996190fc86d2d0088aef5a1d8327ebdb444a40f1e8f7398,F09,F,HAPPY,3,S2,T1,
2886,subesco,F_09_CHAITY_S_2_HAPPY_2.wav,348204,8b9dad294a4b880ceb4b2ab4a0d2f2a33152fe821c3f42c3da9068e7524b380c,F09,F,HAPPY,3,S2,T2,
2887,subesco,F_09_CHAITY_S_2_HAPPY_3.wav,347180,9335be6b488bc32ccd2e054da3e0b05c528ac0e70af0867d4ed440307e85426e,F09,F,HAPPY,3,S2,T3,
2888,subesco,F_09_CHAITY_S_2_HAPPY_4.wav,344108,314f3304b4f9a444d1ae130e94886a317dec55ffa9eaab02d84877c61c021739,F09,F,HAPPY,3,S2,T4,
2889,subesco,F_09_CHAITY_S_2_HAPPY_5.wav,353324,aaac5e2a7b6a53558f9917433a517e74933f975ff58a7066f3f02679c03c6678,F09,F,HAPPY,3,S2,T5,
2890,subesco,F_09_CHAITY_S_2_NEUTRAL_1.wav,385682,da876ab414ea5aad6fb8b86e6b3a2579523a489c0504748bc47695875a91ad09,F09,F,NEUTRAL,4,S2,T1,
2891,subesco,F_09_CHAITY_S_2_NEUTRAL_2.wav,386796,c11825ddf838bff7dd3bf9c3bc30c9e358fa161844171d2e5b73e432c1d3fde7,F09,F,NEUTRAL,4,S2,T2,
2892,subesco,F_09_CHAITY_S_2_NEUTRAL_3.wav,386796,d0eba2c3926026dae6c8099f6b311d5a3c850f00787e620170a4bfb33bca2052,F09,F,NEUTRAL,4,S2,T3,
2893,subesco,F_09_CHAITY_S_2_NEUTRAL_4.wav,386796,2872ef5d8422f36badfcc6fe77a55208408b1de76524a07c55e113ee980bdc03,F09,F,NEUTRAL,4,S2,T4,
2894,subesco,F_09_CHAITY_S_2_NEUTRAL_5.wav,386796,5eb40161b6ded75a1ee6e4617d749c03be0caf6a018fff098fe30bb03db313d9,F09,F,NEUTRAL,4,S2,T5,
2895,subesco,F_09_CHAITY_S_2_SAD_1.wav,386796,a533c8dda649bb94a818968e2e183a5538c6ef1033bd34edf62b92c5b323209d,F09,F,SAD,5,S2,T1,
2896,subesco,F_09_CHAITY_S_2_SAD_2.wav,386796,97e44e042e977c3909e2a71b384da1889fbda191a604287251a23dd92578c929,F09,F,SAD,5,S2,T2,
2897,subesco,F_09_CHAITY_S_2_SAD_3.wav,386796,fbe629b50e0065cd0cfe8c80dfac511cabcf687fa3ae6b617723f92207f00eb7,F09,F,SAD,5,S2,T3,
2898,subesco,F_09_CHAITY_S_2_SAD_4.wav,385682,24defa2d03d17332ce9ea40eca491f8b493d55c31e2ff1f65b34d2855e91fc96,F09,F,SAD,5,S2,T4,
2899,subesco,F_09_CHAITY_S_2_SAD_5.wav,385682,3f6c8dd320b533f4cefd5c063593c240d3b12ba1c67066d72e42952f16ebe499,F09,F,SAD,5,S2,T5,
2900,subesco,F_09_CHAITY_S_2_SURPRISE_1.wav,386796,9dd649fd9dc8513c289e8c77629789a34cdca1d45918182dbb3eaabbb1dbbf6b,F09,F,SURPRISE,6,S2,T1,
2901,subesco,F_09_CHAITY_S_2_SURPRISE_2.wav,386796,c364b72ef75767b5294322e44d9bb8e35183e16d33b7819a0c6ac0f703d6cf98,F09,F,SURPRISE,6,S2,T2,
2902,subesco,F_09_CHAITY_S_2_SURPRISE_3.wav,386796,4c59a684424d1ba40a0a53bde64bceaf42badf3a4b46c3d8657cb0df56118cfe,F09,F,SURPRISE,6,S2,T3,
2903,subesco,F_09_CHAITY_S_2_SURPRISE_4.wav,386796,ef32219d999909f92df5c58e7bee790ba5b56f9f43a2c9b8e96a732317bb9786,F09,F,SURPRISE,6,S2,T4,
2904,subesco,F_09_CHAITY_S_2_SURPRISE_5.wav,386796,94571ed3f90fa6479e3d0f50434db47724a2663ca1281ab0112c89913fc8063c,F09,F,SURPRISE,6,S2,T5,
2905,subesco,F_09_CHAITY_S_3_ANGRY_1.wav,359468,c10c5680224c4cd738cfea139da88d6a5630b6463c2497d036298d11b5e3c251,F09,F,ANGRY,0,S3,T1,
2906,subesco,F_09_CHAITY_S_3_ANGRY_2.wav,368684,cd23c8bd258555957f7c989dd9b12a2618932adac2fe4ec34470d3f2d75acc11,F09,F,ANGRY,0,S3,T2,
2907,subesco,F_09_CHAITY_S_3_ANGRY_3.wav,347180,cd1dda3bafe5f35609e4d7039f72d94a49b6d03f39207cd7a18816a6ad67022d,F09,F,ANGRY,0,S3,T3,
2908,subesco,F_09_CHAITY_S_3_ANGRY_4.wav,354348,26592aa6817e15fab7fa2c982022c8298570747685a8a3bcf337d3a8ab769403,F09,F,ANGRY,0,S3,T4,
2909,subesco,F_09_CHAITY_S_3_ANGRY_5.wav,365612,a8671f36e5cc756b5bda7682f365023d5a947e211363fb3c00f9448fa358dfe2,F09,F,ANGRY,0,S3,T5,
2910,subesco,F_09_CHAITY_S_3_DISGUST_1.wav,385682,b0a39a485dd6118dbecc90abc568848db3a0f8c7db12dafd0fe3ac73e5787633,F09,F,DISGUST,1,S3,T1,
2911,subesco,F_09_CHAITY_S_3_DISGUST_2.wav,386796,7082e8bd933d4da7bef76ae0195f6dc64a17801aaf744a6e90e2bc06dd305835,F09,F,DISGUST,1,S3,T2,
2912,subesco,F_09_CHAITY_S_3_DISGUST_3.wav,389024,daf143f9c5720fa2afdae878c4d7fb60b3569454bb9442b578627bb7ca4b5a5e,F09,F,DISGUST,1,S3,T3,
2913,subesco,F_09_CHAITY_S_3_DISGUST_4.wav,384566,ebd83afd2b8d2d980e9dc2299e88e3dffdb9c833190563938117f4187e5d8f0f,F09,F,DISGUST,1,S3,T4,
2914,subesco,F_09_CHAITY_S_3_DISGUST_5.wav,386796,df0a8b0dbe19a4d4332346168eeb3855ec5466213dbc6c1936c94cf0d8213d55,F09,F,DISGUST,1,S3,T5,
2915,subesco,F_09_CHAITY_S_3_FEAR_1.wav,343086,c6c013fd04d0a47915511b9cdc914cd4a65e4baed5ba0d962cf3e2e62a51f57e,F09,F,FEAR,2,S3,T1,
2916,subesco,F_09_CHAITY_S_3_FEAR_2.wav,353324,b3e3232a8dfb639b2920c1f73d98cd8ba91696a7dc100563f8d8fe44d3cf86ab,F09,F,FEAR,2,S3,T2,
2917,subesco,F_09_CHAITY_S_3_FEAR_3.wav,356396,56ffdb4859be1a190f6690c466479b87ee5756c88560ddbfbd83c6cc42edd4b2,F09,F,FEAR,2,S3,T3,
2918,subesco,F_09_CHAITY_S_3_FEAR_4.wav,356396,542cfbb94753f597eb4899bb4324f848a43ee4db45dd5b625fe344b105874fef,F09,F,FEAR,2,S3,T4,
2919,subesco,F_09_CHAITY_S_3_FEAR_5.wav,360494,4dd3b9d5d82f4cf956b05fbbf26e55f7c628bda15e73c44896dbf542a6bd8d08,F09,F,FEAR,2,S3,T5,
2920,subesco,F_09_CHAITY_S_3_HAPPY_1.wav,361516,ad98f76ef708613503a5ab9aa7fda4bb8493450601689110b845c52ddbfc43e4,F09,F,HAPPY,3,S3,T1,
2921,subesco,F_09_CHAITY_S_3_HAPPY_2.wav,350254,b5fb3fa1084a834b8ec9125ad8a6ece271c94ab384a2108a86b43deba5cbdc68,F09,F,HAPPY,3,S3,T2,
2922,subesco,F_09_CHAITY_S_3_HAPPY_3.wav,343084,2b97dbb7726f088fea18ea9a764490c0f4917df67c68557138f0da6a87941874,F09,F,HAPPY,3,S3,T3,
2923,subesco,F_09_CHAITY_S_3_HAPPY_4.wav,354348,6ba311f32d9476c0b34dc8b0708c174a3a868f84d4d7d45a1658c01c578807ca,F09,F,HAPPY,3,S3,T4,
2924,subesco,F_09_CHAITY_S_3_HAPPY_5.wav,352300,4a7130238be8f07443fe45c1a2de3fa6912e10758ab354948fe0cdbd569ca741,F09,F,HAPPY,3,S3,T5,
2925,subesco,F_09_CHAITY_S_3_NEUTRAL_1.wav,386796,81fe9dc57dd33c2bb5c961da8c3d4f14b309920832b0b10d4a15dd2e26eb573f,F09,F,NEUTRAL,4,S3,T1,
2926,subesco,F_09_CHAITY_S_3_NEUTRAL_2.wav,386796,4aac1f0bcf49bbff555ac39148c07bb4eacd4e0d721efa16a01157a08c414db8,F09,F,NEUTRAL,4,S3,T2,
2927,subesco,F_09_CHAITY_S_3_NEUTRAL_3.wav,385682,0cdad02fe16d98c3e4af7b78a00cafc2d7009dd6b5f79b2c1e757d8e33e82791,F09,F,NEUTRAL,4,S3,T3,
2928,subesco,F_09_CHAITY_S_3_NEUTRAL_4.wav,386796,b3e64c124e38576a94910e43bdc3c7c26aef8cb139b4089f2fcba6e98ffbe51c,F09,F,NEUTRAL,4,S3,T4,
2929,subesco,F_09_CHAITY_S_3_NEUTRAL_5.wav,385682,6cd0f5aebc837794cdc50924bfa2fcfcc8572caaa06312fa78e9536ffec9259b,F09,F,NEUTRAL,4,S3,T5,
2930,subesco,F_09_CHAITY_S_3_SAD_1.wav,386796,bb3399ed2895373a1544e035bf068e491bddc8ee20b617f145adf71f4c8b3568,F09,F,SAD,5,S3,T1,
2931,subesco,F_09_CHAITY_S_3_SAD_2.wav,386796,d288b1764d1b7c171549000a3d2e2f9d857a7b03509a6befc04f34e17f8c82db,F09,F,SAD,5,S3,T2,
2932,subesco,F_09_CHAITY_S_3_SAD_3.wav,386796,1eb5a54d7e0a18018e9d6be037850ee466298cf9d24f8face5e8503306958ed4,F09,F,SAD,5,S3,T3,
2933,subesco,F_09_CHAITY_S_3_SAD_4.wav,386796,5feb5b848fcf35367e90ae1ece07d33ea0750ee0d229d60261b7b70bef5da98d,F09,F,SAD,5,S3,T4,
2934,subesco,F_09_CHAITY_S_3_SAD_5.wav,386796,517bb46f30a2f26b7741d2d2aa48fc501bf4760a06583845c607fed8689a2fc6,F09,F,SAD,5,S3,T5,
2935,subesco,F_09_CHAITY_S_3_SURPRISE_1.wav,386796,e1f397bb997a66f9d8ee230b878454496c4351d057eb0bffaadbb8042967ccad,F09,F,SURPRISE,6,S3,T1,
2936,subesco,F_09_CHAITY_S_3_SURPRISE_2.wav,386796,7daebb73eb7a77aa0f9e4389efa55ffc7d6e47464d35059890227dc87c78289f,F09,F,SURPRISE,6,S3,T2,
2937,subesco,F_09_CHAITY_S_3_SURPRISE_3.wav,386796,6ff81e95543f005ab9194259941d30fd0ba72060d8c9bcacdc16a6114247aea2,F09,F,SURPRISE,6,S3,T3,
2938,subesco,F_09_CHAITY_S_3_SURPRISE_4.wav,385682,bdc2107e96b5df45e8593136dd7c38181ecb8911a1a2d9bd3f53874e9fd5e857,F09,F,SURPRISE,6,S3,T4,
2939,subesco,F_09_CHAITY_S_3_SURPRISE_5.wav,386796,fba2d3fb0cdc5535884ffb53f94f1b61df5841262b02ce8e8dedf7f62bee91e1,F09,F,SURPRISE,6,S3,T5,
2940,subesco,F_09_CHAITY_S_4_ANGRY_1.wav,355372,94f2eda182b91ed28142cf0971cdeb8318ecb275cece7f5ff603cb7dfe9e0481,F09,F,ANGRY,0,S4,T1,
2941,subesco,F_09_CHAITY_S_4_ANGRY_2.wav,360492,73b30bb04cef72bce9a5ff925ed3b29a695d451d0329fe7f84aeaaf08871707a,F09,F,ANGRY,0,S4,T2,
2942,subesco,F_09_CHAITY_S_4_ANGRY_3.wav,359468,6eaa89837eaee851134b06957e2f2abd2663f3a24a0157419d93cedc328f16d9,F09,F,ANGRY,0,S4,T3,
2943,subesco,F_09_CHAITY_S_4_ANGRY_4.wav,350254,8ebc8b2589efaf27dbb305cac9f4b378c7932efc8d84f9fb92a0e22761aedcb3,F09,F,ANGRY,0,S4,T4,
2944,subesco,F_09_CHAITY_S_4_ANGRY_5.wav,365612,59844fa46a2229c4690303cc5b3cf18e98716b4181e42764277143d9cff7c5d7,F09,F,ANGRY,0,S4,T5,
2945,subesco,F_09_CHAITY_S_4_DISGUST_1.wav,386796,089d662030d8e25f48b66dd20efe3670ab862abb8c17b9e2b5609563487a7110,F09,F,DISGUST,1,S4,T1,
2946,subesco,F_09_CHAITY_S_4_DISGUST_2.wav,384566,1914fe683e1a868d2f86fc1e0a0b28263a8cfe72ee258096889fef1819a903d4,F09,F,DISGUST,1,S4,T2,
2947,subesco,F_09_CHAITY_S_4_DISGUST_3.wav,386796,964406625c321964b8388f75569197750e0f836d820c8972adea5e1c90bf1200,F09,F,DISGUST,1,S4,T3,
2948,subesco,F_09_CHAITY_S_4_DISGUST_4.wav,386796,3507e0a6527f35210199de9c6949b2280f2b8a8898c92907da32d5fff379d7d4,F09,F,DISGUST,1,S4,T4,
2949,subesco,F_09_CHAITY_S_4_DISGUST_5.wav,386796,2b607312dff8f10bf4cf5aea47a8e59e12285c65f1da5c76eead9d165080a104,F09,F,DISGUST,1,S4,T5,
2950,subesco,F_09_CHAITY_S_4_FEAR_1.wav,365612,fb6affc72111f48f71312edebfc4915ace34dd09bc3bf1020d81be89a96e9758,F09,F,FEAR,2,S4,T1,
2951,subesco,F_09_CHAITY_S_4_FEAR_2.wav,345132,b94be8b3b9cfe3351fa52226e6cc9e3468a1b2b2482d2fb470d045a7370eec76,F09,F,FEAR,2,S4,T2,
2952,subesco,F_09_CHAITY_S_4_FEAR_3.wav,357420,dc61a4f389dab7cf3c4716f611c18fd5a19f71b8326fe8c4bf38f0dbff5bae0e,F09,F,FEAR,2,S4,T3,
2953,subesco,F_09_CHAITY_S_4_FEAR_4.wav,362540,e23e4bdf923fdff2adfedda063e86105be941c7ce35a5ac304e970457cf10bf2,F09,F,FEAR,2,S4,T4,
2954,subesco,F_09_CHAITY_S_4_FEAR_5.wav,346156,63f23ec29b0820e7bcc79b33d541a692c63c4f874cbe89a122dafd23aa94cf85,F09,F,FEAR,2,S4,T5,
2955,subesco,F_09_CHAITY_S_4_HAPPY_1.wav,368684,baddd18597447f4f1340ad6d97cf37d681f3aaae8fdbdf7123c0692eccc47252,F09,F,HAPPY,3,S4,T1,
2956,subesco,F_09_CHAITY_S_4_HAPPY_2.wav,359468,44046d0454468c488d79e896cd26b4cd206fadda88349a3aa284eab3ad78dba4,F09,F,HAPPY,3,S4,T2,
2957,subesco,F_09_CHAITY_S_4_HAPPY_3.wav,358444,905bd97e1cf244e1c72a9851ab055c48fed060bc6aa563ff831a1b03c736131d,F09,F,HAPPY,3,S4,T3,
2958,subesco,F_09_CHAITY_S_4_HAPPY_4.wav,365612,d445d1224c7fc86bc88138275d88cbbf292cb0cb2ec474011cf20790c34042f3,F09,F,HAPPY,3,S4,T4,
2959,subesco,F_09_CHAITY_S_4_HAPPY_5.wav,350254,04806c03355ec7d4251c7be0a302215405c087ec541143cfc0f5ec6a1f5aef0b,F09,F,HAPPY,3,S4,T5,
2960,subesco,F_09_CHAITY_S_4_NEUTRAL_1.wav,385682,9ec0cecfed7a8b9ff04b733668f47a5d3cb031778f05169fca86f353a95db359,F09,F,NEUTRAL,4,S4,T1,
2961,subesco,F_09_CHAITY_S_4_NEUTRAL_2.wav,386796,5138680f912d11d8139badb5be1a59a8148b751ce567905c31ec6a76d4f89b3a,F09,F,NEUTRAL,4,S4,T2,
2962,subesco,F_09_CHAITY_S_4_NEUTRAL_3.wav,384566,ee2cdec5aeccff8da67f7d0b07b70d15ec3232e1b61668f9bc6a32af33befceb,F09,F,NEUTRAL,4,S4,T3,
2963,subesco,F_09_CHAITY_S_4_NEUTRAL_4.wav,386796,527e03b967556660a011e7c60f6f7fbf49f88bbe99ca7d7f3aa3f35f00590dcb,F09,F,NEUTRAL,4,S4,T4,
2964,subesco,F_09_CHAITY_S_4_NEUTRAL_5.wav,385682,dc6e03ce81d11f696f14929438342ddb9e236eb7cfde703947dfad0d92261ff1,F09,F,NEUTRAL,4,S4,T5,
2965,subesco,F_09_CHAITY_S_4_SAD_1.wav,385682,42a2af5bd5016f5e5ae38c75435af77ca238ec2ff67eb657f0feaa58516d7c67,F09,F,SAD,5,S4,T1,
2966,subesco,F_09_CHAITY_S_4_SAD_2.wav,386796,eec68d9966c2a3b67aed9ffd1e9ea2c6182119b0a6ff924dd16974bfa883689f,F09,F,SAD,5,S4,T2,
2967,subesco,F_09_CHAITY_S_4_SAD_3.wav,386796,a0efc507822999e4103c406d06caf097d4616eacf4bd63f118ad27ee64033d5b,F09,F,SAD,5,S4,T3,
2968,subesco,F_09_CHAITY_S_4_SAD_4.wav,386796,e452a021e3ac9441045b941c3601b96d3247fc368f6dfc289262303ec28b92be,F09,F,SAD,5,S4,T4,
2969,subesco,F_09_CHAITY_S_4_SAD_5.wav,386796,0606a0f115cb8e00fc1b03ed538bc9a2c593b4028ff3550f8617426a8f1f54b9,F09,F,SAD,5,S4,T5,
2970,subesco,F_09_CHAITY_S_4_SURPRISE_1.wav,383452,a15489a9de4ab045461bdab7ac2dc34e3ae662dada151c2dfd6399a9a1d42e3f,F09,F,SURPRISE,6,S4,T1,
2971,subesco,F_09_CHAITY_S_4_SURPRISE_2.wav,385682,da6135c6b9f13501359421c9a1e28dc53a10ed238162e9d8fb7fff1ebc35ebba,F09,F,SURPRISE,6,S4,T2,
2972,subesco,F_09_CHAITY_S_4_SURPRISE_3.wav,385682,7fc55a8111afdd1e657306a34528e9d14daedf25849b44fe941e2dad1ff6998a,F09,F,SURPRISE,6,S4,T3,
2973,subesco,F_09_CHAITY_S_4_SURPRISE_4.wav,386796,e77bf3d00105010942b52c679fb39b1c5d1adcbe2f91ff7362ea324ae1b9c9ca,F09,F,SURPRISE,6,S4,T4,
2974,subesco,F_09_CHAITY_S_4_SURPRISE_5.wav,386796,20c58d1f78a14f99e6c0b9dfb82d19d32c7cc466266b6f7bbb7d64f685087850,F09,F,SURPRISE,6,S4,T5,
2975,subesco,F_09_CHAITY_S_5_ANGRY_1.wav,351276,71f8c8e89755cfe7e4f721f882dc49782b5223b7a4c4884b2e86b28d9e1e557e,F09,F,ANGRY,0,S5,T1,
2976,subesco,F_09_CHAITY_S_5_ANGRY_2.wav,354348,7075107304f090c8489cd75bbfc39271069fd1e27ba43baa1173c8029167329f,F09,F,ANGRY,0,S5,T2,
2977,subesco,F_09_CHAITY_S_5_ANGRY_3.wav,348204,29f85b7e247bea91efad6cdf4c8e228dc5fb0f06092f3b54c787164567c1c87a,F09,F,ANGRY,0,S5,T3,
2978,subesco,F_09_CHAITY_S_5_ANGRY_4.wav,355370,99949984a805fc98a1a38f00a6aa73ebe0aefc71564aae77e6f56f2960b55b26,F09,F,ANGRY,0,S5,T4,
2979,subesco,F_09_CHAITY_S_5_ANGRY_5.wav,351276,467a4b6f54b1e6deb965ff37a2a8453e19ac2948c4043395e71a1fdc01d765f1,F09,F,ANGRY,0,S5,T5,
2980,subesco,F_09_CHAITY_S_5_DISGUST_1.wav,386796,7d167b892c7268026040864f75f800db38c9beb19c60c88dd1a357428955df80,F09,F,DISGUST,1,S5,T1,
2981,subesco,F_09_CHAITY_S_5_DISGUST_2.wav,385682,e4820ac7de4295be3ee704ddf632773dd84a9e27ef3f6bb801f569f9c7edbe94,F09,F,DISGUST,1,S5,T2,
2982,subesco,F_09_CHAITY_S_5_DISGUST_3.wav,386796,4042da428c8f0cb79d800c79d86ebfcdb820cc19fbf02cf8c7e4d3571ff77d96,F09,F,DISGUST,1,S5,T3,
2983,subesco,F_09_CHAITY_S_5_DISGUST_4.wav,386796,7987792cf529475f386388c7f82ed8b6b9db7701a8de9145f474e8777a2598aa,F09,F,DISGUST,1,S5,T4,
2984,subesco,F_09_CHAITY_S_5_DISGUST_5.wav,385682,03264a810c6693db33474ac50431cf1f939d813060bddb0c967180d04c477f8f,F09,F,DISGUST,1,S5,T5,
2985,subesco,F_09_CHAITY_S_5_FEAR_1.wav,362540,ae7d6c9b192b66758208ace895aa1a64b7e1a4f4379d02ca4c14671f7bf20a60,F09,F,FEAR,2,S5,T1,
2986,subesco,F_09_CHAITY_S_5_FEAR_2.wav,365612,4afe367b1f5e384e8b3d393aa1d6789021f93545d12e186dca74c6d213fe62dc,F09,F,FEAR,2,S5,T2,
2987,subesco,F_09_CHAITY_S_5_FEAR_3.wav,368684,50171603fd7ddf8ec58001f9b7eb5cba061bf7c4d2321bb470e1ecf05b6a9e97,F09,F,FEAR,2,S5,T3,
2988,subesco,F_09_CHAITY_S_5_FEAR_4.wav,361516,fb906eea73df45a68f6c556a3a8b3ad4a8bb8e74d6b913cde9763e5d71bc634d,F09,F,FEAR,2,S5,T4,
2989,subesco,F_09_CHAITY_S_5_FEAR_5.wav,363564,ec25e2bcee446113558fb988e45c91971af257547ed65ed9e9e62246b9ba3ad9,F09,F,FEAR,2,S5,T5,
2990,subesco,F_09_CHAITY_S_5_HAPPY_1.wav,349228,1b0800bcc6d54c47c15ad2b6036db6e8526b9dbd47d35af8c3df9795530d02f5,F09,F,HAPPY,3,S5,T1,
2991,subesco,F_09_CHAITY_S_5_HAPPY_2.wav,357420,1c244f01bf8e350f99f7f8c3f934a1396ecb6960da8ae1c3a61710be4de3a138,F09,F,HAPPY,3,S5,T2,
2992,subesco,F_09_CHAITY_S_5_HAPPY_3.wav,363564,83e8a7fbb216e637f79b8737c156fd47a09a80d5c43f8d39be8b3f6c9c47466b,F09,F,HAPPY,3,S5,T3,
2993,subesco,F_09_CHAITY_S_5_HAPPY_4.wav,365610,d4335abedb5ffa54617036b54137f40c5247ce9ef9926424525ec163a989db0c,F09,F,HAPPY,3,S5,T4,
2994,subesco,F_09_CHAITY_S_5_HAPPY_5.wav,362538,804f2e9c6650bf27a5d5f1cbb5c4b7849c1c24c1e00d3c9ef4357b25f7909886,F09,F,HAPPY,3,S5,T5,
2995,subesco,F_09_CHAITY_S_5_NEUTRAL_1.wav,386796,a7dd370e84a19f31600d4265c0865546402bacf17845fb8a28710b842212a0fc,F09,F,NEUTRAL,4,S5,T1,
2996,subesco,F_09_CHAITY_S_5_NEUTRAL_2.wav,386796,3a805fec151d382dbcdafc17e05e05bbf88bfae1238341a83c52dada3e0e9fbe,F09,F,NEUTRAL,4,S5,T2,
2997,subesco,F_09_CHAITY_S_5_NEUTRAL_3.wav,386796,09b3acce9cf04525419128762fff8756ab4b518dd898a92cafbcf4244c06a63d,F09,F,NEUTRAL,4,S5,T3,
2998,subesco,F_09_CHAITY_S_5_NEUTRAL_4.wav,386796,6cde9e3ac001003be488a9d98084ecaccbb4ef03d08e89a7a12c75b6083178b1,F09,F,NEUTRAL,4,S5,T4,
2999,subesco,F_09_CHAITY_S_5_NEUTRAL_5.wav,385682,40ec54324b2f92ec2449e7b5144a887ce6860186b94ca5d24ba7937059cd61fa,F09,F,NEUTRAL,4,S5,T5,
3000,subesco,F_09_CHAITY_S_5_SAD_1.wav,386796,19e3a5530698baefdf7daa297422efbac29390fb4c45b419bcf39a215b2dc5c7,F09,F,SAD,5,S5,T1,
3001,subesco,F_09_CHAITY_S_5_SAD_2.wav,386796,7a7c21929b9efc60719364ee2ac20d2fbeabd7ee753dd57fa3ad1f25930dfc08,F09,F,SAD,5,S5,T2,
3002,subesco,F_09_CHAITY_S_5_SAD_3.wav,385682,2ec464ce22cf3df3167e197550b51372ceb124e17508cfe5b01b08783d077829,F09,F,SAD,5,S5,T3,
3003,subesco,F_09_CHAITY_S_5_SAD_4.wav,386796,29b5603a790547a6de3c89541958b1716e708e83cddefd59875409f9e63ad07b,F09,F,SAD,5,S5,T4,
3004,subesco,F_09_CHAITY_S_5_SAD_5.wav,386796,a4f1d69eff733c6129086c07a92149c7c37febf8e1dc78d847d220310cb079b5,F09,F,SAD,5,S5,T5,
3005,subesco,F_09_CHAITY_S_5_SURPRISE_1.wav,386796,662c0fdb1782eec9cc8d1e09330d08fc901b3eab5e255375dd12cce1ad5a15ff,F09,F,SURPRISE,6,S5,T1,
3006,subesco,F_09_CHAITY_S_5_SURPRISE_2.wav,386796,c666f0ef66b4dcb0362fcdc518904e9eed1fcb3bca09c42293e426be724bc7b3,F09,F,SURPRISE,6,S5,T2,
3007,subesco,F_09_CHAITY_S_5_SURPRISE_3.wav,386796,e6d5ad11828ee3edb3a823b4b1970559cf8e8dd334e8b9648ca7388ad1226c02,F09,F,SURPRISE,6,S5,T3,
3008,subesco,F_09_CHAITY_S_5_SURPRISE_4.wav,386254,02f3ba9f25b21010f26f1e8c4402d2618c69e46d0605b89c32f2ef5ac80c1c01,F09,F,SURPRISE,6,S5,T4,
3009,subesco,F_09_CHAITY_S_5_SURPRISE_5.wav,385682,96b0d8d04915b2461bd96c94e53379c2b197f87ac2f6001c121c8463496a6d63,F09,F,SURPRISE,6,S5,T5,
3010,subesco,F_09_CHAITY_S_6_ANGRY_1.wav,360492,dfcfb117160405f4273fc0eefc361da664018c7fe4f9ca93ed1c65e7a8c08968,F09,F,ANGRY,0,S6,T1,
3011,subesco,F_09_CHAITY_S_6_ANGRY_2.wav,365610,b81babfacc9f6aea419f417b5b10bc90966f0b05fdd4aa552c1eb2f117dded80,F09,F,ANGRY,0,S6,T2,
3012,subesco,F_09_CHAITY_S_6_ANGRY_3.wav,361516,09914db67d1a705149848862313e3b099f6995c4d05e7e19ce9a814b2333eee2,F09,F,ANGRY,0,S6,T3,
3013,subesco,F_09_CHAITY_S_6_ANGRY_4.wav,351274,d63be0e357cc07e7cb10755251761545c2d98eb7b7f076e8cf49fa6fe0827081,F09,F,ANGRY,0,S6,T4,
3014,subesco,F_09_CHAITY_S_6_ANGRY_5.wav,358444,b0fc09827ecce14bbb245f02f6adafcd002ec52552fd51404a17eb7dafdbe5be,F09,F,ANGRY,0,S6,T5,
3015,subesco,F_09_CHAITY_S_6_DISGUST_1.wav,385682,c13bcae0147b42d7e2f47b022aae6b82c373a39f22fe79f38c6d6722ed76b0e3,F09,F,DISGUST,1,S6,T1,
3016,subesco,F_09_CHAITY_S_6_DISGUST_2.wav,384566,7c95a883b46ab0a76dbbeba136fb53f1ffc4785815e225fc3fddaa19a016957e,F09,F,DISGUST,1,S6,T2,
3017,subesco,F_09_CHAITY_S_6_DISGUST_3.wav,386796,0a67c802663b2adab4936a5a11cb523963c4111ef508bc9a0bffc459ea3eba0b,F09,F,DISGUST,1,S6,T3,
3018,subesco,F_09_CHAITY_S_6_DISGUST_4.wav,386796,11731799431abf3fccd2cbe7f6386ce7271d6ba2f6c4e778f99be19d167927b8,F09,F,DISGUST,1,S6,T4,
3019,subesco,F_09_CHAITY_S_6_DISGUST_5.wav,386796,edf29ae577e75c1089cbd389bbe8fce192a0d6f4e4d691f23e33db830f78d61b,F09,F,DISGUST,1,S6,T5,
3020,subesco,F_09_CHAITY_S_6_FEAR_1.wav,352300,1324bd9135efcc486ae8f16cc838b4c93a76788e31801a80f48a3a839df79eb6,F09,F,FEAR,2,S6,T1,
3021,subesco,F_09_CHAITY_S_6_FEAR_2.wav,347180,bbfdc1299206a9b38ad25ec123d00ad872adbaa0ca897c69aa6243372a0796f4,F09,F,FEAR,2,S6,T2,
3022,subesco,F_09_CHAITY_S_6_FEAR_3.wav,363564,941a40705b597972f5666598f7f04d0beacc3b82a85c682eea18f81e903e774e,F09,F,FEAR,2,S6,T3,
3023,subesco,F_09_CHAITY_S_6_FEAR_4.wav,353324,b144ecc69fc3eae8f4aa5373c9560c84f3392910a38204484e65e06a96afed84,F09,F,FEAR,2,S6,T4,
3024,subesco,F_09_CHAITY_S_6_FEAR_5.wav,354348,70bd4f2658e1ab87b0bba32041feb9e98ecbe3e8ada110fae17e8543569209ac,F09,F,FEAR,2,S6,T5,
3025,subesco,F_09_CHAITY_S_6_HAPPY_1.wav,361516,0ac0417faa588a59a768177a5776eec3169f5945c129605dd4d23c467f40e83e,F09,F,HAPPY,3,S6,T1,
3026,subesco,F_09_CHAITY_S_6_HAPPY_2.wav,374828,18d26cc73931700b943bd27483e610cb8952d9a8d696670f99f63bf9de1e7210,F09,F,HAPPY,3,S6,T2,
3027,subesco,F_09_CHAITY_S_6_HAPPY_3.wav,360492,083f714e59943f4d1e804ddef07087cb16cb16fc662faff27229766c81cc9a1f,F09,F,HAPPY,3,S6,T3,
3028,subesco,F_09_CHAITY_S_6_HAPPY_4.wav,359466,c2db992839c0553eefea295b412d2283ea9d839638cc60f0ba795f91ec6ac636,F09,F,HAPPY,3,S6,T4,
3029,subesco,F_09_CHAITY_S_6_HAPPY_5.wav,355372,041eac2da1a9940ae6ab0107f7f584b7074f8e68678587f22b98e9ecec888d8c,F09,F,HAPPY,3,S6,T5,
3030,subesco,F_09_CHAITY_S_6_NEUTRAL_1.wav,385682,fd8bb2fb23718e4e10b19b8cc59304d7ba02b39b468b87c69a1c6e0ccb90d657,F09,F,NEUTRAL,4,S6,T1,
3031,subesco,F_09_CHAITY_S_6_NEUTRAL_2.wav,386796,e7dddb5e601a49249f56038f3a93867981fd33f9284122d96a3127d3bc9e0ede,F09,F,NEUTRAL,4,S6,T2,
3032,subesco,F_09_CHAITY_S_6_NEUTRAL_3.wav,386796,d3e6fcbd096e538d6c7cc1142e6eef543eda1de52811fb64d8b8a1e9a563a831,F09,F,NEUTRAL,4,S6,T3,
3033,subesco,F_09_CHAITY_S_6_NEUTRAL_4.wav,385682,86c01a4f8f492dde76859a83f1eb997911be1ae947e96dd9edaa1cc2de07fc22,F09,F,NEUTRAL,4,S6,T4,
3034,subesco,F_09_CHAITY_S_6_NEUTRAL_5.wav,385682,b2378286e4064572eaccbfa5e615706be0802953724a1646052502d498826714,F09,F,NEUTRAL,4,S6,T5,
3035,subesco,F_09_CHAITY_S_6_SAD_1.wav,386796,3df7cdf65b7400e214ab5dda9e2a0920b8f80944aea40c71129a7cb6841a5dcc,F09,F,SAD,5,S6,T1,
3036,subesco,F_09_CHAITY_S_6_SAD_2.wav,387910,3b5b8310f393cbdc86ba343ec2e61ff9462f2831ecf9c5146846906f195456d2,F09,F,SAD,5,S6,T2,
3037,subesco,F_09_CHAITY_S_6_SAD_3.wav,386796,b181655fa0df689c5e098cc318aaf0526e69d66302eade5ebb69eadb34a89b23,F09,F,SAD,5,S6,T3,
3038,subesco,F_09_CHAITY_S_6_SAD_4.wav,386796,3c885a5568589bf5f47910252951e0d0b2710a2232045547162209723f97b2cb,F09,F,SAD,5,S6,T4,
3039,subesco,F_09_CHAITY_S_6_SAD_5.wav,386796,49e67568955b3dd3afd2ca2b2494264a4426a8aae86de6e03913297da8a25b7d,F09,F,SAD,5,S6,T5,
3040,subesco,F_09_CHAITY_S_6_SURPRISE_1.wav,386796,4d4a54bb828cf8e114bc5460c016b46b052216bb378aa2e6f5af57e0f86f0649,F09,F,SURPRISE,6,S6,T1,
3041,subesco,F_09_CHAITY_S_6_SURPRISE_2.wav,386796,00d828fb392604addbaf35c0e4e54874ec11293679012987c6feafebd916103f,F09,F,SURPRISE,6,S6,T2,
3042,subesco,F_09_CHAITY_S_6_SURPRISE_3.wav,386796,f52f55b3f346a1c9af77dd52754727d8b1a1cf20ed9b415fb0e18a6452a526f6,F09,F,SURPRISE,6,S6,T3,
3043,subesco,F_09_CHAITY_S_6_SURPRISE_4.wav,386796,5be46cd72cb77b98fee57034a875e1f312adc66e88713810b82876d4241d7c5d,F09,F,SURPRISE,6,S6,T4,
3044,subesco,F_09_CHAITY_S_6_SURPRISE_5.wav,386796,fa873a463389e7e0317b41814718fad0edc3a9a3fc117587af274fb4822f55d8,F09,F,SURPRISE,6,S6,T5,
3045,subesco,F_09_CHAITY_S_7_ANGRY_1.wav,358444,a0e12a58b821d1444b643e0ccdfcd46ef20580f4b7c23938253d03e423154dc5,F09,F,ANGRY,0,S7,T1,
3046,subesco,F_09_CHAITY_S_7_ANGRY_2.wav,369708,e58316b3643bb75525284e0d98f3f5d2c5f2386c631839417d596041dbde6e6d,F09,F,ANGRY,0,S7,T2,
3047,subesco,F_09_CHAITY_S_7_ANGRY_3.wav,359468,cfacffbfc2ca4dfc4c52a5e8fb04b6f535350aa5734525c064769448037a6f9c,F09,F,ANGRY,0,S7,T3,
3048,subesco,F_09_CHAITY_S_7_ANGRY_4.wav,366636,885dda6b21aaf25f9b618639d2ce49c8ca467f4feab2bf44a6a567dc8a07ea4b,F09,F,ANGRY,0,S7,T4,
3049,subesco,F_09_CHAITY_S_7_ANGRY_5.wav,350254,444ac585d05abf738f7f72bfd969b4e50cfee5b1585840bfca8e18f87705930e,F09,F,ANGRY,0,S7,T5,
3050,subesco,F_09_CHAITY_S_7_DISGUST_1.wav,386796,78ebc11784f5f36f080d81fa13e878635850e30ed729269d523291570bce4c55,F09,F,DISGUST,1,S7,T1,
3051,subesco,F_09_CHAITY_S_7_DISGUST_2.wav,386796,4d29677c9676180f985f38de7ec1740e926a553a15c10cc0b1349203c499d909,F09,F,DISGUST,1,S7,T2,
3052,subesco,F_09_CHAITY_S_7_DISGUST_3.wav,387910,f5983d78d8d63eb0239b735626914a63a323418ce4767b3579a63b4aa8822591,F09,F,DISGUST,1,S7,T3,
3053,subesco,F_09_CHAITY_S_7_DISGUST_4.wav,385682,cd7c2ee0bcc518cd7814b04e4c8b037b08008f7cf0db755990499e93e97187d7,F09,F,DISGUST,1,S7,T4,
3054,subesco,F_09_CHAITY_S_7_DISGUST_5.wav,386796,a1960e5488c0e2f3c8a81d20928b05bd3c8cf2667afe122371b9cf6569be9a1b,F09,F,DISGUST,1,S7,T5,
3055,subesco,F_09_CHAITY_S_7_FEAR_1.wav,351276,3a5c9bfe3cae757151d4d1f33b34fe69b7e019cb8a64790159a3efa0f3c22e0b,F09,F,FEAR,2,S7,T1,
3056,subesco,F_09_CHAITY_S_7_FEAR_2.wav,348204,ed7e527af6e62af17b1d794544c6e1e5cfa37c74c2cb40a067918ff79ff10d6b,F09,F,FEAR,2,S7,T2,
3057,subesco,F_09_CHAITY_S_7_FEAR_3.wav,355370,244319c3cb1af50cd74abb839e62a1b6a167f44b1d4a06b596ba433603704962,F09,F,FEAR,2,S7,T3,
3058,subesco,F_09_CHAITY_S_7_FEAR_4.wav,366636,b5e1bc9118850f6e659e1213644f72285e7b33febd980a899c75376709055108,F09,F,FEAR,2,S7,T4,
3059,subesco,F_09_CHAITY_S_7_FEAR_5.wav,356396,f7ef1295c8c2003af2acc738c9e547b68effb433745373181ab13ca9264065d9,F09,F,FEAR,2,S7,T5,
3060,subesco,F_09_CHAITY_S_7_HAPPY_1.wav,360492,1cc0eaef33e5076487c12a70bb16e73433e67eeca41382e1f88c7e6526ac6ac2,F09,F,HAPPY,3,S7,T1,
3061,subesco,F_09_CHAITY_S_7_HAPPY_2.wav,349228,65f8eadb05669393e989a8efb2cb1702aaa209f0f880925f368eb79d9990e57d,F09,F,HAPPY,3,S7,T2,
3062,subesco,F_09_CHAITY_S_7_HAPPY_3.wav,352298,41483edd1c9c73a78adade8e1de93151cc92adf976088f54151cb0cf76658547,F09,F,HAPPY,3,S7,T3,
3063,subesco,F_09_CHAITY_S_7_HAPPY_4.wav,361516,421e8ed6d9325ca3b7b882ea39100d9bfabd1d440890d97f6fbb8550555a0fe1,F09,F,HAPPY,3,S7,T4,
3064,subesco,F_09_CHAITY_S_7_HAPPY_5.wav,357420,1111c4f8b7fed3f9204d03187a574a235216c0622c7a0bbc4a9d208ffc71e823,F09,F,HAPPY,3,S7,T5,
3065,subesco,F_09_CHAITY_S_7_NEUTRAL_1.wav,386796,a3cb0546bfac238746f07049d6a5b2d88dbc2a256dbe97bc1822e14d266e106c,F09,F,NEUTRAL,4,S7,T1,
3066,subesco,F_09_CHAITY_S_7_NEUTRAL_2.wav,385682,ef5131e1baed8c28a4214adc0c89a77fd0cebe79f666b1d7b78e5f84c1402517,F09,F,NEUTRAL,4,S7,T2,
3067,subesco,F_09_CHAITY_S_7_NEUTRAL_3.wav,386796,8bdc64b366c80b1849e12c9314c8bc3bc210a8da26e421669e0e849b43fb151d,F09,F,NEUTRAL,4,S7,T3,
3068,subesco,F_09_CHAITY_S_7_NEUTRAL_4.wav,385682,3f682012f5d5eee257dd9038feeac08b126f1414bd22b8393fcfe6b1c558e90b,F09,F,NEUTRAL,4,S7,T4,
3069,subesco,F_09_CHAITY_S_7_NEUTRAL_5.wav,385682,416e5e077222ac4c70ed2a87f99086cdc4e1bc27195f9e5ee3f3df8d54ec1fe1,F09,F,NEUTRAL,4,S7,T5,
3070,subesco,F_09_CHAITY_S_7_SAD_1.wav,386796,62b37400d31915702bc10045772b596547a9aa3e92047bc5ff5df5a65fdd1a42,F09,F,SAD,5,S7,T1,
3071,subesco,F_09_CHAITY_S_7_SAD_2.wav,386796,9f388fb4f04c28c0868bf9ce908884d92124a496051901e8118f449f5709ef32,F09,F,SAD,5,S7,T2,
3072,subesco,F_09_CHAITY_S_7_SAD_3.wav,385682,03d4f333f7bd09318f240fac0aa7c8fdde14165413884c590e357c958e65d9f6,F09,F,SAD,5,S7,T3,
3073,subesco,F_09_CHAITY_S_7_SAD_4.wav,386796,59062869d6633120e8e2238e97a1b99326adb45fc5b34b57f1247d27fc4f7aef,F09,F,SAD,5,S7,T4,
3074,subesco,F_09_CHAITY_S_7_SAD_5.wav,386796,e8ed43f4d33ea1fc1d537e2befc7d1fe15fa6cb2b8348a802e72b2e2bbdce88a,F09,F,SAD,5,S7,T5,
3075,subesco,F_09_CHAITY_S_7_SURPRISE_1.wav,385682,347dab64865c0421d255d9b358246f960a8dcd20c05bcc289166ade53c159acd,F09,F,SURPRISE,6,S7,T1,
3076,subesco,F_09_CHAITY_S_7_SURPRISE_2.wav,386796,06ea7e841bd8bcbb230b38d7413715cbf2a487d8e7e8ccd03739839e63958acf,F09,F,SURPRISE,6,S7,T2,
3077,subesco,F_09_CHAITY_S_7_SURPRISE_3.wav,386796,f22638758db0fced7bce57fcf8e2f1bb8b01c3dbdd0de64a2a09b1412029bb08,F09,F,SURPRISE,6,S7,T3,
3078,subesco,F_09_CHAITY_S_7_SURPRISE_4.wav,386796,03c4abf6eeb70b42662404f90edf156ffe137029b23c3db3f6244e7b2667cc92,F09,F,SURPRISE,6,S7,T4,
3079,subesco,F_09_CHAITY_S_7_SURPRISE_5.wav,386796,56de793823b14dd5017cbccfeb688f667cf3469514f51391eab56d9035a1b17a,F09,F,SURPRISE,6,S7,T5,
3080,subesco,F_09_CHAITY_S_8_ANGRY_1.wav,366636,920a664825ec835178bba098e0d227bd67c0cdb55c61325f7e7f737c99e06261,F09,F,ANGRY,0,S8,T1,
3081,subesco,F_09_CHAITY_S_8_ANGRY_2.wav,355370,d85cd0be1cf2f0ca74c1eaee65ee4eefb2785b285da0fd4d502a4ea4b5df2ae1,F09,F,ANGRY,0,S8,T2,
3082,subesco,F_09_CHAITY_S_8_ANGRY_3.wav,357420,681bd3b9b357cf04fd12f5305ec2c57ae6c5bfd3afd7a808c8e5101a5214bf0d,F09,F,ANGRY,0,S8,T3,
3083,subesco,F_09_CHAITY_S_8_ANGRY_4.wav,349228,f307054844f89fb7573238d91014fab78baa7d09020fcf314aa8eeddbdee0d9c,F09,F,ANGRY,0,S8,T4,
3084,subesco,F_09_CHAITY_S_8_ANGRY_5.wav,359468,644b62881ac2cd24a1bff005b575d33e9ab7704fd94096d798eb13d7cedaf57a,F09,F,ANGRY,0,S8,T5,
3085,subesco,F_09_CHAITY_S_8_DISGUST_1.wav,385682,9f32393152574ac6ec7265b5c0ef318543958250c44ac4bb52527f7df15a07c0,F09,F,DISGUST,1,S8,T1,
3086,subesco,F_09_CHAITY_S_8_DISGUST_2.wav,386796,4b02c520e42c9a8693a66124733e745ac4b62c85c25b7d0e97d821b2f322fe16,F09,F,DISGUST,1,S8,T2,
3087,subesco,F_09_CHAITY_S_8_DISGUST_3.wav,386796,880dc287707f02f4148e7647c99cd665e089ccab23888746eb5ff4db608e36fa,F09,F,DISGUST,1,S8,T3,
3088,subesco,F_09_CHAITY_S_8_DISGUST_4.wav,384566,7ebbcd19dda979bb3e5c7b29183e32656430a64c59cff39ed3982358cca48826,F09,F,DISGUST,1,S8,T4,
3089,subesco,F_09_CHAITY_S_8_DISGUST_5.wav,385682,bd493da4b25d59ec2292a485a0fb4504f813c292d61ab8fddebb48b5a897a7cd,F09,F,DISGUST,1,S8,T5,
3090,subesco,F_09_CHAITY_S_8_FEAR_1.wav,359468,bbfc221d60ce4d796042486653d092dbeba25fd9d3b0f62abe62ec78d051948d,F09,F,FEAR,2,S8,T1,
3091,subesco,F_09_CHAITY_S_8_FEAR_2.wav,364588,5a4b443e7c7be043b78a89d9e36728a2141022f9220681978733efaf6077007a,F09,F,FEAR,2,S8,T2,
3092,subesco,F_09_CHAITY_S_8_FEAR_3.wav,353324,80fe1c3c7067421bde11b956baf305390c3fb93abd02cdf9f58952c09cbfe93b,F09,F,FEAR,2,S8,T3,
3093,subesco,F_09_CHAITY_S_8_FEAR_4.wav,368684,90d46c7d0c1e958657a9791299c52714d8b5cc3f707286eafa5fd2b0ed02d9f7,F09,F,FEAR,2,S8,T4,
3094,subesco,F_09_CHAITY_S_8_FEAR_5.wav,354348,5b4514ddb0531587995ff437b53cc3566c3d5c0f4e9bd6a21ee5372776641701,F09,F,FEAR,2,S8,T5,
3095,subesco,F_09_CHAITY_S_8_HAPPY_1.wav,355372,8c40c02e200491800c8ecb82e26a7833826dc35a014552b58af0a8990560e030,F09,F,HAPPY,3,S8,T1,
3096,subesco,F_09_CHAITY_S_8_HAPPY_2.wav,355370,fd05376c194c4b14761867f4428436520befa97febe5b43fb0dfe601ff933120,F09,F,HAPPY,3,S8,T2,
3097,subesco,F_09_CHAITY_S_8_HAPPY_3.wav,353324,781965908bf3ee78b9d9ca788cfaec13ba37dc50b9e16d08f01a573fc63b6514,F09,F,HAPPY,3,S8,T3,
3098,subesco,F_09_CHAITY_S_8_HAPPY_4.wav,357420,8b9d7fbdd50516ec91fe1147a2c2127dfa804ad73417b41daf1b991914d6b1ee,F09,F,HAPPY,3,S8,T4,
3099,subesco,F_09_CHAITY_S_8_HAPPY_5.wav,354348,b54839dce06d50ef807a31b9675875be23d532966bffa3dfc49c99ffa590c46b,F09,F,HAPPY,3,S8,T5,
3100,subesco,F_09_CHAITY_S_8_NEUTRAL_1.wav,386796,8168c34c74444589a4ad9fc40239f6230200f54818a24ddd02e2d7d2346d3702,F09,F,NEUTRAL,4,S8,T1,
3101,subesco,F_09_CHAITY_S_8_NEUTRAL_2.wav,386796,3e5b06d77e58ce9e020f56956c16570ddaabfec191f196e2922cb8676b7188b4,F09,F,NEUTRAL,4,S8,T2,
3102,subesco,F_09_CHAITY_S_8_NEUTRAL_3.wav,386796,c7875f4534f4aaf25b1dcfc469044d207a108d2f1c086c2ca74524772c63d7f7,F09,F,NEUTRAL,4,S8,T3,
3103,subesco,F_09_CHAITY_S_8_NEUTRAL_4.wav,387910,6b7bcee816da542a2bb07a72e1f6333d9768a578220dd4214a49b707fe269f91,F09,F,NEUTRAL,4,S8,T4,
3104,subesco,F_09_CHAITY_S_8_NEUTRAL_5.wav,386796,b096673df209e54ed3ccb9c5104f7aabf9b7908a0bad1e15e5c05ff4384d9a28,F09,F,NEUTRAL,4,S8,T5,
3105,subesco,F_09_CHAITY_S_8_SAD_1.wav,386796,c0c38c3877be22db37ef204ddad637ebd1a2a1e62f2e2fd77ae29f3035441f5f,F09,F,SAD,5,S8,T1,
3106,subesco,F_09_CHAITY_S_8_SAD_2.wav,386796,3c6a9dfff47be74299b1da83c82c3dc30c6942ef1f111ab29e3aedaa5e151d5f,F09,F,SAD,5,S8,T2,
3107,subesco,F_09_CHAITY_S_8_SAD_3.wav,387910,db308f1bef5f5b59734d4a343e6abb69b1570eb5aba3c930d779532e69864218,F09,F,SAD,5,S8,T3,
3108,subesco,F_09_CHAITY_S_8_SAD_4.wav,387910,db308f1bef5f5b59734d4a343e6abb69b1570eb5aba3c930d779532e69864218,F09,F,SAD,5,S8,T4,
3109,subesco,F_09_CHAITY_S_8_SAD_5.wav,386796,02ddca388dc20429045a398ad16316de5e79de6778e6167ded68cb60f6530129,F09,F,SAD,5,S8,T5,
3110,subesco,F_09_CHAITY_S_8_SURPRISE_1.wav,386796,e3b91a9d67dda9ee9946098bf3629846ca3602213e97c2a648c8265f57ca18cb,F09,F,SURPRISE,6,S8,T1,
3111,subesco,F_09_CHAITY_S_8_SURPRISE_2.wav,386796,bb126799eff6fefc71c368650d5617e538e2f5527fe43ac9bd0b52a3c641f459,F09,F,SURPRISE,6,S8,T2,
3112,subesco,F_09_CHAITY_S_8_SURPRISE_3.wav,386796,1caff0f6199c6ace04bf64f4a71378d82fc2d933001c0e773ad78c8e667f8de7,F09,F,SURPRISE,6,S8,T3,
3113,subesco,F_09_CHAITY_S_8_SURPRISE_4.wav,386796,a998ece1d7d4554eda35dcf9f15058681483079692bfcedbcadb7045744cfabd,F09,F,SURPRISE,6,S8,T4,
3114,subesco,F_09_CHAITY_S_8_SURPRISE_5.wav,386796,2fe40eb09f7130deb025412554e26138da80a84a1f97278ffcbe77cb60e40ba8,F09,F,SURPRISE,6,S8,T5,
3115,subesco,F_09_CHAITY_S_9_ANGRY_1.wav,359468,1f58d8af83cae5a187bcc4763949f2672c90cc9f79ca8108e410e7a02a34b33b,F09,F,ANGRY,0,S9,T1,
3116,subesco,F_09_CHAITY_S_9_ANGRY_2.wav,357420,cc972294d36f50ad2e997bab9e92b7f6d5b3b3e603160e6ae15f438d91a08eb3,F09,F,ANGRY,0,S9,T2,
3117,subesco,F_09_CHAITY_S_9_ANGRY_3.wav,358444,fee43d18c52c25c1e6e5131389dc1c55d913ede84c68d74af10e96617b2c9e28,F09,F,ANGRY,0,S9,T3,
3118,subesco,F_09_CHAITY_S_9_ANGRY_4.wav,353324,54ae4da59fd3975985ca7d22b2ce33079f8a2acf16f204ff3b40ca6eca8237cb,F09,F,ANGRY,0,S9,T4,
3119,subesco,F_09_CHAITY_S_9_ANGRY_5.wav,351276,39c0c28956ff8e7ca50b77928273c376290abd871d4aaad5354234450f9a6e37,F09,F,ANGRY,0,S9,T5,
3120,subesco,F_09_CHAITY_S_9_DISGUST_1.wav,386796,d38d58c21a6b831296035569df9d0ca9260cc41fb785255dd3628d9f83b2c9a1,F09,F,DISGUST,1,S9,T1,
3121,subesco,F_09_CHAITY_S_9_DISGUST_2.wav,386796,932a6077ad2b58461745a96e9bcdc6f9e3d3bdc010fc49fa7c5b5216ee523a5a,F09,F,DISGUST,1,S9,T2,
3122,subesco,F_09_CHAITY_S_9_DISGUST_3.wav,384566,daa32e1aa308cf8131c408242a6f37d31394847e9431e198347ad00d93559992,F09,F,DISGUST,1,S9,T3,
3123,subesco,F_09_CHAITY_S_9_DISGUST_4.wav,386796,72aee48a624a4750ebdf67df12d1753774d65612326632083e9dd6f996affd9b,F09,F,DISGUST,1,S9,T4,
3124,subesco,F_09_CHAITY_S_9_DISGUST_5.wav,386796,1667d065406cdf7fa483c47d0c3ff4c9048a3153a2833e6a93cd93200f122282,F09,F,DISGUST,1,S9,T5,
3125,subesco,F_09_CHAITY_S_9_FEAR_1.wav,354348,03029635613eacd65dfb0d7f5267209afe28bdd4e7057b1c42c84e13ef4a522e,F09,F,FEAR,2,S9,T1,
3126,subesco,F_09_CHAITY_S_9_FEAR_2.wav,354348,fc506177c8b0e53b7818edf620fb1db0a3055a5a34238b2ddcd9c35e9c2b8e57,F09,F,FEAR,2,S9,T2,
3127,subesco,F_09_CHAITY_S_9_FEAR_3.wav,354348,894da622e6aa4834ab389f7f678257050a51f0fb24578c3466b05c5fccc1c643,F09,F,FEAR,2,S9,T3,
3128,subesco,F_09_CHAITY_S_9_FEAR_4.wav,358444,d706281726fa1a68df8d9543c56ca72d524eb3da784505aac7f181aaa8259ae7,F09,F,FEAR,2,S9,T4,
3129,subesco,F_09_CHAITY_S_9_FEAR_5.wav,373804,f6407f8666270dbf0fcb6a5ca0ceaea4d0ab18786304a0584451bee3721ed2d2,F09,F,FEAR,2,S9,T5,
3130,subesco,F_09_CHAITY_S_9_HAPPY_1.wav,346158,e06062be5f778047dc332b7b00ea64aa83ef6db6019cc4c3dbfe1a90c1d62423,F09,F,HAPPY,3,S9,T1,
3131,subesco,F_09_CHAITY_S_9_HAPPY_2.wav,361516,2fafa711ff0f5d96a26c509230d9ea8cf8e9d6b929e5fb7be720930aecdc9ac8,F09,F,HAPPY,3,S9,T2,
3132,subesco,F_09_CHAITY_S_9_HAPPY_3.wav,353324,de4874e30328c43c877c2556bf80660bf20f90791c6b7d746722011149a4673b,F09,F,HAPPY,3,S9,T3,
3133,subesco,F_09_CHAITY_S_9_HAPPY_4.wav,359468,a5dca8cb804e6926fc096813e412e44250793375cbfe57d4c241326f9406cd3b,F09,F,HAPPY,3,S9,T4,
3134,subesco,F_09_CHAITY_S_9_HAPPY_5.wav,358444,2b0700a60d0ad5ac7692deeba4dd9ca61ea13c9b4e5b1dbffd13431057a6c29e,F09,F,HAPPY,3,S9,T5,
3135,subesco,F_09_CHAITY_S_9_NEUTRAL_1.wav,386796,547ff25521ff4a6319bc885776b4c099c37d270e5bd3e128d8f260571f071e1a,F09,F,NEUTRAL,4,S9,T1,
3136,subesco,F_09_CHAITY_S_9_NEUTRAL_2.wav,385682,718377137ae940b7110916d0599086b601f1a7a0bd3b13ca97660719dbf45e44,F09,F,NEUTRAL,4,S9,T2,
3137,subesco,F_09_CHAITY_S_9_NEUTRAL_3.wav,386796,e3f54c96a83fb110d91199b9ad6ac91e036ba7312dac65ce772d31db6a29ca52,F09,F,NEUTRAL,4,S9,T3,
3138,subesco,F_09_CHAITY_S_9_NEUTRAL_4.wav,386796,ed3b656ceedcc44079d46be41d093a826ec3dede33e0531aaf8425d59895b4b0,F09,F,NEUTRAL,4,S9,T4,
3139,subesco,F_09_CHAITY_S_9_NEUTRAL_5.wav,386796,db450d2cd12efd5c9ae380e493b66b111bbe1b222d34c7d24bf706334021eaf5,F09,F,NEUTRAL,4,S9,T5,
3140,subesco,F_09_CHAITY_S_9_SAD_1.wav,385682,1e86208078983b126455ac4b376ed916cc2876bbb039e35bc8a2fab4868d7498,F09,F,SAD,5,S9,T1,
3141,subesco,F_09_CHAITY_S_9_SAD_2.wav,383452,2f039628433f2bf843c9ea5963c29cc082a84f5d1dd52de8f222a55572d3dad8,F09,F,SAD,5,S9,T2,
3142,subesco,F_09_CHAITY_S_9_SAD_3.wav,385682,adaca5335c1e6ecea256be5bbd24dfde3bfb99ce5b909550ffb6520e50ba719c,F09,F,SAD,5,S9,T3,
3143,subesco,F_09_CHAITY_S_9_SAD_4.wav,385682,ea603e036495d47de8a72c5bfddd5dd0443cccce09eb1c0d69c282e1b743095e,F09,F,SAD,5,S9,T4,
3144,subesco,F_09_CHAITY_S_9_SAD_5.wav,387910,80a831b0eeec1ef2737c56fc548f3e490a58479b6d13f440e6932b49b84c34a7,F09,F,SAD,5,S9,T5,
3145,subesco,F_09_CHAITY_S_9_SURPRISE_1.wav,386796,d5961c0c5fad8df369324fddcbcf1bcecbbd4ab96a20d0964e320c19d16dd17c,F09,F,SURPRISE,6,S9,T1,
3146,subesco,F_09_CHAITY_S_9_SURPRISE_2.wav,386796,bd29d59c534851656513ba19f593d928589c8d4be80c287a35090c7ad08b7606,F09,F,SURPRISE,6,S9,T2,
3147,subesco,F_09_CHAITY_S_9_SURPRISE_3.wav,385682,5846be675bef53e5b6d101c9383c85a1a29995a0bc83b46065fad3d76a201aa2,F09,F,SURPRISE,6,S9,T3,
3148,subesco,F_09_CHAITY_S_9_SURPRISE_4.wav,386796,056b1506a1d8e22de39c9b6180a519dc9a2ed07607418df5f1a8a188fee82a05,F09,F,SURPRISE,6,S9,T4,
3149,subesco,F_09_CHAITY_S_9_SURPRISE_5.wav,386796,31b767a924a32df58249cd087214d04a024f9fc3f3225c478f0d9a2c623e0fb4,F09,F,SURPRISE,6,S9,T5,
3150,subesco,F_10_FAHMEE_S_10_ANGRY_1.wav,368684,cf731bd639c134fdb61e3ff99804f6fbba5c7f6de02d861cedd688f977bbb0be,F10,F,ANGRY,0,S10,T1,
3151,subesco,F_10_FAHMEE_S_10_ANGRY_2.wav,377898,e9cb0f90953adf844035e3e45d155beff355cacd2a0b26b27afbf71134229273,F10,F,ANGRY,0,S10,T2,
3152,subesco,F_10_FAHMEE_S_10_ANGRY_3.wav,344106,1a09ceb56aaa6e834030532102007b90f670914d4c0e4ab0a57a5f1f8825d619,F10,F,ANGRY,0,S10,T3,
3153,subesco,F_10_FAHMEE_S_10_ANGRY_4.wav,329772,0181f05daf823bba8146dc29678625da56fac9dc9adfde2e7f34e0b9d9faef01,F10,F,ANGRY,0,S10,T4,
3154,subesco,F_10_FAHMEE_S_10_ANGRY_5.wav,345132,76ffa37e881ae3c74ae46b3666960f9a7d82b9a99adc2ced62bba92682553931,F10,F,ANGRY,0,S10,T5,
3155,subesco,F_10_FAHMEE_S_10_DISGUST_1.wav,356396,95848e5e872e5c091428b1602b608bcbed1b845c406049f0ccc98fddb4cecae1,F10,F,DISGUST,1,S10,T1,
3156,subesco,F_10_FAHMEE_S_10_DISGUST_2.wav,398380,9f883bc2f38cefca5c86e01820bac68b69a2056f7fc6811ef04e56655cc33b4b,F10,F,DISGUST,1,S10,T2,
3157,subesco,F_10_FAHMEE_S_10_DISGUST_3.wav,356396,988367182dc0505da8c9dcc22ca1586c305dd70b692197cd0858580ecf065eb0,F10,F,DISGUST,1,S10,T3,
3158,subesco,F_10_FAHMEE_S_10_DISGUST_4.wav,363564,95c87b31f41385dc7fc6bb2bab42901cdc9ede0b8763599d1441dd6489883eaa,F10,F,DISGUST,1,S10,T4,
3159,subesco,F_10_FAHMEE_S_10_DISGUST_5.wav,367660,526155a71ae8b3ec044dfdbacf596b90bfdf7ea905346f1fea3cb71e34f659e1,F10,F,DISGUST,1,S10,T5,
3160,subesco,F_10_FAHMEE_S_10_FEAR_1.wav,349228,8b41a2e97925db7a3d913544b8edf41c1a6298d4729d041ed1a1f26ea1233253,F10,F,FEAR,2,S10,T1,
3161,subesco,F_10_FAHMEE_S_10_FEAR_2.wav,359468,957f1c688cd6fc483374279fc27e7069eb78aaf5e25e4a9f0a843b1c415486c1,F10,F,FEAR,2,S10,T2,
3162,subesco,F_10_FAHMEE_S_10_FEAR_3.wav,362538,44feddc354f69516d983710f783d72a43e3d31a801d7459c9db67fd8566e7610,F10,F,FEAR,2,S10,T3,
3163,subesco,F_10_FAHMEE_S_10_FEAR_4.wav,353324,8980c839b4781551a9990247655cf2ccd76488afa786abb0540ee49ca24a56d0,F10,F,FEAR,2,S10,T4,
3164,subesco,F_10_FAHMEE_S_10_FEAR_5.wav,352300,c8a350781fcfb531b16e5ba7bc80c1ee48c95421411ea68e0cb0a70fb5f49210,F10,F,FEAR,2,S10,T5,
3165,subesco,F_10_FAHMEE_S_10_HAPPY_1.wav,377900,80aa277959dc5396d7fb0a8c6e22c92c3efd01c8d68d0af25fb58c6b682f4b38,F10,F,HAPPY,3,S10,T1,
3166,subesco,F_10_FAHMEE_S_10_HAPPY_2.wav,358442,3085a2bbbbb83a7f8e8f8546e3b1fb6fa20e0a09785d0ebde87601addcbc92ad,F10,F,HAPPY,3,S10,T2,
3167,subesco,F_10_FAHMEE_S_10_HAPPY_3.wav,380972,38f2f760170abc512ecbf93b82a687ef689b2ac02cc806150135237333853974,F10,F,HAPPY,3,S10,T3,
3168,subesco,F_10_FAHMEE_S_10_HAPPY_4.wav,380970,0a53b322cd294ff88d30232c8067c149b51ff899352b181de7bcabfe4c15f094,F10,F,HAPPY,3,S10,T4,
3169,subesco,F_10_FAHMEE_S_10_HAPPY_5.wav,353326,fb9204bd8eebec66bcef7677b739a389d9f17f181e37c13a4da56d299f791f0a,F10,F,HAPPY,3,S10,T5,
3170,subesco,F_10_FAHMEE_S_10_NEUTRAL_1.wav,362538,e1f66cac08435c6f6e5f797ba537456e9020bd57c1bc3a87b0cc60d3cbee278c,F10,F,NEUTRAL,4,S10,T1,
3171,subesco,F_10_FAHMEE_S_10_NEUTRAL_2.wav,357420,e958c0d9fadff0d80fc74944009baf4ef4f4aa5718813ec0e8a8638a82d821f8,F10,F,NEUTRAL,4,S10,T2,
3172,subesco,F_10_FAHMEE_S_10_NEUTRAL_3.wav,354348,36372332104b656df3e6ad3afc24b24834615a075aaeba18dd953259c9f4dc97,F10,F,NEUTRAL,4,S10,T3,
3173,subesco,F_10_FAHMEE_S_10_NEUTRAL_4.wav,358444,236949f267de51bc95134a07be0165b2e86e481a4214403360dd99e04ec0d595,F10,F,NEUTRAL,4,S10,T4,
3174,subesco,F_10_FAHMEE_S_10_NEUTRAL_5.wav,369706,bbbc9c66d9ef71495c3e3c315ee35e7b22016035da7540f43eaf7e72a2fd3509,F10,F,NEUTRAL,4,S10,T5,
3175,subesco,F_10_FAHMEE_S_10_SAD_1.wav,347178,4eaee5e670951460f185af40b212f6d39caf51b1a813d44f222999b5cdb7b5cf,F10,F,SAD,5,S10,T1,
3176,subesco,F_10_FAHMEE_S_10_SAD_2.wav,351276,d21913280049c4a06fd4a68ce5ee207da6cb9965b53f448a5ad8cb37098b26c7,F10,F,SAD,5,S10,T2,
3177,subesco,F_10_FAHMEE_S_10_SAD_3.wav,366636,b353721f08b3c12c96ab46189a74a809c117c93c692378116f6263a85f80cf25,F10,F,SAD,5,S10,T3,
3178,subesco,F_10_FAHMEE_S_10_SAD_4.wav,358442,8cc134ce7c398b60e34491ae6b4262bbd548338755ff85704779469e20a632a0,F10,F,SAD,5,S10,T4,
3179,subesco,F_10_FAHMEE_S_10_SAD_5.wav,357420,4b98d240d54ffd93e1b4ce308b69086e40bc77ab7ea8d123a08c7c317a0dd40e,F10,F,SAD,5,S10,T5,
3180,subesco,F_10_FAHMEE_S_10_SURPRISE_1.wav,358444,007b5f90171555ac9d20a38ca8a6f1858c609a6a9aa54a7c75b0cb6d77942540,F10,F,SURPRISE,6,S10,T1,
3181,subesco,F_10_FAHMEE_S_10_SURPRISE_2.wav,350254,c2e502a86312b9a96b8e6602e34fac171b4803db0ef671119cabe013fb240a62,F10,F,SURPRISE,6,S10,T2,
3182,subesco,F_10_FAHMEE_S_10_SURPRISE_3.wav,362540,b5e6dba32e2cbd69a30e17723522a1146520cc1bf7ccae4130b682e38db8b726,F10,F,SURPRISE,6,S10,T3,
3183,subesco,F_10_FAHMEE_S_10_SURPRISE_4.wav,357420,86024e1d9dc11b27eefd2cc100f6d5334d218f535da5b8307627c39456ceecb4,F10,F,SURPRISE,6,S10,T4,
3184,subesco,F_10_FAHMEE_S_10_SURPRISE_5.wav,357420,e94b9fe164768c221538a079f28290646631d5763f702bfd1d76e5b5b5707c44,F10,F,SURPRISE,6,S10,T5,
3185,subesco,F_10_FAHMEE_S_1_ANGRY_1.wav,368686,c43db7b38895b2a817a8329c84f99ac249dd2550ee8352202c308fbe49adde09,F10,F,ANGRY,0,S1,T1,
3186,subesco,F_10_FAHMEE_S_1_ANGRY_2.wav,364590,c12897675e3afe3611581bb6ff5b93f03991e4e6b6b4a49da6ff74578245f1f6,F10,F,ANGRY,0,S1,T2,
3187,subesco,F_10_FAHMEE_S_1_ANGRY_3.wav,383020,4e1f70562a853c3174c728e3fb82a62ee245626c4eca59cc3f117b9c13e0b018,F10,F,ANGRY,0,S1,T3,
3188,subesco,F_10_FAHMEE_S_1_ANGRY_4.wav,358444,aa59c37341b0f7f24c2af5a4a78fa0e455a83ab970fa004d5e883b957f921002,F10,F,ANGRY,0,S1,T4,
3189,subesco,F_10_FAHMEE_S_1_ANGRY_5.wav,353324,3eced6755c44c46345718d29616caa70c89570911b59a1b31511a5aa5e6e5025,F10,F,ANGRY,0,S1,T5,
3190,subesco,F_10_FAHMEE_S_1_DISGUST_1.wav,351274,71097d900daa9162d9e5bd92fe3a4ff556a049af85b78ef430ac3dac07514bfa,F10,F,DISGUST,1,S1,T1,
3191,subesco,F_10_FAHMEE_S_1_DISGUST_2.wav,384042,8424809817c93a9291cda32217ae06d515481b4efd5bf65edb867648fb34fda8,F10,F,DISGUST,1,S1,T2,
3192,subesco,F_10_FAHMEE_S_1_DISGUST_3.wav,357420,a67b06c7b0374e3317687397b800e92e1253d7b2c4b5387db0cdd57d0ea79d1c,F10,F,DISGUST,1,S1,T3,
3193,subesco,F_10_FAHMEE_S_1_DISGUST_4.wav,368684,bb565b78bcc66c2f6af2fa7208809d1586e6ed80a471dea4ada57983bee3378b,F10,F,DISGUST,1,S1,T4,
3194,subesco,F_10_FAHMEE_S_1_DISGUST_5.wav,362538,a9dde9cb40f0a2b521f43fc46035ae19f88286fc1a60ab2503518d7436111dea,F10,F,DISGUST,1,S1,T5,
3195,subesco,F_10_FAHMEE_S_1_FEAR_1.wav,345132,251e6372d3cec26af305c8e490d8887fadb2200f6f8990df4504299980ddf1d3,F10,F,FEAR,2,S1,T1,
3196,subesco,F_10_FAHMEE_S_1_FEAR_2.wav,356396,6b488c56e655657b6539f14051073550ccb65f95615c759537c959dbedb2f18a,F10,F,FEAR,2,S1,T2,
3197,subesco,F_10_FAHMEE_S_1_FEAR_3.wav,344108,2663415e1036648942f639d28ea319c909a85305969a4ea473aafac27732f39a,F10,F,FEAR,2,S1,T3,
3198,subesco,F_10_FAHMEE_S_1_FEAR_4.wav,356396,02363c4dcfbd9de7d71be7015bc562b8e7fdb35257bdd1a38062445691dcbbcf,F10,F,FEAR,2,S1,T4,
3199,subesco,F_10_FAHMEE_S_1_FEAR_5.wav,354348,e43252085a6265166eba341045c5d9c0215a63b2da300638df410012898cdec1,F10,F,FEAR,2,S1,T5,
3200,subesco,F_10_FAHMEE_S_1_HAPPY_1.wav,359468,5175f1abc1046f4e76189b88aa539c4e2ce9c3f74469098ac1d3378253fa0440,F10,F,HAPPY,3,S1,T1,
3201,subesco,F_10_FAHMEE_S_1_HAPPY_2.wav,374828,f1ada8f1a7121bfbd49c33b45367da119bfad834a5935924d78d9f39b281bd7c,F10,F,HAPPY,3,S1,T2,
3202,subesco,F_10_FAHMEE_S_1_HAPPY_3.wav,369706,fa91f97175e389341a2ff553eaf6a7f38975b77cbdadbe74eeb81c32adfc687a,F10,F,HAPPY,3,S1,T3,
3203,subesco,F_10_FAHMEE_S_1_HAPPY_4.wav,355372,03b8ea85462e125e25732e896ae53aae4c1d45ad61699fd7a2c0564aad8b481c,F10,F,HAPPY,3,S1,T4,
3204,subesco,F_10_FAHMEE_S_1_HAPPY_5.wav,351276,9d849a5444dfff73bbcc7306ea2084efa4cbc0e85c2f19718bced7aabff9d68b,F10,F,HAPPY,3,S1,T5,
3205,subesco,F_10_FAHMEE_S_1_NEUTRAL_1.wav,360492,4f962b09da1f2655428381e82e67354cd7539b495b2bf9b96c7a1c04badd381d,F10,F,NEUTRAL,4,S1,T1,
3206,subesco,F_10_FAHMEE_S_1_NEUTRAL_2.wav,397356,addc4f8ce0bd16bb2d00c0e46194eac54fb4ca1686f302d6a59c715757c61b10,F10,F,NEUTRAL,4,S1,T2,
3207,subesco,F_10_FAHMEE_S_1_NEUTRAL_3.wav,365612,67004a7116ed250b5984cf8132e625ae6ba12fccb372acc2ef50f01740e20b11,F10,F,NEUTRAL,4,S1,T3,
3208,subesco,F_10_FAHMEE_S_1_NEUTRAL_4.wav,344106,14fa202ea7349a860779d62e568611bcf127cf93c7d32bedfa17b33bf1d8c462,F10,F,NEUTRAL,4,S1,T4,
3209,subesco,F_10_FAHMEE_S_1_NEUTRAL_5.wav,360492,922417f18cf91cbb288c58d778fb61bdb105730f7301c0e8bb51988179cb1d7e,F10,F,NEUTRAL,4,S1,T5,
3210,subesco,F_10_FAHMEE_S_1_SAD_1.wav,359468,ae08240941341f438317c2dbc7c93d33507347994ddb5a77df0d8d0067058887,F10,F,SAD,5,S1,T1,
3211,subesco,F_10_FAHMEE_S_1_SAD_2.wav,363564,a061121c83bcd773e373ae949cb6cebb65068f9e08cbc73072901e356581f5ac,F10,F,SAD,5,S1,T2,
3212,subesco,F_10_FAHMEE_S_1_SAD_3.wav,354348,834f0a2c503852122982c55433f07658d3e89af1c2e615d972a9d691beec0b59,F10,F,SAD,5,S1,T3,
3213,subesco,F_10_FAHMEE_S_1_SAD_4.wav,354348,5dcb91a41fa90da8b81e02bdbb079a9184bf1089fa43331453196f4b2a23cbf3,F10,F,SAD,5,S1,T4,
3214,subesco,F_10_FAHMEE_S_1_SAD_5.wav,358444,57d2c84ced076036dbd816a5095435cc56cb7750cf9388b312a7e11a571ab7d8,F10,F,SAD,5,S1,T5,
3215,subesco,F_10_FAHMEE_S_1_SURPRISE_1.wav,348204,bd539655311b4122d9f9d85c595951a755961df575134a9e839e137cb93083f0,F10,F,SURPRISE,6,S1,T1,
3216,subesco,F_10_FAHMEE_S_1_SURPRISE_2.wav,358444,6a8a4a33964c19b9f0cbfe7ffbf31af38043f634c76ddc3d990d976eb8af55b5,F10,F,SURPRISE,6,S1,T2,
3217,subesco,F_10_FAHMEE_S_1_SURPRISE_3.wav,360492,f2e79df240a808406b847ab21d99889b647da73969787f46ce57a60c47d5eca2,F10,F,SURPRISE,6,S1,T3,
3218,subesco,F_10_FAHMEE_S_1_SURPRISE_4.wav,365610,234def9e733cfe4b529b635a76bcc8ab86f47a357c461e8e8a1d41f4bac79826,F10,F,SURPRISE,6,S1,T4,
3219,subesco,F_10_FAHMEE_S_1_SURPRISE_5.wav,346158,5573c17369dea24e62ec1983c21bb0bcb267d0b8b33ac68323a03292994aef4c,F10,F,SURPRISE,6,S1,T5,
3220,subesco,F_10_FAHMEE_S_2_ANGRY_1.wav,375852,36de8e39d1e7381aa5e23a63f192cfe506443f45bea36d13bdcc6ebb9c9679a0,F10,F,ANGRY,0,S2,T1,
3221,subesco,F_10_FAHMEE_S_2_ANGRY_2.wav,386092,2cba3f00fa6118c274f09472bc87bc7d4f59ddf1012a535aa5601110a4bd65d0,F10,F,ANGRY,0,S2,T2,
3222,subesco,F_10_FAHMEE_S_2_ANGRY_3.wav,364588,8bd4cee112c2720218c21310be22fe188ea15a0a12eadd9060184363890cb058,F10,F,ANGRY,0,S2,T3,
3223,subesco,F_10_FAHMEE_S_2_ANGRY_4.wav,369708,6238588e9a1db428e0984a309298592add8b701b8ad312b5da81b99a74a9a9aa,F10,F,ANGRY,0,S2,T4,
3224,subesco,F_10_FAHMEE_S_2_ANGRY_5.wav,411692,61d2f2899c3c658cadf79fa1bd05115439945f62ea11672852254a7b26e0d77f,F10,F,ANGRY,0,S2,T5,
3225,subesco,F_10_FAHMEE_S_2_DISGUST_1.wav,369708,50932d6e066cbe536d62b42d2c213bc23fc4cab0bd3d27f8e2cb7f99559246b0,F10,F,DISGUST,1,S2,T1,
3226,subesco,F_10_FAHMEE_S_2_DISGUST_2.wav,383020,dcfb48f51733db7b9dbdcca9f8c6e4885f7828ee1c246593ff307dd95fd4ca0a,F10,F,DISGUST,1,S2,T2,
3227,subesco,F_10_FAHMEE_S_2_DISGUST_3.wav,369708,3ae5cfc7f0f4b9a9fc7aa9ababb8d4cbc359f5482a99ed26c87f972a8eca591b,F10,F,DISGUST,1,S2,T3,
3228,subesco,F_10_FAHMEE_S_2_DISGUST_4.wav,374828,a665c94fef42f778e6705c224204d481c4566eba1cbac276ad94f626706bbb8f,F10,F,DISGUST,1,S2,T4,
3229,subesco,F_10_FAHMEE_S_2_DISGUST_5.wav,359468,38aff91975023e2f653405eedfc0eadcd7a6566802c770b5276412470245c28f,F10,F,DISGUST,1,S2,T5,
3230,subesco,F_10_FAHMEE_S_2_FEAR_1.wav,348204,a59050748fde88a6363471ca58b497aab134dd5f66de05cfb2b1c6af44220b87,F10,F,FEAR,2,S2,T1,
3231,subesco,F_10_FAHMEE_S_2_FEAR_2.wav,357422,08c01e63296d1c91c67d142d8c875c5e3ba5c6655c93e1ab064eb498d3af49d4,F10,F,FEAR,2,S2,T2,
3232,subesco,F_10_FAHMEE_S_2_FEAR_3.wav,368684,5e0fdb921bbf0a8b0cabe35a21f5d4873a6e38c599e11b4204add599ea7bf905,F10,F,FEAR,2,S2,T3,
3233,subesco,F_10_FAHMEE_S_2_FEAR_4.wav,357422,ab012a6f03273a00371527b2c012f5524dc7f07d8501554b826fd1c795600556,F10,F,FEAR,2,S2,T4,
3234,subesco,F_10_FAHMEE_S_2_FEAR_5.wav,356396,635c2791a121f3f426d6e7e131bc5384f62eac1b1d2f0b1f13254e7c8c2a89c2,F10,F,FEAR,2,S2,T5,
3235,subesco,F_10_FAHMEE_S_2_HAPPY_1.wav,357420,11c9c5082cd29e7e8fcc313517799975620e23bd30ca0d31174a9aadc0b01f05,F10,F,HAPPY,3,S2,T1,
3236,subesco,F_10_FAHMEE_S_2_HAPPY_2.wav,333868,b718d3087708bd39cd617676c0ca839fd79965865e0f8f95aeb7dce101611cf6,F10,F,HAPPY,3,S2,T2,
3237,subesco,F_10_FAHMEE_S_2_HAPPY_3.wav,352300,553c886f4e3a0f2070f138ca403b3bd809476a017e28e1bb176d34ad22bdcd21,F10,F,HAPPY,3,S2,T3,
3238,subesco,F_10_FAHMEE_S_2_HAPPY_4.wav,355372,0e7258824d181f235fb590c3b691c2fcd1498d5adeebe169e673c622081476f8,F10,F,HAPPY,3,S2,T4,
3239,subesco,F_10_FAHMEE_S_2_HAPPY_5.wav,368686,85ebb6e8990f096769a6c1964a3ade84076f45d91256571bf80c46ceac6cfdb8,F10,F,HAPPY,3,S2,T5,
3240,subesco,F_10_FAHMEE_S_2_NEUTRAL_1.wav,362540,ea3822644f45fa0cdfcae70e9e9a670a4e28dfe0a469cdbcfc68fd593540039c,F10,F,NEUTRAL,4,S2,T1,
3241,subesco,F_10_FAHMEE_S_2_NEUTRAL_2.wav,364588,7307e85bf2beddf6317365929004ee35f7c1e5b1cdde65bf3428c4fc94ca6a1f,F10,F,NEUTRAL,4,S2,T2,
3242,subesco,F_10_FAHMEE_S_2_NEUTRAL_3.wav,361516,4661b02b63d9cac845fd7b2cb4d420c8d174fe35e4c010acd67212d656952c4a,F10,F,NEUTRAL,4,S2,T3,
3243,subesco,F_10_FAHMEE_S_2_NEUTRAL_4.wav,365610,853570eb4e8a013d7f2189cba0fa1a5a766631d21741a2e7ce3f5081516bd37b,F10,F,NEUTRAL,4,S2,T4,
3244,subesco,F_10_FAHMEE_S_2_NEUTRAL_5.wav,373804,6c7863f093a1cb28d75e46149cc2a89c497facfc409420cbf5423dc10b11da87,F10,F,NEUTRAL,4,S2,T5,
3245,subesco,F_10_FAHMEE_S_2_SAD_1.wav,347178,a3345d4e6cfdb519414626bbf51202f22f47a6fb6b5cc5c1f979583b254b6941,F10,F,SAD,5,S2,T1,
3246,subesco,F_10_FAHMEE_S_2_SAD_2.wav,367660,4eb78eb343f2129d49c90960e9f33904f4ccbf6d233699ae5880a134d4063ce4,F10,F,SAD,5,S2,T2,
3247,subesco,F_10_FAHMEE_S_2_SAD_3.wav,350252,d3eb384d3e8627e64c5ca185ed057a08ecd008032fcbf59d1705701c289ed536,F10,F,SAD,5,S2,T3,
3248,subesco,F_10_FAHMEE_S_2_SAD_4.wav,353324,5bb2561fd089d4081213ef1d3b8dd1ee329e1d0c532094a3a757d95c28309fe2,F10,F,SAD,5,S2,T4,
3249,subesco,F_10_FAHMEE_S_2_SAD_5.wav,366636,6e16c8e35200277c691e6e266bf87b459506268ee51d4166d96885e45425b709,F10,F,SAD,5,S2,T5,
3250,subesco,F_10_FAHMEE_S_2_SURPRISE_1.wav,355372,4b3d784e0cfecefb5dc734c01ec68c613eb6507adda83ecd2134942e3398f98e,F10,F,SURPRISE,6,S2,T1,
3251,subesco,F_10_FAHMEE_S_2_SURPRISE_2.wav,352300,483e89f366808103591b66489fc11ae0dcbf6a06fe4bff56b4317af899b6559c,F10,F,SURPRISE,6,S2,T2,
3252,subesco,F_10_FAHMEE_S_2_SURPRISE_3.wav,350254,5da3ed94cde9905e6fdffc826a2d92cd02cf5f35ec45714b6bfb70d197fcde9f,F10,F,SURPRISE,6,S2,T3,
3253,subesco,F_10_FAHMEE_S_2_SURPRISE_4.wav,361516,7c90c09313d0e31b6b0aad8cab8cfd0996137a4c2c88a710a200596e128e2375,F10,F,SURPRISE,6,S2,T4,
3254,subesco,F_10_FAHMEE_S_2_SURPRISE_5.wav,346158,bdeda0eb0ac06da131cd3819c8cf404879b39c98f01373fe84d2e8cdbfa23f5b,F10,F,SURPRISE,6,S2,T5,
3255,subesco,F_10_FAHMEE_S_3_ANGRY_1.wav,353324,b14bf8d0b378c87ccf1b623766782929ce187d43d010f21cdafb9dbb854ed77e,F10,F,ANGRY,0,S3,T1,
3256,subesco,F_10_FAHMEE_S_3_ANGRY_2.wav,379948,a9daa90200284df0c4b942d228023e474bce9a7e0ba98557b95aef1dcd3e201e,F10,F,ANGRY,0,S3,T2,
3257,subesco,F_10_FAHMEE_S_3_ANGRY_3.wav,360494,6038d3be6df79968b80cf8964b2e27e086f8ac29c7cba75dfd85c056c5b84420,F10,F,ANGRY,0,S3,T3,
3258,subesco,F_10_FAHMEE_S_3_ANGRY_4.wav,367660,7de5efdba580ecc077084fa88cfab9f52cf7209da5433a81b23a266f70fe00ec,F10,F,ANGRY,0,S3,T4,
3259,subesco,F_10_FAHMEE_S_3_ANGRY_5.wav,371756,7c290baec17cd6ed88b37c595b259dd6aef04ab81bcb890bf7fe006c6e6ae925,F10,F,ANGRY,0,S3,T5,
3260,subesco,F_10_FAHMEE_S_3_DISGUST_1.wav,376876,5846ae099bdfaa7a80affd14cd56c54f42540606ac7dacc3ff2313de5aa2d9e5,F10,F,DISGUST,1,S3,T1,
3261,subesco,F_10_FAHMEE_S_3_DISGUST_2.wav,369708,69ccff42d3be54f873102f13cff847c9ea3f43028c7aeca1ab13677de5fd189d,F10,F,DISGUST,1,S3,T2,
3262,subesco,F_10_FAHMEE_S_3_DISGUST_3.wav,396332,e20d55362a1bb172a05735ae1871161e97d2d2303b28bf8f8fd818983f15bcef,F10,F,DISGUST,1,S3,T3,
3263,subesco,F_10_FAHMEE_S_3_DISGUST_4.wav,401454,90608a496a4003da9685d65388ac67a17174dfd066332a19364ce062ed483bf5,F10,F,DISGUST,1,S3,T4,
3264,subesco,F_10_FAHMEE_S_3_DISGUST_5.wav,388140,9fb78f08b83f758d9f03bf860b07735b2fa8010e6fe61bb193a915f81d7977a9,F10,F,DISGUST,1,S3,T5,
3265,subesco,F_10_FAHMEE_S_3_FEAR_1.wav,348204,e8883bbec40599b83600102d1d8b4aea91fb1c27cc6355855e66e6d5ef79b3af,F10,F,FEAR,2,S3,T1,
3266,subesco,F_10_FAHMEE_S_3_FEAR_2.wav,363564,9732247f3a1481284f2bb1d585fb7ce21cab2578b4a4801401b8f23ad28b4e4d,F10,F,FEAR,2,S3,T2,
3267,subesco,F_10_FAHMEE_S_3_FEAR_3.wav,357422,d2dad702435cb5e04b73fab041960ffaa22c97f000fc85233dd5af7914348f2d,F10,F,FEAR,2,S3,T3,
3268,subesco,F_10_FAHMEE_S_3_FEAR_4.wav,329772,95f14adf1e4ee89dec9c1d0e80bdee2066285a4d2521a241aa3864f93f9858d0,F10,F,FEAR,2,S3,T4,
3269,subesco,F_10_FAHMEE_S_3_FEAR_5.wav,340012,9b418e690c65a3ea0e4ad0ed1ded841b590aa8d91cfa3b96c462f42a0893b9c4,F10,F,FEAR,2,S3,T5,
3270,subesco,F_10_FAHMEE_S_3_HAPPY_1.wav,358444,921f58a2a7e3bc0c9b60ffd63c064263812afa7925a27846e796d56b71eae0da,F10,F,HAPPY,3,S3,T1,
3271,subesco,F_10_FAHMEE_S_3_HAPPY_2.wav,370732,6a700300f8216622d1163fc347e34cbbb6a53092ba6491801009b2e871468f9e,F10,F,HAPPY,3,S3,T2,
3272,subesco,F_10_FAHMEE_S_3_HAPPY_3.wav,370732,b4c7afa0596952682bd33273c0d298b1e2d62c75fb8d38a514f17e81fe858a62,F10,F,HAPPY,3,S3,T3,
3273,subesco,F_10_FAHMEE_S_3_HAPPY_4.wav,340012,fce24105a85cbe5ef24097d9cd3ef7e84e3f158c70c05d03bb97792c0cc8131b,F10,F,HAPPY,3,S3,T4,
3274,subesco,F_10_FAHMEE_S_3_HAPPY_5.wav,375854,1343f5c065c9a5803c93cf124df92a402904e130a4d972b4cd85bcd265d994d7,F10,F,HAPPY,3,S3,T5,
3275,subesco,F_10_FAHMEE_S_3_NEUTRAL_1.wav,356396,7f3f5e2940e0e1b34e1e0c053d033f0a1c8dba15b1f6c869bbbb989dd8a7b992,F10,F,NEUTRAL,4,S3,T1,
3276,subesco,F_10_FAHMEE_S_3_NEUTRAL_2.wav,356396,cee55d6254e127b6ae6042f8c67748869acdd886149220a96e4e293e26ab8040,F10,F,NEUTRAL,4,S3,T2,
3277,subesco,F_10_FAHMEE_S_3_NEUTRAL_3.wav,357420,179db697376cc2cfa35cd52af62b79064d4c5bc511cb94725c87efd57d4ccf86,F10,F,NEUTRAL,4,S3,T3,
3278,subesco,F_10_FAHMEE_S_3_NEUTRAL_4.wav,354348,e4f30ca835b2cf6cf3aa638a54573659627533996eefbadc841c32e9dcfe797a,F10,F,NEUTRAL,4,S3,T4,
3279,subesco,F_10_FAHMEE_S_3_NEUTRAL_5.wav,361516,f0ab1aa4514d64796e576325781f33207d9e8c3d216867eb1a9822ed6385bbd2,F10,F,NEUTRAL,4,S3,T5,
3280,subesco,F_10_FAHMEE_S_3_SAD_1.wav,362538,3feae9f4ae6fb271158cc1741ca0a52902bcd3a1d9a8672a127565ad1b1ae4eb,F10,F,SAD,5,S3,T1,
3281,subesco,F_10_FAHMEE_S_3_SAD_2.wav,361516,3f64cef6ef6cd4f844a6bf002692834f345739083a979df9360d3466bb9992db,F10,F,SAD,5,S3,T2,
3282,subesco,F_10_FAHMEE_S_3_SAD_3.wav,361516,20090e1e662a92bf2e75b98b7d2f55dbb10771f5cc0be4866b97a79a82b8df18,F10,F,SAD,5,S3,T3,
3283,subesco,F_10_FAHMEE_S_3_SAD_4.wav,361516,a8bcecb8bdc09c7a5e0304b562640e7a181e456313f74f40bb0eaf08f602f7b6,F10,F,SAD,5,S3,T4,
3284,subesco,F_10_FAHMEE_S_3_SAD_5.wav,352300,d5f9b3c9eb99caf321b594294122c34f4b2d7f444ef29aa0255a264fb3b154b4,F10,F,SAD,5,S3,T5,
3285,subesco,F_10_FAHMEE_S_3_SURPRISE_1.wav,352300,6b26eb1062a2b1e1a6b41b3970ced1419545eaccfee35ca8ab79b2326f5fc88a,F10,F,SURPRISE,6,S3,T1,
3286,subesco,F_10_FAHMEE_S_3_SURPRISE_2.wav,369708,a9b0ccb9be26030c8aec768c9988de78b541d9d55267f6984ba3f29ff33c3b70,F10,F,SURPRISE,6,S3,T2,
3287,subesco,F_10_FAHMEE_S_3_SURPRISE_3.wav,367660,82d5b076edae2658b3633605d0ec79f4df11181c2ed3d93a418e08030aac37e3,F10,F,SURPRISE,6,S3,T3,
3288,subesco,F_10_FAHMEE_S_3_SURPRISE_4.wav,360492,8a856cd254ef453ba3bc58fa9b40c4eb0343bbfa25a21eb35be8e5ba3e847504,F10,F,SURPRISE,6,S3,T4,
3289,subesco,F_10_FAHMEE_S_3_SURPRISE_5.wav,355372,abdab0e6de4aa0622a4ec59f6100dfba23a395dce563e775df58ff443dafd85e,F10,F,SURPRISE,6,S3,T5,
3290,subesco,F_10_FAHMEE_S_4_ANGRY_1.wav,365610,992ed8462fc7c7642c1559c732910561955193724ff1cb3df3f0fce474f27d88,F10,F,ANGRY,0,S4,T1,
3291,subesco,F_10_FAHMEE_S_4_ANGRY_2.wav,371758,a31a1ff876eb5ac5b547e3bc0d5faae5af8835e336b816df9ca5bf308b2b7813,F10,F,ANGRY,0,S4,T2,
3292,subesco,F_10_FAHMEE_S_4_ANGRY_3.wav,372780,f1ab9a377bfff8d25342f82ca60aa0f40e0702eaded76e295bfe0bca72414909,F10,F,ANGRY,0,S4,T3,
3293,subesco,F_10_FAHMEE_S_4_ANGRY_4.wav,360494,9dbbc752dfd9275f4d1abe5c7a10b663e314626d84178a284204dfa61b3cea88,F10,F,ANGRY,0,S4,T4,
3294,subesco,F_10_FAHMEE_S_4_ANGRY_5.wav,370732,415c5e7ebb7f62841c7b9485e3e3504937a770b473ec0670108828d46da10e51,F10,F,ANGRY,0,S4,T5,
3295,subesco,F_10_FAHMEE_S_4_DISGUST_1.wav,374828,972d2c24c3b1b8ac14500b29c25cd4074fe9b3ae1c75ded1b67c685b0292c47b,F10,F,DISGUST,1,S4,T1,
3296,subesco,F_10_FAHMEE_S_4_DISGUST_2.wav,373804,9b7f614f68e947330b87d086080852941ce229f090b81e2dd5b54b28758628b4,F10,F,DISGUST,1,S4,T2,
3297,subesco,F_10_FAHMEE_S_4_DISGUST_3.wav,354348,38daa9566bf29001ae8e2538883f691b5d4afb4c6362e3f7412680c1c51474d7,F10,F,DISGUST,1,S4,T3,
3298,subesco,F_10_FAHMEE_S_4_DISGUST_4.wav,368684,bd9c7f86dc052d2b1bc704f08ea9f107c688b9c400b3d08a1add37da382e3477,F10,F,DISGUST,1,S4,T4,
3299,subesco,F_10_FAHMEE_S_4_DISGUST_5.wav,360492,3d9edc4580f07fd0639024708150df89af607d19ad9f7485abd27067003f754b,F10,F,DISGUST,1,S4,T5,
3300,subesco,F_10_FAHMEE_S_4_FEAR_1.wav,371756,19e65b2919efad08b9865b0cfa4b919eb9f6d11cfebcbc986d3d3fed15d617e5,F10,F,FEAR,2,S4,T1,
3301,subesco,F_10_FAHMEE_S_4_FEAR_2.wav,364588,8030e13f93a89c0da5a3e0f928f8fe5bbf2f080ebc98ac2d09ae57203781d036,F10,F,FEAR,2,S4,T2,
3302,subesco,F_10_FAHMEE_S_4_FEAR_3.wav,372780,7182625091b7aaa7426fb91e2c737df92ec2425088f0accdf8c6878d97546d69,F10,F,FEAR,2,S4,T3,
3303,subesco,F_10_FAHMEE_S_4_FEAR_4.wav,383022,57dbba0dcab4e5486a0fc1cfb37734da1bbf967644340fc6c8b8597050549fc1,F10,F,FEAR,2,S4,T4,
3304,subesco,F_10_FAHMEE_S_4_FEAR_5.wav,367660,17b6c5740635017f5695af60f920035945d342aa049baffd861e8a6f56675542,F10,F,FEAR,2,S4,T5,
3305,subesco,F_10_FAHMEE_S_4_HAPPY_1.wav,344106,1e510a65cd96d8c75153004e6404ccf6473a1e8087c4df9cc9eaee87c226e371,F10,F,HAPPY,3,S4,T1,
3306,subesco,F_10_FAHMEE_S_4_HAPPY_2.wav,366634,c26fe1d20471822a470bc92bdc4785adff1bd6275c985f7e0fc43b9691b10a2c,F10,F,HAPPY,3,S4,T2,
3307,subesco,F_10_FAHMEE_S_4_HAPPY_3.wav,341036,dee05ec7e6038dee5326daabd2a1341ff97240686b3772ff5857c9e1e81b0eff,F10,F,HAPPY,3,S4,T3,
3308,subesco,F_10_FAHMEE_S_4_HAPPY_4.wav,374828,1c82c0aa038a645fe52e79c4425a92534d3623353011253817e82ec4a87fea5f,F10,F,HAPPY,3,S4,T4,
3309,subesco,F_10_FAHMEE_S_4_HAPPY_5.wav,372780,4a654f6b8a2ad5efce41a86d3cd51a5f6c9eede34d45b1ab0079ceec156162d6,F10,F,HAPPY,3,S4,T5,
3310,subesco,F_10_FAHMEE_S_4_NEUTRAL_1.wav,355372,06ca3da996b8690fd71741cc06bc774d2cb2296735dd037b560f4ac04971fbb7,F10,F,NEUTRAL,4,S4,T1,
3311,subesco,F_10_FAHMEE_S_4_NEUTRAL_2.wav,362540,17ed58fc576f4fcf1089bcbd6c6b8b6068c02f9992375059174350875464c06f,F10,F,NEUTRAL,4,S4,T2,
3312,subesco,F_10_FAHMEE_S_4_NEUTRAL_3.wav,362540,966e9853d22fc9b47fa888dec46f7bbd1b5a686d3f57b9c3641f38348e033ad3,F10,F,NEUTRAL,4,S4,T3,
3313,subesco,F_10_FAHMEE_S_4_NEUTRAL_4.wav,350254,f17fb76463dae6061866b4c6d950d15f3e43906eab91b9632863d720469b34e8,F10,F,NEUTRAL,4,S4,T4,
3314,subesco,F_10_FAHMEE_S_4_NEUTRAL_5.wav,368686,28798a0778b2e20c4ea60fce31c022670705d42ffa708785e5501dc4893d891b,F10,F,NEUTRAL,4,S4,T5,
3315,subesco,F_10_FAHMEE_S_4_SAD_1.wav,346156,101d842f16f7231abe7ffaf7cd04aa3fa32fa743370eb557a724b9feecd0b279,F10,F,SAD,5,S4,T1,
3316,subesco,F_10_FAHMEE_S_4_SAD_2.wav,365610,855826a4f4c48963e90e521e6c6f8265066f69f180302bc8559585650639b71b,F10,F,SAD,5,S4,T2,
3317,subesco,F_10_FAHMEE_S_4_SAD_3.wav,363564,ed7fd99728c7cc9d894816b77d771e7a60a694eb447479be46b6b22592465bff,F10,F,SAD,5,S4,T3,
3318,subesco,F_10_FAHMEE_S_4_SAD_4.wav,360492,3cc977e58aaed2ecc85e5602f9eebfee22d517fd38064b769658ba92ef748f6a,F10,F,SAD,5,S4,T4,
3319,subesco,F_10_FAHMEE_S_4_SAD_5.wav,360492,bb8051a09256d6b2549839f8e2d9e322eb3e90384437927505b86760fc3891fe,F10,F,SAD,5,S4,T5,
3320,subesco,F_10_FAHMEE_S_4_SURPRISE_1.wav,360492,c92c8ce8450988eaa7cc28363d83cbe5e13abb67abba2b246697309923bf1441,F10,F,SURPRISE,6,S4,T1,
3321,subesco,F_10_FAHMEE_S_4_SURPRISE_2.wav,348204,39213cffb691b459ce752b6227e147c849d1d1cce411ae42c8507eadd6fcd096,F10,F,SURPRISE,6,S4,T2,
3322,subesco,F_10_FAHMEE_S_4_SURPRISE_3.wav,357420,b0880d6602821e13d486109d3edb40424c1b331fd18b197b148192e46b18098a,F10,F,SURPRISE,6,S4,T3,
3323,subesco,F_10_FAHMEE_S_4_SURPRISE_4.wav,347180,4540dcf7447b66e52baf8d34da1cfcd548504b4921b254501ffacd40c0dc2424,F10,F,SURPRISE,6,S4,T4,
3324,subesco,F_10_FAHMEE_S_4_SURPRISE_5.wav,356398,d758066fd0df6afcf76b3952c730f94b6d2edac8530bbff3c185010893d87aff,F10,F,SURPRISE,6,S4,T5,
3325,subesco,F_10_FAHMEE_S_5_ANGRY_1.wav,358444,b0d9615b80f3e6bcfa4f2489f43b4bd7fdfc923eb90d7bf49bce08ab8cc85d14,F10,F,ANGRY,0,S5,T1,
3326,subesco,F_10_FAHMEE_S_5_ANGRY_2.wav,345132,99d901c83edd3caef6d58c924de3c1e9d51ca6a7e2378fa2f85d6cfd5cec3ee8,F10,F,ANGRY,0,S5,T2,
3327,subesco,F_10_FAHMEE_S_5_ANGRY_3.wav,368684,5ea2d98fd980d9fd24ea2c18df4e4f491421d08345a041bb6b04e6b7fa356b59,F10,F,ANGRY,0,S5,T3,
3328,subesco,F_10_FAHMEE_S_5_ANGRY_4.wav,369708,43070d960f214f1549106046bf804259ba3c325569e59179a1d165efdd3af40e,F10,F,ANGRY,0,S5,T4,
3329,subesco,F_10_FAHMEE_S_5_ANGRY_5.wav,371758,b7aa2ba3a4eedd5a5f4076727bdff9cc72f24018f49f74e163e028c57426ab4f,F10,F,ANGRY,0,S5,T5,
3330,subesco,F_10_FAHMEE_S_5_DISGUST_1.wav,353326,4c5387f5507ea233e41d2e15137ba3e88bae3b57fe23b653d06a487ffcfec43b,F10,F,DISGUST,1,S5,T1,
3331,subesco,F_10_FAHMEE_S_5_DISGUST_2.wav,353326,f6dc3fb873e1fdfd067f9f4c8e52da4c48303b68f14279516d04c2414cf216f2,F10,F,DISGUST,1,S5,T2,
3332,subesco,F_10_FAHMEE_S_5_DISGUST_3.wav,317484,3f010949a1a7ae6ce52549fa28c428a803a8525fd4a064deb3e90efa826fc83e,F10,F,DISGUST,1,S5,T3,
3333,subesco,F_10_FAHMEE_S_5_DISGUST_4.wav,367660,cffe948c9cce8b2f0c19540036fe29160006bb27536e3fa17ab119a37bbf7b33,F10,F,DISGUST,1,S5,T4,
3334,subesco,F_10_FAHMEE_S_5_DISGUST_5.wav,387116,f73096e439904dd90f2de7049de90dfa69de4a56e11429453b2e660dd0bd8178,F10,F,DISGUST,1,S5,T5,
3335,subesco,F_10_FAHMEE_S_5_FEAR_1.wav,371756,b6e659311e69987e21cce8c31ca976905105c0329d204f85fe42b8069d4db968,F10,F,FEAR,2,S5,T1,
3336,subesco,F_10_FAHMEE_S_5_FEAR_2.wav,363564,e77357f45c97aa6bacb796b32416f4ff012124edbb37aaf901b99a8f2d360fca,F10,F,FEAR,2,S5,T2,
3337,subesco,F_10_FAHMEE_S_5_FEAR_3.wav,369708,e5c0a7742b6ef1d6f065290f91f527318f52de442f914a49220bd850eb04c043,F10,F,FEAR,2,S5,T3,
3338,subesco,F_10_FAHMEE_S_5_FEAR_4.wav,370732,940e3ffe27ffe124a16a73a99abb045e1c3a30e31f172da6445d39a90181a846,F10,F,FEAR,2,S5,T4,
3339,subesco,F_10_FAHMEE_S_5_FEAR_5.wav,369708,a8d15c8c9c317d8c00eb0370e4b1b5f46150883355a39784e7c6dddc7ddaf159,F10,F,FEAR,2,S5,T5,
3340,subesco,F_10_FAHMEE_S_5_HAPPY_1.wav,351276,1e2f68f4373a544389a66de6551ff1c20fa6fdbb9979e06e6918c74d958f8ab6,F10,F,HAPPY,3,S5,T1,
3341,subesco,F_10_FAHMEE_S_5_HAPPY_2.wav,383020,4ea267297f55aa7ea955a0f648630c4db35b61dd9a342bd0446dd066a5a1f2dd,F10,F,HAPPY,3,S5,T2,
3342,subesco,F_10_FAHMEE_S_5_HAPPY_3.wav,371756,153910a70ea08cef4c9216a3efa8f9b7beda1f3eacbaa63b2aaa65502af718fe,F10,F,HAPPY,3,S5,T3,
3343,subesco,F_10_FAHMEE_S_5_HAPPY_4.wav,370732,56fb576e2f291874aade7133cf8959044b9aa95fbae4a51b54dc762dae179117,F10,F,HAPPY,3,S5,T4,
3344,subesco,F_10_FAHMEE_S_5_HAPPY_5.wav,355370,4df924693e7cd7443002ba6fd254a892607f39863e82c6b5faa04870c976f7a9,F10,F,HAPPY,3,S5,T5,
3345,subesco,F_10_FAHMEE_S_5_NEUTRAL_1.wav,357422,e4b7e2fb8a43069c89b4901e59db603562f5e97d87f6ac94be769fea107bab78,F10,F,NEUTRAL,4,S5,T1,
3346,subesco,F_10_FAHMEE_S_5_NEUTRAL_2.wav,361516,af16660c800ef045c5edb8c2b36e4058e3ffaae98228678c2d2a6be2dec2977a,F10,F,NEUTRAL,4,S5,T2,
3347,subesco,F_10_FAHMEE_S_5_NEUTRAL_3.wav,354348,21327000ff9227a939dec3b7024ebc2f24ec095dfa2bc5f7de4cb01cf18d4149,F10,F,NEUTRAL,4,S5,T3,
3348,subesco,F_10_FAHMEE_S_5_NEUTRAL_4.wav,349228,c2c25f2e4aa6939c678d1d49ed1308974837ea8e0b466e70d6afe3c462db6fd1,F10,F,NEUTRAL,4,S5,T4,
3349,subesco,F_10_FAHMEE_S_5_NEUTRAL_5.wav,352300,2fb66ed75693b93bf902792b76dad07b08219fc316405605e5eb51717b78cfd5,F10,F,NEUTRAL,4,S5,T5,
3350,subesco,F_10_FAHMEE_S_5_SAD_1.wav,352300,ac43b425574d83d12eeb4ef61f4d8e886c1e6115a11f9fd07abef701ab05bf3f,F10,F,SAD,5,S5,T1,
3351,subesco,F_10_FAHMEE_S_5_SAD_2.wav,369708,bd2868a199259fbee3caeb64fa93b1c78a3e656259fed7854fd946431fd121fc,F10,F,SAD,5,S5,T2,
3352,subesco,F_10_FAHMEE_S_5_SAD_3.wav,358442,c560c9e84a7e8f8b941ebfa43a7975715cb1f51a39af7a34357acc2e270e8b4c,F10,F,SAD,5,S5,T3,
3353,subesco,F_10_FAHMEE_S_5_SAD_4.wav,362540,7615cbe618ad4b1efe25b2416e8f6898b16052c18ff71ead82eef1b077754adf,F10,F,SAD,5,S5,T4,
3354,subesco,F_10_FAHMEE_S_5_SAD_5.wav,363564,3238d135a3796fa6b8cd0c66636c0c8728a440cee35fd83cfa2558b604b08e72,F10,F,SAD,5,S5,T5,
3355,subesco,F_10_FAHMEE_S_5_SURPRISE_1.wav,351276,350db37de4754d3797fa5cd36b1ee86940fb020c2ce7541bc5813bab17848a7d,F10,F,SURPRISE,6,S5,T1,
3356,subesco,F_10_FAHMEE_S_5_SURPRISE_2.wav,347180,9b4140aaaa713624e968c206244b1d868fdab44d557c8cdb09e06db01a92f735,F10,F,SURPRISE,6,S5,T2,
3357,subesco,F_10_FAHMEE_S_5_SURPRISE_3.wav,348204,5cb6cb9cfbcb0bc2b384982d510f18f30d312d5a7a38d457657a2b1ac9e24abd,F10,F,SURPRISE,6,S5,T3,
3358,subesco,F_10_FAHMEE_S_5_SURPRISE_4.wav,356396,0ef43f562e7824bd7bc55e42655add89291307f0293e1fb48514d31e0b1f24c5,F10,F,SURPRISE,6,S5,T4,
3359,subesco,F_10_FAHMEE_S_5_SURPRISE_5.wav,357420,c5792ddeabf6a5909b9d6ac779b5be3649c6205c35aa21e8bd177cb0773a6022,F10,F,SURPRISE,6,S5,T5,
3360,subesco,F_10_FAHMEE_S_6_ANGRY_1.wav,362538,646351de0eb0a6408f9e3147b5c39c211a562618f837494218c08ad11c51d69d,F10,F,ANGRY,0,S6,T1,
3361,subesco,F_10_FAHMEE_S_6_ANGRY_2.wav,351276,6fe1f784d0b5d0bf20cf96e96eb4d7658af49b7c57493461e2990f146ab1c3b9,F10,F,ANGRY,0,S6,T2,
3362,subesco,F_10_FAHMEE_S_6_ANGRY_3.wav,368686,6b2f0ad6af5429310550e72044c60b6a0415c969a291f68ae8a60a0aec91ed0b,F10,F,ANGRY,0,S6,T3,
3363,subesco,F_10_FAHMEE_S_6_ANGRY_4.wav,367660,4b312587975986ef1137667d63801100700cd2fb2b5d7d6020b29e56d8565625,F10,F,ANGRY,0,S6,T4,
3364,subesco,F_10_FAHMEE_S_6_ANGRY_5.wav,317484,3be2f34af9e7f58b2f90067fe3d68805edf8dfbe093914818038f5e689589449,F10,F,ANGRY,0,S6,T5,
3365,subesco,F_10_FAHMEE_S_6_DISGUST_1.wav,379948,68f36b2f3a02f6cd61dee5d636031c400cdfc07c2ca36a4c9ab7813214e156f6,F10,F,DISGUST,1,S6,T1,
3366,subesco,F_10_FAHMEE_S_6_DISGUST_2.wav,340012,cdaa13e4a32a52c92c62ac13a0c0c963d783dadd1a90432458b7aa3b85b65fa8,F10,F,DISGUST,1,S6,T2,
3367,subesco,F_10_FAHMEE_S_6_DISGUST_3.wav,334894,86bea3ac39284433ce8c784c25c72de9ba7e12adeaf49fbdcf8b4ac364cca161,F10,F,DISGUST,1,S6,T3,
3368,subesco,F_10_FAHMEE_S_6_DISGUST_4.wav,362540,ca9816e44998d2066e5f587d4f3813fc52219b6b1697ff97a6a768acfb969c67,F10,F,DISGUST,1,S6,T4,
3369,subesco,F_10_FAHMEE_S_6_DISGUST_5.wav,361516,a22b3884fb50da3ef739966009fc5af1181b63dfd5df21acc894c859031c3783,F10,F,DISGUST,1,S6,T5,
3370,subesco,F_10_FAHMEE_S_6_FEAR_1.wav,361516,c6931f116d87abc886e8c3c8f25e9c805adae8885487b7c7d4c748739841469f,F10,F,FEAR,2,S6,T1,
3371,subesco,F_10_FAHMEE_S_6_FEAR_2.wav,359468,59d460aab4235b6713658fee8d5f1aa3d4d301b0a3e1abfcf39e176edaabab74,F10,F,FEAR,2,S6,T2,
3372,subesco,F_10_FAHMEE_S_6_FEAR_3.wav,360492,ab589caddbed269c080063be281f8f7d4501077d1baf4a4f82fed47f697d58bc,F10,F,FEAR,2,S6,T3,
3373,subesco,F_10_FAHMEE_S_6_FEAR_4.wav,360494,a14d340106a167c42dfa99c3c3706b66cdfd89c43b7f7a1e39d803f66a6c9226,F10,F,FEAR,2,S6,T4,
3374,subesco,F_10_FAHMEE_S_6_FEAR_5.wav,344108,6bf5393ed64ed5d21d825b80d3968d9bc0bec3a6c35d15ca510d5a31e6c5b19d,F10,F,FEAR,2,S6,T5,
3375,subesco,F_10_FAHMEE_S_6_HAPPY_1.wav,395308,809b8a4dcbb214e0152c209764242bf51ede45c446078e38b8025ca828dca90f,F10,F,HAPPY,3,S6,T1,
3376,subesco,F_10_FAHMEE_S_6_HAPPY_2.wav,376874,2b8bbec33404c8e5fab20a083b172bef125b89c4b0a2bbc1b4dd6499c0f95751,F10,F,HAPPY,3,S6,T2,
3377,subesco,F_10_FAHMEE_S_6_HAPPY_3.wav,363564,04dc9039fad98f8296b56b1a19908fd57e2b05d165cfbd1f42bfbcd6f9c99dbb,F10,F,HAPPY,3,S6,T3,
3378,subesco,F_10_FAHMEE_S_6_HAPPY_4.wav,354348,85b3968464cb075583cfa81158e1577d4ac32b3912117ade2c77d880cd8a38bb,F10,F,HAPPY,3,S6,T4,
3379,subesco,F_10_FAHMEE_S_6_HAPPY_5.wav,372780,16d43cc58757f1fc4ccb388d0994cafe04d2e4ac367eaf045c8ce3d223531553,F10,F,HAPPY,3,S6,T5,
3380,subesco,F_10_FAHMEE_S_6_NEUTRAL_1.wav,362540,a495be79d107125e00c11bb6f59e239f797163ef431c8ebba34e607193cc5f69,F10,F,NEUTRAL,4,S6,T1,
3381,subesco,F_10_FAHMEE_S_6_NEUTRAL_2.wav,362538,77cca108969aa7dc127d3090a57d96bb0a1e0d2f4de979a0f33de58e87611ddf,F10,F,NEUTRAL,4,S6,T2,
3382,subesco,F_10_FAHMEE_S_6_NEUTRAL_3.wav,355372,5f86e1586081e09788629cbbd6ae8433e124031ee5ff033efce9deae5b6fac2d,F10,F,NEUTRAL,4,S6,T3,
3383,subesco,F_10_FAHMEE_S_6_NEUTRAL_4.wav,359468,04ab3aefcf8e3dd2ec3a47b138345e06ed6a30738d593aa204e15759fa7aa768,F10,F,NEUTRAL,4,S6,T4,
3384,subesco,F_10_FAHMEE_S_6_NEUTRAL_5.wav,357422,c13a342a2ba3b74ea75be179d3ed08356ab58178e16d0186f635a8a8222d42e2,F10,F,NEUTRAL,4,S6,T5,
3385,subesco,F_10_FAHMEE_S_6_SAD_1.wav,355370,a9caf25ee04e20f642ac3903fefd535191e7703b731355175c097a046882bbf5,F10,F,SAD,5,S6,T1,
3386,subesco,F_10_FAHMEE_S_6_SAD_2.wav,365610,572ec80a4e181504e63be266ca3156452bcce23ff98fc19029d6c688a0c83bef,F10,F,SAD,5,S6,T2,
3387,subesco,F_10_FAHMEE_S_6_SAD_3.wav,355372,0736fcc3d86164ffb303a93eb5bd1c0d5b131f4c5e0f95e3a61ce1b6f7384ec9,F10,F,SAD,5,S6,T3,
3388,subesco,F_10_FAHMEE_S_6_SAD_4.wav,369706,73ec1958a5d2b38662a02fde3016325224111832fc168049dbe66fe0923c3d0e,F10,F,SAD,5,S6,T4,
3389,subesco,F_10_FAHMEE_S_6_SAD_5.wav,353324,5ffcd895c4ef004f548a7220009da7b3c70356df5b7490e6e41c39ffb756a3e5,F10,F,SAD,5,S6,T5,
3390,subesco,F_10_FAHMEE_S_6_SURPRISE_1.wav,365612,34a202b2f1c69021b60199ec0fccc36923ad2591ea2963dab3fac872cf6c5f0d,F10,F,SURPRISE,6,S6,T1,
3391,subesco,F_10_FAHMEE_S_6_SURPRISE_2.wav,345132,3dc97dfba3487cd9cf0d8a35e404c1a6c05f30e3d1aee3588349f56e24ced727,F10,F,SURPRISE,6,S6,T2,
3392,subesco,F_10_FAHMEE_S_6_SURPRISE_3.wav,368686,c7e6e6146e036e9db4f984f715cfc7599db75d736ba1cda2320076a03f683437,F10,F,SURPRISE,6,S6,T3,
3393,subesco,F_10_FAHMEE_S_6_SURPRISE_4.wav,360492,b3e3e5a409d231f86e5fa553a5793dcb7019a2911eac03c57d1e8cf9b284aefe,F10,F,SURPRISE,6,S6,T4,
3394,subesco,F_10_FAHMEE_S_6_SURPRISE_5.wav,367660,d195f6599ab2d1a5611a0ad6c1ca017a83019f92fd5c06af3d9f485204c02b15,F10,F,SURPRISE,6,S6,T5,
3395,subesco,F_10_FAHMEE_S_7_ANGRY_1.wav,333868,f359614b34e91e60abe915b5dcf96117ad8abcd408d4ccc1b775a14168a04a67,F10,F,ANGRY,0,S7,T1,
3396,subesco,F_10_FAHMEE_S_7_ANGRY_2.wav,381996,8cc84bbbf2b2def47df3089c23c774838c4b489ee38a7af6aeac4c83795b9793,F10,F,ANGRY,0,S7,T2,
3397,subesco,F_10_FAHMEE_S_7_ANGRY_3.wav,368686,c299559bbaea798414a798b087861912ecc86ac41cca8753cd16c2e920ee37ac,F10,F,ANGRY,0,S7,T3,
3398,subesco,F_10_FAHMEE_S_7_ANGRY_4.wav,345132,bec916542786654ac61c61a86bb6ac74ee7161a1dca9ada33ddd7264241064ac,F10,F,ANGRY,0,S7,T4,
3399,subesco,F_10_FAHMEE_S_7_ANGRY_5.wav,366636,624e641fad732f8d59e7402e6df90e0dc0c0bd5a0269866c2eca2a43ad58eb1f,F10,F,ANGRY,0,S7,T5,
3400,subesco,F_10_FAHMEE_S_7_DISGUST_1.wav,361516,61417c82e8fcc89620e5edfd59e08334572650c5a3ecc7c0dcf570ba9911c3c5,F10,F,DISGUST,1,S7,T1,
3401,subesco,F_10_FAHMEE_S_7_DISGUST_2.wav,351274,925a3be74a191e26daa0f181b9c16c480663765558e1031d858385fd918ddb5a,F10,F,DISGUST,1,S7,T2,
3402,subesco,F_10_FAHMEE_S_7_DISGUST_3.wav,355372,b4a6a30c9a85ae9990674f77b628dd06ec749d91cf3cea3569bbf2c13629b0da,F10,F,DISGUST,1,S7,T3,
3403,subesco,F_10_FAHMEE_S_7_DISGUST_4.wav,352300,a0d434a74f65149ef2146bd3e8926f8c021a53cdfd47c5ab902439f0f48e1279,F10,F,DISGUST,1,S7,T4,
3404,subesco,F_10_FAHMEE_S_7_DISGUST_5.wav,320556,43deceda581ed3b89db3f453e971b6c2bbe8afae2a5aeca4188a4daaddf38a8e,F10,F,DISGUST,1,S7,T5,
3405,subesco,F_10_FAHMEE_S_7_FEAR_1.wav,348204,9dab1d5dcd41efd54d837bfd71a28e6cf059a532b6c5cd3f6e82565e750dad25,F10,F,FEAR,2,S7,T1,
3406,subesco,F_10_FAHMEE_S_7_FEAR_2.wav,359468,b80c381c663e76e2c33ec9cc0c939360a9a27ee97f6aa42ea534cd8597acc197,F10,F,FEAR,2,S7,T2,
3407,subesco,F_10_FAHMEE_S_7_FEAR_3.wav,365610,e25c1ce5da777356fc8f094dc9a0d9166744b67b988523584d55df504068c58b,F10,F,FEAR,2,S7,T3,
3408,subesco,F_10_FAHMEE_S_7_FEAR_4.wav,358444,dfbfed05b547b1ea23b19db70f32118623e8a847c52bfef243e71c88ac315dce,F10,F,FEAR,2,S7,T4,
3409,subesco,F_10_FAHMEE_S_7_FEAR_5.wav,354348,383c5ca29070f481f3cbc55b6210a211130c5df9cbc42951c0c9599419fb9e40,F10,F,FEAR,2,S7,T5,
3410,subesco,F_10_FAHMEE_S_7_HAPPY_1.wav,377900,d8ac90adebac935dd2a70faa47481e2107730e1e61de4c27fd91a4bb286a0e33,F10,F,HAPPY,3,S7,T1,
3411,subesco,F_10_FAHMEE_S_7_HAPPY_2.wav,354348,3b7b12b24a8349bb063d06f09817d385bde4a57bc2e4c9fa14d999995ccd5f2b,F10,F,HAPPY,3,S7,T2,
3412,subesco,F_10_FAHMEE_S_7_HAPPY_3.wav,370732,8d3d9a80dde94ccfc7347d37597233924f6002c9fc302aa780f83fe36e3ca19b,F10,F,HAPPY,3,S7,T3,
3413,subesco,F_10_FAHMEE_S_7_HAPPY_4.wav,336940,bcb692e156892723a5618acd2282e7e02c52add80d9806a0790760e12875ace8,F10,F,HAPPY,3,S7,T4,
3414,subesco,F_10_FAHMEE_S_7_HAPPY_5.wav,359468,891bbb563f4abd97a3d337454d82db0f17e13d488b5ac7f118df557866387c31,F10,F,HAPPY,3,S7,T5,
3415,subesco,F_10_FAHMEE_S_7_NEUTRAL_1.wav,360492,af0ac74545499f2d79b53e66ffb9bb132b69b3be677acb38fedf11125ceb91b7,F10,F,NEUTRAL,4,S7,T1,
3416,subesco,F_10_FAHMEE_S_7_NEUTRAL_2.wav,366634,25309149219780ccf96baa07534617917ed5cd0a4ad70ec67f31b989736d4801,F10,F,NEUTRAL,4,S7,T2,
3417,subesco,F_10_FAHMEE_S_7_NEUTRAL_3.wav,359468,4b19442ac82832d1d8a18b5fe017cc0de74b072727cfb1a9f1ce30fbbc3d63a5,F10,F,NEUTRAL,4,S7,T3,
3418,subesco,F_10_FAHMEE_S_7_NEUTRAL_4.wav,370732,73e74759646151e7798c05fd2144fa76946e91750e8daeba8b7edc4cadb22831,F10,F,NEUTRAL,4,S7,T4,
3419,subesco,F_10_FAHMEE_S_7_NEUTRAL_5.wav,365610,7fea96d1ea27a247db7ff8ada9cebf073691d424466ba31d7204d6b2677f306b,F10,F,NEUTRAL,4,S7,T5,
3420,subesco,F_10_FAHMEE_S_7_SAD_1.wav,369706,7e7fc37312e34316a06b4954a0f6e404638b35d2dbc04f392c7b8bd8815ee607,F10,F,SAD,5,S7,T1,
3421,subesco,F_10_FAHMEE_S_7_SAD_2.wav,356396,0ba7e8e74020c4f1b5c9874c88f695c54811bb45bd1a8250776449ca32aabc31,F10,F,SAD,5,S7,T2,
3422,subesco,F_10_FAHMEE_S_7_SAD_3.wav,356396,45a383ae5de37d4410d19de8a84230b27e9fce8b294614bbfbf6a3eaa62aa2e2,F10,F,SAD,5,S7,T3,
3423,subesco,F_10_FAHMEE_S_7_SAD_4.wav,372780,8dcdd5c029d5ba54e7450c8ab23165e823e4ea9d44bb17ac43608def2d069cc3,F10,F,SAD,5,S7,T4,
3424,subesco,F_10_FAHMEE_S_7_SAD_5.wav,362540,f6667d5702b81206be49dd4bead238e571e10c0fe11902d68cbf6035f3a15907,F10,F,SAD,5,S7,T5,
3425,subesco,F_10_FAHMEE_S_7_SURPRISE_1.wav,368686,1befd51c456b123ebafdc837a19ae2e173f4c5b6e662698fdd24fdf72f02323b,F10,F,SURPRISE,6,S7,T1,
3426,subesco,F_10_FAHMEE_S_7_SURPRISE_2.wav,364590,5ac09dac33c9e28755b5a27ab422ad5f8c44da159f7044aed6f24d2fbc2d0a09,F10,F,SURPRISE,6,S7,T2,
3427,subesco,F_10_FAHMEE_S_7_SURPRISE_3.wav,370732,0a257b9fe20f285ec21e51318bd21cd602ade0ea50073b13467fc0623f23c796,F10,F,SURPRISE,6,S7,T3,
3428,subesco,F_10_FAHMEE_S_7_SURPRISE_4.wav,362540,2f4d0c0ec2eceab91f7a2b1027c716f3cefd81f9e70f35acda5b85502bb40e32,F10,F,SURPRISE,6,S7,T4,
3429,subesco,F_10_FAHMEE_S_7_SURPRISE_5.wav,359468,c766f300fbe68eb19a408110d73d6189ff262e35df711451362c20867dc3caae,F10,F,SURPRISE,6,S7,T5,
3430,subesco,F_10_FAHMEE_S_8_ANGRY_1.wav,410666,378a309ed95a0ddf079cff0e502213c2e5fe9ed24710344b00ece6507d5b81fa,F10,F,ANGRY,0,S8,T1,
3431,subesco,F_10_FAHMEE_S_8_ANGRY_2.wav,363564,c4ff4b3b0645cea2cae44f442ede4b663a472fe9fa494c60e2f21affa06d7a11,F10,F,ANGRY,0,S8,T2,
3432,subesco,F_10_FAHMEE_S_8_ANGRY_3.wav,335916,e2695e42f7641dbe7c36211d6b89f4a7c1a9031c3236d488a101a80a449af3be,F10,F,ANGRY,0,S8,T3,
3433,subesco,F_10_FAHMEE_S_8_ANGRY_4.wav,335916,6b6027410bc24f0328d828631b2b68ec9aeb88e48d50348aa934816ac92a6ef5,F10,F,ANGRY,0,S8,T4,
3434,subesco,F_10_FAHMEE_S_8_ANGRY_5.wav,358444,2acb026a3f6053d1f0db4f6e240154c3d04193106670e7f4faeffcb959823a7d,F10,F,ANGRY,0,S8,T5,
3435,subesco,F_10_FAHMEE_S_8_DISGUST_1.wav,355372,b413f3b894e49e0be81fd751ee19dbaad1fc57efb4731665e06fd4212fa93459,F10,F,DISGUST,1,S8,T1,
3436,subesco,F_10_FAHMEE_S_8_DISGUST_2.wav,349228,791ac4eb28e520d89d12d98f841dae49e497ce83071c57e96e217ce4d5ba440e,F10,F,DISGUST,1,S8,T2,
3437,subesco,F_10_FAHMEE_S_8_DISGUST_3.wav,367660,075679f30bef2db0008588ea8475812417d386d9e6ffe3044bc347feb7aea8f6,F10,F,DISGUST,1,S8,T3,
3438,subesco,F_10_FAHMEE_S_8_DISGUST_4.wav,350252,490d974a8207a333c8cb790154a3e1ea75adfa4f9eed03aea281b87d8a68e8ad,F10,F,DISGUST,1,S8,T4,
3439,subesco,F_10_FAHMEE_S_8_DISGUST_5.wav,356396,56e227e98c83786e05db4d2b57f106f8f1ea00769f723031cd573163645cbda4,F10,F,DISGUST,1,S8,T5,
3440,subesco,F_10_FAHMEE_S_8_FEAR_1.wav,362538,b62d84d1018444e194153c77b5620579bf0c0241c8e22fda4f67b16ea853726f,F10,F,FEAR,2,S8,T1,
3441,subesco,F_10_FAHMEE_S_8_FEAR_2.wav,349228,7d42308c24c345bf2be330dfac3e38d38282e377c488e9f259f742ee1a7d6203,F10,F,FEAR,2,S8,T2,
3442,subesco,F_10_FAHMEE_S_8_FEAR_3.wav,344108,ec7d7c8863543078f0c848355f37531b6ee7ae257231b24782309a36a224dd6f,F10,F,FEAR,2,S8,T3,
3443,subesco,F_10_FAHMEE_S_8_FEAR_4.wav,329772,af8e26682f3d90261ac486439a872194f47a66a84db39e3aa79099e9e34b2603,F10,F,FEAR,2,S8,T4,
3444,subesco,F_10_FAHMEE_S_8_FEAR_5.wav,347180,b051cf4eb7246ba1c64aaeb44f1cead39dd79704972640bde397772cd195c68c,F10,F,FEAR,2,S8,T5,
3445,subesco,F_10_FAHMEE_S_8_HAPPY_1.wav,362540,1cdc5e36769ae6ab4ee9a144de7e628f338f036d863a35608508502a834c4627,F10,F,HAPPY,3,S8,T1,
3446,subesco,F_10_FAHMEE_S_8_HAPPY_2.wav,338988,f0962e7c1f735e727d9ab4cb744568ec3852e28f03ea705bc1565c539c8bca46,F10,F,HAPPY,3,S8,T2,
3447,subesco,F_10_FAHMEE_S_8_HAPPY_3.wav,357420,56dd9e8ad111a530eb089abd75c93907c38386f8aca089241b921bba7620bda8,F10,F,HAPPY,3,S8,T3,
3448,subesco,F_10_FAHMEE_S_8_HAPPY_4.wav,384042,4af909cdaf6c557470e97ec3316589fe2a0afb7147b6e32d67892837d775d170,F10,F,HAPPY,3,S8,T4,
3449,subesco,F_10_FAHMEE_S_8_HAPPY_5.wav,407596,c1dc859957dd7202f965da17d7eb7a5a2f0003ef679f39224fc23d3ca579ac53,F10,F,HAPPY,3,S8,T5,
3450,subesco,F_10_FAHMEE_S_8_NEUTRAL_1.wav,366636,8b49444e7a0b429cea36806d09d521249f8c3dde6a5b9e7e769eb5adccf66c8c,F10,F,NEUTRAL,4,S8,T1,
3451,subesco,F_10_FAHMEE_S_8_NEUTRAL_2.wav,369706,a17dcd09a6f8bd3175b6057e8037dda12fbfcbf1b6f35ee9276b6406301a947b,F10,F,NEUTRAL,4,S8,T2,
3452,subesco,F_10_FAHMEE_S_8_NEUTRAL_3.wav,368684,86e03e2b433443c175d19f1f8e787c1ca608a1c06027c9859cfa560c290aa454,F10,F,NEUTRAL,4,S8,T3,
3453,subesco,F_10_FAHMEE_S_8_NEUTRAL_4.wav,353326,cff2fde1d902d0f446ff114c94f7255501bfaec8be05254c72e4ea5f5fb71557,F10,F,NEUTRAL,4,S8,T4,
3454,subesco,F_10_FAHMEE_S_8_NEUTRAL_5.wav,364588,12d1d84ea69a22b498fa7e63c00b0e273d19e64f4651e26f4872d41bc94d10c3,F10,F,NEUTRAL,4,S8,T5,
3455,subesco,F_10_FAHMEE_S_8_SAD_1.wav,367660,93ad39e3536ce6178346029713b81dfcb9331125fe5701feb7b433dc15e2eaf2,F10,F,SAD,5,S8,T1,
3456,subesco,F_10_FAHMEE_S_8_SAD_2.wav,354348,dad012b5ef4be3dcb1d8b438e75c26bb595e594580fed62173d60dd42b05980f,F10,F,SAD,5,S8,T2,
3457,subesco,F_10_FAHMEE_S_8_SAD_3.wav,361516,43abfcaa99554367dfb11c71748ce8c6416f955ff1b6b00c191d728fbe0dfa44,F10,F,SAD,5,S8,T3,
3458,subesco,F_10_FAHMEE_S_8_SAD_4.wav,353326,cf7c4d0422b94596cfcfdf11085efc1901ddcbd35c2368cc81189981edf9f89e,F10,F,SAD,5,S8,T4,
3459,subesco,F_10_FAHMEE_S_8_SAD_5.wav,365612,7a3c707405cdacdf1d5a6c662d5334f694f693c95a7c74829810c99b7c86f6b0,F10,F,SAD,5,S8,T5,
3460,subesco,F_10_FAHMEE_S_8_SURPRISE_1.wav,376874,03c0f81ab81cd02a56708b15a55fe33bf6bd16222e2a9bf2e988f7050ac09549,F10,F,SURPRISE,6,S8,T1,
3461,subesco,F_10_FAHMEE_S_8_SURPRISE_2.wav,353324,2cdaaddd80eb5a400df827c27ed0f7ebbdaac7168cfbc6cd6e168d26fd135641,F10,F,SURPRISE,6,S8,T2,
3462,subesco,F_10_FAHMEE_S_8_SURPRISE_3.wav,343086,81e5ac7b0efdbfdd518d3ca45dc7ca39e30cbc98b257c30ca7c6a94c705cf8e6,F10,F,SURPRISE,6,S8,T3,
3463,subesco,F_10_FAHMEE_S_8_SURPRISE_4.wav,360492,d217c8d2fd43dadb968ed964b5c2882cf8447f5ac7d021c053218ef090f2f158,F10,F,SURPRISE,6,S8,T4,
3464,subesco,F_10_FAHMEE_S_8_SURPRISE_5.wav,354348,337e412a8c569b5b95712b1569708bdefe5692d584327e6ea4a6313440c4549c,F10,F,SURPRISE,6,S8,T5,
3465,subesco,F_10_FAHMEE_S_9_ANGRY_1.wav,345132,0262c833fc09b42db6d09acb4e3ab6fbc686d7fe96f32461be80fc91b27857e8,F10,F,ANGRY,0,S9,T1,
3466,subesco,F_10_FAHMEE_S_9_ANGRY_2.wav,362538,4c24ce6616a86fb356a62dccedf81b6babf2dde83bd97ad4f630ee0a73452148,F10,F,ANGRY,0,S9,T2,
3467,subesco,F_10_FAHMEE_S_9_ANGRY_3.wav,352300,c40cdd9f644607ab70d68b8db9ad70d19135ac24cc1e3f5a949edff874505fa3,F10,F,ANGRY,0,S9,T3,
3468,subesco,F_10_FAHMEE_S_9_ANGRY_4.wav,340010,483f0017900ed47e70afd8d71155159c173c00838051ad61b91f72fadc1bca57,F10,F,ANGRY,0,S9,T4,
3469,subesco,F_10_FAHMEE_S_9_ANGRY_5.wav,347178,eb04b4a4b24263acc4b35d4740f2f9d5e9506c9ae30fdfae2257869f5bcf15f1,F10,F,ANGRY,0,S9,T5,
3470,subesco,F_10_FAHMEE_S_9_DISGUST_1.wav,349228,9d943cda3f2a164ea23beab6304d3204ea0603714a963b91f70cd0bf866e9bb8,F10,F,DISGUST,1,S9,T1,
3471,subesco,F_10_FAHMEE_S_9_DISGUST_2.wav,355372,83ee39f5a130555b0abbf325d82ee22cb97764c0c8f3ac3a9e5aa3252436c81f,F10,F,DISGUST,1,S9,T2,
3472,subesco,F_10_FAHMEE_S_9_DISGUST_3.wav,355372,063a1cfd34dda750b212d4f681dfd195689ad6afb7a81331abb1b4824710d234,F10,F,DISGUST,1,S9,T3,
3473,subesco,F_10_FAHMEE_S_9_DISGUST_4.wav,370732,b054b8fb1b16c8d071fd408793f241311caa6c24b4b71146990fb0b9ea21fa1c,F10,F,DISGUST,1,S9,T4,
3474,subesco,F_10_FAHMEE_S_9_DISGUST_5.wav,370732,83acc35895dd251cd0bb3a10e5129ffbe1abd3bd6f8e86f1891a0940df96053c,F10,F,DISGUST,1,S9,T5,
3475,subesco,F_10_FAHMEE_S_9_FEAR_1.wav,372780,b3bec0254362e6480949bc279d91fb19022cf442fc4501a638fa2acb37cf6802,F10,F,FEAR,2,S9,T1,
3476,subesco,F_10_FAHMEE_S_9_FEAR_2.wav,357422,f4354637bd38f19e169387a805c9264e27aa928fc8203de1d5446584bb971bf9,F10,F,FEAR,2,S9,T2,
3477,subesco,F_10_FAHMEE_S_9_FEAR_3.wav,354348,196f5b01ba02571e9798d9a25b690b29a766f40e06005cd8e469c8a7b1e41602,F10,F,FEAR,2,S9,T3,
3478,subesco,F_10_FAHMEE_S_9_FEAR_4.wav,341034,6f76f1ae4c1201ab14a23743d533860240a78b8712f69c11370ffccd196b6427,F10,F,FEAR,2,S9,T4,
3479,subesco,F_10_FAHMEE_S_9_FEAR_5.wav,355370,285c7aaf09b5faa1fb378d824ea9e69bd5ba1fa58951b136de28c8822de79eeb,F10,F,FEAR,2,S9,T5,
3480,subesco,F_10_FAHMEE_S_9_HAPPY_1.wav,366636,75eddf5696e70de04be8763e0147b4db099efe62261143f2091b603f01cf9f3a,F10,F,HAPPY,3,S9,T1,
3481,subesco,F_10_FAHMEE_S_9_HAPPY_2.wav,355372,609d746d79c7999d4d6a689ccd0fc0533dd1b16fb2c8541fe0a09df5c1fd763d,F10,F,HAPPY,3,S9,T2,
3482,subesco,F_10_FAHMEE_S_9_HAPPY_3.wav,365612,ec8a0297e7fae032d2e6ab10f0afe479fa6057016df3470d621e50e7a53ad1a2,F10,F,HAPPY,3,S9,T3,
3483,subesco,F_10_FAHMEE_S_9_HAPPY_4.wav,368684,670417c59e94c35e2fa53bea1de87dd6e37125937db7e8c0b5555ec4a6fcd835,F10,F,HAPPY,3,S9,T4,
3484,subesco,F_10_FAHMEE_S_9_HAPPY_5.wav,371758,b93f56a6ef11cb67a6f08e3f7102a6bf5a5c3bd602f6ca8ff659fe788fdcbafa,F10,F,HAPPY,3,S9,T5,
3485,subesco,F_10_FAHMEE_S_9_NEUTRAL_1.wav,358442,ae0d0c74518b7b9760c8b17f3e72e4ff2b5c7119529705970a71e8802988a70c,F10,F,NEUTRAL,4,S9,T1,
3486,subesco,F_10_FAHMEE_S_9_NEUTRAL_2.wav,347178,e004cbfbc904bb8e98e12d7ff1edc49ec42536dd1b1477ec166a14d2a91ba538,F10,F,NEUTRAL,4,S9,T2,
3487,subesco,F_10_FAHMEE_S_9_NEUTRAL_3.wav,367660,d35c49e0ccbee47076afa9d3601422a76ff568c88c633d4df31549677a5c3fb0,F10,F,NEUTRAL,4,S9,T3,
3488,subesco,F_10_FAHMEE_S_9_NEUTRAL_4.wav,359468,72c47b5d9baf20705dce9295a409699622c8b1294924b76e87bd9cd41cbdfc94,F10,F,NEUTRAL,4,S9,T4,
3489,subesco,F_10_FAHMEE_S_9_NEUTRAL_5.wav,353324,6e3c63a49b12cd8c5a814e480df6e6f337330e41cdae0eb7e11b7d48b14671af,F10,F,NEUTRAL,4,S9,T5,
3490,subesco,F_10_FAHMEE_S_9_SAD_1.wav,364590,3606c412c8736bd473f391ac848b88de68a42bcd0a8f81a8d43f1de2063ef16a,F10,F,SAD,5,S9,T1,
3491,subesco,F_10_FAHMEE_S_9_SAD_2.wav,343086,749cb8a20c3833f1c9bbd51d195b17d89ce4ed4f9f767f99e3fe1c01d5e683d5,F10,F,SAD,5,S9,T2,
3492,subesco,F_10_FAHMEE_S_9_SAD_3.wav,369708,c3d0a9cdc3b9e952d75092cc90d6ca752024a1b5fb2f8ea5ee7ec125e27c03b8,F10,F,SAD,5,S9,T3,
3493,subesco,F_10_FAHMEE_S_9_SAD_4.wav,362538,8aea98b9777d498f21a22ad8589d027f1f25e073857fb7a8b7ae1ca582e45447,F10,F,SAD,5,S9,T4,
3494,subesco,F_10_FAHMEE_S_9_SAD_5.wav,355372,7b9822fbf4a70cc29b8d1c69ed300273e49f4b4809c6be4c90227f48feb2f132,F10,F,SAD,5,S9,T5,
3495,subesco,F_10_FAHMEE_S_9_SURPRISE_1.wav,351276,955510fdc33bd1110a43a54191132c492094b42a84ad0adbe3fa6cb1e0f37346,F10,F,SURPRISE,6,S9,T1,
3496,subesco,F_10_FAHMEE_S_9_SURPRISE_2.wav,364588,ad7567e2077d6e6f30f801f1e1dc8a214ba7268ad6190fe5eecc545a8f89c328,F10,F,SURPRISE,6,S9,T2,
3497,subesco,F_10_FAHMEE_S_9_SURPRISE_3.wav,354348,a362d893c8e5a478230e5237c1482911006659ce0b970f9217c7cb2332984772,F10,F,SURPRISE,6,S9,T3,
3498,subesco,F_10_FAHMEE_S_9_SURPRISE_4.wav,359468,292eaddd9098fac7a0b8535b86fb1825933f0c0d542f62200a620d03ee875d99,F10,F,SURPRISE,6,S9,T4,
3499,subesco,F_10_FAHMEE_S_9_SURPRISE_5.wav,352300,c8f6a1ae365f02d66fd1af4f224ac74edcde9fb689f1dce43e84c362e4cd039c,F10,F,SURPRISE,6,S9,T5,
3500,subesco,M_01_BASHIR_S_10_ANGRY_1.wav,354348,eed9313b9efb83875de6113a32bfdab04d63b4494d08c16b4a0241db96cdfd2a,M01,M,ANGRY,0,S10,T1,
3501,subesco,M_01_BASHIR_S_10_ANGRY_2.wav,354348,83176648e3d9a6f90e09d25ba0ff81039ba2b4337417aff0853fc5431714a4cd,M01,M,ANGRY,0,S10,T2,
3502,subesco,M_01_BASHIR_S_10_ANGRY_3.wav,354348,562e34cf5818ddcff40ae29a85bc3cf8e13468b345afa9f76835266e8cb623a3,M01,M,ANGRY,0,S10,T3,
3503,subesco,M_01_BASHIR_S_10_ANGRY_4.wav,354348,ff46e94393cce62c5fd7ccf8d39812b5da482cfd2baf6baf88c960f477ce95a7,M01,M,ANGRY,0,S10,T4,
3504,subesco,M_01_BASHIR_S_10_ANGRY_5.wav,354348,d00e69e7326b520b32a5280bd9f9ca67eab81f91230ef87d59e28f8e5818e0fe,M01,M,ANGRY,0,S10,T5,
3505,subesco,M_01_BASHIR_S_10_DISGUST_1.wav,354348,ad4975f24ebe6cfb278ece45237d20e8d3732c87315c96675c6783bb98c2ad31,M01,M,DISGUST,1,S10,T1,
3506,subesco,M_01_BASHIR_S_10_DISGUST_2.wav,354348,8c3aa0f7f5bb1a3080aec9a04ddfd82b9956d9e984dffd19bb7e2adcd71489dd,M01,M,DISGUST,1,S10,T2,
3507,subesco,M_01_BASHIR_S_10_DISGUST_3.wav,354348,92a73767d144c74c85c96302d3743f7826333665662f35c86e32dca55be66d45,M01,M,DISGUST,1,S10,T3,
3508,subesco,M_01_BASHIR_S_10_DISGUST_4.wav,354348,138d488994a641e2b0581e4210fca192fb222cb5962bbbbec5c9f3a4f9372897,M01,M,DISGUST,1,S10,T4,
3509,subesco,M_01_BASHIR_S_10_DISGUST_5.wav,354348,0e6edc105b5f84191e86da0a2bfbc8d9e7e379a4cfda41fe710311354f6c92b7,M01,M,DISGUST,1,S10,T5,
3510,subesco,M_01_BASHIR_S_10_FEAR_1.wav,354348,086eea9e6e2c827991305b540790c90ae30f3803e0640046a724a2dd2efc9bdd,M01,M,FEAR,2,S10,T1,
3511,subesco,M_01_BASHIR_S_10_FEAR_2.wav,354348,243f5e4b22c0782dccfa159e5a4e68da17d80435ad8e57900ce820b0b1bcd83b,M01,M,FEAR,2,S10,T2,
3512,subesco,M_01_BASHIR_S_10_FEAR_3.wav,353324,3264c20ed8ca7cfdd13f69d9fc6740725612fe89d66911586a303c07c0a1269a,M01,M,FEAR,2,S10,T3,
3513,subesco,M_01_BASHIR_S_10_FEAR_4.wav,354348,404ff64cb358d08095b29df861622f671e896e8f2906186af789f7b386a23676,M01,M,FEAR,2,S10,T4,
3514,subesco,M_01_BASHIR_S_10_FEAR_5.wav,354348,f933e2f393e43224a84bbc6d60a766b4a0eaef504404cceb36405ad7dda83edf,M01,M,FEAR,2,S10,T5,
3515,subesco,M_01_BASHIR_S_10_HAPPY_1.wav,354348,4b9f9a9f0d6b221b5b5aa8f1f7179e24ae1cd4f82cec7cc22741262208833081,M01,M,HAPPY,3,S10,T1,
3516,subesco,M_01_BASHIR_S_10_HAPPY_2.wav,354348,c47b7ae2a9d4e706b033400310d98c4b81e139e971b7d237c22305a547abc4a9,M01,M,HAPPY,3,S10,T2,
3517,subesco,M_01_BASHIR_S_10_HAPPY_3.wav,354348,608e3a8baefddbe5135fe44dc5c4292f44a028fb7a099b8f91b5bfd54c998462,M01,M,HAPPY,3,S10,T3,
3518,subesco,M_01_BASHIR_S_10_HAPPY_4.wav,357422,ed2bb60b370c4bdcfdf0841ce0a2c7b66c47061f90768815269792ec8eb3837c,M01,M,HAPPY,3,S10,T4,
3519,subesco,M_01_BASHIR_S_10_HAPPY_5.wav,352300,5a1bbedd5c62e6879a3e750fb320267ec970f142c60de8e80234f6bcb3dd05b9,M01,M,HAPPY,3,S10,T5,
3520,subesco,M_01_BASHIR_S_10_NEUTRAL_1.wav,354348,edbcd1ce8be8e4cc74750e67fac171afd1ed4c57dc5c40d70b18ed0d5aa1c60b,M01,M,NEUTRAL,4,S10,T1,
3521,subesco,M_01_BASHIR_S_10_NEUTRAL_2.wav,353324,c4e43765286f461f8ed95d3690436ad3fdeb8d9049c5e47f7c3372fe93eb5598,M01,M,NEUTRAL,4,S10,T2,
3522,subesco,M_01_BASHIR_S_10_NEUTRAL_3.wav,352300,efe079e98f2304675bb325757ecce59409412ea257c2e52782b0989edfda30e8,M01,M,NEUTRAL,4,S10,T3,
3523,subesco,M_01_BASHIR_S_10_NEUTRAL_4.wav,353324,ac999b3ac72875c227bf6fda33bdb87e250c9398ff89ef2d528feb5a21cb1b5a,M01,M,NEUTRAL,4,S10,T4,
3524,subesco,M_01_BASHIR_S_10_NEUTRAL_5.wav,353324,b0f3abc7db192662e09a5cdc16f45eeea4353e1cb038664f8171f94ec110522d,M01,M,NEUTRAL,4,S10,T5,
3525,subesco,M_01_BASHIR_S_10_SAD_1.wav,354348,e196aa09d52a29e7872609974aaa8fae5a2f0c4dcf10f937a3adadb8caabd5cb,M01,M,SAD,5,S10,T1,
3526,subesco,M_01_BASHIR_S_10_SAD_2.wav,354348,4e325f64dbd54df78a11ad7ac041c9398200472f4c11599501191a3f33a9312d,M01,M,SAD,5,S10,T2,
3527,subesco,M_01_BASHIR_S_10_SAD_3.wav,354348,9727457ebb2a02f2890af94c1b6760c45e470c3549e6350a1efe9a571bbad350,M01,M,SAD,5,S10,T3,
3528,subesco,M_01_BASHIR_S_10_SAD_4.wav,353324,3e7a1979eb69d91c6d7f07d2a00fddd5d3bd505e09e0ca7e8516212d278c6dfe,M01,M,SAD,5,S10,T4,
3529,subesco,M_01_BASHIR_S_10_SAD_5.wav,354348,7ad1c4c14a7798c94b8118c666f3dfb25c48a9b5b88d25e97cae92cc5c7cf045,M01,M,SAD,5,S10,T5,
3530,subesco,M_01_BASHIR_S_10_SURPRISE_1.wav,354348,cf095d8ae65718a252a13acb6c459db21ea67b8e413f992c25fdd85027e994e7,M01,M,SURPRISE,6,S10,T1,
3531,subesco,M_01_BASHIR_S_10_SURPRISE_2.wav,354348,fc96399cdd4f95df17a162df6d085128d220e0f855e85c39e3084959a5d05f61,M01,M,SURPRISE,6,S10,T2,
3532,subesco,M_01_BASHIR_S_10_SURPRISE_3.wav,353324,0b88f411b15affc2da640178f458a4ae2bf22630a1a6f6293fc3700f1b34deba,M01,M,SURPRISE,6,S10,T3,
3533,subesco,M_01_BASHIR_S_10_SURPRISE_4.wav,354348,d8754e02f111edbcd8e41636c454a7dc30d12e464f882e400821ba08b1111c14,M01,M,SURPRISE,6,S10,T4,
3534,subesco,M_01_BASHIR_S_10_SURPRISE_5.wav,354348,4272d21a4b584bef48b7c67703fdc1bac0b45a28859287bbedb6d9e3b11e3fa1,M01,M,SURPRISE,6,S10,T5,
3535,subesco,M_01_BASHIR_S_1_ANGRY_1.wav,354348,ed57e5d38679f9514148f02b27542f32d242fd8dec376274deb6550e18553257,M01,M,ANGRY,0,S1,T1,
3536,subesco,M_01_BASHIR_S_1_ANGRY_2.wav,354348,b678cb53978ef833485044a906d986a4c79d1b8472616e775d33b5d1e57beb9a,M01,M,ANGRY,0,S1,T2,
3537,subesco,M_01_BASHIR_S_1_ANGRY_3.wav,353324,d05d75d04c92b46ff510251b1196c8af139c888f7ce04aa5d1c41ef5d9559286,M01,M,ANGRY,0,S1,T3,
3538,subesco,M_01_BASHIR_S_1_ANGRY_4.wav,353324,9a21edcf4350d14a1c0fc2b6c0d83b209c782ff3e6c9b00df661e83a792229fc,M01,M,ANGRY,0,S1,T4,
3539,subesco,M_01_BASHIR_S_1_ANGRY_5.wav,353324,383f43d5ea1fcf4a6b5515e6b4b23cf3e26b8a2dce5ee2090b37991f12ab924c,M01,M,ANGRY,0,S1,T5,
3540,subesco,M_01_BASHIR_S_1_DISGUST_1.wav,353324,f711ec66e617b3b4e496c29db69486ab1915c1116213d2c2ac54e7d23ed17a64,M01,M,DISGUST,1,S1,T1,
3541,subesco,M_01_BASHIR_S_1_DISGUST_2.wav,354348,91cc724a614ade45f94c9d781e9163e95715495cc0635fb5ef93d420afc6b952,M01,M,DISGUST,1,S1,T2,
3542,subesco,M_01_BASHIR_S_1_DISGUST_3.wav,353324,a74ee858cd8e7ec0b12deb13f54e4e66d5b28976639387d01661fbe208aaa3a2,M01,M,DISGUST,1,S1,T3,
3543,subesco,M_01_BASHIR_S_1_DISGUST_4.wav,354348,5c87e5b5e7e15708dd9b143d1ac964599da2228ab1edcb042bda92c5b3902ac1,M01,M,DISGUST,1,S1,T4,
3544,subesco,M_01_BASHIR_S_1_DISGUST_5.wav,354348,3090e99e1b66a43b21d67bd5cd27da4078d6d71555c7886cce9ffb78fedc907e,M01,M,DISGUST,1,S1,T5,
3545,subesco,M_01_BASHIR_S_1_FEAR_1.wav,354348,ead163e0086f746965e5a93c9deba0ae962e1c6ab39cc18b4bd1b38584d1ad2d,M01,M,FEAR,2,S1,T1,
3546,subesco,M_01_BASHIR_S_1_FEAR_2.wav,352300,8b73df6c442ad13433c0991c7e6b8e46bc00f4476289e28111a8f32a69d495ac,M01,M,FEAR,2,S1,T2,
3547,subesco,M_01_BASHIR_S_1_FEAR_3.wav,353324,8b856b842d5459134705244571a8b91648fd286259c12949de929c512b491489,M01,M,FEAR,2,S1,T3,
3548,subesco,M_01_BASHIR_S_1_FEAR_4.wav,353324,936b32e7727ddb740888067e32f57932c25c3f789c0569d2bf3c566cf9b8b904,M01,M,FEAR,2,S1,T4,
3549,subesco,M_01_BASHIR_S_1_FEAR_5.wav,354348,a0c1e2ad23d3d745c119aaf9f169d647142066d57474cc15193d27c11ae967c0,M01,M,FEAR,2,S1,T5,
3550,subesco,M_01_BASHIR_S_1_HAPPY_1.wav,354348,e7c8e90116a63ae864c5a56dd15c79510b1d8f38b9fdaf5da15b904c7287975d,M01,M,HAPPY,3,S1,T1,
3551,subesco,M_01_BASHIR_S_1_HAPPY_2.wav,353324,53b2b088af0528a171b0e5271fc387a92adf38579ff7403cbea05514000a67e0,M01,M,HAPPY,3,S1,T2,
3552,subesco,M_01_BASHIR_S_1_HAPPY_3.wav,353324,aaf9c512696d429b0ab653528721b3ac2decfbdc4f39210993dfb2f9c3ad580d,M01,M,HAPPY,3,S1,T3,
3553,subesco,M_01_BASHIR_S_1_HAPPY_4.wav,353324,ec75dc355dfb91d1f55d2c4d1f0c7946d8297a81070d0e4d21603055314bde37,M01,M,HAPPY,3,S1,T4,
3554,subesco,M_01_BASHIR_S_1_HAPPY_5.wav,353324,1585334afd662f865dbd71a101367b67a91e81ac3aa2e0f17f3edb93369de98e,M01,M,HAPPY,3,S1,T5,
3555,subesco,M_01_BASHIR_S_1_NEUTRAL_1.wav,354348,ff9053756ce88ead1905e5c87e3e00b610bae6723cf84224bf4520ef0697bbda,M01,M,NEUTRAL,4,S1,T1,
3556,subesco,M_01_BASHIR_S_1_NEUTRAL_2.wav,356398,055ccb4e45e0678af54c5d153925dc302efd6c27d36c8dc5f0072179020bbb44,M01,M,NEUTRAL,4,S1,T2,
3557,subesco,M_01_BASHIR_S_1_NEUTRAL_3.wav,354348,c7afe77b7d4465b23c840c250be4a346730d5bee2a81f64a3dddb1371d9f9de8,M01,M,NEUTRAL,4,S1,T3,
3558,subesco,M_01_BASHIR_S_1_NEUTRAL_4.wav,354348,7c618d6e0e6955d1c6a778a1b558a68b67f422cfa3d71b318be9df740678fe06,M01,M,NEUTRAL,4,S1,T4,
3559,subesco,M_01_BASHIR_S_1_NEUTRAL_5.wav,352300,5bad4a9723bd435fe67868b0e881e6f33341df216929843448d6694f57d07181,M01,M,NEUTRAL,4,S1,T5,
3560,subesco,M_01_BASHIR_S_1_SAD_1.wav,368686,440520ce4ce6f5a346d2d0cf5ffe6b200a362d7e951c99afd0e23e2f2b4d2156,M01,M,SAD,5,S1,T1,
3561,subesco,M_01_BASHIR_S_1_SAD_2.wav,353324,021f242efda7b9e53940ac9f62ffd91a8e086dfc43216731ca9636214d3627af,M01,M,SAD,5,S1,T2,
3562,subesco,M_01_BASHIR_S_1_SAD_3.wav,353324,09571f1859983d3f45ce0d2359e71c7539cbef2f2566082be1c4ea0f65782b47,M01,M,SAD,5,S1,T3,
3563,subesco,M_01_BASHIR_S_1_SAD_4.wav,354348,3f9cff69d92927a3babac1f80096524b2b46446fb330a9c2ba41dd0bee3b6def,M01,M,SAD,5,S1,T4,
3564,subesco,M_01_BASHIR_S_1_SAD_5.wav,354348,93329c31ee216beab9a544a769e72f24ac77adda66d5db5b41b25fbdf6db998e,M01,M,SAD,5,S1,T5,
3565,subesco,M_01_BASHIR_S_1_SURPRISE_1.wav,353324,2bf6d2297fea998174ac21e0df2660ad33ce6bcd5bf0a570c37d4ad6c5e9b800,M01,M,SURPRISE,6,S1,T1,
3566,subesco,M_01_BASHIR_S_1_SURPRISE_2.wav,353324,2b90b27499d511abf25982fade5d9f1f67806752de2937112f62c4858e16bd68,M01,M,SURPRISE,6,S1,T2,
3567,subesco,M_01_BASHIR_S_1_SURPRISE_3.wav,353324,b905888322b5daefe7610d23baf29297dbd157dc8bc5d1af36ba9253c27acfdc,M01,M,SURPRISE,6,S1,T3,
3568,subesco,M_01_BASHIR_S_1_SURPRISE_4.wav,352300,04679ae71d3c10a0d91634e0407135a2fae3c44f5f7af3a4f6c50a18a9ca2d0b,M01,M,SURPRISE,6,S1,T4,
3569,subesco,M_01_BASHIR_S_1_SURPRISE_5.wav,354348,4a0bc13fa3cc97144f6854700e5e1c25e9b4faf4dc256200958f4a0e7f262583,M01,M,SURPRISE,6,S1,T5,
3570,subesco,M_01_BASHIR_S_2_ANGRY_1.wav,354348,53c89577be82d6e2fbe1d8cebc8135fed22089770fa3f1850d6d2a313b2aebeb,M01,M,ANGRY,0,S2,T1,
3571,subesco,M_01_BASHIR_S_2_ANGRY_2.wav,353324,b5b038f4e01a25f9d72d884cef9c533a5e64569ad1afc3f511e9dc77a45e9d7a,M01,M,ANGRY,0,S2,T2,
3572,subesco,M_01_BASHIR_S_2_ANGRY_3.wav,354348,589d700bd51ee202902ff31c5809564a868ada9bbc3675b73c7dc37192a473f3,M01,M,ANGRY,0,S2,T3,
3573,subesco,M_01_BASHIR_S_2_ANGRY_4.wav,355372,96c6ec87edc614d4536851739cb71e461eeef96ca64469bb49173fb0b7a524a8,M01,M,ANGRY,0,S2,T4,
3574,subesco,M_01_BASHIR_S_2_ANGRY_5.wav,352300,1e019dd24a771e26252f80f8fd39ae4e6cdb6a5cd3d4fe5d334eddff8f32f548,M01,M,ANGRY,0,S2,T5,
3575,subesco,M_01_BASHIR_S_2_DISGUST_1.wav,353324,36aef836ade0827bd7a3ba57fb802c04fef474a67be7df538ee622c5855c859b,M01,M,DISGUST,1,S2,T1,
3576,subesco,M_01_BASHIR_S_2_DISGUST_2.wav,354348,d10ae5f94b350e410d5dba151101bd2405663d7859f5091f070ca6e970a6136d,M01,M,DISGUST,1,S2,T2,
3577,subesco,M_01_BASHIR_S_2_DISGUST_3.wav,354348,91e38de07c5657519dda076e73ec33dece0e675c24e46ea56c7921cd53cb390c,M01,M,DISGUST,1,S2,T3,
3578,subesco,M_01_BASHIR_S_2_DISGUST_4.wav,353324,4b62418048302f73005fa231657609b13ec237da75c6bf78157e6e315c362644,M01,M,DISGUST,1,S2,T4,
3579,subesco,M_01_BASHIR_S_2_DISGUST_5.wav,353324,8f9bbeb6284d167f1a6f018cbb99f616fd07e20d50f9a475fb0fef76628798c5,M01,M,DISGUST,1,S2,T5,
3580,subesco,M_01_BASHIR_S_2_FEAR_1.wav,352300,6b44a1da30478d383eec1211424a26d5deb8c1dea24d7572d8f4ddaf038d21d6,M01,M,FEAR,2,S2,T1,
3581,subesco,M_01_BASHIR_S_2_FEAR_2.wav,354348,50bb2a50686bab8c7c8b9206119a9902ea28f17e01702455093638ace51154d4,M01,M,FEAR,2,S2,T2,
3582,subesco,M_01_BASHIR_S_2_FEAR_3.wav,354348,cf46ed296f8b81d76469204774693d7115aa0082889a1d6467b7ae5f36a2083e,M01,M,FEAR,2,S2,T3,
3583,subesco,M_01_BASHIR_S_2_FEAR_4.wav,353324,3b75b8f9796eee77258c608b2351af2152644d190a1586b39b7944b21fa4b643,M01,M,FEAR,2,S2,T4,
3584,subesco,M_01_BASHIR_S_2_FEAR_5.wav,354348,58d11de75e9f1fa2b754457d142a0031023683839771d6cfd06bb2c0941a3d95,M01,M,FEAR,2,S2,T5,
3585,subesco,M_01_BASHIR_S_2_HAPPY_1.wav,353324,089e9c47b77146fcfd7a09ae5170924bcb1ba153efca95e5dce3596399955278,M01,M,HAPPY,3,S2,T1,
3586,subesco,M_01_BASHIR_S_2_HAPPY_2.wav,353324,a689326ac66c0a264a02cd741b2f5bd6847b827be2321d0c9914f3a842bc8f9b,M01,M,HAPPY,3,S2,T2,
3587,subesco,M_01_BASHIR_S_2_HAPPY_3.wav,354348,b57f099936edd4ab1fab274c5b9a3b6b74e57c981d9eb3631c6e084861fa0ad8,M01,M,HAPPY,3,S2,T3,
3588,subesco,M_01_BASHIR_S_2_HAPPY_4.wav,354348,06f3d7304e0cc168d7d556711206ff7bdd402ab9b8ee4722bde3c3cb259b2c4f,M01,M,HAPPY,3,S2,T4,
3589,subesco,M_01_BASHIR_S_2_HAPPY_5.wav,354348,892296c0e0b05379d9fb96efdb6103fb5a8e9e93aeab48d65f59316e6be67e5c,M01,M,HAPPY,3,S2,T5,
3590,subesco,M_01_BASHIR_S_2_NEUTRAL_1.wav,353324,c8557128fbc944c902aca069c34ebf2775b91d838ba789740962af1f7d19e2bc,M01,M,NEUTRAL,4,S2,T1,
3591,subesco,M_01_BASHIR_S_2_NEUTRAL_2.wav,354348,0f5b6a19008e3a22aef879cf96fd507e962cabba836e0d5c2c9c8c825918c9d0,M01,M,NEUTRAL,4,S2,T2,
3592,subesco,M_01_BASHIR_S_2_NEUTRAL_3.wav,353324,c89bc7d0998bb2db9b8a480234f69f139148c1fc466b8f0f46bb741c50d5f5b3,M01,M,NEUTRAL,4,S2,T3,
3593,subesco,M_01_BASHIR_S_2_NEUTRAL_4.wav,353324,ab10d028bf922d15ad1dbed6203e03b3af2b8785c6ab7e2b26f569500b14e9ab,M01,M,NEUTRAL,4,S2,T4,
3594,subesco,M_01_BASHIR_S_2_NEUTRAL_5.wav,353324,f5fe06c427de8fe1b7ceb2c8df872f7ed2ba61f9d75665ce46c7c31f174c0482,M01,M,NEUTRAL,4,S2,T5,
3595,subesco,M_01_BASHIR_S_2_SAD_1.wav,354348,694c544b171e1264adb891d0759b722560ce802a6e53558932113e975a5ec447,M01,M,SAD,5,S2,T1,
3596,subesco,M_01_BASHIR_S_2_SAD_2.wav,353324,d49f4a28f846f1901123072cb1784f73e34f6ee641abd606ec798a9e2f790748,M01,M,SAD,5,S2,T2,
3597,subesco,M_01_BASHIR_S_2_SAD_3.wav,353324,4a7e96cb75351eebf1ae55d0bc33b5673fcb3eb85f518dd695b42d47b574d0bf,M01,M,SAD,5,S2,T3,
3598,subesco,M_01_BASHIR_S_2_SAD_4.wav,353324,ed7ec08eba792f3a2b21cb339106c37d055ef774091f15fbdb1ad4a1b99d3bec,M01,M,SAD,5,S2,T4,
3599,subesco,M_01_BASHIR_S_2_SAD_5.wav,352300,d86e65983e2c831f4cf8594d709077a5bc0d49ac88d9697feb43f6afdf1ba707,M01,M,SAD,5,S2,T5,
3600,subesco,M_01_BASHIR_S_2_SURPRISE_1.wav,353324,ace5e2e671a9a7e2b5089f947472d5680c9f15ce2a6bd4c8aa4cd3637a14014c,M01,M,SURPRISE,6,S2,T1,
3601,subesco,M_01_BASHIR_S_2_SURPRISE_2.wav,354348,d0d4a8dc345601cd5e1c98223fe969bfe019838f97ab255466fd6dd4b4182aa2,M01,M,SURPRISE,6,S2,T2,
3602,subesco,M_01_BASHIR_S_2_SURPRISE_3.wav,354348,6b384a1f15d70a7e5c0fdb322a89f32f902aa6b3b0202a8cb599c1733b27a26c,M01,M,SURPRISE,6,S2,T3,
3603,subesco,M_01_BASHIR_S_2_SURPRISE_4.wav,353324,0d1a24b861a8751e7edac83765f2f93e7dd997bd7fb0ab6000f2ba43f473248a,M01,M,SURPRISE,6,S2,T4,
3604,subesco,M_01_BASHIR_S_2_SURPRISE_5.wav,352300,10ae7c8ce9f984d6de78d8b1b70fa8bbec805ee4401ee3b6199b297e4e65f1c1,M01,M,SURPRISE,6,S2,T5,
3605,subesco,M_01_BASHIR_S_3_ANGRY_1.wav,354348,948883372579f3040fd88a8b5ae59b673b8d396262afa441eefbeca3f480ea62,M01,M,ANGRY,0,S3,T1,
3606,subesco,M_01_BASHIR_S_3_ANGRY_2.wav,353324,5517cfc6e43a4551816c13e11e23b42267d779f11db1e67b4d2f4e60e51e0b3b,M01,M,ANGRY,0,S3,T2,
3607,subesco,M_01_BASHIR_S_3_ANGRY_3.wav,353324,f363a3ef96cd40e01afa173d86c5a12470df7146747f4e77f924bc81da383c67,M01,M,ANGRY,0,S3,T3,
3608,subesco,M_01_BASHIR_S_3_ANGRY_4.wav,354348,e68d5d85664e68686a3a16ecf68120e39c2f119854b6a530117f14a6438dca11,M01,M,ANGRY,0,S3,T4,
3609,subesco,M_01_BASHIR_S_3_ANGRY_5.wav,354348,d1c2c3cfe34d33d51111fe79b87bb1bd1c2d1610736ac81c45df8be61c665e8c,M01,M,ANGRY,0,S3,T5,
3610,subesco,M_01_BASHIR_S_3_DISGUST_1.wav,352300,20af6a792924a995fa76c7bdc5bb46ec1467cec9e701bfca1eff8640c0a34254,M01,M,DISGUST,1,S3,T1,
3611,subesco,M_01_BASHIR_S_3_DISGUST_2.wav,353324,320c9e3646cd71c823a6be0410a47aaaa3fc5f9e9a1cc9865e3d72bb64ffcf13,M01,M,DISGUST,1,S3,T2,
3612,subesco,M_01_BASHIR_S_3_DISGUST_3.wav,355372,ab324e823499f13edaca32bb12e8ac05f58566f39332449cecf720e29271e6be,M01,M,DISGUST,1,S3,T3,
3613,subesco,M_01_BASHIR_S_3_DISGUST_4.wav,353324,ccedb5512cb3c58092684350be6bb3c51b60e55e87e200ef4bc71d73d62b48dc,M01,M,DISGUST,1,S3,T4,
3614,subesco,M_01_BASHIR_S_3_DISGUST_5.wav,353324,791728bf92a53cbcce5f5bd5acae2425b2b077186505febd3f9648c91e44aaee,M01,M,DISGUST,1,S3,T5,
3615,subesco,M_01_BASHIR_S_3_FEAR_1.wav,353324,06e009e2158e7686e34013457d096df3f820be756da13919306aec9ee20653b7,M01,M,FEAR,2,S3,T1,
3616,subesco,M_01_BASHIR_S_3_FEAR_2.wav,353324,aaf4b29667365b0ab223b468054af1b589e363785e57fb3a1ae9dc74d7e2a774,M01,M,FEAR,2,S3,T2,
3617,subesco,M_01_BASHIR_S_3_FEAR_3.wav,354348,e5f3ca8fb252908a20011665b8972cbdb84366dfcbc4f65d16c8aaf29f48e528,M01,M,FEAR,2,S3,T3,
3618,subesco,M_01_BASHIR_S_3_FEAR_4.wav,354348,6bf27fe4960538ca88679f8a1cb97587a89ef588590a50e093c9fb39334a6a60,M01,M,FEAR,2,S3,T4,
3619,subesco,M_01_BASHIR_S_3_FEAR_5.wav,354348,02607eca5a87174a52979c8a91a02fec873eabc1eed4b203aba3f454c6029460,M01,M,FEAR,2,S3,T5,
3620,subesco,M_01_BASHIR_S_3_HAPPY_1.wav,354348,feb81cbce7d977471e8bdb208e85d2bad17103e505a2cc7b1d6b1dc6eaf03487,M01,M,HAPPY,3,S3,T1,
3621,subesco,M_01_BASHIR_S_3_HAPPY_2.wav,353324,36f107a8932bda257a3a04412d4eda86db032904b3c7f29edf2557b92b68ae5e,M01,M,HAPPY,3,S3,T2,
3622,subesco,M_01_BASHIR_S_3_HAPPY_3.wav,353324,09d1ac58cd87b2b84c5d02e2abbea594a588e5a89b7f3121af353388cd278d2f,M01,M,HAPPY,3,S3,T3,
3623,subesco,M_01_BASHIR_S_3_HAPPY_4.wav,354348,319c8344bf0ab233b058084ffd40f77f6862889c6142bdc0df24e037aebb33f0,M01,M,HAPPY,3,S3,T4,
3624,subesco,M_01_BASHIR_S_3_HAPPY_5.wav,354348,ec09ed38afe106fae929e469c47043bf53d926abc50249162b5bd6a2ba9d4b1d,M01,M,HAPPY,3,S3,T5,
3625,subesco,M_01_BASHIR_S_3_NEUTRAL_1.wav,355370,712563a2bf47a80bc2caf5615a56d73d84eed3f4529aeaa263e6b50974c51bd5,M01,M,NEUTRAL,4,S3,T1,
3626,subesco,M_01_BASHIR_S_3_NEUTRAL_2.wav,354348,c8562892a945b8725a4d6e6b44fbcf40d40aa928c2024b34d6fdf1d8d47a2e32,M01,M,NEUTRAL,4,S3,T2,
3627,subesco,M_01_BASHIR_S_3_NEUTRAL_3.wav,354348,b3c7f213f7e28d664e5cb8f686c20e444b40f0d65e4c8e67fca6a1674fa20f5a,M01,M,NEUTRAL,4,S3,T3,
3628,subesco,M_01_BASHIR_S_3_NEUTRAL_4.wav,354348,968d941ebe6af66056fecbc0cfe225738e641e45603005f819acb57f5de72b5f,M01,M,NEUTRAL,4,S3,T4,
3629,subesco,M_01_BASHIR_S_3_NEUTRAL_5.wav,353324,cd306dc18422eb1c50bb1c1f41c90ee9a7c7e10e51f09b33e2a935280f7871f3,M01,M,NEUTRAL,4,S3,T5,
3630,subesco,M_01_BASHIR_S_3_SAD_1.wav,355370,3aed9629fce69e024e16acae172e278d82916f1c5087aae89eefd983ad64a789,M01,M,SAD,5,S3,T1,
3631,subesco,M_01_BASHIR_S_3_SAD_2.wav,354348,7f5ab323ba7e9e7059310db99b0f789292c564a251f41e6cb41e10c772f58254,M01,M,SAD,5,S3,T2,
3632,subesco,M_01_BASHIR_S_3_SAD_3.wav,353324,154797fadcc38f8b32d35e1eb28017ae6bf98be894a41996d42cba5fd9c9655d,M01,M,SAD,5,S3,T3,
3633,subesco,M_01_BASHIR_S_3_SAD_4.wav,353324,9e31095134fbfbd6c29fd01451bd4c3b01f50b222384c32c2dd7c5c99a126a33,M01,M,SAD,5,S3,T4,
3634,subesco,M_01_BASHIR_S_3_SAD_5.wav,353324,316647973c3335dd503c4c501309077439a988e3d43773b6ce16e897e86b15e1,M01,M,SAD,5,S3,T5,
3635,subesco,M_01_BASHIR_S_3_SURPRISE_1.wav,355372,f8e31867b414b4c7c1153be167d13f5a8e7d48e141e7ee29e097a5f8513ea7b5,M01,M,SURPRISE,6,S3,T1,
3636,subesco,M_01_BASHIR_S_3_SURPRISE_2.wav,354348,1e0a21a9838badf13bbd13c584379d944a798fc0d12200181922c9e42d3696eb,M01,M,SURPRISE,6,S3,T2,
3637,subesco,M_01_BASHIR_S_3_SURPRISE_3.wav,353324,db2f932a06458c22e503318e4300541370f87c7fadd6fedef264f19782d21b15,M01,M,SURPRISE,6,S3,T3,
3638,subesco,M_01_BASHIR_S_3_SURPRISE_4.wav,353324,42719a82aeaeece0d73d3251bdc6622b8ad5faeed78332d0559ca29a7a58db91,M01,M,SURPRISE,6,S3,T4,
3639,subesco,M_01_BASHIR_S_3_SURPRISE_5.wav,354348,750d3b73dd2abada75616afdadccef188644efc8a6ca2e152aaa2f81d53f7b80,M01,M,SURPRISE,6,S3,T5,
3640,subesco,M_01_BASHIR_S_4_ANGRY_1.wav,354348,b2213c7312a448002f2b8091d54f956b2744fab87632fcf511b077970f1b1a48,M01,M,ANGRY,0,S4,T1,
3641,subesco,M_01_BASHIR_S_4_ANGRY_2.wav,354348,2e15a773cd2b3da9815d119aa6922d09011f78b643db41a8358d472e27a7daba,M01,M,ANGRY,0,S4,T2,
3642,subesco,M_01_BASHIR_S_4_ANGRY_3.wav,353324,f14a8f6422755631e37e8d117993ebfe7aef51ce45f9b477ae5a1399e7c6bb78,M01,M,ANGRY,0,S4,T3,
3643,subesco,M_01_BASHIR_S_4_ANGRY_4.wav,355372,adf7544bfdadb807587180c5eb92166399b91d2efcde776fc1ce2d718f37c910,M01,M,ANGRY,0,S4,T4,
3644,subesco,M_01_BASHIR_S_4_ANGRY_5.wav,352300,7cca2fb333787656b633297f7365a98d4114469f767edfd97e9deac30a0c9726,M01,M,ANGRY,0,S4,T5,
3645,subesco,M_01_BASHIR_S_4_DISGUST_1.wav,354348,4d76d1e1cdd2c2bfd4e7b640829b54186cfb8562b25ecc63c5852ade7e1f1bb2,M01,M,DISGUST,1,S4,T1,
3646,subesco,M_01_BASHIR_S_4_DISGUST_2.wav,352300,4cbce4bf5648e44d583b6fd5cfbe390873c07ff0901169b70fe87d9172977565,M01,M,DISGUST,1,S4,T2,
3647,subesco,M_01_BASHIR_S_4_DISGUST_3.wav,353324,563581cb1281743c78f73e4daf9c9e0b9dd240bfe4ef8080c84a9168c81dd127,M01,M,DISGUST,1,S4,T3,
3648,subesco,M_01_BASHIR_S_4_DISGUST_4.wav,352300,68a22859406a8bab5980638a6415404df4ad7b5ee21a33c41621d9ae88b0563d,M01,M,DISGUST,1,S4,T4,
3649,subesco,M_01_BASHIR_S_4_DISGUST_5.wav,354348,036bbb928a4507e0760c77e4ea53ab7e31760b25a4cb4adc9ffe7dda6a4a0499,M01,M,DISGUST,1,S4,T5,
3650,subesco,M_01_BASHIR_S_4_FEAR_1.wav,353324,b0c6e4c9a60ac97cbd829e818cd9c9141353783ee518830a38712dacd1b4e4f9,M01,M,FEAR,2,S4,T1,
3651,subesco,M_01_BASHIR_S_4_FEAR_2.wav,353324,00cda7c02388d9d61f0efb6fba7bbd300eaa197671f9cca24744049c1a996cc0,M01,M,FEAR,2,S4,T2,
3652,subesco,M_01_BASHIR_S_4_FEAR_3.wav,353324,728098523c1397846fc377afa6dd866eeb6571b2bf3aeb08aa4675d4a1afd92d,M01,M,FEAR,2,S4,T3,
3653,subesco,M_01_BASHIR_S_4_FEAR_4.wav,354348,75ed83f7ec66b04890410e7fc530eefcd0e339764c02500f425c443585204ade,M01,M,FEAR,2,S4,T4,
3654,subesco,M_01_BASHIR_S_4_FEAR_5.wav,353324,847177c8fc59d396a177ebf3cce03cbaacdc85bf9f3da8ae8e8e104a707c8f64,M01,M,FEAR,2,S4,T5,
3655,subesco,M_01_BASHIR_S_4_HAPPY_1.wav,354348,e08fb90fc0937e995deafb33ad5b6e801db3f8c75728c3e769cab8608dddb107,M01,M,HAPPY,3,S4,T1,
3656,subesco,M_01_BASHIR_S_4_HAPPY_2.wav,353324,43d229ebd3c9e76b564746ee4d1782a56973bdc0a7c03165503a17db63a69403,M01,M,HAPPY,3,S4,T2,
3657,subesco,M_01_BASHIR_S_4_HAPPY_3.wav,354348,cdf7df6f0bc25e31d45f583d41f9ac7897799fec08116b4ebd51e336e7379a5e,M01,M,HAPPY,3,S4,T3,
3658,subesco,M_01_BASHIR_S_4_HAPPY_4.wav,354348,917cfcfc24c0b665098b57ad46341e4d62344b0f2255b77fc29fae9c481bc1dc,M01,M,HAPPY,3,S4,T4,
3659,subesco,M_01_BASHIR_S_4_HAPPY_5.wav,353324,1bbe88802de78fcff41aba220a6eca8c1655cb85cdba982203026901d265c27e,M01,M,HAPPY,3,S4,T5,
3660,subesco,M_01_BASHIR_S_4_NEUTRAL_1.wav,354348,1ef392687b9ba369dfc049c61045c8d9183686fd4b433c7f3a7cc0b821ffc387,M01,M,NEUTRAL,4,S4,T1,
3661,subesco,M_01_BASHIR_S_4_NEUTRAL_2.wav,354348,9de73276e97d3d6f2ae0c0ee5a054528d454dacbf4e1892c5617f83ad163f2e6,M01,M,NEUTRAL,4,S4,T2,
3662,subesco,M_01_BASHIR_S_4_NEUTRAL_3.wav,354348,541899abd1eed31721c75aea77453de6e7491c3141b0fcd4c4b6643a5b80fd91,M01,M,NEUTRAL,4,S4,T3,
3663,subesco,M_01_BASHIR_S_4_NEUTRAL_4.wav,354348,14f822c30316f607f0ae512ed42d30fc7b213596ac8f4192d5c66fe65553467f,M01,M,NEUTRAL,4,S4,T4,
3664,subesco,M_01_BASHIR_S_4_NEUTRAL_5.wav,354348,3223034b5ae533c1abbfe8b073513a2a72a83e4d93c9a5c6eb76dbf2f7ae163c,M01,M,NEUTRAL,4,S4,T5,
3665,subesco,M_01_BASHIR_S_4_SAD_1.wav,353324,9f76f21994a2c43cd4ba112c1f0f5ace5a36ef574030c06070b3deacd6fa7562,M01,M,SAD,5,S4,T1,
3666,subesco,M_01_BASHIR_S_4_SAD_2.wav,354348,107774c60f6fc9a4964dd642b518e2d1b94fa5bdc3af143fc9ac2126a88a38c0,M01,M,SAD,5,S4,T2,
3667,subesco,M_01_BASHIR_S_4_SAD_3.wav,354348,ab0589ba999ed12148fc402cbb980f5e6176390ff9f0d6d6742cc48fe859fa50,M01,M,SAD,5,S4,T3,
3668,subesco,M_01_BASHIR_S_4_SAD_4.wav,355372,69272a96b48220627c3ddd3f9781a138d04a745f0f3d61e33205a47b0c15ab26,M01,M,SAD,5,S4,T4,
3669,subesco,M_01_BASHIR_S_4_SAD_5.wav,354348,0e549858fff5cdd7fe12b5b56302fd3b621571335ea68d72c367a1898f8896d8,M01,M,SAD,5,S4,T5,
3670,subesco,M_01_BASHIR_S_4_SURPRISE_1.wav,354348,70f3e0dba423196599c25f63c13f2489085968f7f3c74b02f6dbdb40bbd97cd8,M01,M,SURPRISE,6,S4,T1,
3671,subesco,M_01_BASHIR_S_4_SURPRISE_2.wav,353324,593f3cee36ec3908e9581e1cee4b2f18b7a72bbf89bfe525c963da3e196dca9b,M01,M,SURPRISE,6,S4,T2,
3672,subesco,M_01_BASHIR_S_4_SURPRISE_3.wav,353324,347e280eb9a5ffac2f02d232f6c5bcfc202de1f1e76d0452902211da30f080c3,M01,M,SURPRISE,6,S4,T3,
3673,subesco,M_01_BASHIR_S_4_SURPRISE_4.wav,353326,8c81d36422b62bda4b8b61c8f70cf1745a6f6e2f2e219ea0b1a7398bb71b6e90,M01,M,SURPRISE,6,S4,T4,
3674,subesco,M_01_BASHIR_S_4_SURPRISE_5.wav,354348,dcaf5524e02a71ae544ebd2c74f8e6a5d8d90c1608e5f9be1abe8a7c09d70dfa,M01,M,SURPRISE,6,S4,T5,
3675,subesco,M_01_BASHIR_S_5_ANGRY_1.wav,353324,983e575583e3066a1d948adf6deb1368ce0f4ef180aa9b46b250d68d7641a31c,M01,M,ANGRY,0,S5,T1,
3676,subesco,M_01_BASHIR_S_5_ANGRY_2.wav,354348,6f96ea2f755c1f09fad067d15fc84c02297db3672a506a2b9a083acec673f76b,M01,M,ANGRY,0,S5,T2,
3677,subesco,M_01_BASHIR_S_5_ANGRY_3.wav,706604,578e2e5c4283477a51aaea8ed556ddf01bd03605c210eae56867a849b412c70b,M01,M,ANGRY,0,S5,T3,
3678,subesco,M_01_BASHIR_S_5_ANGRY_4.wav,355372,df5641800b2e3aa47c7f207c9edc70f52ae753da9e33ba77f1a5eb58e5e4b8dc,M01,M,ANGRY,0,S5,T4,
3679,subesco,M_01_BASHIR_S_5_ANGRY_5.wav,353324,a2945646645e629d43a19391202a655eccca909e7a24ba7a36622ff5653f2468,M01,M,ANGRY,0,S5,T5,
3680,subesco,M_01_BASHIR_S_5_DISGUST_1.wav,352300,3a7943d1c7c73969cc7d4e96b190b40c6489b3c120b38d45acaf03f9034c8198,M01,M,DISGUST,1,S5,T1,
3681,subesco,M_01_BASHIR_S_5_DISGUST_2.wav,353324,fd2f9c2aa34a77ec2cd1466561c6408c6aac3cda77204445a4bc9fdf58eef305,M01,M,DISGUST,1,S5,T2,
3682,subesco,M_01_BASHIR_S_5_DISGUST_3.wav,354348,513a5ece9c2687873a9d5bc0e6626967b7545453c1c584599f76084af0d13c8c,M01,M,DISGUST,1,S5,T3,
3683,subesco,M_01_BASHIR_S_5_DISGUST_4.wav,354348,a5511fc10d31365d5806cd62136ee1576a6feff914e070c77ad83b5329726566,M01,M,DISGUST,1,S5,T4,
3684,subesco,M_01_BASHIR_S_5_DISGUST_5.wav,352300,cb2c7ee83a5cfbed557c508aa357da0a5a4944f5a69c141165814938724fb592,M01,M,DISGUST,1,S5,T5,
3685,subesco,M_01_BASHIR_S_5_FEAR_1.wav,352300,2bdbcec9d3626f5b3f9a49cb3fe46f032d8d83a87342de9db591d5b8941b963c,M01,M,FEAR,2,S5,T1,
3686,subesco,M_01_BASHIR_S_5_FEAR_2.wav,353324,2b317fe20bc18b59e526bf1628a193295ac2e144f8449d50ff423a1070509478,M01,M,FEAR,2,S5,T2,
3687,subesco,M_01_BASHIR_S_5_FEAR_3.wav,354348,01bb95b7f02205d1c832ad373cb467c326ac441ef3c1b409701f7f2373fd55a6,M01,M,FEAR,2,S5,T3,
3688,subesco,M_01_BASHIR_S_5_FEAR_4.wav,353324,75238e1fe5868094224466e88c176ec2e7b9e4e7ed89f6c71e45fab12f743db9,M01,M,FEAR,2,S5,T4,
3689,subesco,M_01_BASHIR_S_5_FEAR_5.wav,354348,042ca8048c769807ff931b6b4c8e1912da92067429d320ad9e71870bab0057a8,M01,M,FEAR,2,S5,T5,
3690,subesco,M_01_BASHIR_S_5_HAPPY_1.wav,354348,e39581d899a0ec0e8dd1183e5c60cdab1b6c7589c663b13bcd5a7013fff7d20a,M01,M,HAPPY,3,S5,T1,
3691,subesco,M_01_BASHIR_S_5_HAPPY_2.wav,352300,dafed99ab58dfcf613e9323dc62d2e6e5bd15614fa71f8219d6b3e751f8d8a29,M01,M,HAPPY,3,S5,T2,
3692,subesco,M_01_BASHIR_S_5_HAPPY_3.wav,353324,edd6198798e65a6fb79b0e0fb6e88e43eeb3be5d77f7ecf03839e636d69eedb6,M01,M,HAPPY,3,S5,T3,
3693,subesco,M_01_BASHIR_S_5_HAPPY_4.wav,353324,906a1c09e9459ad35594f9b8d77ae0f1d930369e3ac2cf572d21235314de2b9c,M01,M,HAPPY,3,S5,T4,
3694,subesco,M_01_BASHIR_S_5_HAPPY_5.wav,353324,13a8d63818fbca5fc3ce0d205e39b3d9c131600fd10bd25e66c31bc18ec8945e,M01,M,HAPPY,3,S5,T5,
3695,subesco,M_01_BASHIR_S_5_NEUTRAL_1.wav,354348,a03f9280ad0b3ce3454dc74313a5e70a4fbbab23e81119365cfc6e9e5cd45652,M01,M,NEUTRAL,4,S5,T1,
3696,subesco,M_01_BASHIR_S_5_NEUTRAL_2.wav,354348,120378301ef31bae152d90db6617312d6fc73e7b23f9477a8935bbd931572e8f,M01,M,NEUTRAL,4,S5,T2,
3697,subesco,M_01_BASHIR_S_5_NEUTRAL_3.wav,354348,86c887ff9177b26b207a5be3496aa18b2e9243b52f52aeb9c5b87bae0e7699ec,M01,M,NEUTRAL,4,S5,T3,
3698,subesco,M_01_BASHIR_S_5_NEUTRAL_4.wav,354348,f8af7bd3169d2b4a2590741ca51b702a34611ee227e18e7bb30d161404ec65de,M01,M,NEUTRAL,4,S5,T4,
3699,subesco,M_01_BASHIR_S_5_NEUTRAL_5.wav,354348,727191e03819c4636ebbdf4135073591e082c7a9126badbdf64090c39a5249cd,M01,M,NEUTRAL,4,S5,T5,
3700,subesco,M_01_BASHIR_S_5_SAD_1.wav,353324,8c8656a82ae9b1075b845b8797c931f7d46feb0eb7d9d77482d66842ec018cc1,M01,M,SAD,5,S5,T1,
3701,subesco,M_01_BASHIR_S_5_SAD_2.wav,353324,b43c225709a0347ef0ae2835fca1926e916ea85c6b6f073dfdc3f2221bd6c7a4,M01,M,SAD,5,S5,T2,
3702,subesco,M_01_BASHIR_S_5_SAD_3.wav,353324,dd9367ae3faeef0e084c56e48203493c8056574bc26190a4dfbc6374824d9d36,M01,M,SAD,5,S5,T3,
3703,subesco,M_01_BASHIR_S_5_SAD_4.wav,352300,b7edc144f668bd98139316fd76c974773f47629c969be65cc44e0f1b935a8edb,M01,M,SAD,5,S5,T4,
3704,subesco,M_01_BASHIR_S_5_SAD_5.wav,353324,dba4b86cf5cd3fdf97b0465998db288de9a18d52f0d44b6b25e96b8e3c886d56,M01,M,SAD,5,S5,T5,
3705,subesco,M_01_BASHIR_S_5_SURPRISE_1.wav,353324,35fbd542046762717b7d7387edcea84134305df38192c328e32cdebff3b39dd5,M01,M,SURPRISE,6,S5,T1,
3706,subesco,M_01_BASHIR_S_5_SURPRISE_2.wav,356396,ecd2aca4b19e5c2e7ddd7dad72b5722bf74969135682c7ced39f6d9bd6be4947,M01,M,SURPRISE,6,S5,T2,
3707,subesco,M_01_BASHIR_S_5_SURPRISE_3.wav,354348,c9cd2245eebe033cb9c67507a08f7d097a76712e5f3e9dc55f781f4e432ae71b,M01,M,SURPRISE,6,S5,T3,
3708,subesco,M_01_BASHIR_S_5_SURPRISE_4.wav,354348,2f62684baef973c00cd630d139a7a073694f7dc0806574160902fa17483a15be,M01,M,SURPRISE,6,S5,T4,
3709,subesco,M_01_BASHIR_S_5_SURPRISE_5.wav,353324,42ffde29c6eb1d7e4946ac775063d3d27764b306f42b9b4881fb911c1ecf2595,M01,M,SURPRISE,6,S5,T5,
3710,subesco,M_01_BASHIR_S_6_ANGRY_1.wav,353324,e4d5611f45fd2674c90fda88446c594c9bc0dac816b1ddf2236efc98724a86bb,M01,M,ANGRY,0,S6,T1,
3711,subesco,M_01_BASHIR_S_6_ANGRY_2.wav,353324,e28a4faa1fc4cd56dc2d6c1964939627af5f74cf590f8d69d41c1e9d65bec738,M01,M,ANGRY,0,S6,T2,
3712,subesco,M_01_BASHIR_S_6_ANGRY_3.wav,354348,54abae8a388014d6dfaf537d97b684fe510f33b0eea1d15418b95d02d653f0d3,M01,M,ANGRY,0,S6,T3,
3713,subesco,M_01_BASHIR_S_6_ANGRY_4.wav,354348,018092ad860e603e566f9b0440837997979f40dbd730c9f01e73e711d29c35fb,M01,M,ANGRY,0,S6,T4,
3714,subesco,M_01_BASHIR_S_6_ANGRY_5.wav,354348,81356450ace82a46ff69d45011fe3582d7fceff3fbd18e70a270b270b4d4d8a9,M01,M,ANGRY,0,S6,T5,
3715,subesco,M_01_BASHIR_S_6_DISGUST_1.wav,353324,12ce51c3c8fc4f94ffc9d21f62d519256be56374e864ed73eb2bbad36f0304ad,M01,M,DISGUST,1,S6,T1,
3716,subesco,M_01_BASHIR_S_6_DISGUST_2.wav,355372,36e62c749ba907ff5654fe819cb412b0360b44c9c0e774a0ae3ef9bbb19bd5bb,M01,M,DISGUST,1,S6,T2,
3717,subesco,M_01_BASHIR_S_6_DISGUST_3.wav,354348,95b3ae3ea2feb12e542c16ff634bfcd646ea79e160e06eb019b92898bbd07bf6,M01,M,DISGUST,1,S6,T3,
3718,subesco,M_01_BASHIR_S_6_DISGUST_4.wav,353324,f526b51ecf250761f0eda20ed4f543c7a7956111d8d9f2ef9d91dea3dbbde3a9,M01,M,DISGUST,1,S6,T4,
3719,subesco,M_01_BASHIR_S_6_DISGUST_5.wav,353324,3d15e32343c824a5c62e2d7b72a41cd60806a581fb1e679b45916af8d6c98f11,M01,M,DISGUST,1,S6,T5,
3720,subesco,M_01_BASHIR_S_6_FEAR_1.wav,355372,f5d00e1f86baa4a829a0a765a05673825a3869e01a7214a2c64beaee7179fb5d,M01,M,FEAR,2,S6,T1,
3721,subesco,M_01_BASHIR_S_6_FEAR_2.wav,354348,7d74d29f36523fe56fd2cb61d26972a414bb2e685b6185b1a5b7092495651940,M01,M,FEAR,2,S6,T2,
3722,subesco,M_01_BASHIR_S_6_FEAR_3.wav,351274,e2ea422004f41f9fa5d00537294e6560a4f8dc6f1f100605c83a9e1b30f79edf,M01,M,FEAR,2,S6,T3,
3723,subesco,M_01_BASHIR_S_6_FEAR_4.wav,354348,5ecbee8000f86ad5eb4f7ca4c8dd4073b99edd2dccb0c81be9b4778d0ca650b3,M01,M,FEAR,2,S6,T4,
3724,subesco,M_01_BASHIR_S_6_FEAR_5.wav,354348,a4efe34deccf63c2c9893e8d459c14cb8ca1776b799a4eedfabb5b7f99412b6c,M01,M,FEAR,2,S6,T5,
3725,subesco,M_01_BASHIR_S_6_HAPPY_1.wav,354348,6d24a7d5d97b6cf849920439ae66f2f9a1ccbd2f250d665dae9ee4091f0ef592,M01,M,HAPPY,3,S6,T1,
3726,subesco,M_01_BASHIR_S_6_HAPPY_2.wav,352300,2754566f85843ce6b2e1e77f782dae6a0d0e4370fcbf0da504329fe0bc7042ef,M01,M,HAPPY,3,S6,T2,
3727,subesco,M_01_BASHIR_S_6_HAPPY_3.wav,354348,3ff2fb252eee1f9f352d6555c3e0d39e828bfd2b44a8d27f4cd0df054b9b37bb,M01,M,HAPPY,3,S6,T3,
3728,subesco,M_01_BASHIR_S_6_HAPPY_4.wav,355372,dfecd257388e62d70404e4686133a6513f888ab3561f30eb98f266e7142e0fb2,M01,M,HAPPY,3,S6,T4,
3729,subesco,M_01_BASHIR_S_6_HAPPY_5.wav,354348,6f8cca2e9f172896feb80d73f1a9607f898192f9ae6f997233bf943725d46208,M01,M,HAPPY,3,S6,T5,
3730,subesco,M_01_BASHIR_S_6_NEUTRAL_1.wav,355372,d916cc8c386457ec5eb84a9869607cac3aeb3efb465fc3d37f2a213da955d9ce,M01,M,NEUTRAL,4,S6,T1,
3731,subesco,M_01_BASHIR_S_6_NEUTRAL_2.wav,354348,276c722319b0e27026d7eb3bbd7e1d7f1fcff23e84498907dfe36f8e5d60c59f,M01,M,NEUTRAL,4,S6,T2,
3732,subesco,M_01_BASHIR_S_6_NEUTRAL_3.wav,354348,6e2625976d5d2a01e184ceeb7a19937c4ccc97a7fb13dc537d1c2e09cf7a5ad3,M01,M,NEUTRAL,4,S6,T3,
3733,subesco,M_01_BASHIR_S_6_NEUTRAL_4.wav,354348,9d55fe40606bc983bd1c1cdbad97fe531790b2f0457bf34d5d763f5c9f3ced64,M01,M,NEUTRAL,4,S6,T4,
3734,subesco,M_01_BASHIR_S_6_NEUTRAL_5.wav,353324,e839a52892ec1ae1d1705792098de025555d542d97db6b32454a570c134594ea,M01,M,NEUTRAL,4,S6,T5,
3735,subesco,M_01_BASHIR_S_6_SAD_1.wav,352300,2409021f22efcbd6ce931535076c41d53af84d0a029608e06dd767035e0adc62,M01,M,SAD,5,S6,T1,
3736,subesco,M_01_BASHIR_S_6_SAD_2.wav,354348,f5b89a7defe28f9b93836205d1f892cf04bfa6cd61ec842fd5fc6033497d3c95,M01,M,SAD,5,S6,T2,
3737,subesco,M_01_BASHIR_S_6_SAD_3.wav,353324,ae2d42b11d973d6bd2c0b0481a4daadbba03910e754e55e3219c7faad8cb023c,M01,M,SAD,5,S6,T3,
3738,subesco,M_01_BASHIR_S_6_SAD_4.wav,352300,1b2c20815929a133c129a0ec028b6ee761547431a1acc853c2eefe65dce06fd5,M01,M,SAD,5,S6,T4,
3739,subesco,M_01_BASHIR_S_6_SAD_5.wav,353324,de012207d255e9a81e734f7c0906b8ed5d81e1dcc9eca003e54e0dff0a3cf5e7,M01,M,SAD,5,S6,T5,
3740,subesco,M_01_BASHIR_S_6_SURPRISE_1.wav,354348,01a5d51170ceebcec8f29ccb373dfb4e180d609868f7fb48ec3b64e03b3d5016,M01,M,SURPRISE,6,S6,T1,
3741,subesco,M_01_BASHIR_S_6_SURPRISE_2.wav,354348,81e20455245c04bde04cc08d2a7ea6ea9c2cc24e06c2cc8d43ec4bdd9bc9a016,M01,M,SURPRISE,6,S6,T2,
3742,subesco,M_01_BASHIR_S_6_SURPRISE_3.wav,353324,b448934befd9ac01ed7836036653aca4c65689da7ade67299ee2c103cf4c2314,M01,M,SURPRISE,6,S6,T3,
3743,subesco,M_01_BASHIR_S_6_SURPRISE_4.wav,354348,1d21d59b11bb0b01648fc8dad2db7ddfbee8e935e72d9a07532e53a288c86988,M01,M,SURPRISE,6,S6,T4,
3744,subesco,M_01_BASHIR_S_6_SURPRISE_5.wav,354348,2f070188c002b089e9e07282f3d0f411ea0acad0b7008b716b2f81a790c67942,M01,M,SURPRISE,6,S6,T5,
3745,subesco,M_01_BASHIR_S_7_ANGRY_1.wav,354348,364e4e8bd59ba09ba20a5ecbd516396155acc83a8d3164fd373a56a6c05e5c38,M01,M,ANGRY,0,S7,T1,
3746,subesco,M_01_BASHIR_S_7_ANGRY_2.wav,354348,107b547396eb6dc6ace4dfb9c6afdeedb07c08acb96163778f2a5a0e2a791e5c,M01,M,ANGRY,0,S7,T2,
3747,subesco,M_01_BASHIR_S_7_ANGRY_3.wav,354348,64fbca14c620613cbb6eea1eded3f018324f51f6f0af82ee819ead1695dc27f1,M01,M,ANGRY,0,S7,T3,
3748,subesco,M_01_BASHIR_S_7_ANGRY_4.wav,354348,ff8db44247d548fb9803c9788e897cdec4915d50bbee1a3b3bca269afd0a1d13,M01,M,ANGRY,0,S7,T4,
3749,subesco,M_01_BASHIR_S_7_ANGRY_5.wav,354348,c5a4bf71319dcb638791914abff6305729f213caa8b7d2f7fc49696792fb4549,M01,M,ANGRY,0,S7,T5,
3750,subesco,M_01_BASHIR_S_7_DISGUST_1.wav,354348,3c114152db5a80a9cdf0cd9a498528d0e637df80d1f402372dc99483cdddd37c,M01,M,DISGUST,1,S7,T1,
3751,subesco,M_01_BASHIR_S_7_DISGUST_2.wav,353324,1cbdda55566cf7a4155159150af551a83b188282ead11255b27b59850f80481f,M01,M,DISGUST,1,S7,T2,
3752,subesco,M_01_BASHIR_S_7_DISGUST_3.wav,354348,faa6c5fa7f28eb771aa6ab7f14edf8ae5bf4e09f30bd8dd96afc3ffdea8d8c44,M01,M,DISGUST,1,S7,T3,
3753,subesco,M_01_BASHIR_S_7_DISGUST_4.wav,354348,571cb77fd09d22ef1c3adb4ce3cd260877d0dd6c1762f9a9caaf0949879d4b64,M01,M,DISGUST,1,S7,T4,
3754,subesco,M_01_BASHIR_S_7_DISGUST_5.wav,354348,0a2a1c5fd2c56aa70ea892c33f2f5c69fe18457998550106d66903ef2edd5e00,M01,M,DISGUST,1,S7,T5,
3755,subesco,M_01_BASHIR_S_7_FEAR_1.wav,354348,31af95dcd0c7c7270f06f1a9d46526aff419870a578c278ec422036170819c98,M01,M,FEAR,2,S7,T1,
3756,subesco,M_01_BASHIR_S_7_FEAR_2.wav,354348,de597c8f02a7fd2665660583ab02403610e2e7810a21d2e4e17a5b1af1dad373,M01,M,FEAR,2,S7,T2,
3757,subesco,M_01_BASHIR_S_7_FEAR_3.wav,354348,8a24579caaf9171f7dd300963764d1313b53fc3b524ebc00c0d4414cb6a85748,M01,M,FEAR,2,S7,T3,
3758,subesco,M_01_BASHIR_S_7_FEAR_4.wav,354348,247d2a235d7c23e7296c901392e90fa441b107c1ec95aa254808872f1ed59726,M01,M,FEAR,2,S7,T4,
3759,subesco,M_01_BASHIR_S_7_FEAR_5.wav,354348,b32372ddc70b987d980f1f66583464b8888fe4b63a38762ccff0d1daa3d62337,M01,M,FEAR,2,S7,T5,
3760,subesco,M_01_BASHIR_S_7_HAPPY_1.wav,354348,a98385b53bf704fa293f1727264733527299f3cda596e7cab853c466435853ca,M01,M,HAPPY,3,S7,T1,
3761,subesco,M_01_BASHIR_S_7_HAPPY_2.wav,354348,d86e34d76330d54e40fe8e133cd1fafa90940ddaa748a297b59606267b9a537c,M01,M,HAPPY,3,S7,T2,
3762,subesco,M_01_BASHIR_S_7_HAPPY_3.wav,354348,02ec3b13d16b2785898cbc3962b13466355de04fdbcb0e1e2484690cc59758fc,M01,M,HAPPY,3,S7,T3,
3763,subesco,M_01_BASHIR_S_7_HAPPY_4.wav,354348,5701dbe6da7f48c572847586b6e9c1611e18e3a6bd1c9a93949f3bb3fa75e75b,M01,M,HAPPY,3,S7,T4,
3764,subesco,M_01_BASHIR_S_7_HAPPY_5.wav,354348,4a815a33d403d9f770b00e25d690c830ee290935fd7846fcae7cf2e83ea1bc13,M01,M,HAPPY,3,S7,T5,
3765,subesco,M_01_BASHIR_S_7_NEUTRAL_1.wav,354348,a911e981e7dc0943eb2899520ce5818d5f493a4499e56cb69b92ea9b5f6aa037,M01,M,NEUTRAL,4,S7,T1,
3766,subesco,M_01_BASHIR_S_7_NEUTRAL_2.wav,354348,412c6329d8e5c4e7260aa3e4aeed131d943158851cbf0810eaff95ce8eae82f1,M01,M,NEUTRAL,4,S7,T2,
3767,subesco,M_01_BASHIR_S_7_NEUTRAL_3.wav,353324,af7643dbbe1a4fe2692b0615a46086c15c463b4bc05f90bcf4af8840772a39fb,M01,M,NEUTRAL,4,S7,T3,
3768,subesco,M_01_BASHIR_S_7_NEUTRAL_4.wav,354348,d05e1e0279126e3f57a15c7361afd9d0ccad98dc865aa637ae0b084b6579a47a,M01,M,NEUTRAL,4,S7,T4,
3769,subesco,M_01_BASHIR_S_7_NEUTRAL_5.wav,384042,bfdf659a1c7b72a6cc62dfe07d4ae0255271076387b44af56ea8fb5fdb660eb0,M01,M,NEUTRAL,4,S7,T5,
3770,subesco,M_01_BASHIR_S_7_SAD_1.wav,353324,d820344a4cea8bd0b7e86d866ddf3ee84d87163e9e7c6376b9e835f66fec145a,M01,M,SAD,5,S7,T1,
3771,subesco,M_01_BASHIR_S_7_SAD_2.wav,354348,7c3e14a6d7fc4bd9f714f4cbf1aad3b4bb33a8c4df15e79b1515727af4db3864,M01,M,SAD,5,S7,T2,
3772,subesco,M_01_BASHIR_S_7_SAD_3.wav,354348,745f061ae4f7739dcd02f0e3b656b35d433a73a7f8da252de099fc35a97831b0,M01,M,SAD,5,S7,T3,
3773,subesco,M_01_BASHIR_S_7_SAD_4.wav,354348,d743d03fe4d715001987849829656489870c7eaa8004c03f1ed2a43fce5e0cbb,M01,M,SAD,5,S7,T4,
3774,subesco,M_01_BASHIR_S_7_SAD_5.wav,354348,af25221c138232ee5ad84e3833007646e3c95cb68c14cbc6e56e70e3aa1c4a42,M01,M,SAD,5,S7,T5,
3775,subesco,M_01_BASHIR_S_7_SURPRISE_1.wav,354348,b0b53a0bbb48f9b2b8eb4cf9a70950ea09f3aa78e99fb312b3c861687db2d53e,M01,M,SURPRISE,6,S7,T1,
3776,subesco,M_01_BASHIR_S_7_SURPRISE_2.wav,354348,6221fb0993ffe2b93b3890499bbe0249fa8b1d372effbc5080a136083ab2994f,M01,M,SURPRISE,6,S7,T2,
3777,subesco,M_01_BASHIR_S_7_SURPRISE_3.wav,354348,ad6928551f98a4bf3f34502b34f866c04808bb6ffdfee1464d088555eeca9d42,M01,M,SURPRISE,6,S7,T3,
3778,subesco,M_01_BASHIR_S_7_SURPRISE_4.wav,354348,360835255501f7581d2b6036ca5ef2e675b5ea1a91a09318415a5d7de9c66dda,M01,M,SURPRISE,6,S7,T4,
3779,subesco,M_01_BASHIR_S_7_SURPRISE_5.wav,352300,bd5f693f484836a04122bb0e7c234a8f4a74090756bae7d3349037cd8e444f3b,M01,M,SURPRISE,6,S7,T5,
3780,subesco,M_01_BASHIR_S_8_ANGRY_1.wav,354348,e3506b6719f3954511898cd9a0b16bba830da068590f78f374fc9a9845ffbba7,M01,M,ANGRY,0,S8,T1,
3781,subesco,M_01_BASHIR_S_8_ANGRY_2.wav,354348,a46bc0cb778b84570e1714d05c40a574c13c71decc96d0703d75bc700bffc82f,M01,M,ANGRY,0,S8,T2,
3782,subesco,M_01_BASHIR_S_8_ANGRY_3.wav,354348,2c91795ef5e6cebf7fddaf26ba75b2ccac570729ca1071bca86a69faad32fc91,M01,M,ANGRY,0,S8,T3,
3783,subesco,M_01_BASHIR_S_8_ANGRY_4.wav,354348,5a634af3c6c0c927cab1a66fec6f5e93f5d41e35c4014f7c36dfb5f96d3d0c11,M01,M,ANGRY,0,S8,T4,
3784,subesco,M_01_BASHIR_S_8_ANGRY_5.wav,354348,216447c88970f8ae4612db492a6d5f1a9bb4459e919c3b01e367c3a656d7d382,M01,M,ANGRY,0,S8,T5,
3785,subesco,M_01_BASHIR_S_8_DISGUST_1.wav,354348,3b665992c006eeab28b1ac334802cf36ecd0b063e2ca881e439ff41a92ad56b0,M01,M,DISGUST,1,S8,T1,
3786,subesco,M_01_BASHIR_S_8_DISGUST_2.wav,354348,ed26842b6531e578dbc418558e1e036fbc85c77e1b80dae962d2eb142c7faf5c,M01,M,DISGUST,1,S8,T2,
3787,subesco,M_01_BASHIR_S_8_DISGUST_3.wav,354348,b99c676894032137b488ea8b322a2c06c8b7078e8d1fab698c3d74505130016d,M01,M,DISGUST,1,S8,T3,
3788,subesco,M_01_BASHIR_S_8_DISGUST_4.wav,354348,7f48f721ea247985a022a05fc4c47bc9a66981554f54b7a673bdf42bf29d5d33,M01,M,DISGUST,1,S8,T4,
3789,subesco,M_01_BASHIR_S_8_DISGUST_5.wav,354348,904370b8cd6a7813c9bceb7641dc71cf151e4402993788f35de87bf7e931507d,M01,M,DISGUST,1,S8,T5,
3790,subesco,M_01_BASHIR_S_8_FEAR_1.wav,354348,ee7ed2081f9f1928bd25dbe0c6ae195d92ee7f0a24c931b84c147573bfa54ca2,M01,M,FEAR,2,S8,T1,
3791,subesco,M_01_BASHIR_S_8_FEAR_2.wav,354348,5b5b84ad042caea9d1dd65834a45d78136e93a47d5ada15f3af2cf4606748460,M01,M,FEAR,2,S8,T2,
3792,subesco,M_01_BASHIR_S_8_FEAR_3.wav,354348,42153089e310c5d797af6121ff1e66c40507faf8a5104eddc5ba9d71fbc2eb74,M01,M,FEAR,2,S8,T3,
3793,subesco,M_01_BASHIR_S_8_FEAR_4.wav,354348,3270aadcd1c9d139e9cda15de08faad2896de0d69d8708b7f36d39ad6c4db5d9,M01,M,FEAR,2,S8,T4,
3794,subesco,M_01_BASHIR_S_8_FEAR_5.wav,354348,24f66e4612431dcec29bf19828dbb4ad8c52077d3a61d769ab12bc03f30ad610,M01,M,FEAR,2,S8,T5,
3795,subesco,M_01_BASHIR_S_8_HAPPY_1.wav,354348,6cae9255137f4509aa23c484e77d2a1496b6469facdd15e2e18965420eefeddc,M01,M,HAPPY,3,S8,T1,
3796,subesco,M_01_BASHIR_S_8_HAPPY_2.wav,354348,89dcd2ab04b7c93053dca1e916c051191318ddf7731b7bdd9bdd83038c6e726c,M01,M,HAPPY,3,S8,T2,
3797,subesco,M_01_BASHIR_S_8_HAPPY_3.wav,354348,67341e51af39e14fe6e3db2480102249359fd8335cddda2ea22d4c1ad639c8a4,M01,M,HAPPY,3,S8,T3,
3798,subesco,M_01_BASHIR_S_8_HAPPY_4.wav,354348,74c346cbc47f1567ce3fcee5e115628b186cb787af9d861259f75c8c90cd3153,M01,M,HAPPY,3,S8,T4,
3799,subesco,M_01_BASHIR_S_8_HAPPY_5.wav,354348,72b90d5fb2923b2e3a80128d8206364e28e179599b901264f490dd69b594116a,M01,M,HAPPY,3,S8,T5,
3800,subesco,M_01_BASHIR_S_8_NEUTRAL_1.wav,353324,213e8280e746394f367419c26aea8c92e4288f37f1a0e3c830f743ce6bef5145,M01,M,NEUTRAL,4,S8,T1,
3801,subesco,M_01_BASHIR_S_8_NEUTRAL_2.wav,353324,e6cd0639417eaee1a727bbd76a1af278ebc18db7e590ea71419cd230cbae7c41,M01,M,NEUTRAL,4,S8,T2,
3802,subesco,M_01_BASHIR_S_8_NEUTRAL_3.wav,354348,e43f254ec7fce565d5bf79aa928931721f6541953aacf8bc12919c2c29ec1b78,M01,M,NEUTRAL,4,S8,T3,
3803,subesco,M_01_BASHIR_S_8_NEUTRAL_4.wav,354348,71afbbb3bbfc610d30ae2f3526d9eb9e391e6f7ce45e90e5e545495cbd08bcb1,M01,M,NEUTRAL,4,S8,T4,
3804,subesco,M_01_BASHIR_S_8_NEUTRAL_5.wav,353324,64b7f030eaadeecdd1e5e1f5905999ae5ed8743ca9d3083d6acf37547f172a89,M01,M,NEUTRAL,4,S8,T5,
3805,subesco,M_01_BASHIR_S_8_SAD_1.wav,354348,c8c0cb2942bf2b8a5b78de25936a4022d3ad529cb20f1e27213c4ebc0a0353a6,M01,M,SAD,5,S8,T1,
3806,subesco,M_01_BASHIR_S_8_SAD_2.wav,354348,b153f4fef2b39c0cbe592d1fbd1f5fa9e2c95245df6da985a3f59e4eaf46c615,M01,M,SAD,5,S8,T2,
3807,subesco,M_01_BASHIR_S_8_SAD_3.wav,354348,33127299fe58da7f1596a1c155a4fdbe8446612409ad20185ee2146c2c386f11,M01,M,SAD,5,S8,T3,
3808,subesco,M_01_BASHIR_S_8_SAD_4.wav,354348,1976f9a6e039fad9a78acd22f3a5f302a49eb156c473743b11dd42dd29699109,M01,M,SAD,5,S8,T4,
3809,subesco,M_01_BASHIR_S_8_SAD_5.wav,354348,710f57d079785157eb926eb3ea2253164f4b250b320fea17b420892a6ea291ce,M01,M,SAD,5,S8,T5,
3810,subesco,M_01_BASHIR_S_8_SURPRISE_1.wav,354348,d3a0b70d5a8e32af1fc1f18126ff3bf5267c504b8e612def5af72dbafc9a5676,M01,M,SURPRISE,6,S8,T1,
3811,subesco,M_01_BASHIR_S_8_SURPRISE_2.wav,354348,d087ce328f9c74858c355481a62aa493a5d56634c1b683d612fb51523a75957f,M01,M,SURPRISE,6,S8,T2,
3812,subesco,M_01_BASHIR_S_8_SURPRISE_3.wav,354348,117a19a5d5765f6e9713864fa30450e058a5835c4e9e510c84ce5c6d255210ba,M01,M,SURPRISE,6,S8,T3,
3813,subesco,M_01_BASHIR_S_8_SURPRISE_4.wav,354348,7379c7cadda2da28a3884a7dcab7600d87331511a78a11c8912078a08526d42b,M01,M,SURPRISE,6,S8,T4,
3814,subesco,M_01_BASHIR_S_8_SURPRISE_5.wav,354348,b6235c97ebe38bb716bcfc80f9094bdd075f6b31bab51412a5dd42ff2f331754,M01,M,SURPRISE,6,S8,T5,
3815,subesco,M_01_BASHIR_S_9_ANGRY_1.wav,353326,9ef3fe0cd7185e09c63ee2c8217026f121cb9ab3bd57764e3b003b301ad30a85,M01,M,ANGRY,0,S9,T1,
3816,subesco,M_01_BASHIR_S_9_ANGRY_2.wav,354348,c7fa1ace51b0da59c7bd7a160ee491749efceddcfbe12d932a4956e8f94c1402,M01,M,ANGRY,0,S9,T2,
3817,subesco,M_01_BASHIR_S_9_ANGRY_3.wav,354348,94de70d9650ceda507207a754e03bff2db2ec1666ab893512d3b63162102a78b,M01,M,ANGRY,0,S9,T3,
3818,subesco,M_01_BASHIR_S_9_ANGRY_4.wav,353324,ee52d33993fa85e9707f1ad97d6e0acdc6509b055ba9d0bf8fe573cfaec0a90c,M01,M,ANGRY,0,S9,T4,
3819,subesco,M_01_BASHIR_S_9_ANGRY_5.wav,354348,f8dc31884412acd5b55247130438a2b8600e5bdcdd7bd75bd92140eb68a8030a,M01,M,ANGRY,0,S9,T5,
3820,subesco,M_01_BASHIR_S_9_DISGUST_1.wav,354348,4615d16d94f994b1b7b5fa98b6c583a5655f1939dc5a167f29bf8198c08ed12e,M01,M,DISGUST,1,S9,T1,
3821,subesco,M_01_BASHIR_S_9_DISGUST_2.wav,354348,e69cd05bb9ed00c0515408a2bfdbd4a01c8bebe266d8480abbb9b8eaa9fca9fc,M01,M,DISGUST,1,S9,T2,
3822,subesco,M_01_BASHIR_S_9_DISGUST_3.wav,354348,8af7f959e2ae4f8fb26dae45ee84e3420ecae470181b49fd275e836cfa316a43,M01,M,DISGUST,1,S9,T3,
3823,subesco,M_01_BASHIR_S_9_DISGUST_4.wav,354348,de0dbab5a73862d8cb6430632138014c5949efddaf75d78916bf5b1b4798b268,M01,M,DISGUST,1,S9,T4,
3824,subesco,M_01_BASHIR_S_9_DISGUST_5.wav,354348,1cdbf04f65f4d0f60d78459cc13472c3c125a0850f2de80de94a5d4cb569d6d9,M01,M,DISGUST,1,S9,T5,
3825,subesco,M_01_BASHIR_S_9_FEAR_1.wav,354348,fbd8d0081256c13105ea2b6aa2a3021e7c42ee871023cfe14d604562e7bdd683,M01,M,FEAR,2,S9,T1,
3826,subesco,M_01_BASHIR_S_9_FEAR_2.wav,355372,2dea1c995db46b4444f82920f25d068dec021852b74b06627e11b679c7c87bc6,M01,M,FEAR,2,S9,T2,
3827,subesco,M_01_BASHIR_S_9_FEAR_3.wav,354348,25c64288e1e7f090b868d4f90f715ebf5aeef8df4d74cdeefe71e90805b8b01c,M01,M,FEAR,2,S9,T3,
3828,subesco,M_01_BASHIR_S_9_FEAR_4.wav,353324,12553db8bc4120495d0aff28d27b86049773d2ceca125b6c1de6bf508a7f5b8a,M01,M,FEAR,2,S9,T4,
3829,subesco,M_01_BASHIR_S_9_FEAR_5.wav,353324,391eb1d13b00c2673ac0b6e0363236632da2718ae5f38e9408495b895e3e86bf,M01,M,FEAR,2,S9,T5,
3830,subesco,M_01_BASHIR_S_9_HAPPY_1.wav,354348,b007e192df035809fc209abdddbe267490f6e9d9624b6ae896c4788ff4b5d583,M01,M,HAPPY,3,S9,T1,
3831,subesco,M_01_BASHIR_S_9_HAPPY_2.wav,354348,6c1c1353a7930f031616256b3e2483f69c65a07d0dfc594d1defe03875e8eebd,M01,M,HAPPY,3,S9,T2,
3832,subesco,M_01_BASHIR_S_9_HAPPY_3.wav,354348,80ae77bce46f69edd476c6dcf020f33ce76fa041c24ed23cf1b0c7dd1e5fc0f7,M01,M,HAPPY,3,S9,T3,
3833,subesco,M_01_BASHIR_S_9_HAPPY_4.wav,353324,02e39eca09b566f9f9c047baa4d48fb2ba4830a86442538cd3d2f6a28a2c85e3,M01,M,HAPPY,3,S9,T4,
3834,subesco,M_01_BASHIR_S_9_HAPPY_5.wav,354348,320e01b5048200abe168e6a0eb77821b7f3771d2b4ce0460b4e3b4541019982e,M01,M,HAPPY,3,S9,T5,
3835,subesco,M_01_BASHIR_S_9_NEUTRAL_1.wav,354348,7bd793d3a358535245d868aadab6790104431809093838310d20c33f46f68b31,M01,M,NEUTRAL,4,S9,T1,
3836,subesco,M_01_BASHIR_S_9_NEUTRAL_2.wav,355372,05259ea586da6ce6c61d479ccaeb574e0bbc5ccd1aac180bb16e624a4669e459,M01,M,NEUTRAL,4,S9,T2,
3837,subesco,M_01_BASHIR_S_9_NEUTRAL_3.wav,353324,1856f68f42426f07ac471351bd639f040cf06a84a71893aaa032473e538d6138,M01,M,NEUTRAL,4,S9,T3,
3838,subesco,M_01_BASHIR_S_9_NEUTRAL_4.wav,353326,14c47b630cd471659e5b99f1839dcf80de226619cd9cb2c388237bc13e672e9f,M01,M,NEUTRAL,4,S9,T4,
3839,subesco,M_01_BASHIR_S_9_NEUTRAL_5.wav,354348,baa531a53d60bb5f6bcbe2f4b4814a6dfcef8a91e401434851e9bd3404c3bd33,M01,M,NEUTRAL,4,S9,T5,
3840,subesco,M_01_BASHIR_S_9_SAD_1.wav,354348,53c33c3d36c57a542b3c17b0a28cf723a68ca627a171ecde10092b0baed2d4aa,M01,M,SAD,5,S9,T1,
3841,subesco,M_01_BASHIR_S_9_SAD_2.wav,354348,e3eb61ed62969bfe295972b3d08058ee4607f31a3b4babb9d089785402489c51,M01,M,SAD,5,S9,T2,
3842,subesco,M_01_BASHIR_S_9_SAD_3.wav,354348,8ce3547bb84fb2966b8e869915311042355bc173d4d5630a6be2d8a6f7b747e9,M01,M,SAD,5,S9,T3,
3843,subesco,M_01_BASHIR_S_9_SAD_4.wav,354348,455e31e4b3b58650528c0a4a05129d7ac1cd68e2175fc4634fae2c3dbf8dc15f,M01,M,SAD,5,S9,T4,
3844,subesco,M_01_BASHIR_S_9_SAD_5.wav,354348,dd4a053cbfe2b983d7955c36fcecd321a74808149f0b509a258aea9e9b2a1285,M01,M,SAD,5,S9,T5,
3845,subesco,M_01_BASHIR_S_9_SURPRISE_1.wav,354348,e4e904af9b25a657b7aa248386de87ce10ff2a14cdd96141052f21d9bb8b8c43,M01,M,SURPRISE,6,S9,T1,
3846,subesco,M_01_BASHIR_S_9_SURPRISE_2.wav,354348,f8bd20c1bfea476a8a9e139f442ce4b0b657d49ff11cdfe67998d4721604f338,M01,M,SURPRISE,6,S9,T2,
3847,subesco,M_01_BASHIR_S_9_SURPRISE_3.wav,354348,3f1525f26bdb42633d8ae7ebeb17b65748cedbc9a38b92b73a35a3ee64fd31eb,M01,M,SURPRISE,6,S9,T3,
3848,subesco,M_01_BASHIR_S_9_SURPRISE_4.wav,353324,b9b2ee1dcfcc8c5c03b483e6f5cf082275e3738a50a5dbc080859813a22e7542,M01,M,SURPRISE,6,S9,T4,
3849,subesco,M_01_BASHIR_S_9_SURPRISE_5.wav,354348,50519289a05405ce09b00c63f8ec80d48d320730a38f94645aa000e119510d41,M01,M,SURPRISE,6,S9,T5,
3850,subesco,M_02_NIPUN_S_10_ANGRY_1.wav,354348,4518e5e7003be4edbb0c354ea93bbdf63568a8f4b46ebff2aab8c40b56fdcfdf,M02,M,ANGRY,0,S10,T1,
3851,subesco,M_02_NIPUN_S_10_ANGRY_2.wav,354348,2476a8b1fff4069ef7560f629ce706a51ab2612e63ab62c92c2a82e0c77e8190,M02,M,ANGRY,0,S10,T2,
3852,subesco,M_02_NIPUN_S_10_ANGRY_3.wav,354348,390a9a81cde526f6381875abeb02325d7985fe9208d86fd1da840b2680d67639,M02,M,ANGRY,0,S10,T3,
3853,subesco,M_02_NIPUN_S_10_ANGRY_4.wav,354348,33ef6d62eb4370b8c09c75f2cf192f36e0aba8a5a57e222df5232eb27e319f12,M02,M,ANGRY,0,S10,T4,
3854,subesco,M_02_NIPUN_S_10_ANGRY_5.wav,354348,bee4a47fe568bc64432f747f1ee271ec67ba848e9833d65a550fc46065368bd7,M02,M,ANGRY,0,S10,T5,
3855,subesco,M_02_NIPUN_S_10_DISGUST_1.wav,354348,10da7d909f02752a1d0844ae48f9e7bd6777339be61eb565de2df084580abdc2,M02,M,DISGUST,1,S10,T1,
3856,subesco,M_02_NIPUN_S_10_DISGUST_2.wav,354348,ec8939cdf8b99af0a8bba8e33d385715c087385365d9ee7cb899c0a2e22e03d5,M02,M,DISGUST,1,S10,T2,
3857,subesco,M_02_NIPUN_S_10_DISGUST_3.wav,354348,b47f65aa3921c4e7b0711ea4d2a5d2ddd5daabc1695dd29dabdf72f46b69aa97,M02,M,DISGUST,1,S10,T3,
3858,subesco,M_02_NIPUN_S_10_DISGUST_4.wav,354348,d5e4eda048a1d5353176dd1a336b75622960b22e455e517d98e21613d65e4c13,M02,M,DISGUST,1,S10,T4,
3859,subesco,M_02_NIPUN_S_10_DISGUST_5.wav,354348,04a51f7a148a352a8f5d0bf095a8fc28aa883312227644f6c41d63e6f985d1ea,M02,M,DISGUST,1,S10,T5,
3860,subesco,M_02_NIPUN_S_10_FEAR_1.wav,708652,8d3ab602621be355f33a07d048df75240f04b195e465fe74f33a24b8dd0d3cc3,M02,M,FEAR,2,S10,T1,
3861,subesco,M_02_NIPUN_S_10_FEAR_2.wav,708652,930b776672642b4827980fb5b402a2b9386189b8715da697b73ade1034e605ac,M02,M,FEAR,2,S10,T2,
3862,subesco,M_02_NIPUN_S_10_FEAR_3.wav,706604,39153baafb718640a88356ae2ceed3eeaffaf4d6ae35cfa9cd761a1872215351,M02,M,FEAR,2,S10,T3,
3863,subesco,M_02_NIPUN_S_10_FEAR_4.wav,708652,a108bcb6743d41b377ac02c64902e3ecf003023b87718a9ec2ff43aac16697c2,M02,M,FEAR,2,S10,T4,
3864,subesco,M_02_NIPUN_S_10_FEAR_5.wav,708652,1e67256251c293ae39a73a924d955cf8a46798bcdac7debb26dd6c83e743b2d2,M02,M,FEAR,2,S10,T5,
3865,subesco,M_02_NIPUN_S_10_HAPPY_1.wav,354348,867f5ad53c7d0f1cc34433c5f6dd0704615f46a35c8c9bf6a7e8e936e9395a2b,M02,M,HAPPY,3,S10,T1,
3866,subesco,M_02_NIPUN_S_10_HAPPY_2.wav,354348,9c51ae6be98419caf19c8e352106c29faca500de2d9146b0d103565df4a31b9f,M02,M,HAPPY,3,S10,T2,
3867,subesco,M_02_NIPUN_S_10_HAPPY_3.wav,354348,cff9bb3640b0aab14ccbcfeee0f10f124396672174a3e48fa7efe2b35d91ca63,M02,M,HAPPY,3,S10,T3,
3868,subesco,M_02_NIPUN_S_10_HAPPY_4.wav,354348,d6d5222a7f7c9a655744db16d768a39e2762a33bfd6bbf65e9148fabb563fc57,M02,M,HAPPY,3,S10,T4,
3869,subesco,M_02_NIPUN_S_10_HAPPY_5.wav,354348,035590976840e5bdc5febd28f43839ff1f8f911f65e1a300c16d249e7c523c83,M02,M,HAPPY,3,S10,T5,
3870,subesco,M_02_NIPUN_S_10_NEUTRAL_1.wav,354348,601f84415b77523897fa0cdb1aa1c6a2cc36a3c8209370a53be459cb209bba0c,M02,M,NEUTRAL,4,S10,T1,
3871,subesco,M_02_NIPUN_S_10_NEUTRAL_2.wav,354348,b64060765601c78a8c3d7ec7bfeea75b44d24ab18ddc552044205073e3a196d7,M02,M,NEUTRAL,4,S10,T2,
3872,subesco,M_02_NIPUN_S_10_NEUTRAL_3.wav,354348,9d66e078d9cbc3a854a72fc282d02eb9fd8b4e0bf14ee6e3fb71a41e0f8ec043,M02,M,NEUTRAL,4,S10,T3,
3873,subesco,M_02_NIPUN_S_10_NEUTRAL_4.wav,354348,f38eed4a464386085602f0446757c0ce8613c8b9a2de88e7362389d812677715,M02,M,NEUTRAL,4,S10,T4,
3874,subesco,M_02_NIPUN_S_10_NEUTRAL_5.wav,354348,d8f0e65c7f94ee137330b794cb966d1b9cfa4e5a64d140c2c209ff2dc58ccdae,M02,M,NEUTRAL,4,S10,T5,
3875,subesco,M_02_NIPUN_S_10_SAD_1.wav,708652,6e94911e38fad8771b58ce084159d286a0ec079d364fec542bf08aa1f9e63170,M02,M,SAD,5,S10,T1,
3876,subesco,M_02_NIPUN_S_10_SAD_2.wav,708652,ed6d0f5fc64428bd1665def5a38ae5e8a6ea8c718e93fe0d0fc0fbef1aa43c4c,M02,M,SAD,5,S10,T2,
3877,subesco,M_02_NIPUN_S_10_SAD_3.wav,708652,af17d7bb4af7c80c33a169f23d6e1c692392df24af11a9c7612be10dbe203c0a,M02,M,SAD,5,S10,T3,
3878,subesco,M_02_NIPUN_S_10_SAD_4.wav,704556,ad37cc60260fa8666132d40eabf00651057ffc3f34784f981d15e56e843eb6f2,M02,M,SAD,5,S10,T4,
3879,subesco,M_02_NIPUN_S_10_SAD_5.wav,708652,e8e1360598d02a09f8828da98655c7a0d735549ec4f2688da433148b9c278ba3,M02,M,SAD,5,S10,T5,
3880,subesco,M_02_NIPUN_S_10_SURPRISE_1.wav,354348,4389768d22f1763d2c742a34e53e0c161b09d847fefebeed2127990439f798d3,M02,M,SURPRISE,6,S10,T1,
3881,subesco,M_02_NIPUN_S_10_SURPRISE_2.wav,354348,fee95e20b046bfc943d4a0c30268967a0a32b8a032130a898e3445892d213b9b,M02,M,SURPRISE,6,S10,T2,
3882,subesco,M_02_NIPUN_S_10_SURPRISE_3.wav,354348,4832d3673a146c889794ea95960907c613b4bc5ddd06ddd2e922d68ce5358c94,M02,M,SURPRISE,6,S10,T3,
3883,subesco,M_02_NIPUN_S_10_SURPRISE_4.wav,354348,3ca3f2b698693edce665aa51d0084f9712cd7ddcede0e8e3c0a281deb103e6cc,M02,M,SURPRISE,6,S10,T4,
3884,subesco,M_02_NIPUN_S_10_SURPRISE_5.wav,354348,035b0ab42b32ea5ce2ba81fc1d211a5f2bfa7780ba140c6b63cc5303dcf4d2e3,M02,M,SURPRISE,6,S10,T5,
3885,subesco,M_02_NIPUN_S_1_ANGRY_1.wav,354348,9dfc9831c539d29d7312480f523d2a79250f241841b3478579437443067f2fa7,M02,M,ANGRY,0,S1,T1,
3886,subesco,M_02_NIPUN_S_1_ANGRY_2.wav,356396,4e7029d1644cd6073a539a314f553029aee145e88a1316aa2740a6448f107b29,M02,M,ANGRY,0,S1,T2,
3887,subesco,M_02_NIPUN_S_1_ANGRY_3.wav,353324,49de37aa0ec633d64dc5aee0980087d9a75ed6184e8cc4a85dd38a033349e5e6,M02,M,ANGRY,0,S1,T3,
3888,subesco,M_02_NIPUN_S_1_ANGRY_4.wav,354348,9abc542664d83b2c425b0d5fd0ed2c0d49d5934c2636491ee9a365c159900b27,M02,M,ANGRY,0,S1,T4,
3889,subesco,M_02_NIPUN_S_1_ANGRY_5.wav,353324,1d4a85abc69a32a0fe2351593ee691e87a39136a141815fed5ae3e9fae09caf3,M02,M,ANGRY,0,S1,T5,
3890,subesco,M_02_NIPUN_S_1_DISGUST_1.wav,352300,bc17afbffafe13f5817a7d91cdac59878d908a7ce5d5254a0406414aea7827e1,M02,M,DISGUST,1,S1,T1,
3891,subesco,M_02_NIPUN_S_1_DISGUST_2.wav,354348,3cccabc6a837fb1d67a546c2fd6ee9fd4a128312ab5fff45cb995ca314d80551,M02,M,DISGUST,1,S1,T2,
3892,subesco,M_02_NIPUN_S_1_DISGUST_3.wav,354348,1fd9a2b8fca3cef49f2c38770df036fb9129cd9f68dbf36c2b8620325525307e,M02,M,DISGUST,1,S1,T3,
3893,subesco,M_02_NIPUN_S_1_DISGUST_4.wav,353324,daee97604b087ccc9dcce90b12ab2195c465553c7443f6c4a6d14c4b9c3f7878,M02,M,DISGUST,1,S1,T4,
3894,subesco,M_02_NIPUN_S_1_DISGUST_5.wav,352300,aeff3f9412a6a5a69aa059f519ab806897d2e79ff1e6019571bba92221158d06,M02,M,DISGUST,1,S1,T5,
3895,subesco,M_02_NIPUN_S_1_FEAR_1.wav,353324,4dbf95d57b79af823dd1844c31f62ecdcc0993f2e32a5c1c10bccc0bea40e4de,M02,M,FEAR,2,S1,T1,
3896,subesco,M_02_NIPUN_S_1_FEAR_2.wav,352300,ea307104434d4d46fc0b92aea558e8891763b88074ae9c9303fa5678bc5ea2c7,M02,M,FEAR,2,S1,T2,
3897,subesco,M_02_NIPUN_S_1_FEAR_3.wav,353324,9986621b2b135f2c30a9041c20136f216cabce00422976e51174eb3ebe10e4eb,M02,M,FEAR,2,S1,T3,
3898,subesco,M_02_NIPUN_S_1_FEAR_4.wav,354348,50f60babd56df08f2f3e3afc57e4a1578e1dcdb9a5336ceefbe3265f8700e9f7,M02,M,FEAR,2,S1,T4,
3899,subesco,M_02_NIPUN_S_1_FEAR_5.wav,353324,bd4e8c03527db01b0efe608d7d863bdd7b4d3491d3ee0cc7bcfe6af8a762ced0,M02,M,FEAR,2,S1,T5,
3900,subesco,M_02_NIPUN_S_1_HAPPY_1.wav,354348,bf97a4e70881903acd9d4703c1f9e82775fb715f97a481683a180f5290762c39,M02,M,HAPPY,3,S1,T1,
3901,subesco,M_02_NIPUN_S_1_HAPPY_2.wav,354350,f043060cdf4ced36efeee52b14a1cd0efc8a6abcf3dbb2d14585c883829dfa85,M02,M,HAPPY,3,S1,T2,
3902,subesco,M_02_NIPUN_S_1_HAPPY_3.wav,354348,2bb2a53951624e17185b17a438d836e5041a87156c85b7b1bfe6f6be1d7202c1,M02,M,HAPPY,3,S1,T3,
3903,subesco,M_02_NIPUN_S_1_HAPPY_4.wav,353324,a4eae6e6ccba099f9e821f758bfe5f2775efe42e694a4b1f412fdcaaabb135ba,M02,M,HAPPY,3,S1,T4,
3904,subesco,M_02_NIPUN_S_1_HAPPY_5.wav,354348,d01146736ddbc43b24d83105e5b1c9c56703b6a14df57db47f63ce6970c85e69,M02,M,HAPPY,3,S1,T5,
3905,subesco,M_02_NIPUN_S_1_NEUTRAL_1.wav,353324,bdd41bfe83972d93586edefbf8450769348f8945bae5d6a38899070a1e2c73d2,M02,M,NEUTRAL,4,S1,T1,
3906,subesco,M_02_NIPUN_S_1_NEUTRAL_2.wav,319532,6c31dc66b1f71e895efcb7bfbc2c5bb234323de317aa4951245bfe51bf44f2b0,M02,M,NEUTRAL,4,S1,T2,
3907,subesco,M_02_NIPUN_S_1_NEUTRAL_3.wav,354348,c086fcfbba05436850d9632a80b905519476e6a679dd7e99af53280ac37829e0,M02,M,NEUTRAL,4,S1,T3,
3908,subesco,M_02_NIPUN_S_1_NEUTRAL_4.wav,352300,1190ee4ac6d4793da36a527823fc08fc745b0d44d52bc8a07a90ccb168eb3e3b,M02,M,NEUTRAL,4,S1,T4,
3909,subesco,M_02_NIPUN_S_1_NEUTRAL_5.wav,352302,7f5bf7cd65dd0a9c9b98dd120db173e65acaff79f2f0eb0b2396f28821599227,M02,M,NEUTRAL,4,S1,T5,
3910,subesco,M_02_NIPUN_S_1_SAD_1.wav,354348,916d0ef155b3358e631bcb126aa6800f406c43ef198d5533f5ec634ed9828653,M02,M,SAD,5,S1,T1,
3911,subesco,M_02_NIPUN_S_1_SAD_2.wav,354348,e6a7c19b1bbe8be5c8e174ff827fec3d9505ab310bfc190e82157a6ce6bd40fc,M02,M,SAD,5,S1,T2,
3912,subesco,M_02_NIPUN_S_1_SAD_3.wav,354348,3f296b6b6ef70d5d9a2014f7fa774f32aee2d43936847c23b0075ba77133c80f,M02,M,SAD,5,S1,T3,
3913,subesco,M_02_NIPUN_S_1_SAD_4.wav,352300,ba9b8e679c6be9df8e46132025025e16029eb7b8e1d2aaa5472c5e8040b37c52,M02,M,SAD,5,S1,T4,
3914,subesco,M_02_NIPUN_S_1_SAD_5.wav,352300,234590fa55d5bbba2f75be00b8cf76ec3225737414438a20a381fa791476f2b6,M02,M,SAD,5,S1,T5,
3915,subesco,M_02_NIPUN_S_1_SURPRISE_1.wav,353324,ecb5c53464dac4c4ab0500bdab13882788eea7dd6999a3fa9fe48baf160b56ef,M02,M,SURPRISE,6,S1,T1,
3916,subesco,M_02_NIPUN_S_1_SURPRISE_2.wav,354348,9fab1fef45f8ae0c3e67ec33196478314cb0524290e4af44b4878b5b10e894bf,M02,M,SURPRISE,6,S1,T2,
3917,subesco,M_02_NIPUN_S_1_SURPRISE_3.wav,356396,1674a78f5620d97156025694eabeca30415e2e9578e27d712dbb38c1e28794ef,M02,M,SURPRISE,6,S1,T3,
3918,subesco,M_02_NIPUN_S_1_SURPRISE_4.wav,354348,ae07ba7a88c883caa4344f66acfaae58fb5b09f55e734c16ead1ba865bd9bc94,M02,M,SURPRISE,6,S1,T4,
3919,subesco,M_02_NIPUN_S_1_SURPRISE_5.wav,354348,c15f3918313abb63efa07a814c5a3f5aee06eeada0ef4ac3507ac8da4e84718b,M02,M,SURPRISE,6,S1,T5,
3920,subesco,M_02_NIPUN_S_2_ANGRY_1.wav,352300,71efdec3acd13186923be6745052134381300700edafe62ccb3a8e78b3610edf,M02,M,ANGRY,0,S2,T1,
3921,subesco,M_02_NIPUN_S_2_ANGRY_2.wav,352300,71efdec3acd13186923be6745052134381300700edafe62ccb3a8e78b3610edf,M02,M,ANGRY,0,S2,T2,
3922,subesco,M_02_NIPUN_S_2_ANGRY_3.wav,353324,ee73de1ff3d45382428f393f351fab71f46eea92d9480b2efe02b2db04772f90,M02,M,ANGRY,0,S2,T3,
3923,subesco,M_02_NIPUN_S_2_ANGRY_4.wav,353324,693983125747daaba7162dcb935d6001636e90d9df6ee0382fbc38758b19c285,M02,M,ANGRY,0,S2,T4,
3924,subesco,M_02_NIPUN_S_2_ANGRY_5.wav,354348,839f285f548e797c066b359242c1d238c53ab9c6e8b959c1aa28370c017420a7,M02,M,ANGRY,0,S2,T5,
3925,subesco,M_02_NIPUN_S_2_DISGUST_1.wav,354348,f5775c4e157afe7b4c4c826be64370af722adb9a2448029295d8ed172b65f6d9,M02,M,DISGUST,1,S2,T1,
3926,subesco,M_02_NIPUN_S_2_DISGUST_2.wav,354348,be00fc0ce7313bc613f4db243c023b9373c0c3161c245be3432f149298366284,M02,M,DISGUST,1,S2,T2,
3927,subesco,M_02_NIPUN_S_2_DISGUST_3.wav,354348,e76945c339c390e383f4f65a467b063cab7f7c84868284249b09f4ebd57bb750,M02,M,DISGUST,1,S2,T3,
3928,subesco,M_02_NIPUN_S_2_DISGUST_4.wav,353324,ce2c6122b8540292b2c043eb40e6b4b69e3cd4d18004579ff89f89e1c744845d,M02,M,DISGUST,1,S2,T4,
3929,subesco,M_02_NIPUN_S_2_DISGUST_5.wav,354348,1a3859f938c60e206392a187ca068d627f3a17bb1e8f669a21dca62f167847ed,M02,M,DISGUST,1,S2,T5,
3930,subesco,M_02_NIPUN_S_2_FEAR_1.wav,356396,fb76c0b6390d6506b76571e5aba8936add4931fd5a4328e465d6a60d4d4cfcc5,M02,M,FEAR,2,S2,T1,
3931,subesco,M_02_NIPUN_S_2_FEAR_2.wav,354348,458c53d1b12bd570b97abdee785be15fbd1d1a8f8d3a71b6f2148ff81477a433,M02,M,FEAR,2,S2,T2,
3932,subesco,M_02_NIPUN_S_2_FEAR_3.wav,354348,16b173daa1cbfd4421cdcf59047ee899449097f1e860f561fdbe0c3a8acb01b0,M02,M,FEAR,2,S2,T3,
3933,subesco,M_02_NIPUN_S_2_FEAR_4.wav,354348,9ff5ac64461cc5e1d010455ff577d69a320dce9d72b40729da063492023bd0cd,M02,M,FEAR,2,S2,T4,
3934,subesco,M_02_NIPUN_S_2_FEAR_5.wav,354348,d636a1cbbc63a4a1f27b3b96a69f03df049291a833cba8af83c12cc4413c0de3,M02,M,FEAR,2,S2,T5,
3935,subesco,M_02_NIPUN_S_2_HAPPY_1.wav,354348,30b39a943c2125fc27efe321336e3ebfcb389da2b31ccf8c8175ecd3c1e22ff0,M02,M,HAPPY,3,S2,T1,
3936,subesco,M_02_NIPUN_S_2_HAPPY_2.wav,354348,8fe8afc52d817f83424349003d609d75360a901f5997d8c8764eb24e311b7ac6,M02,M,HAPPY,3,S2,T2,
3937,subesco,M_02_NIPUN_S_2_HAPPY_3.wav,354348,623eee7658d64f27458a87a1cfaf13af08162af5853057e50b3408669a2858ab,M02,M,HAPPY,3,S2,T3,
3938,subesco,M_02_NIPUN_S_2_HAPPY_4.wav,354348,76fab3e036c420a583e39fc329b9d5e0dd4f6fffb19b05547ec43be30acd7170,M02,M,HAPPY,3,S2,T4,
3939,subesco,M_02_NIPUN_S_2_HAPPY_5.wav,354348,53143f5a9d7189eb13b8cd9ec42d6462925e08a4ab25d5e7717bad389b6e31d6,M02,M,HAPPY,3,S2,T5,
3940,subesco,M_02_NIPUN_S_2_NEUTRAL_1.wav,355372,1d6b673c4d37c7072f913e0214c7271971051dcf84072adee9e819d76d656146,M02,M,NEUTRAL,4,S2,T1,
3941,subesco,M_02_NIPUN_S_2_NEUTRAL_2.wav,354348,3ecabd74b1f11a0284eb129325fc4c47914a3c34166a52f4a89e53709cb9b0ae,M02,M,NEUTRAL,4,S2,T2,
3942,subesco,M_02_NIPUN_S_2_NEUTRAL_3.wav,354348,e780c3ca956804b653eadbf1a76db7db72657a6f2af4d51ea46f861241f374b3,M02,M,NEUTRAL,4,S2,T3,
3943,subesco,M_02_NIPUN_S_2_NEUTRAL_4.wav,354348,3112e0ab45806db1faa934e0af402a391ebfaf79c480f1b7152c783649ec9689,M02,M,NEUTRAL,4,S2,T4,
3944,subesco,M_02_NIPUN_S_2_NEUTRAL_5.wav,354348,d8d12052ca62f72a6de4891f1eb491437e755467aef0b1a53ffc29212f450a0d,M02,M,NEUTRAL,4,S2,T5,
3945,subesco,M_02_NIPUN_S_2_SAD_1.wav,354348,2bdad6a88b4234ebb2644f91cb4b278860055ec9bd7115e09ccb8b7b3d771fb6,M02,M,SAD,5,S2,T1,
3946,subesco,M_02_NIPUN_S_2_SAD_2.wav,354348,5b814e30586b228ba13a11dc54fc8cdf87cc784d3b2ad3038e7736af0681a0fa,M02,M,SAD,5,S2,T2,
3947,subesco,M_02_NIPUN_S_2_SAD_3.wav,354348,e3809e0fa56b006b920aded208b724221df3f89fb4a4fec754c9d7dad11e25fc,M02,M,SAD,5,S2,T3,
3948,subesco,M_02_NIPUN_S_2_SAD_4.wav,354348,a7f03d11b77c275a738fed77b3f53abf8bd2325aedf897f0fd637ab5d10f3a09,M02,M,SAD,5,S2,T4,
3949,subesco,M_02_NIPUN_S_2_SAD_5.wav,354348,935a9c8ae77d6bffdc9dbf5eb3f636b1bd588c8608366fd515812a8127468c39,M02,M,SAD,5,S2,T5,
3950,subesco,M_02_NIPUN_S_2_SURPRISE_1.wav,354348,6be3d73a04a5bbcc8aa3ca77a0a573a2f7a0e4f6e2909582a3e75f93b1c54f09,M02,M,SURPRISE,6,S2,T1,
3951,subesco,M_02_NIPUN_S_2_SURPRISE_2.wav,353324,799efdd636d8c7980692c23a9a571583ec1a20205617b0d42f74b4e022ab593c,M02,M,SURPRISE,6,S2,T2,
3952,subesco,M_02_NIPUN_S_2_SURPRISE_3.wav,354348,55be820cb2052f226e6c329b9dbb586be3000c90c59b7997df43bf99fc5d36c3,M02,M,SURPRISE,6,S2,T3,
3953,subesco,M_02_NIPUN_S_2_SURPRISE_4.wav,354348,f8ec836439d15a71def265501398319f59c61f335f4f0ca02f5b93f7068f0359,M02,M,SURPRISE,6,S2,T4,
3954,subesco,M_02_NIPUN_S_2_SURPRISE_5.wav,354348,c62b524bca7d28c4ee9b4567a23f79ad4733699e61f0d75f4a64f8a379ed70ee,M02,M,SURPRISE,6,S2,T5,
3955,subesco,M_02_NIPUN_S_3_ANGRY_1.wav,354348,672749a7f89b155a2795f7a68655d1d0fd2e2220be3d1e4d9670357c84a3faf3,M02,M,ANGRY,0,S3,T1,
3956,subesco,M_02_NIPUN_S_3_ANGRY_2.wav,354348,47abda4e3a598b82e15fbfe67c6678c5d8a2c751786654e249030cbfe4e2ed2e,M02,M,ANGRY,0,S3,T2,
3957,subesco,M_02_NIPUN_S_3_ANGRY_3.wav,353324,78d3df9be21cb08a8b0d6b9ebe4a4e54834fb66b9dfbaf61119ce2f77c7313cf,M02,M,ANGRY,0,S3,T3,
3958,subesco,M_02_NIPUN_S_3_ANGRY_4.wav,352300,42aa6845cc9cbd5eaa01778637fdd57183c738139aca404f678d8f09cf62abc0,M02,M,ANGRY,0,S3,T4,
3959,subesco,M_02_NIPUN_S_3_ANGRY_5.wav,355372,dff368058a11ce5a8a282056ab9e5eb46b698e84aa6f29ef315b24b961d75523,M02,M,ANGRY,0,S3,T5,
3960,subesco,M_02_NIPUN_S_3_DISGUST_1.wav,706604,716d2d73ae40ff2b0a5789119ea779ded786b9997b26f024aa9f4e94d9f7d6cd,M02,M,DISGUST,1,S3,T1,
3961,subesco,M_02_NIPUN_S_3_DISGUST_2.wav,706604,67cd10f166627675ccebf660e389fbc5d52aea4bc068491ab07629761755da6d,M02,M,DISGUST,1,S3,T2,
3962,subesco,M_02_NIPUN_S_3_DISGUST_3.wav,708652,756f074b4ef5a21f7711d4cf674d39c3ee6ba1c7fb9906247b9eb0819178f305,M02,M,DISGUST,1,S3,T3,
3963,subesco,M_02_NIPUN_S_3_DISGUST_4.wav,706604,4e5dd84c6cc262a1a3bac01edf131c5697dfd4d67bfb1e1399ef49e194ed7f4c,M02,M,DISGUST,1,S3,T4,
3964,subesco,M_02_NIPUN_S_3_DISGUST_5.wav,708652,f661448dc382cc72ee32d9508122754a904227a063be1134bd0d31ff3b5dd80b,M02,M,DISGUST,1,S3,T5,
3965,subesco,M_02_NIPUN_S_3_FEAR_1.wav,706604,88eebfd2818d0519abdaa982131f551e0cc2694ae12b6d42de420ad136c65a40,M02,M,FEAR,2,S3,T1,
3966,subesco,M_02_NIPUN_S_3_FEAR_2.wav,706604,7e904e9362aac9639c9968f2d6aa9989b01f6c15b864d527b3c928e38e4b7dba,M02,M,FEAR,2,S3,T2,
3967,subesco,M_02_NIPUN_S_3_FEAR_3.wav,708652,c11b4139e0b140e193b8946626ebbdcb9af48df8fb78d009b7a335fed123bddf,M02,M,FEAR,2,S3,T3,
3968,subesco,M_02_NIPUN_S_3_FEAR_4.wav,708652,38daf1b1e601660570c71e549926921e55268efb10b25ae484bb47d06f0f7830,M02,M,FEAR,2,S3,T4,
3969,subesco,M_02_NIPUN_S_3_FEAR_5.wav,704556,95c6c274e1edff0cc221ecf942c22373fdb6f0310e9124b75072250d878b0574,M02,M,FEAR,2,S3,T5,
3970,subesco,M_02_NIPUN_S_3_HAPPY_1.wav,352300,2daab039a4b31a916e109d7f1dc346d69e5d079b4e235ad0ee995ecd1839c9a6,M02,M,HAPPY,3,S3,T1,
3971,subesco,M_02_NIPUN_S_3_HAPPY_2.wav,353324,2df57a49f47765ae5986af931c0e3223fdcf79a90d99ecc1edf7cbea7dda1ee2,M02,M,HAPPY,3,S3,T2,
3972,subesco,M_02_NIPUN_S_3_HAPPY_3.wav,353324,3a82225fb20947867c2c4a5fc9aa5fb954101b44256a944d6c860c74177aa9d0,M02,M,HAPPY,3,S3,T3,
3973,subesco,M_02_NIPUN_S_3_HAPPY_4.wav,353324,c3204e4176004f3de2cd304e54bfcbe1aa91be4e25897642993ad9322c790d6e,M02,M,HAPPY,3,S3,T4,
3974,subesco,M_02_NIPUN_S_3_HAPPY_5.wav,353324,3a57c869a5a0e542edee601d5ebd576cee83e07db0b3175ca2b1147bfd262b7c,M02,M,HAPPY,3,S3,T5,
3975,subesco,M_02_NIPUN_S_3_NEUTRAL_1.wav,353324,1302ec32e9a230594127e458fa5face2c562e492f162886749e936527bea7318,M02,M,NEUTRAL,4,S3,T1,
3976,subesco,M_02_NIPUN_S_3_NEUTRAL_2.wav,354348,7e59d1818d919db9f6e81cc109e490aa1edd8c366c8ea318e3b10b94e7380179,M02,M,NEUTRAL,4,S3,T2,
3977,subesco,M_02_NIPUN_S_3_NEUTRAL_3.wav,353324,1309b38e484275a4faf4dc1a0ae1ab0845034a1647a1e9b02ead1ff06c0305d4,M02,M,NEUTRAL,4,S3,T3,
3978,subesco,M_02_NIPUN_S_3_NEUTRAL_4.wav,354348,7786c610cfaa176c34dcea1ad71d9ac332843616ad6469da8c19a29441aa7248,M02,M,NEUTRAL,4,S3,T4,
3979,subesco,M_02_NIPUN_S_3_NEUTRAL_5.wav,352300,d8bcbd47aaf02fd1ed9ca60b14d07095badd709291040c205b5b7a06b3af8634,M02,M,NEUTRAL,4,S3,T5,
3980,subesco,M_02_NIPUN_S_3_SAD_1.wav,706604,bad068fa32ca8d57abd6c9591c2c95871af3fd05122eb896ade60d9c6fcdc282,M02,M,SAD,5,S3,T1,
3981,subesco,M_02_NIPUN_S_3_SAD_2.wav,708652,5d616ede1b7a8f45411e76f57e04d8b363d73b38abb39286603de2f966feff5d,M02,M,SAD,5,S3,T2,
3982,subesco,M_02_NIPUN_S_3_SAD_3.wav,708652,ec16f6d87305df11e7d363e23311f4e57357d12fe4d0299d6e4cce8363095abb,M02,M,SAD,5,S3,T3,
3983,subesco,M_02_NIPUN_S_3_SAD_4.wav,706604,f07af3b52c3386d5ba1a409be9ee285f7940d20aef63563edc1d00547c49dbf2,M02,M,SAD,5,S3,T4,
3984,subesco,M_02_NIPUN_S_3_SAD_5.wav,708652,31bd7b8f314a6f580338bee8cbb44682681cadb86ad84826455f5841badc5fe1,M02,M,SAD,5,S3,T5,
3985,subesco,M_02_NIPUN_S_3_SURPRISE_1.wav,352300,72a468cb5fafd209aea0cde9d872df3b63f1702d1901fda41224336b55854f5a,M02,M,SURPRISE,6,S3,T1,
3986,subesco,M_02_NIPUN_S_3_SURPRISE_2.wav,352300,c87b08c37580d49b925b65e8875532f40130f4fd83c71839720a433dbf758724,M02,M,SURPRISE,6,S3,T2,
3987,subesco,M_02_NIPUN_S_3_SURPRISE_3.wav,353324,326767dbad64fc9d35d026709053d60338f3cfa42e7aa6473f364c29498a3dc7,M02,M,SURPRISE,6,S3,T3,
3988,subesco,M_02_NIPUN_S_3_SURPRISE_4.wav,354348,a9a2180f09a100d38caa08da1131d47a3c382440482bd6d179a599f10e36a043,M02,M,SURPRISE,6,S3,T4,
3989,subesco,M_02_NIPUN_S_3_SURPRISE_5.wav,354348,8496a24c2f31606b73ed9acf25d335549aacda81302000477ec4671225319c60,M02,M,SURPRISE,6,S3,T5,
3990,subesco,M_02_NIPUN_S_4_ANGRY_1.wav,354348,47cf1d5b8fcde7c8aed59cc357d73053c7082da5ae5505518044dc6984f613c1,M02,M,ANGRY,0,S4,T1,
3991,subesco,M_02_NIPUN_S_4_ANGRY_2.wav,353324,7e0acda71c45906d24a7e42786feaa7f9c490e21a7277ecde35c4561ae286c9e,M02,M,ANGRY,0,S4,T2,
3992,subesco,M_02_NIPUN_S_4_ANGRY_3.wav,354348,0ac5023c38cab26c348a46fa6053a4ca1f26fcd99ec552af12731ff0efa858f8,M02,M,ANGRY,0,S4,T3,
3993,subesco,M_02_NIPUN_S_4_ANGRY_4.wav,354348,ce288498502e22dfa36e5cd299323e3f2ba51a020a9b3a8b50cc8c0f586f81f0,M02,M,ANGRY,0,S4,T4,
3994,subesco,M_02_NIPUN_S_4_ANGRY_5.wav,353324,9a568b2d392947b25c747617983cfe802d7da4520cc20cbbc66c52ee7de0c141,M02,M,ANGRY,0,S4,T5,
3995,subesco,M_02_NIPUN_S_4_DISGUST_1.wav,354348,9f1d6ff568eb4c719c9b1319d1c6ecc849eb29b00e02a7f091ab93abe65a14f2,M02,M,DISGUST,1,S4,T1,
3996,subesco,M_02_NIPUN_S_4_DISGUST_2.wav,354348,43bfa811ce70b2256e8d1729d4533c99fcd074e6bc3d62eb63c616353b587dbc,M02,M,DISGUST,1,S4,T2,
3997,subesco,M_02_NIPUN_S_4_DISGUST_3.wav,354348,5296053bcf20fc721a702cc1fddf323b114566056bdb2215eddb3c1898575cb2,M02,M,DISGUST,1,S4,T3,
3998,subesco,M_02_NIPUN_S_4_DISGUST_4.wav,353324,02e059829e8aaf3f362b6a4ca527c643e58fd6a4b131e596f288c56e23456821,M02,M,DISGUST,1,S4,T4,
3999,subesco,M_02_NIPUN_S_4_DISGUST_5.wav,354348,afd104c9ff17018f5d596f7f4215a9d5f1df22accacbcc8d1b62bd0dd7a9dc68,M02,M,DISGUST,1,S4,T5,
4000,subesco,M_02_NIPUN_S_4_FEAR_1.wav,708652,b3d656b5a2a12f8b9c8c802160f5d31de7495854e9b2ca4b63a1df4d3f05e352,M02,M,FEAR,2,S4,T1,
4001,subesco,M_02_NIPUN_S_4_FEAR_2.wav,708652,9ffc75914fd3ab50d341f29360c30fb483673c8fb7ce2993212f0d0668dd6fa8,M02,M,FEAR,2,S4,T2,
4002,subesco,M_02_NIPUN_S_4_FEAR_3.wav,708652,09f80e30af5e503eba2c3c50039ad930c87f6534615d6d99e26596d4334e2807,M02,M,FEAR,2,S4,T3,
4003,subesco,M_02_NIPUN_S_4_FEAR_4.wav,706604,02201869bcb09f5807d3b4bd7bacf3da7493b87bec3995b96d186ad678879f74,M02,M,FEAR,2,S4,T4,
4004,subesco,M_02_NIPUN_S_4_FEAR_5.wav,706604,5616c6243c8b0089cc66db3cc89ce4757abb7aa232c933e6b60703876eb20dcc,M02,M,FEAR,2,S4,T5,
4005,subesco,M_02_NIPUN_S_4_HAPPY_1.wav,353324,e709a183f033af291faf2a2a43f57538395385e85ab3514b74c2aac11714d102,M02,M,HAPPY,3,S4,T1,
4006,subesco,M_02_NIPUN_S_4_HAPPY_2.wav,353324,2432df82e902be80bebe7f201b0520cf2fc660ad4f58dd0c2133ff5a857ac7dc,M02,M,HAPPY,3,S4,T2,
4007,subesco,M_02_NIPUN_S_4_HAPPY_3.wav,353324,378b0eccf70f110769f39c8bb9f566a600f0f0d8458a7ce8855a86dba47a20b5,M02,M,HAPPY,3,S4,T3,
4008,subesco,M_02_NIPUN_S_4_HAPPY_4.wav,353324,c90b4d7835f55cca999e769746de49bdad7d1242af22525d07f255b25cef7487,M02,M,HAPPY,3,S4,T4,
4009,subesco,M_02_NIPUN_S_4_HAPPY_5.wav,354348,0cdf5d084c5047d3a8f5183bfaba2ef486a08c71a6b85cccc122912f02a5c913,M02,M,HAPPY,3,S4,T5,
4010,subesco,M_02_NIPUN_S_4_NEUTRAL_1.wav,356396,72e36a2b721092a02217f222a12e3914ff5a4514ddb61545f1ccd5b60e363e68,M02,M,NEUTRAL,4,S4,T1,
4011,subesco,M_02_NIPUN_S_4_NEUTRAL_2.wav,353324,95d384a98158e28f8bb64648af4e57f2f643d2f912c9220f28fb02ba01269f46,M02,M,NEUTRAL,4,S4,T2,
4012,subesco,M_02_NIPUN_S_4_NEUTRAL_3.wav,354348,bdec2fb90c47028e57eb60ba350df5e4f97e17a336c400e23a24538635e121c9,M02,M,NEUTRAL,4,S4,T3,
4013,subesco,M_02_NIPUN_S_4_NEUTRAL_4.wav,353324,62845df897edef00cf5fcc86bd739d5b297e160cf91c86d62fed593d62fe53b7,M02,M,NEUTRAL,4,S4,T4,
4014,subesco,M_02_NIPUN_S_4_NEUTRAL_5.wav,354348,17a63548bc522e3a754ab69fcd9650f2f24261ca1670916bc025466f7f54d7fa,M02,M,NEUTRAL,4,S4,T5,
4015,subesco,M_02_NIPUN_S_4_SAD_1.wav,708652,82b76263a3443c4662c1943c706082a97fcf18c8c9ad4d3226e1de04b0683077,M02,M,SAD,5,S4,T1,
4016,subesco,M_02_NIPUN_S_4_SAD_2.wav,708652,3f944470f429ef16bcc52e81fb26dbae84a1c7a3a87605c69674347f768e8e29,M02,M,SAD,5,S4,T2,
4017,subesco,M_02_NIPUN_S_4_SAD_3.wav,708652,311e3ecd8e5aefefa0d209b3bd509c4c318b4d262408f1225c38117e7c7d9f6e,M02,M,SAD,5,S4,T3,
4018,subesco,M_02_NIPUN_S_4_SAD_4.wav,708652,cab2857c98caac4f0294f7486f7f5ea01c2939aab04c275465f732a75077e87e,M02,M,SAD,5,S4,T4,
4019,subesco,M_02_NIPUN_S_4_SAD_5.wav,708652,984bf7c41d6de779b5f965e4fc173dca2b3afbc22ada0d299c550df5958a3502,M02,M,SAD,5,S4,T5,
4020,subesco,M_02_NIPUN_S_4_SURPRISE_1.wav,353324,61832714c559625706aa76d8d2817f5189dc230afde2e845954ec4bdc5e85df0,M02,M,SURPRISE,6,S4,T1,
4021,subesco,M_02_NIPUN_S_4_SURPRISE_2.wav,352300,a41c706bab42c4fdfe70fa1c922fa4d95c1827c8c2edf23ec44dde83feccf9ed,M02,M,SURPRISE,6,S4,T2,
4022,subesco,M_02_NIPUN_S_4_SURPRISE_3.wav,354348,304f27d47a5d36c16d611d515959224b47deb7e8e331f565bcd50a19e6f6a1c9,M02,M,SURPRISE,6,S4,T3,
4023,subesco,M_02_NIPUN_S_4_SURPRISE_4.wav,355372,7e47df4b03741ec99744ef847130bc6d13b739966b0fae3d18d780931d3d6bcb,M02,M,SURPRISE,6,S4,T4,
4024,subesco,M_02_NIPUN_S_4_SURPRISE_5.wav,354348,1ea1e74cfece138e4728716b65fb701dbf5e4db82d1894f7523f192ef4477889,M02,M,SURPRISE,6,S4,T5,
4025,subesco,M_02_NIPUN_S_5_ANGRY_1.wav,352300,ce7ee02c7c5b8e3a270c4ba62d45f31223542ed831f9fc2a357c4a5c2a18d387,M02,M,ANGRY,0,S5,T1,
4026,subesco,M_02_NIPUN_S_5_ANGRY_2.wav,354348,eae22724197330b01726319eec51f911f2ec21d3b3cbe97458ad131574f8d794,M02,M,ANGRY,0,S5,T2,
4027,subesco,M_02_NIPUN_S_5_ANGRY_3.wav,354348,7994a2bb04033dc31b4159abb24795c12cf7d52f4d6cfbcaafd5c17e4132e257,M02,M,ANGRY,0,S5,T3,
4028,subesco,M_02_NIPUN_S_5_ANGRY_4.wav,354348,9ca3fb89d66a57209a5fc663b351bde2f2265591d904d4cd03b1b244d91be97f,M02,M,ANGRY,0,S5,T4,
4029,subesco,M_02_NIPUN_S_5_ANGRY_5.wav,354348,36d0be8e6feb531fbf587f20537c987032e310cc7eb52ab143b9ba7dd7dcc4f8,M02,M,ANGRY,0,S5,T5,
4030,subesco,M_02_NIPUN_S_5_DISGUST_1.wav,354348,a545e821d1052a379185c197312343d5d2be3a2fa2e091c9efac38d1293712fe,M02,M,DISGUST,1,S5,T1,
4031,subesco,M_02_NIPUN_S_5_DISGUST_2.wav,354348,3966b86285a0ea91b813cd7ff551a7ba60871031536b79d22ae6c5209482b2ce,M02,M,DISGUST,1,S5,T2,
4032,subesco,M_02_NIPUN_S_5_DISGUST_3.wav,354348,65afe12fa77205d4527d8422fe06cb584db39537616d23418cc0173894cab244,M02,M,DISGUST,1,S5,T3,
4033,subesco,M_02_NIPUN_S_5_DISGUST_4.wav,354348,eff8ea21e6798983d6786956432c9b6f921c57460666f0865eebf7d41ba50d96,M02,M,DISGUST,1,S5,T4,
4034,subesco,M_02_NIPUN_S_5_DISGUST_5.wav,354348,3c0ea96a799579c3e93335e8a4a2967f36bf0cf7b86a6711b097c73f18bd3b5a,M02,M,DISGUST,1,S5,T5,
4035,subesco,M_02_NIPUN_S_5_FEAR_1.wav,708652,252d8ca31935ff51fb506b4781015768ec97c228b1403507f0fa99f09f2b2136,M02,M,FEAR,2,S5,T1,
4036,subesco,M_02_NIPUN_S_5_FEAR_2.wav,708652,1d6b03d5ea2171f558966cc0173fe73f106078bc6ac4692d28611bb96d6f35e9,M02,M,FEAR,2,S5,T2,
4037,subesco,M_02_NIPUN_S_5_FEAR_3.wav,708652,faf8cfb08d4e59826c7560691007c628e081716c6cabbb7ff0a8901fece74a1c,M02,M,FEAR,2,S5,T3,
4038,subesco,M_02_NIPUN_S_5_FEAR_4.wav,708652,9cdade19dfac50e844ce0cd45c63cf72b83346ea79a728b806d40d8a89e7f464,M02,M,FEAR,2,S5,T4,
4039,subesco,M_02_NIPUN_S_5_FEAR_5.wav,708652,c3b5499fed8ba18ca05c519e264eef915eeb96142c8f813ddf8a77cede8233b7,M02,M,FEAR,2,S5,T5,
4040,subesco,M_02_NIPUN_S_5_HAPPY_1.wav,354348,89a5ec2c343699485afc9b9a0c1eabfc33dc1d03ccc2154bb4d8b4577c0e3d05,M02,M,HAPPY,3,S5,T1,
4041,subesco,M_02_NIPUN_S_5_HAPPY_2.wav,354348,9ea4d52d93b434920f35bb75127816a1a86dc4836e0f7a75f32cce2034cee5c4,M02,M,HAPPY,3,S5,T2,
4042,subesco,M_02_NIPUN_S_5_HAPPY_3.wav,354348,b8b2f6633d3593acf8f3d994d40e5fd9dde143a7ffcb9531ef999363fe0cb216,M02,M,HAPPY,3,S5,T3,
4043,subesco,M_02_NIPUN_S_5_HAPPY_4.wav,354348,174ecc09f335d11c98410be671204a4ba4a0f283ad7a2583bb4a7721ffdb1af4,M02,M,HAPPY,3,S5,T4,
4044,subesco,M_02_NIPUN_S_5_HAPPY_5.wav,354348,df275b1496e192904b9ec637554660ab0ab6c42c1db2587f78b8c1e1b2007ae1,M02,M,HAPPY,3,S5,T5,
4045,subesco,M_02_NIPUN_S_5_NEUTRAL_1.wav,354348,76674576842d928616f28da2ffa941a416f2bf405971a37557c68e7434e16879,M02,M,NEUTRAL,4,S5,T1,
4046,subesco,M_02_NIPUN_S_5_NEUTRAL_2.wav,354348,473c4afcedefce1ad86d22434ad77ea30af87189ae8831b03610515ed673fcac,M02,M,NEUTRAL,4,S5,T2,
4047,subesco,M_02_NIPUN_S_5_NEUTRAL_3.wav,355372,f9fa941acd4eb68f7d299ebcd596ded59100864f0b212cf4ecd3926ada131b67,M02,M,NEUTRAL,4,S5,T3,
4048,subesco,M_02_NIPUN_S_5_NEUTRAL_4.wav,354348,6985a2cc53e019637e169dd7a29fe731c696784863850ebfc634e1c5aa56586b,M02,M,NEUTRAL,4,S5,T4,
4049,subesco,M_02_NIPUN_S_5_NEUTRAL_5.wav,354348,b1c7188a69317d74230c1d410734d3a0283e09be5c1642ae3a9f2aa9490f74c7,M02,M,NEUTRAL,4,S5,T5,
4050,subesco,M_02_NIPUN_S_5_SAD_1.wav,708652,003c0ed7191810e9041e6e12dd7b44b22a2f9227d76ae72d1e3df52bc28175c4,M02,M,SAD,5,S5,T1,
4051,subesco,M_02_NIPUN_S_5_SAD_2.wav,708652,9e226bdbd4bd4042eff8320291117d162366cf1c14ccc79c37f43c0653ff3e2e,M02,M,SAD,5,S5,T2,
4052,subesco,M_02_NIPUN_S_5_SAD_3.wav,708652,303fe45156650436bcbb51f248888b468f35b648823e955089181d6e79a4f9a7,M02,M,SAD,5,S5,T3,
4053,subesco,M_02_NIPUN_S_5_SAD_4.wav,708652,af571e23eebdca1eeae0040d8432a7762133880098b07aac18c2d5a8e8ad5ed2,M02,M,SAD,5,S5,T4,
4054,subesco,M_02_NIPUN_S_5_SAD_5.wav,708652,0bac89ba625a72d20067b1cdfb2828425894c91733296bdafef391bedb422c0c,M02,M,SAD,5,S5,T5,
4055,subesco,M_02_NIPUN_S_5_SURPRISE_1.wav,354348,b0dfb70b18e9cf03c80ce7270c3fcb9f40e46dca8cf608b0d15069c8c3ff5378,M02,M,SURPRISE,6,S5,T1,
4056,subesco,M_02_NIPUN_S_5_SURPRISE_2.wav,354348,a7f6ac9f3966287b88881ecd556fcd7e31e9437c43adf67c195fd1c3c41d4331,M02,M,SURPRISE,6,S5,T2,
4057,subesco,M_02_NIPUN_S_5_SURPRISE_3.wav,355372,25bc0894c1c2b6900044c1a417a1e5988bf9aeb840f163e5f7b360d87709ac48,M02,M,SURPRISE,6,S5,T3,
4058,subesco,M_02_NIPUN_S_5_SURPRISE_4.wav,354348,ab9319066896534b0b333a875f1f9028e3505e9489e9b9a6efe51c1d9d6dfd81,M02,M,SURPRISE,6,S5,T4,
4059,subesco,M_02_NIPUN_S_5_SURPRISE_5.wav,354348,405cb056f1607d1d8bd8210c8d5dc27e72e69e8a02ae915cf5d903d40a534ea5,M02,M,SURPRISE,6,S5,T5,
4060,subesco,M_02_NIPUN_S_6_ANGRY_1.wav,354348,b6c55205c81ebed34dcd1cc4641d1cbfe161845583012d27b8bdd81022340a8f,M02,M,ANGRY,0,S6,T1,
4061,subesco,M_02_NIPUN_S_6_ANGRY_2.wav,354348,e2da5d98bb05f2d4f8454e0ab60dc878572de07b2c04ef408fec18c7ba72a58d,M02,M,ANGRY,0,S6,T2,
4062,subesco,M_02_NIPUN_S_6_ANGRY_3.wav,354348,a1bef2c2be5aa8cca5f6466bf676160822d7a6db1776f7ffaee917b370cd1f96,M02,M,ANGRY,0,S6,T3,
4063,subesco,M_02_NIPUN_S_6_ANGRY_4.wav,354348,5313b56a9a57c6d5dacfdb060ceec5e290d16cd3991bde4bafe8cabef8d9ba73,M02,M,ANGRY,0,S6,T4,
4064,subesco,M_02_NIPUN_S_6_ANGRY_5.wav,354348,072a3bb92b468ac1e43f151357873a7d7f6295f48fdc9f571c86af8a00d11258,M02,M,ANGRY,0,S6,T5,
4065,subesco,M_02_NIPUN_S_6_DISGUST_1.wav,354348,26c325191c396c9edffe56df93d84ad5f1f52a9e45f900a52d776e7717dbde6f,M02,M,DISGUST,1,S6,T1,
4066,subesco,M_02_NIPUN_S_6_DISGUST_2.wav,354348,15e4cf2c168e262b8e4ebe41421a34c097cbd049f9eb9e900dffb2bae6d9bf83,M02,M,DISGUST,1,S6,T2,
4067,subesco,M_02_NIPUN_S_6_DISGUST_3.wav,354348,aac9c2f046429fbf76942d0b73bc79d0494cbf82a8350e0db8b1fc44c9b54e20,M02,M,DISGUST,1,S6,T3,
4068,subesco,M_02_NIPUN_S_6_DISGUST_4.wav,354348,076c7503415917f466d8d842252068bbfd34876f4f38cd5479152299ad770870,M02,M,DISGUST,1,S6,T4,
4069,subesco,M_02_NIPUN_S_6_DISGUST_5.wav,354348,8daa52c76ffa4fa19e8c2caf7141d8ddad030daa88385e2421928bb3dae772f2,M02,M,DISGUST,1,S6,T5,
4070,subesco,M_02_NIPUN_S_6_FEAR_1.wav,708652,f9c45f08f15c7553f9969a27e201382a5e756256428db7ef1e90d959c655b4b2,M02,M,FEAR,2,S6,T1,
4071,subesco,M_02_NIPUN_S_6_FEAR_2.wav,708652,dd5dc1a4edf24853aaa2d5e8b3168bcd307045a2b81df8bf273e39f75bea1842,M02,M,FEAR,2,S6,T2,
4072,subesco,M_02_NIPUN_S_6_FEAR_3.wav,708652,01969d796eec2eefe94e88aa717b3f8464ab3d12f846ab2cd491bb4322e33e32,M02,M,FEAR,2,S6,T3,
4073,subesco,M_02_NIPUN_S_6_FEAR_4.wav,708652,bb94e033fff549a1d4e33e2f15e3c564be7563f0f58824f27b5a77b160774554,M02,M,FEAR,2,S6,T4,
4074,subesco,M_02_NIPUN_S_6_FEAR_5.wav,708652,2e3e68ed9da78cf9a63b4f44a28a76f132a869e4eecf11f5aef4ec569c5a91db,M02,M,FEAR,2,S6,T5,
4075,subesco,M_02_NIPUN_S_6_HAPPY_1.wav,354348,56df0dac06198fef022ad9ebe139d2875ca1eac17652a589265f119f540c1cca,M02,M,HAPPY,3,S6,T1,
4076,subesco,M_02_NIPUN_S_6_HAPPY_2.wav,354348,14010943707227e23b8cfb03428e99a9a83ef5f9d5a6bc67c1c0e12900c4be6f,M02,M,HAPPY,3,S6,T2,
4077,subesco,M_02_NIPUN_S_6_HAPPY_3.wav,355372,b39330ad5254f3fba695cf927b52026a38f0cc436ae02bb2f22c25c560a6ffea,M02,M,HAPPY,3,S6,T3,
4078,subesco,M_02_NIPUN_S_6_HAPPY_4.wav,354348,4c48f95aa8d0e37516c32ef79e771c4c8de2517652ac022ee172ea40663df366,M02,M,HAPPY,3,S6,T4,
4079,subesco,M_02_NIPUN_S_6_HAPPY_5.wav,352300,13b52f893b2f095b8beeaa5bc7282adb076cc08399a38fe1112385e2417473d3,M02,M,HAPPY,3,S6,T5,
4080,subesco,M_02_NIPUN_S_6_NEUTRAL_1.wav,354348,5d582748a79f6c0cdb9be823b2d9a0b26d0a9e77c3bb3c16750dfe61ada76301,M02,M,NEUTRAL,4,S6,T1,
4081,subesco,M_02_NIPUN_S_6_NEUTRAL_2.wav,354348,2dc71e33ee4f8fd5b0414c0da1f8c6d12410d5b66de1946dcc5358f4658220d8,M02,M,NEUTRAL,4,S6,T2,
4082,subesco,M_02_NIPUN_S_6_NEUTRAL_3.wav,354348,09524af7343a161fd8637ed0a1bedaa7ed98a8e158f97143d3a26d921d98c073,M02,M,NEUTRAL,4,S6,T3,
4083,subesco,M_02_NIPUN_S_6_NEUTRAL_4.wav,352300,4419a117b741f580e1fc74f5914a91db85c49853c4b961587a75376eae02eb26,M02,M,NEUTRAL,4,S6,T4,
4084,subesco,M_02_NIPUN_S_6_NEUTRAL_5.wav,354348,635b5be3d65dac742c0687ce4ffadd960778188a6a2ec6d948de4f32031e83b3,M02,M,NEUTRAL,4,S6,T5,
4085,subesco,M_02_NIPUN_S_6_SAD_1.wav,708652,17c9067062b5db6c24d4e390ab21a1ef6c823359e76655327afcf97af3bab603,M02,M,SAD,5,S6,T1,
4086,subesco,M_02_NIPUN_S_6_SAD_2.wav,706604,cef40f64bd1e7259ce410861ad5b3c4958f7ce50f7c8bc9abc915b9190624233,M02,M,SAD,5,S6,T2,
4087,subesco,M_02_NIPUN_S_6_SAD_3.wav,708652,258f368b07e4f3c8d3a923c89bda5c8556868b0bfa7f2b79bafab3463936ba79,M02,M,SAD,5,S6,T3,
4088,subesco,M_02_NIPUN_S_6_SAD_4.wav,708652,660efde2da2bd070f6146207d17d8ffda8cf0c93d42fdedc64a7c8af4585d7ad,M02,M,SAD,5,S6,T4,
4089,subesco,M_02_NIPUN_S_6_SAD_5.wav,708652,a5d3b75baec48915e9698bc5f27f3360ae9a9fb95d7f68ea289728d8a3a2e136,M02,M,SAD,5,S6,T5,
4090,subesco,M_02_NIPUN_S_6_SURPRISE_1.wav,354348,1d33742b7a266150385235f8795932dcf9e321bcf787543550c6e4ef8a9bf591,M02,M,SURPRISE,6,S6,T1,
4091,subesco,M_02_NIPUN_S_6_SURPRISE_2.wav,354348,04413ccfa7ef3d8167cdb8d9b9d49e377c3d0b7bd1582cb873c4d4870b2a8743,M02,M,SURPRISE,6,S6,T2,
4092,subesco,M_02_NIPUN_S_6_SURPRISE_3.wav,354348,bdd16a786409239a7eaf86311db2ae3bde81db5951795b6caf0b9ba92e81ee8d,M02,M,SURPRISE,6,S6,T3,
4093,subesco,M_02_NIPUN_S_6_SURPRISE_4.wav,354348,e70143901dc71879efae08f36cbbb5ae04854198a4c8215dccf4449f71f6e59d,M02,M,SURPRISE,6,S6,T4,
4094,subesco,M_02_NIPUN_S_6_SURPRISE_5.wav,354348,e548892d7ba8034cf8ac5d1f2a6f1ef1148c2a648774e4ac37c6392ec3969992,M02,M,SURPRISE,6,S6,T5,
4095,subesco,M_02_NIPUN_S_7_ANGRY_1.wav,354348,b84e2938f1f72b3ec4b54eae40af4c49e9e58f9f9e730a7561655c10b8ba901d,M02,M,ANGRY,0,S7,T1,
4096,subesco,M_02_NIPUN_S_7_ANGRY_2.wav,354348,f28aea433261c0dedc1e634ccc4677120e063d5337d3c057c6360100d92f7b82,M02,M,ANGRY,0,S7,T2,
4097,subesco,M_02_NIPUN_S_7_ANGRY_3.wav,354348,f64c3b8408bf456a42494c22323a275f8669f38d60d9f393748dae68ab1203aa,M02,M,ANGRY,0,S7,T3,
4098,subesco,M_02_NIPUN_S_7_ANGRY_4.wav,354348,6ccbe8fdf02bd69a3a49541f7dd35c95c31f8f4aa1a3f78d4de1413a532e3dd5,M02,M,ANGRY,0,S7,T4,
4099,subesco,M_02_NIPUN_S_7_ANGRY_5.wav,354348,a64e952a37b521a64b3dbf4b72273ac3b0e375e30d14e2ffb62d75e6a7987a94,M02,M,ANGRY,0,S7,T5,
4100,subesco,M_02_NIPUN_S_7_DISGUST_1.wav,354348,cd4a95ae13216569b5833ab6f31966a6a468e9c7773ba302db3bdb8181b621a0,M02,M,DISGUST,1,S7,T1,
4101,subesco,M_02_NIPUN_S_7_DISGUST_2.wav,354348,ea636f2fb6d9c3c04ce603a60a43031105180542c129988369329807c474bf07,M02,M,DISGUST,1,S7,T2,
4102,subesco,M_02_NIPUN_S_7_DISGUST_3.wav,354348,6d7e285b2fb8789835e664c5bba0a15fde3de6b056c4eebdd0176d30b01d3216,M02,M,DISGUST,1,S7,T3,
4103,subesco,M_02_NIPUN_S_7_DISGUST_4.wav,354348,4f9faa469f22540f1362bbc6fba79498c6d636af098ac9f459a3383a9358e104,M02,M,DISGUST,1,S7,T4,
4104,subesco,M_02_NIPUN_S_7_DISGUST_5.wav,355372,25d1f7e1a828b55483f7aee8b44f86fb210fa3efcc57208b0b5ec169b5d7b9a6,M02,M,DISGUST,1,S7,T5,
4105,subesco,M_02_NIPUN_S_7_FEAR_1.wav,708652,82be6f43a3a96675a160f68a95580f6b8d00f930cb6912cefbc365bbbb58d6f2,M02,M,FEAR,2,S7,T1,
4106,subesco,M_02_NIPUN_S_7_FEAR_2.wav,708652,59ad60d7d3eaa817170616db4724a3e05f9cad58668f278d994db5fe6d7389b2,M02,M,FEAR,2,S7,T2,
4107,subesco,M_02_NIPUN_S_7_FEAR_3.wav,708652,c02b65d3807ee1fb9ef293ddb07b1e8027857e690ba3fbc31e63e93854668bae,M02,M,FEAR,2,S7,T3,
4108,subesco,M_02_NIPUN_S_7_FEAR_4.wav,708652,823063d3aced07c31b9ca3bcb71826eb6a4137dc2fcac69d70dcdc9316c23f18,M02,M,FEAR,2,S7,T4,
4109,subesco,M_02_NIPUN_S_7_FEAR_5.wav,708652,872e2120ea366bf75ecda00e39d6dd84a09a6011422bea63dfda2e1826d2bdc6,M02,M,FEAR,2,S7,T5,
4110,subesco,M_02_NIPUN_S_7_HAPPY_1.wav,354348,50faf531d2b9e62ed81a40fd9480af82c7c7b661c7000a71224473dc7c26741c,M02,M,HAPPY,3,S7,T1,
4111,subesco,M_02_NIPUN_S_7_HAPPY_2.wav,354348,0de8766d6c8042bfda7a43ea334a093835c151101c4a73d544b8463008fb421c,M02,M,HAPPY,3,S7,T2,
4112,subesco,M_02_NIPUN_S_7_HAPPY_3.wav,354348,700dd3c7dae06f345a486fc6382b035b662466b0c6f406584a426a5508eae574,M02,M,HAPPY,3,S7,T3,
4113,subesco,M_02_NIPUN_S_7_HAPPY_4.wav,354348,f9030235f0eb2a7b19decc320884fe13f6348ad36ae678809bb9173a07d0ef87,M02,M,HAPPY,3,S7,T4,
4114,subesco,M_02_NIPUN_S_7_HAPPY_5.wav,354348,346046187ad2c094881b3f7cba1a366d806c862dbb5123d522c93809c2b89178,M02,M,HAPPY,3,S7,T5,
4115,subesco,M_02_NIPUN_S_7_NEUTRAL_1.wav,355372,29eab063be2269fa8635ac0b0fc42a260a7fe2003a25bec1a4a9b40014f41171,M02,M,NEUTRAL,4,S7,T1,
4116,subesco,M_02_NIPUN_S_7_NEUTRAL_2.wav,354348,dd7e70919bee2b9a5f039a1cb89f0945253a1bcacb1aaba6e24ffaca2d80aa47,M02,M,NEUTRAL,4,S7,T2,
4117,subesco,M_02_NIPUN_S_7_NEUTRAL_3.wav,355372,4c4c218ee83b1f4d8a54585ef48560c48abcf147a8f9cf178cd74ecf4121505a,M02,M,NEUTRAL,4,S7,T3,
4118,subesco,M_02_NIPUN_S_7_NEUTRAL_4.wav,354348,ed711361b5d78f4745348081ed852d87c90e3411d2872a938f9b1e31e8b44eff,M02,M,NEUTRAL,4,S7,T4,
4119,subesco,M_02_NIPUN_S_7_NEUTRAL_5.wav,354348,99862d4d657b60487e90f1e281f0c6ee66e9053068bcd216043b3a2c8f208b57,M02,M,NEUTRAL,4,S7,T5,
4120,subesco,M_02_NIPUN_S_7_SAD_1.wav,706604,12060434805a29202d8400cfb570009d0ac9c666a184e1a19aa0c6fd54b5101d,M02,M,SAD,5,S7,T1,
4121,subesco,M_02_NIPUN_S_7_SAD_2.wav,708652,beaf5fffe01bc130338e825e9853b1ff91cd449c94e2fa6a75f448f7aac7c0ae,M02,M,SAD,5,S7,T2,
4122,subesco,M_02_NIPUN_S_7_SAD_3.wav,708652,a685cff15b78b71987c5eb4a97e3b898fdf1ea359622e5dc832f512845b35611,M02,M,SAD,5,S7,T3,
4123,subesco,M_02_NIPUN_S_7_SAD_4.wav,708652,dd61431821ea6a7dca5c2beccb2d334361cdba4bf423860b1c85baeeb51eddef,M02,M,SAD,5,S7,T4,
4124,subesco,M_02_NIPUN_S_7_SAD_5.wav,706604,9a336be15660a8def673403f2e6e542848dcc45db3e8734fe023b0ae7d44fae2,M02,M,SAD,5,S7,T5,
4125,subesco,M_02_NIPUN_S_7_SURPRISE_1.wav,357420,f4c64a748f2e47a903bd6c4baf04d28b669624bcbbef9408896cb185b6d584de,M02,M,SURPRISE,6,S7,T1,
4126,subesco,M_02_NIPUN_S_7_SURPRISE_2.wav,354348,3dd8a03331b65628d1edab337f4768a2b30382d1e5096001ade7ad516afc4596,M02,M,SURPRISE,6,S7,T2,
4127,subesco,M_02_NIPUN_S_7_SURPRISE_3.wav,354348,dc26c44d35311592c408a4936920cb18605ead04cb42faab2d4859b479d608ee,M02,M,SURPRISE,6,S7,T3,
4128,subesco,M_02_NIPUN_S_7_SURPRISE_4.wav,354348,d8afeaa99277ee7b535021601e43e97591525bce25b20b783a09b0f1e52113cb,M02,M,SURPRISE,6,S7,T4,
4129,subesco,M_02_NIPUN_S_7_SURPRISE_5.wav,354348,bcb80384d4807ba6f104c1adbf491bec8d24415a51d3ab270514e39542cf13d2,M02,M,SURPRISE,6,S7,T5,
4130,subesco,M_02_NIPUN_S_8_ANGRY_1.wav,354348,88a95b16bf746e9b08983c94d06d3783fb3cac8575c7431e2a0e111771f4e3a1,M02,M,ANGRY,0,S8,T1,
4131,subesco,M_02_NIPUN_S_8_ANGRY_2.wav,354348,49a5522fbc590f0e1288f3324c01130756825f4486d5276ad29ce572f971c5ec,M02,M,ANGRY,0,S8,T2,
4132,subesco,M_02_NIPUN_S_8_ANGRY_3.wav,354348,2c6772be42ca9df9da5202ea5d2ba3e735afa406709bedef738ca4cae2a56a2c,M02,M,ANGRY,0,S8,T3,
4133,subesco,M_02_NIPUN_S_8_ANGRY_4.wav,354348,ff3f60eeb8f6eb6433b19ca0b0152713b7f4ecdd004487ddb7e63704c566771f,M02,M,ANGRY,0,S8,T4,
4134,subesco,M_02_NIPUN_S_8_ANGRY_5.wav,354348,e3ab2ff8ee3c60732ce2b13fda49a6e7f5c004a6dac579549005b743a2843d76,M02,M,ANGRY,0,S8,T5,
4135,subesco,M_02_NIPUN_S_8_DISGUST_1.wav,354348,fda1dd70e838f14d60426183d2c0197f04d8d7eacc412bba1408f79f5f88cd6b,M02,M,DISGUST,1,S8,T1,
4136,subesco,M_02_NIPUN_S_8_DISGUST_2.wav,354348,a78892ddcbf3cbdea7b22befcd903d4487767def8f3bca8f32286ddc7d255813,M02,M,DISGUST,1,S8,T2,
4137,subesco,M_02_NIPUN_S_8_DISGUST_3.wav,354348,9e84d971ddd9fe81429c12b2fe824290679296589c891ecb15fc00940c7fe2b4,M02,M,DISGUST,1,S8,T3,
4138,subesco,M_02_NIPUN_S_8_DISGUST_4.wav,354348,8d372c205b7f51aaaa798f9bd85593cf5aa9ec1c6f90a8e1a0221640f86b471f,M02,M,DISGUST,1,S8,T4,
4139,subesco,M_02_NIPUN_S_8_DISGUST_5.wav,354348,1e2e8090c6626fb78195e9898287152661ba01b450a42b0ddf77fb230c589a7b,M02,M,DISGUST,1,S8,T5,
4140,subesco,M_02_NIPUN_S_8_FEAR_1.wav,708652,0e02def340573b7cf1e563f54166ca0da10ebb59df2633f8dd7847e82bc980da,M02,M,FEAR,2,S8,T1,
4141,subesco,M_02_NIPUN_S_8_FEAR_2.wav,708652,093dafa1c6e0baf522cee6fa094c3c6007d6862ace6c89fae2bb31befe8e265e,M02,M,FEAR,2,S8,T2,
4142,subesco,M_02_NIPUN_S_8_FEAR_3.wav,708652,1c1e6de55a6269938576041d9ddb79356fb14d4581562c3a3cabc0918f3b3a86,M02,M,FEAR,2,S8,T3,
4143,subesco,M_02_NIPUN_S_8_FEAR_4.wav,708652,a20cff9f822f8172146434ba4c151e93de223078d1cd9173659e9d9ff15039c9,M02,M,FEAR,2,S8,T4,
4144,subesco,M_02_NIPUN_S_8_FEAR_5.wav,708652,e2dedb59903dd3bd675fc51a8aa5873d0cdad1b7d08ec003fde630b81c6ba2a6,M02,M,FEAR,2,S8,T5,
4145,subesco,M_02_NIPUN_S_8_HAPPY_1.wav,354348,e9bc6ed1ebfda3a6068b82f37cf2b14f21854040b7a7114fd82b14f964bc3880,M02,M,HAPPY,3,S8,T1,
4146,subesco,M_02_NIPUN_S_8_HAPPY_2.wav,354348,b3843e0887e2c72282346a545cb14b97064e5427a00cb138ab93d669ae25d83a,M02,M,HAPPY,3,S8,T2,
4147,subesco,M_02_NIPUN_S_8_HAPPY_3.wav,354348,0e09fd269ece882af5f7a2630b0031e7ea11d1cdbca83f159dcd6764d555a8d3,M02,M,HAPPY,3,S8,T3,
4148,subesco,M_02_NIPUN_S_8_HAPPY_4.wav,354348,d12a34dca3d570ce708fd7413ac2f9920870722032d8ce238ee4057ac18c1c94,M02,M,HAPPY,3,S8,T4,
4149,subesco,M_02_NIPUN_S_8_HAPPY_5.wav,354348,60ce697c205579e2f70cf9a11d9dbc623aad025dbb993e8114339ab69fc9c264,M02,M,HAPPY,3,S8,T5,
4150,subesco,M_02_NIPUN_S_8_NEUTRAL_1.wav,354348,150de2b1d62f0a729c29a12e423e9633977f340f2c753b3919b1c9c2763c6db3,M02,M,NEUTRAL,4,S8,T1,
4151,subesco,M_02_NIPUN_S_8_NEUTRAL_2.wav,354348,8f156e182b1c82cb429368c113e6b7f3367bf1c69977886568191da8d3580b83,M02,M,NEUTRAL,4,S8,T2,
4152,subesco,M_02_NIPUN_S_8_NEUTRAL_3.wav,354348,57c58156a36a3ccef079f602450654adf0b391f7f41d80608b2267a041f591b7,M02,M,NEUTRAL,4,S8,T3,
4153,subesco,M_02_NIPUN_S_8_NEUTRAL_4.wav,354348,88413f0a436043a2756464522db2e1e31bf772784d50090e3eecf094b83bf784,M02,M,NEUTRAL,4,S8,T4,
4154,subesco,M_02_NIPUN_S_8_NEUTRAL_5.wav,354348,84edb8e777846e6ae93cca94d18f17f1b8143463b83ba02a0a3c0d576b7d326d,M02,M,NEUTRAL,4,S8,T5,
4155,subesco,M_02_NIPUN_S_8_SAD_1.wav,708652,f24bbbdb69ec3ba61dab4db9c06d3de399a19eb8ed8a4fff8d2cba2ca30f6eb7,M02,M,SAD,5,S8,T1,
4156,subesco,M_02_NIPUN_S_8_SAD_2.wav,708652,d038a582e8aa722591270ef8ac1463709b05209db230794cb0a08dc2b98199c4,M02,M,SAD,5,S8,T2,
4157,subesco,M_02_NIPUN_S_8_SAD_3.wav,708652,16dddbbdd81b5e7918150c8c2abaf84df8d869c3a4ea523ef956c397eaa072a2,M02,M,SAD,5,S8,T3,
4158,subesco,M_02_NIPUN_S_8_SAD_4.wav,708652,4b273f8e16d256ffe7311ffa85ebaf7466db235baa1caac96b517af6d6d2a7af,M02,M,SAD,5,S8,T4,
4159,subesco,M_02_NIPUN_S_8_SAD_5.wav,708652,8038bba93418c3caded7e4a59c8010d5d1c5182414ce0316856c1f00d199aca5,M02,M,SAD,5,S8,T5,
4160,subesco,M_02_NIPUN_S_8_SURPRISE_1.wav,354348,b3e54032a1db4c04e013aea5642744f0bbf6cb5e6cbd930ce97659cd055fa3f7,M02,M,SURPRISE,6,S8,T1,
4161,subesco,M_02_NIPUN_S_8_SURPRISE_2.wav,354348,0fd24d5146c8f36ba71b4d62321a58b3a709707e181728c7b6e09d2cc6d49b63,M02,M,SURPRISE,6,S8,T2,
4162,subesco,M_02_NIPUN_S_8_SURPRISE_3.wav,354348,09f4df7f46f62e04b82dada30bc57bb50974e8a9332e5e701b48dbb32934e647,M02,M,SURPRISE,6,S8,T3,
4163,subesco,M_02_NIPUN_S_8_SURPRISE_4.wav,354348,942b1927697345b72ac35f3821faa9da7682ff36507b32b28a8b8ef57893ba56,M02,M,SURPRISE,6,S8,T4,
4164,subesco,M_02_NIPUN_S_8_SURPRISE_5.wav,354348,478463d76e7ba6888de1df72bedcb5a93532b1996d9568309a4affb7a44ef028,M02,M,SURPRISE,6,S8,T5,
4165,subesco,M_02_NIPUN_S_9_ANGRY_1.wav,354348,82f15183a8f3d0c772b07092970898ab95e11260107cc08fe012f1239540a5e7,M02,M,ANGRY,0,S9,T1,
4166,subesco,M_02_NIPUN_S_9_ANGRY_2.wav,354348,c13e7dd731f4b240e1d6902d3f244dc4f1e40236597c09b838053e972be17805,M02,M,ANGRY,0,S9,T2,
4167,subesco,M_02_NIPUN_S_9_ANGRY_3.wav,354348,010042620823d6bdc5f17cec93fb4e6fb5cd2620f13e8d7c25e97bad82bf2cf4,M02,M,ANGRY,0,S9,T3,
4168,subesco,M_02_NIPUN_S_9_ANGRY_4.wav,354348,03c707b3b46bf58da6e363c00cbf3b1ab7ab3331b0087db2f4b272ba3166404c,M02,M,ANGRY,0,S9,T4,
4169,subesco,M_02_NIPUN_S_9_ANGRY_5.wav,354348,891c06ac291d65ba01d7d355e21ab6e1364ff6c66ddd06ca7ff3c06e9d13311b,M02,M,ANGRY,0,S9,T5,
4170,subesco,M_02_NIPUN_S_9_DISGUST_1.wav,356396,3aa18788b1e4b0bd82c0938584e47788e81b00bc8e85c7480b3a24fc91bfff5e,M02,M,DISGUST,1,S9,T1,
4171,subesco,M_02_NIPUN_S_9_DISGUST_2.wav,356396,f31f95e66458f7f167527937a3237581521398b5406c36c6d239b0497052b562,M02,M,DISGUST,1,S9,T2,
4172,subesco,M_02_NIPUN_S_9_DISGUST_3.wav,354348,2d51fc6d7e8b1af8adfa189540d256e8e51bb07269cff0cf886035f6eaed4db5,M02,M,DISGUST,1,S9,T3,
4173,subesco,M_02_NIPUN_S_9_DISGUST_4.wav,353324,ba5a16be441243d08f1c0355a7ea564eefc6f2fad165440752bd579c2f5b3396,M02,M,DISGUST,1,S9,T4,
4174,subesco,M_02_NIPUN_S_9_DISGUST_5.wav,356396,72a373da6a93a6ef49af54eded16a780f1b58a191419233084b99d7ac63b88dd,M02,M,DISGUST,1,S9,T5,
4175,subesco,M_02_NIPUN_S_9_FEAR_1.wav,708652,026eb6c83f7d4c72ed8ecb01d0769466b3ae90e107ca3e9bd46aba25bd66b5c0,M02,M,FEAR,2,S9,T1,
4176,subesco,M_02_NIPUN_S_9_FEAR_2.wav,708652,7f4a3138e806450e47733c34960f786a5e1cc188501ceaedcbe84af169a60cfe,M02,M,FEAR,2,S9,T2,
4177,subesco,M_02_NIPUN_S_9_FEAR_3.wav,708652,60636460b68c6b0cced2a419ba05684ab2559a425076acd880e02a2cb0a226de,M02,M,FEAR,2,S9,T3,
4178,subesco,M_02_NIPUN_S_9_FEAR_4.wav,708652,f94f52ac6e64b65fae991a560e823a0dc6ffd9f00e85e3b8b831c84f85e5c6cc,M02,M,FEAR,2,S9,T4,
4179,subesco,M_02_NIPUN_S_9_FEAR_5.wav,708652,fc1f7b8396a582cd631fa240672f2ea2f883c850ed688193d79ba3df1e689e35,M02,M,FEAR,2,S9,T5,
4180,subesco,M_02_NIPUN_S_9_HAPPY_1.wav,354348,ddc675dee09970920434a04bfe075f6a88356a0930090cbb9cd329fd9559d105,M02,M,HAPPY,3,S9,T1,
4181,subesco,M_02_NIPUN_S_9_HAPPY_2.wav,354348,0753fb3f40a82a756403221b15871aa45e521d96b7b35a79777f34b5203767c4,M02,M,HAPPY,3,S9,T2,
4182,subesco,M_02_NIPUN_S_9_HAPPY_3.wav,354348,dc438e6ae26fab2cbb989d7f73d9c4c06578a3f72789c33bba28fc7abc294be3,M02,M,HAPPY,3,S9,T3,
4183,subesco,M_02_NIPUN_S_9_HAPPY_4.wav,354348,69fe70ee09a690737a469bde2015571ca12d2ae44e34611abeae9bb075e1f98a,M02,M,HAPPY,3,S9,T4,
4184,subesco,M_02_NIPUN_S_9_HAPPY_5.wav,354348,525224c50cdbca6022227ee4c317d4c76a05aa01a9ed5044d36e856916577066,M02,M,HAPPY,3,S9,T5,
4185,subesco,M_02_NIPUN_S_9_NEUTRAL_1.wav,354348,bd476ebfdc4fa273a9eb8882ad3a4808985be6df6b7c4e11cd58971b807cabb4,M02,M,NEUTRAL,4,S9,T1,
4186,subesco,M_02_NIPUN_S_9_NEUTRAL_2.wav,354348,d9f943b35efcd120d45ace2c7e12fa614f20149933d2950fb325ab1bd0893bda,M02,M,NEUTRAL,4,S9,T2,
4187,subesco,M_02_NIPUN_S_9_NEUTRAL_3.wav,354348,686775881706caeb2daad5b3df762fbf9d9eb553bf255c320e1fab192f19186c,M02,M,NEUTRAL,4,S9,T3,
4188,subesco,M_02_NIPUN_S_9_NEUTRAL_4.wav,354348,99f2f37aef6b1a14fc645fba8f3ec81482b980991fce4bd9e893282b7d2a8648,M02,M,NEUTRAL,4,S9,T4,
4189,subesco,M_02_NIPUN_S_9_NEUTRAL_5.wav,354348,58de4b45c7ca4ab64a4e611098ee291fd5aa4f93fe84fbb1496fa6f444100951,M02,M,NEUTRAL,4,S9,T5,
4190,subesco,M_02_NIPUN_S_9_SAD_1.wav,708652,9895a5eddee01dae41d55bc08c54ca93064537850e8e53fc957782412289f85a,M02,M,SAD,5,S9,T1,
4191,subesco,M_02_NIPUN_S_9_SAD_2.wav,708652,4cb6293dfc6f5efdab176a9031c765510435a5bad51474ac260fbcbfa7b607ad,M02,M,SAD,5,S9,T2,
4192,subesco,M_02_NIPUN_S_9_SAD_3.wav,710700,1da328596f7b63026d9dc85b72bc599e8adce503ad8b23f666b01a288b70e909,M02,M,SAD,5,S9,T3,
4193,subesco,M_02_NIPUN_S_9_SAD_4.wav,710700,6578e589ad96ff3de8f3a1eb9a7defda53013ea31e261fb6ac91597b85d03f1b,M02,M,SAD,5,S9,T4,
4194,subesco,M_02_NIPUN_S_9_SAD_5.wav,708652,4c87659a45e30b09f94b3ef7fc32d84ec82c1274afc21f59d1e4ea82ca8c728a,M02,M,SAD,5,S9,T5,
4195,subesco,M_02_NIPUN_S_9_SURPRISE_1.wav,354348,1db900be2939f558bfff2bdfae533c7d90fdcef1d9d13eb2bf9e1c4e2a1897bd,M02,M,SURPRISE,6,S9,T1,
4196,subesco,M_02_NIPUN_S_9_SURPRISE_2.wav,354348,b3ffc7797b4fba703f76152258b8b7b919fae3cfd547ca43b5394677815f92fe,M02,M,SURPRISE,6,S9,T2,
4197,subesco,M_02_NIPUN_S_9_SURPRISE_3.wav,354348,009ca35c7ec64e055808da0fa77d9361f54a15395dd397c235ec52d41d40be22,M02,M,SURPRISE,6,S9,T3,
4198,subesco,M_02_NIPUN_S_9_SURPRISE_4.wav,354348,0e8aef0026f4145f30cba1afd09588b89a40ac5a84297382cc4f75471e83f7ad,M02,M,SURPRISE,6,S9,T4,
4199,subesco,M_02_NIPUN_S_9_SURPRISE_5.wav,354348,bc75ff1b412cf59fa957c5a19608458cdea03b9fd9169a8893c74ecc3dd7272e,M02,M,SURPRISE,6,S9,T5,
4200,subesco,M_03_ILIAS_S_10_ANGRY_1.wav,353324,f37b8fdaa36f1135e7c386dab63c4a133bad8fa39d30ed0f8ab8bafe1b56027e,M03,M,ANGRY,0,S10,T1,
4201,subesco,M_03_ILIAS_S_10_ANGRY_2.wav,354348,97ce99bf0d0aa8ca0ab6e23ac9cc562af2f1ad46292802703a5d323325bb535f,M03,M,ANGRY,0,S10,T2,
4202,subesco,M_03_ILIAS_S_10_ANGRY_3.wav,354348,e86a1e446f43e79f4bfbd44589f0855f821efb80d76d25233502cffaeafd54dc,M03,M,ANGRY,0,S10,T3,
4203,subesco,M_03_ILIAS_S_10_ANGRY_4.wav,354348,406b40aba21fca759363da998570e6430085cfcaaec7afb5804b100998894c5b,M03,M,ANGRY,0,S10,T4,
4204,subesco,M_03_ILIAS_S_10_ANGRY_5.wav,353324,2d7e4e8f8253f4c8f3578c895fe0dad18587afd4e7d424a0e6ba6c2cbab8fa93,M03,M,ANGRY,0,S10,T5,
4205,subesco,M_03_ILIAS_S_10_DISGUST_1.wav,354348,22ebc56ba018af455fad75baaf07425a4e976ecba647b8fed235f48734cdfcaf,M03,M,DISGUST,1,S10,T1,
4206,subesco,M_03_ILIAS_S_10_DISGUST_2.wav,354348,8301741db0bf6a5a1955f68ed666bf325f87dcc1cc60948e2005b879f297813b,M03,M,DISGUST,1,S10,T2,
4207,subesco,M_03_ILIAS_S_10_DISGUST_3.wav,353324,d7b6164e8bad6347fd15965f95b2cf9890da652c9b0a3f1fd12ebac3ff060693,M03,M,DISGUST,1,S10,T3,
4208,subesco,M_03_ILIAS_S_10_DISGUST_4.wav,354348,2529ee35c899da16ebe08732be3d706b5c87bf781814f39717dd34c34b6824cc,M03,M,DISGUST,1,S10,T4,
4209,subesco,M_03_ILIAS_S_10_DISGUST_5.wav,354348,7c23849e1b9bfdb0848db147fe5f75eb39d0c918efb3aeaedb83eaeb045d466b,M03,M,DISGUST,1,S10,T5,
4210,subesco,M_03_ILIAS_S_10_FEAR_1.wav,354348,921cdcd85634016713f23f9e1a6400e7831c96da35dec99cb1867d8fcd7308b0,M03,M,FEAR,2,S10,T1,
4211,subesco,M_03_ILIAS_S_10_FEAR_2.wav,354348,1438b2ccfa03dd4a4369c2942d9399d0c1c039e105978eb29e0a5bcde0a26bc8,M03,M,FEAR,2,S10,T2,
4212,subesco,M_03_ILIAS_S_10_FEAR_3.wav,354348,4fea7f865b574d22b6678c239cc57fb675ead28af35179e0add11c2398be6136,M03,M,FEAR,2,S10,T3,
4213,subesco,M_03_ILIAS_S_10_FEAR_4.wav,354348,729eb21c1c408ff0ca187a20c342856358478ea895fa09ebd24124c7d1ab7678,M03,M,FEAR,2,S10,T4,
4214,subesco,M_03_ILIAS_S_10_FEAR_5.wav,353324,0c5e026ca1657f5cb5182c736615c9c5bdd826dabc86cd1714ca9233d8169d1f,M03,M,FEAR,2,S10,T5,
4215,subesco,M_03_ILIAS_S_10_HAPPY_1.wav,354348,03f784d3b2790d579db95f8dc5a6e942a6d368087bf850278d2faea0a210f3f7,M03,M,HAPPY,3,S10,T1,
4216,subesco,M_03_ILIAS_S_10_HAPPY_2.wav,353324,cfc6d8f7a1516a0f200764d79b225f04b47089ffe7a37b2586712eeca5f6741d,M03,M,HAPPY,3,S10,T2,
4217,subesco,M_03_ILIAS_S_10_HAPPY_3.wav,353324,f6ef8d0d133d9451ab5e43c83d22989e67dcda64c4da7bddd0b2cfe7678651bd,M03,M,HAPPY,3,S10,T3,
4218,subesco,M_03_ILIAS_S_10_HAPPY_4.wav,353324,17dcdbb53dd8a0479835bb9e3b6b8276feaa4310ee8163657c13c225bdfd1e03,M03,M,HAPPY,3,S10,T4,
4219,subesco,M_03_ILIAS_S_10_HAPPY_5.wav,353324,7e3412897053966cb6f9842f01cd3d7ae8de39e1e950373ffe5cc9c2feb9a351,M03,M,HAPPY,3,S10,T5,
4220,subesco,M_03_ILIAS_S_10_NEUTRAL_1.wav,354348,7c1b35beb4ace938ffd188630496f299adc70d4d61a3a1ced52281492938d141,M03,M,NEUTRAL,4,S10,T1,
4221,subesco,M_03_ILIAS_S_10_NEUTRAL_2.wav,354348,98100a0d31d791e32a0377527ad9dc8db347e0fb2e1e7029f194c0dbf601d4f7,M03,M,NEUTRAL,4,S10,T2,
4222,subesco,M_03_ILIAS_S_10_NEUTRAL_3.wav,354348,b6675628d53881b5d8e067a455d65213219753c9640e6573c687ab691a4cf2c9,M03,M,NEUTRAL,4,S10,T3,
4223,subesco,M_03_ILIAS_S_10_NEUTRAL_4.wav,354348,d4b50ad595f93c8df8876a40048b75b4d4d21bf30c9ff8fbe705f17b8d6bce0c,M03,M,NEUTRAL,4,S10,T4,
4224,subesco,M_03_ILIAS_S_10_NEUTRAL_5.wav,353324,96c78457caac6192aa01c7875d6f9e3951b76143ec2ca0d2308e0f86f534692c,M03,M,NEUTRAL,4,S10,T5,
4225,subesco,M_03_ILIAS_S_10_SAD_1.wav,354348,5170a68ace707bded3e74aa769152ddbcdbca0cb1080b8ff3068162a887aa979,M03,M,SAD,5,S10,T1,
4226,subesco,M_03_ILIAS_S_10_SAD_2.wav,354348,e92437c6e0be13882e05fb85771493b16b87679103b0f0b1479a890d3693c918,M03,M,SAD,5,S10,T2,
4227,subesco,M_03_ILIAS_S_10_SAD_3.wav,354348,a51040f1a59ec09bd7ad40f3a60045ee44e68babbfae420faa5c3aaa148f2c7e,M03,M,SAD,5,S10,T3,
4228,subesco,M_03_ILIAS_S_10_SAD_4.wav,354348,c1c8820d11e0428e1796a76001f520182859e3764767de6ed9e87aa36fb82a78,M03,M,SAD,5,S10,T4,
4229,subesco,M_03_ILIAS_S_10_SAD_5.wav,353324,ed8d5f7efd5c305fad579580c8c6fb9ed3584aedd546e13cd7eca79769d8ea51,M03,M,SAD,5,S10,T5,
4230,subesco,M_03_ILIAS_S_10_SURPRISE_1.wav,353324,cc2e0586d2d99de91a2c89b26c926cb43827fdd07f2990ae395f46434e454295,M03,M,SURPRISE,6,S10,T1,
4231,subesco,M_03_ILIAS_S_10_SURPRISE_2.wav,354348,185eb04755d7a54066b3ee2bea204fb0504bef6255158b1cdafa1d8f7051e53a,M03,M,SURPRISE,6,S10,T2,
4232,subesco,M_03_ILIAS_S_10_SURPRISE_3.wav,352300,62767c0c57811d013fa79b0f94797c3ceee35ad21b56a1ea679e53c766e2cc2b,M03,M,SURPRISE,6,S10,T3,
4233,subesco,M_03_ILIAS_S_10_SURPRISE_4.wav,354348,c1424c40cbd9d486743d718e5aafaf3d6ffc97c1822698682ce6521275993297,M03,M,SURPRISE,6,S10,T4,
4234,subesco,M_03_ILIAS_S_10_SURPRISE_5.wav,354348,9b51b97ef8236d0d94ff9e1fc05a52d2a16f9b25794196096d34d190574e89f7,M03,M,SURPRISE,6,S10,T5,
4235,subesco,M_03_ILIAS_S_1_ANGRY_1.wav,353324,592e54fe215726c1f15a5c367d81b3b96dd9a84ca59cea68b5e4e1de6c949cfd,M03,M,ANGRY,0,S1,T1,
4236,subesco,M_03_ILIAS_S_1_ANGRY_2.wav,354348,30bad45a1f371f2bb79269f69de69d468e4f41755067ef074d499ed1cdb3b410,M03,M,ANGRY,0,S1,T2,
4237,subesco,M_03_ILIAS_S_1_ANGRY_3.wav,354348,dc19d1b5c0f4a383daf75e9b0c8576c33ed3fb9105f97003645847fa06ffe260,M03,M,ANGRY,0,S1,T3,
4238,subesco,M_03_ILIAS_S_1_ANGRY_4.wav,353324,d9b972a9f46c989ce87d1401460f185d97b7de81fa903cce9e69af6a90ab36fe,M03,M,ANGRY,0,S1,T4,
4239,subesco,M_03_ILIAS_S_1_ANGRY_5.wav,354348,7b0f07620c1e2980db2a4bf0d4f670be6a8aee3f47984e5df84129b0ba07237a,M03,M,ANGRY,0,S1,T5,
4240,subesco,M_03_ILIAS_S_1_DISGUST_1.wav,354348,23f5486af087370d0a0e35c8ee367485334529e51693bb50f346e2576ca2b36d,M03,M,DISGUST,1,S1,T1,
4241,subesco,M_03_ILIAS_S_1_DISGUST_2.wav,354348,5b5ea2783bd62473c71d2b34414c4f37e88d0a6b5cac76100daa0f414db584c7,M03,M,DISGUST,1,S1,T2,
4242,subesco,M_03_ILIAS_S_1_DISGUST_3.wav,354348,df8891232c5c276d7e3417fea6da0d26b1c9d309961285a5678fa77cfed44873,M03,M,DISGUST,1,S1,T3,
4243,subesco,M_03_ILIAS_S_1_DISGUST_4.wav,354348,1700a010c215753bf6cd14a3b01fd5adc6dc4a756b67db2d997277d0cd4676a1,M03,M,DISGUST,1,S1,T4,
4244,subesco,M_03_ILIAS_S_1_DISGUST_5.wav,354348,2a961b72243a4484f2b69b2239e990e56a51885f2b6a6cd60bcecdf2833d010f,M03,M,DISGUST,1,S1,T5,
4245,subesco,M_03_ILIAS_S_1_FEAR_1.wav,354348,6f159f13afec07e0804859240f0b8498f7d8cad6f24e821013650f4de98647f7,M03,M,FEAR,2,S1,T1,
4246,subesco,M_03_ILIAS_S_1_FEAR_2.wav,354348,47740c7637d5f13687c17e0782bf5a6f8671614ab6e353ef0d271ebc478dfab7,M03,M,FEAR,2,S1,T2,
4247,subesco,M_03_ILIAS_S_1_FEAR_3.wav,354348,4b2f34dbd4a57172ff4e51e4ba9636f43d19762ffec800a5672f16f7c5bb731f,M03,M,FEAR,2,S1,T3,
4248,subesco,M_03_ILIAS_S_1_FEAR_4.wav,353324,fe531cd0522bd8499317a25d857a8f52efd6fad177ff5a9856e44d436cef47bb,M03,M,FEAR,2,S1,T4,
4249,subesco,M_03_ILIAS_S_1_FEAR_5.wav,354348,4b5314271cf3a9382ae6ba3d2f079d1c5c0fbfeace7bcf65996068cb72f95fe7,M03,M,FEAR,2,S1,T5,
4250,subesco,M_03_ILIAS_S_1_HAPPY_1.wav,352300,e70e5c09df0819c891249754e4697f112a684ba38be5133db95be67df4cc76c7,M03,M,HAPPY,3,S1,T1,
4251,subesco,M_03_ILIAS_S_1_HAPPY_2.wav,354348,58fd2266253414c6f4ff295e60df4d30bd81e1db45ed437587b3975a42f3e694,M03,M,HAPPY,3,S1,T2,
4252,subesco,M_03_ILIAS_S_1_HAPPY_3.wav,354348,6baff8276d9987b43e0215497bf9b08f8c572dc75aea2ca80bf5c7d814b917a7,M03,M,HAPPY,3,S1,T3,
4253,subesco,M_03_ILIAS_S_1_HAPPY_4.wav,354348,244865d18572341a91ecfc044dd2796f2b44d180d67104b1689187e2058df1a0,M03,M,HAPPY,3,S1,T4,
4254,subesco,M_03_ILIAS_S_1_HAPPY_5.wav,353324,a46aeffd6655113ea4500ba54a9ab5bd56b64f303ddd03e6b6fef36d4f859d4f,M03,M,HAPPY,3,S1,T5,
4255,subesco,M_03_ILIAS_S_1_NEUTRAL_1.wav,353324,eee0a65294a150e6b9a39d660f37002c410914c77e0748e9d958245502e882fe,M03,M,NEUTRAL,4,S1,T1,
4256,subesco,M_03_ILIAS_S_1_NEUTRAL_2.wav,353324,19f2c8a589aa87a6969b14b09409e982b6c13c4cae7880e9a061288deb779bb7,M03,M,NEUTRAL,4,S1,T2,
4257,subesco,M_03_ILIAS_S_1_NEUTRAL_3.wav,355372,7c526c12046f7de7055c2de88df192f1d7e9a50c265258928359ac79ccbdcedf,M03,M,NEUTRAL,4,S1,T3,
4258,subesco,M_03_ILIAS_S_1_NEUTRAL_4.wav,354348,5e47d2008bc9cf9ce9e15a8f9e8677e91fcf5c514d02f6ba01b625e5029724eb,M03,M,NEUTRAL,4,S1,T4,
4259,subesco,M_03_ILIAS_S_1_NEUTRAL_5.wav,353324,f06f40563a0bbd8d6d8e1b6c9a1bf89efd34f563834bed51ea29e251a71a72ad,M03,M,NEUTRAL,4,S1,T5,
4260,subesco,M_03_ILIAS_S_1_SAD_1.wav,354348,1add722bd3692916a0fa16c12e86de3394832129dfd343af54cbd59105c0bdfd,M03,M,SAD,5,S1,T1,
4261,subesco,M_03_ILIAS_S_1_SAD_2.wav,354348,fd1008d47828ea78ff7d03ab300e4080ea906b86ddfd5e90ce6d8faec6f51b59,M03,M,SAD,5,S1,T2,
4262,subesco,M_03_ILIAS_S_1_SAD_3.wav,352300,3c510787312089f71e63e8f8b5ba0c8bf907378872d70b5de12ae4c5660d5e03,M03,M,SAD,5,S1,T3,
4263,subesco,M_03_ILIAS_S_1_SAD_4.wav,353324,af49cd34cc66c9b8173142ca960027dae17b9f3348f0eafdea45d7476d50994f,M03,M,SAD,5,S1,T4,
4264,subesco,M_03_ILIAS_S_1_SAD_5.wav,355372,a02763e8613e59723b47a52a47b3b59a23cc002eb63d62e2d5623a8b2fd3c5c9,M03,M,SAD,5,S1,T5,
4265,subesco,M_03_ILIAS_S_1_SURPRISE_1.wav,354348,116ebc6c2f77eeae2e0d5f3765936af02920c99cd87f8ed14107edd7e1b1597a,M03,M,SURPRISE,6,S1,T1,
4266,subesco,M_03_ILIAS_S_1_SURPRISE_2.wav,354348,5a7d84f88190e61ad4daf75d0b8ed80ff11e8771668afe301abc54373236f485,M03,M,SURPRISE,6,S1,T2,
4267,subesco,M_03_ILIAS_S_1_SURPRISE_3.wav,354348,2d580460acf062833bc4d7c05d6c846e32bb7d9b42027b007a8aca0f85450e42,M03,M,SURPRISE,6,S1,T3,
4268,subesco,M_03_ILIAS_S_1_SURPRISE_4.wav,354348,be71c25f9574a42d705d5ba4456635460c15a44317f8c32d4572df31996adbb6,M03,M,SURPRISE,6,S1,T4,
4269,subesco,M_03_ILIAS_S_1_SURPRISE_5.wav,354348,fddd5aa569364e22d45fb77f5f8692109b0c7009fdc79fc516c8e5ae808d098e,M03,M,SURPRISE,6,S1,T5,
4270,subesco,M_03_ILIAS_S_2_ANGRY_1.wav,354348,c2384e38bbaf44145433909be35ca69821d04d8b380c9116ae58e14c34616d17,M03,M,ANGRY,0,S2,T1,
4271,subesco,M_03_ILIAS_S_2_ANGRY_2.wav,354348,0b8881ade9531e53dd5edcafa9cc422f6520888f39705b2806f70d3df5822e1c,M03,M,ANGRY,0,S2,T2,
4272,subesco,M_03_ILIAS_S_2_ANGRY_3.wav,354348,289cadc2238ae21714d02b836983e07a196f68eae386bbdc62de54142d8b4492,M03,M,ANGRY,0,S2,T3,
4273,subesco,M_03_ILIAS_S_2_ANGRY_4.wav,354348,68f738b44c7b55d30ecf40acc61f18d608a953a6b53bd7a6280e040df9402d9a,M03,M,ANGRY,0,S2,T4,
4274,subesco,M_03_ILIAS_S_2_ANGRY_5.wav,354348,11b02c6042ca49a5a3f927ea083f45960c4386b8332484145bac070d9bfba869,M03,M,ANGRY,0,S2,T5,
4275,subesco,M_03_ILIAS_S_2_DISGUST_1.wav,354348,b57bea9c2feadc0ad923c02548a051ca951aeff9fc2e34120c2ad98d2e52fd99,M03,M,DISGUST,1,S2,T1,
4276,subesco,M_03_ILIAS_S_2_DISGUST_2.wav,354348,f6e6f91552ba005e844cb3997adaf09f3a6bb551b3bf54700b4f64b854ac572a,M03,M,DISGUST,1,S2,T2,
4277,subesco,M_03_ILIAS_S_2_DISGUST_3.wav,354348,ece532ee41b7a6086589b6c10ca1cb6bfb183c4f16a5513eb0cbffedd65ac3ef,M03,M,DISGUST,1,S2,T3,
4278,subesco,M_03_ILIAS_S_2_DISGUST_4.wav,354348,67c43c4c144bc2fb1ad022c0f74d89588b20c955b05ac360d5f38c027f7b98b0,M03,M,DISGUST,1,S2,T4,
4279,subesco,M_03_ILIAS_S_2_DISGUST_5.wav,354348,b0c7c6827355547fd827720d95642f2271c72179e08c3646362b7d05e8af2461,M03,M,DISGUST,1,S2,T5,
4280,subesco,M_03_ILIAS_S_2_FEAR_1.wav,354348,92d1ca675943f5a10ed2a37f1373b98cdd50bb643ee97fa111d1834c0ed2b517,M03,M,FEAR,2,S2,T1,
4281,subesco,M_03_ILIAS_S_2_FEAR_2.wav,354348,9e7b0c75e5dcf0547998b242a82a6c971f360dd8add2eb49023b798853283b42,M03,M,FEAR,2,S2,T2,
4282,subesco,M_03_ILIAS_S_2_FEAR_3.wav,354348,bb56515506cedcf733dbfa739b1e0871504b04a5f39b26b95c9f9b3fed716595,M03,M,FEAR,2,S2,T3,
4283,subesco,M_03_ILIAS_S_2_FEAR_4.wav,354348,bffa0e73901710b3d91c57b9b885d4c47e5d194f807b46d53fdd719d18687df3,M03,M,FEAR,2,S2,T4,
4284,subesco,M_03_ILIAS_S_2_FEAR_5.wav,354348,3e40294f5e92bc912abb68abc9a34f762caaf0e5ccc755fc936c8e7c819ceb66,M03,M,FEAR,2,S2,T5,
4285,subesco,M_03_ILIAS_S_2_HAPPY_1.wav,353324,ecc60963edd3e265a36dcd209268159d3f6dbeb1ab1664784b94e335a68d514c,M03,M,HAPPY,3,S2,T1,
4286,subesco,M_03_ILIAS_S_2_HAPPY_2.wav,353324,fc84a063d817173d8a682348d9d9d6d658c2b44a524917ceedda4c224d5fa2bd,M03,M,HAPPY,3,S2,T2,
4287,subesco,M_03_ILIAS_S_2_HAPPY_3.wav,354348,5cef068a72db72b14e9663ff713046802c6a22919dd1c0abb9b719be60462bac,M03,M,HAPPY,3,S2,T3,
4288,subesco,M_03_ILIAS_S_2_HAPPY_4.wav,353324,1c47980f8373f237e73ce67ac302cbb290817de099fdce9de5af7f0e00ae3702,M03,M,HAPPY,3,S2,T4,
4289,subesco,M_03_ILIAS_S_2_HAPPY_5.wav,354348,e4bc8d1c2f3cba8e072f0491869204ee1d1d0e5160816717a398fd5418199f84,M03,M,HAPPY,3,S2,T5,
4290,subesco,M_03_ILIAS_S_2_NEUTRAL_1.wav,354348,8b25c6bf86bd72f0bc88654036007cc66e7c50e6ff66acce5d0bc78ae28892e1,M03,M,NEUTRAL,4,S2,T1,
4291,subesco,M_03_ILIAS_S_2_NEUTRAL_2.wav,354348,96b02e9fddb54b4a6176db9498d5fab2b3a05837dcabf146b49bbbceca931d07,M03,M,NEUTRAL,4,S2,T2,
4292,subesco,M_03_ILIAS_S_2_NEUTRAL_3.wav,353324,1db3232130c6283bfceb70ac72ba29c952e0155e5d3ec396f6c1f8bb1764b1c0,M03,M,NEUTRAL,4,S2,T3,
4293,subesco,M_03_ILIAS_S_2_NEUTRAL_4.wav,353324,759cbed6df05aa716021f248710e134159ed50c9e2ff33addc2b05dd112b32ad,M03,M,NEUTRAL,4,S2,T4,
4294,subesco,M_03_ILIAS_S_2_NEUTRAL_5.wav,355372,b8209bd9984e1a696b8a7971c9658bbc0d8dc723874dc949dc399f849e4a9eac,M03,M,NEUTRAL,4,S2,T5,
4295,subesco,M_03_ILIAS_S_2_SAD_1.wav,354348,7e5996a3772daccb2aa72291e7575d9457311e9d255c5f8ac7ed8ce224df4319,M03,M,SAD,5,S2,T1,
4296,subesco,M_03_ILIAS_S_2_SAD_2.wav,355372,0a96245fbd9fd30eb14376c98f763df5d60c7d2c89db803ff99e7c5290179c0b,M03,M,SAD,5,S2,T2,
4297,subesco,M_03_ILIAS_S_2_SAD_3.wav,353324,ed68c429dd20b99a82d073dcbbd611b46a59f9ca572e24551c80a2674efb8390,M03,M,SAD,5,S2,T3,
4298,subesco,M_03_ILIAS_S_2_SAD_4.wav,352300,76d22e0c19036d853296fbf71725069ce64af7d8360f96b1e42c375ad21fff37,M03,M,SAD,5,S2,T4,
4299,subesco,M_03_ILIAS_S_2_SAD_5.wav,352300,afb41f0afa9c99737eb02659a5b65963bf975fbc676dd564d4aedef3bdc9301e,M03,M,SAD,5,S2,T5,
4300,subesco,M_03_ILIAS_S_2_SURPRISE_1.wav,354348,566d1ca140af91ead24a977de3e7876dc4b33c22305d0c0c462e0f583eb9c752,M03,M,SURPRISE,6,S2,T1,
4301,subesco,M_03_ILIAS_S_2_SURPRISE_2.wav,353324,222ce051ec6543de780a5253d2f2064a230861bc575ebc188473a0501febbf88,M03,M,SURPRISE,6,S2,T2,
4302,subesco,M_03_ILIAS_S_2_SURPRISE_3.wav,354348,889fa90677ad03ca08b1169821e5caccbe9ca7cec3b8f293c5c9fd876f5c9bb4,M03,M,SURPRISE,6,S2,T3,
4303,subesco,M_03_ILIAS_S_2_SURPRISE_4.wav,354348,0daba528215133238f367a56b70c171d3be6223463458791e690178113e131aa,M03,M,SURPRISE,6,S2,T4,
4304,subesco,M_03_ILIAS_S_2_SURPRISE_5.wav,354348,2817d8d5aa4e1d51bcb5da17506a0631534ffdc6a165ab57b0eaf30c666e75c0,M03,M,SURPRISE,6,S2,T5,
4305,subesco,M_03_ILIAS_S_3_ANGRY_1.wav,354348,abf19c49da6d300babc48234511bb94241ad7d33820dd0b0a874c24367eeabb8,M03,M,ANGRY,0,S3,T1,
4306,subesco,M_03_ILIAS_S_3_ANGRY_2.wav,354348,3545192c25056239a5cb1a217950bb22455b07d766cfc19c6fb770cf55ec2302,M03,M,ANGRY,0,S3,T2,
4307,subesco,M_03_ILIAS_S_3_ANGRY_3.wav,354348,d97263365da19ddb758e4d799866e7b87cdb5b94da5584aacaa34123c4354194,M03,M,ANGRY,0,S3,T3,
4308,subesco,M_03_ILIAS_S_3_ANGRY_4.wav,354348,4943057dd5f43009f81c752e28a048a84a1c30f72357ddbe1ea7a14dedae1115,M03,M,ANGRY,0,S3,T4,
4309,subesco,M_03_ILIAS_S_3_ANGRY_5.wav,354348,51bacf73ad4af459dea3d1719170b2b55426bdb89fd6ac67874d8b1f189da8e6,M03,M,ANGRY,0,S3,T5,
4310,subesco,M_03_ILIAS_S_3_DISGUST_1.wav,354348,93fc1880312ea17c69b0bf30d88c85350e3653e1a42d93be580f8552c626ee0c,M03,M,DISGUST,1,S3,T1,
4311,subesco,M_03_ILIAS_S_3_DISGUST_2.wav,354348,ac9edae1b2f32c5d7a39e5e74cdb20238a67c0da09a90d59bf4739b1d57756f2,M03,M,DISGUST,1,S3,T2,
4312,subesco,M_03_ILIAS_S_3_DISGUST_3.wav,354348,6cddeb2ae310429d459f9a4be328bd14d9c84bb364f4f265a60edbfddabd2bfa,M03,M,DISGUST,1,S3,T3,
4313,subesco,M_03_ILIAS_S_3_DISGUST_4.wav,353324,3df4a3842adff72b97c5b601ef03b6ba35de343b119553a9a91b2982a10137f9,M03,M,DISGUST,1,S3,T4,
4314,subesco,M_03_ILIAS_S_3_DISGUST_5.wav,354348,bd9463a033b4a5199b4d74509b80524cc2442d043850c9dbbe46a2bad732d8a9,M03,M,DISGUST,1,S3,T5,
4315,subesco,M_03_ILIAS_S_3_FEAR_1.wav,354348,03acca1ec1e81c8f9dceb91f9c39ea9cc2bbee14711d51d2c9375ff0f7be4129,M03,M,FEAR,2,S3,T1,
4316,subesco,M_03_ILIAS_S_3_FEAR_2.wav,354348,0e2ccd1427e0cf697db5d6df959697772a0e263ab181e6c4b9cc7ca2b901a5cb,M03,M,FEAR,2,S3,T2,
4317,subesco,M_03_ILIAS_S_3_FEAR_3.wav,354348,e74674939dd9ea56a8d073bc585c0f9bc292bc1a780cf1d9e0044a2642c25a3c,M03,M,FEAR,2,S3,T3,
4318,subesco,M_03_ILIAS_S_3_FEAR_4.wav,354348,66cf365efed389af0d0c648317cd0cf1ea2241a70383ab7ece31cb053a54136b,M03,M,FEAR,2,S3,T4,
4319,subesco,M_03_ILIAS_S_3_FEAR_5.wav,354348,d0a4777af49304e2c73c624731ca03458f8b67a18f96f3cbf63b5b9675cd1f5c,M03,M,FEAR,2,S3,T5,
4320,subesco,M_03_ILIAS_S_3_HAPPY_1.wav,354348,484b119c25edbb5a4c13ee76b16edda9bf9c61baacea0b46c2dab613ba10dbf4,M03,M,HAPPY,3,S3,T1,
4321,subesco,M_03_ILIAS_S_3_HAPPY_2.wav,353324,6bd0538a7bffd72b62908306c65b7ed9d6935c39fa2405fbb6712daf8a86928d,M03,M,HAPPY,3,S3,T2,
4322,subesco,M_03_ILIAS_S_3_HAPPY_3.wav,353324,4ea1837bbae05632c3462ebf47440e73908ad12d739b985a8f75599c1cde93f5,M03,M,HAPPY,3,S3,T3,
4323,subesco,M_03_ILIAS_S_3_HAPPY_4.wav,354348,b3192ebfcc575ed949dcc3a529de924f7ffb0fc9b6a59f40e2128676586e3956,M03,M,HAPPY,3,S3,T4,
4324,subesco,M_03_ILIAS_S_3_HAPPY_5.wav,354348,9863628d1cd2d5dc1836ae255d90400c7e656483209de690c6691e6f10f088e2,M03,M,HAPPY,3,S3,T5,
4325,subesco,M_03_ILIAS_S_3_NEUTRAL_1.wav,354348,f9350271cf10470a2fa1a1828ce72110777c84ea5e35fb9c209c7bf7ae9b9d08,M03,M,NEUTRAL,4,S3,T1,
4326,subesco,M_03_ILIAS_S_3_NEUTRAL_2.wav,354348,a5e1085e0b94c24dba38f4c9d9ccb0295bcce91d363e069dd3e687b780beedbd,M03,M,NEUTRAL,4,S3,T2,
4327,subesco,M_03_ILIAS_S_3_NEUTRAL_3.wav,354348,407e62edd6aa12d653a51eaa5f047e94e34e3e86258ed1808f5aa9c13a4b74a6,M03,M,NEUTRAL,4,S3,T3,
4328,subesco,M_03_ILIAS_S_3_NEUTRAL_4.wav,354348,e407a7d8485267afdf38c8c7ebba1f32755406cb655b021ade91295b6e6bf3fa,M03,M,NEUTRAL,4,S3,T4,
4329,subesco,M_03_ILIAS_S_3_NEUTRAL_5.wav,354348,da4c650fecacef1b824df2fa25d403bb16c6deeb826ad26d3e7b025f1479a3c7,M03,M,NEUTRAL,4,S3,T5,
4330,subesco,M_03_ILIAS_S_3_SAD_1.wav,354348,4c6ea106c6dc74b862348d7f69c81108e0a1bd1ed0d406ad23860c896ddb320a,M03,M,SAD,5,S3,T1,
4331,subesco,M_03_ILIAS_S_3_SAD_2.wav,354348,94e0ffb8b211bd2197d043d342ff610849bd1abc0a9b368c333151e1c38daea4,M03,M,SAD,5,S3,T2,
4332,subesco,M_03_ILIAS_S_3_SAD_3.wav,354348,a87131c1b3f428596b1220e273ddd5098ae24d03b2639edce032f23e64ed60c3,M03,M,SAD,5,S3,T3,
4333,subesco,M_03_ILIAS_S_3_SAD_4.wav,354348,49e5d4260e86edc979d9ba42934bb069bea35887d95c7ce3e58895534caa5298,M03,M,SAD,5,S3,T4,
4334,subesco,M_03_ILIAS_S_3_SAD_5.wav,354348,224ec543a175e6c25a30b3d9bbc2f4400645fd3379deb6c6dfbfcbab6803d4be,M03,M,SAD,5,S3,T5,
4335,subesco,M_03_ILIAS_S_3_SURPRISE_1.wav,354348,276f4dccab05832c180724d4dc6dc5b9a39ba51fc1b6497075f8d687059ba19f,M03,M,SURPRISE,6,S3,T1,
4336,subesco,M_03_ILIAS_S_3_SURPRISE_2.wav,354348,005cabd4d507c648d2c8dfeeba9e33d57ee75bce379c9cc11fa9dc35c85a6a86,M03,M,SURPRISE,6,S3,T2,
4337,subesco,M_03_ILIAS_S_3_SURPRISE_3.wav,354348,7d3424a0a842fb5e78d4c8a926e3c62206664f868aa7c6edf344d868469be1fd,M03,M,SURPRISE,6,S3,T3,
4338,subesco,M_03_ILIAS_S_3_SURPRISE_4.wav,354348,7d6d9a24d4c042eadf30139726b39f616d60c592eb95259b7b68d96e17798511,M03,M,SURPRISE,6,S3,T4,
4339,subesco,M_03_ILIAS_S_3_SURPRISE_5.wav,354348,59ac29114f1aa937e984478ff202b3731c042f82db1827c433ab904aa517f2ba,M03,M,SURPRISE,6,S3,T5,
4340,subesco,M_03_ILIAS_S_4_ANGRY_1.wav,354348,a9db3e75e0a222184fa13a1c26154ab2593ed683f22d0399469d465304508283,M03,M,ANGRY,0,S4,T1,
4341,subesco,M_03_ILIAS_S_4_ANGRY_2.wav,354348,7c9d1662e4f51de0b35e973c5d5f6e910c2e81cb31cc9609330fe45e3011e813,M03,M,ANGRY,0,S4,T2,
4342,subesco,M_03_ILIAS_S_4_ANGRY_3.wav,354348,5d51a985525b0ae0d2d96ba5b2c2dcc537e84c359643232415597d67f758f447,M03,M,ANGRY,0,S4,T3,
4343,subesco,M_03_ILIAS_S_4_ANGRY_4.wav,354348,790af68b6fb95fe53cd4cebe1a49ff69415e12af3bc6414c3794cc72b33a7496,M03,M,ANGRY,0,S4,T4,
4344,subesco,M_03_ILIAS_S_4_ANGRY_5.wav,353324,2698701a786e1e1e473c5442216463e39bc920ef94d7455abd8f4c4e65b3043f,M03,M,ANGRY,0,S4,T5,
4345,subesco,M_03_ILIAS_S_4_DISGUST_1.wav,354348,14c88174c12580445c1507f516de4cd12ebd37e2c2dc5c88e1a90a864ab209c9,M03,M,DISGUST,1,S4,T1,
4346,subesco,M_03_ILIAS_S_4_DISGUST_2.wav,354348,0a0ee7f5b49f3f2995fed25793086d679c91b690055a8669042dde824db6ffb3,M03,M,DISGUST,1,S4,T2,
4347,subesco,M_03_ILIAS_S_4_DISGUST_3.wav,354348,c8b3716e93fb62137e5b732ee629d8ada014b6ec9d4d8b265b85feebae634372,M03,M,DISGUST,1,S4,T3,
4348,subesco,M_03_ILIAS_S_4_DISGUST_4.wav,353324,545801c10e75428c3da008c560d430d0ddcdc39b299a23555796366ace4b10f2,M03,M,DISGUST,1,S4,T4,
4349,subesco,M_03_ILIAS_S_4_DISGUST_5.wav,355372,95af4362c452c69e33b20580887450f0a9f0284ab6d8f65da850dfc71492701b,M03,M,DISGUST,1,S4,T5,
4350,subesco,M_03_ILIAS_S_4_FEAR_1.wav,354348,460c9e5df92d2b80bdcad979c67e4936f6f114cb2645457f9b72486d1f78f68b,M03,M,FEAR,2,S4,T1,
4351,subesco,M_03_ILIAS_S_4_FEAR_2.wav,354348,64b35673cfc4b930fbf44777a3b665fa729d3f51b84eb86c86d5ec78a586e77a,M03,M,FEAR,2,S4,T2,
4352,subesco,M_03_ILIAS_S_4_FEAR_3.wav,354348,1f0fe01dfb578542ae912517789d05bed3c9e2172446beb2d0ab13db0acc9aff,M03,M,FEAR,2,S4,T3,
4353,subesco,M_03_ILIAS_S_4_FEAR_4.wav,354348,d8762d1525986846d5299d5b5abc7e6aebcb1daaa427d802ffbc8ea6c887101a,M03,M,FEAR,2,S4,T4,
4354,subesco,M_03_ILIAS_S_4_FEAR_5.wav,354348,8b3574daa22950bb5a39f41bf658ac86efedfc2157d14380de7463163686b177,M03,M,FEAR,2,S4,T5,
4355,subesco,M_03_ILIAS_S_4_HAPPY_1.wav,356396,5bb245c5e7be8c4c3ae13ee2b61ba72ad4e2b900c896e9c484c47a6c208147b7,M03,M,HAPPY,3,S4,T1,
4356,subesco,M_03_ILIAS_S_4_HAPPY_2.wav,352300,a01f6d0db25046e2f89e3f287bdb195a240c4d698a28ebe007ecb415ea425fcf,M03,M,HAPPY,3,S4,T2,
4357,subesco,M_03_ILIAS_S_4_HAPPY_3.wav,354348,1bdff09714b372032cbb227e6d5832711702d9ca723d37554e45ab9ff96cb3f8,M03,M,HAPPY,3,S4,T3,
4358,subesco,M_03_ILIAS_S_4_HAPPY_4.wav,355372,b2e83348711481c658a11520c28605dff24be5492452595de1d01518fa7ef63a,M03,M,HAPPY,3,S4,T4,
4359,subesco,M_03_ILIAS_S_4_HAPPY_5.wav,354348,6f15d35c2cab69a39c0f447070877dfaed87c5a00e0477fe2c56ac35c721c9f0,M03,M,HAPPY,3,S4,T5,
4360,subesco,M_03_ILIAS_S_4_NEUTRAL_1.wav,353324,d82c20a27a2d5aa6b4a893f4512999b4ef1780b75b9ff3bd69f352bf22d69a8b,M03,M,NEUTRAL,4,S4,T1,
4361,subesco,M_03_ILIAS_S_4_NEUTRAL_2.wav,354348,2254863c3e00be395ce41ada41aeac1d2948c1baa4393406e7c1651ea485921d,M03,M,NEUTRAL,4,S4,T2,
4362,subesco,M_03_ILIAS_S_4_NEUTRAL_3.wav,354348,240f4421eb953f40c65a762d8294661fbf3f2a6b18a109016558014d78a46bad,M03,M,NEUTRAL,4,S4,T3,
4363,subesco,M_03_ILIAS_S_4_NEUTRAL_4.wav,354348,ac53d8a23e35d5e9bad18759f5698caa7a611d603b49f2a838d5db28943db8eb,M03,M,NEUTRAL,4,S4,T4,
4364,subesco,M_03_ILIAS_S_4_NEUTRAL_5.wav,354348,d1ce97c1acb1c0aa24813289b066af932462671ed8c9a3c4bfcab7fb555fc26a,M03,M,NEUTRAL,4,S4,T5,
4365,subesco,M_03_ILIAS_S_4_SAD_1.wav,354348,862c88501b637f03489a2482d207668c779b370c2754b6eb4dddf252d9132bb4,M03,M,SAD,5,S4,T1,
4366,subesco,M_03_ILIAS_S_4_SAD_2.wav,354348,96786916ea50b0bb6af2b3a7461d8cabfcb5f54a14d09ba3ce328b69bb351b05,M03,M,SAD,5,S4,T2,
4367,subesco,M_03_ILIAS_S_4_SAD_3.wav,354348,3606f3dc482988d7e0bad8a2e5b5e1f28ec379865f0f0a1f9dbf536ba474c0d2,M03,M,SAD,5,S4,T3,
4368,subesco,M_03_ILIAS_S_4_SAD_4.wav,353324,500128dc299a806b47ecb8b5cec0bd6bf937f216d74b2afbf00be6bde9f39b84,M03,M,SAD,5,S4,T4,
4369,subesco,M_03_ILIAS_S_4_SAD_5.wav,354348,c39dbd45c344614ab24bd8b53f3a9d14ef63ce2eefa53b893847c365ce291644,M03,M,SAD,5,S4,T5,
4370,subesco,M_03_ILIAS_S_4_SURPRISE_1.wav,354348,2e33c0dab4f5934191d37c82672d08a0def508d8cec76d3c4f093fe6c013d392,M03,M,SURPRISE,6,S4,T1,
4371,subesco,M_03_ILIAS_S_4_SURPRISE_2.wav,354348,792bb0a3533a369f2fdc4e590197424324612b9aaed2c5089cfd3a1c488c533e,M03,M,SURPRISE,6,S4,T2,
4372,subesco,M_03_ILIAS_S_4_SURPRISE_3.wav,354348,2009bf63321db8850b775a16836ba7e7399a0a94a507964b6b3f001b94e20c78,M03,M,SURPRISE,6,S4,T3,
4373,subesco,M_03_ILIAS_S_4_SURPRISE_4.wav,354348,87fc3fa33c518d6a747d97df91c86599f5315c09ef51b6f70bc823598d1bb4a2,M03,M,SURPRISE,6,S4,T4,
4374,subesco,M_03_ILIAS_S_4_SURPRISE_5.wav,353324,ab6a5c138730789a3f9d1e9a49afcada00be47c7dd8fcc047092364cd1f61637,M03,M,SURPRISE,6,S4,T5,
4375,subesco,M_03_ILIAS_S_5_ANGRY_1.wav,354348,d8d9b88a08b5264ae8487884af212beddf4a5597701bc411be48053e6230de60,M03,M,ANGRY,0,S5,T1,
4376,subesco,M_03_ILIAS_S_5_ANGRY_2.wav,354348,5a6c8a767176509c7eb44f716788c3a6cba6b93b305d887132052f3457f2e472,M03,M,ANGRY,0,S5,T2,
4377,subesco,M_03_ILIAS_S_5_ANGRY_3.wav,354348,ef8fd6e3c712c605365fc29e75654ab2669281ba07fbf30f3b1b24211e3ccb42,M03,M,ANGRY,0,S5,T3,
4378,subesco,M_03_ILIAS_S_5_ANGRY_4.wav,354348,b0d79ae907e19a68f632c4ee0360490fa8883a76f4f3e7d3cb2f5e0f9f77579d,M03,M,ANGRY,0,S5,T4,
4379,subesco,M_03_ILIAS_S_5_ANGRY_5.wav,354348,73e8cbcc9948422d36a50362138b3104c7973d70da4422675175f8e49570759b,M03,M,ANGRY,0,S5,T5,
4380,subesco,M_03_ILIAS_S_5_DISGUST_1.wav,354348,db59d19b4a2c035bf3c8ccafa373a73764f416d13b1c8ab2ebfa21da372a6c80,M03,M,DISGUST,1,S5,T1,
4381,subesco,M_03_ILIAS_S_5_DISGUST_2.wav,354348,3c91b6cd401253112f551cbdcd348edc208676bd64c802c219d6ca07126fe40d,M03,M,DISGUST,1,S5,T2,
4382,subesco,M_03_ILIAS_S_5_DISGUST_3.wav,353324,237045eacd09bf7195eaf22294c7e29ef26bf6aef36b8f4ab6660a2077a7e1fa,M03,M,DISGUST,1,S5,T3,
4383,subesco,M_03_ILIAS_S_5_DISGUST_4.wav,354348,a71452fe2aa9afe3c4bd3256d378a1474ee4180d8823c6a524116407da2a437b,M03,M,DISGUST,1,S5,T4,
4384,subesco,M_03_ILIAS_S_5_DISGUST_5.wav,353324,1b0c4f69a0ab3241a6dde96e4c20c7d7cad5268fff15d25f6bfb326c86004b1c,M03,M,DISGUST,1,S5,T5,
4385,subesco,M_03_ILIAS_S_5_FEAR_1.wav,353324,fba7531b63696b2b18623afb793259b5befc82deae93dee3a73639530a820f22,M03,M,FEAR,2,S5,T1,
4386,subesco,M_03_ILIAS_S_5_FEAR_2.wav,354348,d07fb94a6ca42aa794b25f5a4a35275ae939516760aa924b353ad58172f01470,M03,M,FEAR,2,S5,T2,
4387,subesco,M_03_ILIAS_S_5_FEAR_3.wav,354348,42f6f7929ef17a07c57e5c2b8a89dd7c2f2e0ea4656492a97ca8e33438ab4fe2,M03,M,FEAR,2,S5,T3,
4388,subesco,M_03_ILIAS_S_5_FEAR_4.wav,354348,0ef00863814f95dd43c75f76cad5c0e61ee924735ab455436663b8f411b1837a,M03,M,FEAR,2,S5,T4,
4389,subesco,M_03_ILIAS_S_5_FEAR_5.wav,354348,043f6ab44bc9089eec0b9d85215d3e9824a80fd8afdebe8055dab8dce9ef789d,M03,M,FEAR,2,S5,T5,
4390,subesco,M_03_ILIAS_S_5_HAPPY_1.wav,354348,e17bd255885a3e2055c7d8ba5665c51b159c07980c5ca8adf31ba8ba849649dc,M03,M,HAPPY,3,S5,T1,
4391,subesco,M_03_ILIAS_S_5_HAPPY_2.wav,354348,fc1b6c9e3733c8857010802c144b3b5f589a7e19643abfd6c516701ca524ca74,M03,M,HAPPY,3,S5,T2,
4392,subesco,M_03_ILIAS_S_5_HAPPY_3.wav,354348,852d37d86797f3ec0058103bb10e35882a6f2bff4931a62ca1629bb89795c736,M03,M,HAPPY,3,S5,T3,
4393,subesco,M_03_ILIAS_S_5_HAPPY_4.wav,353324,7a51fa5dea97ffcf850372e0ab0b0e21833d54245de63992892357463552d8d3,M03,M,HAPPY,3,S5,T4,
4394,subesco,M_03_ILIAS_S_5_HAPPY_5.wav,353324,8434fb70c65dd76136b09840070a06950112d0f4e7089f7edf78dac99b4a9577,M03,M,HAPPY,3,S5,T5,
4395,subesco,M_03_ILIAS_S_5_NEUTRAL_1.wav,354348,adb1ca5218d442790f7ae94845d956a7a864079ad836f57cf55791f2a54d0a81,M03,M,NEUTRAL,4,S5,T1,
4396,subesco,M_03_ILIAS_S_5_NEUTRAL_2.wav,355372,51f0e55f223bdc4e3d656dae9376b0dd51de0a85581eb7c2532b05560f0c3dce,M03,M,NEUTRAL,4,S5,T2,
4397,subesco,M_03_ILIAS_S_5_NEUTRAL_3.wav,354348,be33084e45540dd1840b7ba20b73e860af6b76505e0592017c49939fe11ac014,M03,M,NEUTRAL,4,S5,T3,
4398,subesco,M_03_ILIAS_S_5_NEUTRAL_4.wav,354348,7353a38d0c03174c8a676c24519f9a91ec9e90b70b9ee49ba3850b8b6f693853,M03,M,NEUTRAL,4,S5,T4,
4399,subesco,M_03_ILIAS_S_5_NEUTRAL_5.wav,354348,a08711b94b2c4639b594b94364155359939c0a2425b6918c08aaeac2e933b4cb,M03,M,NEUTRAL,4,S5,T5,
4400,subesco,M_03_ILIAS_S_5_SAD_1.wav,354348,588af285721ecf21b21548530df9a674b9a5f8f16070bad8453edcb6790272cf,M03,M,SAD,5,S5,T1,
4401,subesco,M_03_ILIAS_S_5_SAD_2.wav,354348,e6b44c446ace2624801988b6fffb89230d4d8761bc2063b8cc38cd27e4f7188b,M03,M,SAD,5,S5,T2,
4402,subesco,M_03_ILIAS_S_5_SAD_3.wav,354348,e2983838145d50e4d12a571b178d36feb940b528f2eed4efc7049b709efca910,M03,M,SAD,5,S5,T3,
4403,subesco,M_03_ILIAS_S_5_SAD_4.wav,353324,1f825687652c61cc3269fb0f8137210cde27a26efe4324d3d2739d775d6a6bf7,M03,M,SAD,5,S5,T4,
4404,subesco,M_03_ILIAS_S_5_SAD_5.wav,354348,652ae1f13af12a4851422f015323f6c1569866228f7ec8f9d13f09fe21f99e64,M03,M,SAD,5,S5,T5,
4405,subesco,M_03_ILIAS_S_5_SURPRISE_1.wav,353324,e904586a49915b7dea65a33ee608c75decb33e950ee4613b3d61be608f331df2,M03,M,SURPRISE,6,S5,T1,
4406,subesco,M_03_ILIAS_S_5_SURPRISE_2.wav,353324,906350d20ddfc31b5c1f3a50f2f250fe8e678bb1b0b5ad18b639eaa22a1d226a,M03,M,SURPRISE,6,S5,T2,
4407,subesco,M_03_ILIAS_S_5_SURPRISE_3.wav,354348,fcf6b3d3ba8d3527a4339843e61b2bf1e0d9ebe9e8ef83506740a079b1918430,M03,M,SURPRISE,6,S5,T3,
4408,subesco,M_03_ILIAS_S_5_SURPRISE_4.wav,354348,61c823bc53e8ba33f5dcf0676f1d2d3e4b8d9e9fa7cf5b45a793c046f87d3da8,M03,M,SURPRISE,6,S5,T4,
4409,subesco,M_03_ILIAS_S_5_SURPRISE_5.wav,354348,f7d8706a8a015327f4421752dae7130fb75249510998fc62e794f5c75d9dc9c1,M03,M,SURPRISE,6,S5,T5,
4410,subesco,M_03_ILIAS_S_6_ANGRY_1.wav,354348,91542af466175d4ce0406506745a70833d470468caf97cecb5516ff4e2dcedb7,M03,M,ANGRY,0,S6,T1,
4411,subesco,M_03_ILIAS_S_6_ANGRY_2.wav,354348,fb76fd4ca301a5926b558557b7945224488832e29a7727a6303a3b15b9bc261f,M03,M,ANGRY,0,S6,T2,
4412,subesco,M_03_ILIAS_S_6_ANGRY_3.wav,353324,143df0690f4a1c37bacac4c340816ebce63553c49832681b2bc507a6c5d0ae51,M03,M,ANGRY,0,S6,T3,
4413,subesco,M_03_ILIAS_S_6_ANGRY_4.wav,354348,b875732e7f6b9e1131f59602edd77d1a3296ffd51bf25a819262332f4a1f7816,M03,M,ANGRY,0,S6,T4,
4414,subesco,M_03_ILIAS_S_6_ANGRY_5.wav,354348,5dca03d8962f4fd317c46b722322f3baa07fba234f1128283aa8065a60e43aa8,M03,M,ANGRY,0,S6,T5,
4415,subesco,M_03_ILIAS_S_6_DISGUST_1.wav,354348,9e4a1baa56376a483da09d52348a74ba6a1cc3b446656cd453822e04e878f781,M03,M,DISGUST,1,S6,T1,
4416,subesco,M_03_ILIAS_S_6_DISGUST_2.wav,353324,2354ad0af2933a08dd8cfe4c6e9957edc14bcdc3d44c2322f735d174e04be4ff,M03,M,DISGUST,1,S6,T2,
4417,subesco,M_03_ILIAS_S_6_DISGUST_3.wav,354348,27fc0d9baf25ca37985454ca1ac3bd8b58c54435906d52403e65c3bd68619612,M03,M,DISGUST,1,S6,T3,
4418,subesco,M_03_ILIAS_S_6_DISGUST_4.wav,354348,7faf9f138e1ebdfe38ebe3bb44b5d543c7ef63ca5984c9b916f86588a3b9f15d,M03,M,DISGUST,1,S6,T4,
4419,subesco,M_03_ILIAS_S_6_DISGUST_5.wav,354348,3dd3eb602402983ac595c860c3b78ceb4a2c48ce37fde1c0c23e68d7cb2c894a,M03,M,DISGUST,1,S6,T5,
4420,subesco,M_03_ILIAS_S_6_FEAR_1.wav,354348,7b8a8763a1513147782d053219dd0b4d8cea1b2ddd9a35bd915c938ab750c850,M03,M,FEAR,2,S6,T1,
4421,subesco,M_03_ILIAS_S_6_FEAR_2.wav,353324,4d1031ef9bfb4b20d9a855e2e97dca5720551b309eb7260601dec88c33aee1d1,M03,M,FEAR,2,S6,T2,
4422,subesco,M_03_ILIAS_S_6_FEAR_3.wav,355372,1045509010e19275f384c6e484f64570cab7b1b930c90c065a3c616935535bb8,M03,M,FEAR,2,S6,T3,
4423,subesco,M_03_ILIAS_S_6_FEAR_4.wav,354348,5aa5d74610820865b156864745203b14547ac4a55a3681649574d325ce3e02a3,M03,M,FEAR,2,S6,T4,
4424,subesco,M_03_ILIAS_S_6_FEAR_5.wav,353324,e568ab637206b8f14b9d24ea85176c318dfcae2a52c32c4c9bf1463007150601,M03,M,FEAR,2,S6,T5,
4425,subesco,M_03_ILIAS_S_6_HAPPY_1.wav,353324,507ed89c66a37ee8ebc4642a76d97804f84f6cd5c521ef560ad8eeecf9c0da9e,M03,M,HAPPY,3,S6,T1,
4426,subesco,M_03_ILIAS_S_6_HAPPY_2.wav,354348,444b2b97b913d66d92a71124426adfac9deaa186aee87027e7e7a6ea48b69193,M03,M,HAPPY,3,S6,T2,
4427,subesco,M_03_ILIAS_S_6_HAPPY_3.wav,354348,55181d62aded27cd185d56eb6b7aaa006b2f24c35c2310c68858f5566fbb063a,M03,M,HAPPY,3,S6,T3,
4428,subesco,M_03_ILIAS_S_6_HAPPY_4.wav,354348,7144fb827ba51911156c83d1f6f880af75dad1b390c427d889c66802a202e3cc,M03,M,HAPPY,3,S6,T4,
4429,subesco,M_03_ILIAS_S_6_HAPPY_5.wav,353324,b56324588c8918054a7852d3fed2aac58cf27cb51edeacefef3a14a5ed748f25,M03,M,HAPPY,3,S6,T5,
4430,subesco,M_03_ILIAS_S_6_NEUTRAL_1.wav,354348,a29e4beae6a1ff33311a5b0a33bc0682b9618640b311ad406847d59b2f046e96,M03,M,NEUTRAL,4,S6,T1,
4431,subesco,M_03_ILIAS_S_6_NEUTRAL_2.wav,354348,3bb94d4c256bb566f0ea969a86a12efe33a6c2469d38d508ddf0ca2e0102c561,M03,M,NEUTRAL,4,S6,T2,
4432,subesco,M_03_ILIAS_S_6_NEUTRAL_3.wav,353324,351dd660995dcd1be21d1d47d59ca21e1dd4a5bbd55180ac51fb8fe3896e8aba,M03,M,NEUTRAL,4,S6,T3,
4433,subesco,M_03_ILIAS_S_6_NEUTRAL_4.wav,352300,47f42ec3fded0846e0d5afeab44eb111ba87c5e320e490df11e08784bbb5f795,M03,M,NEUTRAL,4,S6,T4,
4434,subesco,M_03_ILIAS_S_6_NEUTRAL_5.wav,354348,56abc8281086bc4b0ce43d593d2ecec371d1eca1f0f33706b23d79467141ad06,M03,M,NEUTRAL,4,S6,T5,
4435,subesco,M_03_ILIAS_S_6_SAD_1.wav,354348,ea1bce3359fa794d8f454baeaa734fe504b65d4941b600a87ca036a6d2128d39,M03,M,SAD,5,S6,T1,
4436,subesco,M_03_ILIAS_S_6_SAD_2.wav,354348,5f3ab7d83eddade34c84fb5fe457acd2cad16910cff4c7415ed5f6d8593c4fd2,M03,M,SAD,5,S6,T2,
4437,subesco,M_03_ILIAS_S_6_SAD_3.wav,354348,0b0866d804f5f517279ef90fb4dc0740f9fe9b80554c3972e4c3ff3e78df8b54,M03,M,SAD,5,S6,T3,
4438,subesco,M_03_ILIAS_S_6_SAD_4.wav,354348,da877cfb80e63f4cbd11e4515fb1b8e5cfb2b797bdeb03ab71dd84f3ee75d80c,M03,M,SAD,5,S6,T4,
4439,subesco,M_03_ILIAS_S_6_SAD_5.wav,353324,c8ce31bff4db5ee28fe60f9603ccadab6b12026a13db7c9671731e7b8b21eeae,M03,M,SAD,5,S6,T5,
4440,subesco,M_03_ILIAS_S_6_SURPRISE_1.wav,353324,d4c0e96ed0f7c0f34271555e23c22ecf9ee0e01a9bc818a6639f0555d4decb94,M03,M,SURPRISE,6,S6,T1,
4441,subesco,M_03_ILIAS_S_6_SURPRISE_2.wav,353324,693abdf4aab7ceefcd38484d0bd2e4d9e0560f611ebfe5fda1ffdc4ab54af6a0,M03,M,SURPRISE,6,S6,T2,
4442,subesco,M_03_ILIAS_S_6_SURPRISE_3.wav,353324,344a9d955abd665bb9b53157361d069b74fdffdc41246d6bcccf4adb017e22dd,M03,M,SURPRISE,6,S6,T3,
4443,subesco,M_03_ILIAS_S_6_SURPRISE_4.wav,354348,ca3429e0db9eb3958f8cd3b5896149be416338fb7de6693afac3606004c803f7,M03,M,SURPRISE,6,S6,T4,
4444,subesco,M_03_ILIAS_S_6_SURPRISE_5.wav,354348,19bdf6962aede6f4c5f043553f6e1ddf2dc2b1bd78d86e94b99dd19bb42b9c8b,M03,M,SURPRISE,6,S6,T5,
4445,subesco,M_03_ILIAS_S_7_ANGRY_1.wav,354348,799f87319ecf0ad5ef58e31a9b670b56116a1a44ce4a601a6bb7cfdd8965a672,M03,M,ANGRY,0,S7,T1,
4446,subesco,M_03_ILIAS_S_7_ANGRY_2.wav,353324,6c36ecadc49e43287b512e0ee439adff783bc1ff85fd4913d13500ad7351fc46,M03,M,ANGRY,0,S7,T2,
4447,subesco,M_03_ILIAS_S_7_ANGRY_3.wav,354348,a9688daf1f9c5c29d2e623f0ffd6aca2d01762899c3c537eb4080df9417ba752,M03,M,ANGRY,0,S7,T3,
4448,subesco,M_03_ILIAS_S_7_ANGRY_4.wav,354348,9da22123266ab2db99994766aea8dc1f3c369b78e53f9ccb3f82fbf0cb3159e6,M03,M,ANGRY,0,S7,T4,
4449,subesco,M_03_ILIAS_S_7_ANGRY_5.wav,353324,c50f05be8a8618cd5f7b95e1d4f8bb1367579e02805d71c3e2f200a332d8673d,M03,M,ANGRY,0,S7,T5,
4450,subesco,M_03_ILIAS_S_7_DISGUST_1.wav,353324,08a7cf1a75d9bc5e63ac014d7bdfd57c8885c65cf65447d84ddcaa9a0747b5dc,M03,M,DISGUST,1,S7,T1,
4451,subesco,M_03_ILIAS_S_7_DISGUST_2.wav,354348,d0297088f640a7c843528d21fefbbb900b6a8d4cf6123b1d55034842b93c8472,M03,M,DISGUST,1,S7,T2,
4452,subesco,M_03_ILIAS_S_7_DISGUST_3.wav,353324,7469699bacf329cade846ccdd53f3e03aa496797a2a0c07c58f5adc49dead820,M03,M,DISGUST,1,S7,T3,
4453,subesco,M_03_ILIAS_S_7_DISGUST_4.wav,353324,7148e872c201f5372ca3fc3ba4cae013342a3fbc6a5d9c38f90405f4826f611f,M03,M,DISGUST,1,S7,T4,
4454,subesco,M_03_ILIAS_S_7_DISGUST_5.wav,353324,35b21dd32b4b28b568c2b96aab4cd1fb74327e3a40f8ae13e1391dd32856efc5,M03,M,DISGUST,1,S7,T5,
4455,subesco,M_03_ILIAS_S_7_FEAR_1.wav,354348,4530373a76bc8b1067182cf85a44e5797f8e89b88e0477b7ccb1f58c1b6b0481,M03,M,FEAR,2,S7,T1,
4456,subesco,M_03_ILIAS_S_7_FEAR_2.wav,354348,22932d1b54dacf3c126d01f5d5db5df951564cf587fe769cbf7dfafa3d197a32,M03,M,FEAR,2,S7,T2,
4457,subesco,M_03_ILIAS_S_7_FEAR_3.wav,353324,efd0404ecb8e9ecd00209af2ad16bd45dee8e104d548c5ba5d03e4d10d2b2f44,M03,M,FEAR,2,S7,T3,
4458,subesco,M_03_ILIAS_S_7_FEAR_4.wav,354348,4ac15275bf45009734c93ae38f13bf257312c73959dd975f0391d79a528dc847,M03,M,FEAR,2,S7,T4,
4459,subesco,M_03_ILIAS_S_7_FEAR_5.wav,354348,a9c522ae1c15569bcc6cd8b78abd46023aeba44c09f4f6f3ed8acf88f016a987,M03,M,FEAR,2,S7,T5,
4460,subesco,M_03_ILIAS_S_7_HAPPY_1.wav,354348,d394221ff60a74480a479aff6235217c4ef0edeb8f3b399655e0a634c747f69b,M03,M,HAPPY,3,S7,T1,
4461,subesco,M_03_ILIAS_S_7_HAPPY_2.wav,354348,41defd98f44186d867f5be3a47bbc443478374702a208ddf0f94e23a9d431326,M03,M,HAPPY,3,S7,T2,
4462,subesco,M_03_ILIAS_S_7_HAPPY_3.wav,354348,92f7b8a5c2a81d724fbf32c18ca71804c824456ceccf088209a438a13f29a117,M03,M,HAPPY,3,S7,T3,
4463,subesco,M_03_ILIAS_S_7_HAPPY_4.wav,354348,48a455edc23e80daddd39ba4f84070973f4d68ab41e14bdaf111f812b5763ea0,M03,M,HAPPY,3,S7,T4,
4464,subesco,M_03_ILIAS_S_7_HAPPY_5.wav,354348,91494d525d40b93fe48a86da21531b9dbe99f1704e43cd9183f2a75255269449,M03,M,HAPPY,3,S7,T5,
4465,subesco,M_03_ILIAS_S_7_NEUTRAL_1.wav,354348,5ae2d87ecbf00998f940f048e9b57775270692039b971f033cd09e9eba4368f4,M03,M,NEUTRAL,4,S7,T1,
4466,subesco,M_03_ILIAS_S_7_NEUTRAL_2.wav,353324,d07406c5c0b20628bc3778462bce930a42967122a7aa3bf6fc6a517d5c6355b0,M03,M,NEUTRAL,4,S7,T2,
4467,subesco,M_03_ILIAS_S_7_NEUTRAL_3.wav,354348,f0796f3a06434e8d23245ecb2e8a830e36e0c6bfe3d8611ccb5fe2756d752da3,M03,M,NEUTRAL,4,S7,T3,
4468,subesco,M_03_ILIAS_S_7_NEUTRAL_4.wav,354348,490c349bd3a3d2f7947da67d7b77d782f72db6bf9febb9d6a233917dc6581acd,M03,M,NEUTRAL,4,S7,T4,
4469,subesco,M_03_ILIAS_S_7_NEUTRAL_5.wav,354348,42c0481bb4cbeb80769fb67cc8235f8b21911ce9e913982961d15b4408e2f1a4,M03,M,NEUTRAL,4,S7,T5,
4470,subesco,M_03_ILIAS_S_7_SAD_1.wav,354348,c0cc54fad47541303f4fe416ac70d662a63a5921d168dcfc3ad61ad273f3f25d,M03,M,SAD,5,S7,T1,
4471,subesco,M_03_ILIAS_S_7_SAD_2.wav,353324,dba73b0b45599694ee4f5686070ced7e87a394dde037b36a600ac32e3a600c44,M03,M,SAD,5,S7,T2,
4472,subesco,M_03_ILIAS_S_7_SAD_3.wav,353324,0b2b1fa3b5e8257f576e4dc106c7ea75e1ed65a64fd17a4cb21d78839724bb1f,M03,M,SAD,5,S7,T3,
4473,subesco,M_03_ILIAS_S_7_SAD_4.wav,353324,c5b732380cf90778813c402eca97645c097915ee53301058a9aeb58b732d91be,M03,M,SAD,5,S7,T4,
4474,subesco,M_03_ILIAS_S_7_SAD_5.wav,353324,95a5f642b7bf2fcd2f317bf3fbbb465db11438ff6e0e505740cf882a51e9521f,M03,M,SAD,5,S7,T5,
4475,subesco,M_03_ILIAS_S_7_SURPRISE_1.wav,353324,c329e51c10b36269333c5d05876193640a233271f9b7ddb357f8b635a34b5a80,M03,M,SURPRISE,6,S7,T1,
4476,subesco,M_03_ILIAS_S_7_SURPRISE_2.wav,354348,78ad0e566e0993735675be888ffabaeda0358382574f01e2e9561fbf47c77866,M03,M,SURPRISE,6,S7,T2,
4477,subesco,M_03_ILIAS_S_7_SURPRISE_3.wav,354348,5dd775da0be5bdb8275b2aabbc3f23ee03277b03e8e4df73c8d5f970d3939e3d,M03,M,SURPRISE,6,S7,T3,
4478,subesco,M_03_ILIAS_S_7_SURPRISE_4.wav,354348,74ab8683e7ddb8a86dbe5bdc09bdb7adbfa5b8ad62f0e61946ced41514007ccd,M03,M,SURPRISE,6,S7,T4,
4479,subesco,M_03_ILIAS_S_7_SURPRISE_5.wav,354348,e263b9a936c544d0d8d129f76c54d0efbe1b5f822a6974adfab79f9a9542e2f8,M03,M,SURPRISE,6,S7,T5,
4480,subesco,M_03_ILIAS_S_8_ANGRY_1.wav,354348,91e48291a4b0ddbdc4d9ce2a67fd92a802743dee57f0459c327eeb424d5a065f,M03,M,ANGRY,0,S8,T1,
4481,subesco,M_03_ILIAS_S_8_ANGRY_2.wav,354348,42d087754aa5ca3cbae756f954f0766109efe4088290f4d8f14aef960e8aa636,M03,M,ANGRY,0,S8,T2,
4482,subesco,M_03_ILIAS_S_8_ANGRY_3.wav,354348,ca7806d6409e05db3044bb3d59f311ef1279db9bd8e36a853f815753249bfc9e,M03,M,ANGRY,0,S8,T3,
4483,subesco,M_03_ILIAS_S_8_ANGRY_4.wav,354348,d6c603e4134bb88c610da4e254ebb33079bae173fb4e5174b690179cdf220764,M03,M,ANGRY,0,S8,T4,
4484,subesco,M_03_ILIAS_S_8_ANGRY_5.wav,354348,716faf02ede0d65410401b95ac1b5a59b28c93e91ae46f7d78b41569a16780df,M03,M,ANGRY,0,S8,T5,
4485,subesco,M_03_ILIAS_S_8_DISGUST_1.wav,355372,f5e8fb6af8e8cd87c7894010cbc6cbd07fa41859fa6923d73b1a664e1b5ffbbd,M03,M,DISGUST,1,S8,T1,
4486,subesco,M_03_ILIAS_S_8_DISGUST_2.wav,353324,cab95c03e2d7bf52bc418e716fc81c885091278885dd77d5c13fdc7675aa9568,M03,M,DISGUST,1,S8,T2,
4487,subesco,M_03_ILIAS_S_8_DISGUST_3.wav,353324,c3568e76e32c161ce5cf88433e99e7f1ff0eb19443ca8181725719bbf5e2f7d9,M03,M,DISGUST,1,S8,T3,
4488,subesco,M_03_ILIAS_S_8_DISGUST_4.wav,352300,6d11140e0996d36f913edf677b5df8c77bb7e4188369669fe092d662c6e96efb,M03,M,DISGUST,1,S8,T4,
4489,subesco,M_03_ILIAS_S_8_DISGUST_5.wav,354348,f7fd791f7815af7111c1516469f7f875942b901d920f557f26cc4dbd1cbc4358,M03,M,DISGUST,1,S8,T5,
4490,subesco,M_03_ILIAS_S_8_FEAR_1.wav,353324,b92591252eed6c58f2ad9135c4a5f2da7d973753a2ca305bac3faea043f20970,M03,M,FEAR,2,S8,T1,
4491,subesco,M_03_ILIAS_S_8_FEAR_2.wav,353324,5600636b5cc0776c51b2781fc8525b421dfac7deacf3bc5883c4994e4acfe604,M03,M,FEAR,2,S8,T2,
4492,subesco,M_03_ILIAS_S_8_FEAR_3.wav,354348,d03cc732d5d32da6a52471c93a1c75bc72e55b60451095c647cdb55f79225ecd,M03,M,FEAR,2,S8,T3,
4493,subesco,M_03_ILIAS_S_8_FEAR_4.wav,354348,8dc4aaa5ae7a2f3ffdb10dd264c7c0738753f6227b3860662d1fed5303cce1ca,M03,M,FEAR,2,S8,T4,
4494,subesco,M_03_ILIAS_S_8_FEAR_5.wav,355372,640dc4017fbfa890c64ee3c2e8246516241e0077c05ec6e2e7be9082585cd7ab,M03,M,FEAR,2,S8,T5,
4495,subesco,M_03_ILIAS_S_8_HAPPY_1.wav,354348,8fcc4064e522658b79212905da81af8fde4bae8ff4e96d061174a411d09669ee,M03,M,HAPPY,3,S8,T1,
4496,subesco,M_03_ILIAS_S_8_HAPPY_2.wav,353324,70f6544123e0f410d590d4026caf36f911286322b81374999a2729c9ead7b681,M03,M,HAPPY,3,S8,T2,
4497,subesco,M_03_ILIAS_S_8_HAPPY_3.wav,354348,40f5b45787747da8dc57f93d936eb3a60740a25d4285b039207780156bcf122c,M03,M,HAPPY,3,S8,T3,
4498,subesco,M_03_ILIAS_S_8_HAPPY_4.wav,353324,5a119508594d75afd82821a35d86756ef506b74fe9ab107026e0d14ddd32c069,M03,M,HAPPY,3,S8,T4,
4499,subesco,M_03_ILIAS_S_8_HAPPY_5.wav,354348,b0957ad130599eda51e21170b0ffd0a7ec83cb37ab594ba64fbe11e489fbe5fe,M03,M,HAPPY,3,S8,T5,
4500,subesco,M_03_ILIAS_S_8_NEUTRAL_1.wav,354348,b8888e6b19a74038de175d3d4ff07651926ebdb17267199dbab75d6b3af28e83,M03,M,NEUTRAL,4,S8,T1,
4501,subesco,M_03_ILIAS_S_8_NEUTRAL_2.wav,353324,01003c788a96d79eaf904839b7fc41520aca0e06993aa067c12a7861715189ad,M03,M,NEUTRAL,4,S8,T2,
4502,subesco,M_03_ILIAS_S_8_NEUTRAL_3.wav,353324,6138371e95598260fcfc87282a6fcc0287add1a2db9af74354d5073b23a04ca7,M03,M,NEUTRAL,4,S8,T3,
4503,subesco,M_03_ILIAS_S_8_NEUTRAL_4.wav,353324,a6371cd8bd99668f6c56c80a525319188fa9378bbc76d3a03963ec51a28e1d06,M03,M,NEUTRAL,4,S8,T4,
4504,subesco,M_03_ILIAS_S_8_NEUTRAL_5.wav,354348,dcd9fd7592eded291844b0a7ab306d42f509e51c9740d480449f9cb9622a76fd,M03,M,NEUTRAL,4,S8,T5,
4505,subesco,M_03_ILIAS_S_8_SAD_1.wav,353324,7e2c500c68e1a7a51934bdd4e79bc836b042d92db175aeb0591964d9bdc3014c,M03,M,SAD,5,S8,T1,
4506,subesco,M_03_ILIAS_S_8_SAD_2.wav,354348,254ff9000c18d4e30590f4b8be47612326fdb7d84a6c8ea20893645166f1d133,M03,M,SAD,5,S8,T2,
4507,subesco,M_03_ILIAS_S_8_SAD_3.wav,354348,2bbee380257c64dc622126bcce7709cc643aa10ef7fa4e9819ec47080311e9fb,M03,M,SAD,5,S8,T3,
4508,subesco,M_03_ILIAS_S_8_SAD_4.wav,353324,6025aec56705605e0a491c2524d45557446b7fa95f9b1205b061961f9df22231,M03,M,SAD,5,S8,T4,
4509,subesco,M_03_ILIAS_S_8_SAD_5.wav,354348,395e2a56da19624dd41409fa3cca279b256b037bcac3633ee15b2415612e9080,M03,M,SAD,5,S8,T5,
4510,subesco,M_03_ILIAS_S_8_SURPRISE_1.wav,354348,4947785992a48b9a45fba35d4551c3d962a76f1fc5e1d3222b6652e9d3075646,M03,M,SURPRISE,6,S8,T1,
4511,subesco,M_03_ILIAS_S_8_SURPRISE_2.wav,353324,c838eee7d21cc05440220c95accde3e847360b8e4a90af4b40c2f20ffb0ea5c9,M03,M,SURPRISE,6,S8,T2,
4512,subesco,M_03_ILIAS_S_8_SURPRISE_3.wav,355372,c2a7d7a232d94340f8ad5a2265641abdea053f82eed4df0a4e37625cd5517f2b,M03,M,SURPRISE,6,S8,T3,
4513,subesco,M_03_ILIAS_S_8_SURPRISE_4.wav,354348,c20adf30e2de0ce68c51b281af4ad21329b65d4bb846fb606d7ccd8757974030,M03,M,SURPRISE,6,S8,T4,
4514,subesco,M_03_ILIAS_S_8_SURPRISE_5.wav,354348,afb5c3e51c043174fb5903216e32bba87a4cfcd6a18fc1da0c3476504fff96e4,M03,M,SURPRISE,6,S8,T5,
4515,subesco,M_03_ILIAS_S_9_ANGRY_1.wav,354348,f7056b5f34b1bef789f9852602edb55e45fb80ceb90320c03c47b662588aa765,M03,M,ANGRY,0,S9,T1,
4516,subesco,M_03_ILIAS_S_9_ANGRY_2.wav,354348,01df488de88e6cea801737b502cb54de1e8525f8bfd1c0b809f735675fab78f5,M03,M,ANGRY,0,S9,T2,
4517,subesco,M_03_ILIAS_S_9_ANGRY_3.wav,354348,c9653d88de49309cac29d3fbb1bb9341b2a54ed9e08d373be238afb15e0e4f72,M03,M,ANGRY,0,S9,T3,
4518,subesco,M_03_ILIAS_S_9_ANGRY_4.wav,354348,76549cc2cbeeb2871dc6285aba20cd18d3a7e402e8074ad993e9dd8973724048,M03,M,ANGRY,0,S9,T4,
4519,subesco,M_03_ILIAS_S_9_ANGRY_5.wav,354348,530da4949e8df00944c48dde8859a6a4608cfb6818cad6822c316f78ee5b2350,M03,M,ANGRY,0,S9,T5,
4520,subesco,M_03_ILIAS_S_9_DISGUST_1.wav,354348,a59a1c6effbbfc9acbcc5fe3d0cecef7f89cc9185d6a6ef017ff994f3d6aa770,M03,M,DISGUST,1,S9,T1,
4521,subesco,M_03_ILIAS_S_9_DISGUST_2.wav,354348,0884b942efc4f3a1ee51b55c9fed11c8748f4de839a400892d9faff8a3aec565,M03,M,DISGUST,1,S9,T2,
4522,subesco,M_03_ILIAS_S_9_DISGUST_3.wav,355372,df252f1cf7153027bb82474acb61a2c00abea103a0d37999bee486eeecf527f0,M03,M,DISGUST,1,S9,T3,
4523,subesco,M_03_ILIAS_S_9_DISGUST_4.wav,353324,6d8d8d952a042a2418eb422c80af354e23c0667dc5416fd869833ad98789b572,M03,M,DISGUST,1,S9,T4,
4524,subesco,M_03_ILIAS_S_9_DISGUST_5.wav,354348,50a1a2c0504584508d728e978c89e2d78698903f04b5b23098a1da8f9d2e194a,M03,M,DISGUST,1,S9,T5,
4525,subesco,M_03_ILIAS_S_9_FEAR_1.wav,354348,dc3e81a51d7ecf2771abdf2948f0d4a1c14502ac9dff5895b0846df6e63e9c25,M03,M,FEAR,2,S9,T1,
4526,subesco,M_03_ILIAS_S_9_FEAR_2.wav,354348,a435a2f9f9a3f1e1ff8346164c21fb0a341d2ec9afe08de4de2192af985a1e50,M03,M,FEAR,2,S9,T2,
4527,subesco,M_03_ILIAS_S_9_FEAR_3.wav,354348,8e765b31c491fe90c5555ad39b8f82f9fe2c778d4600ce8685fbf063df2af7e4,M03,M,FEAR,2,S9,T3,
4528,subesco,M_03_ILIAS_S_9_FEAR_4.wav,354348,8dc387063b72b11c3df7bd89eaad43c32d2e79de0f9563ff47ff3b571da26375,M03,M,FEAR,2,S9,T4,
4529,subesco,M_03_ILIAS_S_9_FEAR_5.wav,353324,a265346ff055e455f8b280c6d640d55330f41dd62dfb79897bfd4a461ffa154c,M03,M,FEAR,2,S9,T5,
4530,subesco,M_03_ILIAS_S_9_HAPPY_1.wav,356396,c97e74113c4b92ec65cdd645526fac314a86ba31edb78d032b5128468442a619,M03,M,HAPPY,3,S9,T1,
4531,subesco,M_03_ILIAS_S_9_HAPPY_2.wav,353324,544b586b5dbbcdfc625f95e2144e93deeb6108616ea4001caac980fba989d255,M03,M,HAPPY,3,S9,T2,
4532,subesco,M_03_ILIAS_S_9_HAPPY_3.wav,355372,9148f123ab333dd364ae249167756e299d23edb145ab9bd5a22f4d5b8f1ca77b,M03,M,HAPPY,3,S9,T3,
4533,subesco,M_03_ILIAS_S_9_HAPPY_4.wav,354348,c7ea1ea32c02950bec9d23ca72cae25403d7d394f98cb01da98b09206cf1fa9d,M03,M,HAPPY,3,S9,T4,
4534,subesco,M_03_ILIAS_S_9_HAPPY_5.wav,354348,c96de622174682417d6b2050f9c78bf4a9c9e7da22954a9530456ca6be4d0e67,M03,M,HAPPY,3,S9,T5,
4535,subesco,M_03_ILIAS_S_9_NEUTRAL_1.wav,354348,b34e22aab0d663ddc06093b49515232d030a8360bf567dc114cf4602643f3d12,M03,M,NEUTRAL,4,S9,T1,
4536,subesco,M_03_ILIAS_S_9_NEUTRAL_2.wav,352300,7ce96e797d9ce090814d81d2ea8831798eefbfbdd56282efb276910f17b5d6f1,M03,M,NEUTRAL,4,S9,T2,
4537,subesco,M_03_ILIAS_S_9_NEUTRAL_3.wav,354348,98c0556516ad0da4f1a4e5edde8674b49b289cf565ac376280850894794735e8,M03,M,NEUTRAL,4,S9,T3,
4538,subesco,M_03_ILIAS_S_9_NEUTRAL_4.wav,354348,61497083f04fba466ea1cc33a06506d629e918ad677157328f3bb40ca0b98670,M03,M,NEUTRAL,4,S9,T4,
4539,subesco,M_03_ILIAS_S_9_NEUTRAL_5.wav,354348,aa8af84415e2cf16a89aae509641148a53b2ce3c8f3ae775b26e922884571916,M03,M,NEUTRAL,4,S9,T5,
4540,subesco,M_03_ILIAS_S_9_SAD_1.wav,353324,1bcf757058180822e0cb5f372490d85974b142ff2abf941010d2a4fe718e6d83,M03,M,SAD,5,S9,T1,
4541,subesco,M_03_ILIAS_S_9_SAD_2.wav,354348,6f53e8eba96b59617bdcacf9f2c72165e813a34853f6d6994e793f7e8cadf628,M03,M,SAD,5,S9,T2,
4542,subesco,M_03_ILIAS_S_9_SAD_3.wav,354348,111a72597a66c6022d4fb306310c213106878bd8791adb9a4dba5c4d98dfc8b6,M03,M,SAD,5,S9,T3,
4543,subesco,M_03_ILIAS_S_9_SAD_4.wav,354348,3f84d3d2a870978de048b2dde643785337c92cd886c997953654b40801130187,M03,M,SAD,5,S9,T4,
4544,subesco,M_03_ILIAS_S_9_SAD_5.wav,353324,876120b3b90df8d91da43646e3b55625b1d4735af26fa35d4c591c7dd547f253,M03,M,SAD,5,S9,T5,
4545,subesco,M_03_ILIAS_S_9_SURPRISE_1.wav,353324,906cb77eff47a3b3e1295a19161043e4d60d9ac1092637861917c6299724d71b,M03,M,SURPRISE,6,S9,T1,
4546,subesco,M_03_ILIAS_S_9_SURPRISE_2.wav,354348,af496071435784ead0712022acbd82ac6b6854b652c54b65f0c0cd6fd909676c,M03,M,SURPRISE,6,S9,T2,
4547,subesco,M_03_ILIAS_S_9_SURPRISE_3.wav,354348,6df916502694953682534c857fa4b787827062a8cada4a829dd12ed9214dcf84,M03,M,SURPRISE,6,S9,T3,
4548,subesco,M_03_ILIAS_S_9_SURPRISE_4.wav,354348,92b936f1ff58b4ee57c69873e5144ed326deab9b9267653ad6f9677cef9270ad,M03,M,SURPRISE,6,S9,T4,
4549,subesco,M_03_ILIAS_S_9_SURPRISE_5.wav,354348,d0b5c8f5590fed1286ecdc8f5f67c454cfc0bcd3d26a4a4a9ee83d34bae7d175,M03,M,SURPRISE,6,S9,T5,
4550,subesco,M_04_BIBHAS_S_10_ANGRY_1.wav,354348,cca32532ff4b9f352ee1f9a595e03cbfc047f6c01bae5b659926f54880fe126a,M04,M,ANGRY,0,S10,T1,
4551,subesco,M_04_BIBHAS_S_10_ANGRY_2.wav,353324,a729fba78ff43f0a00b1fb61957af8e8fd791d0bdb2e781e2c91120b0c8fc51c,M04,M,ANGRY,0,S10,T2,
4552,subesco,M_04_BIBHAS_S_10_ANGRY_3.wav,353324,ae7837e888d662edefca7bf219e8c02db59b9b463a2c4715b1d2b94595018485,M04,M,ANGRY,0,S10,T3,
4553,subesco,M_04_BIBHAS_S_10_ANGRY_4.wav,354348,88014a9eaf93561e05cbc608c0f8ddfd84cc4acce964529bfa76ffbed6fe1067,M04,M,ANGRY,0,S10,T4,
4554,subesco,M_04_BIBHAS_S_10_ANGRY_5.wav,354348,411c9b6dea4723c56681b4fd81e6972e18522c1f415e75f593ad05c7bc845271,M04,M,ANGRY,0,S10,T5,
4555,subesco,M_04_BIBHAS_S_10_DISGUST_1.wav,354348,7c6f5b97e34bceb648ea472f53b8c99d222b6232669a16d7c0714a6988eccd1b,M04,M,DISGUST,1,S10,T1,
4556,subesco,M_04_BIBHAS_S_10_DISGUST_2.wav,353324,9d64f78bec1b27c315208e8a0ff401bbd8bdd4d9863db3b2ad735789eaf57a8a,M04,M,DISGUST,1,S10,T2,
4557,subesco,M_04_BIBHAS_S_10_DISGUST_3.wav,353324,4877b2baf6c92912d67dadf98d53e8bf914073bfc59f70298487d62ed72975d6,M04,M,DISGUST,1,S10,T3,
4558,subesco,M_04_BIBHAS_S_10_DISGUST_4.wav,354348,39725f87cc5304134ab97621bcf0946e2ebe9dfbf8553ad2ee1e3a63fd7420d2,M04,M,DISGUST,1,S10,T4,
4559,subesco,M_04_BIBHAS_S_10_DISGUST_5.wav,353324,bb69b0d3aebb72f88bc35d8c52cbe52571bec8a5dccb32af0ad0ca3f9dbb665a,M04,M,DISGUST,1,S10,T5,
4560,subesco,M_04_BIBHAS_S_10_FEAR_1.wav,353324,560c6d98b663ba125ca8a85db78462f56638afe90b0a0bd375eb9bcba264f132,M04,M,FEAR,2,S10,T1,
4561,subesco,M_04_BIBHAS_S_10_FEAR_2.wav,354348,ea4c82bc593f4ce4e100fa62385a8310b5eefb65fcf8b0e58cce57ad761f895e,M04,M,FEAR,2,S10,T2,
4562,subesco,M_04_BIBHAS_S_10_FEAR_3.wav,354348,c143c883d079961343b9bf1c97ca0b675d0fb474e10031953285db770961fdf3,M04,M,FEAR,2,S10,T3,
4563,subesco,M_04_BIBHAS_S_10_FEAR_4.wav,354348,6d5f0ba616bedb3e1315cd9e04450696ccfaff90a61ce5c0d46d40d32b8f5326,M04,M,FEAR,2,S10,T4,
4564,subesco,M_04_BIBHAS_S_10_FEAR_5.wav,354348,09bfb27219f7f6991a4ed701af514ca856590504e4b000579cb2126c4234ce10,M04,M,FEAR,2,S10,T5,
4565,subesco,M_04_BIBHAS_S_10_HAPPY_1.wav,354348,a66c0a1e385b6ac6da9c19d62557e2fcb69cf387155a12638317dc28fc533bbb,M04,M,HAPPY,3,S10,T1,
4566,subesco,M_04_BIBHAS_S_10_HAPPY_2.wav,354348,1961f21828fc220d018c2ba71a366637bcea1f00a9645485f671770ae9cd1e3c,M04,M,HAPPY,3,S10,T2,
4567,subesco,M_04_BIBHAS_S_10_HAPPY_3.wav,354348,69a235bfbdc8f9b41455cf5bb170b1a2bbc2dfe663add0fc0c372c5d549b72f3,M04,M,HAPPY,3,S10,T3,
4568,subesco,M_04_BIBHAS_S_10_HAPPY_4.wav,353324,da73bad2a5d5debc139b8f9cf740e284d6314b36d3e7cc3e61d5ac3b09dd4636,M04,M,HAPPY,3,S10,T4,
4569,subesco,M_04_BIBHAS_S_10_HAPPY_5.wav,354348,6fc89ee8dc8f9f310983d7206da313ba416cef2818296adde7fb3b88f3beb259,M04,M,HAPPY,3,S10,T5,
4570,subesco,M_04_BIBHAS_S_10_NEUTRAL_1.wav,353324,4fd54ddc02b3fd348753832783b3b83af3a15ec19cce9b6701dd72c441f0b12b,M04,M,NEUTRAL,4,S10,T1,
4571,subesco,M_04_BIBHAS_S_10_NEUTRAL_2.wav,354348,395712da8fe8a5742ee17d182a3d0ae39c88d15e6c3276257084d8519a0abd91,M04,M,NEUTRAL,4,S10,T2,
4572,subesco,M_04_BIBHAS_S_10_NEUTRAL_3.wav,353324,a4cc82e636ba303942ae89627c2f45e621ef87923a11863a9512e36d88318b76,M04,M,NEUTRAL,4,S10,T3,
4573,subesco,M_04_BIBHAS_S_10_NEUTRAL_4.wav,352300,23d66d7a30ec123698276b482d63be851bef4037518de8f1c4f5bf1ebf0ed829,M04,M,NEUTRAL,4,S10,T4,
4574,subesco,M_04_BIBHAS_S_10_NEUTRAL_5.wav,355372,842191f365de3d528d0a78b26b32f5fa55c7bdd6f2ac82f2eb9c4a7578125862,M04,M,NEUTRAL,4,S10,T5,
4575,subesco,M_04_BIBHAS_S_10_SAD_1.wav,353324,aa9e43e851d3fdbd83d642af05f5cee73e2af76e36f5dadecef803ea0282cd0f,M04,M,SAD,5,S10,T1,
4576,subesco,M_04_BIBHAS_S_10_SAD_2.wav,354348,0a695a9653170b9dbb8ab64cad09d75d1689b33a3c295dad1fcee3e9f92b40c3,M04,M,SAD,5,S10,T2,
4577,subesco,M_04_BIBHAS_S_10_SAD_3.wav,352300,8e989b41e654d396501bae551e92270094bda82c72fac23fd7230c7e35664582,M04,M,SAD,5,S10,T3,
4578,subesco,M_04_BIBHAS_S_10_SAD_4.wav,354348,386224e6dbff9e80bb60bced2719c29e6df76b46474509af3446dce0e54af8ad,M04,M,SAD,5,S10,T4,
4579,subesco,M_04_BIBHAS_S_10_SAD_5.wav,354348,881b80639f5c7284f1f8594e7dfdd342a62c401603bb4fd9bba9cdfadb02967b,M04,M,SAD,5,S10,T5,
4580,subesco,M_04_BIBHAS_S_10_SURPRISE_1.wav,353324,8b019544b11769f688b27ec807203121edf09ddfa922ad619006129aca8c6c5d,M04,M,SURPRISE,6,S10,T1,
4581,subesco,M_04_BIBHAS_S_10_SURPRISE_2.wav,354348,9d82a6e6e5dbc25449718e6daaefe3154e4dff0756aae681cafacdfcd59cd874,M04,M,SURPRISE,6,S10,T2,
4582,subesco,M_04_BIBHAS_S_10_SURPRISE_3.wav,353324,5df63ef8d42788d2113cefdfa5470a94501494ce50c36b3d105bd1d54cbc4868,M04,M,SURPRISE,6,S10,T3,
4583,subesco,M_04_BIBHAS_S_10_SURPRISE_4.wav,353324,84064f7fb4e5463f0a8d9f6cbc3cebccfbdd6825fdd7badf7e38f5435bbab2dc,M04,M,SURPRISE,6,S10,T4,
4584,subesco,M_04_BIBHAS_S_10_SURPRISE_5.wav,353324,e2cb8f97a9ecbf6af1522d6338545dc9cec929e4e19393dacd01e623d7c11602,M04,M,SURPRISE,6,S10,T5,
4585,subesco,M_04_BIBHAS_S_1_ANGRY_1.wav,354348,b698e020e03233afc9bf0deaea13ce76fc5dd3360d896d2b41e7b547020870f7,M04,M,ANGRY,0,S1,T1,
4586,subesco,M_04_BIBHAS_S_1_ANGRY_2.wav,354348,f03b77ecae2163f59584ff20a4b91dd3973ad526c34edb57206341107167f28b,M04,M,ANGRY,0,S1,T2,
4587,subesco,M_04_BIBHAS_S_1_ANGRY_3.wav,354348,42aa76128ad86e06a1dbba52aacd64cbd509acc87fcdd922534694ec4497af4f,M04,M,ANGRY,0,S1,T3,
4588,subesco,M_04_BIBHAS_S_1_ANGRY_4.wav,354348,5f5de0500fa99c5eb3f7c79ea96f8b4d949cddda07e51362dcbf3776255b1995,M04,M,ANGRY,0,S1,T4,
4589,subesco,M_04_BIBHAS_S_1_ANGRY_5.wav,353324,ed777b3c4e4f24ebfd51a915007dd1e3d7f7e3aaf92436a75d122fadfdfb6e81,M04,M,ANGRY,0,S1,T5,
4590,subesco,M_04_BIBHAS_S_1_DISGUST_1.wav,354348,f0edafa50c231903251f12817f39f8007c8c340022b0b72b86ee36a0116d5044,M04,M,DISGUST,1,S1,T1,
4591,subesco,M_04_BIBHAS_S_1_DISGUST_2.wav,355372,386627536ddfb8793f516631dab54b389635d2873ff095e607558efd42ab7db6,M04,M,DISGUST,1,S1,T2,
4592,subesco,M_04_BIBHAS_S_1_DISGUST_3.wav,353324,cd9a6d677de6a9a6b91cdcd0acd871b29a2fab2668768c76e230531366c390f0,M04,M,DISGUST,1,S1,T3,
4593,subesco,M_04_BIBHAS_S_1_DISGUST_4.wav,354348,bf1f27ed5ad26615b87b64f9df99e980c67513c30f2d6b836d5983c916aa37c2,M04,M,DISGUST,1,S1,T4,
4594,subesco,M_04_BIBHAS_S_1_DISGUST_5.wav,354348,146b2f87814faf5f7599816df18a6d4c2d95c40a5bc69fe1926d48a770de6333,M04,M,DISGUST,1,S1,T5,
4595,subesco,M_04_BIBHAS_S_1_FEAR_1.wav,353324,0675e45c98755012445cbf5e1e402b5fe5e4191e25a11d8362dee27b90532dbe,M04,M,FEAR,2,S1,T1,
4596,subesco,M_04_BIBHAS_S_1_FEAR_2.wav,354348,499970fdbf655e8bc63abbee4b03019c5b5c05d51ee83578618442b46125f447,M04,M,FEAR,2,S1,T2,
4597,subesco,M_04_BIBHAS_S_1_FEAR_3.wav,353324,a50a8f171e36432ae8e0022538892bbd6435cd03fa8fcb738dabf5631ef46d1a,M04,M,FEAR,2,S1,T3,
4598,subesco,M_04_BIBHAS_S_1_FEAR_4.wav,354348,cc2965f9d83664e3f4e2ce92c10f6fde54218a21dd79af36272f57d03e8ae642,M04,M,FEAR,2,S1,T4,
4599,subesco,M_04_BIBHAS_S_1_FEAR_5.wav,353324,99db2f6412574a05287ac8a1c60b3c030c8d07f1301bc38c550471dcb432c4e0,M04,M,FEAR,2,S1,T5,
4600,subesco,M_04_BIBHAS_S_1_HAPPY_1.wav,354348,089dd571266fb1b953cac73804622e2c715bdc98a3de7529739e49dd881bd778,M04,M,HAPPY,3,S1,T1,
4601,subesco,M_04_BIBHAS_S_1_HAPPY_2.wav,352300,b1e6ab514a97601834cf5d81743a59cdb43c5f7d40a8ebce84387452a03e3092,M04,M,HAPPY,3,S1,T2,
4602,subesco,M_04_BIBHAS_S_1_HAPPY_3.wav,353324,104a3bbe4f5748892d4ce8cf435508afb18f50ab65537e2efdf25374219d3d1a,M04,M,HAPPY,3,S1,T3,
4603,subesco,M_04_BIBHAS_S_1_HAPPY_4.wav,353324,bc93c0a4ea419989fac4ac729bcc9528a2b51c80b9fab9df35e9756da87dba59,M04,M,HAPPY,3,S1,T4,
4604,subesco,M_04_BIBHAS_S_1_HAPPY_5.wav,352300,9383b070ca7017cbfa24cae31dc63a1bd83bdbbd4f8b13623f73b2f28dd5085d,M04,M,HAPPY,3,S1,T5,
4605,subesco,M_04_BIBHAS_S_1_NEUTRAL_1.wav,353324,cf6b0c391e9319d768183dd7638c616bd0faaa2fd99c7891b407fe5ada5cfe83,M04,M,NEUTRAL,4,S1,T1,
4606,subesco,M_04_BIBHAS_S_1_NEUTRAL_2.wav,354348,f3b22b05ba02dba19450e65377d306d8713919b95c4e44119cf364ebba7b9d89,M04,M,NEUTRAL,4,S1,T2,
4607,subesco,M_04_BIBHAS_S_1_NEUTRAL_3.wav,354348,2fbb0c4313488bf5ab8e64826da274917535093a572133f6954325515d734a59,M04,M,NEUTRAL,4,S1,T3,
4608,subesco,M_04_BIBHAS_S_1_NEUTRAL_4.wav,353324,1088fd3424926e3f51a206e28287743fd8c18e250ce4a20efd939d5a10679cec,M04,M,NEUTRAL,4,S1,T4,
4609,subesco,M_04_BIBHAS_S_1_NEUTRAL_5.wav,354348,194400ef5f1ad2d8672573497a189922f943d6d92af6f624ab45280063e7f8f2,M04,M,NEUTRAL,4,S1,T5,
4610,subesco,M_04_BIBHAS_S_1_SAD_1.wav,353324,93f54e72b701dfbeb510fcf48349df464aac5cdc3132819dd7d5f872132461a9,M04,M,SAD,5,S1,T1,
4611,subesco,M_04_BIBHAS_S_1_SAD_2.wav,353324,3b2c5a92b27f5a64cff511e10dc40994ecb8934dbc5af3495d1118c6650f4d6b,M04,M,SAD,5,S1,T2,
4612,subesco,M_04_BIBHAS_S_1_SAD_3.wav,353324,71a3ee450b9f13a318c35c352ec1a5926742c3210768ca21ff22b54783cebfb8,M04,M,SAD,5,S1,T3,
4613,subesco,M_04_BIBHAS_S_1_SAD_4.wav,353324,c2c4404a926287c31663e7c1ea66c5cc94b3d767f8d5ce8434ff9af1e05a2879,M04,M,SAD,5,S1,T4,
4614,subesco,M_04_BIBHAS_S_1_SAD_5.wav,352300,a9596c067de70d572f6881e02db1f970081e9715a5b6ec450504712e61415974,M04,M,SAD,5,S1,T5,
4615,subesco,M_04_BIBHAS_S_1_SURPRISE_1.wav,354348,1037dc5065aa1eea7f13480614b0daa65c0c413335da4c537709fe91ed679e13,M04,M,SURPRISE,6,S1,T1,
4616,subesco,M_04_BIBHAS_S_1_SURPRISE_2.wav,353324,5eab806da02d58011251982f73849243d50d7ccc120b35667ba8db2f1caf4e59,M04,M,SURPRISE,6,S1,T2,
4617,subesco,M_04_BIBHAS_S_1_SURPRISE_3.wav,353324,4e53afbbe72f9174cf860a72c06309f21a514bd59c98cb41f1af643ed7724bf4,M04,M,SURPRISE,6,S1,T3,
4618,subesco,M_04_BIBHAS_S_1_SURPRISE_4.wav,354348,dfa7161ed5fa97c2d38cf7d288bea08c62ec2b838670cda1c47b0930c08288a4,M04,M,SURPRISE,6,S1,T4,
4619,subesco,M_04_BIBHAS_S_1_SURPRISE_5.wav,354348,eefb22de27d83c204b9ba7559dc3fa82a6627d1a714f2af7d6fe8377dbe6e910,M04,M,SURPRISE,6,S1,T5,
4620,subesco,M_04_BIBHAS_S_2_ANGRY_1.wav,353324,61a107d1209d36e56413503fc6853f0e9d2f1f42c8e9bdda8e0145173adf7765,M04,M,ANGRY,0,S2,T1,
4621,subesco,M_04_BIBHAS_S_2_ANGRY_2.wav,354348,f10eab8e56001cfdd2ce6dc3101a3c01625863a5d1864d29b064695614d0f3f4,M04,M,ANGRY,0,S2,T2,
4622,subesco,M_04_BIBHAS_S_2_ANGRY_3.wav,354348,8ac0c7fa000086b02322921972f50ccf3d69e7b2a13e93ad927b0d12f07e9e8c,M04,M,ANGRY,0,S2,T3,
4623,subesco,M_04_BIBHAS_S_2_ANGRY_4.wav,354348,52399a5b7ab93eb38a48ac6123a390f8b0becbbcefa1beb1def736b2f9eca9ec,M04,M,ANGRY,0,S2,T4,
4624,subesco,M_04_BIBHAS_S_2_ANGRY_5.wav,354348,2cbb5f5246947f9c895715777d8487b292e0e2e9456eb08ac6645705f111c6a9,M04,M,ANGRY,0,S2,T5,
4625,subesco,M_04_BIBHAS_S_2_DISGUST_1.wav,352300,0b2871b7b6e43acc218c3e4f02c74f5e40bb949c4fcf94401d632834b6ce2717,M04,M,DISGUST,1,S2,T1,
4626,subesco,M_04_BIBHAS_S_2_DISGUST_2.wav,353324,90a0f6357fd212af3b686a3f1dfaed116d94d381583f4be3d906deb6f1d5ca1b,M04,M,DISGUST,1,S2,T2,
4627,subesco,M_04_BIBHAS_S_2_DISGUST_3.wav,353324,e95a22083dd78173e8d6f52afb393f15d980651a38bc046e381ef2a57d89b25f,M04,M,DISGUST,1,S2,T3,
4628,subesco,M_04_BIBHAS_S_2_DISGUST_4.wav,354348,1ee500ed04a9a34226314487a806d2018068c541c53675e7b20aa23c77d3fc49,M04,M,DISGUST,1,S2,T4,
4629,subesco,M_04_BIBHAS_S_2_DISGUST_5.wav,354348,d3c68c4b1da027a7d1381c72067e20619eae480db260c5c17008be208e9e2561,M04,M,DISGUST,1,S2,T5,
4630,subesco,M_04_BIBHAS_S_2_FEAR_1.wav,354348,5dc50f1adaa8d580025c454ee42a32df4df700f3310bc30eb4ab7c8a6b86d842,M04,M,FEAR,2,S2,T1,
4631,subesco,M_04_BIBHAS_S_2_FEAR_2.wav,354348,10eac9f14aeb19d20a4d2470b65714ece5aa6436383557ed4a78f541c341a534,M04,M,FEAR,2,S2,T2,
4632,subesco,M_04_BIBHAS_S_2_FEAR_3.wav,353324,033531a91ed744380d45cafdfbca79b2612012d20b70831dc8aac1f23ce3013a,M04,M,FEAR,2,S2,T3,
4633,subesco,M_04_BIBHAS_S_2_FEAR_4.wav,353324,db7c8f9e8fadabc56a409bf1f8f950b71fd530ac42452e7f7492797c142768db,M04,M,FEAR,2,S2,T4,
4634,subesco,M_04_BIBHAS_S_2_FEAR_5.wav,353324,418119bfa7227723c7d979d965441f505c10d88fa1e0f8ff0e226d310a576f44,M04,M,FEAR,2,S2,T5,
4635,subesco,M_04_BIBHAS_S_2_HAPPY_1.wav,354348,77321a41e03a06c121ffafeff9872bc29d88117381b582525ba2559a8528f1ad,M04,M,HAPPY,3,S2,T1,
4636,subesco,M_04_BIBHAS_S_2_HAPPY_2.wav,353324,8b99dac029b440ab2f7aeab64c90d37a89f04b5969a3688bdd1d341b7561400a,M04,M,HAPPY,3,S2,T2,
4637,subesco,M_04_BIBHAS_S_2_HAPPY_3.wav,354348,4de832df2b19e7134b3028730cf939019fd3d14cdcd02f11a319a0d417c07093,M04,M,HAPPY,3,S2,T3,
4638,subesco,M_04_BIBHAS_S_2_HAPPY_4.wav,354348,11c7fa1c550cbd6255129a8825c46c834a1b2363d5dbafa50a0d0995a5408337,M04,M,HAPPY,3,S2,T4,
4639,subesco,M_04_BIBHAS_S_2_HAPPY_5.wav,356396,52d48928dcd6c28b4b65059e039196e1308d99bf26e8b694b2274544f1ef4634,M04,M,HAPPY,3,S2,T5,
4640,subesco,M_04_BIBHAS_S_2_NEUTRAL_1.wav,353324,e4ca816df276e4e488994b9a22706aee7e923df7ba2c9ecf3eb424672d3be3bc,M04,M,NEUTRAL,4,S2,T1,
4641,subesco,M_04_BIBHAS_S_2_NEUTRAL_2.wav,354348,d65b9436060542b28f418f012119e4016ad39716699043d9f31a6bf8de9e4828,M04,M,NEUTRAL,4,S2,T2,
4642,subesco,M_04_BIBHAS_S_2_NEUTRAL_3.wav,354348,410ecc133c79cbaed5a4d5e15d1c912507f892ecd255cdf6cd30524b6ad1cb5e,M04,M,NEUTRAL,4,S2,T3,
4643,subesco,M_04_BIBHAS_S_2_NEUTRAL_4.wav,354348,dae69287d6c38b5083c380f2e1d7dc4c7b3bd2a43392032123fbf28f12afa722,M04,M,NEUTRAL,4,S2,T4,
4644,subesco,M_04_BIBHAS_S_2_NEUTRAL_5.wav,353324,d68b1df2587c4af3e1a4bdd042f07a7d9044925251168732e0bfd94db1b27035,M04,M,NEUTRAL,4,S2,T5,
4645,subesco,M_04_BIBHAS_S_2_SAD_1.wav,353324,81d26a3a424195e19b747322d9959681774517daa85ab716740410f7a45c1f07,M04,M,SAD,5,S2,T1,
4646,subesco,M_04_BIBHAS_S_2_SAD_2.wav,354348,16a6e8595e0f477df765c8e192d047c65834bfd22aaf1770383b20cd74ab8f9c,M04,M,SAD,5,S2,T2,
4647,subesco,M_04_BIBHAS_S_2_SAD_3.wav,353324,2ce5d7616ed3ae673d9e713e54237c84606f16a362fe81e99d79550fd5271176,M04,M,SAD,5,S2,T3,
4648,subesco,M_04_BIBHAS_S_2_SAD_4.wav,354348,1d69a9b4c9d70937398c27c7546de8ede3b44b8dd2c7a7c845e736ddc69d0721,M04,M,SAD,5,S2,T4,
4649,subesco,M_04_BIBHAS_S_2_SAD_5.wav,352300,8baadc808777f94d841a293bf97b265450374694fa47410c53ead99f0a14ba11,M04,M,SAD,5,S2,T5,
4650,subesco,M_04_BIBHAS_S_2_SURPRISE_1.wav,353324,6290f4f3e2df4536767fc0425916c5674fc4ee8fcc46022cc0ffe0e3a54ed301,M04,M,SURPRISE,6,S2,T1,
4651,subesco,M_04_BIBHAS_S_2_SURPRISE_2.wav,351276,c96247501c0c8c20e854aac2edd58d85eacfc198cdf537c105aee88f70378584,M04,M,SURPRISE,6,S2,T2,
4652,subesco,M_04_BIBHAS_S_2_SURPRISE_3.wav,352300,4c354625ca8ca6dc1ecde9d74c47246ebdb70be6f6b547083f93db11ce292c5d,M04,M,SURPRISE,6,S2,T3,
4653,subesco,M_04_BIBHAS_S_2_SURPRISE_4.wav,354348,6815b315701087cf3e434d6c96ba770b691603da561fbe26d39cf4535ad9f272,M04,M,SURPRISE,6,S2,T4,
4654,subesco,M_04_BIBHAS_S_2_SURPRISE_5.wav,354348,f6fb4d6fda6d58e3f3eb728d8e80449dba1776bcee7a91880768af804738a07a,M04,M,SURPRISE,6,S2,T5,
4655,subesco,M_04_BIBHAS_S_3_ANGRY_1.wav,354348,2c39d36cc4b4560cd485be8bc41ece5b95bfdc1ba65b5f8a642cba10cbffe06f,M04,M,ANGRY,0,S3,T1,
4656,subesco,M_04_BIBHAS_S_3_ANGRY_2.wav,354348,a2185a99b81302854d9a8b850e928107ddabbf79d664e4e412d36b2ad54a4da0,M04,M,ANGRY,0,S3,T2,
4657,subesco,M_04_BIBHAS_S_3_ANGRY_3.wav,353324,2c996be711cab9a7610e3346ab322a244e8af4a24ef11e6d052a6a0602ecff4a,M04,M,ANGRY,0,S3,T3,
4658,subesco,M_04_BIBHAS_S_3_ANGRY_4.wav,354348,55b69743b428a5ee226d91549685622874feac355b1a1f1eaff42a8d38ea3e13,M04,M,ANGRY,0,S3,T4,
4659,subesco,M_04_BIBHAS_S_3_ANGRY_5.wav,354348,7186675a8bddf8a4fddc786f4b6de532b1535f1f21748c25bd9c0240d94467af,M04,M,ANGRY,0,S3,T5,
4660,subesco,M_04_BIBHAS_S_3_DISGUST_1.wav,352300,be2eb682b39e94b835799928c692c53d42e8b6c93d606466f3035f4e6e9f6cda,M04,M,DISGUST,1,S3,T1,
4661,subesco,M_04_BIBHAS_S_3_DISGUST_2.wav,351276,23b291cb4bf2179bab20c02cac5e41588bab103eb6948e4866f7ff243013c2b5,M04,M,DISGUST,1,S3,T2,
4662,subesco,M_04_BIBHAS_S_3_DISGUST_3.wav,354348,2eefe9a90a003bc008cf2fef763dc5ce7f5b426b7237aba8abc52a547b2fba2b,M04,M,DISGUST,1,S3,T3,
4663,subesco,M_04_BIBHAS_S_3_DISGUST_4.wav,356396,9ff5510080d7fffd87e536ea28417f880427dc9328c1db319a59d0ef8c866e9b,M04,M,DISGUST,1,S3,T4,
4664,subesco,M_04_BIBHAS_S_3_DISGUST_5.wav,353324,e215fa3e58b943f05c95a29e0075285d544b28ee76730a10c766ff9f308662b6,M04,M,DISGUST,1,S3,T5,
4665,subesco,M_04_BIBHAS_S_3_FEAR_1.wav,354348,c4ab4f6ca19dd2a3d2307fd3e6b7719193e0de34cb547058385981728387ec50,M04,M,FEAR,2,S3,T1,
4666,subesco,M_04_BIBHAS_S_3_FEAR_2.wav,353324,58306e154485815e6d60b621e688ecbc9f7ae5a22089d221c4c80ec53853b5df,M04,M,FEAR,2,S3,T2,
4667,subesco,M_04_BIBHAS_S_3_FEAR_3.wav,354348,573b110c1ca028041fca458b90370252081d7456642d81be69869e0d470ed406,M04,M,FEAR,2,S3,T3,
4668,subesco,M_04_BIBHAS_S_3_FEAR_4.wav,354348,9b9904373cfee70cb47449cb9349dee2bf1aee9d979dbb8ba4020d0f72f04d7f,M04,M,FEAR,2,S3,T4,
4669,subesco,M_04_BIBHAS_S_3_FEAR_5.wav,351276,6b80e89948411232cd637829ac6b113eec5c5b157fc78bdcc4b708aada122ada,M04,M,FEAR,2,S3,T5,
4670,subesco,M_04_BIBHAS_S_3_HAPPY_1.wav,354348,bce1a26fffcde322a75079087ae218e97e08e8ba622d897592b7407bc9f375db,M04,M,HAPPY,3,S3,T1,
4671,subesco,M_04_BIBHAS_S_3_HAPPY_2.wav,353324,2b89717b5a9ab2e04a94a94266bedd81503699d87bc9ee78b82012660a46c28c,M04,M,HAPPY,3,S3,T2,
4672,subesco,M_04_BIBHAS_S_3_HAPPY_3.wav,352300,34320821d5fa69f98e0c3ca6de3383b48aab78905d9f1f8ad916902c8d3bf276,M04,M,HAPPY,3,S3,T3,
4673,subesco,M_04_BIBHAS_S_3_HAPPY_4.wav,353324,91d9cf5ffba28ea5b2a78c2b12212e03103cd457808088c43c927c2bb60a5468,M04,M,HAPPY,3,S3,T4,
4674,subesco,M_04_BIBHAS_S_3_HAPPY_5.wav,353324,1636693929bae42394cc66717ef8798c9518e7cf77fe509e1c7eab659c9b6233,M04,M,HAPPY,3,S3,T5,
4675,subesco,M_04_BIBHAS_S_3_NEUTRAL_1.wav,353324,29a84361ef088c3f392df9e77923c6dd269c2af925013c5e1214b2ddf58dfd1d,M04,M,NEUTRAL,4,S3,T1,
4676,subesco,M_04_BIBHAS_S_3_NEUTRAL_2.wav,353324,5e34ae94f822735778d63a0f528d7f6124e133201f950eddf6fb5c76ec0612a7,M04,M,NEUTRAL,4,S3,T2,
4677,subesco,M_04_BIBHAS_S_3_NEUTRAL_3.wav,353324,7266a3014d19f6fe650c7551a97bdea14bcc072b2acc53635a91500246820b9b,M04,M,NEUTRAL,4,S3,T3,
4678,subesco,M_04_BIBHAS_S_3_NEUTRAL_4.wav,352300,937a3787e0ecb5e57c1d9cea759d92747e4a741ceccfbbfd07896a7073602746,M04,M,NEUTRAL,4,S3,T4,
4679,subesco,M_04_BIBHAS_S_3_NEUTRAL_5.wav,353324,c954b5fcf53a655c83b6ab0879edd95c263e1d80223fc5c857ea3ccdb2c31367,M04,M,NEUTRAL,4,S3,T5,
4680,subesco,M_04_BIBHAS_S_3_SAD_1.wav,353324,0d395dfc174d2f7588881fc67dc14d36f8f1c1597ae7b2175b9a1ba8735d8fbb,M04,M,SAD,5,S3,T1,
4681,subesco,M_04_BIBHAS_S_3_SAD_2.wav,353324,59ac7f5c802477559e6b0b5eeb9294e10e5d7701db5aee4112df78bb5f7fb652,M04,M,SAD,5,S3,T2,
4682,subesco,M_04_BIBHAS_S_3_SAD_3.wav,352300,67bf09eae428f13cfbd16f5796b592773b7785ce4009f7425483787e09bf799a,M04,M,SAD,5,S3,T3,
4683,subesco,M_04_BIBHAS_S_3_SAD_4.wav,354348,b49b61f9f9b792ffdc2566326136939c5898be099af1f37e3402d3d77b052b49,M04,M,SAD,5,S3,T4,
4684,subesco,M_04_BIBHAS_S_3_SAD_5.wav,354348,8f63923194948b42ea9d29fdf5d42a8321595abae8381059d3ebce3ad04cf198,M04,M,SAD,5,S3,T5,
4685,subesco,M_04_BIBHAS_S_3_SURPRISE_1.wav,354348,f018ef96b74e1c39264bd4a3b3f33be33792114b7343185cccfd56dfa3dfaae4,M04,M,SURPRISE,6,S3,T1,
4686,subesco,M_04_BIBHAS_S_3_SURPRISE_2.wav,353324,30d8eaa7b5519de6867eb89dd97cfdddacce9e546cea0a134a51646609222af7,M04,M,SURPRISE,6,S3,T2,
4687,subesco,M_04_BIBHAS_S_3_SURPRISE_3.wav,354348,76c530cb93f3630268449a0044584fcc091a168f138fd0abb0a9aa8c3b9e7182,M04,M,SURPRISE,6,S3,T3,
4688,subesco,M_04_BIBHAS_S_3_SURPRISE_4.wav,353324,cbde245f5267dfad35667100919e0a04a7e911ec7ce96842845963e75e7e68f3,M04,M,SURPRISE,6,S3,T4,
4689,subesco,M_04_BIBHAS_S_3_SURPRISE_5.wav,353324,55f0ed2e3b2470a722dd13a7b51137145c1b46c0974b60b4d09153dee84ba37e,M04,M,SURPRISE,6,S3,T5,
4690,subesco,M_04_BIBHAS_S_4_ANGRY_1.wav,353324,d3526017f2c6b2da3b098783f506e1c07ba23e18a6fa691b6cd23ffe3c87692a,M04,M,ANGRY,0,S4,T1,
4691,subesco,M_04_BIBHAS_S_4_ANGRY_2.wav,353324,2a6df57a4aad9a8a9ef09f31b1b8e3c00f8812e13fa9e3d3641d7083314ced22,M04,M,ANGRY,0,S4,T2,
4692,subesco,M_04_BIBHAS_S_4_ANGRY_3.wav,353324,bb88ace93e4bd0c4d61a47c736262499ab23a1ca212081503108fcac53df1aad,M04,M,ANGRY,0,S4,T3,
4693,subesco,M_04_BIBHAS_S_4_ANGRY_4.wav,353324,a0e2d733d54e9d15ec4fe3b6ca77768f82255896dd6f48491881a1a2829b3321,M04,M,ANGRY,0,S4,T4,
4694,subesco,M_04_BIBHAS_S_4_ANGRY_5.wav,354348,c29d57411fa5ef11239fd5ed285e747383da3574fa10f1b4de3b1951d5cfd909,M04,M,ANGRY,0,S4,T5,
4695,subesco,M_04_BIBHAS_S_4_DISGUST_1.wav,353324,43ca67c70741671c92161e473bb21888dd638798c0784fd77b8480ccd4ae6f56,M04,M,DISGUST,1,S4,T1,
4696,subesco,M_04_BIBHAS_S_4_DISGUST_2.wav,354348,179aa77db16ca20a9963358ab7e2c9daa55cd3a574139eb4ee1abe2a0a69c086,M04,M,DISGUST,1,S4,T2,
4697,subesco,M_04_BIBHAS_S_4_DISGUST_3.wav,354348,aa5f64ef429cb76ab67c06cb5b27da59651902601b22418a3a9a7951c043b0d2,M04,M,DISGUST,1,S4,T3,
4698,subesco,M_04_BIBHAS_S_4_DISGUST_4.wav,353324,a826986cd637b772c21930cd52bc3c1cd25b727138bda3f74870938268aa0474,M04,M,DISGUST,1,S4,T4,
4699,subesco,M_04_BIBHAS_S_4_DISGUST_5.wav,353324,f628e8f49632c1a080f053dd00449eabaec5a3b6cc4e8ff5fa993cae0fd82e44,M04,M,DISGUST,1,S4,T5,
4700,subesco,M_04_BIBHAS_S_4_FEAR_1.wav,353324,724f158332621ab69fdc6a678250fb34a4fa4efe68e909de07ea44d77dc32732,M04,M,FEAR,2,S4,T1,
4701,subesco,M_04_BIBHAS_S_4_FEAR_2.wav,352300,77268217567609d4deccce40595085f03dd92a93748b5c75a5c592bc81867cf6,M04,M,FEAR,2,S4,T2,
4702,subesco,M_04_BIBHAS_S_4_FEAR_3.wav,354348,34e619d94ce0d08178f42e0c463728a36d71bf4ec27a017158db4fa4c2fdd41e,M04,M,FEAR,2,S4,T3,
4703,subesco,M_04_BIBHAS_S_4_FEAR_4.wav,354348,50f16bb96c47f1e33984b6542c880e55ffad2b5c80fb2090d218100ab947784d,M04,M,FEAR,2,S4,T4,
4704,subesco,M_04_BIBHAS_S_4_FEAR_5.wav,353324,ccf6e2fadef41c7d338314cc6604cca7a0692cc4c99b9c984ca846098ca61964,M04,M,FEAR,2,S4,T5,
4705,subesco,M_04_BIBHAS_S_4_HAPPY_1.wav,352300,e58b17ca4567df05a185a79b4665a5540531bda912285bbceaa0f807e11c7e77,M04,M,HAPPY,3,S4,T1,
4706,subesco,M_04_BIBHAS_S_4_HAPPY_2.wav,353324,9d59e2016004f5505ecddfe355ef6462f0798bd6f717033bf80af66c37f9a880,M04,M,HAPPY,3,S4,T2,
4707,subesco,M_04_BIBHAS_S_4_HAPPY_3.wav,353324,02aa48eb1c8b017710dc859c8ca79939f971b67175ca62076f95cee5bf844281,M04,M,HAPPY,3,S4,T3,
4708,subesco,M_04_BIBHAS_S_4_HAPPY_4.wav,353324,bb16e852a9e914c4aea1d1bfd48f5697621404e8b1f0fbcbc6d811a4dc9c7680,M04,M,HAPPY,3,S4,T4,
4709,subesco,M_04_BIBHAS_S_4_HAPPY_5.wav,353324,da40d43b5d3c84efad8c49d57e02707e97bc482fba8c02c64b6aeb3061f2553d,M04,M,HAPPY,3,S4,T5,
4710,subesco,M_04_BIBHAS_S_4_NEUTRAL_1.wav,354348,2a41b1b5b99512f03a51803ad3e2337dd19f1c3960e0ba59dadbcdcff882f99b,M04,M,NEUTRAL,4,S4,T1,
4711,subesco,M_04_BIBHAS_S_4_NEUTRAL_2.wav,353324,3c139c24b0eeb297d36ef765bbf14c2f5a65ec7c411580e896c29992c1ecf7f7,M04,M,NEUTRAL,4,S4,T2,
4712,subesco,M_04_BIBHAS_S_4_NEUTRAL_3.wav,353324,4b518cd865d39505f6f834e0710db3a8891f80cc669381745196203b4e4845fb,M04,M,NEUTRAL,4,S4,T3,
4713,subesco,M_04_BIBHAS_S_4_NEUTRAL_4.wav,353324,3c8939dacd2b928fa2eb8d3d5cb1177836efce3ae01c89b6aad268634c1398a3,M04,M,NEUTRAL,4,S4,T4,
4714,subesco,M_04_BIBHAS_S_4_NEUTRAL_5.wav,352300,eabfb8fb596f58401e787b66c33252422baf7049dfb5cc0fff9fe702efefdbc1,M04,M,NEUTRAL,4,S4,T5,
4715,subesco,M_04_BIBHAS_S_4_SAD_1.wav,353324,bf1b6e4d4960efd8129200adda43322be8e907a50dd29d4b3129b0e5549f84b8,M04,M,SAD,5,S4,T1,
4716,subesco,M_04_BIBHAS_S_4_SAD_2.wav,354348,f49b1d7a146c36dad3d181d697f6c64f9c22ffd3bd3643ddc85a1cf7e2e8b98a,M04,M,SAD,5,S4,T2,
4717,subesco,M_04_BIBHAS_S_4_SAD_3.wav,353324,d2afde84e69b88925c272accf1877d64d839ac48ba6f015d2bb2f854bedbd58d,M04,M,SAD,5,S4,T3,
4718,subesco,M_04_BIBHAS_S_4_SAD_4.wav,353324,4159ef585bce6d44928c9e305ea55404727b444ff95c8a4613868473523c9e3d,M04,M,SAD,5,S4,T4,
4719,subesco,M_04_BIBHAS_S_4_SAD_5.wav,407596,3d487fcdd884fe4c3e8fdb5d1b36a3d7799f93e1206ed766e45e76ea694fc0b0,M04,M,SAD,5,S4,T5,
4720,subesco,M_04_BIBHAS_S_4_SURPRISE_1.wav,354348,8452137882d84ef64a47f694d04a9ecad3ff979c989011860329d98d50351fee,M04,M,SURPRISE,6,S4,T1,
4721,subesco,M_04_BIBHAS_S_4_SURPRISE_2.wav,353324,66df9f397c72fc7d4093c6200a55a1345d6c77454ad628899e06b6ede206d826,M04,M,SURPRISE,6,S4,T2,
4722,subesco,M_04_BIBHAS_S_4_SURPRISE_3.wav,352300,bfd04b1e8cadc4c00a6e1217b1d1befe1546a220d2a2047ee9f8ff2213098065,M04,M,SURPRISE,6,S4,T3,
4723,subesco,M_04_BIBHAS_S_4_SURPRISE_4.wav,354348,fbf66f3fc212a4be4b86b49fec9a536d583d69fbef8a701d019081f996d71e0d,M04,M,SURPRISE,6,S4,T4,
4724,subesco,M_04_BIBHAS_S_4_SURPRISE_5.wav,354348,bda99e05d0cc98d4aaecb801c191d732b7deea1a3e51ef28d00aead63145277c,M04,M,SURPRISE,6,S4,T5,
4725,subesco,M_04_BIBHAS_S_5_ANGRY_1.wav,354348,0cafcd5cdae7f3732c871ed0f1a197d944df839879363b12e8d1cc821840d864,M04,M,ANGRY,0,S5,T1,
4726,subesco,M_04_BIBHAS_S_5_ANGRY_2.wav,354348,f84b35f1c09637fc9db7905aeca74b3bce9782ed0b2bea253c6bc6d654ad1817,M04,M,ANGRY,0,S5,T2,
4727,subesco,M_04_BIBHAS_S_5_ANGRY_3.wav,353324,91b9545e6bd140829e7c9aa2bc79633d8a31ccfb425430e470d0145045e534b5,M04,M,ANGRY,0,S5,T3,
4728,subesco,M_04_BIBHAS_S_5_ANGRY_4.wav,354348,d3673063e329124dd624178cb9fac351ae5a4f1fd8ad68ab3e1f335f63bcada6,M04,M,ANGRY,0,S5,T4,
4729,subesco,M_04_BIBHAS_S_5_ANGRY_5.wav,353324,ada59251c0a9e31b6b2254674009e90202eea8e75b6119f5cebae2e09f06f323,M04,M,ANGRY,0,S5,T5,
4730,subesco,M_04_BIBHAS_S_5_DISGUST_1.wav,353324,0644888a184c95be147d204fab223a4211f9aa3686d3c76e9a7992d074b98133,M04,M,DISGUST,1,S5,T1,
4731,subesco,M_04_BIBHAS_S_5_DISGUST_2.wav,353324,4da0a24558fafd13e5fcf4e1fbfdbeed97fe73922957136bd589aa0f1bd471eb,M04,M,DISGUST,1,S5,T2,
4732,subesco,M_04_BIBHAS_S_5_DISGUST_3.wav,354348,f1789ab540693a77eb85fc7d5ce2956afb4ad87996548e033b633830e2332e50,M04,M,DISGUST,1,S5,T3,
4733,subesco,M_04_BIBHAS_S_5_DISGUST_4.wav,353324,b8d47ede672765887362ef0245b496c29048cc71259c32ca0ca95d6118e53c0b,M04,M,DISGUST,1,S5,T4,
4734,subesco,M_04_BIBHAS_S_5_DISGUST_5.wav,352300,c29a1d0c97cc1e81c924a209006a886755c538d777dab931d25a33ff68eec50e,M04,M,DISGUST,1,S5,T5,
4735,subesco,M_04_BIBHAS_S_5_FEAR_1.wav,353324,15238d37213d80a59d9bbe43ff580d76e966be419271cb23de0a142500eb47d5,M04,M,FEAR,2,S5,T1,
4736,subesco,M_04_BIBHAS_S_5_FEAR_2.wav,353324,d2a84d8931a1336093c31b686e2cef6c1aebca447fcdb082a8cfec52097802b7,M04,M,FEAR,2,S5,T2,
4737,subesco,M_04_BIBHAS_S_5_FEAR_3.wav,351276,b60a4005302866b838cf8905c1c9bd8db55ff3e5d0bf026396854f52bf799f23,M04,M,FEAR,2,S5,T3,
4738,subesco,M_04_BIBHAS_S_5_FEAR_4.wav,353324,170463121dd399d8638c7e5f18935fb878a6d5a8500d61e2a479485eca6b85ac,M04,M,FEAR,2,S5,T4,
4739,subesco,M_04_BIBHAS_S_5_FEAR_5.wav,354348,62a694300b70ab5a15902b58671a1c61dcc30087407000b3c22ccef0c3f5d059,M04,M,FEAR,2,S5,T5,
4740,subesco,M_04_BIBHAS_S_5_HAPPY_1.wav,352300,d0ab516afbd4671557738eaa171efb4b5754a613e9300dda3cec4914e7e8e2d1,M04,M,HAPPY,3,S5,T1,
4741,subesco,M_04_BIBHAS_S_5_HAPPY_2.wav,353324,9543612041bfbe149c8fb516067c755e7f07927d04dac7c5f06dea46a27476ac,M04,M,HAPPY,3,S5,T2,
4742,subesco,M_04_BIBHAS_S_5_HAPPY_3.wav,354348,420082c1042a82606f07a566b1618273624fcca1ec56e56c92b44fed665cc45f,M04,M,HAPPY,3,S5,T3,
4743,subesco,M_04_BIBHAS_S_5_HAPPY_4.wav,353324,5dc0d0d792ff95ceaf42e8fdd65a14e4f65e5921ad213d7aeceafb1336fee661,M04,M,HAPPY,3,S5,T4,
4744,subesco,M_04_BIBHAS_S_5_HAPPY_5.wav,353324,eaeef1866346465db9481d10756673878c82a2c508d056c0c13110c3bdfc4b76,M04,M,HAPPY,3,S5,T5,
4745,subesco,M_04_BIBHAS_S_5_NEUTRAL_1.wav,354348,f479c64532e80e9522dd3c6e6a9694090fdfea2afd116a340ee2a136169e6ea2,M04,M,NEUTRAL,4,S5,T1,
4746,subesco,M_04_BIBHAS_S_5_NEUTRAL_2.wav,353324,77026a5976cf5d4d941bfc0ec322b5ac8fff408fbe2daf399ef3932534f8d019,M04,M,NEUTRAL,4,S5,T2,
4747,subesco,M_04_BIBHAS_S_5_NEUTRAL_3.wav,354348,c42d09d6289731cad7183ad9b1a76fdc487c9f68b307f8d2ca837e2514bfc818,M04,M,NEUTRAL,4,S5,T3,
4748,subesco,M_04_BIBHAS_S_5_NEUTRAL_4.wav,353324,e72ea1c81655ac2ab42a6a04407f505ae70bc996bc2b17ad9fa279229f6669d0,M04,M,NEUTRAL,4,S5,T4,
4749,subesco,M_04_BIBHAS_S_5_NEUTRAL_5.wav,354348,8430cbcd3eb76d64d8b26d36ba26cad5f13637a136c3f1f3f142730f6af45512,M04,M,NEUTRAL,4,S5,T5,
4750,subesco,M_04_BIBHAS_S_5_SAD_1.wav,353324,4aa8817569656ed4b1f3bd55b075f52e0e75a35e2b4068d3e095bcee357b8305,M04,M,SAD,5,S5,T1,
4751,subesco,M_04_BIBHAS_S_5_SAD_2.wav,353324,2fd5aa4612f9a21d7204ff81922c8fa7abd04bd2fcd206ec137145f7ff6cb0f6,M04,M,SAD,5,S5,T2,
4752,subesco,M_04_BIBHAS_S_5_SAD_3.wav,356396,10f6802226ba152f2c8b60ef4afea4b3cc7d1ce2d2b4535f6623bcec40a7d20b,M04,M,SAD,5,S5,T3,
4753,subesco,M_04_BIBHAS_S_5_SAD_4.wav,354348,80432a8bccbddc8126002dc1c25c8e90a13caa8acb3b1562a49f1acdcdc76d95,M04,M,SAD,5,S5,T4,
4754,subesco,M_04_BIBHAS_S_5_SAD_5.wav,354348,d49be2c95ba319bf40e343e4d23091a71e4c9c28112064d9b3bfff3d44d53bfc,M04,M,SAD,5,S5,T5,
4755,subesco,M_04_BIBHAS_S_5_SURPRISE_1.wav,353324,c223b68ffbea0f5c4345d9c281a131a53108444c28706a018d86296a67331f69,M04,M,SURPRISE,6,S5,T1,
4756,subesco,M_04_BIBHAS_S_5_SURPRISE_2.wav,354348,51dc6803b9e3f3f5c2275043046e8a63f00217d44a12ef8a496cf7a7161f997c,M04,M,SURPRISE,6,S5,T2,
4757,subesco,M_04_BIBHAS_S_5_SURPRISE_3.wav,354348,af4c13d007cec6addd40688590b5dd1b4b4799c9a4f601b4da4f1d747a824916,M04,M,SURPRISE,6,S5,T3,
4758,subesco,M_04_BIBHAS_S_5_SURPRISE_4.wav,352300,efc38f9052f6c48e1b3cee8b23bba1a46c29fcea98c043a61eb606494f4d96af,M04,M,SURPRISE,6,S5,T4,
4759,subesco,M_04_BIBHAS_S_5_SURPRISE_5.wav,352300,aaf3c863cceacdc1f986f27792e156827212b7ea23344c959c10f09f64afffaa,M04,M,SURPRISE,6,S5,T5,
4760,subesco,M_04_BIBHAS_S_6_ANGRY_1.wav,354348,bb3c428cb566c554b20f4829f3636916ca02d5080beb4bca884a03352f964854,M04,M,ANGRY,0,S6,T1,
4761,subesco,M_04_BIBHAS_S_6_ANGRY_2.wav,333868,48ad9e91b338219e6bb32fa082f25e3b737f05175e073f1d797545345f8af46f,M04,M,ANGRY,0,S6,T2,
4762,subesco,M_04_BIBHAS_S_6_ANGRY_3.wav,356396,eaa8b0a96006267029600de44ce5302ca5ce9c3ec3a4fb8bf998952a4e022d72,M04,M,ANGRY,0,S6,T3,
4763,subesco,M_04_BIBHAS_S_6_ANGRY_4.wav,354348,518efcf1eb5f33977f68218b55f3560162e4612e35a645ffc650d024e086af66,M04,M,ANGRY,0,S6,T4,
4764,subesco,M_04_BIBHAS_S_6_ANGRY_5.wav,352300,97d9cb300f40fcd91882fc8f2eb1e594d4e493a79ede66b5d335030145b74f97,M04,M,ANGRY,0,S6,T5,
4765,subesco,M_04_BIBHAS_S_6_DISGUST_1.wav,354348,d550230f19f8344e02bae9f371faf12307be15793bf419cb805a73be257c99de,M04,M,DISGUST,1,S6,T1,
4766,subesco,M_04_BIBHAS_S_6_DISGUST_2.wav,352300,ff166b2ccf743acb3c26eaed001409f8182f8d608d84ad4a3bab12c4c5165eed,M04,M,DISGUST,1,S6,T2,
4767,subesco,M_04_BIBHAS_S_6_DISGUST_3.wav,353324,e71f1f9719fa21c574f2e6ffd5dd44264fd766b6551f38b5ef80a2cbc8e1d934,M04,M,DISGUST,1,S6,T3,
4768,subesco,M_04_BIBHAS_S_6_DISGUST_4.wav,352300,d1fd8df45fdf909835d2e28925835b1a3e9dd1a5603971a3030a6ef042232262,M04,M,DISGUST,1,S6,T4,
4769,subesco,M_04_BIBHAS_S_6_DISGUST_5.wav,353324,7ab113e139b78262b70291b933333de865298c9dd14c8f0df2d21816fe0a9ce9,M04,M,DISGUST,1,S6,T5,
4770,subesco,M_04_BIBHAS_S_6_FEAR_1.wav,323628,b1dc2bf35a80c985264424fa8beeb191a0c74700b1aab2981260c8ece8ea365a,M04,M,FEAR,2,S6,T1,
4771,subesco,M_04_BIBHAS_S_6_FEAR_2.wav,353324,6b0e51d6246fd3d9d88a1fc48571e13493dbeddc602912fa3722c270d35a6b5e,M04,M,FEAR,2,S6,T2,
4772,subesco,M_04_BIBHAS_S_6_FEAR_3.wav,354348,c741f007415bceb301700ed60ec0ae8128c9d55660eace4437fc2520f805ca13,M04,M,FEAR,2,S6,T3,
4773,subesco,M_04_BIBHAS_S_6_FEAR_4.wav,354348,c6261a84984651ae6d3c067d5d030bd66e78924f0a9e6834267224cc761096cf,M04,M,FEAR,2,S6,T4,
4774,subesco,M_04_BIBHAS_S_6_FEAR_5.wav,353324,59fde11e78775c8ced375e00f648390bf2cd21fed5c5defd9901021616cf09e8,M04,M,FEAR,2,S6,T5,
4775,subesco,M_04_BIBHAS_S_6_HAPPY_1.wav,355372,8079179d6800d475f987b30dfa2066a296504ede8f69f9f979228ea83cd3e7f5,M04,M,HAPPY,3,S6,T1,
4776,subesco,M_04_BIBHAS_S_6_HAPPY_2.wav,283692,dbcccb39cb4bfa6c1d5306bcaedb7f313d44799667dc4fc3e9a1c7ce375f1674,M04,M,HAPPY,3,S6,T2,
4777,subesco,M_04_BIBHAS_S_6_HAPPY_3.wav,335916,047d3ae208691b454e1848477704ec0e9fe3ecc116f082a8fd6ef766895ee49a,M04,M,HAPPY,3,S6,T3,
4778,subesco,M_04_BIBHAS_S_6_HAPPY_4.wav,352300,c88c99f7bdbfe0e41b34126a8911efd825a5acf56c3870a3f950b65a85381e49,M04,M,HAPPY,3,S6,T4,
4779,subesco,M_04_BIBHAS_S_6_HAPPY_5.wav,354348,7fe22758d5920613a85aadce9227e5d0c265949bfe950a9dc575042b55bfa196,M04,M,HAPPY,3,S6,T5,
4780,subesco,M_04_BIBHAS_S_6_NEUTRAL_1.wav,354348,a4b5267ac7d197d99776796a01e119117344458b0666554c636ea3262113ae73,M04,M,NEUTRAL,4,S6,T1,
4781,subesco,M_04_BIBHAS_S_6_NEUTRAL_2.wav,353324,d5eadbb2fd61a0295398ab83e9f7dcc8bb43bae7e97d6be406cb3cebf94fe006,M04,M,NEUTRAL,4,S6,T2,
4782,subesco,M_04_BIBHAS_S_6_NEUTRAL_3.wav,354348,592736e86c4259f7c5294696f8a87cecb17619c04c547d56e59f505227928308,M04,M,NEUTRAL,4,S6,T3,
4783,subesco,M_04_BIBHAS_S_6_NEUTRAL_4.wav,354348,cf5389ff30afcc27068b64c7262c0754afbcad01dc9dc5a6d55b11ce53af6f94,M04,M,NEUTRAL,4,S6,T4,
4784,subesco,M_04_BIBHAS_S_6_NEUTRAL_5.wav,353324,eff9fa8fc3afd389aff9a37788905ac5e85e899cc109b2525962559d008a91b5,M04,M,NEUTRAL,4,S6,T5,
4785,subesco,M_04_BIBHAS_S_6_SAD_1.wav,354348,88389777691c04ad200538f104f33c0bbe5aba1b7cef5ef14c24d93f0c785408,M04,M,SAD,5,S6,T1,
4786,subesco,M_04_BIBHAS_S_6_SAD_2.wav,352300,219a5bf9398eaf543c91219fec1fc7b08eb53721aa9b76cb020fc190225e364e,M04,M,SAD,5,S6,T2,
4787,subesco,M_04_BIBHAS_S_6_SAD_3.wav,356396,2b0adcc4f8470501cd8264a6281f396c08d00e4b977e619f9206c19005970556,M04,M,SAD,5,S6,T3,
4788,subesco,M_04_BIBHAS_S_6_SAD_4.wav,354348,20e3a5a8332f8379dbac82f5334a6f44630a3e44a1f5b00dfa96178359ea3ef5,M04,M,SAD,5,S6,T4,
4789,subesco,M_04_BIBHAS_S_6_SAD_5.wav,354348,efb65b2b7937197c3fe230082e32c97797c899b1c6b9e0b0de16fe5c021c5a6e,M04,M,SAD,5,S6,T5,
4790,subesco,M_04_BIBHAS_S_6_SURPRISE_1.wav,354348,2c5bf921a9cdc57ed4cca59f8e93368b51b66f002673637a1093bd727f59b355,M04,M,SURPRISE,6,S6,T1,
4791,subesco,M_04_BIBHAS_S_6_SURPRISE_2.wav,354348,ee49a1e3e6125fbf76f4f7f436e245edd7cf4bdec0fc8beefcddb4b02c140f14,M04,M,SURPRISE,6,S6,T2,
4792,subesco,M_04_BIBHAS_S_6_SURPRISE_3.wav,353324,92854b9e25c8a8ff30028a5a3b3e3cbf7273f50f46354721bd43775530319f2e,M04,M,SURPRISE,6,S6,T3,
4793,subesco,M_04_BIBHAS_S_6_SURPRISE_4.wav,353324,2edbf2b8f028355135ffbf9a13f81e1b57a4806a5a5bade8e5bf6669f94edece,M04,M,SURPRISE,6,S6,T4,
4794,subesco,M_04_BIBHAS_S_6_SURPRISE_5.wav,354348,8417ec05396c9e15d86fe5e5c2913ca6f8bb2747146b7b51cdb01d0d98b4ba3b,M04,M,SURPRISE,6,S6,T5,
4795,subesco,M_04_BIBHAS_S_7_ANGRY_1.wav,353324,15ea04555f341be45dad9f02540f9727522c263e40d06a8a5c68dfa9e13e8506,M04,M,ANGRY,0,S7,T1,
4796,subesco,M_04_BIBHAS_S_7_ANGRY_2.wav,354348,f812577d64fff66458d2ada962b50eb9ae6a78a10df910585fc017bc22e7770f,M04,M,ANGRY,0,S7,T2,
4797,subesco,M_04_BIBHAS_S_7_ANGRY_3.wav,354348,ea4a75168308d5b6211f59c3372c85b85bb292bf42a95c5bd225e3b10b76a2b9,M04,M,ANGRY,0,S7,T3,
4798,subesco,M_04_BIBHAS_S_7_ANGRY_4.wav,354348,a451e812d1a7c4ed3ba979a20b3c7744fa1cdeedcd8ea83000d10f5e3189f23f,M04,M,ANGRY,0,S7,T4,
4799,subesco,M_04_BIBHAS_S_7_ANGRY_5.wav,354348,e9d21c31c3845a17eb70e4d531c97482c70f148b6fcaea89e3ec13d08cba27de,M04,M,ANGRY,0,S7,T5,
4800,subesco,M_04_BIBHAS_S_7_DISGUST_1.wav,354348,31d0de38c0230acef0a99a1cee4a6169ca4cb1a7bedcc6a18656fc85e6428413,M04,M,DISGUST,1,S7,T1,
4801,subesco,M_04_BIBHAS_S_7_DISGUST_2.wav,354348,427099ee8298597677f4f2c07fa9c14def945a5701cdb806f966f0676d87d2fa,M04,M,DISGUST,1,S7,T2,
4802,subesco,M_04_BIBHAS_S_7_DISGUST_3.wav,370732,164c2cf1d30d0fca4036220d76800bd762db3d0aac11cbf47b57d482f8e85f1b,M04,M,DISGUST,1,S7,T3,
4803,subesco,M_04_BIBHAS_S_7_DISGUST_4.wav,354348,40a943fd61bccc44a7def1a0c91df009f91683f1344dad0f33302fc74a2905a0,M04,M,DISGUST,1,S7,T4,
4804,subesco,M_04_BIBHAS_S_7_DISGUST_5.wav,353324,c525a43c3d0654f2550bff5c7d8cc7ad0347bc5be2eff5794cf98f73b63a91bd,M04,M,DISGUST,1,S7,T5,
4805,subesco,M_04_BIBHAS_S_7_FEAR_1.wav,354348,da99016a7ae282981b10d1c437b7a20d28fa3ae0e3ba0415dd3e6e2881682b58,M04,M,FEAR,2,S7,T1,
4806,subesco,M_04_BIBHAS_S_7_FEAR_2.wav,353324,2fbf6cf43826b77345e54b0f7d20fa2724b1397bb1c5131b14807d00927928d4,M04,M,FEAR,2,S7,T2,
4807,subesco,M_04_BIBHAS_S_7_FEAR_3.wav,354348,87db51c62619b55d0a36b46fa1afb8e5306db3f909f2881c5dbd0f25d23cd349,M04,M,FEAR,2,S7,T3,
4808,subesco,M_04_BIBHAS_S_7_FEAR_4.wav,354348,555df2191b991fc578b18b0a0fa0737428226f60334220f32b892d0db7bf68ba,M04,M,FEAR,2,S7,T4,
4809,subesco,M_04_BIBHAS_S_7_FEAR_5.wav,353324,699c9c9dbf253b6a8d999c334c5dcc83bc1d8d40f0e7fb0adb5453d2a873afae,M04,M,FEAR,2,S7,T5,
4810,subesco,M_04_BIBHAS_S_7_HAPPY_1.wav,351276,ed1f0b2b9e3c38bd777ab0489fbd959a6e0a4c215477f9ee95dbefda36c216bd,M04,M,HAPPY,3,S7,T1,
4811,subesco,M_04_BIBHAS_S_7_HAPPY_2.wav,353324,f62e6a634ace5ce69d595f18f3e1e3d9b6934cb0e824513927a067388819e53c,M04,M,HAPPY,3,S7,T2,
4812,subesco,M_04_BIBHAS_S_7_HAPPY_3.wav,353324,da9405347e4e9d92ce25245e519430adf133f9a8eba368de9f6850f4bd102a9d,M04,M,HAPPY,3,S7,T3,
4813,subesco,M_04_BIBHAS_S_7_HAPPY_4.wav,353324,bcce0e87675f405234fb954894e15bbbdbda6bc2188629007d37910092962a46,M04,M,HAPPY,3,S7,T4,
4814,subesco,M_04_BIBHAS_S_7_HAPPY_5.wav,353324,c9249fefa637dcf28f3dba79cc48287c5265a628652bd4f7abaa75847954e917,M04,M,HAPPY,3,S7,T5,
4815,subesco,M_04_BIBHAS_S_7_NEUTRAL_1.wav,352300,e03f8d00a585acb15173f60ab0b7310229bfad5e050a9e0369b4ddebed341886,M04,M,NEUTRAL,4,S7,T1,
4816,subesco,M_04_BIBHAS_S_7_NEUTRAL_2.wav,353324,bb00ca58bcea89c5d8214b03e994e43a606bc1238fafe95d9d9616985d425126,M04,M,NEUTRAL,4,S7,T2,
4817,subesco,M_04_BIBHAS_S_7_NEUTRAL_3.wav,354348,1b1fb9c4f18c663677349be8f4e185bfb484b93d19c9453195293f323d8b4e5a,M04,M,NEUTRAL,4,S7,T3,
4818,subesco,M_04_BIBHAS_S_7_NEUTRAL_4.wav,353324,3b13ee6b0f078fcc6d1e5371500c3dd414f46808072485b08d43f2c6aea4fd68,M04,M,NEUTRAL,4,S7,T4,
4819,subesco,M_04_BIBHAS_S_7_NEUTRAL_5.wav,354348,5c91b4e9b763e40e7bae827f700450e91f1c0be30668cc18c3aa6fa3bc7fde99,M04,M,NEUTRAL,4,S7,T5,
4820,subesco,M_04_BIBHAS_S_7_SAD_1.wav,325730,dc2269b74f69024bdfb2cb2af2862c088b26af57e90d4a388cea0377ac1b90d6,M04,M,SAD,5,S7,T1,
4821,subesco,M_04_BIBHAS_S_7_SAD_2.wav,354348,58d19dc6379f1c0a4277c2fec12680d55602d5f693a15bd5257860c9f1ceac90,M04,M,SAD,5,S7,T2,
4822,subesco,M_04_BIBHAS_S_7_SAD_3.wav,354348,f8066078ce0c0f19ce4090b7f0bb15acccc729446053a5402793268a5344232f,M04,M,SAD,5,S7,T3,
4823,subesco,M_04_BIBHAS_S_7_SAD_4.wav,352300,03b4d4e7f3baba15ce8cd8efc17673c0b7effae5abe5afc7c5340d65315934c9,M04,M,SAD,5,S7,T4,
4824,subesco,M_04_BIBHAS_S_7_SAD_5.wav,348204,d981c601712680f00f10fa1bd4d223afddd61610f8d4d26aa94660885b7ecbe3,M04,M,SAD,5,S7,T5,
4825,subesco,M_04_BIBHAS_S_7_SURPRISE_1.wav,354348,c2d1fb1ab05387036b0b9faa16885ca9f24d59d2d07e8e2628e9b49a715607f1,M04,M,SURPRISE,6,S7,T1,
4826,subesco,M_04_BIBHAS_S_7_SURPRISE_2.wav,358444,ab61fb6353ebd5bbc11b5d807c0340afeaff2effd72ea50d96633ccc51e30609,M04,M,SURPRISE,6,S7,T2,
4827,subesco,M_04_BIBHAS_S_7_SURPRISE_3.wav,352300,0329bd11f996654c41f4b7193a04cc4ef0cb17e957567fea93846ef7f9f5a783,M04,M,SURPRISE,6,S7,T3,
4828,subesco,M_04_BIBHAS_S_7_SURPRISE_4.wav,354348,3ed7a4b29a313815289380b3f77b7f7c2a99ea5e0ce96499ac7f1b20cb40aa53,M04,M,SURPRISE,6,S7,T4,
4829,subesco,M_04_BIBHAS_S_7_SURPRISE_5.wav,353324,3ad19fa1ea7b24a3dae46dadeef487814c790f532a03e595389a0dedf93f9b97,M04,M,SURPRISE,6,S7,T5,
4830,subesco,M_04_BIBHAS_S_8_ANGRY_1.wav,353324,0790530494957b60e838ce7f5935700266a3a03c4afaee50ad2abd20c2efaa80,M04,M,ANGRY,0,S8,T1,
4831,subesco,M_04_BIBHAS_S_8_ANGRY_2.wav,326700,10f7c34d079abc3e6bbbc085cc2c5410c89735ff589bbf30e7e0ef7edfa5afb6,M04,M,ANGRY,0,S8,T2,
4832,subesco,M_04_BIBHAS_S_8_ANGRY_3.wav,352300,12942f797f0626d440bdff027eac0c55f22cb1386e8a609122cff3ddaf8bca14,M04,M,ANGRY,0,S8,T3,
4833,subesco,M_04_BIBHAS_S_8_ANGRY_4.wav,353324,8d5358e8fd18b45e772d5dfcc2d428462dac56e9fcf8daf7616f4b8b0c9bb653,M04,M,ANGRY,0,S8,T4,
4834,subesco,M_04_BIBHAS_S_8_ANGRY_5.wav,354348,8302da1d1debc9361c692e60cabed2dcdbd888e6f5f13355ecd15e7224bad36e,M04,M,ANGRY,0,S8,T5,
4835,subesco,M_04_BIBHAS_S_8_DISGUST_1.wav,353324,9707a0663497d3e5a83c09195e69f338c057a2b6939d2362e9505bb7fb392214,M04,M,DISGUST,1,S8,T1,
4836,subesco,M_04_BIBHAS_S_8_DISGUST_2.wav,353324,6c4d10745d9bfe0e5ec89962bd6079e016b1186f9b99b632ee77308b4c5522bb,M04,M,DISGUST,1,S8,T2,
4837,subesco,M_04_BIBHAS_S_8_DISGUST_3.wav,353324,b809328b6039f60a8930d41ddd71e924cb75d6e012183056a63d3b05f7faeb79,M04,M,DISGUST,1,S8,T3,
4838,subesco,M_04_BIBHAS_S_8_DISGUST_4.wav,355682,82cfef61278297256d224c6990abb18c08b606fad113399f2d2156cd43a663a2,M04,M,DISGUST,1,S8,T4,
4839,subesco,M_04_BIBHAS_S_8_DISGUST_5.wav,353324,a585fca17c5bad710bfdfa1b6d0d5d77b1735e1c15c18685e18ad78d18849f6f,M04,M,DISGUST,1,S8,T5,
4840,subesco,M_04_BIBHAS_S_8_FEAR_1.wav,353324,dd62edd9c389aa12cf6b7dc5c5ca16bdb9851582cfa795b5d9ff8d308a29ec70,M04,M,FEAR,2,S8,T1,
4841,subesco,M_04_BIBHAS_S_8_FEAR_2.wav,354348,11aa934a28c3a1cf4076e42454956a23b3013f8ce0965339bb440938cefdaddc,M04,M,FEAR,2,S8,T2,
4842,subesco,M_04_BIBHAS_S_8_FEAR_3.wav,353324,c4af4da2f4315419488dd741cfaf8b044d2ff28775feb8b20b0b957ca0e37bb4,M04,M,FEAR,2,S8,T3,
4843,subesco,M_04_BIBHAS_S_8_FEAR_4.wav,353324,03f535b84e87b0d46345686f948149b6fce38e94b4f64d586b3332a28bcf11d4,M04,M,FEAR,2,S8,T4,
4844,subesco,M_04_BIBHAS_S_8_FEAR_5.wav,352300,72daab28a61c2da916a58fc73793636367e5aeef7b805d6420a9384a49ffb17f,M04,M,FEAR,2,S8,T5,
4845,subesco,M_04_BIBHAS_S_8_HAPPY_1.wav,354348,509328c679dc8ed63e975368097018c6aa2f741fb73ba98ed3b87f5f701df546,M04,M,HAPPY,3,S8,T1,
4846,subesco,M_04_BIBHAS_S_8_HAPPY_2.wav,355372,8bb62d360b2692f1d9c95414a0d63457b52d5cea275fd1f64ed9e13bfef1eb6b,M04,M,HAPPY,3,S8,T2,
4847,subesco,M_04_BIBHAS_S_8_HAPPY_3.wav,354348,200d09dd07bff09a2ed27c1063a9d69802d8c57da29a6f224e0adbf600a95fea,M04,M,HAPPY,3,S8,T3,
4848,subesco,M_04_BIBHAS_S_8_HAPPY_4.wav,353324,e205595b911a38397c26871c214b467faa0d786463c657c68449a04e39a992a5,M04,M,HAPPY,3,S8,T4,
4849,subesco,M_04_BIBHAS_S_8_HAPPY_5.wav,353324,c9208c1d68fe862c135209c9a5660e78619b0fb7149f0b6e7a426f0d1e58c094,M04,M,HAPPY,3,S8,T5,
4850,subesco,M_04_BIBHAS_S_8_NEUTRAL_1.wav,352300,60df6937a2fbd463dbdc67e0e475ad22b2018940b88ec984b5794aff9fed655b,M04,M,NEUTRAL,4,S8,T1,
4851,subesco,M_04_BIBHAS_S_8_NEUTRAL_2.wav,352300,2cb00e71aa04e807bab28bbf7603faca70a4e194e053139b8af521db54fe84f8,M04,M,NEUTRAL,4,S8,T2,
4852,subesco,M_04_BIBHAS_S_8_NEUTRAL_3.wav,354348,8f10482866e4eaddcb9db16b19e3dff9402ae5e381e595b6bd7b8a0cd5886acb,M04,M,NEUTRAL,4,S8,T3,
4853,subesco,M_04_BIBHAS_S_8_NEUTRAL_4.wav,354348,525c91f539d6ceb1f697414e14f461ea501d5d0bf4a3e0f759d6fa4661e61501,M04,M,NEUTRAL,4,S8,T4,
4854,subesco,M_04_BIBHAS_S_8_NEUTRAL_5.wav,352300,db811e28f557f5b3849cdbbfacff43e2a72a2b6004ea223726e87f09386cb239,M04,M,NEUTRAL,4,S8,T5,
4855,subesco,M_04_BIBHAS_S_8_SAD_1.wav,353836,33e8942468e442561a58cd484b625bc5df0ce887d1a68c9a1da4d72268ad9c6c,M04,M,SAD,5,S8,T1,
4856,subesco,M_04_BIBHAS_S_8_SAD_2.wav,353324,f906b4eea37346d5f08a7452d2e540477ced2639f7e7d89ea78acd217050f102,M04,M,SAD,5,S8,T2,
4857,subesco,M_04_BIBHAS_S_8_SAD_3.wav,353324,81098dc0c4149013fc354a4543dd6f4df1ba3fc6c7e200f4996a459a1698570a,M04,M,SAD,5,S8,T3,
4858,subesco,M_04_BIBHAS_S_8_SAD_4.wav,354348,04bf8e330aa7355ceb6a936320458f9874cfaecde4d397b52a22ac51ff561f7e,M04,M,SAD,5,S8,T4,
4859,subesco,M_04_BIBHAS_S_8_SAD_5.wav,353324,68e96646e60f99375bb4c3b48de8edac701396639c8acfbc3512716692b6d5ce,M04,M,SAD,5,S8,T5,
4860,subesco,M_04_BIBHAS_S_8_SURPRISE_1.wav,354348,756e0c7f220ab1ce77b3cbaeb1a22c61579ff479741943ca1cc03fe4da110fe4,M04,M,SURPRISE,6,S8,T1,
4861,subesco,M_04_BIBHAS_S_8_SURPRISE_2.wav,354348,28e52a2455a828e46b2554ee9b3d50b38907d4f38d60054f0ad879fa63dc272f,M04,M,SURPRISE,6,S8,T2,
4862,subesco,M_04_BIBHAS_S_8_SURPRISE_3.wav,354348,9265264dcca9218090703c1872643a35567ff80e8d780c1a9c7faf5e9a5dea77,M04,M,SURPRISE,6,S8,T3,
4863,subesco,M_04_BIBHAS_S_8_SURPRISE_4.wav,354348,2ae335cba216e8a2b4e6b8e86f6f8225c25e509bd9531f57acdad1d142a179d2,M04,M,SURPRISE,6,S8,T4,
4864,subesco,M_04_BIBHAS_S_8_SURPRISE_5.wav,354348,8615d2845dd543d44dc08342ee0808236991308f9cad42ae5dd64d8c0b81c36a,M04,M,SURPRISE,6,S8,T5,
4865,subesco,M_04_BIBHAS_S_9_ANGRY_1.wav,354348,3c51d9cbbbf2889c5c61f6ad85fe3b064b671faa81d773137cef66352ecb9981,M04,M,ANGRY,0,S9,T1,
4866,subesco,M_04_BIBHAS_S_9_ANGRY_2.wav,354348,d061b231cb5e75c4ab5511719405cbbfa55877fd3477aec88b435a3b023a046c,M04,M,ANGRY,0,S9,T2,
4867,subesco,M_04_BIBHAS_S_9_ANGRY_3.wav,351276,4098742967180ffff2a96dd1bb5c96d4f0e91488e77ab4e1c496e8487263ba23,M04,M,ANGRY,0,S9,T3,
4868,subesco,M_04_BIBHAS_S_9_ANGRY_4.wav,354348,d984787b816f3f263d05b46515f57dd2a005fc30adc5a7f71dcb6c9b1034e551,M04,M,ANGRY,0,S9,T4,
4869,subesco,M_04_BIBHAS_S_9_ANGRY_5.wav,354348,bd1cf67d8a2096f3bc9eefa40ea72ecd40ac98bbcf347aaf6a4512795c5089f4,M04,M,ANGRY,0,S9,T5,
4870,subesco,M_04_BIBHAS_S_9_DISGUST_1.wav,354348,026268f812b6569e6fbfbbf9bcbc5ec37399a6a23bc2feb5377f4c5fc5a168d3,M04,M,DISGUST,1,S9,T1,
4871,subesco,M_04_BIBHAS_S_9_DISGUST_2.wav,354348,c7be958c77de9135b411586a89353bbbf1e8ed249e0dda7b48b83aa56ead6371,M04,M,DISGUST,1,S9,T2,
4872,subesco,M_04_BIBHAS_S_9_DISGUST_3.wav,354348,3d5c0c7c57f07d725841420b1787b1b923a4c518f88edb899efa1757df0694a6,M04,M,DISGUST,1,S9,T3,
4873,subesco,M_04_BIBHAS_S_9_DISGUST_4.wav,353324,bab8bcf721c10da1ac6e21ef9548b19f6247b4e8680033ff6e82c3354d473056,M04,M,DISGUST,1,S9,T4,
4874,subesco,M_04_BIBHAS_S_9_DISGUST_5.wav,354348,9ab1c303591652b244f12c702e552d3957bf7c69639244cd51f9d78e58ed1809,M04,M,DISGUST,1,S9,T5,
4875,subesco,M_04_BIBHAS_S_9_FEAR_1.wav,354348,6271c56ef071ba378d22ab50b54e8fdc802daacbf525331174320a90664b3f75,M04,M,FEAR,2,S9,T1,
4876,subesco,M_04_BIBHAS_S_9_FEAR_2.wav,353324,3dee1b9947c5440970c70cc35eaaba02276ac8071adffd5a312cdd013a778d2f,M04,M,FEAR,2,S9,T2,
4877,subesco,M_04_BIBHAS_S_9_FEAR_3.wav,354348,e54b5560e2bec72037859a2e2ffb7198d254c6dde98b1fa70c7fd5edf1f4ec9a,M04,M,FEAR,2,S9,T3,
4878,subesco,M_04_BIBHAS_S_9_FEAR_4.wav,352300,56f2a83e6799b10c01ade4d51ef6446296b4cbe1d5fb41103157b397014af788,M04,M,FEAR,2,S9,T4,
4879,subesco,M_04_BIBHAS_S_9_FEAR_5.wav,326700,2dca54a088f61461709c60b1a7f50cda59d3c41de89a4c677d5f0488918dea78,M04,M,FEAR,2,S9,T5,
4880,subesco,M_04_BIBHAS_S_9_HAPPY_1.wav,354348,f117c6ccc9b86a23619f1d376d32700f8550c4458864eed87f1cb2f2ba10d509,M04,M,HAPPY,3,S9,T1,
4881,subesco,M_04_BIBHAS_S_9_HAPPY_2.wav,354348,e54bb298602d1e5810f52348e25f68764167d0a6d7224684d247df1d09a42367,M04,M,HAPPY,3,S9,T2,
4882,subesco,M_04_BIBHAS_S_9_HAPPY_3.wav,354348,d6369d70f5a91d9e7e0f34937254d19bf6202e9b046d75662e31744cc9d84ba8,M04,M,HAPPY,3,S9,T3,
4883,subesco,M_04_BIBHAS_S_9_HAPPY_4.wav,354348,4da3298b447ef5929be8e3eeecf2e81bda4c9b6e5a9de1d4216b3103e844f6a7,M04,M,HAPPY,3,S9,T4,
4884,subesco,M_04_BIBHAS_S_9_HAPPY_5.wav,354348,82dc38dbbaafc375c4a6c00027fedac77fc7fff19114d521881b3a81c324d2eb,M04,M,HAPPY,3,S9,T5,
4885,subesco,M_04_BIBHAS_S_9_NEUTRAL_1.wav,353324,42a486d91c7cd6bb7177cd76140e682c081b0899ecd3dcb9867bf771d37be251,M04,M,NEUTRAL,4,S9,T1,
4886,subesco,M_04_BIBHAS_S_9_NEUTRAL_2.wav,353324,c1fff5faf1bae8bbf7888e7cb61a484d14503224d47896bd519eca58f3aedf7b,M04,M,NEUTRAL,4,S9,T2,
4887,subesco,M_04_BIBHAS_S_9_NEUTRAL_3.wav,354348,cea6cbaeab98e143b466a5094d64e9ea17641cfd682ca04a1b6107f18215a0fc,M04,M,NEUTRAL,4,S9,T3,
4888,subesco,M_04_BIBHAS_S_9_NEUTRAL_4.wav,354348,4c1982d563aa4e375602e919141688bc1e52ab6d3e87e31f9987508c508cf39e,M04,M,NEUTRAL,4,S9,T4,
4889,subesco,M_04_BIBHAS_S_9_NEUTRAL_5.wav,352300,c987beace0c154a6df2691e9168117104870fc65a549a2186a1711a8150194e7,M04,M,NEUTRAL,4,S9,T5,
4890,subesco,M_04_BIBHAS_S_9_SAD_1.wav,354348,166c471455bb2753a6cfa322a756d44fc82baec1681eff9a6be67d92b012d9c1,M04,M,SAD,5,S9,T1,
4891,subesco,M_04_BIBHAS_S_9_SAD_2.wav,353324,64a4985edd0b609471cf93522f7b47be3a5a64f332fc4b8a263ae0b0da44381d,M04,M,SAD,5,S9,T2,
4892,subesco,M_04_BIBHAS_S_9_SAD_3.wav,354348,fafb687d889d1cca3752a3bb17bad332de13e89a2a194b3f4c8101bb74008117,M04,M,SAD,5,S9,T3,
4893,subesco,M_04_BIBHAS_S_9_SAD_4.wav,352300,35e73d8f714f008752966e3570c7a02f186b5b13b9694782efd41f4046b6d582,M04,M,SAD,5,S9,T4,
4894,subesco,M_04_BIBHAS_S_9_SAD_5.wav,354348,383e8eda78b5558549b4d279c12787502f13ac983048e1760546bdff42c3ceec,M04,M,SAD,5,S9,T5,
4895,subesco,M_04_BIBHAS_S_9_SURPRISE_1.wav,352300,c8c13d090822bb8f9bad870c33c0a7b6da88e40319a8e730dc1f16d2a5dd7b19,M04,M,SURPRISE,6,S9,T1,
4896,subesco,M_04_BIBHAS_S_9_SURPRISE_2.wav,354348,cfd03ae6a611744234ec6a0a1066d22b436d427f1917a9a4dc90c6bc4007d61d,M04,M,SURPRISE,6,S9,T2,
4897,subesco,M_04_BIBHAS_S_9_SURPRISE_3.wav,353324,60450ce6be8d1a9364ca91f71becce051e4683678b1219135ac694fb61a2c07a,M04,M,SURPRISE,6,S9,T3,
4898,subesco,M_04_BIBHAS_S_9_SURPRISE_4.wav,354348,08b7e6cda72bcc60bcd8e49819fdfa33b66633bcd1b8be871bb451395c012a3e,M04,M,SURPRISE,6,S9,T4,
4899,subesco,M_04_BIBHAS_S_9_SURPRISE_5.wav,354348,259c060573eb21cd92b37debd3f24e7d5700aca4380a860271449b8bfdd17864,M04,M,SURPRISE,6,S9,T5,
4900,subesco,M_05_DURANTO_S_10_ANGRY_1.wav,353324,40f839ec1faa222d45c48f5b46c7fc60e6ab88866fe7d84dee7b24d501107cc1,M05,M,ANGRY,0,S10,T1,
4901,subesco,M_05_DURANTO_S_10_ANGRY_2.wav,354348,ea02250eaa63f07e3a4a17d35b351142d97d8ce74ed4cc48bcf4e4ee73279472,M05,M,ANGRY,0,S10,T2,
4902,subesco,M_05_DURANTO_S_10_ANGRY_3.wav,353324,85eba7f60ea19fbf6a82691b83dc108e67a9c676a04e11d354b0931c1b8e620b,M05,M,ANGRY,0,S10,T3,
4903,subesco,M_05_DURANTO_S_10_ANGRY_4.wav,353324,04a8586fa9723c8fbf5b0a1d7d3a2980322326830e1768b6981e08af4bb6d80b,M05,M,ANGRY,0,S10,T4,
4904,subesco,M_05_DURANTO_S_10_ANGRY_5.wav,354348,ca444d52eeeeb0a3156b38708f88130b38e09e71b5a6b2e043ea3f9eb6e74718,M05,M,ANGRY,0,S10,T5,
4905,subesco,M_05_DURANTO_S_10_DISGUST_1.wav,354348,de5cf0797eb1fdeb6a53c9b75def7a20177b840c2cc64a74b3d6aeae60990e42,M05,M,DISGUST,1,S10,T1,
4906,subesco,M_05_DURANTO_S_10_DISGUST_2.wav,354348,6082ddfba7f941e64886f37c4e5e4ea94a014944bb1b9385fee2cc2e7302edcf,M05,M,DISGUST,1,S10,T2,
4907,subesco,M_05_DURANTO_S_10_DISGUST_3.wav,353324,6aad926400b0457994d9d66afd1a9276c04659cd0c724939e5496c40b33c8e07,M05,M,DISGUST,1,S10,T3,
4908,subesco,M_05_DURANTO_S_10_DISGUST_4.wav,354348,65c89946516929f0af67cf6b82a3b9f138f37cde4a7361055642d6e7fa6bd589,M05,M,DISGUST,1,S10,T4,
4909,subesco,M_05_DURANTO_S_10_DISGUST_5.wav,354348,06abc478157981e440b437036967557b7e8d1d8c4bd128f42c090c7b2e5a97b6,M05,M,DISGUST,1,S10,T5,
4910,subesco,M_05_DURANTO_S_10_FEAR_1.wav,354348,2f40d22863e8ae6b7cd62f872aed4ed64bc370e5cd4bf9955c821efc6b782683,M05,M,FEAR,2,S10,T1,
4911,subesco,M_05_DURANTO_S_10_FEAR_2.wav,354348,a0798e18ddb86b89bf738a5ffe8b6ba6ec02f274a9fb944a2985dfa14f3716ff,M05,M,FEAR,2,S10,T2,
4912,subesco,M_05_DURANTO_S_10_FEAR_3.wav,353324,1c450988b4b91dc4ecb4e20b49498e646327ca0a9f3aff4feb0847781f674519,M05,M,FEAR,2,S10,T3,
4913,subesco,M_05_DURANTO_S_10_FEAR_4.wav,353324,cc95f8293372bf3a5fcd790c3204537e038800693c63679dd00c85e5a808f6a8,M05,M,FEAR,2,S10,T4,
4914,subesco,M_05_DURANTO_S_10_FEAR_5.wav,354348,ff9b6f4379a112c79b68d8740998bd36252fcd88c4afb6cb16c251bc3f53b6d6,M05,M,FEAR,2,S10,T5,
4915,subesco,M_05_DURANTO_S_10_HAPPY_1.wav,353324,18ba5b66af44d07efb6a38833f22cf56d2da07e165b78c31f71dd53ed3a1b8f2,M05,M,HAPPY,3,S10,T1,
4916,subesco,M_05_DURANTO_S_10_HAPPY_2.wav,354348,ead8f4b7af0248bb410633988059da0a3506fafe0877fa668b11cb35301c08bb,M05,M,HAPPY,3,S10,T2,
4917,subesco,M_05_DURANTO_S_10_HAPPY_3.wav,354348,d4257ca214b9686aeb83e331a7ebb97ccb01a07d0b694d3066f66cb9825655fd,M05,M,HAPPY,3,S10,T3,
4918,subesco,M_05_DURANTO_S_10_HAPPY_4.wav,351276,da3f0cc968eec431263548cd7cd9128c3759937eec55cf56d1539065109cc69e,M05,M,HAPPY,3,S10,T4,
4919,subesco,M_05_DURANTO_S_10_HAPPY_5.wav,354348,f7f946a8ab64b2ffa62783f1e1800d68e335af85a5b93a37070c68ced6176b9a,M05,M,HAPPY,3,S10,T5,
4920,subesco,M_05_DURANTO_S_10_NEUTRAL_1.wav,354348,ac158226540a6cf19a4f8c66e976779f2c62ac7e431a25fe2589cec5a33b74b2,M05,M,NEUTRAL,4,S10,T1,
4921,subesco,M_05_DURANTO_S_10_NEUTRAL_2.wav,354348,0898648dd6c9e169d609d7218203e846b7fde99ac3f07e2202db18b213bee31d,M05,M,NEUTRAL,4,S10,T2,
4922,subesco,M_05_DURANTO_S_10_NEUTRAL_3.wav,353324,c71818a53026f1e2b72c2a0d4d45d1173d6d84277d32a29effcc44a28a1ae7cd,M05,M,NEUTRAL,4,S10,T3,
4923,subesco,M_05_DURANTO_S_10_NEUTRAL_4.wav,353324,6e531f3e8d60705024c5618cb60bfe131d8b3774ecfad76c69a4af5df4abd076,M05,M,NEUTRAL,4,S10,T4,
4924,subesco,M_05_DURANTO_S_10_NEUTRAL_5.wav,352300,df2250991be759bc62ce90b05189d06e4f37f500000f84898618d389ef0d1729,M05,M,NEUTRAL,4,S10,T5,
4925,subesco,M_05_DURANTO_S_10_SAD_1.wav,354348,2818e03d6aaeaed1058ff4f53fba476747a5c3e0aff4abde01dde8a55ebc050a,M05,M,SAD,5,S10,T1,
4926,subesco,M_05_DURANTO_S_10_SAD_2.wav,352300,cbae9d599083640fcb785bacadcb7f4fa481392572f3371f989956d448d11546,M05,M,SAD,5,S10,T2,
4927,subesco,M_05_DURANTO_S_10_SAD_3.wav,354348,0526af991e4d8160008219f5271893b09c883f1bdbdda95eb72ee0cc1ad7d6f9,M05,M,SAD,5,S10,T3,
4928,subesco,M_05_DURANTO_S_10_SAD_4.wav,354348,991417f49721627a6e63c3ca98a614051922dcd2588739dae2785e5b3154c279,M05,M,SAD,5,S10,T4,
4929,subesco,M_05_DURANTO_S_10_SAD_5.wav,354348,494e70538049d761ebb2687ea1c8cde86700c304c0e96032e5d34e938dd88e0e,M05,M,SAD,5,S10,T5,
4930,subesco,M_05_DURANTO_S_10_SURPRISE_1.wav,354348,2dac2d0961e60890f21514a41677d35b961b4bf7c7cfba3ba70c8a98c2488886,M05,M,SURPRISE,6,S10,T1,
4931,subesco,M_05_DURANTO_S_10_SURPRISE_2.wav,354348,ab71df2e1dfe52a32175295942d831cabe635469639156eb71b79dab342ee136,M05,M,SURPRISE,6,S10,T2,
4932,subesco,M_05_DURANTO_S_10_SURPRISE_3.wav,353324,8a5d6474de6c4922977004f664bc54ccec4022d11c766e780eb6d95b377998a7,M05,M,SURPRISE,6,S10,T3,
4933,subesco,M_05_DURANTO_S_10_SURPRISE_4.wav,353324,d3d805e3ff25277088571851dfb76ac41abc96c5f2d2474f674c2430f2ad86d7,M05,M,SURPRISE,6,S10,T4,
4934,subesco,M_05_DURANTO_S_10_SURPRISE_5.wav,353324,067ac36ae0ed682497d4c6b20d7203cd29e1aaf123884c9297479ea7fae2ce6c,M05,M,SURPRISE,6,S10,T5,
4935,subesco,M_05_DURANTO_S_1_ANGRY_1.wav,354348,635a578015ee6dd8d5306d4bec3f8d0912506a5f0e634b273d9dbd4c0d98f85c,M05,M,ANGRY,0,S1,T1,
4936,subesco,M_05_DURANTO_S_1_ANGRY_2.wav,354348,5dc2f90d26cc30fa29d2aebd732af0247503b6df869bba7c946b91cb8b9e8697,M05,M,ANGRY,0,S1,T2,
4937,subesco,M_05_DURANTO_S_1_ANGRY_3.wav,354348,1a37ef147e5798d7510c56a781eccc057d0d53e6f141ebc7931afa84ba511190,M05,M,ANGRY,0,S1,T3,
4938,subesco,M_05_DURANTO_S_1_ANGRY_4.wav,354348,979cb47c1a0eb84b2373a777dfed958608f848946658dc5fc2bdc0168466d4ea,M05,M,ANGRY,0,S1,T4,
4939,subesco,M_05_DURANTO_S_1_ANGRY_5.wav,354348,33633211359543799fbfa3fc3d6fdf6e9cf95d15481de79f7506d0c9319e17a8,M05,M,ANGRY,0,S1,T5,
4940,subesco,M_05_DURANTO_S_1_DISGUST_1.wav,353324,58f9862a04c9769948eba89c4d1db3c1e713cb3be2e05f4a682f4448e9399f0d,M05,M,DISGUST,1,S1,T1,
4941,subesco,M_05_DURANTO_S_1_DISGUST_2.wav,354348,467e249bb3159c4bd0436c13e3bc7599c6b5bef16dc23486c5eacaf72e9f0b5c,M05,M,DISGUST,1,S1,T2,
4942,subesco,M_05_DURANTO_S_1_DISGUST_3.wav,354348,12377ebe4e4b4c26af36caa1a057b2cef3324137f41ac0161a04d25a122913f9,M05,M,DISGUST,1,S1,T3,
4943,subesco,M_05_DURANTO_S_1_DISGUST_4.wav,354348,ab56c3e3f369eb1f7c6a149b61a030bdac5d181064c8848bc26032f3936a97e6,M05,M,DISGUST,1,S1,T4,
4944,subesco,M_05_DURANTO_S_1_DISGUST_5.wav,352300,56cae9b1b58faa41b2f5889040c604a67cee58422c2766f0dab4117b92b20544,M05,M,DISGUST,1,S1,T5,
4945,subesco,M_05_DURANTO_S_1_FEAR_1.wav,354348,2497bb31948cbb38948a3f35c561921fcb1a9ef29be0c697f12b0f61fe167865,M05,M,FEAR,2,S1,T1,
4946,subesco,M_05_DURANTO_S_1_FEAR_2.wav,354348,1821b82e5ce1d1425f830945e57770968735e2a56898fe67b85cdb7e5aefce80,M05,M,FEAR,2,S1,T2,
4947,subesco,M_05_DURANTO_S_1_FEAR_3.wav,354348,1dff3a2b21ff24d1df408926d6a05b8f68895b4932dea2db54305478ed47e77e,M05,M,FEAR,2,S1,T3,
4948,subesco,M_05_DURANTO_S_1_FEAR_4.wav,353324,c949a8a127a4741b32dfb1afa5afb9a5356fd3ba0b69e7fc7f045c6d7176c7f3,M05,M,FEAR,2,S1,T4,
4949,subesco,M_05_DURANTO_S_1_FEAR_5.wav,353324,962438d350152767a87619ca2c1f5ff1d95877bb550f65e7e3487dbe5fabdb6d,M05,M,FEAR,2,S1,T5,
4950,subesco,M_05_DURANTO_S_1_HAPPY_1.wav,354348,c0c0a8dd74f948c7196324954520f1f36c16a2ccca76b6aa179f0b635809dea5,M05,M,HAPPY,3,S1,T1,
4951,subesco,M_05_DURANTO_S_1_HAPPY_2.wav,353324,18702215cd8c26e312c67aea19c71c3fb4cdcb41da5a21cdeef8d1fd408f4f68,M05,M,HAPPY,3,S1,T2,
4952,subesco,M_05_DURANTO_S_1_HAPPY_3.wav,354348,fa6dd4f866d05cd250e297aa56d4552a5a2c0ce5db127e49f3bce5c9ccac8643,M05,M,HAPPY,3,S1,T3,
4953,subesco,M_05_DURANTO_S_1_HAPPY_4.wav,354348,7aa959f64a03490d4d90c733c15060dcb319209025ccfc1b8de396bbbdc4421a,M05,M,HAPPY,3,S1,T4,
4954,subesco,M_05_DURANTO_S_1_HAPPY_5.wav,353324,0913f895dbd56f2ed40ee9985b7b027a1c4ee5a332820c64557e404c082a4c0b,M05,M,HAPPY,3,S1,T5,
4955,subesco,M_05_DURANTO_S_1_NEUTRAL_1.wav,353324,07ba6d9a517176219dbef9e4a844bb2e5921472ac8e467c5be6028090d86166a,M05,M,NEUTRAL,4,S1,T1,
4956,subesco,M_05_DURANTO_S_1_NEUTRAL_2.wav,353324,15682b913464c78244dbab6a85dea4c6a37a8b7ed781fc5cc87c9dec29904414,M05,M,NEUTRAL,4,S1,T2,
4957,subesco,M_05_DURANTO_S_1_NEUTRAL_3.wav,354348,fcc15f02bda7519c95b6b2bcf503832697511d0a71de8a11d5a1d0b118ef582b,M05,M,NEUTRAL,4,S1,T3,
4958,subesco,M_05_DURANTO_S_1_NEUTRAL_4.wav,353324,296748c4ad4621565cea92ccd983c60a62c0928b0d0f8b9bd7908d7392da506b,M05,M,NEUTRAL,4,S1,T4,
4959,subesco,M_05_DURANTO_S_1_NEUTRAL_5.wav,354348,5884c4e6d001913e0175b73eb33983d5900ccd25e6e408ba20de73816ca7533f,M05,M,NEUTRAL,4,S1,T5,
4960,subesco,M_05_DURANTO_S_1_SAD_1.wav,354348,a1df29aeddcc5811eba27a34f2360e57215807340bd0bd9221103d737820ca0f,M05,M,SAD,5,S1,T1,
4961,subesco,M_05_DURANTO_S_1_SAD_2.wav,354348,efda5b6f60b133d27128d4ffd5153e90b1fac33d8840024026a8437d1d7526f9,M05,M,SAD,5,S1,T2,
4962,subesco,M_05_DURANTO_S_1_SAD_3.wav,354348,32b52084dc116a7b838fdcb48dcdb74b4c2a32e06d540085f1b0bd620f729432,M05,M,SAD,5,S1,T3,
4963,subesco,M_05_DURANTO_S_1_SAD_4.wav,353324,ede259440d2e3c5590e56c045e4c53691b79d3a0df79e69d8b1453c6f0de0f9b,M05,M,SAD,5,S1,T4,
4964,subesco,M_05_DURANTO_S_1_SAD_5.wav,354348,a7b625b1c5043d6debb5c7d47f93705f601fec8a3e5ead6f81958df238c62b5a,M05,M,SAD,5,S1,T5,
4965,subesco,M_05_DURANTO_S_1_SURPRISE_1.wav,355372,eaecfa5f1f3271ba415880b935b2cb5e4a83ad9d7d025741e0687895eba2b9d6,M05,M,SURPRISE,6,S1,T1,
4966,subesco,M_05_DURANTO_S_1_SURPRISE_2.wav,355372,284dcf43315360e076fe333590643096b909a66bdb66d4f7f24be8c4fad9d590,M05,M,SURPRISE,6,S1,T2,
4967,subesco,M_05_DURANTO_S_1_SURPRISE_3.wav,353324,1b40572e467966c049e62a465952e4bf539802f7bf2fef1ebd53e9e9f7920c9e,M05,M,SURPRISE,6,S1,T3,
4968,subesco,M_05_DURANTO_S_1_SURPRISE_4.wav,353324,64e4daa4b2fe8b004f81f5e9476f798a6bac858e5299e7fb56b4b8ba6e0f5459,M05,M,SURPRISE,6,S1,T4,
4969,subesco,M_05_DURANTO_S_1_SURPRISE_5.wav,354348,93216b36380cfcb36462a42d6bfd32fcb30127ad6076c30b66f7f014fd704c00,M05,M,SURPRISE,6,S1,T5,
4970,subesco,M_05_DURANTO_S_2_ANGRY_1.wav,358444,23c52b7f3c4f9864f1e7b4dde78560a6db46f228ffb4b4c9a1b2a43914833d8b,M05,M,ANGRY,0,S2,T1,
4971,subesco,M_05_DURANTO_S_2_ANGRY_2.wav,354348,25137899c00803f83358353b6a9ffa6209ab7d95dc4b25564a1e7f089d49a73d,M05,M,ANGRY,0,S2,T2,
4972,subesco,M_05_DURANTO_S_2_ANGRY_3.wav,353324,6ae004bd5004d867cb95490a1c80ed4387dc29374fe42d4188f29d68e4eeb4cc,M05,M,ANGRY,0,S2,T3,
4973,subesco,M_05_DURANTO_S_2_ANGRY_4.wav,354348,c2c9d5c258702829d2d80a24c919cd39b9521685e7906f5e86d62a14211e29b7,M05,M,ANGRY,0,S2,T4,
4974,subesco,M_05_DURANTO_S_2_ANGRY_5.wav,354348,936c780575c28f0028a2590c9acffad1d7c649d9fefb6c112f4b5b6c572e5ac5,M05,M,ANGRY,0,S2,T5,
4975,subesco,M_05_DURANTO_S_2_DISGUST_1.wav,352300,ea3ef24e40dbe73cdfbfdaa975a44607dd222f903d6fd6aa039203bc68ba5253,M05,M,DISGUST,1,S2,T1,
4976,subesco,M_05_DURANTO_S_2_DISGUST_2.wav,354348,daa3170550d151baf9be9f5a31b4468d1f911e887cc0eed5f4d3f3f89be1206c,M05,M,DISGUST,1,S2,T2,
4977,subesco,M_05_DURANTO_S_2_DISGUST_3.wav,353324,d3320183afaeb31437029571fcb707f3a908b5ffaa0c89b0bddc63b86fdc559e,M05,M,DISGUST,1,S2,T3,
4978,subesco,M_05_DURANTO_S_2_DISGUST_4.wav,354348,42cd109bf8a4086cd140c86cf90a6b859ceaa26f4f8e86fece1f4e156820889f,M05,M,DISGUST,1,S2,T4,
4979,subesco,M_05_DURANTO_S_2_DISGUST_5.wav,354348,eaf537676de6a291c7d821c17c5004d27f83b395a915dcea0e82d1fcf7a3eeb7,M05,M,DISGUST,1,S2,T5,
4980,subesco,M_05_DURANTO_S_2_FEAR_1.wav,353324,985358212b6fcd1e7d2851a6ffe58d9ddd7d2ecc2fe97ad97f0f30a0907e1350,M05,M,FEAR,2,S2,T1,
4981,subesco,M_05_DURANTO_S_2_FEAR_2.wav,354348,735e32856a63cf349c735aa27c0ff3866da6d2578369ecf42d3cc90a922e1301,M05,M,FEAR,2,S2,T2,
4982,subesco,M_05_DURANTO_S_2_FEAR_3.wav,354348,482684fdae15c2db4d6c2ecb12e3578ede89f2c0b5f3bc32a8a2d3ab395a1450,M05,M,FEAR,2,S2,T3,
4983,subesco,M_05_DURANTO_S_2_FEAR_4.wav,353324,43e61be11a4b910dc5f31b3faf09bbdb186117d0cc8cfaf09993cbfab1ba4644,M05,M,FEAR,2,S2,T4,
4984,subesco,M_05_DURANTO_S_2_FEAR_5.wav,353324,4febf74400560981f10f1a2d0e7d1d041d31fff68c90b240dafb32797c1f0d3d,M05,M,FEAR,2,S2,T5,
4985,subesco,M_05_DURANTO_S_2_HAPPY_1.wav,353324,318af38f35b8437761490431a1458aa5bf034c2a81236a5f53a5908ca583ee57,M05,M,HAPPY,3,S2,T1,
4986,subesco,M_05_DURANTO_S_2_HAPPY_2.wav,353324,e6ea1a01b7fcea82d9d283ac990d560ec9a4b29ee733c4b3dcffde9398f14427,M05,M,HAPPY,3,S2,T2,
4987,subesco,M_05_DURANTO_S_2_HAPPY_3.wav,354348,4c8cb176792f0689bde2c2732c5dd8186735e8f1b0921035b609f47df07ff018,M05,M,HAPPY,3,S2,T3,
4988,subesco,M_05_DURANTO_S_2_HAPPY_4.wav,354348,84f35f36ff306380548d30274b474b16c309e6ad050b2c2ca02dfe9a3902bf48,M05,M,HAPPY,3,S2,T4,
4989,subesco,M_05_DURANTO_S_2_HAPPY_5.wav,354348,38d088a656a5149074963b965a2ba6b42e42fd721b32718d81bf03a4fb9f6c00,M05,M,HAPPY,3,S2,T5,
4990,subesco,M_05_DURANTO_S_2_NEUTRAL_1.wav,352300,541123273477da2e0321154a84e40c097556190bd801569f295e3fa52a87810a,M05,M,NEUTRAL,4,S2,T1,
4991,subesco,M_05_DURANTO_S_2_NEUTRAL_2.wav,353324,f19f28cb7ec87c3090135ba721308f77ffa7f828076b55895af34502a69f2942,M05,M,NEUTRAL,4,S2,T2,
4992,subesco,M_05_DURANTO_S_2_NEUTRAL_3.wav,353324,5bf206ef583c597d4e27e9a431d616c593f01b2ece49252ab2e062761522afdf,M05,M,NEUTRAL,4,S2,T3,
4993,subesco,M_05_DURANTO_S_2_NEUTRAL_4.wav,354348,c06f4161510b58edb45df04675666b1c6964bb18d45ea059f5c807e0a2768421,M05,M,NEUTRAL,4,S2,T4,
4994,subesco,M_05_DURANTO_S_2_NEUTRAL_5.wav,353324,c92ab573d9f0d211658727440af6589d5345d63732424c41cd0fd8500568bedc,M05,M,NEUTRAL,4,S2,T5,
4995,subesco,M_05_DURANTO_S_2_SAD_1.wav,353324,14c901275a88c7c53f1332f7d8543c9ebf6f3f47e3461a8e0d15f00f838476b2,M05,M,SAD,5,S2,T1,
4996,subesco,M_05_DURANTO_S_2_SAD_2.wav,354348,2f5826db8507c57793fe443eee85b13dc97b7c1401242a6fec5a48dd84587351,M05,M,SAD,5,S2,T2,
4997,subesco,M_05_DURANTO_S_2_SAD_3.wav,353324,c8750ee9019984a95592c7c5426f4c217d10232fa4f8d9e37d33217bbd37475b,M05,M,SAD,5,S2,T3,
4998,subesco,M_05_DURANTO_S_2_SAD_4.wav,353324,1a9fefff96e391bf86dba0452bf988aa7badf662f3c636707ab102645a9f67d1,M05,M,SAD,5,S2,T4,
4999,subesco,M_05_DURANTO_S_2_SAD_5.wav,353324,9e47a4ed33395700c10de1b2fc97242d3a7adda8f286fac36668f7f5183456d5,M05,M,SAD,5,S2,T5,
5000,subesco,M_05_DURANTO_S_2_SURPRISE_1.wav,354348,10df6b54b7822001deb22b85fd05643c6c86ececdf4b6bf94345c055ac3fe79f,M05,M,SURPRISE,6,S2,T1,
5001,subesco,M_05_DURANTO_S_2_SURPRISE_2.wav,354348,7b8c6829a8bb5b35d961a90767bc35bee1a4a374ac7ed921c1d59310eaa4f3f6,M05,M,SURPRISE,6,S2,T2,
5002,subesco,M_05_DURANTO_S_2_SURPRISE_3.wav,353324,a494ec3611591f5b0228097386442a569a875d5be59ffdce44cbc383a0c3e795,M05,M,SURPRISE,6,S2,T3,
5003,subesco,M_05_DURANTO_S_2_SURPRISE_4.wav,353324,03b2ad72027a617ddb70f2e7ba79ec318318dc289421b4c0e81438157c056cfa,M05,M,SURPRISE,6,S2,T4,
5004,subesco,M_05_DURANTO_S_2_SURPRISE_5.wav,354348,bd9d49817e4e973b7d0b253e47a60fb78b593c9fee6f80b22a005bbabf97907f,M05,M,SURPRISE,6,S2,T5,
5005,subesco,M_05_DURANTO_S_3_ANGRY_1.wav,354348,748ed265c04d5944d627a18717a616a4b2adf575de7b36b8b0480e974bae5ea4,M05,M,ANGRY,0,S3,T1,
5006,subesco,M_05_DURANTO_S_3_ANGRY_2.wav,354348,96817f4f553796a0dce7d3ad6d85b4918476e85a5ce023477fd159b32a149bf2,M05,M,ANGRY,0,S3,T2,
5007,subesco,M_05_DURANTO_S_3_ANGRY_3.wav,354348,c9c78c574636cd71d8d439b590103bcff6281a989540e71fe9c3ad0cc6ce9726,M05,M,ANGRY,0,S3,T3,
5008,subesco,M_05_DURANTO_S_3_ANGRY_4.wav,354348,167b80c5f06648c2385c8d835864c913f7ade6ccab7a03ac57960f2369819736,M05,M,ANGRY,0,S3,T4,
5009,subesco,M_05_DURANTO_S_3_ANGRY_5.wav,354348,c4f1a2255f58776a012aed282e2328fbabb014b695fbed1fbc81610c7a8a514f,M05,M,ANGRY,0,S3,T5,
5010,subesco,M_05_DURANTO_S_3_DISGUST_1.wav,353324,9e37e624f11ecfa03dba77197644a0c7bb6ddead9db9de9b556395943317df39,M05,M,DISGUST,1,S3,T1,
5011,subesco,M_05_DURANTO_S_3_DISGUST_2.wav,354348,e4f8df86c006da68d41be56f3c957f4af0d49f82ec233278c4fbfc3778480ce9,M05,M,DISGUST,1,S3,T2,
5012,subesco,M_05_DURANTO_S_3_DISGUST_3.wav,354348,e2a9252ccb1652a8b041befa079f66ead80935d604c939f6b21181cd46cd0290,M05,M,DISGUST,1,S3,T3,
5013,subesco,M_05_DURANTO_S_3_DISGUST_4.wav,353324,a871a7001cdfbd17dcb3ed95eb54d708c66b778f083f30448a19ce2f3a793df8,M05,M,DISGUST,1,S3,T4,
5014,subesco,M_05_DURANTO_S_3_DISGUST_5.wav,354348,70e0f67aeb106767040e567d35a9a55c3a36e7246ba03c5ab46b9cfa7fec44dd,M05,M,DISGUST,1,S3,T5,
5015,subesco,M_05_DURANTO_S_3_FEAR_1.wav,353324,8f6647f5d776fbb8ac4786b1e391edba19fdcce14d8944a6441fca4fb80cef0a,M05,M,FEAR,2,S3,T1,
5016,subesco,M_05_DURANTO_S_3_FEAR_2.wav,354348,bb870c5c2a1e171b0067bf91a759b4d644202a2b25bbcbb1ebe7ab144c4631b3,M05,M,FEAR,2,S3,T2,
5017,subesco,M_05_DURANTO_S_3_FEAR_3.wav,353324,6ec78090904ad086209d2a9107026504fb9d15036b2e0cee4595e428b0daec07,M05,M,FEAR,2,S3,T3,
5018,subesco,M_05_DURANTO_S_3_FEAR_4.wav,353324,bdf4948e7fccb00b02b90ec9e0e38e5d609fe2269f27ab8b7004d16c7de02812,M05,M,FEAR,2,S3,T4,
5019,subesco,M_05_DURANTO_S_3_FEAR_5.wav,354348,48ecbe7b41c42f5593d36aca57a8a259c11268b62787853fbd85018946f54d2c,M05,M,FEAR,2,S3,T5,
5020,subesco,M_05_DURANTO_S_3_HAPPY_1.wav,354348,63704bd2bdbc204d63ae3cc02bcc3a6e914ba1f0e15d9599265a9909f2c357e0,M05,M,HAPPY,3,S3,T1,
5021,subesco,M_05_DURANTO_S_3_HAPPY_2.wav,354348,a5b5468931af5b51ae8a90304cbf1a44acb82577bce982a72baf377d66552dc7,M05,M,HAPPY,3,S3,T2,
5022,subesco,M_05_DURANTO_S_3_HAPPY_3.wav,354348,16fbd74497bc330ad784683c5a5133b0dc324f3bce7882385d04037d5fb9fd55,M05,M,HAPPY,3,S3,T3,
5023,subesco,M_05_DURANTO_S_3_HAPPY_4.wav,353324,7ba0beb7c96787552e641539c37cfc21e0829fe5a5b07d0419a6448381c9f0ad,M05,M,HAPPY,3,S3,T4,
5024,subesco,M_05_DURANTO_S_3_HAPPY_5.wav,353324,45610cc3b7f9895cc2a205454480f8fc5e1c76050519f3c8ec5452d85915c7a5,M05,M,HAPPY,3,S3,T5,
5025,subesco,M_05_DURANTO_S_3_NEUTRAL_1.wav,353324,8dfc6ec764c42a72fc7edc425aa7992409cab4d49447c035ded4c0ac13706f9b,M05,M,NEUTRAL,4,S3,T1,
5026,subesco,M_05_DURANTO_S_3_NEUTRAL_2.wav,354348,7e2133f7b84f96e5d1a39a36e1009b87b588f7d710763f0ad1c13b74c21bf9c3,M05,M,NEUTRAL,4,S3,T2,
5027,subesco,M_05_DURANTO_S_3_NEUTRAL_3.wav,354348,5d895db7eee867e535ef0a442c3498e9473708f22865e8cf4d36c0ac88a6184b,M05,M,NEUTRAL,4,S3,T3,
5028,subesco,M_05_DURANTO_S_3_NEUTRAL_4.wav,353324,8fcee31a7c139b5454db1520f253590e26e3b3e50845d066f30fbd85b197d1ec,M05,M,NEUTRAL,4,S3,T4,
5029,subesco,M_05_DURANTO_S_3_NEUTRAL_5.wav,353324,d267e9a890d329e2f56c7f198a98b69b62d6a2f19520706ef9c1e48d536dcd32,M05,M,NEUTRAL,4,S3,T5,
5030,subesco,M_05_DURANTO_S_3_SAD_1.wav,353324,eb7e47d1daeb5e4e521310ef17c2ea125e6279a9d391a3853dc95cd122123302,M05,M,SAD,5,S3,T1,
5031,subesco,M_05_DURANTO_S_3_SAD_2.wav,352300,15d8474c037e78761baed8d60731aa3c07cefae7956a439edf597302e13923c4,M05,M,SAD,5,S3,T2,
5032,subesco,M_05_DURANTO_S_3_SAD_3.wav,354348,3526ed72fa25b999d5cfb6443187a3d221d18324cbdcdb063d1fee89e2ebbcdb,M05,M,SAD,5,S3,T3,
5033,subesco,M_05_DURANTO_S_3_SAD_4.wav,354348,c8f2940efc0fdc30f6d781bb7dc70acfed849b513a80590d8070285eef4ac372,M05,M,SAD,5,S3,T4,
5034,subesco,M_05_DURANTO_S_3_SAD_5.wav,354348,351c16f99069d689798c59c83692552f12c35d612d0aa45c61183eddcaf81ca4,M05,M,SAD,5,S3,T5,
5035,subesco,M_05_DURANTO_S_3_SURPRISE_1.wav,353324,088ed5a8166ac395627812e8ea7d4a7e982063cec1de489862aef231ae7fcd80,M05,M,SURPRISE,6,S3,T1,
5036,subesco,M_05_DURANTO_S_3_SURPRISE_2.wav,354348,bb7cf8617e10d0bfcfa51bdd772b91ee75aaeacdb596e369f4608bedb4e6451b,M05,M,SURPRISE,6,S3,T2,
5037,subesco,M_05_DURANTO_S_3_SURPRISE_3.wav,353324,abbbb2a27d193ffa0bf2896a62bed48e619aecdb6be99e78d1c7fa3ad9347333,M05,M,SURPRISE,6,S3,T3,
5038,subesco,M_05_DURANTO_S_3_SURPRISE_4.wav,354348,b8c6bce0f8b3af98d295b8e10f7bc013df4da9abf5b864894df8466f1cfbe878,M05,M,SURPRISE,6,S3,T4,
5039,subesco,M_05_DURANTO_S_3_SURPRISE_5.wav,354348,fc4ed5e2129ff9addad617164c7230c71f8810dbb580be050fb1eb68141ddaa3,M05,M,SURPRISE,6,S3,T5,
5040,subesco,M_05_DURANTO_S_4_ANGRY_1.wav,353324,52b9300e7117727e188b42986164721b28ca28ec20e591c8f150f0a677a512d1,M05,M,ANGRY,0,S4,T1,
5041,subesco,M_05_DURANTO_S_4_ANGRY_2.wav,353324,c64247b93c66a7e2552b8d821e0af5b14b8e7bd4d4e4a5ef3d9587164b63801c,M05,M,ANGRY,0,S4,T2,
5042,subesco,M_05_DURANTO_S_4_ANGRY_3.wav,353324,f1cca8d02bc3920b7c2a9777804f08a4bbfc75fb3c8f5461ad642033b79ff353,M05,M,ANGRY,0,S4,T3,
5043,subesco,M_05_DURANTO_S_4_ANGRY_4.wav,354348,d470be7ef395e24e9333b36d48d4a91332b6be567262c8ef97a2278c2a647aac,M05,M,ANGRY,0,S4,T4,
5044,subesco,M_05_DURANTO_S_4_ANGRY_5.wav,354348,e4cd9932e0a175b4cfde9b231648e80a961f4bbacaf21b1993989be1a10909a8,M05,M,ANGRY,0,S4,T5,
5045,subesco,M_05_DURANTO_S_4_DISGUST_1.wav,353324,13e28052cc9e5c74c2a0da84a53e25f032afbef0b516a11d247adefabb902b4c,M05,M,DISGUST,1,S4,T1,
5046,subesco,M_05_DURANTO_S_4_DISGUST_2.wav,354348,2d3911c59109fc231d6f98f03ae5ab4d87d3b449794af609a4534f2d9083ed29,M05,M,DISGUST,1,S4,T2,
5047,subesco,M_05_DURANTO_S_4_DISGUST_3.wav,353324,4e125d296a971fe5e7497339001cdd7b3a88940cd4c4af69971c622454c3d17a,M05,M,DISGUST,1,S4,T3,
5048,subesco,M_05_DURANTO_S_4_DISGUST_4.wav,354348,5b03945ca044bbf9fd5c0e3734d06868617513b09902d59acc6603366255c4ed,M05,M,DISGUST,1,S4,T4,
5049,subesco,M_05_DURANTO_S_4_DISGUST_5.wav,353324,11ed3f5738236a421d22bbc254977e06fc7c8cf81f0a1bf6fefd0655db893278,M05,M,DISGUST,1,S4,T5,
5050,subesco,M_05_DURANTO_S_4_FEAR_1.wav,354348,00abdaa03a9c545f4adf6073ec88dad212fa98c5fc7a33a8d6b2660ce1b1c859,M05,M,FEAR,2,S4,T1,
5051,subesco,M_05_DURANTO_S_4_FEAR_2.wav,354348,204d9f40734065141e0373122837074e501407fb4b3dc3664ee5736e8491a3d0,M05,M,FEAR,2,S4,T2,
5052,subesco,M_05_DURANTO_S_4_FEAR_3.wav,353324,78edb3e6e68ff20c77266fb4a51d739603b863e825abf1385a68f3a4ff367b17,M05,M,FEAR,2,S4,T3,
5053,subesco,M_05_DURANTO_S_4_FEAR_4.wav,353324,ea196080d0e5d77295b0bc143db572e5ea2e86eab95db7969707a29502a6225e,M05,M,FEAR,2,S4,T4,
5054,subesco,M_05_DURANTO_S_4_FEAR_5.wav,353324,8e37cf78f40f0726759cdb481670deb671101b9d475712e20347bac0d61b9416,M05,M,FEAR,2,S4,T5,
5055,subesco,M_05_DURANTO_S_4_HAPPY_1.wav,354348,61c2ab11adaa989ff1bb795034486240565f9f5e8f047339a921c59ed5436cc2,M05,M,HAPPY,3,S4,T1,
5056,subesco,M_05_DURANTO_S_4_HAPPY_2.wav,353324,5e1862f2b078a11fe49c099281174920f23be4fdbc540bf5d5443fb639ebb9c8,M05,M,HAPPY,3,S4,T2,
5057,subesco,M_05_DURANTO_S_4_HAPPY_3.wav,353324,3ba64bce31ef9e9593b5832a38048fe155e46e15f65f3bda47133c1307ba3009,M05,M,HAPPY,3,S4,T3,
5058,subesco,M_05_DURANTO_S_4_HAPPY_4.wav,353324,51685a1c89cb62e526e0d9c9a9dfd0397192f8700facece049fc075a670fda9e,M05,M,HAPPY,3,S4,T4,
5059,subesco,M_05_DURANTO_S_4_HAPPY_5.wav,354348,fa17f0d783d0ac15f1c2b9be44baa03b916d9362151551c75b29a1a48ed3219e,M05,M,HAPPY,3,S4,T5,
5060,subesco,M_05_DURANTO_S_4_NEUTRAL_1.wav,353324,b1d03f392eeda3a479255444f0aceefc87feac3c240e4c1891051538cae81b65,M05,M,NEUTRAL,4,S4,T1,
5061,subesco,M_05_DURANTO_S_4_NEUTRAL_2.wav,354348,09d08cc151f67bce5536b71d87691a01579881fb0444ccf8801056e5decbf9b8,M05,M,NEUTRAL,4,S4,T2,
5062,subesco,M_05_DURANTO_S_4_NEUTRAL_3.wav,354348,5f472f2328392295a1e538a54ac74ac96532e428dc1ee3af7a293427d3ef04cb,M05,M,NEUTRAL,4,S4,T3,
5063,subesco,M_05_DURANTO_S_4_NEUTRAL_4.wav,354348,5e4e3e42eb66c8850980f6a9030cd33326d3312457eb5b5231e33b4ddd349e10,M05,M,NEUTRAL,4,S4,T4,
5064,subesco,M_05_DURANTO_S_4_NEUTRAL_5.wav,353324,853a94f88e3e73ae257b2057a6c2c43b7eb510eeb53dbc89c22696cf3b5b4cc9,M05,M,NEUTRAL,4,S4,T5,
5065,subesco,M_05_DURANTO_S_4_SAD_1.wav,354348,396eb72c3a04a8e1677bbd20c0995565fe876553d5ce6afae09bd1ce3edc8ee4,M05,M,SAD,5,S4,T1,
5066,subesco,M_05_DURANTO_S_4_SAD_2.wav,354348,c4d13c2f2a018ee184d7ae3f46be8de1dc9c50c0fa6876c6c26c5ab4b8691f1b,M05,M,SAD,5,S4,T2,
5067,subesco,M_05_DURANTO_S_4_SAD_3.wav,353324,3e7b336d9edf5630ea34e51d058e4feccc119883c8869b648802d1b112a8ea95,M05,M,SAD,5,S4,T3,
5068,subesco,M_05_DURANTO_S_4_SAD_4.wav,353324,b55cc4fb48cc811a67510450bd96350eda78bdca6f31fff54fbb53688ddbfbb1,M05,M,SAD,5,S4,T4,
5069,subesco,M_05_DURANTO_S_4_SAD_5.wav,353324,e495ca21c7e05aeb5a08f1bbb4b13b3c8844f10c175049f7c088099281ef8427,M05,M,SAD,5,S4,T5,
5070,subesco,M_05_DURANTO_S_4_SURPRISE_1.wav,354348,432bdb0b33ddc8bfb7c7dae41229353c7b8165c249fca2c361c68a7042b1fddc,M05,M,SURPRISE,6,S4,T1,
5071,subesco,M_05_DURANTO_S_4_SURPRISE_2.wav,353324,9e93d70e98e70fd535d889b91ef6f4ab3c286ddc5e82bd5b221a81bc973df34b,M05,M,SURPRISE,6,S4,T2,
5072,subesco,M_05_DURANTO_S_4_SURPRISE_3.wav,354348,25c231c56c4b3f80a6de062fb04a1013de80fcce4f849171988a12d8f28e0a8e,M05,M,SURPRISE,6,S4,T3,
5073,subesco,M_05_DURANTO_S_4_SURPRISE_4.wav,354348,5ae056d5f5ebd13da1b007e19f841d9ca84763006d87a8b5d063f77b72b671d1,M05,M,SURPRISE,6,S4,T4,
5074,subesco,M_05_DURANTO_S_4_SURPRISE_5.wav,354348,ea548892b6e43fa4c92b25d525fa13f126ed41159d2d136d1f2cc535b42d3f42,M05,M,SURPRISE,6,S4,T5,
5075,subesco,M_05_DURANTO_S_5_ANGRY_1.wav,354348,3571fff5a402ad28e8e356c8f332dfd7a6442e7d28c1056182d1f7672e7c64ca,M05,M,ANGRY,0,S5,T1,
5076,subesco,M_05_DURANTO_S_5_ANGRY_2.wav,354348,b1e74c77c270862fcc1f5e76694283ee895ccfc0043dfc08aeb306cdfde5c869,M05,M,ANGRY,0,S5,T2,
5077,subesco,M_05_DURANTO_S_5_ANGRY_3.wav,354348,b44e6e50599151a095d5808caebc781247d8098cd67cf2738f8ec230b90485b4,M05,M,ANGRY,0,S5,T3,
5078,subesco,M_05_DURANTO_S_5_ANGRY_4.wav,354348,b6b5ad68af287edb325329fcf639baa9481c0bbf10aed6c93a3949cba2f94317,M05,M,ANGRY,0,S5,T4,
5079,subesco,M_05_DURANTO_S_5_ANGRY_5.wav,354348,cdfdd2393ae2f62f67af6997f45aba3b2209d48852b7ffe075a3a415821c643a,M05,M,ANGRY,0,S5,T5,
5080,subesco,M_05_DURANTO_S_5_DISGUST_1.wav,352354,5ede8ed418cccdd9015b67f7213b9834802a9293d57f92053c11f087f0b3a5fe,M05,M,DISGUST,1,S5,T1,
5081,subesco,M_05_DURANTO_S_5_DISGUST_2.wav,353324,03fd610d561d5cad366e7ffd4eadd64028d73fcd9fa4793cc87642286247bb39,M05,M,DISGUST,1,S5,T2,
5082,subesco,M_05_DURANTO_S_5_DISGUST_3.wav,354348,0963c8bd9c22f5cd648fb51897126e4e8d6f8b51a833244fc2ae85fe31c9e7ea,M05,M,DISGUST,1,S5,T3,
5083,subesco,M_05_DURANTO_S_5_DISGUST_4.wav,354348,3d5bd0cb56b9bfbf6c9ef8f2b21ffcac1fb4cf222bb729741d628e06f2126b46,M05,M,DISGUST,1,S5,T4,
5084,subesco,M_05_DURANTO_S_5_DISGUST_5.wav,354348,aa8abc578c38b88240c5d5d760ae8fc1e9e83de08a7e2b77092703ab4a212e5f,M05,M,DISGUST,1,S5,T5,
5085,subesco,M_05_DURANTO_S_5_FEAR_1.wav,354348,e05fa891e12f40469fdeef646b5892b08725f24884ce9d773e24ab73a331d213,M05,M,FEAR,2,S5,T1,
5086,subesco,M_05_DURANTO_S_5_FEAR_2.wav,353324,1a6ccf18516c3e225dfdad586415c9af6ae9112588cd09fba209752395f82c75,M05,M,FEAR,2,S5,T2,
5087,subesco,M_05_DURANTO_S_5_FEAR_3.wav,354348,2756853184010956cd9f124aace96b90db8a9ce0968504d729160a2cf124fb95,M05,M,FEAR,2,S5,T3,
5088,subesco,M_05_DURANTO_S_5_FEAR_4.wav,357420,f4edd2c264f146e0460eb7bf18b6ced410bc91eb983222f7e0c29329980ebf2c,M05,M,FEAR,2,S5,T4,
5089,subesco,M_05_DURANTO_S_5_FEAR_5.wav,354348,97927666818c51dd936182d09f81e39e7edaabda792b6897893d3104e40a0f79,M05,M,FEAR,2,S5,T5,
5090,subesco,M_05_DURANTO_S_5_HAPPY_1.wav,353324,f16b1a7e8d357959ee56feeb91bee52856012e55bd2c37474e2238148f61d200,M05,M,HAPPY,3,S5,T1,
5091,subesco,M_05_DURANTO_S_5_HAPPY_2.wav,353324,8fdf8e9f950a6762005cad381c90b7f753f74ffcc72f52cf2506b601b99a964a,M05,M,HAPPY,3,S5,T2,
5092,subesco,M_05_DURANTO_S_5_HAPPY_3.wav,354348,6fc85e629dd984dceec1b5d6715469db96c3f197bcce5c0efa4fd8d68e866cca,M05,M,HAPPY,3,S5,T3,
5093,subesco,M_05_DURANTO_S_5_HAPPY_4.wav,353324,ba1022458d9a5b7686476ab55408652c3d570d0427febdb20b1bfa4d05f195b2,M05,M,HAPPY,3,S5,T4,
5094,subesco,M_05_DURANTO_S_5_HAPPY_5.wav,352300,85c44dede4e5e98fe4f1cbf49f84780a1125eb275474be701b85e4cc1717fde3,M05,M,HAPPY,3,S5,T5,
5095,subesco,M_05_DURANTO_S_5_NEUTRAL_1.wav,354348,357a830781216d6249ded4fb6aec85e4728cca953c7b44eb5ba1a419dd7c5772,M05,M,NEUTRAL,4,S5,T1,
5096,subesco,M_05_DURANTO_S_5_NEUTRAL_2.wav,354348,7b85086d1fa5db7dc9611418b7ade580391b685359ffb02b23d4c8cfb043812e,M05,M,NEUTRAL,4,S5,T2,
5097,subesco,M_05_DURANTO_S_5_NEUTRAL_3.wav,354348,1221998cf69c1903306aa97fb252cc2e92252efffa39390bfafc58986ecb4b7e,M05,M,NEUTRAL,4,S5,T3,
5098,subesco,M_05_DURANTO_S_5_NEUTRAL_4.wav,354348,494c3ad97c328f838d7e4d029a573aa6ae993371c27216c0f9ced812e3ca69ff,M05,M,NEUTRAL,4,S5,T4,
5099,subesco,M_05_DURANTO_S_5_NEUTRAL_5.wav,353324,79b54b2c37ad0e63f63c717da866a8229371a79dec1ab5a9a9e00f55f251eff4,M05,M,NEUTRAL,4,S5,T5,
5100,subesco,M_05_DURANTO_S_5_SAD_1.wav,353324,81145713fa1f3d9336958cf4bd85505dc3b73aeb9cc6e1bf3a984ef3d33ff5b8,M05,M,SAD,5,S5,T1,
5101,subesco,M_05_DURANTO_S_5_SAD_2.wav,353324,725531072f151b05b1113ff97ced0703cf74e40e34cbdd169a49e66287bd2d41,M05,M,SAD,5,S5,T2,
5102,subesco,M_05_DURANTO_S_5_SAD_3.wav,353324,645a5fd62e42d66953af489e6ca3c5ae0acb7405fa3dd7726bfa87964e4621a5,M05,M,SAD,5,S5,T3,
5103,subesco,M_05_DURANTO_S_5_SAD_4.wav,352300,1dc08cf9304310e174d4307394efdc3f21e5e295fcc8a092666915140aab430b,M05,M,SAD,5,S5,T4,
5104,subesco,M_05_DURANTO_S_5_SAD_5.wav,354348,7efa09d20c17537469c81ac8521b2d36218fb555d9b8db48433557469af4871f,M05,M,SAD,5,S5,T5,
5105,subesco,M_05_DURANTO_S_5_SURPRISE_1.wav,355372,e4c9348012122be158cd3ede6aa7f7725a29d5816ae0c7a8b0ebbdd9d2df6bea,M05,M,SURPRISE,6,S5,T1,
5106,subesco,M_05_DURANTO_S_5_SURPRISE_2.wav,354348,4ea728b2372e167779a7ef70dc5246b44b37b58409c4109af37a58596125210e,M05,M,SURPRISE,6,S5,T2,
5107,subesco,M_05_DURANTO_S_5_SURPRISE_3.wav,353324,24a35a9b28b191968286f9d8c10e30157d11cf3f13074a100178ebc306ab90e2,M05,M,SURPRISE,6,S5,T3,
5108,subesco,M_05_DURANTO_S_5_SURPRISE_4.wav,352300,05b35fa7a1c662ca316506c49cdf0dade30a169a2625363a2ddc2995382acd15,M05,M,SURPRISE,6,S5,T4,
5109,subesco,M_05_DURANTO_S_5_SURPRISE_5.wav,354348,0365633ffe5d19597a5f848fd01a85e4a1c4ca35b8e438d3ee4a40247b800910,M05,M,SURPRISE,6,S5,T5,
5110,subesco,M_05_DURANTO_S_6_ANGRY_1.wav,354348,17b724f33791f2b7c685e08e74c74d7975e0b4308ae58f8f5c4a5e819cf31cae,M05,M,ANGRY,0,S6,T1,
5111,subesco,M_05_DURANTO_S_6_ANGRY_2.wav,354348,cf1ec084838343d415f265df12b42ae476ebf0a65d47f3a6a54fa61691058ccf,M05,M,ANGRY,0,S6,T2,
5112,subesco,M_05_DURANTO_S_6_ANGRY_3.wav,354348,af681862184a80aa0effa157a1035e5b4f344127d92d33a668a3e56747cf9325,M05,M,ANGRY,0,S6,T3,
5113,subesco,M_05_DURANTO_S_6_ANGRY_4.wav,354348,e5952faa1cedb21269af4f1dd2615c73ea128290092b1d060d771a3086fe816b,M05,M,ANGRY,0,S6,T4,
5114,subesco,M_05_DURANTO_S_6_ANGRY_5.wav,353324,890a1d3662f45fd158ce8a54518c5f11d00217e1f0646d7a0ab8916b1a4384e2,M05,M,ANGRY,0,S6,T5,
5115,subesco,M_05_DURANTO_S_6_DISGUST_1.wav,354348,8092c8e73572a69efcac96f84358b1c19d70dcde8b51c9008a83b117a9cd2d38,M05,M,DISGUST,1,S6,T1,
5116,subesco,M_05_DURANTO_S_6_DISGUST_2.wav,354348,2dbdd880187bd7145f6ac7692e9c8d877f2d1fb696a852adfa9432f30a3c7664,M05,M,DISGUST,1,S6,T2,
5117,subesco,M_05_DURANTO_S_6_DISGUST_3.wav,354348,1ad7b2d023d108848244c54d366fa6c8f544581e793709b02de10062f5d788da,M05,M,DISGUST,1,S6,T3,
5118,subesco,M_05_DURANTO_S_6_DISGUST_4.wav,353324,e4f91e4211d6b2402b0c3f92dc4446d19ed2a4c7d40f7c4ada134013b4c1f92a,M05,M,DISGUST,1,S6,T4,
5119,subesco,M_05_DURANTO_S_6_DISGUST_5.wav,354348,cc6005106d9adbd5de001f4803832d830404a1f2fb71eda1c720dbd21e20190d,M05,M,DISGUST,1,S6,T5,
5120,subesco,M_05_DURANTO_S_6_FEAR_1.wav,353324,e219c2bc2d5413a4611594290e7a2138270ba945ae905623ee7ef18faa0110ba,M05,M,FEAR,2,S6,T1,
5121,subesco,M_05_DURANTO_S_6_FEAR_2.wav,353324,c78112fd6fc09a8f43bca9489455da1d910d23a25f99de82fd5e63df11de236c,M05,M,FEAR,2,S6,T2,
5122,subesco,M_05_DURANTO_S_6_FEAR_3.wav,353324,6b999dc2717ef23a33666a8385bb2e8ecc1a1b4d9c848ebd5dc5156fa211b0d6,M05,M,FEAR,2,S6,T3,
5123,subesco,M_05_DURANTO_S_6_FEAR_4.wav,353324,94ad52688904f710d0f82487e8a1a31bc5c9e52534cc664981cf469ca28f5cd5,M05,M,FEAR,2,S6,T4,
5124,subesco,M_05_DURANTO_S_6_FEAR_5.wav,354348,ad803345efc66c76217191323d7121576fdfdd9ee2d070813a242b42878891a3,M05,M,FEAR,2,S6,T5,
5125,subesco,M_05_DURANTO_S_6_HAPPY_1.wav,354348,4a676858de9343f8951ac99fd1530f3bbceb371a25b6157425629db943f73789,M05,M,HAPPY,3,S6,T1,
5126,subesco,M_05_DURANTO_S_6_HAPPY_2.wav,353324,33afdb23facef6d9a6c638559e0b845205d307ddcacc72a834367cc0ceba44fc,M05,M,HAPPY,3,S6,T2,
5127,subesco,M_05_DURANTO_S_6_HAPPY_3.wav,352300,90e74cfef57edfea7040784d9348e2850a3e8b8a9bf83597db6c97ed83821fbf,M05,M,HAPPY,3,S6,T3,
5128,subesco,M_05_DURANTO_S_6_HAPPY_4.wav,354348,0fc2569780072759195e28a624fc6ca2c296cd70fe6b67654a40004fb26cceb2,M05,M,HAPPY,3,S6,T4,
5129,subesco,M_05_DURANTO_S_6_HAPPY_5.wav,353324,2c510e13e1cc8daec7ef9d646f1b5cb1c34669c20772af3d418cd3818930f663,M05,M,HAPPY,3,S6,T5,
5130,subesco,M_05_DURANTO_S_6_NEUTRAL_1.wav,354348,2c70719f88338595d0c0376a2bfaad31fe26140905ef3d8e10f3b838e5feeff6,M05,M,NEUTRAL,4,S6,T1,
5131,subesco,M_05_DURANTO_S_6_NEUTRAL_2.wav,353324,eeccecef372a489d21b07620fee86681fc8590ffb8f89931a486a0faf7e5483a,M05,M,NEUTRAL,4,S6,T2,
5132,subesco,M_05_DURANTO_S_6_NEUTRAL_3.wav,353324,84a6bac56104986a9314b075f77c008f46a06017ab721933750aaa3f03652f3c,M05,M,NEUTRAL,4,S6,T3,
5133,subesco,M_05_DURANTO_S_6_NEUTRAL_4.wav,353324,775c62f8c0d36d2dd511e5e675aec299a14202e94cec6f3b666628fa20c93f2b,M05,M,NEUTRAL,4,S6,T4,
5134,subesco,M_05_DURANTO_S_6_NEUTRAL_5.wav,353324,ac915269e14b15235940a43e0d22863160f7153983e4f26c04360aaef42340f8,M05,M,NEUTRAL,4,S6,T5,
5135,subesco,M_05_DURANTO_S_6_SAD_1.wav,354348,40fea3d9adb31d7f7f7224b5efb8f889f32c12f5893f43c2c3196f6cd216ce71,M05,M,SAD,5,S6,T1,
5136,subesco,M_05_DURANTO_S_6_SAD_2.wav,354348,a1edd41e6a6de43f34b8833b147a75aeaaed171880dac0813379ae19155a8896,M05,M,SAD,5,S6,T2,
5137,subesco,M_05_DURANTO_S_6_SAD_3.wav,354348,c787e47ee52aa815fef283715713923fa67a0c30228f9173335393b1d62e2b0b,M05,M,SAD,5,S6,T3,
5138,subesco,M_05_DURANTO_S_6_SAD_4.wav,354348,3482eec3e9b17752d2b1ac63fd5093ded223f03e04a935b11b89dce09f6bb1d0,M05,M,SAD,5,S6,T4,
5139,subesco,M_05_DURANTO_S_6_SAD_5.wav,708652,2d1d763612a6189442374f48743a14f8b9f9e19f794e2b7e2301128625d302ed,M05,M,SAD,5,S6,T5,
5140,subesco,M_05_DURANTO_S_6_SURPRISE_1.wav,353324,001ae982a2eb90f6fe4f7f3deed83d3f18363a01a1030014008cd42d45addf3c,M05,M,SURPRISE,6,S6,T1,
5141,subesco,M_05_DURANTO_S_6_SURPRISE_2.wav,352300,0c51352d87fe7f0141921dfd2cf1c17f55f98a1813c8447f670aaa0cf25a761f,M05,M,SURPRISE,6,S6,T2,
5142,subesco,M_05_DURANTO_S_6_SURPRISE_3.wav,354348,5f3f899cd1f2a04cdf1be8b2de198120d90c9446a1abd7f79a81a6b41a6a505c,M05,M,SURPRISE,6,S6,T3,
5143,subesco,M_05_DURANTO_S_6_SURPRISE_4.wav,354348,58c475a728f6d67b7793bed4c5ad00bce30593ab975846d83eb5d48e56ebbd11,M05,M,SURPRISE,6,S6,T4,
5144,subesco,M_05_DURANTO_S_6_SURPRISE_5.wav,353324,6225f47498f424477ff565f2a03bf8d6c1dbca1f2b6a7ecaf7b81b2c4ba3c15e,M05,M,SURPRISE,6,S6,T5,
5145,subesco,M_05_DURANTO_S_7_ANGRY_1.wav,352300,a7cf5a1ac7aecc1434e8f9a4125fa5402b8994499e7a93155a602b9a1e135480,M05,M,ANGRY,0,S7,T1,
5146,subesco,M_05_DURANTO_S_7_ANGRY_2.wav,353324,e5b454b62466ddab1348b6dd3ce55e9aa888ca0e6ffcd901a7a255969358521d,M05,M,ANGRY,0,S7,T2,
5147,subesco,M_05_DURANTO_S_7_ANGRY_3.wav,354348,f50a8f268dfcb909ed440f090516cb5fd9746678ea0202752634bc904db8e219,M05,M,ANGRY,0,S7,T3,
5148,subesco,M_05_DURANTO_S_7_ANGRY_4.wav,352300,64a844f99aceb0f95f11b6c26745682fdd521db054851dbfe7670e483c8e2e10,M05,M,ANGRY,0,S7,T4,
5149,subesco,M_05_DURANTO_S_7_ANGRY_5.wav,354348,9ef64dfea4bf28515fb97585f1e3d0a369d383e930bbc6d189cd184994f1f839,M05,M,ANGRY,0,S7,T5,
5150,subesco,M_05_DURANTO_S_7_DISGUST_1.wav,354348,93f6cefce15683dc5d1e51c765115555c8586ce0174d7116072c80adb6e886ce,M05,M,DISGUST,1,S7,T1,
5151,subesco,M_05_DURANTO_S_7_DISGUST_2.wav,354348,d77140c3a7ea6756e55ab50412000cc2073b0bafec2d7b4a99fcd289af24d666,M05,M,DISGUST,1,S7,T2,
5152,subesco,M_05_DURANTO_S_7_DISGUST_3.wav,354348,e0c4f9dad312ed542f48293117f334534499afc1553f346e749502de36e8b77e,M05,M,DISGUST,1,S7,T3,
5153,subesco,M_05_DURANTO_S_7_DISGUST_4.wav,354348,5c71d1b7856427c2f24605aa0920565ce3700295492eea6aba94b601bd7521c8,M05,M,DISGUST,1,S7,T4,
5154,subesco,M_05_DURANTO_S_7_DISGUST_5.wav,354348,38c422158c1b0cfddc5b191fef41bc3878d4e9ef3cd087495784119c4dc5508e,M05,M,DISGUST,1,S7,T5,
5155,subesco,M_05_DURANTO_S_7_FEAR_1.wav,354348,ad5bba20f94db72d5b3cce259d33f5d71cb6c8a0fe4f187f001908719fa79896,M05,M,FEAR,2,S7,T1,
5156,subesco,M_05_DURANTO_S_7_FEAR_2.wav,353324,c25fdfa4c1a4e4b6c82fe7e667d988420246b9da2aee33af61c94f372bea82fc,M05,M,FEAR,2,S7,T2,
5157,subesco,M_05_DURANTO_S_7_FEAR_3.wav,353324,f7389cd32a11c950f1c52a42aaf7da1521d21c93074085c39337ea40288f5673,M05,M,FEAR,2,S7,T3,
5158,subesco,M_05_DURANTO_S_7_FEAR_4.wav,354348,cc4299a29cc35681a4571ecf9fbaa13bf804fae5a0c7361e065dbd976002b068,M05,M,FEAR,2,S7,T4,
5159,subesco,M_05_DURANTO_S_7_FEAR_5.wav,353324,f40659d6d8bc7f8c4f0e306dd249053a5d78446d9ca46a0dc8e326644f0870c0,M05,M,FEAR,2,S7,T5,
5160,subesco,M_05_DURANTO_S_7_HAPPY_1.wav,353324,6c986ff6e62847f7123ee4d86f9a0e3fdeda9b4356fcccbca249b3d90310d563,M05,M,HAPPY,3,S7,T1,
5161,subesco,M_05_DURANTO_S_7_HAPPY_2.wav,352300,0f33a3bc5a093f062b840a66804913456f09407a467ec52bdbb218a53e8d3c3c,M05,M,HAPPY,3,S7,T2,
5162,subesco,M_05_DURANTO_S_7_HAPPY_3.wav,354348,b8467941f6bdd548c14c437daa561e6039a8f831b09a24280e9ba2e2cb017676,M05,M,HAPPY,3,S7,T3,
5163,subesco,M_05_DURANTO_S_7_HAPPY_4.wav,354348,6ae5747b7b93084adac7d8a3f145284ffa23e49f4d1c7f3eeddd3c7a2b5a338b,M05,M,HAPPY,3,S7,T4,
5164,subesco,M_05_DURANTO_S_7_HAPPY_5.wav,354348,5fe44c49d5a32d25ccbaa9a1c671d719be58c6854cd127ef2ea382cf3c516868,M05,M,HAPPY,3,S7,T5,
5165,subesco,M_05_DURANTO_S_7_NEUTRAL_1.wav,354348,11c0a7c5d20a8fe22dc855781a88b8422a362c17076444b3635b1fb1352f528b,M05,M,NEUTRAL,4,S7,T1,
5166,subesco,M_05_DURANTO_S_7_NEUTRAL_2.wav,354348,80fe0c61f16b6f978a804737d983aa8c9b2a26c90f5229a677af173f4cc13a37,M05,M,NEUTRAL,4,S7,T2,
5167,subesco,M_05_DURANTO_S_7_NEUTRAL_3.wav,354348,4b3f1732205985f9c2022ad5db506b38bb5d0a6ec65ef38473f958752f543814,M05,M,NEUTRAL,4,S7,T3,
5168,subesco,M_05_DURANTO_S_7_NEUTRAL_4.wav,354348,a673c1a4acdd2872d91ed69900fef9136bb68fb19822c8ad9a4a07aca5765854,M05,M,NEUTRAL,4,S7,T4,
5169,subesco,M_05_DURANTO_S_7_NEUTRAL_5.wav,354348,cdbfa2e30639deb1a42932f5d923c1b7c920390ac60444897928f06e694213be,M05,M,NEUTRAL,4,S7,T5,
5170,subesco,M_05_DURANTO_S_7_SAD_1.wav,354348,f108b96ea37a104a65c4718b0167f0e12824763c804cc4e17e4042cb06c1d953,M05,M,SAD,5,S7,T1,
5171,subesco,M_05_DURANTO_S_7_SAD_2.wav,354348,3de0065ccd0c483b9501e0d35c57e1b7f76a1da44bcae95e493e6bd142b01579,M05,M,SAD,5,S7,T2,
5172,subesco,M_05_DURANTO_S_7_SAD_3.wav,353324,f9b515663f79c542cc73457f76496aa98ab2dd1922a0a39bb392727e28c6a37c,M05,M,SAD,5,S7,T3,
5173,subesco,M_05_DURANTO_S_7_SAD_4.wav,353324,6e1ec15c02719ec69517b60311274e301aac81b2ea67564ba7c6c2dd6e6ba92a,M05,M,SAD,5,S7,T4,
5174,subesco,M_05_DURANTO_S_7_SAD_5.wav,354348,d6aea78829c6f6a48478c0f367db0fff59fb7752c909f98a098589a88b8b966e,M05,M,SAD,5,S7,T5,
5175,subesco,M_05_DURANTO_S_7_SURPRISE_1.wav,354348,3edecf58642d001abbe2b54465608fa96331e7b533cb2db8e0300f7224f0f706,M05,M,SURPRISE,6,S7,T1,
5176,subesco,M_05_DURANTO_S_7_SURPRISE_2.wav,353324,552caad50844f74eac658ef0dfa7fb30fc91166d34ef823225f9d70b3c08da61,M05,M,SURPRISE,6,S7,T2,
5177,subesco,M_05_DURANTO_S_7_SURPRISE_3.wav,354348,fe4d64c4d200be8a8ebfa86c01c760a9df14980453fcb619fddb8e23bcdc81a0,M05,M,SURPRISE,6,S7,T3,
5178,subesco,M_05_DURANTO_S_7_SURPRISE_4.wav,354348,e084335c5f574787cff385d5f6f32275db90b3209667155f6167d31dcc31e2d5,M05,M,SURPRISE,6,S7,T4,
5179,subesco,M_05_DURANTO_S_7_SURPRISE_5.wav,353324,7db0dc3e48d9d17228c2e153e9cbf4672771a23abe9e74359657ed56340d2747,M05,M,SURPRISE,6,S7,T5,
5180,subesco,M_05_DURANTO_S_8_ANGRY_1.wav,354348,78c07bbf137a1f39d9e1d6017bfbf6453b2ba79f5a0eca3cc7a1abe667057aeb,M05,M,ANGRY,0,S8,T1,
5181,subesco,M_05_DURANTO_S_8_ANGRY_2.wav,353324,d73f20f48c7c068162d560e689c2abc54fee0d3604cac58e31be08d76470ccbc,M05,M,ANGRY,0,S8,T2,
5182,subesco,M_05_DURANTO_S_8_ANGRY_3.wav,354348,0ba41a823a1d6219501ce10bf33e1e281355de490e48aec35a1f8c6235513bdd,M05,M,ANGRY,0,S8,T3,
5183,subesco,M_05_DURANTO_S_8_ANGRY_4.wav,353324,3909e70405a45df91811cc7f6a891fd041419740dbabb28914a9c406c6142ba7,M05,M,ANGRY,0,S8,T4,
5184,subesco,M_05_DURANTO_S_8_ANGRY_5.wav,354348,76cf86777609672bb91c0f42b5c57599bc2a355a460d9e65a1464f663f92e142,M05,M,ANGRY,0,S8,T5,
5185,subesco,M_05_DURANTO_S_8_DISGUST_1.wav,353324,c378c66aef03d6662d9a1c007869670bc8fbd1bd04369f8f491d3eb311c506b1,M05,M,DISGUST,1,S8,T1,
5186,subesco,M_05_DURANTO_S_8_DISGUST_2.wav,354348,353880b6f4cce724e52d71e91db14c096851f3099db9e1c3a82e0f8131afc529,M05,M,DISGUST,1,S8,T2,
5187,subesco,M_05_DURANTO_S_8_DISGUST_3.wav,354348,f65df614228570a47b16843ae620a351b7a01bf460690e63389e23dddf14314f,M05,M,DISGUST,1,S8,T3,
5188,subesco,M_05_DURANTO_S_8_DISGUST_4.wav,354348,a813cc47e88bd79b3b2ed46a3999ed393a16bb21cdd8388b64684541bcf3dc11,M05,M,DISGUST,1,S8,T4,
5189,subesco,M_05_DURANTO_S_8_DISGUST_5.wav,354348,5ce6f5622d8d31835b30714d08628d001c6372f3f0f1918d276481c03c077422,M05,M,DISGUST,1,S8,T5,
5190,subesco,M_05_DURANTO_S_8_FEAR_1.wav,352300,3b70dd43fe5cec307daa6560173320732472ef1c6c6f0dfe126d491e9695449e,M05,M,FEAR,2,S8,T1,
5191,subesco,M_05_DURANTO_S_8_FEAR_2.wav,353324,14036c7da40f056ee9f6ba9d467395b8cda074d93c46ffc39d3612dd3158d8b0,M05,M,FEAR,2,S8,T2,
5192,subesco,M_05_DURANTO_S_8_FEAR_3.wav,353324,d4b43fe38e4dec2a733cfa399ce82d4ddb4a766997d160ee15a2028f6f96aaea,M05,M,FEAR,2,S8,T3,
5193,subesco,M_05_DURANTO_S_8_FEAR_4.wav,353324,46572297aec1325175ceda2ac887285ed47fb4cbc5f9dfd5938f591aff8df609,M05,M,FEAR,2,S8,T4,
5194,subesco,M_05_DURANTO_S_8_FEAR_5.wav,357420,bb4f6ef985d456e0a26471efb392e61a45110703adf2f24bdfea94b88cd31669,M05,M,FEAR,2,S8,T5,
5195,subesco,M_05_DURANTO_S_8_HAPPY_1.wav,354348,15ce2a219b94dd2edd25a0ca8c79ec561ac4dd79baf7cf8752f8019e3ea365e0,M05,M,HAPPY,3,S8,T1,
5196,subesco,M_05_DURANTO_S_8_HAPPY_2.wav,354348,4d66612749c503deb8faa78bd40f85a9cf83196eadc5d1e327a9dfd097dc14dd,M05,M,HAPPY,3,S8,T2,
5197,subesco,M_05_DURANTO_S_8_HAPPY_3.wav,354348,09666838a744a88f700fe62a36d5f60fce817fc4ce5d0936fbc25f2de6fef1b3,M05,M,HAPPY,3,S8,T3,
5198,subesco,M_05_DURANTO_S_8_HAPPY_4.wav,353324,f3820d16d277e9a3bd8d169269b03d7bfa6ece4a8bdde198507b7858a53add38,M05,M,HAPPY,3,S8,T4,
5199,subesco,M_05_DURANTO_S_8_HAPPY_5.wav,354348,fe29a5ea601039b2b584c67d2178c801df21e0e9eb183283291ea347a412f7ab,M05,M,HAPPY,3,S8,T5,
5200,subesco,M_05_DURANTO_S_8_NEUTRAL_1.wav,353324,97f4151d49e22d32be37ab34cd0e41f5ab776dbcce648c752ea4767279d1d60f,M05,M,NEUTRAL,4,S8,T1,
5201,subesco,M_05_DURANTO_S_8_NEUTRAL_2.wav,353324,f5e26c458e0bf064fe670782111cd40753a4be5bf2e848b00adfbcd6c67ae58a,M05,M,NEUTRAL,4,S8,T2,
5202,subesco,M_05_DURANTO_S_8_NEUTRAL_3.wav,354348,531f1beae8cfb6d345764804caffb8967b606deddfa2c5ceac5eb88554f168ac,M05,M,NEUTRAL,4,S8,T3,
5203,subesco,M_05_DURANTO_S_8_NEUTRAL_4.wav,353324,361caedfaa4eed37f6879e3bd12898469e6bcb91029b33a806babea131744661,M05,M,NEUTRAL,4,S8,T4,
5204,subesco,M_05_DURANTO_S_8_NEUTRAL_5.wav,354348,f7555a303a4167439f9ba7b866c4b8681d6c9ba8b0b7c4fe5f35e460014f4474,M05,M,NEUTRAL,4,S8,T5,
5205,subesco,M_05_DURANTO_S_8_SAD_1.wav,354348,88ab2f9c79be3886e0ee43baf65b7a5427483ba3001afbc91b93b92c592433ee,M05,M,SAD,5,S8,T1,
5206,subesco,M_05_DURANTO_S_8_SAD_2.wav,356908,4dd259c95b73a86246ca582caf0a81acdf5db93562335b90ef8bff7b78997a47,M05,M,SAD,5,S8,T2,
5207,subesco,M_05_DURANTO_S_8_SAD_3.wav,353324,5288fd4bf7c7af3968fb04c799299d83af7547238109a16fbf0fa538b8a50608,M05,M,SAD,5,S8,T3,
5208,subesco,M_05_DURANTO_S_8_SAD_4.wav,353324,b3abdc916c5132959ed75c6035b94bd127a9fdfd169189046858c8fc942015b6,M05,M,SAD,5,S8,T4,
5209,subesco,M_05_DURANTO_S_8_SAD_5.wav,353324,6eaaca674e65e8852c5e965b661468b80cc63a5cd31f4017aec86cbdce9b6bc5,M05,M,SAD,5,S8,T5,
5210,subesco,M_05_DURANTO_S_8_SURPRISE_1.wav,354348,4627fe3d917fbf729a5dceb8fb50549a3600bfb91c91aaa1ca919836a00d7180,M05,M,SURPRISE,6,S8,T1,
5211,subesco,M_05_DURANTO_S_8_SURPRISE_2.wav,353324,e7ffba36ff87b2631593869766125c79dee4637b6431734bf46d9b7802378781,M05,M,SURPRISE,6,S8,T2,
5212,subesco,M_05_DURANTO_S_8_SURPRISE_3.wav,354348,87b8d83975e0ec6ff43347112d28d38ea23ccac70961595e2bc45c790c1ddc3f,M05,M,SURPRISE,6,S8,T3,
5213,subesco,M_05_DURANTO_S_8_SURPRISE_4.wav,353324,aa1b44d3c67c1b5629015b49563d87b22ea10778b43b46c46e664a22527eb170,M05,M,SURPRISE,6,S8,T4,
5214,subesco,M_05_DURANTO_S_8_SURPRISE_5.wav,353324,64bf0821b64f52ca4d2b453e59b678509be35b4c827588a546de8104f08a35a3,M05,M,SURPRISE,6,S8,T5,
5215,subesco,M_05_DURANTO_S_9_ANGRY_1.wav,354348,00286195b2099a473e24f4ec8c3af8d58c59e439c2e2e4cc0961905986b4b3c0,M05,M,ANGRY,0,S9,T1,
5216,subesco,M_05_DURANTO_S_9_ANGRY_2.wav,353324,16c3ee273da3ba78fbd9f551f2e4c9058e2b2c47b0965193ed345f6b108a62df,M05,M,ANGRY,0,S9,T2,
5217,subesco,M_05_DURANTO_S_9_ANGRY_3.wav,354348,aed1a503bddf4a27c98b3c3311da5baa08959d7cdd942d723429e7de7a8c4dfd,M05,M,ANGRY,0,S9,T3,
5218,subesco,M_05_DURANTO_S_9_ANGRY_4.wav,352300,d1701f94b14453cd13b654a83a0c8dcc616e61e8b8c4bc30fdcc03d1aa7981c5,M05,M,ANGRY,0,S9,T4,
5219,subesco,M_05_DURANTO_S_9_ANGRY_5.wav,354348,45f3cd6358053fd0b77a80521022ee44aa431d37711a9d1705f2c328345d004c,M05,M,ANGRY,0,S9,T5,
5220,subesco,M_05_DURANTO_S_9_DISGUST_1.wav,353324,3ec5a687eabe66fa564457edf68a718da7546f32aa442cf8c48832365ac4370e,M05,M,DISGUST,1,S9,T1,
5221,subesco,M_05_DURANTO_S_9_DISGUST_2.wav,352300,eef19f66f76544ab722d1864e779486025aa41a2257ea605ed9c4724f7bb1c52,M05,M,DISGUST,1,S9,T2,
5222,subesco,M_05_DURANTO_S_9_DISGUST_3.wav,354348,ceb1d180ee7a2bc4f690e6602442596c9726c9bde2e2b67f3fabde677bd2556a,M05,M,DISGUST,1,S9,T3,
5223,subesco,M_05_DURANTO_S_9_DISGUST_4.wav,354348,20de46a88245804cf04ebdfc2cf14df4f89a0120fe857d4b6121538f680f5720,M05,M,DISGUST,1,S9,T4,
5224,subesco,M_05_DURANTO_S_9_DISGUST_5.wav,352300,679d307ae23590ac6ddaa7d673977471334468efc41eaa596889e16afc36a5d5,M05,M,DISGUST,1,S9,T5,
5225,subesco,M_05_DURANTO_S_9_FEAR_1.wav,352300,55be299b4ce3a14a24127a947d7bb76a7af233b408a51c18449887d2e4f5bae0,M05,M,FEAR,2,S9,T1,
5226,subesco,M_05_DURANTO_S_9_FEAR_2.wav,353324,91e782e3d30e23cb2287fc7f50c14e97873354ae6c5ad6346183726686d0ae5c,M05,M,FEAR,2,S9,T2,
5227,subesco,M_05_DURANTO_S_9_FEAR_3.wav,353324,1eb74602e9ee96ee911248dcc65ae39e22aa023326abaeea7b215f38ca1c9edb,M05,M,FEAR,2,S9,T3,
5228,subesco,M_05_DURANTO_S_9_FEAR_4.wav,353324,7316c793c4dc3ec835254c60452a94b2da22f58593d6a5e6739d4ec161e1b8d4,M05,M,FEAR,2,S9,T4,
5229,subesco,M_05_DURANTO_S_9_FEAR_5.wav,354348,67633fcfc44db5e0862d11863701f077686b33e5f881916df028f76305e63718,M05,M,FEAR,2,S9,T5,
5230,subesco,M_05_DURANTO_S_9_HAPPY_1.wav,352300,ffcc4d13c91cd8e0546952a23dab9bff79bd54ea1aa6d2e3687df84da55620f3,M05,M,HAPPY,3,S9,T1,
5231,subesco,M_05_DURANTO_S_9_HAPPY_2.wav,353324,c431f7c8a4854aeba6c395760fe23b7e99859df06cc8510b0e94f466dd98690f,M05,M,HAPPY,3,S9,T2,
5232,subesco,M_05_DURANTO_S_9_HAPPY_3.wav,353324,3a3d2ef2899dab57ebc81b6785cd7bd784ac0aed6a4850bd2dd54fe1a39fdf1f,M05,M,HAPPY,3,S9,T3,
5233,subesco,M_05_DURANTO_S_9_HAPPY_4.wav,355372,4ea99b03bd3bcfb0dd8a1018f663d47e421ab322457972bb8bc5801837ab1b05,M05,M,HAPPY,3,S9,T4,
5234,subesco,M_05_DURANTO_S_9_HAPPY_5.wav,353324,1a06f863e291ac8fcbb5905b3924924e9d388e51bd569c6d7c87a058e4d95dcc,M05,M,HAPPY,3,S9,T5,
5235,subesco,M_05_DURANTO_S_9_NEUTRAL_1.wav,353324,1ec494a5a5e12f9e1229baa331416ee5f6cb6e2ca1115567ca83caaaa14748c5,M05,M,NEUTRAL,4,S9,T1,
5236,subesco,M_05_DURANTO_S_9_NEUTRAL_2.wav,353324,752381887ab352df5a0950a9a5aec85dc5b33263ae2d1ae5ad59538d47d792ec,M05,M,NEUTRAL,4,S9,T2,
5237,subesco,M_05_DURANTO_S_9_NEUTRAL_3.wav,353324,3ef0bfef066f19ac280cbe38b658e17f858dfa19adfc3eb7b2d1cffbd2c2c2da,M05,M,NEUTRAL,4,S9,T3,
5238,subesco,M_05_DURANTO_S_9_NEUTRAL_4.wav,356706,435b9144dfbfb60dec04fe1672e7702386acf123d485a3f550a7d18511ab8a69,M05,M,NEUTRAL,4,S9,T4,
5239,subesco,M_05_DURANTO_S_9_NEUTRAL_5.wav,354348,2997419c784ef11b8ab08c95024d932d748ab5e65546c3d46268fd1671f59645,M05,M,NEUTRAL,4,S9,T5,
5240,subesco,M_05_DURANTO_S_9_SAD_1.wav,354348,4fa301b1fba09bb00ff38fad21b795fdfac5b2a3d62c4b9fc4dc02c02ec8ddd9,M05,M,SAD,5,S9,T1,
5241,subesco,M_05_DURANTO_S_9_SAD_2.wav,354348,314f5696f6a4b455b4345e446dfca4c626b869f57cf391f0422e55f0ce7e6a83,M05,M,SAD,5,S9,T2,
5242,subesco,M_05_DURANTO_S_9_SAD_3.wav,354348,863642d79e0706af3a2c1f4e87e438d25e0ef86cc0e0be2e5e396987bdde342b,M05,M,SAD,5,S9,T3,
5243,subesco,M_05_DURANTO_S_9_SAD_4.wav,354348,5ca8f91c62f2d245749045ecbf5ad53118e88e82b613b6851aec003c73124e99,M05,M,SAD,5,S9,T4,
5244,subesco,M_05_DURANTO_S_9_SAD_5.wav,353324,0643acf608d51d4ec4a70047a217090505df5bb285abdc2132e2af322d487571,M05,M,SAD,5,S9,T5,
5245,subesco,M_05_DURANTO_S_9_SURPRISE_1.wav,354348,1b544b3ec6c46b30e0a5fb6bc6464e79577faa36343f269b3371c3d2997f2b28,M05,M,SURPRISE,6,S9,T1,
5246,subesco,M_05_DURANTO_S_9_SURPRISE_2.wav,353324,08e636c86af730e171e187dde35cb6d952aba51990168986800511f16ab631e1,M05,M,SURPRISE,6,S9,T2,
5247,subesco,M_05_DURANTO_S_9_SURPRISE_3.wav,354348,5e3d46f2099f0a42df800b045ff864d4aac4f14c88e0bc764bbdf50dc1735c08,M05,M,SURPRISE,6,S9,T3,
5248,subesco,M_05_DURANTO_S_9_SURPRISE_4.wav,354348,024da2ba3112fa5e1336ceb37945d0cc05707b4e84ce3b47ffa7f28d3dd99fdb,M05,M,SURPRISE,6,S9,T4,
5249,subesco,M_05_DURANTO_S_9_SURPRISE_5.wav,351276,179895a8bf914e08526fbc8bbd366ee4be54001d03e5e060ae1565ebdafc2c7e,M05,M,SURPRISE,6,S9,T5,
5250,subesco,M_06_SHUKANTO_S_10_ANGRY_1.wav,384566,baacf1df17d91c1838dab3da07e545b28113c97c5e502ef2790feb0d06e2fc4d,M06,M,ANGRY,0,S10,T1,
5251,subesco,M_06_SHUKANTO_S_10_ANGRY_2.wav,386796,2eaf4212a4af737d89e551bc1df12f800fdfb7d850f38b2f90769da7f091c336,M06,M,ANGRY,0,S10,T2,
5252,subesco,M_06_SHUKANTO_S_10_ANGRY_3.wav,386796,1310c25de4d57a0bc7d234809db024d278308222a6bd8fb47ba8eef84a5644fb,M06,M,ANGRY,0,S10,T3,
5253,subesco,M_06_SHUKANTO_S_10_ANGRY_4.wav,386796,ecd0e33aeb401a219cb07c9c27c735728f196da18231bbf1a91d2fe51fa2c0bc,M06,M,ANGRY,0,S10,T4,
5254,subesco,M_06_SHUKANTO_S_10_ANGRY_5.wav,386796,b95abe34f7ac2f984809a07673d2633d098d085656e9569e26d1a3230755f152,M06,M,ANGRY,0,S10,T5,
5255,subesco,M_06_SHUKANTO_S_10_DISGUST_1.wav,385682,e21f5580d7a732f1eafac7abf0ddebb3b9fc934256da4aedf1fb758bfa46a97d,M06,M,DISGUST,1,S10,T1,
5256,subesco,M_06_SHUKANTO_S_10_DISGUST_2.wav,385682,966404383bbc60289aa78c8bfde4e29c2e64afbc75f3a657c384556b3734d3eb,M06,M,DISGUST,1,S10,T2,
5257,subesco,M_06_SHUKANTO_S_10_DISGUST_3.wav,385682,9c94647f747e0b6bafe8a4ce4e99ef84da65939a7ba72fcb68601f0d13a73976,M06,M,DISGUST,1,S10,T3,
5258,subesco,M_06_SHUKANTO_S_10_DISGUST_4.wav,386796,a2e9e9450a08bf4ac57cffd860f07a222909c2454ea58f887935e47a87b0e088,M06,M,DISGUST,1,S10,T4,
5259,subesco,M_06_SHUKANTO_S_10_DISGUST_5.wav,384566,015a8d89845a5aab836b833652c5b9d011b47d93acfdd3363fcee44bc33c08e6,M06,M,DISGUST,1,S10,T5,
5260,subesco,M_06_SHUKANTO_S_10_FEAR_1.wav,771320,92db6769ad4191acac4aa00f264197c473db816cc056a8546bd6aaa6a36f2c06,M06,M,FEAR,2,S10,T1,
5261,subesco,M_06_SHUKANTO_S_10_FEAR_2.wav,769088,28831b2cfab3bff9a25146355cc2a16ec0f22da05f29c795fa696507852e2fa6,M06,M,FEAR,2,S10,T2,
5262,subesco,M_06_SHUKANTO_S_10_FEAR_3.wav,771320,4582f9cf3eb965bd8ad036a102f70db08d3807f0123900a4b44dcf0d46e29b6f,M06,M,FEAR,2,S10,T3,
5263,subesco,M_06_SHUKANTO_S_10_FEAR_4.wav,771320,ce532017c1672df4bc7a100590b83e2f82167b5c4c81489f22210e9091e99871,M06,M,FEAR,2,S10,T4,
5264,subesco,M_06_SHUKANTO_S_10_FEAR_5.wav,773548,2de3d7edc68574a56cddc4b50d8dde6f96358f13b836a0fd3e5cc11e0cb2ba8d,M06,M,FEAR,2,S10,T5,
5265,subesco,M_06_SHUKANTO_S_10_HAPPY_1.wav,385682,278f548bf0076bf5bb04b03efc065069e7dc764cb2b62a02fa1aa0403f6cb2e8,M06,M,HAPPY,3,S10,T1,
5266,subesco,M_06_SHUKANTO_S_10_HAPPY_2.wav,386796,98543439ef509f20133ddd073233c946a0beb99c73c1ba7e6ce645fa40f982fd,M06,M,HAPPY,3,S10,T2,
5267,subesco,M_06_SHUKANTO_S_10_HAPPY_3.wav,384566,c13ce701b51ed242cbb024b7118458006fb56db6823b6d0599cbbecc4c60844e,M06,M,HAPPY,3,S10,T3,
5268,subesco,M_06_SHUKANTO_S_10_HAPPY_4.wav,386796,9286aeaa31aeaafda3a9cdb93e1df7f30ecf2f16030debfb63b88844b2656ba4,M06,M,HAPPY,3,S10,T4,
5269,subesco,M_06_SHUKANTO_S_10_HAPPY_5.wav,386796,16325cf75ea5f5fede882be162cced2d5c7a0f24ced114a813a8a61a58ac5134,M06,M,HAPPY,3,S10,T5,
5270,subesco,M_06_SHUKANTO_S_10_NEUTRAL_1.wav,386796,a9f8fa4414708e136c07538364e2176c9b4144139fa7ae47a714c526f33955b1,M06,M,NEUTRAL,4,S10,T1,
5271,subesco,M_06_SHUKANTO_S_10_NEUTRAL_2.wav,386796,0a0f48c1bba09b70975ff3d46c5d521a80467c2a843dbcbe43cd3d19ca33d2b1,M06,M,NEUTRAL,4,S10,T2,
5272,subesco,M_06_SHUKANTO_S_10_NEUTRAL_3.wav,386796,2dfaff7018e3e76a56c57af875110b772a1c0a37affc4e72f1863ce88e2c17cc,M06,M,NEUTRAL,4,S10,T3,
5273,subesco,M_06_SHUKANTO_S_10_NEUTRAL_4.wav,386796,7e5583eef9942a972d994f78334fc5d47ed7440e8171c56c5a6bafeb7c480f06,M06,M,NEUTRAL,4,S10,T4,
5274,subesco,M_06_SHUKANTO_S_10_NEUTRAL_5.wav,386796,9e7190759dfc4d7123402c8d971688e4267ad873da7408944983d6a254fad857,M06,M,NEUTRAL,4,S10,T5,
5275,subesco,M_06_SHUKANTO_S_10_SAD_1.wav,385682,35a693c82928b4de01b31da9830002207d37086a1223beb1bb61bc1186d95f8e,M06,M,SAD,5,S10,T1,
5276,subesco,M_06_SHUKANTO_S_10_SAD_2.wav,385682,540fe99a6e627128a52b24ef85d1cca6353bbc2c063a98fd6fdf5581f97db30d,M06,M,SAD,5,S10,T2,
5277,subesco,M_06_SHUKANTO_S_10_SAD_3.wav,386796,fcf45baf1162da9a33ccba6a4a9d7c3d40021db1b3ef223c67eecdc7d37c81e4,M06,M,SAD,5,S10,T3,
5278,subesco,M_06_SHUKANTO_S_10_SAD_4.wav,387910,4a91bd171d5488ebaf1aba2870bfea160b780cd71fceac09bad7eccff4b7efa4,M06,M,SAD,5,S10,T4,
5279,subesco,M_06_SHUKANTO_S_10_SAD_5.wav,386796,0737da984e8c26de71b4d72be040e4b2722de62bb99309aaa389d84db4386760,M06,M,SAD,5,S10,T5,
5280,subesco,M_06_SHUKANTO_S_10_SURPRISE_1.wav,386796,508e6ba53301115af3986f2a04d236baeed15b2dbfee8a62a2e0d68f0329ad8f,M06,M,SURPRISE,6,S10,T1,
5281,subesco,M_06_SHUKANTO_S_10_SURPRISE_2.wav,385682,5d3fe7b512ffe9738308486c4eee033432c67dfdfd9a4355dc908490b9a07bba,M06,M,SURPRISE,6,S10,T2,
5282,subesco,M_06_SHUKANTO_S_10_SURPRISE_3.wav,386796,792e49e5a2ecafb66020bc9e6db5717ec3564edea284ae32cae70716c198b79a,M06,M,SURPRISE,6,S10,T3,
5283,subesco,M_06_SHUKANTO_S_10_SURPRISE_4.wav,386796,43cd643f0b344c3789fbf0c3f14850c858abdc235fb1d280ed20ca65d676c4fd,M06,M,SURPRISE,6,S10,T4,
5284,subesco,M_06_SHUKANTO_S_10_SURPRISE_5.wav,385682,48ecc12b9c881abfc3a9afa030f1554c2ac60e16420162ea48d9c68282f2200d,M06,M,SURPRISE,6,S10,T5,
5285,subesco,M_06_SHUKANTO_S_1_ANGRY_1.wav,386796,9cf8c7b4447288e2c3ab9be9611ba15ddd374df00c873953074fbbb2b1c24d69,M06,M,ANGRY,0,S1,T1,
5286,subesco,M_06_SHUKANTO_S_1_ANGRY_2.wav,385682,52334e065c865310688d0f3b3df585e21fd6b63cc077d0a6b1801a8ba07b854a,M06,M,ANGRY,0,S1,T2,
5287,subesco,M_06_SHUKANTO_S_1_ANGRY_3.wav,386796,e75764bb6cde4b284929da22c6d1af6318445bc0d127b64c3dbcf9bdab26fb6b,M06,M,ANGRY,0,S1,T3,
5288,subesco,M_06_SHUKANTO_S_1_ANGRY_4.wav,385682,cb5fbff822a4ca344cb0a7d385fcd0da75c23495e4841e6d2accbfb1d2ec6ca9,M06,M,ANGRY,0,S1,T4,
5289,subesco,M_06_SHUKANTO_S_1_ANGRY_5.wav,385682,2c39187147f80f03d4bc2fdb298d814de72e0ac5c47bb7aab01913d15f499264,M06,M,ANGRY,0,S1,T5,
5290,subesco,M_06_SHUKANTO_S_1_DISGUST_1.wav,386796,74d3b54e30af1cdf6ba5af30a196e3b38a9004541ca25fed24837303c1ef60c7,M06,M,DISGUST,1,S1,T1,
5291,subesco,M_06_SHUKANTO_S_1_DISGUST_2.wav,385682,9966ee39bcbf7cc0070dad4f1d124bd1056368cc8db04bfd1ea9160847964be1,M06,M,DISGUST,1,S1,T2,
5292,subesco,M_06_SHUKANTO_S_1_DISGUST_3.wav,385682,1794a6f445ed44b32d182c263a3c79d4c7aad3d0a4004f3b6a1d71a3f9da0085,M06,M,DISGUST,1,S1,T3,
5293,subesco,M_06_SHUKANTO_S_1_DISGUST_4.wav,386796,71a463d1ef25e7b2ba9554dc33035b8e1bd801caa33c8544da3c07e7fb0de5f1,M06,M,DISGUST,1,S1,T4,
5294,subesco,M_06_SHUKANTO_S_1_DISGUST_5.wav,385682,7d8a6ce3fc2d593a3bac77b7edbb5af843eda04841b70a3994e9d6e986a82d6f,M06,M,DISGUST,1,S1,T5,
5295,subesco,M_06_SHUKANTO_S_1_FEAR_1.wav,769088,e4de5d147fba88e0f6cad99f02f1dee08c2c1ba70ee7cdf095d99ccfd1620f57,M06,M,FEAR,2,S1,T1,
5296,subesco,M_06_SHUKANTO_S_1_FEAR_2.wav,771320,69cdb36a92a025ee712116b777e70fe787983e486b7b818dd0103e57f78a66fe,M06,M,FEAR,2,S1,T2,
5297,subesco,M_06_SHUKANTO_S_1_FEAR_3.wav,773548,68013d20c74038c2a86440b8c1144cd59ebd9ffee8f8b9b653482a3aac145f37,M06,M,FEAR,2,S1,T3,
5298,subesco,M_06_SHUKANTO_S_1_FEAR_4.wav,773548,2cc380f43c13a6f9a81f8af0b5bd3cf391fd466c98f1a29d7de56a4bce46e215,M06,M,FEAR,2,S1,T4,
5299,subesco,M_06_SHUKANTO_S_1_FEAR_5.wav,773548,fe66b26a151a564bfa840b97aea1c55d1f6687d736c9f3a87afa5cc4e3b0e04f,M06,M,FEAR,2,S1,T5,
5300,subesco,M_06_SHUKANTO_S_1_HAPPY_1.wav,385682,bbe79dc313f81f581d09ababa0a353d28185c2cf09bb87c33a60f27d0057e2da,M06,M,HAPPY,3,S1,T1,
5301,subesco,M_06_SHUKANTO_S_1_HAPPY_2.wav,385682,1f8e8ac811d573a3bf7eb0b37e7f6c8d1c3b29ed6324722b8d920ddd633afd63,M06,M,HAPPY,3,S1,T2,
5302,subesco,M_06_SHUKANTO_S_1_HAPPY_3.wav,387910,45a312a51f3b79fab45846b78748b9e6081f4a212ae7d4a6ef677f7b5664c871,M06,M,HAPPY,3,S1,T3,
5303,subesco,M_06_SHUKANTO_S_1_HAPPY_4.wav,384566,843993472bbce4cc250b94aec4c6ebc617e69db71fc639012dcc37553b609b84,M06,M,HAPPY,3,S1,T4,
5304,subesco,M_06_SHUKANTO_S_1_HAPPY_5.wav,385682,e7892a667be6805b4a84e2b0494f46fb860abdca258e5aecbdd5ed2d2222b481,M06,M,HAPPY,3,S1,T5,
5305,subesco,M_06_SHUKANTO_S_1_NEUTRAL_1.wav,385682,94e17d12d6fc7850f05c1c1a55fff618a4f981507bd7aaa8a72535df511250de,M06,M,NEUTRAL,4,S1,T1,
5306,subesco,M_06_SHUKANTO_S_1_NEUTRAL_2.wav,386796,b014729cbf73fc50454ee28e0ff7248516077facc5599dfe483bfdca1bb8e1aa,M06,M,NEUTRAL,4,S1,T2,
5307,subesco,M_06_SHUKANTO_S_1_NEUTRAL_3.wav,386796,1d1c1112d24072f9f485ead7b10e703a2ef281633eaa9e1d361a423ca674a243,M06,M,NEUTRAL,4,S1,T3,
5308,subesco,M_06_SHUKANTO_S_1_NEUTRAL_4.wav,385682,e714e32f33562c9beda9f9ede44cfdbdcd6f91704dc6be8fa3c708492ee4507d,M06,M,NEUTRAL,4,S1,T4,
5309,subesco,M_06_SHUKANTO_S_1_NEUTRAL_5.wav,385682,e3f19608c50f5a1752d40e7015b45509d0934db34f0dcbe088357784d2907191,M06,M,NEUTRAL,4,S1,T5,
5310,subesco,M_06_SHUKANTO_S_1_SAD_1.wav,386796,a87a3339ed682f6a0aba3a54e0cd4afcb1c67d9f8ea78f05f74a92a485005089,M06,M,SAD,5,S1,T1,
5311,subesco,M_06_SHUKANTO_S_1_SAD_2.wav,385682,3e4c822b81232118f79deae5c49260465d2c792c608ab67ebedd8fe82ab60a9f,M06,M,SAD,5,S1,T2,
5312,subesco,M_06_SHUKANTO_S_1_SAD_3.wav,386796,085dd674c1f8547d98609cb17b1d38804ef3f5e747110eb683c6197d2c7c3345,M06,M,SAD,5,S1,T3,
5313,subesco,M_06_SHUKANTO_S_1_SAD_4.wav,385682,fbc17ec7d7bfb175d95bef99bfc702c6ed7abf68c8f10fc8302bcf8df9d5b73c,M06,M,SAD,5,S1,T4,
5314,subesco,M_06_SHUKANTO_S_1_SAD_5.wav,384566,cfce76326948e1d660d4f6daeee134393e074daa5b57c42ea227c5675cb9bcd4,M06,M,SAD,5,S1,T5,
5315,subesco,M_06_SHUKANTO_S_1_SURPRISE_1.wav,386796,4495a902fa8269f2f2671d4c7b7b8df33c033dd6a2f2a8068ddbd0a1703ee4fa,M06,M,SURPRISE,6,S1,T1,
5316,subesco,M_06_SHUKANTO_S_1_SURPRISE_2.wav,385682,e7315bd847b0559c6d734054c9af77a8de96415f2ffcbaeec70548cac3f0c767,M06,M,SURPRISE,6,S1,T2,
5317,subesco,M_06_SHUKANTO_S_1_SURPRISE_3.wav,386796,35c7dab4d37076c58131a44dbab21bc58f9bec15ba446b6dceeda5848a42c08b,M06,M,SURPRISE,6,S1,T3,
5318,subesco,M_06_SHUKANTO_S_1_SURPRISE_4.wav,386796,dbcf6917cf0d480c49ed4082ed1451f4938d46526381c525571872a2e308e428,M06,M,SURPRISE,6,S1,T4,
5319,subesco,M_06_SHUKANTO_S_1_SURPRISE_5.wav,386796,fa0dda3bec34d53762f739bf2ebbb6c115c5e874e190eacda035875337393dcb,M06,M,SURPRISE,6,S1,T5,
5320,subesco,M_06_SHUKANTO_S_2_ANGRY_1.wav,386796,c5d5193d60feeaa574f632e1c71e625246527bffccf1295c53f07cb9309dbab5,M06,M,ANGRY,0,S2,T1,
5321,subesco,M_06_SHUKANTO_S_2_ANGRY_2.wav,385682,368a898db4a2830365ede8fbc572a2bb52b0cb15a7845578c180aaf9976c8a12,M06,M,ANGRY,0,S2,T2,
5322,subesco,M_06_SHUKANTO_S_2_ANGRY_3.wav,385682,cc47504a5319c5ed890c581b4447cdd04a8820f82b2918f76b9a92f214baf409,M06,M,ANGRY,0,S2,T3,
5323,subesco,M_06_SHUKANTO_S_2_ANGRY_4.wav,385682,7a385c8d6834654fc196eb4e4f2086ffeaaddb7ed2cf4fff541cce0070ce37cd,M06,M,ANGRY,0,S2,T4,
5324,subesco,M_06_SHUKANTO_S_2_ANGRY_5.wav,386796,f0339dea16fb6f35e5e182a23fda5423921ab0e13494aa36ade61ca8fad8ea27,M06,M,ANGRY,0,S2,T5,
5325,subesco,M_06_SHUKANTO_S_2_DISGUST_1.wav,384566,d01d4837e0ccf9957bbb07d85445ff0cf1748957cdcde800b038eee298bf79dc,M06,M,DISGUST,1,S2,T1,
5326,subesco,M_06_SHUKANTO_S_2_DISGUST_2.wav,385682,4e48d260194be9c17822e38a752532af2e319f699bdce407d4a7906bfd7193f1,M06,M,DISGUST,1,S2,T2,
5327,subesco,M_06_SHUKANTO_S_2_DISGUST_3.wav,385682,10ba2ec093bde48e0dc4cdcb9ad9491f99e3c1889d55767c4ff08da1c0b73b4a,M06,M,DISGUST,1,S2,T3,
5328,subesco,M_06_SHUKANTO_S_2_DISGUST_4.wav,386796,7d5683d99b96b8b93132192d54b9ec3ddc4dcf69c6ae91d6463defb29aec386b,M06,M,DISGUST,1,S2,T4,
5329,subesco,M_06_SHUKANTO_S_2_DISGUST_5.wav,385682,ccdcf1eae6382373ed3ea90cefb6c59a08b387a7ef467771b376c7618dca3259,M06,M,DISGUST,1,S2,T5,
5330,subesco,M_06_SHUKANTO_S_2_FEAR_1.wav,773548,6c1813f5ab35fef735cfaf8ff2ed78169efc150c26b9324a20e65b8b5882ca9d,M06,M,FEAR,2,S2,T1,
5331,subesco,M_06_SHUKANTO_S_2_FEAR_2.wav,771320,568ee0e88f9a40feb569b947788f87b37bec2d63784f53f5ada2f4622bbca05f,M06,M,FEAR,2,S2,T2,
5332,subesco,M_06_SHUKANTO_S_2_FEAR_3.wav,773548,51687f1b87a8acb9644e18f1469588f4f402e65978163518b583b767c88f9b58,M06,M,FEAR,2,S2,T3,
5333,subesco,M_06_SHUKANTO_S_2_FEAR_4.wav,769088,6c6654dc303648679057f2dffc5580902969863d3b0b65ddc17f1a38247268b8,M06,M,FEAR,2,S2,T4,
5334,subesco,M_06_SHUKANTO_S_2_FEAR_5.wav,771320,479a4ef1312a2762f46f8c9498a4bffa38067ed895110ca9cdad9409a69aea4c,M06,M,FEAR,2,S2,T5,
5335,subesco,M_06_SHUKANTO_S_2_HAPPY_1.wav,384566,91752f857ff4f8e5d92e98bbe4d6417b7ca686ac2e563a9cb4644411e8b4ce0b,M06,M,HAPPY,3,S2,T1,
5336,subesco,M_06_SHUKANTO_S_2_HAPPY_2.wav,386796,bcfe646060de782a164d5a1b71e6b29e8624863718c5a78907c0deaee0b8b327,M06,M,HAPPY,3,S2,T2,
5337,subesco,M_06_SHUKANTO_S_2_HAPPY_3.wav,387910,25605257217f6b20637892ad480f2bae2d1df3a636bac468ba5c282e73a84402,M06,M,HAPPY,3,S2,T3,
5338,subesco,M_06_SHUKANTO_S_2_HAPPY_4.wav,383452,de8fefdf7d96a67c43f17a9926c6d8ad21ff3bfd445db3ffedff78fa27da43f0,M06,M,HAPPY,3,S2,T4,
5339,subesco,M_06_SHUKANTO_S_2_HAPPY_5.wav,386796,4069530425a228ce72fee61a346204bff16051444b18ffe5add55744f60d546a,M06,M,HAPPY,3,S2,T5,
5340,subesco,M_06_SHUKANTO_S_2_NEUTRAL_1.wav,385682,34ec83f9f0ae3347def732a2b383e80ae60a10ffb85baeb76bc9a33726a35246,M06,M,NEUTRAL,4,S2,T1,
5341,subesco,M_06_SHUKANTO_S_2_NEUTRAL_2.wav,384566,e93c3db61c3fcd58e078bde40b3e6ef3d618718911499f64bb69af0695d649b2,M06,M,NEUTRAL,4,S2,T2,
5342,subesco,M_06_SHUKANTO_S_2_NEUTRAL_3.wav,385682,cd1f297f8438047f2a2d63f04e0bfb9377c97fd9218a1ca41280b71441d5dfc5,M06,M,NEUTRAL,4,S2,T3,
5343,subesco,M_06_SHUKANTO_S_2_NEUTRAL_4.wav,385682,204f8fc0bcfb220a0cd25386b6925bf682cffc277e3c5147936ea83b70a3565e,M06,M,NEUTRAL,4,S2,T4,
5344,subesco,M_06_SHUKANTO_S_2_NEUTRAL_5.wav,385682,6f7349fbc422703353d544b72041e0f148374b3f56efb4c1e47a88565abdd804,M06,M,NEUTRAL,4,S2,T5,
5345,subesco,M_06_SHUKANTO_S_2_SAD_1.wav,384566,ffa68c9a26035d42b0832674c0aba9d876881c0eacfcb1bce7f4d1e44fab090c,M06,M,SAD,5,S2,T1,
5346,subesco,M_06_SHUKANTO_S_2_SAD_2.wav,384566,f752e770ba775ff7e09ac8740b0a3997ac523ffcdcce95e241db562b48594ba4,M06,M,SAD,5,S2,T2,
5347,subesco,M_06_SHUKANTO_S_2_SAD_3.wav,385682,c95267c9dc4ee112bcbcc3f962764444ca49bed6ee99e7a02d436a3a6099db03,M06,M,SAD,5,S2,T3,
5348,subesco,M_06_SHUKANTO_S_2_SAD_4.wav,386796,f13f8c71fc8d6ab3ca9633e862c12cb44e2b5875b362ede371b2607e202c1670,M06,M,SAD,5,S2,T4,
5349,subesco,M_06_SHUKANTO_S_2_SAD_5.wav,384566,98772c09842c287592479fee673d920b579519f29e30d5affcd98281cefa6781,M06,M,SAD,5,S2,T5,
5350,subesco,M_06_SHUKANTO_S_2_SURPRISE_1.wav,385682,87807dfca0bc024c6e5bcc73d2f6e75f5bdd853413e58e3dde398498f9d6bdd5,M06,M,SURPRISE,6,S2,T1,
5351,subesco,M_06_SHUKANTO_S_2_SURPRISE_2.wav,385682,5e19d8ef33d30fd03fa1865187d845097deaa7cb3dfe75afbe5807594326f2ea,M06,M,SURPRISE,6,S2,T2,
5352,subesco,M_06_SHUKANTO_S_2_SURPRISE_3.wav,385682,5483c9dac5a26c611a3970d489b8e187e4b6b89ac4c0f61558682b62b143839b,M06,M,SURPRISE,6,S2,T3,
5353,subesco,M_06_SHUKANTO_S_2_SURPRISE_4.wav,385682,e84e6030eba5763a806196ba10c5f72a6b02a515b1c54f3dd46a2e250f40a3ce,M06,M,SURPRISE,6,S2,T4,
5354,subesco,M_06_SHUKANTO_S_2_SURPRISE_5.wav,386796,3feab42ea4d1bb23dabde4211fc9474dd0c5fa138264c3cf5b95943487ee98e4,M06,M,SURPRISE,6,S2,T5,
5355,subesco,M_06_SHUKANTO_S_3_ANGRY_1.wav,385682,a50491c8c372a1097807260259d52733272a2aa50c0f2b5512d6d2a0475462d5,M06,M,ANGRY,0,S3,T1,
5356,subesco,M_06_SHUKANTO_S_3_ANGRY_2.wav,386796,2c90996a4d04e96b8d4d33f23e832f9bb7a47763225acf8bb3a37a69168047a3,M06,M,ANGRY,0,S3,T2,
5357,subesco,M_06_SHUKANTO_S_3_ANGRY_3.wav,386796,4c13168c2a7e7fc08ebc82a3a4df4ead3c79e7901444a8969904bcb8e09fffae,M06,M,ANGRY,0,S3,T3,
5358,subesco,M_06_SHUKANTO_S_3_ANGRY_4.wav,385682,c275704cd6bc76a2ee86029af73aad76815fe756eaf20e112b7337eafd0afe3c,M06,M,ANGRY,0,S3,T4,
5359,subesco,M_06_SHUKANTO_S_3_ANGRY_5.wav,385682,81f29a334b8bf96af18aa9642b992edc0aa0f30a485447189b6a480022b44ec0,M06,M,ANGRY,0,S3,T5,
5360,subesco,M_06_SHUKANTO_S_3_DISGUST_1.wav,385682,9cfbbd10f7b9f29f6d6f66394a36dc2324fc8509a452f1515edaf1034a860758,M06,M,DISGUST,1,S3,T1,
5361,subesco,M_06_SHUKANTO_S_3_DISGUST_2.wav,386796,ee6a7b1461857c92a244f0d4ed9bfb96b06ed6076f109bd7c4213a40dc7f10e8,M06,M,DISGUST,1,S3,T2,
5362,subesco,M_06_SHUKANTO_S_3_DISGUST_3.wav,385682,3cd14d97f06c35a800b265ae17822346e9887d9b590bd5573cffebed58fc59c3,M06,M,DISGUST,1,S3,T3,
5363,subesco,M_06_SHUKANTO_S_3_DISGUST_4.wav,384566,53e56782fd12163bda0a3c1e04a8cb4de46c02d3f3fee59c8fca46ca25030be4,M06,M,DISGUST,1,S3,T4,
5364,subesco,M_06_SHUKANTO_S_3_DISGUST_5.wav,386796,14cbf3fd3494a848db2db78b47bcb6fef5d2393e4d92ac14af3faaaad014c96c,M06,M,DISGUST,1,S3,T5,
5365,subesco,M_06_SHUKANTO_S_3_FEAR_1.wav,771320,36173bcb923d471f078ac64eefe25a2cc0d55d49886586b596c5f0a3aa1ab52d,M06,M,FEAR,2,S3,T1,
5366,subesco,M_06_SHUKANTO_S_3_FEAR_2.wav,771320,23bc2bb9dd261db6d42e18d328347b9462aa6c03cb108fec8fc03445644318ae,M06,M,FEAR,2,S3,T2,
5367,subesco,M_06_SHUKANTO_S_3_FEAR_3.wav,771320,7bd2a835016a695d6775bd3e13f8b35b2f025529ab3f1d1327559540e422f2ae,M06,M,FEAR,2,S3,T3,
5368,subesco,M_06_SHUKANTO_S_3_FEAR_4.wav,773548,ff177d11d6d4c1282f577d57c9775d476cdbe056cf738e870fd5f21a7af7fb30,M06,M,FEAR,2,S3,T4,
5369,subesco,M_06_SHUKANTO_S_3_FEAR_5.wav,771320,cbb6abd0ae1b654a52c7ce406a5ccffcb13a0458d4f2069ac41e48b13833f26c,M06,M,FEAR,2,S3,T5,
5370,subesco,M_06_SHUKANTO_S_3_HAPPY_1.wav,385682,a25ace55bfd194910a5ace23789c89a2810d9562eea5458b0f3392708759dc0d,M06,M,HAPPY,3,S3,T1,
5371,subesco,M_06_SHUKANTO_S_3_HAPPY_2.wav,385682,d0d6387bb0b237eb020b4c1f94217436deaef27ebf31c5d3bc211ad32fc1f500,M06,M,HAPPY,3,S3,T2,
5372,subesco,M_06_SHUKANTO_S_3_HAPPY_3.wav,386796,154549aef4f77cd7f8b021bf0db8967c9f3b64a024f21509775192176c2ee8eb,M06,M,HAPPY,3,S3,T3,
5373,subesco,M_06_SHUKANTO_S_3_HAPPY_4.wav,385682,fa3af8fa74b78aa8d82964c6ebaed5fced14778b424490e5013f209f67b77314,M06,M,HAPPY,3,S3,T4,
5374,subesco,M_06_SHUKANTO_S_3_HAPPY_5.wav,386796,b4cd64d0322d83d9c8a107c63e61d48f0467006dee7ac173675ddbc290508402,M06,M,HAPPY,3,S3,T5,
5375,subesco,M_06_SHUKANTO_S_3_NEUTRAL_1.wav,385682,91ebc2e495666fe479304da6e720a526c8bf075bf573da56ba5db804f9a0e3a1,M06,M,NEUTRAL,4,S3,T1,
5376,subesco,M_06_SHUKANTO_S_3_NEUTRAL_2.wav,384566,ee66ce268708d2a662f5b1214b1c43e49a3e375b1e96cc291fb981fd1965b59f,M06,M,NEUTRAL,4,S3,T2,
5377,subesco,M_06_SHUKANTO_S_3_NEUTRAL_3.wav,386796,8ffea5a60ae35de25b73a2faa2343b8f15bf7b6eda6d651d43c15aef8f48c53c,M06,M,NEUTRAL,4,S3,T3,
5378,subesco,M_06_SHUKANTO_S_3_NEUTRAL_4.wav,385682,3093d000780f0b62658c31416d8dec496112d24f7c43615c35a5471a1bab34ec,M06,M,NEUTRAL,4,S3,T4,
5379,subesco,M_06_SHUKANTO_S_3_NEUTRAL_5.wav,384566,7505b3db87aef8f320411c970e6e288130d3c99548751048fa89c10642843452,M06,M,NEUTRAL,4,S3,T5,
5380,subesco,M_06_SHUKANTO_S_3_SAD_1.wav,384566,27d3c5c8c4986be2013e29a68007a978ca875efb5515647170d0f7d7569430fd,M06,M,SAD,5,S3,T1,
5381,subesco,M_06_SHUKANTO_S_3_SAD_2.wav,386796,7c039f3204ab19592d2376c9d75f3dfde3f4a80046adca983e592601102754ce,M06,M,SAD,5,S3,T2,
5382,subesco,M_06_SHUKANTO_S_3_SAD_3.wav,386796,08370fd91185f54d8a01788666b9cb491e16202b4d7891888699fb22d9654779,M06,M,SAD,5,S3,T3,
5383,subesco,M_06_SHUKANTO_S_3_SAD_4.wav,386796,4d0ae0a6f6f34c9085ea1c855fef6326ab0996ce4602f9db84c5a6e19f925f14,M06,M,SAD,5,S3,T4,
5384,subesco,M_06_SHUKANTO_S_3_SAD_5.wav,386796,89e8701b745ffd27444c4f5db735b6867e7e6a36557fc71bdafa7e78e4e7d0d1,M06,M,SAD,5,S3,T5,
5385,subesco,M_06_SHUKANTO_S_3_SURPRISE_1.wav,385682,49202a76ac598ad6ffc1964f95b19597423c040373c21b31b5304a4c3d676f0d,M06,M,SURPRISE,6,S3,T1,
5386,subesco,M_06_SHUKANTO_S_3_SURPRISE_2.wav,386796,a1a9a59ad058c9375d9cd34930e861d1b3af45be4ecd05b18789072bf82feb1d,M06,M,SURPRISE,6,S3,T2,
5387,subesco,M_06_SHUKANTO_S_3_SURPRISE_3.wav,386796,fee7a77cdc404bb6756bc13279761ada0fbc8a7ad22ace02ee98451c7819c5b0,M06,M,SURPRISE,6,S3,T3,
5388,subesco,M_06_SHUKANTO_S_3_SURPRISE_4.wav,385682,3227d9676d3490930c7f3f13d5a011cd8ce699d03fc91a16517987ebd74404cc,M06,M,SURPRISE,6,S3,T4,
5389,subesco,M_06_SHUKANTO_S_3_SURPRISE_5.wav,386796,536a306afccd21fb91f2be98edfa8220e3c55249ae8ccc8083d87a03da6934ec,M06,M,SURPRISE,6,S3,T5,
5390,subesco,M_06_SHUKANTO_S_4_ANGRY_1.wav,385682,404774ba848c0880214ab9e51e10c8d04cb1e0a070790178c20a1253f613b0b8,M06,M,ANGRY,0,S4,T1,
5391,subesco,M_06_SHUKANTO_S_4_ANGRY_2.wav,384566,233deed62fc4f412af6a017dc1b60bb3b758f05cc48f6c277db27ba61a65b2cf,M06,M,ANGRY,0,S4,T2,
5392,subesco,M_06_SHUKANTO_S_4_ANGRY_3.wav,385682,02620eb734465071131d30db6276a6aa931910ffe21bd462e6f157ec4b4a20f7,M06,M,ANGRY,0,S4,T3,
5393,subesco,M_06_SHUKANTO_S_4_ANGRY_4.wav,386796,793f7613f8a05b426943fe602142dd964fcd16cad9f116e0d4dee9d5d0c2a7d0,M06,M,ANGRY,0,S4,T4,
5394,subesco,M_06_SHUKANTO_S_4_ANGRY_5.wav,384566,0e092ba6193127c18f85e439e92d12062a1eac9b5369cc78dbe04e784f4a1124,M06,M,ANGRY,0,S4,T5,
5395,subesco,M_06_SHUKANTO_S_4_DISGUST_1.wav,386796,253a9714b347a00240104349b9afef37a2a1db12603f8ce26a05b5c437dbe5be,M06,M,DISGUST,1,S4,T1,
5396,subesco,M_06_SHUKANTO_S_4_DISGUST_2.wav,384566,0aeeb1a55293f6f20e6e7ac9ab29fdf9caf335d90bf44dcdba58598934cec9be,M06,M,DISGUST,1,S4,T2,
5397,subesco,M_06_SHUKANTO_S_4_DISGUST_3.wav,385682,f264d9d89ea4e0efc92a311627a5d3d5164247e26e6eb1fbc8cd2e25ed693ef1,M06,M,DISGUST,1,S4,T3,
5398,subesco,M_06_SHUKANTO_S_4_DISGUST_4.wav,387910,9672db034b386ec75726662d959335b187233d65167d16bc4cbef863d5a18cec,M06,M,DISGUST,1,S4,T4,
5399,subesco,M_06_SHUKANTO_S_4_DISGUST_5.wav,386796,f0d279be0e1171dde4f3ff6b4fae47df6220db5ac965d373b2790dd82582dde1,M06,M,DISGUST,1,S4,T5,
5400,subesco,M_06_SHUKANTO_S_4_FEAR_1.wav,771320,5d0fc19010a326c869faa2042ca973d240c04e436af2680a79f02504482456dc,M06,M,FEAR,2,S4,T1,
5401,subesco,M_06_SHUKANTO_S_4_FEAR_2.wav,769088,a92c5db417101a4fac4ba397ad82ae353bfb27dd7e8b61d68747d7c0b61a5618,M06,M,FEAR,2,S4,T2,
5402,subesco,M_06_SHUKANTO_S_4_FEAR_3.wav,771320,d8fee01dfbaf8c220064bfb29be53c61761ce33708e3f5f0837c2552a9abba35,M06,M,FEAR,2,S4,T3,
5403,subesco,M_06_SHUKANTO_S_4_FEAR_4.wav,771320,8603a5a2ec8b44ae3eb9db6fd83f796ad7cd24fb8aa1a38a3715c0dc6b3c5025,M06,M,FEAR,2,S4,T4,
5404,subesco,M_06_SHUKANTO_S_4_FEAR_5.wav,773548,85bc985841c6de5a46132c3361fba0fcfef9bf416f584742b5ff51c6e3b4dae5,M06,M,FEAR,2,S4,T5,
5405,subesco,M_06_SHUKANTO_S_4_HAPPY_1.wav,386796,43335387dbfb64898db4220994ad5aca68c78d6dd6683dd397edf2cc2132bb53,M06,M,HAPPY,3,S4,T1,
5406,subesco,M_06_SHUKANTO_S_4_HAPPY_2.wav,385682,d7e93bdb1aa7564c2fe2a89bf2bcb255d576a3f5ef15cc39d8ad0e50eef8eb41,M06,M,HAPPY,3,S4,T2,
5407,subesco,M_06_SHUKANTO_S_4_HAPPY_3.wav,385682,8af32f74469abe537eca4959f95311cc7641468f57a43b77a822b6540a1f1807,M06,M,HAPPY,3,S4,T3,
5408,subesco,M_06_SHUKANTO_S_4_HAPPY_4.wav,385682,36eeb1bfd4afa2920d14dfb0a85d6e210f5f00dc605d9c225fd4e692e7571950,M06,M,HAPPY,3,S4,T4,
5409,subesco,M_06_SHUKANTO_S_4_HAPPY_5.wav,386796,0852dd548f749938281bc25864932a2b001e2998bc095070ba31d382efb592a0,M06,M,HAPPY,3,S4,T5,
5410,subesco,M_06_SHUKANTO_S_4_NEUTRAL_1.wav,386796,41ec1eda3d1c5f029d9db118796614ad1daf3cef5c2e5596324e6819c181c112,M06,M,NEUTRAL,4,S4,T1,
5411,subesco,M_06_SHUKANTO_S_4_NEUTRAL_2.wav,387910,e0f05afdc8523cd8402da0133b22bac7918c7fbc8cadb0556010b5fb5516b148,M06,M,NEUTRAL,4,S4,T2,
5412,subesco,M_06_SHUKANTO_S_4_NEUTRAL_3.wav,386796,8baaae1cce06d55e952432d50d58f380f9b83069ff07ee87a1badfc527533fda,M06,M,NEUTRAL,4,S4,T3,
5413,subesco,M_06_SHUKANTO_S_4_NEUTRAL_4.wav,386796,4209b386d4fc8473266856f575c4352da565d3c97766d40be12165bda92bb664,M06,M,NEUTRAL,4,S4,T4,
5414,subesco,M_06_SHUKANTO_S_4_NEUTRAL_5.wav,386796,35b49270ca032e8437ba080b610ae98a870b55dc4a8bf829b36e845c0f399fc9,M06,M,NEUTRAL,4,S4,T5,
5415,subesco,M_06_SHUKANTO_S_4_SAD_1.wav,385682,04615c732b26e7532d18a44f42e2d16cd0e40e7460cbbb9201c5c6a62964dcaa,M06,M,SAD,5,S4,T1,
5416,subesco,M_06_SHUKANTO_S_4_SAD_2.wav,386796,06bfa1d0a75ea5711e32ade9f3f7c6202ff58712d2c58ee37299cd85af58743c,M06,M,SAD,5,S4,T2,
5417,subesco,M_06_SHUKANTO_S_4_SAD_3.wav,384566,561e62891fec8f3684f16ad2e3b3dd7ebdadb119900c94632c59ad0d97a2a76e,M06,M,SAD,5,S4,T3,
5418,subesco,M_06_SHUKANTO_S_4_SAD_4.wav,386796,17d7c7c82df95f4761c4d79a6811468e65c96e4aaeba1803c720c9235951c65a,M06,M,SAD,5,S4,T4,
5419,subesco,M_06_SHUKANTO_S_4_SAD_5.wav,385682,c841ec66d65a7e16c0e97db7ddbc636e57ac778237b9704ce02fa1b9fe4b2190,M06,M,SAD,5,S4,T5,
5420,subesco,M_06_SHUKANTO_S_4_SURPRISE_1.wav,385682,91c9fe8ed66157782b1f8eae686b9ab7e564587b527d38e6541edfd9f532ed83,M06,M,SURPRISE,6,S4,T1,
5421,subesco,M_06_SHUKANTO_S_4_SURPRISE_2.wav,386796,f7de8da405edce311e9aa059235a063bf1a2138f6bd950ab384211e7cda07319,M06,M,SURPRISE,6,S4,T2,
5422,subesco,M_06_SHUKANTO_S_4_SURPRISE_3.wav,386796,1b6bd28ad3696288e44a392cbeb25dfeac9041b0e937f88e3774d725146f69df,M06,M,SURPRISE,6,S4,T3,
5423,subesco,M_06_SHUKANTO_S_4_SURPRISE_4.wav,384566,719ed0529e7d933436b64e77bebd081018b1040bdae3fd2dab44ed87ba2d9f3d,M06,M,SURPRISE,6,S4,T4,
5424,subesco,M_06_SHUKANTO_S_4_SURPRISE_5.wav,386796,a14189c4f9a68ec0faedaf7721d953807d671c2956dcd1fe8cae30462a74609f,M06,M,SURPRISE,6,S4,T5,
5425,subesco,M_06_SHUKANTO_S_5_ANGRY_1.wav,385682,bf4841c40f8f0f143d2dbe086415b7862205866c1e9c24429e8cfbfa3514b3d1,M06,M,ANGRY,0,S5,T1,
5426,subesco,M_06_SHUKANTO_S_5_ANGRY_2.wav,386796,16f0d802e43f332781fa08c26aff71076abd3c821b8d786070d80e2e58bcd2a4,M06,M,ANGRY,0,S5,T2,
5427,subesco,M_06_SHUKANTO_S_5_ANGRY_3.wav,384566,be12ce04bcf64a92ce93760e3c147a7ebf7398e4b6f4a8cb8f7835a9558bff13,M06,M,ANGRY,0,S5,T3,
5428,subesco,M_06_SHUKANTO_S_5_ANGRY_4.wav,386796,8a548bdb7bfcc8ada5a708d51524bc68e9eb0b2a4032aa89d44f3babcd40f364,M06,M,ANGRY,0,S5,T4,
5429,subesco,M_06_SHUKANTO_S_5_ANGRY_5.wav,384566,6cf0d5e18558da46367d495c02de0499846c9d0d307239fffc5c430a0ee92d86,M06,M,ANGRY,0,S5,T5,
5430,subesco,M_06_SHUKANTO_S_5_DISGUST_1.wav,386796,c1bd6fead70a073d08667d3edbd60dd6e58109c06d866f1953e1178f5b161638,M06,M,DISGUST,1,S5,T1,
5431,subesco,M_06_SHUKANTO_S_5_DISGUST_2.wav,386796,0317969575b062c60685702d4401073e2dc37e3ba17bf61346ffcbfdaacabd6b,M06,M,DISGUST,1,S5,T2,
5432,subesco,M_06_SHUKANTO_S_5_DISGUST_3.wav,384568,e2faf60d76a5df0ce77ed400ee5e78f2d96fa9c3b96994cdda60ac5731180ba0,M06,M,DISGUST,1,S5,T3,
5433,subesco,M_06_SHUKANTO_S_5_DISGUST_4.wav,384566,0fad825fce235605fdf187dc41c39dcab5d9bd6bd5b320015256d93d083d4750,M06,M,DISGUST,1,S5,T4,
5434,subesco,M_06_SHUKANTO_S_5_DISGUST_5.wav,384566,ab34cba759568944ad7c35c0b41232a30899cf9afc321ac74c9e06852bb977f0,M06,M,DISGUST,1,S5,T5,
5435,subesco,M_06_SHUKANTO_S_5_FEAR_1.wav,771320,039a0d53ab2006298600bee788a20f19e8196c3c0a7ae15d466aac0f6da10968,M06,M,FEAR,2,S5,T1,
5436,subesco,M_06_SHUKANTO_S_5_FEAR_2.wav,771320,8edea2d1456ea38171b8a491bf37a0cf4d7301a6fcec2e56e1c24ef3c488bed2,M06,M,FEAR,2,S5,T2,
5437,subesco,M_06_SHUKANTO_S_5_FEAR_3.wav,771320,feaa07896b508389f42e142d29593b23e7905b8175245ecc817f480c5d9497e5,M06,M,FEAR,2,S5,T3,
5438,subesco,M_06_SHUKANTO_S_5_FEAR_4.wav,773548,72d1f3ab586609f3dc7a45a47cce252478b5eb1e4e185278d3a013242b74b313,M06,M,FEAR,2,S5,T4,
5439,subesco,M_06_SHUKANTO_S_5_FEAR_5.wav,769088,fccb1706d09978be1825060024550d96f018f2bb2daabfe8a5692652ea4b0605,M06,M,FEAR,2,S5,T5,
5440,subesco,M_06_SHUKANTO_S_5_HAPPY_1.wav,386796,84da5e05a003378e72489fdaa789a55e4bf38d6c177fb4da2a7d95598d0dce47,M06,M,HAPPY,3,S5,T1,
5441,subesco,M_06_SHUKANTO_S_5_HAPPY_2.wav,385682,5e1a7ca20201acfa369b3d3dc0020cd21573b12e5368f275379c17a405697cd6,M06,M,HAPPY,3,S5,T2,
5442,subesco,M_06_SHUKANTO_S_5_HAPPY_3.wav,386796,1c59522d46e92bfe2643d18b23bf3b9678e94b895679d96f7a063a34e0fce91e,M06,M,HAPPY,3,S5,T3,
5443,subesco,M_06_SHUKANTO_S_5_HAPPY_4.wav,386796,91206eec056be2018d71f2f343000c34a45a9d7b3663108456d7571e98b151c3,M06,M,HAPPY,3,S5,T4,
5444,subesco,M_06_SHUKANTO_S_5_HAPPY_5.wav,386796,490bb49d5f3b06faeb3d2e1f48ea7c9a4a15b4e5e329f946c8bd5986274c36f4,M06,M,HAPPY,3,S5,T5,
5445,subesco,M_06_SHUKANTO_S_5_NEUTRAL_1.wav,386796,7a149223d86820e8690ed7c2ed1a36f12fc8f0d2ffb864c564ac8bc2cddbab7e,M06,M,NEUTRAL,4,S5,T1,
5446,subesco,M_06_SHUKANTO_S_5_NEUTRAL_2.wav,385682,3bd4ed3ad4fd4fe9e2a68c3747288a6271d861af406f2cda26984d8b0be48bf4,M06,M,NEUTRAL,4,S5,T2,
5447,subesco,M_06_SHUKANTO_S_5_NEUTRAL_3.wav,387910,d1450734134b44c3c52a9216ca9a18e930b17bee638fd101d55c496bf52a75ca,M06,M,NEUTRAL,4,S5,T3,
5448,subesco,M_06_SHUKANTO_S_5_NEUTRAL_4.wav,386796,bdce56da5fdfa5078c7ba4f61abe0ceaea447edbcdbb372c71731a7e85ebd914,M06,M,NEUTRAL,4,S5,T4,
5449,subesco,M_06_SHUKANTO_S_5_NEUTRAL_5.wav,385682,ac1f5262b22b2a6bb99f719c2053fe84225b0d8d97066d664a4454c690209282,M06,M,NEUTRAL,4,S5,T5,
5450,subesco,M_06_SHUKANTO_S_5_SAD_1.wav,386796,d4fa29341b61242a68d0f2fc1607870d97c33f39d98d5fdd5a476cbe3627a5a5,M06,M,SAD,5,S5,T1,
5451,subesco,M_06_SHUKANTO_S_5_SAD_2.wav,386796,7f7b13fa7e16268b34defadb2fa41d4d85b0efeabd01f71a65b399a77f6aa33c,M06,M,SAD,5,S5,T2,
5452,subesco,M_06_SHUKANTO_S_5_SAD_3.wav,384566,1c8d07456cc945e3e9f06b654ed7207782a960c0af4a90be1ad07ce82e3205f2,M06,M,SAD,5,S5,T3,
5453,subesco,M_06_SHUKANTO_S_5_SAD_4.wav,385682,29e3d7cc9c529feae1b3e764d0f629fc4e7f058b18fa47c9c4d8041e2a44c359,M06,M,SAD,5,S5,T4,
5454,subesco,M_06_SHUKANTO_S_5_SAD_5.wav,386796,7212f8aa23359284cad336a9576bfb7cd88cfb4490502057f55631a60676e73e,M06,M,SAD,5,S5,T5,
5455,subesco,M_06_SHUKANTO_S_5_SURPRISE_1.wav,386796,2a508a47e550336100d81cbef1f15225634e6f7763036d1016c80c28e54373a7,M06,M,SURPRISE,6,S5,T1,
5456,subesco,M_06_SHUKANTO_S_5_SURPRISE_2.wav,385682,f90936ab0a80e19364172418db8f2e0a0bb143cbd30f5336939ef57d0c7910e1,M06,M,SURPRISE,6,S5,T2,
5457,subesco,M_06_SHUKANTO_S_5_SURPRISE_3.wav,385682,59fe4eaf14e2d1ba0f3c1d73407306a3a412ce3d74b8f5c65dcac8e4d65a3e74,M06,M,SURPRISE,6,S5,T3,
5458,subesco,M_06_SHUKANTO_S_5_SURPRISE_4.wav,386796,e8a4fc8178ca4ec9b34b2ed1133b3c965764598ecaab202f0dd40694e35aff76,M06,M,SURPRISE,6,S5,T4,
5459,subesco,M_06_SHUKANTO_S_5_SURPRISE_5.wav,385682,7c0fb71b5f03d9a87853d179e9750cbbc7f74c3b7f1b1d0e84e9232f68768880,M06,M,SURPRISE,6,S5,T5,
5460,subesco,M_06_SHUKANTO_S_6_ANGRY_1.wav,386796,3fdea418033045cdd38e19ce6fd1e9dc5b9ff549917d0b127bb684d3b7f3c5e6,M06,M,ANGRY,0,S6,T1,
5461,subesco,M_06_SHUKANTO_S_6_ANGRY_2.wav,386796,ec51fb08b857ea20eecbf273cc26472fa1bd4e5cc60b31d07c87b98c944f82d7,M06,M,ANGRY,0,S6,T2,
5462,subesco,M_06_SHUKANTO_S_6_ANGRY_3.wav,385682,7e269b7cfa5e98639f0d7d472a8149e788a96c20c5642b562371409d1ce7d011,M06,M,ANGRY,0,S6,T3,
5463,subesco,M_06_SHUKANTO_S_6_ANGRY_4.wav,385682,76fbdc9a06ac00cbb381c3716a8dcb3ee5f7cb5f4696f80d7d49acfc8e50e3a5,M06,M,ANGRY,0,S6,T4,
5464,subesco,M_06_SHUKANTO_S_6_ANGRY_5.wav,386796,3aec52643cae5e2ee0d6a9b22ed6e8064c74aa0c727c65b439bb38c280873dfd,M06,M,ANGRY,0,S6,T5,
5465,subesco,M_06_SHUKANTO_S_6_DISGUST_1.wav,384566,6686f3d10c61d1301e16911115a70fa4f39c695b6722b9c8d134addc762e1643,M06,M,DISGUST,1,S6,T1,
5466,subesco,M_06_SHUKANTO_S_6_DISGUST_2.wav,386796,ddc9607466615b6af61a165d5702cc63bd0f5993568c71401fd5c92bd9334ae7,M06,M,DISGUST,1,S6,T2,
5467,subesco,M_06_SHUKANTO_S_6_DISGUST_3.wav,384566,9e3ce1918be62ead57e6d2794b48bf83d27a0231275589f2e264ce8e4a1af52d,M06,M,DISGUST,1,S6,T3,
5468,subesco,M_06_SHUKANTO_S_6_DISGUST_4.wav,385682,d0b45476aa55a99bb6f3a2c0b7338ef6237e2c92a847a7f3e357c61a0f8807f6,M06,M,DISGUST,1,S6,T4,
5469,subesco,M_06_SHUKANTO_S_6_DISGUST_5.wav,386796,a319fb85e2778bc4d3be61f02e373a2aea553405afe88a978763f10624a7abb3,M06,M,DISGUST,1,S6,T5,
5470,subesco,M_06_SHUKANTO_S_6_FEAR_1.wav,771320,3ce62dddb3d7b9728b2e2f60efe0bb94bb2bc87637180a30a2f2903e33a736f1,M06,M,FEAR,2,S6,T1,
5471,subesco,M_06_SHUKANTO_S_6_FEAR_2.wav,771320,b88c166a789724d447265f0fe5427b1b76764dc7a6da997b223df04cc2a9d373,M06,M,FEAR,2,S6,T2,
5472,subesco,M_06_SHUKANTO_S_6_FEAR_3.wav,769088,c1fdf7dc32052e5fea4a15c426eb3267289a77b8739b6bd0bba465f5a2e41c6b,M06,M,FEAR,2,S6,T3,
5473,subesco,M_06_SHUKANTO_S_6_FEAR_4.wav,773548,ba864b8976aba6a1c18514c7f7c3b204653d75944fd2c01ea27a4cee943cf1cc,M06,M,FEAR,2,S6,T4,
5474,subesco,M_06_SHUKANTO_S_6_FEAR_5.wav,771320,48ff879c66e1798f12bb65aa24819ec830c1e1be99a5765f1c3623a6a9e0c487,M06,M,FEAR,2,S6,T5,
5475,subesco,M_06_SHUKANTO_S_6_HAPPY_1.wav,387910,182750727cebbb0dd6aca9cd8334a00a6d339e026ec5df9f3bcf43f0431facb3,M06,M,HAPPY,3,S6,T1,
5476,subesco,M_06_SHUKANTO_S_6_HAPPY_2.wav,385682,15da7ad9b66943a59826cd41a9b0ee085232ad23868d237a8e56dfc580d1bfe7,M06,M,HAPPY,3,S6,T2,
5477,subesco,M_06_SHUKANTO_S_6_HAPPY_3.wav,385682,86be50cfa6760bb9f4e05acb23efe3529f7f0dd8c9663838e31e579f4dd9a054,M06,M,HAPPY,3,S6,T3,
5478,subesco,M_06_SHUKANTO_S_6_HAPPY_4.wav,384566,0384bed5e5812aa1bd770fa4282d3bd5402461f1976d359519ba377db30ceda8,M06,M,HAPPY,3,S6,T4,
5479,subesco,M_06_SHUKANTO_S_6_HAPPY_5.wav,383452,71d818a352959756033cd8f4a1bb2ffccb0612bacdb802104adeb5b5932dcc23,M06,M,HAPPY,3,S6,T5,
5480,subesco,M_06_SHUKANTO_S_6_NEUTRAL_1.wav,385682,0afbde12f87b4d62ba35ea79e0dcb29f1c21204595da723b0210fe1e1dcd7ea7,M06,M,NEUTRAL,4,S6,T1,
5481,subesco,M_06_SHUKANTO_S_6_NEUTRAL_2.wav,387910,8566879beb41aa7acf6a03f4d6774ee290e89e59d2482ea8c9c952ad23013599,M06,M,NEUTRAL,4,S6,T2,
5482,subesco,M_06_SHUKANTO_S_6_NEUTRAL_3.wav,386796,44d8f63e750f80035aa830d6489d80852c2e0fc6522ec91c56c2e9a07943d107,M06,M,NEUTRAL,4,S6,T3,
5483,subesco,M_06_SHUKANTO_S_6_NEUTRAL_4.wav,386796,39cb6e41b68ca675e401b29e9e54c34dcaecd60199a8cea1de02e38ffffe0053,M06,M,NEUTRAL,4,S6,T4,
5484,subesco,M_06_SHUKANTO_S_6_NEUTRAL_5.wav,387910,51935c9d147135d89f72a5c83dac49bfb338e6b0d04a55d4d1961e7330072964,M06,M,NEUTRAL,4,S6,T5,
5485,subesco,M_06_SHUKANTO_S_6_SAD_1.wav,385682,bf6982eaa18ddf0fa22046d4587276b94e80bf466f9d263b25f641a03ce98f8c,M06,M,SAD,5,S6,T1,
5486,subesco,M_06_SHUKANTO_S_6_SAD_2.wav,386796,a6d12b616bec9f947b062e62763e5c42dd17e7c09c7fc7e54cb6e2d63dc881c2,M06,M,SAD,5,S6,T2,
5487,subesco,M_06_SHUKANTO_S_6_SAD_3.wav,386796,e91afe8edcccf123a829446476bce6ccb20ffe14a1fa3593ac2ab599e08e525b,M06,M,SAD,5,S6,T3,
5488,subesco,M_06_SHUKANTO_S_6_SAD_4.wav,423576,94a4e2ee037d1467b8347bc14b4eeb78df3194562fdc6481f6773a000bffc803,M06,M,SAD,5,S6,T4,
5489,subesco,M_06_SHUKANTO_S_6_SAD_5.wav,385682,6435fea315917289109cc80af84bab43b7a5d9bf48b9074f06d1394846a3fbdb,M06,M,SAD,5,S6,T5,
5490,subesco,M_06_SHUKANTO_S_6_SURPRISE_1.wav,385682,3b88e5206213a30407d9a582b6a28be8a2930b03193db2629db21802a9febe5c,M06,M,SURPRISE,6,S6,T1,
5491,subesco,M_06_SHUKANTO_S_6_SURPRISE_2.wav,384566,5921a566f59937c4bce8ccc648848982bdd9845bb8754033c8744f7713721d62,M06,M,SURPRISE,6,S6,T2,
5492,subesco,M_06_SHUKANTO_S_6_SURPRISE_3.wav,386796,2bcf96148c2a898d472ba33513898df512faeb2bbbb26d31097dedc326244a31,M06,M,SURPRISE,6,S6,T3,
5493,subesco,M_06_SHUKANTO_S_6_SURPRISE_4.wav,386796,b7b584670e6ff538c28f450bd1b3645c74d77d020c0892dc29921fe38fa1414e,M06,M,SURPRISE,6,S6,T4,
5494,subesco,M_06_SHUKANTO_S_6_SURPRISE_5.wav,385682,56e4865153383053998396fc28447a98d0a73f31ae6ee650e20c8bf1a7ec70e0,M06,M,SURPRISE,6,S6,T5,
5495,subesco,M_06_SHUKANTO_S_7_ANGRY_1.wav,386796,d65154d529c8c2f8292caba166d5e0cef6a836f43bab0831058eb12d99c1e656,M06,M,ANGRY,0,S7,T1,
5496,subesco,M_06_SHUKANTO_S_7_ANGRY_2.wav,386796,b16392f4177adef9ec93bf442860d1cee6bc7ebacea0041896264edacd170c8f,M06,M,ANGRY,0,S7,T2,
5497,subesco,M_06_SHUKANTO_S_7_ANGRY_3.wav,384566,448e9dffe3b68651cc91b16ea50c03ecf49a87ee7b90396cba0a8e4a981b04dc,M06,M,ANGRY,0,S7,T3,
5498,subesco,M_06_SHUKANTO_S_7_ANGRY_4.wav,386796,c1e6e7ad3aa32d051b932902c5a1e649ddf22c55b81e00ff883ce29a5077fbfb,M06,M,ANGRY,0,S7,T4,
5499,subesco,M_06_SHUKANTO_S_7_ANGRY_5.wav,384566,26ad3e070efbf3cdbc58d8c1d4b78ee5cf27c8e989d85a2a5c0c434885bab902,M06,M,ANGRY,0,S7,T5,
5500,subesco,M_06_SHUKANTO_S_7_DISGUST_1.wav,386796,b8505a60ffcfad7d4fa9b2811ba2f00531516da594717268db775cdf2d0a0c43,M06,M,DISGUST,1,S7,T1,
5501,subesco,M_06_SHUKANTO_S_7_DISGUST_2.wav,386796,0a1dad8e79039cb75a746f7d31138635551ee041826872024e6036806f499897,M06,M,DISGUST,1,S7,T2,
5502,subesco,M_06_SHUKANTO_S_7_DISGUST_3.wav,386796,14016ed4d77cc566708e4c597b67f7bbe4dd378795dd8fb3bae4233912a82d40,M06,M,DISGUST,1,S7,T3,
5503,subesco,M_06_SHUKANTO_S_7_DISGUST_4.wav,384566,25dcac81f406d192bbe78449b9340e47c6dc873addaff7498a54d371ab089289,M06,M,DISGUST,1,S7,T4,
5504,subesco,M_06_SHUKANTO_S_7_DISGUST_5.wav,386796,318d09a73449a2c3bc0bd62b82be53f500e5dd56d72c65e47e29f09109cd0053,M06,M,DISGUST,1,S7,T5,
5505,subesco,M_06_SHUKANTO_S_7_FEAR_1.wav,773548,0f56de9269fa0d440db00d34c966ec0ef7202c36897ad2542b69b491d65f9ffa,M06,M,FEAR,2,S7,T1,
5506,subesco,M_06_SHUKANTO_S_7_FEAR_2.wav,771320,16bea0ccea93520a6bd5982e74732549b9aba047d822d39f288cb999841a4282,M06,M,FEAR,2,S7,T2,
5507,subesco,M_06_SHUKANTO_S_7_FEAR_3.wav,769088,fe05339c6b67bd3d144b158017d4c77da748885fcffd2a063d2714def8edd61e,M06,M,FEAR,2,S7,T3,
5508,subesco,M_06_SHUKANTO_S_7_FEAR_4.wav,771320,f11fcf634c96d92ff273f410fbc7f746e3d151c1af01e07872957b17624c13e5,M06,M,FEAR,2,S7,T4,
5509,subesco,M_06_SHUKANTO_S_7_FEAR_5.wav,773548,0e37a532b01c85aee6b7a75b83bdb8ec3e9311a37d01bd72158339b4a640de7e,M06,M,FEAR,2,S7,T5,
5510,subesco,M_06_SHUKANTO_S_7_HAPPY_1.wav,386796,bcd03809b6ca1ad30e23cbaad9767107d563caa7a98ce722bd42ea0767b1c614,M06,M,HAPPY,3,S7,T1,
5511,subesco,M_06_SHUKANTO_S_7_HAPPY_2.wav,386796,56837542bc0527cc8f6f09fbea77b668ac0a97e45b2c638535edba3da9ea9bfe,M06,M,HAPPY,3,S7,T2,
5512,subesco,M_06_SHUKANTO_S_7_HAPPY_3.wav,386796,8c764de29223ba5b31693512cfb120968fbd3fae3031888a90c42d1b03c24172,M06,M,HAPPY,3,S7,T3,
5513,subesco,M_06_SHUKANTO_S_7_HAPPY_4.wav,384566,1b6f27204241898511704511a6b0abce318c46042899f61a1da278aaa3b4e0e7,M06,M,HAPPY,3,S7,T4,
5514,subesco,M_06_SHUKANTO_S_7_HAPPY_5.wav,385682,8b75d29bebcf775ec27207b41012ebf7e9cd31ffb82cc64bd84f97d8cee70525,M06,M,HAPPY,3,S7,T5,
5515,subesco,M_06_SHUKANTO_S_7_NEUTRAL_1.wav,386796,73290e1a17a26ea00c5eda911c19461ee1325886612724fb2b0d883e18cf9549,M06,M,NEUTRAL,4,S7,T1,
5516,subesco,M_06_SHUKANTO_S_7_NEUTRAL_2.wav,385682,6c87ae4c8cf966c5475975f9de61a1ee875ac660fdc7cedc25b9dd8e322a1afc,M06,M,NEUTRAL,4,S7,T2,
5517,subesco,M_06_SHUKANTO_S_7_NEUTRAL_3.wav,385682,1f738cd00477884a19eff293d8b722bab7f13410ac5a7fdc566133bc2b362bf9,M06,M,NEUTRAL,4,S7,T3,
5518,subesco,M_06_SHUKANTO_S_7_NEUTRAL_4.wav,385682,a0ee6581f4580fa03b1bfa20ab494ebea103b4159c707879b6c37b370b2c44b6,M06,M,NEUTRAL,4,S7,T4,
5519,subesco,M_06_SHUKANTO_S_7_NEUTRAL_5.wav,386796,b378d2653c6c937536f1fb3d81f236b60f271982ead3e2a07b7809fac90e9464,M06,M,NEUTRAL,4,S7,T5,
5520,subesco,M_06_SHUKANTO_S_7_SAD_1.wav,384566,f1b9a89043b1b35bb47c582ccebaac035dd2fcc072a9e29a12ddfa68a1b77830,M06,M,SAD,5,S7,T1,
5521,subesco,M_06_SHUKANTO_S_7_SAD_2.wav,386796,f7d7647256dfa8da0141f6d9958145c0941e39c63d094646f8c81c32dee5b03f,M06,M,SAD,5,S7,T2,
5522,subesco,M_06_SHUKANTO_S_7_SAD_3.wav,385682,27753d196dbeba62fcc0a8da0cac383c700b08b32eb2b66791ab0018703d4688,M06,M,SAD,5,S7,T3,
5523,subesco,M_06_SHUKANTO_S_7_SAD_4.wav,385682,a9d90dcab7871cebd4c2d92f0b2509906fcbfa717b106d663f918de8cdf815b0,M06,M,SAD,5,S7,T4,
5524,subesco,M_06_SHUKANTO_S_7_SAD_5.wav,385682,857fcbb236d145423d97f411a022fa3b3cb9694021854f5f5b09837caf6fd344,M06,M,SAD,5,S7,T5,
5525,subesco,M_06_SHUKANTO_S_7_SURPRISE_1.wav,385682,fb58f8d06eb3eb2c717727b103cd92f5d6f00583287c3295546e3dc3a3d1c1e5,M06,M,SURPRISE,6,S7,T1,
5526,subesco,M_06_SHUKANTO_S_7_SURPRISE_2.wav,386796,d28fc61f85a6e3b0a289c88cf80cbe2b31d08a0d89d0d6421e1a7aca85807a48,M06,M,SURPRISE,6,S7,T2,
5527,subesco,M_06_SHUKANTO_S_7_SURPRISE_3.wav,385682,292c83bbcd7ec695ca29d1fd4a1b03358196d42cabd68315389f7d527f95581b,M06,M,SURPRISE,6,S7,T3,
5528,subesco,M_06_SHUKANTO_S_7_SURPRISE_4.wav,387910,e584fe23d99bdc94f9182418dedec0e02e61a2f05189d0a740d5bb3fb747caeb,M06,M,SURPRISE,6,S7,T4,
5529,subesco,M_06_SHUKANTO_S_7_SURPRISE_5.wav,386796,e9b21dfdec9a5fb58cbcbffba1d10861d573d8e5a16e9787ad80e81d2beb26a4,M06,M,SURPRISE,6,S7,T5,
5530,subesco,M_06_SHUKANTO_S_8_ANGRY_1.wav,385682,eeb26170475259e882ab038b2898a644611a9de0ac365601104d7be3342aeff0,M06,M,ANGRY,0,S8,T1,
5531,subesco,M_06_SHUKANTO_S_8_ANGRY_2.wav,385682,d89d8bf5e1615987398e0abb3f6fd0562e53f31a047f2fc3618b18a0d106d30a,M06,M,ANGRY,0,S8,T2,
5532,subesco,M_06_SHUKANTO_S_8_ANGRY_3.wav,386796,cac3a75edf42a044ad197bef5ebf742e9d95734c4416dad06260d91c3a2e1bb6,M06,M,ANGRY,0,S8,T3,
5533,subesco,M_06_SHUKANTO_S_8_ANGRY_4.wav,386796,bba370b992c83416c01d2e23b67f1d8053b2982633e057eb3b37b3aba478eb30,M06,M,ANGRY,0,S8,T4,
5534,subesco,M_06_SHUKANTO_S_8_ANGRY_5.wav,384566,18ff43f4bb84f21a689674fd3c02d5c4e8101638e1971414000a06356b4c45e7,M06,M,ANGRY,0,S8,T5,
5535,subesco,M_06_SHUKANTO_S_8_DISGUST_1.wav,386796,e8be0dbc7c2451af0343cd82f31e535ac562a868e988574a32d1672b734d8a52,M06,M,DISGUST,1,S8,T1,
5536,subesco,M_06_SHUKANTO_S_8_DISGUST_2.wav,386796,a45e4cfd385147b818a2752b0f55123f4efbbb75328748b0f19cf1997faa87a9,M06,M,DISGUST,1,S8,T2,
5537,subesco,M_06_SHUKANTO_S_8_DISGUST_3.wav,386796,9b30388ca775daec9a5f12ea1aa0c0660e635be8e966c875d0aeb13f528d36bf,M06,M,DISGUST,1,S8,T3,
5538,subesco,M_06_SHUKANTO_S_8_DISGUST_4.wav,385682,965dfe6404cf42457664580444590861a02cdf8c9344846d07e8e651c0474abb,M06,M,DISGUST,1,S8,T4,
5539,subesco,M_06_SHUKANTO_S_8_DISGUST_5.wav,385682,a66959a72608597870dddb70296d0256a7883016f0735c5c6a6569f3cca7f2b9,M06,M,DISGUST,1,S8,T5,
5540,subesco,M_06_SHUKANTO_S_8_FEAR_1.wav,771320,268092300213fc01fbefcdd3a99378722d47b2665503c38d21371de122227364,M06,M,FEAR,2,S8,T1,
5541,subesco,M_06_SHUKANTO_S_8_FEAR_2.wav,773548,b73322ac39bef7d137628ec3f3a5103f1ad38e04586be253b349fab68377036c,M06,M,FEAR,2,S8,T2,
5542,subesco,M_06_SHUKANTO_S_8_FEAR_3.wav,771320,edb3af11a131291c98c47ba7ad9e85631749b3e8c0e3724fb66f3d46ba725ad7,M06,M,FEAR,2,S8,T3,
5543,subesco,M_06_SHUKANTO_S_8_FEAR_4.wav,771320,7844a50bf4e7da7ba1e9708ce1fbb51a6d8d65301f4a01c4b6a4b0ff5a539657,M06,M,FEAR,2,S8,T4,
5544,subesco,M_06_SHUKANTO_S_8_FEAR_5.wav,771320,387a65ee0436381d151b4d703cb591d855297fb9e1a75768248fbc9f8a9aaf25,M06,M,FEAR,2,S8,T5,
5545,subesco,M_06_SHUKANTO_S_8_HAPPY_1.wav,386796,7528d4a5252f7a3f5f02b931bdb04ba3ec1f31bfd6a2f7d06113beefb2935047,M06,M,HAPPY,3,S8,T1,
5546,subesco,M_06_SHUKANTO_S_8_HAPPY_2.wav,385682,dfd7bec393c1542e572f9f66398019e776e20f920ec4175080aeb5b1867012ca,M06,M,HAPPY,3,S8,T2,
5547,subesco,M_06_SHUKANTO_S_8_HAPPY_3.wav,386796,71f6adf3e44f2a352f86753b40f0b08a83c84710e878141c7a4832476d16e470,M06,M,HAPPY,3,S8,T3,
5548,subesco,M_06_SHUKANTO_S_8_HAPPY_4.wav,385682,8f768230cd74834a40347861458def7c88d5a1d40ccfe16be6e7f2a1a3662803,M06,M,HAPPY,3,S8,T4,
5549,subesco,M_06_SHUKANTO_S_8_HAPPY_5.wav,385682,6dc7a588510cbb1ae7ade6d72c4f3cdf6243ef6e74f13fc7be9f4c43672dc913,M06,M,HAPPY,3,S8,T5,
5550,subesco,M_06_SHUKANTO_S_8_NEUTRAL_1.wav,386796,ca45e4d331c48cd5bbb640f18fc6e3377c09a2b662033ad5005421108d7dfd6c,M06,M,NEUTRAL,4,S8,T1,
5551,subesco,M_06_SHUKANTO_S_8_NEUTRAL_2.wav,385682,9e2565bbee7221094c1cc8e4a1fac9551c7307764b7579c29a7fabd369413594,M06,M,NEUTRAL,4,S8,T2,
5552,subesco,M_06_SHUKANTO_S_8_NEUTRAL_3.wav,386796,0da5623f9b6554614a63c2346d5cc513e997754a69fd6b97804db5a21f50fdb1,M06,M,NEUTRAL,4,S8,T3,
5553,subesco,M_06_SHUKANTO_S_8_NEUTRAL_4.wav,384566,6408266bacf152273924c54282d973c67da6ff3233d9da1182816e4265069b3b,M06,M,NEUTRAL,4,S8,T4,
5554,subesco,M_06_SHUKANTO_S_8_NEUTRAL_5.wav,386796,23ca3dc79c3b972a4af2eb75cf7c11d95456bed6ed3c854bf617c2d3d5c5d0de,M06,M,NEUTRAL,4,S8,T5,
5555,subesco,M_06_SHUKANTO_S_8_SAD_1.wav,385682,d78631e0e979acdb99228e0d1b8efe7c4d3b618ef0929505538a1502857e4ba9,M06,M,SAD,5,S8,T1,
5556,subesco,M_06_SHUKANTO_S_8_SAD_2.wav,385682,bf51e654bfdfdf062d1ac0def1788f778f6a08225bd0776fea38f87c5a2c45c2,M06,M,SAD,5,S8,T2,
5557,subesco,M_06_SHUKANTO_S_8_SAD_3.wav,384566,ff300472e6b82b56f90c49425b7503028b9785a34cc3e1b4cd07da587436c5a1,M06,M,SAD,5,S8,T3,
5558,subesco,M_06_SHUKANTO_S_8_SAD_4.wav,386796,18211197f8d7acb1fef3362f4949476b36a44bc88cccb217c23bbc827be2d6f0,M06,M,SAD,5,S8,T4,
5559,subesco,M_06_SHUKANTO_S_8_SAD_5.wav,383452,f37f81e291bf8ca112b430176b9b7f93a76825409ef01fc5c2a9dbd2ff51c001,M06,M,SAD,5,S8,T5,
5560,subesco,M_06_SHUKANTO_S_8_SURPRISE_1.wav,386796,07d0e5f0ccb967a4699345808abbcee4d57df0092b4afe374fc2e6f1b6d5ff01,M06,M,SURPRISE,6,S8,T1,
5561,subesco,M_06_SHUKANTO_S_8_SURPRISE_2.wav,386796,111c207978094a2aa1eb95d934e9f72b06775b2d35cd6efa622f32c7c190a46d,M06,M,SURPRISE,6,S8,T2,
5562,subesco,M_06_SHUKANTO_S_8_SURPRISE_3.wav,386796,a70efe65a01b0d44b789cc96ac79fc32d2855277545e0afae1d46586018c7a07,M06,M,SURPRISE,6,S8,T3,
5563,subesco,M_06_SHUKANTO_S_8_SURPRISE_4.wav,386796,b0d7be75ec60772e2a0b6f9efb35b1bb15c0828ce2eb98d21ad12abfb01d8732,M06,M,SURPRISE,6,S8,T4,
5564,subesco,M_06_SHUKANTO_S_8_SURPRISE_5.wav,386796,344ee89ffa31eb17c4301b88af9b44cbf3aea119156adab7bd501704effc276f,M06,M,SURPRISE,6,S8,T5,
5565,subesco,M_06_SHUKANTO_S_9_ANGRY_1.wav,386796,d77963f4410086e6dfb9f3781863dc41cda9d3b82a2953a6a5d043fa20ac0e60,M06,M,ANGRY,0,S9,T1,
5566,subesco,M_06_SHUKANTO_S_9_ANGRY_2.wav,385682,69edfe4a14889b185765ddd32e2ee640e9fa1bff81bea1b5add8fc67b076fdfb,M06,M,ANGRY,0,S9,T2,
5567,subesco,M_06_SHUKANTO_S_9_ANGRY_3.wav,385682,83887bb530c0ede378a577a34ac8e9060c671c9bd7bfa7294ab716edef21535e,M06,M,ANGRY,0,S9,T3,
5568,subesco,M_06_SHUKANTO_S_9_ANGRY_4.wav,385682,ee84f1d77bce36693eac77d4b0cdd1f5786bbf3d2d7ea5fcbec7290695f848e8,M06,M,ANGRY,0,S9,T4,
5569,subesco,M_06_SHUKANTO_S_9_ANGRY_5.wav,385682,44ddfe7041ac66206337966d7e46df4b15fb4af59321b56bd3f4c62b012a2573,M06,M,ANGRY,0,S9,T5,
5570,subesco,M_06_SHUKANTO_S_9_DISGUST_1.wav,385682,88c65b98249f34dfa0259142a33162b23f39f8f35a942ddf710bb73189af676d,M06,M,DISGUST,1,S9,T1,
5571,subesco,M_06_SHUKANTO_S_9_DISGUST_2.wav,386796,e365361e4fc951e3bf70d058c06814fe50589b5e17060deef0e0f2b0cbb8e363,M06,M,DISGUST,1,S9,T2,
5572,subesco,M_06_SHUKANTO_S_9_DISGUST_3.wav,386796,65d9257efcc1602f346fa1ddb7409b7a16381c556c178d32b320c7cf4a70b80d,M06,M,DISGUST,1,S9,T3,
5573,subesco,M_06_SHUKANTO_S_9_DISGUST_4.wav,386796,67772e7d0988208ab73431d3c2fdd0c958593edb4f1e4ca6d8eb0f1fbbe738bd,M06,M,DISGUST,1,S9,T4,
5574,subesco,M_06_SHUKANTO_S_9_DISGUST_5.wav,386796,e173be5f31d79ad87c98ea68a4c34d04a1dee3c280dcd147b7140059a0a6faa2,M06,M,DISGUST,1,S9,T5,
5575,subesco,M_06_SHUKANTO_S_9_FEAR_1.wav,773548,fdf4de976d244981b4945d62b6839a67c1c309a1baf6812a0cf3292a6518108d,M06,M,FEAR,2,S9,T1,
5576,subesco,M_06_SHUKANTO_S_9_FEAR_2.wav,771320,9142e4ac640cd60e1cda6b6ccaebeec4552e41c60d6c50a19a317e0ed1aca481,M06,M,FEAR,2,S9,T2,
5577,subesco,M_06_SHUKANTO_S_9_FEAR_3.wav,771320,79eff5f5fdb687c5266e3327fe52c950fc382883aaece068f792187c8f0f25f2,M06,M,FEAR,2,S9,T3,
5578,subesco,M_06_SHUKANTO_S_9_FEAR_4.wav,773548,360dbf679835f0789bc5d893d7ab522ca2baaafd3700cb45dd633aca9102ab86,M06,M,FEAR,2,S9,T4,
5579,subesco,M_06_SHUKANTO_S_9_FEAR_5.wav,773548,3d0622f1fc0171cf18c1e26102647e196f0f92fbd30e62d4ed0cacd58976d648,M06,M,FEAR,2,S9,T5,
5580,subesco,M_06_SHUKANTO_S_9_HAPPY_1.wav,385682,d987e7eae78c8b6bbe94fe7c66e3d97e574a853aeffb07377b6aa369b644921e,M06,M,HAPPY,3,S9,T1,
5581,subesco,M_06_SHUKANTO_S_9_HAPPY_2.wav,385682,11a5bb14212d5764afec3f1ba11c703e3c2c2d193159343f13d91cc405cca9e4,M06,M,HAPPY,3,S9,T2,
5582,subesco,M_06_SHUKANTO_S_9_HAPPY_3.wav,386796,f4d4c4bf4c35e6c2ca62d5c3f3f3dd0ea7b5284d21285515535fe99fb4382e0a,M06,M,HAPPY,3,S9,T3,
5583,subesco,M_06_SHUKANTO_S_9_HAPPY_4.wav,386796,7326b4d091dba059249cf7e183aa338927cf700119f8cca8f9f63df54f71f1a6,M06,M,HAPPY,3,S9,T4,
5584,subesco,M_06_SHUKANTO_S_9_HAPPY_5.wav,384566,aa18b27443be4546c0f3764b1ddd5ea645b0f63b0a48d2ee62cf2c007c95e927,M06,M,HAPPY,3,S9,T5,
5585,subesco,M_06_SHUKANTO_S_9_NEUTRAL_1.wav,386796,fda84a073d8956d1570e57a80d8dc6e5856793d21a7042141291117275b55e79,M06,M,NEUTRAL,4,S9,T1,
5586,subesco,M_06_SHUKANTO_S_9_NEUTRAL_2.wav,386796,d01caf92ca2162cdbc56c3b92a73c68d7023058e487090c7c74cddcd761eb2e7,M06,M,NEUTRAL,4,S9,T2,
5587,subesco,M_06_SHUKANTO_S_9_NEUTRAL_3.wav,386796,031f1a08b86cf09b19e311f5f9165b4c1ec8ba9c27f1b3f55c33ae31d8bbfe8c,M06,M,NEUTRAL,4,S9,T3,
5588,subesco,M_06_SHUKANTO_S_9_NEUTRAL_4.wav,384566,dfef6f4fd7c6b5b9d76da7b8592a948b7e26faad9b03c058305afa39c913b90f,M06,M,NEUTRAL,4,S9,T4,
5589,subesco,M_06_SHUKANTO_S_9_NEUTRAL_5.wav,385682,5c6dcab1d1ba3c73dd4e18308608c84d26f366a00c3c5f6100c55d8d864cd657,M06,M,NEUTRAL,4,S9,T5,
5590,subesco,M_06_SHUKANTO_S_9_SAD_1.wav,386796,bc3820e9b40cf791245fa12fd46d2640653111876a5a79f7d5a70972340caa59,M06,M,SAD,5,S9,T1,
5591,subesco,M_06_SHUKANTO_S_9_SAD_2.wav,386796,5dfa2af0dffa20c4c314e062ffd82b54e61f58fd578220252e3e85d0aa29d138,M06,M,SAD,5,S9,T2,
5592,subesco,M_06_SHUKANTO_S_9_SAD_3.wav,385682,56e169b8af044b46094f4194b956cff13d48781b71b1f2ce30b6cc15d9c4bd8d,M06,M,SAD,5,S9,T3,
5593,subesco,M_06_SHUKANTO_S_9_SAD_4.wav,385682,024ad472aeb477fdcde2d1adea6120bd29de913f2bdeab3886d548b9bc850f82,M06,M,SAD,5,S9,T4,
5594,subesco,M_06_SHUKANTO_S_9_SAD_5.wav,386796,69854f0cc80fb41cfbf2c846bc23c60daedb7bed99ac13a07becd3df061de77b,M06,M,SAD,5,S9,T5,
5595,subesco,M_06_SHUKANTO_S_9_SURPRISE_1.wav,386796,3f0992c3c3bd0fefe301ea991a2c37261429638cc8d48b6af89b12663be1f648,M06,M,SURPRISE,6,S9,T1,
5596,subesco,M_06_SHUKANTO_S_9_SURPRISE_2.wav,385682,bb0c15d1fcbacc9899030d51c809def77e74007e8f148286052fac27532e448a,M06,M,SURPRISE,6,S9,T2,
5597,subesco,M_06_SHUKANTO_S_9_SURPRISE_3.wav,390140,a4b7d2ed59d51f8e5a10d47215b242a6bfd8a81480ae21e92c4b1588c496cf5e,M06,M,SURPRISE,6,S9,T3,
5598,subesco,M_06_SHUKANTO_S_9_SURPRISE_4.wav,386796,f4a1d86d9d2fec921adfaf9ce435b7c51006a5e37c819cc5f3291c385e842201,M06,M,SURPRISE,6,S9,T4,
5599,subesco,M_06_SHUKANTO_S_9_SURPRISE_5.wav,386796,eb4bff21446a4f145f1c7687837b21ecbdef3f6d8def7db6f9b17bddaf4a680a,M06,M,SURPRISE,6,S9,T5,
5600,subesco,M_07_SIBLY_S_10_ANGRY_1.wav,361516,d4679923ea789f167c4a42186f6b7483f2f6d52af8375b80f9d599a55c101ced,M07,M,ANGRY,0,S10,T1,
5601,subesco,M_07_SIBLY_S_10_ANGRY_2.wav,360492,6b0b61c822c5655bbdb38c90fa5898739d344f0733ad13d8df6fd3d7250b4ffa,M07,M,ANGRY,0,S10,T2,
5602,subesco,M_07_SIBLY_S_10_ANGRY_3.wav,358444,ed3b7c2c299161a547ba11b56cecbe907cbcf8c7da3f2b1145c154d70b652716,M07,M,ANGRY,0,S10,T3,
5603,subesco,M_07_SIBLY_S_10_ANGRY_4.wav,361516,908234ac3c25db28ab11569c019b16c93550f8b6c4b77908b0b9e5f0c2de467b,M07,M,ANGRY,0,S10,T4,
5604,subesco,M_07_SIBLY_S_10_ANGRY_5.wav,351274,c94ccb475fe7733acf2b6701e8aabf4cf384636db3c921a6f562530328a6933c,M07,M,ANGRY,0,S10,T5,
5605,subesco,M_07_SIBLY_S_10_DISGUST_1.wav,385682,d237f0ea7c63516aee875dfc269baab1a6feb8428002607c0a098c7cfb1c8ec0,M07,M,DISGUST,1,S10,T1,
5606,subesco,M_07_SIBLY_S_10_DISGUST_2.wav,385682,dd4dd9d2392605e7a9d9d910feb86a62facc5f534a5ec304d5325659de8d5cf8,M07,M,DISGUST,1,S10,T2,
5607,subesco,M_07_SIBLY_S_10_DISGUST_3.wav,386796,3a83f5398b1b435b05fb4266c2b937ce1a0c090cd1e762f6c35b04d1511c1844,M07,M,DISGUST,1,S10,T3,
5608,subesco,M_07_SIBLY_S_10_DISGUST_4.wav,386796,ecf014ec2e5a25084d98a4e6015b2f825ba4e26ac51e164c5209ceeaff097a92,M07,M,DISGUST,1,S10,T4,
5609,subesco,M_07_SIBLY_S_10_DISGUST_5.wav,385682,3c77d819d86b095c4915ae9f6d4c282ecd56ed20eac4ddfba328a52523c8dfa2,M07,M,DISGUST,1,S10,T5,
5610,subesco,M_07_SIBLY_S_10_FEAR_1.wav,356396,6f73cb3c99f5e3ebc9008430a5750da414bd61087bce08f056b63ef6aab4de64,M07,M,FEAR,2,S10,T1,
5611,subesco,M_07_SIBLY_S_10_FEAR_2.wav,357420,e9227c0465c2f4a60e440ecdb66baae0d94c9e882ac23a7ce72d401f9d355dc3,M07,M,FEAR,2,S10,T2,
5612,subesco,M_07_SIBLY_S_10_FEAR_3.wav,352300,bf7b6c6d593a90989637979e03b332912282e6e32d32b50aea136355f6378fb5,M07,M,FEAR,2,S10,T3,
5613,subesco,M_07_SIBLY_S_10_FEAR_4.wav,366636,09995bc4987626565cd8d0f50ee45e1540ce91f4d78764e72448254d46bcd106,M07,M,FEAR,2,S10,T4,
5614,subesco,M_07_SIBLY_S_10_FEAR_5.wav,364588,c026ada4a220b4a1974fe843bd1c51a527369d2683afa752f4a38bf19e813c14,M07,M,FEAR,2,S10,T5,
5615,subesco,M_07_SIBLY_S_10_HAPPY_1.wav,371756,f72b912927647c5e90a9ef6626d21656d6b70f73a0668df8c3695bf8e19b6d60,M07,M,HAPPY,3,S10,T1,
5616,subesco,M_07_SIBLY_S_10_HAPPY_2.wav,364588,80a40da3aec55e82057a6af595c68553ff8e5c3a043e9ca62f530661de81de1a,M07,M,HAPPY,3,S10,T2,
5617,subesco,M_07_SIBLY_S_10_HAPPY_3.wav,352300,51662baa0dda159a6349abbf686b922906aebfaf6c2e4f81cf94fd2fff0dc22b,M07,M,HAPPY,3,S10,T3,
5618,subesco,M_07_SIBLY_S_10_HAPPY_4.wav,358442,595732014d76e6c1f090c12fe02a174d2210fc2dc4502a93c7a16f2339dad594,M07,M,HAPPY,3,S10,T4,
5619,subesco,M_07_SIBLY_S_10_HAPPY_5.wav,364590,9109b1e4408ce2d6ea6cc433c28d9604cdb5f946ca61ee742a973f287f7916bd,M07,M,HAPPY,3,S10,T5,
5620,subesco,M_07_SIBLY_S_10_NEUTRAL_1.wav,385682,e23386970a49c3ba20f0cfe7d4e4f6a5fbfa3d90ac769939fc1963a0b1500367,M07,M,NEUTRAL,4,S10,T1,
5621,subesco,M_07_SIBLY_S_10_NEUTRAL_2.wav,384566,c71d5e3f42ebfb5243139a7d02846f2cae18d71e913a9c2e9f1385a5ff3e2390,M07,M,NEUTRAL,4,S10,T2,
5622,subesco,M_07_SIBLY_S_10_NEUTRAL_3.wav,384566,0f15574980df37423b74c979e33dda7ff6ea2bb7cdc7ee950a8be94c8e0be3e4,M07,M,NEUTRAL,4,S10,T3,
5623,subesco,M_07_SIBLY_S_10_NEUTRAL_4.wav,385682,725e4431f5754b984a52ce02cdb0e34f40fe7f9433e125e2de072edb37fad3cf,M07,M,NEUTRAL,4,S10,T4,
5624,subesco,M_07_SIBLY_S_10_NEUTRAL_5.wav,384566,a585b31cfb4ce46945dc4a7ada92b0f68e1c155be90393baf433d3ce8b3143dd,M07,M,NEUTRAL,4,S10,T5,
5625,subesco,M_07_SIBLY_S_10_SAD_1.wav,349228,def97888562387568d84b877434d73fd26548277ced67284a8336423780d4f40,M07,M,SAD,5,S10,T1,
5626,subesco,M_07_SIBLY_S_10_SAD_2.wav,354348,9cf7982f6106136610bb783fb0757d47c2256c2a2232c445a02ce0e0d656e3be,M07,M,SAD,5,S10,T2,
5627,subesco,M_07_SIBLY_S_10_SAD_3.wav,360492,79bd75bafc61d92288797acf3da77e1774b29af64c9dd163cb6f669f43620d11,M07,M,SAD,5,S10,T3,
5628,subesco,M_07_SIBLY_S_10_SAD_4.wav,356398,f58a98a82996ce150e3596282125603bcbd20ded09ec2ede286d04221c6bdcf4,M07,M,SAD,5,S10,T4,
5629,subesco,M_07_SIBLY_S_10_SAD_5.wav,355370,be7835e882ee9f2adf56b000ef8752477571e741dd61f2011e591653d2ea7b5c,M07,M,SAD,5,S10,T5,
5630,subesco,M_07_SIBLY_S_10_SURPRISE_1.wav,386796,488f541fad6c8daf62ad9ca5e4a925a1b2333873f086c45a52e2897479f90d9d,M07,M,SURPRISE,6,S10,T1,
5631,subesco,M_07_SIBLY_S_10_SURPRISE_2.wav,385682,00b5965ebf691c498c52b4770e6622a6106fc76469c88312a28dde79c62791b2,M07,M,SURPRISE,6,S10,T2,
5632,subesco,M_07_SIBLY_S_10_SURPRISE_3.wav,386796,2d34d49d25009963f33606278f8da6d0136a189f01d7096bfca0b9803c5a898d,M07,M,SURPRISE,6,S10,T3,
5633,subesco,M_07_SIBLY_S_10_SURPRISE_4.wav,385682,c026cdeac75e2616a48699280ad271f92fcf9b2672a20be5663d9a0a8b571da7,M07,M,SURPRISE,6,S10,T4,
5634,subesco,M_07_SIBLY_S_10_SURPRISE_5.wav,386796,0e33635a560bb9a423d0af214c48897e90af39b50d1cf419f067ea3a463e7c7d,M07,M,SURPRISE,6,S10,T5,
5635,subesco,M_07_SIBLY_S_1_ANGRY_1.wav,365610,1c7b5ca7d62eef62fc485391d91878508b0c5f077088187ddc9b0ac317de2515,M07,M,ANGRY,0,S1,T1,
5636,subesco,M_07_SIBLY_S_1_ANGRY_2.wav,361516,a1d6c3c969f2a1cc3bc385e76405e2e022e82466b9f29879ba8de236a5d65f8f,M07,M,ANGRY,0,S1,T2,
5637,subesco,M_07_SIBLY_S_1_ANGRY_3.wav,350252,317e0805db506c6ad3e88a31d92ef68b13914e9fc72be6f7a339545d4b07b1d5,M07,M,ANGRY,0,S1,T3,
5638,subesco,M_07_SIBLY_S_1_ANGRY_4.wav,361516,8c3527a8352c8b0de556c996d8ebc4f1f8c3e66775e462855afe18144438d86e,M07,M,ANGRY,0,S1,T4,
5639,subesco,M_07_SIBLY_S_1_ANGRY_5.wav,355370,7391fdffa7f1f20368f78ff68e3c772d292bbb38eb6470f5c7d7bfa1373b9468,M07,M,ANGRY,0,S1,T5,
5640,subesco,M_07_SIBLY_S_1_DISGUST_1.wav,386796,26b19aff8b76e9c345a4d28031d3c93c370e8fa24fcfd6fad438d558a19f1d74,M07,M,DISGUST,1,S1,T1,
5641,subesco,M_07_SIBLY_S_1_DISGUST_2.wav,386796,2b683e583eceb992af5a5635afcb7087f104ef7bdf33bbe40a65ff631df95a64,M07,M,DISGUST,1,S1,T2,
5642,subesco,M_07_SIBLY_S_1_DISGUST_3.wav,386796,5d40968ef8beb20eb6d3beea4dd06b7279af4a3aea058e3b6753c90fd4a8a89e,M07,M,DISGUST,1,S1,T3,
5643,subesco,M_07_SIBLY_S_1_DISGUST_4.wav,384566,0d1df77a5eae3a3052f74c6e39bb3f4e0b835ef7e99eda60099a13ff7aee07a7,M07,M,DISGUST,1,S1,T4,
5644,subesco,M_07_SIBLY_S_1_DISGUST_5.wav,386796,94cee731a2fd9762a1929dc96f77dea2fd1dc83503b41ceb245e6697f6a07100,M07,M,DISGUST,1,S1,T5,
5645,subesco,M_07_SIBLY_S_1_FEAR_1.wav,367660,aaae0ea20e53e5606e8187cf85acfd9bf214ff4d31723fea6b74b681c4e90381,M07,M,FEAR,2,S1,T1,
5646,subesco,M_07_SIBLY_S_1_FEAR_2.wav,365612,d609afb2155aad93419d75731ffa880df1f543d8db61d670dd1914dcfae73be2,M07,M,FEAR,2,S1,T2,
5647,subesco,M_07_SIBLY_S_1_FEAR_3.wav,363564,cbe3ae356544b60062b6c562b1b0e07ced1ae5b186b9662a2f4921f1fbd8add2,M07,M,FEAR,2,S1,T3,
5648,subesco,M_07_SIBLY_S_1_FEAR_4.wav,353324,bcbd166e6c65e8da002d8ba96d2786b1167ba6205b870150980bf6de5a4e65a0,M07,M,FEAR,2,S1,T4,
5649,subesco,M_07_SIBLY_S_1_FEAR_5.wav,361516,97f5c5472dee78eb47339405d219c0e27c77bb517e1d6e86d89628c2bc9b558d,M07,M,FEAR,2,S1,T5,
5650,subesco,M_07_SIBLY_S_1_HAPPY_1.wav,363564,14a3fbf207376f87c89c735a5ac245668928cdf7c8edc587918c02d410d7c9f6,M07,M,HAPPY,3,S1,T1,
5651,subesco,M_07_SIBLY_S_1_HAPPY_2.wav,345132,be494184708a836863776c553569371e1bb859e248d873d21806de18fc87b48b,M07,M,HAPPY,3,S1,T2,
5652,subesco,M_07_SIBLY_S_1_HAPPY_3.wav,351274,c22d0eaf8d0468947e0572c7042b05779fde4a7ea847bab617ebec3a1ad2e349,M07,M,HAPPY,3,S1,T3,
5653,subesco,M_07_SIBLY_S_1_HAPPY_4.wav,351274,b72c2d47a70f7cc340763a10a9df8b6328da3369dea0f4d24ab365a0d2f0bd8d,M07,M,HAPPY,3,S1,T4,
5654,subesco,M_07_SIBLY_S_1_HAPPY_5.wav,357422,b7ab07597e6998acbdf14b6cfb53f81888579b24be861dea901a9e0a7daf357a,M07,M,HAPPY,3,S1,T5,
5655,subesco,M_07_SIBLY_S_1_NEUTRAL_1.wav,386796,a25d838b55724a88e66a8aa9799fc83dad4b0b2560fbed30b83fc3b2badb594f,M07,M,NEUTRAL,4,S1,T1,
5656,subesco,M_07_SIBLY_S_1_NEUTRAL_2.wav,385682,bbc55356ede1fb9de7c25642cbcce30cfea356316acee7142352faa00ed3d68b,M07,M,NEUTRAL,4,S1,T2,
5657,subesco,M_07_SIBLY_S_1_NEUTRAL_3.wav,384566,f9ad84e6268a5ca4cbd99dd82ed43656e913b3dc9e2e5e872842e7787303b8e4,M07,M,NEUTRAL,4,S1,T3,
5658,subesco,M_07_SIBLY_S_1_NEUTRAL_4.wav,386796,20a3775edcef78d0b375a6ca7397db81429a6c61c1d509218e6a11d09f9a0827,M07,M,NEUTRAL,4,S1,T4,
5659,subesco,M_07_SIBLY_S_1_NEUTRAL_5.wav,385682,6313062e206007ab217a3a75f5cfbb563c0537d992c0db92a1d55960c50b76f8,M07,M,NEUTRAL,4,S1,T5,
5660,subesco,M_07_SIBLY_S_1_SAD_1.wav,350254,638a07ef2d4bb6d1d71ef0813896d049e3ef6ec7061b2d4f012d1b24b5ee5d35,M07,M,SAD,5,S1,T1,
5661,subesco,M_07_SIBLY_S_1_SAD_2.wav,356396,ce7d2539fe7579dbab7d6014d288112f8427e973aa78f14196992f2646816af2,M07,M,SAD,5,S1,T2,
5662,subesco,M_07_SIBLY_S_1_SAD_3.wav,365612,4780b71ec26123b87c7bfcb22bc90378e2bb95d6a58b9cee14e47b8a8e71863f,M07,M,SAD,5,S1,T3,
5663,subesco,M_07_SIBLY_S_1_SAD_4.wav,356396,84c1ced5a0a8fd5e46f5834a1ec6c78c9055ca6abf152df4e6027dd5bf96ed9e,M07,M,SAD,5,S1,T4,
5664,subesco,M_07_SIBLY_S_1_SAD_5.wav,361516,17f1cd65bce6e69cc66dcbe13818023a4d909fc1ad2090692c38461496e9b6b7,M07,M,SAD,5,S1,T5,
5665,subesco,M_07_SIBLY_S_1_SURPRISE_1.wav,362540,ebb30aef5610a4fbfcefb37f52f07dd248d10d7e8b44be305f9c738951c12476,M07,M,SURPRISE,6,S1,T1,
5666,subesco,M_07_SIBLY_S_1_SURPRISE_2.wav,346156,7d5c24a007d904593cce3bcf4f8b09192709dbc5c3cd0349eeb143d09d98c307,M07,M,SURPRISE,6,S1,T2,
5667,subesco,M_07_SIBLY_S_1_SURPRISE_3.wav,367662,12a95adcd6e5174a70674082cc06bc53938e9060452e8a60da353ac2084c5ab7,M07,M,SURPRISE,6,S1,T3,
5668,subesco,M_07_SIBLY_S_1_SURPRISE_4.wav,370732,38bf8aa89f127e520f9587f127e0252251b560ea12cbd3ba52ad4806015b1e71,M07,M,SURPRISE,6,S1,T4,
5669,subesco,M_07_SIBLY_S_1_SURPRISE_5.wav,358444,a79e2899e662b2c432569ee55dffb620e2eaba56b8e270bbfe8a2bd080b9e77e,M07,M,SURPRISE,6,S1,T5,
5670,subesco,M_07_SIBLY_S_2_ANGRY_1.wav,362540,f70a0fb017d74fe5d2f81e92dc162a4418613c57ddc399f313c49ac01a174ca7,M07,M,ANGRY,0,S2,T1,
5671,subesco,M_07_SIBLY_S_2_ANGRY_2.wav,351276,7ae9818202c12cc1144bbde6d47931f9519ae37c280e49e148412317955057d4,M07,M,ANGRY,0,S2,T2,
5672,subesco,M_07_SIBLY_S_2_ANGRY_3.wav,348204,495ed02c601464e2b45f2ce74bdd82b85aac57dc510f0b807bf8d19c43f95cc2,M07,M,ANGRY,0,S2,T3,
5673,subesco,M_07_SIBLY_S_2_ANGRY_4.wav,348204,a4829997bf6405021c750f02550aa050c9550635be3af0a35e76726ec47e2843,M07,M,ANGRY,0,S2,T4,
5674,subesco,M_07_SIBLY_S_2_ANGRY_5.wav,363564,5868498fb305ba4db29911e92a50f4ccde3c0191ee1105b8acb745ab420c54d7,M07,M,ANGRY,0,S2,T5,
5675,subesco,M_07_SIBLY_S_2_DISGUST_1.wav,384566,15e71d18ddb11783ac9dcc55c927dd5ba0290ba29da19e2cf3b51ca8cb946424,M07,M,DISGUST,1,S2,T1,
5676,subesco,M_07_SIBLY_S_2_DISGUST_2.wav,386796,c48bfdacc66c5a74e571514d0286c7f04b5527a66ad5f450381d8d164757a86d,M07,M,DISGUST,1,S2,T2,
5677,subesco,M_07_SIBLY_S_2_DISGUST_3.wav,386796,f880cd110aa9f11f2c78f42f8fa854c2f35bb653a45393cb230830c3b1d7263d,M07,M,DISGUST,1,S2,T3,
5678,subesco,M_07_SIBLY_S_2_DISGUST_4.wav,386796,c3aac768fd5a819fbae9604756ebb65d9e6f5843ef629529a53c689a737f6972,M07,M,DISGUST,1,S2,T4,
5679,subesco,M_07_SIBLY_S_2_DISGUST_5.wav,386796,17235f4f13b07f9605eb3a9e3cee63b6ba2e07bf7384b580e73437a96f1e06da,M07,M,DISGUST,1,S2,T5,
5680,subesco,M_07_SIBLY_S_2_FEAR_1.wav,373804,29f255091d8d999d4c6c84e260422dcbf59796dd0163ebca4fdfea5570cf2592,M07,M,FEAR,2,S2,T1,
5681,subesco,M_07_SIBLY_S_2_FEAR_2.wav,368684,eb4483ff0a5922b18ba30a88f70cc49ea05022408da8d4bd47cf355f3ab3f2c4,M07,M,FEAR,2,S2,T2,
5682,subesco,M_07_SIBLY_S_2_FEAR_3.wav,357422,9b520f9f5fcfb6d5af4a1fca200fb122a637c92d0c4a8104438693423d0e8dc5,M07,M,FEAR,2,S2,T3,
5683,subesco,M_07_SIBLY_S_2_FEAR_4.wav,359468,e4acb65fb338c145d7387b946ae2f175a38dbf2e96eab1dcc1710b4fb1c65dc0,M07,M,FEAR,2,S2,T4,
5684,subesco,M_07_SIBLY_S_2_FEAR_5.wav,354348,c6d2b6bc565dac9980f3e6d9d6a45c3c010d83b39f93867bd04fb9119a45bac0,M07,M,FEAR,2,S2,T5,
5685,subesco,M_07_SIBLY_S_2_HAPPY_1.wav,360492,0f0b5e02d7ac614a7defa3dd71ed04a8a5e6609af5a477bdf57947af7bc9bd59,M07,M,HAPPY,3,S2,T1,
5686,subesco,M_07_SIBLY_S_2_HAPPY_2.wav,371756,6845dd5c44f270b61f0840242ba1ed1070c67a198bab68aa4b322675dac7fcf1,M07,M,HAPPY,3,S2,T2,
5687,subesco,M_07_SIBLY_S_2_HAPPY_3.wav,346156,1d6306acc45f39fa58dee25010423b427b1a6655269c3815bfe235f1c15e2468,M07,M,HAPPY,3,S2,T3,
5688,subesco,M_07_SIBLY_S_2_HAPPY_4.wav,343086,a368c63e608297dba66095ca5679f6b59790b60a8f57ccc29de4c1464696b432,M07,M,HAPPY,3,S2,T4,
5689,subesco,M_07_SIBLY_S_2_HAPPY_5.wav,356396,c78d55c2051d9fc4fb364214825c21ecc5ac11d29357e2c659a0634cf3682b48,M07,M,HAPPY,3,S2,T5,
5690,subesco,M_07_SIBLY_S_2_NEUTRAL_1.wav,385682,a257317c044711654ea001c02a09214b09adde2174eddd6a0a8a85c2f2ab86f8,M07,M,NEUTRAL,4,S2,T1,
5691,subesco,M_07_SIBLY_S_2_NEUTRAL_2.wav,386796,32d141359beaa3cd00901a5afba7c7d019be1930e6cac472fa2d204c10f812ba,M07,M,NEUTRAL,4,S2,T2,
5692,subesco,M_07_SIBLY_S_2_NEUTRAL_3.wav,385682,2e301d52673075d7c2ef3705efbde345ba869daf35724a3dc27e63e538251505,M07,M,NEUTRAL,4,S2,T3,
5693,subesco,M_07_SIBLY_S_2_NEUTRAL_4.wav,385682,be8899812c72a2b35fd453e3c6c4b6410933c006b4b5265746aeb722c94cab69,M07,M,NEUTRAL,4,S2,T4,
5694,subesco,M_07_SIBLY_S_2_NEUTRAL_5.wav,386796,e15b3dd80972a820dc3811ecfd6251035c0c234222bea0d62793c4cf5159c6f2,M07,M,NEUTRAL,4,S2,T5,
5695,subesco,M_07_SIBLY_S_2_SAD_1.wav,354348,3d2e92b0a8a005f38f129cab56d347432d4df638e15e652e452d81d93c0664dd,M07,M,SAD,5,S2,T1,
5696,subesco,M_07_SIBLY_S_2_SAD_2.wav,369706,71adcfe83610433584e30143143301ad2e793b5c5007e55a645fcab4e352fbdb,M07,M,SAD,5,S2,T2,
5697,subesco,M_07_SIBLY_S_2_SAD_3.wav,347180,b89d6c68264552321e1ab3df7253f95cf338b900bff355346f562be00bf61e5b,M07,M,SAD,5,S2,T3,
5698,subesco,M_07_SIBLY_S_2_SAD_4.wav,351276,a0496cbf5a60b747bd1453df80ebb29b7d207f4dc9ac8c58398934659fec2aed,M07,M,SAD,5,S2,T4,
5699,subesco,M_07_SIBLY_S_2_SAD_5.wav,368686,0beffa16be5e0451139c4245a5170dac7fed4bdb06e0a2aa685e1cc1f1d8dddb,M07,M,SAD,5,S2,T5,
5700,subesco,M_07_SIBLY_S_2_SURPRISE_1.wav,386796,1105c42b7318ddce2ef4bd6e5814d59e6da071b81ef2176d73c7f4c3259be884,M07,M,SURPRISE,6,S2,T1,
5701,subesco,M_07_SIBLY_S_2_SURPRISE_2.wav,386796,b0c18c39a1bc4e9dfa6241484d77bed2e3d1021504e9826c77d01c1713611790,M07,M,SURPRISE,6,S2,T2,
5702,subesco,M_07_SIBLY_S_2_SURPRISE_3.wav,386796,b565a715e3aa86aadd0e42c9246af69af99b987e1e30ddb310d0bdd682c1236f,M07,M,SURPRISE,6,S2,T3,
5703,subesco,M_07_SIBLY_S_2_SURPRISE_4.wav,386796,7f22f9d6beae604ccfecd13f0b65b2763d4bf7501d38f47eda8d009b46dd47bd,M07,M,SURPRISE,6,S2,T4,
5704,subesco,M_07_SIBLY_S_2_SURPRISE_5.wav,385682,fbf729f53b62302e7639f2d6f565860271c94e9f0f2075a6d545f1ff5f93a0c7,M07,M,SURPRISE,6,S2,T5,
5705,subesco,M_07_SIBLY_S_3_ANGRY_1.wav,356396,42516b9940d0a45fdc70f9d685fa3bb0d8bc0893d39c0ae4639609abd29096c8,M07,M,ANGRY,0,S3,T1,
5706,subesco,M_07_SIBLY_S_3_ANGRY_2.wav,359468,83f4a9488050f003b286d521a0d50d92cb27ce8c24b4182e81cb374622d29010,M07,M,ANGRY,0,S3,T2,
5707,subesco,M_07_SIBLY_S_3_ANGRY_3.wav,352300,2c7a356576effeee1da6770181e4cfcf062819e85753dbaf9a6561153be9e315,M07,M,ANGRY,0,S3,T3,
5708,subesco,M_07_SIBLY_S_3_ANGRY_4.wav,364590,352f58033af1e111152018a689ce7cfe39346a890b956fe45f03ef34079aafa2,M07,M,ANGRY,0,S3,T4,
5709,subesco,M_07_SIBLY_S_3_ANGRY_5.wav,357420,474cc4a88c703049db79912aac15bdf3f69e7e61e2fb6a5efe6163a274b8e449,M07,M,ANGRY,0,S3,T5,
5710,subesco,M_07_SIBLY_S_3_DISGUST_1.wav,386796,1fd1a6b940d21822c3bf0be1e27afad89a9abc83013da314dc999867b344fe78,M07,M,DISGUST,1,S3,T1,
5711,subesco,M_07_SIBLY_S_3_DISGUST_2.wav,386796,95405f55ab8baacc43a556e57662f4b5b5ee252b5b1fde0a2b256ab1d4a028b0,M07,M,DISGUST,1,S3,T2,
5712,subesco,M_07_SIBLY_S_3_DISGUST_3.wav,385682,eb56d92faee7dcaa0bf2ed57f592c6d390c8074431ba2f7e850b09bdc5e17fd2,M07,M,DISGUST,1,S3,T3,
5713,subesco,M_07_SIBLY_S_3_DISGUST_4.wav,386796,76e24b7f6ec19ef9a0efd8fb6ed4b2a69c5eba1aba3da9f19162e965e9118a88,M07,M,DISGUST,1,S3,T4,
5714,subesco,M_07_SIBLY_S_3_DISGUST_5.wav,386796,6f94cc362a29788efc63592b9ab36f4c78104ba3da98f1584f62280a7427ff21,M07,M,DISGUST,1,S3,T5,
5715,subesco,M_07_SIBLY_S_3_FEAR_1.wav,359468,fd3e089eb7e7d03dbd08ae61e982d77a823a773360f71d04b98ce071955ed369,M07,M,FEAR,2,S3,T1,
5716,subesco,M_07_SIBLY_S_3_FEAR_2.wav,357420,d1fa880f0459cee9060bc8e25a9f490d5e84682eccc79b98ceaede8a70263301,M07,M,FEAR,2,S3,T2,
5717,subesco,M_07_SIBLY_S_3_FEAR_3.wav,353324,5c6253def66aff4887a559ae20052b2966fc6021fd7a5347611846bfa67a871e,M07,M,FEAR,2,S3,T3,
5718,subesco,M_07_SIBLY_S_3_FEAR_4.wav,370732,7a1cb425c06ae3b6e3b720af8ffdc581b4386b41c47a706e8f68aa70cc8d9690,M07,M,FEAR,2,S3,T4,
5719,subesco,M_07_SIBLY_S_3_FEAR_5.wav,357420,d7cc00cfc193c3fb4a5a69e7a1609b575f2eb8ae8f1fe32ec61acfe779cbf63a,M07,M,FEAR,2,S3,T5,
5720,subesco,M_07_SIBLY_S_3_HAPPY_1.wav,361516,5d81691be2273c58e36513fa162c67b22c0c47f155d873f7b4c6fad799558ac1,M07,M,HAPPY,3,S3,T1,
5721,subesco,M_07_SIBLY_S_3_HAPPY_2.wav,372780,dcbc498b5d9e0481982e6f465520c2b9e23508060fba657a858bf9e7f3887cea,M07,M,HAPPY,3,S3,T2,
5722,subesco,M_07_SIBLY_S_3_HAPPY_3.wav,372780,94f27a6623c806df66f5619150fd1d0c21c85ad55d3139d05406c431ab44ad31,M07,M,HAPPY,3,S3,T3,
5723,subesco,M_07_SIBLY_S_3_HAPPY_4.wav,348204,48a3a88503646bde49b28380f1f40ddc80ae8d8fa8f6ae989195069e12e6523d,M07,M,HAPPY,3,S3,T4,
5724,subesco,M_07_SIBLY_S_3_HAPPY_5.wav,350252,7a224e8a77bcd33fbb67061cf8ad94a082b0d864d30420a160cdaa66413bcae8,M07,M,HAPPY,3,S3,T5,
5725,subesco,M_07_SIBLY_S_3_NEUTRAL_1.wav,383452,529fdeb6f1b169e6c8ac36acb3d2ed4b1ff678fe581ba79b77ca42630edb7d8b,M07,M,NEUTRAL,4,S3,T1,
5726,subesco,M_07_SIBLY_S_3_NEUTRAL_2.wav,386796,e59655739dc53580a54cebb15e4032d1f9fb8984feb8382a4622c92f0cd28273,M07,M,NEUTRAL,4,S3,T2,
5727,subesco,M_07_SIBLY_S_3_NEUTRAL_3.wav,386796,e080d6336918460aa398c6a7ca3e4cf92e458678dc2b7f7e07b763adcec49b50,M07,M,NEUTRAL,4,S3,T3,
5728,subesco,M_07_SIBLY_S_3_NEUTRAL_4.wav,385682,e97bb3f5eda839f3a9c96786426c70b9945418d087a4dd4f1dccce8ad8b3bdce,M07,M,NEUTRAL,4,S3,T4,
5729,subesco,M_07_SIBLY_S_3_NEUTRAL_5.wav,386796,9763d8443f904b0b1891ead21f81943363b5feb68adbc1f31f1959648495a28d,M07,M,NEUTRAL,4,S3,T5,
5730,subesco,M_07_SIBLY_S_3_SAD_1.wav,386796,9f09900be2587b32f0df583ae219ec631c6b7d9f20281ea61401437ea10ce18c,M07,M,SAD,5,S3,T1,
5731,subesco,M_07_SIBLY_S_3_SAD_2.wav,386796,c0698c4da55533a5431ea29624a93a61a6dc9279e2a01d31118e60939a8cf510,M07,M,SAD,5,S3,T2,
5732,subesco,M_07_SIBLY_S_3_SAD_3.wav,386796,162a8dba17b57d1f66054dd98c92f91fb2d9e5164dcd12be33084395414c4d52,M07,M,SAD,5,S3,T3,
5733,subesco,M_07_SIBLY_S_3_SAD_4.wav,386796,70adaedf6c501337ac5db025f1a5f73b7641119007a7018ec095264d31e47978,M07,M,SAD,5,S3,T4,
5734,subesco,M_07_SIBLY_S_3_SAD_5.wav,386796,875b9cc7a2fe2573e00bbed07c659e56b8e0791939619daa60a190d176d074b5,M07,M,SAD,5,S3,T5,
5735,subesco,M_07_SIBLY_S_3_SURPRISE_1.wav,385682,98b9f52136e0ef880bd37e7712693d890a0f42c3b4f25e1e08e437cf63fa11e8,M07,M,SURPRISE,6,S3,T1,
5736,subesco,M_07_SIBLY_S_3_SURPRISE_2.wav,385682,915596d6262ea18aa233c5f762001a367969bc4b38addf2116b4e895e5cd7ef3,M07,M,SURPRISE,6,S3,T2,
5737,subesco,M_07_SIBLY_S_3_SURPRISE_3.wav,385682,a053f1b4a0d00035ef917f485613eea37b9bd98ee6d403f4ecc9290be0769858,M07,M,SURPRISE,6,S3,T3,
5738,subesco,M_07_SIBLY_S_3_SURPRISE_4.wav,386796,258dc0739b3ee9fd4caee413d6e5938e132c1b6c5ac2613b0790d0df13627300,M07,M,SURPRISE,6,S3,T4,
5739,subesco,M_07_SIBLY_S_3_SURPRISE_5.wav,385682,fdd1117bfe7a7f02173a42f3abb5549a8031830156ecd3aaecea71b20c37d087,M07,M,SURPRISE,6,S3,T5,
5740,subesco,M_07_SIBLY_S_4_ANGRY_1.wav,364588,66dcaf4c9372d1f0bb23c9d691ad2464c48783f476cafc84f3d8c0c656ef203c,M07,M,ANGRY,0,S4,T1,
5741,subesco,M_07_SIBLY_S_4_ANGRY_2.wav,368684,7097a3e948de8f7897cda68944a39422b62a08a2354471e7d4ed16ebe05fc5c2,M07,M,ANGRY,0,S4,T2,
5742,subesco,M_07_SIBLY_S_4_ANGRY_3.wav,368684,031eb5ef954cfbc90fdbc9d295d7fae4ca34fae3f1c3902b8729fffbd00c57e7,M07,M,ANGRY,0,S4,T3,
5743,subesco,M_07_SIBLY_S_4_ANGRY_4.wav,368684,5158f598b723a6bc25c274efa55749679fb014435b5380d9255179d482e4ab0c,M07,M,ANGRY,0,S4,T4,
5744,subesco,M_07_SIBLY_S_4_ANGRY_5.wav,370732,4ce5d1e40df961f4d665f6d67242d8cfe5d13b01026098106085343d8902cd89,M07,M,ANGRY,0,S4,T5,
5745,subesco,M_07_SIBLY_S_4_DISGUST_1.wav,386796,be112ba49397bea9445109c0404a89901e1e000436c2d6db0b3ed084161eb675,M07,M,DISGUST,1,S4,T1,
5746,subesco,M_07_SIBLY_S_4_DISGUST_2.wav,386796,b2364c9102e8c125620e65adfdee46d53d4bd1dcf098e102015b0aebcf14e4e6,M07,M,DISGUST,1,S4,T2,
5747,subesco,M_07_SIBLY_S_4_DISGUST_3.wav,386796,294a49767f4f3d97eb0689657e8acc1ac74d44817ebd4fb02b8ad53aa2d72010,M07,M,DISGUST,1,S4,T3,
5748,subesco,M_07_SIBLY_S_4_DISGUST_4.wav,386796,cfdd81cf7c44eccefc8ad948f4ed0f192b0b327ed7446da16ac5a9119a6be2d7,M07,M,DISGUST,1,S4,T4,
5749,subesco,M_07_SIBLY_S_4_DISGUST_5.wav,386796,1128d31bc37e96bd3b7a2e0d9fc75bf50eb6f2a5412b27e7f43006864c7b0f4a,M07,M,DISGUST,1,S4,T5,
5750,subesco,M_07_SIBLY_S_4_FEAR_1.wav,361516,35ce8f5c3006ff1ad4da7befcb365501baefb30f6fec7b39b5a911b8fe2f6a34,M07,M,FEAR,2,S4,T1,
5751,subesco,M_07_SIBLY_S_4_FEAR_2.wav,348204,ac227dfe5995cf84d6a1c87b88b6206995072867e6f8088d8e941b25729407cf,M07,M,FEAR,2,S4,T2,
5752,subesco,M_07_SIBLY_S_4_FEAR_3.wav,345132,c7729c840486a1cb10ef56c1802969409039dcc736ed8be3135d5e1c4acdb83a,M07,M,FEAR,2,S4,T3,
5753,subesco,M_07_SIBLY_S_4_FEAR_4.wav,345132,42db154c3100a54c07dbc744df2035fa20f338610926809308306dba46fe3e0f,M07,M,FEAR,2,S4,T4,
5754,subesco,M_07_SIBLY_S_4_FEAR_5.wav,362538,f319b1c9a325ebd9d7805eba3a2c1d0c78f7dec427b7b0dd953e7f9d920220d1,M07,M,FEAR,2,S4,T5,
5755,subesco,M_07_SIBLY_S_4_HAPPY_1.wav,349228,a08436159566da81f1ff2bbe9274d6bbc7567d148efc2aa59f95ce0bb50c72c9,M07,M,HAPPY,3,S4,T1,
5756,subesco,M_07_SIBLY_S_4_HAPPY_2.wav,355372,8657728e4d41b7eca29ae1a3c707c3d188286c770796f35a28f9516c92979ad0,M07,M,HAPPY,3,S4,T2,
5757,subesco,M_07_SIBLY_S_4_HAPPY_3.wav,350252,9560be60e2d085f8b3b409a8a591152be726e12faa06d20b4b3fbb9160ed38f8,M07,M,HAPPY,3,S4,T3,
5758,subesco,M_07_SIBLY_S_4_HAPPY_4.wav,353324,18b5422cd9cf141e39dd27a25af574f8431ebcea35fd4df8bba2ee19ace6be70,M07,M,HAPPY,3,S4,T4,
5759,subesco,M_07_SIBLY_S_4_HAPPY_5.wav,358442,11bf0fd793dd661bd6eb719596b70ce74e9b2dfc057da7e84e02b70962aa2f58,M07,M,HAPPY,3,S4,T5,
5760,subesco,M_07_SIBLY_S_4_NEUTRAL_1.wav,386796,65be9523e9e46e2a6b77e2b3ff60492a44b72110c913f397b7ba19ec1d307260,M07,M,NEUTRAL,4,S4,T1,
5761,subesco,M_07_SIBLY_S_4_NEUTRAL_2.wav,385682,04bd3b5f1f2b9226810a8ab96639c6b8c6c4c0a281a680b2daf0d89b4842edf1,M07,M,NEUTRAL,4,S4,T2,
5762,subesco,M_07_SIBLY_S_4_NEUTRAL_3.wav,386796,b74c58c0c90ef16d0c864ebb6099118a323c5eb1dfbf020f3b35c1aa7161dfb7,M07,M,NEUTRAL,4,S4,T3,
5763,subesco,M_07_SIBLY_S_4_NEUTRAL_4.wav,383452,c3b48c96b4d3b0ac827370e715a0b217afc516170f4e471b6049e9ee87dacfc9,M07,M,NEUTRAL,4,S4,T4,
5764,subesco,M_07_SIBLY_S_4_NEUTRAL_5.wav,769088,b9d29e1ed9a52ffeab5d0069ace482304d3a40c7ece707735402451b40381618,M07,M,NEUTRAL,4,S4,T5,
5765,subesco,M_07_SIBLY_S_4_SAD_1.wav,360492,ea5c73cac74e5f9329d220088657864979e289ff8a962a133def8be2790d1b56,M07,M,SAD,5,S4,T1,
5766,subesco,M_07_SIBLY_S_4_SAD_2.wav,351276,d8cf660b29aa76a8797f7eaf2c4265d03c357905b0132119cbbca98a02947985,M07,M,SAD,5,S4,T2,
5767,subesco,M_07_SIBLY_S_4_SAD_3.wav,364588,723c952f4f7a1bdcf726b52871bf19686c006b5fecda72256cc272a1d31e8f61,M07,M,SAD,5,S4,T3,
5768,subesco,M_07_SIBLY_S_4_SAD_4.wav,353326,9dca6d74ebe630dd31f0563c8a239eb3cb1b3b5c1edc7d509cd0e75f3c9e23c3,M07,M,SAD,5,S4,T4,
5769,subesco,M_07_SIBLY_S_4_SAD_5.wav,375852,d2f7900b456d405ee4375df98320ee0f93bc9c6d7000e08958269694a31097a3,M07,M,SAD,5,S4,T5,
5770,subesco,M_07_SIBLY_S_4_SURPRISE_1.wav,384566,0f716c0350e87d25494ca0323b484794869ef2151e767fbb6619f4a2c4ba0770,M07,M,SURPRISE,6,S4,T1,
5771,subesco,M_07_SIBLY_S_4_SURPRISE_2.wav,386796,cbeec3a0ce13df9df68b0cdb489930a24a9c234e8368e9547d75d4369547535e,M07,M,SURPRISE,6,S4,T2,
5772,subesco,M_07_SIBLY_S_4_SURPRISE_3.wav,386796,8bf891235578667b338cb4e7c1e4dd17fc0d77792d3bcaa2ead7e22fa7bdac82,M07,M,SURPRISE,6,S4,T3,
5773,subesco,M_07_SIBLY_S_4_SURPRISE_4.wav,386796,1859af6f60d5f84d51e0aaa4e2a03917627f66ce9edcc177cde01307111ef128,M07,M,SURPRISE,6,S4,T4,
5774,subesco,M_07_SIBLY_S_4_SURPRISE_5.wav,386796,e4c8b438e61550b3b499451bf2ff9a119a3d275f57303df557c84ea7d3530a18,M07,M,SURPRISE,6,S4,T5,
5775,subesco,M_07_SIBLY_S_5_ANGRY_1.wav,355370,b5296eda815cf4e1153adf32bd45f43708468b22398ec1e093c6f9743c7c3c61,M07,M,ANGRY,0,S5,T1,
5776,subesco,M_07_SIBLY_S_5_ANGRY_2.wav,360492,5cd75e8129e5ecedee32153e59506133b093bb570d0e0d25eb5b85aead6544e9,M07,M,ANGRY,0,S5,T2,
5777,subesco,M_07_SIBLY_S_5_ANGRY_3.wav,360492,6dfeed67e7f035b01c0dfe8a4a7438a4663dd341307850718c3c1113147fb098,M07,M,ANGRY,0,S5,T3,
5778,subesco,M_07_SIBLY_S_5_ANGRY_4.wav,371756,b56e7ae8136f595da8af7c59d595e50de8fc8f4820272802bbee8c0397cc0d8f,M07,M,ANGRY,0,S5,T4,
5779,subesco,M_07_SIBLY_S_5_ANGRY_5.wav,360492,16b23556a2476425f7358cf88a4645a44cf53ab5f98404b6bd36eccc242f2dac,M07,M,ANGRY,0,S5,T5,
5780,subesco,M_07_SIBLY_S_5_DISGUST_1.wav,386796,ec0aa249fc44bb5810b528a6f1cde870b8b6b088b8a08eba505809979223ae3d,M07,M,DISGUST,1,S5,T1,
5781,subesco,M_07_SIBLY_S_5_DISGUST_2.wav,385682,0323493bbb6f4a8d0a8a4c36dce60d6f3389f8204f01d91215314d4bc5c6c116,M07,M,DISGUST,1,S5,T2,
5782,subesco,M_07_SIBLY_S_5_DISGUST_3.wav,386796,79883e19021401cd01da80b9d67ca08e37a708f49a671e9a68756bd729ed6cb1,M07,M,DISGUST,1,S5,T3,
5783,subesco,M_07_SIBLY_S_5_DISGUST_4.wav,385682,a5e155bdc7eaf4249496e0e5d198568ebb74ee3ef2eb3dc562ea0d79d73bb63f,M07,M,DISGUST,1,S5,T4,
5784,subesco,M_07_SIBLY_S_5_DISGUST_5.wav,386796,8a2e61f4344c4ce70ca6abb5318df2295836b61cadae75d914e7bbfa15cdd10b,M07,M,DISGUST,1,S5,T5,
5785,subesco,M_07_SIBLY_S_5_FEAR_1.wav,353324,29454604725244c44b6d1b0216e5f1419d781e717eac8312d5b91c06c4b79772,M07,M,FEAR,2,S5,T1,
5786,subesco,M_07_SIBLY_S_5_FEAR_2.wav,347178,be9364a687e28cd1844ede1e13ca741f5c782dfd797dbd5961539e2ffb44d795,M07,M,FEAR,2,S5,T2,
5787,subesco,M_07_SIBLY_S_5_FEAR_3.wav,356396,b7f6c19a99696cf274f96f5a9ebe76248978fd99c1517db02073101771a16809,M07,M,FEAR,2,S5,T3,
5788,subesco,M_07_SIBLY_S_5_FEAR_4.wav,356396,0b4ec5d11e428b8d27473ea9dd0d3a4ae3a9d8d9601c17843b883bbf965cff84,M07,M,FEAR,2,S5,T4,
5789,subesco,M_07_SIBLY_S_5_FEAR_5.wav,365610,d024fe351019fa654e4af5393b12ae6681bc69ac50a1a1079c119d5f8730023e,M07,M,FEAR,2,S5,T5,
5790,subesco,M_07_SIBLY_S_5_HAPPY_1.wav,354348,fc9b98a5c1c2ee034b0a47dad64277fb3d56eafac42f956fa83d8ca2ce85256a,M07,M,HAPPY,3,S5,T1,
5791,subesco,M_07_SIBLY_S_5_HAPPY_2.wav,353324,6ff993f4ce3fbd2ff092fa744079e505bd1552924f2ef09fa62f58bb9da4755a,M07,M,HAPPY,3,S5,T2,
5792,subesco,M_07_SIBLY_S_5_HAPPY_3.wav,351276,96bdfbbdeb4b4012b740e5fa3cfd45056fd18678ffd07a2ab170e4f30a80f241,M07,M,HAPPY,3,S5,T3,
5793,subesco,M_07_SIBLY_S_5_HAPPY_4.wav,376876,184f5eb557b50a4b67d8d19951b94cdfa7167c44217437a975e7eae09d5a480e,M07,M,HAPPY,3,S5,T4,
5794,subesco,M_07_SIBLY_S_5_HAPPY_5.wav,362540,76367457fdde3ddfc29b35b84cab81f1e22f151a817a6c06284e4d5b4e22f24c,M07,M,HAPPY,3,S5,T5,
5795,subesco,M_07_SIBLY_S_5_NEUTRAL_1.wav,385682,62501e69d8c687fd524e5009ab39b8fe650deb7d5b31569a0b3eada922b92e6b,M07,M,NEUTRAL,4,S5,T1,
5796,subesco,M_07_SIBLY_S_5_NEUTRAL_2.wav,385682,85a5736c36f16b8a50551799ef3c95a472ea08d2b41f7f8ea5b688b7747052cb,M07,M,NEUTRAL,4,S5,T2,
5797,subesco,M_07_SIBLY_S_5_NEUTRAL_3.wav,386796,6d9a36d5b9410bbad462630ad1084d599081ab186bdcd79f1e524a631364c24f,M07,M,NEUTRAL,4,S5,T3,
5798,subesco,M_07_SIBLY_S_5_NEUTRAL_4.wav,385682,2b7ccc638dfe00033445d9730fc4acfc26415f0547b1fa55c13538787d50d786,M07,M,NEUTRAL,4,S5,T4,
5799,subesco,M_07_SIBLY_S_5_NEUTRAL_5.wav,385682,d8a2f54f24008e625290bf13479db0a1a5ae72e81e5efb1e5a0e2f3b21e27b81,M07,M,NEUTRAL,4,S5,T5,
5800,subesco,M_07_SIBLY_S_5_SAD_1.wav,386796,48691e313ebb931389fd3f0bcef1d37fde33ee41a51bbcee122c7f05294e345a,M07,M,SAD,5,S5,T1,
5801,subesco,M_07_SIBLY_S_5_SAD_2.wav,386796,b1d70a8f95021940dfea360fbd0636f23d7f23c769bb1756cd5c51bdbcedd5e3,M07,M,SAD,5,S5,T2,
5802,subesco,M_07_SIBLY_S_5_SAD_3.wav,386796,22222511f839f350f487d8e4bafddb05928d5748773d4bc379069b0898962d44,M07,M,SAD,5,S5,T3,
5803,subesco,M_07_SIBLY_S_5_SAD_4.wav,386796,4d5fc1c7cbf098a88083a09ca2ae0f10a54effdaeb166baaeb283cc483d22326,M07,M,SAD,5,S5,T4,
5804,subesco,M_07_SIBLY_S_5_SAD_5.wav,387910,071d65c457578a1e9d727180984a81897e7b599cd1ca53defe2782156800a36b,M07,M,SAD,5,S5,T5,
5805,subesco,M_07_SIBLY_S_5_SURPRISE_1.wav,385682,76ee6f99ad7b1d9ba3e4c0673372c3c017f3d5cf806f98e57313dba551013db4,M07,M,SURPRISE,6,S5,T1,
5806,subesco,M_07_SIBLY_S_5_SURPRISE_2.wav,387910,90fc9d9d47b567e759b14b794dcbfc7a5b16d69a6bbab8e3fac9c6e535d690a8,M07,M,SURPRISE,6,S5,T2,
5807,subesco,M_07_SIBLY_S_5_SURPRISE_3.wav,386796,916893d6c9e3357b363b1fa60a241d60d42c5abf0575944f0abe3200ab12d43d,M07,M,SURPRISE,6,S5,T3,
5808,subesco,M_07_SIBLY_S_5_SURPRISE_4.wav,386796,c9465933e45cdf298778e166a8618faa5aaf1a6177d87e89843da12461123bdb,M07,M,SURPRISE,6,S5,T4,
5809,subesco,M_07_SIBLY_S_5_SURPRISE_5.wav,386796,121c35c7472b9a8c388932fbf99685f99f3b7fe846ab26aa3070dc9bc4f2108a,M07,M,SURPRISE,6,S5,T5,
5810,subesco,M_07_SIBLY_S_6_ANGRY_1.wav,366636,69ff47aaa37f122ce8a6e5e7cd5875b3251aff5252305481496a03acb34aba19,M07,M,ANGRY,0,S6,T1,
5811,subesco,M_07_SIBLY_S_6_ANGRY_2.wav,355372,2834961f179ed575d6f00c565325fec857364f5a864b322818ebea4a69f3f666,M07,M,ANGRY,0,S6,T2,
5812,subesco,M_07_SIBLY_S_6_ANGRY_3.wav,352300,66a943dd2e28950bf382bc199475b2405967f22461d1dfe3e79c3841150c32c7,M07,M,ANGRY,0,S6,T3,
5813,subesco,M_07_SIBLY_S_6_ANGRY_4.wav,354348,4ecd02801e524e5abe000d6eb00516cc909ba167b5b5e1686605bd20136874e9,M07,M,ANGRY,0,S6,T4,
5814,subesco,M_07_SIBLY_S_6_ANGRY_5.wav,357420,b6238e2492257fcf974ad255d9bffb85d5e6d45203519cda3cb679e6693e6629,M07,M,ANGRY,0,S6,T5,
5815,subesco,M_07_SIBLY_S_6_DISGUST_1.wav,386796,35252b57a2eae739a3be83e6f85c28bfa3d5bb16dba3724dc79e78cb7b194b26,M07,M,DISGUST,1,S6,T1,
5816,subesco,M_07_SIBLY_S_6_DISGUST_2.wav,386796,795c9a0d9d7738a685c1c42bbe39230f83d25058c75108c1d24a0d778657ed8f,M07,M,DISGUST,1,S6,T2,
5817,subesco,M_07_SIBLY_S_6_DISGUST_3.wav,384566,2d4f59127aa5ee5d082a320a8fba9c3a49f9cdd2a73410603d727fde23c72ac4,M07,M,DISGUST,1,S6,T3,
5818,subesco,M_07_SIBLY_S_6_DISGUST_4.wav,386796,c8a9d89f96f6be2fb03cb36349d7a29c467015b1d7f9a50111eda2b90200e91f,M07,M,DISGUST,1,S6,T4,
5819,subesco,M_07_SIBLY_S_6_DISGUST_5.wav,386796,5ae25d6a16e8d71f19a8b5e55ec2a1e14bbb11813015e5d878ff745b5d6dc35c,M07,M,DISGUST,1,S6,T5,
5820,subesco,M_07_SIBLY_S_6_FEAR_1.wav,355372,620e2c347b9e9a6da561253743906f5287c755a51678ad5cd7b8e44b33d62335,M07,M,FEAR,2,S6,T1,
5821,subesco,M_07_SIBLY_S_6_FEAR_2.wav,353324,560f75388c1bd531ff33a2bd2316dfd49e7aa2e58ded020e38c4f16702d28ee4,M07,M,FEAR,2,S6,T2,
5822,subesco,M_07_SIBLY_S_6_FEAR_3.wav,368686,63ff24997f24dd7dd3c718e288ca5a16d2d491bdc2bacec8aa0ac54b664aabce,M07,M,FEAR,2,S6,T3,
5823,subesco,M_07_SIBLY_S_6_FEAR_4.wav,360492,63009500f98d25c72b3a53e839a3a181bddd0533fc5f3655f70b2b3ac805dffb,M07,M,FEAR,2,S6,T4,
5824,subesco,M_07_SIBLY_S_6_FEAR_5.wav,354348,7c2d41692b4cbdbd51456ca28cdea673cd0b2a35d95b099aab73d19cc899bdf8,M07,M,FEAR,2,S6,T5,
5825,subesco,M_07_SIBLY_S_6_HAPPY_1.wav,369706,594acb9187e6e27d86abc820addde6f641fabda341538636b5d29517354658c6,M07,M,HAPPY,3,S6,T1,
5826,subesco,M_07_SIBLY_S_6_HAPPY_2.wav,358442,daa94d5fbc7d61d93162eced9bd6e16ed5953b2391117d2f591476b867ccf9bd,M07,M,HAPPY,3,S6,T2,
5827,subesco,M_07_SIBLY_S_6_HAPPY_3.wav,354348,c5d9884617f59bf96b22970a3aea9538250e3b31c6097ccdab7e6d557db8d8c1,M07,M,HAPPY,3,S6,T3,
5828,subesco,M_07_SIBLY_S_6_HAPPY_4.wav,367660,35e02da891a5e1f387a4bd76308e97c1b685089a8cb6d58d0820af6656f481c5,M07,M,HAPPY,3,S6,T4,
5829,subesco,M_07_SIBLY_S_6_HAPPY_5.wav,380972,b814a75c32b939dcc5d9b7cc0809749cfb94bd5d67721db6957a6c0740a23405,M07,M,HAPPY,3,S6,T5,
5830,subesco,M_07_SIBLY_S_6_NEUTRAL_1.wav,384566,719c625e8f2ba2bba1f8c371c5d57ab428bab7c4bc2ae865fea3ea56c4b87620,M07,M,NEUTRAL,4,S6,T1,
5831,subesco,M_07_SIBLY_S_6_NEUTRAL_2.wav,386796,0d7dfbac0bde6a86b6b2e04956a12172bf5a8c003faf6369fd0ec15f330447ee,M07,M,NEUTRAL,4,S6,T2,
5832,subesco,M_07_SIBLY_S_6_NEUTRAL_3.wav,384566,234ebdedb2997e282f0f5282800b2adc35f638a1dcc09b30cf2e6b56cd5eaba9,M07,M,NEUTRAL,4,S6,T3,
5833,subesco,M_07_SIBLY_S_6_NEUTRAL_4.wav,384566,846844a73a1900e65cb88634c65cf95155761ad58c3ecb21206a6b628105fd87,M07,M,NEUTRAL,4,S6,T4,
5834,subesco,M_07_SIBLY_S_6_NEUTRAL_5.wav,386796,980ef6d4d47bad3c2c7fb93623b1d8570b459006381698dd5ad9cc9bc1cc8803,M07,M,NEUTRAL,4,S6,T5,
5835,subesco,M_07_SIBLY_S_6_SAD_1.wav,373804,d5299d3b07e7b1f0fbe26c61a726e32f4f5c041a29410a73f1525dfe08562e6b,M07,M,SAD,5,S6,T1,
5836,subesco,M_07_SIBLY_S_6_SAD_2.wav,354348,088490820c591fdbbb996262337b6d2717de6e91f56a5fa014ea5e544b0bbdd1,M07,M,SAD,5,S6,T2,
5837,subesco,M_07_SIBLY_S_6_SAD_3.wav,354348,7a0eb224b7024a5cf6360006af44f14fba90cd0bf719dec39d4dc74984c7e124,M07,M,SAD,5,S6,T3,
5838,subesco,M_07_SIBLY_S_6_SAD_4.wav,351276,ee3a4a37c93d66d43d65fcae9bd7bda82b97a9660b2f83c02d6653c3ebac1cc9,M07,M,SAD,5,S6,T4,
5839,subesco,M_07_SIBLY_S_6_SAD_5.wav,359468,6469872bdff79e913f469eb8787a8e086a67ef835d9eb365a38094878c41183e,M07,M,SAD,5,S6,T5,
5840,subesco,M_07_SIBLY_S_6_SURPRISE_1.wav,385682,f54e672d49f6b2a2e46d31bec0e3060861ff9c10feb6e9faae806b0e61229967,M07,M,SURPRISE,6,S6,T1,
5841,subesco,M_07_SIBLY_S_6_SURPRISE_2.wav,386796,a1771db98ae6a5a6c0c02cbcd406f5fa2ca56b0ca4ce82ec573115e07fa7d7db,M07,M,SURPRISE,6,S6,T2,
5842,subesco,M_07_SIBLY_S_6_SURPRISE_3.wav,386796,925d74d142e9bc28e6446e9ac0adeb70a2b13d3e251eb12cae4a0b8b1a03d9d6,M07,M,SURPRISE,6,S6,T3,
5843,subesco,M_07_SIBLY_S_6_SURPRISE_4.wav,386796,cd6dd33d98e7e011491eeb6f6440a5d2f0c357f153236cd9d280c34c0f228a18,M07,M,SURPRISE,6,S6,T4,
5844,subesco,M_07_SIBLY_S_6_SURPRISE_5.wav,386796,810e45b94ddf69c167cfac704def1176ad05093423f40402c0125da82dfe40f2,M07,M,SURPRISE,6,S6,T5,
5845,subesco,M_07_SIBLY_S_7_ANGRY_1.wav,350254,ea7c4efea6567d2a9c42dd71078e76f1101761b60107e02fc4ab97cbbe004904,M07,M,ANGRY,0,S7,T1,
5846,subesco,M_07_SIBLY_S_7_ANGRY_2.wav,365610,492cf1eb8aa05f664b373e9df96a37540e5eee808ffd81fb5e70ba74f06f2a2e,M07,M,ANGRY,0,S7,T2,
5847,subesco,M_07_SIBLY_S_7_ANGRY_3.wav,353324,0aab682826a8ebad4537fb7a68892b387d85f0caa22652c1f4f0a977243fe5cb,M07,M,ANGRY,0,S7,T3,
5848,subesco,M_07_SIBLY_S_7_ANGRY_4.wav,345132,0682ea51cae5adf411c5c1381b48bfc2e8a77679e4e7cc7a5b0f60bd9402c598,M07,M,ANGRY,0,S7,T4,
5849,subesco,M_07_SIBLY_S_7_ANGRY_5.wav,374828,dfeee9ba6e538546689e30741b7ed336905c4f240469905e25b091867518272f,M07,M,ANGRY,0,S7,T5,
5850,subesco,M_07_SIBLY_S_7_DISGUST_1.wav,386796,f31d187d092ad450439ec3925d41153ddcf6726eeee916041711e37dfa5fde8f,M07,M,DISGUST,1,S7,T1,
5851,subesco,M_07_SIBLY_S_7_DISGUST_2.wav,386796,085f900342e91faeec6942dc28da7db379f821670ffb78514640faa9abc1f2d5,M07,M,DISGUST,1,S7,T2,
5852,subesco,M_07_SIBLY_S_7_DISGUST_3.wav,385682,8b49a104679a06eb588d0f96ee7d6c506dacbfacd540a4e976097af70c2efc5d,M07,M,DISGUST,1,S7,T3,
5853,subesco,M_07_SIBLY_S_7_DISGUST_4.wav,386796,bc672484950662af21a7c4365f56b1b56093b387a5aa9add22460e3c1aea22f8,M07,M,DISGUST,1,S7,T4,
5854,subesco,M_07_SIBLY_S_7_DISGUST_5.wav,386796,83a424ec19de792461bf10d0f78c17f12fe57dcd2d0c32f9f312134cffc0ea9d,M07,M,DISGUST,1,S7,T5,
5855,subesco,M_07_SIBLY_S_7_FEAR_1.wav,338988,6fb89286292124b03ee5c132a053a065ec7542ebb5397cf16d3f582cc701e76e,M07,M,FEAR,2,S7,T1,
5856,subesco,M_07_SIBLY_S_7_FEAR_2.wav,396332,0dbaaa1d7ea95f2ca494281e432fa1463fdd3ca20ad2e9e30714b7c9e31313a7,M07,M,FEAR,2,S7,T2,
5857,subesco,M_07_SIBLY_S_7_FEAR_3.wav,361516,30cdb545eb2cfef235d844980de1588fa5ea00c3f7413f0da3d1a333d725f84a,M07,M,FEAR,2,S7,T3,
5858,subesco,M_07_SIBLY_S_7_FEAR_4.wav,362540,3a34b2cf6073f7829929be0cc4c1b82163eaefd849fa7194b45dc4ad4e462dc9,M07,M,FEAR,2,S7,T4,
5859,subesco,M_07_SIBLY_S_7_FEAR_5.wav,358444,8135ac073419974aae097a7cfd4a6e5c0daf308b578c3162bb5daa89e0152b61,M07,M,FEAR,2,S7,T5,
5860,subesco,M_07_SIBLY_S_7_HAPPY_1.wav,364590,cfeaafa4fc25b7b85c4ebac5d9506b1b843d7c1235b30c0320d3c241d387e9e6,M07,M,HAPPY,3,S7,T1,
5861,subesco,M_07_SIBLY_S_7_HAPPY_2.wav,360492,2656614f9d7544f0626752703e8057065010f6501bc14ea1bd77fa6dbb48fcae,M07,M,HAPPY,3,S7,T2,
5862,subesco,M_07_SIBLY_S_7_HAPPY_3.wav,368686,a9e1bdb34c0960b25e8a06252b7c0d9238d0ba367e9cf4c7639360ff28ac6342,M07,M,HAPPY,3,S7,T3,
5863,subesco,M_07_SIBLY_S_7_HAPPY_4.wav,360492,a6d1f001f169da2d94e3e8044c21170ce532f6bdac39547b8acf8eebaac6e763,M07,M,HAPPY,3,S7,T4,
5864,subesco,M_07_SIBLY_S_7_HAPPY_5.wav,370732,0a564c0459da237b18a7833c406a60f9397c74952ecd749064e18292ca8dd93a,M07,M,HAPPY,3,S7,T5,
5865,subesco,M_07_SIBLY_S_7_NEUTRAL_1.wav,385682,b64c5f8698957ab46512f765b738d3864ce0991c400396f15059975b1a8cfac8,M07,M,NEUTRAL,4,S7,T1,
5866,subesco,M_07_SIBLY_S_7_NEUTRAL_2.wav,385682,44e72dfdf5842bf3b98ac657589d51b534d5d82a64a36b20a55d3c3fecc831a7,M07,M,NEUTRAL,4,S7,T2,
5867,subesco,M_07_SIBLY_S_7_NEUTRAL_3.wav,384566,16c5bb667c34934f1978ef7581d0bfb7676fb2b189f0905e711aa435e5ddd3fa,M07,M,NEUTRAL,4,S7,T3,
5868,subesco,M_07_SIBLY_S_7_NEUTRAL_4.wav,386796,1e146af2e12013a9900ffd870fa3e333817d71ed579c879c66e4021cecdd71ed,M07,M,NEUTRAL,4,S7,T4,
5869,subesco,M_07_SIBLY_S_7_NEUTRAL_5.wav,385682,b64f2a30b84b675999a51b33d772a321dea79690d7eb0638753f402d1ecfefd1,M07,M,NEUTRAL,4,S7,T5,
5870,subesco,M_07_SIBLY_S_7_SAD_1.wav,368686,ae23ef575e05b061dda5f2b3b887d4610e357b8fa4afc614d4d9d7113e492e2c,M07,M,SAD,5,S7,T1,
5871,subesco,M_07_SIBLY_S_7_SAD_2.wav,360492,75c8d499a9827c8845b6816456d73d77b441cd2f52a1493e41215016eb4dbe94,M07,M,SAD,5,S7,T2,
5872,subesco,M_07_SIBLY_S_7_SAD_3.wav,364588,894e7d916e7540bdaeb3b393ce48c9376c214f74c98b7c08f9064d0dcd3e7219,M07,M,SAD,5,S7,T3,
5873,subesco,M_07_SIBLY_S_7_SAD_4.wav,359468,f05912fbac826c38e54dd0297cd7db91562675f5e9cfbf83fbea0838f42c1d9e,M07,M,SAD,5,S7,T4,
5874,subesco,M_07_SIBLY_S_7_SAD_5.wav,364588,ea64063da4bb762983712a47e63bc122217b0782d0ca02555f9b6bd1cab7411c,M07,M,SAD,5,S7,T5,
5875,subesco,M_07_SIBLY_S_7_SURPRISE_1.wav,386796,44a48d3a4bd78a8ab4ae8e806cc4b74fb417b9507f7efd3eb3e7e5a194d5e421,M07,M,SURPRISE,6,S7,T1,
5876,subesco,M_07_SIBLY_S_7_SURPRISE_2.wav,385682,5c395d90403f732d891117001ad3e780723c76b3a4c82d7059ed78838f2f5a34,M07,M,SURPRISE,6,S7,T2,
5877,subesco,M_07_SIBLY_S_7_SURPRISE_3.wav,385682,24d469950f7abae20a183f65a4d8ca83afae876e39892e75a120727b2b1f9be7,M07,M,SURPRISE,6,S7,T3,
5878,subesco,M_07_SIBLY_S_7_SURPRISE_4.wav,386796,1c846ca3225db35675591dbf49bcbfd0da226499bddef6e203d05f0db002048d,M07,M,SURPRISE,6,S7,T4,
5879,subesco,M_07_SIBLY_S_7_SURPRISE_5.wav,385682,ed1fe0b755b174f5452f346053b3177dbc801737b81551a3cd2e398597a963e0,M07,M,SURPRISE,6,S7,T5,
5880,subesco,M_07_SIBLY_S_8_ANGRY_1.wav,355372,7025e3f51575ded4e47242c473fb82b8b0314ae254b3e409a4aa99184b716272,M07,M,ANGRY,0,S8,T1,
5881,subesco,M_07_SIBLY_S_8_ANGRY_2.wav,350254,712a069074d6f8719dc2af5115f9dd0932baad53cadbeab66111ad4994774e40,M07,M,ANGRY,0,S8,T2,
5882,subesco,M_07_SIBLY_S_8_ANGRY_3.wav,366636,08a760d8823af03e29501b796c555cb0d5f7f12e9d7b5d2df525fed1229c1351,M07,M,ANGRY,0,S8,T3,
5883,subesco,M_07_SIBLY_S_8_ANGRY_4.wav,365610,80608bb7360d4e80d1376ead99039d3367f6b2c1080438e93f23f43c214ec1c5,M07,M,ANGRY,0,S8,T4,
5884,subesco,M_07_SIBLY_S_8_ANGRY_5.wav,359468,61a6edae10c9c8ad43e5442c5688494f1b1c437204c5c9fa8bbca032e268bd3a,M07,M,ANGRY,0,S8,T5,
5885,subesco,M_07_SIBLY_S_8_DISGUST_1.wav,385682,86feec49ef599fab62435b27ab1f1854e3d4e7cd844ab6b4f6b603be2f202c7b,M07,M,DISGUST,1,S8,T1,
5886,subesco,M_07_SIBLY_S_8_DISGUST_2.wav,386796,b5006b3cd26c65f720d5b1c15e5fa3b0ff67af5eca0c0b877f7e3cadd2d465eb,M07,M,DISGUST,1,S8,T2,
5887,subesco,M_07_SIBLY_S_8_DISGUST_3.wav,385682,e4c867e28b0298804592bfa401a5910187cb93a5c2c01f371198c9abd34b76db,M07,M,DISGUST,1,S8,T3,
5888,subesco,M_07_SIBLY_S_8_DISGUST_4.wav,385682,579d1de49506c9cbbc1776ed845eb417858eb29d4d9ee7ae3c205456cf741ac7,M07,M,DISGUST,1,S8,T4,
5889,subesco,M_07_SIBLY_S_8_DISGUST_5.wav,386796,91ec3221557926f7e64055568ab938f33d72ef8d17bb79210ecba1ed6148975b,M07,M,DISGUST,1,S8,T5,
5890,subesco,M_07_SIBLY_S_8_FEAR_1.wav,368684,cb2baaacdbc318f81245a5d5f313da153e70195cac47bad8341cdbff38ca3151,M07,M,FEAR,2,S8,T1,
5891,subesco,M_07_SIBLY_S_8_FEAR_2.wav,361516,d696449f9602f8179a5a7f04fc9981f1a57d6e983fad447df357b10b9eb50270,M07,M,FEAR,2,S8,T2,
5892,subesco,M_07_SIBLY_S_8_FEAR_3.wav,355372,e34ffa628bffdf56fd73a72e0b5ff268b13a76c2199a1e7655f414e50a61f058,M07,M,FEAR,2,S8,T3,
5893,subesco,M_07_SIBLY_S_8_FEAR_4.wav,368684,033355aaef512f1ebb3f2845b3f5ee24661aae68567856055aa1c09c455cc916,M07,M,FEAR,2,S8,T4,
5894,subesco,M_07_SIBLY_S_8_FEAR_5.wav,379948,5d635740b8295d85003e17a2bb03fee78b037c6ff2b97fc4625b8ca5021fd082,M07,M,FEAR,2,S8,T5,
5895,subesco,M_07_SIBLY_S_8_HAPPY_1.wav,365612,d4045fda1e47f1e1e71c98a51202ee65a7c717115919c1da97eed63d8ef7ec65,M07,M,HAPPY,3,S8,T1,
5896,subesco,M_07_SIBLY_S_8_HAPPY_2.wav,353324,80a0485793eefb710e6d8a43c8d72d89586e5aba846fedf2d7bab6b4ea13c5c7,M07,M,HAPPY,3,S8,T2,
5897,subesco,M_07_SIBLY_S_8_HAPPY_3.wav,355372,61c00d31e6a1d8e49d84509f529827b4294c24a5d7cc6618d02793ce05a64eec,M07,M,HAPPY,3,S8,T3,
5898,subesco,M_07_SIBLY_S_8_HAPPY_4.wav,371756,524d77eb634a0c644cc559330cd7d9ae72d604fa447cf69cd9b9771cc7eb668a,M07,M,HAPPY,3,S8,T4,
5899,subesco,M_07_SIBLY_S_8_HAPPY_5.wav,367660,453b2339d32e0a405b92a36cf067ec82342a6b3f160735215bb0882128a3cb85,M07,M,HAPPY,3,S8,T5,
5900,subesco,M_07_SIBLY_S_8_NEUTRAL_1.wav,386796,03f66550b1a4a7ace0d9384b475afb9ebad7083bd48a2f54472d65cbb92c19e3,M07,M,NEUTRAL,4,S8,T1,
5901,subesco,M_07_SIBLY_S_8_NEUTRAL_2.wav,386796,c2b3cb971e13996a0967fce9d79c081e946ddd76d74bfdfdfbdd3bb47d8805fa,M07,M,NEUTRAL,4,S8,T2,
5902,subesco,M_07_SIBLY_S_8_NEUTRAL_3.wav,386796,0243d9bf51c04b83041fc7501dde11feb4217d91ad324352afbd8f609cd94452,M07,M,NEUTRAL,4,S8,T3,
5903,subesco,M_07_SIBLY_S_8_NEUTRAL_4.wav,384566,21589d3fcbd18e4ada124187aaaf46591c0e2fd4c39333c77bc808297104641e,M07,M,NEUTRAL,4,S8,T4,
5904,subesco,M_07_SIBLY_S_8_NEUTRAL_5.wav,385682,3c1e6c697c8c9c9fbed557445e15a2a311d9188998989a21abe66192f02ecbd5,M07,M,NEUTRAL,4,S8,T5,
5905,subesco,M_07_SIBLY_S_8_SAD_1.wav,360492,09b41e76e45effbd4768bbd56eb25d3cbae08d9bd7219cdf0cdd59aaeca123e9,M07,M,SAD,5,S8,T1,
5906,subesco,M_07_SIBLY_S_8_SAD_2.wav,350252,bec98d1faa934d6894307a11f5f74520c3ccf135a9738898aa72989f43d7f7e5,M07,M,SAD,5,S8,T2,
5907,subesco,M_07_SIBLY_S_8_SAD_3.wav,353324,07a225ee3ff45933f1cd72084d19ecb7aaa7e37f793efcef252ab84d1089d5b3,M07,M,SAD,5,S8,T3,
5908,subesco,M_07_SIBLY_S_8_SAD_4.wav,366636,06bcbff7b031697d41d871c1f69aa377e8e49b2b2b280255ae639d7043a979be,M07,M,SAD,5,S8,T4,
5909,subesco,M_07_SIBLY_S_8_SAD_5.wav,366636,13fe3174a91862618427cdec795f9536635f109fb178e00d41da0e2c3be61f9f,M07,M,SAD,5,S8,T5,
5910,subesco,M_07_SIBLY_S_8_SURPRISE_1.wav,386796,d56eacaf14471207bca3f56dfa8c612f9e8c85a69afa734be524a17f1bd860cd,M07,M,SURPRISE,6,S8,T1,
5911,subesco,M_07_SIBLY_S_8_SURPRISE_2.wav,386796,108f6f65572b06607456c62cde12d5ee0bcdbcf834e06fbccd8302a55c6e3828,M07,M,SURPRISE,6,S8,T2,
5912,subesco,M_07_SIBLY_S_8_SURPRISE_3.wav,385682,56b98cefd4e49032103482f4f477888e353fa5916eb4d6eafd8854a70cfad90d,M07,M,SURPRISE,6,S8,T3,
5913,subesco,M_07_SIBLY_S_8_SURPRISE_4.wav,386796,0175936fe5c3e670fb3a994cff69c360c0303f1c316ac9b3ec19043a2f690f21,M07,M,SURPRISE,6,S8,T4,
5914,subesco,M_07_SIBLY_S_8_SURPRISE_5.wav,386796,ed0a6027fa6105aca6d1402965f33e390f9792b926687c2c0438e3bd0d278789,M07,M,SURPRISE,6,S8,T5,
5915,subesco,M_07_SIBLY_S_9_ANGRY_1.wav,361516,01478714fe834491ce760360dab716d0989be84f61e867b8655f3876d9a87487,M07,M,ANGRY,0,S9,T1,
5916,subesco,M_07_SIBLY_S_9_ANGRY_2.wav,352300,9925d50ef6b1dd572457785edeb38a5a16c095dd72d0a58646e708b70bb7c24a,M07,M,ANGRY,0,S9,T2,
5917,subesco,M_07_SIBLY_S_9_ANGRY_3.wav,362540,d7d3f12efd6aad706e5f67303376c7ee8d64243530665391797e309c0066f126,M07,M,ANGRY,0,S9,T3,
5918,subesco,M_07_SIBLY_S_9_ANGRY_4.wav,354348,6211d8d65a731ea94156b585e8a3a58b7b2186ba50d9611c943f14cf6fde729d,M07,M,ANGRY,0,S9,T4,
5919,subesco,M_07_SIBLY_S_9_ANGRY_5.wav,365610,e39be6ab8ffaf397b63c76db000306c3ef942359dc336676d2d08161934703c9,M07,M,ANGRY,0,S9,T5,
5920,subesco,M_07_SIBLY_S_9_DISGUST_1.wav,386796,07d8982b8d3745483e0a1eb03231a201a85f240749ec415d9399a3e5022b5519,M07,M,DISGUST,1,S9,T1,
5921,subesco,M_07_SIBLY_S_9_DISGUST_2.wav,386796,8037cdc9c3942b1c96c698484ff6bef48ba1f6309694242e6f3e4da3647bf096,M07,M,DISGUST,1,S9,T2,
5922,subesco,M_07_SIBLY_S_9_DISGUST_3.wav,386796,a5b7c4c22dc4b3317e8f20a2f90cfe76df461985ec2ad66b5eb001647bdd983f,M07,M,DISGUST,1,S9,T3,
5923,subesco,M_07_SIBLY_S_9_DISGUST_4.wav,385682,bcf3231310f6154e2039cdaa217687e503e5f61a36204b7160d645f0d389f186,M07,M,DISGUST,1,S9,T4,
5924,subesco,M_07_SIBLY_S_9_DISGUST_5.wav,386796,fb2b529ffd5b16ae9d4d3e02b55b61e69b3c5fcd4e39f45536a67a6df5746d3c,M07,M,DISGUST,1,S9,T5,
5925,subesco,M_07_SIBLY_S_9_FEAR_1.wav,352300,18fd557f753bc066a6e9bbb5a69e28e645d647381225ba8cead556c0c805c2fe,M07,M,FEAR,2,S9,T1,
5926,subesco,M_07_SIBLY_S_9_FEAR_2.wav,355372,1f7fb715e0e37a0402bf338956219588c70f7ccaa8599f809462ea6ee91b783d,M07,M,FEAR,2,S9,T2,
5927,subesco,M_07_SIBLY_S_9_FEAR_3.wav,366636,dea6a463f19188fcf5628a2063436067fbb975e8487f8b6b92130984cddce47c,M07,M,FEAR,2,S9,T3,
5928,subesco,M_07_SIBLY_S_9_FEAR_4.wav,354348,ea7ff296a801c2cf9a0ed726e51d192085406486f1287d1b21e398cfcfb902fc,M07,M,FEAR,2,S9,T4,
5929,subesco,M_07_SIBLY_S_9_FEAR_5.wav,351274,5efdb123bd9c485d5e9a0923b5016536e471262a0d827516a09cc9dcf2f46666,M07,M,FEAR,2,S9,T5,
5930,subesco,M_07_SIBLY_S_9_HAPPY_1.wav,366636,94e000bcc3653ec6af27a75187eaa8bf15216dbc30fd56cdf138657d58b2b9e0,M07,M,HAPPY,3,S9,T1,
5931,subesco,M_07_SIBLY_S_9_HAPPY_2.wav,344108,aea19b1371709b543d021659b96a855f0738ebb44015d7c075b26644b3d8aba8,M07,M,HAPPY,3,S9,T2,
5932,subesco,M_07_SIBLY_S_9_HAPPY_3.wav,358444,2090eeee389560c41a52b10186672d8f3a1a4f398f99dc6d221160f0a99bed51,M07,M,HAPPY,3,S9,T3,
5933,subesco,M_07_SIBLY_S_9_HAPPY_4.wav,358444,3772bd1934726b736080aba94c09761078c0d37825556f1cb91878930ac25131,M07,M,HAPPY,3,S9,T4,
5934,subesco,M_07_SIBLY_S_9_HAPPY_5.wav,365610,41bd5fcda01894896d691882cb96daa7f5b9f5315a846022984adc86f323ac9e,M07,M,HAPPY,3,S9,T5,
5935,subesco,M_07_SIBLY_S_9_NEUTRAL_1.wav,385682,2282ba7da30fbfb817add89d52c9f7e7aeea96a64fd82488ee0bd0a359ccf01a,M07,M,NEUTRAL,4,S9,T1,
5936,subesco,M_07_SIBLY_S_9_NEUTRAL_2.wav,385682,5ac19caa0b4eb3516145dca716f377deb795d04ce426d111a70f7b04ff6827c1,M07,M,NEUTRAL,4,S9,T2,
5937,subesco,M_07_SIBLY_S_9_NEUTRAL_3.wav,386796,ff982aec08755d3ee08d13f904e9cfcfba4426d3e6985b17b84dbe73d74aefcc,M07,M,NEUTRAL,4,S9,T3,
5938,subesco,M_07_SIBLY_S_9_NEUTRAL_4.wav,386796,6937aa358a0cfe7955ae209ab1cb7f109ef5324f824a8aa00f92e2bd6d0c7473,M07,M,NEUTRAL,4,S9,T4,
5939,subesco,M_07_SIBLY_S_9_NEUTRAL_5.wav,385682,edadbf8b675b347bfa4b059436cff9014a9b11529b59038b34fc98392e720e91,M07,M,NEUTRAL,4,S9,T5,
5940,subesco,M_07_SIBLY_S_9_SAD_1.wav,354348,5ad5189cf15bc0ff05d4b37a253046706b4769c5b9fb2b85ee5753970726e44a,M07,M,SAD,5,S9,T1,
5941,subesco,M_07_SIBLY_S_9_SAD_2.wav,358444,1c5f828e067fc3fa65bd157d3d8ec5c486f532bf62ff46bc3b151d2a656ecf74,M07,M,SAD,5,S9,T2,
5942,subesco,M_07_SIBLY_S_9_SAD_3.wav,372780,723c46b36ac9ce6ac29cc4efca28c2fff1845fc61ff7101db4ff2f300c7aabd3,M07,M,SAD,5,S9,T3,
5943,subesco,M_07_SIBLY_S_9_SAD_4.wav,355370,d170241346f13b161dacfa349ced3830b7f1af1f4d8778b3c838444e41aa915a,M07,M,SAD,5,S9,T4,
5944,subesco,M_07_SIBLY_S_9_SAD_5.wav,359466,a1a77de28dea832f44f4c1ccc05e35826dbf611ae12a045e1590cd0f5a64cc82,M07,M,SAD,5,S9,T5,
5945,subesco,M_07_SIBLY_S_9_SURPRISE_1.wav,386796,59bb9b06bc344de9935ce3970ab96163903484329fd25dfee1f22f7e7609c732,M07,M,SURPRISE,6,S9,T1,
5946,subesco,M_07_SIBLY_S_9_SURPRISE_2.wav,386796,899c888e39d8cb6396cf44ac22af7f16e17f35caea3db014c38d7d4a07924a6c,M07,M,SURPRISE,6,S9,T2,
5947,subesco,M_07_SIBLY_S_9_SURPRISE_3.wav,385682,8dd9feafde29f37a0104632c11c2ff0ce24e62197322402ae225ec31385500d6,M07,M,SURPRISE,6,S9,T3,
5948,subesco,M_07_SIBLY_S_9_SURPRISE_4.wav,385682,01450fe31800966027d0366bb00b68f536e5b272cfd01bb6d5560f7bd7a0f5e2,M07,M,SURPRISE,6,S9,T4,
5949,subesco,M_07_SIBLY_S_9_SURPRISE_5.wav,385682,b71cef1ed11880bada716ee07a17805e2cbbfd7f1115c2c41a48056c5e170ec6,M07,M,SURPRISE,6,S9,T5,
5950,subesco,M_08_PRASUN_S_10_ANGRY_1.wav,363564,1d9dda56a125abee83de478ff7246047e78d2553db740b8bae6156c41925227c,M08,M,ANGRY,0,S10,T1,
5951,subesco,M_08_PRASUN_S_10_ANGRY_2.wav,365610,990b601e84f3d88be04cb6d988094fc7153de728675e21172f9de51baf7a0aa2,M08,M,ANGRY,0,S10,T2,
5952,subesco,M_08_PRASUN_S_10_ANGRY_3.wav,365612,21763177d51c7bc4b755e46175aaf3f1486ae0367cf9e504455e5b1d69bef456,M08,M,ANGRY,0,S10,T3,
5953,subesco,M_08_PRASUN_S_10_ANGRY_4.wav,353324,de87e7367d64f59af3f8a4f37eaefa29d9583249175ac811f7882adf5f234c56,M08,M,ANGRY,0,S10,T4,
5954,subesco,M_08_PRASUN_S_10_ANGRY_5.wav,361516,f240efae7d0a067ef9f517e40db8f715fe9d84c75d2b7b9e83d2584f6fa94733,M08,M,ANGRY,0,S10,T5,
5955,subesco,M_08_PRASUN_S_10_DISGUST_1.wav,389164,9a12954e0c7d1615a591641f54a73f87ccc1fa96750b84a45e96c98ddfbe53ba,M08,M,DISGUST,1,S10,T1,
5956,subesco,M_08_PRASUN_S_10_DISGUST_2.wav,372780,fcb96d9d2a2076efcd2c243852e2e7a1b7753ce61bf7ea609e66664f45fbe946,M08,M,DISGUST,1,S10,T2,
5957,subesco,M_08_PRASUN_S_10_DISGUST_3.wav,366636,6bcaa3ab4d1975aff5db62ae6df9ac76cd300179ea2bcb418bf13037602d59ea,M08,M,DISGUST,1,S10,T3,
5958,subesco,M_08_PRASUN_S_10_DISGUST_4.wav,353326,0f61967adcd051ee6ecb2e83e08d9c1b3138e9257c7f25af5d4f8eae8b268615,M08,M,DISGUST,1,S10,T4,
5959,subesco,M_08_PRASUN_S_10_DISGUST_5.wav,359468,87f4d46b41ad3b8409ccfee337f858ca4ad0290dca6a497b40be4db5d6236e98,M08,M,DISGUST,1,S10,T5,
5960,subesco,M_08_PRASUN_S_10_FEAR_1.wav,352300,306f2ca5048164e17d03b0658da65bda28b0a4f71a76551bf9b9a4d34d848966,M08,M,FEAR,2,S10,T1,
5961,subesco,M_08_PRASUN_S_10_FEAR_2.wav,357422,a17d054bc7cedbc9b9d014503764f94db56e795cdb7e2aed3e7e99d266f7e55c,M08,M,FEAR,2,S10,T2,
5962,subesco,M_08_PRASUN_S_10_FEAR_3.wav,363564,4ff474a6821ea8c7a035d775112402d130599dd3d1d753b628917748d73a9122,M08,M,FEAR,2,S10,T3,
5963,subesco,M_08_PRASUN_S_10_FEAR_4.wav,361516,00f4a884342660f17bbf5ccfa304153c7f48c23ca6af23af0c151236b851302a,M08,M,FEAR,2,S10,T4,
5964,subesco,M_08_PRASUN_S_10_FEAR_5.wav,350252,0455856ba729bdd57778fbf25896f1606dfee46e0b9c539b26130dee976aa80b,M08,M,FEAR,2,S10,T5,
5965,subesco,M_08_PRASUN_S_10_HAPPY_1.wav,355370,0ddb661c6620e22e6a0e69fe50ee5d508cea08a21c1c2b4d5f91516c1fbb865c,M08,M,HAPPY,3,S10,T1,
5966,subesco,M_08_PRASUN_S_10_HAPPY_2.wav,353326,9571aea7ad66c41463819af41b9d5be486951dc47488a795fc876742b71e3738,M08,M,HAPPY,3,S10,T2,
5967,subesco,M_08_PRASUN_S_10_HAPPY_3.wav,356396,bc7fa1c80ca3fca2c5b730db4096b7fef28c905e7305509b761f4517a8cf71f8,M08,M,HAPPY,3,S10,T3,
5968,subesco,M_08_PRASUN_S_10_HAPPY_4.wav,371756,be0c77aeb229f36fe2ea14e71572c68a2974dd06dc4e89f686d97efa39c388e2,M08,M,HAPPY,3,S10,T4,
5969,subesco,M_08_PRASUN_S_10_HAPPY_5.wav,354348,0e5a257ed17cc781b8c408771970f16770f32f543cee95610da84e39c6f296ba,M08,M,HAPPY,3,S10,T5,
5970,subesco,M_08_PRASUN_S_10_NEUTRAL_1.wav,357422,0ac08ab7427410addb7557d48160440e9f651d9bb698a20d8e38b54741b2319a,M08,M,NEUTRAL,4,S10,T1,
5971,subesco,M_08_PRASUN_S_10_NEUTRAL_2.wav,380970,ad27ff030ea2e7b3062a92dacbdcc83ca732aadafce0259708783ea98d563167,M08,M,NEUTRAL,4,S10,T2,
5972,subesco,M_08_PRASUN_S_10_NEUTRAL_3.wav,343086,0d312aef940441b50a41518a56dffe8acc30ec24933228d3a3231dc317e063a8,M08,M,NEUTRAL,4,S10,T3,
5973,subesco,M_08_PRASUN_S_10_NEUTRAL_4.wav,358444,eaf622e16cc1f867112bb37c97a70356a67eeec0a1ac18f567829d178e5e8fff,M08,M,NEUTRAL,4,S10,T4,
5974,subesco,M_08_PRASUN_S_10_NEUTRAL_5.wav,350254,c6e15bd15663808c768169d6b53d7e6067c9cc9673cfc3b4108f3b980f76d839,M08,M,NEUTRAL,4,S10,T5,
5975,subesco,M_08_PRASUN_S_10_SAD_1.wav,359468,02514ed1f21a88fff4d22caf69f1bd2936d403b34416b77bde45fd7d42bb7103,M08,M,SAD,5,S10,T1,
5976,subesco,M_08_PRASUN_S_10_SAD_2.wav,358444,476dc8fa142fc8eeda5fd5d72091272a60939eaeedb648b2018d4343803dfc7c,M08,M,SAD,5,S10,T2,
5977,subesco,M_08_PRASUN_S_10_SAD_3.wav,363564,c383284c49d320d346839aef86e2b12f7acb418d1956930f8689d18effb7e1b0,M08,M,SAD,5,S10,T3,
5978,subesco,M_08_PRASUN_S_10_SAD_4.wav,335916,a1e6d0097c72ecab8bfd617510de3adb26928920beec8b679f6c264d03200f9b,M08,M,SAD,5,S10,T4,
5979,subesco,M_08_PRASUN_S_10_SAD_5.wav,351276,8a3cc0646d79a533f1dfbf2417213e4b805d93b2f73fd5958347ec2698851e72,M08,M,SAD,5,S10,T5,
5980,subesco,M_08_PRASUN_S_10_SURPRISE_1.wav,716840,65071707065f0b36b523dde4ca1ad3fae84e88e6d03b8eb2a75c2674dca715f5,M08,M,SURPRISE,6,S10,T1,
5981,subesco,M_08_PRASUN_S_10_SURPRISE_2.wav,708652,02e65480ab949942f90578f4eed6ce96858a3c1df1b7c6b98c20945faa5db62e,M08,M,SURPRISE,6,S10,T2,
5982,subesco,M_08_PRASUN_S_10_SURPRISE_3.wav,712748,f081b00c450950f58995a8e85561e7cea6c5b619a93b4af0b5f05efbaed5301e,M08,M,SURPRISE,6,S10,T3,
5983,subesco,M_08_PRASUN_S_10_SURPRISE_4.wav,716840,741dd26e61cf9b1dd5f5a462cbb817654693630c1e62587a35b1b7ab8ef4cece,M08,M,SURPRISE,6,S10,T4,
5984,subesco,M_08_PRASUN_S_10_SURPRISE_5.wav,727084,ceed7adb152564a57e0b4df6d30022538814fe0ae1737b0e766b5b5310f22a9a,M08,M,SURPRISE,6,S10,T5,
5985,subesco,M_08_PRASUN_S_1_ANGRY_1.wav,359468,a515ca3dc31fab9429f6e5650de6d35cc696657edd72a6e3f35cfd1c48712b6b,M08,M,ANGRY,0,S1,T1,
5986,subesco,M_08_PRASUN_S_1_ANGRY_2.wav,360492,1aafca6322b0413ac610f81b8573a4d64a05df6a77176280dd5296777186b079,M08,M,ANGRY,0,S1,T2,
5987,subesco,M_08_PRASUN_S_1_ANGRY_3.wav,361516,df1b4af8daf320af7245d85f0c25182b17f37f93693f1c213f52a5a7a99f2cb3,M08,M,ANGRY,0,S1,T3,
5988,subesco,M_08_PRASUN_S_1_ANGRY_4.wav,369708,5cfe30ee5d34bfe2aeec77b9527e0422d21d5d7697939ddbdc701a4a3852944b,M08,M,ANGRY,0,S1,T4,
5989,subesco,M_08_PRASUN_S_1_ANGRY_5.wav,357422,31538a7a754e5190982f863a130038e0228a37bedfe4ca665a301af7778e6afa,M08,M,ANGRY,0,S1,T5,
5990,subesco,M_08_PRASUN_S_1_DISGUST_1.wav,350252,5463ea98731025dbf6bfe917e57e0f9b7d74bd831b937a4c00ef2e6636635982,M08,M,DISGUST,1,S1,T1,
5991,subesco,M_08_PRASUN_S_1_DISGUST_2.wav,350252,9be3f3ddfef334dadc5659ff819ce9172041dbeee935a0e90e15c84b9fb32182,M08,M,DISGUST,1,S1,T2,
5992,subesco,M_08_PRASUN_S_1_DISGUST_3.wav,352300,ea84f7a32ee6f93e33fb3ddafea579cce5bb10973dcd120005350f055a03744f,M08,M,DISGUST,1,S1,T3,
5993,subesco,M_08_PRASUN_S_1_DISGUST_4.wav,356396,f1fe9a81e53b1f50431ceeed641d0084b7d39572cede1b9ee5d370a80300f5b8,M08,M,DISGUST,1,S1,T4,
5994,subesco,M_08_PRASUN_S_1_DISGUST_5.wav,365612,2506eff6c9c6a26e7eab845a4065ae4bb981a277c2b27b96ce061254a26a5918,M08,M,DISGUST,1,S1,T5,
5995,subesco,M_08_PRASUN_S_1_FEAR_1.wav,367660,b78eeab26e2672e4dfed94c1d1226d2d7673f1658628e70cf1eeeed162953e50,M08,M,FEAR,2,S1,T1,
5996,subesco,M_08_PRASUN_S_1_FEAR_2.wav,361516,8af990417d66a384d3414531e3b3f6ae0ba6c6a3b5afe9fc04ea643b95d456ec,M08,M,FEAR,2,S1,T2,
5997,subesco,M_08_PRASUN_S_1_FEAR_3.wav,357420,40adcefab23e33303639f8bc81d8c1ce6f3560cd9d7994e7fec3fb2e4a1dfb62,M08,M,FEAR,2,S1,T3,
5998,subesco,M_08_PRASUN_S_1_FEAR_4.wav,356396,82d019ab52267d3b50b74845ec5e5317fe9c2309bd9508b7b43534d387df2485,M08,M,FEAR,2,S1,T4,
5999,subesco,M_08_PRASUN_S_1_FEAR_5.wav,365612,9272e91a103390aae2b680cc9cd757c42ffc7a788d49b1275c757594e08bb280,M08,M,FEAR,2,S1,T5,
6000,subesco,M_08_PRASUN_S_1_HAPPY_1.wav,363564,f59e08733173ee8f7329c75a9c53bcf1c30cfdc227a6a325756c8a26fa5087fb,M08,M,HAPPY,3,S1,T1,
6001,subesco,M_08_PRASUN_S_1_HAPPY_2.wav,356396,f6685c726b001920aa2eec3e2760ef48f44935514ac8f9d869af61fa49879287,M08,M,HAPPY,3,S1,T2,
6002,subesco,M_08_PRASUN_S_1_HAPPY_3.wav,355372,0c7248da276238f92186c1c97b92afc968acb6148acc2b6ba53842ded5d4ae09,M08,M,HAPPY,3,S1,T3,
6003,subesco,M_08_PRASUN_S_1_HAPPY_4.wav,355372,b06ee866376614945749870dc09d06fa7a50d875909e1667e8dfbb8733935870,M08,M,HAPPY,3,S1,T4,
6004,subesco,M_08_PRASUN_S_1_HAPPY_5.wav,348204,43bdd8f8d0e95a25d482c70b356ae30133d447515dc2ec6970afc64c791db718,M08,M,HAPPY,3,S1,T5,
6005,subesco,M_08_PRASUN_S_1_NEUTRAL_1.wav,373802,48b35377c341fdb08b54d1d6a82de69f2afe69925d8c676f352ff56be97ecce6,M08,M,NEUTRAL,4,S1,T1,
6006,subesco,M_08_PRASUN_S_1_NEUTRAL_2.wav,364588,b4629b5eb85a01f1d71c973a7d0cf06c60fbb3ce3c30abd3c0b1d1599f68c7b3,M08,M,NEUTRAL,4,S1,T2,
6007,subesco,M_08_PRASUN_S_1_NEUTRAL_3.wav,359468,a4c72953e7e215c9687d9e767a3ecd13fe79b4dc5d1a31ab21c1dfd3941e8b0b,M08,M,NEUTRAL,4,S1,T3,
6008,subesco,M_08_PRASUN_S_1_NEUTRAL_4.wav,387118,d07c8abec5e0e194966deb64a9b557ea37ebbc0ba1a99e9dbcb1eac8376a294c,M08,M,NEUTRAL,4,S1,T4,
6009,subesco,M_08_PRASUN_S_1_NEUTRAL_5.wav,353324,dae53aff8237658c191c2cb3f559380c2857e40ec45545d3526ded557166d5f5,M08,M,NEUTRAL,4,S1,T5,
6010,subesco,M_08_PRASUN_S_1_SAD_1.wav,362540,3c33721889cf6a1aec6cb6c7c84b79a3cdbc85b720e3da936a97c88eba1c5b13,M08,M,SAD,5,S1,T1,
6011,subesco,M_08_PRASUN_S_1_SAD_2.wav,358442,111ee45e8c23db559a9c07e4b52cf3409fd6318abc51a1061055d5628ea0491f,M08,M,SAD,5,S1,T2,
6012,subesco,M_08_PRASUN_S_1_SAD_3.wav,343084,f1167470b7373b3fac9155e2162e00cb05605f898572d757243c0dd610540f91,M08,M,SAD,5,S1,T3,
6013,subesco,M_08_PRASUN_S_1_SAD_4.wav,355372,7cf628c9bfd3e96b678fa907a89ae2392a2204944f16a28bfe048dee76611bc1,M08,M,SAD,5,S1,T4,
6014,subesco,M_08_PRASUN_S_1_SAD_5.wav,355370,5e901f40e22458d3d445dd25fa794614bc39bedc70f7a8a5ef98271acface510,M08,M,SAD,5,S1,T5,
6015,subesco,M_08_PRASUN_S_1_SURPRISE_1.wav,355372,f6a7b64aa3c66559ec128fbb68adbbb5308d3fe08c1587cc127aa2cba8877646,M08,M,SURPRISE,6,S1,T1,
6016,subesco,M_08_PRASUN_S_1_SURPRISE_2.wav,364588,b32b19ebd24468e95419e85cf893f136f24cc7c20177306aa3525c8242a46d5d,M08,M,SURPRISE,6,S1,T2,
6017,subesco,M_08_PRASUN_S_1_SURPRISE_3.wav,348204,5147d09d04cea900e4ee9924a1345e3c6e75d9917e3099e81888d4bc3c2dd405,M08,M,SURPRISE,6,S1,T3,
6018,subesco,M_08_PRASUN_S_1_SURPRISE_4.wav,354348,3e4208a8dc5ef57b059196feb4f21edcf1eb7b2f68d1110ddaa649d42d956105,M08,M,SURPRISE,6,S1,T4,
6019,subesco,M_08_PRASUN_S_1_SURPRISE_5.wav,354348,cfec01bc8f5b7ee91d517448f7b41e738c7e8088abdf9beb4df4ea1819fd9703,M08,M,SURPRISE,6,S1,T5,
6020,subesco,M_08_PRASUN_S_2_ANGRY_1.wav,363564,c42291ec931f52d7f2c6b0ce98f38ecf33f5e40679facb32188ba743b5088cac,M08,M,ANGRY,0,S2,T1,
6021,subesco,M_08_PRASUN_S_2_ANGRY_2.wav,358442,2061e20ee1d51d7b02b1d52137bea325937e9ca6ce6a34ee49a2ce595e2b59fd,M08,M,ANGRY,0,S2,T2,
6022,subesco,M_08_PRASUN_S_2_ANGRY_3.wav,362540,c0045edc3ec0fb53d40b699770799caea60c6d5a8125a3b4f4d8e00745b74cc6,M08,M,ANGRY,0,S2,T3,
6023,subesco,M_08_PRASUN_S_2_ANGRY_4.wav,359468,c4a5c356cf9b02b8be243cfa557ab194816e09eeaf7cef8562319b3bc87e69fe,M08,M,ANGRY,0,S2,T4,
6024,subesco,M_08_PRASUN_S_2_ANGRY_5.wav,364588,220d028a82af4117630eaa999221dab9c8b92d4edbf395fb78a10b58882474d4,M08,M,ANGRY,0,S2,T5,
6025,subesco,M_08_PRASUN_S_2_DISGUST_1.wav,358442,f4d619d0d7ca4d004e94b8a1e376ef92cc3594dd965228661318d611d57760aa,M08,M,DISGUST,1,S2,T1,
6026,subesco,M_08_PRASUN_S_2_DISGUST_2.wav,359468,f4df8de2a63398071f78439566c7d46e04557dff8dec922bb66aeb04d0522c18,M08,M,DISGUST,1,S2,T2,
6027,subesco,M_08_PRASUN_S_2_DISGUST_3.wav,361516,5aec7d0a3a6152190acd2e2cda658bafd665559340fa5ee97353b583d53baefe,M08,M,DISGUST,1,S2,T3,
6028,subesco,M_08_PRASUN_S_2_DISGUST_4.wav,365612,900c38b8a32b069e245c9dd1d9cada019690d45dd82010b191cf4d72d784c9f2,M08,M,DISGUST,1,S2,T4,
6029,subesco,M_08_PRASUN_S_2_DISGUST_5.wav,363564,9fcb39b253a017db10a6e3bf51209f13d49ab9653fd20d7030f22adbf01e74ea,M08,M,DISGUST,1,S2,T5,
6030,subesco,M_08_PRASUN_S_2_FEAR_1.wav,387118,d70889be049180483ea81517a2f0469bfac5423c7a7dabb17ea6a769d67df56b,M08,M,FEAR,2,S2,T1,
6031,subesco,M_08_PRASUN_S_2_FEAR_2.wav,368684,9a961354916ccd76e3559461614a9f2255022f1985d8782d4c9dc054fc3cb0d7,M08,M,FEAR,2,S2,T2,
6032,subesco,M_08_PRASUN_S_2_FEAR_3.wav,363564,3cf2aa05d72714346e54dee128ec57fbd760b95f5bccc0ea7d8d304bdfe6b644,M08,M,FEAR,2,S2,T3,
6033,subesco,M_08_PRASUN_S_2_FEAR_4.wav,358444,d2e65701498f87b3f9a9382feeb5448dd9d501a1993b138fea91b81dba8c102c,M08,M,FEAR,2,S2,T4,
6034,subesco,M_08_PRASUN_S_2_FEAR_5.wav,367660,978aa2e55b516b9d3b6dfd7569e01000b72479eda4bb4d6f8130fece086b4a2a,M08,M,FEAR,2,S2,T5,
6035,subesco,M_08_PRASUN_S_2_HAPPY_1.wav,352300,e3b02b3e52141f0560d19913cbc19a4bc53cff8780869995a49d862bd9c83b45,M08,M,HAPPY,3,S2,T1,
6036,subesco,M_08_PRASUN_S_2_HAPPY_2.wav,355372,bae4086e20fea180c7b1db3e1adf8c403b781de114e748bb46bec5300815f375,M08,M,HAPPY,3,S2,T2,
6037,subesco,M_08_PRASUN_S_2_HAPPY_3.wav,359468,b8bed572f96ed0c3f23961e2c0eb034e9e51a307d17d1b5305038b34897569fe,M08,M,HAPPY,3,S2,T3,
6038,subesco,M_08_PRASUN_S_2_HAPPY_4.wav,347178,488766ba6902f1fc0e34965718a17d93e04be165299e29f5a549a433f47914e9,M08,M,HAPPY,3,S2,T4,
6039,subesco,M_08_PRASUN_S_2_HAPPY_5.wav,359468,0970c609d128c75a94110b922bd0e348a95e04bebb54e03a5beaf852c51b6f0a,M08,M,HAPPY,3,S2,T5,
6040,subesco,M_08_PRASUN_S_2_NEUTRAL_1.wav,358442,f6dabcc567a21a8253262ec8f81daf7ba3d338ba915df8ccac8e9ceb224c3312,M08,M,NEUTRAL,4,S2,T1,
6041,subesco,M_08_PRASUN_S_2_NEUTRAL_2.wav,355370,fef042ac3f376d4746081c0a8cd25374c0ab55f234f58a2c3ee467afe66cf478,M08,M,NEUTRAL,4,S2,T2,
6042,subesco,M_08_PRASUN_S_2_NEUTRAL_3.wav,357420,1d99f235c779c61f3ef6b9064127bb2d57f11012a039790cfeb38f2d61439242,M08,M,NEUTRAL,4,S2,T3,
6043,subesco,M_08_PRASUN_S_2_NEUTRAL_4.wav,358444,3544a754811749ca8e194f39231caca13ddab282a9fe3a3c6735c02a4ea99e56,M08,M,NEUTRAL,4,S2,T4,
6044,subesco,M_08_PRASUN_S_2_NEUTRAL_5.wav,356396,cf46279d5c32d21d7f08438dd9c84b8984d71740b58e049d3e0be5354a103fc9,M08,M,NEUTRAL,4,S2,T5,
6045,subesco,M_08_PRASUN_S_2_SAD_1.wav,341034,89791eee3486eb87fd351b81cb8a919dc28b3c5d9f01c1a8a3f95e310e50e075,M08,M,SAD,5,S2,T1,
6046,subesco,M_08_PRASUN_S_2_SAD_2.wav,357420,0e29e92270f9023aa6ad97934f63d61ed12c9a214b6802d7e7a057d2cc8fc5c9,M08,M,SAD,5,S2,T2,
6047,subesco,M_08_PRASUN_S_2_SAD_3.wav,353324,f5834b49a67087bd43c3b1556cd259ab7fa6b13b55374e6e2d69a708caa2d20b,M08,M,SAD,5,S2,T3,
6048,subesco,M_08_PRASUN_S_2_SAD_4.wav,358442,be6f06c87c31420ec6eed8e4a53053747f04bc133f31f7e52bd734c15d86ae12,M08,M,SAD,5,S2,T4,
6049,subesco,M_08_PRASUN_S_2_SAD_5.wav,360492,3803913b4eae73564460c0d15158bffeede738fe5bc89c47902dceb7e3594275,M08,M,SAD,5,S2,T5,
6050,subesco,M_08_PRASUN_S_2_SURPRISE_1.wav,364588,ad4708726bd762cee13a1653a6eeb2b4f54320b9eb76abbdf88ebe324fdb2ecb,M08,M,SURPRISE,6,S2,T1,
6051,subesco,M_08_PRASUN_S_2_SURPRISE_2.wav,360492,4345d9476b777a41bac23164f65690ea6aadc6752ac4af538e3b79259dd07a3f,M08,M,SURPRISE,6,S2,T2,
6052,subesco,M_08_PRASUN_S_2_SURPRISE_3.wav,353324,62b19bc632a17567f2fd56dda9034114a7bb9471d655b0fae39f12dae5bb75ff,M08,M,SURPRISE,6,S2,T3,
6053,subesco,M_08_PRASUN_S_2_SURPRISE_4.wav,369708,4db9512dcd46ea4711bfeb7a28c7217ed30b87952c5dd37fd64ff93c1ed56cd0,M08,M,SURPRISE,6,S2,T4,
6054,subesco,M_08_PRASUN_S_2_SURPRISE_5.wav,354348,53a99bc6da6fab9f9efcd4cff06f591ccad0a9b919a67336e1abd34b5ab11fb4,M08,M,SURPRISE,6,S2,T5,
6055,subesco,M_08_PRASUN_S_3_ANGRY_1.wav,375854,c631c4e54f5c3a04f29ff5cf60dbd3265e2eb943fd74adb2a577c0d2b37592b4,M08,M,ANGRY,0,S3,T1,
6056,subesco,M_08_PRASUN_S_3_ANGRY_2.wav,368684,aa5e25fc3c51deddd73214105751cc9121294def2a2d4da8bdb5506b40809f93,M08,M,ANGRY,0,S3,T2,
6057,subesco,M_08_PRASUN_S_3_ANGRY_3.wav,360492,9f1820983a608de92d456ebe315d6907c9aff0208cccc900e6dec39e3cf4471a,M08,M,ANGRY,0,S3,T3,
6058,subesco,M_08_PRASUN_S_3_ANGRY_4.wav,367662,de5bc146a619ab52775a70e992a37295d6332363997073a28b2dc9aaca87a99a,M08,M,ANGRY,0,S3,T4,
6059,subesco,M_08_PRASUN_S_3_ANGRY_5.wav,365612,56a4ed8b759e8477343a2fef317ef7be2cf2d56dfc73c0b8ef8216fe1fe82633,M08,M,ANGRY,0,S3,T5,
6060,subesco,M_08_PRASUN_S_3_DISGUST_1.wav,391254,4794640599cd5805cf8cf3c6bc3027b3bc543458cf007f1c1645342af9625a29,M08,M,DISGUST,1,S3,T1,
6061,subesco,M_08_PRASUN_S_3_DISGUST_2.wav,386796,2be910860e76721d18b7e84e771fc4e183ace61bed6e0c762f6edf51f23cf284,M08,M,DISGUST,1,S3,T2,
6062,subesco,M_08_PRASUN_S_3_DISGUST_3.wav,385678,1be24d36bd78ab48751c3be86ebb4bf1a0a7382ea6235f7dc57ba4bcbc9af4dc,M08,M,DISGUST,1,S3,T3,
6063,subesco,M_08_PRASUN_S_3_DISGUST_4.wav,394598,949c4e0820a010663d38d561463e24a1179f9d76442c0e3a21f05976560cab8a,M08,M,DISGUST,1,S3,T4,
6064,subesco,M_08_PRASUN_S_3_DISGUST_5.wav,391254,ff2808efb1b0f6c63b2d12d00d25ea054689585c0f6ad3a1b38c1f136ed314f9,M08,M,DISGUST,1,S3,T5,
6065,subesco,M_08_PRASUN_S_3_FEAR_1.wav,352300,6170b447c7e17012c6c8926bb667c53ce919548f0b6f3da965b9a39feb7dbe51,M08,M,FEAR,2,S3,T1,
6066,subesco,M_08_PRASUN_S_3_FEAR_2.wav,355372,82783f82923b8dbc1275d205aee13d801cb3c2dd8f702724a1903055bac9b25c,M08,M,FEAR,2,S3,T2,
6067,subesco,M_08_PRASUN_S_3_FEAR_3.wav,354348,2f87c2a1163386127a20c94f95bfee7d7b4676b6f414ed5b266be3f85904b5fd,M08,M,FEAR,2,S3,T3,
6068,subesco,M_08_PRASUN_S_3_FEAR_4.wav,354348,94eed581f5e9e3610cbec3ad96b83d070f633b68ac9a54e2bd5d34906cdf0004,M08,M,FEAR,2,S3,T4,
6069,subesco,M_08_PRASUN_S_3_FEAR_5.wav,360492,3c6c2d20b22a4daf2c31c1ffe267ba01a3cdef612e15892f72c28d75c3a30d7a,M08,M,FEAR,2,S3,T5,
6070,subesco,M_08_PRASUN_S_3_HAPPY_1.wav,359466,f5ed7fd731df13ca1ef312f4a727bdc2f7ae5f2565379fd07b02fda9d3d488ef,M08,M,HAPPY,3,S3,T1,
6071,subesco,M_08_PRASUN_S_3_HAPPY_2.wav,356396,dd45da6c6b7ff40e49bb8b97509d44189d8d8035482a76f995f483868963ad37,M08,M,HAPPY,3,S3,T2,
6072,subesco,M_08_PRASUN_S_3_HAPPY_3.wav,363564,5543b50324250de7e67f7daa8af375b7d1c2ce2fa9af20855122ccfd3d2d67cd,M08,M,HAPPY,3,S3,T3,
6073,subesco,M_08_PRASUN_S_3_HAPPY_4.wav,352300,4d609f38c596dfc933e6199c9501b1c77b9516354da0946361f9143bc150ce12,M08,M,HAPPY,3,S3,T4,
6074,subesco,M_08_PRASUN_S_3_HAPPY_5.wav,374828,ec89954064ac92f7645545bbd4eae7f79e9f4d5cc20166cf7e3db15d84e881d3,M08,M,HAPPY,3,S3,T5,
6075,subesco,M_08_PRASUN_S_3_NEUTRAL_1.wav,369708,4c1c833c6992a0458e93ecf0c5e54e33521437711ee9eef4a821b337783fffde,M08,M,NEUTRAL,4,S3,T1,
6076,subesco,M_08_PRASUN_S_3_NEUTRAL_2.wav,349228,301044bc1b71fe5e29efa0afb312c18e9e716b829aacfcb5f63a66fa73524bbe,M08,M,NEUTRAL,4,S3,T2,
6077,subesco,M_08_PRASUN_S_3_NEUTRAL_3.wav,354348,c98ab5772b6bebe0af75e7eff7c8043ccb82c03638ab31f9082c57ccaee29d49,M08,M,NEUTRAL,4,S3,T3,
6078,subesco,M_08_PRASUN_S_3_NEUTRAL_4.wav,343084,6be4025881d45c2683a8055b792014b1866ff2d1b26b653fc7571f2bf59e737c,M08,M,NEUTRAL,4,S3,T4,
6079,subesco,M_08_PRASUN_S_3_NEUTRAL_5.wav,357422,69b96b35ac01029988aece2fd164ede6c2b79dd4e1bb7cf6c6f954f974e9751a,M08,M,NEUTRAL,4,S3,T5,
6080,subesco,M_08_PRASUN_S_3_SAD_1.wav,366636,1b81beffde483812a29ab4af5c4251b3330467c2a5e274a8a86e62a1015673fe,M08,M,SAD,5,S3,T1,
6081,subesco,M_08_PRASUN_S_3_SAD_2.wav,354348,fd12063eab9cc3604fd21cc1155791cfe0877e5fa97a6f20dde6bf943f86f5cb,M08,M,SAD,5,S3,T2,
6082,subesco,M_08_PRASUN_S_3_SAD_3.wav,350252,7b4947b8967fb8a101804e2cee3ccbec13c58d85a43328121da3b63c6dd2bade,M08,M,SAD,5,S3,T3,
6083,subesco,M_08_PRASUN_S_3_SAD_4.wav,361516,997071debb70eb6037cf521b1f13ba205c56dcd4d54348fe3962a523d4ef83c7,M08,M,SAD,5,S3,T4,
6084,subesco,M_08_PRASUN_S_3_SAD_5.wav,355372,298c0f61ede3111e27fa198373b1e7cb37ab9ace53c42c1b20f516ced555abce,M08,M,SAD,5,S3,T5,
6085,subesco,M_08_PRASUN_S_3_SURPRISE_1.wav,385682,88a92a339d9151b1d9b7ee79b1a3d77abd780c88e01ecc996c855750740689bb,M08,M,SURPRISE,6,S3,T1,
6086,subesco,M_08_PRASUN_S_3_SURPRISE_2.wav,386796,b7a0d86dda51831520840131c83af289aaec0c2df6b150a574332a7a82ea41db,M08,M,SURPRISE,6,S3,T2,
6087,subesco,M_08_PRASUN_S_3_SURPRISE_3.wav,386796,2d2f9307e03956355ba041188f4b73286d7c28e1752933a1a96aa6379b82b747,M08,M,SURPRISE,6,S3,T3,
6088,subesco,M_08_PRASUN_S_3_SURPRISE_4.wav,386796,e2081dc17d6a58ddde811a630018aab86b036fcc8bf3736fcf89c47ce9844c9a,M08,M,SURPRISE,6,S3,T4,
6089,subesco,M_08_PRASUN_S_3_SURPRISE_5.wav,386796,6b485353d65d0cd60067656e7db70d81a462006f9d9aeb7c54f1e25bc3cc755e,M08,M,SURPRISE,6,S3,T5,
6090,subesco,M_08_PRASUN_S_4_ANGRY_1.wav,359468,9b74067167f6cd32930feff063d472a48319aeac0f6c969e1b23b7c416675eec,M08,M,ANGRY,0,S4,T1,
6091,subesco,M_08_PRASUN_S_4_ANGRY_2.wav,347180,aa0f0929d55b8bee6ad65350b556d0ea54ae4023c5ec0f4611c900f81aadbc51,M08,M,ANGRY,0,S4,T2,
6092,subesco,M_08_PRASUN_S_4_ANGRY_3.wav,356396,138cfcdef800092eb10f76d743f0a8fa26c42f734b44010b8bd5c9fd0b6754fb,M08,M,ANGRY,0,S4,T3,
6093,subesco,M_08_PRASUN_S_4_ANGRY_4.wav,358442,66f42e6bc2325995bec65ede19f61dd3bbb93e32355337eb173f2f4cfdc4bf57,M08,M,ANGRY,0,S4,T4,
6094,subesco,M_08_PRASUN_S_4_ANGRY_5.wav,357420,1ad6bce0abee99542ed8b0d4c11766d5b6eabfd5a3895a6b3709c2c30b891be2,M08,M,ANGRY,0,S4,T5,
6095,subesco,M_08_PRASUN_S_4_DISGUST_1.wav,348202,3c8979a8c73566a30275a3016c6b3232bcc68855adcaae2c6414dbddb07cb8d3,M08,M,DISGUST,1,S4,T1,
6096,subesco,M_08_PRASUN_S_4_DISGUST_2.wav,356396,faaeb22e55256967065a9dee812826152805ecd1262f5187ef03d4c04e679561,M08,M,DISGUST,1,S4,T2,
6097,subesco,M_08_PRASUN_S_4_DISGUST_3.wav,357420,f8b754e5607818608e36ecfc7bd64547c4c0cfb2591c9eae448b561ffe07c4b0,M08,M,DISGUST,1,S4,T3,
6098,subesco,M_08_PRASUN_S_4_DISGUST_4.wav,360492,4cff50fccafbe3f65f8be349ad4792c73f48fbd8140b86fb0ff4132cd42149cc,M08,M,DISGUST,1,S4,T4,
6099,subesco,M_08_PRASUN_S_4_DISGUST_5.wav,362540,26fc1957803e664491bf6d98a0c56df05dd384b31cb1cfe037116d356acb21d0,M08,M,DISGUST,1,S4,T5,
6100,subesco,M_08_PRASUN_S_4_FEAR_1.wav,355372,87ccf3028a0c62fbe15b18bb73b3ee9d537334560010fc030c782e84866723c9,M08,M,FEAR,2,S4,T1,
6101,subesco,M_08_PRASUN_S_4_FEAR_2.wav,359468,11333d3327adab7314f1724dac24468d09dfa7b364316f844803c3a8f42c4cdd,M08,M,FEAR,2,S4,T2,
6102,subesco,M_08_PRASUN_S_4_FEAR_3.wav,359468,ee507b9b5c42bc94168025896e18cd56e27ff40df76af75566ee217c6f6724dc,M08,M,FEAR,2,S4,T3,
6103,subesco,M_08_PRASUN_S_4_FEAR_4.wav,355370,fe3949006b2a3eb4f50616cb311d32f1af4d14c3ef78b8cdb5426e35bdbd7c61,M08,M,FEAR,2,S4,T4,
6104,subesco,M_08_PRASUN_S_4_FEAR_5.wav,352300,17dcc19b93490c73a3e415f1febc9ce68ef9da22b3f3e214da30a994629777bf,M08,M,FEAR,2,S4,T5,
6105,subesco,M_08_PRASUN_S_4_HAPPY_1.wav,364588,d83c153225cbb890d07d69c3780ef58adee230029f5ac5cb1c0ab8248762178c,M08,M,HAPPY,3,S4,T1,
6106,subesco,M_08_PRASUN_S_4_HAPPY_2.wav,376874,80ea53f00bd817c5de670bac3834cae485fe362eba1fb719557d29bf8ab740e7,M08,M,HAPPY,3,S4,T2,
6107,subesco,M_08_PRASUN_S_4_HAPPY_3.wav,360492,0649bf687703273ffd877cf02c83fed74ff13f27d8429e8f43f03b7ca19003e1,M08,M,HAPPY,3,S4,T3,
6108,subesco,M_08_PRASUN_S_4_HAPPY_4.wav,354348,bb7fbcee61096966aef87fa49f847a1656d882b997966019326b21b07ef977e9,M08,M,HAPPY,3,S4,T4,
6109,subesco,M_08_PRASUN_S_4_HAPPY_5.wav,363564,812eb93d519eabcdbae69483dc2be0f5dedfb7e2962bcca9d3bcfe3b9afd364e,M08,M,HAPPY,3,S4,T5,
6110,subesco,M_08_PRASUN_S_4_NEUTRAL_1.wav,359468,a6de936f3b59d888c839cc069ede3953efe67f99615abb75018ecd48f82d9145,M08,M,NEUTRAL,4,S4,T1,
6111,subesco,M_08_PRASUN_S_4_NEUTRAL_2.wav,363564,6608f756207bdc5b92575650bf6231c0076077f90adda5dfa7bb3dca4f4ffda2,M08,M,NEUTRAL,4,S4,T2,
6112,subesco,M_08_PRASUN_S_4_NEUTRAL_3.wav,363566,f706e56d490161fde791902f6fab4a6a965911978cab56d35ce7c127ddc1440f,M08,M,NEUTRAL,4,S4,T3,
6113,subesco,M_08_PRASUN_S_4_NEUTRAL_4.wav,365610,90bc47846fafcb25309a6ba3c85fd6fb5a8613854911374ef5aa7a56e6bb6c6d,M08,M,NEUTRAL,4,S4,T4,
6114,subesco,M_08_PRASUN_S_4_NEUTRAL_5.wav,351276,094d3845eaa69045208c5173e7071be226997cece491f4b7b5c71272760da33c,M08,M,NEUTRAL,4,S4,T5,
6115,subesco,M_08_PRASUN_S_4_SAD_1.wav,356396,34399d166fc0a0f19a379da07ba5b48d81285fc8f14f4d1a343d0e60641ddccc,M08,M,SAD,5,S4,T1,
6116,subesco,M_08_PRASUN_S_4_SAD_2.wav,353324,f51cf60f9228e298f7c5a4ac522168151f842749778f56d65416edcb15b6b3fb,M08,M,SAD,5,S4,T2,
6117,subesco,M_08_PRASUN_S_4_SAD_3.wav,357420,b2348b11b23b41897d95525b6ebc89c32b30184b8e2244e9bcc901ef0e5bb11b,M08,M,SAD,5,S4,T3,
6118,subesco,M_08_PRASUN_S_4_SAD_4.wav,368684,4486c918c659c85ddb7653273b791fc8ff365d705cb6dee0cef9605ab4179a30,M08,M,SAD,5,S4,T4,
6119,subesco,M_08_PRASUN_S_4_SAD_5.wav,357420,076cb8de0b793afc6b170334b95d6db61dcf40819a8f602672f9a5575bdf4028,M08,M,SAD,5,S4,T5,
6120,subesco,M_08_PRASUN_S_4_SURPRISE_1.wav,355370,9c0838653c1cd456883c3204cb5565a5a8eb8ec872bd155d8054db2d71a0fc9f,M08,M,SURPRISE,6,S4,T1,
6121,subesco,M_08_PRASUN_S_4_SURPRISE_2.wav,365612,59ef5211a934d5ecd8ec01e7f0702040156b25e0671323ee7d4d91f4145a3458,M08,M,SURPRISE,6,S4,T2,
6122,subesco,M_08_PRASUN_S_4_SURPRISE_3.wav,353324,0fc358bdf23f64aa91ca4f3af002889fe38144837609e6343c929a05ebeadfb1,M08,M,SURPRISE,6,S4,T3,
6123,subesco,M_08_PRASUN_S_4_SURPRISE_4.wav,368684,a5fd045f48fe9ab1e49f778f55ec966010b6ed583c515e1f81955caba43688a6,M08,M,SURPRISE,6,S4,T4,
6124,subesco,M_08_PRASUN_S_4_SURPRISE_5.wav,347180,e80192100782359ae1c89eb03f6711832f26940588c7b33cf7b41d48b0328fec,M08,M,SURPRISE,6,S4,T5,
6125,subesco,M_08_PRASUN_S_5_ANGRY_1.wav,366636,3baaabdbb32ec483fb923fa9155673c0748b09bd0ad71b1b724952cc77490680,M08,M,ANGRY,0,S5,T1,
6126,subesco,M_08_PRASUN_S_5_ANGRY_2.wav,358444,9cfeeb0240cc2fccb61c0fcc4727eac8c31a5a77c0eb131676a162445b516757,M08,M,ANGRY,0,S5,T2,
6127,subesco,M_08_PRASUN_S_5_ANGRY_3.wav,357422,61fb8736d9e57d1e73c3424b5fbafa98fea19efe550812c594e03aec5995d32c,M08,M,ANGRY,0,S5,T3,
6128,subesco,M_08_PRASUN_S_5_ANGRY_4.wav,350252,7a47fac7a93cb4ac4bf4c87a37e3c91e15e2d70af01cc55b042f2293571b306a,M08,M,ANGRY,0,S5,T4,
6129,subesco,M_08_PRASUN_S_5_ANGRY_5.wav,360492,2ae9af88e9fc5202c8a9a4c4f24b034882c698a913aecdeaeea99671ec6a4fc2,M08,M,ANGRY,0,S5,T5,
6130,subesco,M_08_PRASUN_S_5_DISGUST_1.wav,360492,4ba4e19769c77baabd1574702f359e0d768053542082015103d4de2e7f60cc4c,M08,M,DISGUST,1,S5,T1,
6131,subesco,M_08_PRASUN_S_5_DISGUST_2.wav,360494,64ec144938102fc35535834fce3db92a8d6fe88400d72c858879053c82b6e6e7,M08,M,DISGUST,1,S5,T2,
6132,subesco,M_08_PRASUN_S_5_DISGUST_3.wav,355372,680f68f0de72a30f2e8efbb07e8b925dc927ea4661870afddf1d53bed7331a54,M08,M,DISGUST,1,S5,T3,
6133,subesco,M_08_PRASUN_S_5_DISGUST_4.wav,362540,cd67b7480367c7f7a1c87c1918767a2734546292788cdbdbcb4fc41abd7e6da3,M08,M,DISGUST,1,S5,T4,
6134,subesco,M_08_PRASUN_S_5_DISGUST_5.wav,367662,3b073417cb8d0da0bf62803e2f073d0032e9d6d90779030e08b366ef322cac5e,M08,M,DISGUST,1,S5,T5,
6135,subesco,M_08_PRASUN_S_5_FEAR_1.wav,359466,68bea64a883fda66a57ef90b961a12488ffa6446ccbb1c9d396a8124ba3c5c02,M08,M,FEAR,2,S5,T1,
6136,subesco,M_08_PRASUN_S_5_FEAR_2.wav,345132,f2fa7657206470ec0ab78927daf0914bf0a766f60898db489b23c0fdc504e392,M08,M,FEAR,2,S5,T2,
6137,subesco,M_08_PRASUN_S_5_FEAR_3.wav,357420,559c53c6fb55f0640f91fff5d0104e71c5e86263e33ba38093109a019b9f5882,M08,M,FEAR,2,S5,T3,
6138,subesco,M_08_PRASUN_S_5_FEAR_4.wav,350252,44b920ed688f03aa18e29d43395efda1eb2b06f39d461827dd6b722ef8ba5c3a,M08,M,FEAR,2,S5,T4,
6139,subesco,M_08_PRASUN_S_5_FEAR_5.wav,356396,8a9f1bf91de41060ee0518b7f7639adcc5762dcfa72425eabd2237a7a353f540,M08,M,FEAR,2,S5,T5,
6140,subesco,M_08_PRASUN_S_5_HAPPY_1.wav,359468,865a49fac57bf58f8a5f62da6da67bcf4572a3403e71a7dc318af642ed76f9dd,M08,M,HAPPY,3,S5,T1,
6141,subesco,M_08_PRASUN_S_5_HAPPY_2.wav,349228,dcd133163ba37710fe1fafac32f358c25d16fcb49e95a50a3247f3667aea28b7,M08,M,HAPPY,3,S5,T2,
6142,subesco,M_08_PRASUN_S_5_HAPPY_3.wav,362538,6295b4123e22d17e17b3ee7b391a03dd1479086f9fa123dee3e95d3694a238b3,M08,M,HAPPY,3,S5,T3,
6143,subesco,M_08_PRASUN_S_5_HAPPY_4.wav,365610,1636e01e5e5e8cd05671025df2c873bf995ea75f996f60dd6cce929838aec4e7,M08,M,HAPPY,3,S5,T4,
6144,subesco,M_08_PRASUN_S_5_HAPPY_5.wav,353324,c8c19b1d77185bd4e271a691efc980ddbda8afbfe7459a823662c3c84f2d0124,M08,M,HAPPY,3,S5,T5,
6145,subesco,M_08_PRASUN_S_5_NEUTRAL_1.wav,356396,608b2e3a76eddae26e370d3cabf9215d6fe3ec0a13c567ab9a3348dbb415cfd6,M08,M,NEUTRAL,4,S5,T1,
6146,subesco,M_08_PRASUN_S_5_NEUTRAL_2.wav,359468,a807f6128427ef7042b0591493172e29225be94537a15e3422da078636b80524,M08,M,NEUTRAL,4,S5,T2,
6147,subesco,M_08_PRASUN_S_5_NEUTRAL_3.wav,355372,3717e5ceb48ebf0999c78848eaac8121eca9e857e531eeae1a01ae47e8745210,M08,M,NEUTRAL,4,S5,T3,
6148,subesco,M_08_PRASUN_S_5_NEUTRAL_4.wav,361516,afce8869cb5d17563878522106d7efaa27dfdb2dff75e76d7cf0a115adf62dbe,M08,M,NEUTRAL,4,S5,T4,
6149,subesco,M_08_PRASUN_S_5_NEUTRAL_5.wav,351276,1631b28d3544517f799fef4cccfe19148b5a67a3be7812591cd5c02f5bb61745,M08,M,NEUTRAL,4,S5,T5,
6150,subesco,M_08_PRASUN_S_5_SAD_1.wav,371756,5c12e81907cb5fc958f51dd70220bff231d2a1efc60820f7119d93b651591c3f,M08,M,SAD,5,S5,T1,
6151,subesco,M_08_PRASUN_S_5_SAD_2.wav,363564,ab76a0b0639edb22073946b242233466f09f5a74711b5b05a2889968b944bec7,M08,M,SAD,5,S5,T2,
6152,subesco,M_08_PRASUN_S_5_SAD_3.wav,350254,a9dd96a6a99ca7d9cda09c7df2abb099f97cb125f10ea238741e614d7add46b1,M08,M,SAD,5,S5,T3,
6153,subesco,M_08_PRASUN_S_5_SAD_4.wav,359468,53cd1f3bb2504928c15e1ed5794e6f9efb16fe2be932ea07c1914bf1bae223b8,M08,M,SAD,5,S5,T4,
6154,subesco,M_08_PRASUN_S_5_SAD_5.wav,373802,9660336314ba4132d2efe053d697be21e1b034e066a762f812a3224fdb93795c,M08,M,SAD,5,S5,T5,
6155,subesco,M_08_PRASUN_S_5_SURPRISE_1.wav,357420,234e3d58114c1a18e4cc39b4296066374f4d05245f6b0b2ba8052a8886628e7f,M08,M,SURPRISE,6,S5,T1,
6156,subesco,M_08_PRASUN_S_5_SURPRISE_2.wav,365612,f3f0b4ca8ba201fb9d2e4eacbacc9c32d5bfa39b553b1428ae53cdaba577cbec,M08,M,SURPRISE,6,S5,T2,
6157,subesco,M_08_PRASUN_S_5_SURPRISE_3.wav,359468,907e8b156ba4f6d31bd7fa4a554958ed6d8222d14b5c32640ec64e7bfd36cb25,M08,M,SURPRISE,6,S5,T3,
6158,subesco,M_08_PRASUN_S_5_SURPRISE_4.wav,347180,ebac0e93e7bb0eaa9d52aae67d54be271c122e0528eccc3abee26261a70cfd12,M08,M,SURPRISE,6,S5,T4,
6159,subesco,M_08_PRASUN_S_5_SURPRISE_5.wav,352300,8962877bcb285392b2ee4d06e8cc03f57a01c5485a8234d2e66e69b52774854d,M08,M,SURPRISE,6,S5,T5,
6160,subesco,M_08_PRASUN_S_6_ANGRY_1.wav,363564,f11cfe4c9bbc5bdfd78b7fec08095f875231a06ca171f6294655485f3e495478,M08,M,ANGRY,0,S6,T1,
6161,subesco,M_08_PRASUN_S_6_ANGRY_2.wav,368686,d9d04cb068fddff45556ac8898ca878ef79cc6ba28640fe84a59a374c0732039,M08,M,ANGRY,0,S6,T2,
6162,subesco,M_08_PRASUN_S_6_ANGRY_3.wav,356396,50a4605ad29c9690e1e38b644e75672741e20b9b8a2b809496c360f722d770f3,M08,M,ANGRY,0,S6,T3,
6163,subesco,M_08_PRASUN_S_6_ANGRY_4.wav,337964,96950b7222314e1dbd42aa1ded363f4b14f1f43b2dcb8f635c1f66b113f5ece9,M08,M,ANGRY,0,S6,T4,
6164,subesco,M_08_PRASUN_S_6_ANGRY_5.wav,356396,dc854f80b69e02703d92a6e59578f5ab0abd73933bd4708ce9c987c52b141724,M08,M,ANGRY,0,S6,T5,
6165,subesco,M_08_PRASUN_S_6_DISGUST_1.wav,356396,6706330f231c9aecae9401197a24703b17f3b1da757e28a1dbf306b514b81644,M08,M,DISGUST,1,S6,T1,
6166,subesco,M_08_PRASUN_S_6_DISGUST_2.wav,352300,8e41aa40c7fbead197c5a33c4081550558fb20a8be2d983c8ff168ffc5a34158,M08,M,DISGUST,1,S6,T2,
6167,subesco,M_08_PRASUN_S_6_DISGUST_3.wav,370732,a5eb12ff5644bf41a7fd6d39806c3617864c3fdb4918f2bb23f5e1022443b12e,M08,M,DISGUST,1,S6,T3,
6168,subesco,M_08_PRASUN_S_6_DISGUST_4.wav,356396,fb82f7455ae8a5c8f0a11e85cccabc714aecc92d2006e4c4bec05eebc8aadebe,M08,M,DISGUST,1,S6,T4,
6169,subesco,M_08_PRASUN_S_6_DISGUST_5.wav,351276,758bce64f661edcac3e69fff0270be77bb25f3a872e15489351b402abb6b7d55,M08,M,DISGUST,1,S6,T5,
6170,subesco,M_08_PRASUN_S_6_FEAR_1.wav,359468,1f5032d6f4c4423290359c7bbf06cf34cd37cc026c6a48d40e461e6d15a501c3,M08,M,FEAR,2,S6,T1,
6171,subesco,M_08_PRASUN_S_6_FEAR_2.wav,370732,936d7e17096d9cab8a2dd219bcd4eee5b0b02d39bdb67eaa3f6c68d60fc6108a,M08,M,FEAR,2,S6,T2,
6172,subesco,M_08_PRASUN_S_6_FEAR_3.wav,358442,03450e67b9b57c77b6dabab6fe45cda94a959b62d5c177b4c28f7fd07deffe54,M08,M,FEAR,2,S6,T3,
6173,subesco,M_08_PRASUN_S_6_FEAR_4.wav,359468,dc34ad1f12cd0c1d104127ebf34fb38cdb3d6fc2f706abcbd8d5cd926859957e,M08,M,FEAR,2,S6,T4,
6174,subesco,M_08_PRASUN_S_6_FEAR_5.wav,350252,c6684dcf5411b7ae9d5b03733a21fa216bf634df9c0358562813e3e918dae065,M08,M,FEAR,2,S6,T5,
6175,subesco,M_08_PRASUN_S_6_HAPPY_1.wav,367660,6d2f2fe68881f6f584e48f069807527bdefecb396a92448d6dda1c8f1d6c1ee4,M08,M,HAPPY,3,S6,T1,
6176,subesco,M_08_PRASUN_S_6_HAPPY_2.wav,362538,ce9d6d32a0dc184e4886f0254442b9f5739e47fa4ad8675c04523558bfee1712,M08,M,HAPPY,3,S6,T2,
6177,subesco,M_08_PRASUN_S_6_HAPPY_3.wav,358442,cad774fb1f61a096cf722f026d56542325b93476b5aaf8df51ca3e105eeb8f8a,M08,M,HAPPY,3,S6,T3,
6178,subesco,M_08_PRASUN_S_6_HAPPY_4.wav,355372,7076e625f0df219d53d6ba6f7ee3dbb66efa6b3d602bb5dfa166282ed1e8e38d,M08,M,HAPPY,3,S6,T4,
6179,subesco,M_08_PRASUN_S_6_HAPPY_5.wav,356396,91196511710026434fb89b09e12f14e1e6db689f89b800f12184a58b2496a797,M08,M,HAPPY,3,S6,T5,
6180,subesco,M_08_PRASUN_S_6_NEUTRAL_1.wav,367662,c88c9cb52762eec6298774e53ba861f6724998577514412d7f421dffeea946fc,M08,M,NEUTRAL,4,S6,T1,
6181,subesco,M_08_PRASUN_S_6_NEUTRAL_2.wav,365610,ee0f9fc808faaeaa1a1611af4b625c0609d72bc6b6b5cecbbf8721c865cf7882,M08,M,NEUTRAL,4,S6,T2,
6182,subesco,M_08_PRASUN_S_6_NEUTRAL_3.wav,348204,9c16e79fc2fcb70576461ac125e99c009937c6aec69e6fd43dc1e4edf327c00d,M08,M,NEUTRAL,4,S6,T3,
6183,subesco,M_08_PRASUN_S_6_NEUTRAL_4.wav,376876,78fe22b938b05e0ef29ca6d486abcf7662a0bd3a322acca725c628fc04207443,M08,M,NEUTRAL,4,S6,T4,
6184,subesco,M_08_PRASUN_S_6_NEUTRAL_5.wav,358442,795d5ace3f891c9c90968632503822a334410874863dffc35917ae788e066f37,M08,M,NEUTRAL,4,S6,T5,
6185,subesco,M_08_PRASUN_S_6_SAD_1.wav,370732,845661f7f016750cd031d4e6d2326e1f3e5539381392ac779e902c35815767f6,M08,M,SAD,5,S6,T1,
6186,subesco,M_08_PRASUN_S_6_SAD_2.wav,365610,9996c26e505ae6c5c66756feb4a1859e712b7727101dafbc5324c1a56a72c5c1,M08,M,SAD,5,S6,T2,
6187,subesco,M_08_PRASUN_S_6_SAD_3.wav,368684,7b01db5b22f0638c9c0b426160f512173f1de279c284e43428766df14b8c742e,M08,M,SAD,5,S6,T3,
6188,subesco,M_08_PRASUN_S_6_SAD_4.wav,366636,38f2b83856c4c093c7f281a7a4d255efe298dbd0e79eb5c17a74a88dc431163f,M08,M,SAD,5,S6,T4,
6189,subesco,M_08_PRASUN_S_6_SAD_5.wav,358442,745acb85e097d0de05a373965c718fe61d5b4a586bcbd5b841a80ed4dc915736,M08,M,SAD,5,S6,T5,
6190,subesco,M_08_PRASUN_S_6_SURPRISE_1.wav,358444,3d1680d5e0f8406b10bc6560679839d12838b4a72698ee3c8a83f37a3fed6255,M08,M,SURPRISE,6,S6,T1,
6191,subesco,M_08_PRASUN_S_6_SURPRISE_2.wav,359468,ed5fa41b9420dc885ad65b9e0de68bc4f455843c5a09a028d0fbdc73e95fbab7,M08,M,SURPRISE,6,S6,T2,
6192,subesco,M_08_PRASUN_S_6_SURPRISE_3.wav,356396,4ffb597c9e11834d41fce5d0e0b7c9cea3f88eb5c3f2a1eb21ec98503d3f7d61,M08,M,SURPRISE,6,S6,T3,
6193,subesco,M_08_PRASUN_S_6_SURPRISE_4.wav,356396,d35dcefbf5270dde73e9d07167ab7de196ee7cd39a453e7ea04466a5771ffa8f,M08,M,SURPRISE,6,S6,T4,
6194,subesco,M_08_PRASUN_S_6_SURPRISE_5.wav,352300,2bbaead113dfb131a0ca04a03d26184d8b659150c178d501ef63596e12cead78,M08,M,SURPRISE,6,S6,T5,
6195,subesco,M_08_PRASUN_S_7_ANGRY_1.wav,359468,27ca36e34438428b6cb062f5009e322bbca1ec7d054fbcc47dee18864b4681d1,M08,M,ANGRY,0,S7,T1,
6196,subesco,M_08_PRASUN_S_7_ANGRY_2.wav,352300,25ecf314864286a97d721480b010dd9b2509728d43a56ee1ecca7d0065f00abc,M08,M,ANGRY,0,S7,T2,
6197,subesco,M_08_PRASUN_S_7_ANGRY_3.wav,349228,43389081cbabc96d01199fdc8cdc9c1610919c9c3e1b569696c5b2f4b8c0d84e,M08,M,ANGRY,0,S7,T3,
6198,subesco,M_08_PRASUN_S_7_ANGRY_4.wav,354348,78b4563ec6a2a3407c44782b01f04a92cb147c6b80d5de424716debb8c2a1b82,M08,M,ANGRY,0,S7,T4,
6199,subesco,M_08_PRASUN_S_7_ANGRY_5.wav,361516,0f5f553884fdb845715b93a0f37638b5fe340245f22de05f99c036bb8d6667e1,M08,M,ANGRY,0,S7,T5,
6200,subesco,M_08_PRASUN_S_7_DISGUST_1.wav,344108,d3b2f38650274e862531107d35e3307a3911345eaa8e16ac0a9996c7d16b98f8,M08,M,DISGUST,1,S7,T1,
6201,subesco,M_08_PRASUN_S_7_DISGUST_2.wav,355372,734dde9f2160dfc24abdf2c046421bb49b23f1d01d7c33e5b0983e168d50adb4,M08,M,DISGUST,1,S7,T2,
6202,subesco,M_08_PRASUN_S_7_DISGUST_3.wav,359466,57314ca78ae942a28f09b4976c3f9194c3800e0622efd0a3b898fda1b39fa9c6,M08,M,DISGUST,1,S7,T3,
6203,subesco,M_08_PRASUN_S_7_DISGUST_4.wav,365612,d71014de30fefaf4a1643b75583f2e26dc9c55411efe5b24d40fd5a41cb44866,M08,M,DISGUST,1,S7,T4,
6204,subesco,M_08_PRASUN_S_7_DISGUST_5.wav,353324,a87ed20ccb5382f8f2b5d7fd075e935faf4b2bdb06fb36d8158cc17b88c6a826,M08,M,DISGUST,1,S7,T5,
6205,subesco,M_08_PRASUN_S_7_FEAR_1.wav,351274,8e6bfa9c363cdc879c7ade7caca4b4246c61b5e1004a85ff78e40dba08785868,M08,M,FEAR,2,S7,T1,
6206,subesco,M_08_PRASUN_S_7_FEAR_2.wav,362538,2409f4b8ffdcc6062b082dcd227fb5ae0b03e79950b8ec528b8a1b31eecb9c0c,M08,M,FEAR,2,S7,T2,
6207,subesco,M_08_PRASUN_S_7_FEAR_3.wav,357422,5670c73729acb571beb63f86453f8f99d1c2871a57144721e2f81071e426c3b4,M08,M,FEAR,2,S7,T3,
6208,subesco,M_08_PRASUN_S_7_FEAR_4.wav,361516,ca9de7b93a7f2ee1183ad8734944efb1b4c0f6ef28179a514155d918f0bd67af,M08,M,FEAR,2,S7,T4,
6209,subesco,M_08_PRASUN_S_7_FEAR_5.wav,357420,c14297528d4ce5a3e3027e28d88340262c0dd553ea16972d78eb38c6a25b89aa,M08,M,FEAR,2,S7,T5,
6210,subesco,M_08_PRASUN_S_7_HAPPY_1.wav,362540,80de64f917b1225412152b59d13f1ac91896f19743da1d498edbf8a42ef61e21,M08,M,HAPPY,3,S7,T1,
6211,subesco,M_08_PRASUN_S_7_HAPPY_2.wav,356396,e9356cd380efc0903785c79323709af986c200617b4ee0ea45296031e5bae2ac,M08,M,HAPPY,3,S7,T2,
6212,subesco,M_08_PRASUN_S_7_HAPPY_3.wav,361516,7427c33a7278fe654f1896451c1573b6a44d128a4385c9b2a5c371d3fa195a5d,M08,M,HAPPY,3,S7,T3,
6213,subesco,M_08_PRASUN_S_7_HAPPY_4.wav,356396,001297d67f845d1cf657775ac5b7d30f26a535b076c8b6a0a9dcc6b644c24d5c,M08,M,HAPPY,3,S7,T4,
6214,subesco,M_08_PRASUN_S_7_HAPPY_5.wav,357422,c567f5ff11e3befc8291e6f925873b03d69fabdb76b3057d67b0c854d8650362,M08,M,HAPPY,3,S7,T5,
6215,subesco,M_08_PRASUN_S_7_NEUTRAL_1.wav,333868,8343b3b988dfecc87c812586a36371b4ff300b87163ab278af64778fbdfc9d24,M08,M,NEUTRAL,4,S7,T1,
6216,subesco,M_08_PRASUN_S_7_NEUTRAL_2.wav,358444,fdd7f69f08015e4ae51100945f2ac51a4a2b337200c22f689ade21d1ce3fad8c,M08,M,NEUTRAL,4,S7,T2,
6217,subesco,M_08_PRASUN_S_7_NEUTRAL_3.wav,350254,55216a4a20dc14130ece62a7c1a9ef13f0c9465ff56c891bc9f256a0d7e31ca2,M08,M,NEUTRAL,4,S7,T3,
6218,subesco,M_08_PRASUN_S_7_NEUTRAL_4.wav,354348,5dde966c40d0d8616a3b3c54693f85dfbaa833ecb534f393e35fa7d51b602deb,M08,M,NEUTRAL,4,S7,T4,
6219,subesco,M_08_PRASUN_S_7_NEUTRAL_5.wav,364590,b6a30a4710315c13bffd2568e0579290bf937d69801bff89bbec347f2c1a9363,M08,M,NEUTRAL,4,S7,T5,
6220,subesco,M_08_PRASUN_S_7_SAD_1.wav,366636,ffcaa295f1ade92a752a16016f9c58d1e0743551dad438de0e96a64e3f4d862b,M08,M,SAD,5,S7,T1,
6221,subesco,M_08_PRASUN_S_7_SAD_2.wav,358444,b10869948c9d8eb85a385b6b34df5bf4d542041aa4c30e350b4f15fa9695b820,M08,M,SAD,5,S7,T2,
6222,subesco,M_08_PRASUN_S_7_SAD_3.wav,355372,44861a983844fe394df7c26056379a8516458cf62b4694b3fc1f7b53b2f43039,M08,M,SAD,5,S7,T3,
6223,subesco,M_08_PRASUN_S_7_SAD_4.wav,375852,8a57dba6f3bd91628744aa4d43ce4437cc44214378709ae712cffe1dac0275e1,M08,M,SAD,5,S7,T4,
6224,subesco,M_08_PRASUN_S_7_SAD_5.wav,349230,c6047e76870b4a040693889ad0a3471b5fa2139e48cb7401493547ca3ba87493,M08,M,SAD,5,S7,T5,
6225,subesco,M_08_PRASUN_S_7_SURPRISE_1.wav,720940,31daae18ef2693d2269e2ae19bea7333f466390c7619b39a145b05a82562f692,M08,M,SURPRISE,6,S7,T1,
6226,subesco,M_08_PRASUN_S_7_SURPRISE_2.wav,720940,dba3e45a0b1aaf286a93a45cdddc22bd1a68b6d8f621d15c0608030bef85a2e5,M08,M,SURPRISE,6,S7,T2,
6227,subesco,M_08_PRASUN_S_7_SURPRISE_3.wav,735276,488285e5e48007164ff84db8c12b7e2145afba46295a5f250dab943365a2515c,M08,M,SURPRISE,6,S7,T3,
6228,subesco,M_08_PRASUN_S_7_SURPRISE_4.wav,702504,9fd5e2f1e60a1bc7fe613c44f99254246c89fabc4e9c6efaef9827f776e09f1f,M08,M,SURPRISE,6,S7,T4,
6229,subesco,M_08_PRASUN_S_7_SURPRISE_5.wav,710700,ea9fa6651290e96eddbb24cd54850121c2d736ddd49616de2263aa59d2d2f4a8,M08,M,SURPRISE,6,S7,T5,
6230,subesco,M_08_PRASUN_S_8_ANGRY_1.wav,359468,ed88f0e11a8ac27bebe9e5694867a337e137be4c623ef26214e02b9534d458f9,M08,M,ANGRY,0,S8,T1,
6231,subesco,M_08_PRASUN_S_8_ANGRY_2.wav,351276,e01a810b83823cfe54f2b98f21d4c3be8bef28788d8de256b89e07890fcf4fd4,M08,M,ANGRY,0,S8,T2,
6232,subesco,M_08_PRASUN_S_8_ANGRY_3.wav,366634,60cc712a78903da97da4eaefd5030bb3bb6031aa8ccc2e7078c03d72397f0a6b,M08,M,ANGRY,0,S8,T3,
6233,subesco,M_08_PRASUN_S_8_ANGRY_4.wav,353326,652f94bd96459d8446d0befa47e2d81028fc3c1e76e5bf9640ba8245a03259e8,M08,M,ANGRY,0,S8,T4,
6234,subesco,M_08_PRASUN_S_8_ANGRY_5.wav,370732,a596b95dc238e05386a23532ef789299edb3328b0b79a0197f9a89c0c8e14031,M08,M,ANGRY,0,S8,T5,
6235,subesco,M_08_PRASUN_S_8_DISGUST_1.wav,350252,3222cad8af02ac04c6e5675f0824f78c12ca9ec1a406a7f26018c6874f1d1108,M08,M,DISGUST,1,S8,T1,
6236,subesco,M_08_PRASUN_S_8_DISGUST_2.wav,366636,f8d7e22340df77847e26be19be54c459281c9bbe999344095d9a24f227fe8540,M08,M,DISGUST,1,S8,T2,
6237,subesco,M_08_PRASUN_S_8_DISGUST_3.wav,350254,6e500b83f6c97567f8adc3dc37c3a83faf97b54cb18727346ec79a5b585db337,M08,M,DISGUST,1,S8,T3,
6238,subesco,M_08_PRASUN_S_8_DISGUST_4.wav,363564,e89ac2c17abcf0fb1712af6e4d1b834deddc3aeb11d78bd4d7cd964afb3b4ddf,M08,M,DISGUST,1,S8,T4,
6239,subesco,M_08_PRASUN_S_8_DISGUST_5.wav,341036,8759a316f866f62d48acd3b004829fa56ca53c7a700a5b7ad845e31526efec62,M08,M,DISGUST,1,S8,T5,
6240,subesco,M_08_PRASUN_S_8_FEAR_1.wav,372780,0e7eb858d0b46b37778be327871883207800c41e2adb6182a9dcb0a09a0b066f,M08,M,FEAR,2,S8,T1,
6241,subesco,M_08_PRASUN_S_8_FEAR_2.wav,360492,fd85a5a4b675e6b3ff40b6495017b83014aa4fd18fb296a4c07e4c86f6fd409b,M08,M,FEAR,2,S8,T2,
6242,subesco,M_08_PRASUN_S_8_FEAR_3.wav,364588,4aeebc1c9e71c6729196766094c93c857c5166b5c8a6a65cec0a40966b69a9a0,M08,M,FEAR,2,S8,T3,
6243,subesco,M_08_PRASUN_S_8_FEAR_4.wav,355372,f37794da0d547b522565dd77cde345cf97c6780d86e1a4aac61ef378eca1aa37,M08,M,FEAR,2,S8,T4,
6244,subesco,M_08_PRASUN_S_8_FEAR_5.wav,376874,237e895f9c8ca7f36859a476e101bf40bc9f48a3c084181009c3072d9d4b0b94,M08,M,FEAR,2,S8,T5,
6245,subesco,M_08_PRASUN_S_8_HAPPY_1.wav,370732,157acc833ef0e9ce2c620b993bb8df2f5b6d8d6aae1abe21ffee40f333df6014,M08,M,HAPPY,3,S8,T1,
6246,subesco,M_08_PRASUN_S_8_HAPPY_2.wav,351276,412c61a487668327afd6937410e5a6cb704619bcdd9b6127bd5fef826d88027d,M08,M,HAPPY,3,S8,T2,
6247,subesco,M_08_PRASUN_S_8_HAPPY_3.wav,357420,6dc503c3666d8946219866654ca77914d8dc22dfb2d1043c7e0504909c1d746b,M08,M,HAPPY,3,S8,T3,
6248,subesco,M_08_PRASUN_S_8_HAPPY_4.wav,372780,7025c5858ea3da71fec8dd18591cdc0d44856c8dfe2fc981d0dd0b9ea8ab2ac8,M08,M,HAPPY,3,S8,T4,
6249,subesco,M_08_PRASUN_S_8_HAPPY_5.wav,359466,84358b7889bfe703698580c7e6e1d1bc6c589a591b94882945bb2c15147905a1,M08,M,HAPPY,3,S8,T5,
6250,subesco,M_08_PRASUN_S_8_NEUTRAL_1.wav,365612,b695952f2eec2b15339637e0695f3d3057157b641d18d403e0b24b8ebb441e0f,M08,M,NEUTRAL,4,S8,T1,
6251,subesco,M_08_PRASUN_S_8_NEUTRAL_2.wav,348202,3e80efc53fa782054902cf7240e3c585f445a4610f0cac51fd79d635e27af17b,M08,M,NEUTRAL,4,S8,T2,
6252,subesco,M_08_PRASUN_S_8_NEUTRAL_3.wav,363564,93c65ab7e4ec7e4060c00608cb2fdac11e0ce94da4de2eece560a60eec09480e,M08,M,NEUTRAL,4,S8,T3,
6253,subesco,M_08_PRASUN_S_8_NEUTRAL_4.wav,370732,a06a9923cd9c0e002c6c0c33ec24d7d70bcf6b9bfd6b2c8a358ad782ba3efe55,M08,M,NEUTRAL,4,S8,T4,
6254,subesco,M_08_PRASUN_S_8_NEUTRAL_5.wav,351276,a3a6fd3479383b96bc1e87f56daa950795b00276d7815a04a9cf3cf815877845,M08,M,NEUTRAL,4,S8,T5,
6255,subesco,M_08_PRASUN_S_8_SAD_1.wav,359468,41f257678f1e7b218111d25117d91d8a942afb184b9d33b43ef0472336609dae,M08,M,SAD,5,S8,T1,
6256,subesco,M_08_PRASUN_S_8_SAD_2.wav,364588,3e0d099bf580df2dd4939b84423aa9aa07a7c246795a203f8c10a03f72ed9def,M08,M,SAD,5,S8,T2,
6257,subesco,M_08_PRASUN_S_8_SAD_3.wav,373804,c3f752fcec5d6ce2c7029e96dfdfc0329d20b83e0697de4cedc52dbae1caaeb7,M08,M,SAD,5,S8,T3,
6258,subesco,M_08_PRASUN_S_8_SAD_4.wav,361516,b7a6701c460b524fa0a145e39c866b501b319ed767c6fed73761f1ca53568283,M08,M,SAD,5,S8,T4,
6259,subesco,M_08_PRASUN_S_8_SAD_5.wav,356396,05d143f1fd786d82116348e8bd17bc14a751c08f09fd6a114237fe89a57cf99c,M08,M,SAD,5,S8,T5,
6260,subesco,M_08_PRASUN_S_8_SURPRISE_1.wav,749612,99f22f96e2b043acd9501fab11d94f751d5798101fc005b036cd8dc75598b04d,M08,M,SURPRISE,6,S8,T1,
6261,subesco,M_08_PRASUN_S_8_SURPRISE_2.wav,722988,20838269880f955809ad2a6a00f3fd66dcdfefb054d4314d93592face90d555d,M08,M,SURPRISE,6,S8,T2,
6262,subesco,M_08_PRASUN_S_8_SURPRISE_3.wav,710700,01a31f5ad492136ec539b7e94a778f8336c4e2e656b97744c2e2ef5d4f47abfa,M08,M,SURPRISE,6,S8,T3,
6263,subesco,M_08_PRASUN_S_8_SURPRISE_4.wav,725032,a4bb2d997654767d88049672945687284656682b8c9f5766d78e7ae234f96688,M08,M,SURPRISE,6,S8,T4,
6264,subesco,M_08_PRASUN_S_8_SURPRISE_5.wav,727084,0f2421cd0089fedf226a6d4ee88f473ac73b3b5b189468269e2dd24572d87e4e,M08,M,SURPRISE,6,S8,T5,
6265,subesco,M_08_PRASUN_S_9_ANGRY_1.wav,369708,388028d8193fe0f31139506f11303d4c5dd7f0df735736e5f036856245210002,M08,M,ANGRY,0,S9,T1,
6266,subesco,M_08_PRASUN_S_9_ANGRY_2.wav,352300,eddc2e66e92bbeccf9026435204485c08a14f915ae5d0892f4381e2bf8423a3e,M08,M,ANGRY,0,S9,T2,
6267,subesco,M_08_PRASUN_S_9_ANGRY_3.wav,367660,cdcc58940c24ddbc6f0816c99a7dbb4f0d1087eabf888a08e3272d8ca2357a6e,M08,M,ANGRY,0,S9,T3,
6268,subesco,M_08_PRASUN_S_9_ANGRY_4.wav,352300,e8c95cb3934a54238cc7ba256f999981b6371f494ba73c430d35037c2a431c48,M08,M,ANGRY,0,S9,T4,
6269,subesco,M_08_PRASUN_S_9_ANGRY_5.wav,363564,4452cf6ed1680efabae0fd33b8d4a181ca95e5dba9d494865670be5d5d698423,M08,M,ANGRY,0,S9,T5,
6270,subesco,M_08_PRASUN_S_9_DISGUST_1.wav,360492,7b1da379d8a8f7faa6d776084e4563412a233741922f23088a86465ef6854bad,M08,M,DISGUST,1,S9,T1,
6271,subesco,M_08_PRASUN_S_9_DISGUST_2.wav,346156,e602fd526f07978d3a3eb0716f6054bf807aa73ad16683df13f8335d2897ad7f,M08,M,DISGUST,1,S9,T2,
6272,subesco,M_08_PRASUN_S_9_DISGUST_3.wav,363564,d69f4c2c8abee10dd26ad0d4cffc1a3f43d34a1d521090286416b162680eaa4a,M08,M,DISGUST,1,S9,T3,
6273,subesco,M_08_PRASUN_S_9_DISGUST_4.wav,361516,c510af5029c7a229b263d475d79e4c14164d10a07276575e7abe25bef396a1f7,M08,M,DISGUST,1,S9,T4,
6274,subesco,M_08_PRASUN_S_9_DISGUST_5.wav,364588,cd8a9f0e1f79d3dfbfe38e6fa7eb155464db92cf85ab7fd16696b11beb6b3c69,M08,M,DISGUST,1,S9,T5,
6275,subesco,M_08_PRASUN_S_9_FEAR_1.wav,373804,e32df6e22e96d413d44bc10f640252df50851f8bacb7c4cfd9e20ef3f63b5653,M08,M,FEAR,2,S9,T1,
6276,subesco,M_08_PRASUN_S_9_FEAR_2.wav,368686,8ca07242b7e0a0b8a7cdf07c5b2f0364bc1356b31d1039ebaccca3683b871a58,M08,M,FEAR,2,S9,T2,
6277,subesco,M_08_PRASUN_S_9_FEAR_3.wav,358444,c68325a8a39477e32735ce3a1c3d9174b444586d530636c80bc24a488e62fba9,M08,M,FEAR,2,S9,T3,
6278,subesco,M_08_PRASUN_S_9_FEAR_4.wav,356396,8ae562dd1625fb3e86a503bb0c6b360e3d3f7e923b2b43a53f60bdedc0331bd4,M08,M,FEAR,2,S9,T4,
6279,subesco,M_08_PRASUN_S_9_FEAR_5.wav,355372,bdcf17185b7c1c63a95fb6aaf99be0ba179fe9e9a4754e2939811b1ef9f841c1,M08,M,FEAR,2,S9,T5,
6280,subesco,M_08_PRASUN_S_9_HAPPY_1.wav,351276,60609923007eb0bffc0533bac8b8bed5fc14591be4a8494c1a3e7be18fb291bf,M08,M,HAPPY,3,S9,T1,
6281,subesco,M_08_PRASUN_S_9_HAPPY_2.wav,351276,0c3ef110bc8ef1f0853e8ea01e3f3c38cbfe4f91fe6912cc509517b7f24ff165,M08,M,HAPPY,3,S9,T2,
6282,subesco,M_08_PRASUN_S_9_HAPPY_3.wav,355370,f521de971ed70d58b68170e3bec5d68c0bd5aae11e46ad49783ed99f702f52bb,M08,M,HAPPY,3,S9,T3,
6283,subesco,M_08_PRASUN_S_9_HAPPY_4.wav,365610,9d10d439040b01a34b367b4c2ce705736462c3ae8a2e5a381194b97562e546ce,M08,M,HAPPY,3,S9,T4,
6284,subesco,M_08_PRASUN_S_9_HAPPY_5.wav,354348,d7201d760bc69af9c684946f7f443ea118810f78ded178dcdc84ae2f5f04b9c1,M08,M,HAPPY,3,S9,T5,
6285,subesco,M_08_PRASUN_S_9_NEUTRAL_1.wav,358444,395f9f6b4938884a9126c7f948faf4e691b5b6e460b728c8a4a32a1e6a6d5bfe,M08,M,NEUTRAL,4,S9,T1,
6286,subesco,M_08_PRASUN_S_9_NEUTRAL_2.wav,350254,d7342262d6aa21769f313b8ed7c24aaf235d241ee80d1a9b5c5564c20d8e056e,M08,M,NEUTRAL,4,S9,T2,
6287,subesco,M_08_PRASUN_S_9_NEUTRAL_3.wav,362540,6ed4ee8d6abd7ea6084e8de1137f938043259d581ede049c751f4aef013c60aa,M08,M,NEUTRAL,4,S9,T3,
6288,subesco,M_08_PRASUN_S_9_NEUTRAL_4.wav,353324,91ad111df914aa8024c91c0de55faca30c19d79482cada2cb89cc38dfa029fc7,M08,M,NEUTRAL,4,S9,T4,
6289,subesco,M_08_PRASUN_S_9_NEUTRAL_5.wav,371734,052fdebeba1f5e312d50df220909895fbc505c385105b4fc9d65db6900f5d199,M08,M,NEUTRAL,4,S9,T5,
6290,subesco,M_08_PRASUN_S_9_SAD_1.wav,367660,e7682dab829ed774b41f107aae943bd806ccaf594493e6069a3fd0ba13461545,M08,M,SAD,5,S9,T1,
6291,subesco,M_08_PRASUN_S_9_SAD_2.wav,362540,4faf64016e3d28281be4494bdb3ca0c461d4be04a34cc37bfa5be3172b778cd7,M08,M,SAD,5,S9,T2,
6292,subesco,M_08_PRASUN_S_9_SAD_3.wav,360492,09960d68f48c4e454543ce30b40539aa349e50d9c17a540a2a864c2c3838a1b2,M08,M,SAD,5,S9,T3,
6293,subesco,M_08_PRASUN_S_9_SAD_4.wav,357420,dc41d76202692cb0ec57ebf88dc9fc9c4e020000f1b614c124008cfed8933e89,M08,M,SAD,5,S9,T4,
6294,subesco,M_08_PRASUN_S_9_SAD_5.wav,357420,b689bd7a67e88d727db3988998716c3fadc30596f9d6819f1e44a72f4e8a789d,M08,M,SAD,5,S9,T5,
6295,subesco,M_08_PRASUN_S_9_SURPRISE_1.wav,712748,7f86a69a19bd6341ea7c8405c220ddb932d9a5a4a498c1c432c7c64b6f36f020,M08,M,SURPRISE,6,S9,T1,
6296,subesco,M_08_PRASUN_S_9_SURPRISE_2.wav,729132,eb58586ab1f99bd76755138215cba2475d57ae84fa897b34bbb6132f9e998823,M08,M,SURPRISE,6,S9,T2,
6297,subesco,M_08_PRASUN_S_9_SURPRISE_3.wav,727084,2cb5230f95cceae5d087b85e445eb7a128acca37b653ea3fb0b6d4dfa5a3fe9e,M08,M,SURPRISE,6,S9,T3,
6298,subesco,M_08_PRASUN_S_9_SURPRISE_4.wav,710700,c37d069e6127a532eed8c595d6d4c020a11a4c18da4be9442a0bd621107fdb41,M08,M,SURPRISE,6,S9,T4,
6299,subesco,M_08_PRASUN_S_9_SURPRISE_5.wav,698412,181e1508fb61a3059099cfc0bbfb398b8f4c2057ef0218a7ce4b034cbb128c4f,M08,M,SURPRISE,6,S9,T5,
6300,subesco,M_09_SHUMANTA_S_10_ANGRY_1.wav,386796,07e20d5d077a5d6fb61045e5a5f56f027641fa62ceafc09ff8c43391d17447b2,M09,M,ANGRY,0,S10,T1,
6301,subesco,M_09_SHUMANTA_S_10_ANGRY_2.wav,386796,278b55c4c452eba5a96e0d072d55a2902ef48c2aa7bad346a39ae8b0fd7d81d9,M09,M,ANGRY,0,S10,T2,
6302,subesco,M_09_SHUMANTA_S_10_ANGRY_3.wav,386796,e6a540d65b37e06344c9ed8d8b94faa0a19b3c576e0317c0649fb8473e4ed783,M09,M,ANGRY,0,S10,T3,
6303,subesco,M_09_SHUMANTA_S_10_ANGRY_4.wav,386796,b16c23013363679357f767541da74efc755ecd91ee2aa97f89c1ce9196a4c73e,M09,M,ANGRY,0,S10,T4,
6304,subesco,M_09_SHUMANTA_S_10_ANGRY_5.wav,385682,b950a1593116301e9c2b004f1cde3deda1aff8b1af5dffe7ee7b713e37d71975,M09,M,ANGRY,0,S10,T5,
6305,subesco,M_09_SHUMANTA_S_10_DISGUST_1.wav,385682,f8ceb0132c3598b3c1efb707aeeb3e734aba57dfeb83079b8644b908e0806b66,M09,M,DISGUST,1,S10,T1,
6306,subesco,M_09_SHUMANTA_S_10_DISGUST_2.wav,385682,a7b1e4c2b8e8257498c6ee61d7e86514de4576bca8ac030d0303019fc5988c69,M09,M,DISGUST,1,S10,T2,
6307,subesco,M_09_SHUMANTA_S_10_DISGUST_3.wav,387910,cda3f3097e6c685768b26f33d18c2be2a09a548101cfbed33c9a8eafb9a6e466,M09,M,DISGUST,1,S10,T3,
6308,subesco,M_09_SHUMANTA_S_10_DISGUST_4.wav,386796,6f9ad620d318008e2adb327b38754c98cd7ea7ab9c11ab5fe904ddc106ad8ded,M09,M,DISGUST,1,S10,T4,
6309,subesco,M_09_SHUMANTA_S_10_DISGUST_5.wav,385682,34f59c3df5494c8719879e47da8e9c2cd7af9aa8494fd08595464b1ca2d0096b,M09,M,DISGUST,1,S10,T5,
6310,subesco,M_09_SHUMANTA_S_10_FEAR_1.wav,773548,8501103e20d937e3c34568a00621e84cfa02e1ee4e8a70a29add33c56d1da64c,M09,M,FEAR,2,S10,T1,
6311,subesco,M_09_SHUMANTA_S_10_FEAR_2.wav,773548,f9324b56f8fbcd7f3282ab744879840d6fcf609387d560ac518d9b542ffd5bad,M09,M,FEAR,2,S10,T2,
6312,subesco,M_09_SHUMANTA_S_10_FEAR_3.wav,773548,dcf3521f328fa1c9a4a198c2738e3401853c73e78b40c3a67d5870e7db283673,M09,M,FEAR,2,S10,T3,
6313,subesco,M_09_SHUMANTA_S_10_FEAR_4.wav,773548,15e5b1484086464da7f97daa1eaa969d89465722c6be4a9d96ca8f76c7eca2da,M09,M,FEAR,2,S10,T4,
6314,subesco,M_09_SHUMANTA_S_10_FEAR_5.wav,771320,e466eac999d60e159f6abd367c49763f7626cac6fad146c0da5ce9c8a74578a3,M09,M,FEAR,2,S10,T5,
6315,subesco,M_09_SHUMANTA_S_10_HAPPY_1.wav,386796,13e6eb2d81a101f4ac2ea89875176e7fc4e2f1dcc76070b4766476e98dea90a2,M09,M,HAPPY,3,S10,T1,
6316,subesco,M_09_SHUMANTA_S_10_HAPPY_2.wav,386796,4e7eddaeaef7706b1077da90128bc4d063d37d09fcc5ce0341c5fba52a729fb1,M09,M,HAPPY,3,S10,T2,
6317,subesco,M_09_SHUMANTA_S_10_HAPPY_3.wav,385682,7507dcde9060127c99e434e70e69a0fd644de55a7519e2abbabcbb07e3893a1c,M09,M,HAPPY,3,S10,T3,
6318,subesco,M_09_SHUMANTA_S_10_HAPPY_4.wav,386796,b88847e6cc48d997fbf58bdd3ed4305f378bfd88aa0ea49ed57c5965adce9d02,M09,M,HAPPY,3,S10,T4,
6319,subesco,M_09_SHUMANTA_S_10_HAPPY_5.wav,386796,661439195dad4f2988f9a178490a767d2aaf0e9d4fb6a4dd2e2036b8cc7a6232,M09,M,HAPPY,3,S10,T5,
6320,subesco,M_09_SHUMANTA_S_10_NEUTRAL_1.wav,386796,9b7867506b6e60df62d275a0015663c8d184e007b0eea1b70aa7e6197efd444e,M09,M,NEUTRAL,4,S10,T1,
6321,subesco,M_09_SHUMANTA_S_10_NEUTRAL_2.wav,385682,08d70d3629f5dee75d90fa4b10c1dceb83bc45220277043ccd6167330c28cba2,M09,M,NEUTRAL,4,S10,T2,
6322,subesco,M_09_SHUMANTA_S_10_NEUTRAL_3.wav,386796,69f6282d4ec3df7bfe544b2c95c4d6d547990da59303db4e5fa6d13dac75e202,M09,M,NEUTRAL,4,S10,T3,
6323,subesco,M_09_SHUMANTA_S_10_NEUTRAL_4.wav,386796,49fdc162c90df8d8794a82d83eac9635f9609900e791c139499f34b72cd522e9,M09,M,NEUTRAL,4,S10,T4,
6324,subesco,M_09_SHUMANTA_S_10_NEUTRAL_5.wav,385682,db7311b3fa0a628dc5272c16c4317a034ca1f6248d23bb625e4c4511da00dd8b,M09,M,NEUTRAL,4,S10,T5,
6325,subesco,M_09_SHUMANTA_S_10_SAD_1.wav,386796,ace16dcf0c9ec4ad3a5faf5026e2817784d321a3cac7b3137c0d14e083778293,M09,M,SAD,5,S10,T1,
6326,subesco,M_09_SHUMANTA_S_10_SAD_2.wav,384566,e8e6e9367f6f5a2a787601cf61a1c1ba3d3e0074c9194ccb22a555652a30bcda,M09,M,SAD,5,S10,T2,
6327,subesco,M_09_SHUMANTA_S_10_SAD_3.wav,386796,853d89eab988201e47bf70b0a10e53232d1c346aa93f1af14eccfb62ffbddf7d,M09,M,SAD,5,S10,T3,
6328,subesco,M_09_SHUMANTA_S_10_SAD_4.wav,386796,98366e67185b62329a6e89cf3ae6aabc3387bc5c6dcd086b6c170e1d87ab4bb0,M09,M,SAD,5,S10,T4,
6329,subesco,M_09_SHUMANTA_S_10_SAD_5.wav,387910,b2824f4384c5ef6f509e4a44430629b3b4a2ab4d8954f515333c65aaf6f96396,M09,M,SAD,5,S10,T5,
6330,subesco,M_09_SHUMANTA_S_10_SURPRISE_1.wav,385682,00c77b80b4222456a466ecdf1cbbb94b480a1662fa4dd0c1bb48c1250437068a,M09,M,SURPRISE,6,S10,T1,
6331,subesco,M_09_SHUMANTA_S_10_SURPRISE_2.wav,386796,31848c243fafb03eb9526d4035d0d686fa0dc91f6955ccd620f20678f2dd3119,M09,M,SURPRISE,6,S10,T2,
6332,subesco,M_09_SHUMANTA_S_10_SURPRISE_3.wav,386796,8ed6ecf37f3d11466caca181eb578307f185c8d86d1cf1ab5259624557ab2c7c,M09,M,SURPRISE,6,S10,T3,
6333,subesco,M_09_SHUMANTA_S_10_SURPRISE_4.wav,386796,2acc0ffb92b95b2a80aa834647c80d9b031d93407cbdce27601d10dd8485fd43,M09,M,SURPRISE,6,S10,T4,
6334,subesco,M_09_SHUMANTA_S_10_SURPRISE_5.wav,386796,128c1c675775650564f2943a518ab7b88724d7f434436399634d0698a77a8d4b,M09,M,SURPRISE,6,S10,T5,
6335,subesco,M_09_SHUMANTA_S_1_ANGRY_1.wav,386796,684ce199d0f5fd77e31ffa5dc02a264f6eaaa900816b1d76c0a005b04cfdce41,M09,M,ANGRY,0,S1,T1,
6336,subesco,M_09_SHUMANTA_S_1_ANGRY_2.wav,386796,8d54ef56a4a30098af767daa1881e22d4209aa102eb52442ea3c4c0fc9229119,M09,M,ANGRY,0,S1,T2,
6337,subesco,M_09_SHUMANTA_S_1_ANGRY_3.wav,386796,ffbf9ae0def1cd9dfd367df30f4b96f8431ad2d532cf2b2f713336188c8afbc1,M09,M,ANGRY,0,S1,T3,
6338,subesco,M_09_SHUMANTA_S_1_ANGRY_4.wav,386796,03d052fdc768c6b2eb2d251c1128933ec2a1fc4e258a849f4e2530efa93495de,M09,M,ANGRY,0,S1,T4,
6339,subesco,M_09_SHUMANTA_S_1_ANGRY_5.wav,386796,66e68998cf42d9473b5be47fbc7fba362fad6e180efc109edd1f028a76edda26,M09,M,ANGRY,0,S1,T5,
6340,subesco,M_09_SHUMANTA_S_1_DISGUST_1.wav,384566,85e78ea9f25ca13b26ee11af116a63ad315c45fb405e0200b36211a22dedfa87,M09,M,DISGUST,1,S1,T1,
6341,subesco,M_09_SHUMANTA_S_1_DISGUST_2.wav,385682,78be579924a93f1353fdf90df8f43c6f25394a91534e01e17495ccb9f022c887,M09,M,DISGUST,1,S1,T2,
6342,subesco,M_09_SHUMANTA_S_1_DISGUST_3.wav,386796,8b17fcded5e95018049235b1bdf2af403d2c70049dd673bd53ed6afdc5533e65,M09,M,DISGUST,1,S1,T3,
6343,subesco,M_09_SHUMANTA_S_1_DISGUST_4.wav,386796,1eda1959a55649036eecb273fc6d1a8b6439c299ecfe29af7aa079676d6a3a12,M09,M,DISGUST,1,S1,T4,
6344,subesco,M_09_SHUMANTA_S_1_DISGUST_5.wav,386796,d5ccf827a46ebafd9fee7d62be3d562130298186aeff5a2f534b952f9b23084e,M09,M,DISGUST,1,S1,T5,
6345,subesco,M_09_SHUMANTA_S_1_FEAR_1.wav,773548,5d6475a360230b345e146535fe80b2ec240fc0a69801478acc087fb665ac568e,M09,M,FEAR,2,S1,T1,
6346,subesco,M_09_SHUMANTA_S_1_FEAR_2.wav,773548,60bc994ae01e1a573fb268cbb5741d59b2bfcc377267db0fa5436fc79161157f,M09,M,FEAR,2,S1,T2,
6347,subesco,M_09_SHUMANTA_S_1_FEAR_3.wav,769088,41452be8ed2f0ae13b27161b0fac10c4a98ff8e3b876cecfce969fd849fcaa3b,M09,M,FEAR,2,S1,T3,
6348,subesco,M_09_SHUMANTA_S_1_FEAR_4.wav,773548,64ec26c18e509ab15c52df11c4edef834b5232f9239ce1be3cb49a620a400514,M09,M,FEAR,2,S1,T4,
6349,subesco,M_09_SHUMANTA_S_1_FEAR_5.wav,773548,d917851c14e24678aa1f0b67c78745fb3d78e6a441d908b522c1a50206aec090,M09,M,FEAR,2,S1,T5,
6350,subesco,M_09_SHUMANTA_S_1_HAPPY_1.wav,384566,66fa6b7ee84eb5e6e7522b884e00c757e27226169a512866810bd703640fd854,M09,M,HAPPY,3,S1,T1,
6351,subesco,M_09_SHUMANTA_S_1_HAPPY_2.wav,385682,5a1930d06ce908e80a2b19c6429c7290b35d37413718842cc89fc9942693705b,M09,M,HAPPY,3,S1,T2,
6352,subesco,M_09_SHUMANTA_S_1_HAPPY_3.wav,385682,742c38b6b2c0cf4ec3f60cdad9305063398ee341b7c94dcd5de2e85c37df518e,M09,M,HAPPY,3,S1,T3,
6353,subesco,M_09_SHUMANTA_S_1_HAPPY_4.wav,386796,4e6b58af80db87f35a6e45db68a20f5a6cc4fab0dc820846b9dcc6e45d781495,M09,M,HAPPY,3,S1,T4,
6354,subesco,M_09_SHUMANTA_S_1_HAPPY_5.wav,386796,71206247c7573229b4ebbd8b0fb006d6c0d606bd304a51aed20751863069c276,M09,M,HAPPY,3,S1,T5,
6355,subesco,M_09_SHUMANTA_S_1_NEUTRAL_1.wav,386796,543a88bb4a6c911a6aa0b037eb14a0ce1a720409d0844ceb6a47bd8d01dcb56a,M09,M,NEUTRAL,4,S1,T1,
6356,subesco,M_09_SHUMANTA_S_1_NEUTRAL_2.wav,386796,9ee34915f49828432d5ca46b78f415f990eda6bf9d96ff5ee0b99df534738f6d,M09,M,NEUTRAL,4,S1,T2,
6357,subesco,M_09_SHUMANTA_S_1_NEUTRAL_3.wav,385682,8ed4b029e30bab853acf56f8649c86a7163cefc7ae916a0e9b1a8547ec3d3e7a,M09,M,NEUTRAL,4,S1,T3,
6358,subesco,M_09_SHUMANTA_S_1_NEUTRAL_4.wav,386796,c3d9afd2d8be847d322bf2d7e52e471ea2abb3aaeccff9cd9deabe482dc99657,M09,M,NEUTRAL,4,S1,T4,
6359,subesco,M_09_SHUMANTA_S_1_NEUTRAL_5.wav,386796,cee2e6bcd69f6f4e586753c143e77e0d601f13d05623e693eedac9aa0a46df97,M09,M,NEUTRAL,4,S1,T5,
6360,subesco,M_09_SHUMANTA_S_1_SAD_1.wav,355372,b28d750d2c49e1cd121e3f154b4081ef9a6c6c6980f1cc625227314cca16a59e,M09,M,SAD,5,S1,T1,
6361,subesco,M_09_SHUMANTA_S_1_SAD_2.wav,354348,ac6ded689770cadbea1bd3994a42680cb83a12be96069d6bcd67d6244238a36a,M09,M,SAD,5,S1,T2,
6362,subesco,M_09_SHUMANTA_S_1_SAD_3.wav,355372,ca1dda27d4986cadc60a52aa5270f06aeaafe9ecf0d44469a562c25227f3af9c,M09,M,SAD,5,S1,T3,
6363,subesco,M_09_SHUMANTA_S_1_SAD_4.wav,355372,806a944177d74c41728a4b0815a46ffed929e57f8025f8cc49195e8cee3b20eb,M09,M,SAD,5,S1,T4,
6364,subesco,M_09_SHUMANTA_S_1_SAD_5.wav,355372,bccad6ffbffaeee88a0e97288a41f9b4fa8a79f397f6c5302f91c424a2dd59f6,M09,M,SAD,5,S1,T5,
6365,subesco,M_09_SHUMANTA_S_1_SURPRISE_1.wav,386796,a66edf5cfd7ada88a706675b8a647bb48504d8f826e6b6cedc895e8c86c50274,M09,M,SURPRISE,6,S1,T1,
6366,subesco,M_09_SHUMANTA_S_1_SURPRISE_2.wav,386796,cc4dc639f6b056fce043f12c8a9d00979aad6056d4f232ee08666939aa5cd6bc,M09,M,SURPRISE,6,S1,T2,
6367,subesco,M_09_SHUMANTA_S_1_SURPRISE_3.wav,386796,d2b944de3916df3cbe25c2c1f032160f398a67f8c21ca99a29691b47f7683294,M09,M,SURPRISE,6,S1,T3,
6368,subesco,M_09_SHUMANTA_S_1_SURPRISE_4.wav,386796,4e31e80e619c493428106cdc3db68761d5878d73b2cace3fb82d024c0c79524a,M09,M,SURPRISE,6,S1,T4,
6369,subesco,M_09_SHUMANTA_S_1_SURPRISE_5.wav,386796,663dac4dc967a9b8cea9f6f9517ff1c85736795d2a3b65b82942feebc589f1ae,M09,M,SURPRISE,6,S1,T5,
6370,subesco,M_09_SHUMANTA_S_2_ANGRY_1.wav,386796,cdbbbfe6be68800f0791a13dcdb55d32ec22bdba43f169f5a479325bcb0e4a90,M09,M,ANGRY,0,S2,T1,
6371,subesco,M_09_SHUMANTA_S_2_ANGRY_2.wav,386796,be56bde19ad6a9170134f0cb5b879157c85fcaabaf78aeb091f63a8465f24340,M09,M,ANGRY,0,S2,T2,
6372,subesco,M_09_SHUMANTA_S_2_ANGRY_3.wav,386796,5c73eb9933a78fe756c43d39ee3b542711f1d5398b0529d5b6cd7bf6688068f4,M09,M,ANGRY,0,S2,T3,
6373,subesco,M_09_SHUMANTA_S_2_ANGRY_4.wav,386796,949231e12d64dae3831566261bf48e0ebc3998e1bff750acb49b6eaddceb9d1b,M09,M,ANGRY,0,S2,T4,
6374,subesco,M_09_SHUMANTA_S_2_ANGRY_5.wav,386796,9495a54e886cfd89d0f070a72e0837cbbfeef42c915ab224e90c142d91002a58,M09,M,ANGRY,0,S2,T5,
6375,subesco,M_09_SHUMANTA_S_2_DISGUST_1.wav,385682,96e56e5773c668dde36be04a1c78eda51f13ca0ac28bca029dcf808c9e965dd2,M09,M,DISGUST,1,S2,T1,
6376,subesco,M_09_SHUMANTA_S_2_DISGUST_2.wav,386796,ecec76b21c3389ee27aa3d19ed0d39c441f24bd45c84adad804b18573cc97d62,M09,M,DISGUST,1,S2,T2,
6377,subesco,M_09_SHUMANTA_S_2_DISGUST_3.wav,386796,f75fa1bf0b1016cde276c5da60afab0a0217ed1507f3fd123b0975f6893225a6,M09,M,DISGUST,1,S2,T3,
6378,subesco,M_09_SHUMANTA_S_2_DISGUST_4.wav,386796,32e417a4a0b54a366d0239e88d408f37ed15ee261bdd6cc019e98256ea6e4138,M09,M,DISGUST,1,S2,T4,
6379,subesco,M_09_SHUMANTA_S_2_DISGUST_5.wav,384566,ba03c6c08faaabd5d7ff0ce7a9e883714fe2af7678b33742979cd42310d0cf5b,M09,M,DISGUST,1,S2,T5,
6380,subesco,M_09_SHUMANTA_S_2_FEAR_1.wav,771320,162ad318311df5df813cf60501a2f5c60e77d78293166e3b607749dfab1d6fa8,M09,M,FEAR,2,S2,T1,
6381,subesco,M_09_SHUMANTA_S_2_FEAR_2.wav,773548,5815333985f43ed59950d36e2afa9153749e52a04b7fcb834bcd75ef06f93614,M09,M,FEAR,2,S2,T2,
6382,subesco,M_09_SHUMANTA_S_2_FEAR_3.wav,769088,801bb2a5ca663e54bed05e8c14ff18daf863e3677dbc7b7b16feffcd13734292,M09,M,FEAR,2,S2,T3,
6383,subesco,M_09_SHUMANTA_S_2_FEAR_4.wav,771320,085432e0543ee74f950763041682e3b97867832377297617fb5b27fc32b4c64d,M09,M,FEAR,2,S2,T4,
6384,subesco,M_09_SHUMANTA_S_2_FEAR_5.wav,773548,a12147533fac7f06158759386912c9e237a34721497f6cafe6110dd60159883c,M09,M,FEAR,2,S2,T5,
6385,subesco,M_09_SHUMANTA_S_2_HAPPY_1.wav,385682,35bd4ab504cbc4ee79aa491d701ff8401b7ca725fe921d8998d64174533c4ff5,M09,M,HAPPY,3,S2,T1,
6386,subesco,M_09_SHUMANTA_S_2_HAPPY_2.wav,386796,7e1e14e6b4ac1b0d166becd2408abcea99832c0cd3061e48604c1cc4e01f4230,M09,M,HAPPY,3,S2,T2,
6387,subesco,M_09_SHUMANTA_S_2_HAPPY_3.wav,385682,99a3f15c69baf829de4a1705cb1e4b59f244378f1445661674356e1ad00eba85,M09,M,HAPPY,3,S2,T3,
6388,subesco,M_09_SHUMANTA_S_2_HAPPY_4.wav,386796,e94687f20cee4606008a1b3dc810660cb937b5b9d4eee7607d29ed6e5a827189,M09,M,HAPPY,3,S2,T4,
6389,subesco,M_09_SHUMANTA_S_2_HAPPY_5.wav,386796,b2024ae6c812ebe231c0877526764fa3a693692decc136c16150749f8458c517,M09,M,HAPPY,3,S2,T5,
6390,subesco,M_09_SHUMANTA_S_2_NEUTRAL_1.wav,385682,9fcac1e2af2e4fae1e38db5d0e3abe5f5fd14821838dbcdade7451e9adfa33b9,M09,M,NEUTRAL,4,S2,T1,
6391,subesco,M_09_SHUMANTA_S_2_NEUTRAL_2.wav,386796,8c698ed279dceb7b2e483fc769f0b8a2f35aa809f6d9c1664f5b54f9814d141e,M09,M,NEUTRAL,4,S2,T2,
6392,subesco,M_09_SHUMANTA_S_2_NEUTRAL_3.wav,384566,0159996b998e17a6b67138fd946b3dd7b607cf9140195c3ae46d0e5a5c6d5cfe,M09,M,NEUTRAL,4,S2,T3,
6393,subesco,M_09_SHUMANTA_S_2_NEUTRAL_4.wav,386796,09436560971d847b5c0ab0e0c99544eca145246987611aca129f3254d655a47f,M09,M,NEUTRAL,4,S2,T4,
6394,subesco,M_09_SHUMANTA_S_2_NEUTRAL_5.wav,384566,5ca9f45c95197d2051307c939bcb37a705c1573f3d9ba83dfaab7e7162275069,M09,M,NEUTRAL,4,S2,T5,
6395,subesco,M_09_SHUMANTA_S_2_SAD_1.wav,355372,fe0fb2117a402a073daf1e2f7a42d449a7cf0a611c8974aa20d76e9b95f2bcfc,M09,M,SAD,5,S2,T1,
6396,subesco,M_09_SHUMANTA_S_2_SAD_2.wav,355372,d4345dfa817613f55913e6390825bf177e8a326b05ea48b3f8468d423dd84655,M09,M,SAD,5,S2,T2,
6397,subesco,M_09_SHUMANTA_S_2_SAD_3.wav,353324,ae46b35838e91595aed4b8bee366d3973bbbb3e3a433021b6510da3faf581de7,M09,M,SAD,5,S2,T3,
6398,subesco,M_09_SHUMANTA_S_2_SAD_4.wav,355372,3bac60ca6b70b50c94baa50df7e1898ac0fce16e7bcc5c5707707898a67b9974,M09,M,SAD,5,S2,T4,
6399,subesco,M_09_SHUMANTA_S_2_SAD_5.wav,355372,fc262ecd3eee60c35a5148810aed3c50c03ddd50e704045ea7d5693f6257f980,M09,M,SAD,5,S2,T5,
6400,subesco,M_09_SHUMANTA_S_2_SURPRISE_1.wav,385682,fe5f397d4bdc6d858befeccd67ca5df23c80609984134d1cd37d3d102fbe60ba,M09,M,SURPRISE,6,S2,T1,
6401,subesco,M_09_SHUMANTA_S_2_SURPRISE_2.wav,384566,1cc14ad0f9dd5a33d36b34c17fc98eea495c8e22ce6137f0beeb435ee54007ee,M09,M,SURPRISE,6,S2,T2,
6402,subesco,M_09_SHUMANTA_S_2_SURPRISE_3.wav,384568,c2d3908189f1eb6306f965b21ba252849ef60bfaa0663b5572da2c51ae50146e,M09,M,SURPRISE,6,S2,T3,
6403,subesco,M_09_SHUMANTA_S_2_SURPRISE_4.wav,385682,30fb7e9c4db3dd967efc9c68ad1a52c3bfa7c4203a2089c38af783ff2e5a2e52,M09,M,SURPRISE,6,S2,T4,
6404,subesco,M_09_SHUMANTA_S_2_SURPRISE_5.wav,385682,d98d8e13d996a09a75ef5dc06640636a21362ad0bd0e8990c357644bcc3ed6b3,M09,M,SURPRISE,6,S2,T5,
6405,subesco,M_09_SHUMANTA_S_3_ANGRY_1.wav,386796,e7c39eaaa9b714475adfa6ee12384185baf64f1a344fa207a773bba4d26324d5,M09,M,ANGRY,0,S3,T1,
6406,subesco,M_09_SHUMANTA_S_3_ANGRY_2.wav,386796,e430e02210c1c0f068f52e4b52f00025a4d8b98c4d9baa45ec150c3df9bf8c40,M09,M,ANGRY,0,S3,T2,
6407,subesco,M_09_SHUMANTA_S_3_ANGRY_3.wav,386796,a881b9143e21e6d0475e3c608ea6cf734117fc8a1c70bbc2f2dee0efde0a349f,M09,M,ANGRY,0,S3,T3,
6408,subesco,M_09_SHUMANTA_S_3_ANGRY_4.wav,386796,44fe92f176894587f322fc921ff1f6f7b59144989cfe941ebed303655d2d4812,M09,M,ANGRY,0,S3,T4,
6409,subesco,M_09_SHUMANTA_S_3_ANGRY_5.wav,386796,8a1ce47e225fcb38fdbcf3a5eb4dca8d37044f82bf02691c8b1c414b65d2f121,M09,M,ANGRY,0,S3,T5,
6410,subesco,M_09_SHUMANTA_S_3_DISGUST_1.wav,385682,19dbcfc3270ea16dd9c3b15ecd9f21030fead5bfb0adb8ee00975fa48a9ccb5b,M09,M,DISGUST,1,S3,T1,
6411,subesco,M_09_SHUMANTA_S_3_DISGUST_2.wav,384566,e7f2a1ef065f6b37cc85e1ae60cbcf36b84bd7ae75702bc45146a2b3442ffa37,M09,M,DISGUST,1,S3,T2,
6412,subesco,M_09_SHUMANTA_S_3_DISGUST_3.wav,385682,5d185a0c0d99719b332a2e790922baa4444d59cc0a408f9ee0a8a12ec1050561,M09,M,DISGUST,1,S3,T3,
6413,subesco,M_09_SHUMANTA_S_3_DISGUST_4.wav,385682,a49a9d53a1a48364c8b140d64dff9b8aa302886e918e6b9d3451867055035435,M09,M,DISGUST,1,S3,T4,
6414,subesco,M_09_SHUMANTA_S_3_DISGUST_5.wav,385682,f3cd33ffc6f9fd93c3e81b856626342c6484269082d16762f705e1f7f209a0d8,M09,M,DISGUST,1,S3,T5,
6415,subesco,M_09_SHUMANTA_S_3_FEAR_1.wav,773548,5821a768bec8381b2a5fb4f1a3fa71eb488ae027cd2d7c0633a822c8d0b2a613,M09,M,FEAR,2,S3,T1,
6416,subesco,M_09_SHUMANTA_S_3_FEAR_2.wav,771320,6cfa1f0e708a265200425baa49000c38cfa24cc6f80946dd580511784f72f0ed,M09,M,FEAR,2,S3,T2,
6417,subesco,M_09_SHUMANTA_S_3_FEAR_3.wav,773548,fbe4ffbb9fc6157f50bf13daba7b55a5ed7439e0e235bcb1a14414e3ce20dfd6,M09,M,FEAR,2,S3,T3,
6418,subesco,M_09_SHUMANTA_S_3_FEAR_4.wav,773548,d68682050a378b454bfd9d42b27d93419fb8058ea29a30edde81cfa8655d8407,M09,M,FEAR,2,S3,T4,
6419,subesco,M_09_SHUMANTA_S_3_FEAR_5.wav,771320,3ccf075ec242283a67d5979372569ab7cf44deead4885210e936ae0fc47e5671,M09,M,FEAR,2,S3,T5,
6420,subesco,M_09_SHUMANTA_S_3_HAPPY_1.wav,384566,480504a5eecaa94863e758313a7e2f17068295126a4c94f29e7fbded94cfd382,M09,M,HAPPY,3,S3,T1,
6421,subesco,M_09_SHUMANTA_S_3_HAPPY_2.wav,384566,72a7782a04eef1863ebd1cddc385f977d3e7dddcce93efdac5257369598bea1a,M09,M,HAPPY,3,S3,T2,
6422,subesco,M_09_SHUMANTA_S_3_HAPPY_3.wav,386796,a689289dc8c9b6acecfa8e27c94e0579e9c59325348d1223a75f3783486ab217,M09,M,HAPPY,3,S3,T3,
6423,subesco,M_09_SHUMANTA_S_3_HAPPY_4.wav,386796,21e0611bf66d8bfcc28b209b26a6b992215ca10e742cb3465f4c45e5411e14b7,M09,M,HAPPY,3,S3,T4,
6424,subesco,M_09_SHUMANTA_S_3_HAPPY_5.wav,386796,eb352436821b7b79c5ff7bdb66bdbb6b6b83935aae8cf7680b75bac314f304bd,M09,M,HAPPY,3,S3,T5,
6425,subesco,M_09_SHUMANTA_S_3_NEUTRAL_1.wav,386796,34f7dab6ace42964debded62b55978271d0e85383300008b976179ae24c5534c,M09,M,NEUTRAL,4,S3,T1,
6426,subesco,M_09_SHUMANTA_S_3_NEUTRAL_2.wav,386796,838aa48347310e4709f768c96fd8bab8855262aceea5e3695dfc7c4316f5a1c0,M09,M,NEUTRAL,4,S3,T2,
6427,subesco,M_09_SHUMANTA_S_3_NEUTRAL_3.wav,385682,0118981f2d5fa7382d3b8bec0d970d542fe45324aee2e3c19d04887db8f3e720,M09,M,NEUTRAL,4,S3,T3,
6428,subesco,M_09_SHUMANTA_S_3_NEUTRAL_4.wav,384566,ba2502d8606a790d67a1c49e416fcfa4e74e93523b96bf741397c7025842c520,M09,M,NEUTRAL,4,S3,T4,
6429,subesco,M_09_SHUMANTA_S_3_NEUTRAL_5.wav,384566,ec3a63020e36b1c85286226bc52fb9d02878320974ea730e93720a3f0fc67ac6,M09,M,NEUTRAL,4,S3,T5,
6430,subesco,M_09_SHUMANTA_S_3_SAD_1.wav,354348,97bedf0e8f05c61b24897a8bd22699a67648a9c52b8c76c5ba111805fd26d1f1,M09,M,SAD,5,S3,T1,
6431,subesco,M_09_SHUMANTA_S_3_SAD_2.wav,355372,dd1406f8be1e6b72c090a27e9d59d4097548def004946ac67b17e203b057c068,M09,M,SAD,5,S3,T2,
6432,subesco,M_09_SHUMANTA_S_3_SAD_3.wav,355372,e9a48e757dc53de66d16af2b10900713652bfdb13976325375d05ea43338fec3,M09,M,SAD,5,S3,T3,
6433,subesco,M_09_SHUMANTA_S_3_SAD_4.wav,355372,5ceb4a468cf906fa23115056ce98bf82f6f06412b923199c3a853bbd5a9c3de4,M09,M,SAD,5,S3,T4,
6434,subesco,M_09_SHUMANTA_S_3_SAD_5.wav,355372,602555ba68d4c016bd71a084c0152b070fa34661a3e4a297e394d18f102a8534,M09,M,SAD,5,S3,T5,
6435,subesco,M_09_SHUMANTA_S_3_SURPRISE_1.wav,386796,a48b69c0623b27c4b619505875f72bdfb9a22ce5f5c564ae6966aec09b10735d,M09,M,SURPRISE,6,S3,T1,
6436,subesco,M_09_SHUMANTA_S_3_SURPRISE_2.wav,386796,7c3ae88dbc4d83a211597af425befa0d8fa8f116d4b126875f1b7bf81147b89a,M09,M,SURPRISE,6,S3,T2,
6437,subesco,M_09_SHUMANTA_S_3_SURPRISE_3.wav,386796,7497b110060d3e100eb9a2ec8a57d2f3da802bef0313279bd5cd6507f1790929,M09,M,SURPRISE,6,S3,T3,
6438,subesco,M_09_SHUMANTA_S_3_SURPRISE_4.wav,386796,ca2407ce74130fa62f33a1b6e74a53ae46f64de9499f7103c4910becd1d8fe76,M09,M,SURPRISE,6,S3,T4,
6439,subesco,M_09_SHUMANTA_S_3_SURPRISE_5.wav,386796,ba75acfc0c64ce1bbe16572a655b3a80ec6f6c1ea4cbcf30309a1a145785b651,M09,M,SURPRISE,6,S3,T5,
6440,subesco,M_09_SHUMANTA_S_4_ANGRY_1.wav,386796,67485f62f0e813309dfa7da00c2d8c9dc4135c12c285b067d16922deeabcf37f,M09,M,ANGRY,0,S4,T1,
6441,subesco,M_09_SHUMANTA_S_4_ANGRY_2.wav,386796,162a3090ef8c75c4b3d175cf432cb86dbb66b3d1d1cfc396f18e375236895b6e,M09,M,ANGRY,0,S4,T2,
6442,subesco,M_09_SHUMANTA_S_4_ANGRY_3.wav,385682,78fa3d21712fb5f79ed48ee9b992c6d24ed7efb58b964940ca8f8003ab781b57,M09,M,ANGRY,0,S4,T3,
6443,subesco,M_09_SHUMANTA_S_4_ANGRY_4.wav,386796,41ef299dbbb1969fe43071cf2ebddfca26bbff15e8e51ebd6d8b72c3d8463a26,M09,M,ANGRY,0,S4,T4,
6444,subesco,M_09_SHUMANTA_S_4_ANGRY_5.wav,386796,2d032ce0e7dbdce53d6b0e673d12c3dbb363f679fb466c33446c0bc5a5945f4f,M09,M,ANGRY,0,S4,T5,
6445,subesco,M_09_SHUMANTA_S_4_DISGUST_1.wav,385682,efd5e8167ed85b953f65fe63fe878a6160fa872ffd056bbc03507e56e6edaed3,M09,M,DISGUST,1,S4,T1,
6446,subesco,M_09_SHUMANTA_S_4_DISGUST_2.wav,386796,8eea3de602f0bd5487e981131bf618be91c059e16c60255885facafb4c8cbac4,M09,M,DISGUST,1,S4,T2,
6447,subesco,M_09_SHUMANTA_S_4_DISGUST_3.wav,384566,80415f2dd1b10e332de959b992e76ede3d9d562a53929e7da148834c7d2b026f,M09,M,DISGUST,1,S4,T3,
6448,subesco,M_09_SHUMANTA_S_4_DISGUST_4.wav,385682,25d027c5d523c7cba9c8bb327f349e33a6ee4599202254e290fd347134b051bd,M09,M,DISGUST,1,S4,T4,
6449,subesco,M_09_SHUMANTA_S_4_DISGUST_5.wav,386796,fc851f551bd2572b24953e3305cfd460205e650db3f54ae8bc7d0eeeea6c14e1,M09,M,DISGUST,1,S4,T5,
6450,subesco,M_09_SHUMANTA_S_4_FEAR_1.wav,773548,0445f7feae5dede77cad9e8f82b7485c6d8dd1f301f98143a9ee9966ac959786,M09,M,FEAR,2,S4,T1,
6451,subesco,M_09_SHUMANTA_S_4_FEAR_2.wav,773548,c1961b390702825e7c5535bb72d7a2b4aa5fd2681ebdd9435e3ae71f4f389f21,M09,M,FEAR,2,S4,T2,
6452,subesco,M_09_SHUMANTA_S_4_FEAR_3.wav,773548,7695d9db52a8cbb940a333d98bfbc2d4bf72b28209d7ac514432e042a6f712a1,M09,M,FEAR,2,S4,T3,
6453,subesco,M_09_SHUMANTA_S_4_FEAR_4.wav,773548,99297090827b657468f2bcbff492137339277244201fb401d048105a988abb92,M09,M,FEAR,2,S4,T4,
6454,subesco,M_09_SHUMANTA_S_4_FEAR_5.wav,771320,313e34d86f288d97947c1991dcd54f009e245cc4619e56c9b4a98c5790ff36f2,M09,M,FEAR,2,S4,T5,
6455,subesco,M_09_SHUMANTA_S_4_HAPPY_1.wav,386796,8f2c4f9b86ca21d876ec58e19daed2e59c8fea6b266e656d49c279a740dc7525,M09,M,HAPPY,3,S4,T1,
6456,subesco,M_09_SHUMANTA_S_4_HAPPY_2.wav,385682,49991d1fe4ace88047842ff253174275f0d73b96a37e9761f589a2e5445bc2fc,M09,M,HAPPY,3,S4,T2,
6457,subesco,M_09_SHUMANTA_S_4_HAPPY_3.wav,385682,33a8c45571ba495eb9a9e4aa8f70d608ec893e3b2428f0410b87b986fef1be0c,M09,M,HAPPY,3,S4,T3,
6458,subesco,M_09_SHUMANTA_S_4_HAPPY_4.wav,386796,e41b2bd14f8dab1c1b8220161d955bed6d6d604749e5cde4e2a057c04f4c75a4,M09,M,HAPPY,3,S4,T4,
6459,subesco,M_09_SHUMANTA_S_4_HAPPY_5.wav,384566,906f92c3bd7d25acbd6d15fcc8543c347edbb12506d8a317e0228d265b23f0a0,M09,M,HAPPY,3,S4,T5,
6460,subesco,M_09_SHUMANTA_S_4_NEUTRAL_1.wav,386796,287b688f9257ee5286074694a872f6c1a75ad9a6f72597a29c5c31659e473de7,M09,M,NEUTRAL,4,S4,T1,
6461,subesco,M_09_SHUMANTA_S_4_NEUTRAL_2.wav,386796,1e56f4ccbfe1e59c23f107f01060e91eb29451f7f268da14fcdf793ffbff70ee,M09,M,NEUTRAL,4,S4,T2,
6462,subesco,M_09_SHUMANTA_S_4_NEUTRAL_3.wav,385682,3b7ffb6775e57d10475dd61d37a838dde751da2b2857a49c1d07cfc15a7b17ea,M09,M,NEUTRAL,4,S4,T3,
6463,subesco,M_09_SHUMANTA_S_4_NEUTRAL_4.wav,386796,a8a5391d563f3878abf15f4b2c1aa2c6c3bb31febaea49b127c552ad00ca52f3,M09,M,NEUTRAL,4,S4,T4,
6464,subesco,M_09_SHUMANTA_S_4_NEUTRAL_5.wav,386796,3a37d7ff5b7f6a1e8a0b0aebf074ea4a42c9aa3b0ced9fdb914120a6c461caf1,M09,M,NEUTRAL,4,S4,T5,
6465,subesco,M_09_SHUMANTA_S_4_SAD_1.wav,354348,e415b565e6e0e93ef6a092970651d1d3e8a7920e81d25a000122b7b29bfc2575,M09,M,SAD,5,S4,T1,
6466,subesco,M_09_SHUMANTA_S_4_SAD_2.wav,355372,bf16e96e8a2127754b7454313c86962da2f50f032ccb8c5f0aeeb2dc5d852f7c,M09,M,SAD,5,S4,T2,
6467,subesco,M_09_SHUMANTA_S_4_SAD_3.wav,354348,39314c9c20d1a70284bf661744851c07cc7c72892e534380b308165ead28dc5b,M09,M,SAD,5,S4,T3,
6468,subesco,M_09_SHUMANTA_S_4_SAD_4.wav,355372,80ae684a3a0eac923be27920281e868e64c0acc55edf97fff27a16f2fd373e12,M09,M,SAD,5,S4,T4,
6469,subesco,M_09_SHUMANTA_S_4_SAD_5.wav,354348,ee50578d679ac0a861078e06948869e51cb00da43cc885b91313f9b17d0f06c3,M09,M,SAD,5,S4,T5,
6470,subesco,M_09_SHUMANTA_S_4_SURPRISE_1.wav,384566,18cd8cf32060bb33584e0ad4fb533d0cbcea73616f10089f0444b9bc23ec8108,M09,M,SURPRISE,6,S4,T1,
6471,subesco,M_09_SHUMANTA_S_4_SURPRISE_2.wav,386796,46f56df5f8be2777c34926f131f28bb48726410f72c9c67a689ae84a4edecd56,M09,M,SURPRISE,6,S4,T2,
6472,subesco,M_09_SHUMANTA_S_4_SURPRISE_3.wav,386796,3cdeec724e35992a2d8eba8d5c4c232bdc2e589b7589718df913e7f2533b3499,M09,M,SURPRISE,6,S4,T3,
6473,subesco,M_09_SHUMANTA_S_4_SURPRISE_4.wav,386796,f4e8dcd2b0eaf912a436c748ef7edb37951ab3de2e7f40f5691985e5c0ab9145,M09,M,SURPRISE,6,S4,T4,
6474,subesco,M_09_SHUMANTA_S_4_SURPRISE_5.wav,386796,e6833050a2ac1630a961233630558b6f674a394c66223d038856d7c46d0e30fd,M09,M,SURPRISE,6,S4,T5,
6475,subesco,M_09_SHUMANTA_S_5_ANGRY_1.wav,386796,0ae1ae47a13bf3b9f8f2e077e051ac6ee4d97cd1dd37cb694c315771e4e5acfb,M09,M,ANGRY,0,S5,T1,
6476,subesco,M_09_SHUMANTA_S_5_ANGRY_2.wav,386796,3ed20a1376397c2c111731bd7bcf7a2e767b983f2551761c19a6fbb17e4d2021,M09,M,ANGRY,0,S5,T2,
6477,subesco,M_09_SHUMANTA_S_5_ANGRY_3.wav,385682,df3232c24a3b23a0b20747b66d33958ecfedff9b6c7f85df2fa19f6163cb24f2,M09,M,ANGRY,0,S5,T3,
6478,subesco,M_09_SHUMANTA_S_5_ANGRY_4.wav,386796,e4d8ecbcc57f57e235956ef5596844308e33c298574553454d5f8e54ad977cec,M09,M,ANGRY,0,S5,T4,
6479,subesco,M_09_SHUMANTA_S_5_ANGRY_5.wav,386796,cddeb433d3f866b784f3cd9bc9c2973024fe0f808eba268684274d44c7cfa80b,M09,M,ANGRY,0,S5,T5,
6480,subesco,M_09_SHUMANTA_S_5_DISGUST_1.wav,385682,6080002030358a3514771d1e279170b3b851551f80b1b80bc1189e8de995fe12,M09,M,DISGUST,1,S5,T1,
6481,subesco,M_09_SHUMANTA_S_5_DISGUST_2.wav,386796,cce451a3dce504666dca7b1cdf3a242636c8280bad9e075a5c12e787ed1b2d42,M09,M,DISGUST,1,S5,T2,
6482,subesco,M_09_SHUMANTA_S_5_DISGUST_3.wav,385682,6d28a8ab2dde221d26ef1baf76fc8bdd6878b535868f2217fd8e7cf555c357c9,M09,M,DISGUST,1,S5,T3,
6483,subesco,M_09_SHUMANTA_S_5_DISGUST_4.wav,384566,d719074bd413261e0e95dfca26fa2b92f7c66fd9a9c42aeb7813662a6f0a53fa,M09,M,DISGUST,1,S5,T4,
6484,subesco,M_09_SHUMANTA_S_5_DISGUST_5.wav,386796,f51a3e8b266678fb900e24060423f1a3b945835b8e0bedd085322c7155eeddaa,M09,M,DISGUST,1,S5,T5,
6485,subesco,M_09_SHUMANTA_S_5_FEAR_1.wav,771320,458a3753efb97b92d4816e5d01164627eeb4f51bc3bdde95b376bc523b338ffc,M09,M,FEAR,2,S5,T1,
6486,subesco,M_09_SHUMANTA_S_5_FEAR_2.wav,773548,b55f1822ecbb747ece10a7a14b0a362f108cb1f5378572c82414e441eab877b7,M09,M,FEAR,2,S5,T2,
6487,subesco,M_09_SHUMANTA_S_5_FEAR_3.wav,773548,dd13c0a6bbea51e5d8109a26b4664e8573b328702c39397566d1a06244e67fa8,M09,M,FEAR,2,S5,T3,
6488,subesco,M_09_SHUMANTA_S_5_FEAR_4.wav,773548,aacdc12f3974e81c7164fffdd7106fc1b1592201d5c93da41ee5acef570572df,M09,M,FEAR,2,S5,T4,
6489,subesco,M_09_SHUMANTA_S_5_FEAR_5.wav,773548,3e81d9cd70492c58ed390d8b54d80f9113c71ba444ba3eac925a71ba4f179635,M09,M,FEAR,2,S5,T5,
6490,subesco,M_09_SHUMANTA_S_5_HAPPY_1.wav,384566,13c3aa9379f03dff32c56351e8fa2515ee946f9dcab63a1f7b83b6db34d07533,M09,M,HAPPY,3,S5,T1,
6491,subesco,M_09_SHUMANTA_S_5_HAPPY_2.wav,385682,fe132b832ac331eb2cfa8f2d6fed2696e30a1f1fe2475d72dc918b9f33136cd2,M09,M,HAPPY,3,S5,T2,
6492,subesco,M_09_SHUMANTA_S_5_HAPPY_3.wav,385682,d0de61db18ad227cfe7f3823368d88529036d7da215bebcdf70189040efb8b72,M09,M,HAPPY,3,S5,T3,
6493,subesco,M_09_SHUMANTA_S_5_HAPPY_4.wav,387910,67ea851ac0ff8572c6e1af85f3f2505cd2da189471430152b8301895bcb9f43c,M09,M,HAPPY,3,S5,T4,
6494,subesco,M_09_SHUMANTA_S_5_HAPPY_5.wav,386796,da34f7cc3444f8a430e18c984599737cded71241a8a254bab12a6dbb590ff8fc,M09,M,HAPPY,3,S5,T5,
6495,subesco,M_09_SHUMANTA_S_5_NEUTRAL_1.wav,386796,d14ea408c8749bf049c2616f47054793ddbd00c721530c4d63494d3e391f57af,M09,M,NEUTRAL,4,S5,T1,
6496,subesco,M_09_SHUMANTA_S_5_NEUTRAL_2.wav,385682,6050a35c33fc6849efc1120aab621accef2659d80af48a8b0b1886cc631e9ad4,M09,M,NEUTRAL,4,S5,T2,
6497,subesco,M_09_SHUMANTA_S_5_NEUTRAL_3.wav,386796,2a16c3f5576a8b0998092ca4bfc95102e9f4dacebae0d08bb614d4b0121792d2,M09,M,NEUTRAL,4,S5,T3,
6498,subesco,M_09_SHUMANTA_S_5_NEUTRAL_4.wav,386796,b2dd51e8b0daa14f1b8e9e0b7aa59fe0ce7e5917fdd9b5c7cf5a45a7315e1fb7,M09,M,NEUTRAL,4,S5,T4,
6499,subesco,M_09_SHUMANTA_S_5_NEUTRAL_5.wav,386796,0370d057cc7dff489d31bec2336a0bc45e68ddf81ffd11c6f6a5c67d314307e5,M09,M,NEUTRAL,4,S5,T5,
6500,subesco,M_09_SHUMANTA_S_5_SAD_1.wav,385682,25f53187662a0a10a6ed7fd35b0140c6964227c4cca58b680f0466c2fa4ea0df,M09,M,SAD,5,S5,T1,
6501,subesco,M_09_SHUMANTA_S_5_SAD_2.wav,385682,03f25197c084cc2771ec0ba43906a7f0658c36fe18a2bd98be82189c7d301cb9,M09,M,SAD,5,S5,T2,
6502,subesco,M_09_SHUMANTA_S_5_SAD_3.wav,386796,f74a18241c8b5d7bb67e1a81b3cd216c3256a2af21a16e0fdd4618b9401f78f2,M09,M,SAD,5,S5,T3,
6503,subesco,M_09_SHUMANTA_S_5_SAD_4.wav,385682,f26c9f8f3b83197b58d254b644b2df6d0c0fa1df74469c34b0f5e00635c26b46,M09,M,SAD,5,S5,T4,
6504,subesco,M_09_SHUMANTA_S_5_SAD_5.wav,386796,411e9b4352038736b8afeedacecf85b527ddf0c12a45acb218472e83898ba1a1,M09,M,SAD,5,S5,T5,
6505,subesco,M_09_SHUMANTA_S_5_SURPRISE_1.wav,386796,c21fc7381ee3cea666356c5a99c6cc2d8e26cc745f3bd47cf6769a53b666eeda,M09,M,SURPRISE,6,S5,T1,
6506,subesco,M_09_SHUMANTA_S_5_SURPRISE_2.wav,386796,a2f87848730d4e1945cfbe9dd54d08bec65bd3ea53411c656925ba71e13b0754,M09,M,SURPRISE,6,S5,T2,
6507,subesco,M_09_SHUMANTA_S_5_SURPRISE_3.wav,386796,ac69a4f9e742d7da08718d6712917ff8f8f904e4162d89e87be518134b7d4593,M09,M,SURPRISE,6,S5,T3,
6508,subesco,M_09_SHUMANTA_S_5_SURPRISE_4.wav,386796,48141be262bcc8ef74522604d342f4752360f809b12902d3d7140187b6082a6c,M09,M,SURPRISE,6,S5,T4,
6509,subesco,M_09_SHUMANTA_S_5_SURPRISE_5.wav,386796,d5a4b76e28492d6066cdc804c32ee42762de4e33c542a27e46e3d5ecb1603439,M09,M,SURPRISE,6,S5,T5,
6510,subesco,M_09_SHUMANTA_S_6_ANGRY_1.wav,385682,d1218bc064b1dfa3eac1ed1d97208b892ecfbc14828a0bb8068611b68cb97b00,M09,M,ANGRY,0,S6,T1,
6511,subesco,M_09_SHUMANTA_S_6_ANGRY_2.wav,386796,88dfaea484def4ec0df17bab6f1aa9bb078b39330a0ffd57f05b9c71c620a4e4,M09,M,ANGRY,0,S6,T2,
6512,subesco,M_09_SHUMANTA_S_6_ANGRY_3.wav,386796,a142dd0fe7b3c3d9024a3f29079b11c9fdcb3ee9adca8cd3b83abcddc563188b,M09,M,ANGRY,0,S6,T3,
6513,subesco,M_09_SHUMANTA_S_6_ANGRY_4.wav,386796,66b7134961941d96ee9c32ec422d0ad7f3aea25c324cecc097e45fe1fd447f95,M09,M,ANGRY,0,S6,T4,
6514,subesco,M_09_SHUMANTA_S_6_ANGRY_5.wav,386796,3f36a93171af3d0715432572c005f39d85e0f7ecc57f05c58e4069148024989c,M09,M,ANGRY,0,S6,T5,
6515,subesco,M_09_SHUMANTA_S_6_DISGUST_1.wav,385682,379336fb1973049b923edf1ee8abed85b4365060f67c0b7c4186bc994ee1dcf7,M09,M,DISGUST,1,S6,T1,
6516,subesco,M_09_SHUMANTA_S_6_DISGUST_2.wav,385682,080c6ac2c97b86073e33748de5245cccbf4b13652d5042e98b9e8b5179a8a0a3,M09,M,DISGUST,1,S6,T2,
6517,subesco,M_09_SHUMANTA_S_6_DISGUST_3.wav,385682,010f874519a78b2c7f40d5fb8c1ecc5de26229dcdf6c30009fbf075c7dbf4c00,M09,M,DISGUST,1,S6,T3,
6518,subesco,M_09_SHUMANTA_S_6_DISGUST_4.wav,384566,840cb6e0e6ea8ef756468e5b131edef6feb2bfc4a0ee8b21a9b792d5e6a9da58,M09,M,DISGUST,1,S6,T4,
6519,subesco,M_09_SHUMANTA_S_6_DISGUST_5.wav,385682,360950dbdda8e434fba4059ebfc383fdf3306444e546f5021c776d1364b8e289,M09,M,DISGUST,1,S6,T5,
6520,subesco,M_09_SHUMANTA_S_6_FEAR_1.wav,771320,3a2bcc3559289a276ec18be7b573b463fd5de9b2f029293778a85026081a07c2,M09,M,FEAR,2,S6,T1,
6521,subesco,M_09_SHUMANTA_S_6_FEAR_2.wav,773548,2fd9c9b191d3e065ed92cdf7ec46723b4aa0d296ee22628205c52b8c81797529,M09,M,FEAR,2,S6,T2,
6522,subesco,M_09_SHUMANTA_S_6_FEAR_3.wav,773548,fd5046b0b75fb37e3d77e1a520f3931ca625bb8bf5919aec05bb1bb7fbe4d300,M09,M,FEAR,2,S6,T3,
6523,subesco,M_09_SHUMANTA_S_6_FEAR_4.wav,773548,bca5cc5a73a813c7ea0ea4e07c8c7ff20b2a7336751b7d7039d342815a512e0f,M09,M,FEAR,2,S6,T4,
6524,subesco,M_09_SHUMANTA_S_6_FEAR_5.wav,773548,eaff9164d5827e33ee9c682643c7377466e5d7cf49c4b25c9930c8d106828f48,M09,M,FEAR,2,S6,T5,
6525,subesco,M_09_SHUMANTA_S_6_HAPPY_1.wav,384566,d0c0a44400ea619a402110aee4b4ac41fac399e5996a5b31d95978173ade7f7f,M09,M,HAPPY,3,S6,T1,
6526,subesco,M_09_SHUMANTA_S_6_HAPPY_2.wav,385682,7c300b4d95bde60462563aa443b2c55ae76810588b79a394904fd84295edb3bf,M09,M,HAPPY,3,S6,T2,
6527,subesco,M_09_SHUMANTA_S_6_HAPPY_3.wav,386796,7270ce265a448b5b716039228fbbca359d946030763db404e0190c0f29a23e0b,M09,M,HAPPY,3,S6,T3,
6528,subesco,M_09_SHUMANTA_S_6_HAPPY_4.wav,384566,1b5f32981adcb9b27f5f43013ed7fa240c22e4c0100dceba97074b9cfebcb013,M09,M,HAPPY,3,S6,T4,
6529,subesco,M_09_SHUMANTA_S_6_HAPPY_5.wav,384566,98644bfa860bfcfd2bbf796b09e12b3b8c6a32641ddb0d4156d299db3aa1f852,M09,M,HAPPY,3,S6,T5,
6530,subesco,M_09_SHUMANTA_S_6_NEUTRAL_1.wav,385682,992f418c327fada500c72febd31228bf8b03d65caabb74d87293d2aa7e07bad4,M09,M,NEUTRAL,4,S6,T1,
6531,subesco,M_09_SHUMANTA_S_6_NEUTRAL_2.wav,384566,5a04c42ad11f582e85450b15566fec59f28c57b0f7c9182841c452a8abbd2f3e,M09,M,NEUTRAL,4,S6,T2,
6532,subesco,M_09_SHUMANTA_S_6_NEUTRAL_3.wav,387910,f888e3dc2b3ae48cd5bab657c833342b78082308670878322c5ead7e22ad0e7f,M09,M,NEUTRAL,4,S6,T3,
6533,subesco,M_09_SHUMANTA_S_6_NEUTRAL_4.wav,385682,cc02aaa7526e2d3b7bdd95f947676e64427fbe5ee4122845e0bca3ef125f7774,M09,M,NEUTRAL,4,S6,T4,
6534,subesco,M_09_SHUMANTA_S_6_NEUTRAL_5.wav,385682,05562137b0994c12f596abde567bee39852d314f5e28f03db5876f6247457630,M09,M,NEUTRAL,4,S6,T5,
6535,subesco,M_09_SHUMANTA_S_6_SAD_1.wav,386796,71d8085bfc36e222c6a54020a297884ad0a5b5c762977d90be80346632b8cb3f,M09,M,SAD,5,S6,T1,
6536,subesco,M_09_SHUMANTA_S_6_SAD_2.wav,386796,0cced7f0c3e607835faa90901ee93532fa71a8c5695801eae276d65d31f49ac5,M09,M,SAD,5,S6,T2,
6537,subesco,M_09_SHUMANTA_S_6_SAD_3.wav,385682,07382dd00f3e3a21012964e4ebe5ea8fa3b0802f0c542e53d546cc1dc1c6ac78,M09,M,SAD,5,S6,T3,
6538,subesco,M_09_SHUMANTA_S_6_SAD_4.wav,385682,a4c78006861d2b2cf6acdd36dee76e1c0ce880350feb3cf8be02e613af43a474,M09,M,SAD,5,S6,T4,
6539,subesco,M_09_SHUMANTA_S_6_SAD_5.wav,386796,05fb5d9734c61c79905d908069413edc668481c4108993cd94e782fc2a2cf467,M09,M,SAD,5,S6,T5,
6540,subesco,M_09_SHUMANTA_S_6_SURPRISE_1.wav,386796,6e1f6ea6497141fa0fc25ee17934333f234aa52ba5806488742e142ee8cc18bd,M09,M,SURPRISE,6,S6,T1,
6541,subesco,M_09_SHUMANTA_S_6_SURPRISE_2.wav,386796,339029b511f3171e4a0a8fd951bc233368b4842a363f8e648b115a93ec4d0815,M09,M,SURPRISE,6,S6,T2,
6542,subesco,M_09_SHUMANTA_S_6_SURPRISE_3.wav,386796,65f1fa2e03e41f4090c3f1cc66d29934c2f8dba1e9552e403b4fdfeb0b5886e6,M09,M,SURPRISE,6,S6,T3,
6543,subesco,M_09_SHUMANTA_S_6_SURPRISE_4.wav,386796,be9fcc5295a51ddd692bfe43c55081a56fe17264f93a0fad825f372109f2f2bf,M09,M,SURPRISE,6,S6,T4,
6544,subesco,M_09_SHUMANTA_S_6_SURPRISE_5.wav,386796,e827da3fc5bf35f034df349c57e2729ee4d554fa77a22bc122e22786ad350d5f,M09,M,SURPRISE,6,S6,T5,
6545,subesco,M_09_SHUMANTA_S_7_ANGRY_1.wav,386796,b559f48f7ddc419d3266375aff71fccee6acb5c9c742d1e2da0ba1729b07ae1b,M09,M,ANGRY,0,S7,T1,
6546,subesco,M_09_SHUMANTA_S_7_ANGRY_2.wav,386796,1d49d0a1a832927d95dd2bc2a42c1c5d6b077a1b4775c2c804e284482dfea77c,M09,M,ANGRY,0,S7,T2,
6547,subesco,M_09_SHUMANTA_S_7_ANGRY_3.wav,386796,1906fdf67050d716ed930650179bc8374d58edb569177aa7d0b9a5d4a0c09d6e,M09,M,ANGRY,0,S7,T3,
6548,subesco,M_09_SHUMANTA_S_7_ANGRY_4.wav,385682,aed17338a5a129c8b32832a1ea59147b0734a72a001e512906dd8dec9a4398e6,M09,M,ANGRY,0,S7,T4,
6549,subesco,M_09_SHUMANTA_S_7_ANGRY_5.wav,386796,f15f190928b756c92512ee633a1fffff67363ced6797f244b4a7e5aa7d115241,M09,M,ANGRY,0,S7,T5,
6550,subesco,M_09_SHUMANTA_S_7_DISGUST_1.wav,386796,a6838c269ed3acbca085c58d31281b454bf078c883e7b0a4a7eb52b9ecbccd48,M09,M,DISGUST,1,S7,T1,
6551,subesco,M_09_SHUMANTA_S_7_DISGUST_2.wav,385682,3e74e0ef77a36b157428eb3c463338e5b1b1c203e0a808037190aa45edb02d8b,M09,M,DISGUST,1,S7,T2,
6552,subesco,M_09_SHUMANTA_S_7_DISGUST_3.wav,386796,1bbbda1eca194cd2b4affbd6574d695cd2249a2d0ae875d913b3d525cfaaa761,M09,M,DISGUST,1,S7,T3,
6553,subesco,M_09_SHUMANTA_S_7_DISGUST_4.wav,386796,25eb896f56fbf14c8a19414ecdaaea87c54e33246449e5e66e088fe7ec47c4a4,M09,M,DISGUST,1,S7,T4,
6554,subesco,M_09_SHUMANTA_S_7_DISGUST_5.wav,386796,650fa58cfd192993447b4fd86d526c654d29039387deddbe22989a4235a0a9f2,M09,M,DISGUST,1,S7,T5,
6555,subesco,M_09_SHUMANTA_S_7_FEAR_1.wav,773548,220aa8b080cbf8c1c88e8bc674577bb6b27f202519a221e564f8c87acfac29a5,M09,M,FEAR,2,S7,T1,
6556,subesco,M_09_SHUMANTA_S_7_FEAR_2.wav,771320,543ef10e6d606bfe1d8ce35e64d49bc37bc912913561a83774af51c04d469fb6,M09,M,FEAR,2,S7,T2,
6557,subesco,M_09_SHUMANTA_S_7_FEAR_3.wav,773548,3cf096f12d7d46cf291651f6041ce6221c3791aaf2d729859000c671d608ce60,M09,M,FEAR,2,S7,T3,
6558,subesco,M_09_SHUMANTA_S_7_FEAR_4.wav,773548,f11377313bac3d6a2563c411ccf0dba63385506cc4fef43e2a3ea0d90b9df42b,M09,M,FEAR,2,S7,T4,
6559,subesco,M_09_SHUMANTA_S_7_FEAR_5.wav,773548,3ed70241fbc0161734f543485bd53fa24258721431f311a3c8f3b802ed4be025,M09,M,FEAR,2,S7,T5,
6560,subesco,M_09_SHUMANTA_S_7_HAPPY_1.wav,384566,18813b0cec649bd645bd2fb4ee83f4bc83f03c046c55a30af84727706dc89e40,M09,M,HAPPY,3,S7,T1,
6561,subesco,M_09_SHUMANTA_S_7_HAPPY_2.wav,385682,d871fbcfd6c6ce87f5deeffd0401c499c98fd7a99be213bde5200a15d8b76605,M09,M,HAPPY,3,S7,T2,
6562,subesco,M_09_SHUMANTA_S_7_HAPPY_3.wav,384566,4602c20497e62a1e029725d705177d193207125d51bcbd58cb94415fcfaf7154,M09,M,HAPPY,3,S7,T3,
6563,subesco,M_09_SHUMANTA_S_7_HAPPY_4.wav,385682,78d2897b43adf419ac775cc6b59c1958b39b88aa19370f3e8db107dce9a0178d,M09,M,HAPPY,3,S7,T4,
6564,subesco,M_09_SHUMANTA_S_7_HAPPY_5.wav,383452,d27e2d109c078112857551531d70af9f5d9135836ef803d9a52f6fd47e674f6f,M09,M,HAPPY,3,S7,T5,
6565,subesco,M_09_SHUMANTA_S_7_NEUTRAL_1.wav,385682,fa5e4bc631ac46c1b562c8f00215af5084ad0ab1cde44ee432525a7c6d87094f,M09,M,NEUTRAL,4,S7,T1,
6566,subesco,M_09_SHUMANTA_S_7_NEUTRAL_2.wav,384566,f54d56239f0cd60d9fa002b0a458346e154196e4473fd52512b6dac82bb8fc0c,M09,M,NEUTRAL,4,S7,T2,
6567,subesco,M_09_SHUMANTA_S_7_NEUTRAL_3.wav,386796,58148e61f8cd0d218b7a0f4e9ffcd8e87e3583f46902d597972f9ed1f20a13a9,M09,M,NEUTRAL,4,S7,T3,
6568,subesco,M_09_SHUMANTA_S_7_NEUTRAL_4.wav,384566,79f7bf9c4c4ab0c036dfd76178fe50af544d947da675e792cb6df30c2e70d252,M09,M,NEUTRAL,4,S7,T4,
6569,subesco,M_09_SHUMANTA_S_7_NEUTRAL_5.wav,385682,e29e325c6ea4dd200a44e73042a2ecefe833b931ccaade907cffd030ec4187f8,M09,M,NEUTRAL,4,S7,T5,
6570,subesco,M_09_SHUMANTA_S_7_SAD_1.wav,386796,001afc1f339b111d1886cbe04f5a8bd029e7e8ba87eea590961cbba42c2e765c,M09,M,SAD,5,S7,T1,
6571,subesco,M_09_SHUMANTA_S_7_SAD_2.wav,385682,13cf28be9fd0a4786d0a9b4112911660f18ed4f93653c73ba706f801ab5887cc,M09,M,SAD,5,S7,T2,
6572,subesco,M_09_SHUMANTA_S_7_SAD_3.wav,384566,ac5100aa55b728e4489b5b050672adbef916fae091a1ec02467f179622158be7,M09,M,SAD,5,S7,T3,
6573,subesco,M_09_SHUMANTA_S_7_SAD_4.wav,384566,437bbd54adfc90fb7e03836ab239510ea2e33fba7790d758b6903a648c03b108,M09,M,SAD,5,S7,T4,
6574,subesco,M_09_SHUMANTA_S_7_SAD_5.wav,387910,328595d790937d3eda3d5d4d33a48d77009a805e2b729f7bf82ae06992c2dd36,M09,M,SAD,5,S7,T5,
6575,subesco,M_09_SHUMANTA_S_7_SURPRISE_1.wav,386796,a3ae570fb38a7e3728aa73d081c1fad4f7ce20e3e383bbc9d6818177a31dc71e,M09,M,SURPRISE,6,S7,T1,
6576,subesco,M_09_SHUMANTA_S_7_SURPRISE_2.wav,386796,e60a71da105bf8dccef779e2312415aee3666e5c752d04ab21e845327706569e,M09,M,SURPRISE,6,S7,T2,
6577,subesco,M_09_SHUMANTA_S_7_SURPRISE_3.wav,385682,c565e5d45196f54f5f53713cf0742d303908551b5210dafcbfeb21c3b191650d,M09,M,SURPRISE,6,S7,T3,
6578,subesco,M_09_SHUMANTA_S_7_SURPRISE_4.wav,386796,9aaa6344ee0a0087e3f885e0ca077204ea1f9f155c176f3194126124c2a11be9,M09,M,SURPRISE,6,S7,T4,
6579,subesco,M_09_SHUMANTA_S_7_SURPRISE_5.wav,386796,e05cab920531108bdb3c3b9f527cba44e5e79268bc578aa19b59af51ec189909,M09,M,SURPRISE,6,S7,T5,
6580,subesco,M_09_SHUMANTA_S_8_ANGRY_1.wav,386796,f0c98eafd5dce7b0db5e1ab93520eb5ba556e5cd72782f8f61e7cd1a1ac0d26e,M09,M,ANGRY,0,S8,T1,
6581,subesco,M_09_SHUMANTA_S_8_ANGRY_2.wav,386796,febe38f8d9d31218e8b345fa5554dfca01e09bf4127aca20d4d5ba70199c017b,M09,M,ANGRY,0,S8,T2,
6582,subesco,M_09_SHUMANTA_S_8_ANGRY_3.wav,386796,b0245a170107404455484d255b697e3e29bcda29011b287f898ee940851a11e4,M09,M,ANGRY,0,S8,T3,
6583,subesco,M_09_SHUMANTA_S_8_ANGRY_4.wav,385682,8ddb85765d3317af6bd1cbaab1923376896fc3ef42af76aebca88f7ce705144c,M09,M,ANGRY,0,S8,T4,
6584,subesco,M_09_SHUMANTA_S_8_ANGRY_5.wav,385682,02f4a93735a3459ae7f47493e96ab8e604ee5110db1fa598589ac266b996266e,M09,M,ANGRY,0,S8,T5,
6585,subesco,M_09_SHUMANTA_S_8_DISGUST_1.wav,386796,32223cf13868d9ebf891f841384890bdbe2c9626468e33bc9b8c91bf06244bd9,M09,M,DISGUST,1,S8,T1,
6586,subesco,M_09_SHUMANTA_S_8_DISGUST_2.wav,385682,8c5b6c97cd3872e88f3dc84a214d9251513f7cd9dd80f2861c1615c3f96decb2,M09,M,DISGUST,1,S8,T2,
6587,subesco,M_09_SHUMANTA_S_8_DISGUST_3.wav,386796,de2a88b1655783c983f0a729262e9952fda8ee269b333a30adc20695d3442150,M09,M,DISGUST,1,S8,T3,
6588,subesco,M_09_SHUMANTA_S_8_DISGUST_4.wav,385682,3287baca237041de96432f12fe9bb59b064e400998772a56372b44352a2a802d,M09,M,DISGUST,1,S8,T4,
6589,subesco,M_09_SHUMANTA_S_8_DISGUST_5.wav,386796,7f3c7e77e32c0ad85903692cda58d47c2111a0251ead60abaabbf954c1e3a743,M09,M,DISGUST,1,S8,T5,
6590,subesco,M_09_SHUMANTA_S_8_FEAR_1.wav,771320,8931b87d734eca7b39d1619d886cbe2add79829199be720e478c2b66411fafa8,M09,M,FEAR,2,S8,T1,
6591,subesco,M_09_SHUMANTA_S_8_FEAR_2.wav,773548,ce8ca16abf665fe6f2d9f4e1bc8924f29e2f1bf912f1987df055aa7bdfd21c18,M09,M,FEAR,2,S8,T2,
6592,subesco,M_09_SHUMANTA_S_8_FEAR_3.wav,773548,77238be9f20fe4b4f910a1d6511d7b17c93f58d17e874a22e48c516f991decd8,M09,M,FEAR,2,S8,T3,
6593,subesco,M_09_SHUMANTA_S_8_FEAR_4.wav,773548,0a77a73d8ba9228f10249fbdc35d8cc8ff2f5e6b3a4a09fa70ad20648eb92f7c,M09,M,FEAR,2,S8,T4,
6594,subesco,M_09_SHUMANTA_S_8_FEAR_5.wav,773548,f04003c1672ee56cda5f8fbe440811757aef9a12913642f29d01753a15a1bbe3,M09,M,FEAR,2,S8,T5,
6595,subesco,M_09_SHUMANTA_S_8_HAPPY_1.wav,386796,1baccce987ca6f5dd0fcacc7edbcc900649967a26c3ccf412d94cac81d1ff67a,M09,M,HAPPY,3,S8,T1,
6596,subesco,M_09_SHUMANTA_S_8_HAPPY_2.wav,385682,463e1c519cd9b3682628f6f49b4d9c89029068a626aad965dd667c55f46f473c,M09,M,HAPPY,3,S8,T2,
6597,subesco,M_09_SHUMANTA_S_8_HAPPY_3.wav,386796,40ed9ebd554ef32c734904e919c5d0dd1d7a6d3192566c8d442968a1d1d7cc36,M09,M,HAPPY,3,S8,T3,
6598,subesco,M_09_SHUMANTA_S_8_HAPPY_4.wav,386796,e1e37e50e7bf4185e69f7712f6ec7534dd02f3d61e13907a0b0cc5919392ed18,M09,M,HAPPY,3,S8,T4,
6599,subesco,M_09_SHUMANTA_S_8_HAPPY_5.wav,386796,7b9ea89c8008f167f30edaa48d5b1a0b8357cd6dd979100830d441490c7a30a4,M09,M,HAPPY,3,S8,T5,
6600,subesco,M_09_SHUMANTA_S_8_NEUTRAL_1.wav,384566,69c4b8a98ce148950abdab8ab446b81ccc88aa56ce007e329f2bb3b9d46ef381,M09,M,NEUTRAL,4,S8,T1,
6601,subesco,M_09_SHUMANTA_S_8_NEUTRAL_2.wav,385682,30e2436c0c8d0a4a2ef92bb86a0944de71572273cf9a9b545055954f71d936ef,M09,M,NEUTRAL,4,S8,T2,
6602,subesco,M_09_SHUMANTA_S_8_NEUTRAL_3.wav,386796,03997e401c914241444692a837a0438d5c40dc233380662f16d2340f1e6d7fd3,M09,M,NEUTRAL,4,S8,T3,
6603,subesco,M_09_SHUMANTA_S_8_NEUTRAL_4.wav,386796,49e87d084338a27f393ddc2e53f918cf46bbfa4d8d221b4f9959bf840ceb6131,M09,M,NEUTRAL,4,S8,T4,
6604,subesco,M_09_SHUMANTA_S_8_NEUTRAL_5.wav,386796,d3cccebe5ac8a49fda2c1b87b2c93d357ab26b2f6550f4d8f54758d250516829,M09,M,NEUTRAL,4,S8,T5,
6605,subesco,M_09_SHUMANTA_S_8_SAD_1.wav,384566,879aa5f4b19f2469b63e966ee87567cfadc4deaea2d9c168bce2fd8acf66e68d,M09,M,SAD,5,S8,T1,
6606,subesco,M_09_SHUMANTA_S_8_SAD_2.wav,386796,22c160d27b72aa79a8e0cd61b9479caa8cad344448712e618426295f9daddf2e,M09,M,SAD,5,S8,T2,
6607,subesco,M_09_SHUMANTA_S_8_SAD_3.wav,386796,2f474ba33d964e2baf3e435cbcaff836fb3d95b6d141d1c49009d7b736028107,M09,M,SAD,5,S8,T3,
6608,subesco,M_09_SHUMANTA_S_8_SAD_4.wav,386796,756cdf49b6bd0f0cd776308b7e8a78a0bcd9acdfd7b51698fe6320d5b3babdf8,M09,M,SAD,5,S8,T4,
6609,subesco,M_09_SHUMANTA_S_8_SAD_5.wav,384566,a5d1c76e3d3208612a6d77921a024dc94e76bbe043ea3b98999b3d3edefb11f9,M09,M,SAD,5,S8,T5,
6610,subesco,M_09_SHUMANTA_S_8_SURPRISE_1.wav,385682,3aa284b239a259048f3df3df058fd214dbb52a34260086c5764ccb05ab147a24,M09,M,SURPRISE,6,S8,T1,
6611,subesco,M_09_SHUMANTA_S_8_SURPRISE_2.wav,385682,f2be7332a54f35de95f98d5c702ae6c38e57df6fba77836216577b9a3643dd00,M09,M,SURPRISE,6,S8,T2,
6612,subesco,M_09_SHUMANTA_S_8_SURPRISE_3.wav,386796,a6d1503be43f9fd3004b8350fa42c7675bfedefb95036105b88529e2563871d6,M09,M,SURPRISE,6,S8,T3,
6613,subesco,M_09_SHUMANTA_S_8_SURPRISE_4.wav,386796,20e649964cc913096f3cdcf8df44c59cf96f8fd5cc9c38a074b18dcef3b4d982,M09,M,SURPRISE,6,S8,T4,
6614,subesco,M_09_SHUMANTA_S_8_SURPRISE_5.wav,386796,be0866f6d52b9d9855d5234c0d54e0d0ed8f43ee36c03348eed5451b5b718a92,M09,M,SURPRISE,6,S8,T5,
6615,subesco,M_09_SHUMANTA_S_9_ANGRY_1.wav,386796,c425b2fb9917d9fcb43c13ad18ba1901b6c48c32e8f7d62a1044ce9381312308,M09,M,ANGRY,0,S9,T1,
6616,subesco,M_09_SHUMANTA_S_9_ANGRY_2.wav,386796,9d65f9184e1510924e436939aa25cea598c3553c0f1c7101e1299d05af9f5ed9,M09,M,ANGRY,0,S9,T2,
6617,subesco,M_09_SHUMANTA_S_9_ANGRY_3.wav,386796,522ad096caa749e72690ed19ecb365fe07e60946d51864039d1efb56c16507e3,M09,M,ANGRY,0,S9,T3,
6618,subesco,M_09_SHUMANTA_S_9_ANGRY_4.wav,386796,219a50bdec31c3e269c4acc599d4dc1b7a434f0665892928f437672cff5d08f6,M09,M,ANGRY,0,S9,T4,
6619,subesco,M_09_SHUMANTA_S_9_ANGRY_5.wav,386796,a1723082541b28f2afc5c571af06ed0997d262723d21b2075cbc4286ec695d5e,M09,M,ANGRY,0,S9,T5,
6620,subesco,M_09_SHUMANTA_S_9_DISGUST_1.wav,386796,9d2b2a17638309ed36b3fac7300b0e7a45010df4a24b637a6299f2a399c57691,M09,M,DISGUST,1,S9,T1,
6621,subesco,M_09_SHUMANTA_S_9_DISGUST_2.wav,386796,60e66f427acb5d5e921d517b91aaf2f2fc0cdce5654c7084e36d9d3aa87030b3,M09,M,DISGUST,1,S9,T2,
6622,subesco,M_09_SHUMANTA_S_9_DISGUST_3.wav,386796,50e5b7c821a39f442be959b063f5c37cc84716065e0c16bad566933fc58190df,M09,M,DISGUST,1,S9,T3,
6623,subesco,M_09_SHUMANTA_S_9_DISGUST_4.wav,385682,79f8c513056f9491bd52491c4580e30382d293d00479f1a985d210360e061e08,M09,M,DISGUST,1,S9,T4,
6624,subesco,M_09_SHUMANTA_S_9_DISGUST_5.wav,386796,ad42a68179287fa107720c3e5a1a64ad9f4f03f03963494ed2040d31cc0b72a1,M09,M,DISGUST,1,S9,T5,
6625,subesco,M_09_SHUMANTA_S_9_FEAR_1.wav,773548,7d6edcfbca093e9682028271b473f9cddbae2ccf6f2095d76dce72e8c094738b,M09,M,FEAR,2,S9,T1,
6626,subesco,M_09_SHUMANTA_S_9_FEAR_2.wav,773548,65246a6000e3342e9a11eb10a5db44d2182901db7fcbdf23f275ddbc7534f859,M09,M,FEAR,2,S9,T2,
6627,subesco,M_09_SHUMANTA_S_9_FEAR_3.wav,773548,607b4dcad6b80aaf5635f4823a21b3746e4d9cf89f2334357a168126b7a8a46d,M09,M,FEAR,2,S9,T3,
6628,subesco,M_09_SHUMANTA_S_9_FEAR_4.wav,773548,25a6fc9baf449ce888475570920914f5e462af30728bf0dc6b80a72073b81392,M09,M,FEAR,2,S9,T4,
6629,subesco,M_09_SHUMANTA_S_9_FEAR_5.wav,769088,4d90bbebc6c3a604afce66e95dcdc4e1890847c78c98a04062db6a1dee4c64d3,M09,M,FEAR,2,S9,T5,
6630,subesco,M_09_SHUMANTA_S_9_HAPPY_1.wav,386796,3c8456b62143efa9173b984703833067c52bcfd45993b68e60c9eaf0c760c96a,M09,M,HAPPY,3,S9,T1,
6631,subesco,M_09_SHUMANTA_S_9_HAPPY_2.wav,385682,64595db0dab010e831707b32e9bf7eee6b037a728c72a335718055c6c72e21b3,M09,M,HAPPY,3,S9,T2,
6632,subesco,M_09_SHUMANTA_S_9_HAPPY_3.wav,386796,58f00ca8192ee5575e22b866195c1a8af61e2c71af48f3ad5b531e017092e7af,M09,M,HAPPY,3,S9,T3,
6633,subesco,M_09_SHUMANTA_S_9_HAPPY_4.wav,384566,a82139c9a83743a1aafd82b8b365ae6ab4e4f3607acebe6788bc8b0e96af0b5a,M09,M,HAPPY,3,S9,T4,
6634,subesco,M_09_SHUMANTA_S_9_HAPPY_5.wav,385682,0470f7782ee74e5faac2dbc7cb219a3a4fde9645bac7a294313efaa025edc77b,M09,M,HAPPY,3,S9,T5,
6635,subesco,M_09_SHUMANTA_S_9_NEUTRAL_1.wav,386796,d08398f12d9ebc57878339a9f8902e8341ed1f7c454337246648f79f23888386,M09,M,NEUTRAL,4,S9,T1,
6636,subesco,M_09_SHUMANTA_S_9_NEUTRAL_2.wav,386796,1d4145468ed1ad977461bd1ac8bc36b45971bc277e1cf82e313a1c2fd8b04775,M09,M,NEUTRAL,4,S9,T2,
6637,subesco,M_09_SHUMANTA_S_9_NEUTRAL_3.wav,385682,1aad2f554ae5692f956295b0e0e78d9065aa27fb000f07f2bc5326b38f4412a8,M09,M,NEUTRAL,4,S9,T3,
6638,subesco,M_09_SHUMANTA_S_9_NEUTRAL_4.wav,386796,fb812b5892608d4c1b2fb3d16d5b906ef87cb86b4c72463014c0e71e90c3a4ac,M09,M,NEUTRAL,4,S9,T4,
6639,subesco,M_09_SHUMANTA_S_9_NEUTRAL_5.wav,386796,29fd2775aa4bf5f3c57215f12ee524986a7cf87279b80d87842a477f8f962453,M09,M,NEUTRAL,4,S9,T5,
6640,subesco,M_09_SHUMANTA_S_9_SAD_1.wav,387910,1618e6c23b733ead6714afdc334eb2590e554eaa0847aab42507b9034421b844,M09,M,SAD,5,S9,T1,
6641,subesco,M_09_SHUMANTA_S_9_SAD_2.wav,386796,959f959835ed3b7d754efa4a42d7794181a9e2a936770c6a25653767421e26a8,M09,M,SAD,5,S9,T2,
6642,subesco,M_09_SHUMANTA_S_9_SAD_3.wav,384566,9c98e09a6fa7eaeba3f1718ab32160a334fdb29b16b71b9c28c3abbb537cf395,M09,M,SAD,5,S9,T3,
6643,subesco,M_09_SHUMANTA_S_9_SAD_4.wav,385682,213afc231efbdce6b9a8ccdf56a7cbdae60a6f375879ba225425c741e19f95d2,M09,M,SAD,5,S9,T4,
6644,subesco,M_09_SHUMANTA_S_9_SAD_5.wav,389024,914e2e77b58db2a1b8f4c3d7bbf1fddc15dac74c8bde8544ad94b6fbc959595f,M09,M,SAD,5,S9,T5,
6645,subesco,M_09_SHUMANTA_S_9_SURPRISE_1.wav,386796,2d8f1abdc9958cbe8d8641c127764600ceaeaecef5fdbab0393cf1ef54e6c8f2,M09,M,SURPRISE,6,S9,T1,
6646,subesco,M_09_SHUMANTA_S_9_SURPRISE_2.wav,385682,2d39a8f6dc1d218d94e54a5daea6b9a9ef2bd43a26e1d35c1a549255dd2f3c3e,M09,M,SURPRISE,6,S9,T2,
6647,subesco,M_09_SHUMANTA_S_9_SURPRISE_3.wav,386796,fe0cf9ab1214d0445007d14b6ce43272065363768408382ab7285bf86f5d3fcf,M09,M,SURPRISE,6,S9,T3,
6648,subesco,M_09_SHUMANTA_S_9_SURPRISE_4.wav,386796,9593441f0a24c8cd5d6c5f0ca176828c21b0b0ccd1d76f73520ca84a36f6c887,M09,M,SURPRISE,6,S9,T4,
6649,subesco,M_09_SHUMANTA_S_9_SURPRISE_5.wav,386796,f801f641aaa162e2377179af08bcf1e46185a042f0b2d32f241e967b353e160e,M09,M,SURPRISE,6,S9,T5,
6650,subesco,M_10_EVAN_S_10_ANGRY_1.wav,385682,771836339b10f26b53d236366c4a0bec48041059bd11502035a72ee39bc9c100,M10,M,ANGRY,0,S10,T1,
6651,subesco,M_10_EVAN_S_10_ANGRY_2.wav,385682,f80049611e9d2450700c02136c007a399ef60d4cd9d74bf8495039e9af52c977,M10,M,ANGRY,0,S10,T2,
6652,subesco,M_10_EVAN_S_10_ANGRY_3.wav,385682,3cb99ab2ad94d39f2828df776fa3175d99b8a4242e2fa742e0562c61d87d4c2a,M10,M,ANGRY,0,S10,T3,
6653,subesco,M_10_EVAN_S_10_ANGRY_4.wav,385682,2dc3b440e780679b29be01532a47a8014b6081210944f6dcf60b970f771e3973,M10,M,ANGRY,0,S10,T4,
6654,subesco,M_10_EVAN_S_10_ANGRY_5.wav,385682,2b147cb05f4d91e3a77eb8e3d0555000dc8d0aa087fd3e89dffdf53fa8c47727,M10,M,ANGRY,0,S10,T5,
6655,subesco,M_10_EVAN_S_10_DISGUST_1.wav,386796,08e87cc336670488348a550550127f69f5b36ba5b8b1b37cc0fbb72f6d7698c6,M10,M,DISGUST,1,S10,T1,
6656,subesco,M_10_EVAN_S_10_DISGUST_2.wav,385682,5da35c149ed54671d83f76b893fc993ca010165d9069742484b7b493156bbf31,M10,M,DISGUST,1,S10,T2,
6657,subesco,M_10_EVAN_S_10_DISGUST_3.wav,385682,ae96db54a29ade3262868ae856b2e2e84e852fa9a731e3414556a0e49c1ccc4e,M10,M,DISGUST,1,S10,T3,
6658,subesco,M_10_EVAN_S_10_DISGUST_4.wav,384566,5824116a4cb19aa3751ca04495dd67299260ce54479e5a2ef15027c37a715148,M10,M,DISGUST,1,S10,T4,
6659,subesco,M_10_EVAN_S_10_DISGUST_5.wav,382338,bc836f37c1c618ba7d4fefc08cb13245422166624e23bb8a46d31c881540a0d6,M10,M,DISGUST,1,S10,T5,
6660,subesco,M_10_EVAN_S_10_FEAR_1.wav,386796,710eb5e695eb70089f00e755c5dcf16a0fcb517eb6e0ea0aae882064439f2705,M10,M,FEAR,2,S10,T1,
6661,subesco,M_10_EVAN_S_10_FEAR_2.wav,385682,46661592eaf49694b56e24721b880dcd68b6a4d14a4b7b528a4a0005469b28aa,M10,M,FEAR,2,S10,T2,
6662,subesco,M_10_EVAN_S_10_FEAR_3.wav,385682,65b10db88a65d62d347497540bbdf4065f70094415167aec5c83a03888739a16,M10,M,FEAR,2,S10,T3,
6663,subesco,M_10_EVAN_S_10_FEAR_4.wav,385682,e6718a254751fdc8f1fb7f411676aab83acb466b8c28302b4ea6be47dcf4dbde,M10,M,FEAR,2,S10,T4,
6664,subesco,M_10_EVAN_S_10_FEAR_5.wav,386796,44a7dd096505d54f3cab2486788cbf12882c699e905c238f76b65b6b660c1ecc,M10,M,FEAR,2,S10,T5,
6665,subesco,M_10_EVAN_S_10_HAPPY_1.wav,384566,d95e91855db3ff1abc6646d8fe90d56440bc15ab52af60854a7dfdbe90650a6e,M10,M,HAPPY,3,S10,T1,
6666,subesco,M_10_EVAN_S_10_HAPPY_2.wav,386796,5456e2986fe19c5ed482be2b115f5904936303dc22dc6c3e75697abe304f5d9c,M10,M,HAPPY,3,S10,T2,
6667,subesco,M_10_EVAN_S_10_HAPPY_3.wav,385682,dd213d2507ee6f3f22300fb9ab80d6b56f73cbbcd446e507e21cc6d94f649c1f,M10,M,HAPPY,3,S10,T3,
6668,subesco,M_10_EVAN_S_10_HAPPY_4.wav,386796,c834df858ec39ab6d8a26faa069ca6c26f5708b86b1d40c44aebcefe94479aea,M10,M,HAPPY,3,S10,T4,
6669,subesco,M_10_EVAN_S_10_HAPPY_5.wav,385682,6e7d683889b4eb086b49f018e9810d125994eb760b931f15e26ef56f068bd93b,M10,M,HAPPY,3,S10,T5,
6670,subesco,M_10_EVAN_S_10_NEUTRAL_1.wav,386796,46ca78d460a704ae59debb6724f314186667c2a2a397ee191f84d96565c74ba5,M10,M,NEUTRAL,4,S10,T1,
6671,subesco,M_10_EVAN_S_10_NEUTRAL_2.wav,385682,c2c6bbcfd830d7cfb375f39c657c99332affd6b710fee13e7daa4662c5ef5242,M10,M,NEUTRAL,4,S10,T2,
6672,subesco,M_10_EVAN_S_10_NEUTRAL_3.wav,386796,422d1f62aa8f1bea4e80305c897ac702f67b98c2bf03b09d0d880fd605090a25,M10,M,NEUTRAL,4,S10,T3,
6673,subesco,M_10_EVAN_S_10_NEUTRAL_4.wav,386796,265e322f062b284150dfbbafa7136efb753de802e471094eefa54c353b5ff1e9,M10,M,NEUTRAL,4,S10,T4,
6674,subesco,M_10_EVAN_S_10_NEUTRAL_5.wav,385682,364a44188e2030a68f02077dc923e8991e7072c5e8449b7ecbd77abb6a35a459,M10,M,NEUTRAL,4,S10,T5,
6675,subesco,M_10_EVAN_S_10_SAD_1.wav,386796,8644c055befc285b43dba3800a85c32d8bd6e9737268aa1a18b9a1312cbf82e5,M10,M,SAD,5,S10,T1,
6676,subesco,M_10_EVAN_S_10_SAD_2.wav,386796,313348276a9ef6e47747658d7af344c8867ed293edf1d446f36af2cde7b74221,M10,M,SAD,5,S10,T2,
6677,subesco,M_10_EVAN_S_10_SAD_3.wav,385682,f681fb77d249186d45b0b7459cdc1242ff22429a82a981c8f4f26798b055c5b8,M10,M,SAD,5,S10,T3,
6678,subesco,M_10_EVAN_S_10_SAD_4.wav,386796,1a235d477ec038d6ce3d56d39dfe86df6e4b1103e6bf68d90b21de634c210973,M10,M,SAD,5,S10,T4,
6679,subesco,M_10_EVAN_S_10_SAD_5.wav,384566,823a2a194980c560ad2cf0076ce51ea0ccdfab491740b28174600b66fdacb332,M10,M,SAD,5,S10,T5,
6680,subesco,M_10_EVAN_S_10_SURPRISE_1.wav,385682,506206f0f7482f991600f8fa542de535eb11b54e79b885330faca1bde90bc383,M10,M,SURPRISE,6,S10,T1,
6681,subesco,M_10_EVAN_S_10_SURPRISE_2.wav,386796,9a7291a3ab67c287fa866d44612f1abcd3daa738aa66a4d8a51db2fd3c8ed052,M10,M,SURPRISE,6,S10,T2,
6682,subesco,M_10_EVAN_S_10_SURPRISE_3.wav,386796,180d9d4e7a98f62682341faaea615bc2ea9f478a52400ebbc1b343e6bae38c6f,M10,M,SURPRISE,6,S10,T3,
6683,subesco,M_10_EVAN_S_10_SURPRISE_4.wav,384566,59a1f4fbb893eaf172524931abc5a2a23f1702cc51e1e383569327f8f6443792,M10,M,SURPRISE,6,S10,T4,
6684,subesco,M_10_EVAN_S_10_SURPRISE_5.wav,384566,c7c03ec87ba7d3beab0c8e252550edbb13ffb498eb330b3c9bb1ecf383b53a97,M10,M,SURPRISE,6,S10,T5,
6685,subesco,M_10_EVAN_S_1_ANGRY_1.wav,385682,170d115d1dbbd4a1907e8395f5ccb5d55bb2d12249bcaf59bc15ff20e1e21ab8,M10,M,ANGRY,0,S1,T1,
6686,subesco,M_10_EVAN_S_1_ANGRY_2.wav,385682,6de82fbc42c768bbe841443c0c524a7fed2ce08a301639348422d535e7463981,M10,M,ANGRY,0,S1,T2,
6687,subesco,M_10_EVAN_S_1_ANGRY_3.wav,385682,8d504a773067002038564ae615289c80f52802bec970a8561fe38ccdfc095cac,M10,M,ANGRY,0,S1,T3,
6688,subesco,M_10_EVAN_S_1_ANGRY_4.wav,386796,78f14ea2c28777c64952d3a77021a0ebd150a54984fb35c11c71d86978496916,M10,M,ANGRY,0,S1,T4,
6689,subesco,M_10_EVAN_S_1_ANGRY_5.wav,386796,604d1043e375e44de534116b346e797f6d33265427e8e71a4c2e5b9186d987dc,M10,M,ANGRY,0,S1,T5,
6690,subesco,M_10_EVAN_S_1_DISGUST_1.wav,384566,e8b18a9f99e08a5486171f1847a868d2cfe854c7658f6dfa54c2b2b2f3e7a15e,M10,M,DISGUST,1,S1,T1,
6691,subesco,M_10_EVAN_S_1_DISGUST_2.wav,386796,6eb80b54d1b822bd29e3a8f3b5d4203f997f44571fb8d4f755e9f889b420b0ff,M10,M,DISGUST,1,S1,T2,
6692,subesco,M_10_EVAN_S_1_DISGUST_3.wav,385682,a1bb1ac0a905904d284c95d0b50b721a53e14b5c2ab79782b2097d378dfdaa63,M10,M,DISGUST,1,S1,T3,
6693,subesco,M_10_EVAN_S_1_DISGUST_4.wav,385682,88ec47b04ebe450bdc8f116b529f3e6dd377f99afa23d7611fd3c2c0ed0729c4,M10,M,DISGUST,1,S1,T4,
6694,subesco,M_10_EVAN_S_1_DISGUST_5.wav,384566,ff8e6dbd37c23543940c5a8957f7f40c7874b6c5e730dff8aa019e3d8a142291,M10,M,DISGUST,1,S1,T5,
6695,subesco,M_10_EVAN_S_1_FEAR_1.wav,385682,e8aef7666989f7e1209e1fb50e2782eb0bd837dbae5ec4c0b8d869e85d1a038c,M10,M,FEAR,2,S1,T1,
6696,subesco,M_10_EVAN_S_1_FEAR_2.wav,386796,1ceb17fed7456fc5e46a346038bf4f6771076fa3eed8b8773f8a35f6fde61490,M10,M,FEAR,2,S1,T2,
6697,subesco,M_10_EVAN_S_1_FEAR_3.wav,387910,5a23a6856d1e619ab75a736916d896bd822a63cf40585905511034a83ff5b44f,M10,M,FEAR,2,S1,T3,
6698,subesco,M_10_EVAN_S_1_FEAR_4.wav,385682,f9c97a5926761aa850e57ce1609fda8975294ffe156f2944b3a5662c4a937b3c,M10,M,FEAR,2,S1,T4,
6699,subesco,M_10_EVAN_S_1_FEAR_5.wav,384566,c58a0da17488ffa086e69e085766cc3d3c0b37bc82530d17e34306082fa1ad18,M10,M,FEAR,2,S1,T5,
6700,subesco,M_10_EVAN_S_1_HAPPY_1.wav,386796,97ba45bc7d4f9f1e459126ceeb9eb99d7abefd299b4be90c898ca2f1b3e10aac,M10,M,HAPPY,3,S1,T1,
6701,subesco,M_10_EVAN_S_1_HAPPY_2.wav,386796,b4b782ac67b68b058dd976a3588638d821a5b47f28851275acce6a1ee953628c,M10,M,HAPPY,3,S1,T2,
6702,subesco,M_10_EVAN_S_1_HAPPY_3.wav,386796,4c8d90394390be7c10e84425688429cca3006fa8e35bb528a1e6d96a4e92abbb,M10,M,HAPPY,3,S1,T3,
6703,subesco,M_10_EVAN_S_1_HAPPY_4.wav,386796,f40cb5787ba3d67968e93077452f35689688ba4ed05f7cf3127387add9b5464b,M10,M,HAPPY,3,S1,T4,
6704,subesco,M_10_EVAN_S_1_HAPPY_5.wav,386796,c11fa4d4c66cb70fd5a83171702308f7aadf94a505595fe27af36636c97e5612,M10,M,HAPPY,3,S1,T5,
6705,subesco,M_10_EVAN_S_1_NEUTRAL_1.wav,386796,cce24007e68ecc7a8a15f309b72e12f48194ddde9e4e5aa211008765e7e008b2,M10,M,NEUTRAL,4,S1,T1,
6706,subesco,M_10_EVAN_S_1_NEUTRAL_2.wav,385682,381403c116c25f9be1a62769bbbe8025dee31fb88997681bf536664069ef8318,M10,M,NEUTRAL,4,S1,T2,
6707,subesco,M_10_EVAN_S_1_NEUTRAL_3.wav,386796,1caf4163b6236b8bebc934dbb7476a07b9e383bfaacd164e38b8d4206a9af7cb,M10,M,NEUTRAL,4,S1,T3,
6708,subesco,M_10_EVAN_S_1_NEUTRAL_4.wav,385682,ae15c89ab62dfd6d602ef2ce1129dc4707dc366d16862cd1dd276caf8247e4c4,M10,M,NEUTRAL,4,S1,T4,
6709,subesco,M_10_EVAN_S_1_NEUTRAL_5.wav,384566,fa31c5044529274f8c2696c1ff443f2d8d3291d15142ca5f683094cb7237953d,M10,M,NEUTRAL,4,S1,T5,
6710,subesco,M_10_EVAN_S_1_SAD_1.wav,385682,c9841cbdb218be666877eb272908d5344ac9a37d10492affa1ded469bf7ba89d,M10,M,SAD,5,S1,T1,
6711,subesco,M_10_EVAN_S_1_SAD_2.wav,384566,dd75ac292a48470185e71268c681af97a5df31ed86492937a4ea3a03f5ed196d,M10,M,SAD,5,S1,T2,
6712,subesco,M_10_EVAN_S_1_SAD_3.wav,386796,7646cb8531cf681adb8c17dc7329c5852518c4b5a63169f21210db4bce194a42,M10,M,SAD,5,S1,T3,
6713,subesco,M_10_EVAN_S_1_SAD_4.wav,386796,fab51a8c436fbcb8b4d5a54c60b0943a35c96351684115eec22042a2849baf8a,M10,M,SAD,5,S1,T4,
6714,subesco,M_10_EVAN_S_1_SAD_5.wav,386796,fad5ad990081af6b069f9520303f7fcd71c6d1966a8a7a1d6fa1773c38a24d54,M10,M,SAD,5,S1,T5,
6715,subesco,M_10_EVAN_S_1_SURPRISE_1.wav,386796,4727161591d9768ab4f239fb6b99ac6b0a8b59b7d51ad459d377e7c4ac9ae9e8,M10,M,SURPRISE,6,S1,T1,
6716,subesco,M_10_EVAN_S_1_SURPRISE_2.wav,385682,95d8577aa5bc4b548d21154e3baa05adea86a9859b71603b54fa57370a5c7a79,M10,M,SURPRISE,6,S1,T2,
6717,subesco,M_10_EVAN_S_1_SURPRISE_3.wav,385682,bd8269223dbd75f86a85cb2c0243b677d8c50801a01b295449886be3bd7bbab1,M10,M,SURPRISE,6,S1,T3,
6718,subesco,M_10_EVAN_S_1_SURPRISE_4.wav,385682,fce7f60d8314bcee3034850973ee246a92d6fa03b73d22701dd6ecf9be2eb9b7,M10,M,SURPRISE,6,S1,T4,
6719,subesco,M_10_EVAN_S_1_SURPRISE_5.wav,385682,8d1fd890d2deb37e8a972cccc522e6f75a209635f9857bf36b7a4b8d11655122,M10,M,SURPRISE,6,S1,T5,
6720,subesco,M_10_EVAN_S_2_ANGRY_1.wav,386796,c046a08819c1eb3d624f3e9a5f2095eb33d9b381eef4c893feff77d3ef9a0c93,M10,M,ANGRY,0,S2,T1,
6721,subesco,M_10_EVAN_S_2_ANGRY_2.wav,384566,b5766bcb9a76a654c583d84090a91ac868718280f67b774ffc6c24168330c7be,M10,M,ANGRY,0,S2,T2,
6722,subesco,M_10_EVAN_S_2_ANGRY_3.wav,385682,ece22dc10c9e215ab3aa4448c19752e57db1cebde9f6624ccca1a83340fcf5dd,M10,M,ANGRY,0,S2,T3,
6723,subesco,M_10_EVAN_S_2_ANGRY_4.wav,386796,e88f8508d06b05b5b9eddeeae1732b105dad550592e9e779eff84337e9e827c4,M10,M,ANGRY,0,S2,T4,
6724,subesco,M_10_EVAN_S_2_ANGRY_5.wav,386796,432e097aa6519744a199d5309c154badc57bb100a0fb3cdd34fce3dd3db6f725,M10,M,ANGRY,0,S2,T5,
6725,subesco,M_10_EVAN_S_2_DISGUST_1.wav,385682,c2720529038fda57a02627290ef78dc59150713782aefc4d9e731f4fb520b492,M10,M,DISGUST,1,S2,T1,
6726,subesco,M_10_EVAN_S_2_DISGUST_2.wav,387910,9bf4fcd9fcd3c655f008f3a51ed3c84720a32a24bce1f4ce92eef8f4a1a752fd,M10,M,DISGUST,1,S2,T2,
6727,subesco,M_10_EVAN_S_2_DISGUST_3.wav,385682,2222cfb0d0302d568bf69c85200d5cf1bcc45c9512c1016d16c1bdcdcd2a119d,M10,M,DISGUST,1,S2,T3,
6728,subesco,M_10_EVAN_S_2_DISGUST_4.wav,384566,644e660784958c3e495e08cbd50e6152dcaa579a9a89860f87b23d9769822a5a,M10,M,DISGUST,1,S2,T4,
6729,subesco,M_10_EVAN_S_2_DISGUST_5.wav,386796,ce2c008ad62b15c7f608afa0a6086e8f07e4a2d68e5e3d06ad6151dc09c686fa,M10,M,DISGUST,1,S2,T5,
6730,subesco,M_10_EVAN_S_2_FEAR_1.wav,386796,02cd35a0a6bb6304a232fa19f9f1e065bc1bd9efbf0edc6ef41a6bb999bf43cd,M10,M,FEAR,2,S2,T1,
6731,subesco,M_10_EVAN_S_2_FEAR_2.wav,384566,fe2e10e5e9f801fbaa67cefce8401ff501873e4c41c1c6751e8a79293fb47300,M10,M,FEAR,2,S2,T2,
6732,subesco,M_10_EVAN_S_2_FEAR_3.wav,385682,8bf0e487018eb403bfcf975492597054d9682accc85ce14557d9b727e7375fec,M10,M,FEAR,2,S2,T3,
6733,subesco,M_10_EVAN_S_2_FEAR_4.wav,386796,13e00d85f6c462a36d359f6fb4d5be313879c9a88ae60f2935f0e729fc1dc6e0,M10,M,FEAR,2,S2,T4,
6734,subesco,M_10_EVAN_S_2_FEAR_5.wav,385682,1921315caf5983be4c7b51faddc66a573d9d136759ed0cd49963b92d5231ab5e,M10,M,FEAR,2,S2,T5,
6735,subesco,M_10_EVAN_S_2_HAPPY_1.wav,385682,25f52afa3eff7c1efb63a946799921e3e22f78c11940e98b952e63e843dd2a71,M10,M,HAPPY,3,S2,T1,
6736,subesco,M_10_EVAN_S_2_HAPPY_2.wav,385682,3cfa63f20baa116f46ba5eeb3c52646aa78ca144f70c839510fe9e0bd2561b2e,M10,M,HAPPY,3,S2,T2,
6737,subesco,M_10_EVAN_S_2_HAPPY_3.wav,386796,d99ec25eb94fd9d54cd28728a58107af330ad996450ff46a50b4270715ff985a,M10,M,HAPPY,3,S2,T3,
6738,subesco,M_10_EVAN_S_2_HAPPY_4.wav,389026,e7c88fdf6e5749d828ed0f7aa4be0efcbc1035c9075c1e4ab22525b42af24ed4,M10,M,HAPPY,3,S2,T4,
6739,subesco,M_10_EVAN_S_2_HAPPY_5.wav,385682,455ae1dfc103a9a4c24690e6e214e9d6825ccbbbde5faa43d3ebf63de820e788,M10,M,HAPPY,3,S2,T5,
6740,subesco,M_10_EVAN_S_2_NEUTRAL_1.wav,384566,95b68559fb78b57fca73ddbff2fcd1ff5386d924d8be1fdfe556f979e2dc63b9,M10,M,NEUTRAL,4,S2,T1,
6741,subesco,M_10_EVAN_S_2_NEUTRAL_2.wav,384566,30f24e3244ddc108c1c079a50f7b3cb094e0fd79f9f65c07969518d1244dee41,M10,M,NEUTRAL,4,S2,T2,
6742,subesco,M_10_EVAN_S_2_NEUTRAL_3.wav,386796,db1e205b24d097cc869263a02afddc9d19a4ee40704741372dc42673a215e3f3,M10,M,NEUTRAL,4,S2,T3,
6743,subesco,M_10_EVAN_S_2_NEUTRAL_4.wav,386796,07971860bef172ac8b3e07608b4c43404063dc8b9e57ffca3b098cf06831065d,M10,M,NEUTRAL,4,S2,T4,
6744,subesco,M_10_EVAN_S_2_NEUTRAL_5.wav,386796,a6b527927523efe40210c534c6e86e4a6b0bf58f40fb03532574f1a6f166fc5f,M10,M,NEUTRAL,4,S2,T5,
6745,subesco,M_10_EVAN_S_2_SAD_1.wav,386796,30cd389c57613d627520c312467f2e73e0fdc7f27b9433205bac5514868579c5,M10,M,SAD,5,S2,T1,
6746,subesco,M_10_EVAN_S_2_SAD_2.wav,385682,32163d266d23218bbfa8b5886d6aefe7c5cf25adb35fe2faf67abd8a393efd7c,M10,M,SAD,5,S2,T2,
6747,subesco,M_10_EVAN_S_2_SAD_3.wav,386796,141e8df7621ec6bbea3b600248f3359ec310ea774d5164d6b210633e77376141,M10,M,SAD,5,S2,T3,
6748,subesco,M_10_EVAN_S_2_SAD_4.wav,386796,16e69da6e004a171ec2594fba1e4e178fd93653d3fe4de891071dfd0eb97009f,M10,M,SAD,5,S2,T4,
6749,subesco,M_10_EVAN_S_2_SAD_5.wav,384566,b13fef658d5ccf6f1412d02e496d9cd4a688d4564da73be19645da72db3d221c,M10,M,SAD,5,S2,T5,
6750,subesco,M_10_EVAN_S_2_SURPRISE_1.wav,386796,ad60e720329dfe682cd5316cda0101c98b5f23443ab4c3d23614bfa00ccbaaf7,M10,M,SURPRISE,6,S2,T1,
6751,subesco,M_10_EVAN_S_2_SURPRISE_2.wav,385682,b2b91d4390e86c7a147a0fdb21f4384acbba308926736bb5708e3789b3af5086,M10,M,SURPRISE,6,S2,T2,
6752,subesco,M_10_EVAN_S_2_SURPRISE_3.wav,385682,31f67085a8ff9308e2344e9475f675f17d1c669b8ffbbd9a62a2634920ede8d3,M10,M,SURPRISE,6,S2,T3,
6753,subesco,M_10_EVAN_S_2_SURPRISE_4.wav,386796,9a061ee231cac21da04debd3d6d303198882178725cd4c87fbf824bc9d718ba2,M10,M,SURPRISE,6,S2,T4,
6754,subesco,M_10_EVAN_S_2_SURPRISE_5.wav,385682,c6f1df2e781e7ec1781b9c4d7c5842037e33a6011d2156a7ff7a00384294376d,M10,M,SURPRISE,6,S2,T5,
6755,subesco,M_10_EVAN_S_3_ANGRY_1.wav,384566,2359cd54f9193ef296724a7ab798b5262fbfaa91b8f8ccc2ede1b564f41e67df,M10,M,ANGRY,0,S3,T1,
6756,subesco,M_10_EVAN_S_3_ANGRY_2.wav,386796,f68f14d486f3d8b38e2acdd33beb451b74be39cd8a1f28fcc4d2cbd410b8cc3c,M10,M,ANGRY,0,S3,T2,
6757,subesco,M_10_EVAN_S_3_ANGRY_3.wav,384566,7c617cbd400b1a5b2169971580977f75576df01472990a422321ee575399a442,M10,M,ANGRY,0,S3,T3,
6758,subesco,M_10_EVAN_S_3_ANGRY_4.wav,384566,d70ebaeb3d528f7c25454fe6790a1b898a2f16b86b83fbed03ead2852571a8a5,M10,M,ANGRY,0,S3,T4,
6759,subesco,M_10_EVAN_S_3_ANGRY_5.wav,385682,c35ffa0c3afc3e43b79d47d9e94e9f29865e8dd8ba7eb26b7369c344f1bcadf2,M10,M,ANGRY,0,S3,T5,
6760,subesco,M_10_EVAN_S_3_DISGUST_1.wav,386796,a7bdfd9070d598352e318a6f7cbdc2007a0371d8179ef1439e939d9f3cc65550,M10,M,DISGUST,1,S3,T1,
6761,subesco,M_10_EVAN_S_3_DISGUST_2.wav,386796,a3695e824a4b795760bb30f26c9e308ae01d0ca74c82b8cecd6fef1ea3ede027,M10,M,DISGUST,1,S3,T2,
6762,subesco,M_10_EVAN_S_3_DISGUST_3.wav,384566,8195a66ab234df8763dc753c9c358560f75aa05e83a56232347763f093a8cddd,M10,M,DISGUST,1,S3,T3,
6763,subesco,M_10_EVAN_S_3_DISGUST_4.wav,386796,8bfa574c9981c9b1ef19830a3052a592be6695d3c8695809347ab0954b619773,M10,M,DISGUST,1,S3,T4,
6764,subesco,M_10_EVAN_S_3_DISGUST_5.wav,386796,964d9bc48ab5ac549b1f1e8f5940814a28b371f38bddcc614597acec107ef119,M10,M,DISGUST,1,S3,T5,
6765,subesco,M_10_EVAN_S_3_FEAR_1.wav,386796,ff909b14cf19326f01281bad442a9ff0d376e4ad3e48e887e135109f86e09a28,M10,M,FEAR,2,S3,T1,
6766,subesco,M_10_EVAN_S_3_FEAR_2.wav,385682,23b407256f71405a637b3b4c5009e457f14fe65af708f59ec402323c38804379,M10,M,FEAR,2,S3,T2,
6767,subesco,M_10_EVAN_S_3_FEAR_3.wav,385682,0fade2910e38a03658b020f351fbc2da328da0823dab661344e4e63f0cf83399,M10,M,FEAR,2,S3,T3,
6768,subesco,M_10_EVAN_S_3_FEAR_4.wav,385682,5d1d0a34392c7a6e8eaafca0e4fb356c5c9a6c659c95e3d2862209592a34f788,M10,M,FEAR,2,S3,T4,
6769,subesco,M_10_EVAN_S_3_FEAR_5.wav,386796,82bcf6226e2f294b529fae4b8fd122921b58f2df8a6d6b10a592dd8be85a1998,M10,M,FEAR,2,S3,T5,
6770,subesco,M_10_EVAN_S_3_HAPPY_1.wav,386796,153a000d186644c80fd1891e4b39b122493cbf8b3fbb46822fa79c544021df2d,M10,M,HAPPY,3,S3,T1,
6771,subesco,M_10_EVAN_S_3_HAPPY_2.wav,386796,7650cf72bb72b4bc158ce8af963760cbd4771e6b3980d357eabf99789eeb15b1,M10,M,HAPPY,3,S3,T2,
6772,subesco,M_10_EVAN_S_3_HAPPY_3.wav,386796,646c46fb917be31799398d6583210b33f837ab9a496c5a73ffd675d6743a6806,M10,M,HAPPY,3,S3,T3,
6773,subesco,M_10_EVAN_S_3_HAPPY_4.wav,385682,2c52f4ef6f916374bc621694b162c388a3a17c6ec62410eac256f0f507b397fc,M10,M,HAPPY,3,S3,T4,
6774,subesco,M_10_EVAN_S_3_HAPPY_5.wav,384566,675193b8e4572ec044e30ef2b6d27201073727bdf36cbaec3a255239df0e6cfa,M10,M,HAPPY,3,S3,T5,
6775,subesco,M_10_EVAN_S_3_NEUTRAL_1.wav,386796,25cf2c53a0b972d79f3645d9e52b683b4799d45c7bca5383a1a67e4a1f165b37,M10,M,NEUTRAL,4,S3,T1,
6776,subesco,M_10_EVAN_S_3_NEUTRAL_2.wav,385682,c6047fdf2c3232840c8fa62eae670e7350c4078386392ab4298b61155bdc8b69,M10,M,NEUTRAL,4,S3,T2,
6777,subesco,M_10_EVAN_S_3_NEUTRAL_3.wav,384566,6a00373a65f52ab2ec11342019cf68e77fc1b7b864eab926dd7db7fc49260fa7,M10,M,NEUTRAL,4,S3,T3,
6778,subesco,M_10_EVAN_S_3_NEUTRAL_4.wav,386796,e3d0f5785496bfbe489b7484955db91476ac7eada87c0f3b1ea30d07607c70f4,M10,M,NEUTRAL,4,S3,T4,
6779,subesco,M_10_EVAN_S_3_NEUTRAL_5.wav,386796,7a87bf26189ff184549f389dadc191270debf8377c8186e11be38c14ee4bc5e5,M10,M,NEUTRAL,4,S3,T5,
6780,subesco,M_10_EVAN_S_3_SAD_1.wav,386796,b1a643e92e665fa2a82a55097bd29908aecc328c6d6189231b31948f90cab216,M10,M,SAD,5,S3,T1,
6781,subesco,M_10_EVAN_S_3_SAD_2.wav,386796,646f5f3ae89f82e0bce702d0508d84c575e27ddd3b6d4f710599cf6cfa0065f8,M10,M,SAD,5,S3,T2,
6782,subesco,M_10_EVAN_S_3_SAD_3.wav,385682,1f2fb3bb563678d5f1bf797a5fa22696b4e5a1797afc83a0ed673d904b9fec68,M10,M,SAD,5,S3,T3,
6783,subesco,M_10_EVAN_S_3_SAD_4.wav,385682,f7fcf6fa3213fe18721bbf4f4292e58f2f064abe83dd124b6ea808eba0e329aa,M10,M,SAD,5,S3,T4,
6784,subesco,M_10_EVAN_S_3_SAD_5.wav,386796,5e872973df23582195cd1b0e99db87ec71dfdfeef1bb2d3ea8eb3ac86c68ca70,M10,M,SAD,5,S3,T5,
6785,subesco,M_10_EVAN_S_3_SURPRISE_1.wav,386796,55a39e2ff5b8b5149bdce8c9af4d68eeaf89de551325d4664a3cc7059a6b4a50,M10,M,SURPRISE,6,S3,T1,
6786,subesco,M_10_EVAN_S_3_SURPRISE_2.wav,386796,ef6e3c5ff7064f38e7073632e2763add0ac754bac318201b6318d44c5d380c30,M10,M,SURPRISE,6,S3,T2,
6787,subesco,M_10_EVAN_S_3_SURPRISE_3.wav,385682,6be74749bfebf96b4c7c4b84c5c33f17b24dc86a6fbedcb9f21567f219170dcf,M10,M,SURPRISE,6,S3,T3,
6788,subesco,M_10_EVAN_S_3_SURPRISE_4.wav,385682,c02face37b56b49032c7877a056fa9aefb5fd45b99e07de2393b85d83b242a90,M10,M,SURPRISE,6,S3,T4,
6789,subesco,M_10_EVAN_S_3_SURPRISE_5.wav,386796,2dcc899ba94ec7f4d2fdb434b0dc3e91288ec804e50b36815eaeaa4cc8e6630c,M10,M,SURPRISE,6,S3,T5,
6790,subesco,M_10_EVAN_S_4_ANGRY_1.wav,385682,2fb32eaf52e4cca3196b6b52fc5b7bf4859fb13f649fe99cb98034170adda810,M10,M,ANGRY,0,S4,T1,
6791,subesco,M_10_EVAN_S_4_ANGRY_2.wav,386796,c718da40be7f3ee989cd3af9855d988a9438e1bdafb504a0d264f0e0413abff1,M10,M,ANGRY,0,S4,T2,
6792,subesco,M_10_EVAN_S_4_ANGRY_3.wav,385682,2b98f80ec4656592f34ea3ea8edf97aa49ccde8977cffc2ad91335c718263b6c,M10,M,ANGRY,0,S4,T3,
6793,subesco,M_10_EVAN_S_4_ANGRY_4.wav,386796,d30908ca0a0c2cfb69d755e6a5724500302336a2f090d2c67d8998da30cf97da,M10,M,ANGRY,0,S4,T4,
6794,subesco,M_10_EVAN_S_4_ANGRY_5.wav,385682,9839fc875e1121aa70452213abb2b0b11f0024516aac71d1c3f6ca9dff4c1be0,M10,M,ANGRY,0,S4,T5,
6795,subesco,M_10_EVAN_S_4_DISGUST_1.wav,385682,1dbcf1e43637f0d8e8bc8204501713895f9380cab2654264cf8a79f570028034,M10,M,DISGUST,1,S4,T1,
6796,subesco,M_10_EVAN_S_4_DISGUST_2.wav,386796,8951ac0164088917c637aa2d49b356dfba9531cc0ca85e6c470b8131a9fcf32f,M10,M,DISGUST,1,S4,T2,
6797,subesco,M_10_EVAN_S_4_DISGUST_3.wav,384566,1cd57aa41ac50f40d3e2c8b189f51de2d51ab77e0487e1612c6b96cbe2737e91,M10,M,DISGUST,1,S4,T3,
6798,subesco,M_10_EVAN_S_4_DISGUST_4.wav,386796,cf47090d8e8261923d675c16481c08446675950bf16841a72301a26af097e2f4,M10,M,DISGUST,1,S4,T4,
6799,subesco,M_10_EVAN_S_4_DISGUST_5.wav,386796,27a0f957fa8d75896417f405b84061e39645f9464a2f6ac531183e5b748bc7c0,M10,M,DISGUST,1,S4,T5,
6800,subesco,M_10_EVAN_S_4_FEAR_1.wav,386796,794dddd674a69e8d279cc9c39f90e5c5e31c3c8f30ca58b6fa83189f682c870e,M10,M,FEAR,2,S4,T1,
6801,subesco,M_10_EVAN_S_4_FEAR_2.wav,386796,dcc904b335315bd965126aa7a05760d8e5a89b40993eb5d1f5567cda6cfe0e92,M10,M,FEAR,2,S4,T2,
6802,subesco,M_10_EVAN_S_4_FEAR_3.wav,384566,f2173d651e20cc23306aa86206b7b1d1c7b8b8db86049b0aacc62b99f58375b9,M10,M,FEAR,2,S4,T3,
6803,subesco,M_10_EVAN_S_4_FEAR_4.wav,384566,43a0f374ab784ecd46c888c75bbd2119655e6bdad4d802a5e615ae447ee3fd10,M10,M,FEAR,2,S4,T4,
6804,subesco,M_10_EVAN_S_4_FEAR_5.wav,386796,b895de05d17d2b6ec9fd00978335be98f5b1488ef52271c1e58f995b306de34e,M10,M,FEAR,2,S4,T5,
6805,subesco,M_10_EVAN_S_4_HAPPY_1.wav,387910,a7e5bae9b84294feba0dae8bd9ff35bebec8b91afcb94e6293bfe50f51ee8ee4,M10,M,HAPPY,3,S4,T1,
6806,subesco,M_10_EVAN_S_4_HAPPY_2.wav,386796,3eaa6e851ab5c1619ed01c4299e5cf2a5f60677ce2c1f4f31791c6a829533ddc,M10,M,HAPPY,3,S4,T2,
6807,subesco,M_10_EVAN_S_4_HAPPY_3.wav,383452,4ac0ed35e6fbcbb0a0f3a2af19e605fc198a35f1d43cfd52cceb99bfa044b2d2,M10,M,HAPPY,3,S4,T3,
6808,subesco,M_10_EVAN_S_4_HAPPY_4.wav,385682,30a4d0f5f1a22c47c3aa135043117d5a6636ee6b2232df9794520a78e981c261,M10,M,HAPPY,3,S4,T4,
6809,subesco,M_10_EVAN_S_4_HAPPY_5.wav,386796,497a9ff5449f39780dbfbe024c0307d945b6e5a35d2a4ddf6df7c601a94efd2f,M10,M,HAPPY,3,S4,T5,
6810,subesco,M_10_EVAN_S_4_NEUTRAL_1.wav,385682,e999759a59be06d22c63b5e317415fed34451e95bb774497ca04512c445235f6,M10,M,NEUTRAL,4,S4,T1,
6811,subesco,M_10_EVAN_S_4_NEUTRAL_2.wav,386796,116b644c676c804c4ff818abf29267552903c30704d86a8953524862d4c1f28f,M10,M,NEUTRAL,4,S4,T2,
6812,subesco,M_10_EVAN_S_4_NEUTRAL_3.wav,385682,c7974368312ea6dfb2fa7db47c397db4f215311ab89a9d352e32c15564fbaa5c,M10,M,NEUTRAL,4,S4,T3,
6813,subesco,M_10_EVAN_S_4_NEUTRAL_4.wav,385682,480f227955b4c5476d5894522857375328d00f01cfcab6e0d584d6b537ca29b1,M10,M,NEUTRAL,4,S4,T4,
6814,subesco,M_10_EVAN_S_4_NEUTRAL_5.wav,386796,40c7446627d714c9c667b3428319f0ea0273e1dfd98f1335afaf90c0691e11f9,M10,M,NEUTRAL,4,S4,T5,
6815,subesco,M_10_EVAN_S_4_SAD_1.wav,384566,83d36c8e59c24bfe076ca9fa8f66014de0aace75aac5d68c2d0b9b28ac719bb1,M10,M,SAD,5,S4,T1,
6816,subesco,M_10_EVAN_S_4_SAD_2.wav,386796,7598d56ecd4a2ae7c2d0e871097538423012903703185d8daca9fdefe908ef27,M10,M,SAD,5,S4,T2,
6817,subesco,M_10_EVAN_S_4_SAD_3.wav,386796,af296fb71fc74f61a86dc068a7e8ec9ce30e82b2040e032b0e86eaac1d3a9991,M10,M,SAD,5,S4,T3,
6818,subesco,M_10_EVAN_S_4_SAD_4.wav,386796,299fa1259129e7ceb41dcbf6192e128db6a87d88abb51260efca6443826cedce,M10,M,SAD,5,S4,T4,
6819,subesco,M_10_EVAN_S_4_SAD_5.wav,386796,1bcb85092deda98dd939780378a4d219eb077d2baa7b4ee4b923d08fe5677e06,M10,M,SAD,5,S4,T5,
6820,subesco,M_10_EVAN_S_4_SURPRISE_1.wav,385682,5b56f11c4ee06a0c609fc907d5b409d46b3685aa2e086e217c30cdf701298382,M10,M,SURPRISE,6,S4,T1,
6821,subesco,M_10_EVAN_S_4_SURPRISE_2.wav,386796,271920b4fd19a8580786d1a9f8b3cfee9d128a441b7ff49057cd4d97f4018ea8,M10,M,SURPRISE,6,S4,T2,
6822,subesco,M_10_EVAN_S_4_SURPRISE_3.wav,386796,4f228260d19c8a101b8d1f2e5e20b040e1c8cb7b1cad0e623e67da328462289d,M10,M,SURPRISE,6,S4,T3,
6823,subesco,M_10_EVAN_S_4_SURPRISE_4.wav,386796,6fa33b7a5820ff0d69d5c6ea16ad3738e4c740e074ffddba1e7da214acce8112,M10,M,SURPRISE,6,S4,T4,
6824,subesco,M_10_EVAN_S_4_SURPRISE_5.wav,385682,03a404e5d9a1222c513e22c7c721aa77f018c86774c23859cf8779ca87b76a58,M10,M,SURPRISE,6,S4,T5,
6825,subesco,M_10_EVAN_S_5_ANGRY_1.wav,385682,8cc8632280ca8905f10bb210eba86d06a74bec3610e199dbd9385c37bcd6a781,M10,M,ANGRY,0,S5,T1,
6826,subesco,M_10_EVAN_S_5_ANGRY_2.wav,386796,bee5005d400660e0339fab4a9c64b498f84474d5ccfd5d7990eef6ff6f9ddd09,M10,M,ANGRY,0,S5,T2,
6827,subesco,M_10_EVAN_S_5_ANGRY_3.wav,384566,66cedcb97951beb44498198c2d118001d633dadd660fce2141d513003ddbaca5,M10,M,ANGRY,0,S5,T3,
6828,subesco,M_10_EVAN_S_5_ANGRY_4.wav,384566,007cf8a4f13b65a1842e4e9a9caa2b5c13a59e6248416e6b5ea6d8536c64e94d,M10,M,ANGRY,0,S5,T4,
6829,subesco,M_10_EVAN_S_5_ANGRY_5.wav,386796,9588f503894f6b207e2ce1fe6d87a32574361223cbf26fba89a160c22eabd493,M10,M,ANGRY,0,S5,T5,
6830,subesco,M_10_EVAN_S_5_DISGUST_1.wav,386796,4cfdb0fb2e9d1087c06d5833063edc90d4d28020b41237ce0aca965d3d8136c2,M10,M,DISGUST,1,S5,T1,
6831,subesco,M_10_EVAN_S_5_DISGUST_2.wav,386796,c689b7a0f69e4e4689ca9cfbdc36ba61311220da7c64114659fbdb1f0bcb2db8,M10,M,DISGUST,1,S5,T2,
6832,subesco,M_10_EVAN_S_5_DISGUST_3.wav,385682,49938ecedee042d66bbcf0e8ebbc19f7cc4e75fc8a435461b495d5347551f41e,M10,M,DISGUST,1,S5,T3,
6833,subesco,M_10_EVAN_S_5_DISGUST_4.wav,386796,69d547e2ecb15f3544ce53671ad094131542a651594c77a9d6babfafa64879c4,M10,M,DISGUST,1,S5,T4,
6834,subesco,M_10_EVAN_S_5_DISGUST_5.wav,385682,929f55587e6eb3b2ac8a752907339a50217d3b9982dcc08d69427fe417a3d0a9,M10,M,DISGUST,1,S5,T5,
6835,subesco,M_10_EVAN_S_5_FEAR_1.wav,384566,65db84785d785d56f2d42eaeac22c93b173df65244a9da707c62258062a2d87a,M10,M,FEAR,2,S5,T1,
6836,subesco,M_10_EVAN_S_5_FEAR_2.wav,386796,dfdfcc1696be477917d5df5e7f9a5e74246478cd6f98aaba30b361d91ae113fb,M10,M,FEAR,2,S5,T2,
6837,subesco,M_10_EVAN_S_5_FEAR_3.wav,384566,4714fd5c141dd0af68d987274df6eaf6a8a0927c32308d94fcec492659b794e5,M10,M,FEAR,2,S5,T3,
6838,subesco,M_10_EVAN_S_5_FEAR_4.wav,384566,059b547b4f9e805314c14deadb21cb01d4aa5a30e5de8c254035c0667c80bebe,M10,M,FEAR,2,S5,T4,
6839,subesco,M_10_EVAN_S_5_FEAR_5.wav,384566,af48cf742529b8dcdd98ef9bb16574ca291d754ac2bb7384e214356ac9835331,M10,M,FEAR,2,S5,T5,
6840,subesco,M_10_EVAN_S_5_HAPPY_1.wav,386796,2f4256f1af317da0b4f32e5d8695d22edd63bdd7ee6eff62f1fa97f7adf38646,M10,M,HAPPY,3,S5,T1,
6841,subesco,M_10_EVAN_S_5_HAPPY_2.wav,385682,c668d27f81335081ee34e046d91c272d72fc9cef3499278fdee7f7ca52fef434,M10,M,HAPPY,3,S5,T2,
6842,subesco,M_10_EVAN_S_5_HAPPY_3.wav,384566,f31e964d37875f29b917a90aac218a12981a78098a9768537a65ad9ba20dbc47,M10,M,HAPPY,3,S5,T3,
6843,subesco,M_10_EVAN_S_5_HAPPY_4.wav,384566,06dc7f4acd851763cb44e20879452f3089ed21ef7318d7c5e2483bb080c33e1b,M10,M,HAPPY,3,S5,T4,
6844,subesco,M_10_EVAN_S_5_HAPPY_5.wav,386796,3c03ebce0b987c92da22cc12cb3854e825f0192aca09a4b46eb283102d2db37f,M10,M,HAPPY,3,S5,T5,
6845,subesco,M_10_EVAN_S_5_NEUTRAL_1.wav,384566,f25bc965acf8efbfff9d54eff1ea587cad61b943a294a7ef9802f09b84e27831,M10,M,NEUTRAL,4,S5,T1,
6846,subesco,M_10_EVAN_S_5_NEUTRAL_2.wav,385682,6344e8beadeff7c7cad7297b8cef475ebaff2c16809bc176e1b0694536a58023,M10,M,NEUTRAL,4,S5,T2,
6847,subesco,M_10_EVAN_S_5_NEUTRAL_3.wav,384566,06c76174c9bd4d5363f6723ec7e068e923977c4222840ef64c9d79305521fd55,M10,M,NEUTRAL,4,S5,T3,
6848,subesco,M_10_EVAN_S_5_NEUTRAL_4.wav,385682,37280d38f300757035f571964fd8201c672747ba3fb169e6e8e75678fcff65ae,M10,M,NEUTRAL,4,S5,T4,
6849,subesco,M_10_EVAN_S_5_NEUTRAL_5.wav,386796,9bfe68a05ebd0d527ef18314c36e81765300bb1aefd802d6a1b85b8079e84ea0,M10,M,NEUTRAL,4,S5,T5,
6850,subesco,M_10_EVAN_S_5_SAD_1.wav,383452,a900ad933e4d48369f863bbdf3fd92050e8b47f169f6fee9d3a9abe4730b2882,M10,M,SAD,5,S5,T1,
6851,subesco,M_10_EVAN_S_5_SAD_2.wav,386796,4fb09093b1a61044eed48f92b39977a38e4ead3eb6eaaf37e6bc122f69265972,M10,M,SAD,5,S5,T2,
6852,subesco,M_10_EVAN_S_5_SAD_3.wav,386796,1642bfcc8e724f640f247ec4e246b6db918d8278d9c23504d428fa0687f5e8e5,M10,M,SAD,5,S5,T3,
6853,subesco,M_10_EVAN_S_5_SAD_4.wav,387910,f94d71a935cb0afc3663adc25a328a09e93844b7056bd18a2003838396f4a382,M10,M,SAD,5,S5,T4,
6854,subesco,M_10_EVAN_S_5_SAD_5.wav,385682,babe276aa4fd7ac5f3c28a132f0f5f20567e73b2c1a5968084f776f7a979b98d,M10,M,SAD,5,S5,T5,
6855,subesco,M_10_EVAN_S_5_SURPRISE_1.wav,386796,648c93dd80cae38a9be7019d117c81d6bfeef46ef6eafb99653933e150ea0bdf,M10,M,SURPRISE,6,S5,T1,
6856,subesco,M_10_EVAN_S_5_SURPRISE_2.wav,385682,de7032cece049c1aba44407eb07336198a99646468f955d358ee194fda7ffe1a,M10,M,SURPRISE,6,S5,T2,
6857,subesco,M_10_EVAN_S_5_SURPRISE_3.wav,384566,1f91588a1b9fc82df709c3ccd1a04a8bf68a5c717c5918de84259f8122098162,M10,M,SURPRISE,6,S5,T3,
6858,subesco,M_10_EVAN_S_5_SURPRISE_4.wav,386796,1a46bb28ec2752ba7b01e035d3d08469f2f0a244600045aa3411f4de89b6a87f,M10,M,SURPRISE,6,S5,T4,
6859,subesco,M_10_EVAN_S_5_SURPRISE_5.wav,385682,377012c269ad4821f11f0ff8c106a6c1417d325da2d318d03fb0ba4f0b104984,M10,M,SURPRISE,6,S5,T5,
6860,subesco,M_10_EVAN_S_6_ANGRY_1.wav,385682,cd939f5b0a2728c335ec5e91f69931972692ba1eabf0c12f2adf3dfc131164a1,M10,M,ANGRY,0,S6,T1,
6861,subesco,M_10_EVAN_S_6_ANGRY_2.wav,385682,b53617d6211e1e8705723c0e374348cb504e21697ac1cd60af02041e9abdc32b,M10,M,ANGRY,0,S6,T2,
6862,subesco,M_10_EVAN_S_6_ANGRY_3.wav,386796,9a77114c5691aac0b1d60f0bfba01ae9c577169bf4f3b08298f338519c5c9379,M10,M,ANGRY,0,S6,T3,
6863,subesco,M_10_EVAN_S_6_ANGRY_4.wav,384566,615366089cec35a7907ead1cf40f9722c22011bc52ff8d7989729581d6d61a40,M10,M,ANGRY,0,S6,T4,
6864,subesco,M_10_EVAN_S_6_ANGRY_5.wav,385682,84f70f85b20a1a5445b4bcdd93aec78f4f0848ab67e03acdb8ee3125fcd301d4,M10,M,ANGRY,0,S6,T5,
6865,subesco,M_10_EVAN_S_6_DISGUST_1.wav,386796,91ec40f4f8c69612fbe5549247610b3c79b1296687e312f1c8c18cfd4f73ab96,M10,M,DISGUST,1,S6,T1,
6866,subesco,M_10_EVAN_S_6_DISGUST_2.wav,385682,6050f3f00187793898757c487d466ff4c04ccd5c7141f52a04ba4405d0ea0e54,M10,M,DISGUST,1,S6,T2,
6867,subesco,M_10_EVAN_S_6_DISGUST_3.wav,386796,9b99d089196cb052326b8a8bced3879e6809e1cd98531161185cb8a483cf7fde,M10,M,DISGUST,1,S6,T3,
6868,subesco,M_10_EVAN_S_6_DISGUST_4.wav,386796,a067250728d2b2cb2dc1bc3e0e240b24b4b53695d72b95cd87bf9cee247e5ca2,M10,M,DISGUST,1,S6,T4,
6869,subesco,M_10_EVAN_S_6_DISGUST_5.wav,386796,fb7728932f9545ad673578e8d38ba60bfe899ca9895c980b652ab01ca5ba136e,M10,M,DISGUST,1,S6,T5,
6870,subesco,M_10_EVAN_S_6_FEAR_1.wav,384566,2a46303100115a2801e08a1343b08049eaa4360c955139900551632be5a5a2ad,M10,M,FEAR,2,S6,T1,
6871,subesco,M_10_EVAN_S_6_FEAR_2.wav,385682,70791dedc7bb51839270ae2863f56b322fe264aa85692de8fab376c536b4da2a,M10,M,FEAR,2,S6,T2,
6872,subesco,M_10_EVAN_S_6_FEAR_3.wav,386796,25bf8a29c2df5776ee6611bb42d1ca222a59c1464526f5eaee18442923057dc7,M10,M,FEAR,2,S6,T3,
6873,subesco,M_10_EVAN_S_6_FEAR_4.wav,384566,580148516164ee188d4fecced36e0cbcaba3d146ad6ef86a3e4b1abab450f54e,M10,M,FEAR,2,S6,T4,
6874,subesco,M_10_EVAN_S_6_FEAR_5.wav,386796,669cd47c50fb7f32c137f83527a518a14ea1130cba45537b51853e6f67eea434,M10,M,FEAR,2,S6,T5,
6875,subesco,M_10_EVAN_S_6_HAPPY_1.wav,384566,f3a05af8aa4cab6370591015085b1134d23ec35a810e3c5962b8dc318d5eb529,M10,M,HAPPY,3,S6,T1,
6876,subesco,M_10_EVAN_S_6_HAPPY_2.wav,386796,74fdc730582416400b2064b553d923fe14fd9a02f980fc7e0da4785a669b28b9,M10,M,HAPPY,3,S6,T2,
6877,subesco,M_10_EVAN_S_6_HAPPY_3.wav,385682,778275842a0514c560d456f5cb28157e601bfa85f99e2d9ef6c88f9f37eb1d38,M10,M,HAPPY,3,S6,T3,
6878,subesco,M_10_EVAN_S_6_HAPPY_4.wav,386796,5051bef30d0b9961c88c76ae1cd4064085da8c3c05825c08c1a634e680c53e21,M10,M,HAPPY,3,S6,T4,
6879,subesco,M_10_EVAN_S_6_HAPPY_5.wav,387910,ebb2c4099006a74f4ed94b35800ae92e5c8e0341a906c650f0e33a030422e680,M10,M,HAPPY,3,S6,T5,
6880,subesco,M_10_EVAN_S_6_NEUTRAL_1.wav,386796,044e050732483bc49494f06999f0e390143c61f3d786119aa24d4e2a471168eb,M10,M,NEUTRAL,4,S6,T1,
6881,subesco,M_10_EVAN_S_6_NEUTRAL_2.wav,386796,388eda8c7612cda3ae7ee3a110f980fa79b9c9a3bef22ccc74f00c11debafb48,M10,M,NEUTRAL,4,S6,T2,
6882,subesco,M_10_EVAN_S_6_NEUTRAL_3.wav,385682,678648e1fc2d7297515ac298c8d2f9e772b3b2444622ee551fa7b59b9f5a6ed5,M10,M,NEUTRAL,4,S6,T3,
6883,subesco,M_10_EVAN_S_6_NEUTRAL_4.wav,386796,a1a1208ac9fbb07b08838dface7b272770633bdd79f0c467b44e9a60f44dccbd,M10,M,NEUTRAL,4,S6,T4,
6884,subesco,M_10_EVAN_S_6_NEUTRAL_5.wav,386796,634ed5ac9811d352bb22c380048c4640bc844af1dca0bf75974f765e12a207ff,M10,M,NEUTRAL,4,S6,T5,
6885,subesco,M_10_EVAN_S_6_SAD_1.wav,386796,86786895eab1fa89ca5dd8e790a62dcbcf939a44bbfb2901fd97cdaf17a94201,M10,M,SAD,5,S6,T1,
6886,subesco,M_10_EVAN_S_6_SAD_2.wav,386796,d5b115f6d48f71762a6e17f53557c49d243c16d95f368a1715a9d5b0990288f8,M10,M,SAD,5,S6,T2,
6887,subesco,M_10_EVAN_S_6_SAD_3.wav,386796,09f1f469e40d9092e193b5a8132eb062c28751c25fd6bad8e49b44463cd29c7f,M10,M,SAD,5,S6,T3,
6888,subesco,M_10_EVAN_S_6_SAD_4.wav,386796,bda9485d0eb02a3ec1af43f298b4018589b53cc95aa774bdf5f03564c5ce28b0,M10,M,SAD,5,S6,T4,
6889,subesco,M_10_EVAN_S_6_SAD_5.wav,384566,00a1e45d33f3f8836011ac7772af423f7e9af6650c576970f8a84d9fa8606f32,M10,M,SAD,5,S6,T5,
6890,subesco,M_10_EVAN_S_6_SURPRISE_1.wav,386796,bf23567c878db85d1ab3ca39cc0393ae49dc59d4660ed93387b8a5306346f467,M10,M,SURPRISE,6,S6,T1,
6891,subesco,M_10_EVAN_S_6_SURPRISE_2.wav,385682,859043fdec128a59b8c97d2c422bddc7b530613fb3d8e1f1f2558d6ed95914ab,M10,M,SURPRISE,6,S6,T2,
6892,subesco,M_10_EVAN_S_6_SURPRISE_3.wav,386796,f6ba6f298056a22c5b19318e0e93006181191d091209fcc80b83bc0b2973ff5f,M10,M,SURPRISE,6,S6,T3,
6893,subesco,M_10_EVAN_S_6_SURPRISE_4.wav,385682,d34adf4bb91368ccd32b5f66a440ed1464677f8ac2322e43e07f701756a6f671,M10,M,SURPRISE,6,S6,T4,
6894,subesco,M_10_EVAN_S_6_SURPRISE_5.wav,385682,3898c0117c99f841fd3b5b10027e768e5820d7d7d9cd6f70dd7f4aaf19ea7797,M10,M,SURPRISE,6,S6,T5,
6895,subesco,M_10_EVAN_S_7_ANGRY_1.wav,385682,f6a6c4f99751c5f659a3dc9ab88341698a55656ee21769055092fcd83d928dc1,M10,M,ANGRY,0,S7,T1,
6896,subesco,M_10_EVAN_S_7_ANGRY_2.wav,384566,ce9c5a372b47e0ac1bb89037d7857a1f3f4da0b725eaa43f7a4b061fb671c78c,M10,M,ANGRY,0,S7,T2,
6897,subesco,M_10_EVAN_S_7_ANGRY_3.wav,385682,4c3e4377655ac4140161f7b5edf5b03c033336e7bf5f49daff593db2650060a2,M10,M,ANGRY,0,S7,T3,
6898,subesco,M_10_EVAN_S_7_ANGRY_4.wav,386796,55327b2042c85dbf83be3696fa3d6850954d72eba30f9dbceab99960efd7f16d,M10,M,ANGRY,0,S7,T4,
6899,subesco,M_10_EVAN_S_7_ANGRY_5.wav,384566,b6deffdeb5b08308bd26b959c4ebe760d35b78e493fa2090cf2106e4e44c576a,M10,M,ANGRY,0,S7,T5,
6900,subesco,M_10_EVAN_S_7_DISGUST_1.wav,385682,195871b394aa703932afe6f7b017a6fa8d330b30f9e9ffad7ccc08f9ffc296d5,M10,M,DISGUST,1,S7,T1,
6901,subesco,M_10_EVAN_S_7_DISGUST_2.wav,385682,955a5d97f1b861033dd28bb7cee65192c0dbacfc0c3669ea08b90592b4a2007f,M10,M,DISGUST,1,S7,T2,
6902,subesco,M_10_EVAN_S_7_DISGUST_3.wav,386796,08d07677281f24fdd8b2d723c46301cf133c5c36240d363840dfbdf90923dab4,M10,M,DISGUST,1,S7,T3,
6903,subesco,M_10_EVAN_S_7_DISGUST_4.wav,386796,fc6fe60de33892b0073d0aeffc0723f6d0f6f3bf206fb908f1fef246f2707ac1,M10,M,DISGUST,1,S7,T4,
6904,subesco,M_10_EVAN_S_7_DISGUST_5.wav,385682,d32305cf20cfbe739b62147cf14ddf974846a51d8b6908981ef63e246285f49a,M10,M,DISGUST,1,S7,T5,
6905,subesco,M_10_EVAN_S_7_FEAR_1.wav,386796,33c26b2c319be017e59414db9f2fe74521caca32fcaf51c35886716e6bf5692f,M10,M,FEAR,2,S7,T1,
6906,subesco,M_10_EVAN_S_7_FEAR_2.wav,385682,e408a3a7de3afc6025601e79beb9e12c9b1f8ea3415e5431d6434d5a7049a08d,M10,M,FEAR,2,S7,T2,
6907,subesco,M_10_EVAN_S_7_FEAR_3.wav,384566,ae4c871eff5deba8be8751aa92f650399d1d5903b0771f253003f52ff1177321,M10,M,FEAR,2,S7,T3,
6908,subesco,M_10_EVAN_S_7_FEAR_4.wav,385682,f69db4c3a9d43db7df06262f6ab7a1ee3c45cc2491ef71b54ea86151fb092c8d,M10,M,FEAR,2,S7,T4,
6909,subesco,M_10_EVAN_S_7_FEAR_5.wav,385682,fb46432bfaaa0f0bb505152ee72a81b9f0b1ad63fa41e5c9b173be042a85fbd7,M10,M,FEAR,2,S7,T5,
6910,subesco,M_10_EVAN_S_7_HAPPY_1.wav,385682,9f5be20b3a029647a52d34c734ddeb556513500ca5c056071b2e45b67ea60e56,M10,M,HAPPY,3,S7,T1,
6911,subesco,M_10_EVAN_S_7_HAPPY_2.wav,386796,b209599a2512782274d03dac7f2b4812ac68c3380232d407f620f0a9f3cdb732,M10,M,HAPPY,3,S7,T2,
6912,subesco,M_10_EVAN_S_7_HAPPY_3.wav,386796,31e9cac256613a782f2fbb4031c2a9439831fcf1d1355a1ad775ad0ffe0df8ee,M10,M,HAPPY,3,S7,T3,
6913,subesco,M_10_EVAN_S_7_HAPPY_4.wav,385682,7c4cf29bb9924d227904123ff069ccd66d31ba26584f329dcc31aef286ec0915,M10,M,HAPPY,3,S7,T4,
6914,subesco,M_10_EVAN_S_7_HAPPY_5.wav,385682,a57295b4ca1e5f113005c00f25173c192fdb54bedc0e901c99f5d9b2b8fe422a,M10,M,HAPPY,3,S7,T5,
6915,subesco,M_10_EVAN_S_7_NEUTRAL_1.wav,384566,8f2ca148aa1ecedb88a19114590b47c63490ebe366fdc4e1fd0f1b3c991be024,M10,M,NEUTRAL,4,S7,T1,
6916,subesco,M_10_EVAN_S_7_NEUTRAL_2.wav,386796,d0faaf0fc7c149142f50052dd1d1fa9311f648a4cc9ab3c1107110ba3b45a843,M10,M,NEUTRAL,4,S7,T2,
6917,subesco,M_10_EVAN_S_7_NEUTRAL_3.wav,386796,8971c47210bc95b2ced68175ad5c03a69fd2364d9beac8c2ec838cee840b3c5e,M10,M,NEUTRAL,4,S7,T3,
6918,subesco,M_10_EVAN_S_7_NEUTRAL_4.wav,386796,96b8c74dc81e839d6be32af44d29f013b27acea1b988cf0fe8756ddaa73422f9,M10,M,NEUTRAL,4,S7,T4,
6919,subesco,M_10_EVAN_S_7_NEUTRAL_5.wav,386796,d5d8792808f4a202f14a373d81b51d5a3473d3bd133bfcfee95e50329fa9d9c2,M10,M,NEUTRAL,4,S7,T5,
6920,subesco,M_10_EVAN_S_7_SAD_1.wav,387910,df570c1199574e9f359694450b97aca1d9e6d6fbe53321463c7acffce61af2e5,M10,M,SAD,5,S7,T1,
6921,subesco,M_10_EVAN_S_7_SAD_2.wav,386796,d4635a02e35eae53d7c3ff8ec89f39c284bdfffbe7b927dd08f2dd85db27de06,M10,M,SAD,5,S7,T2,
6922,subesco,M_10_EVAN_S_7_SAD_3.wav,386796,f515e1fb5b8fd171aea205e65d37f378fe032a825e86e59765f689e0a931eb8d,M10,M,SAD,5,S7,T3,
6923,subesco,M_10_EVAN_S_7_SAD_4.wav,384566,3c9b32b73d74a41579d0de152a4db289ad3ae5dc42b38f14a06af971a15cfb77,M10,M,SAD,5,S7,T4,
6924,subesco,M_10_EVAN_S_7_SAD_5.wav,384566,d81b06b6e3ae0d720c408e0995812eaa1593b6168eed0659ea210a47be496443,M10,M,SAD,5,S7,T5,
6925,subesco,M_10_EVAN_S_7_SURPRISE_1.wav,383452,f81f8ffbd3e595ca9cb9348a28427e05f5aff4b3327c7d60da472adbc2a62cf7,M10,M,SURPRISE,6,S7,T1,
6926,subesco,M_10_EVAN_S_7_SURPRISE_2.wav,386796,c97b8ba7e5724e9a319fb882810000b07a017ae0c8e587b198abba99a3173a18,M10,M,SURPRISE,6,S7,T2,
6927,subesco,M_10_EVAN_S_7_SURPRISE_3.wav,384566,881c6eed00aa3210ee868a77c71c846b7b44c6b74718614dd163558ca06afff1,M10,M,SURPRISE,6,S7,T3,
6928,subesco,M_10_EVAN_S_7_SURPRISE_4.wav,386796,5eb50e84cc249d366bb1ac26c7fab34628fcf0a636960f77eb28272bb5a31870,M10,M,SURPRISE,6,S7,T4,
6929,subesco,M_10_EVAN_S_7_SURPRISE_5.wav,385682,bd7e0242c0f45279a1a52dc5215fc930d3b9735e241cf18fb0021ad308b9c522,M10,M,SURPRISE,6,S7,T5,
6930,subesco,M_10_EVAN_S_8_ANGRY_1.wav,386796,5c8ff5e1153d89dbcaa317bcc4ad7fdb855ad94170b2d569830a6968a797d54a,M10,M,ANGRY,0,S8,T1,
6931,subesco,M_10_EVAN_S_8_ANGRY_2.wav,386796,f8f3e099ad4deee733b0df5b806290fcc24b487c72783d5ae935f350e2801c03,M10,M,ANGRY,0,S8,T2,
6932,subesco,M_10_EVAN_S_8_ANGRY_3.wav,386796,8b292c127a6fad254cfa8ff8aaa72db0a7404a3d1e61acba5522f5a1eb135a6c,M10,M,ANGRY,0,S8,T3,
6933,subesco,M_10_EVAN_S_8_ANGRY_4.wav,385682,b80a95eec2b35e8c6a173c35c791c92c052500f8d041b97c20d9cc3afc3a2019,M10,M,ANGRY,0,S8,T4,
6934,subesco,M_10_EVAN_S_8_ANGRY_5.wav,385682,3c49232295899a399d9f95f892b9361933aef4766c71353ff043e730aa377cdc,M10,M,ANGRY,0,S8,T5,
6935,subesco,M_10_EVAN_S_8_DISGUST_1.wav,385682,2d2247f21952f45a96b596a76bd7c1794838706be2bfb5b13741ed33f2464c7f,M10,M,DISGUST,1,S8,T1,
6936,subesco,M_10_EVAN_S_8_DISGUST_2.wav,385682,a25389a910fd34de8b3989efb7cb7e7469335053055cd9202596a0bcf59befd7,M10,M,DISGUST,1,S8,T2,
6937,subesco,M_10_EVAN_S_8_DISGUST_3.wav,386796,2ef658173f2a019039b16076bcc04dffc76cb7c5773e0ecd95582980442ef970,M10,M,DISGUST,1,S8,T3,
6938,subesco,M_10_EVAN_S_8_DISGUST_4.wav,385682,09f9e6b527a607d5a7764b5a4383d0542981c4aeb46b738474660b53b0381ec6,M10,M,DISGUST,1,S8,T4,
6939,subesco,M_10_EVAN_S_8_DISGUST_5.wav,385682,f684364b782625076f113e17526ececdc1f5acb03f73f13e6f5ae109f3ccc593,M10,M,DISGUST,1,S8,T5,
6940,subesco,M_10_EVAN_S_8_FEAR_1.wav,386796,47eb610d70d4799834251e8cb20ebb7a543e2c33d7855c1c09fb3806dc974d53,M10,M,FEAR,2,S8,T1,
6941,subesco,M_10_EVAN_S_8_FEAR_2.wav,386796,4ae7087f4750ea634528a490c85c253cbf6740ffcca03b13e4d17709b6bb9020,M10,M,FEAR,2,S8,T2,
6942,subesco,M_10_EVAN_S_8_FEAR_3.wav,385682,5bec3b457509744908a9ee7d29ebb8d76659693c0e54ad4189a83741cb03ebdf,M10,M,FEAR,2,S8,T3,
6943,subesco,M_10_EVAN_S_8_FEAR_4.wav,386796,2a641c126ce7b79374614d0fc43c9a1c0db241f92074d9dace2749a792977de4,M10,M,FEAR,2,S8,T4,
6944,subesco,M_10_EVAN_S_8_FEAR_5.wav,386796,e74dcc7e1dc7992c1fa6def7f69efc960acb88c7fa60615ae46ea9eb00563b0e,M10,M,FEAR,2,S8,T5,
6945,subesco,M_10_EVAN_S_8_HAPPY_1.wav,386796,c042d8be73e05639e168e553d2dd057cdae3abe5641f8682da130b56f1e2c1f9,M10,M,HAPPY,3,S8,T1,
6946,subesco,M_10_EVAN_S_8_HAPPY_2.wav,385682,6a838a9eea2055953a718cd6a9af9fb52f24547ccaa02614246e40e91229425b,M10,M,HAPPY,3,S8,T2,
6947,subesco,M_10_EVAN_S_8_HAPPY_3.wav,386796,a420bdcc6934d8782b500fcfa70989836310f101ca58a1f506b247f738b8dc43,M10,M,HAPPY,3,S8,T3,
6948,subesco,M_10_EVAN_S_8_HAPPY_4.wav,385682,3cb39581eeb8738b4a1f8e8e139ee2bcab5f95ddb442bdac9c43e937f0bb0a9d,M10,M,HAPPY,3,S8,T4,
6949,subesco,M_10_EVAN_S_8_HAPPY_5.wav,386796,bcf8a66b07ba1a4937d3573f6de17a9af740afeba5492281f952b7ab808bb046,M10,M,HAPPY,3,S8,T5,
6950,subesco,M_10_EVAN_S_8_NEUTRAL_1.wav,386796,71ff32dae48301d47e604454f15c1b8aa0c8a8815ad95f424dba90bf16a63bc7,M10,M,NEUTRAL,4,S8,T1,
6951,subesco,M_10_EVAN_S_8_NEUTRAL_2.wav,385682,a439cb94865a980fc6eeb838197ddbffb579cc8a6430552b211b1a70931954cc,M10,M,NEUTRAL,4,S8,T2,
6952,subesco,M_10_EVAN_S_8_NEUTRAL_3.wav,384566,4b97988bf30af4a88f87c8e6d2326b9b3c69268744af3c91060d90aff8d224f4,M10,M,NEUTRAL,4,S8,T3,
6953,subesco,M_10_EVAN_S_8_NEUTRAL_4.wav,384566,f8367813521ff4a6f9ecc982c911fa8bb1a7098c8bd2db2e12a825cd07978923,M10,M,NEUTRAL,4,S8,T4,
6954,subesco,M_10_EVAN_S_8_NEUTRAL_5.wav,389024,47343298815f6d67c5138d9d58a511db691d7f9ed0ab700798125128cd53b4d2,M10,M,NEUTRAL,4,S8,T5,
6955,subesco,M_10_EVAN_S_8_SAD_1.wav,386796,68170f3172a0cca9d5fb7edcc529e7429cfc7c559fc1581c9567021e8ae8ead6,M10,M,SAD,5,S8,T1,
6956,subesco,M_10_EVAN_S_8_SAD_2.wav,385682,427be8414a63df24c49adaac4a5521eb1ab9ef0841c45f4b561ff8561e864551,M10,M,SAD,5,S8,T2,
6957,subesco,M_10_EVAN_S_8_SAD_3.wav,386796,cba8f1116c88286dbca7f142dd51136f85368b23bd99a93f22e57168b3b2acee,M10,M,SAD,5,S8,T3,
6958,subesco,M_10_EVAN_S_8_SAD_4.wav,384566,34b4d9087d329a1fba020ecb4b645fd58061a34e460804525edee1f332a88d91,M10,M,SAD,5,S8,T4,
6959,subesco,M_10_EVAN_S_8_SAD_5.wav,386796,d6343bf3a2250decd9191876b4f9669cdcddd97088a3f003a4bea2d1eb99adcc,M10,M,SAD,5,S8,T5,
6960,subesco,M_10_EVAN_S_8_SURPRISE_1.wav,386796,f24e2c81ade926ae01448125e40d572925f8aaf74880970c08ff1bd8aec723bd,M10,M,SURPRISE,6,S8,T1,
6961,subesco,M_10_EVAN_S_8_SURPRISE_2.wav,386796,20565c35843fbc55d7a123af242036402024632ddf764a5fab57baad8fcddf86,M10,M,SURPRISE,6,S8,T2,
6962,subesco,M_10_EVAN_S_8_SURPRISE_3.wav,386796,4fa31fa6a10b0043c6fd4f61457ba889d4a902f4bd94377af55c7c2894a1d4d1,M10,M,SURPRISE,6,S8,T3,
6963,subesco,M_10_EVAN_S_8_SURPRISE_4.wav,385682,450f841bf21d099176308c8814d9e569f90c338dbc54ce625a3a84944265d37c,M10,M,SURPRISE,6,S8,T4,
6964,subesco,M_10_EVAN_S_8_SURPRISE_5.wav,385682,d242fdce6dbcaf536adf28a01e18a5718940c89f073cc45437e051940823f5c6,M10,M,SURPRISE,6,S8,T5,
6965,subesco,M_10_EVAN_S_9_ANGRY_1.wav,385682,f86fcd66b8e4c127f8019bd06dd63b8703a64554a5480a32cb0f55b22ebbf2f0,M10,M,ANGRY,0,S9,T1,
6966,subesco,M_10_EVAN_S_9_ANGRY_2.wav,384566,10503c226e93000a36fdaee4e5f0c8f53939065177c5e20c8fa507d703c07572,M10,M,ANGRY,0,S9,T2,
6967,subesco,M_10_EVAN_S_9_ANGRY_3.wav,385682,a857e8bf0dece2c77448909862a564df9932c905bd77da73f889fc02481ab249,M10,M,ANGRY,0,S9,T3,
6968,subesco,M_10_EVAN_S_9_ANGRY_4.wav,385682,9251b518899fe99ba74bfb30d6ed591887ddd71ebaaa2b184addd3c608b377e0,M10,M,ANGRY,0,S9,T4,
6969,subesco,M_10_EVAN_S_9_ANGRY_5.wav,385682,8fa5d3244545ad356c9359a8856cad43ce4f1f85fb91132ee14faf5fd36f2ea2,M10,M,ANGRY,0,S9,T5,
6970,subesco,M_10_EVAN_S_9_DISGUST_1.wav,386796,d8173f8fb410649f1cef5a3c3d27c652110e29e9af81761bca70a5b06b995f1d,M10,M,DISGUST,1,S9,T1,
6971,subesco,M_10_EVAN_S_9_DISGUST_2.wav,386796,76d4cb4cbd45338f95839cec15f4588ea271d0776cbdd06155a2ab0d7bd4c210,M10,M,DISGUST,1,S9,T2,
6972,subesco,M_10_EVAN_S_9_DISGUST_3.wav,386796,f48f2e07a9bc14a8acfd39c4f81ef3685346b83b5bcaff06ed51eb58bcf9a408,M10,M,DISGUST,1,S9,T3,
6973,subesco,M_10_EVAN_S_9_DISGUST_4.wav,386796,1be96a302f50e1c454c135bef16f9c056cb460bf60391b1dcf9845df92fb3846,M10,M,DISGUST,1,S9,T4,
6974,subesco,M_10_EVAN_S_9_DISGUST_5.wav,386796,0e74895fe45858d8b6ddb1924f54db83de182a1c39c6ff4765e5cc64d6490b6a,M10,M,DISGUST,1,S9,T5,
6975,subesco,M_10_EVAN_S_9_FEAR_1.wav,386796,7c03a32754f38c2c03c59d994ac4a1f5d41b174a0e4afecbde1f3cc82b2e01c7,M10,M,FEAR,2,S9,T1,
6976,subesco,M_10_EVAN_S_9_FEAR_2.wav,383452,17f714b4e3b6740db75e861f8f7fc3ec3cb1f68804c8be3c95d8fa626b2299ab,M10,M,FEAR,2,S9,T2,
6977,subesco,M_10_EVAN_S_9_FEAR_3.wav,386796,a55ed2a362c5a0083e9cc901358e25a496971c4cc214b3f796e649bb3b5f9aef,M10,M,FEAR,2,S9,T3,
6978,subesco,M_10_EVAN_S_9_FEAR_4.wav,386796,975baea98b0167ab5c7500883ffc92bbce2a200e64cebf5f1231c6eb4e7fd4f9,M10,M,FEAR,2,S9,T4,
6979,subesco,M_10_EVAN_S_9_FEAR_5.wav,384566,afb0fcaab9a0e90bd51467bd376c8e53de0826bd5ebdd5dd05ffff166b52e348,M10,M,FEAR,2,S9,T5,
6980,subesco,M_10_EVAN_S_9_HAPPY_1.wav,386796,f8cab463ac130304c3528638706370c8e904f370507071cf4511871d3ac59195,M10,M,HAPPY,3,S9,T1,
6981,subesco,M_10_EVAN_S_9_HAPPY_2.wav,386796,8fbded2f19e9086ce2b153e200ce49c7955d7979e4eed29b773c93c2ac1e419d,M10,M,HAPPY,3,S9,T2,
6982,subesco,M_10_EVAN_S_9_HAPPY_3.wav,386796,3385411bf899d697fb124f217339a2a124f049967626a8346ae31baf111137c4,M10,M,HAPPY,3,S9,T3,
6983,subesco,M_10_EVAN_S_9_HAPPY_4.wav,386796,2c4797ae3ad2758886030e8590ebc8df252c7af4eb18fc142715d81f7712b88e,M10,M,HAPPY,3,S9,T4,
6984,subesco,M_10_EVAN_S_9_HAPPY_5.wav,386796,8a6dbc9db06dc29ed75ee0873be8fb3cb37977e54d4353d66e98f409b52502b2,M10,M,HAPPY,3,S9,T5,
6985,subesco,M_10_EVAN_S_9_NEUTRAL_1.wav,385682,04848347175a0dcb5443f95904647881b04493cb523129d628e0110e57e5c2e2,M10,M,NEUTRAL,4,S9,T1,
6986,subesco,M_10_EVAN_S_9_NEUTRAL_2.wav,386796,2d1b092274dbc7b6c12dff3e83a61479922227a53332372f6fa883c550d0b394,M10,M,NEUTRAL,4,S9,T2,
6987,subesco,M_10_EVAN_S_9_NEUTRAL_3.wav,384566,14f12fc8faa14d20242d771e80494214d3eb7394d3bce38ff51b8bdec8ae8828,M10,M,NEUTRAL,4,S9,T3,
6988,subesco,M_10_EVAN_S_9_NEUTRAL_4.wav,386796,2253a95b2f068a105d966e9489722da924421deb212bc22e2b3ac0f1c4d1c37b,M10,M,NEUTRAL,4,S9,T4,
6989,subesco,M_10_EVAN_S_9_NEUTRAL_5.wav,385682,0cbe155863d7b9d8933833568315e7d85440fa41de8da007786c3ef275f01f8d,M10,M,NEUTRAL,4,S9,T5,
6990,subesco,M_10_EVAN_S_9_SAD_1.wav,386796,3822a99756517df4ac6a64357a35c1a4c84e6713adcf049d863d14fcbc05d0e7,M10,M,SAD,5,S9,T1,
6991,subesco,M_10_EVAN_S_9_SAD_2.wav,385682,5f3d3f039ac17c25f87ad5aaf1ca5b3eec137a136331f9773d15dcf5c687dd10,M10,M,SAD,5,S9,T2,
6992,subesco,M_10_EVAN_S_9_SAD_3.wav,385682,1b1862d1a2f328c11d8796229743c39f260c974d45322c7978213abaa3878ea0,M10,M,SAD,5,S9,T3,
6993,subesco,M_10_EVAN_S_9_SAD_4.wav,385682,e1a7b13c782ab77071391df880571b4095a339e67340f4c095423f30ef74378e,M10,M,SAD,5,S9,T4,
6994,subesco,M_10_EVAN_S_9_SAD_5.wav,385682,df12cbc37903e4265a6aef953740baa6ada20daf7b40929ab074253526b86650,M10,M,SAD,5,S9,T5,
6995,subesco,M_10_EVAN_S_9_SURPRISE_1.wav,384566,cbba88167082598e96489f40538effebc41dae2be95c70f6a97875482deb8cb8,M10,M,SURPRISE,6,S9,T1,
6996,subesco,M_10_EVAN_S_9_SURPRISE_2.wav,385682,fb4b908c350c31a85074a9c6893d8c81f5df465576d6c1ead42e43061ce47224,M10,M,SURPRISE,6,S9,T2,
6997,subesco,M_10_EVAN_S_9_SURPRISE_3.wav,386796,18f90f0babe170041be40b2f8ca8871afa5104e5b50ae61097fa949036e07d72,M10,M,SURPRISE,6,S9,T3,
6998,subesco,M_10_EVAN_S_9_SURPRISE_4.wav,385682,f2406620c6076542dddf583412865e93c7be19f35ecb525b16f42601d78d0644,M10,M,SURPRISE,6,S9,T4,
6999,subesco,M_10_EVAN_S_9_SURPRISE_5.wav,386796,ea966170c72e0e74718c82f27325cad673bfac021a69840cb9afe565619c2a4e,M10,M,SURPRISE,6,S9,T5,
