sequence,unit_id,corpus,model,protocol,seed,outer_fold,status
1,ravdess__cnn__random__s0__f000,ravdess,cnn,random,0,0,success
2,ravdess__cnn__random__s0__f001,ravdess,cnn,random,0,1,success
3,ravdess__cnn__random__s0__f002,ravdess,cnn,random,0,2,success
4,ravdess__cnn__random__s0__f003,ravdess,cnn,random,0,3,success
5,ravdess__cnn__random__s0__f004,ravdess,cnn,random,0,4,success
6,ravdess__cnn__random__s1__f000,ravdess,cnn,random,1,0,success
7,ravdess__cnn__random__s1__f001,ravdess,cnn,random,1,1,success
8,ravdess__cnn__random__s1__f002,ravdess,cnn,random,1,2,success
9,ravdess__cnn__random__s1__f003,ravdess,cnn,random,1,3,success
10,ravdess__cnn__random__s1__f004,ravdess,cnn,random,1,4,success
11,ravdess__cnn__random__s2__f000,ravdess,cnn,random,2,0,success
12,ravdess__cnn__random__s2__f001,ravdess,cnn,random,2,1,success
13,ravdess__cnn__random__s2__f002,ravdess,cnn,random,2,2,success
14,ravdess__cnn__random__s2__f003,ravdess,cnn,random,2,3,success
15,ravdess__cnn__random__s2__f004,ravdess,cnn,random,2,4,success
16,ravdess__cnn__groupkfold__s0__f000,ravdess,cnn,groupkfold,0,0,success
17,ravdess__cnn__groupkfold__s0__f001,ravdess,cnn,groupkfold,0,1,success
18,ravdess__cnn__groupkfold__s0__f002,ravdess,cnn,groupkfold,0,2,success
19,ravdess__cnn__groupkfold__s0__f003,ravdess,cnn,groupkfold,0,3,success
20,ravdess__cnn__groupkfold__s0__f004,ravdess,cnn,groupkfold,0,4,success
21,ravdess__cnn__groupkfold__s1__f000,ravdess,cnn,groupkfold,1,0,success
22,ravdess__cnn__groupkfold__s1__f001,ravdess,cnn,groupkfold,1,1,success
23,ravdess__cnn__groupkfold__s1__f002,ravdess,cnn,groupkfold,1,2,success
24,ravdess__cnn__groupkfold__s1__f003,ravdess,cnn,groupkfold,1,3,success
25,ravdess__cnn__groupkfold__s1__f004,ravdess,cnn,groupkfold,1,4,success
26,ravdess__cnn__groupkfold__s2__f000,ravdess,cnn,groupkfold,2,0,success
27,ravdess__cnn__groupkfold__s2__f001,ravdess,cnn,groupkfold,2,1,success
28,ravdess__cnn__groupkfold__s2__f002,ravdess,cnn,groupkfold,2,2,success
29,ravdess__cnn__groupkfold__s2__f003,ravdess,cnn,groupkfold,2,3,success
30,ravdess__cnn__groupkfold__s2__f004,ravdess,cnn,groupkfold,2,4,success
31,ravdess__cnn__loso__s0__f000,ravdess,cnn,loso,0,0,success
32,ravdess__cnn__loso__s0__f001,ravdess,cnn,loso,0,1,success
33,ravdess__cnn__loso__s0__f002,ravdess,cnn,loso,0,2,success
34,ravdess__cnn__loso__s0__f003,ravdess,cnn,loso,0,3,success
35,ravdess__cnn__loso__s0__f004,ravdess,cnn,loso,0,4,success
36,ravdess__cnn__loso__s0__f005,ravdess,cnn,loso,0,5,success
37,ravdess__cnn__loso__s0__f006,ravdess,cnn,loso,0,6,success
38,ravdess__cnn__loso__s0__f007,ravdess,cnn,loso,0,7,success
39,ravdess__cnn__loso__s0__f008,ravdess,cnn,loso,0,8,success
40,ravdess__cnn__loso__s0__f009,ravdess,cnn,loso,0,9,success
41,ravdess__cnn__loso__s0__f010,ravdess,cnn,loso,0,10,success
42,ravdess__cnn__loso__s0__f011,ravdess,cnn,loso,0,11,success
43,ravdess__cnn__loso__s0__f012,ravdess,cnn,loso,0,12,success
44,ravdess__cnn__loso__s0__f013,ravdess,cnn,loso,0,13,success
45,ravdess__cnn__loso__s0__f014,ravdess,cnn,loso,0,14,success
46,ravdess__cnn__loso__s0__f015,ravdess,cnn,loso,0,15,success
47,ravdess__cnn__loso__s0__f016,ravdess,cnn,loso,0,16,success
48,ravdess__cnn__loso__s0__f017,ravdess,cnn,loso,0,17,success
49,ravdess__cnn__loso__s0__f018,ravdess,cnn,loso,0,18,success
50,ravdess__cnn__loso__s0__f019,ravdess,cnn,loso,0,19,success
51,ravdess__cnn__loso__s0__f020,ravdess,cnn,loso,0,20,success
52,ravdess__cnn__loso__s0__f021,ravdess,cnn,loso,0,21,success
53,ravdess__cnn__loso__s0__f022,ravdess,cnn,loso,0,22,success
54,ravdess__cnn__loso__s0__f023,ravdess,cnn,loso,0,23,success
55,ravdess__cnn__loso__s1__f000,ravdess,cnn,loso,1,0,success
56,ravdess__cnn__loso__s1__f001,ravdess,cnn,loso,1,1,success
57,ravdess__cnn__loso__s1__f002,ravdess,cnn,loso,1,2,success
58,ravdess__cnn__loso__s1__f003,ravdess,cnn,loso,1,3,success
59,ravdess__cnn__loso__s1__f004,ravdess,cnn,loso,1,4,success
60,ravdess__cnn__loso__s1__f005,ravdess,cnn,loso,1,5,success
61,ravdess__cnn__loso__s1__f006,ravdess,cnn,loso,1,6,success
62,ravdess__cnn__loso__s1__f007,ravdess,cnn,loso,1,7,success
63,ravdess__cnn__loso__s1__f008,ravdess,cnn,loso,1,8,success
64,ravdess__cnn__loso__s1__f009,ravdess,cnn,loso,1,9,success
65,ravdess__cnn__loso__s1__f010,ravdess,cnn,loso,1,10,success
66,ravdess__cnn__loso__s1__f011,ravdess,cnn,loso,1,11,success
67,ravdess__cnn__loso__s1__f012,ravdess,cnn,loso,1,12,success
68,ravdess__cnn__loso__s1__f013,ravdess,cnn,loso,1,13,success
69,ravdess__cnn__loso__s1__f014,ravdess,cnn,loso,1,14,success
70,ravdess__cnn__loso__s1__f015,ravdess,cnn,loso,1,15,success
71,ravdess__cnn__loso__s1__f016,ravdess,cnn,loso,1,16,success
72,ravdess__cnn__loso__s1__f017,ravdess,cnn,loso,1,17,success
73,ravdess__cnn__loso__s1__f018,ravdess,cnn,loso,1,18,success
74,ravdess__cnn__loso__s1__f019,ravdess,cnn,loso,1,19,success
75,ravdess__cnn__loso__s1__f020,ravdess,cnn,loso,1,20,success
76,ravdess__cnn__loso__s1__f021,ravdess,cnn,loso,1,21,success
77,ravdess__cnn__loso__s1__f022,ravdess,cnn,loso,1,22,success
78,ravdess__cnn__loso__s1__f023,ravdess,cnn,loso,1,23,success
79,ravdess__cnn__loso__s2__f000,ravdess,cnn,loso,2,0,success
80,ravdess__cnn__loso__s2__f001,ravdess,cnn,loso,2,1,success
81,ravdess__cnn__loso__s2__f002,ravdess,cnn,loso,2,2,success
82,ravdess__cnn__loso__s2__f003,ravdess,cnn,loso,2,3,success
83,ravdess__cnn__loso__s2__f004,ravdess,cnn,loso,2,4,success
84,ravdess__cnn__loso__s2__f005,ravdess,cnn,loso,2,5,success
85,ravdess__cnn__loso__s2__f006,ravdess,cnn,loso,2,6,success
86,ravdess__cnn__loso__s2__f007,ravdess,cnn,loso,2,7,success
87,ravdess__cnn__loso__s2__f008,ravdess,cnn,loso,2,8,success
88,ravdess__cnn__loso__s2__f009,ravdess,cnn,loso,2,9,success
89,ravdess__cnn__loso__s2__f010,ravdess,cnn,loso,2,10,success
90,ravdess__cnn__loso__s2__f011,ravdess,cnn,loso,2,11,success
91,ravdess__cnn__loso__s2__f012,ravdess,cnn,loso,2,12,success
92,ravdess__cnn__loso__s2__f013,ravdess,cnn,loso,2,13,success
93,ravdess__cnn__loso__s2__f014,ravdess,cnn,loso,2,14,success
94,ravdess__cnn__loso__s2__f015,ravdess,cnn,loso,2,15,success
95,ravdess__cnn__loso__s2__f016,ravdess,cnn,loso,2,16,success
96,ravdess__cnn__loso__s2__f017,ravdess,cnn,loso,2,17,success
97,ravdess__cnn__loso__s2__f018,ravdess,cnn,loso,2,18,success
98,ravdess__cnn__loso__s2__f019,ravdess,cnn,loso,2,19,success
99,ravdess__cnn__loso__s2__f020,ravdess,cnn,loso,2,20,success
100,ravdess__cnn__loso__s2__f021,ravdess,cnn,loso,2,21,success
101,ravdess__cnn__loso__s2__f022,ravdess,cnn,loso,2,22,success
102,ravdess__cnn__loso__s2__f023,ravdess,cnn,loso,2,23,success
103,ravdess__resnet_se__random__s0__f000,ravdess,resnet_se,random,0,0,success
104,ravdess__resnet_se__random__s0__f001,ravdess,resnet_se,random,0,1,success
105,ravdess__resnet_se__random__s0__f002,ravdess,resnet_se,random,0,2,success
106,ravdess__resnet_se__random__s0__f003,ravdess,resnet_se,random,0,3,success
107,ravdess__resnet_se__random__s0__f004,ravdess,resnet_se,random,0,4,success
108,ravdess__resnet_se__random__s1__f000,ravdess,resnet_se,random,1,0,success
109,ravdess__resnet_se__random__s1__f001,ravdess,resnet_se,random,1,1,success
110,ravdess__resnet_se__random__s1__f002,ravdess,resnet_se,random,1,2,success
111,ravdess__resnet_se__random__s1__f003,ravdess,resnet_se,random,1,3,success
112,ravdess__resnet_se__random__s1__f004,ravdess,resnet_se,random,1,4,success
113,ravdess__resnet_se__random__s2__f000,ravdess,resnet_se,random,2,0,success
114,ravdess__resnet_se__random__s2__f001,ravdess,resnet_se,random,2,1,success
115,ravdess__resnet_se__random__s2__f002,ravdess,resnet_se,random,2,2,success
116,ravdess__resnet_se__random__s2__f003,ravdess,resnet_se,random,2,3,success
117,ravdess__resnet_se__random__s2__f004,ravdess,resnet_se,random,2,4,success
118,ravdess__resnet_se__groupkfold__s0__f000,ravdess,resnet_se,groupkfold,0,0,success
119,ravdess__resnet_se__groupkfold__s0__f001,ravdess,resnet_se,groupkfold,0,1,success
120,ravdess__resnet_se__groupkfold__s0__f002,ravdess,resnet_se,groupkfold,0,2,success
121,ravdess__resnet_se__groupkfold__s0__f003,ravdess,resnet_se,groupkfold,0,3,success
122,ravdess__resnet_se__groupkfold__s0__f004,ravdess,resnet_se,groupkfold,0,4,success
123,ravdess__resnet_se__groupkfold__s1__f000,ravdess,resnet_se,groupkfold,1,0,success
124,ravdess__resnet_se__groupkfold__s1__f001,ravdess,resnet_se,groupkfold,1,1,success
125,ravdess__resnet_se__groupkfold__s1__f002,ravdess,resnet_se,groupkfold,1,2,success
126,ravdess__resnet_se__groupkfold__s1__f003,ravdess,resnet_se,groupkfold,1,3,success
127,ravdess__resnet_se__groupkfold__s1__f004,ravdess,resnet_se,groupkfold,1,4,success
128,ravdess__resnet_se__groupkfold__s2__f000,ravdess,resnet_se,groupkfold,2,0,success
129,ravdess__resnet_se__groupkfold__s2__f001,ravdess,resnet_se,groupkfold,2,1,success
130,ravdess__resnet_se__groupkfold__s2__f002,ravdess,resnet_se,groupkfold,2,2,success
131,ravdess__resnet_se__groupkfold__s2__f003,ravdess,resnet_se,groupkfold,2,3,success
132,ravdess__resnet_se__groupkfold__s2__f004,ravdess,resnet_se,groupkfold,2,4,success
133,ravdess__resnet_se__loso__s0__f000,ravdess,resnet_se,loso,0,0,success
134,ravdess__resnet_se__loso__s0__f001,ravdess,resnet_se,loso,0,1,success
135,ravdess__resnet_se__loso__s0__f002,ravdess,resnet_se,loso,0,2,success
136,ravdess__resnet_se__loso__s0__f003,ravdess,resnet_se,loso,0,3,success
137,ravdess__resnet_se__loso__s0__f004,ravdess,resnet_se,loso,0,4,success
138,ravdess__resnet_se__loso__s0__f005,ravdess,resnet_se,loso,0,5,success
139,ravdess__resnet_se__loso__s0__f006,ravdess,resnet_se,loso,0,6,success
140,ravdess__resnet_se__loso__s0__f007,ravdess,resnet_se,loso,0,7,success
141,ravdess__resnet_se__loso__s0__f008,ravdess,resnet_se,loso,0,8,success
142,ravdess__resnet_se__loso__s0__f009,ravdess,resnet_se,loso,0,9,success
143,ravdess__resnet_se__loso__s0__f010,ravdess,resnet_se,loso,0,10,success
144,ravdess__resnet_se__loso__s0__f011,ravdess,resnet_se,loso,0,11,success
145,ravdess__resnet_se__loso__s0__f012,ravdess,resnet_se,loso,0,12,success
146,ravdess__resnet_se__loso__s0__f013,ravdess,resnet_se,loso,0,13,success
147,ravdess__resnet_se__loso__s0__f014,ravdess,resnet_se,loso,0,14,success
148,ravdess__resnet_se__loso__s0__f015,ravdess,resnet_se,loso,0,15,success
149,ravdess__resnet_se__loso__s0__f016,ravdess,resnet_se,loso,0,16,success
150,ravdess__resnet_se__loso__s0__f017,ravdess,resnet_se,loso,0,17,success
151,ravdess__resnet_se__loso__s0__f018,ravdess,resnet_se,loso,0,18,success
152,ravdess__resnet_se__loso__s0__f019,ravdess,resnet_se,loso,0,19,success
153,ravdess__resnet_se__loso__s0__f020,ravdess,resnet_se,loso,0,20,success
154,ravdess__resnet_se__loso__s0__f021,ravdess,resnet_se,loso,0,21,success
155,ravdess__resnet_se__loso__s0__f022,ravdess,resnet_se,loso,0,22,success
156,ravdess__resnet_se__loso__s0__f023,ravdess,resnet_se,loso,0,23,success
157,ravdess__resnet_se__loso__s1__f000,ravdess,resnet_se,loso,1,0,success
158,ravdess__resnet_se__loso__s1__f001,ravdess,resnet_se,loso,1,1,success
159,ravdess__resnet_se__loso__s1__f002,ravdess,resnet_se,loso,1,2,success
160,ravdess__resnet_se__loso__s1__f003,ravdess,resnet_se,loso,1,3,success
161,ravdess__resnet_se__loso__s1__f004,ravdess,resnet_se,loso,1,4,success
162,ravdess__resnet_se__loso__s1__f005,ravdess,resnet_se,loso,1,5,success
163,ravdess__resnet_se__loso__s1__f006,ravdess,resnet_se,loso,1,6,success
164,ravdess__resnet_se__loso__s1__f007,ravdess,resnet_se,loso,1,7,success
165,ravdess__resnet_se__loso__s1__f008,ravdess,resnet_se,loso,1,8,success
166,ravdess__resnet_se__loso__s1__f009,ravdess,resnet_se,loso,1,9,success
167,ravdess__resnet_se__loso__s1__f010,ravdess,resnet_se,loso,1,10,success
168,ravdess__resnet_se__loso__s1__f011,ravdess,resnet_se,loso,1,11,success
169,ravdess__resnet_se__loso__s1__f012,ravdess,resnet_se,loso,1,12,success
170,ravdess__resnet_se__loso__s1__f013,ravdess,resnet_se,loso,1,13,success
171,ravdess__resnet_se__loso__s1__f014,ravdess,resnet_se,loso,1,14,success
172,ravdess__resnet_se__loso__s1__f015,ravdess,resnet_se,loso,1,15,success
173,ravdess__resnet_se__loso__s1__f016,ravdess,resnet_se,loso,1,16,success
174,ravdess__resnet_se__loso__s1__f017,ravdess,resnet_se,loso,1,17,success
175,ravdess__resnet_se__loso__s1__f018,ravdess,resnet_se,loso,1,18,success
176,ravdess__resnet_se__loso__s1__f019,ravdess,resnet_se,loso,1,19,success
177,ravdess__resnet_se__loso__s1__f020,ravdess,resnet_se,loso,1,20,success
178,ravdess__resnet_se__loso__s1__f021,ravdess,resnet_se,loso,1,21,success
179,ravdess__resnet_se__loso__s1__f022,ravdess,resnet_se,loso,1,22,success
180,ravdess__resnet_se__loso__s1__f023,ravdess,resnet_se,loso,1,23,success
181,ravdess__resnet_se__loso__s2__f000,ravdess,resnet_se,loso,2,0,success
182,ravdess__resnet_se__loso__s2__f001,ravdess,resnet_se,loso,2,1,success
183,ravdess__resnet_se__loso__s2__f002,ravdess,resnet_se,loso,2,2,success
184,ravdess__resnet_se__loso__s2__f003,ravdess,resnet_se,loso,2,3,success
185,ravdess__resnet_se__loso__s2__f004,ravdess,resnet_se,loso,2,4,success
186,ravdess__resnet_se__loso__s2__f005,ravdess,resnet_se,loso,2,5,success
187,ravdess__resnet_se__loso__s2__f006,ravdess,resnet_se,loso,2,6,success
188,ravdess__resnet_se__loso__s2__f007,ravdess,resnet_se,loso,2,7,success
189,ravdess__resnet_se__loso__s2__f008,ravdess,resnet_se,loso,2,8,success
190,ravdess__resnet_se__loso__s2__f009,ravdess,resnet_se,loso,2,9,success
191,ravdess__resnet_se__loso__s2__f010,ravdess,resnet_se,loso,2,10,success
192,ravdess__resnet_se__loso__s2__f011,ravdess,resnet_se,loso,2,11,success
193,ravdess__resnet_se__loso__s2__f012,ravdess,resnet_se,loso,2,12,success
194,ravdess__resnet_se__loso__s2__f013,ravdess,resnet_se,loso,2,13,success
195,ravdess__resnet_se__loso__s2__f014,ravdess,resnet_se,loso,2,14,success
196,ravdess__resnet_se__loso__s2__f015,ravdess,resnet_se,loso,2,15,success
197,ravdess__resnet_se__loso__s2__f016,ravdess,resnet_se,loso,2,16,success
198,ravdess__resnet_se__loso__s2__f017,ravdess,resnet_se,loso,2,17,success
199,ravdess__resnet_se__loso__s2__f018,ravdess,resnet_se,loso,2,18,success
200,ravdess__resnet_se__loso__s2__f019,ravdess,resnet_se,loso,2,19,success
201,ravdess__resnet_se__loso__s2__f020,ravdess,resnet_se,loso,2,20,success
202,ravdess__resnet_se__loso__s2__f021,ravdess,resnet_se,loso,2,21,success
203,ravdess__resnet_se__loso__s2__f022,ravdess,resnet_se,loso,2,22,success
204,ravdess__resnet_se__loso__s2__f023,ravdess,resnet_se,loso,2,23,success
205,ravdess__transformer__random__s0__f000,ravdess,transformer,random,0,0,success
206,ravdess__transformer__random__s0__f001,ravdess,transformer,random,0,1,success
207,ravdess__transformer__random__s0__f002,ravdess,transformer,random,0,2,success
208,ravdess__transformer__random__s0__f003,ravdess,transformer,random,0,3,success
209,ravdess__transformer__random__s0__f004,ravdess,transformer,random,0,4,success
210,ravdess__transformer__random__s1__f000,ravdess,transformer,random,1,0,success
211,ravdess__transformer__random__s1__f001,ravdess,transformer,random,1,1,success
212,ravdess__transformer__random__s1__f002,ravdess,transformer,random,1,2,success
213,ravdess__transformer__random__s1__f003,ravdess,transformer,random,1,3,success
214,ravdess__transformer__random__s1__f004,ravdess,transformer,random,1,4,success
215,ravdess__transformer__random__s2__f000,ravdess,transformer,random,2,0,success
216,ravdess__transformer__random__s2__f001,ravdess,transformer,random,2,1,success
217,ravdess__transformer__random__s2__f002,ravdess,transformer,random,2,2,success
218,ravdess__transformer__random__s2__f003,ravdess,transformer,random,2,3,success
219,ravdess__transformer__random__s2__f004,ravdess,transformer,random,2,4,success
220,ravdess__transformer__groupkfold__s0__f000,ravdess,transformer,groupkfold,0,0,success
221,ravdess__transformer__groupkfold__s0__f001,ravdess,transformer,groupkfold,0,1,success
222,ravdess__transformer__groupkfold__s0__f002,ravdess,transformer,groupkfold,0,2,success
223,ravdess__transformer__groupkfold__s0__f003,ravdess,transformer,groupkfold,0,3,success
224,ravdess__transformer__groupkfold__s0__f004,ravdess,transformer,groupkfold,0,4,success
225,ravdess__transformer__groupkfold__s1__f000,ravdess,transformer,groupkfold,1,0,success
226,ravdess__transformer__groupkfold__s1__f001,ravdess,transformer,groupkfold,1,1,success
227,ravdess__transformer__groupkfold__s1__f002,ravdess,transformer,groupkfold,1,2,success
228,ravdess__transformer__groupkfold__s1__f003,ravdess,transformer,groupkfold,1,3,success
229,ravdess__transformer__groupkfold__s1__f004,ravdess,transformer,groupkfold,1,4,success
230,ravdess__transformer__groupkfold__s2__f000,ravdess,transformer,groupkfold,2,0,success
231,ravdess__transformer__groupkfold__s2__f001,ravdess,transformer,groupkfold,2,1,success
232,ravdess__transformer__groupkfold__s2__f002,ravdess,transformer,groupkfold,2,2,success
233,ravdess__transformer__groupkfold__s2__f003,ravdess,transformer,groupkfold,2,3,success
234,ravdess__transformer__groupkfold__s2__f004,ravdess,transformer,groupkfold,2,4,success
235,ravdess__transformer__loso__s0__f000,ravdess,transformer,loso,0,0,success
236,ravdess__transformer__loso__s0__f001,ravdess,transformer,loso,0,1,success
237,ravdess__transformer__loso__s0__f002,ravdess,transformer,loso,0,2,success
238,ravdess__transformer__loso__s0__f003,ravdess,transformer,loso,0,3,success
239,ravdess__transformer__loso__s0__f004,ravdess,transformer,loso,0,4,success
240,ravdess__transformer__loso__s0__f005,ravdess,transformer,loso,0,5,success
241,ravdess__transformer__loso__s0__f006,ravdess,transformer,loso,0,6,success
242,ravdess__transformer__loso__s0__f007,ravdess,transformer,loso,0,7,success
243,ravdess__transformer__loso__s0__f008,ravdess,transformer,loso,0,8,success
244,ravdess__transformer__loso__s0__f009,ravdess,transformer,loso,0,9,success
245,ravdess__transformer__loso__s0__f010,ravdess,transformer,loso,0,10,success
246,ravdess__transformer__loso__s0__f011,ravdess,transformer,loso,0,11,success
247,ravdess__transformer__loso__s0__f012,ravdess,transformer,loso,0,12,success
248,ravdess__transformer__loso__s0__f013,ravdess,transformer,loso,0,13,success
249,ravdess__transformer__loso__s0__f014,ravdess,transformer,loso,0,14,success
250,ravdess__transformer__loso__s0__f015,ravdess,transformer,loso,0,15,success
251,ravdess__transformer__loso__s0__f016,ravdess,transformer,loso,0,16,success
252,ravdess__transformer__loso__s0__f017,ravdess,transformer,loso,0,17,success
253,ravdess__transformer__loso__s0__f018,ravdess,transformer,loso,0,18,success
254,ravdess__transformer__loso__s0__f019,ravdess,transformer,loso,0,19,success
255,ravdess__transformer__loso__s0__f020,ravdess,transformer,loso,0,20,success
256,ravdess__transformer__loso__s0__f021,ravdess,transformer,loso,0,21,success
257,ravdess__transformer__loso__s0__f022,ravdess,transformer,loso,0,22,success
258,ravdess__transformer__loso__s0__f023,ravdess,transformer,loso,0,23,success
259,ravdess__transformer__loso__s1__f000,ravdess,transformer,loso,1,0,success
260,ravdess__transformer__loso__s1__f001,ravdess,transformer,loso,1,1,success
261,ravdess__transformer__loso__s1__f002,ravdess,transformer,loso,1,2,success
262,ravdess__transformer__loso__s1__f003,ravdess,transformer,loso,1,3,success
263,ravdess__transformer__loso__s1__f004,ravdess,transformer,loso,1,4,success
264,ravdess__transformer__loso__s1__f005,ravdess,transformer,loso,1,5,success
265,ravdess__transformer__loso__s1__f006,ravdess,transformer,loso,1,6,success
266,ravdess__transformer__loso__s1__f007,ravdess,transformer,loso,1,7,success
267,ravdess__transformer__loso__s1__f008,ravdess,transformer,loso,1,8,success
268,ravdess__transformer__loso__s1__f009,ravdess,transformer,loso,1,9,success
269,ravdess__transformer__loso__s1__f010,ravdess,transformer,loso,1,10,success
270,ravdess__transformer__loso__s1__f011,ravdess,transformer,loso,1,11,success
271,ravdess__transformer__loso__s1__f012,ravdess,transformer,loso,1,12,success
272,ravdess__transformer__loso__s1__f013,ravdess,transformer,loso,1,13,success
273,ravdess__transformer__loso__s1__f014,ravdess,transformer,loso,1,14,success
274,ravdess__transformer__loso__s1__f015,ravdess,transformer,loso,1,15,success
275,ravdess__transformer__loso__s1__f016,ravdess,transformer,loso,1,16,success
276,ravdess__transformer__loso__s1__f017,ravdess,transformer,loso,1,17,success
277,ravdess__transformer__loso__s1__f018,ravdess,transformer,loso,1,18,success
278,ravdess__transformer__loso__s1__f019,ravdess,transformer,loso,1,19,success
279,ravdess__transformer__loso__s1__f020,ravdess,transformer,loso,1,20,success
280,ravdess__transformer__loso__s1__f021,ravdess,transformer,loso,1,21,success
281,ravdess__transformer__loso__s1__f022,ravdess,transformer,loso,1,22,success
282,ravdess__transformer__loso__s1__f023,ravdess,transformer,loso,1,23,success
283,ravdess__transformer__loso__s2__f000,ravdess,transformer,loso,2,0,success
284,ravdess__transformer__loso__s2__f001,ravdess,transformer,loso,2,1,success
285,ravdess__transformer__loso__s2__f002,ravdess,transformer,loso,2,2,success
286,ravdess__transformer__loso__s2__f003,ravdess,transformer,loso,2,3,success
287,ravdess__transformer__loso__s2__f004,ravdess,transformer,loso,2,4,success
288,ravdess__transformer__loso__s2__f005,ravdess,transformer,loso,2,5,success
289,ravdess__transformer__loso__s2__f006,ravdess,transformer,loso,2,6,success
290,ravdess__transformer__loso__s2__f007,ravdess,transformer,loso,2,7,success
291,ravdess__transformer__loso__s2__f008,ravdess,transformer,loso,2,8,success
292,ravdess__transformer__loso__s2__f009,ravdess,transformer,loso,2,9,success
293,ravdess__transformer__loso__s2__f010,ravdess,transformer,loso,2,10,success
294,ravdess__transformer__loso__s2__f011,ravdess,transformer,loso,2,11,success
295,ravdess__transformer__loso__s2__f012,ravdess,transformer,loso,2,12,success
296,ravdess__transformer__loso__s2__f013,ravdess,transformer,loso,2,13,success
297,ravdess__transformer__loso__s2__f014,ravdess,transformer,loso,2,14,success
298,ravdess__transformer__loso__s2__f015,ravdess,transformer,loso,2,15,success
299,ravdess__transformer__loso__s2__f016,ravdess,transformer,loso,2,16,success
300,ravdess__transformer__loso__s2__f017,ravdess,transformer,loso,2,17,success
301,ravdess__transformer__loso__s2__f018,ravdess,transformer,loso,2,18,success
302,ravdess__transformer__loso__s2__f019,ravdess,transformer,loso,2,19,success
303,ravdess__transformer__loso__s2__f020,ravdess,transformer,loso,2,20,success
304,ravdess__transformer__loso__s2__f021,ravdess,transformer,loso,2,21,success
305,ravdess__transformer__loso__s2__f022,ravdess,transformer,loso,2,22,success
306,ravdess__transformer__loso__s2__f023,ravdess,transformer,loso,2,23,success
307,ravdess__fno__random__s0__f000,ravdess,fno,random,0,0,success
308,ravdess__fno__random__s0__f001,ravdess,fno,random,0,1,success
309,ravdess__fno__random__s0__f002,ravdess,fno,random,0,2,success
310,ravdess__fno__random__s0__f003,ravdess,fno,random,0,3,success
311,ravdess__fno__random__s0__f004,ravdess,fno,random,0,4,success
312,ravdess__fno__random__s1__f000,ravdess,fno,random,1,0,success
313,ravdess__fno__random__s1__f001,ravdess,fno,random,1,1,success
314,ravdess__fno__random__s1__f002,ravdess,fno,random,1,2,success
315,ravdess__fno__random__s1__f003,ravdess,fno,random,1,3,success
316,ravdess__fno__random__s1__f004,ravdess,fno,random,1,4,success
317,ravdess__fno__random__s2__f000,ravdess,fno,random,2,0,success
318,ravdess__fno__random__s2__f001,ravdess,fno,random,2,1,success
319,ravdess__fno__random__s2__f002,ravdess,fno,random,2,2,success
320,ravdess__fno__random__s2__f003,ravdess,fno,random,2,3,success
321,ravdess__fno__random__s2__f004,ravdess,fno,random,2,4,success
322,ravdess__fno__groupkfold__s0__f000,ravdess,fno,groupkfold,0,0,success
323,ravdess__fno__groupkfold__s0__f001,ravdess,fno,groupkfold,0,1,success
324,ravdess__fno__groupkfold__s0__f002,ravdess,fno,groupkfold,0,2,success
325,ravdess__fno__groupkfold__s0__f003,ravdess,fno,groupkfold,0,3,success
326,ravdess__fno__groupkfold__s0__f004,ravdess,fno,groupkfold,0,4,success
327,ravdess__fno__groupkfold__s1__f000,ravdess,fno,groupkfold,1,0,success
328,ravdess__fno__groupkfold__s1__f001,ravdess,fno,groupkfold,1,1,success
329,ravdess__fno__groupkfold__s1__f002,ravdess,fno,groupkfold,1,2,success
330,ravdess__fno__groupkfold__s1__f003,ravdess,fno,groupkfold,1,3,success
331,ravdess__fno__groupkfold__s1__f004,ravdess,fno,groupkfold,1,4,success
332,ravdess__fno__groupkfold__s2__f000,ravdess,fno,groupkfold,2,0,success
333,ravdess__fno__groupkfold__s2__f001,ravdess,fno,groupkfold,2,1,success
334,ravdess__fno__groupkfold__s2__f002,ravdess,fno,groupkfold,2,2,success
335,ravdess__fno__groupkfold__s2__f003,ravdess,fno,groupkfold,2,3,success
336,ravdess__fno__groupkfold__s2__f004,ravdess,fno,groupkfold,2,4,success
337,ravdess__fno__loso__s0__f000,ravdess,fno,loso,0,0,success
338,ravdess__fno__loso__s0__f001,ravdess,fno,loso,0,1,success
339,ravdess__fno__loso__s0__f002,ravdess,fno,loso,0,2,success
340,ravdess__fno__loso__s0__f003,ravdess,fno,loso,0,3,success
341,ravdess__fno__loso__s0__f004,ravdess,fno,loso,0,4,success
342,ravdess__fno__loso__s0__f005,ravdess,fno,loso,0,5,success
343,ravdess__fno__loso__s0__f006,ravdess,fno,loso,0,6,success
344,ravdess__fno__loso__s0__f007,ravdess,fno,loso,0,7,success
345,ravdess__fno__loso__s0__f008,ravdess,fno,loso,0,8,success
346,ravdess__fno__loso__s0__f009,ravdess,fno,loso,0,9,success
347,ravdess__fno__loso__s0__f010,ravdess,fno,loso,0,10,success
348,ravdess__fno__loso__s0__f011,ravdess,fno,loso,0,11,success
349,ravdess__fno__loso__s0__f012,ravdess,fno,loso,0,12,success
350,ravdess__fno__loso__s0__f013,ravdess,fno,loso,0,13,success
351,ravdess__fno__loso__s0__f014,ravdess,fno,loso,0,14,success
352,ravdess__fno__loso__s0__f015,ravdess,fno,loso,0,15,success
353,ravdess__fno__loso__s0__f016,ravdess,fno,loso,0,16,success
354,ravdess__fno__loso__s0__f017,ravdess,fno,loso,0,17,success
355,ravdess__fno__loso__s0__f018,ravdess,fno,loso,0,18,success
356,ravdess__fno__loso__s0__f019,ravdess,fno,loso,0,19,success
357,ravdess__fno__loso__s0__f020,ravdess,fno,loso,0,20,success
358,ravdess__fno__loso__s0__f021,ravdess,fno,loso,0,21,success
359,ravdess__fno__loso__s0__f022,ravdess,fno,loso,0,22,success
360,ravdess__fno__loso__s0__f023,ravdess,fno,loso,0,23,success
361,ravdess__fno__loso__s1__f000,ravdess,fno,loso,1,0,success
362,ravdess__fno__loso__s1__f001,ravdess,fno,loso,1,1,success
363,ravdess__fno__loso__s1__f002,ravdess,fno,loso,1,2,success
364,ravdess__fno__loso__s1__f003,ravdess,fno,loso,1,3,success
365,ravdess__fno__loso__s1__f004,ravdess,fno,loso,1,4,success
366,ravdess__fno__loso__s1__f005,ravdess,fno,loso,1,5,success
367,ravdess__fno__loso__s1__f006,ravdess,fno,loso,1,6,success
368,ravdess__fno__loso__s1__f007,ravdess,fno,loso,1,7,success
369,ravdess__fno__loso__s1__f008,ravdess,fno,loso,1,8,success
370,ravdess__fno__loso__s1__f009,ravdess,fno,loso,1,9,success
371,ravdess__fno__loso__s1__f010,ravdess,fno,loso,1,10,success
372,ravdess__fno__loso__s1__f011,ravdess,fno,loso,1,11,success
373,ravdess__fno__loso__s1__f012,ravdess,fno,loso,1,12,success
374,ravdess__fno__loso__s1__f013,ravdess,fno,loso,1,13,success
375,ravdess__fno__loso__s1__f014,ravdess,fno,loso,1,14,success
376,ravdess__fno__loso__s1__f015,ravdess,fno,loso,1,15,success
377,ravdess__fno__loso__s1__f016,ravdess,fno,loso,1,16,success
378,ravdess__fno__loso__s1__f017,ravdess,fno,loso,1,17,success
379,ravdess__fno__loso__s1__f018,ravdess,fno,loso,1,18,success
380,ravdess__fno__loso__s1__f019,ravdess,fno,loso,1,19,success
381,ravdess__fno__loso__s1__f020,ravdess,fno,loso,1,20,success
382,ravdess__fno__loso__s1__f021,ravdess,fno,loso,1,21,success
383,ravdess__fno__loso__s1__f022,ravdess,fno,loso,1,22,success
384,ravdess__fno__loso__s1__f023,ravdess,fno,loso,1,23,success
385,ravdess__fno__loso__s2__f000,ravdess,fno,loso,2,0,success
386,ravdess__fno__loso__s2__f001,ravdess,fno,loso,2,1,success
387,ravdess__fno__loso__s2__f002,ravdess,fno,loso,2,2,success
388,ravdess__fno__loso__s2__f003,ravdess,fno,loso,2,3,success
389,ravdess__fno__loso__s2__f004,ravdess,fno,loso,2,4,success
390,ravdess__fno__loso__s2__f005,ravdess,fno,loso,2,5,success
391,ravdess__fno__loso__s2__f006,ravdess,fno,loso,2,6,success
392,ravdess__fno__loso__s2__f007,ravdess,fno,loso,2,7,success
393,ravdess__fno__loso__s2__f008,ravdess,fno,loso,2,8,success
394,ravdess__fno__loso__s2__f009,ravdess,fno,loso,2,9,success
395,ravdess__fno__loso__s2__f010,ravdess,fno,loso,2,10,success
396,ravdess__fno__loso__s2__f011,ravdess,fno,loso,2,11,success
397,ravdess__fno__loso__s2__f012,ravdess,fno,loso,2,12,success
398,ravdess__fno__loso__s2__f013,ravdess,fno,loso,2,13,success
399,ravdess__fno__loso__s2__f014,ravdess,fno,loso,2,14,success
400,ravdess__fno__loso__s2__f015,ravdess,fno,loso,2,15,success
401,ravdess__fno__loso__s2__f016,ravdess,fno,loso,2,16,success
402,ravdess__fno__loso__s2__f017,ravdess,fno,loso,2,17,success
403,ravdess__fno__loso__s2__f018,ravdess,fno,loso,2,18,success
404,ravdess__fno__loso__s2__f019,ravdess,fno,loso,2,19,success
405,ravdess__fno__loso__s2__f020,ravdess,fno,loso,2,20,success
406,ravdess__fno__loso__s2__f021,ravdess,fno,loso,2,21,success
407,ravdess__fno__loso__s2__f022,ravdess,fno,loso,2,22,success
408,ravdess__fno__loso__s2__f023,ravdess,fno,loso,2,23,success
409,cremad__cnn__random__s0__f000,cremad,cnn,random,0,0,success
410,cremad__cnn__random__s0__f001,cremad,cnn,random,0,1,success
411,cremad__cnn__random__s0__f002,cremad,cnn,random,0,2,success
412,cremad__cnn__random__s0__f003,cremad,cnn,random,0,3,success
413,cremad__cnn__random__s0__f004,cremad,cnn,random,0,4,success
414,cremad__cnn__random__s1__f000,cremad,cnn,random,1,0,success
415,cremad__cnn__random__s1__f001,cremad,cnn,random,1,1,success
416,cremad__cnn__random__s1__f002,cremad,cnn,random,1,2,success
417,cremad__cnn__random__s1__f003,cremad,cnn,random,1,3,success
418,cremad__cnn__random__s1__f004,cremad,cnn,random,1,4,success
419,cremad__cnn__random__s2__f000,cremad,cnn,random,2,0,success
420,cremad__cnn__random__s2__f001,cremad,cnn,random,2,1,success
421,cremad__cnn__random__s2__f002,cremad,cnn,random,2,2,success
422,cremad__cnn__random__s2__f003,cremad,cnn,random,2,3,success
423,cremad__cnn__random__s2__f004,cremad,cnn,random,2,4,success
424,cremad__cnn__groupkfold__s0__f000,cremad,cnn,groupkfold,0,0,success
425,cremad__cnn__groupkfold__s0__f001,cremad,cnn,groupkfold,0,1,success
426,cremad__cnn__groupkfold__s0__f002,cremad,cnn,groupkfold,0,2,success
427,cremad__cnn__groupkfold__s0__f003,cremad,cnn,groupkfold,0,3,success
428,cremad__cnn__groupkfold__s0__f004,cremad,cnn,groupkfold,0,4,success
429,cremad__cnn__groupkfold__s1__f000,cremad,cnn,groupkfold,1,0,success
430,cremad__cnn__groupkfold__s1__f001,cremad,cnn,groupkfold,1,1,success
431,cremad__cnn__groupkfold__s1__f002,cremad,cnn,groupkfold,1,2,success
432,cremad__cnn__groupkfold__s1__f003,cremad,cnn,groupkfold,1,3,success
433,cremad__cnn__groupkfold__s1__f004,cremad,cnn,groupkfold,1,4,success
434,cremad__cnn__groupkfold__s2__f000,cremad,cnn,groupkfold,2,0,success
435,cremad__cnn__groupkfold__s2__f001,cremad,cnn,groupkfold,2,1,success
436,cremad__cnn__groupkfold__s2__f002,cremad,cnn,groupkfold,2,2,success
437,cremad__cnn__groupkfold__s2__f003,cremad,cnn,groupkfold,2,3,success
438,cremad__cnn__groupkfold__s2__f004,cremad,cnn,groupkfold,2,4,success
439,cremad__cnn__loso__s0__f000,cremad,cnn,loso,0,0,success
440,cremad__cnn__loso__s0__f001,cremad,cnn,loso,0,1,success
441,cremad__cnn__loso__s0__f002,cremad,cnn,loso,0,2,success
442,cremad__cnn__loso__s0__f003,cremad,cnn,loso,0,3,success
443,cremad__cnn__loso__s0__f004,cremad,cnn,loso,0,4,success
444,cremad__cnn__loso__s0__f005,cremad,cnn,loso,0,5,success
445,cremad__cnn__loso__s0__f006,cremad,cnn,loso,0,6,success
446,cremad__cnn__loso__s0__f007,cremad,cnn,loso,0,7,success
447,cremad__cnn__loso__s0__f008,cremad,cnn,loso,0,8,success
448,cremad__cnn__loso__s0__f009,cremad,cnn,loso,0,9,success
449,cremad__cnn__loso__s0__f010,cremad,cnn,loso,0,10,success
450,cremad__cnn__loso__s0__f011,cremad,cnn,loso,0,11,success
451,cremad__cnn__loso__s0__f012,cremad,cnn,loso,0,12,success
452,cremad__cnn__loso__s0__f013,cremad,cnn,loso,0,13,success
453,cremad__cnn__loso__s0__f014,cremad,cnn,loso,0,14,success
454,cremad__cnn__loso__s0__f015,cremad,cnn,loso,0,15,success
455,cremad__cnn__loso__s0__f016,cremad,cnn,loso,0,16,success
456,cremad__cnn__loso__s0__f017,cremad,cnn,loso,0,17,success
457,cremad__cnn__loso__s0__f018,cremad,cnn,loso,0,18,success
458,cremad__cnn__loso__s0__f019,cremad,cnn,loso,0,19,success
459,cremad__cnn__loso__s0__f020,cremad,cnn,loso,0,20,success
460,cremad__cnn__loso__s0__f021,cremad,cnn,loso,0,21,success
461,cremad__cnn__loso__s0__f022,cremad,cnn,loso,0,22,success
462,cremad__cnn__loso__s0__f023,cremad,cnn,loso,0,23,success
463,cremad__cnn__loso__s0__f024,cremad,cnn,loso,0,24,success
464,cremad__cnn__loso__s0__f025,cremad,cnn,loso,0,25,success
465,cremad__cnn__loso__s0__f026,cremad,cnn,loso,0,26,success
466,cremad__cnn__loso__s0__f027,cremad,cnn,loso,0,27,success
467,cremad__cnn__loso__s0__f028,cremad,cnn,loso,0,28,success
468,cremad__cnn__loso__s0__f029,cremad,cnn,loso,0,29,success
469,cremad__cnn__loso__s0__f030,cremad,cnn,loso,0,30,success
470,cremad__cnn__loso__s0__f031,cremad,cnn,loso,0,31,success
471,cremad__cnn__loso__s0__f032,cremad,cnn,loso,0,32,success
472,cremad__cnn__loso__s0__f033,cremad,cnn,loso,0,33,success
473,cremad__cnn__loso__s0__f034,cremad,cnn,loso,0,34,success
474,cremad__cnn__loso__s0__f035,cremad,cnn,loso,0,35,success
475,cremad__cnn__loso__s0__f036,cremad,cnn,loso,0,36,success
476,cremad__cnn__loso__s0__f037,cremad,cnn,loso,0,37,success
477,cremad__cnn__loso__s0__f038,cremad,cnn,loso,0,38,success
478,cremad__cnn__loso__s0__f039,cremad,cnn,loso,0,39,success
479,cremad__cnn__loso__s0__f040,cremad,cnn,loso,0,40,success
480,cremad__cnn__loso__s0__f041,cremad,cnn,loso,0,41,success
481,cremad__cnn__loso__s0__f042,cremad,cnn,loso,0,42,success
482,cremad__cnn__loso__s0__f043,cremad,cnn,loso,0,43,success
483,cremad__cnn__loso__s0__f044,cremad,cnn,loso,0,44,success
484,cremad__cnn__loso__s0__f045,cremad,cnn,loso,0,45,success
485,cremad__cnn__loso__s0__f046,cremad,cnn,loso,0,46,success
486,cremad__cnn__loso__s0__f047,cremad,cnn,loso,0,47,success
487,cremad__cnn__loso__s0__f048,cremad,cnn,loso,0,48,success
488,cremad__cnn__loso__s0__f049,cremad,cnn,loso,0,49,success
489,cremad__cnn__loso__s0__f050,cremad,cnn,loso,0,50,success
490,cremad__cnn__loso__s0__f051,cremad,cnn,loso,0,51,success
491,cremad__cnn__loso__s0__f052,cremad,cnn,loso,0,52,success
492,cremad__cnn__loso__s0__f053,cremad,cnn,loso,0,53,success
493,cremad__cnn__loso__s0__f054,cremad,cnn,loso,0,54,success
494,cremad__cnn__loso__s0__f055,cremad,cnn,loso,0,55,success
495,cremad__cnn__loso__s0__f056,cremad,cnn,loso,0,56,success
496,cremad__cnn__loso__s0__f057,cremad,cnn,loso,0,57,success
497,cremad__cnn__loso__s0__f058,cremad,cnn,loso,0,58,success
498,cremad__cnn__loso__s0__f059,cremad,cnn,loso,0,59,success
499,cremad__cnn__loso__s0__f060,cremad,cnn,loso,0,60,success
500,cremad__cnn__loso__s0__f061,cremad,cnn,loso,0,61,success
501,cremad__cnn__loso__s0__f062,cremad,cnn,loso,0,62,success
502,cremad__cnn__loso__s0__f063,cremad,cnn,loso,0,63,success
503,cremad__cnn__loso__s0__f064,cremad,cnn,loso,0,64,success
504,cremad__cnn__loso__s0__f065,cremad,cnn,loso,0,65,success
505,cremad__cnn__loso__s0__f066,cremad,cnn,loso,0,66,success
506,cremad__cnn__loso__s0__f067,cremad,cnn,loso,0,67,success
507,cremad__cnn__loso__s0__f068,cremad,cnn,loso,0,68,success
508,cremad__cnn__loso__s0__f069,cremad,cnn,loso,0,69,success
509,cremad__cnn__loso__s0__f070,cremad,cnn,loso,0,70,success
510,cremad__cnn__loso__s0__f071,cremad,cnn,loso,0,71,success
511,cremad__cnn__loso__s0__f072,cremad,cnn,loso,0,72,success
512,cremad__cnn__loso__s0__f073,cremad,cnn,loso,0,73,success
513,cremad__cnn__loso__s0__f074,cremad,cnn,loso,0,74,success
514,cremad__cnn__loso__s0__f075,cremad,cnn,loso,0,75,success
515,cremad__cnn__loso__s0__f076,cremad,cnn,loso,0,76,success
516,cremad__cnn__loso__s0__f077,cremad,cnn,loso,0,77,success
517,cremad__cnn__loso__s0__f078,cremad,cnn,loso,0,78,success
518,cremad__cnn__loso__s0__f079,cremad,cnn,loso,0,79,success
519,cremad__cnn__loso__s0__f080,cremad,cnn,loso,0,80,success
520,cremad__cnn__loso__s0__f081,cremad,cnn,loso,0,81,success
521,cremad__cnn__loso__s0__f082,cremad,cnn,loso,0,82,success
522,cremad__cnn__loso__s0__f083,cremad,cnn,loso,0,83,success
523,cremad__cnn__loso__s0__f084,cremad,cnn,loso,0,84,success
524,cremad__cnn__loso__s0__f085,cremad,cnn,loso,0,85,success
525,cremad__cnn__loso__s0__f086,cremad,cnn,loso,0,86,success
526,cremad__cnn__loso__s0__f087,cremad,cnn,loso,0,87,success
527,cremad__cnn__loso__s0__f088,cremad,cnn,loso,0,88,success
528,cremad__cnn__loso__s0__f089,cremad,cnn,loso,0,89,success
529,cremad__cnn__loso__s0__f090,cremad,cnn,loso,0,90,success
530,cremad__cnn__loso__s1__f000,cremad,cnn,loso,1,0,success
531,cremad__cnn__loso__s1__f001,cremad,cnn,loso,1,1,success
532,cremad__cnn__loso__s1__f002,cremad,cnn,loso,1,2,success
533,cremad__cnn__loso__s1__f003,cremad,cnn,loso,1,3,success
534,cremad__cnn__loso__s1__f004,cremad,cnn,loso,1,4,success
535,cremad__cnn__loso__s1__f005,cremad,cnn,loso,1,5,success
536,cremad__cnn__loso__s1__f006,cremad,cnn,loso,1,6,success
537,cremad__cnn__loso__s1__f007,cremad,cnn,loso,1,7,success
538,cremad__cnn__loso__s1__f008,cremad,cnn,loso,1,8,success
539,cremad__cnn__loso__s1__f009,cremad,cnn,loso,1,9,success
540,cremad__cnn__loso__s1__f010,cremad,cnn,loso,1,10,success
541,cremad__cnn__loso__s1__f011,cremad,cnn,loso,1,11,success
542,cremad__cnn__loso__s1__f012,cremad,cnn,loso,1,12,success
543,cremad__cnn__loso__s1__f013,cremad,cnn,loso,1,13,success
544,cremad__cnn__loso__s1__f014,cremad,cnn,loso,1,14,success
545,cremad__cnn__loso__s1__f015,cremad,cnn,loso,1,15,success
546,cremad__cnn__loso__s1__f016,cremad,cnn,loso,1,16,success
547,cremad__cnn__loso__s1__f017,cremad,cnn,loso,1,17,success
548,cremad__cnn__loso__s1__f018,cremad,cnn,loso,1,18,success
549,cremad__cnn__loso__s1__f019,cremad,cnn,loso,1,19,success
550,cremad__cnn__loso__s1__f020,cremad,cnn,loso,1,20,success
551,cremad__cnn__loso__s1__f021,cremad,cnn,loso,1,21,success
552,cremad__cnn__loso__s1__f022,cremad,cnn,loso,1,22,success
553,cremad__cnn__loso__s1__f023,cremad,cnn,loso,1,23,success
554,cremad__cnn__loso__s1__f024,cremad,cnn,loso,1,24,success
555,cremad__cnn__loso__s1__f025,cremad,cnn,loso,1,25,success
556,cremad__cnn__loso__s1__f026,cremad,cnn,loso,1,26,success
557,cremad__cnn__loso__s1__f027,cremad,cnn,loso,1,27,success
558,cremad__cnn__loso__s1__f028,cremad,cnn,loso,1,28,success
559,cremad__cnn__loso__s1__f029,cremad,cnn,loso,1,29,success
560,cremad__cnn__loso__s1__f030,cremad,cnn,loso,1,30,success
561,cremad__cnn__loso__s1__f031,cremad,cnn,loso,1,31,success
562,cremad__cnn__loso__s1__f032,cremad,cnn,loso,1,32,success
563,cremad__cnn__loso__s1__f033,cremad,cnn,loso,1,33,success
564,cremad__cnn__loso__s1__f034,cremad,cnn,loso,1,34,success
565,cremad__cnn__loso__s1__f035,cremad,cnn,loso,1,35,success
566,cremad__cnn__loso__s1__f036,cremad,cnn,loso,1,36,success
567,cremad__cnn__loso__s1__f037,cremad,cnn,loso,1,37,success
568,cremad__cnn__loso__s1__f038,cremad,cnn,loso,1,38,success
569,cremad__cnn__loso__s1__f039,cremad,cnn,loso,1,39,success
570,cremad__cnn__loso__s1__f040,cremad,cnn,loso,1,40,success
571,cremad__cnn__loso__s1__f041,cremad,cnn,loso,1,41,success
572,cremad__cnn__loso__s1__f042,cremad,cnn,loso,1,42,success
573,cremad__cnn__loso__s1__f043,cremad,cnn,loso,1,43,success
574,cremad__cnn__loso__s1__f044,cremad,cnn,loso,1,44,success
575,cremad__cnn__loso__s1__f045,cremad,cnn,loso,1,45,success
576,cremad__cnn__loso__s1__f046,cremad,cnn,loso,1,46,success
577,cremad__cnn__loso__s1__f047,cremad,cnn,loso,1,47,success
578,cremad__cnn__loso__s1__f048,cremad,cnn,loso,1,48,success
579,cremad__cnn__loso__s1__f049,cremad,cnn,loso,1,49,success
580,cremad__cnn__loso__s1__f050,cremad,cnn,loso,1,50,success
581,cremad__cnn__loso__s1__f051,cremad,cnn,loso,1,51,success
582,cremad__cnn__loso__s1__f052,cremad,cnn,loso,1,52,success
583,cremad__cnn__loso__s1__f053,cremad,cnn,loso,1,53,success
584,cremad__cnn__loso__s1__f054,cremad,cnn,loso,1,54,success
585,cremad__cnn__loso__s1__f055,cremad,cnn,loso,1,55,success
586,cremad__cnn__loso__s1__f056,cremad,cnn,loso,1,56,success
587,cremad__cnn__loso__s1__f057,cremad,cnn,loso,1,57,success
588,cremad__cnn__loso__s1__f058,cremad,cnn,loso,1,58,success
589,cremad__cnn__loso__s1__f059,cremad,cnn,loso,1,59,success
590,cremad__cnn__loso__s1__f060,cremad,cnn,loso,1,60,success
591,cremad__cnn__loso__s1__f061,cremad,cnn,loso,1,61,success
592,cremad__cnn__loso__s1__f062,cremad,cnn,loso,1,62,success
593,cremad__cnn__loso__s1__f063,cremad,cnn,loso,1,63,success
594,cremad__cnn__loso__s1__f064,cremad,cnn,loso,1,64,success
595,cremad__cnn__loso__s1__f065,cremad,cnn,loso,1,65,success
596,cremad__cnn__loso__s1__f066,cremad,cnn,loso,1,66,success
597,cremad__cnn__loso__s1__f067,cremad,cnn,loso,1,67,success
598,cremad__cnn__loso__s1__f068,cremad,cnn,loso,1,68,success
599,cremad__cnn__loso__s1__f069,cremad,cnn,loso,1,69,success
600,cremad__cnn__loso__s1__f070,cremad,cnn,loso,1,70,success
601,cremad__cnn__loso__s1__f071,cremad,cnn,loso,1,71,success
602,cremad__cnn__loso__s1__f072,cremad,cnn,loso,1,72,success
603,cremad__cnn__loso__s1__f073,cremad,cnn,loso,1,73,success
604,cremad__cnn__loso__s1__f074,cremad,cnn,loso,1,74,success
605,cremad__cnn__loso__s1__f075,cremad,cnn,loso,1,75,success
606,cremad__cnn__loso__s1__f076,cremad,cnn,loso,1,76,success
607,cremad__cnn__loso__s1__f077,cremad,cnn,loso,1,77,success
608,cremad__cnn__loso__s1__f078,cremad,cnn,loso,1,78,success
609,cremad__cnn__loso__s1__f079,cremad,cnn,loso,1,79,success
610,cremad__cnn__loso__s1__f080,cremad,cnn,loso,1,80,success
611,cremad__cnn__loso__s1__f081,cremad,cnn,loso,1,81,success
612,cremad__cnn__loso__s1__f082,cremad,cnn,loso,1,82,success
613,cremad__cnn__loso__s1__f083,cremad,cnn,loso,1,83,success
614,cremad__cnn__loso__s1__f084,cremad,cnn,loso,1,84,success
615,cremad__cnn__loso__s1__f085,cremad,cnn,loso,1,85,success
616,cremad__cnn__loso__s1__f086,cremad,cnn,loso,1,86,success
617,cremad__cnn__loso__s1__f087,cremad,cnn,loso,1,87,success
618,cremad__cnn__loso__s1__f088,cremad,cnn,loso,1,88,success
619,cremad__cnn__loso__s1__f089,cremad,cnn,loso,1,89,success
620,cremad__cnn__loso__s1__f090,cremad,cnn,loso,1,90,success
621,cremad__cnn__loso__s2__f000,cremad,cnn,loso,2,0,success
622,cremad__cnn__loso__s2__f001,cremad,cnn,loso,2,1,success
623,cremad__cnn__loso__s2__f002,cremad,cnn,loso,2,2,success
624,cremad__cnn__loso__s2__f003,cremad,cnn,loso,2,3,success
625,cremad__cnn__loso__s2__f004,cremad,cnn,loso,2,4,success
626,cremad__cnn__loso__s2__f005,cremad,cnn,loso,2,5,success
627,cremad__cnn__loso__s2__f006,cremad,cnn,loso,2,6,success
628,cremad__cnn__loso__s2__f007,cremad,cnn,loso,2,7,success
629,cremad__cnn__loso__s2__f008,cremad,cnn,loso,2,8,success
630,cremad__cnn__loso__s2__f009,cremad,cnn,loso,2,9,success
631,cremad__cnn__loso__s2__f010,cremad,cnn,loso,2,10,success
632,cremad__cnn__loso__s2__f011,cremad,cnn,loso,2,11,success
633,cremad__cnn__loso__s2__f012,cremad,cnn,loso,2,12,success
634,cremad__cnn__loso__s2__f013,cremad,cnn,loso,2,13,success
635,cremad__cnn__loso__s2__f014,cremad,cnn,loso,2,14,success
636,cremad__cnn__loso__s2__f015,cremad,cnn,loso,2,15,success
637,cremad__cnn__loso__s2__f016,cremad,cnn,loso,2,16,success
638,cremad__cnn__loso__s2__f017,cremad,cnn,loso,2,17,success
639,cremad__cnn__loso__s2__f018,cremad,cnn,loso,2,18,success
640,cremad__cnn__loso__s2__f019,cremad,cnn,loso,2,19,success
641,cremad__cnn__loso__s2__f020,cremad,cnn,loso,2,20,success
642,cremad__cnn__loso__s2__f021,cremad,cnn,loso,2,21,success
643,cremad__cnn__loso__s2__f022,cremad,cnn,loso,2,22,success
644,cremad__cnn__loso__s2__f023,cremad,cnn,loso,2,23,success
645,cremad__cnn__loso__s2__f024,cremad,cnn,loso,2,24,success
646,cremad__cnn__loso__s2__f025,cremad,cnn,loso,2,25,success
647,cremad__cnn__loso__s2__f026,cremad,cnn,loso,2,26,success
648,cremad__cnn__loso__s2__f027,cremad,cnn,loso,2,27,success
649,cremad__cnn__loso__s2__f028,cremad,cnn,loso,2,28,success
650,cremad__cnn__loso__s2__f029,cremad,cnn,loso,2,29,success
651,cremad__cnn__loso__s2__f030,cremad,cnn,loso,2,30,success
652,cremad__cnn__loso__s2__f031,cremad,cnn,loso,2,31,success
653,cremad__cnn__loso__s2__f032,cremad,cnn,loso,2,32,success
654,cremad__cnn__loso__s2__f033,cremad,cnn,loso,2,33,success
655,cremad__cnn__loso__s2__f034,cremad,cnn,loso,2,34,success
656,cremad__cnn__loso__s2__f035,cremad,cnn,loso,2,35,success
657,cremad__cnn__loso__s2__f036,cremad,cnn,loso,2,36,success
658,cremad__cnn__loso__s2__f037,cremad,cnn,loso,2,37,success
659,cremad__cnn__loso__s2__f038,cremad,cnn,loso,2,38,success
660,cremad__cnn__loso__s2__f039,cremad,cnn,loso,2,39,success
661,cremad__cnn__loso__s2__f040,cremad,cnn,loso,2,40,success
662,cremad__cnn__loso__s2__f041,cremad,cnn,loso,2,41,success
663,cremad__cnn__loso__s2__f042,cremad,cnn,loso,2,42,success
664,cremad__cnn__loso__s2__f043,cremad,cnn,loso,2,43,success
665,cremad__cnn__loso__s2__f044,cremad,cnn,loso,2,44,success
666,cremad__cnn__loso__s2__f045,cremad,cnn,loso,2,45,success
667,cremad__cnn__loso__s2__f046,cremad,cnn,loso,2,46,success
668,cremad__cnn__loso__s2__f047,cremad,cnn,loso,2,47,success
669,cremad__cnn__loso__s2__f048,cremad,cnn,loso,2,48,success
670,cremad__cnn__loso__s2__f049,cremad,cnn,loso,2,49,success
671,cremad__cnn__loso__s2__f050,cremad,cnn,loso,2,50,success
672,cremad__cnn__loso__s2__f051,cremad,cnn,loso,2,51,success
673,cremad__cnn__loso__s2__f052,cremad,cnn,loso,2,52,success
674,cremad__cnn__loso__s2__f053,cremad,cnn,loso,2,53,success
675,cremad__cnn__loso__s2__f054,cremad,cnn,loso,2,54,success
676,cremad__cnn__loso__s2__f055,cremad,cnn,loso,2,55,success
677,cremad__cnn__loso__s2__f056,cremad,cnn,loso,2,56,success
678,cremad__cnn__loso__s2__f057,cremad,cnn,loso,2,57,success
679,cremad__cnn__loso__s2__f058,cremad,cnn,loso,2,58,success
680,cremad__cnn__loso__s2__f059,cremad,cnn,loso,2,59,success
681,cremad__cnn__loso__s2__f060,cremad,cnn,loso,2,60,success
682,cremad__cnn__loso__s2__f061,cremad,cnn,loso,2,61,success
683,cremad__cnn__loso__s2__f062,cremad,cnn,loso,2,62,success
684,cremad__cnn__loso__s2__f063,cremad,cnn,loso,2,63,success
685,cremad__cnn__loso__s2__f064,cremad,cnn,loso,2,64,success
686,cremad__cnn__loso__s2__f065,cremad,cnn,loso,2,65,success
687,cremad__cnn__loso__s2__f066,cremad,cnn,loso,2,66,success
688,cremad__cnn__loso__s2__f067,cremad,cnn,loso,2,67,success
689,cremad__cnn__loso__s2__f068,cremad,cnn,loso,2,68,success
690,cremad__cnn__loso__s2__f069,cremad,cnn,loso,2,69,success
691,cremad__cnn__loso__s2__f070,cremad,cnn,loso,2,70,success
692,cremad__cnn__loso__s2__f071,cremad,cnn,loso,2,71,success
693,cremad__cnn__loso__s2__f072,cremad,cnn,loso,2,72,success
694,cremad__cnn__loso__s2__f073,cremad,cnn,loso,2,73,success
695,cremad__cnn__loso__s2__f074,cremad,cnn,loso,2,74,success
696,cremad__cnn__loso__s2__f075,cremad,cnn,loso,2,75,success
697,cremad__cnn__loso__s2__f076,cremad,cnn,loso,2,76,success
698,cremad__cnn__loso__s2__f077,cremad,cnn,loso,2,77,success
699,cremad__cnn__loso__s2__f078,cremad,cnn,loso,2,78,success
700,cremad__cnn__loso__s2__f079,cremad,cnn,loso,2,79,success
701,cremad__cnn__loso__s2__f080,cremad,cnn,loso,2,80,success
702,cremad__cnn__loso__s2__f081,cremad,cnn,loso,2,81,success
703,cremad__cnn__loso__s2__f082,cremad,cnn,loso,2,82,success
704,cremad__cnn__loso__s2__f083,cremad,cnn,loso,2,83,success
705,cremad__cnn__loso__s2__f084,cremad,cnn,loso,2,84,success
706,cremad__cnn__loso__s2__f085,cremad,cnn,loso,2,85,success
707,cremad__cnn__loso__s2__f086,cremad,cnn,loso,2,86,success
708,cremad__cnn__loso__s2__f087,cremad,cnn,loso,2,87,success
709,cremad__cnn__loso__s2__f088,cremad,cnn,loso,2,88,success
710,cremad__cnn__loso__s2__f089,cremad,cnn,loso,2,89,success
711,cremad__cnn__loso__s2__f090,cremad,cnn,loso,2,90,success
712,cremad__resnet_se__random__s0__f000,cremad,resnet_se,random,0,0,success
713,cremad__resnet_se__random__s0__f001,cremad,resnet_se,random,0,1,success
714,cremad__resnet_se__random__s0__f002,cremad,resnet_se,random,0,2,success
715,cremad__resnet_se__random__s0__f003,cremad,resnet_se,random,0,3,success
716,cremad__resnet_se__random__s0__f004,cremad,resnet_se,random,0,4,success
717,cremad__resnet_se__random__s1__f000,cremad,resnet_se,random,1,0,success
718,cremad__resnet_se__random__s1__f001,cremad,resnet_se,random,1,1,success
719,cremad__resnet_se__random__s1__f002,cremad,resnet_se,random,1,2,success
720,cremad__resnet_se__random__s1__f003,cremad,resnet_se,random,1,3,success
721,cremad__resnet_se__random__s1__f004,cremad,resnet_se,random,1,4,success
722,cremad__resnet_se__random__s2__f000,cremad,resnet_se,random,2,0,success
723,cremad__resnet_se__random__s2__f001,cremad,resnet_se,random,2,1,success
724,cremad__resnet_se__random__s2__f002,cremad,resnet_se,random,2,2,success
725,cremad__resnet_se__random__s2__f003,cremad,resnet_se,random,2,3,success
726,cremad__resnet_se__random__s2__f004,cremad,resnet_se,random,2,4,success
727,cremad__resnet_se__groupkfold__s0__f000,cremad,resnet_se,groupkfold,0,0,success
728,cremad__resnet_se__groupkfold__s0__f001,cremad,resnet_se,groupkfold,0,1,success
729,cremad__resnet_se__groupkfold__s0__f002,cremad,resnet_se,groupkfold,0,2,success
730,cremad__resnet_se__groupkfold__s0__f003,cremad,resnet_se,groupkfold,0,3,success
731,cremad__resnet_se__groupkfold__s0__f004,cremad,resnet_se,groupkfold,0,4,success
732,cremad__resnet_se__groupkfold__s1__f000,cremad,resnet_se,groupkfold,1,0,success
733,cremad__resnet_se__groupkfold__s1__f001,cremad,resnet_se,groupkfold,1,1,success
734,cremad__resnet_se__groupkfold__s1__f002,cremad,resnet_se,groupkfold,1,2,success
735,cremad__resnet_se__groupkfold__s1__f003,cremad,resnet_se,groupkfold,1,3,success
736,cremad__resnet_se__groupkfold__s1__f004,cremad,resnet_se,groupkfold,1,4,success
737,cremad__resnet_se__groupkfold__s2__f000,cremad,resnet_se,groupkfold,2,0,success
738,cremad__resnet_se__groupkfold__s2__f001,cremad,resnet_se,groupkfold,2,1,success
739,cremad__resnet_se__groupkfold__s2__f002,cremad,resnet_se,groupkfold,2,2,success
740,cremad__resnet_se__groupkfold__s2__f003,cremad,resnet_se,groupkfold,2,3,success
741,cremad__resnet_se__groupkfold__s2__f004,cremad,resnet_se,groupkfold,2,4,success
742,cremad__resnet_se__loso__s0__f000,cremad,resnet_se,loso,0,0,success
743,cremad__resnet_se__loso__s0__f001,cremad,resnet_se,loso,0,1,success
744,cremad__resnet_se__loso__s0__f002,cremad,resnet_se,loso,0,2,success
745,cremad__resnet_se__loso__s0__f003,cremad,resnet_se,loso,0,3,success
746,cremad__resnet_se__loso__s0__f004,cremad,resnet_se,loso,0,4,success
747,cremad__resnet_se__loso__s0__f005,cremad,resnet_se,loso,0,5,success
748,cremad__resnet_se__loso__s0__f006,cremad,resnet_se,loso,0,6,success
749,cremad__resnet_se__loso__s0__f007,cremad,resnet_se,loso,0,7,success
750,cremad__resnet_se__loso__s0__f008,cremad,resnet_se,loso,0,8,success
751,cremad__resnet_se__loso__s0__f009,cremad,resnet_se,loso,0,9,success
752,cremad__resnet_se__loso__s0__f010,cremad,resnet_se,loso,0,10,success
753,cremad__resnet_se__loso__s0__f011,cremad,resnet_se,loso,0,11,success
754,cremad__resnet_se__loso__s0__f012,cremad,resnet_se,loso,0,12,success
755,cremad__resnet_se__loso__s0__f013,cremad,resnet_se,loso,0,13,success
756,cremad__resnet_se__loso__s0__f014,cremad,resnet_se,loso,0,14,success
757,cremad__resnet_se__loso__s0__f015,cremad,resnet_se,loso,0,15,success
758,cremad__resnet_se__loso__s0__f016,cremad,resnet_se,loso,0,16,success
759,cremad__resnet_se__loso__s0__f017,cremad,resnet_se,loso,0,17,success
760,cremad__resnet_se__loso__s0__f018,cremad,resnet_se,loso,0,18,success
761,cremad__resnet_se__loso__s0__f019,cremad,resnet_se,loso,0,19,success
762,cremad__resnet_se__loso__s0__f020,cremad,resnet_se,loso,0,20,success
763,cremad__resnet_se__loso__s0__f021,cremad,resnet_se,loso,0,21,success
764,cremad__resnet_se__loso__s0__f022,cremad,resnet_se,loso,0,22,success
765,cremad__resnet_se__loso__s0__f023,cremad,resnet_se,loso,0,23,success
766,cremad__resnet_se__loso__s0__f024,cremad,resnet_se,loso,0,24,success
767,cremad__resnet_se__loso__s0__f025,cremad,resnet_se,loso,0,25,success
768,cremad__resnet_se__loso__s0__f026,cremad,resnet_se,loso,0,26,success
769,cremad__resnet_se__loso__s0__f027,cremad,resnet_se,loso,0,27,success
770,cremad__resnet_se__loso__s0__f028,cremad,resnet_se,loso,0,28,success
771,cremad__resnet_se__loso__s0__f029,cremad,resnet_se,loso,0,29,success
772,cremad__resnet_se__loso__s0__f030,cremad,resnet_se,loso,0,30,success
773,cremad__resnet_se__loso__s0__f031,cremad,resnet_se,loso,0,31,success
774,cremad__resnet_se__loso__s0__f032,cremad,resnet_se,loso,0,32,success
775,cremad__resnet_se__loso__s0__f033,cremad,resnet_se,loso,0,33,success
776,cremad__resnet_se__loso__s0__f034,cremad,resnet_se,loso,0,34,success
777,cremad__resnet_se__loso__s0__f035,cremad,resnet_se,loso,0,35,success
778,cremad__resnet_se__loso__s0__f036,cremad,resnet_se,loso,0,36,success
779,cremad__resnet_se__loso__s0__f037,cremad,resnet_se,loso,0,37,success
780,cremad__resnet_se__loso__s0__f038,cremad,resnet_se,loso,0,38,success
781,cremad__resnet_se__loso__s0__f039,cremad,resnet_se,loso,0,39,success
782,cremad__resnet_se__loso__s0__f040,cremad,resnet_se,loso,0,40,success
783,cremad__resnet_se__loso__s0__f041,cremad,resnet_se,loso,0,41,success
784,cremad__resnet_se__loso__s0__f042,cremad,resnet_se,loso,0,42,success
785,cremad__resnet_se__loso__s0__f043,cremad,resnet_se,loso,0,43,success
786,cremad__resnet_se__loso__s0__f044,cremad,resnet_se,loso,0,44,success
787,cremad__resnet_se__loso__s0__f045,cremad,resnet_se,loso,0,45,success
788,cremad__resnet_se__loso__s0__f046,cremad,resnet_se,loso,0,46,success
789,cremad__resnet_se__loso__s0__f047,cremad,resnet_se,loso,0,47,success
790,cremad__resnet_se__loso__s0__f048,cremad,resnet_se,loso,0,48,success
791,cremad__resnet_se__loso__s0__f049,cremad,resnet_se,loso,0,49,success
792,cremad__resnet_se__loso__s0__f050,cremad,resnet_se,loso,0,50,success
793,cremad__resnet_se__loso__s0__f051,cremad,resnet_se,loso,0,51,success
794,cremad__resnet_se__loso__s0__f052,cremad,resnet_se,loso,0,52,success
795,cremad__resnet_se__loso__s0__f053,cremad,resnet_se,loso,0,53,success
796,cremad__resnet_se__loso__s0__f054,cremad,resnet_se,loso,0,54,success
797,cremad__resnet_se__loso__s0__f055,cremad,resnet_se,loso,0,55,success
798,cremad__resnet_se__loso__s0__f056,cremad,resnet_se,loso,0,56,success
799,cremad__resnet_se__loso__s0__f057,cremad,resnet_se,loso,0,57,success
800,cremad__resnet_se__loso__s0__f058,cremad,resnet_se,loso,0,58,success
801,cremad__resnet_se__loso__s0__f059,cremad,resnet_se,loso,0,59,success
802,cremad__resnet_se__loso__s0__f060,cremad,resnet_se,loso,0,60,success
803,cremad__resnet_se__loso__s0__f061,cremad,resnet_se,loso,0,61,success
804,cremad__resnet_se__loso__s0__f062,cremad,resnet_se,loso,0,62,success
805,cremad__resnet_se__loso__s0__f063,cremad,resnet_se,loso,0,63,success
806,cremad__resnet_se__loso__s0__f064,cremad,resnet_se,loso,0,64,success
807,cremad__resnet_se__loso__s0__f065,cremad,resnet_se,loso,0,65,success
808,cremad__resnet_se__loso__s0__f066,cremad,resnet_se,loso,0,66,success
809,cremad__resnet_se__loso__s0__f067,cremad,resnet_se,loso,0,67,success
810,cremad__resnet_se__loso__s0__f068,cremad,resnet_se,loso,0,68,success
811,cremad__resnet_se__loso__s0__f069,cremad,resnet_se,loso,0,69,success
812,cremad__resnet_se__loso__s0__f070,cremad,resnet_se,loso,0,70,success
813,cremad__resnet_se__loso__s0__f071,cremad,resnet_se,loso,0,71,success
814,cremad__resnet_se__loso__s0__f072,cremad,resnet_se,loso,0,72,success
815,cremad__resnet_se__loso__s0__f073,cremad,resnet_se,loso,0,73,success
816,cremad__resnet_se__loso__s0__f074,cremad,resnet_se,loso,0,74,success
817,cremad__resnet_se__loso__s0__f075,cremad,resnet_se,loso,0,75,success
818,cremad__resnet_se__loso__s0__f076,cremad,resnet_se,loso,0,76,success
819,cremad__resnet_se__loso__s0__f077,cremad,resnet_se,loso,0,77,success
820,cremad__resnet_se__loso__s0__f078,cremad,resnet_se,loso,0,78,success
821,cremad__resnet_se__loso__s0__f079,cremad,resnet_se,loso,0,79,success
822,cremad__resnet_se__loso__s0__f080,cremad,resnet_se,loso,0,80,success
823,cremad__resnet_se__loso__s0__f081,cremad,resnet_se,loso,0,81,success
824,cremad__resnet_se__loso__s0__f082,cremad,resnet_se,loso,0,82,success
825,cremad__resnet_se__loso__s0__f083,cremad,resnet_se,loso,0,83,success
826,cremad__resnet_se__loso__s0__f084,cremad,resnet_se,loso,0,84,success
827,cremad__resnet_se__loso__s0__f085,cremad,resnet_se,loso,0,85,success
828,cremad__resnet_se__loso__s0__f086,cremad,resnet_se,loso,0,86,success
829,cremad__resnet_se__loso__s0__f087,cremad,resnet_se,loso,0,87,success
830,cremad__resnet_se__loso__s0__f088,cremad,resnet_se,loso,0,88,success
831,cremad__resnet_se__loso__s0__f089,cremad,resnet_se,loso,0,89,success
832,cremad__resnet_se__loso__s0__f090,cremad,resnet_se,loso,0,90,success
833,cremad__resnet_se__loso__s1__f000,cremad,resnet_se,loso,1,0,success
834,cremad__resnet_se__loso__s1__f001,cremad,resnet_se,loso,1,1,success
835,cremad__resnet_se__loso__s1__f002,cremad,resnet_se,loso,1,2,success
836,cremad__resnet_se__loso__s1__f003,cremad,resnet_se,loso,1,3,success
837,cremad__resnet_se__loso__s1__f004,cremad,resnet_se,loso,1,4,success
838,cremad__resnet_se__loso__s1__f005,cremad,resnet_se,loso,1,5,success
839,cremad__resnet_se__loso__s1__f006,cremad,resnet_se,loso,1,6,success
840,cremad__resnet_se__loso__s1__f007,cremad,resnet_se,loso,1,7,success
841,cremad__resnet_se__loso__s1__f008,cremad,resnet_se,loso,1,8,success
842,cremad__resnet_se__loso__s1__f009,cremad,resnet_se,loso,1,9,success
843,cremad__resnet_se__loso__s1__f010,cremad,resnet_se,loso,1,10,success
844,cremad__resnet_se__loso__s1__f011,cremad,resnet_se,loso,1,11,success
845,cremad__resnet_se__loso__s1__f012,cremad,resnet_se,loso,1,12,success
846,cremad__resnet_se__loso__s1__f013,cremad,resnet_se,loso,1,13,success
847,cremad__resnet_se__loso__s1__f014,cremad,resnet_se,loso,1,14,success
848,cremad__resnet_se__loso__s1__f015,cremad,resnet_se,loso,1,15,success
849,cremad__resnet_se__loso__s1__f016,cremad,resnet_se,loso,1,16,success
850,cremad__resnet_se__loso__s1__f017,cremad,resnet_se,loso,1,17,success
851,cremad__resnet_se__loso__s1__f018,cremad,resnet_se,loso,1,18,success
852,cremad__resnet_se__loso__s1__f019,cremad,resnet_se,loso,1,19,success
853,cremad__resnet_se__loso__s1__f020,cremad,resnet_se,loso,1,20,success
854,cremad__resnet_se__loso__s1__f021,cremad,resnet_se,loso,1,21,success
855,cremad__resnet_se__loso__s1__f022,cremad,resnet_se,loso,1,22,success
856,cremad__resnet_se__loso__s1__f023,cremad,resnet_se,loso,1,23,success
857,cremad__resnet_se__loso__s1__f024,cremad,resnet_se,loso,1,24,success
858,cremad__resnet_se__loso__s1__f025,cremad,resnet_se,loso,1,25,success
859,cremad__resnet_se__loso__s1__f026,cremad,resnet_se,loso,1,26,success
860,cremad__resnet_se__loso__s1__f027,cremad,resnet_se,loso,1,27,success
861,cremad__resnet_se__loso__s1__f028,cremad,resnet_se,loso,1,28,success
862,cremad__resnet_se__loso__s1__f029,cremad,resnet_se,loso,1,29,success
863,cremad__resnet_se__loso__s1__f030,cremad,resnet_se,loso,1,30,success
864,cremad__resnet_se__loso__s1__f031,cremad,resnet_se,loso,1,31,success
865,cremad__resnet_se__loso__s1__f032,cremad,resnet_se,loso,1,32,success
866,cremad__resnet_se__loso__s1__f033,cremad,resnet_se,loso,1,33,success
867,cremad__resnet_se__loso__s1__f034,cremad,resnet_se,loso,1,34,success
868,cremad__resnet_se__loso__s1__f035,cremad,resnet_se,loso,1,35,success
869,cremad__resnet_se__loso__s1__f036,cremad,resnet_se,loso,1,36,success
870,cremad__resnet_se__loso__s1__f037,cremad,resnet_se,loso,1,37,success
871,cremad__resnet_se__loso__s1__f038,cremad,resnet_se,loso,1,38,success
872,cremad__resnet_se__loso__s1__f039,cremad,resnet_se,loso,1,39,success
873,cremad__resnet_se__loso__s1__f040,cremad,resnet_se,loso,1,40,success
874,cremad__resnet_se__loso__s1__f041,cremad,resnet_se,loso,1,41,success
875,cremad__resnet_se__loso__s1__f042,cremad,resnet_se,loso,1,42,success
876,cremad__resnet_se__loso__s1__f043,cremad,resnet_se,loso,1,43,success
877,cremad__resnet_se__loso__s1__f044,cremad,resnet_se,loso,1,44,success
878,cremad__resnet_se__loso__s1__f045,cremad,resnet_se,loso,1,45,success
879,cremad__resnet_se__loso__s1__f046,cremad,resnet_se,loso,1,46,success
880,cremad__resnet_se__loso__s1__f047,cremad,resnet_se,loso,1,47,success
881,cremad__resnet_se__loso__s1__f048,cremad,resnet_se,loso,1,48,success
882,cremad__resnet_se__loso__s1__f049,cremad,resnet_se,loso,1,49,success
883,cremad__resnet_se__loso__s1__f050,cremad,resnet_se,loso,1,50,success
884,cremad__resnet_se__loso__s1__f051,cremad,resnet_se,loso,1,51,success
885,cremad__resnet_se__loso__s1__f052,cremad,resnet_se,loso,1,52,success
886,cremad__resnet_se__loso__s1__f053,cremad,resnet_se,loso,1,53,success
887,cremad__resnet_se__loso__s1__f054,cremad,resnet_se,loso,1,54,success
888,cremad__resnet_se__loso__s1__f055,cremad,resnet_se,loso,1,55,success
889,cremad__resnet_se__loso__s1__f056,cremad,resnet_se,loso,1,56,success
890,cremad__resnet_se__loso__s1__f057,cremad,resnet_se,loso,1,57,success
891,cremad__resnet_se__loso__s1__f058,cremad,resnet_se,loso,1,58,success
892,cremad__resnet_se__loso__s1__f059,cremad,resnet_se,loso,1,59,success
893,cremad__resnet_se__loso__s1__f060,cremad,resnet_se,loso,1,60,success
894,cremad__resnet_se__loso__s1__f061,cremad,resnet_se,loso,1,61,success
895,cremad__resnet_se__loso__s1__f062,cremad,resnet_se,loso,1,62,success
896,cremad__resnet_se__loso__s1__f063,cremad,resnet_se,loso,1,63,success
897,cremad__resnet_se__loso__s1__f064,cremad,resnet_se,loso,1,64,success
898,cremad__resnet_se__loso__s1__f065,cremad,resnet_se,loso,1,65,success
899,cremad__resnet_se__loso__s1__f066,cremad,resnet_se,loso,1,66,success
900,cremad__resnet_se__loso__s1__f067,cremad,resnet_se,loso,1,67,success
901,cremad__resnet_se__loso__s1__f068,cremad,resnet_se,loso,1,68,success
902,cremad__resnet_se__loso__s1__f069,cremad,resnet_se,loso,1,69,success
903,cremad__resnet_se__loso__s1__f070,cremad,resnet_se,loso,1,70,success
904,cremad__resnet_se__loso__s1__f071,cremad,resnet_se,loso,1,71,success
905,cremad__resnet_se__loso__s1__f072,cremad,resnet_se,loso,1,72,success
906,cremad__resnet_se__loso__s1__f073,cremad,resnet_se,loso,1,73,success
907,cremad__resnet_se__loso__s1__f074,cremad,resnet_se,loso,1,74,success
908,cremad__resnet_se__loso__s1__f075,cremad,resnet_se,loso,1,75,success
909,cremad__resnet_se__loso__s1__f076,cremad,resnet_se,loso,1,76,success
910,cremad__resnet_se__loso__s1__f077,cremad,resnet_se,loso,1,77,success
911,cremad__resnet_se__loso__s1__f078,cremad,resnet_se,loso,1,78,success
912,cremad__resnet_se__loso__s1__f079,cremad,resnet_se,loso,1,79,success
913,cremad__resnet_se__loso__s1__f080,cremad,resnet_se,loso,1,80,success
914,cremad__resnet_se__loso__s1__f081,cremad,resnet_se,loso,1,81,success
915,cremad__resnet_se__loso__s1__f082,cremad,resnet_se,loso,1,82,success
916,cremad__resnet_se__loso__s1__f083,cremad,resnet_se,loso,1,83,success
917,cremad__resnet_se__loso__s1__f084,cremad,resnet_se,loso,1,84,success
918,cremad__resnet_se__loso__s1__f085,cremad,resnet_se,loso,1,85,success
919,cremad__resnet_se__loso__s1__f086,cremad,resnet_se,loso,1,86,success
920,cremad__resnet_se__loso__s1__f087,cremad,resnet_se,loso,1,87,success
921,cremad__resnet_se__loso__s1__f088,cremad,resnet_se,loso,1,88,success
922,cremad__resnet_se__loso__s1__f089,cremad,resnet_se,loso,1,89,success
923,cremad__resnet_se__loso__s1__f090,cremad,resnet_se,loso,1,90,success
924,cremad__resnet_se__loso__s2__f000,cremad,resnet_se,loso,2,0,success
925,cremad__resnet_se__loso__s2__f001,cremad,resnet_se,loso,2,1,success
926,cremad__resnet_se__loso__s2__f002,cremad,resnet_se,loso,2,2,success
927,cremad__resnet_se__loso__s2__f003,cremad,resnet_se,loso,2,3,success
928,cremad__resnet_se__loso__s2__f004,cremad,resnet_se,loso,2,4,success
929,cremad__resnet_se__loso__s2__f005,cremad,resnet_se,loso,2,5,success
930,cremad__resnet_se__loso__s2__f006,cremad,resnet_se,loso,2,6,success
931,cremad__resnet_se__loso__s2__f007,cremad,resnet_se,loso,2,7,success
932,cremad__resnet_se__loso__s2__f008,cremad,resnet_se,loso,2,8,success
933,cremad__resnet_se__loso__s2__f009,cremad,resnet_se,loso,2,9,success
934,cremad__resnet_se__loso__s2__f010,cremad,resnet_se,loso,2,10,success
935,cremad__resnet_se__loso__s2__f011,cremad,resnet_se,loso,2,11,success
936,cremad__resnet_se__loso__s2__f012,cremad,resnet_se,loso,2,12,success
937,cremad__resnet_se__loso__s2__f013,cremad,resnet_se,loso,2,13,success
938,cremad__resnet_se__loso__s2__f014,cremad,resnet_se,loso,2,14,success
939,cremad__resnet_se__loso__s2__f015,cremad,resnet_se,loso,2,15,success
940,cremad__resnet_se__loso__s2__f016,cremad,resnet_se,loso,2,16,success
941,cremad__resnet_se__loso__s2__f017,cremad,resnet_se,loso,2,17,success
942,cremad__resnet_se__loso__s2__f018,cremad,resnet_se,loso,2,18,success
943,cremad__resnet_se__loso__s2__f019,cremad,resnet_se,loso,2,19,success
944,cremad__resnet_se__loso__s2__f020,cremad,resnet_se,loso,2,20,success
945,cremad__resnet_se__loso__s2__f021,cremad,resnet_se,loso,2,21,success
946,cremad__resnet_se__loso__s2__f022,cremad,resnet_se,loso,2,22,success
947,cremad__resnet_se__loso__s2__f023,cremad,resnet_se,loso,2,23,success
948,cremad__resnet_se__loso__s2__f024,cremad,resnet_se,loso,2,24,success
949,cremad__resnet_se__loso__s2__f025,cremad,resnet_se,loso,2,25,success
950,cremad__resnet_se__loso__s2__f026,cremad,resnet_se,loso,2,26,success
951,cremad__resnet_se__loso__s2__f027,cremad,resnet_se,loso,2,27,success
952,cremad__resnet_se__loso__s2__f028,cremad,resnet_se,loso,2,28,success
953,cremad__resnet_se__loso__s2__f029,cremad,resnet_se,loso,2,29,success
954,cremad__resnet_se__loso__s2__f030,cremad,resnet_se,loso,2,30,success
955,cremad__resnet_se__loso__s2__f031,cremad,resnet_se,loso,2,31,success
956,cremad__resnet_se__loso__s2__f032,cremad,resnet_se,loso,2,32,success
957,cremad__resnet_se__loso__s2__f033,cremad,resnet_se,loso,2,33,success
958,cremad__resnet_se__loso__s2__f034,cremad,resnet_se,loso,2,34,success
959,cremad__resnet_se__loso__s2__f035,cremad,resnet_se,loso,2,35,success
960,cremad__resnet_se__loso__s2__f036,cremad,resnet_se,loso,2,36,success
961,cremad__resnet_se__loso__s2__f037,cremad,resnet_se,loso,2,37,success
962,cremad__resnet_se__loso__s2__f038,cremad,resnet_se,loso,2,38,success
963,cremad__resnet_se__loso__s2__f039,cremad,resnet_se,loso,2,39,success
964,cremad__resnet_se__loso__s2__f040,cremad,resnet_se,loso,2,40,success
965,cremad__resnet_se__loso__s2__f041,cremad,resnet_se,loso,2,41,success
966,cremad__resnet_se__loso__s2__f042,cremad,resnet_se,loso,2,42,success
967,cremad__resnet_se__loso__s2__f043,cremad,resnet_se,loso,2,43,success
968,cremad__resnet_se__loso__s2__f044,cremad,resnet_se,loso,2,44,success
969,cremad__resnet_se__loso__s2__f045,cremad,resnet_se,loso,2,45,success
970,cremad__resnet_se__loso__s2__f046,cremad,resnet_se,loso,2,46,success
971,cremad__resnet_se__loso__s2__f047,cremad,resnet_se,loso,2,47,success
972,cremad__resnet_se__loso__s2__f048,cremad,resnet_se,loso,2,48,success
973,cremad__resnet_se__loso__s2__f049,cremad,resnet_se,loso,2,49,success
974,cremad__resnet_se__loso__s2__f050,cremad,resnet_se,loso,2,50,success
975,cremad__resnet_se__loso__s2__f051,cremad,resnet_se,loso,2,51,success
976,cremad__resnet_se__loso__s2__f052,cremad,resnet_se,loso,2,52,success
977,cremad__resnet_se__loso__s2__f053,cremad,resnet_se,loso,2,53,success
978,cremad__resnet_se__loso__s2__f054,cremad,resnet_se,loso,2,54,success
979,cremad__resnet_se__loso__s2__f055,cremad,resnet_se,loso,2,55,success
980,cremad__resnet_se__loso__s2__f056,cremad,resnet_se,loso,2,56,success
981,cremad__resnet_se__loso__s2__f057,cremad,resnet_se,loso,2,57,success
982,cremad__resnet_se__loso__s2__f058,cremad,resnet_se,loso,2,58,success
983,cremad__resnet_se__loso__s2__f059,cremad,resnet_se,loso,2,59,success
984,cremad__resnet_se__loso__s2__f060,cremad,resnet_se,loso,2,60,success
985,cremad__resnet_se__loso__s2__f061,cremad,resnet_se,loso,2,61,success
986,cremad__resnet_se__loso__s2__f062,cremad,resnet_se,loso,2,62,success
987,cremad__resnet_se__loso__s2__f063,cremad,resnet_se,loso,2,63,success
988,cremad__resnet_se__loso__s2__f064,cremad,resnet_se,loso,2,64,success
989,cremad__resnet_se__loso__s2__f065,cremad,resnet_se,loso,2,65,success
990,cremad__resnet_se__loso__s2__f066,cremad,resnet_se,loso,2,66,success
991,cremad__resnet_se__loso__s2__f067,cremad,resnet_se,loso,2,67,success
992,cremad__resnet_se__loso__s2__f068,cremad,resnet_se,loso,2,68,success
993,cremad__resnet_se__loso__s2__f069,cremad,resnet_se,loso,2,69,success
994,cremad__resnet_se__loso__s2__f070,cremad,resnet_se,loso,2,70,success
995,cremad__resnet_se__loso__s2__f071,cremad,resnet_se,loso,2,71,success
996,cremad__resnet_se__loso__s2__f072,cremad,resnet_se,loso,2,72,success
997,cremad__resnet_se__loso__s2__f073,cremad,resnet_se,loso,2,73,success
998,cremad__resnet_se__loso__s2__f074,cremad,resnet_se,loso,2,74,success
999,cremad__resnet_se__loso__s2__f075,cremad,resnet_se,loso,2,75,success
1000,cremad__resnet_se__loso__s2__f076,cremad,resnet_se,loso,2,76,success
1001,cremad__resnet_se__loso__s2__f077,cremad,resnet_se,loso,2,77,success
1002,cremad__resnet_se__loso__s2__f078,cremad,resnet_se,loso,2,78,success
1003,cremad__resnet_se__loso__s2__f079,cremad,resnet_se,loso,2,79,success
1004,cremad__resnet_se__loso__s2__f080,cremad,resnet_se,loso,2,80,success
1005,cremad__resnet_se__loso__s2__f081,cremad,resnet_se,loso,2,81,success
1006,cremad__resnet_se__loso__s2__f082,cremad,resnet_se,loso,2,82,success
1007,cremad__resnet_se__loso__s2__f083,cremad,resnet_se,loso,2,83,success
1008,cremad__resnet_se__loso__s2__f084,cremad,resnet_se,loso,2,84,success
1009,cremad__resnet_se__loso__s2__f085,cremad,resnet_se,loso,2,85,success
1010,cremad__resnet_se__loso__s2__f086,cremad,resnet_se,loso,2,86,success
1011,cremad__resnet_se__loso__s2__f087,cremad,resnet_se,loso,2,87,success
1012,cremad__resnet_se__loso__s2__f088,cremad,resnet_se,loso,2,88,success
1013,cremad__resnet_se__loso__s2__f089,cremad,resnet_se,loso,2,89,success
1014,cremad__resnet_se__loso__s2__f090,cremad,resnet_se,loso,2,90,success
1015,cremad__transformer__random__s0__f000,cremad,transformer,random,0,0,success
1016,cremad__transformer__random__s0__f001,cremad,transformer,random,0,1,success
1017,cremad__transformer__random__s0__f002,cremad,transformer,random,0,2,success
1018,cremad__transformer__random__s0__f003,cremad,transformer,random,0,3,success
1019,cremad__transformer__random__s0__f004,cremad,transformer,random,0,4,success
1020,cremad__transformer__random__s1__f000,cremad,transformer,random,1,0,success
1021,cremad__transformer__random__s1__f001,cremad,transformer,random,1,1,success
1022,cremad__transformer__random__s1__f002,cremad,transformer,random,1,2,success
1023,cremad__transformer__random__s1__f003,cremad,transformer,random,1,3,success
1024,cremad__transformer__random__s1__f004,cremad,transformer,random,1,4,success
1025,cremad__transformer__random__s2__f000,cremad,transformer,random,2,0,success
1026,cremad__transformer__random__s2__f001,cremad,transformer,random,2,1,success
1027,cremad__transformer__random__s2__f002,cremad,transformer,random,2,2,success
1028,cremad__transformer__random__s2__f003,cremad,transformer,random,2,3,success
1029,cremad__transformer__random__s2__f004,cremad,transformer,random,2,4,success
1030,cremad__transformer__groupkfold__s0__f000,cremad,transformer,groupkfold,0,0,success
1031,cremad__transformer__groupkfold__s0__f001,cremad,transformer,groupkfold,0,1,success
1032,cremad__transformer__groupkfold__s0__f002,cremad,transformer,groupkfold,0,2,success
1033,cremad__transformer__groupkfold__s0__f003,cremad,transformer,groupkfold,0,3,success
1034,cremad__transformer__groupkfold__s0__f004,cremad,transformer,groupkfold,0,4,success
1035,cremad__transformer__groupkfold__s1__f000,cremad,transformer,groupkfold,1,0,success
1036,cremad__transformer__groupkfold__s1__f001,cremad,transformer,groupkfold,1,1,success
1037,cremad__transformer__groupkfold__s1__f002,cremad,transformer,groupkfold,1,2,success
1038,cremad__transformer__groupkfold__s1__f003,cremad,transformer,groupkfold,1,3,success
1039,cremad__transformer__groupkfold__s1__f004,cremad,transformer,groupkfold,1,4,success
1040,cremad__transformer__groupkfold__s2__f000,cremad,transformer,groupkfold,2,0,success
1041,cremad__transformer__groupkfold__s2__f001,cremad,transformer,groupkfold,2,1,success
1042,cremad__transformer__groupkfold__s2__f002,cremad,transformer,groupkfold,2,2,success
1043,cremad__transformer__groupkfold__s2__f003,cremad,transformer,groupkfold,2,3,success
1044,cremad__transformer__groupkfold__s2__f004,cremad,transformer,groupkfold,2,4,success
1045,cremad__transformer__loso__s0__f000,cremad,transformer,loso,0,0,success
1046,cremad__transformer__loso__s0__f001,cremad,transformer,loso,0,1,success
1047,cremad__transformer__loso__s0__f002,cremad,transformer,loso,0,2,success
1048,cremad__transformer__loso__s0__f003,cremad,transformer,loso,0,3,success
1049,cremad__transformer__loso__s0__f004,cremad,transformer,loso,0,4,success
1050,cremad__transformer__loso__s0__f005,cremad,transformer,loso,0,5,success
1051,cremad__transformer__loso__s0__f006,cremad,transformer,loso,0,6,success
1052,cremad__transformer__loso__s0__f007,cremad,transformer,loso,0,7,success
1053,cremad__transformer__loso__s0__f008,cremad,transformer,loso,0,8,success
1054,cremad__transformer__loso__s0__f009,cremad,transformer,loso,0,9,success
1055,cremad__transformer__loso__s0__f010,cremad,transformer,loso,0,10,success
1056,cremad__transformer__loso__s0__f011,cremad,transformer,loso,0,11,success
1057,cremad__transformer__loso__s0__f012,cremad,transformer,loso,0,12,success
1058,cremad__transformer__loso__s0__f013,cremad,transformer,loso,0,13,success
1059,cremad__transformer__loso__s0__f014,cremad,transformer,loso,0,14,success
1060,cremad__transformer__loso__s0__f015,cremad,transformer,loso,0,15,success
1061,cremad__transformer__loso__s0__f016,cremad,transformer,loso,0,16,success
1062,cremad__transformer__loso__s0__f017,cremad,transformer,loso,0,17,success
1063,cremad__transformer__loso__s0__f018,cremad,transformer,loso,0,18,success
1064,cremad__transformer__loso__s0__f019,cremad,transformer,loso,0,19,success
1065,cremad__transformer__loso__s0__f020,cremad,transformer,loso,0,20,success
1066,cremad__transformer__loso__s0__f021,cremad,transformer,loso,0,21,success
1067,cremad__transformer__loso__s0__f022,cremad,transformer,loso,0,22,success
1068,cremad__transformer__loso__s0__f023,cremad,transformer,loso,0,23,success
1069,cremad__transformer__loso__s0__f024,cremad,transformer,loso,0,24,success
1070,cremad__transformer__loso__s0__f025,cremad,transformer,loso,0,25,success
1071,cremad__transformer__loso__s0__f026,cremad,transformer,loso,0,26,success
1072,cremad__transformer__loso__s0__f027,cremad,transformer,loso,0,27,success
1073,cremad__transformer__loso__s0__f028,cremad,transformer,loso,0,28,success
1074,cremad__transformer__loso__s0__f029,cremad,transformer,loso,0,29,success
1075,cremad__transformer__loso__s0__f030,cremad,transformer,loso,0,30,success
1076,cremad__transformer__loso__s0__f031,cremad,transformer,loso,0,31,success
1077,cremad__transformer__loso__s0__f032,cremad,transformer,loso,0,32,success
1078,cremad__transformer__loso__s0__f033,cremad,transformer,loso,0,33,success
1079,cremad__transformer__loso__s0__f034,cremad,transformer,loso,0,34,success
1080,cremad__transformer__loso__s0__f035,cremad,transformer,loso,0,35,success
1081,cremad__transformer__loso__s0__f036,cremad,transformer,loso,0,36,success
1082,cremad__transformer__loso__s0__f037,cremad,transformer,loso,0,37,success
1083,cremad__transformer__loso__s0__f038,cremad,transformer,loso,0,38,success
1084,cremad__transformer__loso__s0__f039,cremad,transformer,loso,0,39,success
1085,cremad__transformer__loso__s0__f040,cremad,transformer,loso,0,40,success
1086,cremad__transformer__loso__s0__f041,cremad,transformer,loso,0,41,success
1087,cremad__transformer__loso__s0__f042,cremad,transformer,loso,0,42,success
1088,cremad__transformer__loso__s0__f043,cremad,transformer,loso,0,43,success
1089,cremad__transformer__loso__s0__f044,cremad,transformer,loso,0,44,success
1090,cremad__transformer__loso__s0__f045,cremad,transformer,loso,0,45,success
1091,cremad__transformer__loso__s0__f046,cremad,transformer,loso,0,46,success
1092,cremad__transformer__loso__s0__f047,cremad,transformer,loso,0,47,success
1093,cremad__transformer__loso__s0__f048,cremad,transformer,loso,0,48,success
1094,cremad__transformer__loso__s0__f049,cremad,transformer,loso,0,49,success
1095,cremad__transformer__loso__s0__f050,cremad,transformer,loso,0,50,success
1096,cremad__transformer__loso__s0__f051,cremad,transformer,loso,0,51,success
1097,cremad__transformer__loso__s0__f052,cremad,transformer,loso,0,52,success
1098,cremad__transformer__loso__s0__f053,cremad,transformer,loso,0,53,success
1099,cremad__transformer__loso__s0__f054,cremad,transformer,loso,0,54,success
1100,cremad__transformer__loso__s0__f055,cremad,transformer,loso,0,55,success
1101,cremad__transformer__loso__s0__f056,cremad,transformer,loso,0,56,success
1102,cremad__transformer__loso__s0__f057,cremad,transformer,loso,0,57,success
1103,cremad__transformer__loso__s0__f058,cremad,transformer,loso,0,58,success
1104,cremad__transformer__loso__s0__f059,cremad,transformer,loso,0,59,success
1105,cremad__transformer__loso__s0__f060,cremad,transformer,loso,0,60,success
1106,cremad__transformer__loso__s0__f061,cremad,transformer,loso,0,61,success
1107,cremad__transformer__loso__s0__f062,cremad,transformer,loso,0,62,success
1108,cremad__transformer__loso__s0__f063,cremad,transformer,loso,0,63,success
1109,cremad__transformer__loso__s0__f064,cremad,transformer,loso,0,64,success
1110,cremad__transformer__loso__s0__f065,cremad,transformer,loso,0,65,success
1111,cremad__transformer__loso__s0__f066,cremad,transformer,loso,0,66,success
1112,cremad__transformer__loso__s0__f067,cremad,transformer,loso,0,67,success
1113,cremad__transformer__loso__s0__f068,cremad,transformer,loso,0,68,success
1114,cremad__transformer__loso__s0__f069,cremad,transformer,loso,0,69,success
1115,cremad__transformer__loso__s0__f070,cremad,transformer,loso,0,70,success
1116,cremad__transformer__loso__s0__f071,cremad,transformer,loso,0,71,success
1117,cremad__transformer__loso__s0__f072,cremad,transformer,loso,0,72,success
1118,cremad__transformer__loso__s0__f073,cremad,transformer,loso,0,73,success
1119,cremad__transformer__loso__s0__f074,cremad,transformer,loso,0,74,success
1120,cremad__transformer__loso__s0__f075,cremad,transformer,loso,0,75,success
1121,cremad__transformer__loso__s0__f076,cremad,transformer,loso,0,76,success
1122,cremad__transformer__loso__s0__f077,cremad,transformer,loso,0,77,success
1123,cremad__transformer__loso__s0__f078,cremad,transformer,loso,0,78,success
1124,cremad__transformer__loso__s0__f079,cremad,transformer,loso,0,79,success
1125,cremad__transformer__loso__s0__f080,cremad,transformer,loso,0,80,success
1126,cremad__transformer__loso__s0__f081,cremad,transformer,loso,0,81,success
1127,cremad__transformer__loso__s0__f082,cremad,transformer,loso,0,82,success
1128,cremad__transformer__loso__s0__f083,cremad,transformer,loso,0,83,success
1129,cremad__transformer__loso__s0__f084,cremad,transformer,loso,0,84,success
1130,cremad__transformer__loso__s0__f085,cremad,transformer,loso,0,85,success
1131,cremad__transformer__loso__s0__f086,cremad,transformer,loso,0,86,success
1132,cremad__transformer__loso__s0__f087,cremad,transformer,loso,0,87,success
1133,cremad__transformer__loso__s0__f088,cremad,transformer,loso,0,88,success
1134,cremad__transformer__loso__s0__f089,cremad,transformer,loso,0,89,success
1135,cremad__transformer__loso__s0__f090,cremad,transformer,loso,0,90,success
1136,cremad__transformer__loso__s1__f000,cremad,transformer,loso,1,0,success
1137,cremad__transformer__loso__s1__f001,cremad,transformer,loso,1,1,success
1138,cremad__transformer__loso__s1__f002,cremad,transformer,loso,1,2,success
1139,cremad__transformer__loso__s1__f003,cremad,transformer,loso,1,3,success
1140,cremad__transformer__loso__s1__f004,cremad,transformer,loso,1,4,success
1141,cremad__transformer__loso__s1__f005,cremad,transformer,loso,1,5,success
1142,cremad__transformer__loso__s1__f006,cremad,transformer,loso,1,6,success
1143,cremad__transformer__loso__s1__f007,cremad,transformer,loso,1,7,success
1144,cremad__transformer__loso__s1__f008,cremad,transformer,loso,1,8,success
1145,cremad__transformer__loso__s1__f009,cremad,transformer,loso,1,9,success
1146,cremad__transformer__loso__s1__f010,cremad,transformer,loso,1,10,success
1147,cremad__transformer__loso__s1__f011,cremad,transformer,loso,1,11,success
1148,cremad__transformer__loso__s1__f012,cremad,transformer,loso,1,12,success
1149,cremad__transformer__loso__s1__f013,cremad,transformer,loso,1,13,success
1150,cremad__transformer__loso__s1__f014,cremad,transformer,loso,1,14,success
1151,cremad__transformer__loso__s1__f015,cremad,transformer,loso,1,15,success
1152,cremad__transformer__loso__s1__f016,cremad,transformer,loso,1,16,success
1153,cremad__transformer__loso__s1__f017,cremad,transformer,loso,1,17,success
1154,cremad__transformer__loso__s1__f018,cremad,transformer,loso,1,18,success
1155,cremad__transformer__loso__s1__f019,cremad,transformer,loso,1,19,success
1156,cremad__transformer__loso__s1__f020,cremad,transformer,loso,1,20,success
1157,cremad__transformer__loso__s1__f021,cremad,transformer,loso,1,21,success
1158,cremad__transformer__loso__s1__f022,cremad,transformer,loso,1,22,success
1159,cremad__transformer__loso__s1__f023,cremad,transformer,loso,1,23,success
1160,cremad__transformer__loso__s1__f024,cremad,transformer,loso,1,24,success
1161,cremad__transformer__loso__s1__f025,cremad,transformer,loso,1,25,success
1162,cremad__transformer__loso__s1__f026,cremad,transformer,loso,1,26,success
1163,cremad__transformer__loso__s1__f027,cremad,transformer,loso,1,27,success
1164,cremad__transformer__loso__s1__f028,cremad,transformer,loso,1,28,success
1165,cremad__transformer__loso__s1__f029,cremad,transformer,loso,1,29,success
1166,cremad__transformer__loso__s1__f030,cremad,transformer,loso,1,30,success
1167,cremad__transformer__loso__s1__f031,cremad,transformer,loso,1,31,success
1168,cremad__transformer__loso__s1__f032,cremad,transformer,loso,1,32,success
1169,cremad__transformer__loso__s1__f033,cremad,transformer,loso,1,33,success
1170,cremad__transformer__loso__s1__f034,cremad,transformer,loso,1,34,success
1171,cremad__transformer__loso__s1__f035,cremad,transformer,loso,1,35,success
1172,cremad__transformer__loso__s1__f036,cremad,transformer,loso,1,36,success
1173,cremad__transformer__loso__s1__f037,cremad,transformer,loso,1,37,success
1174,cremad__transformer__loso__s1__f038,cremad,transformer,loso,1,38,success
1175,cremad__transformer__loso__s1__f039,cremad,transformer,loso,1,39,success
1176,cremad__transformer__loso__s1__f040,cremad,transformer,loso,1,40,success
1177,cremad__transformer__loso__s1__f041,cremad,transformer,loso,1,41,success
1178,cremad__transformer__loso__s1__f042,cremad,transformer,loso,1,42,success
1179,cremad__transformer__loso__s1__f043,cremad,transformer,loso,1,43,success
1180,cremad__transformer__loso__s1__f044,cremad,transformer,loso,1,44,success
1181,cremad__transformer__loso__s1__f045,cremad,transformer,loso,1,45,success
1182,cremad__transformer__loso__s1__f046,cremad,transformer,loso,1,46,success
1183,cremad__transformer__loso__s1__f047,cremad,transformer,loso,1,47,success
1184,cremad__transformer__loso__s1__f048,cremad,transformer,loso,1,48,success
1185,cremad__transformer__loso__s1__f049,cremad,transformer,loso,1,49,success
1186,cremad__transformer__loso__s1__f050,cremad,transformer,loso,1,50,success
1187,cremad__transformer__loso__s1__f051,cremad,transformer,loso,1,51,success
1188,cremad__transformer__loso__s1__f052,cremad,transformer,loso,1,52,success
1189,cremad__transformer__loso__s1__f053,cremad,transformer,loso,1,53,success
1190,cremad__transformer__loso__s1__f054,cremad,transformer,loso,1,54,success
1191,cremad__transformer__loso__s1__f055,cremad,transformer,loso,1,55,success
1192,cremad__transformer__loso__s1__f056,cremad,transformer,loso,1,56,success
1193,cremad__transformer__loso__s1__f057,cremad,transformer,loso,1,57,success
1194,cremad__transformer__loso__s1__f058,cremad,transformer,loso,1,58,success
1195,cremad__transformer__loso__s1__f059,cremad,transformer,loso,1,59,success
1196,cremad__transformer__loso__s1__f060,cremad,transformer,loso,1,60,success
1197,cremad__transformer__loso__s1__f061,cremad,transformer,loso,1,61,success
1198,cremad__transformer__loso__s1__f062,cremad,transformer,loso,1,62,success
1199,cremad__transformer__loso__s1__f063,cremad,transformer,loso,1,63,success
1200,cremad__transformer__loso__s1__f064,cremad,transformer,loso,1,64,success
1201,cremad__transformer__loso__s1__f065,cremad,transformer,loso,1,65,success
1202,cremad__transformer__loso__s1__f066,cremad,transformer,loso,1,66,success
1203,cremad__transformer__loso__s1__f067,cremad,transformer,loso,1,67,success
1204,cremad__transformer__loso__s1__f068,cremad,transformer,loso,1,68,success
1205,cremad__transformer__loso__s1__f069,cremad,transformer,loso,1,69,success
1206,cremad__transformer__loso__s1__f070,cremad,transformer,loso,1,70,success
1207,cremad__transformer__loso__s1__f071,cremad,transformer,loso,1,71,success
1208,cremad__transformer__loso__s1__f072,cremad,transformer,loso,1,72,success
1209,cremad__transformer__loso__s1__f073,cremad,transformer,loso,1,73,success
1210,cremad__transformer__loso__s1__f074,cremad,transformer,loso,1,74,success
1211,cremad__transformer__loso__s1__f075,cremad,transformer,loso,1,75,success
1212,cremad__transformer__loso__s1__f076,cremad,transformer,loso,1,76,success
1213,cremad__transformer__loso__s1__f077,cremad,transformer,loso,1,77,success
1214,cremad__transformer__loso__s1__f078,cremad,transformer,loso,1,78,success
1215,cremad__transformer__loso__s1__f079,cremad,transformer,loso,1,79,success
1216,cremad__transformer__loso__s1__f080,cremad,transformer,loso,1,80,success
1217,cremad__transformer__loso__s1__f081,cremad,transformer,loso,1,81,success
1218,cremad__transformer__loso__s1__f082,cremad,transformer,loso,1,82,success
1219,cremad__transformer__loso__s1__f083,cremad,transformer,loso,1,83,success
1220,cremad__transformer__loso__s1__f084,cremad,transformer,loso,1,84,success
1221,cremad__transformer__loso__s1__f085,cremad,transformer,loso,1,85,success
1222,cremad__transformer__loso__s1__f086,cremad,transformer,loso,1,86,success
1223,cremad__transformer__loso__s1__f087,cremad,transformer,loso,1,87,success
1224,cremad__transformer__loso__s1__f088,cremad,transformer,loso,1,88,success
1225,cremad__transformer__loso__s1__f089,cremad,transformer,loso,1,89,success
1226,cremad__transformer__loso__s1__f090,cremad,transformer,loso,1,90,success
1227,cremad__transformer__loso__s2__f000,cremad,transformer,loso,2,0,success
1228,cremad__transformer__loso__s2__f001,cremad,transformer,loso,2,1,success
1229,cremad__transformer__loso__s2__f002,cremad,transformer,loso,2,2,success
1230,cremad__transformer__loso__s2__f003,cremad,transformer,loso,2,3,success
1231,cremad__transformer__loso__s2__f004,cremad,transformer,loso,2,4,success
1232,cremad__transformer__loso__s2__f005,cremad,transformer,loso,2,5,success
1233,cremad__transformer__loso__s2__f006,cremad,transformer,loso,2,6,success
1234,cremad__transformer__loso__s2__f007,cremad,transformer,loso,2,7,success
1235,cremad__transformer__loso__s2__f008,cremad,transformer,loso,2,8,success
1236,cremad__transformer__loso__s2__f009,cremad,transformer,loso,2,9,success
1237,cremad__transformer__loso__s2__f010,cremad,transformer,loso,2,10,success
1238,cremad__transformer__loso__s2__f011,cremad,transformer,loso,2,11,success
1239,cremad__transformer__loso__s2__f012,cremad,transformer,loso,2,12,success
1240,cremad__transformer__loso__s2__f013,cremad,transformer,loso,2,13,success
1241,cremad__transformer__loso__s2__f014,cremad,transformer,loso,2,14,success
1242,cremad__transformer__loso__s2__f015,cremad,transformer,loso,2,15,success
1243,cremad__transformer__loso__s2__f016,cremad,transformer,loso,2,16,success
1244,cremad__transformer__loso__s2__f017,cremad,transformer,loso,2,17,success
1245,cremad__transformer__loso__s2__f018,cremad,transformer,loso,2,18,success
1246,cremad__transformer__loso__s2__f019,cremad,transformer,loso,2,19,success
1247,cremad__transformer__loso__s2__f020,cremad,transformer,loso,2,20,success
1248,cremad__transformer__loso__s2__f021,cremad,transformer,loso,2,21,success
1249,cremad__transformer__loso__s2__f022,cremad,transformer,loso,2,22,success
1250,cremad__transformer__loso__s2__f023,cremad,transformer,loso,2,23,success
1251,cremad__transformer__loso__s2__f024,cremad,transformer,loso,2,24,success
1252,cremad__transformer__loso__s2__f025,cremad,transformer,loso,2,25,success
1253,cremad__transformer__loso__s2__f026,cremad,transformer,loso,2,26,success
1254,cremad__transformer__loso__s2__f027,cremad,transformer,loso,2,27,success
1255,cremad__transformer__loso__s2__f028,cremad,transformer,loso,2,28,success
1256,cremad__transformer__loso__s2__f029,cremad,transformer,loso,2,29,success
1257,cremad__transformer__loso__s2__f030,cremad,transformer,loso,2,30,success
1258,cremad__transformer__loso__s2__f031,cremad,transformer,loso,2,31,success
1259,cremad__transformer__loso__s2__f032,cremad,transformer,loso,2,32,success
1260,cremad__transformer__loso__s2__f033,cremad,transformer,loso,2,33,success
1261,cremad__transformer__loso__s2__f034,cremad,transformer,loso,2,34,success
1262,cremad__transformer__loso__s2__f035,cremad,transformer,loso,2,35,success
1263,cremad__transformer__loso__s2__f036,cremad,transformer,loso,2,36,success
1264,cremad__transformer__loso__s2__f037,cremad,transformer,loso,2,37,success
1265,cremad__transformer__loso__s2__f038,cremad,transformer,loso,2,38,success
1266,cremad__transformer__loso__s2__f039,cremad,transformer,loso,2,39,success
1267,cremad__transformer__loso__s2__f040,cremad,transformer,loso,2,40,success
1268,cremad__transformer__loso__s2__f041,cremad,transformer,loso,2,41,success
1269,cremad__transformer__loso__s2__f042,cremad,transformer,loso,2,42,success
1270,cremad__transformer__loso__s2__f043,cremad,transformer,loso,2,43,success
1271,cremad__transformer__loso__s2__f044,cremad,transformer,loso,2,44,success
1272,cremad__transformer__loso__s2__f045,cremad,transformer,loso,2,45,success
1273,cremad__transformer__loso__s2__f046,cremad,transformer,loso,2,46,success
1274,cremad__transformer__loso__s2__f047,cremad,transformer,loso,2,47,success
1275,cremad__transformer__loso__s2__f048,cremad,transformer,loso,2,48,success
1276,cremad__transformer__loso__s2__f049,cremad,transformer,loso,2,49,success
1277,cremad__transformer__loso__s2__f050,cremad,transformer,loso,2,50,success
1278,cremad__transformer__loso__s2__f051,cremad,transformer,loso,2,51,success
1279,cremad__transformer__loso__s2__f052,cremad,transformer,loso,2,52,success
1280,cremad__transformer__loso__s2__f053,cremad,transformer,loso,2,53,success
1281,cremad__transformer__loso__s2__f054,cremad,transformer,loso,2,54,success
1282,cremad__transformer__loso__s2__f055,cremad,transformer,loso,2,55,success
1283,cremad__transformer__loso__s2__f056,cremad,transformer,loso,2,56,success
1284,cremad__transformer__loso__s2__f057,cremad,transformer,loso,2,57,success
1285,cremad__transformer__loso__s2__f058,cremad,transformer,loso,2,58,success
1286,cremad__transformer__loso__s2__f059,cremad,transformer,loso,2,59,success
1287,cremad__transformer__loso__s2__f060,cremad,transformer,loso,2,60,success
1288,cremad__transformer__loso__s2__f061,cremad,transformer,loso,2,61,success
1289,cremad__transformer__loso__s2__f062,cremad,transformer,loso,2,62,success
1290,cremad__transformer__loso__s2__f063,cremad,transformer,loso,2,63,success
1291,cremad__transformer__loso__s2__f064,cremad,transformer,loso,2,64,success
1292,cremad__transformer__loso__s2__f065,cremad,transformer,loso,2,65,success
1293,cremad__transformer__loso__s2__f066,cremad,transformer,loso,2,66,success
1294,cremad__transformer__loso__s2__f067,cremad,transformer,loso,2,67,success
1295,cremad__transformer__loso__s2__f068,cremad,transformer,loso,2,68,success
1296,cremad__transformer__loso__s2__f069,cremad,transformer,loso,2,69,success
1297,cremad__transformer__loso__s2__f070,cremad,transformer,loso,2,70,success
1298,cremad__transformer__loso__s2__f071,cremad,transformer,loso,2,71,success
1299,cremad__transformer__loso__s2__f072,cremad,transformer,loso,2,72,success
1300,cremad__transformer__loso__s2__f073,cremad,transformer,loso,2,73,success
1301,cremad__transformer__loso__s2__f074,cremad,transformer,loso,2,74,success
1302,cremad__transformer__loso__s2__f075,cremad,transformer,loso,2,75,success
1303,cremad__transformer__loso__s2__f076,cremad,transformer,loso,2,76,success
1304,cremad__transformer__loso__s2__f077,cremad,transformer,loso,2,77,success
1305,cremad__transformer__loso__s2__f078,cremad,transformer,loso,2,78,success
1306,cremad__transformer__loso__s2__f079,cremad,transformer,loso,2,79,success
1307,cremad__transformer__loso__s2__f080,cremad,transformer,loso,2,80,success
1308,cremad__transformer__loso__s2__f081,cremad,transformer,loso,2,81,success
1309,cremad__transformer__loso__s2__f082,cremad,transformer,loso,2,82,success
1310,cremad__transformer__loso__s2__f083,cremad,transformer,loso,2,83,success
1311,cremad__transformer__loso__s2__f084,cremad,transformer,loso,2,84,success
1312,cremad__transformer__loso__s2__f085,cremad,transformer,loso,2,85,success
1313,cremad__transformer__loso__s2__f086,cremad,transformer,loso,2,86,success
1314,cremad__transformer__loso__s2__f087,cremad,transformer,loso,2,87,success
1315,cremad__transformer__loso__s2__f088,cremad,transformer,loso,2,88,success
1316,cremad__transformer__loso__s2__f089,cremad,transformer,loso,2,89,success
1317,cremad__transformer__loso__s2__f090,cremad,transformer,loso,2,90,success
1318,cremad__fno__random__s0__f000,cremad,fno,random,0,0,success
1319,cremad__fno__random__s0__f001,cremad,fno,random,0,1,success
1320,cremad__fno__random__s0__f002,cremad,fno,random,0,2,success
1321,cremad__fno__random__s0__f003,cremad,fno,random,0,3,success
1322,cremad__fno__random__s0__f004,cremad,fno,random,0,4,success
1323,cremad__fno__random__s1__f000,cremad,fno,random,1,0,success
1324,cremad__fno__random__s1__f001,cremad,fno,random,1,1,success
1325,cremad__fno__random__s1__f002,cremad,fno,random,1,2,success
1326,cremad__fno__random__s1__f003,cremad,fno,random,1,3,success
1327,cremad__fno__random__s1__f004,cremad,fno,random,1,4,success
1328,cremad__fno__random__s2__f000,cremad,fno,random,2,0,success
1329,cremad__fno__random__s2__f001,cremad,fno,random,2,1,success
1330,cremad__fno__random__s2__f002,cremad,fno,random,2,2,success
1331,cremad__fno__random__s2__f003,cremad,fno,random,2,3,success
1332,cremad__fno__random__s2__f004,cremad,fno,random,2,4,success
1333,cremad__fno__groupkfold__s0__f000,cremad,fno,groupkfold,0,0,success
1334,cremad__fno__groupkfold__s0__f001,cremad,fno,groupkfold,0,1,success
1335,cremad__fno__groupkfold__s0__f002,cremad,fno,groupkfold,0,2,success
1336,cremad__fno__groupkfold__s0__f003,cremad,fno,groupkfold,0,3,success
1337,cremad__fno__groupkfold__s0__f004,cremad,fno,groupkfold,0,4,success
1338,cremad__fno__groupkfold__s1__f000,cremad,fno,groupkfold,1,0,success
1339,cremad__fno__groupkfold__s1__f001,cremad,fno,groupkfold,1,1,success
1340,cremad__fno__groupkfold__s1__f002,cremad,fno,groupkfold,1,2,success
1341,cremad__fno__groupkfold__s1__f003,cremad,fno,groupkfold,1,3,success
1342,cremad__fno__groupkfold__s1__f004,cremad,fno,groupkfold,1,4,success
1343,cremad__fno__groupkfold__s2__f000,cremad,fno,groupkfold,2,0,success
1344,cremad__fno__groupkfold__s2__f001,cremad,fno,groupkfold,2,1,success
1345,cremad__fno__groupkfold__s2__f002,cremad,fno,groupkfold,2,2,success
1346,cremad__fno__groupkfold__s2__f003,cremad,fno,groupkfold,2,3,success
1347,cremad__fno__groupkfold__s2__f004,cremad,fno,groupkfold,2,4,success
1348,cremad__fno__loso__s0__f000,cremad,fno,loso,0,0,success
1349,cremad__fno__loso__s0__f001,cremad,fno,loso,0,1,success
1350,cremad__fno__loso__s0__f002,cremad,fno,loso,0,2,success
1351,cremad__fno__loso__s0__f003,cremad,fno,loso,0,3,success
1352,cremad__fno__loso__s0__f004,cremad,fno,loso,0,4,success
1353,cremad__fno__loso__s0__f005,cremad,fno,loso,0,5,success
1354,cremad__fno__loso__s0__f006,cremad,fno,loso,0,6,success
1355,cremad__fno__loso__s0__f007,cremad,fno,loso,0,7,success
1356,cremad__fno__loso__s0__f008,cremad,fno,loso,0,8,success
1357,cremad__fno__loso__s0__f009,cremad,fno,loso,0,9,success
1358,cremad__fno__loso__s0__f010,cremad,fno,loso,0,10,success
1359,cremad__fno__loso__s0__f011,cremad,fno,loso,0,11,success
1360,cremad__fno__loso__s0__f012,cremad,fno,loso,0,12,success
1361,cremad__fno__loso__s0__f013,cremad,fno,loso,0,13,success
1362,cremad__fno__loso__s0__f014,cremad,fno,loso,0,14,success
1363,cremad__fno__loso__s0__f015,cremad,fno,loso,0,15,success
1364,cremad__fno__loso__s0__f016,cremad,fno,loso,0,16,success
1365,cremad__fno__loso__s0__f017,cremad,fno,loso,0,17,success
1366,cremad__fno__loso__s0__f018,cremad,fno,loso,0,18,success
1367,cremad__fno__loso__s0__f019,cremad,fno,loso,0,19,success
1368,cremad__fno__loso__s0__f020,cremad,fno,loso,0,20,success
1369,cremad__fno__loso__s0__f021,cremad,fno,loso,0,21,success
1370,cremad__fno__loso__s0__f022,cremad,fno,loso,0,22,success
1371,cremad__fno__loso__s0__f023,cremad,fno,loso,0,23,success
1372,cremad__fno__loso__s0__f024,cremad,fno,loso,0,24,success
1373,cremad__fno__loso__s0__f025,cremad,fno,loso,0,25,success
1374,cremad__fno__loso__s0__f026,cremad,fno,loso,0,26,success
1375,cremad__fno__loso__s0__f027,cremad,fno,loso,0,27,success
1376,cremad__fno__loso__s0__f028,cremad,fno,loso,0,28,success
1377,cremad__fno__loso__s0__f029,cremad,fno,loso,0,29,success
1378,cremad__fno__loso__s0__f030,cremad,fno,loso,0,30,success
1379,cremad__fno__loso__s0__f031,cremad,fno,loso,0,31,success
1380,cremad__fno__loso__s0__f032,cremad,fno,loso,0,32,success
1381,cremad__fno__loso__s0__f033,cremad,fno,loso,0,33,success
1382,cremad__fno__loso__s0__f034,cremad,fno,loso,0,34,success
1383,cremad__fno__loso__s0__f035,cremad,fno,loso,0,35,success
1384,cremad__fno__loso__s0__f036,cremad,fno,loso,0,36,success
1385,cremad__fno__loso__s0__f037,cremad,fno,loso,0,37,success
1386,cremad__fno__loso__s0__f038,cremad,fno,loso,0,38,success
1387,cremad__fno__loso__s0__f039,cremad,fno,loso,0,39,success
1388,cremad__fno__loso__s0__f040,cremad,fno,loso,0,40,success
1389,cremad__fno__loso__s0__f041,cremad,fno,loso,0,41,success
1390,cremad__fno__loso__s0__f042,cremad,fno,loso,0,42,success
1391,cremad__fno__loso__s0__f043,cremad,fno,loso,0,43,success
1392,cremad__fno__loso__s0__f044,cremad,fno,loso,0,44,success
1393,cremad__fno__loso__s0__f045,cremad,fno,loso,0,45,success
1394,cremad__fno__loso__s0__f046,cremad,fno,loso,0,46,success
1395,cremad__fno__loso__s0__f047,cremad,fno,loso,0,47,success
1396,cremad__fno__loso__s0__f048,cremad,fno,loso,0,48,success
1397,cremad__fno__loso__s0__f049,cremad,fno,loso,0,49,success
1398,cremad__fno__loso__s0__f050,cremad,fno,loso,0,50,success
1399,cremad__fno__loso__s0__f051,cremad,fno,loso,0,51,success
1400,cremad__fno__loso__s0__f052,cremad,fno,loso,0,52,success
1401,cremad__fno__loso__s0__f053,cremad,fno,loso,0,53,success
1402,cremad__fno__loso__s0__f054,cremad,fno,loso,0,54,success
1403,cremad__fno__loso__s0__f055,cremad,fno,loso,0,55,success
1404,cremad__fno__loso__s0__f056,cremad,fno,loso,0,56,success
1405,cremad__fno__loso__s0__f057,cremad,fno,loso,0,57,success
1406,cremad__fno__loso__s0__f058,cremad,fno,loso,0,58,success
1407,cremad__fno__loso__s0__f059,cremad,fno,loso,0,59,success
1408,cremad__fno__loso__s0__f060,cremad,fno,loso,0,60,success
1409,cremad__fno__loso__s0__f061,cremad,fno,loso,0,61,success
1410,cremad__fno__loso__s0__f062,cremad,fno,loso,0,62,success
1411,cremad__fno__loso__s0__f063,cremad,fno,loso,0,63,success
1412,cremad__fno__loso__s0__f064,cremad,fno,loso,0,64,success
1413,cremad__fno__loso__s0__f065,cremad,fno,loso,0,65,success
1414,cremad__fno__loso__s0__f066,cremad,fno,loso,0,66,success
1415,cremad__fno__loso__s0__f067,cremad,fno,loso,0,67,success
1416,cremad__fno__loso__s0__f068,cremad,fno,loso,0,68,success
1417,cremad__fno__loso__s0__f069,cremad,fno,loso,0,69,success
1418,cremad__fno__loso__s0__f070,cremad,fno,loso,0,70,success
1419,cremad__fno__loso__s0__f071,cremad,fno,loso,0,71,success
1420,cremad__fno__loso__s0__f072,cremad,fno,loso,0,72,success
1421,cremad__fno__loso__s0__f073,cremad,fno,loso,0,73,success
1422,cremad__fno__loso__s0__f074,cremad,fno,loso,0,74,success
1423,cremad__fno__loso__s0__f075,cremad,fno,loso,0,75,success
1424,cremad__fno__loso__s0__f076,cremad,fno,loso,0,76,success
1425,cremad__fno__loso__s0__f077,cremad,fno,loso,0,77,success
1426,cremad__fno__loso__s0__f078,cremad,fno,loso,0,78,success
1427,cremad__fno__loso__s0__f079,cremad,fno,loso,0,79,success
1428,cremad__fno__loso__s0__f080,cremad,fno,loso,0,80,success
1429,cremad__fno__loso__s0__f081,cremad,fno,loso,0,81,success
1430,cremad__fno__loso__s0__f082,cremad,fno,loso,0,82,success
1431,cremad__fno__loso__s0__f083,cremad,fno,loso,0,83,success
1432,cremad__fno__loso__s0__f084,cremad,fno,loso,0,84,success
1433,cremad__fno__loso__s0__f085,cremad,fno,loso,0,85,success
1434,cremad__fno__loso__s0__f086,cremad,fno,loso,0,86,success
1435,cremad__fno__loso__s0__f087,cremad,fno,loso,0,87,success
1436,cremad__fno__loso__s0__f088,cremad,fno,loso,0,88,success
1437,cremad__fno__loso__s0__f089,cremad,fno,loso,0,89,success
1438,cremad__fno__loso__s0__f090,cremad,fno,loso,0,90,success
1439,cremad__fno__loso__s1__f000,cremad,fno,loso,1,0,success
1440,cremad__fno__loso__s1__f001,cremad,fno,loso,1,1,success
1441,cremad__fno__loso__s1__f002,cremad,fno,loso,1,2,success
1442,cremad__fno__loso__s1__f003,cremad,fno,loso,1,3,success
1443,cremad__fno__loso__s1__f004,cremad,fno,loso,1,4,success
1444,cremad__fno__loso__s1__f005,cremad,fno,loso,1,5,success
1445,cremad__fno__loso__s1__f006,cremad,fno,loso,1,6,success
1446,cremad__fno__loso__s1__f007,cremad,fno,loso,1,7,success
1447,cremad__fno__loso__s1__f008,cremad,fno,loso,1,8,success
1448,cremad__fno__loso__s1__f009,cremad,fno,loso,1,9,success
1449,cremad__fno__loso__s1__f010,cremad,fno,loso,1,10,success
1450,cremad__fno__loso__s1__f011,cremad,fno,loso,1,11,success
1451,cremad__fno__loso__s1__f012,cremad,fno,loso,1,12,success
1452,cremad__fno__loso__s1__f013,cremad,fno,loso,1,13,success
1453,cremad__fno__loso__s1__f014,cremad,fno,loso,1,14,success
1454,cremad__fno__loso__s1__f015,cremad,fno,loso,1,15,success
1455,cremad__fno__loso__s1__f016,cremad,fno,loso,1,16,success
1456,cremad__fno__loso__s1__f017,cremad,fno,loso,1,17,success
1457,cremad__fno__loso__s1__f018,cremad,fno,loso,1,18,success
1458,cremad__fno__loso__s1__f019,cremad,fno,loso,1,19,success
1459,cremad__fno__loso__s1__f020,cremad,fno,loso,1,20,success
1460,cremad__fno__loso__s1__f021,cremad,fno,loso,1,21,success
1461,cremad__fno__loso__s1__f022,cremad,fno,loso,1,22,success
1462,cremad__fno__loso__s1__f023,cremad,fno,loso,1,23,success
1463,cremad__fno__loso__s1__f024,cremad,fno,loso,1,24,success
1464,cremad__fno__loso__s1__f025,cremad,fno,loso,1,25,success
1465,cremad__fno__loso__s1__f026,cremad,fno,loso,1,26,success
1466,cremad__fno__loso__s1__f027,cremad,fno,loso,1,27,success
1467,cremad__fno__loso__s1__f028,cremad,fno,loso,1,28,success
1468,cremad__fno__loso__s1__f029,cremad,fno,loso,1,29,success
1469,cremad__fno__loso__s1__f030,cremad,fno,loso,1,30,success
1470,cremad__fno__loso__s1__f031,cremad,fno,loso,1,31,success
1471,cremad__fno__loso__s1__f032,cremad,fno,loso,1,32,success
1472,cremad__fno__loso__s1__f033,cremad,fno,loso,1,33,success
1473,cremad__fno__loso__s1__f034,cremad,fno,loso,1,34,success
1474,cremad__fno__loso__s1__f035,cremad,fno,loso,1,35,success
1475,cremad__fno__loso__s1__f036,cremad,fno,loso,1,36,success
1476,cremad__fno__loso__s1__f037,cremad,fno,loso,1,37,success
1477,cremad__fno__loso__s1__f038,cremad,fno,loso,1,38,success
1478,cremad__fno__loso__s1__f039,cremad,fno,loso,1,39,success
1479,cremad__fno__loso__s1__f040,cremad,fno,loso,1,40,success
1480,cremad__fno__loso__s1__f041,cremad,fno,loso,1,41,success
1481,cremad__fno__loso__s1__f042,cremad,fno,loso,1,42,success
1482,cremad__fno__loso__s1__f043,cremad,fno,loso,1,43,success
1483,cremad__fno__loso__s1__f044,cremad,fno,loso,1,44,success
1484,cremad__fno__loso__s1__f045,cremad,fno,loso,1,45,success
1485,cremad__fno__loso__s1__f046,cremad,fno,loso,1,46,success
1486,cremad__fno__loso__s1__f047,cremad,fno,loso,1,47,success
1487,cremad__fno__loso__s1__f048,cremad,fno,loso,1,48,success
1488,cremad__fno__loso__s1__f049,cremad,fno,loso,1,49,success
1489,cremad__fno__loso__s1__f050,cremad,fno,loso,1,50,success
1490,cremad__fno__loso__s1__f051,cremad,fno,loso,1,51,success
1491,cremad__fno__loso__s1__f052,cremad,fno,loso,1,52,success
1492,cremad__fno__loso__s1__f053,cremad,fno,loso,1,53,success
1493,cremad__fno__loso__s1__f054,cremad,fno,loso,1,54,success
1494,cremad__fno__loso__s1__f055,cremad,fno,loso,1,55,success
1495,cremad__fno__loso__s1__f056,cremad,fno,loso,1,56,success
1496,cremad__fno__loso__s1__f057,cremad,fno,loso,1,57,success
1497,cremad__fno__loso__s1__f058,cremad,fno,loso,1,58,success
1498,cremad__fno__loso__s1__f059,cremad,fno,loso,1,59,success
1499,cremad__fno__loso__s1__f060,cremad,fno,loso,1,60,success
1500,cremad__fno__loso__s1__f061,cremad,fno,loso,1,61,success
1501,cremad__fno__loso__s1__f062,cremad,fno,loso,1,62,success
1502,cremad__fno__loso__s1__f063,cremad,fno,loso,1,63,success
1503,cremad__fno__loso__s1__f064,cremad,fno,loso,1,64,success
1504,cremad__fno__loso__s1__f065,cremad,fno,loso,1,65,success
1505,cremad__fno__loso__s1__f066,cremad,fno,loso,1,66,success
1506,cremad__fno__loso__s1__f067,cremad,fno,loso,1,67,success
1507,cremad__fno__loso__s1__f068,cremad,fno,loso,1,68,success
1508,cremad__fno__loso__s1__f069,cremad,fno,loso,1,69,success
1509,cremad__fno__loso__s1__f070,cremad,fno,loso,1,70,success
1510,cremad__fno__loso__s1__f071,cremad,fno,loso,1,71,success
1511,cremad__fno__loso__s1__f072,cremad,fno,loso,1,72,success
1512,cremad__fno__loso__s1__f073,cremad,fno,loso,1,73,success
1513,cremad__fno__loso__s1__f074,cremad,fno,loso,1,74,success
1514,cremad__fno__loso__s1__f075,cremad,fno,loso,1,75,success
1515,cremad__fno__loso__s1__f076,cremad,fno,loso,1,76,success
1516,cremad__fno__loso__s1__f077,cremad,fno,loso,1,77,success
1517,cremad__fno__loso__s1__f078,cremad,fno,loso,1,78,success
1518,cremad__fno__loso__s1__f079,cremad,fno,loso,1,79,success
1519,cremad__fno__loso__s1__f080,cremad,fno,loso,1,80,success
1520,cremad__fno__loso__s1__f081,cremad,fno,loso,1,81,success
1521,cremad__fno__loso__s1__f082,cremad,fno,loso,1,82,success
1522,cremad__fno__loso__s1__f083,cremad,fno,loso,1,83,success
1523,cremad__fno__loso__s1__f084,cremad,fno,loso,1,84,success
1524,cremad__fno__loso__s1__f085,cremad,fno,loso,1,85,success
1525,cremad__fno__loso__s1__f086,cremad,fno,loso,1,86,success
1526,cremad__fno__loso__s1__f087,cremad,fno,loso,1,87,success
1527,cremad__fno__loso__s1__f088,cremad,fno,loso,1,88,success
1528,cremad__fno__loso__s1__f089,cremad,fno,loso,1,89,success
1529,cremad__fno__loso__s1__f090,cremad,fno,loso,1,90,success
1530,cremad__fno__loso__s2__f000,cremad,fno,loso,2,0,success
1531,cremad__fno__loso__s2__f001,cremad,fno,loso,2,1,success
1532,cremad__fno__loso__s2__f002,cremad,fno,loso,2,2,success
1533,cremad__fno__loso__s2__f003,cremad,fno,loso,2,3,success
1534,cremad__fno__loso__s2__f004,cremad,fno,loso,2,4,success
1535,cremad__fno__loso__s2__f005,cremad,fno,loso,2,5,success
1536,cremad__fno__loso__s2__f006,cremad,fno,loso,2,6,success
1537,cremad__fno__loso__s2__f007,cremad,fno,loso,2,7,success
1538,cremad__fno__loso__s2__f008,cremad,fno,loso,2,8,success
1539,cremad__fno__loso__s2__f009,cremad,fno,loso,2,9,success
1540,cremad__fno__loso__s2__f010,cremad,fno,loso,2,10,success
1541,cremad__fno__loso__s2__f011,cremad,fno,loso,2,11,success
1542,cremad__fno__loso__s2__f012,cremad,fno,loso,2,12,success
1543,cremad__fno__loso__s2__f013,cremad,fno,loso,2,13,success
1544,cremad__fno__loso__s2__f014,cremad,fno,loso,2,14,success
1545,cremad__fno__loso__s2__f015,cremad,fno,loso,2,15,success
1546,cremad__fno__loso__s2__f016,cremad,fno,loso,2,16,success
1547,cremad__fno__loso__s2__f017,cremad,fno,loso,2,17,success
1548,cremad__fno__loso__s2__f018,cremad,fno,loso,2,18,success
1549,cremad__fno__loso__s2__f019,cremad,fno,loso,2,19,success
1550,cremad__fno__loso__s2__f020,cremad,fno,loso,2,20,success
1551,cremad__fno__loso__s2__f021,cremad,fno,loso,2,21,success
1552,cremad__fno__loso__s2__f022,cremad,fno,loso,2,22,success
1553,cremad__fno__loso__s2__f023,cremad,fno,loso,2,23,success
1554,cremad__fno__loso__s2__f024,cremad,fno,loso,2,24,success
1555,cremad__fno__loso__s2__f025,cremad,fno,loso,2,25,success
1556,cremad__fno__loso__s2__f026,cremad,fno,loso,2,26,success
1557,cremad__fno__loso__s2__f027,cremad,fno,loso,2,27,success
1558,cremad__fno__loso__s2__f028,cremad,fno,loso,2,28,success
1559,cremad__fno__loso__s2__f029,cremad,fno,loso,2,29,success
1560,cremad__fno__loso__s2__f030,cremad,fno,loso,2,30,success
1561,cremad__fno__loso__s2__f031,cremad,fno,loso,2,31,success
1562,cremad__fno__loso__s2__f032,cremad,fno,loso,2,32,success
1563,cremad__fno__loso__s2__f033,cremad,fno,loso,2,33,success
1564,cremad__fno__loso__s2__f034,cremad,fno,loso,2,34,success
1565,cremad__fno__loso__s2__f035,cremad,fno,loso,2,35,success
1566,cremad__fno__loso__s2__f036,cremad,fno,loso,2,36,success
1567,cremad__fno__loso__s2__f037,cremad,fno,loso,2,37,success
1568,cremad__fno__loso__s2__f038,cremad,fno,loso,2,38,success
1569,cremad__fno__loso__s2__f039,cremad,fno,loso,2,39,success
1570,cremad__fno__loso__s2__f040,cremad,fno,loso,2,40,success
1571,cremad__fno__loso__s2__f041,cremad,fno,loso,2,41,success
1572,cremad__fno__loso__s2__f042,cremad,fno,loso,2,42,success
1573,cremad__fno__loso__s2__f043,cremad,fno,loso,2,43,success
1574,cremad__fno__loso__s2__f044,cremad,fno,loso,2,44,success
1575,cremad__fno__loso__s2__f045,cremad,fno,loso,2,45,success
1576,cremad__fno__loso__s2__f046,cremad,fno,loso,2,46,success
1577,cremad__fno__loso__s2__f047,cremad,fno,loso,2,47,success
1578,cremad__fno__loso__s2__f048,cremad,fno,loso,2,48,success
1579,cremad__fno__loso__s2__f049,cremad,fno,loso,2,49,success
1580,cremad__fno__loso__s2__f050,cremad,fno,loso,2,50,success
1581,cremad__fno__loso__s2__f051,cremad,fno,loso,2,51,success
1582,cremad__fno__loso__s2__f052,cremad,fno,loso,2,52,success
1583,cremad__fno__loso__s2__f053,cremad,fno,loso,2,53,success
1584,cremad__fno__loso__s2__f054,cremad,fno,loso,2,54,success
1585,cremad__fno__loso__s2__f055,cremad,fno,loso,2,55,success
1586,cremad__fno__loso__s2__f056,cremad,fno,loso,2,56,success
1587,cremad__fno__loso__s2__f057,cremad,fno,loso,2,57,success
1588,cremad__fno__loso__s2__f058,cremad,fno,loso,2,58,success
1589,cremad__fno__loso__s2__f059,cremad,fno,loso,2,59,success
1590,cremad__fno__loso__s2__f060,cremad,fno,loso,2,60,success
1591,cremad__fno__loso__s2__f061,cremad,fno,loso,2,61,success
1592,cremad__fno__loso__s2__f062,cremad,fno,loso,2,62,success
1593,cremad__fno__loso__s2__f063,cremad,fno,loso,2,63,success
1594,cremad__fno__loso__s2__f064,cremad,fno,loso,2,64,success
1595,cremad__fno__loso__s2__f065,cremad,fno,loso,2,65,success
1596,cremad__fno__loso__s2__f066,cremad,fno,loso,2,66,success
1597,cremad__fno__loso__s2__f067,cremad,fno,loso,2,67,success
1598,cremad__fno__loso__s2__f068,cremad,fno,loso,2,68,success
1599,cremad__fno__loso__s2__f069,cremad,fno,loso,2,69,success
1600,cremad__fno__loso__s2__f070,cremad,fno,loso,2,70,success
1601,cremad__fno__loso__s2__f071,cremad,fno,loso,2,71,success
1602,cremad__fno__loso__s2__f072,cremad,fno,loso,2,72,success
1603,cremad__fno__loso__s2__f073,cremad,fno,loso,2,73,success
1604,cremad__fno__loso__s2__f074,cremad,fno,loso,2,74,success
1605,cremad__fno__loso__s2__f075,cremad,fno,loso,2,75,success
1606,cremad__fno__loso__s2__f076,cremad,fno,loso,2,76,success
1607,cremad__fno__loso__s2__f077,cremad,fno,loso,2,77,success
1608,cremad__fno__loso__s2__f078,cremad,fno,loso,2,78,success
1609,cremad__fno__loso__s2__f079,cremad,fno,loso,2,79,success
1610,cremad__fno__loso__s2__f080,cremad,fno,loso,2,80,success
1611,cremad__fno__loso__s2__f081,cremad,fno,loso,2,81,success
1612,cremad__fno__loso__s2__f082,cremad,fno,loso,2,82,success
1613,cremad__fno__loso__s2__f083,cremad,fno,loso,2,83,success
1614,cremad__fno__loso__s2__f084,cremad,fno,loso,2,84,success
1615,cremad__fno__loso__s2__f085,cremad,fno,loso,2,85,success
1616,cremad__fno__loso__s2__f086,cremad,fno,loso,2,86,success
1617,cremad__fno__loso__s2__f087,cremad,fno,loso,2,87,success
1618,cremad__fno__loso__s2__f088,cremad,fno,loso,2,88,success
1619,cremad__fno__loso__s2__f089,cremad,fno,loso,2,89,success
1620,cremad__fno__loso__s2__f090,cremad,fno,loso,2,90,success
