level,model,cell,speaker,coverage,accepted_error,n_r,gap_coverage,gap_accepted_error,coverage_secondary,accepted_error_secondary,gap_accepted_error_secondary
cremad,cnn,GR,1001,0.7235772357723578,0.55047363031234,3,-0.07637814141180772,0.21071392089630203,0.1910569105691057,0.5092787114845938,0.31052223986939903
cremad,cnn,GR,1002,0.8106995884773661,0.5316205533596837,3,0.0109676849921115,0.16941118889021142,0.22633744855967075,0.435932827237175,0.22543548464393146
cremad,cnn,GR,1003,0.7479674796747968,0.29500291375291376,3,-0.051809136531226985,-0.06487414687854755,0.32926829268292684,0.09272447982125402,-0.11395140085686985
cremad,cnn,GR,1004,0.7642276422764228,0.3034274193548387,3,-0.035504261208831954,-0.04397427696841908,0.3089430894308943,0.16593521421107627,-0.03726773580903159
cremad,cnn,GR,1005,0.7682926829268292,0.43176964272298957,3,-0.03143922055842548,0.07570724668045209,0.3008130081300813,0.25831649831649833,0.052820558641324296
cremad,cnn,GR,1006,0.8416666666666667,0.3769722814498934,3,0.041713110790345974,0.01831302988733517,0.3416666666666666,0.22307692307692303,0.017787519562112535
cremad,cnn,GR,1007,0.8739837398373984,0.48350376229982633,3,0.07438770591736106,0.12152200474733298,0.46341463414634143,0.31323529411764706,0.10451122781349835
cremad,cnn,GR,1008,0.850877192982456,0.5162241450472427,3,0.05119051790063881,0.1753769023552696,0.40350877192982465,0.4213862765586904,0.2244915458362632
cremad,cnn,GR,1009,0.8114035087719298,0.31360039226418535,3,0.011807474851892522,-0.03723544493681937,0.3245614035087719,0.07919254658385093,-0.12654453222451245
cremad,cnn,GR,1010,0.7682926829268292,0.2638354700854701,3,-0.03161616022872238,-0.09156793219970387,0.2682926829268293,0.0457070707070707,-0.1595342820244063
cremad,cnn,GR,1011,0.8292682926829268,0.3036890645586298,3,0.029491676476903057,-0.03327656829971054,0.44308943089430897,0.10765494667933691,-0.0902483813185289
cremad,cnn,GR,1012,0.6788617886178862,0.2937799043062201,3,-0.12086829355952378,-0.052373597068832566,0.25609756097560976,0.07943722943722943,-0.12166564690816263
cremad,cnn,GR,1013,0.8541666666666666,0.31569115815691157,3,0.054301230606707586,-0.05281744245626857,0.49583333333333335,0.19312156521458848,-0.01661687818591473
cremad,cnn,GR,1014,0.7926829268292682,0.2600955794504181,3,-0.007182509230690748,-0.10785420585122245,0.3089430894308943,0.17673934293850144,-0.031867210242385445
cremad,cnn,GR,1015,0.8008130081300813,0.3398692810457516,3,0.0010811046448265804,-0.007532415277506162,0.23170731707317072,0.20952380952380953,0.006320859503701648
cremad,cnn,GR,1016,0.8048780487804877,0.3278650475341652,3,0.0049673843170913905,-0.023447418360286226,0.26422764227642276,0.2329365079365079,0.03175122270541806
cremad,cnn,GR,1017,0.8083333333333332,0.4477374477374478,3,0.008558538435154306,0.09131345742104764,0.30833333333333335,0.2834313725490196,0.07786322243192166
cremad,cnn,GR,1018,0.8252032520325203,0.18722563652326604,3,0.025471348547265554,-0.16716476723017268,0.3252032520325204,0.028381642512077292,-0.1764136120551791
cremad,cnn,GR,1019,0.7587719298245613,0.32223878125517463,3,-0.04091292394941115,-0.03943347129440494,0.3026315789473684,0.11864889496468443,-0.08915840345236843
cremad,cnn,GR,1020,0.8292682926829268,0.27465410406586876,3,0.029491676476903057,-0.09360518623868556,0.3617886178861789,0.13549382716049382,-0.07402949390748888
cremad,cnn,GR,1021,0.8739837398373984,0.4651147626499739,3,0.07393954279929764,0.11672351325221707,0.4471544715447154,0.3148003186112942,0.11298128427372012
cremad,cnn,GR,1022,0.7723577235772359,0.3426221329447136,3,-0.027552940886160632,-0.014562347366422776,0.37398373983739835,0.09269762495568946,-0.11295077322889586
cremad,cnn,GR,1023,0.7439024390243901,0.4649666713774261,3,-0.056231699137916924,0.11403065573059733,0.21138211382113822,0.2851037851037851,0.08264672948140257
cremad,cnn,GR,1024,0.7804878048780489,0.4635416666666667,3,-0.01928881132797496,0.12657603380832635,0.2804878048780488,0.32341269841269843,0.1255093704148326
cremad,cnn,GR,1025,0.8211382113821138,0.390766607646403,3,0.021272259639486424,0.03739679192419051,0.24796747967479674,0.18358395989974938,-0.02088449728188611
cremad,cnn,GR,1026,0.804878048780488,0.25121681287060665,3,0.005146145295233088,-0.09003791502571627,0.2682926829268293,0.06001003827090784,-0.13819150883113043
cremad,cnn,GR,1027,0.7560975609756099,0.31137636310050104,3,-0.04394715174515932,-0.04758160573710688,0.21544715447154472,0.06613756613756613,-0.13816196235280387
cremad,cnn,GR,1028,0.8089430894308943,0.4019323671497585,3,0.0088536639893562,0.05425220078031403,0.34959349593495936,0.23196506798657338,0.02955606314752433
cremad,cnn,GR,1029,0.7804878048780487,0.41001887116143426,3,-0.01937763118191031,0.05799532223867038,0.3536585365853659,0.3215605183347119,0.12096520360509695
cremad,cnn,GR,1030,0.8373983739837398,0.27155239127070113,3,0.037625400393405596,-0.08082932753979614,0.3658536585365854,0.14330000775013563,-0.06119014100084091
cremad,cnn,GR,1031,0.7926829268292682,0.5691117064251392,3,-0.007048976655986435,0.2278569785288164,0.35772357723577236,0.3746031746031746,0.1764016275011363
cremad,cnn,GR,1032,0.8617886178861789,0.3857132305734366,3,0.06187977473062719,0.04375084403493046,0.4186991869918699,0.25343485180883557,0.052240146075100656
cremad,cnn,GR,1033,0.6747967479674797,0.2175393784589187,3,-0.12493151290208553,-0.13214624399531696,0.24796747967479674,0.0951064186358304,-0.10892063499033248
cremad,cnn,GR,1034,0.8130081300813008,0.4353553921568627,3,0.013276226596046067,0.08907226406626713,0.25609756097560976,0.30526315789473685,0.10277705375276515
cremad,cnn,GR,1035,0.8089430894308943,0.3509208937198067,3,0.009166473224870556,-0.017897211896287124,0.3536585365853659,0.2758895343248328,0.06523432303723374
cremad,cnn,GR,1036,0.7723577235772358,0.5552287581699346,3,-0.02741889262878801,0.2023368889327175,0.40243902439024387,0.4187446861715429,0.21610071333521574
cremad,cnn,GR,1037,0.8536585365853658,0.2524140009136947,3,0.05392845440795587,-0.10072820789153882,0.4959349593495935,0.12364788886566956,-0.07904729202687104
cremad,cnn,GR,1038,0.8495934959349594,0.31077009319599186,3,0.04959401161762763,-0.0483401433583889,0.4186991869918699,0.20170170170170168,-0.0008759660675770423
cremad,cnn,GR,1039,0.8739837398373984,0.437327159302849,3,0.0738496016750912,0.08583232834448078,0.4593495934959349,0.3922922922922923,0.1887033464502934
cremad,cnn,GR,1040,0.8048780487804877,0.3830453363062059,3,0.005193195006515235,0.03251900410811489,0.3658536585365854,0.23653424930306652,0.03171393838179895
cremad,cnn,GR,1041,0.8333333333333334,0.34587929915639193,3,0.03346738159070591,-0.002462116371547881,0.2967479674796748,0.296760710553814,0.09657681041211191
cremad,cnn,GR,1042,0.6747967479674797,0.4698290689536553,3,-0.12479928595255767,0.11899323175265053,0.19512195121951223,0.345513963161022,0.1397768843526586
cremad,cnn,GR,1043,0.7682926829268292,0.3333333333333333,3,-0.03184145523547788,-0.018161497625034956,0.27235772357723576,0.1212475633528265,-0.08234138248917237
cremad,cnn,GR,1044,0.8008130081300813,0.3355908465080948,3,0.0012187955178887266,-0.013996795744704823,0.3130081300813008,0.26,0.05636299486635243
cremad,cnn,GR,1045,0.8699186991869919,0.3645578276310855,3,0.06996514331067116,0.005898576068527284,0.2967479674796748,0.16924603174603173,-0.03604337176877878
cremad,cnn,GR,1046,0.8861788617886179,0.5504254254254254,3,0.08640224558259413,0.2134597925670851,0.2804878048780488,0.2971482000935017,0.09924487209563582
cremad,cnn,GR,1047,0.8658536585365854,0.19083995154125724,3,0.06580894581581627,-0.16923658552901286,0.35772357723577236,0.05679814013147346,-0.14821823423703276
cremad,cnn,GR,1048,0.8008130081300813,0.2456678396051466,3,0.0009041649745296088,-0.11085413091268957,0.34959349593495936,0.1266070668369519,-0.07935113177266133
cremad,cnn,GR,1049,0.8333333333333334,0.30218715740671004,3,0.0336014298480786,-0.03794900225695067,0.3211382113821138,0.13753251579338535,-0.05995218543051673
cremad,cnn,GR,1050,0.8536585365853658,0.3330368685543211,3,0.05392663310011111,-0.00821785934200179,0.46747967479674796,0.2087269455690508,0.010525398467012531
cremad,cnn,GR,1051,0.8008130081300813,0.24297699849170437,3,0.0010811046448265804,-0.119232365977768,0.3170731707317073,0.03663003663003663,-0.17386730596320696
cremad,cnn,GR,1052,0.7682926829268292,0.3442273638846219,3,-0.03161798153656714,-0.012957116426514426,0.3089430894308943,0.18188822255538897,-0.023760175629196356
cremad,cnn,GR,1053,0.7926829268292682,0.2760562558356676,3,-0.007048976655986435,-0.08727167686646697,0.2967479674796748,0.0429563492063492,-0.1682578392650306
cremad,cnn,GR,1054,0.8333333333333334,0.6144780300179774,3,0.03360325115592333,0.2523982922640479,0.25203252032520324,0.4487433862433862,0.23962927144672222
cremad,cnn,GR,1055,0.8252032520325203,0.3398448931811531,3,0.025292587569123854,-0.02795262440371467,0.32926829268292684,0.20717736369910286,-0.0031510502028753162
cremad,cnn,GR,1056,0.8333333333333334,0.40388252966330124,3,0.033648479559360754,0.05950316589214518,0.4268292682926829,0.37782519361466727,0.17800628561146933
cremad,cnn,GR,1057,0.7682926829268292,0.5378948382126348,3,-0.03157275313312976,0.20123871035720828,0.3048780487804878,0.34757236227824456,0.15058580216747464
cremad,cnn,GR,1058,0.8333333333333334,0.34181194866006104,3,0.033243907891795176,-0.02096068476647069,0.30487804878048785,0.14665286404416839,-0.05882660544915149
cremad,cnn,GR,1059,0.8170731707317073,0.5707250829270465,3,0.01698374529016918,0.22192634832493982,0.44308943089430897,0.42989417989417983,0.22676832917699463
cremad,cnn,GR,1060,0.8658536585365854,0.5439898989898989,3,0.06594481538103374,0.18914531201626458,0.3739837398373984,0.4040492105008234,0.19993974798896275
cremad,cnn,GR,1061,0.8373983739837398,0.29538239538239536,3,0.037487709520343415,-0.06403734617489913,0.2764227642276423,0.04413702239789197,-0.15935741325848263
cremad,cnn,GR,1062,0.8414634146341463,0.3862460926399545,3,0.04173333245673635,0.0412111594975641,0.39837398373983746,0.3265900765900766,0.1262040461228207
cremad,cnn,GR,1063,0.8495934959349594,0.22896233120113718,3,0.04963994005863862,-0.12969692036142105,0.30894308943089427,0.0601965601965602,-0.14509284331825034
cremad,cnn,GR,1064,0.8577235772357724,0.2991732392417324,3,0.05776820005160691,-0.048968699847398656,0.4796747967479675,0.19084084084084085,-0.010763071164212748
cremad,cnn,GR,1065,0.8170731707317073,0.3532116600597725,3,0.017162506268310878,0.002174148175570989,0.25203252032520324,0.17509534706331042,-0.025551648203205306
cremad,cnn,GR,1066,0.7601626016260162,0.3095868644067797,3,-0.039703350116611115,-0.03875455112116016,0.2601626016260163,0.07792207792207792,-0.12226182221962416
cremad,cnn,GR,1067,0.7804878048780489,0.5891342467987929,3,-0.019422859585347656,0.23194976648765656,0.2926829268292683,0.5410059676044331,0.3353575694198478
cremad,cnn,GR,1068,0.8414634146341463,0.3224685396546678,3,0.04168679842812254,-0.045790750649886504,0.3617886178861789,0.21522319973932877,0.005699878671346063
cremad,cnn,GR,1069,0.804878048780488,0.40402532790592494,3,0.005101432574464049,0.05392753522640551,0.22357723577235775,0.10597826086956523,-0.0976877842753563
cremad,cnn,GR,1070,0.7967479674796749,0.361926961926962,3,-0.003070934551670401,0.009094258124642152,0.3252032520325203,0.16290928609769187,-0.038869126907752856
cremad,cnn,GR,1071,0.8739837398373984,0.49320516168342254,3,0.0738496016750912,0.14171033072505426,0.3821138211382114,0.40925925925925927,0.2056703134172604
cremad,cnn,GR,1072,0.7967479674796748,0.2551700631458094,3,-0.0029821146977351645,-0.09464518602396917,0.2804878048780488,0.11300979722032352,-0.09240048420241893
cremad,cnn,GR,1073,0.7113821138211383,0.32922077922077925,3,-0.08830273995283433,-0.015158584550376867,0.23983739837398374,0.28155080213903744,0.08173189413583946
cremad,cnn,GR,1074,0.8130081300813009,0.555609668109668,3,0.013325097615173013,0.2063315308597823,0.47154471544715443,0.45304437564499483,0.2503241383984431
cremad,cnn,GR,1075,0.9105691056910569,0.5851969208133592,3,0.1108408448214917,0.23662986659178573,0.5365853658536586,0.49202279202279203,0.28871258427476537
cremad,cnn,GR,1076,0.7333333333333334,0.38026819923371646,3,-0.06653028141878096,0.03871329789956015,0.2916666666666667,0.25460958794292127,0.05472169858879752
cremad,cnn,GR,1077,0.8536585365853658,0.5088056806806808,3,0.05370315940120041,0.16066374159154964,0.34959349593495936,0.3987373737373738,0.19713346173232016
cremad,cnn,GR,1078,0.8455284552845529,0.211484593837535,3,0.04561779082115639,-0.15743149197999493,0.34552845528455284,0.08004778972520908,-0.13099747005490525
cremad,cnn,GR,1079,0.8373983739837398,0.4461021729852104,3,0.03762357908556083,0.08132633887501928,0.4796747967479675,0.42280262883600495,0.21322541891452731
cremad,cnn,GR,1080,0.8617886178861789,0.31149871900318593,3,0.06187795342278243,-0.05573998327014227,0.47154471544715443,0.20650406504065044,-0.002692458641711378
cremad,cnn,GR,1081,0.7886178861788619,0.23138315634809326,3,-0.011290956976689878,-0.12455312901483799,0.29674796747967486,0.053676865271068165,-0.14987145923880135
cremad,cnn,GR,1082,0.7317073170731708,0.6822541854799921,3,-0.0682015260823809,0.3274095985063575,0.3048780487804878,0.4594298245614035,0.25532036204954284
cremad,cnn,GR,1083,0.7601626016260162,0.3847473779305482,3,-0.0395674805513937,0.039712444788157754,0.29674796747967486,0.37920875420875416,0.17882272374149832
cremad,cnn,GR,1084,0.695121951219512,0.3749094596552223,3,-0.10487753309781951,0.015799223100841624,0.24796747967479674,0.2292663476874003,0.02668867991812157
cremad,cnn,GR,1085,0.8373983739837398,0.3243305989784863,3,0.03757765064454984,-0.029750299772038635,0.3658536585365854,0.16222826086956524,-0.041650225810595326
cremad,cnn,GR,1086,0.7439024390243901,0.46579360026410116,3,-0.05600822543900619,0.11336256613698752,0.22764227642276422,0.19166666666666665,-0.010235464442559397
cremad,cnn,GR,1087,0.8089430894308943,0.5325837561131679,3,0.00925641434907698,0.175810277042318,0.2886178861788618,0.4178726385857116,0.21296666941201248
cremad,cnn,GR,1088,0.8089430894308943,0.4273938479820833,3,0.0088536639893562,0.07859511337997664,0.35772357723577236,0.24670619235836624,0.04358034164118104
cremad,cnn,GR,1089,0.7398373983739838,0.367042157364738,3,-0.06002621637813055,0.025487256030581662,0.3821138211382114,0.1895424836601307,-0.010345405693993032
cremad,cnn,GR,1090,0.7764227642276422,0.33489827856025034,3,-0.02326391085417508,-0.012095932558657615,0.32926829268292684,0.19592752926086257,-0.0059686043796341555
cremad,cnn,GR,1091,0.7886178861788619,0.4693750693750694,3,-0.010978147741175484,0.12331954820145276,0.24390243902439024,0.26509221772379665,0.06437938987091987
cremad,cnn,GG,1001,0.7682926829268292,0.5875444531182236,3,-0.03136441913904927,0.2295452298950574,0.11382113821138211,0.4246632996632997,0.21887471677930548
cremad,cnn,GG,1002,0.7489711934156378,0.4378897592577638,3,-0.050942618798646665,0.0632848145820719,0.16872427983539096,0.33700918964076854,0.1235495027726015
cremad,cnn,GG,1003,0.7682926829268292,0.2949870053318329,3,-0.03153613001988742,-0.07064996738514519,0.24796747967479674,0.11602254428341385,-0.09417780959014166
cremad,cnn,GG,1004,0.7479674796747968,0.36030552468278226,3,-0.05198962028230325,-0.05085872179128187,0.24796747967479674,0.15929850200949944,-0.07032543037890855
cremad,cnn,GG,1005,0.7926829268292682,0.41815684899485744,3,-0.007145333276342702,0.055544309445166994,0.2682926829268293,0.24906629318394025,0.041139967201110926
cremad,cnn,GG,1006,0.7999999999999999,0.3905707196029777,3,0.00016897056654063825,0.022223305686430345,0.25416666666666665,0.1589262187088274,-0.05600361211701783
cremad,cnn,GG,1007,0.8170731707317073,0.42686770877792,3,0.017114024691294194,0.039325013417020584,0.31300813008130085,0.2156579053130777,-0.00417333563809244
cremad,cnn,GG,1008,0.75,0.4731728747155244,3,-0.04982631944498909,0.08234486597202213,0.2675438596491228,0.30941358024691357,0.09017501022909334
cremad,cnn,GG,1009,0.8245614035087719,0.2974648614849251,3,0.024687694315046138,-0.08402730165666063,0.27631578947368424,0.12698412698412698,-0.09292146054763843
cremad,cnn,GG,1010,0.7642276422764227,0.29797159636481346,3,-0.03560283431593092,-0.08830223047630757,0.22357723577235775,0.0556390977443609,-0.1662051945195808
cremad,cnn,GG,1011,0.8373983739837398,0.3198877196453524,3,0.037784558094076215,-0.04448527056960363,0.43089430894308944,0.0992063492063492,-0.10986094663377732
cremad,cnn,GG,1012,0.7113821138211381,0.30081350499782705,3,-0.08866305329719966,-0.11389029200236717,0.19512195121951223,0.08167989417989417,-0.14876285144465842
cremad,cnn,GG,1013,0.8916666666666666,0.3224607921501612,3,0.09179791614802872,-0.08890619974645726,0.44166666666666665,0.18801892551892552,-0.041748003185429476
cremad,cnn,GG,1014,0.7926829268292682,0.24480384135889044,3,-0.007185823689369634,-0.14561230444586667,0.24390243902439024,0.13333333333333333,-0.08724510604219904
cremad,cnn,GG,1015,0.7642276422764228,0.37762874648120554,3,-0.03572945768067722,-0.03353549999285863,0.12601626016260162,0.17564102564102566,-0.05398290674738235
cremad,cnn,GG,1016,0.7398373983739838,0.3595746680979846,3,-0.05994760300236268,-0.013892580175956662,0.25203252032520324,0.23954451345755698,0.025285422561340015
cremad,cnn,GG,1017,0.8333333333333334,0.4652984696462958,3,0.03354559007608893,0.06962644264609723,0.2791666666666667,0.32713779956427014,0.09974076645347
cremad,cnn,GG,1018,0.8130081300813009,0.22430184194890077,3,0.013308762082963721,-0.15689836402864007,0.22764227642276422,0.031746031746031744,-0.18745867654481005
cremad,cnn,GG,1019,0.7456140350877193,0.3175647451963241,3,-0.05442874852863792,-0.08316193336781165,0.2280701754385965,0.06820119352088662,-0.15489310284057822
cremad,cnn,GG,1020,0.7764227642276422,0.2926472718993211,3,-0.023362348715051568,-0.0845848907021997,0.402439024390244,0.14363560416191995,-0.07367977980331775
cremad,cnn,GG,1021,0.8699186991869919,0.5,3,0.07022165954919209,0.09627075759719343,0.29674796747967486,0.28466286799620133,0.05930771028140764
cremad,cnn,GG,1022,0.7845528455284553,0.33589555375706587,3,-0.015189808646096795,-0.03893088522868515,0.30894308943089427,0.07375478927203065,-0.14217120606267883
cremad,cnn,GG,1023,0.7560975609756099,0.49217753042696133,3,-0.04355912726246095,0.1289568843110422,0.2073170731707317,0.26708683473389355,0.05746193471434948
cremad,cnn,GG,1024,0.7601626016260162,0.45147455160238853,3,-0.03945121426364736,0.08710156138743251,0.24796747967479674,0.4046474358974359,0.1955801400573094
cremad,cnn,GG,1025,0.8211382113821138,0.44006908802496086,3,0.021396110048667445,0.06826708220649752,0.23170731707317072,0.258531746031746,0.04487977858776273
cremad,cnn,GG,1026,0.8170731707317073,0.2782034568689529,3,0.017201622883280827,-0.12096838447910975,0.24796747967479674,0.06666666666666667,-0.1574239048364036
cremad,cnn,GG,1027,0.7560975609756099,0.32241059379217274,3,-0.04355857442135521,-0.06357127588490337,0.19512195121951217,0.08227124183006536,-0.13887217119295267
cremad,cnn,GG,1028,0.7723577235772359,0.4104520330326782,3,-0.02729841181972918,0.029304973992185474,0.34146341463414637,0.20246913580246914,-0.014070225655171381
cremad,cnn,GG,1029,0.8089430894308943,0.41723202170963364,3,0.009117183813713107,0.02118259007337851,0.2764227642276423,0.30198135198135195,0.07890646482798187
cremad,cnn,GG,1030,0.7804878048780489,0.3229166666666667,3,-0.019517257653129838,-0.05574128000925934,0.2886178861788618,0.15458937198067632,-0.06285631583110136
cremad,cnn,GG,1031,0.8089430894308943,0.5626144330369683,3,0.009071541582467849,0.1634425916889056,0.3130081300813008,0.36410256410256414,0.14001199259949385
cremad,cnn,GG,1032,0.8089430894308943,0.39642321480831133,3,0.009026788291937851,-0.005009546866572845,0.2682926829268293,0.23926634768740032,0.015731820830246768
cremad,cnn,GG,1033,0.6829268292682927,0.223234149054505,3,-0.11716381306605246,-0.18332538042100752,0.17073170731707318,0.044642857142857144,-0.18419660052059758
cremad,cnn,GG,1034,0.8373983739837398,0.40303865923077237,3,0.037527406670912,0.022800428723582473,0.23170731707317072,0.3088235294117647,0.0928673947657599
cremad,cnn,GG,1035,0.8089430894308943,0.3869569204667905,3,0.009157976488200418,-0.011226088226591694,0.29268292682926833,0.2091787439613527,-0.01732512933270766
cremad,cnn,GG,1036,0.7845528455284553,0.6019399223624576,3,-0.015189422512781844,0.19812362783757734,0.34146341463414637,0.4632275132275132,0.2342271921556152
cremad,cnn,GG,1037,0.8739837398373984,0.2928162582802753,3,0.07419630467782339,-0.09192349822339564,0.43089430894308944,0.10326292679233856,-0.11676059473464784
cremad,cnn,GG,1038,0.8536585365853658,0.2809873735164611,3,0.05396149694756606,-0.10662583343106748,0.3577235772357723,0.18382352941176472,-0.03694719053958389
cremad,cnn,GG,1039,0.8577235772357724,0.44201170479942853,3,0.05806688899770166,0.057840212591648156,0.38617886178861793,0.3755070993914807,0.15669371004311403
cremad,cnn,GG,1040,0.8414634146341463,0.347740781700804,3,0.04150606786447645,-0.046935364644018075,0.17073170731707318,0.177020202020202,-0.046148440921858075
cremad,cnn,GG,1041,0.7886178861788619,0.3614010120177103,3,-0.011124795690183245,-0.029334604641625777,0.19512195121951223,0.29259259259259257,0.07080618829154385
cremad,cnn,GG,1042,0.7479674796747968,0.46197087353256466,3,-0.05190622951892906,0.08047871039097891,0.17886178861788618,0.33809523809523806,0.11818965056347268
cremad,cnn,GG,1043,0.8252032520325203,0.334924942387629,3,0.02554656379444964,-0.049246549820151454,0.16260162601626016,0.10073260073260075,-0.11808078861576597
cremad,cnn,GG,1044,0.8008130081300813,0.33087763951734545,3,0.000851231775117626,-0.0541540741503704,0.2032520325203252,0.16828836797877045,-0.05243603278913956
cremad,cnn,GG,1045,0.8333333333333334,0.37496078800426624,3,0.033502303899873964,0.00661337408771893,0.25203252032520324,0.17588702147525678,-0.03904280935058846
cremad,cnn,GG,1046,0.8821138211382112,0.5611128342297969,3,0.08250000524854777,0.19673984401484088,0.22764227642276422,0.2761823361823362,0.06711504034220968
cremad,cnn,GG,1047,0.8536585365853658,0.2175595429502433,3,0.05391626854412871,-0.19934834269370702,0.3170731707317073,0.05133712604976973,-0.18347408471565152
cremad,cnn,GG,1048,0.7967479674796749,0.2748271628868644,3,-0.003168641756951048,-0.14237267992113087,0.2682926829268293,0.15015873015873016,-0.0853533598476147
cremad,cnn,GG,1049,0.7926829268292682,0.295008863790047,3,-0.007102488374885992,-0.07323696159114149,0.26422764227642276,0.06308506308506308,-0.14733771067560397
cremad,cnn,GG,1050,0.8455284552845529,0.3643790849673203,3,0.04565690743612635,-0.0347927563807424,0.3983739837398374,0.21153288901767606,-0.012557682485394212
cremad,cnn,GG,1051,0.8211382113821138,0.23205057459182957,3,0.021224399167829294,-0.14255437008386226,0.22764227642276422,0.03508771929824561,-0.17837196756992146
cremad,cnn,GG,1052,0.7804878048780489,0.3484628141344559,3,-0.019254849296503302,-0.02636362485129512,0.25203252032520324,0.14665286404416836,-0.06927313129054109
cremad,cnn,GG,1053,0.7886178861788619,0.30311590481082007,3,-0.01138205867969492,-0.10241505583174602,0.23577235772357721,0.02666666666666667,-0.2004608179439036
cremad,cnn,GG,1054,0.804878048780488,0.5507439492514119,3,0.004790036760693228,0.1416734380827158,0.21544715447154472,0.4510796221322537,0.2231333242855388
cremad,cnn,GG,1055,0.8658536585365854,0.34211462287815136,3,0.06602581225878228,-0.04667018565615324,0.2804878048780488,0.20785634118967453,-0.0130947912575273
cremad,cnn,GG,1056,0.8130081300813008,0.39001225490196073,3,0.013136335420304457,0.007328513683140174,0.35772357723577236,0.30714285714285716,0.08950757508613479
cremad,cnn,GG,1057,0.7357723577235772,0.5084745762711864,3,-0.06392509574203042,0.13091760285299414,0.13414634146341464,0.07692307692307693,-0.13540727432734426
cremad,cnn,GG,1058,0.8536585365853658,0.3473954840152023,3,0.054001848347295156,-0.04161081882916151,0.2723577235772358,0.11696969696969699,-0.10644774394404725
cremad,cnn,GG,1059,0.7967479674796748,0.5790849673202615,3,-0.0029943005615623943,0.1670118923128945,0.3658536585365854,0.4580789580789581,0.2278717988789144
cremad,cnn,GG,1060,0.8130081300813008,0.5192158876904639,3,0.013177653488947172,0.15389290694120433,0.34959349593495936,0.40926640926640917,0.1966106063312902
cremad,cnn,GG,1061,0.804878048780488,0.31178513071895425,3,0.0052646467186321004,-0.06264409302533798,0.29674796747967486,0.09231200897867564,-0.12519565556237827
cremad,cnn,GG,1062,0.8373983739837398,0.4155757350358478,3,0.03743933950967415,0.03179795400252786,0.3048780487804878,0.30370370370370364,0.08692875582155431
cremad,cnn,GG,1063,0.8577235772357724,0.2509726113787612,3,0.057892547802312976,-0.11737480253778614,0.2764227642276423,0.08131303012088426,-0.13361680070496096
cremad,cnn,GG,1064,0.8658536585365854,0.32438333705939343,3,0.06624025647472964,-0.045211076048315424,0.47560975609756095,0.2203140528721924,0.007410439896516019
cremad,cnn,GG,1065,0.8211382113821138,0.3564530289727832,3,0.02148110931623522,-0.006381004886966431,0.2032520325203252,0.15773420479302833,-0.052658429656343424
cremad,cnn,GG,1066,0.8008130081300813,0.33516685520361994,3,0.001070326261036277,-0.055568761455716174,0.23170731707317072,0.12254901960784315,-0.0992373846932056
cremad,cnn,GG,1067,0.7926829268292682,0.5805673137741448,3,-0.00705972734528378,0.20574087478839387,0.2032520325203252,0.5,0.2840740046652905
cremad,cnn,GG,1068,0.8211382113821138,0.3266488413547237,3,0.021353098439419942,-0.05058332124679706,0.31300813008130085,0.23131313131313128,0.013997747347893616
cremad,cnn,GG,1069,0.7967479674796748,0.42442468430655617,3,-0.003123552674258715,0.04116202063207856,0.1626016260162602,0.15355477855477856,-0.06467538398195243
cremad,cnn,GG,1070,0.7886178861788617,0.3444390871102539,3,-0.011253186556657266,-0.05348465259665328,0.25203252032520324,0.12999512670565302,-0.09329145023162806
cremad,cnn,GG,1071,0.8252032520325203,0.5028613898179116,3,0.02554656379444964,0.11868989761013116,0.2926829268292683,0.4140857811834823,0.19527239183511566
cremad,cnn,GG,1072,0.7967479674796748,0.23264450088509195,3,-0.003168475049160254,-0.13944946209741624,0.2032520325203252,0.10108932461873639,-0.11326352206617053
cremad,cnn,GG,1073,0.7682926829268292,0.3672982603002887,3,-0.03157911173416709,-0.015385480918531924,0.1991869918699187,0.4191033138401559,0.20146803178343356
cremad,cnn,GG,1074,0.8292682926829268,0.5334762196366606,3,0.029222878752019083,0.13526052276570838,0.4146341463414634,0.4129002617846431,0.18891280560643842
cremad,cnn,GG,1075,0.9024390243902439,0.6030688222469044,3,0.102434514700171,0.22743530873826612,0.459349593495935,0.5155363155363155,0.300364655615264
cremad,cnn,GG,1076,0.7041666666666666,0.32503987240829346,3,-0.09570440606885237,-0.06804905666203039,0.1625,0.10555555555555556,-0.11312696981634797
cremad,cnn,GG,1077,0.8130081300813008,0.5029185867895546,3,0.013394728019445079,0.1333241736818457,0.33739837398373984,0.4024691358024692,0.18956552282679273
cremad,cnn,GG,1078,0.8089430894308943,0.2410999628390933,3,0.009029110508819013,-0.1786108616620856,0.32926829268292684,0.06046976511744128,-0.17414916507216374
cremad,cnn,GG,1079,0.8495934959349594,0.4307610368090898,3,0.04959106371833122,0.049592108439980166,0.4146341463414634,0.3982905982905984,0.18173807029556044
cremad,cnn,GG,1080,0.8780487804878049,0.3105394524959742,3,0.07822093421000176,-0.05729450994646904,0.47560975609756095,0.23128654970760232,0.019523906589223133
cremad,cnn,GG,1081,0.8170731707317073,0.273730492664574,3,0.017242449395917347,-0.10463549684730711,0.27235772357723576,0.027777777777777776,-0.1889670307930763
cremad,cnn,GG,1082,0.7073170731707318,0.6758531807402824,3,-0.09251340342162195,0.3105301999910228,0.28455284552845533,0.43311688311688307,0.2204610801817641
cremad,cnn,GG,1083,0.7926829268292682,0.42602108036890646,3,-0.007276107644797396,0.04224329933558648,0.2073170731707317,0.3974025974025974,0.180627649520448
cremad,cnn,GG,1084,0.7479674796747968,0.3716805675390662,3,-0.051729559963003026,-0.01593263940846233,0.2073170731707317,0.22017543859649122,-0.0005952813548573688
cremad,cnn,GG,1085,0.7926829268292682,0.28667628667628664,3,-0.007100078745012839,-0.10770790250449051,0.2235772357723577,0.10479302832244008,-0.11767473537869637
cremad,cnn,GG,1086,0.7560975609756099,0.4900043422603439,3,-0.043773573045008875,0.08561107801952834,0.21138211382113822,0.1718253968253968,-0.0561014918132233
cremad,cnn,GG,1087,0.7886178861788619,0.527755386376076,3,-0.011251278167584014,0.14256066346407176,0.13821138211382114,0.5128205128205128,0.29607839058053026
cremad,cnn,GG,1088,0.8008130081300813,0.4098069402417228,3,0.0010707400888441503,-0.002266134765644079,0.1991869918699187,0.18771929824561404,-0.04248786095442967
cremad,cnn,GG,1089,0.7560975609756099,0.40331541218637995,3,-0.04377351175990929,0.010226483116056099,0.25203252032520324,0.2309941520467836,0.01231162667488008
cremad,cnn,GG,1090,0.7682926829268292,0.33936894920501476,3,-0.03161918862683333,-0.06345146466448898,0.23577235772357721,0.14897292250233427,-0.07579900840082372
cremad,cnn,GG,1091,0.7520325203252032,0.5457914361249578,3,-0.047883780813753184,0.15261545493256037,0.1829268292682927,0.28511784511784516,0.06279015638883723
cremad,ridge_hubert_base,GR,1001,0.7804878048780489,0.45788976265625275,3,-0.019467572306116693,0.21731977103848243,0.45121951219512196,0.33194835633860026,0.17774144047038898
cremad,ridge_hubert_base,GR,1002,0.7530864197530863,0.30502645502645503,3,-0.046645483732168334,0.05712974772378901,0.4403292181069958,0.19574119574119575,0.039651903729652584
cremad,ridge_hubert_base,GR,1003,0.7520325203252032,0.16540618408190563,3,-0.047744095880820514,-0.08717833673396473,0.3617886178861789,0.0677021107128634,-0.08976654894885043
cremad,ridge_hubert_base,GR,1004,0.7967479674796749,0.21433080808080807,3,-0.0029839360055798902,-0.024910590757681178,0.43902439024390244,0.07362082362082362,-0.08135953242043291
cremad,ridge_hubert_base,GR,1005,0.7804878048780489,0.207379767827529,3,-0.019244098607205957,-0.03967871650782768,0.47560975609756095,0.1095076596530085,-0.046192865293679435
cremad,ridge_hubert_base,GR,1006,0.8666666666666667,0.29857469409708215,3,0.06671311079034599,0.057171227305643474,0.5750000000000001,0.20937123169681307,0.05702561772954474
cremad,ridge_hubert_base,GR,1007,0.8495934959349594,0.39204174820613175,3,0.049997462014922056,0.13498005798684776,0.4878048780487805,0.3522332964193429,0.19274843664129104
cremad,ridge_hubert_base,GR,1008,0.7807017543859649,0.29148782252230526,3,-0.01898492069585241,0.05388064219582727,0.46491228070175433,0.12140594541910332,-0.03180985739377596
cremad,ridge_hubert_base,GR,1009,0.8201754385964911,0.1759920634920635,3,0.020579404676453916,-0.0662496262666845,0.5394736842105263,0.1276593666837569,-0.026238980363098324
cremad,ridge_hubert_base,GR,1010,0.7804878048780489,0.19257860195360196,3,-0.019421038277502856,-0.050563427407337026,0.4593495934959349,0.11659159159159159,-0.03633327478872681
cremad,ridge_hubert_base,GR,1011,0.8373983739837398,0.15443945725635866,3,0.03762175777771607,-0.08585112670564189,0.5894308943089431,0.07410968660968661,-0.08100241869409563
cremad,ridge_hubert_base,GR,1012,0.7357723577235772,0.2094678330599599,3,-0.06395772445383274,-0.03369191987040343,0.39024390243902446,0.12401960784313726,-0.031682991814031114
cremad,ridge_hubert_base,GR,1013,0.8791666666666668,0.1604333544632052,3,0.07930123060670764,-0.10036466129216355,0.6958333333333334,0.10136120941205688,-0.05976125941687965
cremad,ridge_hubert_base,GR,1014,0.8292682926829268,0.09303482587064676,3,0.02940285662296775,-0.16049859083470802,0.5325203252032521,0.04600257898130239,-0.11277250271955819
cremad,ridge_hubert_base,GR,1015,0.7967479674796748,0.31581630089092777,3,-0.002983936005579927,0.0765749020524385,0.47560975609756095,0.21411267995570324,0.05913232391444668
cremad,ridge_hubert_base,GR,1016,0.7276422764227641,0.24562378438455126,3,-0.07226838804063222,0.015050351739610899,0.42276422764227645,0.13366013071895425,-0.015963562181431006
cremad,ridge_hubert_base,GR,1017,0.775,0.4518518518518519,3,-0.02477479489817902,0.20346319366616897,0.4791666666666667,0.42120950944480356,0.2656113189138883
cremad,ridge_hubert_base,GR,1018,0.8089430894308943,0.09553453082864849,3,0.009211185945639596,-0.14678152423528712,0.5284552845528455,0.04445406564407059,-0.11230573968424991
cremad,ridge_hubert_base,GR,1019,0.7236842105263158,0.19996388913965876,3,-0.0760006432476568,-0.0586055122806492,0.5,0.10441176470588236,-0.05573310425490599
cremad,ridge_hubert_base,GR,1020,0.9105691056910569,0.18252765752765754,3,0.11079248948503313,-0.06949804797667329,0.6585365853658537,0.07397799044288149,-0.08413708207524262
cremad,ridge_hubert_base,GR,1021,0.7926829268292682,0.36897479814044526,3,-0.007361270208832482,0.12019131158317659,0.5,0.2757960793456509,0.11793535431021696
cremad,ridge_hubert_base,GR,1022,0.8292682926829268,0.19142502071251036,3,0.0293576282195304,-0.051170442007195005,0.5528455284552846,0.11559696342305037,-0.04025765246969915
cremad,ridge_hubert_base,GR,1023,0.8008130081300813,0.3244219244685662,3,0.0006788699677741464,0.08413134050656569,0.6138211382113821,0.21208483393357344,0.05813669464452284
cremad,ridge_hubert_base,GR,1024,0.8170731707317073,0.29126409017713367,3,0.017296554525683534,0.05097350621513309,0.43089430894308944,0.11893939393939394,-0.036172711364388314
cremad,ridge_hubert_base,GR,1025,0.8455284552845529,0.2549344375431332,3,0.045662503541925435,0.017865011303941497,0.5487804878048781,0.14078465817596253,-0.0133018230017611
cremad,ridge_hubert_base,GR,1026,0.8414634146341463,0.19705099282564073,3,0.04173151114889162,-0.04135218304553923,0.5772357723577236,0.09672364672364671,-0.057867942252754566
cremad,ridge_hubert_base,GR,1027,0.8292682926829268,0.24585643574873073,3,0.029223579962157742,0.002640041082604109,0.5121951219512195,0.151253954011112,-0.0045323706506716355
cremad,ridge_hubert_base,GR,1028,0.8739837398373984,0.28339312894107416,3,0.07389431439586025,0.04136398240957328,0.5894308943089431,0.22023040482342807,0.06570301312132744
cremad,ridge_hubert_base,GR,1029,0.8211382113821138,0.2684261204481793,3,0.02127277532215477,0.03109834777747103,0.516260162601626,0.19502902111597764,0.04207199488225905
cremad,ridge_hubert_base,GR,1030,0.8495934959349594,0.19112910864829025,3,0.049820522344625084,-0.055310342858101595,0.5853658536585367,0.08932361103553355,-0.06439179019166258
cremad,ridge_hubert_base,GR,1031,0.7195121951219511,0.491812865497076,3,-0.08021970836330354,0.2534096896258961,0.30487804878048785,0.2619355952689286,0.10734400629252731
cremad,ridge_hubert_base,GR,1032,0.8008130081300813,0.44652683551937283,3,0.0009041649745296457,0.19917596775246302,0.4146341463414635,0.36309523809523814,0.2048363267644303
cremad,ridge_hubert_base,GR,1033,0.8211382113821138,0.11321849251764891,3,0.021409950512548608,-0.13524525807869905,0.5040650406504065,0.054807913503565675,-0.10184847250545988
cremad,ridge_hubert_base,GR,1034,0.8373983739837398,0.4650920974450386,3,0.037666470498485115,0.23340103417701918,0.491869918699187,0.43775946275946276,0.2874882262150616
cremad,ridge_hubert_base,GR,1035,0.8861788617886179,0.2246321664129883,3,0.08640224558259413,-0.034658138141356466,0.6504065040650406,0.1797619047619048,0.019299445115704684
cremad,ridge_hubert_base,GR,1036,0.7682926829268292,0.4761904761904761,3,-0.031483933279194486,0.23310581567077793,0.4186991869918699,0.43381672061234716,0.2791723164332891
cremad,ridge_hubert_base,GR,1037,0.9186991869918698,0.10581724581724582,3,0.11896910481445995,-0.14041716333856386,0.6788617886178862,0.02878787878787879,-0.12869417015635357
cremad,ridge_hubert_base,GR,1038,0.8861788617886179,0.1146146146146146,3,0.08617937747128619,-0.12809152102726587,0.6382113821138211,0.05738644304682041,-0.09938582782022061
cremad,ridge_hubert_base,GR,1039,0.8130081300813008,0.23854617604617603,3,0.012873991918993669,-0.009009006965838479,0.6016260162601627,0.19410811780401124,0.037812591386884704
cremad,ridge_hubert_base,GR,1040,0.8658536585365854,0.20192271807847617,3,0.06616880476261278,-0.04182668288129581,0.6138211382113821,0.16647413682454115,0.011915780594949438
cremad,ridge_hubert_base,GR,1041,0.7682926829268292,0.22221955336709434,3,-0.031573268815798104,-0.02156198547525785,0.46341463414634143,0.15560765191297823,-0.0027991816967454786
cremad,ridge_hubert_base,GR,1042,0.7926829268292682,0.3797498797498797,3,-0.006913107090768977,0.13750818999113176,0.4146341463414634,0.2851658476658477,0.13126750061899242
cremad,ridge_hubert_base,GR,1043,0.6991869918699187,0.16271582785656635,3,-0.10094714629238848,-0.08483935515544816,0.42276422764227645,0.13307960366783897,-0.023215922749287587
cremad,ridge_hubert_base,GR,1044,0.8617886178861789,0.22594747227325304,3,0.06219440527398631,-0.020212571577369026,0.6178861788617885,0.2239836833078385,0.06936309264507141
cremad,ridge_hubert_base,GR,1045,0.8495934959349594,0.38798073126431337,3,0.04963994005863862,0.14657726447287467,0.516260162601626,0.2976548514142499,0.14530923744698154
cremad,ridge_hubert_base,GR,1046,0.7520325203252032,0.31917562724014337,3,-0.047744095880820514,0.07888504327814279,0.40650406504065045,0.14366899484866816,-0.011443110455114083
cremad,ridge_hubert_base,GR,1047,0.8902439024390244,0.1048148148148148,3,0.09019918971825532,-0.14595191542178157,0.6707317073170732,0.08387363163036143,-0.07662181252827756
cremad,ridge_hubert_base,GR,1048,0.8536585365853658,0.271011183905764,3,0.05374969342981417,0.020318818974355224,0.5894308943089431,0.2317230273752013,0.07408904149802754
cremad,ridge_hubert_base,GR,1049,0.8292682926829268,0.1864002636390696,3,0.029536389197672097,-0.044452576661640535,0.5284552845528455,0.09790120402441037,-0.05198126545513559
cremad,ridge_hubert_base,GR,1050,0.8495934959349594,0.2534816743598848,3,0.049861592449704596,0.015078498488704841,0.5772357723577236,0.16111786763960675,0.0065262786632054775
cremad,ridge_hubert_base,GR,1051,0.8130081300813008,0.2349443259891021,3,0.013276226596046067,-0.012952381313563901,0.47560975609756095,0.11116831116831116,-0.044920980843232004
cremad,ridge_hubert_base,GR,1052,0.7845528455284553,0.2325964358222423,3,-0.015357818934941111,-0.00999902689746309,0.5609756097560976,0.12987861811391224,-0.0259759977788373
cremad,ridge_hubert_base,GR,1053,0.8048780487804877,0.19187396351575456,3,0.005146145295233088,-0.06357307935738125,0.5487804878048781,0.10949002217294901,-0.051308389335449504
cremad,ridge_hubert_base,GR,1054,0.8577235772357724,0.20372092844671108,3,0.057993495058362377,-0.055644468518298816,0.5772357723577236,0.103847258110824,-0.05767339701348636
cremad,ridge_hubert_base,GR,1055,0.7723577235772359,0.2673258738832509,3,-0.027552940886160632,0.013282198153650032,0.4959349593495935,0.1484984984984985,-0.009290636997104695
cremad,ridge_hubert_base,GR,1056,0.8577235772357724,0.3159062909062909,3,0.0580387234617998,0.07299511291382825,0.6178861788617885,0.234157905586477,0.07998831642174055
cremad,ridge_hubert_base,GR,1057,0.8495934959349594,0.3866983991664299,3,0.049728059875000286,0.14490010400340533,0.6097560975609756,0.29883726540261496,0.14306515091609623
cremad,ridge_hubert_base,GR,1058,0.8292682926829268,0.23958333333333334,3,0.0291788672413887,-0.009159097813306927,0.6138211382113821,0.17773683547493072,0.020182376098121152
cremad,ridge_hubert_base,GR,1059,0.8658536585365854,0.3056692003875103,3,0.06576423309504724,0.056089718285539596,0.6016260162601625,0.2044917257683215,0.04525521456936552
cremad,ridge_hubert_base,GR,1060,0.8577235772357724,0.5025419829767657,3,0.05781473408022068,0.26666455266584055,0.6178861788617888,0.45,0.2994225207477576
cremad,ridge_hubert_base,GR,1061,0.8739837398373984,0.25169394746859536,3,0.07407307537400194,0.010495523027738837,0.6260162601626017,0.22677966101694916,0.07066739933264458
cremad,ridge_hubert_base,GR,1062,0.8333333333333334,0.33685026827632464,3,0.033603251155923365,0.10124085091643109,0.5650406504065041,0.2731037078863166,0.12211022772600355
cremad,ridge_hubert_base,GR,1063,0.8861788617886179,0.2522831050228311,3,0.0862253059122972,0.010879638231392366,0.5487804878048781,0.09608711701734958,-0.056258496949918774
cremad,ridge_hubert_base,GR,1064,0.910569105691057,0.18752963489805596,3,0.11061372850689148,-0.05248154140817484,0.7195121951219511,0.09579104865990112,-0.05906228006472044
cremad,ridge_hubert_base,GR,1065,0.7398373983739838,0.2858126660034,3,-0.06007326608941269,0.04405542625100394,0.43495934959349597,0.12156235182550972,-0.03390349700238457
cremad,ridge_hubert_base,GR,1066,0.7804878048780489,0.2080757129937458,3,-0.019378146864578578,-0.03570582584860641,0.3617886178861789,0.12341808893533031,-0.03498874467439341
cremad,ridge_hubert_base,GR,1067,0.7235772357723578,0.5334054834054834,3,-0.0763334286910387,0.29081002068577805,0.34146341463414637,0.5050771604938271,0.34922254460107766
cremad,ridge_hubert_base,GR,1068,0.7642276422764228,0.21245954296801753,3,-0.03554897392960099,-0.03956616253631329,0.5528455284552846,0.15887799564270152,0.0007629231245774118
cremad,ridge_hubert_base,GR,1069,0.8861788617886179,0.2199391171993912,3,0.08640224558259413,-0.01727798254914195,0.6382113821138211,0.1661359700575387,0.014096598798111593
cremad,ridge_hubert_base,GR,1070,0.7276422764227641,0.35102719280053796,3,-0.07217662560858103,0.10328507244370429,0.3536585365853659,0.1465830721003135,-0.011558986026655319
cremad,ridge_hubert_base,GR,1071,0.7804878048780489,0.3123778103616813,3,-0.019646333284258355,0.0648226273496668,0.5203252032520326,0.2479174827000914,0.09162195628296484
cremad,ridge_hubert_base,GR,1072,0.8414634146341463,0.2027754763877382,3,0.04173333245673635,-0.0342195845462659,0.5813008130081302,0.1054263565891473,-0.04579866630711108
cremad,ridge_hubert_base,GR,1073,0.6788617886178862,0.25204136019614115,3,-0.12082306515608639,0.009130182203678477,0.3211382113821138,0.09941391941391942,-0.05475566975081705
cremad,ridge_hubert_base,GR,1074,0.8130081300813008,0.3847031809279395,3,0.013325097615172976,0.13703542587629344,0.516260162601626,0.26766470244731116,0.11238410260180758
cremad,ridge_hubert_base,GR,1075,0.9349593495934959,0.3390688259109312,3,0.13523108872393075,0.09815541088505302,0.7276422764227641,0.3021907580927961,0.15024349158062592
cremad,ridge_hubert_base,GR,1076,0.8249999999999998,0.35880159246587323,3,0.025136385247885678,0.11224672024366532,0.5541666666666667,0.2697951273532669,0.11291200218598112
cremad,ridge_hubert_base,GR,1077,0.8252032520325203,0.4185593770279039,3,0.025247874848354817,0.17854820072167318,0.5691056910569107,0.3222871994801819,0.16743387075556035
cremad,ridge_hubert_base,GR,1078,0.8130081300813008,0.1350067842605156,3,0.01309746561790437,-0.12658722703955508,0.5813008130081302,0.08383244602188701,-0.07866580897057153
cremad,ridge_hubert_base,GR,1079,0.8292682926829268,0.24448529411764705,3,0.02949349778474782,-0.012855803757406683,0.5650406504065041,0.20120259019426456,0.04262291985178365
cremad,ridge_hubert_base,GR,1080,0.9065040650406505,0.2104418766278896,3,0.10659340057725401,-0.03633720005169733,0.7154471544715447,0.1471542454579162,-0.008287502909611028
cremad,ridge_hubert_base,GR,1081,0.8699186991869919,0.16366718831507562,3,0.0700098560314402,-0.0828466284965038,0.5487804878048781,0.043121693121693117,-0.11345516638696825
cremad,ridge_hubert_base,GR,1082,0.7804878048780487,0.36523880954932064,3,-0.019421038277502894,0.12936137923839564,0.491869918699187,0.27273790536948433,0.12216042611724187
cremad,ridge_hubert_base,GR,1083,0.8130081300813008,0.3752054208595034,3,0.01327804790389083,0.13959600349960988,0.4796747967479675,0.2977851605758583,0.14679168041554522
cremad,ridge_hubert_base,GR,1084,0.8130081300813008,0.2702925589444084,3,0.013008645763969096,0.027586423302527908,0.5691056910569107,0.179403073286052,0.022630802419010995
cremad,ridge_hubert_base,GR,1085,0.8089430894308943,0.2967103096179183,3,0.009122366091704323,0.05288654335295875,0.5284552845528455,0.17299158060636222,0.015571766095305278
cremad,ridge_hubert_base,GR,1086,0.7317073170731708,0.33351558228540185,3,-0.06820334739022571,0.09539181406999168,0.4268292682926829,0.20980704881633674,0.05547423641909615
cremad,ridge_hubert_base,GR,1087,0.6788617886178862,0.3300148519446765,3,-0.12082488646393115,0.07620202758355193,0.35772357723577236,0.2032428355957768,0.044208977315755515
cremad,ridge_hubert_base,GR,1088,0.9024390243902438,0.2563068830674465,3,0.10234959894870577,0.006727400965475768,0.6260162601626016,0.20086477987421383,0.04162826867525785
cremad,ridge_hubert_base,GR,1089,0.8455284552845529,0.19719887955182072,3,0.04566484053243854,-0.049355992670387185,0.6747967479674797,0.14432630397542676,-0.012556821191859016
cremad,ridge_hubert_base,GR,1090,0.8577235772357724,0.2608476267219217,3,0.058036902153954996,0.022402223428134322,0.524390243902439,0.1762820512820513,0.022677481404316763
cremad,ridge_hubert_base,GR,1091,0.7479674796747968,0.2720991318585632,3,-0.051628554245240564,0.031243085673925808,0.5284552845528455,0.2392543044716958,0.08558750016078587
cremad,ridge_hubert_base,GG,1001,0.7520325203252032,0.4477457083569138,3,-0.0476245817406753,0.19505118447741188,0.40243902439024387,0.3054187192118227,0.1483543988568671
cremad,ridge_hubert_base,GG,1002,0.7530864197530865,0.33293965567894707,3,-0.046827392461198124,0.06375172244973713,0.3868312757201646,0.20224089635854345,0.034964537790291524
cremad,ridge_hubert_base,GG,1003,0.7439024390243901,0.207509254362771,3,-0.05592637392232647,-0.0432949254382952,0.3739837398373984,0.07464985994397759,-0.08168648653933745
cremad,ridge_hubert_base,GG,1004,0.7317073170731708,0.2172653856864383,3,-0.06824978288392929,-0.06993555817453899,0.2926829268292683,0.03901234567901234,-0.13214574017607564
cremad,ridge_hubert_base,GG,1005,0.7845528455284553,0.21712773224043716,3,-0.015275414577155718,-0.03959220080353193,0.4390243902439024,0.09202827526805073,-0.0706240860596834
cremad,ridge_hubert_base,GG,1006,0.8916666666666666,0.271031746031746,3,0.09183563723320731,0.024117748876736605,0.5208333333333334,0.22969219219219217,0.07476769727248807
cremad,ridge_hubert_base,GG,1007,0.8373983739837398,0.40728291316526605,3,0.03743922794332666,0.16083029090611065,0.5894308943089431,0.3515826873385013,0.19094767954096656
cremad,ridge_hubert_base,GG,1008,0.7368421052631579,0.25582674707234987,3,-0.06298421418183124,0.0018281485028550741,0.3508771929824561,0.08882783882783883,-0.06899570633523804
cremad,ridge_hubert_base,GG,1009,0.7807017543859649,0.2018074031231926,3,-0.019171954807760905,-0.062475372308264256,0.5438596491228069,0.1301859171424389,-0.033805638766336854
cremad,ridge_hubert_base,GG,1010,0.7560975609756099,0.19334614217817778,3,-0.043732915616743896,-0.07640544544777642,0.44308943089430897,0.09926644911165035,-0.06850989703180971
cremad,ridge_hubert_base,GG,1011,0.8333333333333334,0.15128205128205127,3,0.033719517443669744,-0.09825156532242733,0.540650406504065,0.07538914985723497,-0.08401499361918141
cremad,ridge_hubert_base,GG,1012,0.6910569105691057,0.2051782962799912,3,-0.10898825654923217,-0.0683639971288578,0.3333333333333333,0.0845959595959596,-0.08389696721136947
cremad,ridge_hubert_base,GG,1013,0.8708333333333332,0.1675396185871609,3,0.07096458281469538,-0.09255107035086096,0.65,0.10271825227430113,-0.06107075773399906
cremad,ridge_hubert_base,GG,1014,0.7764227642276422,0.12060699157473352,3,-0.02344598629099563,-0.12256186013524643,0.4593495934959349,0.03447924624395213,-0.12277392738501118
cremad,ridge_hubert_base,GG,1015,0.7560975609756099,0.2958562263345355,3,-0.04385953898149023,0.008655282473558271,0.34959349593495936,0.13957307060755336,-0.031585015247534626
cremad,ridge_hubert_base,GG,1016,0.7235772357723578,0.26001024065540196,3,-0.07620776560398868,0.008583931484377786,0.39430894308943093,0.1341991341991342,-0.02481711740852745
cremad,ridge_hubert_base,GG,1017,0.7458333333333332,0.4677248677248677,3,-0.053954409923911095,0.20704994061683968,0.4708333333333334,0.3712660028449502,0.2074658484244484
cremad,ridge_hubert_base,GG,1018,0.8008130081300813,0.10000888052146423,3,0.001113640131744198,-0.16467874217746822,0.548780487804878,0.027777777777777776,-0.1387448806621005
cremad,ridge_hubert_base,GG,1019,0.7324561403508772,0.22190324295587452,3,-0.06758664326547999,-0.02813664385344784,0.456140350877193,0.11295188050406267,-0.048363371944752494
cremad,ridge_hubert_base,GG,1020,0.8902439024390244,0.1642172994912721,3,0.09045878949633053,-0.07536428766854093,0.6991869918699187,0.09248796819418288,-0.06408496078349998
cremad,ridge_hubert_base,GG,1021,0.7886178861788617,0.36064425770308123,3,-0.011079153458937988,0.0986632246866237,0.4593495934959349,0.293072424651372,0.12855544077143136
cremad,ridge_hubert_base,GG,1022,0.8495934959349594,0.19101077050538526,3,0.04985084176040725,-0.07683775946857048,0.5853658536585366,0.10756808203616713,-0.056614753282250296
cremad,ridge_hubert_base,GG,1023,0.7764227642276422,0.30720510426392783,3,-0.023233924010428415,0.06257226575065578,0.5569105691056911,0.16675084175084176,0.01178976202297922
cremad,ridge_hubert_base,GG,1024,0.7601626016260162,0.24077019511683262,3,-0.03945121426364732,-0.008763421487646,0.3617886178861789,0.0779828940748481,-0.08142124940156828
cremad,ridge_hubert_base,GG,1025,0.8373983739837398,0.28294381674663366,3,0.037656272650293476,0.009179533529775047,0.5447154471544716,0.15942959001782533,-0.011069260145011195
cremad,ridge_hubert_base,GG,1026,0.8170731707317073,0.18433946339729923,3,0.017201622883280827,-0.09039348027843724,0.47154471544715443,0.08344079088759938,-0.08309329772697081
cremad,ridge_hubert_base,GG,1027,0.8130081300813009,0.2194139194139194,3,0.013351994684335863,-0.05074251547951036,0.5487804878048781,0.17898461357763684,0.00867716490307426
cremad,ridge_hubert_base,GG,1028,0.8455284552845529,0.3029478212800731,3,0.04587231988758785,0.0354773922958563,0.5365853658536586,0.1896135265700483,0.02180059561842985
cremad,ridge_hubert_base,GG,1029,0.7926829268292682,0.2915678524374177,3,-0.007142978787912924,0.045630939234152734,0.4552845528455285,0.16985680695358116,0.014136502417597294
cremad,ridge_hubert_base,GG,1030,0.8292682926829268,0.1858076563958917,3,0.02926323015174818,-0.06797737585846016,0.5528455284552846,0.08169934640522876,-0.07728722733432722
cremad,ridge_hubert_base,GG,1031,0.6951219512195123,0.4795787545787546,3,-0.10474959662891425,0.20484581090301812,0.23983739837398374,0.20833333333333334,0.041799244718763125
cremad,ridge_hubert_base,GG,1032,0.7642276422764228,0.4087437115101049,3,-0.03568865886253366,0.13607913551610526,0.2967479674796748,0.25614035087719295,0.08538658110524396
cremad,ridge_hubert_base,GG,1033,0.8130081300813008,0.1250565355042967,3,0.01291748774695567,-0.14988919913144041,0.47560975609756095,0.036521779254337396,-0.1341954057094532
cremad,ridge_hubert_base,GG,1034,0.8130081300813008,0.4599728629579376,3,0.013137162768472987,0.1880168682354427,0.43089430894308944,0.38113821138211385,0.2153947219068414
cremad,ridge_hubert_base,GG,1035,0.8739837398373984,0.2182746382746383,3,0.07419862689470454,-0.03822878611321665,0.5975609756097561,0.15631205673758866,-0.006796708619431074
cremad,ridge_hubert_base,GG,1036,0.7317073170731708,0.47236679748021554,3,-0.06803495096806644,0.2130953115990757,0.4146341463414634,0.4005547021676054,0.23897880590356513
cremad,ridge_hubert_base,GG,1037,0.9024390243902438,0.09870228705845145,3,0.1026515892306689,-0.1523266851883527,0.7398373983739838,0.04934147509578544,-0.1145160242963339
cremad,ridge_hubert_base,GG,1038,0.8739837398373984,0.09284354777312524,3,0.0742867001995986,-0.1549016539245034,0.6666666666666666,0.05426900584795322,-0.1062066593755947
cremad,ridge_hubert_base,GG,1039,0.8455284552845529,0.2790200138026225,3,0.04587176704648214,0.017465338061308577,0.5975609756097562,0.1976923076923077,0.03619539158510831
cremad,ridge_hubert_base,GG,1040,0.8414634146341463,0.19862813243094934,3,0.04150606786447649,-0.06924190755067444,0.548780487804878,0.1381167851756087,-0.02655501538444748
cremad,ridge_hubert_base,GG,1041,0.7886178861788617,0.23026533996683252,3,-0.011124795690183284,-0.04627589220326767,0.39430894308943093,0.12643970189701897,-0.044849747405115326
cremad,ridge_hubert_base,GG,1042,0.7398373983739838,0.360165647092642,3,-0.06003631081974207,0.09588287166118513,0.3739837398373984,0.2518037518037518,0.08781219589497606
cremad,ridge_hubert_base,GG,1043,0.6544715447154471,0.17990157990157987,3,-0.1451851435226235,-0.08165309583973401,0.3821138211382114,0.08534946236559139,-0.07614745374160799
cremad,ridge_hubert_base,GG,1044,0.8373983739837398,0.2473572219438723,3,0.03743659762877616,-0.003266903035456283,0.6219512195121951,0.18296444121915822,0.02163804435814139
cremad,ridge_hubert_base,GG,1045,0.8211382113821138,0.39588820602868013,3,0.021307181948654403,0.14897420887367072,0.5,0.28737060041407864,0.13244610549437455
cremad,ridge_hubert_base,GG,1046,0.6991869918699187,0.2970087289759421,3,-0.10042682401974486,0.047475112371463464,0.3617886178861789,0.16614971050454921,0.006745567028132837
cremad,ridge_hubert_base,GG,1047,0.8821138211382115,0.1014856260852788,3,0.08237155309697423,-0.18391575794663337,0.6300813008130083,0.05562770562770563,-0.12009433942667251
cremad,ridge_hubert_base,GG,1048,0.8373983739837398,0.26208745007357576,3,0.037481764747113955,-0.02290908669086082,0.5203252032520326,0.19647495361781075,0.02328401109453515
cremad,ridge_hubert_base,GG,1049,0.8333333333333334,0.19000066949528427,3,0.033547918129179045,-0.06948732504196982,0.5203252032520326,0.14188261351052048,-0.019236878724234175
cremad,ridge_hubert_base,GG,1050,0.8373983739837398,0.24260185167974987,3,0.037526826135313364,-0.032131091995986606,0.491869918699187,0.1509273979862215,-0.015606690628348694
cremad,ridge_hubert_base,GG,1051,0.8130081300813008,0.19987359398658877,3,0.013094317867016278,-0.06931433924262113,0.4390243902439024,0.07840166369578135,-0.08887469487247056
cremad,ridge_hubert_base,GG,1052,0.8130081300813009,0.23487044356609574,3,0.013265475906748758,-0.03297808640785999,0.548780487804878,0.12430757745427397,-0.039875257864143455
cremad,ridge_hubert_base,GG,1053,0.7764227642276422,0.16760539341184502,3,-0.023577180630914407,-0.11682748895584731,0.47560975609756095,0.08333333333333333,-0.08935762161473411
cremad,ridge_hubert_base,GG,1054,0.8211382113821138,0.20279695068793058,3,0.021050199362319222,-0.06797728122763345,0.5772357723577236,0.11970836181362497,-0.05031743408668355
cremad,ridge_hubert_base,GG,1055,0.7764227642276422,0.25653108465608465,3,-0.023405082050160824,-0.00904900024969644,0.48373983739837395,0.12222222222222223,-0.04486273485775575
cremad,ridge_hubert_base,GG,1056,0.8252032520325203,0.315139751552795,3,0.02533145737152398,0.0597377117564121,0.5691056910569106,0.22121749408983452,0.0611696907702961
cremad,ridge_hubert_base,GG,1057,0.8536585365853658,0.40373185685685686,3,0.053961083119758224,0.15061097570221135,0.524390243902439,0.27771618625277167,0.11763179812507481
cremad,ridge_hubert_base,GG,1058,0.8414634146341463,0.25091322322862114,3,0.04180672639607563,-0.013327458421905775,0.5731707317073171,0.12769169493267551,-0.03629973889746801
cremad,ridge_hubert_base,GG,1059,0.8658536585365854,0.31391947951174376,3,0.0661113904953482,0.03120410138904463,0.5365853658536586,0.26634146341463416,0.09311393608320014
cremad,ridge_hubert_base,GG,1060,0.8130081300813008,0.48936184588358506,3,0.013177653488947172,0.23653209548567275,0.5731707317073171,0.4358974358974359,0.2746569261333127
cremad,ridge_hubert_base,GG,1061,0.8861788617886179,0.26137093615354484,3,0.08656545972676218,0.01721299900608314,0.6666666666666666,0.206484348125215,0.04668892755294751
cremad,ridge_hubert_base,GG,1062,0.7804878048780489,0.3331752055660974,3,-0.01947122959601692,0.07487786129573083,0.5284552845528455,0.23144612683783192,0.0683677964103184
cremad,ridge_hubert_base,GG,1063,0.8333333333333334,0.20520585478405076,3,0.03350230389987393,-0.04170814237095866,0.5609756097560976,0.11590550854488135,-0.03901898637482276
cremad,ridge_hubert_base,GG,1064,0.8983739837398375,0.16748444551256378,3,0.0987605816779817,-0.07398748572568498,0.6991869918699187,0.09286146400483969,-0.06443943884448368
cremad,ridge_hubert_base,GG,1065,0.7357723577235773,0.31339041764246683,3,-0.06388474434230129,0.05800988785375191,0.4390243902439024,0.15285427047818867,-0.006704567599711016
cremad,ridge_hubert_base,GG,1066,0.7642276422764228,0.2758879113717823,3,-0.035515039592622255,-0.0006533207983178227,0.3089430894308944,0.08862433862433862,-0.08266511067779567
cremad,ridge_hubert_base,GG,1067,0.7073170731707318,0.5154970760233918,3,-0.09242558100382041,0.24764854604943606,0.2804878048780488,0.49595959595959593,0.3317767606411785
cremad,ridge_hubert_base,GG,1068,0.7886178861788619,0.200543482290485,3,-0.011167226763832083,-0.03903810486932805,0.5203252032520326,0.13027646956218383,-0.02629645941549903
cremad,ridge_hubert_base,GG,1069,0.8333333333333334,0.23926585559596972,3,0.03346181317939978,-0.026774385883622298,0.5203252032520326,0.1556659600777248,-0.003761514553128583
cremad,ridge_hubert_base,GG,1070,0.7357723577235772,0.33706739526411655,3,-0.06409871501194182,0.08245115846714553,0.32926829268292684,0.1367283950617284,-0.027809348981671395
cremad,ridge_hubert_base,GG,1071,0.7967479674796748,0.32659313725490197,3,-0.0029087207583958774,0.06503846151358805,0.4268292682926829,0.20936819172113288,0.047871275613933506
cremad,ridge_hubert_base,GG,1072,0.8170731707317073,0.18433917369673372,3,0.017156728202872246,-0.0890202622526493,0.516260162601626,0.06489479512735326,-0.10307295250438071
cremad,ridge_hubert_base,GG,1073,0.6544715447154471,0.2728138528138528,3,-0.14540024994554915,0.017411813017469868,0.2764227642276423,0.13823857302118173,-0.021809230298356696
cremad,ridge_hubert_base,GG,1074,0.7886178861788619,0.4074852163087457,3,-0.011427527752045955,0.15327382677925025,0.47154471544715443,0.2353864734299517,0.07337983191765443
cremad,ridge_hubert_base,GG,1075,0.9552845528455284,0.3320203197868088,3,0.15528004315545552,0.0723195342895541,0.7682926829268292,0.32274607113316794,0.15744348254919285
cremad,ridge_hubert_base,GG,1076,0.7875,0.3693973046167652,3,-0.012371072735519073,0.11746707372900718,0.48333333333333334,0.22402159244264508,0.06197836612218941
cremad,ridge_hubert_base,GG,1077,0.8089430894308943,0.42803124054670955,3,0.009329687369038572,0.18655930930846085,0.5609756097560976,0.32638888888888884,0.1690879860395655
cremad,ridge_hubert_base,GG,1078,0.8170731707317073,0.1490232429933134,3,0.01715919180963203,-0.13180179105095005,0.5325203252032521,0.07505233945177466,-0.09744721400801885
cremad,ridge_hubert_base,GG,1079,0.8211382113821138,0.27697774861953967,3,0.021135779165485702,0.02736421908536092,0.5528455284552846,0.18554857840572125,0.027253393729647368
cremad,ridge_hubert_base,GG,1080,0.9024390243902439,0.20223503965392933,3,0.1026111781124408,-0.046423208023809864,0.7276422764227641,0.14457478005865101,-0.01597434064199009
cremad,ridge_hubert_base,GG,1081,0.8211382113821138,0.09920343137254901,3,0.021307490046323856,-0.15498644814927842,0.5447154471544716,0.029346182917611485,-0.132171493353047
cremad,ridge_hubert_base,GG,1082,0.7926829268292682,0.41511194029850745,3,-0.007147549763085366,0.16228218990059515,0.4878048780487805,0.2653740697218958,0.10413355995777263
cremad,ridge_hubert_base,GG,1083,0.7926829268292682,0.3537779850746268,3,-0.007276107644797396,0.09548064080426026,0.45121951219512196,0.30085470085470084,0.13777637042718735
cremad,ridge_hubert_base,GG,1084,0.8373983739837398,0.26769532433953747,3,0.037701334345940064,0.01995012264190883,0.508130081300813,0.15145728834169328,-0.009018376881854662
cremad,ridge_hubert_base,GG,1085,0.7926829268292682,0.2813434552564987,3,-0.007100078745012876,0.01306856800739938,0.4552845528455285,0.16666666666666666,-0.0005362364244920573
cremad,ridge_hubert_base,GG,1086,0.6747967479674797,0.3191029143897996,3,-0.12507438605313895,0.052431656080293064,0.3536585365853659,0.07515151515151515,-0.08927933283596205
cremad,ridge_hubert_base,GG,1087,0.7113821138211381,0.3128050010082678,3,-0.08848705052530763,0.06157446393205796,0.30894308943089427,0.11846153846153847,-0.040894875794517865
cremad,ridge_hubert_base,GG,1088,0.8455284552845529,0.29299757252385417,3,0.04578618724331566,0.010282194401154984,0.5487804878048781,0.1619581165799653,-0.011269410751468692
cremad,ridge_hubert_base,GG,1089,0.8658536585365854,0.24416498993963784,3,0.0659825858010663,-0.007765240948120237,0.6341463414634146,0.1722222222222222,0.01017899590176656
cremad,ridge_hubert_base,GG,1090,0.7764227642276422,0.23501674598977615,3,-0.023489107326020348,-0.03144985276495951,0.3617886178861789,0.1565079365079365,-0.005939605895658136
cremad,ridge_hubert_base,GG,1091,0.7764227642276422,0.32842506833421825,3,-0.023493536911314172,0.0792043845817778,0.5203252032520326,0.26264931259860264,0.1035471738940474
cremad,ridge_wav2vec2_base,GR,1001,0.8170731707317073,0.4220263532763533,3,0.017117793547541876,0.1434569204738945,0.4471544715447155,0.29465709728867623,0.12311569337662571
cremad,ridge_wav2vec2_base,GR,1002,0.7777777777777777,0.4279647435897436,3,-0.021954125707476974,0.13562159160885584,0.3991769547325103,0.39166666666666666,0.2139919120604138
cremad,ridge_wav2vec2_base,GR,1003,0.7845528455284553,0.2893922524474402,3,-0.01522377067756849,0.006352297152665128,0.40243902439024387,0.14056776556776557,-0.03248552354061657
cremad,ridge_wav2vec2_base,GR,1004,0.7967479674796748,0.2786002304147465,3,-0.002983936005579927,-0.01206881965548042,0.5040650406504065,0.19023569023569023,0.013960234631545776
cremad,ridge_wav2vec2_base,GR,1005,0.8658536585365854,0.375644642788902,3,0.06612175505133062,0.09028668220225845,0.508130081300813,0.2514226268379092,0.07608970247116843
cremad,ridge_wav2vec2_base,GR,1006,0.85,0.33408878702996353,3,0.05004644412367928,0.04054457569427383,0.4083333333333334,0.1768421052631579,-0.00011665674013652816
cremad,ridge_wav2vec2_base,GR,1007,0.894308943089431,0.49969051243023843,3,0.09471290916939361,0.21013397297358072,0.6504065040650406,0.4248484848484848,0.24807379359527426
cremad,ridge_wav2vec2_base,GR,1008,0.7807017543859649,0.35323030343677847,3,-0.01898492069585241,0.07351622349490657,0.43421052631578955,0.22886106141920096,0.05802430789692196
cremad,ridge_wav2vec2_base,GR,1009,0.8157894736842105,0.24204247376916868,3,0.0161934397641732,-0.04619299210689538,0.5219298245614036,0.14871481028151776,-0.027458381519110675
cremad,ridge_wav2vec2_base,GR,1010,0.7357723577235772,0.303639846743295,3,-0.06413648543197444,0.010012891361895019,0.4065040650406504,0.1984126984126984,0.01978036175710594
cremad,ridge_wav2vec2_base,GR,1011,0.8739837398373984,0.1812549829673117,3,0.0742071236313746,-0.10010852639284473,0.5691056910569107,0.12033891570812721,-0.05394863807973995
cremad,ridge_wav2vec2_base,GR,1012,0.6910569105691057,0.21743877022154098,3,-0.1086731716083043,-0.06996759605862676,0.3008130081300813,0.12596491228070175,-0.0489439653529424
cremad,ridge_wav2vec2_base,GR,1013,0.8666666666666667,0.1533275650731848,3,0.06680123060670766,-0.14370978952641264,0.5875,0.05460444027517198,-0.12473774693551999
cremad,ridge_wav2vec2_base,GR,1014,0.7764227642276422,0.1730548310978639,3,-0.02344267183231674,-0.12621778474789172,0.4471544715447154,0.10149572649572651,-0.0784525213210261
cremad,ridge_wav2vec2_base,GR,1015,0.8252032520325203,0.32040352372833186,3,0.02547134854726559,0.02973447365810496,0.4796747967479675,0.2835711487885401,0.10729569318439565
cremad,ridge_wav2vec2_base,GR,1016,0.7113821138211383,0.28434343434343434,3,-0.08852855064225822,-0.01163201716246042,0.3252032520325203,0.1765873015873016,-0.0013812291209551464
cremad,ridge_wav2vec2_base,GR,1017,0.8041666666666667,0.41916422449822255,3,0.004391871768487654,0.12506119785099332,0.4458333333333333,0.3164635223458753,0.1373646710728248
cremad,ridge_wav2vec2_base,GR,1018,0.7886178861788619,0.20575350575350573,3,-0.011114017306392906,-0.08798879412779285,0.45528455284552843,0.06234288587229764,-0.11431480205236182
cremad,ridge_wav2vec2_base,GR,1019,0.7631578947368421,0.25283341893511385,3,-0.03652695903713047,-0.03507369110325928,0.3859649122807018,0.12528735632183907,-0.049762593445930536
cremad,ridge_wav2vec2_base,GR,1020,0.8902439024390244,0.19155628230970698,3,0.09046728623300064,-0.10936576295433327,0.6219512195121951,0.08478576615831518,-0.09688722314387839
cremad,ridge_wav2vec2_base,GR,1021,0.8048780487804877,0.45484813693768916,3,0.004833851742387078,0.162281304830408,0.48373983739837395,0.3349358974358974,0.1571055954215371
cremad,ridge_wav2vec2_base,GR,1022,0.8211382113821138,0.1878396397577983,3,0.021227546918717383,-0.1031085835658026,0.508130081300813,0.0556390977443609,-0.11827244030448186
cremad,ridge_wav2vec2_base,GR,1023,0.8130081300813008,0.23948582877467864,3,0.012873991918993632,-0.05417161743934762,0.4878048780487805,0.10446570972886764,-0.07294924450117764
cremad,ridge_wav2vec2_base,GR,1024,0.7398373983739838,0.3124760536398467,3,-0.05993921783204004,0.031112544279690273,0.4268292682926829,0.1707225051877004,-0.003565048600166746
cremad,ridge_wav2vec2_base,GR,1025,0.7967479674796749,0.3055818908760085,3,-0.0031179842629525853,0.012315662260539114,0.5203252032520326,0.2727943890734588,0.09660321576625741
cremad,ridge_wav2vec2_base,GR,1026,0.8130081300813008,0.1949214468396054,3,0.013276226596046067,-0.08876241183637736,0.5,0.11361691368109854,-0.06031671168353384
cremad,ridge_wav2vec2_base,GR,1027,0.8617886178861789,0.3349429912810195,3,0.061743905165409764,0.03580920189438491,0.4959349593495935,0.2703252032520325,0.09120837047240904
cremad,ridge_wav2vec2_base,GR,1028,0.8780487804878049,0.3794188265054559,3,0.07795935504626676,0.08567863624571927,0.5447154471544716,0.3298064021468277,0.15071787326448438
cremad,ridge_wav2vec2_base,GR,1029,0.8373983739837398,0.35932289670124934,3,0.03753293792378076,0.06452080334781002,0.4796747967479675,0.2710526315789474,0.09434232773867361
cremad,ridge_wav2vec2_base,GR,1030,0.8699186991869919,0.24301889151858536,3,0.07014572559665762,-0.03915981400972183,0.4878048780487805,0.1327639751552795,-0.03929648879903194
cremad,ridge_wav2vec2_base,GR,1031,0.7398373983739838,0.5599554236989367,3,-0.059894505111271,0.2762715650229539,0.3617886178861789,0.5270714810944696,0.3531378557298372
cremad,ridge_wav2vec2_base,GR,1032,0.7276422764227641,0.3241643257102996,3,-0.07226656673278746,0.03675795943013185,0.2967479674796748,0.1433823529411765,-0.03325258347261487
cremad,ridge_wav2vec2_base,GR,1033,0.8008130081300813,0.172466267149103,3,0.0010847472605161057,-0.11482686425272816,0.524390243902439,0.09857943049432412,-0.07759931369271639
cremad,ridge_wav2vec2_base,GR,1034,0.8211382113821138,0.38599033816425116,3,0.021406307896859083,0.09811770867567975,0.46747967479674796,0.2953532479848269,0.12091643735505286
cremad,ridge_wav2vec2_base,GR,1035,0.8739837398373984,0.25577207537462215,3,0.0742071236313746,-0.04291470864325994,0.5447154471544716,0.14095182402950834,-0.04011510466662462
cremad,ridge_wav2vec2_base,GR,1036,0.7235772357723578,0.40933410594427544,3,-0.07619938043366603,0.11511784441870965,0.32926829268292684,0.3060041407867495,0.12817515606709534
cremad,ridge_wav2vec2_base,GR,1037,0.8699186991869919,0.14917550741188218,3,0.0701886170095819,-0.14130410867935722,0.5813008130081302,0.07377448226790996,-0.10151662768624915
cremad,ridge_wav2vec2_base,GR,1038,0.8780487804878049,0.23657053431701322,3,0.07804929617047318,-0.06362515816332408,0.5853658536585366,0.13082750582750582,-0.0476371606901953
cremad,ridge_wav2vec2_base,GR,1039,0.8821138211382115,0.2716330812221223,3,0.08197968297590423,-0.01978910374574581,0.5813008130081302,0.21005242059821153,0.03324352697422688
cremad,ridge_wav2vec2_base,GR,1040,0.7926829268292682,0.2460324397824398,3,-0.007001926944704251,-0.04055359667533964,0.5121951219512195,0.18154761904761904,0.007099168732431595
cremad,ridge_wav2vec2_base,GR,1041,0.8373983739837398,0.4038545338892916,3,0.03753242224111245,0.1147770760864109,0.5365853658536586,0.34706138269261194,0.17137339465055224
cremad,ridge_wav2vec2_base,GR,1042,0.7276422764227641,0.400916597526767,3,-0.07195375749727306,0.11268113165070297,0.32926829268292684,0.3573213393303348,0.18114814752970643
cremad,ridge_wav2vec2_base,GR,1043,0.7804878048780489,0.21354166666666666,3,-0.019646333284258355,-0.07788051830120145,0.43089430894308944,0.1015919564306661,-0.07521693719331855
cremad,ridge_wav2vec2_base,GR,1044,0.8455284552845529,0.35558977622483984,3,0.04593424267236027,0.07061699413883495,0.5528455284552846,0.2752913752913753,0.10048476146124719
cremad,ridge_wav2vec2_base,GR,1045,0.8130081300813008,0.40976933514246944,3,0.013054574204980093,0.11622512380677981,0.4959349593495935,0.31775395147488167,0.14079518947158728
cremad,ridge_wav2vec2_base,GR,1046,0.7276422764227641,0.2793785310734463,3,-0.07213433978325956,-0.001984978286710145,0.26422764227642276,0.12216748768472907,-0.05212006610313811
cremad,ridge_wav2vec2_base,GR,1047,0.8170731707317073,0.2246268656716418,3,0.01702845801093822,-0.07730334429664823,0.5,0.162015503875969,-0.01893997387802489
cremad,ridge_wav2vec2_base,GR,1048,0.7601626016260162,0.3151165497289928,3,-0.03974624152953543,0.01869317376593732,0.43089430894308944,0.2083447083447084,0.027873726714745483
cremad,ridge_wav2vec2_base,GR,1049,0.8211382113821138,0.19322505121451564,3,0.021406307896859045,-0.08766238687981161,0.5487804878048781,0.10009705113848451,-0.07199792925177746
cremad,ridge_wav2vec2_base,GR,1050,0.7886178861788619,0.30351906158357767,3,-0.011114017306392906,0.01983520290759494,0.5,0.22631671968893605,0.05238309432430364
cremad,ridge_wav2vec2_base,GR,1051,0.8617886178861789,0.2540569503980404,3,0.06205671440092412,-0.038286201582847346,0.4878048780487805,0.11801816070108752,-0.05965659390516537
cremad,ridge_wav2vec2_base,GR,1052,0.7886178861788617,0.29830850714139195,3,-0.01129277828453464,0.007360283817790969,0.45528455284552843,0.18576146076146074,0.011849922712618005
cremad,ridge_wav2vec2_base,GR,1053,0.8089430894308943,0.2960279304029304,3,0.009211185945639596,0.000888357840387155,0.4512195121951219,0.18054978054978058,0.0010363809691572672
cremad,ridge_wav2vec2_base,GR,1054,0.9024390243902438,0.3464539726357206,3,0.10270894221283393,0.05457708386323662,0.524390243902439,0.29260935143288086,0.11446252982275786
cremad,ridge_wav2vec2_base,GR,1055,0.8170731707317073,0.3029853736726107,3,0.017162506268310878,0.00477466092055782,0.402439024390244,0.16802490096208264,-0.01257551311659233
cremad,ridge_wav2vec2_base,GR,1056,0.91869918699187,0.34044570886676145,3,0.11901433321789738,0.060844863803226255,0.6829268292682927,0.2854237288135593,0.11331710873788399
cremad,ridge_wav2vec2_base,GR,1057,0.8536585365853658,0.4562798092209857,3,0.05379310052540679,0.17656572927911385,0.5203252032520326,0.3748196248196248,0.20225681251719863
cremad,ridge_wav2vec2_base,GR,1058,0.8577235772357724,0.2609615827007131,3,0.05763415179423422,-0.035854201394052924,0.5487804878048781,0.18441548921509335,0.007578291693828547
cremad,ridge_wav2vec2_base,GR,1059,0.8739837398373984,0.3722587778925807,3,0.07389431439586025,0.07572216705118863,0.491869918699187,0.2321606042536275,0.0512334303969138
cremad,ridge_wav2vec2_base,GR,1060,0.8455284552845529,0.3996243731213653,3,0.045619612129001154,0.10376215649380714,0.5650406504065041,0.3240638201878512,0.1448254229261981
cremad,ridge_wav2vec2_base,GR,1061,0.8780487804878049,0.2823145111153986,3,0.07813811602440845,-0.019530610783223268,0.5365853658536586,0.17346433872905917,-0.006725069274082941
cremad,ridge_wav2vec2_base,GR,1062,0.8536585365853658,0.3657125172260762,3,0.05392845440795587,0.08110257152756394,0.5975609756097562,0.31540518305224186,0.14233495039296815
cremad,ridge_wav2vec2_base,GR,1063,0.8821138211382115,0.20727248988118555,3,0.08216026526189069,-0.08627172145450412,0.573170731707317,0.14017273576097108,-0.03678602624232336
cremad,ridge_wav2vec2_base,GR,1064,0.8821138211382115,0.21645104008117708,3,0.08215844395404592,-0.08000048269054688,0.5975609756097561,0.12931623931623928,-0.05084486478962263
cremad,ridge_wav2vec2_base,GR,1065,0.7804878048780489,0.2654425719999491,3,-0.019422859585347618,-0.01852045992940767,0.4390243902439024,0.09217122746534512,-0.07939848034398554
cremad,ridge_wav2vec2_base,GR,1066,0.7479674796747968,0.3040896868765721,3,-0.05189847206783064,0.01501222907369141,0.3861788617886179,0.11627661817415137,-0.05941136986790835
cremad,ridge_wav2vec2_base,GR,1067,0.8617886178861789,0.6789215686274509,3,0.06187795342278243,0.3879733453038501,0.5325203252032521,0.6869015356820235,0.5129899976331808
cremad,ridge_wav2vec2_base,GR,1068,0.8089430894308943,0.29608585858585856,3,0.009166473224870556,-0.00483618667818166,0.45528455284552843,0.17759105820723278,-0.004081931094960782
cremad,ridge_wav2vec2_base,GR,1069,0.8130081300813008,0.3587346111890291,3,0.013231513875277027,0.07317998699232615,0.47154471544715443,0.25779645191409895,0.08563927654268355
cremad,ridge_wav2vec2_base,GR,1070,0.7764227642276422,0.3821936725162532,3,-0.02339613780370294,0.09336348584329839,0.38617886178861793,0.2220959595959596,0.04852959112724145
cremad,ridge_wav2vec2_base,GR,1071,0.8170731707317073,0.4129353233830846,3,0.016939032569400103,0.12151313841521645,0.4268292682926829,0.2962229763700352,0.11941408274605055
cremad,ridge_wav2vec2_base,GR,1072,0.8170731707317073,0.2836607836607837,3,0.017343088554297375,-0.004098610949451205,0.3983739837398374,0.1733582321817616,-0.002348445001408813
cremad,ridge_wav2vec2_base,GR,1073,0.6097560975609757,0.2906709956709957,3,-0.18992875621299696,0.011070150607460435,0.30487804878048785,0.18752549651100373,0.015418876435328402
cremad,ridge_wav2vec2_base,GR,1074,0.7195121951219511,0.4119365828092243,3,-0.08017083734417658,0.1286132301415041,0.40243902439024387,0.25953544663222083,0.08645357428753368
cremad,ridge_wav2vec2_base,GR,1075,0.910569105691057,0.43751742369622687,3,0.11084084482149174,0.1530207128760512,0.6910569105691057,0.4233245149911817,0.24898441577851158
cremad,ridge_wav2vec2_base,GR,1076,0.7958333333333334,0.3828939205955335,3,-0.004030281418780923,0.09945733304947668,0.4041666666666666,0.23949579831932774,0.06595773374788974
cremad,ridge_wav2vec2_base,GR,1077,0.8821138211382115,0.5207382039573819,3,0.08215844395404592,0.2242866811856581,0.5609756097560976,0.38437553832902666,0.20421443422316476
cremad,ridge_wav2vec2_base,GR,1078,0.8495934959349594,0.1467038288956097,3,0.04968283147156294,-0.15430330443809867,0.48373983739837395,0.040903540903540904,-0.14153551814950446
cremad,ridge_wav2vec2_base,GR,1079,0.8902439024390244,0.29185306588052584,3,0.0904691075408454,0.005090602981565773,0.5609756097560976,0.19583333333333333,0.02180479195593941
cremad,ridge_wav2vec2_base,GR,1080,0.9065040650406505,0.2287018453204466,3,0.10659340057725401,-0.07174412867776443,0.6422764227642276,0.13782954259144733,-0.04337693209328821
cremad,ridge_wav2vec2_base,GR,1081,0.8861788617886179,0.26604995889194233,3,0.08627001863306623,-0.021635580641599428,0.6300813008130081,0.1993112396473741,0.02676627956903165
cremad,ridge_wav2vec2_base,GR,1082,0.7601626016260162,0.43746693121693125,3,-0.039746241529535396,0.14160471458937307,0.4105691056910569,0.26708683473389355,0.08784843747224047
cremad,ridge_wav2vec2_base,GR,1083,0.8252032520325203,0.3892156862745098,3,0.02547316985511035,0.10460574057599757,0.42276422764227645,0.2693044503389331,0.09623421767965934
cremad,ridge_wav2vec2_base,GR,1084,0.7967479674796748,0.36705976370979937,3,-0.003251516837656898,0.06686407122946209,0.4065040650406504,0.27879901960784315,0.100334353090142
cremad,ridge_wav2vec2_base,GR,1085,0.8008130081300813,0.2780456444873031,3,0.0009922847908912698,-0.014047225975710861,0.4959349593495935,0.13830072366657734,-0.03663222277264113
cremad,ridge_wav2vec2_base,GR,1086,0.7276422764227641,0.42425670707565843,3,-0.07226838804063222,0.12548483498810822,0.38617886178861793,0.18479938271604937,0.004992207033422245
cremad,ridge_wav2vec2_base,GR,1087,0.7682926829268292,0.391342379245605,3,-0.03139399215498806,0.1071577768114169,0.4268292682926829,0.290485312899106,0.11641061540034818
cremad,ridge_wav2vec2_base,GR,1088,0.8130081300813008,0.28562971082152666,3,0.012918704639762671,-0.01090690001986542,0.47154471544715443,0.18835978835978837,0.0074326145030746416
cremad,ridge_wav2vec2_base,GR,1089,0.8577235772357724,0.32226693494299125,3,0.057859962483658066,0.03883034739693445,0.5650406504065041,0.14475308641975307,-0.0287849781516849
cremad,ridge_wav2vec2_base,GR,1090,0.7601626016260162,0.2842096560846561,3,-0.03952407345580108,-0.0024896152514599645,0.46747967479674796,0.16683375104427736,-0.006344832717513747
cremad,ridge_wav2vec2_base,GR,1091,0.8455284552845529,0.3493773556460124,3,0.04593242136451555,0.0642913386816709,0.5447154471544716,0.29323879750425413,0.11970205022752234
cremad,ridge_wav2vec2_base,GG,1001,0.8252032520325203,0.46639395194697597,3,0.025546149966641767,0.16307928071611988,0.3130081300813008,0.2831196581196581,0.1023331658063294
cremad,ridge_wav2vec2_base,GG,1002,0.7448559670781894,0.4640255009107468,3,-0.05505784513609524,0.1476060090817668,0.21810699588477367,0.3728535353535354,0.18443903487006938
cremad,ridge_wav2vec2_base,GG,1003,0.7967479674796749,0.2894179894179894,3,-0.003080845467041904,-0.016796273734137574,0.3617886178861789,0.0896551724137931,-0.09549391133109257
cremad,ridge_wav2vec2_base,GG,1004,0.7601626016260162,0.27661979597463465,3,-0.03979449833108373,-0.06299989732345908,0.25203252032520324,0.1330409356725146,-0.0611318646153936
cremad,ridge_wav2vec2_base,GG,1005,0.8252032520325203,0.31783292346672626,3,0.025374991926909323,0.006148057995146894,0.3252032520325203,0.10317460317460318,-0.08279730214782106
cremad,ridge_wav2vec2_base,GG,1006,0.8166666666666665,0.31830640369539803,3,0.016835637233207284,0.023048005484309037,0.3458333333333334,0.09421007460223146,-0.08368835838323929
cremad,ridge_wav2vec2_base,GG,1007,0.8577235772357724,0.4729748938704163,3,0.0577644311953592,0.16803587065460648,0.5691056910569107,0.3499702911467617,0.16412033365337064
cremad,ridge_wav2vec2_base,GG,1008,0.6973684210526315,0.27786220871327255,3,-0.10245789839235753,-0.04319950400534114,0.2192982456140351,0.15595238095238095,-0.03240028357265152
cremad,ridge_wav2vec2_base,GG,1009,0.8289473684210525,0.22136752136752136,3,0.029073659227326815,-0.09585295210253549,0.34649122807017546,0.019047619047619046,-0.16843187282399927
cremad,ridge_wav2vec2_base,GG,1010,0.7764227642276422,0.3232819074333801,3,-0.023407712364711397,0.014494889175199718,0.29268292682926833,0.15717736369910282,-0.026220847850100412
cremad,ridge_wav2vec2_base,GG,1011,0.8780487804878049,0.20368582868582866,3,0.0784349645981413,-0.1048527575689406,0.4878048780487805,0.08342158467314914,-0.09980789041234743
cremad,ridge_wav2vec2_base,GG,1012,0.6707317073170732,0.23598033061309898,3,-0.1293134598012647,-0.09240558136736376,0.17479674796747968,0.047619047619047616,-0.1423690484841564
cremad,ridge_wav2vec2_base,GG,1013,0.8666666666666666,0.177756364844366,3,0.06679791614802873,-0.13169692202090313,0.4916666666666667,0.05085470085470086,-0.1382225025156159
cremad,ridge_wav2vec2_base,GG,1014,0.7398373983739838,0.23058045528367743,3,-0.060031352144654195,-0.07081481385395273,0.3617886178861789,0.0981849142768683,-0.08621533210725456
cremad,ridge_wav2vec2_base,GG,1015,0.7845528455284553,0.3463428932178932,3,-0.015404254428644681,0.0067231999197994345,0.22764227642276424,0.23196881091617935,0.03779601062827112
cremad,ridge_wav2vec2_base,GG,1016,0.7032520325203251,0.2926382213640593,3,-0.09653296885602121,-0.014706019933195461,0.24390243902439024,0.14852876592007028,-0.032004595637387674
cremad,ridge_wav2vec2_base,GG,1017,0.7958333333333334,0.40892312630396405,3,-0.003954409923911051,0.10038279534132288,0.35000000000000003,0.24742332830568126,0.06240495556184874
cremad,ridge_wav2vec2_base,GG,1018,0.7723577235772359,0.19477513227513224,3,-0.02734164442110132,-0.12548169570099144,0.3821138211382114,0.05043522785458269,-0.13976394735158656
cremad,ridge_wav2vec2_base,GG,1019,0.6929824561403509,0.22207086343309254,3,-0.10706032747600631,-0.08482878462196126,0.2894736842105263,0.08737373737373738,-0.09997988093966102
cremad,ridge_wav2vec2_base,GG,1020,0.8658536585365854,0.17327297116029508,3,0.06606854559389148,-0.12616167313809104,0.6016260162601627,0.10702426992125809,-0.07587231564285747
cremad,ridge_wav2vec2_base,GG,1021,0.8373983739837398,0.47043457659940463,3,0.03770133434594003,0.16388088165540637,0.39430894308943093,0.35735735735735735,0.1726427454185975
cremad,ridge_wav2vec2_base,GG,1022,0.7845528455284553,0.1607142857142857,3,-0.015189808646096759,-0.15431862723792478,0.4268292682926829,0.016677089847821555,-0.17107910258617987
cremad,ridge_wav2vec2_base,GG,1023,0.8170731707317073,0.21879018454962265,3,0.017416482493636625,-0.07252095280357937,0.459349593495935,0.12094630515683147,-0.055144706203559296
cremad,ridge_wav2vec2_base,GG,1024,0.7317073170731708,0.33253588516746413,3,-0.06790649881649287,0.023997298912694826,0.2967479674796748,0.2128879892037787,0.02965851411828212
cremad,ridge_wav2vec2_base,GG,1025,0.804878048780488,0.33337046939988113,3,0.005135947447041452,0.012866954128218274,0.34959349593495936,0.2905797101449275,0.10200069613338757
cremad,ridge_wav2vec2_base,GG,1026,0.8048780487804877,0.2071008593396653,3,0.005006500932061342,-0.12778420760102782,0.31300813008130085,0.0539855072463768,-0.13774469788048962
cremad,ridge_wav2vec2_base,GG,1027,0.8617886178861789,0.3583781270554081,3,0.06213248248921388,0.046554754291160926,0.4146341463414634,0.20538720538720537,0.01926931050345122
cremad,ridge_wav2vec2_base,GG,1028,0.910569105691057,0.3885067692061203,3,0.11091297029409197,0.0836670118058269,0.47154471544715443,0.24724597895329603,0.06565518902917276
cremad,ridge_wav2vec2_base,GG,1029,0.8130081300813008,0.34064392710361235,3,0.013182224464119577,0.03158574826265276,0.4105691056910569,0.22592592592592595,0.04226874235383143
cremad,ridge_wav2vec2_base,GG,1030,0.8495934959349594,0.23906142167011732,3,0.049588433403780684,-0.06170135545839527,0.43495934959349597,0.16024492234169654,-0.020606882573049757
cremad,ridge_wav2vec2_base,GG,1031,0.695121951219512,0.5238387828249579,3,-0.1047495966289143,0.18895371588426477,0.17073170731707318,0.43068181818181817,0.23895161305495174
cremad,ridge_wav2vec2_base,GG,1032,0.670731707317073,0.2977622890682318,3,-0.1291845938218833,-0.020061121287630528,0.2073170731707317,0.11734006734006734,-0.06902850014360806
cremad,ridge_wav2vec2_base,GG,1033,0.7682926829268292,0.1588262375147621,3,-0.03179795940751584,-0.1629444336989872,0.3577235772357723,0.030718954248366015,-0.15745703486038937
cremad,ridge_wav2vec2_base,GG,1034,0.8373983739837398,0.398053424268258,3,0.037527406670912,0.07397102273594856,0.34552845528455284,0.2694805194805195,0.0818090818090818
cremad,ridge_wav2vec2_base,GG,1035,0.8536585365853658,0.29174257818886784,3,0.05387342364267197,-0.01575008383715727,0.5853658536585366,0.19558524382868767,0.008011701278378183
cremad,ridge_wav2vec2_base,GG,1036,0.6869918699186992,0.38508359456635316,3,-0.11275039812253795,0.0699280228369986,0.23983739837398374,0.21666666666666665,0.029836186928385505
cremad,ridge_wav2vec2_base,GG,1037,0.8373983739837398,0.1395552804003508,3,0.03761093882416485,-0.16946776625814183,0.5325203252032521,0.04380032206119163,-0.14221414896027343
cremad,ridge_wav2vec2_base,GG,1038,0.8617886178861789,0.22142857142857142,3,0.062091578248379076,-0.08405072115174161,0.5365853658536586,0.1286643026004728,-0.055900457311723994
cremad,ridge_wav2vec2_base,GG,1039,0.8495934959349594,0.2483725884720085,3,0.04993680769688865,-0.050996566608832505,0.524390243902439,0.17110125646711014,-0.009666711879474566
cremad,ridge_wav2vec2_base,GG,1040,0.8292682926829268,0.2886474583973007,3,0.029310945913256965,-0.03053363991200016,0.3699186991869919,0.22313797313797312,0.03415482044634754
cremad,ridge_wav2vec2_base,GG,1041,0.8008130081300813,0.38523478835978836,3,0.001070326261036277,0.05392860767974178,0.2926829268292683,0.28418901660280976,0.09155123513584097
cremad,ridge_wav2vec2_base,GG,1042,0.7398373983739838,0.36127021235145146,3,-0.06003631081974207,0.04404973888139455,0.1869918699186992,0.19764705882352943,0.010167566951911114
cremad,ridge_wav2vec2_base,GG,1043,0.7560975609756099,0.20430107526881722,3,-0.04355912726246092,-0.09506807981202381,0.39837398373983746,0.09085968582092613,-0.08990828252565856
cremad,ridge_wav2vec2_base,GG,1044,0.8252032520325203,0.37459098022478304,3,0.025241475677556673,0.06860428807235724,0.4471544715447154,0.2958981708981709,0.11260338321125678
cremad,ridge_wav2vec2_base,GG,1045,0.8170731707317073,0.36846405228758167,3,0.017242141298247932,0.07320565407649272,0.40650406504065045,0.2560122804025243,0.07811384741705356
cremad,ridge_wav2vec2_base,GG,1046,0.6951219512195123,0.30371572871572866,3,-0.10449186467015137,-0.0048228575390405854,0.21544715447154472,0.08282828282828282,-0.10040119225721372
cremad,ridge_wav2vec2_base,GG,1047,0.8008130081300813,0.2036709243158024,3,0.0010707400888441132,-0.12368974021422914,0.3943089430894309,0.10972850678733032,-0.0828907507128944
cremad,ridge_wav2vec2_base,GG,1048,0.7520325203252032,0.3235475314451955,3,-0.047884088911422595,-0.0007767785787691402,0.32926829268292684,0.11001769128704113,-0.07988188287863264
cremad,ridge_wav2vec2_base,GG,1049,0.804878048780488,0.20197265421146018,3,0.005092633576333531,-0.11737512096344864,0.3617886178861789,0.08824619948090472,-0.09698264302949121
cremad,ridge_wav2vec2_base,GG,1050,0.7601626016260162,0.30423911243583374,3,-0.0397089462224102,-0.030645954504859407,0.2967479674796748,0.1453102453102453,-0.046419959816621136
cremad,ridge_wav2vec2_base,GG,1051,0.8617886178861789,0.25023474178403754,3,0.06187480567189433,-0.06618475004494245,0.35772357723577236,0.06757268424611224,-0.12084181623735378
cremad,ridge_wav2vec2_base,GG,1052,0.7764227642276422,0.27299104718459555,3,-0.023319889946909773,-0.04204186576761493,0.32926829268292684,0.1828976034858388,-0.004858588948162629
cremad,ridge_wav2vec2_base,GG,1053,0.8130081300813009,0.31265331890331893,3,0.013008185222744125,-0.01930346469144541,0.2601626016260163,0.08118279569892473,-0.1137330674010118
cremad,ridge_wav2vec2_base,GG,1054,0.8455284552845529,0.3211149581012595,3,0.04544044326475827,0.0003919558241261926,0.34146341463414637,0.1846066846066846,-0.006124474308547743
cremad,ridge_wav2vec2_base,GG,1055,0.8495934959349594,0.30135401782676735,3,0.04976564965715621,-0.006385331494796966,0.3536585365853659,0.13809681697612733,-0.047856564379552886
cremad,ridge_wav2vec2_base,GG,1056,0.9146341463414634,0.3335185185185185,3,0.11476235168046707,0.01907204656661826,0.5528455284552846,0.24694749694749696,0.06040693941691311
cremad,ridge_wav2vec2_base,GG,1057,0.8008130081300813,0.46238040566398775,3,0.0011155546644736614,0.15188119456997443,0.42276422764227645,0.40317460317460313,0.2184414672690993
cremad,ridge_wav2vec2_base,GG,1058,0.8455284552845529,0.23495370370370372,3,0.04587176704648218,-0.0713990667410911,0.4959349593495935,0.17041679250981578,-0.014878280796399848
cremad,ridge_wav2vec2_base,GG,1059,0.8048780487804877,0.3675994444212179,3,0.005135780739250621,0.04722239525514016,0.3699186991869919,0.21946532999164578,0.03137317745105198
cremad,ridge_wav2vec2_base,GG,1060,0.8536585365853658,0.3900514196288844,3,0.05382805999301218,0.08932241909834306,0.48373983739837395,0.31561519391133996,0.1368939393483307
cremad,ridge_wav2vec2_base,GG,1061,0.8739837398373984,0.3103789889093012,3,0.07437033777554265,0.00686032116823219,0.540650406504065,0.20681188396646674,0.023750784874277214
cremad,ridge_wav2vec2_base,GG,1062,0.8373983739837398,0.403616571222205,3,0.03743933950967415,0.09076795100752662,0.3943089430894309,0.3228021978021978,0.1393154643154643
cremad,ridge_wav2vec2_base,GG,1063,0.8821138211382115,0.1935350843801548,3,0.08228279170475201,-0.10172331383093415,0.5284552845528455,0.12732449430562637,-0.05057393867984436
cremad,ridge_wav2vec2_base,GG,1064,0.8861788617886179,0.21970492231361796,3,0.08656545972676218,-0.07683013006349726,0.5650406504065041,0.1155690645052347,-0.06296492962732388
cremad,ridge_wav2vec2_base,GG,1065,0.7886178861788617,0.2573911197978362,3,-0.011039215887016765,-0.05290716679697366,0.33739837398373984,0.04139194139194139,-0.14392165588101824
cremad,ridge_wav2vec2_base,GG,1066,0.695121951219512,0.26484038183311887,3,-0.10462073064953285,-0.06646579884692773,0.21138211382113817,0.14888888888888888,-0.04374889257807984
cremad,ridge_wav2vec2_base,GG,1067,0.8780487804878049,0.7173515981735159,3,0.0783061263132528,0.4023186852213055,0.37804878048780494,0.6324555324555324,0.44469934002153105
cremad,ridge_wav2vec2_base,GG,1068,0.7764227642276422,0.2664727364996511,3,-0.023362348715051606,-0.032961907798735056,0.43089430894308944,0.11410484939896705,-0.0687917361651485
cremad,ridge_wav2vec2_base,GG,1069,0.7682926829268292,0.3146230904182992,3,-0.03157883722710427,-0.0039887087945578254,0.33739837398373984,0.17654320987654323,-0.010305406217355909
cremad,ridge_wav2vec2_base,GG,1070,0.7317073170731708,0.3344750765803397,3,-0.06816375566234834,0.02349140508260304,0.2601626016260163,0.12739820565907523,-0.06011992618239712
cremad,ridge_wav2vec2_base,GG,1071,0.7804878048780489,0.3747379934879935,3,-0.01916888336002187,0.07536883840715247,0.4268292682926829,0.25675675675675674,0.07598878841017206
cremad,ridge_wav2vec2_base,GG,1072,0.7601626016260162,0.26191499206768903,3,-0.039753840902818784,-0.055552168697906995,0.25609756097560976,0.16461988304093567,-0.021239447636053357
cremad,ridge_wav2vec2_base,GG,1073,0.5853658536585366,0.3468935446519033,3,-0.2145059410024598,0.032447072700003056,0.1869918699186992,0.08944911297852474,-0.09709144455205909
cremad,ridge_wav2vec2_base,GG,1074,0.7357723577235772,0.4861566484517304,3,-0.06427305620733052,0.17820933146006057,0.34146341463414637,0.2123931623931624,0.02759471388624098
cremad,ridge_wav2vec2_base,GG,1075,0.8821138211382115,0.3915604449851025,3,0.08210931144813845,0.08532706553713754,0.516260162601626,0.33697869547478404,0.15530406898249918
cremad,ridge_wav2vec2_base,GG,1076,0.8000000000000002,0.42708644757721403,3,0.00012892726448095657,0.12308639144343118,0.3333333333333333,0.28978494623655915,0.10679391935471771
cremad,ridge_wav2vec2_base,GG,1077,0.8902439024390244,0.5158633995755354,3,0.09063050037716869,0.21932834719842018,0.5569105691056911,0.37524213503004594,0.19670814089748734
cremad,ridge_wav2vec2_base,GG,1078,0.8008130081300813,0.16770833333333335,3,0.000899029208005997,-0.1555683077540153,0.3983739837398374,0.031468531468531465,-0.16098621250361927
cremad,ridge_wav2vec2_base,GG,1079,0.8495934959349594,0.31097308488612835,3,0.04959106371833122,0.011257976694231805,0.508130081300813,0.1842818428184282,0.0008748680972049117
cremad,ridge_wav2vec2_base,GG,1080,0.8983739837398375,0.2441041041041041,3,0.09854613746203429,-0.055577227489821225,0.5853658536585367,0.11830819284235433,-0.06296823152713195
cremad,ridge_wav2vec2_base,GG,1081,0.8495934959349594,0.2106280193236715,3,0.04976277459916937,-0.09317111231090795,0.5365853658536586,0.1584423235536703,-0.02512916469562691
cremad,ridge_wav2vec2_base,GG,1082,0.7439024390243901,0.4198640945920482,3,-0.05592803756796342,0.11913509406150687,0.34552845528455284,0.20175438596491224,0.023033131401902968
cremad,ridge_wav2vec2_base,GG,1083,0.7845528455284553,0.3934249955931606,3,-0.01540618894561041,0.08057637537848217,0.3536585365853659,0.20280212300585818,0.01931538951912466
cremad,ridge_wav2vec2_base,GG,1084,0.7845528455284553,0.3819866618985777,3,-0.015144194109344497,0.07650736931826468,0.3170731707317073,0.24954212454212454,0.06497736462992774
cremad,ridge_wav2vec2_base,GG,1085,0.8170731707317073,0.29746639038209355,3,0.017290165157426134,-0.024751062433274185,0.3739837398373984,0.08174603174603175,-0.1099568042801448
cremad,ridge_wav2vec2_base,GG,1086,0.6463414634146342,0.33050505050505047,3,-0.15352967060598444,0.007623517442011396,0.2764227642276423,0.09761904761904762,-0.08941567655488085
cremad,ridge_wav2vec2_base,GG,1087,0.7479674796747968,0.3973620187398208,3,-0.05190168467164905,0.08396321572453658,0.2886178861788618,0.12681159420289853,-0.062284133134162256
cremad,ridge_wav2vec2_base,GG,1088,0.7967479674796749,0.29621723115193266,3,-0.0029943005615623575,-0.02415981801414509,0.4186991869918699,0.18427350427350428,-0.0038186482670895063
cremad,ridge_wav2vec2_base,GG,1089,0.8333333333333334,0.2977143269161439,3,0.03346226059781424,-0.00628572921763898,0.5,0.12498758368595665,-0.05800344319588479
cremad,ridge_wav2vec2_base,GG,1090,0.7560975609756099,0.28005464480874315,3,-0.04381431057805285,-0.04574169426727113,0.30081300813008127,0.075,-0.11579525968607424
cremad,ridge_wav2vec2_base,GG,1091,0.8333333333333334,0.38776200883721373,3,0.033417032194376896,0.07516007591807448,0.44308943089430897,0.25830805527468825,0.07320116059332547
cremad,ridge_wavlm_base_plus,GR,1001,0.8414634146341463,0.45663777753329987,3,0.041508037449980884,0.2090825945212854,0.540650406504065,0.3352941176470588,0.18001356300341156
cremad,ridge_wavlm_base_plus,GR,1002,0.7818930041152264,0.22791948294123396,3,-0.0178388993700284,-0.02389338518772861,0.3744855967078189,0.12236590038314177,-0.0356186443614624
cremad,ridge_wavlm_base_plus,GR,1003,0.7195121951219511,0.20869861679329826,3,-0.08026442108407257,-0.04472412698988138,0.3739837398373984,0.10874351130886169,-0.05084598009011857
cremad,ridge_wavlm_base_plus,GR,1004,0.8211382113821138,0.15369135875300705,3,0.021406307896859083,-0.09980639379682221,0.491869918699187,0.049926849926849926,-0.11036200142685554
cremad,ridge_wavlm_base_plus,GR,1005,0.8373983739837398,0.17955182072829132,3,0.03766647049848507,-0.0691875631872038,0.47154471544715443,0.05891405342624854,-0.09900457014947911
cremad,ridge_wavlm_base_plus,GR,1006,0.8333333333333334,0.2895499876184688,3,0.03337977745701263,0.03444035275466042,0.49999999999999994,0.2229214340198322,0.06546780335511058
cremad,ridge_wavlm_base_plus,GR,1007,0.8577235772357724,0.44530820799477516,3,0.05812754331573503,0.1921544267213552,0.48373983739837395,0.377991452991453,0.21955260493013087
cremad,ridge_wavlm_base_plus,GR,1008,0.7412280701754385,0.27285115303983226,3,-0.058458604906378775,0.021722917249157214,0.4473684210526316,0.186026936026936,0.024362968694263642
cremad,ridge_wavlm_base_plus,GR,1009,0.8201754385964913,0.24064923761678125,3,0.020579404676453916,-0.0038429063277759155,0.5,0.1323266586424481,-0.02432726057490896
cremad,ridge_wavlm_base_plus,GR,1010,0.7723577235772359,0.1658459595959596,3,-0.02755111957831587,-0.08066860821938746,0.4390243902439024,0.07122507122507123,-0.08552670704886577
cremad,ridge_wavlm_base_plus,GR,1011,0.8455284552845529,0.16743345646015395,3,0.045751839078529054,-0.07453357343646522,0.5853658536585367,0.06893719806763286,-0.08615118244192306
cremad,ridge_wavlm_base_plus,GR,1012,0.7926829268292682,0.15384615384615385,3,-0.007047155348141636,-0.10189730509584362,0.37804878048780494,0.02159526297457332,-0.13766919800668884
cremad,ridge_wavlm_base_plus,GR,1013,0.8541666666666666,0.29262574595055413,3,0.05430123060670763,0.028924165650239513,0.6458333333333334,0.2001005530417295,0.03321958167844167
cremad,ridge_wavlm_base_plus,GR,1014,0.804878048780488,0.19107957898075653,3,0.005012612720528775,-0.07653370850033485,0.47154471544715443,0.09497354497354499,-0.07093841095727488
cremad,ridge_wavlm_base_plus,GR,1015,0.8211382113821138,0.355593487394958,3,0.021406307896859083,0.10209573484512874,0.47154471544715443,0.23289473684210527,0.07260588548839979
cremad,ridge_wavlm_base_plus,GR,1016,0.8333333333333334,0.25747902502342185,3,0.03342266886993691,0.009019048763696505,0.4430894308943089,0.1264957264957265,-0.028521825446153084
cremad,ridge_wavlm_base_plus,GR,1017,0.7833333333333333,0.40944220430107525,3,-0.016441461564845643,0.16383242973343903,0.42083333333333334,0.31828703703703703,0.16005656507393876
cremad,ridge_wavlm_base_plus,GR,1018,0.8536585365853658,0.1761904761904762,3,0.05392663310011111,-0.06584499920571074,0.5894308943089431,0.11753590325018896,-0.038467195367281305
cremad,ridge_wavlm_base_plus,GR,1019,0.7543859649122807,0.220810647307925,3,-0.045298888861691866,-0.0440190087614788,0.4517543859649123,0.10167310167310167,-0.06260692657200168
cremad,ridge_wavlm_base_plus,GR,1020,0.8658536585365854,0.17389365338826815,3,0.0660770423305616,-0.08204375929683942,0.6178861788617885,0.11126526082130966,-0.04880551492572898
cremad,ridge_wavlm_base_plus,GR,1021,0.8252032520325203,0.3940314587373411,3,0.025159054994419578,0.13619743920819158,0.48373983739837395,0.30760233918128654,0.14503030457333174
cremad,ridge_wavlm_base_plus,GR,1022,0.8536585365853658,0.23297407288411173,3,0.05374787212196941,-0.014649555627470565,0.6016260162601627,0.20272017837235232,0.046524905620790695
cremad,ridge_wavlm_base_plus,GR,1023,0.7845528455284553,0.23760741745816372,3,-0.015581292633851884,-0.01805058757117406,0.5325203252032521,0.14424315619967795,-0.011710856926118987
cremad,ridge_wavlm_base_plus,GR,1024,0.7357723577235772,0.23240897943784192,3,-0.06400425848244655,-0.00955805045877726,0.4593495934959349,0.09671945701357466,-0.058368923495981245
cremad,ridge_wavlm_base_plus,GR,1025,0.8089430894308943,0.2667056986729118,3,0.0090771376882669,0.023765430029014017,0.4796747967479675,0.1625192265436168,0.007994821615307809
cremad,ridge_wavlm_base_plus,GR,1026,0.8658536585365854,0.13725369204821258,3,0.06612175505133067,-0.11317057628814921,0.6138211382113821,0.06571278825995808,-0.0945101419248709
cremad,ridge_wavlm_base_plus,GR,1027,0.8170731707317073,0.27316644707949056,3,0.017028458010938257,0.029108547812513735,0.5203252032520326,0.26613408521303256,0.11003312753898241
cremad,ridge_wavlm_base_plus,GR,1028,0.8739837398373983,0.31257240911972367,3,0.07389431439586021,0.06550947113884718,0.5772357723577236,0.17446682650858678,0.019214665773574464
cremad,ridge_wavlm_base_plus,GR,1029,0.7926829268292682,0.24553349875930522,3,-0.007182509230690748,-0.013697559048693122,0.5528455284552846,0.11730066623683644,-0.045036759577985634
cremad,ridge_wavlm_base_plus,GR,1030,0.8211382113821138,0.1986261474318548,3,0.021365237791779568,-0.05369985602026592,0.4796747967479675,0.09087530826661261,-0.06494639471239248
cremad,ridge_wavlm_base_plus,GR,1031,0.6788617886178862,0.44214270767943087,3,-0.12087011486736854,0.191718439343069,0.2682926829268293,0.25863247863247857,0.09840954844764967
cremad,ridge_wavlm_base_plus,GR,1032,0.8170731707317073,0.3530165912518854,3,0.01716432757615564,0.09475846340795997,0.39024390243902446,0.24004154447702833,0.08151149013510146
cremad,ridge_wavlm_base_plus,GR,1033,0.7601626016260162,0.18604901473753932,3,-0.039565659243548934,-0.07166074294085661,0.5040650406504065,0.07180742554059567,-0.08822224634025588
cremad,ridge_wavlm_base_plus,GR,1034,0.8008130081300813,0.4471867320560419,3,0.0010811046448265433,0.20375609360017244,0.516260162601626,0.368372216330859,0.21396220170225258
cremad,ridge_wavlm_base_plus,GR,1035,0.8617886178861789,0.3061700355818003,3,0.06201200168015508,0.054144330077469466,0.5731707317073171,0.22234321122086542,0.06130342004135878
cremad,ridge_wavlm_base_plus,GR,1036,0.7601626016260162,0.470041754803455,3,-0.039614014580007496,0.2263982789722172,0.508130081300813,0.4074774674529877,0.2500122063894788
cremad,ridge_wavlm_base_plus,GR,1037,0.9186991869918698,0.13307047307047307,3,0.11896910481445995,-0.11121070871788208,0.6788617886178862,0.06516422082459818,-0.08981448742042879
cremad,ridge_wavlm_base_plus,GR,1038,0.8821138211382115,0.15184243066596007,3,0.0821143368208797,-0.10689825733006648,0.6544715447154471,0.09118773946360154,-0.07126407665092314
cremad,ridge_wavlm_base_plus,GR,1039,0.8495934959349594,0.22441709077997396,3,0.04945935777265217,-0.027329207068587085,0.6016260162601627,0.19755244755244758,0.04062941899418262
cremad,ridge_wavlm_base_plus,GR,1040,0.8617886178861789,0.22621080197018253,3,0.06210376411220627,-0.029957216770358425,0.5934959349593496,0.1500836120401338,-0.012411487361004512
cremad,ridge_wavlm_base_plus,GR,1041,0.7235772357723578,0.22465727159428628,3,-0.07628871597026969,-0.02527662693010378,0.4430894308943089,0.13564425770308122,-0.024693062781450323
cremad,ridge_wavlm_base_plus,GR,1042,0.7154471544715447,0.3634219958498397,3,-0.08414887944849263,0.11892985190528249,0.45528455284552843,0.33796296296296297,0.18130904374560589
cremad,ridge_wavlm_base_plus,GR,1043,0.7235772357723578,0.20170559881349648,3,-0.07655690238994946,-0.05004069903506456,0.4146341463414634,0.08207070707070707,-0.07485232148755787
cremad,ridge_wavlm_base_plus,GR,1044,0.8739837398373984,0.29738246832593734,3,0.07438952722520582,0.050644617989211965,0.6300813008130081,0.20491228070175438,0.04928275185684061
cremad,ridge_wavlm_base_plus,GR,1045,0.7723577235772359,0.37934144708338263,3,-0.02759583229908491,0.12423181221957423,0.43495934959349597,0.2872353242372218,0.12978169357250016
cremad,ridge_wavlm_base_plus,GR,1046,0.6829268292682927,0.2790237592497479,3,-0.11684978693773107,0.03705672935312878,0.34552845528455284,0.12943050577459178,-0.025657874734964125
cremad,ridge_wavlm_base_plus,GR,1047,0.8414634146341463,0.14519469759734882,3,0.04141870191337723,-0.10893031576358776,0.6097560975609756,0.0868187274909964,-0.07516106690815284
cremad,ridge_wavlm_base_plus,GR,1048,0.8048780487804877,0.24196428571428572,3,0.004969205624936153,-0.014617396195021079,0.5284552845528455,0.17734553775743708,0.014714922758401009
cremad,ridge_wavlm_base_plus,GR,1049,0.8577235772357724,0.2221374316916287,3,0.057991673750517614,-0.018219722550773403,0.47560975609756095,0.1112914039743308,-0.04305268948539909
cremad,ridge_wavlm_base_plus,GR,1050,0.8861788617886179,0.2379540400296516,3,0.08644695830336317,-0.012470228306710213,0.6504065040650406,0.15607711097907176,-0.004145819205757202
cremad,ridge_wavlm_base_plus,GR,1051,0.7886178861788619,0.23187052598817304,3,-0.011114017306392943,-0.01994234214078953,0.47154471544715443,0.14429448704159872,-0.013690057703005437
cremad,ridge_wavlm_base_plus,GR,1052,0.8089430894308943,0.2160179090743659,3,0.009032424967497862,-0.03160571943721637,0.5447154471544716,0.12617243867243869,-0.030022834079122925
cremad,ridge_wavlm_base_plus,GR,1053,0.8373983739837398,0.15546218487394958,3,0.03766647049848507,-0.10641779734897272,0.540650406504065,0.09005710601455282,-0.07380627545515041
cremad,ridge_wavlm_base_plus,GR,1054,0.8658536585365854,0.15962157809983896,3,0.06612357635917539,-0.10450411051525155,0.5203252032520326,0.12566277836691409,-0.03717621273034582
cremad,ridge_wavlm_base_plus,GR,1055,0.7967479674796749,0.28003850937619595,3,-0.0031626969837216246,0.027108010624154317,0.4471544715447154,0.17315706770513084,0.01359597021478548
cremad,ridge_wavlm_base_plus,GR,1056,0.8739837398373984,0.2792248989432088,3,0.07429888606342579,0.026130364416135282,0.6016260162601627,0.2235562987736901,0.06112712054142829
cremad,ridge_wavlm_base_plus,GR,1057,0.8252032520325203,0.36326222796811036,3,0.025337815972561278,0.10961932327550734,0.5325203252032521,0.3395712443584784,0.1786416836651413
cremad,ridge_wavlm_base_plus,GR,1058,0.8170731707317073,0.283253961919458,3,0.01698374529016918,0.034512702784796616,0.5447154471544716,0.22572444965892768,0.06795262416162488
cremad,ridge_wavlm_base_plus,GR,1059,0.8373983739837398,0.41260504201680676,3,0.03730894854220168,0.15547498994197048,0.5894308943089431,0.2876780626780627,0.1265470652179513
cremad,ridge_wavlm_base_plus,GR,1060,0.8861788617886178,0.49377833687134726,3,0.0862700186330662,0.2433520618752235,0.5934959349593496,0.4341297494607599,0.2783469866192909
cremad,ridge_wavlm_base_plus,GR,1061,0.8333333333333334,0.2192315732263054,3,0.03342266886993687,-0.027833239973737312,0.5894308943089431,0.17276292335115864,0.0161522874204152
cremad,ridge_wavlm_base_plus,GR,1062,0.8130081300813008,0.3254604872251931,3,0.013278047903890866,0.07978414237715536,0.47154471544715443,0.21524966261808368,0.06186403836192058
cremad,ridge_wavlm_base_plus,GR,1063,0.8780487804878049,0.24577688352336238,3,0.07809522461148417,-0.00933275134044595,0.5203252032520326,0.192991452991453,0.035537822326731396
cremad,ridge_wavlm_base_plus,GR,1064,0.8861788617886179,0.20146844027125718,3,0.08622348460445244,-0.04860141164268528,0.6829268292682927,0.12155844155844157,-0.03420339743326404
cremad,ridge_wavlm_base_plus,GR,1065,0.8170731707317073,0.2932461873638344,3,0.017162506268310878,0.048696043065719584,0.4471544715447154,0.15543345543345544,-0.000695896149229667
cremad,ridge_wavlm_base_plus,GR,1066,0.7032520325203252,0.17781589479702686,3,-0.09661391922230216,-0.07211800372736317,0.3617886178861789,0.06278659611992944,-0.0975507243646021
cremad,ridge_wavlm_base_plus,GR,1067,0.6910569105691057,0.5192457771474452,3,-0.10885375389429075,0.271622148635863,0.2967479674796748,0.30123560014864365,0.14504032739708203
cremad,ridge_wavlm_base_plus,GR,1068,0.8008130081300813,0.20285881200060304,3,0.001036391924057541,-0.05307860068450452,0.5528455284552846,0.12249899094735628,-0.03757178479968236
cremad,ridge_wavlm_base_plus,GR,1069,0.7886178861788619,0.1955128205128205,3,-0.011158730027161945,-0.052601177810733535,0.516260162601626,0.06883985953753395,-0.08724102291432506
cremad,ridge_wavlm_base_plus,GR,1070,0.7723577235772359,0.23659983982564628,3,-0.027461178454109447,-0.019357216758692692,0.4593495934959349,0.11858925388337153,-0.04223063454543663
cremad,ridge_wavlm_base_plus,GR,1071,0.7723577235772359,0.2999338624338624,3,-0.02777641458507137,0.04818756458530138,0.4146341463414634,0.16622956552146165,0.00930653696319673
cremad,ridge_wavlm_base_plus,GR,1072,0.8089430894308943,0.21142906789581506,3,0.00921300725348432,-0.033967869296452936,0.540650406504065,0.0817875599852344,-0.07338766554296139
cremad,ridge_wavlm_base_plus,GR,1073,0.6300813008130081,0.21324398705351086,3,-0.16960355296096444,-0.03985054747356267,0.3048780487804878,0.22769726247987118,0.06526808424760938
cremad,ridge_wavlm_base_plus,GR,1074,0.8211382113821138,0.32162715832601696,3,0.021455178915985956,0.06321343319330779,0.5365853658536586,0.20868945868945868,0.047218749660763705
cremad,ridge_wavlm_base_plus,GR,1075,0.9390243902439024,0.30281970281970283,3,0.13929612937433722,0.05517705923526661,0.7357723577235772,0.2496124743436571,0.09546163918790466
cremad,ridge_wavlm_base_plus,GR,1076,0.7666666666666666,0.27168458781362004,3,-0.0331969480854476,0.012722492515381397,0.4458333333333333,0.12178805599858232,-0.038183035491188004
cremad,ridge_wavlm_base_plus,GR,1077,0.7601626016260162,0.3046253181846403,3,-0.039792775558149196,0.05455546627069779,0.45121951219512196,0.14478114478114476,-0.010980694210560823
cremad,ridge_wavlm_base_plus,GR,1078,0.8333333333333334,0.15559398054996645,3,0.03342266886993691,-0.1074036322960349,0.5569105691056911,0.09469524243806049,-0.07074469177738392
cremad,ridge_wavlm_base_plus,GR,1079,0.8373983739837398,0.23291316526610642,3,0.0376235790855608,-0.025828769122708883,0.5325203252032521,0.19870129870129868,0.04007027650588524
cremad,ridge_wavlm_base_plus,GR,1080,0.8983739837398375,0.21202172096908942,3,0.09846331927644099,-0.044820484963729,0.6504065040650406,0.1184710351377018,-0.04012104692017555
cremad,ridge_wavlm_base_plus,GR,1081,0.8983739837398375,0.21254185692541858,3,0.09846514058428575,-0.03732747797833195,0.524390243902439,0.09899020807833536,-0.05618067430078291
cremad,ridge_wavlm_base_plus,GR,1082,0.7560975609756099,0.36938671419603625,3,-0.0438112821799419,0.11896043919991243,0.47560975609756095,0.264619215838728,0.10883645299725907
cremad,ridge_wavlm_base_plus,GR,1083,0.8495934959349594,0.4061111768651122,3,0.04986341375754936,0.1604348320170745,0.5040650406504065,0.3229821690068051,0.169596544750642
cremad,ridge_wavlm_base_plus,GR,1084,0.8292682926829268,0.332474418347868,3,0.029268808365595127,0.07373373035184143,0.5,0.2414477043321158,0.07899588821759111
cremad,ridge_wavlm_base_plus,GR,1085,0.7601626016260162,0.23979873173421562,3,-0.03965812171317373,-0.013912618457955142,0.43902439024390244,0.0972923925667828,-0.06455188623446867
cremad,ridge_wavlm_base_plus,GR,1086,0.7682926829268292,0.2950792964013482,3,-0.03161798153656714,0.03655220604766315,0.39024390243902446,0.125,-0.03589638866697865
cremad,ridge_wavlm_base_plus,GR,1087,0.7804878048780489,0.3201596026033162,3,-0.019198870203768575,0.06064913713954812,0.46747967479674796,0.21531640755004036,0.05007791010137025
cremad,ridge_wavlm_base_plus,GR,1088,0.9105691056910569,0.2495430495430495,3,0.11047968024951878,-0.007587002531786717,0.6219512195121951,0.19031446540880503,0.029183467948693642
cremad,ridge_wavlm_base_plus,GR,1089,0.8699186991869919,0.20105820105820105,3,0.07005508443487758,-0.057903894240037605,0.6219512195121951,0.10473102061337354,-0.05524007087639676
cremad,ridge_wavlm_base_plus,GR,1090,0.8211382113821138,0.3162284755406105,3,0.021451536300296465,0.06202675553646799,0.47560975609756095,0.248982498982499,0.08725261048095011
cremad,ridge_wavlm_base_plus,GR,1091,0.8048780487804877,0.3377182865597223,3,0.005282014860450508,0.09294673495939536,0.491869918699187,0.19906204906204908,0.044197731116724696
cremad,ridge_wavlm_base_plus,GG,1001,0.8373983739837398,0.4658994032395567,3,0.03774127191786125,0.21215311534060366,0.5121951219512195,0.3826086956521739,0.22325862328840293
cremad,ridge_wavlm_base_plus,GG,1002,0.7366255144032922,0.20037580710250202,3,-0.06328829781099236,-0.07607478976355225,0.345679012345679,0.10922839506172839,-0.06010021368707957
cremad,ridge_wavlm_base_plus,GG,1003,0.7195121951219511,0.2088901876745243,3,-0.08031661782476551,-0.050210205336793295,0.33739837398373984,0.08409961685823757,-0.07597536745759943
cremad,ridge_wavlm_base_plus,GG,1004,0.7967479674796749,0.16887626262626262,3,-0.0032091324774251584,-0.12102544563086359,0.34552845528455284,0.05911330049261084,-0.11616598646390176
cremad,ridge_wavlm_base_plus,GG,1005,0.8008130081300813,0.18201193520886616,3,0.000984748024470276,-0.08491836001619131,0.47154471544715443,0.051754385964912275,-0.11226763931454027
cremad,ridge_wavlm_base_plus,GG,1006,0.8125,0.3073158796183019,3,0.01266897056654063,0.05621213001416241,0.5166666666666666,0.2256864582445978,0.06875933986608128
cremad,ridge_wavlm_base_plus,GG,1007,0.8008130081300813,0.4608676927154323,3,0.0008538620896681633,0.20386553761834003,0.524390243902439,0.3787993920972645,0.21698688121926848
cremad,ridge_wavlm_base_plus,GG,1008,0.7412280701754387,0.3310680698611733,3,-0.058598249269550484,0.07468333092732635,0.3201754385964913,0.0929100529100529,-0.0656468755778426
cremad,ridge_wavlm_base_plus,GG,1009,0.8070175438596491,0.20591397849462367,3,0.007143834665923314,-0.05667025294795813,0.4473684210526316,0.08183183183183183,-0.08345684462129871
cremad,ridge_wavlm_base_plus,GG,1010,0.7317073170731708,0.1534178187403994,3,-0.06812315951918291,-0.11035064371406339,0.35772357723577236,0.06143790849673203,-0.1032842546934039
cremad,ridge_wavlm_base_plus,GG,1011,0.8495934959349594,0.13404096074028712,3,0.04997968004529574,-0.11844294749539534,0.5609756097560975,0.05061250805931657,-0.10978617388964938
cremad,ridge_wavlm_base_plus,GG,1012,0.7235772357723578,0.11181426513750627,3,-0.07646793134598018,-0.16773128322766842,0.3617886178861789,0.018518518518518517,-0.15214310194560263
cremad,ridge_wavlm_base_plus,GG,1013,0.85,0.2545870731702138,3,0.05013124948136205,-0.0014385903746259865,0.5375,0.19829059829059828,0.038859367887804884
cremad,ridge_wavlm_base_plus,GG,1014,0.7682926829268292,0.20617331431715358,3,-0.03157606759180864,-0.04501753859110282,0.4634146341463415,0.10705741626794259,-0.048525810286846965
cremad,ridge_wavlm_base_plus,GG,1015,0.8130081300813009,0.37507427213309574,3,0.013051030124200835,0.08517256387596946,0.37804878048780494,0.2263729246487867,0.051093637692274124
cremad,ridge_wavlm_base_plus,GG,1016,0.8170731707317073,0.25859561373169804,3,0.01728816935536089,-0.007083447797517971,0.47154471544715443,0.12670250896057347,-0.03628048821185773
cremad,ridge_wavlm_base_plus,GG,1017,0.7166666666666667,0.36035491026416616,3,-0.08312107659057773,0.10567872968671378,0.375,0.29090909090909084,0.1290853590973756
cremad,ridge_wavlm_base_plus,GG,1018,0.8577235772357724,0.1507188694210109,3,0.05802420923743523,-0.11397134636488138,0.540650406504065,0.06788906186934208,-0.1002702528780286
cremad,ridge_wavlm_base_plus,GG,1019,0.7236842105263158,0.19875416485585976,3,-0.07635857309004142,-0.05482338966215793,0.4298245614035088,0.0948638564737636,-0.06341465207805358
cremad,ridge_wavlm_base_plus,GG,1020,0.8821138211382115,0.15740760351583183,3,0.08232870819551752,-0.09720784997149919,0.5528455284552846,0.07263630089717045,-0.08648092798379785
cremad,ridge_wavlm_base_plus,GG,1021,0.8536585365853658,0.4378643349231584,3,0.05396149694756606,0.18719277649068325,0.41869918699187,0.3107555821371611,0.15204926368643368
cremad,ridge_wavlm_base_plus,GG,1022,0.8414634146341463,0.2125908334348232,3,0.04172076045959424,-0.05336176201433963,0.5813008130081301,0.16600998161281846,-0.0011007235493572614
cremad,ridge_wavlm_base_plus,GG,1023,0.7926829268292682,0.26182208994708994,3,-0.006973761408802385,0.011298361908852944,0.5040650406504065,0.11109212425001898,-0.046251583093688355
cremad,ridge_wavlm_base_plus,GG,1024,0.7479674796747968,0.19545882796306766,3,-0.05164633621486684,-0.057025080272614825,0.39024390243902446,0.07131568144499179,-0.08908300050397415
cremad,ridge_wavlm_base_plus,GG,1025,0.7723577235772359,0.28929768530230204,3,-0.02738437775621061,0.015515187639399353,0.47560975609756095,0.14467592592592593,-0.026381820199865364
cremad,ridge_wavlm_base_plus,GG,1026,0.9065040650406505,0.15196347031963472,3,0.10663251719222396,-0.1284179362964947,0.5284552845528455,0.05350894985041327,-0.11646375363674388
cremad,ridge_wavlm_base_plus,GG,1027,0.7682926829268292,0.2698039341184502,3,-0.03136345247013569,0.003929487320676976,0.45528455284552843,0.17844767844767842,0.010854876963302377
cremad,ridge_wavlm_base_plus,GG,1028,0.8333333333333334,0.24740556247405562,3,0.0336771979363684,-0.015782878414504653,0.5528455284552846,0.1498963447899618,-0.015242407365364927
cremad,ridge_wavlm_base_plus,GG,1029,0.8170731707317073,0.21864164028343133,3,0.017247265114526084,-0.03452053878969961,0.4796747967479675,0.10919080919080919,-0.047359754277022666
cremad,ridge_wavlm_base_plus,GG,1030,0.8211382113821138,0.2071516106442577,3,0.021133148850935164,-0.04633884056964314,0.516260162601626,0.09549114331723026,-0.06413125705831386
cremad,ridge_wavlm_base_plus,GG,1031,0.6504065040650406,0.37396184062850724,3,-0.1494650437833858,0.09358043401237785,0.23170731707317074,0.17573763955342903,0.005764936066271866
cremad,ridge_wavlm_base_plus,GG,1032,0.7560975609756099,0.3709016393442623,3,-0.04381874016334667,0.09868152225632672,0.3252032520325203,0.22650029708853237,0.05753092548951957
cremad,ridge_wavlm_base_plus,GG,1033,0.7601626016260162,0.17654900405429227,3,-0.03992804070832886,-0.09625113459954583,0.4593495934959349,0.08415565429818994,-0.08439712833563207
cremad,ridge_wavlm_base_plus,GG,1034,0.7886178861788619,0.45399045399045396,3,-0.011253081133965984,0.17556853095952518,0.45528455284552843,0.3819845670634767,0.2116886214016264
cremad,ridge_wavlm_base_plus,GG,1035,0.8333333333333334,0.2585251491901108,3,0.03354822039063943,-0.0009251149338035947,0.491869918699187,0.18056920556920555,0.017603972840233423
cremad,ridge_wavlm_base_plus,GG,1036,0.7560975609756099,0.44608247018204644,3,-0.0436447070656274,0.1846608798932575,0.39024390243902446,0.3526881720430108,0.1887556024009963
cremad,ridge_wavlm_base_plus,GG,1037,0.8983739837398375,0.1084166358138961,3,0.09858654858026243,-0.14591742008004469,0.678861788617886,0.04620998116760829,-0.11733166708737097
cremad,ridge_wavlm_base_plus,GG,1038,0.8414634146341463,0.1642501776830135,3,0.041766374996346535,-0.0842725760220913,0.6422764227642276,0.10539675867544719,-0.051915605256325666
cremad,ridge_wavlm_base_plus,GG,1039,0.8414634146341463,0.24627174813587405,3,0.04180672639607563,-0.009086790538946343,0.605691056910569,0.22124878320122374,0.060057072009512553
cremad,ridge_wavlm_base_plus,GG,1040,0.8170731707317073,0.1989606335523807,3,0.01711582396203744,-0.06019899731112646,0.47560975609756095,0.14600271002710027,-0.015751964099851523
cremad,ridge_wavlm_base_plus,GG,1041,0.7195121951219511,0.2599097540089921,3,-0.08023048674709383,-0.015832227239111197,0.3821138211382114,0.11455026455026456,-0.05618423940083362
cremad,ridge_wavlm_base_plus,GG,1042,0.7032520325203252,0.35236143637782985,3,-0.09662167667340056,0.08977720493524805,0.3821138211382114,0.309188660801564,0.14389998434843349
cremad,ridge_wavlm_base_plus,GG,1043,0.7276422764227641,0.19553113000634728,3,-0.07201441181530648,-0.059827408668473116,0.40650406504065045,0.08165438165438166,-0.07953732953732953
cremad,ridge_wavlm_base_plus,GG,1044,0.8211382113821138,0.2718779373510831,3,0.021176435027150126,0.01964986580045287,0.605691056910569,0.20132322038350406,0.04065221042276498
cremad,ridge_wavlm_base_plus,GG,1045,0.7804878048780489,0.35992190679690683,3,-0.01934322455541056,0.10881815719276729,0.410569105691057,0.1878787878787879,0.030951669500271378
cremad,ridge_wavlm_base_plus,GG,1046,0.6626016260162602,0.34344827586206894,3,-0.13701218987340344,0.0909643676263865,0.33739837398373984,0.19907407407407407,0.03867539212510813
cremad,ridge_wavlm_base_plus,GG,1047,0.8536585365853658,0.11879642881482995,3,0.053916268544128676,-0.1585578032091407,0.5569105691056911,0.05027162380103556,-0.12230451897800282
cremad,ridge_wavlm_base_plus,GG,1048,0.8008130081300813,0.2681655354449472,3,0.0008963988934554598,-0.007082712235712958,0.47560975609756095,0.1552744640979935,-0.01443104038680471
cremad,ridge_wavlm_base_plus,GG,1049,0.8536585365853658,0.2129129304553553,3,0.05387312138121155,-0.05598869093457672,0.4430894308943089,0.10738226914697503,-0.057607093045519815
cremad,ridge_wavlm_base_plus,GG,1050,0.8821138211382115,0.285172231054584,3,0.08224227328978491,0.004790824438454577,0.605691056910569,0.15074145712443585,-0.01923124636272132
cremad,ridge_wavlm_base_plus,GG,1051,0.7723577235772359,0.23180511245027371,3,-0.027556088637048726,-0.044645484415780534,0.4268292682926829,0.09595959595959595,-0.07336901278921201
cremad,ridge_wavlm_base_plus,GG,1052,0.8008130081300813,0.23869289914066036,3,0.0010703539555292352,-0.0272596963085025,0.556910569105691,0.11849624060150375,-0.048614464560671984
cremad,ridge_wavlm_base_plus,GG,1053,0.8211382113821138,0.18723999772052793,3,0.021138266523557103,-0.10069038437172372,0.4471544715447154,0.0700621712099474,-0.10424977883352288
cremad,ridge_wavlm_base_plus,GG,1054,0.8333333333333334,0.12724763159545768,3,0.033245321313538745,-0.15032659060484246,0.48373983739837395,0.060041407867494824,-0.10965287568358402
cremad,ridge_wavlm_base_plus,GG,1055,0.7804878048780489,0.25080441511893126,3,-0.019340041399754315,-0.017738130881993608,0.4593495934959349,0.17572900955253898,0.009865345445146214
cremad,ridge_wavlm_base_plus,GG,1056,0.8577235772357724,0.27981136787106936,3,0.057851782574776,0.030172038648558986,0.5813008130081302,0.23016934046345813,0.07372124980586174
cremad,ridge_wavlm_base_plus,GG,1057,0.8089430894308943,0.3869163499273817,3,0.009245635965286639,0.13785704227077386,0.45528455284552843,0.30624999999999997,0.14938532037721283
cremad,ridge_wavlm_base_plus,GG,1058,0.821138211382114,0.27206299178130167,3,0.02148152314404317,0.014018447197268247,0.516260162601626,0.2071508278107991,0.04350506729003859
cremad,ridge_wavlm_base_plus,GG,1059,0.8211382113821138,0.39610769681006736,3,0.021395943340876616,0.12143947069530964,0.6056910569105692,0.3206060606060606,0.15048396715607157
cremad,ridge_wavlm_base_plus,GG,1060,0.8414634146341463,0.45952699632845023,3,0.04163293804179269,0.20059334451057084,0.5650406504065041,0.39354986030517947,0.23267570096304738
cremad,ridge_wavlm_base_plus,GG,1061,0.8414634146341463,0.22703892255399874,3,0.041850012572290596,-0.024908431730180685,0.6138211382113821,0.1462166405023548,-0.014629725755596837
cremad,ridge_wavlm_base_plus,GG,1062,0.8211382113821138,0.33291821232997704,3,0.02117917690804812,0.06485244919099972,0.43902439024390244,0.24339914827719708,0.07772086910773823
cremad,ridge_wavlm_base_plus,GG,1063,0.8902439024390243,0.29168953112615087,3,0.090412873005565,0.04058578152201133,0.524390243902439,0.20165149983147965,0.04472438145296311
cremad,ridge_wavlm_base_plus,GG,1064,0.9065040650406505,0.21476613599901273,3,0.10689066297879472,-0.03449521237595372,0.7113821138211383,0.14597408764075429,-0.01241822928814798
cremad,ridge_wavlm_base_plus,GG,1065,0.7845528455284553,0.2807609982120823,3,-0.015104256537423274,0.02432870440391625,0.44308943089430897,0.15782828282828285,-0.003975838864537488
cremad,ridge_wavlm_base_plus,GG,1066,0.7113821138211381,0.2051320830812664,3,-0.08836056804790686,-0.0706098981668369,0.33739837398373984,0.0196078431372549,-0.15112666081384327
cremad,ridge_wavlm_base_plus,GG,1067,0.6707317073170732,0.4601531184864518,3,-0.12901094685747885,0.19420052303728896,0.26422764227642276,0.23214285714285712,0.0650321519806814
cremad,ridge_wavlm_base_plus,GG,1068,0.7967479674796749,0.18868500211783792,3,-0.0030371454630190677,-0.06593045136949308,0.5731707317073171,0.09220354808590102,-0.06691368079506727
cremad,ridge_wavlm_base_plus,GG,1069,0.7804878048780487,0.22716503267973856,3,-0.019383715275884745,-0.04342698813745041,0.4552845528455285,0.051393265128823536,-0.1149556395694112
cremad,ridge_wavlm_base_plus,GG,1070,0.7479674796747968,0.25520724486241725,3,-0.05190359306072231,0.004297789547551158,0.4186991869918699,0.10061513313545833,-0.05939251279334217
cremad,ridge_wavlm_base_plus,GG,1071,0.7439024390243901,0.3110989611809732,3,-0.05575424921368044,0.0557404225061528,0.37804878048780494,0.16049382716049382,-0.0006978840312173625
cremad,ridge_wavlm_base_plus,GG,1072,0.8008130081300813,0.18706750875603007,3,0.0008965656012462168,-0.08460900456356213,0.5040650406504065,0.07964170920778975,-0.08854539862376139
cremad,ridge_wavlm_base_plus,GG,1073,0.6260162601626016,0.25301659125188536,3,-0.17385553449839472,0.003377262029375013,0.2764227642276423,0.29406850459482037,0.13762041393722402
cremad,ridge_wavlm_base_plus,GG,1074,0.804878048780488,0.3333843602500319,3,0.004832634849580075,0.08458088927847625,0.5121951219512195,0.2132561804753789,0.05611917284081855
cremad,ridge_wavlm_base_plus,GG,1075,0.9552845528455284,0.2936817050741101,3,0.1552800431554555,0.032361351646469444,0.695121951219512,0.22132872784197496,0.05775928650281529
cremad,ridge_wavlm_base_plus,GG,1076,0.7458333333333332,0.2440860215053763,3,-0.0540377394021857,-0.004137427900276778,0.4041666666666666,0.11892736892736892,-0.038626227672382246
cremad,ridge_wavlm_base_plus,GG,1077,0.7113821138211381,0.33542145545479807,3,-0.0882312882407175,0.08616010707983161,0.4105691056910569,0.09769585253456221,-0.06069646439434009
cremad,ridge_wavlm_base_plus,GG,1078,0.8292682926829268,0.17108881456707545,3,0.029354313760851514,-0.1089335166600468,0.5,0.08215864707864946,-0.08868835832340559
cremad,ridge_wavlm_base_plus,GG,1079,0.7967479674796748,0.2553233551874856,3,-0.0032544647369533073,-0.0029411795728772803,0.508130081300813,0.1438870308435526,-0.016876870449248387
cremad,ridge_wavlm_base_plus,GG,1080,0.8983739837398375,0.1892874309060322,3,0.09854613746203429,-0.07442030445830923,0.6991869918699187,0.14485365957266047,-0.017162000686728435
cremad,ridge_wavlm_base_plus,GG,1081,0.8536585365853658,0.1954013938704692,3,0.05382781524957588,-0.06019504168674212,0.5609756097560976,0.13014204977269273,-0.03235098889709157
cremad,ridge_wavlm_base_plus,GG,1082,0.7601626016260162,0.3788407227546624,3,-0.039667874966337426,0.11990707093678299,0.46747967479674796,0.23585858585858585,0.07498442651645379
cremad,ridge_wavlm_base_plus,GG,1083,0.8008130081300813,0.386972686972687,3,0.00085397365601562,0.11890692383370967,0.45121951219512196,0.3041037553232675,0.13842547615380868
cremad,ridge_wavlm_base_plus,GG,1084,0.7967479674796749,0.33592374665135855,3,-0.0029490721581249732,0.08740099294625381,0.5121951219512195,0.24388870727543496,0.08657634334366208
cremad,ridge_wavlm_base_plus,GG,1085,0.7479674796747968,0.265377917102055,3,-0.051815525899484426,0.004112301895237397,0.4186991869918699,0.12240448504983388,-0.042220827371358065
cremad,ridge_wavlm_base_plus,GG,1086,0.7520325203252032,0.2583139191085843,3,-0.047838613695415345,-0.018844927646829084,0.3536585365853659,0.09256466119211217,-0.07540167727498133
cremad,ridge_wavlm_base_plus,GG,1087,0.7723577235772359,0.30980322614543926,3,-0.02751144076921001,0.05538981337646684,0.410569105691057,0.1367845117845118,-0.020805079790341408
cremad,ridge_wavlm_base_plus,GG,1088,0.8658536585365854,0.21591650358773648,3,0.0661113904953482,-0.05875172252702121,0.5894308943089431,0.15081588190831888,-0.01930621154167016
cremad,ridge_wavlm_base_plus,GG,1089,0.8211382113821138,0.2022759103641457,3,0.02126713864659476,-0.04594753904150747,0.6016260162601627,0.1324045407636739,-0.025149055836077284
cremad,ridge_wavlm_base_plus,GG,1090,0.7926829268292682,0.3191427405254918,3,-0.007228944724394319,0.05323769995064798,0.34959349593495936,0.16512345679012344,0.0012599448328725154
cremad,ridge_wavlm_base_plus,GG,1091,0.7845528455284553,0.3366552429052429,3,-0.01536345561050112,0.07768176164327602,0.4796747967479675,0.19946422137768324,0.03668437358664502
cremad,wavlm_ft,GR,1001,0.7439024390243902,0.3442622950819672,1,-0.056231699137916924,0.11291275610459922,0.5,0.2682926829268293,0.11479898304137681
cremad,wavlm_ft,GR,1002,0.7654320987654321,0.3387096774193548,1,-0.03456790123456799,0.11891101970123402,0.48148148148148145,0.20512820512820512,0.06020066889632106
cremad,wavlm_ft,GR,1003,0.7439024390243902,0.26229508196721313,1,-0.056231699137916924,0.030945542989845143,0.5121951219512195,0.11904761904761904,-0.03444608083783343
cremad,wavlm_ft,GR,1004,0.8536585365853658,0.11428571428571428,1,0.05365853658536579,-0.12061361457334611,0.6585365853658537,0.05555555555555555,-0.09854644000985466
cremad,wavlm_ft,GR,1005,0.8536585365853658,0.17142857142857143,1,0.05365853658536579,-0.04837008628954936,0.6585365853658537,0.09259259259259259,-0.052334943639291476
cremad,wavlm_ft,GR,1006,0.8625,0.2028985507246377,1,0.06236586183769288,-0.02845098825273029,0.6125,0.08163265306122448,-0.07186104682422799
cremad,wavlm_ft,GR,1007,0.8292682926829268,0.25,1,0.029670437455044718,0.04128248113998323,0.5609756097560976,0.13043478260869565,-0.007576913297737103
cremad,wavlm_ft,GR,1008,0.7236842105263158,0.38181818181818183,1,-0.07618010426337207,0.1587477831752641,0.5657894736842105,0.3023255813953488,0.15388808139534882
cremad,wavlm_ft,GR,1009,0.9078947368421053,0.21739130434782608,1,0.10829688161422324,0.00867378548780931,0.5789473684210527,0.18181818181818182,0.04380648591174907
cremad,wavlm_ft,GR,1010,0.7682926829268293,0.1746031746031746,1,-0.03170731707317076,-0.0451954831149462,0.524390243902439,0.16279069767441862,0.017863161442534553
cremad,wavlm_ft,GR,1011,0.9024390243902439,0.13513513513513514,1,0.10284116916236186,-0.07358238372488163,0.6219512195121951,0.0784313725490196,-0.059580323357413145
cremad,wavlm_ft,GR,1012,0.8292682926829268,0.16176470588235295,1,0.029268292682926744,-0.07313462297670745,0.6463414634146342,0.11320754716981132,-0.04089444839559889
cremad,wavlm_ft,GR,1013,0.8125,0.2,1,0.012635685210312109,-0.02307039864291771,0.6375,0.058823529411764705,-0.0896139705882353
cremad,wavlm_ft,GR,1014,0.8414634146341463,0.15942028985507245,1,0.04159909984445842,-0.06365010878784527,0.6341463414634146,0.17307692307692307,0.024639423076923073
cremad,wavlm_ft,GR,1015,0.8170731707317073,0.373134328358209,1,0.01707317073170722,0.13823499949914858,0.6585365853658537,0.3148148148148148,0.16071281924940461
cremad,wavlm_ft,GR,1016,0.7560975609756098,0.25806451612903225,1,-0.04390243902439028,0.03826585841091146,0.573170731707317,0.1702127659574468,0.02528522972556274
cremad,wavlm_ft,GR,1017,0.75,0.36666666666666664,1,-0.04959785522788207,0.15794914780664987,0.5125,0.34146341463414637,0.20345171872771362
cremad,wavlm_ft,GR,1018,0.926829268292683,0.07894736842105263,1,0.1272314130648009,-0.12977015043896414,0.6951219512195121,0.05263157894736842,-0.08538011695906433
cremad,wavlm_ft,GR,1019,0.7894736842105263,0.23333333333333334,1,-0.010390630579161564,0.010262934690415615,0.5789473684210527,0.1590909090909091,0.010653409090909088
cremad,wavlm_ft,GR,1020,0.8414634146341463,0.043478260869565216,1,0.04186555940626424,-0.16523925799045155,0.6707317073170732,0.0,-0.13801169590643275
cremad,wavlm_ft,GR,1021,0.8048780487804879,0.2878787878787879,1,0.005013733990799962,0.06480838923587018,0.5487804878048781,0.17777777777777778,0.029340277777777785
cremad,wavlm_ft,GR,1022,0.8658536585365854,0.1267605633802817,1,0.0657195203742782,-0.1045889755970863,0.6219512195121951,0.058823529411764705,-0.09467017047368777
cremad,wavlm_ft,GR,1023,0.7926829268292683,0.26153846153846155,1,-0.007451211333038832,0.030188922561093567,0.6219512195121951,0.23529411764705882,0.08180041776160635
cremad,wavlm_ft,GR,1024,0.7439024390243902,0.22950819672131148,1,-0.05569541620349183,0.02079067786129471,0.5853658536585366,0.1875,0.04948830409356725
cremad,wavlm_ft,GR,1025,0.7926829268292683,0.2,1,-0.007317073170731714,-0.019798657718120782,0.45121951219512196,0.02702702702702703,-0.11790050920485703
cremad,wavlm_ft,GR,1026,0.8170731707317073,0.16417910447761194,1,0.01707317073170722,-0.07072022438144845,0.7073170731707317,0.15517241379310345,0.0010704182276932428
cremad,wavlm_ft,GR,1027,0.7317073170731707,0.31666666666666665,1,-0.06829268292682933,0.09686800894854586,0.5365853658536586,0.20454545454545456,0.059617918313570495
cremad,wavlm_ft,GR,1028,0.8536585365853658,0.21428571428571427,1,0.05365853658536579,-0.00551294343240652,0.5853658536585366,0.10416666666666667,-0.04076086956521739
cremad,wavlm_ft,GR,1029,0.7926829268292683,0.4307692307692308,1,-0.007181387960419561,0.20769883212631307,0.6585365853658537,0.3888888888888889,0.2404513888888889
cremad,wavlm_ft,GR,1030,0.8414634146341463,0.2463768115942029,1,0.04132927647183915,0.015027272616834925,0.6341463414634146,0.1346153846153846,-0.018878315270067864
cremad,wavlm_ft,GR,1031,0.7682926829268293,0.3492063492063492,1,-0.03170731707317076,0.11430702034728879,0.524390243902439,0.27906976744186046,0.12496777187645025
cremad,wavlm_ft,GR,1032,0.7682926829268293,0.3492063492063492,1,-0.03170731707317076,0.11430702034728879,0.573170731707317,0.2553191489361702,0.10121715337075998
cremad,wavlm_ft,GR,1033,0.7926829268292683,0.09230769230769231,1,-0.007317073170731714,-0.14259163655136808,0.6097560975609756,0.1,-0.054101995565410205
cremad,wavlm_ft,GR,1034,0.7560975609756098,0.3387096774193548,1,-0.04390243902439028,0.11891101970123402,0.4146341463414634,0.3235294117647059,0.17860187553282184
cremad,wavlm_ft,GR,1035,0.9024390243902439,0.28378378378378377,1,0.10284116916236186,0.075066264923767,0.7195121951219512,0.2033898305084746,0.06537813460204184
cremad,wavlm_ft,GR,1036,0.8292682926829268,0.45588235294117646,1,0.029670437455044718,0.2471648340811597,0.573170731707317,0.46808510638297873,0.330073410476546
cremad,wavlm_ft,GR,1037,0.8536585365853658,0.1,1,0.054060681357483764,-0.10871751886001677,0.6707317073170732,0.05454545454545454,-0.08346624136097822
cremad,wavlm_ft,GR,1038,0.8658536585365854,0.15492957746478872,1,0.06598934374689747,-0.068140821178129,0.6707317073170732,0.14545454545454545,-0.0029829545454545525
cremad,wavlm_ft,GR,1039,0.8658536585365854,0.18309859154929578,1,0.0657195203742782,-0.048250947428072205,0.7073170731707317,0.1206896551724138,-0.032804044713038674
cremad,wavlm_ft,GR,1040,0.8292682926829268,0.17647058823529413,1,0.029403977893238897,-0.04659981040762359,0.5609756097560976,0.043478260869565216,-0.10495923913043478
cremad,wavlm_ft,GR,1041,0.8048780487804879,0.22727272727272727,1,0.004878048780487809,-0.0076266015863331316,0.5,0.12195121951219512,-0.03215077605321509
cremad,wavlm_ft,GR,1042,0.8048780487804879,0.4090909090909091,1,0.005280193552605783,0.20037339023089235,0.5487804878048781,0.28888888888888886,0.1508771929824561
cremad,wavlm_ft,GR,1043,0.8048780487804879,0.22727272727272727,1,0.004743910618180691,-0.00407681170464072,0.6097560975609756,0.16,0.006506300114547531
cremad,wavlm_ft,GR,1044,0.8536585365853658,0.3142857142857143,1,0.054060681357483764,0.10556819542569751,0.5853658536585366,0.20833333333333334,0.07032163742690059
cremad,wavlm_ft,GR,1045,0.8292682926829268,0.5,1,0.029134154520619626,0.268650461022632,0.6219512195121951,0.45098039215686275,0.2974866922714103
cremad,wavlm_ft,GR,1046,0.7926829268292683,0.3230769230769231,1,-0.00691492839861374,0.11435940421690632,0.5365853658536586,0.20454545454545456,0.0665337586390218
cremad,wavlm_ft,GR,1047,0.9024390243902439,0.17567567567567569,1,0.10243902439024388,-0.05922365318338471,0.7560975609756098,0.14516129032258066,-0.008940705242829555
cremad,wavlm_ft,GR,1048,0.7804878048780488,0.234375,1,-0.019512195121951237,-0.0005243288590603967,0.6341463414634146,0.17307692307692307,0.018974927511512862
cremad,wavlm_ft,GR,1049,0.8902439024390244,0.1917808219178082,1,0.09024390243902436,-0.028017835800312585,0.6097560975609756,0.12,-0.024927536231884068
cremad,wavlm_ft,GR,1050,0.8048780487804879,0.19696969696969696,1,0.004878048780487809,-0.037929631889363435,0.6829268292682927,0.16071428571428573,0.006612290148875516
cremad,wavlm_ft,GR,1051,0.8048780487804879,0.22727272727272727,1,0.004878048780487809,0.007474069554606472,0.5487804878048781,0.13333333333333333,-0.011594202898550732
cremad,wavlm_ft,GR,1052,0.8292682926829268,0.23529411764705882,1,0.029134154520619626,0.003944578669690835,0.5975609756097561,0.14285714285714285,-0.010636557028309623
cremad,wavlm_ft,GR,1053,0.9024390243902439,0.14864864864864866,1,0.10243902439024388,-0.08625068021041174,0.7317073170731707,0.1,-0.054101995565410205
cremad,wavlm_ft,GR,1054,0.8536585365853658,0.15714285714285714,1,0.05365853658536579,-0.07775647171620326,0.6829268292682927,0.07142857142857142,-0.08267342413683879
cremad,wavlm_ft,GR,1055,0.8170731707317073,0.23880597014925373,1,0.01707317073170722,0.019007312431132933,0.5609756097560976,0.13043478260869565,-0.014492753623188415
cremad,wavlm_ft,GR,1056,0.7560975609756098,0.25806451612903225,1,-0.04376675381407813,0.03499411748611453,0.6219512195121951,0.19607843137254902,0.04764093137254902
cremad,wavlm_ft,GR,1057,0.8536585365853658,0.44285714285714284,1,0.05379422179567794,0.21978674421422512,0.6097560975609756,0.36,0.2115625
cremad,wavlm_ft,GR,1058,0.7804878048780488,0.171875,1,-0.019646333284258355,-0.059474538977367986,0.524390243902439,0.09302325581395349,-0.060470444071498985
cremad,wavlm_ft,GR,1059,0.8170731707317073,0.29850746268656714,1,0.01707317073170722,0.06360813382750674,0.6097560975609756,0.24,0.08589800443458978
cremad,wavlm_ft,GR,1060,0.8292682926829268,0.4117647058823529,1,0.029268292682926744,0.19196604816423213,0.4878048780487805,0.25,0.10507246376811594
cremad,wavlm_ft,GR,1061,0.7804878048780488,0.109375,1,-0.019110050349833263,-0.09934251886001677,0.5487804878048781,0.08888888888888889,-0.04912280701754386
cremad,wavlm_ft,GR,1062,0.7439024390243902,0.2459016393442623,1,-0.056097560975609806,0.026102981626141497,0.5853658536585366,0.16666666666666666,0.021739130434782594
cremad,wavlm_ft,GR,1063,0.8414634146341463,0.13043478260869565,1,0.04132927647183915,-0.10091475636867234,0.7073170731707317,0.08620689655172414,-0.06728680333372833
cremad,wavlm_ft,GR,1064,0.8902439024390244,0.1643835616438356,1,0.09064604721114233,-0.044333957216181163,0.6097560975609756,0.1,-0.038011695906432746
cremad,wavlm_ft,GR,1065,0.7317073170731707,0.3,1,-0.06842682108913645,0.068650461022632,0.573170731707317,0.19148936170212766,0.037995661816675186
cremad,wavlm_ft,GR,1066,0.7804878048780488,0.265625,1,-0.019512195121951237,0.030725671140939603,0.6463414634146342,0.22641509433962265,0.07231309877421244
cremad,wavlm_ft,GR,1067,0.6341463414634146,0.5,1,-0.16598779669889252,0.268650461022632,0.4634146341463415,0.3684210526315789,0.21492735274612645
cremad,wavlm_ft,GR,1068,0.7439024390243902,0.26229508196721313,1,-0.05569541620349183,0.05357756310719636,0.5487804878048781,0.13333333333333333,-0.0046783625730994205
cremad,wavlm_ft,GR,1069,0.8048780487804879,0.15151515151515152,1,0.004743910618180691,-0.07983438746221647,0.524390243902439,0.11627906976744186,-0.037214630118010614
cremad,wavlm_ft,GR,1070,0.7195121951219512,0.2711864406779661,1,-0.0803521196677367,0.04811604203504838,0.5609756097560976,0.21739130434782608,0.06895380434782608
cremad,wavlm_ft,GR,1071,0.7804878048780488,0.328125,1,-0.019646333284258355,0.09677546102263201,0.524390243902439,0.18604651162790697,0.0325528117424545
cremad,wavlm_ft,GR,1072,0.7682926829268293,0.19047619047619047,1,-0.03170731707317076,-0.029322467241930328,0.4878048780487805,0.075,-0.06992753623188407
cremad,wavlm_ft,GR,1073,0.7073170731707317,0.22413793103448276,1,-0.09254724161895622,0.0010675323915650403,0.4634146341463415,0.18421052631578946,0.03577302631578946
cremad,wavlm_ft,GR,1074,0.8292682926829268,0.35294117647058826,1,0.029403977893238897,0.12987077782767054,0.6707317073170732,0.3090909090909091,0.16065340909090908
cremad,wavlm_ft,GR,1075,0.9146341463414634,0.21333333333333335,1,0.1146341463414634,-0.006465324384787446,0.6463414634146342,0.07547169811320754,-0.06945583811867652
cremad,wavlm_ft,GR,1076,0.8,0.28125,1,0.00013568521031215308,0.05817960135708228,0.525,0.23809523809523808,0.08965773809523808
cremad,wavlm_ft,GR,1077,0.7682926829268293,0.3968253968253968,1,-0.031305172301052786,0.18810787796538003,0.573170731707317,0.3829787234042553,0.24496702749782256
cremad,wavlm_ft,GR,1078,0.8292682926829268,0.08823529411764706,1,0.029268292682926744,-0.14666403474141332,0.7073170731707317,0.0,-0.1541019955654102
cremad,wavlm_ft,GR,1079,0.8170731707317073,0.208955223880597,1,0.016939032569400103,-0.022394315096770978,0.6585365853658537,0.12962962962962962,-0.02386407025582285
cremad,wavlm_ft,GR,1080,0.8414634146341463,0.2463768115942029,1,0.04146341463414627,0.026578153876082117,0.6585365853658537,0.2222222222222222,0.07729468599033815
cremad,wavlm_ft,GR,1081,0.8414634146341463,0.2463768115942029,1,0.04132927647183915,0.015027272616834925,0.5853658536585366,0.125,-0.028493699885452473
cremad,wavlm_ft,GR,1082,0.8048780487804879,0.5454545454545454,1,0.004878048780487809,0.3256558877364246,0.5365853658536586,0.4318181818181818,0.28689064558629773
cremad,wavlm_ft,GR,1083,0.7073170731707317,0.2413793103448276,1,-0.09268292682926838,0.021580652626706803,0.524390243902439,0.13953488372093023,-0.005392652510953833
cremad,wavlm_ft,GR,1084,0.7439024390243902,0.3442622950819672,1,-0.05596187576529765,0.12119189643904948,0.4146341463414634,0.11764705882352941,-0.03079044117647059
cremad,wavlm_ft,GR,1085,0.7439024390243902,0.2459016393442623,1,-0.05596187576529765,0.02283124070134457,0.5609756097560976,0.1956521739130435,0.04721467391304349
cremad,wavlm_ft,GR,1086,0.7073170731707317,0.25862068965517243,1,-0.09268292682926838,0.023721360796112034,0.47560975609756095,0.15384615384615385,-0.00025584171925635557
cremad,wavlm_ft,GR,1087,0.6951219512195121,0.15789473684210525,1,-0.10474236357017574,-0.06517566180081247,0.4268292682926829,0.11428571428571428,-0.03415178571428572
cremad,wavlm_ft,GR,1088,0.8536585365853658,0.21428571428571427,1,0.05365853658536579,-0.020613614573346123,0.6219512195121951,0.13725490196078433,-0.016847093604625885
cremad,wavlm_ft,GR,1089,0.9024390243902439,0.17567567567567569,1,0.10257470960055604,-0.04739472296724204,0.6951219512195121,0.10526315789473684,-0.043174342105263164
cremad,wavlm_ft,GR,1090,0.8048780487804879,0.21212121212121213,1,0.005013733990799962,-0.010949186521705595,0.5,0.14634146341463414,-0.0020960365853658625
cremad,wavlm_ft,GR,1091,0.8048780487804879,0.3181818181818182,1,0.005280193552605783,0.1094642993218014,0.5975609756097561,0.22448979591836735,0.0864781000119346
cremad,wavlm_ft,GG,1001,0.6951219512195121,0.3333333333333333,1,-0.10462130937098846,0.05243445692883891,0.4146341463414634,0.23529411764705882,0.07035905271199389
cremad,wavlm_ft,GG,1002,0.6790123456790124,0.23636363636363636,1,-0.12072925638817111,-0.01888676751358495,0.38271604938271603,0.16129032258064516,0.0024976716620099815
cremad,wavlm_ft,GG,1003,0.7195121951219512,0.2033898305084746,1,-0.08023106546854941,-0.07750904589601981,0.4024390243902439,0.06060606060606061,-0.10432900432900433
cremad,wavlm_ft,GG,1004,0.7804878048780488,0.09375,1,-0.019512195121951237,-0.1991302588996764,0.47560975609756095,0.02564102564102564,-0.15145617808733655
cremad,wavlm_ft,GG,1005,0.7682926829268293,0.07936507936507936,1,-0.03144891914035419,-0.17588532451214195,0.4878048780487805,0.075,-0.08379265091863518
cremad,wavlm_ft,GG,1006,0.9125,0.273972602739726,1,0.11275673940949937,-0.00692627366476839,0.575,0.17391304347826086,0.00897797854319593
cremad,wavlm_ft,GG,1007,0.8414634146341463,0.34782608695652173,1,0.041850012572290596,0.06337806117086497,0.6341463414634146,0.3269230769230769,0.14801312431644187
cremad,wavlm_ft,GG,1008,0.8289473684210527,0.47619047619047616,1,0.029083053631364764,0.22258572640252028,0.5263157894736842,0.275,0.1116013071895425
cremad,wavlm_ft,GG,1009,0.7105263157894737,0.2962962962962963,1,-0.08908708627238204,0.011848270510639525,0.3815789473684211,0.10344827586206896,-0.0754616767445661
cremad,wavlm_ft,GG,1010,0.7926829268292683,0.15384615384615385,1,-0.007058675237915146,-0.10140425003106746,0.524390243902439,0.046511627906976744,-0.11228102301165843
cremad,wavlm_ft,GG,1011,0.8902439024390244,0.1780821917808219,1,0.09063050037716869,-0.10636583400483485,0.6341463414634146,0.07692307692307693,-0.10198687568355813
cremad,wavlm_ft,GG,1012,0.7439024390243902,0.09836065573770492,1,-0.056097560975609806,-0.19451960316197148,0.4878048780487805,0.05,-0.1270972037283622
cremad,wavlm_ft,GG,1013,0.8625,0.2898550724637681,1,0.06263568521031215,0.03625032267581224,0.6125,0.1836734693877551,0.020274776577297593
cremad,wavlm_ft,GG,1014,0.7560975609756098,0.11290322580645161,1,-0.04376675381407813,-0.14070152398150426,0.5121951219512195,0.07142857142857142,-0.0919701213818861
cremad,wavlm_ft,GG,1015,0.7682926829268293,0.2857142857142857,1,-0.03170731707317076,-0.007165973185390695,0.5487804878048781,0.24444444444444444,0.06734724071608225
cremad,wavlm_ft,GG,1016,0.7439024390243902,0.21311475409836064,1,-0.05583916304279324,-0.04213564977886067,0.4024390243902439,0.15151515151515152,-0.007277499403483656
cremad,wavlm_ft,GG,1017,0.8375,0.3283582089552239,1,0.037886597938144306,0.04391018316956713,0.5875,0.23404255319148937,0.05513260058485431
cremad,wavlm_ft,GG,1018,0.926829268292683,0.18421052631578946,1,0.12721586623082726,-0.10023749946986729,0.6219512195121951,0.0784313725490196,-0.10047858005761545
cremad,wavlm_ft,GG,1019,0.7368421052631579,0.30357142857142855,1,-0.06302220952653004,0.04996667878347266,0.5131578947368421,0.10256410256410256,-0.06083459024635496
cremad,wavlm_ft,GG,1020,0.9024390243902439,0.10810810810810811,1,0.10282562232838821,-0.17633991767754864,0.6341463414634146,0.07692307692307693,-0.10198687568355813
cremad,wavlm_ft,GG,1021,0.9024390243902439,0.4189189189189189,1,0.10257470960055604,0.16531416913096303,0.5853658536585366,0.375,0.21160130718954248
cremad,wavlm_ft,GG,1022,0.7926829268292683,0.13846153846153847,1,-0.007060333761232274,-0.14243733794295593,0.5,0.0975609756097561,-0.06737408932530883
cremad,wavlm_ft,GG,1023,0.7926829268292683,0.3384615384615385,1,-0.007060333761232274,0.05756266205704408,0.4878048780487805,0.2,0.03506493506493508
cremad,wavlm_ft,GG,1024,0.8292682926829268,0.29411764705882354,1,0.029654890621071073,0.009669621273166784,0.6463414634146342,0.24528301886792453,0.06637306626128947
cremad,wavlm_ft,GG,1025,0.8658536585365854,0.352112676056338,1,0.06611205646940188,0.09686227217911669,0.4634146341463415,0.15789473684210525,-0.000897914076529921
cremad,wavlm_ft,GG,1026,0.8902439024390244,0.2328767123287671,1,0.09024390243902436,-0.06000354657090928,0.5609756097560976,0.15217391304347827,-0.024923290684883914
cremad,wavlm_ft,GG,1027,0.7682926829268293,0.2857142857142857,1,-0.03144891914035419,0.030463881837064388,0.5121951219512195,0.14285714285714285,-0.015935508061492326
cremad,wavlm_ft,GG,1028,0.8658536585365854,0.2112676056338028,1,0.06611205646940188,-0.0439827982434185,0.6585365853658537,0.16666666666666666,0.007874015748031482
cremad,wavlm_ft,GG,1029,0.7682926829268293,0.25396825396825395,1,-0.03157163186285861,0.00036350418029806875,0.4878048780487805,0.175,0.01160130718954247
cremad,wavlm_ft,GG,1030,0.8658536585365854,0.18309859154929578,1,0.06611039794608475,-0.09780028485519862,0.524390243902439,0.09302325581395349,-0.07191180912111145
cremad,wavlm_ft,GG,1031,0.7804878048780488,0.3125,1,-0.019512195121951237,0.019619741100323607,0.47560975609756095,0.23076923076923078,0.0536720270408686
cremad,wavlm_ft,GG,1032,0.7804878048780488,0.265625,1,-0.019512195121951237,-0.027255258899676393,0.3902439024390244,0.125,-0.052097203728362185
cremad,wavlm_ft,GG,1033,0.7682926829268293,0.15873015873015872,1,-0.03170731707317076,-0.13415010016951767,0.4878048780487805,0.05,-0.1270972037283622
cremad,wavlm_ft,GG,1034,0.7317073170731707,0.36666666666666664,1,-0.06803428499401276,0.11141626278944533,0.3902439024390244,0.25,0.09120734908136482
cremad,wavlm_ft,GG,1035,0.8536585365853658,0.32857142857142857,1,0.05404513452351012,0.044123402785771815,0.6097560975609756,0.3,0.12109004739336493
cremad,wavlm_ft,GG,1036,0.8048780487804879,0.5454545454545454,1,0.005264646718632138,0.26100651966888866,0.6585365853658537,0.5740740740740741,0.395164121467439
cremad,wavlm_ft,GG,1037,0.9512195121951219,0.2564102564102564,1,0.1516061101332662,-0.028037769375400368,0.6951219512195121,0.24561403508771928,0.06670408248108423
cremad,wavlm_ft,GG,1038,0.8292682926829268,0.22058823529411764,1,0.029403977893238897,-0.033016514493838245,0.573170731707317,0.14893617021276595,-0.014462522597691568
cremad,wavlm_ft,GG,1039,0.8780487804878049,0.2777777777777778,1,0.07830551989730428,-0.003121098626716612,0.6341463414634146,0.21153846153846154,0.0466033966033966
cremad,wavlm_ft,GG,1040,0.7560975609756098,0.16129032258064516,1,-0.04376675381407813,-0.09231442720731073,0.5,0.04878048780487805,-0.11461820500557947
cremad,wavlm_ft,GG,1041,0.8414634146341463,0.11594202898550725,1,0.04146341463414627,-0.17693822991416913,0.4268292682926829,0.05714285714285714,-0.11995434658550505
cremad,wavlm_ft,GG,1042,0.7439024390243902,0.4098360655737705,1,-0.05571096303746548,0.12538803978811375,0.5487804878048781,0.35555555555555557,0.1766456029489205
cremad,wavlm_ft,GG,1043,0.7560975609756098,0.1935483870967742,1,-0.04364569961489084,-0.08735048930772021,0.5121951219512195,0.11904761904761904,-0.045887445887445893
cremad,wavlm_ft,GG,1044,0.8536585365853658,0.32857142857142857,1,0.05404513452351012,0.044123402785771815,0.5121951219512195,0.30952380952380953,0.13061385691717448
cremad,wavlm_ft,GG,1045,0.8658536585365854,0.43661971830985913,1,0.06611039794608475,0.15572084190536473,0.5609756097560976,0.34782608695652173,0.1828910220214568
cremad,wavlm_ft,GG,1046,0.6951219512195121,0.3508771929824561,1,-0.10449145084234357,0.06642916719679937,0.4268292682926829,0.2857142857142857,0.10680433310765064
cremad,wavlm_ft,GG,1047,0.8658536585365854,0.1267605633802817,1,0.06585365853658531,-0.1661196955193947,0.6585365853658537,0.07407407407407407,-0.10302312965428811
cremad,wavlm_ft,GG,1048,0.7439024390243902,0.32786885245901637,1,-0.056097560975609806,0.034988593559339976,0.4878048780487805,0.275,0.09790279627163784
cremad,wavlm_ft,GG,1049,0.8658536585365854,0.18309859154929578,1,0.06611205646940188,-0.07215181232792553,0.6341463414634146,0.1346153846153846,-0.024177266303250566
cremad,wavlm_ft,GG,1050,0.8292682926829268,0.25,1,0.029268292682926744,-0.04288025889967639,0.573170731707317,0.1702127659574468,-0.00688443777091538
cremad,wavlm_ft,GG,1051,0.8048780487804879,0.30303030303030304,1,0.005136446713304377,0.04777989915308173,0.5487804878048781,0.26666666666666666,0.10787401574803149
cremad,wavlm_ft,GG,1052,0.8170731707317073,0.26865671641791045,1,0.01732991014120666,-0.012242159986583956,0.5487804878048781,0.17777777777777778,0.01284271284271285
cremad,wavlm_ft,GG,1053,0.7926829268292683,0.07692307692307693,1,-0.007317073170731714,-0.21595718197659947,0.6219512195121951,0.0196078431372549,-0.1574893605911073
cremad,wavlm_ft,GG,1054,0.8658536585365854,0.1267605633802817,1,0.06585365853658531,-0.1661196955193947,0.573170731707317,0.0851063829787234,-0.09199082074963878
cremad,wavlm_ft,GG,1055,0.7926829268292683,0.23076923076923078,1,-0.007058675237915146,-0.024481173107990528,0.43902439024390244,0.08333333333333333,-0.07545931758530185
cremad,wavlm_ft,GG,1056,0.8414634146341463,0.2318840579710145,1,0.04159909984445842,-0.02172069181694139,0.6341463414634146,0.25,0.08660130718954248
cremad,wavlm_ft,GG,1057,0.8048780487804879,0.36363636363636365,1,0.005013733990799962,0.11003161384840776,0.36585365853658536,0.16666666666666666,0.0032679738562091387
cremad,wavlm_ft,GG,1058,0.8292682926829268,0.22058823529411764,1,0.029525032092426184,-0.06031064111037676,0.524390243902439,0.046511627906976744,-0.11842343702808819
cremad,wavlm_ft,GG,1059,0.8536585365853658,0.35714285714285715,1,0.05365853658536579,0.06426259824318076,0.573170731707317,0.3191489361702128,0.1420517324418506
cremad,wavlm_ft,GG,1060,0.8658536585365854,0.5070422535211268,1,0.06611205646940188,0.25179184964390544,0.6585365853658537,0.42592592592592593,0.2671332750072908
cremad,wavlm_ft,GG,1061,0.8902439024390244,0.2465753424657534,1,0.09063050037716869,-0.037872683319903344,0.6585365853658537,0.14814814814814814,-0.03076180445848692
cremad,wavlm_ft,GG,1062,0.8902439024390244,0.2876712328767123,1,0.09050230037184093,0.032420828999491,0.6097560975609756,0.26,0.10120734908136483
cremad,wavlm_ft,GG,1063,0.8414634146341463,0.11594202898550725,1,0.04172015404364571,-0.16495684741898714,0.5487804878048781,0.022222222222222223,-0.1427128427128427
cremad,wavlm_ft,GG,1064,0.8658536585365854,0.2676056338028169,1,0.06624025647472964,-0.016842391982839877,0.5975609756097561,0.1836734693877551,0.004763516781120053
cremad,wavlm_ft,GG,1065,0.7560975609756098,0.24193548387096775,1,-0.04364569961489084,-0.03896339253352665,0.45121951219512196,0.13513513513513514,-0.029799929799929792
cremad,wavlm_ft,GG,1066,0.7560975609756098,0.2903225806451613,1,-0.04390243902439028,-0.0025576782545150833,0.4268292682926829,0.11428571428571428,-0.0628114894426479
cremad,wavlm_ft,GG,1067,0.7682926829268293,0.4444444444444444,1,-0.03145057766367132,0.16354556803995002,0.2804878048780488,0.17391304347826086,0.00897797854319593
cremad,wavlm_ft,GG,1068,0.8658536585365854,0.28169014084507044,1,0.06624025647472964,-0.0027578849405863193,0.6341463414634146,0.21153846153846154,0.03262850893182648
cremad,wavlm_ft,GG,1069,0.7439024390243902,0.19672131147540983,1,-0.055840821566110366,-0.08417756492908457,0.4024390243902439,0.15151515151515152,-0.013419913419913415
cremad,wavlm_ft,GG,1070,0.7317073170731707,0.38333333333333336,1,-0.06815699771651718,0.12972858354537747,0.4878048780487805,0.3,0.13660130718954247
cremad,wavlm_ft,GG,1071,0.7804878048780488,0.296875,1,-0.019255455712451797,0.015976123595505598,0.4878048780487805,0.2,0.03506493506493508
cremad,wavlm_ft,GG,1072,0.7317073170731707,0.26666666666666666,1,-0.06803428499401276,0.011416262789445353,0.5487804878048781,0.2,0.041207349081364836
cremad,wavlm_ft,GG,1073,0.7317073170731707,0.35,1,-0.06815699771651718,0.09639525021204409,0.45121951219512196,0.2702702702702703,0.10687157745981277
cremad,wavlm_ft,GG,1074,0.8658536585365854,0.4084507042253521,1,0.06598934374689747,0.15484595443739624,0.5365853658536586,0.3181818181818182,0.15478312537136066
cremad,wavlm_ft,GG,1075,0.926829268292683,0.3157894736842105,1,0.1270876662254995,0.0605390698069892,0.6707317073170732,0.2,0.041207349081364836
cremad,wavlm_ft,GG,1076,0.775,0.41935483870967744,1,-0.02486431478968787,0.16575008892172155,0.4125,0.30303030303030304,0.13963161021984552
cremad,wavlm_ft,GG,1077,0.7682926829268293,0.30158730158730157,1,-0.03132071913502643,0.017139275801644815,0.5609756097560976,0.2608695652173913,0.08195961261075624
cremad,wavlm_ft,GG,1078,0.8902439024390244,0.0821917808219178,1,0.09024390243902436,-0.2106884780777586,0.6097560975609756,0.02,-0.1570972037283622
cremad,wavlm_ft,GG,1079,0.8048780487804879,0.24242424242424243,1,0.005134788189987249,-0.03847463398025197,0.5121951219512195,0.11904761904761904,-0.045887445887445893
cremad,wavlm_ft,GG,1080,0.7926829268292683,0.16923076923076924,1,-0.007058675237915146,-0.08601963464645207,0.6097560975609756,0.12,-0.03879265091863518
cremad,wavlm_ft,GG,1081,0.8292682926829268,0.2647058823529412,1,0.029525032092426184,-0.016192994051553222,0.524390243902439,0.13953488372093023,-0.025400181214134704
cremad,wavlm_ft,GG,1082,0.6707317073170732,0.34545454545454546,1,-0.12900989475011027,0.09020414157732415,0.4146341463414634,0.23529411764705882,0.07650146672842364
cremad,wavlm_ft,GG,1083,0.7195121951219512,0.1864406779661017,1,-0.08022940694523228,-0.06880972591111961,0.43902439024390244,0.05555555555555555,-0.10323709536307962
cremad,wavlm_ft,GG,1084,0.7682926829268293,0.49206349206349204,1,-0.03157163186285861,0.23845874227553615,0.47560975609756095,0.28205128205128205,0.11865258924082453
cremad,wavlm_ft,GG,1085,0.8292682926829268,0.3235294117647059,1,0.029403977893238897,0.06992466197675001,0.5609756097560976,0.1956521739130435,0.03225348110258597
cremad,wavlm_ft,GG,1086,0.7317073170731707,0.2833333333333333,1,-0.06829268292682933,-0.009546925566343067,0.36585365853658536,0.06666666666666667,-0.11043053706169552
cremad,wavlm_ft,GG,1087,0.7439024390243902,0.3442622950819672,1,-0.05596187576529765,0.09065754529401132,0.3780487804878049,0.1935483870967742,0.03014969428631667
cremad,wavlm_ft,GG,1088,0.8902439024390244,0.2191780821917808,1,0.09024390243902436,-0.07370217670789558,0.573170731707317,0.1276595744680851,-0.04943762926027709
cremad,wavlm_ft,GG,1089,0.8048780487804879,0.13636363636363635,1,0.005013733990799962,-0.11724111342431953,0.573170731707317,0.06382978723404255,-0.09956890557641497
cremad,wavlm_ft,GG,1090,0.6585365853658537,0.2962962962962963,1,-0.1413277294238342,0.042691546508340394,0.45121951219512196,0.2972972972972973,0.1338986044868398
cremad,wavlm_ft,GG,1091,0.7439024390243902,0.4098360655737705,1,-0.05571096303746548,0.12538803978811375,0.5,0.2926829268292683,0.11377297422263322
ravdess,cnn,GR,01,0.7111111111111111,0.3029641753046008,3,-0.08888888888888895,-0.06691886563107169,0.3111111111111111,0.03181818181818182,-0.1858721312744301
ravdess,cnn,GR,02,0.7277777777777779,0.30453409927468894,3,-0.07222222222222226,-0.07558285978963854,0.37777777777777777,0.1853623958887117,-0.0353326581396757
ravdess,cnn,GR,03,0.85,0.46299526099748073,3,0.04999999999999993,0.06825841889221758,0.43888888888888883,0.42507002801120447,0.20156938451056097
ravdess,cnn,GR,04,0.8722222222222222,0.5606251047427518,3,0.07222222222222219,0.18343212228661146,0.2111111111111111,0.5582788671023965,0.3400986754922532
ravdess,cnn,GR,05,0.7944444444444444,0.5791383219954648,3,-0.0055555555555556095,0.22241317579663447,0.47222222222222227,0.39771598071931774,0.19095350286606952
ravdess,cnn,GR,06,0.8444444444444444,0.3620818893595174,3,0.0444444444444444,-0.04917542058200308,0.3611111111111111,0.24706694271911658,0.016819931048300724
ravdess,cnn,GR,07,0.6497175141242938,0.42202512934220254,3,-0.15028248587570625,0.030212263845126503,0.20903954802259886,0.10227272727272728,-0.11793891293891294
ravdess,cnn,GR,08,0.7388888888888889,0.30770590314598795,3,-0.061111111111111116,-0.08410696235108805,0.2888888888888889,0.05555555555555555,-0.1681571302260957
ravdess,cnn,GR,09,0.7611111111111111,0.7217989417989418,3,-0.03888888888888894,0.35630186577554995,0.3277777777777778,0.5144444444444445,0.30906989696463383
ravdess,cnn,GR,10,0.8555555555555556,0.5329311211664153,3,0.055555555555555504,0.16304808023074277,0.32222222222222224,0.33968253968253964,0.12199222658992774
ravdess,cnn,GR,11,0.8277777777777778,0.3816718995290424,3,0.027777777777777752,-0.016135118014817262,0.3833333333333333,0.13518518518518519,-0.08971341557548455
ravdess,cnn,GR,12,0.8666666666666667,0.38118242466068547,3,0.06666666666666665,0.009837395420919437,0.29444444444444445,0.2187590187590188,0.00425952648174871
ravdess,cnn,GR,13,0.7388888888888889,0.6584624237899713,3,-0.06111111111111115,0.2637255816847082,0.2111111111111111,0.6785714285714285,0.4550707850707851
ravdess,cnn,GR,14,0.8833333333333333,0.5104895104895105,3,0.0833333333333333,0.15961231750705432,0.47222222222222227,0.36710239651416116,0.1599085694372932
ravdess,cnn,GR,15,0.6111111111111112,0.41707647497121186,3,-0.1888888888888889,0.02818758608232293,0.13888888888888887,0.1851851851851852,-0.039040321109286624
ravdess,cnn,GR,16,0.7333333333333333,0.5026254000418134,3,-0.06666666666666672,0.06768387957397713,0.2888888888888889,0.10158730158730157,-0.14081280461208776
ravdess,cnn,GR,17,0.6,0.43521511168569993,3,-0.20000000000000004,0.056560140925466,0.18888888888888888,0.09230769230769231,-0.12509835843169176
ravdess,cnn,GR,18,0.8111111111111112,0.6174615653389238,3,0.011111111111111072,0.1828124425319063,0.3611111111111111,0.5352291386774145,0.29218103310057336
ravdess,cnn,GR,19,0.8000000000000002,0.42359000337723746,3,-3.700743415417188e-17,0.019788833786594146,0.5222222222222223,0.33609831029185866,0.11308707850869708
ravdess,cnn,GR,20,0.8388888888888889,0.3974725274725275,3,0.03888888888888886,0.042209369577790624,0.3611111111111111,0.27844813138930785,0.0708626082685699
ravdess,cnn,GR,21,0.8333333333333334,0.5590023745347196,3,0.03333333333333329,0.13590295933004118,0.5166666666666666,0.399171146953405,0.16405752097069745
ravdess,cnn,GR,22,0.6833333333333332,0.4876209833526907,3,-0.11666666666666674,0.08849817633514684,0.2722222222222222,0.41904761904761906,0.19566810001592608
ravdess,cnn,GR,23,0.75,0.7045837546343107,3,-0.05000000000000001,0.31116270200273183,0.11666666666666665,0.7142857142857143,0.489827713965645
ravdess,cnn,GR,24,0.8388888888888889,0.39965834818775997,3,0.03888888888888883,-0.05282703192919911,0.37222222222222223,0.33630372226863453,0.09243389237729926
ravdess,cnn,GG,01,0.8111111111111112,0.39568678535243884,3,0.011334076551467823,-0.2246467804309177,0.22222222222222224,0.07905982905982906,-0.23227130405348226
ravdess,cnn,GG,02,0.6611111111111111,0.43398113125516274,3,-0.1382199925678187,-0.12668832481178277,0.09999999999999999,0.3547008547008547,0.05725206220255726
ravdess,cnn,GG,03,0.85,0.5302197802197802,3,0.050222965440356725,-0.0037469794268957615,0.33888888888888885,0.4239130434782609,0.14666627118198364
ravdess,cnn,GG,04,0.8777777777777778,0.6656351311523726,3,0.07777777777777777,0.13507957559681696,0.2611111111111111,0.7320261437908496,0.45347623911094076
ravdess,cnn,GG,05,0.861111111111111,0.6589360587002097,3,0.06133407655146783,0.08165804847240861,0.27777777777777773,0.42857142857142855,0.13105883734930915
ravdess,cnn,GG,06,0.8333333333333334,0.5550595477050716,3,0.03333333333333329,-0.06855156340603952,0.19444444444444442,0.1130952380952381,-0.19731040564373895
ravdess,cnn,GG,07,0.7175141242937854,0.4550813008130081,3,-0.08248587570621473,-0.0949186991869919,0.1807909604519774,0.15079365079365079,-0.1263899499193617
ravdess,cnn,GG,08,0.7555555555555555,0.5487105093488073,3,-0.04422147900408776,-0.07710306573255025,0.1111111111111111,nan,nan
ravdess,cnn,GG,09,0.8333333333333334,0.7341337907375644,3,0.03333333333333325,0.18413379073756428,0.25,0.4919054801407743,0.213432388776569
ravdess,cnn,GG,10,0.8444444444444444,0.6391761832938304,3,0.04466740988480115,0.01884261751047378,0.16666666666666666,nan,nan
ravdess,cnn,GG,11,0.8222222222222223,0.40338350270378864,3,0.02244518766257893,-0.11965229459979108,0.21666666666666667,0.11666666666666665,-0.161924383279882
ravdess,cnn,GG,12,0.8444444444444444,0.41752136752136754,3,0.0444444444444444,-0.09497863247863247,0.3333333333333333,0.24575424575424576,-0.024867270178860163
ravdess,cnn,GG,13,0.8055555555555557,0.7285024154589372,3,0.005778520995912288,0.1945356558122612,0.15,0.5757575757575758,0.2985108034612985
ravdess,cnn,GG,14,0.7777777777777778,0.5077127659574469,3,-0.0219992567818655,-0.0068095492447847366,0.25,0.17042606516290726,-0.10281919249355748
ravdess,cnn,GG,15,0.7444444444444445,0.669447508733223,3,-0.05555555555555558,0.04722528651100081,0.04444444444444445,0.0,-0.302020202020202
ravdess,cnn,GG,16,0.7722222222222221,0.5583862589081376,3,-0.027554812337421075,0.007636607583172528,0.20555555555555557,0.25584795321637427,-0.03420077186059939
ravdess,cnn,GG,17,0.7222222222222222,0.5997239475500346,3,-0.07733184689706434,0.029965695574209344,0.07222222222222223,0.31666666666666665,0.018751945222533466
ravdess,cnn,GG,18,0.9111111111111111,0.6593406593406593,3,0.11133407655146783,0.12803545246013862,0.25555555555555554,0.47908496732026146,0.20034323905753096
ravdess,cnn,GG,19,0.8777777777777778,0.5519176223948699,3,0.07800074321813448,-0.016887584485650826,0.37777777777777777,0.3579938271604938,0.06975004786009714
ravdess,cnn,GG,20,0.8777777777777778,0.5315764482431149,3,0.07777777777777777,-0.010090218423551733,0.16666666666666666,0.19365079365079363,-0.08798878169830991
ravdess,cnn,GG,21,0.8333333333333334,0.5413675213675214,3,0.033333333333333326,0.002478632478632503,0.24444444444444446,0.17817270448849395,-0.10658306577452266
ravdess,cnn,GG,22,0.7611111111111111,0.546891206234407,3,-0.03866592344853218,-0.03170014662472831,0.09444444444444444,0.17777777777777778,-0.11695422130204737
ravdess,cnn,GG,23,0.8444444444444444,0.6836940059042486,3,0.04466740988480115,0.19139391292423916,0.21666666666666665,0.619047619047619,0.35234268768491755
ravdess,cnn,GG,24,0.8888888888888888,0.5829339143064634,3,0.08911185432924558,0.012739818537053749,0.29444444444444445,0.5092217723796671,0.21388204201168817
ravdess,ridge_hubert_base,GR,01,0.7444444444444445,0.45591787439613524,3,-0.05555555555555558,0.15913424866514111,0.3,0.4181286549707602,0.24827096476824242
ravdess,ridge_hubert_base,GR,02,0.8222222222222223,0.2639267256359376,3,0.022222222222222143,-0.02700894687868227,0.4444444444444445,0.12205910031996987,-0.05421871821756987
ravdess,ridge_hubert_base,GR,03,0.8333333333333334,0.3541041081225746,3,0.03333333333333329,0.10995206133894886,0.5388888888888889,0.24945428086344892,0.09308823480075612
ravdess,ridge_hubert_base,GR,04,0.7999999999999999,0.4487789931672641,3,-3.700743415417188e-17,0.15638133234855067,0.3111111111111111,0.30917874396135264,0.1359813379824897
ravdess,ridge_hubert_base,GR,05,0.7944444444444444,0.4530477042782211,3,-0.0055555555555556095,0.18257986802091117,0.43333333333333335,0.2861309283438776,0.1203382329755854
ravdess,ridge_hubert_base,GR,06,0.8611111111111112,0.38120551924473495,3,0.06111111111111108,0.0884423613499981,0.5388888888888889,0.29079365079365077,0.11946073367175288
ravdess,ridge_hubert_base,GR,07,0.7231638418079096,0.3667404946474713,3,-0.07683615819209048,0.14305628412115562,0.3672316384180791,0.23511586452762923,0.08723955748377743
ravdess,ridge_hubert_base,GR,08,0.8444444444444444,0.33573172858887146,3,0.0444444444444444,0.03602412624969017,0.4277777777777778,0.25997150997151,0.08237461074670376
ravdess,ridge_hubert_base,GR,09,0.8722222222222222,0.7003086419753087,3,0.07222222222222219,0.45177063027940223,0.5833333333333334,0.6664963745709087,0.5087581345882008
ravdess,ridge_hubert_base,GR,10,0.6722222222222222,0.5038603085114713,3,-0.1277777777777778,0.20707668278047717,0.3111111111111111,0.4223985890652557,0.2525408988627379
ravdess,ridge_hubert_base,GR,11,0.8000000000000002,0.450511410237854,3,-3.700743415417188e-17,0.18282135175832184,0.39444444444444443,0.32523148148148145,0.1589616402116402
ravdess,ridge_hubert_base,GR,12,0.8000000000000002,0.41607263472764994,3,-3.700743415417188e-17,0.1397568452539657,0.35000000000000003,0.23247863247863246,0.06697353419207724
ravdess,ridge_hubert_base,GR,13,0.6833333333333332,0.5111111111111111,3,-0.11666666666666674,0.26695906432748534,0.3055555555555556,0.2759018759018759,0.1195358298391831
ravdess,ridge_hubert_base,GR,14,0.8388888888888889,0.4427790346907994,3,0.03888888888888886,0.17084921012939583,0.561111111111111,0.35185185185185186,0.184699800772681
ravdess,ridge_hubert_base,GR,15,0.7666666666666666,0.607563025210084,3,-0.0333333333333334,0.36048700181827115,0.4666666666666666,0.5814439946018893,0.42690102089137083
ravdess,ridge_hubert_base,GR,16,0.8333333333333334,0.37254901960784315,3,0.03333333333333329,0.08183264533883727,0.5666666666666667,0.2843818082788671,0.11082047125326018
ravdess,ridge_hubert_base,GR,17,0.8055555555555555,0.6084785766158315,3,0.0055555555555554985,0.3321627871421473,0.4444444444444444,0.5555555555555556,0.38601532567049807
ravdess,ridge_hubert_base,GR,18,0.888888888888889,0.45631528964862306,3,0.08888888888888886,0.21698780426850606,0.6888888888888888,0.4144275308001307,0.2614884501854648
ravdess,ridge_hubert_base,GR,19,0.8999999999999999,0.5303093831395719,3,0.09999999999999994,0.2633503188120864,0.6055555555555555,0.45,0.28429074552453854
ravdess,ridge_hubert_base,GR,20,0.8611111111111112,0.46937645687645685,3,0.06111111111111108,0.19598464401095975,0.5388888888888889,0.3733825051759834,0.20527573505698712
ravdess,ridge_hubert_base,GR,21,0.8166666666666668,0.43450916051408256,3,0.016666666666666646,0.1576816751339656,0.48888888888888893,0.36690755796446856,0.19920939110522784
ravdess,ridge_hubert_base,GR,22,0.7277777777777777,0.35319767441860467,3,-0.07222222222222226,0.06664796681626546,0.26666666666666666,0.25267379679144386,0.07580340690735533
ravdess,ridge_hubert_base,GR,23,0.7777777777777778,0.5141350544086106,3,-0.022222222222222292,0.23474908949632992,0.3499999999999999,0.477124183006536,0.31046595943341876
ravdess,ridge_hubert_base,GR,24,0.85,0.3983430091920657,3,0.04999999999999997,0.11055061153124708,0.5944444444444444,0.3541819291819292,0.1815446642339443
ravdess,ridge_hubert_base,GG,01,0.7944444444444444,0.5032226658779454,3,-0.005332590115198821,0.01216036927171571,0.09444444444444444,nan,nan
ravdess,ridge_hubert_base,GG,02,0.7888888888888889,0.26894586894586897,3,-0.01044221479004089,-0.1968839776371157,0.19444444444444445,nan,nan
ravdess,ridge_hubert_base,GG,03,0.8333333333333334,0.39595276435856147,3,0.033556298773690076,-0.019807347217449683,0.3888888888888889,0.26003086419753085,0.028066890298073095
ravdess,ridge_hubert_base,GG,04,0.8166666666666668,0.5262972435350952,3,0.016666666666666646,0.03740835464620631,0.19444444444444442,0.2766081871345029,0.016211924610580835
ravdess,ridge_hubert_base,GG,05,0.7944444444444444,0.4278774393918323,3,-0.005332590115198858,-0.0729070794366195,0.11666666666666665,nan,nan
ravdess,ridge_hubert_base,GG,06,0.8666666666666667,0.3856854145166839,3,0.06666666666666661,-0.08098125214998277,0.4166666666666667,0.24430555555555555,-0.0023855760872557863
ravdess,ridge_hubert_base,GG,07,0.7740112994350282,0.3601902748414376,3,-0.025988700564971823,-0.08286528071411792,0.18644067796610173,0.1976190476190476,-0.04146743340291726
ravdess,ridge_hubert_base,GG,08,0.8166666666666668,0.4031862745098039,3,0.016889632107023395,-0.0572100527798288,0.2611111111111111,0.1847826086956522,-0.05987971385809444
ravdess,ridge_hubert_base,GG,09,0.9277777777777777,0.6469871125043539,3,0.12777777777777774,0.20254266805990948,0.36111111111111116,0.7016555726233146,0.4617509522839116
ravdess,ridge_hubert_base,GG,10,0.7722222222222221,0.5863095238095238,3,-0.027554812337421075,0.09524722720329415,0.11111111111111112,nan,nan
ravdess,ridge_hubert_base,GG,11,0.7444444444444445,0.4262187088274045,3,-0.055332590115198865,-0.031399840684450474,0.1111111111111111,0.44017094017094016,0.19674202738718868
ravdess,ridge_hubert_base,GG,12,0.8000000000000002,0.36190476190476195,3,-3.700743415417188e-17,-0.09920634920634919,0.15,0.10476190476190476,-0.14081954294720253
ravdess,ridge_hubert_base,GG,13,0.8277777777777778,0.5489163614163615,3,0.028000743218134505,0.13315624984035027,0.19444444444444445,0.41005291005291006,0.17808893615345225
ravdess,ridge_hubert_base,GG,14,0.8722222222222222,0.4047845329606336,3,0.07244518766257894,0.005691088051289113,0.42777777777777776,0.24660633484162897,0.017734023406875344
ravdess,ridge_hubert_base,GG,15,0.8444444444444444,0.6049676270471132,3,0.0444444444444444,0.17441207149155766,0.24444444444444446,0.49381466486729647,0.25563152621208857
ravdess,ridge_hubert_base,GG,16,0.8444444444444444,0.42747904577691814,3,0.04466740988480115,-0.04401095887208236,0.26666666666666666,0.19444444444444442,-0.05849948704224096
ravdess,ridge_hubert_base,GG,17,0.7444444444444445,0.5685018193323841,3,-0.055109624674842116,0.07120986210318841,0.061111111111111116,nan,nan
ravdess,ridge_hubert_base,GG,18,0.8277777777777778,0.4302040816326531,3,0.028000743218134505,-0.012119256349680732,0.2333333333333333,0.16455026455026456,-0.07738521932070319
ravdess,ridge_hubert_base,GG,19,0.8611111111111112,0.4332906951954571,3,0.06133407655146783,-0.021532642786876704,0.35555555555555557,0.25297619047619047,0.003812310877528267
ravdess,ridge_hubert_base,GG,20,0.861111111111111,0.45629572583750483,3,0.06111111111111104,-0.002037607495828523,0.31666666666666665,0.4070048309178744,0.16046870181930314
ravdess,ridge_hubert_base,GG,21,0.8111111111111112,0.4986094869064866,3,0.011111111111111072,0.006942820239819884,0.14444444444444446,0.4484848484848485,0.18821231179721745
ravdess,ridge_hubert_base,GG,22,0.638888888888889,0.3264251838946961,3,-0.1608881456707544,-0.17008225450604778,0.09999999999999999,0.0,-0.26465398400882273
ravdess,ridge_hubert_base,GG,23,0.7722222222222221,0.5133251500272777,3,-0.027554812337421075,0.08089837178459985,0.27777777777777773,0.39818563502774024,0.1536801405222458
ravdess,ridge_hubert_base,GG,24,0.8555555555555555,0.42326530612244895,3,0.05577852099591226,-0.06628025408210703,0.31111111111111106,0.2578586990351696,0.0010049657663420326
ravdess,ridge_wav2vec2_base,GR,01,0.7333333333333334,0.5020046642387067,3,-0.0666666666666667,0.24323273441414536,0.26666666666666666,0.3556149732620321,0.19235205999911884
ravdess,ridge_wav2vec2_base,GR,02,0.8277777777777778,0.26215686274509803,3,0.027777777777777752,-0.022930856553147572,0.3,0.10703703703703704,-0.05882061662549467
ravdess,ridge_wav2vec2_base,GR,03,0.8222222222222223,0.3113766596785465,3,0.02222222222222218,0.037984846813049394,0.5611111111111111,0.22777426382739474,0.0569112466214829
ravdess,ridge_wav2vec2_base,GR,04,0.7944444444444444,0.4916883116883117,3,-0.0055555555555556095,0.24168831168831165,0.37222222222222223,0.3654003267973856,0.20904952026597334
ravdess,ridge_wav2vec2_base,GR,05,0.8555555555555555,0.36642871952844996,3,0.055555555555555504,0.10180883648751433,0.5111111111111111,0.22280701754385965,0.05591779866965613
ravdess,ridge_wav2vec2_base,GR,06,0.8444444444444444,0.34631003916718206,3,0.0444444444444444,0.06568138419642178,0.6388888888888888,0.30861195542046604,0.1294617335550124
ravdess,ridge_wav2vec2_base,GR,07,0.7853107344632768,0.3883046848668689,3,-0.014689265536723228,0.13976667317096247,0.4519774011299435,0.26471861471861474,0.10410993527510227
ravdess,ridge_wav2vec2_base,GR,08,0.8611111111111112,0.22546878639645937,3,0.06111111111111108,-0.08447273407137694,0.4611111111111111,0.06374269005847953,-0.11675433315377548
ravdess,ridge_wav2vec2_base,GR,09,0.8666666666666667,0.7257687293919178,3,0.06666666666666665,0.47869270600010494,0.6555555555555556,0.7156983087834151,0.556250674847223
ravdess,ridge_wav2vec2_base,GR,10,0.6555555555555556,0.5867505255079911,3,-0.1444444444444445,0.3279785956834297,0.15555555555555556,0.498015873015873,0.3347529597529597
ravdess,ridge_wav2vec2_base,GR,11,0.7388888888888889,0.49647639182522907,3,-0.06111111111111115,0.19932726901821143,0.3666666666666667,0.32177728340131007,0.1460353546473331
ravdess,ridge_wav2vec2_base,GR,12,0.7722222222222223,0.39461055740125506,3,-0.02777777777777783,0.16946435857084574,0.4777777777777778,0.2975539206439037,0.1531492035550072
ravdess,ridge_wav2vec2_base,GR,13,0.8333333333333334,0.5601204335608189,3,0.03333333333333329,0.28672862069532185,0.5388888888888889,0.48039923039923044,0.30953621319331853
ravdess,ridge_wav2vec2_base,GR,14,0.7833333333333332,0.4040146361574933,3,-0.01666666666666672,0.17448247241480322,0.5055555555555555,0.29935483870967744,0.15139016179148124
ravdess,ridge_wav2vec2_base,GR,15,0.6388888888888888,0.46873594242015293,3,-0.16111111111111118,0.2070400359874044,0.2888888888888889,0.4458333333333333,0.27734464902186423
ravdess,ridge_wav2vec2_base,GR,16,0.7999999999999999,0.3896658896658897,3,-3.700743415417188e-17,0.17965126978284873,0.6333333333333333,0.34181347339242074,0.19662597519945813
ravdess,ridge_wav2vec2_base,GR,17,0.7833333333333333,0.5515447154471546,3,-0.01666666666666668,0.2766909142775638,0.35000000000000003,0.39887914230019494,0.2370212274302319
ravdess,ridge_wav2vec2_base,GR,18,0.8833333333333333,0.3209562973713917,3,0.0833333333333333,0.07249138509068993,0.6722222222222222,0.2807893040567235,0.1151465392578405
ravdess,ridge_wav2vec2_base,GR,19,0.8777777777777778,0.5379999085881438,3,0.07777777777777772,0.3059823647284947,0.6222222222222222,0.456273346517249,0.3011711366051957
ravdess,ridge_wav2vec2_base,GR,20,0.8277777777777778,0.46312925170068026,3,0.027777777777777752,0.21897720491705452,0.561111111111111,0.4104239256678281,0.25451289809968475
ravdess,ridge_wav2vec2_base,GR,21,0.8611111111111112,0.38011619462599855,3,0.06111111111111108,0.08742613614646638,0.5222222222222223,0.2561431623931624,0.06980194554347095
ravdess,ridge_wav2vec2_base,GR,22,0.7555555555555555,0.21455641688199825,3,-0.044444444444444474,-0.09246112697765085,0.2611111111111111,0.07185185185185185,-0.10645665696513155
ravdess,ridge_wav2vec2_base,GR,23,0.6944444444444445,0.46260235390670174,3,-0.10555555555555558,0.1844590790529006,0.2888888888888889,0.2899251805985552,0.11665851952701607
ravdess,ridge_wav2vec2_base,GR,24,0.8111111111111112,0.4095964881679168,3,0.011111111111111072,0.15718420746616238,0.65,0.36579161579161584,0.1988668228182577
ravdess,ridge_wav2vec2_base,GG,01,0.7388888888888888,0.47662030640754044,3,-0.060888145670754436,-0.029673277971817975,0.03333333333333333,nan,nan
ravdess,ridge_wav2vec2_base,GG,02,0.8222222222222223,0.264173263413385,3,0.022891118543292437,-0.16957847996178932,0.16666666666666666,nan,nan
ravdess,ridge_wav2vec2_base,GG,03,0.7777777777777778,0.3,3,-0.0219992567818655,-0.11301720130172015,0.29444444444444445,nan,nan
ravdess,ridge_wav2vec2_base,GG,04,0.7444444444444445,0.4379376336823145,3,-0.055555555555555615,0.001826522571203415,0.19999999999999998,0.0804093567251462,-0.16214592537462344
ravdess,ridge_wav2vec2_base,GG,05,0.8833333333333333,0.39469862018881624,3,0.08355629877369004,-0.08103940863498661,0.2388888888888889,nan,nan
ravdess,ridge_wav2vec2_base,GG,06,0.9111111111111111,0.3480083857442348,3,0.11111111111111105,-0.14088050314465408,0.3444444444444445,0.285967785967786,0.03172536172536173
ravdess,ridge_wav2vec2_base,GG,07,0.7005649717514125,0.30138888888888893,3,-0.09943502824858759,-0.1791666666666667,0.11299435028248588,nan,nan
ravdess,ridge_wav2vec2_base,GG,08,0.861111111111111,0.24321971212727514,3,0.061334076551467796,-0.20177680112237617,0.2333333333333333,nan,nan
ravdess,ridge_wav2vec2_base,GG,09,0.9333333333333332,0.7608404792312838,3,0.1333333333333333,0.29417381256461717,0.26666666666666666,nan,nan
ravdess,ridge_wav2vec2_base,GG,10,0.7388888888888889,0.5510510510510511,3,-0.060888145670754366,0.04475746667169265,0.03888888888888889,nan,nan
ravdess,ridge_wav2vec2_base,GG,11,0.7055555555555556,0.4503171247357294,3,-0.09422147900408777,0.027542833708300296,0.15555555555555556,nan,nan
ravdess,ridge_wav2vec2_base,GG,12,0.7833333333333333,0.40582930756843805,3,-0.01666666666666668,-0.03167069243156201,0.10555555555555556,nan,nan
ravdess,ridge_wav2vec2_base,GG,13,0.8555555555555556,0.5122086570477248,3,0.05577852099591226,0.09919145574600462,0.25555555555555554,nan,nan
ravdess,ridge_wav2vec2_base,GG,14,0.7666666666666666,0.4924977083031794,3,-0.033110367892976646,0.10170272922368152,0.26666666666666666,0.18333333333333335,-0.03726088726088727
ravdess,ridge_wav2vec2_base,GG,15,0.7222222222222222,0.5547457725996116,3,-0.07777777777777779,0.05613466148850051,0.06666666666666667,nan,nan
ravdess,ridge_wav2vec2_base,GG,16,0.8222222222222223,0.48677804455115375,3,0.02244518766257893,0.02918855129220445,0.2333333333333333,0.20346320346320346,-0.04371174234187932
ravdess,ridge_wav2vec2_base,GG,17,0.75,0.6652504472271915,3,-0.04955406911928654,0.1959047940426261,0.03333333333333333,nan,nan
ravdess,ridge_wav2vec2_base,GG,18,0.8444444444444444,0.3422222222222222,3,0.04466740988480115,-0.09731171548117155,0.3277777777777778,nan,nan
ravdess,ridge_wav2vec2_base,GG,19,0.8611111111111112,0.49699080793420425,3,0.06133407655146783,0.035234648008588186,0.3666666666666667,0.34792108476319,0.09597922279878601
ravdess,ridge_wav2vec2_base,GG,20,0.8277777777777778,0.49756535947712416,3,0.027777777777777752,0.07256535947712418,0.3111111111111111,0.3265432098765432,0.08903206396845072
ravdess,ridge_wav2vec2_base,GG,21,0.8000000000000002,0.37369614512471655,3,-3.700743415417188e-17,-0.09158163265306123,0.3111111111111111,0.16041666666666668,-0.09452579899832696
ravdess,ridge_wav2vec2_base,GG,22,0.6944444444444443,0.24079822616407984,3,-0.10533259011519887,-0.2166982870855715,0.26111111111111107,0.030303030303030304,-0.2281340140250606
ravdess,ridge_wav2vec2_base,GG,23,0.6444444444444445,0.511109161109161,3,-0.15533259011519884,0.10503640425188543,0.14444444444444443,0.19393939393939394,-0.035144268617390985
ravdess,ridge_wav2vec2_base,GG,24,0.8833333333333333,0.39888682745825604,3,0.08355629877369002,-0.06703599913402662,0.3,0.22698412698412698,-0.02611674474688172
ravdess,ridge_wavlm_base_plus,GR,01,0.8055555555555557,0.5095015784091413,3,0.0055555555555554985,0.2331857889354572,0.4444444444444445,0.5,0.3262439384355893
ravdess,ridge_wavlm_base_plus,GR,02,0.7833333333333333,0.22131946068116282,3,-0.01666666666666672,-0.07692615335392491,0.4611111111111111,0.10666666666666667,-0.07479132288228822
ravdess,ridge_wavlm_base_plus,GR,03,0.85,0.36563659087243994,3,0.04999999999999997,0.07470091835782006,0.5055555555555556,0.1774753648816617,-0.0004553550195966853
ravdess,ridge_wavlm_base_plus,GR,04,0.7555555555555555,0.3952718211030231,3,-0.044444444444444474,0.13503790297436816,0.35000000000000003,0.2403394106180484,0.08021771367751347
ravdess,ridge_wavlm_base_plus,GR,05,0.8222222222222223,0.5193327330932372,3,0.02222222222222218,0.25617483835639515,0.5944444444444444,0.49579124579124584,0.32878945975734547
ravdess,ridge_wavlm_base_plus,GR,06,0.8833333333333333,0.33205128205128204,3,0.0833333333333333,0.05193432298695457,0.7166666666666667,0.2860246988153965,0.11371295180306377
ravdess,ridge_wavlm_base_plus,GR,07,0.6779661016949152,0.38930976430976433,3,-0.12203389830508478,0.11591795144426724,0.3107344632768362,0.14477124183006537,-0.02649898800809593
ravdess,ridge_wavlm_base_plus,GR,08,0.8833333333333333,0.35729847494553374,3,0.0833333333333333,0.07074876734319457,0.6055555555555555,0.26236044657097285,0.08982364811831094
ravdess,ridge_wavlm_base_plus,GR,09,0.8722222222222222,0.6941391941391942,3,0.07222222222222219,0.43536726431463274,0.6055555555555556,0.6580031556802244,0.49570250995131193
ravdess,ridge_wavlm_base_plus,GR,10,0.7722222222222221,0.3532264130668386,3,-0.02777777777777783,0.07691062359315437,0.4222222222222222,0.26014705257342,0.08639099100900932
ravdess,ridge_wavlm_base_plus,GR,11,0.7277777777777777,0.3783718251803358,3,-0.07222222222222226,0.0986934626072364,0.37777777777777777,0.2812654320987654,0.11413445664656903
ravdess,ridge_wavlm_base_plus,GR,12,0.7166666666666667,0.2504475474400287,3,-0.08333333333333341,0.007757488960496457,0.36111111111111116,0.15935262994086521,0.0068560499135054504
ravdess,ridge_wavlm_base_plus,GR,13,0.7333333333333334,0.5067222613734241,3,-0.06666666666666672,0.21578658885880428,0.31666666666666665,0.38191438191438193,0.20398366201312346
ravdess,ridge_wavlm_base_plus,GR,14,0.75,0.3671985815602837,3,-0.050000000000000044,0.09234478039069305,0.42777777777777776,0.28040935672514616,0.11781678461877354
ravdess,ridge_wavlm_base_plus,GR,15,0.8055555555555557,0.5377492877492878,3,0.005555555555555536,0.2365796971060129,0.5166666666666667,0.4808404558404558,0.2994218555763547
ravdess,ridge_wavlm_base_plus,GR,16,0.7277777777777777,0.31786916786916786,3,-0.0722222222222223,0.04023758892179943,0.36111111111111116,0.18445378151260505,0.019227444064045373
ravdess,ridge_wavlm_base_plus,GR,17,0.7833333333333333,0.6245801033591731,3,-0.01666666666666668,0.36142220862233104,0.38888888888888884,0.5034384768400114,0.33630750138781496
ravdess,ridge_wavlm_base_plus,GR,18,0.9111111111111111,0.39987372344207833,3,0.11111111111111105,0.0963649515122537,0.5833333333333334,0.3323464912280702,0.1545687134502924
ravdess,ridge_wavlm_base_plus,GR,19,0.8333333333333334,0.4754482018250134,3,0.033333333333333326,0.18992188603553975,0.6166666666666667,0.41210846189808326,0.2403762916213672
ravdess,ridge_wavlm_base_plus,GR,20,0.8166666666666668,0.5302287581699346,3,0.016666666666666646,0.2729188166494668,0.5111111111111111,0.5134952766531714,0.35760460173038217
ravdess,ridge_wavlm_base_plus,GR,21,0.8833333333333333,0.442243417298443,3,0.0833333333333333,0.15145394361423245,0.5277777777777778,0.38294527949700363,0.2084142385719613
ravdess,ridge_wavlm_base_plus,GR,22,0.6666666666666666,0.3347535505430243,3,-0.13333333333333341,0.040893901420217225,0.31666666666666665,0.2133378317588844,0.035657762785325745
ravdess,ridge_wavlm_base_plus,GR,23,0.7833333333333333,0.5153246168443737,3,-0.01666666666666672,0.2151784180139643,0.39444444444444443,0.39072463768115945,0.21278993244593003
ravdess,ridge_wavlm_base_plus,GR,24,0.8166666666666668,0.3877182214948172,3,0.016666666666666646,0.10862465424335525,0.5499999999999999,0.3062547673531655,0.134659866218969
ravdess,ridge_wavlm_base_plus,GG,01,0.7444444444444445,0.5403164774681802,3,-0.055332590115198865,0.07436459462299198,0.0,nan,nan
ravdess,ridge_wavlm_base_plus,GG,02,0.7444444444444445,0.25948375391720274,3,-0.05488665923448536,-0.15334748736592144,0.20555555555555557,0.057971014492753624,-0.17285335826710302
ravdess,ridge_wavlm_base_plus,GG,03,0.8388888888888889,0.3170351473922903,3,0.03911185432924561,-0.07927470848869535,0.32222222222222224,nan,nan
ravdess,ridge_wavlm_base_plus,GG,04,0.7944444444444446,0.34889825495415555,3,-0.005555555555555573,-0.08165730060139997,0.11666666666666665,nan,nan
ravdess,ridge_wavlm_base_plus,GG,05,0.7611111111111111,0.4599974721941355,3,-0.03866592344853215,0.04682336712672497,0.13888888888888887,0.3111111111111111,0.08130561461532403
ravdess,ridge_wavlm_base_plus,GG,06,0.8888888888888888,0.31164021164021166,3,0.08888888888888886,-0.13974867724867726,0.26111111111111107,0.10606060606060606,-0.054186545279467764
ravdess,ridge_wavlm_base_plus,GG,07,0.7514124293785311,0.36477027443724946,3,-0.04858757062146898,-0.0657852811183061,0.14689265536723164,nan,nan
ravdess,ridge_wavlm_base_plus,GG,08,0.9055555555555556,0.39326599326599326,3,0.10577852099591227,-0.04202573151317921,0.2333333333333333,0.2536231884057971,0.09875238115174478
ravdess,ridge_wavlm_base_plus,GG,09,0.9055555555555556,0.7178571428571429,3,0.10555555555555551,0.2998015873015873,0.4166666666666667,0.668083735909823,0.438069790410987
ravdess,ridge_wavlm_base_plus,GG,10,0.7111111111111111,0.36653761775712995,3,-0.08866592344853219,-0.09941426508805834,0.011111111111111112,nan,nan
ravdess,ridge_wavlm_base_plus,GG,11,0.7000000000000001,0.3962842712842713,3,-0.09977703455964333,-0.03067412016156786,0.1722222222222222,0.37121212121212127,0.13705301396998912
ravdess,ridge_wavlm_base_plus,GG,12,0.7277777777777777,0.35852713178294576,3,-0.0722222222222223,-0.09980620155038761,0.1111111111111111,nan,nan
ravdess,ridge_wavlm_base_plus,GG,13,0.7333333333333333,0.45076832151300233,3,-0.06644370122630998,0.05445846563201676,0.19444444444444442,nan,nan
ravdess,ridge_wavlm_base_plus,GG,14,0.8000000000000002,0.4229106280193237,3,0.00022296544035675195,0.029378549916115843,0.31666666666666665,0.17663817663817663,-0.044368928706278114
ravdess,ridge_wavlm_base_plus,GG,15,0.8166666666666668,0.6063673696428925,3,0.016666666666666607,0.17581181408733704,0.1111111111111111,nan,nan
ravdess,ridge_wavlm_base_plus,GG,16,0.7888888888888889,0.4547761326583692,3,-0.010888145670754393,-0.008374727406716817,0.19999999999999998,0.16157916157916158,-0.0880738035015735
ravdess,ridge_wavlm_base_plus,GG,17,0.75,0.5449539667856041,3,-0.04955406911928654,0.09232147027235448,0.10555555555555556,0.25,0.003875080792055933
ravdess,ridge_wavlm_base_plus,GG,18,0.8888888888888888,0.49870954671176654,3,0.08911185432924558,0.0688920199800138,0.14444444444444446,nan,nan
ravdess,ridge_wavlm_base_plus,GG,19,0.9,0.4116809116809117,3,0.10022296544035673,-0.008414392828618777,0.3555555555555556,0.2986111111111111,0.06360785698789889
ravdess,ridge_wavlm_base_plus,GG,20,0.8166666666666668,0.5723039215686274,3,0.016666666666666646,0.16674836601307189,0.21666666666666665,0.6079545454545454,0.38498665579636526
ravdess,ridge_wavlm_base_plus,GG,21,0.8777777777777779,0.493021978021978,3,0.07777777777777777,0.07774420024420024,0.15555555555555556,0.337037037037037,0.11084134784324538
ravdess,ridge_wavlm_base_plus,GG,22,0.6722222222222222,0.29844322344322344,3,-0.12755481233742108,-0.10351516800261569,0.11666666666666665,0.1037037037037037,-0.11595014023856527
ravdess,ridge_wavlm_base_plus,GG,23,0.7999999999999999,0.5554609929078015,3,0.00022296544035671495,0.1549844703601492,0.20000000000000004,nan,nan
ravdess,ridge_wavlm_base_plus,GG,24,0.8444444444444444,0.3917145200984413,3,0.04466740988480115,-0.061714117744422446,0.2833333333333333,0.2767113863089095,0.029507713229705274
ravdess,wavlm_ft,GR,01,0.6333333333333333,0.2894736842105263,1,-0.16666666666666674,0.14912280701754388,0.45,0.14814814814814814,0.04398148148148147
ravdess,wavlm_ft,GR,02,0.8333333333333334,0.26,1,0.033333333333333326,0.11964912280701756,0.7666666666666667,0.2391304347826087,0.13496376811594202
ravdess,wavlm_ft,GR,03,0.7166666666666667,0.18604651162790697,1,-0.08333333333333337,0.014993880048959601,0.5666666666666667,0.17647058823529413,0.061820906706631706
ravdess,wavlm_ft,GR,04,0.7333333333333333,0.25,1,-0.06666666666666676,0.14035087719298245,0.55,0.15151515151515152,0.06433566433566434
ravdess,wavlm_ft,GR,05,0.7166666666666667,0.3023255813953488,1,-0.08333333333333337,0.16197470420236637,0.5666666666666667,0.29411764705882354,0.18995098039215685
ravdess,wavlm_ft,GR,06,0.8333333333333334,0.2,1,0.033333333333333326,0.02894736842105264,0.48333333333333334,0.1724137931034483,0.057764111574785865
ravdess,wavlm_ft,GR,07,0.8135593220338984,0.20833333333333334,1,0.013559322033898313,0.006578947368421073,0.7288135593220338,0.20930232558139536,0.07743419371326349
ravdess,wavlm_ft,GR,08,0.7333333333333333,0.11363636363636363,1,-0.06666666666666676,-0.05741626794258374,0.5333333333333333,0.03125,-0.08339968152866242
ravdess,wavlm_ft,GR,09,0.75,0.4444444444444444,1,-0.050000000000000044,0.24269005847953215,0.6666666666666666,0.425,0.2931318681318681
ravdess,wavlm_ft,GR,10,0.6666666666666666,0.275,1,-0.13333333333333341,0.13464912280701757,0.5333333333333333,0.1875,0.08333333333333333
ravdess,wavlm_ft,GR,11,0.75,0.17777777777777778,1,-0.050000000000000044,0.02361111111111111,0.6833333333333333,0.17073170731707318,0.054789678331565936
ravdess,wavlm_ft,GR,12,0.8166666666666667,0.1836734693877551,1,0.016666666666666607,0.07402434658073757,0.6,0.16666666666666666,0.07948717948717948
ravdess,wavlm_ft,GR,13,0.65,0.5641025641025641,1,-0.15000000000000002,0.39304993252361675,0.35,0.42857142857142855,0.3139217470427661
ravdess,wavlm_ft,GR,14,0.7833333333333333,0.1702127659574468,1,-0.01666666666666672,0.06056364315042927,0.7333333333333333,0.13636363636363635,0.04918414918414918
ravdess,wavlm_ft,GR,15,0.7833333333333333,0.2127659574468085,1,-0.01666666666666672,0.011011571481896243,0.55,0.09090909090909091,-0.04095904095904096
ravdess,wavlm_ft,GR,16,0.8333333333333334,0.18,1,0.033333333333333326,0.07035087719298246,0.65,0.07692307692307693,-0.010256410256410248
ravdess,wavlm_ft,GR,17,0.7666666666666667,0.32608695652173914,1,-0.033333333333333326,0.1857360793287567,0.6333333333333333,0.2631578947368421,0.1589912280701754
ravdess,wavlm_ft,GR,18,0.8166666666666667,0.22448979591836735,1,0.016666666666666607,0.07032312925170067,0.6666666666666666,0.175,0.05905797101449274
ravdess,wavlm_ft,GR,19,0.8166666666666667,0.2857142857142857,1,0.016666666666666607,0.08395989974937343,0.65,0.23076923076923078,0.09890109890109891
ravdess,wavlm_ft,GR,20,0.8166666666666667,0.3673469387755102,1,0.016666666666666607,0.25769781596849267,0.6666666666666666,0.35,0.2628205128205128
ravdess,wavlm_ft,GR,21,0.7833333333333333,0.2553191489361702,1,-0.01666666666666672,0.10115248226950352,0.5833333333333334,0.14285714285714285,0.0269151138716356
ravdess,wavlm_ft,GR,22,0.75,0.26666666666666666,1,-0.050000000000000044,0.0649122807017544,0.6166666666666667,0.24324324324324326,0.11137511137511139
ravdess,wavlm_ft,GR,23,0.7666666666666667,0.3695652173913043,1,-0.033333333333333326,0.21539855072463765,0.55,0.36363636363636365,0.24769433465085638
ravdess,wavlm_ft,GR,24,0.7333333333333333,0.3181818181818182,1,-0.06666666666666676,0.1471291866028708,0.55,0.2727272727272727,0.15807759119861028
ravdess,wavlm_ft,GG,01,0.7833333333333333,0.2553191489361702,1,-0.015997770345596463,-0.016647378260482515,0.43333333333333335,0.19230769230769232,0.026840066408411745
ravdess,wavlm_ft,GG,02,0.8833333333333333,0.2641509433962264,1,0.08400222965440352,-0.007815583800426296,0.6666666666666666,0.175,0.009532374100719415
ravdess,wavlm_ft,GG,03,0.7833333333333333,0.3404255319148936,1,-0.01666666666666672,-0.005407801418439717,0.4166666666666667,0.16,-0.034444444444444444
ravdess,wavlm_ft,GG,04,0.7333333333333333,0.22727272727272727,1,-0.06666666666666676,-0.06439393939393942,0.5333333333333333,0.15625,-0.02708333333333332
ravdess,wavlm_ft,GG,05,0.85,0.4117647058823529,1,0.05066889632107019,0.13979817868570021,0.4666666666666667,0.2857142857142857,0.12024665981500512
ravdess,wavlm_ft,GG,06,0.7833333333333333,0.2127659574468085,1,-0.01666666666666672,-0.1330673758865248,0.5166666666666667,0.12903225806451613,-0.06541218637992832
ravdess,wavlm_ft,GG,07,0.8813559322033898,0.4423076923076923,1,0.08135593220338977,0.025641025641025605,0.4406779661016949,0.23076923076923078,-0.0007122507122507005
ravdess,wavlm_ft,GG,08,0.85,0.21568627450980393,1,0.04999999999999993,-0.1301470588235294,0.48333333333333334,0.10344827586206896,-0.09099616858237548
ravdess,wavlm_ft,GG,09,0.85,0.47058823529411764,1,0.04999999999999993,0.053921568627450955,0.43333333333333335,0.4230769230769231,0.1915954415954416
ravdess,wavlm_ft,GG,10,0.7166666666666667,0.2558139534883721,1,-0.08266443701226311,-0.016152573708280604,0.38333333333333336,0.08695652173913043,-0.07851110416015014
ravdess,wavlm_ft,GG,11,0.85,0.35294117647058826,1,0.04999999999999993,0.04877450980392162,0.3333333333333333,0.2,0.03146067415730339
ravdess,wavlm_ft,GG,12,0.9166666666666666,0.3090909090909091,1,0.11666666666666659,0.017424242424242398,0.7333333333333333,0.25,0.06666666666666668
ravdess,wavlm_ft,GG,13,0.7166666666666667,0.5348837209302325,1,-0.08333333333333337,0.18905038759689918,0.31666666666666665,0.2631578947368421,0.06871345029239764
ravdess,wavlm_ft,GG,14,0.8833333333333333,0.20754716981132076,1,0.08333333333333326,-0.08411949685534592,0.8166666666666667,0.22448979591836735,0.041156462585034026
ravdess,wavlm_ft,GG,15,0.8333333333333334,0.38,1,0.033333333333333326,-0.03666666666666668,0.4166666666666667,0.12,-0.11148148148148149
ravdess,wavlm_ft,GG,16,0.8333333333333334,0.08,1,0.033333333333333326,-0.21166666666666667,0.6333333333333333,0.07894736842105263,-0.1043859649122807
ravdess,wavlm_ft,GG,17,0.9333333333333333,0.3392857142857143,1,0.13400222965440356,0.0673191870890616,0.5,0.3333333333333333,0.16786570743405274
ravdess,wavlm_ft,GG,18,0.8833333333333333,0.24528301886792453,1,0.08333333333333326,-0.05888364779874211,0.4,0.0,-0.16853932584269662
ravdess,wavlm_ft,GG,19,0.8333333333333334,0.34,1,0.033333333333333326,-0.07666666666666666,0.4666666666666667,0.10714285714285714,-0.12433862433862435
ravdess,wavlm_ft,GG,20,0.8833333333333333,0.37735849056603776,1,0.08333333333333326,0.08569182389937108,0.7666666666666667,0.41304347826086957,0.22971014492753625
ravdess,wavlm_ft,GG,21,0.8,0.375,1,0.0,0.07083333333333336,0.26666666666666666,0.375,0.20646067415730338
ravdess,wavlm_ft,GG,22,0.7166666666666667,0.27906976744186046,1,-0.08333333333333337,-0.13759689922480622,0.25,0.2,-0.03148148148148147
ravdess,wavlm_ft,GG,23,0.7833333333333333,0.46808510638297873,1,-0.01666666666666672,0.1639184397163121,0.16666666666666666,0.1,-0.06853932584269662
ravdess,wavlm_ft,GG,24,0.8333333333333334,0.38,1,0.033333333333333326,0.03416666666666668,0.5333333333333333,0.3125,0.11805555555555555
subesco_980,cnn,GR,F01,0.7823129251700681,0.4080071974808817,3,-0.018707482993197244,-0.06757666663801427,0.14285714285714288,0.2490842490842491,0.0037214558491154293
subesco_980,cnn,GR,F02,0.8503401360544217,0.39151901070505724,3,0.049319727891156497,-0.06707971540959247,0.4217687074829932,0.286258633007859,0.044822873426938144
subesco_980,cnn,GR,F03,0.8299319727891156,0.6419948376470116,3,0.02891156462585039,0.15579526227546167,0.11564625850340136,0.12820512820512822,-0.12828544371321368
subesco_980,cnn,GR,F04,0.7551020408163266,0.3253119429590018,3,-0.045918367346938736,-0.1906116239199791,0.1360544217687075,0.35185185185185186,0.09629629629629628
subesco_980,cnn,GR,F05,0.7551020408163266,0.5860625331213566,3,-0.045918367346938736,0.1083555267519299,0.18367346938775508,0.17424242424242423,-0.07112036899270942
subesco_980,cnn,GR,F06,0.9387755102040817,0.3985130366258951,3,0.1377551020408164,-0.09405596549724717,0.108843537414966,0.16666666666666666,-0.08872957138452049
subesco_980,cnn,GR,F07,0.7959183673469387,0.5141118562171193,3,-0.005102040816326518,0.030035423096100262,0.14285714285714285,0.273015873015873,0.025889436234263808
subesco_980,cnn,GR,F08,0.7551020408163266,0.5597111817700053,3,-0.045918367346938736,0.09474302890376325,0.1360544217687075,nan,nan
subesco_980,cnn,GR,F09,0.7006802721088435,0.5328042328042327,3,-0.10034013605442171,0.055097226434806044,0.09523809523809523,nan,nan
subesco_980,cnn,GR,F10,0.7210884353741497,0.5849673202614379,3,-0.07993197278911557,0.09239831813829569,0.14285714285714288,0.06944444444444443,-0.18055555555555558
subesco_980,cnn,GR,M01,0.8979591836734694,0.6954399440792315,3,0.09693877551020409,0.22622550671192795,0.3401360544217687,0.6193582246213826,0.3781078562158417
subesco_980,cnn,GR,M02,0.8775510204081632,0.4728682170542636,3,0.07653061224489803,-0.017577642818347894,0.14285714285714285,0.15,-0.09914529914529914
subesco_980,cnn,GR,M03,0.8163265306122449,0.5087719298245613,3,0.015306122448979664,0.06291205721309641,0.06122448979591836,0.4666666666666666,0.23227424749163883
subesco_980,cnn,GR,M04,0.7074829931972788,0.5671377233877234,3,-0.09353741496598637,0.06182986776139643,0.10204081632653061,nan,nan
subesco_980,cnn,GR,M05,0.7687074829931971,0.5409035409035409,3,-0.03231292517006797,0.07168910353623725,0.14285714285714288,nan,nan
subesco_980,cnn,GR,M06,0.8435374149659864,0.5586193745232647,3,0.042517006802721156,0.09789750615808422,0.19047619047619047,0.34401709401709407,0.09680416202155334
subesco_980,cnn,GR,M07,0.836734693877551,0.5328478584292538,3,0.035714285714285775,0.027540002802926827,0.17006802721088432,0.37896825396825395,0.11934181718664476
subesco_980,cnn,GR,M08,0.6326530612244898,0.6353535353535352,3,-0.16836734693877545,0.183124235990478,0.19727891156462585,0.6649572649572649,0.4172008547008547
subesco_980,cnn,GR,M09,0.8163265306122449,0.5171914074353099,3,0.015306122448979628,0.020376120811106086,0.08163265306122448,nan,nan
subesco_980,cnn,GR,M10,0.8299319727891157,0.4603174603174603,3,0.028911564625850355,0.0187038722070569,0.3877551020408163,0.4235294117647059,0.18487142996156278
subesco_980,cnn,GG,F01,0.7823129251700681,0.5060929350403035,3,-0.018707482993197244,-0.04380090784716998,0.0,nan,nan
subesco_980,cnn,GG,F02,0.8571428571428571,0.5165242165242164,3,0.05612244897959188,0.01970892990001268,0.12244897959183675,nan,nan
subesco_980,cnn,GG,F03,0.8163265306122449,0.6750000000000002,3,0.015306122448979664,0.12722929936305738,0.04081632653061224,nan,nan
subesco_980,cnn,GG,F04,0.7551020408163266,0.376813326956799,3,-0.045918367346938695,-0.17520365818120523,0.14965986394557826,nan,nan
subesco_980,cnn,GG,F05,0.7551020408163266,0.5855855855855856,3,-0.04591836734693877,0.04843059620129686,0.09523809523809523,nan,nan
subesco_980,cnn,GG,F06,0.9387755102040817,0.38364624505928857,3,0.1377551020408164,-0.12378475281756919,0.16326530612244897,0.16666666666666666,-0.1043859649122807
subesco_980,cnn,GG,F07,0.8095238095238096,0.498063756953359,3,0.008503401360544283,-0.04970694368358364,0.14285714285714288,0.3572649572649573,0.09575702075702075
subesco_980,cnn,GG,F08,0.8095238095238096,0.5545650301464254,3,0.008503401360544283,0.07685802377699875,0.19047619047619047,nan,nan
subesco_980,cnn,GG,F09,0.7346938775510203,0.517921146953405,3,-0.06632653061224485,-0.006494988927699026,0.006802721088435374,nan,nan
subesco_980,cnn,GG,F10,0.8707482993197279,0.6835594676944711,3,0.0697278911564626,0.1379119093080593,0.054421768707483,nan,nan
subesco_980,cnn,GG,M01,0.9115646258503401,0.7164031620553359,3,0.1105442176870749,0.1983564529258243,0.19727891156462585,nan,nan
subesco_980,cnn,GG,M02,0.7823129251700679,0.5467276261789906,3,-0.018707482993197244,-0.049875346220160134,0.0,nan,nan
subesco_980,cnn,GG,M03,0.8027210884353742,0.575046904315197,3,0.001700680272108901,0.07186219093940083,0.09523809523809523,nan,nan
subesco_980,cnn,GG,M04,0.7074829931972789,0.6271929824561403,3,-0.09353741496598633,0.09853056207397475,0.14965986394557826,nan,nan
subesco_980,cnn,GG,M05,0.7755102040816326,0.5764972289362533,3,-0.025510204081632588,0.09029765356470343,0.12244897959183675,0.6666666666666666,0.394980443285528
subesco_980,cnn,GG,M06,0.891156462585034,0.6309724429036866,3,0.09013605442176875,0.11080259152364413,0.14285714285714285,nan,nan
subesco_980,cnn,GG,M07,0.7619047619047619,0.5190058479532164,3,-0.039115646258503355,-0.03513427943531864,0.08163265306122448,nan,nan
subesco_980,cnn,GG,M08,0.8163265306122449,0.7002567394094994,3,0.015306122448979664,0.20556459503582633,0.11564625850340136,nan,nan
subesco_980,cnn,GG,M09,0.8571428571428571,0.6273504273504273,3,0.05612244897959188,0.09656486471773096,0.28571428571428575,0.3118580765639589,0.04137578108166343
subesco_980,cnn,GG,M10,0.7959183673469387,0.46998371998371996,3,-0.005102040816326481,-0.01621585538782992,0.21768707482993196,0.4527777777777778,0.1836556569607417
subesco_980,ridge_hubert_base,GR,F01,0.7891156462585034,0.41203703703703703,3,-0.011904761904761826,-0.1399799481009672,0.06122448979591837,nan,nan
subesco_980,ridge_hubert_base,GR,F02,0.8435374149659864,0.5930735930735931,3,0.042517006802721115,0.03681032343452728,0.05442176870748299,0.2333333333333333,-0.0312169312169312
subesco_980,ridge_hubert_base,GR,F03,0.8231292517006802,0.5965730176256492,3,0.022108843537415008,0.04455603248764495,0.1020408163265306,0.373015873015873,0.1069295101553166
subesco_980,ridge_hubert_base,GR,F04,0.8639455782312925,0.5583241048357328,3,0.06292517006802723,0.010553404198790103,0.047619047619047616,0.4166666666666667,0.12976190476190474
subesco_980,ridge_hubert_base,GR,F05,0.7687074829931974,0.5227513227513227,3,-0.03231292517006797,-0.03775823138880461,0.05442176870748299,nan,nan
subesco_980,ridge_hubert_base,GR,F06,0.8435374149659864,0.6128532713898568,3,0.042517006802721156,0.07357513975503722,0.17687074829931973,0.4074675324675325,0.1301377833635898
subesco_980,ridge_hubert_base,GR,F07,0.8503401360544217,0.49651567944250874,3,0.049319727891156497,-0.06611701694814943,0.13605442176870747,0.21527777777777776,-0.08564814814814815
subesco_980,ridge_hubert_base,GR,F08,0.8231292517006802,0.5767094017094018,3,0.022108843537415008,0.06715526158201317,0.1292517006802721,0.3282051282051282,0.15267321331151118
subesco_980,ridge_hubert_base,GR,F09,0.7482993197278911,0.6471216227313789,3,-0.052721088435374076,0.09085835309231305,0.013605442176870748,nan,nan
subesco_980,ridge_hubert_base,GR,F10,0.8299319727891157,0.6237240829346092,3,0.02891156462585039,0.09718480480297446,0.108843537414966,nan,nan
subesco_980,ridge_hubert_base,GR,M01,0.8231292517006802,0.5764742014742015,3,0.022108843537415008,0.005348936081420175,0.16326530612244897,0.2833333333333333,-0.015476190476190468
subesco_980,ridge_hubert_base,GR,M02,0.8367346938775512,0.5528648857917151,3,0.035714285714285775,0.0008479006537108758,0.03401360544217687,nan,nan
subesco_980,ridge_hubert_base,GR,M03,0.8095238095238096,0.506954181372786,3,0.008503401360544246,-0.023831381259910356,0.21088435374149658,0.19775132275132276,-0.07759429936849292
subesco_980,ridge_hubert_base,GR,M04,0.836734693877551,0.7162674127178411,3,0.03571428571428573,0.19609756133779865,0.17006802721088435,nan,nan
subesco_980,ridge_hubert_base,GR,M05,0.7278911564625851,0.706045751633987,3,-0.07312925170068023,0.17526018900129056,0.08163265306122448,nan,nan
subesco_980,ridge_hubert_base,GR,M06,0.7959183673469387,0.5617309038361671,3,-0.005102040816326518,0.043684194706655334,0.10204081632653061,0.3194444444444444,0.0467443249701314
subesco_980,ridge_hubert_base,GR,M07,0.8843537414965986,0.6011042097998619,3,0.08333333333333337,0.02997894440708067,0.1768707482993197,0.49607843137254903,0.19726890756302526
subesco_980,ridge_hubert_base,GR,M08,0.7823129251700679,0.5750484496124031,3,-0.018707482993197244,0.059124882733422236,0.06802721088435375,0.3666666666666667,0.19074074074074074
subesco_980,ridge_hubert_base,GR,M09,0.836734693877551,0.5933146820539722,3,0.03571428571428573,0.03705141241490636,0.2653061224489796,0.2728174603174603,-0.027714454576156716
subesco_980,ridge_hubert_base,GR,M10,0.7959183673469387,0.6231106612685561,3,-0.005102040816326481,0.07321681838108259,0.11564625850340136,0.25,0.0806878306878307
subesco_980,ridge_hubert_base,GG,F01,0.8163265306122449,0.4497811131957474,3,0.015306122448979664,-0.1574375704560573,0.11564625850340136,nan,nan
subesco_980,ridge_hubert_base,GG,F02,0.8571428571428571,0.5734126984126985,3,0.05612244897959188,0.004410575270447896,0.04081632653061224,nan,nan
subesco_980,ridge_hubert_base,GG,F03,0.7823129251700681,0.5366524419155998,3,-0.018707482993197244,-0.10878280224575898,0.006802721088435374,nan,nan
subesco_980,ridge_hubert_base,GG,F04,0.7687074829931974,0.4006535947712418,3,-0.03231292517006797,-0.22355022688480908,0.10204081632653061,nan,nan
subesco_980,ridge_hubert_base,GG,F05,0.836734693877551,0.5868298368298368,3,0.035714285714285775,0.0008425756833400447,0.108843537414966,nan,nan
subesco_980,ridge_hubert_base,GG,F06,0.8299319727891157,0.5451374207188161,3,0.02891156462585039,-0.03660355592661916,0.09523809523809523,nan,nan
subesco_980,ridge_hubert_base,GG,F07,0.802721088435374,0.49209368487214267,3,0.0017006802721088639,-0.06416958476692315,0.12244897959183675,0.5777777777777778,0.373015873015873
subesco_980,ridge_hubert_base,GG,F08,0.7687074829931974,0.5121794871794871,3,-0.03231292517006797,-0.08442348521966354,0.02040816326530612,nan,nan
subesco_980,ridge_hubert_base,GG,F09,0.7482993197278912,0.7026537082988695,3,-0.052721088435374076,0.12728215840502674,0.034013605442176874,nan,nan
subesco_980,ridge_hubert_base,GG,F10,0.7687074829931971,0.602181128496918,3,-0.03231292517006801,0.016193867350421203,0.108843537414966,0.6,0.2966903073286052
subesco_980,ridge_hubert_base,GG,M01,0.8503401360544217,0.4685185185185185,3,0.04931972789115654,-0.06863647086577022,0.047619047619047616,nan,nan
subesco_980,ridge_hubert_base,GG,M02,0.8503401360544217,0.5225885225885226,3,0.049319727891156497,-0.12496986382336696,0.08843537414965986,nan,nan
subesco_980,ridge_hubert_base,GG,M03,0.8231292517006802,0.6038673920573793,3,0.022108843537415008,0.009387561908759298,0.054421768707483,0.1111111111111111,-0.17105263157894735
subesco_980,ridge_hubert_base,GG,M04,0.7891156462585034,0.7538788832546482,3,-0.011904761904761862,0.15302962635443595,0.06802721088435375,nan,nan
subesco_980,ridge_hubert_base,GG,M05,0.7346938775510203,0.6732127288578903,3,-0.06632653061224485,0.0935948944629857,0.04081632653061224,nan,nan
subesco_980,ridge_hubert_base,GG,M06,0.7482993197278912,0.5763096222773642,3,-0.052721088435374076,-0.02666277687337885,0.047619047619047616,nan,nan
subesco_980,ridge_hubert_base,GG,M07,0.8299319727891156,0.6560201316298877,3,0.02891156462585039,0.05092459022861388,0.006802721088435374,nan,nan
subesco_980,ridge_hubert_base,GG,M08,0.7755102040816326,0.5183507549361207,3,-0.025510204081632588,-0.06339022170931445,0.06122448979591836,nan,nan
subesco_980,ridge_hubert_base,GG,M09,0.7959183673469389,0.5268284347231716,3,-0.005102040816326481,-0.04429683066960973,0.11564625850340136,nan,nan
subesco_980,ridge_hubert_base,GG,M10,0.870748299319728,0.6578010065814944,3,0.06972789115646265,0.10153773694242858,0.04081632653061224,nan,nan
subesco_980,ridge_wav2vec2_base,GR,F01,0.8503401360544217,0.49492785875894807,3,0.049319727891156497,-0.00401057011578652,0.11564625850340136,nan,nan
subesco_980,ridge_wav2vec2_base,GR,F02,0.891156462585034,0.5273691282187438,3,0.09013605442176875,0.09000182460940198,0.1496598639455782,0.3958333333333333,0.17602265043948614
subesco_980,ridge_wav2vec2_base,GR,F03,0.7210884353741497,0.5158005673623988,3,-0.07993197278911561,0.06569441024987221,0.17687074829931973,0.15555555555555556,-0.07906699803251528
subesco_980,ridge_wav2vec2_base,GR,F04,0.7687074829931974,0.5381962211230503,3,-0.03231292517006797,0.04987350350096972,0.2585034013605442,0.3310948310948311,0.06837106837106838
subesco_980,ridge_wav2vec2_base,GR,F05,0.7551020408163266,0.47414846697486585,3,-0.045918367346938695,-0.04177509990411504,0.08843537414965986,nan,nan
subesco_980,ridge_wav2vec2_base,GR,F06,0.8299319727891157,0.38455284552845526,3,0.028911564625850428,-0.13986329035264874,0.1360544217687075,0.24572649572649571,0.015928515928515935
subesco_980,ridge_wav2vec2_base,GR,F07,0.836734693877551,0.5543345543345543,3,0.03571428571428573,0.010810138198673233,0.2108843537414966,0.3761904761904762,0.08124477861319968
subesco_980,ridge_wav2vec2_base,GR,F08,0.8231292517006802,0.5349145220775516,3,0.022108843537415008,0.09967036071874057,0.2380952380952381,0.45098039215686275,0.20880306331286724
subesco_980,ridge_wav2vec2_base,GR,F09,0.7210884353741497,0.6748937337172632,3,-0.07993197278911561,0.1780784470930593,0.04081632653061224,nan,nan
subesco_980,ridge_wav2vec2_base,GR,F10,0.8503401360544217,0.6453985291194594,3,0.049319727891156497,0.1379675312426016,0.272108843537415,0.5392156862745098,0.27052881758764113
subesco_980,ridge_wav2vec2_base,GR,M01,0.7619047619047619,0.6291627762215998,3,-0.039115646258503355,0.1259780628458036,0.1292517006802721,0.6309523809523809,0.38059118384195784
subesco_980,ridge_wav2vec2_base,GR,M02,0.7687074829931974,0.6056518214520951,3,-0.03231292517006797,0.13431424183426066,0.2108843537414966,nan,nan
subesco_980,ridge_wav2vec2_base,GR,M03,0.7755102040816326,0.5452847805788983,3,-0.025510204081632626,0.07394720096106384,0.11564625850340136,0.2333333333333333,0.003333333333333336
subesco_980,ridge_wav2vec2_base,GR,M04,0.802721088435374,0.6412731412731413,3,0.0017006802721088639,0.1529504236510606,0.1768707482993197,0.48214285714285715,0.22148067981401312
subesco_980,ridge_wav2vec2_base,GR,M05,0.7551020408163266,0.6659114997350292,3,-0.045918367346938736,0.23703676512781047,0.21088435374149658,0.6696428571428571,0.43275288462070066
subesco_980,ridge_wav2vec2_base,GR,M06,0.8367346938775512,0.5436004091704603,3,0.035714285714285775,0.05103140704731798,0.20408163265306123,0.30833333333333335,0.050555555555555555
subesco_980,ridge_wav2vec2_base,GR,M07,0.7823129251700681,0.4947089947089947,3,-0.018707482993197206,0.006386277086914027,0.272108843537415,0.3968253968253968,0.13655428980506382
subesco_980,ridge_wav2vec2_base,GR,M08,0.8095238095238096,0.6238869531552459,3,0.008503401360544283,0.1695345115416577,0.25170068027210885,0.5054131054131054,0.2552110852110852
subesco_980,ridge_wav2vec2_base,GR,M09,0.891156462585034,0.5055103884372177,3,0.0901360544217688,-0.018905747443886328,0.2108843537414966,0.3259259259259259,0.0390049197066741
subesco_980,ridge_wav2vec2_base,GR,M10,0.7959183673469387,0.5639113810166442,3,-0.005102040816326481,0.13715978865995626,0.2925170068027211,0.3943191311612364,0.17718224505883307
subesco_980,ridge_wav2vec2_base,GG,F01,0.8299319727891156,0.4835313737752762,3,0.02891156462585039,-0.09820960287015901,0.08843537414965985,nan,nan
subesco_980,ridge_wav2vec2_base,GG,F02,0.8707482993197279,0.49054989499883334,3,0.06972789115646265,-0.0784522281434172,0.054421768707483,0.13333333333333333,-0.1538239538239538
subesco_980,ridge_wav2vec2_base,GG,F03,0.7891156462585034,0.5446127946127947,3,-0.011904761904761826,-0.06048274678847924,0.06802721088435375,nan,nan
subesco_980,ridge_wav2vec2_base,GG,F04,0.8163265306122449,0.4414373566812591,3,0.015306122448979664,-0.14454990446523766,0.1292517006802721,0.24999999999999997,-0.051910507792860744
subesco_980,ridge_wav2vec2_base,GG,F05,0.7619047619047619,0.4516874168036959,3,-0.039115646258503355,-0.14279241334492407,0.09523809523809523,nan,nan
subesco_980,ridge_wav2vec2_base,GG,F06,0.8095238095238096,0.49373764007910353,3,0.008503401360544283,-0.08375705206527014,0.10204081632653061,nan,nan
subesco_980,ridge_wav2vec2_base,GG,F07,0.7619047619047619,0.46324081020255065,3,-0.039115646258503355,-0.12274645094394616,0.11564625850340136,nan,nan
subesco_980,ridge_wav2vec2_base,GG,F08,0.8163265306122449,0.5237483953786907,3,0.015306122448979664,0.022686824253425237,0.08843537414965985,nan,nan
subesco_980,ridge_wav2vec2_base,GG,F09,0.7959183673469389,0.6015151515151516,3,-0.005102040816326481,0.015527890368654726,0.04081632653061224,nan,nan
subesco_980,ridge_wav2vec2_base,GG,F10,0.8095238095238096,0.6556968417433534,3,0.008503401360544246,0.09731042985375675,0.12244897959183672,0.7238095238095238,0.4570028011204481
subesco_980,ridge_wav2vec2_base,GG,M01,0.8231292517006802,0.6344627594627594,3,0.022108843537415008,0.07183006307210131,0.027210884353741496,0.8333333333333334,0.5562770562770564
subesco_980,ridge_wav2vec2_base,GG,M02,0.8027210884353742,0.6350626118067978,3,0.001700680272108901,0.04695220840977025,0.10204081632653061,0.3873015873015873,0.08218694885361554
subesco_980,ridge_wav2vec2_base,GG,M03,0.8231292517006802,0.5358065706902916,3,0.022108843537415008,-0.03107241020142811,0.027210884353741496,nan,nan
subesco_980,ridge_wav2vec2_base,GG,M04,0.891156462585034,0.7100070472163496,3,0.09013605442176875,0.19832976483843023,0.09523809523809523,0.5777777777777778,0.31587301587301586
subesco_980,ridge_wav2vec2_base,GG,M05,0.7551020408163266,0.653968253968254,3,-0.045918367346938736,0.14441411384086542,0.06122448979591836,0.5555555555555555,0.29674900263135556
subesco_980,ridge_wav2vec2_base,GG,M06,0.7687074829931971,0.5177177177177178,3,-0.03231292517006797,-0.06402325892771749,0.013605442176870748,nan,nan
subesco_980,ridge_wav2vec2_base,GG,M07,0.8027210884353742,0.5247907134941795,3,0.001700680272108901,-0.06756597440390967,0.054421768707483,0.5,0.2070707070707071
subesco_980,ridge_wav2vec2_base,GG,M08,0.7959183673469387,0.6141250562303194,3,-0.005102040816326481,0.06635435559337673,0.027210884353741496,nan,nan
subesco_980,ridge_wav2vec2_base,GG,M09,0.8775510204081632,0.6203399088254448,3,0.07653061224489803,0.08106177719062531,0.054421768707483,nan,nan
subesco_980,ridge_wav2vec2_base,GG,M10,0.8503401360544217,0.5933462532299741,3,0.049319727891156497,0.05194497934462383,0.11564625850340136,0.7142857142857143,0.4386724386724387
subesco_980,ridge_wavlm_base_plus,GR,F01,0.891156462585034,0.4038647342995169,3,0.0901360544217688,-0.08870426782362534,0.3605442176870748,0.2193362193362193,-0.047314305280406976
subesco_980,ridge_wavlm_base_plus,GR,F02,0.8027210884353742,0.43065998329156224,3,0.0017006802721088639,-0.0937561525895418,0.1360544217687075,0.2642857142857143,0.005767195767195764
subesco_980,ridge_wavlm_base_plus,GR,F03,0.8503401360544217,0.6112498612498612,3,0.049319727891156497,0.07197172961504177,0.09523809523809523,0.375,0.10092592592592592
subesco_980,ridge_wavlm_base_plus,GR,F04,0.7687074829931974,0.5137576848103164,3,-0.03231292517006797,-0.025520446824503145,0.10884353741496598,0.20952380952380953,-0.06118326118326117
subesco_980,ridge_wavlm_base_plus,GR,F05,0.836734693877551,0.48321048321048327,3,0.03571428571428573,-0.0412056526706208,0.2857142857142857,0.26830966304650516,-0.004504189767347668
subesco_980,ridge_wavlm_base_plus,GR,F06,0.8299319727891156,0.5833009921286484,3,0.02891156462585039,0.05251542949595193,0.20408163265306123,0.422008547008547,0.14326876826876828
subesco_980,ridge_wavlm_base_plus,GR,F07,0.8639455782312925,0.425249169435216,3,0.06292517006802723,-0.09279753969429572,0.1360544217687075,0.17500000000000002,-0.08007325507325506
subesco_980,ridge_wavlm_base_plus,GR,F08,0.8299319727891157,0.599052540913006,3,0.02891156462585039,0.1192223922930485,0.272108843537415,0.40677655677655683,0.14182054504635153
subesco_980,ridge_wavlm_base_plus,GR,F09,0.8095238095238096,0.6138856626661505,3,0.008503401360544283,0.12768608729460063,0.17006802721088435,0.5690476190476191,0.3138095238095238
subesco_980,ridge_wavlm_base_plus,GR,F10,0.891156462585034,0.6027898027898028,3,0.09013605442176875,0.09748194716347584,0.27891156462585037,0.5839160839160839,0.33418715622105455
subesco_980,ridge_wavlm_base_plus,GR,M01,0.8571428571428572,0.5636955636955637,3,0.05612244897959188,0.06900341932189065,0.19727891156462585,0.46433566433566426,0.2083196483196483
subesco_980,ridge_wavlm_base_plus,GR,M02,0.8979591836734694,0.4323114869626498,3,0.09693877551020413,-0.05813437290996171,0.3197278911564626,0.43936507936507935,0.1790637610976594
subesco_980,ridge_wavlm_base_plus,GR,M03,0.8231292517006802,0.4870214752567694,3,0.022108843537415008,-0.05650294087911171,0.1292517006802721,0.20634920634920637,-0.07561017238436596
subesco_980,ridge_wavlm_base_plus,GR,M04,0.8571428571428571,0.7232076866223208,3,0.05612244897959192,0.24974696475395555,0.27891156462585037,0.6416666666666667,0.3811633281972265
subesco_980,ridge_wavlm_base_plus,GR,M05,0.8435374149659864,0.6204545454545455,3,0.042517006802721156,0.13213182783246477,0.21088435374149658,0.4038461538461539,0.14307174307174308
subesco_980,ridge_wavlm_base_plus,GR,M06,0.8775510204081632,0.5652988855116515,3,0.07653061224489799,0.036636465129485894,0.1564625850340136,0.5666666666666667,0.3032258064516129
subesco_980,ridge_wavlm_base_plus,GR,M07,0.8299319727891156,0.5150599104087475,3,0.028911564625850355,0.033106619538259295,0.2585034013605442,0.28692810457516343,0.03461579226285109
subesco_980,ridge_wavlm_base_plus,GR,M08,0.8231292517006802,0.5120015485869144,3,0.022108843537415008,0.000324266208995135,0.1292517006802721,0.10256410256410257,-0.15161749839169195
subesco_980,ridge_wavlm_base_plus,GR,M09,0.8979591836734694,0.5820038490239975,3,0.09693877551020418,0.09580427365244759,0.27891156462585037,0.39002849002849005,0.1241808241808242
subesco_980,ridge_wavlm_base_plus,GR,M10,0.8299319727891157,0.5125313283208021,3,0.028911564625850355,-0.022500518812955932,0.19047619047619047,0.3078947368421052,0.03937621832358673
subesco_980,ridge_wavlm_base_plus,GG,F01,0.7755102040816326,0.3595238095238095,3,-0.025510204081632626,-0.14578404610251744,0.04081632653061224,nan,nan
subesco_980,ridge_wavlm_base_plus,GG,F02,0.7006802721088435,0.4658353206147324,3,-0.10034013605442176,-0.01399482800522515,0.047619047619047616,nan,nan
subesco_980,ridge_wavlm_base_plus,GG,F03,0.7823129251700681,0.47654188629798383,3,-0.018707482993197206,-0.07972138334108193,0.02040816326530612,nan,nan
subesco_980,ridge_wavlm_base_plus,GG,F04,0.8095238095238094,0.5497756017951857,3,0.008503401360544246,0.01899003916248926,0.08843537414965985,0.4444444444444445,0.17954267954267955
subesco_980,ridge_wavlm_base_plus,GG,F05,0.7482993197278911,0.4644249512670566,3,-0.052721088435374076,-0.040882904359270444,0.006802721088435374,nan,nan
subesco_980,ridge_wavlm_base_plus,GG,F06,0.7551020408163266,0.4878306878306879,3,-0.045918367346938695,-0.03233916354935462,0.034013605442176874,nan,nan
subesco_980,ridge_wavlm_base_plus,GG,F07,0.7687074829931974,0.4159409409409409,3,-0.03231292517006797,-0.1339529019465325,0.09523809523809525,0.2878787878787879,0.09893048128342247
subesco_980,ridge_wavlm_base_plus,GG,F08,0.7755102040816326,0.53860440270324,3,-0.025510204081632626,-0.0006737289315796313,0.06802721088435373,nan,nan
subesco_980,ridge_wavlm_base_plus,GG,F09,0.6938775510204082,0.5666666666666665,3,-0.1071428571428571,0.059235668789808904,0.0,nan,nan
subesco_980,ridge_wavlm_base_plus,GG,F10,0.8503401360544217,0.5717425169689552,3,0.049319727891156497,0.0664346613426282,0.1564625850340136,0.45108225108225103,0.1982811306340718
subesco_980,ridge_wavlm_base_plus,GG,M01,0.7619047619047619,0.5706627680311891,3,-0.039115646258503355,0.04412348989955428,0.07482993197278912,nan,nan
subesco_980,ridge_wavlm_base_plus,GG,M02,0.8775510204081632,0.4889135254988914,3,0.07653061224489803,-0.05461089063698973,0.10204081632653061,nan,nan
subesco_980,ridge_wavlm_base_plus,GG,M03,0.8095238095238096,0.48801351204097204,3,0.008503401360544283,-0.08948118010340167,0.047619047619047616,nan,nan
subesco_980,ridge_wavlm_base_plus,GG,M04,0.8231292517006802,0.7309523809523809,3,0.022108843537415008,0.2659842280861389,0.06122448979591836,0.5238095238095238,0.36904761904761907
subesco_980,ridge_wavlm_base_plus,GG,M05,0.7006802721088435,0.5424133811230586,3,-0.10034013605442167,0.07532208600628572,0.07482993197278912,nan,nan
subesco_980,ridge_wavlm_base_plus,GG,M06,0.8435374149659863,0.5019876764062811,3,0.042517006802721115,-0.10098472274446202,0.06802721088435375,nan,nan
subesco_980,ridge_wavlm_base_plus,GG,M07,0.7755102040816326,0.49019607843137253,3,-0.025510204081632588,-0.08729861371300113,0.04081632653061224,nan,nan
subesco_980,ridge_wavlm_base_plus,GG,M08,0.7687074829931974,0.481265664160401,3,-0.03231292517006797,-0.09835217023450343,0.12244897959183675,0.23611111111111108,-0.053462496109554926
subesco_980,ridge_wavlm_base_plus,GG,M09,0.836734693877551,0.6115888615888615,3,0.03571428571428573,0.10203472146147304,0.013605442176870748,nan,nan
subesco_980,ridge_wavlm_base_plus,GG,M10,0.7142857142857143,0.47906055461233726,3,-0.08673469387755095,-0.0028927362581510443,0.19047619047619047,0.38838383838383833,0.13100646100646104
subesco_980,wavlm_ft,GR,F01,0.9183673469387755,0.15555555555555556,1,0.11734693877551028,-0.1565463552724699,0.4897959183673469,0.0,-0.17475728155339806
subesco_980,wavlm_ft,GR,F02,0.8775510204081632,0.3488372093023256,1,0.07653061224489799,0.05584357872907719,0.46938775510204084,0.21739130434782608,0.04017611447440836
subesco_980,wavlm_ft,GR,F03,0.673469387755102,0.24242424242424243,1,-0.12755102040816324,-0.0887859486585601,0.4897959183673469,0.20833333333333334,0.012071651090342694
subesco_980,wavlm_ft,GR,F04,0.8571428571428571,0.4523809523809524,1,0.056122448979591844,0.07021534728541096,0.24489795918367346,0.16666666666666666,-0.06140350877192982
subesco_980,wavlm_ft,GR,F05,0.8367346938775511,0.3902439024390244,1,0.03571428571428581,0.008078297343482976,0.22448979591836735,0.2727272727272727,0.04465709728867623
subesco_980,wavlm_ft,GR,F06,0.7959183673469388,0.23076923076923078,1,-0.005102040816326481,-0.10044096031357175,0.5918367346938775,0.13793103448275862,-0.05833064776023203
subesco_980,wavlm_ft,GR,F07,0.9591836734693877,0.3191489361702128,1,0.15816326530612246,-0.06301666892532864,0.20408163265306123,0.2,-0.028070175438596467
subesco_980,wavlm_ft,GR,F08,0.8367346938775511,0.5853658536585366,1,0.03571428571428581,0.27963336958210344,0.5714285714285714,0.5,0.32417582417582413
subesco_980,wavlm_ft,GR,F09,0.8775510204081632,0.6976744186046512,1,0.07653061224489799,0.4046807880314028,0.4897959183673469,0.6666666666666666,0.4894514767932489
subesco_980,wavlm_ft,GR,F10,0.8163265306122449,0.35,1,0.015306122448979664,0.037898089171974514,0.5102040816326531,0.2,0.025242718446601947
subesco_980,wavlm_ft,GR,M01,0.6530612244897959,0.40625,1,-0.14795918367346939,0.1132563694267516,0.3469387755102041,0.29411764705882354,0.11690245718540582
subesco_980,wavlm_ft,GR,M02,0.8367346938775511,0.21951219512195122,1,0.03571428571428581,-0.09258971570607424,0.5510204081632653,0.07407407407407407,-0.100683207479324
subesco_980,wavlm_ft,GR,M03,0.8163265306122449,0.25,1,0.015306122448979664,-0.08121019108280253,0.6530612244897959,0.21875,0.022488317757009352
subesco_980,wavlm_ft,GR,M04,0.8367346938775511,0.6829268292682927,1,0.03571428571428581,0.37082491844026727,0.4489795918367347,0.45454545454545453,0.2797881729920565
subesco_980,wavlm_ft,GR,M05,0.7551020408163265,0.5405405405405406,1,-0.04591836734693877,0.23480805646410746,0.42857142857142855,0.42857142857142855,0.25274725274725274
subesco_980,wavlm_ft,GR,M06,0.8367346938775511,0.34146341463414637,1,0.03571428571428581,0.010253223551343837,0.5102040816326531,0.28,0.08373831775700938
subesco_980,wavlm_ft,GR,M07,0.7755102040816326,0.15789473684210525,1,-0.025510204081632626,-0.13509889373114314,0.3877551020408163,0.05263157894736842,-0.1245836109260493
subesco_980,wavlm_ft,GR,M08,0.6530612244897959,0.34375,1,-0.14795918367346939,0.03801751592356689,0.42857142857142855,0.19047619047619047,0.014652014652014628
subesco_980,wavlm_ft,GR,M09,0.9591836734693877,0.5957446808510638,1,0.15816326530612246,0.21357907575552237,0.20408163265306123,0.4,0.17192982456140354
subesco_980,wavlm_ft,GR,M10,0.8163265306122449,0.45,1,0.015306122448979664,0.1442675159235669,0.5306122448979592,0.38461538461538464,0.2087912087912088
subesco_980,wavlm_ft,GG,F01,0.8163265306122449,0.225,1,0.015306122448979664,-0.16353503184713378,0.32653061224489793,0.0,-0.20689655172413793
subesco_980,wavlm_ft,GG,F02,0.8775510204081632,0.3953488372093023,1,0.07653061224489799,-0.06961931565693974,0.30612244897959184,0.3333333333333333,0.07407407407407407
subesco_980,wavlm_ft,GG,F03,0.7959183673469388,0.38461538461538464,1,-0.005102040816326481,-0.08672219500244976,0.10204081632653061,0.0,-0.25
subesco_980,wavlm_ft,GG,F04,0.6122448979591837,0.4,1,-0.18877551020408156,-0.06496815286624202,0.3469387755102041,0.23529411764705882,-0.03231151615575806
subesco_980,wavlm_ft,GG,F05,0.7551020408163265,0.40540540540540543,1,-0.04591836734693877,-0.05956274746083662,0.20408163265306123,0.1,-0.16760563380281687
subesco_980,wavlm_ft,GG,F06,0.8775510204081632,0.32558139534883723,1,0.07653061224489799,-0.14575618426899717,0.16326530612244897,0.125,-0.125
subesco_980,wavlm_ft,GG,F07,0.6938775510204082,0.3235294117647059,1,-0.1071428571428571,-0.14143874110153615,0.20408163265306123,0.1,-0.16760563380281687
subesco_980,wavlm_ft,GG,F08,0.7959183673469388,0.48717948717948717,1,-0.005102040816326481,0.08590560182916868,0.5102040816326531,0.56,0.3358620689655173
subesco_980,wavlm_ft,GG,F09,1.0,0.6938775510204082,1,0.19897959183673475,0.2289093981541661,0.2857142857142857,0.6428571428571429,0.38359788359788366
subesco_980,wavlm_ft,GG,F10,0.7142857142857143,0.34285714285714286,1,-0.08673469387755095,-0.04567788898999092,0.24489795918367346,0.16666666666666666,-0.04022988505747127
subesco_980,wavlm_ft,GG,M01,0.8775510204081632,0.5581395348837209,1,0.07653061224489799,0.09317138201747888,0.2653061224489796,0.38461538461538464,0.1253561253561254
subesco_980,wavlm_ft,GG,M02,0.7142857142857143,0.17142857142857143,1,-0.08673469387755095,-0.21710646041856235,0.30612244897959184,0.0,-0.20689655172413793
subesco_980,wavlm_ft,GG,M03,0.8163265306122449,0.35,1,0.015306122448979664,-0.12133757961783442,0.16326530612244897,0.125,-0.125
subesco_980,wavlm_ft,GG,M04,0.6326530612244898,0.5161290322580645,1,-0.16836734693877542,0.12759400041093072,0.14285714285714285,0.7142857142857143,0.5073891625615764
subesco_980,wavlm_ft,GG,M05,0.7142857142857143,0.5714285714285714,1,-0.08673469387755095,0.1701546860782529,0.30612244897959184,0.6,0.3758620689655172
subesco_980,wavlm_ft,GG,M06,0.8367346938775511,0.43902439024390244,1,0.03571428571428581,-0.03231318937393196,0.16326530612244897,0.5,0.25
subesco_980,wavlm_ft,GG,M07,0.7755102040816326,0.21052631578947367,1,-0.025510204081632626,-0.2544418370767684,0.22448979591836735,0.0,-0.25925925925925924
subesco_980,wavlm_ft,GG,M08,0.6326530612244898,0.2903225806451613,1,-0.16836734693877542,-0.11095130470515718,0.22448979591836735,0.18181818181818182,-0.04231974921630094
subesco_980,wavlm_ft,GG,M09,0.7755102040816326,0.6052631578947368,1,-0.025510204081632626,0.1402950050284948,0.3877551020408163,0.42105263157894735,0.15344699777613047
subesco_980,wavlm_ft,GG,M10,0.8571428571428571,0.30952380952380953,1,0.056122448979591844,-0.09175007582650896,0.1836734693877551,0.0,-0.22413793103448276
