unit_id,corpus,draw,fold,model,window,rule,selected_epoch,unit,oracle_shortfall_unit,outer_uar,oracle_outer_uar,oracle_shortfall_pp,oracle_used_for_selection
ads2_formal_cremad_d00_f0_wavlm_base_plus_A,cremad,0,0,wavlm_base_plus,15,last,15,UAR_percent,percentage_points,49.17022285443338,59.815078236130866,10.644855381697488,False
ads2_formal_cremad_d00_f0_wavlm_base_plus_A,cremad,0,0,wavlm_base_plus,15,seen_ce,4,UAR_percent,percentage_points,53.733997155049785,59.815078236130866,6.081081081081081,False
ads2_formal_cremad_d00_f0_wavlm_base_plus_A,cremad,0,0,wavlm_base_plus,15,unseen_ce,4,UAR_percent,percentage_points,53.733997155049785,59.815078236130866,6.081081081081081,False
ads2_formal_cremad_d00_f0_wavlm_base_plus_A,cremad,0,0,wavlm_base_plus,15,seen_uar,8,UAR_percent,percentage_points,59.815078236130866,59.815078236130866,0.0,False
ads2_formal_cremad_d00_f0_wavlm_base_plus_A,cremad,0,0,wavlm_base_plus,15,unseen_uar,8,UAR_percent,percentage_points,59.815078236130866,59.815078236130866,0.0,False
ads2_formal_cremad_d00_f0_hubert_base_A,cremad,0,0,hubert_base,15,last,15,UAR_percent,percentage_points,52.821242294926506,54.599336178283544,1.7780938833570412,False
ads2_formal_cremad_d00_f0_hubert_base_A,cremad,0,0,hubert_base,15,seen_ce,8,UAR_percent,percentage_points,54.599336178283544,54.599336178283544,0.0,False
ads2_formal_cremad_d00_f0_hubert_base_A,cremad,0,0,hubert_base,15,unseen_ce,4,UAR_percent,percentage_points,53.34281650071124,54.599336178283544,1.256519677572309,False
ads2_formal_cremad_d00_f0_hubert_base_A,cremad,0,0,hubert_base,15,seen_uar,8,UAR_percent,percentage_points,54.599336178283544,54.599336178283544,0.0,False
ads2_formal_cremad_d00_f0_hubert_base_A,cremad,0,0,hubert_base,15,unseen_uar,12,UAR_percent,percentage_points,54.1488857278331,54.599336178283544,0.45045045045045046,False
ads2_formal_cremad_d00_f1_wavlm_base_plus_A,cremad,0,1,wavlm_base_plus,15,last,15,UAR_percent,percentage_points,54.3859649122807,65.35087719298245,10.964912280701755,False
ads2_formal_cremad_d00_f1_wavlm_base_plus_A,cremad,0,1,wavlm_base_plus,15,seen_ce,7,UAR_percent,percentage_points,64.91228070175438,65.35087719298245,0.43859649122807015,False
ads2_formal_cremad_d00_f1_wavlm_base_plus_A,cremad,0,1,wavlm_base_plus,15,unseen_ce,5,UAR_percent,percentage_points,63.59649122807018,65.35087719298245,1.7543859649122806,False
ads2_formal_cremad_d00_f1_wavlm_base_plus_A,cremad,0,1,wavlm_base_plus,15,seen_uar,7,UAR_percent,percentage_points,64.91228070175438,65.35087719298245,0.43859649122807015,False
ads2_formal_cremad_d00_f1_wavlm_base_plus_A,cremad,0,1,wavlm_base_plus,15,unseen_uar,5,UAR_percent,percentage_points,63.59649122807018,65.35087719298245,1.7543859649122806,False
ads2_formal_cremad_d00_f1_hubert_base_A,cremad,0,1,hubert_base,15,last,15,UAR_percent,percentage_points,67.10526315789474,69.73684210526316,2.6315789473684212,False
ads2_formal_cremad_d00_f1_hubert_base_A,cremad,0,1,hubert_base,15,seen_ce,4,UAR_percent,percentage_points,64.47368421052632,69.73684210526316,5.2631578947368425,False
ads2_formal_cremad_d00_f1_hubert_base_A,cremad,0,1,hubert_base,15,unseen_ce,3,UAR_percent,percentage_points,59.64912280701754,69.73684210526316,10.087719298245615,False
ads2_formal_cremad_d00_f1_hubert_base_A,cremad,0,1,hubert_base,15,seen_uar,14,UAR_percent,percentage_points,68.42105263157895,69.73684210526316,1.3157894736842106,False
ads2_formal_cremad_d00_f1_hubert_base_A,cremad,0,1,hubert_base,15,unseen_uar,14,UAR_percent,percentage_points,68.42105263157895,69.73684210526316,1.3157894736842106,False
ads2_formal_cremad_d00_f2_wavlm_base_plus_A,cremad,0,2,wavlm_base_plus,15,last,15,UAR_percent,percentage_points,53.07017543859649,64.47368421052632,11.403508771929825,False
ads2_formal_cremad_d00_f2_wavlm_base_plus_A,cremad,0,2,wavlm_base_plus,15,seen_ce,7,UAR_percent,percentage_points,58.771929824561404,64.47368421052632,5.701754385964913,False
ads2_formal_cremad_d00_f2_wavlm_base_plus_A,cremad,0,2,wavlm_base_plus,15,unseen_ce,7,UAR_percent,percentage_points,58.771929824561404,64.47368421052632,5.701754385964913,False
ads2_formal_cremad_d00_f2_wavlm_base_plus_A,cremad,0,2,wavlm_base_plus,15,seen_uar,11,UAR_percent,percentage_points,57.45614035087719,64.47368421052632,7.017543859649122,False
ads2_formal_cremad_d00_f2_wavlm_base_plus_A,cremad,0,2,wavlm_base_plus,15,unseen_uar,13,UAR_percent,percentage_points,64.47368421052632,64.47368421052632,0.0,False
ads2_formal_cremad_d00_f2_hubert_base_A,cremad,0,2,hubert_base,15,last,15,UAR_percent,percentage_points,55.70175438596491,65.35087719298245,9.649122807017545,False
ads2_formal_cremad_d00_f2_hubert_base_A,cremad,0,2,hubert_base,15,seen_ce,7,UAR_percent,percentage_points,65.35087719298245,65.35087719298245,0.0,False
ads2_formal_cremad_d00_f2_hubert_base_A,cremad,0,2,hubert_base,15,unseen_ce,7,UAR_percent,percentage_points,65.35087719298245,65.35087719298245,0.0,False
ads2_formal_cremad_d00_f2_hubert_base_A,cremad,0,2,hubert_base,15,seen_uar,13,UAR_percent,percentage_points,63.1578947368421,65.35087719298245,2.192982456140351,False
ads2_formal_cremad_d00_f2_hubert_base_A,cremad,0,2,hubert_base,15,unseen_uar,8,UAR_percent,percentage_points,61.8421052631579,65.35087719298245,3.508771929824561,False
ads2_formal_cremad_d00_f3_wavlm_base_plus_A,cremad,0,3,wavlm_base_plus,15,last,15,UAR_percent,percentage_points,54.04040404040404,57.57575757575758,3.5353535353535355,False
ads2_formal_cremad_d00_f3_wavlm_base_plus_A,cremad,0,3,wavlm_base_plus,15,seen_ce,7,UAR_percent,percentage_points,54.54545454545455,57.57575757575758,3.0303030303030303,False
ads2_formal_cremad_d00_f3_wavlm_base_plus_A,cremad,0,3,wavlm_base_plus,15,unseen_ce,7,UAR_percent,percentage_points,54.54545454545455,57.57575757575758,3.0303030303030303,False
ads2_formal_cremad_d00_f3_wavlm_base_plus_A,cremad,0,3,wavlm_base_plus,15,seen_uar,12,UAR_percent,percentage_points,57.57575757575758,57.57575757575758,0.0,False
ads2_formal_cremad_d00_f3_wavlm_base_plus_A,cremad,0,3,wavlm_base_plus,15,unseen_uar,12,UAR_percent,percentage_points,57.57575757575758,57.57575757575758,0.0,False
ads2_formal_cremad_d00_f3_hubert_base_A,cremad,0,3,hubert_base,15,last,15,UAR_percent,percentage_points,53.535353535353536,59.09090909090909,5.555555555555555,False
ads2_formal_cremad_d00_f3_hubert_base_A,cremad,0,3,hubert_base,15,seen_ce,4,UAR_percent,percentage_points,57.07070707070707,59.09090909090909,2.0202020202020203,False
ads2_formal_cremad_d00_f3_hubert_base_A,cremad,0,3,hubert_base,15,unseen_ce,4,UAR_percent,percentage_points,57.07070707070707,59.09090909090909,2.0202020202020203,False
ads2_formal_cremad_d00_f3_hubert_base_A,cremad,0,3,hubert_base,15,seen_uar,14,UAR_percent,percentage_points,54.54545454545455,59.09090909090909,4.545454545454546,False
ads2_formal_cremad_d00_f3_hubert_base_A,cremad,0,3,hubert_base,15,unseen_uar,10,UAR_percent,percentage_points,56.06060606060606,59.09090909090909,3.0303030303030303,False
ads2_formal_cremad_d00_f4_wavlm_base_plus_A,cremad,0,4,wavlm_base_plus,15,last,15,UAR_percent,percentage_points,53.431372549019606,57.35294117647059,3.9215686274509802,False
ads2_formal_cremad_d00_f4_wavlm_base_plus_A,cremad,0,4,wavlm_base_plus,15,seen_ce,6,UAR_percent,percentage_points,49.01960784313726,57.35294117647059,8.333333333333334,False
ads2_formal_cremad_d00_f4_wavlm_base_plus_A,cremad,0,4,wavlm_base_plus,15,unseen_ce,5,UAR_percent,percentage_points,50.98039215686274,57.35294117647059,6.372549019607843,False
ads2_formal_cremad_d00_f4_wavlm_base_plus_A,cremad,0,4,wavlm_base_plus,15,seen_uar,10,UAR_percent,percentage_points,53.431372549019606,57.35294117647059,3.9215686274509802,False
ads2_formal_cremad_d00_f4_wavlm_base_plus_A,cremad,0,4,wavlm_base_plus,15,unseen_uar,12,UAR_percent,percentage_points,57.35294117647059,57.35294117647059,0.0,False
ads2_formal_cremad_d00_f4_hubert_base_A,cremad,0,4,hubert_base,15,last,15,UAR_percent,percentage_points,52.450980392156865,56.372549019607845,3.9215686274509802,False
ads2_formal_cremad_d00_f4_hubert_base_A,cremad,0,4,hubert_base,15,seen_ce,3,UAR_percent,percentage_points,51.470588235294116,56.372549019607845,4.901960784313726,False
ads2_formal_cremad_d00_f4_hubert_base_A,cremad,0,4,hubert_base,15,unseen_ce,3,UAR_percent,percentage_points,51.470588235294116,56.372549019607845,4.901960784313726,False
ads2_formal_cremad_d00_f4_hubert_base_A,cremad,0,4,hubert_base,15,seen_uar,7,UAR_percent,percentage_points,52.94117647058823,56.372549019607845,3.4313725490196076,False
ads2_formal_cremad_d00_f4_hubert_base_A,cremad,0,4,hubert_base,15,unseen_uar,13,UAR_percent,percentage_points,53.92156862745098,56.372549019607845,2.450980392156863,False
ads2_formal_cremad_d01_f0_wavlm_base_plus_A,cremad,1,0,wavlm_base_plus,15,last,15,UAR_percent,percentage_points,53.50877192982456,60.526315789473685,7.017543859649122,False
ads2_formal_cremad_d01_f0_wavlm_base_plus_A,cremad,1,0,wavlm_base_plus,15,seen_ce,4,UAR_percent,percentage_points,53.94736842105263,60.526315789473685,6.578947368421052,False
ads2_formal_cremad_d01_f0_wavlm_base_plus_A,cremad,1,0,wavlm_base_plus,15,unseen_ce,4,UAR_percent,percentage_points,53.94736842105263,60.526315789473685,6.578947368421052,False
ads2_formal_cremad_d01_f0_wavlm_base_plus_A,cremad,1,0,wavlm_base_plus,15,seen_uar,13,UAR_percent,percentage_points,55.70175438596491,60.526315789473685,4.824561403508772,False
ads2_formal_cremad_d01_f0_wavlm_base_plus_A,cremad,1,0,wavlm_base_plus,15,unseen_uar,12,UAR_percent,percentage_points,58.333333333333336,60.526315789473685,2.192982456140351,False
ads2_formal_cremad_d01_f0_hubert_base_A,cremad,1,0,hubert_base,15,last,15,UAR_percent,percentage_points,57.45614035087719,65.35087719298245,7.894736842105263,False
ads2_formal_cremad_d01_f0_hubert_base_A,cremad,1,0,hubert_base,15,seen_ce,3,UAR_percent,percentage_points,56.14035087719298,65.35087719298245,9.210526315789474,False
ads2_formal_cremad_d01_f0_hubert_base_A,cremad,1,0,hubert_base,15,unseen_ce,3,UAR_percent,percentage_points,56.14035087719298,65.35087719298245,9.210526315789474,False
ads2_formal_cremad_d01_f0_hubert_base_A,cremad,1,0,hubert_base,15,seen_uar,12,UAR_percent,percentage_points,65.35087719298245,65.35087719298245,0.0,False
ads2_formal_cremad_d01_f0_hubert_base_A,cremad,1,0,hubert_base,15,unseen_uar,8,UAR_percent,percentage_points,63.1578947368421,65.35087719298245,2.192982456140351,False
ads2_formal_cremad_d01_f1_wavlm_base_plus_A,cremad,1,1,wavlm_base_plus,15,last,15,UAR_percent,percentage_points,53.27169274537695,55.915125651967756,2.6434329065908013,False
ads2_formal_cremad_d01_f1_wavlm_base_plus_A,cremad,1,1,wavlm_base_plus,15,seen_ce,5,UAR_percent,percentage_points,53.27169274537695,55.915125651967756,2.6434329065908013,False
ads2_formal_cremad_d01_f1_wavlm_base_plus_A,cremad,1,1,wavlm_base_plus,15,unseen_ce,5,UAR_percent,percentage_points,53.27169274537695,55.915125651967756,2.6434329065908013,False
ads2_formal_cremad_d01_f1_wavlm_base_plus_A,cremad,1,1,wavlm_base_plus,15,seen_uar,7,UAR_percent,percentage_points,51.505452821242294,55.915125651967756,4.409672830725462,False
ads2_formal_cremad_d01_f1_wavlm_base_plus_A,cremad,1,1,wavlm_base_plus,15,unseen_uar,14,UAR_percent,percentage_points,55.915125651967756,55.915125651967756,0.0,False
ads2_formal_cremad_d01_f1_hubert_base_A,cremad,1,1,hubert_base,15,last,15,UAR_percent,percentage_points,54.94310099573257,58.4755808440019,3.532479848269322,False
ads2_formal_cremad_d01_f1_hubert_base_A,cremad,1,1,hubert_base,15,seen_ce,5,UAR_percent,percentage_points,53.61545756282598,58.4755808440019,4.8601232811759125,False
ads2_formal_cremad_d01_f1_hubert_base_A,cremad,1,1,hubert_base,15,unseen_ce,5,UAR_percent,percentage_points,53.61545756282598,58.4755808440019,4.8601232811759125,False
ads2_formal_cremad_d01_f1_hubert_base_A,cremad,1,1,hubert_base,15,seen_uar,10,UAR_percent,percentage_points,58.46372688477952,58.4755808440019,0.011853959222380275,False
ads2_formal_cremad_d01_f1_hubert_base_A,cremad,1,1,hubert_base,15,unseen_uar,8,UAR_percent,percentage_points,53.674727358937886,58.4755808440019,4.800853485064011,False
ads2_formal_cremad_d01_f2_wavlm_base_plus_A,cremad,1,2,wavlm_base_plus,15,last,15,UAR_percent,percentage_points,58.333333333333336,60.08771929824562,1.7543859649122806,False
ads2_formal_cremad_d01_f2_wavlm_base_plus_A,cremad,1,2,wavlm_base_plus,15,seen_ce,5,UAR_percent,percentage_points,54.824561403508774,60.08771929824562,5.2631578947368425,False
ads2_formal_cremad_d01_f2_wavlm_base_plus_A,cremad,1,2,wavlm_base_plus,15,unseen_ce,5,UAR_percent,percentage_points,54.824561403508774,60.08771929824562,5.2631578947368425,False
ads2_formal_cremad_d01_f2_wavlm_base_plus_A,cremad,1,2,wavlm_base_plus,15,seen_uar,10,UAR_percent,percentage_points,59.21052631578947,60.08771929824562,0.8771929824561403,False
ads2_formal_cremad_d01_f2_wavlm_base_plus_A,cremad,1,2,wavlm_base_plus,15,unseen_uar,10,UAR_percent,percentage_points,59.21052631578947,60.08771929824562,0.8771929824561403,False
ads2_formal_cremad_d01_f2_hubert_base_A,cremad,1,2,hubert_base,15,last,15,UAR_percent,percentage_points,56.14035087719298,61.8421052631579,5.701754385964913,False
ads2_formal_cremad_d01_f2_hubert_base_A,cremad,1,2,hubert_base,15,seen_ce,5,UAR_percent,percentage_points,61.8421052631579,61.8421052631579,0.0,False
ads2_formal_cremad_d01_f2_hubert_base_A,cremad,1,2,hubert_base,15,unseen_ce,5,UAR_percent,percentage_points,61.8421052631579,61.8421052631579,0.0,False
ads2_formal_cremad_d01_f2_hubert_base_A,cremad,1,2,hubert_base,15,seen_uar,11,UAR_percent,percentage_points,58.771929824561404,61.8421052631579,3.0701754385964914,False
ads2_formal_cremad_d01_f2_hubert_base_A,cremad,1,2,hubert_base,15,unseen_uar,5,UAR_percent,percentage_points,61.8421052631579,61.8421052631579,0.0,False
ads2_formal_cremad_d01_f3_wavlm_base_plus_A,cremad,1,3,wavlm_base_plus,15,last,15,UAR_percent,percentage_points,42.15686274509804,53.92156862745098,11.764705882352942,False
ads2_formal_cremad_d01_f3_wavlm_base_plus_A,cremad,1,3,wavlm_base_plus,15,seen_ce,8,UAR_percent,percentage_points,51.96078431372549,53.92156862745098,1.9607843137254901,False
ads2_formal_cremad_d01_f3_wavlm_base_plus_A,cremad,1,3,wavlm_base_plus,15,unseen_ce,4,UAR_percent,percentage_points,53.92156862745098,53.92156862745098,0.0,False
ads2_formal_cremad_d01_f3_wavlm_base_plus_A,cremad,1,3,wavlm_base_plus,15,seen_uar,8,UAR_percent,percentage_points,51.96078431372549,53.92156862745098,1.9607843137254901,False
ads2_formal_cremad_d01_f3_wavlm_base_plus_A,cremad,1,3,wavlm_base_plus,15,unseen_uar,8,UAR_percent,percentage_points,51.96078431372549,53.92156862745098,1.9607843137254901,False
ads2_formal_cremad_d01_f3_hubert_base_A,cremad,1,3,hubert_base,15,last,15,UAR_percent,percentage_points,50.98039215686274,62.745098039215684,11.764705882352942,False
ads2_formal_cremad_d01_f3_hubert_base_A,cremad,1,3,hubert_base,15,seen_ce,8,UAR_percent,percentage_points,62.745098039215684,62.745098039215684,0.0,False
ads2_formal_cremad_d01_f3_hubert_base_A,cremad,1,3,hubert_base,15,unseen_ce,5,UAR_percent,percentage_points,55.3921568627451,62.745098039215684,7.352941176470588,False
ads2_formal_cremad_d01_f3_hubert_base_A,cremad,1,3,hubert_base,15,seen_uar,8,UAR_percent,percentage_points,62.745098039215684,62.745098039215684,0.0,False
ads2_formal_cremad_d01_f3_hubert_base_A,cremad,1,3,hubert_base,15,unseen_uar,10,UAR_percent,percentage_points,57.84313725490196,62.745098039215684,4.901960784313726,False
ads2_formal_cremad_d01_f4_wavlm_base_plus_A,cremad,1,4,wavlm_base_plus,15,last,15,UAR_percent,percentage_points,56.86274509803921,59.80392156862745,2.9411764705882355,False
ads2_formal_cremad_d01_f4_wavlm_base_plus_A,cremad,1,4,wavlm_base_plus,15,seen_ce,6,UAR_percent,percentage_points,58.8235294117647,59.80392156862745,0.9803921568627451,False
ads2_formal_cremad_d01_f4_wavlm_base_plus_A,cremad,1,4,wavlm_base_plus,15,unseen_ce,3,UAR_percent,percentage_points,55.3921568627451,59.80392156862745,4.411764705882353,False
ads2_formal_cremad_d01_f4_wavlm_base_plus_A,cremad,1,4,wavlm_base_plus,15,seen_uar,12,UAR_percent,percentage_points,59.80392156862745,59.80392156862745,0.0,False
ads2_formal_cremad_d01_f4_wavlm_base_plus_A,cremad,1,4,wavlm_base_plus,15,unseen_uar,14,UAR_percent,percentage_points,54.411764705882355,59.80392156862745,5.392156862745098,False
ads2_formal_cremad_d01_f4_hubert_base_A,cremad,1,4,hubert_base,15,last,15,UAR_percent,percentage_points,64.70588235294117,68.13725490196079,3.4313725490196076,False
ads2_formal_cremad_d01_f4_hubert_base_A,cremad,1,4,hubert_base,15,seen_ce,7,UAR_percent,percentage_points,68.13725490196079,68.13725490196079,0.0,False
ads2_formal_cremad_d01_f4_hubert_base_A,cremad,1,4,hubert_base,15,unseen_ce,6,UAR_percent,percentage_points,65.19607843137256,68.13725490196079,2.9411764705882355,False
ads2_formal_cremad_d01_f4_hubert_base_A,cremad,1,4,hubert_base,15,seen_uar,7,UAR_percent,percentage_points,68.13725490196079,68.13725490196079,0.0,False
ads2_formal_cremad_d01_f4_hubert_base_A,cremad,1,4,hubert_base,15,unseen_uar,9,UAR_percent,percentage_points,66.66666666666667,68.13725490196079,1.4705882352941178,False
ads2_formal_cremad_d02_f0_wavlm_base_plus_A,cremad,2,0,wavlm_base_plus,15,last,15,UAR_percent,percentage_points,61.8421052631579,64.03508771929825,2.192982456140351,False
ads2_formal_cremad_d02_f0_wavlm_base_plus_A,cremad,2,0,wavlm_base_plus,15,seen_ce,5,UAR_percent,percentage_points,55.26315789473684,64.03508771929825,8.771929824561404,False
ads2_formal_cremad_d02_f0_wavlm_base_plus_A,cremad,2,0,wavlm_base_plus,15,unseen_ce,6,UAR_percent,percentage_points,58.333333333333336,64.03508771929825,5.701754385964913,False
ads2_formal_cremad_d02_f0_wavlm_base_plus_A,cremad,2,0,wavlm_base_plus,15,seen_uar,13,UAR_percent,percentage_points,64.03508771929825,64.03508771929825,0.0,False
ads2_formal_cremad_d02_f0_wavlm_base_plus_A,cremad,2,0,wavlm_base_plus,15,unseen_uar,14,UAR_percent,percentage_points,61.40350877192982,64.03508771929825,2.6315789473684212,False
ads2_formal_cremad_d02_f0_hubert_base_A,cremad,2,0,hubert_base,15,last,15,UAR_percent,percentage_points,58.771929824561404,60.96491228070175,2.192982456140351,False
ads2_formal_cremad_d02_f0_hubert_base_A,cremad,2,0,hubert_base,15,seen_ce,4,UAR_percent,percentage_points,53.94736842105263,60.96491228070175,7.017543859649122,False
ads2_formal_cremad_d02_f0_hubert_base_A,cremad,2,0,hubert_base,15,unseen_ce,4,UAR_percent,percentage_points,53.94736842105263,60.96491228070175,7.017543859649122,False
ads2_formal_cremad_d02_f0_hubert_base_A,cremad,2,0,hubert_base,15,seen_uar,13,UAR_percent,percentage_points,60.96491228070175,60.96491228070175,0.0,False
ads2_formal_cremad_d02_f0_hubert_base_A,cremad,2,0,hubert_base,15,unseen_uar,13,UAR_percent,percentage_points,60.96491228070175,60.96491228070175,0.0,False
ads2_formal_cremad_d02_f1_wavlm_base_plus_A,cremad,2,1,wavlm_base_plus,15,last,15,UAR_percent,percentage_points,53.50877192982456,54.3859649122807,0.8771929824561403,False
ads2_formal_cremad_d02_f1_wavlm_base_plus_A,cremad,2,1,wavlm_base_plus,15,seen_ce,3,UAR_percent,percentage_points,47.80701754385965,54.3859649122807,6.578947368421052,False
ads2_formal_cremad_d02_f1_wavlm_base_plus_A,cremad,2,1,wavlm_base_plus,15,unseen_ce,3,UAR_percent,percentage_points,47.80701754385965,54.3859649122807,6.578947368421052,False
ads2_formal_cremad_d02_f1_wavlm_base_plus_A,cremad,2,1,wavlm_base_plus,15,seen_uar,12,UAR_percent,percentage_points,49.56140350877193,54.3859649122807,4.824561403508772,False
ads2_formal_cremad_d02_f1_wavlm_base_plus_A,cremad,2,1,wavlm_base_plus,15,unseen_uar,12,UAR_percent,percentage_points,49.56140350877193,54.3859649122807,4.824561403508772,False
ads2_formal_cremad_d02_f1_hubert_base_A,cremad,2,1,hubert_base,15,last,15,UAR_percent,percentage_points,60.526315789473685,60.526315789473685,0.0,False
ads2_formal_cremad_d02_f1_hubert_base_A,cremad,2,1,hubert_base,15,seen_ce,6,UAR_percent,percentage_points,53.50877192982456,60.526315789473685,7.017543859649122,False
ads2_formal_cremad_d02_f1_hubert_base_A,cremad,2,1,hubert_base,15,unseen_ce,4,UAR_percent,percentage_points,57.89473684210526,60.526315789473685,2.6315789473684212,False
ads2_formal_cremad_d02_f1_hubert_base_A,cremad,2,1,hubert_base,15,seen_uar,12,UAR_percent,percentage_points,57.45614035087719,60.526315789473685,3.0701754385964914,False
ads2_formal_cremad_d02_f1_hubert_base_A,cremad,2,1,hubert_base,15,unseen_uar,12,UAR_percent,percentage_points,57.45614035087719,60.526315789473685,3.0701754385964914,False
ads2_formal_cremad_d02_f2_wavlm_base_plus_A,cremad,2,2,wavlm_base_plus,15,last,15,UAR_percent,percentage_points,60.08771929824562,60.08771929824562,0.0,False
ads2_formal_cremad_d02_f2_wavlm_base_plus_A,cremad,2,2,wavlm_base_plus,15,seen_ce,4,UAR_percent,percentage_points,50.43859649122807,60.08771929824562,9.649122807017545,False
ads2_formal_cremad_d02_f2_wavlm_base_plus_A,cremad,2,2,wavlm_base_plus,15,unseen_ce,4,UAR_percent,percentage_points,50.43859649122807,60.08771929824562,9.649122807017545,False
ads2_formal_cremad_d02_f2_wavlm_base_plus_A,cremad,2,2,wavlm_base_plus,15,seen_uar,13,UAR_percent,percentage_points,57.45614035087719,60.08771929824562,2.6315789473684212,False
ads2_formal_cremad_d02_f2_wavlm_base_plus_A,cremad,2,2,wavlm_base_plus,15,unseen_uar,15,UAR_percent,percentage_points,60.08771929824562,60.08771929824562,0.0,False
ads2_formal_cremad_d02_f2_hubert_base_A,cremad,2,2,hubert_base,15,last,15,UAR_percent,percentage_points,58.771929824561404,61.40350877192982,2.6315789473684212,False
ads2_formal_cremad_d02_f2_hubert_base_A,cremad,2,2,hubert_base,15,seen_ce,8,UAR_percent,percentage_points,61.40350877192982,61.40350877192982,0.0,False
ads2_formal_cremad_d02_f2_hubert_base_A,cremad,2,2,hubert_base,15,unseen_ce,5,UAR_percent,percentage_points,52.63157894736842,61.40350877192982,8.771929824561404,False
ads2_formal_cremad_d02_f2_hubert_base_A,cremad,2,2,hubert_base,15,seen_uar,10,UAR_percent,percentage_points,60.96491228070175,61.40350877192982,0.43859649122807015,False
ads2_formal_cremad_d02_f2_hubert_base_A,cremad,2,2,hubert_base,15,unseen_uar,10,UAR_percent,percentage_points,60.96491228070175,61.40350877192982,0.43859649122807015,False
ads2_formal_cremad_d02_f3_wavlm_base_plus_A,cremad,2,3,wavlm_base_plus,15,last,15,UAR_percent,percentage_points,47.92038027332145,52.406417112299465,4.486036838978015,False
ads2_formal_cremad_d02_f3_wavlm_base_plus_A,cremad,2,3,wavlm_base_plus,15,seen_ce,7,UAR_percent,percentage_points,49.94058229352347,52.406417112299465,2.465834818775995,False
ads2_formal_cremad_d02_f3_wavlm_base_plus_A,cremad,2,3,wavlm_base_plus,15,unseen_ce,7,UAR_percent,percentage_points,49.94058229352347,52.406417112299465,2.465834818775995,False
ads2_formal_cremad_d02_f3_wavlm_base_plus_A,cremad,2,3,wavlm_base_plus,15,seen_uar,11,UAR_percent,percentage_points,47.93523469994058,52.406417112299465,4.471182412358883,False
ads2_formal_cremad_d02_f3_wavlm_base_plus_A,cremad,2,3,wavlm_base_plus,15,unseen_uar,9,UAR_percent,percentage_points,49.390968508615565,52.406417112299465,3.0154486036838977,False
ads2_formal_cremad_d02_f3_hubert_base_A,cremad,2,3,hubert_base,15,last,15,UAR_percent,percentage_points,54.426619132501486,55.3921568627451,0.9655377302436126,False
ads2_formal_cremad_d02_f3_hubert_base_A,cremad,2,3,hubert_base,15,seen_ce,5,UAR_percent,percentage_points,53.475935828877006,55.3921568627451,1.9162210338680927,False
ads2_formal_cremad_d02_f3_hubert_base_A,cremad,2,3,hubert_base,15,unseen_ce,5,UAR_percent,percentage_points,53.475935828877006,55.3921568627451,1.9162210338680927,False
ads2_formal_cremad_d02_f3_hubert_base_A,cremad,2,3,hubert_base,15,seen_uar,11,UAR_percent,percentage_points,55.3921568627451,55.3921568627451,0.0,False
ads2_formal_cremad_d02_f3_hubert_base_A,cremad,2,3,hubert_base,15,unseen_uar,14,UAR_percent,percentage_points,52.391562685680334,55.3921568627451,3.0005941770647655,False
ads2_formal_cremad_d02_f4_wavlm_base_plus_A,cremad,2,4,wavlm_base_plus,15,last,15,UAR_percent,percentage_points,51.97563874034462,55.273321449792036,3.2976827094474155,False
ads2_formal_cremad_d02_f4_wavlm_base_plus_A,cremad,2,4,wavlm_base_plus,15,seen_ce,7,UAR_percent,percentage_points,53.89185977421271,55.273321449792036,1.3814616755793225,False
ads2_formal_cremad_d02_f4_wavlm_base_plus_A,cremad,2,4,wavlm_base_plus,15,unseen_ce,7,UAR_percent,percentage_points,53.89185977421271,55.273321449792036,1.3814616755793225,False
ads2_formal_cremad_d02_f4_wavlm_base_plus_A,cremad,2,4,wavlm_base_plus,15,seen_uar,10,UAR_percent,percentage_points,55.273321449792036,55.273321449792036,0.0,False
ads2_formal_cremad_d02_f4_wavlm_base_plus_A,cremad,2,4,wavlm_base_plus,15,unseen_uar,10,UAR_percent,percentage_points,55.273321449792036,55.273321449792036,0.0,False
ads2_formal_cremad_d02_f4_hubert_base_A,cremad,2,4,hubert_base,15,last,15,UAR_percent,percentage_points,59.41770647653001,60.843731431966724,1.4260249554367201,False
ads2_formal_cremad_d02_f4_hubert_base_A,cremad,2,4,hubert_base,15,seen_ce,8,UAR_percent,percentage_points,57.01128936423054,60.843731431966724,3.8324420677361855,False
ads2_formal_cremad_d02_f4_hubert_base_A,cremad,2,4,hubert_base,15,unseen_ce,4,UAR_percent,percentage_points,51.500297088532385,60.843731431966724,9.343434343434344,False
ads2_formal_cremad_d02_f4_hubert_base_A,cremad,2,4,hubert_base,15,seen_uar,9,UAR_percent,percentage_points,59.87819370172311,60.843731431966724,0.9655377302436126,False
ads2_formal_cremad_d02_f4_hubert_base_A,cremad,2,4,hubert_base,15,unseen_uar,15,UAR_percent,percentage_points,59.41770647653001,60.843731431966724,1.4260249554367201,False
ads2_formal_cremad_d03_f0_wavlm_base_plus_A,cremad,3,0,wavlm_base_plus,15,last,15,UAR_percent,percentage_points,53.07017543859649,56.14035087719298,3.0701754385964914,False
ads2_formal_cremad_d03_f0_wavlm_base_plus_A,cremad,3,0,wavlm_base_plus,15,seen_ce,5,UAR_percent,percentage_points,54.824561403508774,56.14035087719298,1.3157894736842106,False
ads2_formal_cremad_d03_f0_wavlm_base_plus_A,cremad,3,0,wavlm_base_plus,15,unseen_ce,7,UAR_percent,percentage_points,53.94736842105263,56.14035087719298,2.192982456140351,False
ads2_formal_cremad_d03_f0_wavlm_base_plus_A,cremad,3,0,wavlm_base_plus,15,seen_uar,5,UAR_percent,percentage_points,54.824561403508774,56.14035087719298,1.3157894736842106,False
ads2_formal_cremad_d03_f0_wavlm_base_plus_A,cremad,3,0,wavlm_base_plus,15,unseen_uar,7,UAR_percent,percentage_points,53.94736842105263,56.14035087719298,2.192982456140351,False
ads2_formal_cremad_d03_f0_hubert_base_A,cremad,3,0,hubert_base,15,last,15,UAR_percent,percentage_points,64.47368421052632,64.47368421052632,0.0,False
ads2_formal_cremad_d03_f0_hubert_base_A,cremad,3,0,hubert_base,15,seen_ce,5,UAR_percent,percentage_points,62.280701754385966,64.47368421052632,2.192982456140351,False
ads2_formal_cremad_d03_f0_hubert_base_A,cremad,3,0,hubert_base,15,unseen_ce,5,UAR_percent,percentage_points,62.280701754385966,64.47368421052632,2.192982456140351,False
ads2_formal_cremad_d03_f0_hubert_base_A,cremad,3,0,hubert_base,15,seen_uar,5,UAR_percent,percentage_points,62.280701754385966,64.47368421052632,2.192982456140351,False
ads2_formal_cremad_d03_f0_hubert_base_A,cremad,3,0,hubert_base,15,unseen_uar,9,UAR_percent,percentage_points,56.14035087719298,64.47368421052632,8.333333333333334,False
ads2_formal_cremad_d03_f1_wavlm_base_plus_A,cremad,3,1,wavlm_base_plus,15,last,15,UAR_percent,percentage_points,50.0,57.45614035087719,7.456140350877193,False
ads2_formal_cremad_d03_f1_wavlm_base_plus_A,cremad,3,1,wavlm_base_plus,15,seen_ce,6,UAR_percent,percentage_points,52.19298245614035,57.45614035087719,5.2631578947368425,False
ads2_formal_cremad_d03_f1_wavlm_base_plus_A,cremad,3,1,wavlm_base_plus,15,unseen_ce,4,UAR_percent,percentage_points,55.26315789473684,57.45614035087719,2.192982456140351,False
ads2_formal_cremad_d03_f1_wavlm_base_plus_A,cremad,3,1,wavlm_base_plus,15,seen_uar,11,UAR_percent,percentage_points,57.45614035087719,57.45614035087719,0.0,False
ads2_formal_cremad_d03_f1_wavlm_base_plus_A,cremad,3,1,wavlm_base_plus,15,unseen_uar,11,UAR_percent,percentage_points,57.45614035087719,57.45614035087719,0.0,False
ads2_formal_cremad_d03_f1_hubert_base_A,cremad,3,1,hubert_base,15,last,15,UAR_percent,percentage_points,59.21052631578947,59.21052631578947,0.0,False
ads2_formal_cremad_d03_f1_hubert_base_A,cremad,3,1,hubert_base,15,seen_ce,4,UAR_percent,percentage_points,57.45614035087719,59.21052631578947,1.7543859649122806,False
ads2_formal_cremad_d03_f1_hubert_base_A,cremad,3,1,hubert_base,15,unseen_ce,4,UAR_percent,percentage_points,57.45614035087719,59.21052631578947,1.7543859649122806,False
ads2_formal_cremad_d03_f1_hubert_base_A,cremad,3,1,hubert_base,15,seen_uar,7,UAR_percent,percentage_points,56.14035087719298,59.21052631578947,3.0701754385964914,False
ads2_formal_cremad_d03_f1_hubert_base_A,cremad,3,1,hubert_base,15,unseen_uar,8,UAR_percent,percentage_points,55.70175438596491,59.21052631578947,3.508771929824561,False
ads2_formal_cremad_d03_f2_wavlm_base_plus_A,cremad,3,2,wavlm_base_plus,15,last,15,UAR_percent,percentage_points,48.24561403508772,50.43859649122807,2.192982456140351,False
ads2_formal_cremad_d03_f2_wavlm_base_plus_A,cremad,3,2,wavlm_base_plus,15,seen_ce,4,UAR_percent,percentage_points,44.73684210526316,50.43859649122807,5.701754385964913,False
ads2_formal_cremad_d03_f2_wavlm_base_plus_A,cremad,3,2,wavlm_base_plus,15,unseen_ce,4,UAR_percent,percentage_points,44.73684210526316,50.43859649122807,5.701754385964913,False
ads2_formal_cremad_d03_f2_wavlm_base_plus_A,cremad,3,2,wavlm_base_plus,15,seen_uar,5,UAR_percent,percentage_points,48.68421052631579,50.43859649122807,1.7543859649122806,False
ads2_formal_cremad_d03_f2_wavlm_base_plus_A,cremad,3,2,wavlm_base_plus,15,unseen_uar,11,UAR_percent,percentage_points,50.43859649122807,50.43859649122807,0.0,False
ads2_formal_cremad_d03_f2_hubert_base_A,cremad,3,2,hubert_base,15,last,15,UAR_percent,percentage_points,55.70175438596491,60.08771929824562,4.385964912280702,False
ads2_formal_cremad_d03_f2_hubert_base_A,cremad,3,2,hubert_base,15,seen_ce,4,UAR_percent,percentage_points,53.94736842105263,60.08771929824562,6.140350877192983,False
ads2_formal_cremad_d03_f2_hubert_base_A,cremad,3,2,hubert_base,15,unseen_ce,4,UAR_percent,percentage_points,53.94736842105263,60.08771929824562,6.140350877192983,False
ads2_formal_cremad_d03_f2_hubert_base_A,cremad,3,2,hubert_base,15,seen_uar,8,UAR_percent,percentage_points,60.08771929824562,60.08771929824562,0.0,False
ads2_formal_cremad_d03_f2_hubert_base_A,cremad,3,2,hubert_base,15,unseen_uar,8,UAR_percent,percentage_points,60.08771929824562,60.08771929824562,0.0,False
ads2_formal_cremad_d03_f3_wavlm_base_plus_A,cremad,3,3,wavlm_base_plus,15,last,15,UAR_percent,percentage_points,58.333333333333336,64.70588235294117,6.372549019607843,False
ads2_formal_cremad_d03_f3_wavlm_base_plus_A,cremad,3,3,wavlm_base_plus,15,seen_ce,5,UAR_percent,percentage_points,61.27450980392157,64.70588235294117,3.4313725490196076,False
ads2_formal_cremad_d03_f3_wavlm_base_plus_A,cremad,3,3,wavlm_base_plus,15,unseen_ce,6,UAR_percent,percentage_points,60.294117647058826,64.70588235294117,4.411764705882353,False
ads2_formal_cremad_d03_f3_wavlm_base_plus_A,cremad,3,3,wavlm_base_plus,15,seen_uar,5,UAR_percent,percentage_points,61.27450980392157,64.70588235294117,3.4313725490196076,False
ads2_formal_cremad_d03_f3_wavlm_base_plus_A,cremad,3,3,wavlm_base_plus,15,unseen_uar,6,UAR_percent,percentage_points,60.294117647058826,64.70588235294117,4.411764705882353,False
ads2_formal_cremad_d03_f3_hubert_base_A,cremad,3,3,hubert_base,15,last,15,UAR_percent,percentage_points,64.2156862745098,64.2156862745098,0.0,False
ads2_formal_cremad_d03_f3_hubert_base_A,cremad,3,3,hubert_base,15,seen_ce,6,UAR_percent,percentage_points,63.23529411764706,64.2156862745098,0.9803921568627451,False
ads2_formal_cremad_d03_f3_hubert_base_A,cremad,3,3,hubert_base,15,unseen_ce,5,UAR_percent,percentage_points,63.23529411764706,64.2156862745098,0.9803921568627451,False
ads2_formal_cremad_d03_f3_hubert_base_A,cremad,3,3,hubert_base,15,seen_uar,8,UAR_percent,percentage_points,63.72549019607843,64.2156862745098,0.49019607843137253,False
ads2_formal_cremad_d03_f3_hubert_base_A,cremad,3,3,hubert_base,15,unseen_uar,6,UAR_percent,percentage_points,63.23529411764706,64.2156862745098,0.9803921568627451,False
ads2_formal_cremad_d03_f4_wavlm_base_plus_A,cremad,3,4,wavlm_base_plus,15,last,15,UAR_percent,percentage_points,54.54545454545455,56.56565656565657,2.0202020202020203,False
ads2_formal_cremad_d03_f4_wavlm_base_plus_A,cremad,3,4,wavlm_base_plus,15,seen_ce,9,UAR_percent,percentage_points,56.56565656565657,56.56565656565657,0.0,False
ads2_formal_cremad_d03_f4_wavlm_base_plus_A,cremad,3,4,wavlm_base_plus,15,unseen_ce,9,UAR_percent,percentage_points,56.56565656565657,56.56565656565657,0.0,False
ads2_formal_cremad_d03_f4_wavlm_base_plus_A,cremad,3,4,wavlm_base_plus,15,seen_uar,9,UAR_percent,percentage_points,56.56565656565657,56.56565656565657,0.0,False
ads2_formal_cremad_d03_f4_wavlm_base_plus_A,cremad,3,4,wavlm_base_plus,15,unseen_uar,9,UAR_percent,percentage_points,56.56565656565657,56.56565656565657,0.0,False
ads2_formal_cremad_d03_f4_hubert_base_A,cremad,3,4,hubert_base,15,last,15,UAR_percent,percentage_points,62.121212121212125,62.121212121212125,0.0,False
ads2_formal_cremad_d03_f4_hubert_base_A,cremad,3,4,hubert_base,15,seen_ce,8,UAR_percent,percentage_points,59.09090909090909,62.121212121212125,3.0303030303030303,False
ads2_formal_cremad_d03_f4_hubert_base_A,cremad,3,4,hubert_base,15,unseen_ce,4,UAR_percent,percentage_points,52.525252525252526,62.121212121212125,9.595959595959595,False
ads2_formal_cremad_d03_f4_hubert_base_A,cremad,3,4,hubert_base,15,seen_uar,15,UAR_percent,percentage_points,62.121212121212125,62.121212121212125,0.0,False
ads2_formal_cremad_d03_f4_hubert_base_A,cremad,3,4,hubert_base,15,unseen_uar,14,UAR_percent,percentage_points,61.111111111111114,62.121212121212125,1.0101010101010102,False
ads2_formal_cremad_d04_f0_wavlm_base_plus_A,cremad,4,0,wavlm_base_plus,15,last,15,UAR_percent,percentage_points,61.66166166166166,61.66166166166166,0.0,False
ads2_formal_cremad_d04_f0_wavlm_base_plus_A,cremad,4,0,wavlm_base_plus,15,seen_ce,10,UAR_percent,percentage_points,59.809809809809806,61.66166166166166,1.8518518518518519,False
ads2_formal_cremad_d04_f0_wavlm_base_plus_A,cremad,4,0,wavlm_base_plus,15,unseen_ce,4,UAR_percent,percentage_points,52.56506506506506,61.66166166166166,9.096596596596596,False
ads2_formal_cremad_d04_f0_wavlm_base_plus_A,cremad,4,0,wavlm_base_plus,15,seen_uar,15,UAR_percent,percentage_points,61.66166166166166,61.66166166166166,0.0,False
ads2_formal_cremad_d04_f0_wavlm_base_plus_A,cremad,4,0,wavlm_base_plus,15,unseen_uar,14,UAR_percent,percentage_points,59.83483483483484,61.66166166166166,1.8268268268268268,False
ads2_formal_cremad_d04_f0_hubert_base_A,cremad,4,0,hubert_base,15,last,15,UAR_percent,percentage_points,52.21471471471472,55.805805805805804,3.591091091091091,False
ads2_formal_cremad_d04_f0_hubert_base_A,cremad,4,0,hubert_base,15,seen_ce,5,UAR_percent,percentage_points,48.46096096096096,55.805805805805804,7.344844844844845,False
ads2_formal_cremad_d04_f0_hubert_base_A,cremad,4,0,hubert_base,15,unseen_ce,4,UAR_percent,percentage_points,48.93643643643644,55.805805805805804,6.86936936936937,False
ads2_formal_cremad_d04_f0_hubert_base_A,cremad,4,0,hubert_base,15,seen_uar,11,UAR_percent,percentage_points,55.805805805805804,55.805805805805804,0.0,False
ads2_formal_cremad_d04_f0_hubert_base_A,cremad,4,0,hubert_base,15,unseen_uar,11,UAR_percent,percentage_points,55.805805805805804,55.805805805805804,0.0,False
ads2_formal_cremad_d04_f1_wavlm_base_plus_A,cremad,4,1,wavlm_base_plus,15,last,15,UAR_percent,percentage_points,43.421052631578945,46.49122807017544,3.0701754385964914,False
ads2_formal_cremad_d04_f1_wavlm_base_plus_A,cremad,4,1,wavlm_base_plus,15,seen_ce,2,UAR_percent,percentage_points,41.228070175438596,46.49122807017544,5.2631578947368425,False
ads2_formal_cremad_d04_f1_wavlm_base_plus_A,cremad,4,1,wavlm_base_plus,15,unseen_ce,2,UAR_percent,percentage_points,41.228070175438596,46.49122807017544,5.2631578947368425,False
ads2_formal_cremad_d04_f1_wavlm_base_plus_A,cremad,4,1,wavlm_base_plus,15,seen_uar,13,UAR_percent,percentage_points,42.98245614035088,46.49122807017544,3.508771929824561,False
ads2_formal_cremad_d04_f1_wavlm_base_plus_A,cremad,4,1,wavlm_base_plus,15,unseen_uar,12,UAR_percent,percentage_points,46.49122807017544,46.49122807017544,0.0,False
ads2_formal_cremad_d04_f1_hubert_base_A,cremad,4,1,hubert_base,15,last,15,UAR_percent,percentage_points,55.26315789473684,58.771929824561404,3.508771929824561,False
ads2_formal_cremad_d04_f1_hubert_base_A,cremad,4,1,hubert_base,15,seen_ce,3,UAR_percent,percentage_points,46.92982456140351,58.771929824561404,11.842105263157896,False
ads2_formal_cremad_d04_f1_hubert_base_A,cremad,4,1,hubert_base,15,unseen_ce,3,UAR_percent,percentage_points,46.92982456140351,58.771929824561404,11.842105263157896,False
ads2_formal_cremad_d04_f1_hubert_base_A,cremad,4,1,hubert_base,15,seen_uar,15,UAR_percent,percentage_points,55.26315789473684,58.771929824561404,3.508771929824561,False
ads2_formal_cremad_d04_f1_hubert_base_A,cremad,4,1,hubert_base,15,unseen_uar,15,UAR_percent,percentage_points,55.26315789473684,58.771929824561404,3.508771929824561,False
ads2_formal_cremad_d04_f2_wavlm_base_plus_A,cremad,4,2,wavlm_base_plus,15,last,15,UAR_percent,percentage_points,58.771929824561404,60.526315789473685,1.7543859649122806,False
ads2_formal_cremad_d04_f2_wavlm_base_plus_A,cremad,4,2,wavlm_base_plus,15,seen_ce,8,UAR_percent,percentage_points,59.21052631578947,60.526315789473685,1.3157894736842106,False
ads2_formal_cremad_d04_f2_wavlm_base_plus_A,cremad,4,2,wavlm_base_plus,15,unseen_ce,5,UAR_percent,percentage_points,55.26315789473684,60.526315789473685,5.2631578947368425,False
ads2_formal_cremad_d04_f2_wavlm_base_plus_A,cremad,4,2,wavlm_base_plus,15,seen_uar,13,UAR_percent,percentage_points,58.771929824561404,60.526315789473685,1.7543859649122806,False
ads2_formal_cremad_d04_f2_wavlm_base_plus_A,cremad,4,2,wavlm_base_plus,15,unseen_uar,9,UAR_percent,percentage_points,60.526315789473685,60.526315789473685,0.0,False
ads2_formal_cremad_d04_f2_hubert_base_A,cremad,4,2,hubert_base,15,last,15,UAR_percent,percentage_points,59.21052631578947,65.35087719298245,6.140350877192983,False
ads2_formal_cremad_d04_f2_hubert_base_A,cremad,4,2,hubert_base,15,seen_ce,3,UAR_percent,percentage_points,56.14035087719298,65.35087719298245,9.210526315789474,False
ads2_formal_cremad_d04_f2_hubert_base_A,cremad,4,2,hubert_base,15,unseen_ce,3,UAR_percent,percentage_points,56.14035087719298,65.35087719298245,9.210526315789474,False
ads2_formal_cremad_d04_f2_hubert_base_A,cremad,4,2,hubert_base,15,seen_uar,13,UAR_percent,percentage_points,63.1578947368421,65.35087719298245,2.192982456140351,False
ads2_formal_cremad_d04_f2_hubert_base_A,cremad,4,2,hubert_base,15,unseen_uar,7,UAR_percent,percentage_points,63.59649122807018,65.35087719298245,1.7543859649122806,False
ads2_formal_cremad_d04_f3_wavlm_base_plus_A,cremad,4,3,wavlm_base_plus,15,last,15,UAR_percent,percentage_points,60.294117647058826,60.294117647058826,0.0,False
ads2_formal_cremad_d04_f3_wavlm_base_plus_A,cremad,4,3,wavlm_base_plus,15,seen_ce,10,UAR_percent,percentage_points,56.372549019607845,60.294117647058826,3.9215686274509802,False
ads2_formal_cremad_d04_f3_wavlm_base_plus_A,cremad,4,3,wavlm_base_plus,15,unseen_ce,7,UAR_percent,percentage_points,50.0,60.294117647058826,10.294117647058824,False
ads2_formal_cremad_d04_f3_wavlm_base_plus_A,cremad,4,3,wavlm_base_plus,15,seen_uar,10,UAR_percent,percentage_points,56.372549019607845,60.294117647058826,3.9215686274509802,False
ads2_formal_cremad_d04_f3_wavlm_base_plus_A,cremad,4,3,wavlm_base_plus,15,unseen_uar,10,UAR_percent,percentage_points,56.372549019607845,60.294117647058826,3.9215686274509802,False
ads2_formal_cremad_d04_f3_hubert_base_A,cremad,4,3,hubert_base,15,last,15,UAR_percent,percentage_points,53.431372549019606,63.23529411764706,9.803921568627452,False
ads2_formal_cremad_d04_f3_hubert_base_A,cremad,4,3,hubert_base,15,seen_ce,10,UAR_percent,percentage_points,63.23529411764706,63.23529411764706,0.0,False
ads2_formal_cremad_d04_f3_hubert_base_A,cremad,4,3,hubert_base,15,unseen_ce,5,UAR_percent,percentage_points,56.86274509803921,63.23529411764706,6.372549019607843,False
ads2_formal_cremad_d04_f3_hubert_base_A,cremad,4,3,hubert_base,15,seen_uar,10,UAR_percent,percentage_points,63.23529411764706,63.23529411764706,0.0,False
ads2_formal_cremad_d04_f3_hubert_base_A,cremad,4,3,hubert_base,15,unseen_uar,10,UAR_percent,percentage_points,63.23529411764706,63.23529411764706,0.0,False
ads2_formal_cremad_d04_f4_wavlm_base_plus_A,cremad,4,4,wavlm_base_plus,15,last,15,UAR_percent,percentage_points,62.745098039215684,64.72073677956031,1.9756387403446227,False
ads2_formal_cremad_d04_f4_wavlm_base_plus_A,cremad,4,4,wavlm_base_plus,15,seen_ce,9,UAR_percent,percentage_points,60.85858585858586,64.72073677956031,3.8621509209744502,False
ads2_formal_cremad_d04_f4_wavlm_base_plus_A,cremad,4,4,wavlm_base_plus,15,unseen_ce,9,UAR_percent,percentage_points,60.85858585858586,64.72073677956031,3.8621509209744502,False
ads2_formal_cremad_d04_f4_wavlm_base_plus_A,cremad,4,4,wavlm_base_plus,15,seen_uar,9,UAR_percent,percentage_points,60.85858585858586,64.72073677956031,3.8621509209744502,False
ads2_formal_cremad_d04_f4_wavlm_base_plus_A,cremad,4,4,wavlm_base_plus,15,unseen_uar,11,UAR_percent,percentage_points,64.72073677956031,64.72073677956031,0.0,False
ads2_formal_cremad_d04_f4_hubert_base_A,cremad,4,4,hubert_base,15,last,15,UAR_percent,percentage_points,57.1301247771836,60.75460487225193,3.6244800950683302,False
ads2_formal_cremad_d04_f4_hubert_base_A,cremad,4,4,hubert_base,15,seen_ce,9,UAR_percent,percentage_points,60.75460487225193,60.75460487225193,0.0,False
ads2_formal_cremad_d04_f4_hubert_base_A,cremad,4,4,hubert_base,15,unseen_ce,5,UAR_percent,percentage_points,56.238859180035654,60.75460487225193,4.515745692216281,False
ads2_formal_cremad_d04_f4_hubert_base_A,cremad,4,4,hubert_base,15,seen_uar,9,UAR_percent,percentage_points,60.75460487225193,60.75460487225193,0.0,False
ads2_formal_cremad_d04_f4_hubert_base_A,cremad,4,4,hubert_base,15,unseen_uar,6,UAR_percent,percentage_points,54.188948306595364,60.75460487225193,6.565656565656566,False
ads2_formal_cremad_d05_f0_wavlm_base_plus_A,cremad,5,0,wavlm_base_plus,15,last,15,UAR_percent,percentage_points,58.68895211000474,59.03271692745377,0.343764817449028,False
ads2_formal_cremad_d05_f0_wavlm_base_plus_A,cremad,5,0,wavlm_base_plus,15,seen_ce,5,UAR_percent,percentage_points,51.209103840682786,59.03271692745377,7.823613086770981,False
ads2_formal_cremad_d05_f0_wavlm_base_plus_A,cremad,5,0,wavlm_base_plus,15,unseen_ce,4,UAR_percent,percentage_points,48.885727833096254,59.03271692745377,10.146989094357515,False
ads2_formal_cremad_d05_f0_wavlm_base_plus_A,cremad,5,0,wavlm_base_plus,15,seen_uar,12,UAR_percent,percentage_points,59.03271692745377,59.03271692745377,0.0,False
ads2_formal_cremad_d05_f0_wavlm_base_plus_A,cremad,5,0,wavlm_base_plus,15,unseen_uar,15,UAR_percent,percentage_points,58.68895211000474,59.03271692745377,0.343764817449028,False
ads2_formal_cremad_d05_f0_hubert_base_A,cremad,5,0,hubert_base,15,last,15,UAR_percent,percentage_points,53.88809862494073,54.31484115694642,0.4267425320056899,False
ads2_formal_cremad_d05_f0_hubert_base_A,cremad,5,0,hubert_base,15,seen_ce,4,UAR_percent,percentage_points,47.23802750118539,54.31484115694642,7.076813655761025,False
ads2_formal_cremad_d05_f0_hubert_base_A,cremad,5,0,hubert_base,15,unseen_ce,2,UAR_percent,percentage_points,45.981507823613086,54.31484115694642,8.333333333333334,False
ads2_formal_cremad_d05_f0_hubert_base_A,cremad,5,0,hubert_base,15,seen_uar,5,UAR_percent,percentage_points,48.61308677098151,54.31484115694642,5.701754385964913,False
ads2_formal_cremad_d05_f0_hubert_base_A,cremad,5,0,hubert_base,15,unseen_uar,6,UAR_percent,percentage_points,49.0990990990991,54.31484115694642,5.215742057847321,False
ads2_formal_cremad_d05_f1_wavlm_base_plus_A,cremad,5,1,wavlm_base_plus,15,last,15,UAR_percent,percentage_points,50.42674253200569,57.17164532954007,6.744902797534376,False
ads2_formal_cremad_d05_f1_wavlm_base_plus_A,cremad,5,1,wavlm_base_plus,15,seen_ce,3,UAR_percent,percentage_points,47.46325272641062,57.17164532954007,9.708392603129445,False
ads2_formal_cremad_d05_f1_wavlm_base_plus_A,cremad,5,1,wavlm_base_plus,15,unseen_ce,3,UAR_percent,percentage_points,47.46325272641062,57.17164532954007,9.708392603129445,False
ads2_formal_cremad_d05_f1_wavlm_base_plus_A,cremad,5,1,wavlm_base_plus,15,seen_uar,8,UAR_percent,percentage_points,57.17164532954007,57.17164532954007,0.0,False
ads2_formal_cremad_d05_f1_wavlm_base_plus_A,cremad,5,1,wavlm_base_plus,15,unseen_uar,8,UAR_percent,percentage_points,57.17164532954007,57.17164532954007,0.0,False
ads2_formal_cremad_d05_f1_hubert_base_A,cremad,5,1,hubert_base,15,last,15,UAR_percent,percentage_points,57.479848269321955,60.72783309625415,3.2479848269321954,False
ads2_formal_cremad_d05_f1_hubert_base_A,cremad,5,1,hubert_base,15,seen_ce,5,UAR_percent,percentage_points,60.146989094357515,60.72783309625415,0.5808440018966334,False
ads2_formal_cremad_d05_f1_hubert_base_A,cremad,5,1,hubert_base,15,unseen_ce,2,UAR_percent,percentage_points,55.820293978188715,60.72783309625415,4.907539118065434,False
ads2_formal_cremad_d05_f1_hubert_base_A,cremad,5,1,hubert_base,15,seen_uar,9,UAR_percent,percentage_points,59.26979611190138,60.72783309625415,1.4580369843527738,False
ads2_formal_cremad_d05_f1_hubert_base_A,cremad,5,1,hubert_base,15,unseen_uar,7,UAR_percent,percentage_points,60.72783309625415,60.72783309625415,0.0,False
ads2_formal_cremad_d05_f2_wavlm_base_plus_A,cremad,5,2,wavlm_base_plus,15,last,15,UAR_percent,percentage_points,48.24561403508772,52.19298245614035,3.9473684210526314,False
ads2_formal_cremad_d05_f2_wavlm_base_plus_A,cremad,5,2,wavlm_base_plus,15,seen_ce,4,UAR_percent,percentage_points,50.0,52.19298245614035,2.192982456140351,False
ads2_formal_cremad_d05_f2_wavlm_base_plus_A,cremad,5,2,wavlm_base_plus,15,unseen_ce,4,UAR_percent,percentage_points,50.0,52.19298245614035,2.192982456140351,False
ads2_formal_cremad_d05_f2_wavlm_base_plus_A,cremad,5,2,wavlm_base_plus,15,seen_uar,7,UAR_percent,percentage_points,52.19298245614035,52.19298245614035,0.0,False
ads2_formal_cremad_d05_f2_wavlm_base_plus_A,cremad,5,2,wavlm_base_plus,15,unseen_uar,7,UAR_percent,percentage_points,52.19298245614035,52.19298245614035,0.0,False
ads2_formal_cremad_d05_f2_hubert_base_A,cremad,5,2,hubert_base,15,last,15,UAR_percent,percentage_points,51.31578947368421,53.07017543859649,1.7543859649122806,False
ads2_formal_cremad_d05_f2_hubert_base_A,cremad,5,2,hubert_base,15,seen_ce,4,UAR_percent,percentage_points,44.29824561403509,53.07017543859649,8.771929824561404,False
ads2_formal_cremad_d05_f2_hubert_base_A,cremad,5,2,hubert_base,15,unseen_ce,3,UAR_percent,percentage_points,51.31578947368421,53.07017543859649,1.7543859649122806,False
ads2_formal_cremad_d05_f2_hubert_base_A,cremad,5,2,hubert_base,15,seen_uar,15,UAR_percent,percentage_points,51.31578947368421,53.07017543859649,1.7543859649122806,False
ads2_formal_cremad_d05_f2_hubert_base_A,cremad,5,2,hubert_base,15,unseen_uar,8,UAR_percent,percentage_points,49.56140350877193,53.07017543859649,3.508771929824561,False
ads2_formal_cremad_d05_f3_wavlm_base_plus_A,cremad,5,3,wavlm_base_plus,15,last,15,UAR_percent,percentage_points,53.92156862745098,59.80392156862745,5.882352941176471,False
ads2_formal_cremad_d05_f3_wavlm_base_plus_A,cremad,5,3,wavlm_base_plus,15,seen_ce,8,UAR_percent,percentage_points,59.80392156862745,59.80392156862745,0.0,False
ads2_formal_cremad_d05_f3_wavlm_base_plus_A,cremad,5,3,wavlm_base_plus,15,unseen_ce,8,UAR_percent,percentage_points,59.80392156862745,59.80392156862745,0.0,False
ads2_formal_cremad_d05_f3_wavlm_base_plus_A,cremad,5,3,wavlm_base_plus,15,seen_uar,8,UAR_percent,percentage_points,59.80392156862745,59.80392156862745,0.0,False
ads2_formal_cremad_d05_f3_wavlm_base_plus_A,cremad,5,3,wavlm_base_plus,15,unseen_uar,15,UAR_percent,percentage_points,53.92156862745098,59.80392156862745,5.882352941176471,False
ads2_formal_cremad_d05_f3_hubert_base_A,cremad,5,3,hubert_base,15,last,15,UAR_percent,percentage_points,55.88235294117647,61.76470588235294,5.882352941176471,False
ads2_formal_cremad_d05_f3_hubert_base_A,cremad,5,3,hubert_base,15,seen_ce,5,UAR_percent,percentage_points,53.92156862745098,61.76470588235294,7.8431372549019605,False
ads2_formal_cremad_d05_f3_hubert_base_A,cremad,5,3,hubert_base,15,unseen_ce,5,UAR_percent,percentage_points,53.92156862745098,61.76470588235294,7.8431372549019605,False
ads2_formal_cremad_d05_f3_hubert_base_A,cremad,5,3,hubert_base,15,seen_uar,12,UAR_percent,percentage_points,61.76470588235294,61.76470588235294,0.0,False
ads2_formal_cremad_d05_f3_hubert_base_A,cremad,5,3,hubert_base,15,unseen_uar,12,UAR_percent,percentage_points,61.76470588235294,61.76470588235294,0.0,False
ads2_formal_cremad_d05_f4_wavlm_base_plus_A,cremad,5,4,wavlm_base_plus,15,last,15,UAR_percent,percentage_points,55.88235294117647,55.88235294117647,0.0,False
ads2_formal_cremad_d05_f4_wavlm_base_plus_A,cremad,5,4,wavlm_base_plus,15,seen_ce,7,UAR_percent,percentage_points,52.94117647058823,55.88235294117647,2.9411764705882355,False
ads2_formal_cremad_d05_f4_wavlm_base_plus_A,cremad,5,4,wavlm_base_plus,15,unseen_ce,5,UAR_percent,percentage_points,50.0,55.88235294117647,5.882352941176471,False
ads2_formal_cremad_d05_f4_wavlm_base_plus_A,cremad,5,4,wavlm_base_plus,15,seen_uar,6,UAR_percent,percentage_points,51.470588235294116,55.88235294117647,4.411764705882353,False
ads2_formal_cremad_d05_f4_wavlm_base_plus_A,cremad,5,4,wavlm_base_plus,15,unseen_uar,10,UAR_percent,percentage_points,53.431372549019606,55.88235294117647,2.450980392156863,False
ads2_formal_cremad_d05_f4_hubert_base_A,cremad,5,4,hubert_base,15,last,15,UAR_percent,percentage_points,49.01960784313726,57.35294117647059,8.333333333333334,False
ads2_formal_cremad_d05_f4_hubert_base_A,cremad,5,4,hubert_base,15,seen_ce,5,UAR_percent,percentage_points,57.35294117647059,57.35294117647059,0.0,False
ads2_formal_cremad_d05_f4_hubert_base_A,cremad,5,4,hubert_base,15,unseen_ce,5,UAR_percent,percentage_points,57.35294117647059,57.35294117647059,0.0,False
ads2_formal_cremad_d05_f4_hubert_base_A,cremad,5,4,hubert_base,15,seen_uar,5,UAR_percent,percentage_points,57.35294117647059,57.35294117647059,0.0,False
ads2_formal_cremad_d05_f4_hubert_base_A,cremad,5,4,hubert_base,15,unseen_uar,11,UAR_percent,percentage_points,55.3921568627451,57.35294117647059,1.9607843137254901,False
ads2_formal_cremad_d06_f0_wavlm_base_plus_A,cremad,6,0,wavlm_base_plus,15,last,15,UAR_percent,percentage_points,46.467520151730675,54.30298719772404,7.8354670459933615,False
ads2_formal_cremad_d06_f0_wavlm_base_plus_A,cremad,6,0,wavlm_base_plus,15,seen_ce,10,UAR_percent,percentage_points,54.30298719772404,54.30298719772404,0.0,False
ads2_formal_cremad_d06_f0_wavlm_base_plus_A,cremad,6,0,wavlm_base_plus,15,unseen_ce,3,UAR_percent,percentage_points,44.29824561403509,54.30298719772404,10.004741583688952,False
ads2_formal_cremad_d06_f0_wavlm_base_plus_A,cremad,6,0,wavlm_base_plus,15,seen_uar,10,UAR_percent,percentage_points,54.30298719772404,54.30298719772404,0.0,False
ads2_formal_cremad_d06_f0_wavlm_base_plus_A,cremad,6,0,wavlm_base_plus,15,unseen_uar,10,UAR_percent,percentage_points,54.30298719772404,54.30298719772404,0.0,False
ads2_formal_cremad_d06_f0_hubert_base_A,cremad,6,0,hubert_base,15,last,15,UAR_percent,percentage_points,51.71882408724514,65.33902323376007,13.620199146514937,False
ads2_formal_cremad_d06_f0_hubert_base_A,cremad,6,0,hubert_base,15,seen_ce,10,UAR_percent,percentage_points,65.33902323376007,65.33902323376007,0.0,False
ads2_formal_cremad_d06_f0_hubert_base_A,cremad,6,0,hubert_base,15,unseen_ce,3,UAR_percent,percentage_points,51.75438596491228,65.33902323376007,13.584637268847795,False
ads2_formal_cremad_d06_f0_hubert_base_A,cremad,6,0,hubert_base,15,seen_uar,10,UAR_percent,percentage_points,65.33902323376007,65.33902323376007,0.0,False
ads2_formal_cremad_d06_f0_hubert_base_A,cremad,6,0,hubert_base,15,unseen_uar,12,UAR_percent,percentage_points,60.052157420578475,65.33902323376007,5.286865813181603,False
ads2_formal_cremad_d06_f1_wavlm_base_plus_A,cremad,6,1,wavlm_base_plus,15,last,15,UAR_percent,percentage_points,61.40350877192982,61.40350877192982,0.0,False
ads2_formal_cremad_d06_f1_wavlm_base_plus_A,cremad,6,1,wavlm_base_plus,15,seen_ce,4,UAR_percent,percentage_points,60.08771929824562,61.40350877192982,1.3157894736842106,False
ads2_formal_cremad_d06_f1_wavlm_base_plus_A,cremad,6,1,wavlm_base_plus,15,unseen_ce,6,UAR_percent,percentage_points,59.21052631578947,61.40350877192982,2.192982456140351,False
ads2_formal_cremad_d06_f1_wavlm_base_plus_A,cremad,6,1,wavlm_base_plus,15,seen_uar,13,UAR_percent,percentage_points,61.40350877192982,61.40350877192982,0.0,False
ads2_formal_cremad_d06_f1_wavlm_base_plus_A,cremad,6,1,wavlm_base_plus,15,unseen_uar,14,UAR_percent,percentage_points,59.21052631578947,61.40350877192982,2.192982456140351,False
ads2_formal_cremad_d06_f1_hubert_base_A,cremad,6,1,hubert_base,15,last,15,UAR_percent,percentage_points,55.26315789473684,61.40350877192982,6.140350877192983,False
ads2_formal_cremad_d06_f1_hubert_base_A,cremad,6,1,hubert_base,15,seen_ce,4,UAR_percent,percentage_points,61.40350877192982,61.40350877192982,0.0,False
ads2_formal_cremad_d06_f1_hubert_base_A,cremad,6,1,hubert_base,15,unseen_ce,4,UAR_percent,percentage_points,61.40350877192982,61.40350877192982,0.0,False
ads2_formal_cremad_d06_f1_hubert_base_A,cremad,6,1,hubert_base,15,seen_uar,6,UAR_percent,percentage_points,59.21052631578947,61.40350877192982,2.192982456140351,False
ads2_formal_cremad_d06_f1_hubert_base_A,cremad,6,1,hubert_base,15,unseen_uar,13,UAR_percent,percentage_points,57.01754385964912,61.40350877192982,4.385964912280702,False
ads2_formal_cremad_d06_f2_wavlm_base_plus_A,cremad,6,2,wavlm_base_plus,15,last,15,UAR_percent,percentage_points,58.333333333333336,62.719298245614034,4.385964912280702,False
ads2_formal_cremad_d06_f2_wavlm_base_plus_A,cremad,6,2,wavlm_base_plus,15,seen_ce,6,UAR_percent,percentage_points,60.526315789473685,62.719298245614034,2.192982456140351,False
ads2_formal_cremad_d06_f2_wavlm_base_plus_A,cremad,6,2,wavlm_base_plus,15,unseen_ce,6,UAR_percent,percentage_points,60.526315789473685,62.719298245614034,2.192982456140351,False
ads2_formal_cremad_d06_f2_wavlm_base_plus_A,cremad,6,2,wavlm_base_plus,15,seen_uar,12,UAR_percent,percentage_points,58.771929824561404,62.719298245614034,3.9473684210526314,False
ads2_formal_cremad_d06_f2_wavlm_base_plus_A,cremad,6,2,wavlm_base_plus,15,unseen_uar,14,UAR_percent,percentage_points,61.40350877192982,62.719298245614034,1.3157894736842106,False
ads2_formal_cremad_d06_f2_hubert_base_A,cremad,6,2,hubert_base,15,last,15,UAR_percent,percentage_points,59.21052631578947,59.21052631578947,0.0,False
ads2_formal_cremad_d06_f2_hubert_base_A,cremad,6,2,hubert_base,15,seen_ce,15,UAR_percent,percentage_points,59.21052631578947,59.21052631578947,0.0,False
ads2_formal_cremad_d06_f2_hubert_base_A,cremad,6,2,hubert_base,15,unseen_ce,4,UAR_percent,percentage_points,53.50877192982456,59.21052631578947,5.701754385964913,False
ads2_formal_cremad_d06_f2_hubert_base_A,cremad,6,2,hubert_base,15,seen_uar,15,UAR_percent,percentage_points,59.21052631578947,59.21052631578947,0.0,False
ads2_formal_cremad_d06_f2_hubert_base_A,cremad,6,2,hubert_base,15,unseen_uar,15,UAR_percent,percentage_points,59.21052631578947,59.21052631578947,0.0,False
ads2_formal_cremad_d06_f3_wavlm_base_plus_A,cremad,6,3,wavlm_base_plus,15,last,15,UAR_percent,percentage_points,43.93939393939394,44.41473559120618,0.47534165181224003,False
ads2_formal_cremad_d06_f3_wavlm_base_plus_A,cremad,6,3,wavlm_base_plus,15,seen_ce,8,UAR_percent,percentage_points,43.969102792632206,44.41473559120618,0.44563279857397503,False
ads2_formal_cremad_d06_f3_wavlm_base_plus_A,cremad,6,3,wavlm_base_plus,15,unseen_ce,3,UAR_percent,percentage_points,44.41473559120618,44.41473559120618,0.0,False
ads2_formal_cremad_d06_f3_wavlm_base_plus_A,cremad,6,3,wavlm_base_plus,15,seen_uar,12,UAR_percent,percentage_points,43.47890671420083,44.41473559120618,0.9358288770053476,False
ads2_formal_cremad_d06_f3_wavlm_base_plus_A,cremad,6,3,wavlm_base_plus,15,unseen_uar,8,UAR_percent,percentage_points,43.969102792632206,44.41473559120618,0.44563279857397503,False
ads2_formal_cremad_d06_f3_hubert_base_A,cremad,6,3,hubert_base,15,last,15,UAR_percent,percentage_points,44.637551990493165,54.94652406417112,10.308972073677957,False
ads2_formal_cremad_d06_f3_hubert_base_A,cremad,6,3,hubert_base,15,seen_ce,3,UAR_percent,percentage_points,51.515151515151516,54.94652406417112,3.4313725490196076,False
ads2_formal_cremad_d06_f3_hubert_base_A,cremad,6,3,hubert_base,15,unseen_ce,4,UAR_percent,percentage_points,51.455733808674985,54.94652406417112,3.4907902554961376,False
ads2_formal_cremad_d06_f3_hubert_base_A,cremad,6,3,hubert_base,15,seen_uar,12,UAR_percent,percentage_points,50.01485442661913,54.94652406417112,4.93166963755199,False
ads2_formal_cremad_d06_f3_hubert_base_A,cremad,6,3,hubert_base,15,unseen_uar,8,UAR_percent,percentage_points,54.94652406417112,54.94652406417112,0.0,False
ads2_formal_cremad_d06_f4_wavlm_base_plus_A,cremad,6,4,wavlm_base_plus,15,last,15,UAR_percent,percentage_points,59.49197860962567,62.002376708259064,2.510398098633393,False
ads2_formal_cremad_d06_f4_wavlm_base_plus_A,cremad,6,4,wavlm_base_plus,15,seen_ce,8,UAR_percent,percentage_points,57.991681521093284,62.002376708259064,4.010695187165775,False
ads2_formal_cremad_d06_f4_wavlm_base_plus_A,cremad,6,4,wavlm_base_plus,15,unseen_ce,5,UAR_percent,percentage_points,57.115270350564465,62.002376708259064,4.887106357694593,False
ads2_formal_cremad_d06_f4_wavlm_base_plus_A,cremad,6,4,wavlm_base_plus,15,seen_uar,11,UAR_percent,percentage_points,62.002376708259064,62.002376708259064,0.0,False
ads2_formal_cremad_d06_f4_wavlm_base_plus_A,cremad,6,4,wavlm_base_plus,15,unseen_uar,12,UAR_percent,percentage_points,59.997029114676174,62.002376708259064,2.0053475935828877,False
ads2_formal_cremad_d06_f4_hubert_base_A,cremad,6,4,hubert_base,15,last,15,UAR_percent,percentage_points,65.00297088532383,65.00297088532383,0.0,False
ads2_formal_cremad_d06_f4_hubert_base_A,cremad,6,4,hubert_base,15,seen_ce,4,UAR_percent,percentage_points,57.96197266785502,65.00297088532383,7.040998217468806,False
ads2_formal_cremad_d06_f4_hubert_base_A,cremad,6,4,hubert_base,15,unseen_ce,4,UAR_percent,percentage_points,57.96197266785502,65.00297088532383,7.040998217468806,False
ads2_formal_cremad_d06_f4_hubert_base_A,cremad,6,4,hubert_base,15,seen_uar,15,UAR_percent,percentage_points,65.00297088532383,65.00297088532383,0.0,False
ads2_formal_cremad_d06_f4_hubert_base_A,cremad,6,4,hubert_base,15,unseen_uar,11,UAR_percent,percentage_points,62.10635769459299,65.00297088532383,2.8966131907308377,False
ads2_formal_cremad_d07_f0_wavlm_base_plus_A,cremad,7,0,wavlm_base_plus,15,last,15,UAR_percent,percentage_points,41.228070175438596,51.31578947368421,10.087719298245615,False
ads2_formal_cremad_d07_f0_wavlm_base_plus_A,cremad,7,0,wavlm_base_plus,15,seen_ce,11,UAR_percent,percentage_points,51.31578947368421,51.31578947368421,0.0,False
ads2_formal_cremad_d07_f0_wavlm_base_plus_A,cremad,7,0,wavlm_base_plus,15,unseen_ce,4,UAR_percent,percentage_points,46.92982456140351,51.31578947368421,4.385964912280702,False
ads2_formal_cremad_d07_f0_wavlm_base_plus_A,cremad,7,0,wavlm_base_plus,15,seen_uar,11,UAR_percent,percentage_points,51.31578947368421,51.31578947368421,0.0,False
ads2_formal_cremad_d07_f0_wavlm_base_plus_A,cremad,7,0,wavlm_base_plus,15,unseen_uar,10,UAR_percent,percentage_points,48.24561403508772,51.31578947368421,3.0701754385964914,False
ads2_formal_cremad_d07_f0_hubert_base_A,cremad,7,0,hubert_base,15,last,15,UAR_percent,percentage_points,58.333333333333336,61.40350877192982,3.0701754385964914,False
ads2_formal_cremad_d07_f0_hubert_base_A,cremad,7,0,hubert_base,15,seen_ce,8,UAR_percent,percentage_points,60.96491228070175,61.40350877192982,0.43859649122807015,False
ads2_formal_cremad_d07_f0_hubert_base_A,cremad,7,0,hubert_base,15,unseen_ce,4,UAR_percent,percentage_points,50.87719298245614,61.40350877192982,10.526315789473685,False
ads2_formal_cremad_d07_f0_hubert_base_A,cremad,7,0,hubert_base,15,seen_uar,11,UAR_percent,percentage_points,57.01754385964912,61.40350877192982,4.385964912280702,False
ads2_formal_cremad_d07_f0_hubert_base_A,cremad,7,0,hubert_base,15,unseen_uar,14,UAR_percent,percentage_points,60.96491228070175,61.40350877192982,0.43859649122807015,False
ads2_formal_cremad_d07_f1_wavlm_base_plus_A,cremad,7,1,wavlm_base_plus,15,last,15,UAR_percent,percentage_points,60.96491228070175,61.40350877192982,0.43859649122807015,False
ads2_formal_cremad_d07_f1_wavlm_base_plus_A,cremad,7,1,wavlm_base_plus,15,seen_ce,5,UAR_percent,percentage_points,56.578947368421055,61.40350877192982,4.824561403508772,False
ads2_formal_cremad_d07_f1_wavlm_base_plus_A,cremad,7,1,wavlm_base_plus,15,unseen_ce,5,UAR_percent,percentage_points,56.578947368421055,61.40350877192982,4.824561403508772,False
ads2_formal_cremad_d07_f1_wavlm_base_plus_A,cremad,7,1,wavlm_base_plus,15,seen_uar,11,UAR_percent,percentage_points,60.08771929824562,61.40350877192982,1.3157894736842106,False
ads2_formal_cremad_d07_f1_wavlm_base_plus_A,cremad,7,1,wavlm_base_plus,15,unseen_uar,5,UAR_percent,percentage_points,56.578947368421055,61.40350877192982,4.824561403508772,False
ads2_formal_cremad_d07_f1_hubert_base_A,cremad,7,1,hubert_base,15,last,15,UAR_percent,percentage_points,53.07017543859649,59.64912280701754,6.578947368421052,False
ads2_formal_cremad_d07_f1_hubert_base_A,cremad,7,1,hubert_base,15,seen_ce,7,UAR_percent,percentage_points,57.89473684210526,59.64912280701754,1.7543859649122806,False
ads2_formal_cremad_d07_f1_hubert_base_A,cremad,7,1,hubert_base,15,unseen_ce,5,UAR_percent,percentage_points,59.21052631578947,59.64912280701754,0.43859649122807015,False
ads2_formal_cremad_d07_f1_hubert_base_A,cremad,7,1,hubert_base,15,seen_uar,9,UAR_percent,percentage_points,57.45614035087719,59.64912280701754,2.192982456140351,False
ads2_formal_cremad_d07_f1_hubert_base_A,cremad,7,1,hubert_base,15,unseen_uar,9,UAR_percent,percentage_points,57.45614035087719,59.64912280701754,2.192982456140351,False
ads2_formal_cremad_d07_f2_wavlm_base_plus_A,cremad,7,2,wavlm_base_plus,15,last,15,UAR_percent,percentage_points,50.60455192034139,59.340919867235655,8.736367946894262,False
ads2_formal_cremad_d07_f2_wavlm_base_plus_A,cremad,7,2,wavlm_base_plus,15,seen_ce,4,UAR_percent,percentage_points,51.8610715979137,59.340919867235655,7.479848269321954,False
ads2_formal_cremad_d07_f2_wavlm_base_plus_A,cremad,7,2,wavlm_base_plus,15,unseen_ce,4,UAR_percent,percentage_points,51.8610715979137,59.340919867235655,7.479848269321954,False
ads2_formal_cremad_d07_f2_wavlm_base_plus_A,cremad,7,2,wavlm_base_plus,15,seen_uar,14,UAR_percent,percentage_points,54.94310099573257,59.340919867235655,4.397818871503082,False
ads2_formal_cremad_d07_f2_wavlm_base_plus_A,cremad,7,2,wavlm_base_plus,15,unseen_uar,11,UAR_percent,percentage_points,57.491702228544334,59.340919867235655,1.8492176386913228,False
ads2_formal_cremad_d07_f2_hubert_base_A,cremad,7,2,hubert_base,15,last,15,UAR_percent,percentage_points,55.76102418207682,58.99715504978663,3.2361308677098153,False
ads2_formal_cremad_d07_f2_hubert_base_A,cremad,7,2,hubert_base,15,seen_ce,3,UAR_percent,percentage_points,58.4755808440019,58.99715504978663,0.5215742057847321,False
ads2_formal_cremad_d07_f2_hubert_base_A,cremad,7,2,hubert_base,15,unseen_ce,4,UAR_percent,percentage_points,54.113323850165955,58.99715504978663,4.883831199620674,False
ads2_formal_cremad_d07_f2_hubert_base_A,cremad,7,2,hubert_base,15,seen_uar,12,UAR_percent,percentage_points,58.99715504978663,58.99715504978663,0.0,False
ads2_formal_cremad_d07_f2_hubert_base_A,cremad,7,2,hubert_base,15,unseen_uar,9,UAR_percent,percentage_points,58.866761498340445,58.99715504978663,0.13039355144618303,False
ads2_formal_cremad_d07_f3_wavlm_base_plus_A,cremad,7,3,wavlm_base_plus,15,last,15,UAR_percent,percentage_points,56.74390968508616,60.20499108734403,3.461081402257873,False
ads2_formal_cremad_d07_f3_wavlm_base_plus_A,cremad,7,3,wavlm_base_plus,15,seen_ce,10,UAR_percent,percentage_points,60.20499108734403,60.20499108734403,0.0,False
ads2_formal_cremad_d07_f3_wavlm_base_plus_A,cremad,7,3,wavlm_base_plus,15,unseen_ce,5,UAR_percent,percentage_points,55.82293523469994,60.20499108734403,4.382055852644088,False
ads2_formal_cremad_d07_f3_wavlm_base_plus_A,cremad,7,3,wavlm_base_plus,15,seen_uar,10,UAR_percent,percentage_points,60.20499108734403,60.20499108734403,0.0,False
ads2_formal_cremad_d07_f3_wavlm_base_plus_A,cremad,7,3,wavlm_base_plus,15,unseen_uar,5,UAR_percent,percentage_points,55.82293523469994,60.20499108734403,4.382055852644088,False
ads2_formal_cremad_d07_f3_hubert_base_A,cremad,7,3,hubert_base,15,last,15,UAR_percent,percentage_points,54.17409387997623,57.1301247771836,2.9560308972073677,False
ads2_formal_cremad_d07_f3_hubert_base_A,cremad,7,3,hubert_base,15,seen_ce,5,UAR_percent,percentage_points,52.83719548425431,57.1301247771836,4.292929292929293,False
ads2_formal_cremad_d07_f3_hubert_base_A,cremad,7,3,hubert_base,15,unseen_ce,5,UAR_percent,percentage_points,52.83719548425431,57.1301247771836,4.292929292929293,False
ads2_formal_cremad_d07_f3_hubert_base_A,cremad,7,3,hubert_base,15,seen_uar,14,UAR_percent,percentage_points,56.66963755199049,57.1301247771836,0.46048722519310753,False
ads2_formal_cremad_d07_f3_hubert_base_A,cremad,7,3,hubert_base,15,unseen_uar,14,UAR_percent,percentage_points,56.66963755199049,57.1301247771836,0.46048722519310753,False
ads2_formal_cremad_d07_f4_wavlm_base_plus_A,cremad,7,4,wavlm_base_plus,15,last,15,UAR_percent,percentage_points,50.490196078431374,56.372549019607845,5.882352941176471,False
ads2_formal_cremad_d07_f4_wavlm_base_plus_A,cremad,7,4,wavlm_base_plus,15,seen_ce,4,UAR_percent,percentage_points,54.90196078431372,56.372549019607845,1.4705882352941178,False
ads2_formal_cremad_d07_f4_wavlm_base_plus_A,cremad,7,4,wavlm_base_plus,15,unseen_ce,4,UAR_percent,percentage_points,54.90196078431372,56.372549019607845,1.4705882352941178,False
ads2_formal_cremad_d07_f4_wavlm_base_plus_A,cremad,7,4,wavlm_base_plus,15,seen_uar,11,UAR_percent,percentage_points,55.3921568627451,56.372549019607845,0.9803921568627451,False
ads2_formal_cremad_d07_f4_wavlm_base_plus_A,cremad,7,4,wavlm_base_plus,15,unseen_uar,11,UAR_percent,percentage_points,55.3921568627451,56.372549019607845,0.9803921568627451,False
ads2_formal_cremad_d07_f4_hubert_base_A,cremad,7,4,hubert_base,15,last,15,UAR_percent,percentage_points,64.70588235294117,65.68627450980392,0.9803921568627451,False
ads2_formal_cremad_d07_f4_hubert_base_A,cremad,7,4,hubert_base,15,seen_ce,6,UAR_percent,percentage_points,62.254901960784316,65.68627450980392,3.4313725490196076,False
ads2_formal_cremad_d07_f4_hubert_base_A,cremad,7,4,hubert_base,15,unseen_ce,4,UAR_percent,percentage_points,59.80392156862745,65.68627450980392,5.882352941176471,False
ads2_formal_cremad_d07_f4_hubert_base_A,cremad,7,4,hubert_base,15,seen_uar,11,UAR_percent,percentage_points,65.68627450980392,65.68627450980392,0.0,False
ads2_formal_cremad_d07_f4_hubert_base_A,cremad,7,4,hubert_base,15,unseen_uar,15,UAR_percent,percentage_points,64.70588235294117,65.68627450980392,0.9803921568627451,False
ads2_formal_cremad_d08_f0_wavlm_base_plus_A,cremad,8,0,wavlm_base_plus,15,last,15,UAR_percent,percentage_points,50.43859649122807,53.50877192982456,3.0701754385964914,False
ads2_formal_cremad_d08_f0_wavlm_base_plus_A,cremad,8,0,wavlm_base_plus,15,seen_ce,5,UAR_percent,percentage_points,49.56140350877193,53.50877192982456,3.9473684210526314,False
ads2_formal_cremad_d08_f0_wavlm_base_plus_A,cremad,8,0,wavlm_base_plus,15,unseen_ce,5,UAR_percent,percentage_points,49.56140350877193,53.50877192982456,3.9473684210526314,False
ads2_formal_cremad_d08_f0_wavlm_base_plus_A,cremad,8,0,wavlm_base_plus,15,seen_uar,15,UAR_percent,percentage_points,50.43859649122807,53.50877192982456,3.0701754385964914,False
ads2_formal_cremad_d08_f0_wavlm_base_plus_A,cremad,8,0,wavlm_base_plus,15,unseen_uar,14,UAR_percent,percentage_points,53.50877192982456,53.50877192982456,0.0,False
ads2_formal_cremad_d08_f0_hubert_base_A,cremad,8,0,hubert_base,15,last,15,UAR_percent,percentage_points,51.31578947368421,54.3859649122807,3.0701754385964914,False
ads2_formal_cremad_d08_f0_hubert_base_A,cremad,8,0,hubert_base,15,seen_ce,7,UAR_percent,percentage_points,53.94736842105263,54.3859649122807,0.43859649122807015,False
ads2_formal_cremad_d08_f0_hubert_base_A,cremad,8,0,hubert_base,15,unseen_ce,6,UAR_percent,percentage_points,50.43859649122807,54.3859649122807,3.9473684210526314,False
ads2_formal_cremad_d08_f0_hubert_base_A,cremad,8,0,hubert_base,15,seen_uar,9,UAR_percent,percentage_points,54.3859649122807,54.3859649122807,0.0,False
ads2_formal_cremad_d08_f0_hubert_base_A,cremad,8,0,hubert_base,15,unseen_uar,7,UAR_percent,percentage_points,53.94736842105263,54.3859649122807,0.43859649122807015,False
ads2_formal_cremad_d08_f1_wavlm_base_plus_A,cremad,8,1,wavlm_base_plus,15,last,15,UAR_percent,percentage_points,53.02275960170697,55.203888098624944,2.1811284969179705,False
ads2_formal_cremad_d08_f1_wavlm_base_plus_A,cremad,8,1,wavlm_base_plus,15,seen_ce,6,UAR_percent,percentage_points,54.76529160739687,55.203888098624944,0.43859649122807015,False
ads2_formal_cremad_d08_f1_wavlm_base_plus_A,cremad,8,1,wavlm_base_plus,15,unseen_ce,6,UAR_percent,percentage_points,54.76529160739687,55.203888098624944,0.43859649122807015,False
ads2_formal_cremad_d08_f1_wavlm_base_plus_A,cremad,8,1,wavlm_base_plus,15,seen_uar,10,UAR_percent,percentage_points,53.47321005215742,55.203888098624944,1.7306780464675202,False
ads2_formal_cremad_d08_f1_wavlm_base_plus_A,cremad,8,1,wavlm_base_plus,15,unseen_uar,14,UAR_percent,percentage_points,54.76529160739687,55.203888098624944,0.43859649122807015,False
ads2_formal_cremad_d08_f1_hubert_base_A,cremad,8,1,hubert_base,15,last,15,UAR_percent,percentage_points,52.53674727358938,58.25035561877667,5.713608345187293,False
ads2_formal_cremad_d08_f1_hubert_base_A,cremad,8,1,hubert_base,15,seen_ce,6,UAR_percent,percentage_points,53.86439070649597,58.25035561877667,4.385964912280702,False
ads2_formal_cremad_d08_f1_hubert_base_A,cremad,8,1,hubert_base,15,unseen_ce,6,UAR_percent,percentage_points,53.86439070649597,58.25035561877667,4.385964912280702,False
ads2_formal_cremad_d08_f1_hubert_base_A,cremad,8,1,hubert_base,15,seen_uar,14,UAR_percent,percentage_points,58.25035561877667,58.25035561877667,0.0,False
ads2_formal_cremad_d08_f1_hubert_base_A,cremad,8,1,hubert_base,15,unseen_uar,14,UAR_percent,percentage_points,58.25035561877667,58.25035561877667,0.0,False
ads2_formal_cremad_d08_f2_wavlm_base_plus_A,cremad,8,2,wavlm_base_plus,15,last,15,UAR_percent,percentage_points,54.054054054054056,59.45945945945946,5.405405405405405,False
ads2_formal_cremad_d08_f2_wavlm_base_plus_A,cremad,8,2,wavlm_base_plus,15,seen_ce,5,UAR_percent,percentage_points,59.45945945945946,59.45945945945946,0.0,False
ads2_formal_cremad_d08_f2_wavlm_base_plus_A,cremad,8,2,wavlm_base_plus,15,unseen_ce,5,UAR_percent,percentage_points,59.45945945945946,59.45945945945946,0.0,False
ads2_formal_cremad_d08_f2_wavlm_base_plus_A,cremad,8,2,wavlm_base_plus,15,seen_uar,7,UAR_percent,percentage_points,57.207207207207205,59.45945945945946,2.2522522522522523,False
ads2_formal_cremad_d08_f2_wavlm_base_plus_A,cremad,8,2,wavlm_base_plus,15,unseen_uar,7,UAR_percent,percentage_points,57.207207207207205,59.45945945945946,2.2522522522522523,False
ads2_formal_cremad_d08_f2_hubert_base_A,cremad,8,2,hubert_base,15,last,15,UAR_percent,percentage_points,49.0990990990991,62.612612612612615,13.513513513513514,False
ads2_formal_cremad_d08_f2_hubert_base_A,cremad,8,2,hubert_base,15,seen_ce,7,UAR_percent,percentage_points,62.612612612612615,62.612612612612615,0.0,False
ads2_formal_cremad_d08_f2_hubert_base_A,cremad,8,2,hubert_base,15,unseen_ce,2,UAR_percent,percentage_points,54.5045045045045,62.612612612612615,8.108108108108109,False
ads2_formal_cremad_d08_f2_hubert_base_A,cremad,8,2,hubert_base,15,seen_uar,7,UAR_percent,percentage_points,62.612612612612615,62.612612612612615,0.0,False
ads2_formal_cremad_d08_f2_hubert_base_A,cremad,8,2,hubert_base,15,unseen_uar,7,UAR_percent,percentage_points,62.612612612612615,62.612612612612615,0.0,False
ads2_formal_cremad_d08_f3_wavlm_base_plus_A,cremad,8,3,wavlm_base_plus,15,last,15,UAR_percent,percentage_points,54.486036838978016,59.98217468805704,5.496137849079026,False
ads2_formal_cremad_d08_f3_wavlm_base_plus_A,cremad,8,3,wavlm_base_plus,15,seen_ce,7,UAR_percent,percentage_points,56.96672608437314,59.98217468805704,3.0154486036838977,False
ads2_formal_cremad_d08_f3_wavlm_base_plus_A,cremad,8,3,wavlm_base_plus,15,unseen_ce,2,UAR_percent,percentage_points,44.1027926322044,59.98217468805704,15.879382055852645,False
ads2_formal_cremad_d08_f3_wavlm_base_plus_A,cremad,8,3,wavlm_base_plus,15,seen_uar,7,UAR_percent,percentage_points,56.96672608437314,59.98217468805704,3.0154486036838977,False
ads2_formal_cremad_d08_f3_wavlm_base_plus_A,cremad,8,3,wavlm_base_plus,15,unseen_uar,13,UAR_percent,percentage_points,59.98217468805704,59.98217468805704,0.0,False
ads2_formal_cremad_d08_f3_hubert_base_A,cremad,8,3,hubert_base,15,last,15,UAR_percent,percentage_points,54.0701128936423,59.90790255496138,5.837789661319073,False
ads2_formal_cremad_d08_f3_hubert_base_A,cremad,8,3,hubert_base,15,seen_ce,7,UAR_percent,percentage_points,57.055852644087935,59.90790255496138,2.8520499108734403,False
ads2_formal_cremad_d08_f3_hubert_base_A,cremad,8,3,hubert_base,15,unseen_ce,3,UAR_percent,percentage_points,59.43256090314914,59.90790255496138,0.47534165181224003,False
ads2_formal_cremad_d08_f3_hubert_base_A,cremad,8,3,hubert_base,15,seen_uar,14,UAR_percent,percentage_points,59.90790255496138,59.90790255496138,0.0,False
ads2_formal_cremad_d08_f3_hubert_base_A,cremad,8,3,hubert_base,15,unseen_uar,14,UAR_percent,percentage_points,59.90790255496138,59.90790255496138,0.0,False
ads2_formal_cremad_d08_f4_wavlm_base_plus_A,cremad,8,4,wavlm_base_plus,15,last,15,UAR_percent,percentage_points,55.55555555555556,61.111111111111114,5.555555555555555,False
ads2_formal_cremad_d08_f4_wavlm_base_plus_A,cremad,8,4,wavlm_base_plus,15,seen_ce,5,UAR_percent,percentage_points,56.06060606060606,61.111111111111114,5.05050505050505,False
ads2_formal_cremad_d08_f4_wavlm_base_plus_A,cremad,8,4,wavlm_base_plus,15,unseen_ce,5,UAR_percent,percentage_points,56.06060606060606,61.111111111111114,5.05050505050505,False
ads2_formal_cremad_d08_f4_wavlm_base_plus_A,cremad,8,4,wavlm_base_plus,15,seen_uar,14,UAR_percent,percentage_points,61.111111111111114,61.111111111111114,0.0,False
ads2_formal_cremad_d08_f4_wavlm_base_plus_A,cremad,8,4,wavlm_base_plus,15,unseen_uar,14,UAR_percent,percentage_points,61.111111111111114,61.111111111111114,0.0,False
ads2_formal_cremad_d08_f4_hubert_base_A,cremad,8,4,hubert_base,15,last,15,UAR_percent,percentage_points,58.08080808080808,60.101010101010104,2.0202020202020203,False
ads2_formal_cremad_d08_f4_hubert_base_A,cremad,8,4,hubert_base,15,seen_ce,7,UAR_percent,percentage_points,59.09090909090909,60.101010101010104,1.0101010101010102,False
ads2_formal_cremad_d08_f4_hubert_base_A,cremad,8,4,hubert_base,15,unseen_ce,7,UAR_percent,percentage_points,59.09090909090909,60.101010101010104,1.0101010101010102,False
ads2_formal_cremad_d08_f4_hubert_base_A,cremad,8,4,hubert_base,15,seen_uar,9,UAR_percent,percentage_points,60.101010101010104,60.101010101010104,0.0,False
ads2_formal_cremad_d08_f4_hubert_base_A,cremad,8,4,hubert_base,15,unseen_uar,12,UAR_percent,percentage_points,57.07070707070707,60.101010101010104,3.0303030303030303,False
ads2_formal_cremad_d09_f0_wavlm_base_plus_A,cremad,9,0,wavlm_base_plus,15,last,15,UAR_percent,percentage_points,54.3859649122807,56.578947368421055,2.192982456140351,False
ads2_formal_cremad_d09_f0_wavlm_base_plus_A,cremad,9,0,wavlm_base_plus,15,seen_ce,12,UAR_percent,percentage_points,56.578947368421055,56.578947368421055,0.0,False
ads2_formal_cremad_d09_f0_wavlm_base_plus_A,cremad,9,0,wavlm_base_plus,15,unseen_ce,12,UAR_percent,percentage_points,56.578947368421055,56.578947368421055,0.0,False
ads2_formal_cremad_d09_f0_wavlm_base_plus_A,cremad,9,0,wavlm_base_plus,15,seen_uar,12,UAR_percent,percentage_points,56.578947368421055,56.578947368421055,0.0,False
ads2_formal_cremad_d09_f0_wavlm_base_plus_A,cremad,9,0,wavlm_base_plus,15,unseen_uar,12,UAR_percent,percentage_points,56.578947368421055,56.578947368421055,0.0,False
ads2_formal_cremad_d09_f0_hubert_base_A,cremad,9,0,hubert_base,15,last,15,UAR_percent,percentage_points,56.578947368421055,58.333333333333336,1.7543859649122806,False
ads2_formal_cremad_d09_f0_hubert_base_A,cremad,9,0,hubert_base,15,seen_ce,7,UAR_percent,percentage_points,54.824561403508774,58.333333333333336,3.508771929824561,False
ads2_formal_cremad_d09_f0_hubert_base_A,cremad,9,0,hubert_base,15,unseen_ce,7,UAR_percent,percentage_points,54.824561403508774,58.333333333333336,3.508771929824561,False
ads2_formal_cremad_d09_f0_hubert_base_A,cremad,9,0,hubert_base,15,seen_uar,10,UAR_percent,percentage_points,58.333333333333336,58.333333333333336,0.0,False
ads2_formal_cremad_d09_f0_hubert_base_A,cremad,9,0,hubert_base,15,unseen_uar,10,UAR_percent,percentage_points,58.333333333333336,58.333333333333336,0.0,False
ads2_formal_cremad_d09_f1_wavlm_base_plus_A,cremad,9,1,wavlm_base_plus,15,last,15,UAR_percent,percentage_points,45.175438596491226,54.3859649122807,9.210526315789474,False
ads2_formal_cremad_d09_f1_wavlm_base_plus_A,cremad,9,1,wavlm_base_plus,15,seen_ce,4,UAR_percent,percentage_points,47.80701754385965,54.3859649122807,6.578947368421052,False
ads2_formal_cremad_d09_f1_wavlm_base_plus_A,cremad,9,1,wavlm_base_plus,15,unseen_ce,4,UAR_percent,percentage_points,47.80701754385965,54.3859649122807,6.578947368421052,False
ads2_formal_cremad_d09_f1_wavlm_base_plus_A,cremad,9,1,wavlm_base_plus,15,seen_uar,14,UAR_percent,percentage_points,54.3859649122807,54.3859649122807,0.0,False
ads2_formal_cremad_d09_f1_wavlm_base_plus_A,cremad,9,1,wavlm_base_plus,15,unseen_uar,14,UAR_percent,percentage_points,54.3859649122807,54.3859649122807,0.0,False
ads2_formal_cremad_d09_f1_hubert_base_A,cremad,9,1,hubert_base,15,last,15,UAR_percent,percentage_points,53.50877192982456,57.45614035087719,3.9473684210526314,False
ads2_formal_cremad_d09_f1_hubert_base_A,cremad,9,1,hubert_base,15,seen_ce,8,UAR_percent,percentage_points,57.01754385964912,57.45614035087719,0.43859649122807015,False
ads2_formal_cremad_d09_f1_hubert_base_A,cremad,9,1,hubert_base,15,unseen_ce,6,UAR_percent,percentage_points,51.75438596491228,57.45614035087719,5.701754385964913,False
ads2_formal_cremad_d09_f1_hubert_base_A,cremad,9,1,hubert_base,15,seen_uar,11,UAR_percent,percentage_points,56.578947368421055,57.45614035087719,0.8771929824561403,False
ads2_formal_cremad_d09_f1_hubert_base_A,cremad,9,1,hubert_base,15,unseen_uar,11,UAR_percent,percentage_points,56.578947368421055,57.45614035087719,0.8771929824561403,False
ads2_formal_cremad_d09_f2_wavlm_base_plus_A,cremad,9,2,wavlm_base_plus,15,last,15,UAR_percent,percentage_points,51.2037037037037,56.851851851851855,5.648148148148148,False
ads2_formal_cremad_d09_f2_wavlm_base_plus_A,cremad,9,2,wavlm_base_plus,15,seen_ce,6,UAR_percent,percentage_points,54.03439153439153,56.851851851851855,2.8174603174603177,False
ads2_formal_cremad_d09_f2_wavlm_base_plus_A,cremad,9,2,wavlm_base_plus,15,unseen_ce,6,UAR_percent,percentage_points,54.03439153439153,56.851851851851855,2.8174603174603177,False
ads2_formal_cremad_d09_f2_wavlm_base_plus_A,cremad,9,2,wavlm_base_plus,15,seen_uar,14,UAR_percent,percentage_points,56.851851851851855,56.851851851851855,0.0,False
ads2_formal_cremad_d09_f2_wavlm_base_plus_A,cremad,9,2,wavlm_base_plus,15,unseen_uar,12,UAR_percent,percentage_points,53.51851851851852,56.851851851851855,3.3333333333333335,False
ads2_formal_cremad_d09_f2_hubert_base_A,cremad,9,2,hubert_base,15,last,15,UAR_percent,percentage_points,50.17195767195767,59.04761904761905,8.875661375661375,False
ads2_formal_cremad_d09_f2_hubert_base_A,cremad,9,2,hubert_base,15,seen_ce,6,UAR_percent,percentage_points,59.04761904761905,59.04761904761905,0.0,False
ads2_formal_cremad_d09_f2_hubert_base_A,cremad,9,2,hubert_base,15,unseen_ce,6,UAR_percent,percentage_points,59.04761904761905,59.04761904761905,0.0,False
ads2_formal_cremad_d09_f2_hubert_base_A,cremad,9,2,hubert_base,15,seen_uar,10,UAR_percent,percentage_points,55.357142857142854,59.04761904761905,3.6904761904761907,False
ads2_formal_cremad_d09_f2_hubert_base_A,cremad,9,2,hubert_base,15,unseen_uar,6,UAR_percent,percentage_points,59.04761904761905,59.04761904761905,0.0,False
ads2_formal_cremad_d09_f3_wavlm_base_plus_A,cremad,9,3,wavlm_base_plus,15,last,15,UAR_percent,percentage_points,54.411764705882355,56.86274509803921,2.450980392156863,False
ads2_formal_cremad_d09_f3_wavlm_base_plus_A,cremad,9,3,wavlm_base_plus,15,seen_ce,9,UAR_percent,percentage_points,56.372549019607845,56.86274509803921,0.49019607843137253,False
ads2_formal_cremad_d09_f3_wavlm_base_plus_A,cremad,9,3,wavlm_base_plus,15,unseen_ce,9,UAR_percent,percentage_points,56.372549019607845,56.86274509803921,0.49019607843137253,False
ads2_formal_cremad_d09_f3_wavlm_base_plus_A,cremad,9,3,wavlm_base_plus,15,seen_uar,9,UAR_percent,percentage_points,56.372549019607845,56.86274509803921,0.49019607843137253,False
ads2_formal_cremad_d09_f3_wavlm_base_plus_A,cremad,9,3,wavlm_base_plus,15,unseen_uar,9,UAR_percent,percentage_points,56.372549019607845,56.86274509803921,0.49019607843137253,False
ads2_formal_cremad_d09_f3_hubert_base_A,cremad,9,3,hubert_base,15,last,15,UAR_percent,percentage_points,60.294117647058826,63.72549019607843,3.4313725490196076,False
ads2_formal_cremad_d09_f3_hubert_base_A,cremad,9,3,hubert_base,15,seen_ce,5,UAR_percent,percentage_points,55.3921568627451,63.72549019607843,8.333333333333334,False
ads2_formal_cremad_d09_f3_hubert_base_A,cremad,9,3,hubert_base,15,unseen_ce,5,UAR_percent,percentage_points,55.3921568627451,63.72549019607843,8.333333333333334,False
ads2_formal_cremad_d09_f3_hubert_base_A,cremad,9,3,hubert_base,15,seen_uar,14,UAR_percent,percentage_points,62.745098039215684,63.72549019607843,0.9803921568627451,False
ads2_formal_cremad_d09_f3_hubert_base_A,cremad,9,3,hubert_base,15,unseen_uar,14,UAR_percent,percentage_points,62.745098039215684,63.72549019607843,0.9803921568627451,False
ads2_formal_cremad_d09_f4_wavlm_base_plus_A,cremad,9,4,wavlm_base_plus,15,last,15,UAR_percent,percentage_points,62.745098039215684,64.2156862745098,1.4705882352941178,False
ads2_formal_cremad_d09_f4_wavlm_base_plus_A,cremad,9,4,wavlm_base_plus,15,seen_ce,8,UAR_percent,percentage_points,63.72549019607843,64.2156862745098,0.49019607843137253,False
ads2_formal_cremad_d09_f4_wavlm_base_plus_A,cremad,9,4,wavlm_base_plus,15,unseen_ce,8,UAR_percent,percentage_points,63.72549019607843,64.2156862745098,0.49019607843137253,False
ads2_formal_cremad_d09_f4_wavlm_base_plus_A,cremad,9,4,wavlm_base_plus,15,seen_uar,13,UAR_percent,percentage_points,64.2156862745098,64.2156862745098,0.0,False
ads2_formal_cremad_d09_f4_wavlm_base_plus_A,cremad,9,4,wavlm_base_plus,15,unseen_uar,13,UAR_percent,percentage_points,64.2156862745098,64.2156862745098,0.0,False
ads2_formal_cremad_d09_f4_hubert_base_A,cremad,9,4,hubert_base,15,last,15,UAR_percent,percentage_points,51.470588235294116,59.31372549019608,7.8431372549019605,False
ads2_formal_cremad_d09_f4_hubert_base_A,cremad,9,4,hubert_base,15,seen_ce,6,UAR_percent,percentage_points,57.35294117647059,59.31372549019608,1.9607843137254901,False
ads2_formal_cremad_d09_f4_hubert_base_A,cremad,9,4,hubert_base,15,unseen_ce,5,UAR_percent,percentage_points,59.31372549019608,59.31372549019608,0.0,False
ads2_formal_cremad_d09_f4_hubert_base_A,cremad,9,4,hubert_base,15,seen_uar,7,UAR_percent,percentage_points,56.86274509803921,59.31372549019608,2.450980392156863,False
ads2_formal_cremad_d09_f4_hubert_base_A,cremad,9,4,hubert_base,15,unseen_uar,5,UAR_percent,percentage_points,59.31372549019608,59.31372549019608,0.0,False
ads2_formal_cremad_d10_f0_wavlm_base_plus_A,cremad,10,0,wavlm_base_plus,15,last,15,UAR_percent,percentage_points,49.834044570886675,54.729729729729726,4.895685158843054,False
ads2_formal_cremad_d10_f0_wavlm_base_plus_A,cremad,10,0,wavlm_base_plus,15,seen_ce,4,UAR_percent,percentage_points,47.96111901375059,54.729729729729726,6.768610715979137,False
ads2_formal_cremad_d10_f0_wavlm_base_plus_A,cremad,10,0,wavlm_base_plus,15,unseen_ce,4,UAR_percent,percentage_points,47.96111901375059,54.729729729729726,6.768610715979137,False
ads2_formal_cremad_d10_f0_wavlm_base_plus_A,cremad,10,0,wavlm_base_plus,15,seen_uar,5,UAR_percent,percentage_points,54.19630156472262,54.729729729729726,0.5334281650071123,False
ads2_formal_cremad_d10_f0_wavlm_base_plus_A,cremad,10,0,wavlm_base_plus,15,unseen_uar,9,UAR_percent,percentage_points,54.729729729729726,54.729729729729726,0.0,False
ads2_formal_cremad_d10_f0_hubert_base_A,cremad,10,0,hubert_base,15,last,15,UAR_percent,percentage_points,54.587482219061165,58.19108582266477,3.6036036036036037,False
ads2_formal_cremad_d10_f0_hubert_base_A,cremad,10,0,hubert_base,15,seen_ce,5,UAR_percent,percentage_points,55.97439544807966,58.19108582266477,2.2166903745851116,False
ads2_formal_cremad_d10_f0_hubert_base_A,cremad,10,0,hubert_base,15,unseen_ce,3,UAR_percent,percentage_points,56.0099573257468,58.19108582266477,2.1811284969179705,False
ads2_formal_cremad_d10_f0_hubert_base_A,cremad,10,0,hubert_base,15,seen_uar,7,UAR_percent,percentage_points,51.99146514935989,58.19108582266477,6.199620673304884,False
ads2_formal_cremad_d10_f0_hubert_base_A,cremad,10,0,hubert_base,15,unseen_uar,3,UAR_percent,percentage_points,56.0099573257468,58.19108582266477,2.1811284969179705,False
ads2_formal_cremad_d10_f1_wavlm_base_plus_A,cremad,10,1,wavlm_base_plus,15,last,15,UAR_percent,percentage_points,40.4457088667615,50.22522522522522,9.779516358463727,False
ads2_formal_cremad_d10_f1_wavlm_base_plus_A,cremad,10,1,wavlm_base_plus,15,seen_ce,5,UAR_percent,percentage_points,45.75628259838786,50.22522522522522,4.4689426268373635,False
ads2_formal_cremad_d10_f1_wavlm_base_plus_A,cremad,10,1,wavlm_base_plus,15,unseen_ce,5,UAR_percent,percentage_points,45.75628259838786,50.22522522522522,4.4689426268373635,False
ads2_formal_cremad_d10_f1_wavlm_base_plus_A,cremad,10,1,wavlm_base_plus,15,seen_uar,9,UAR_percent,percentage_points,48.020388809862496,50.22522522522522,2.204836415362731,False
ads2_formal_cremad_d10_f1_wavlm_base_plus_A,cremad,10,1,wavlm_base_plus,15,unseen_uar,9,UAR_percent,percentage_points,48.020388809862496,50.22522522522522,2.204836415362731,False
ads2_formal_cremad_d10_f1_hubert_base_A,cremad,10,1,hubert_base,15,last,15,UAR_percent,percentage_points,64.7226173541963,64.7226173541963,0.0,False
ads2_formal_cremad_d10_f1_hubert_base_A,cremad,10,1,hubert_base,15,seen_ce,6,UAR_percent,percentage_points,59.388335704125176,64.7226173541963,5.334281650071124,False
ads2_formal_cremad_d10_f1_hubert_base_A,cremad,10,1,hubert_base,15,unseen_ce,6,UAR_percent,percentage_points,59.388335704125176,64.7226173541963,5.334281650071124,False
ads2_formal_cremad_d10_f1_hubert_base_A,cremad,10,1,hubert_base,15,seen_uar,11,UAR_percent,percentage_points,63.75059269796112,64.7226173541963,0.9720246562351825,False
ads2_formal_cremad_d10_f1_hubert_base_A,cremad,10,1,hubert_base,15,unseen_uar,15,UAR_percent,percentage_points,64.7226173541963,64.7226173541963,0.0,False
ads2_formal_cremad_d10_f2_wavlm_base_plus_A,cremad,10,2,wavlm_base_plus,15,last,15,UAR_percent,percentage_points,40.78947368421053,56.14035087719298,15.350877192982455,False
ads2_formal_cremad_d10_f2_wavlm_base_plus_A,cremad,10,2,wavlm_base_plus,15,seen_ce,6,UAR_percent,percentage_points,52.63157894736842,56.14035087719298,3.508771929824561,False
ads2_formal_cremad_d10_f2_wavlm_base_plus_A,cremad,10,2,wavlm_base_plus,15,unseen_ce,6,UAR_percent,percentage_points,52.63157894736842,56.14035087719298,3.508771929824561,False
ads2_formal_cremad_d10_f2_wavlm_base_plus_A,cremad,10,2,wavlm_base_plus,15,seen_uar,12,UAR_percent,percentage_points,56.14035087719298,56.14035087719298,0.0,False
ads2_formal_cremad_d10_f2_wavlm_base_plus_A,cremad,10,2,wavlm_base_plus,15,unseen_uar,9,UAR_percent,percentage_points,53.94736842105263,56.14035087719298,2.192982456140351,False
ads2_formal_cremad_d10_f2_hubert_base_A,cremad,10,2,hubert_base,15,last,15,UAR_percent,percentage_points,65.78947368421052,66.2280701754386,0.43859649122807015,False
ads2_formal_cremad_d10_f2_hubert_base_A,cremad,10,2,hubert_base,15,seen_ce,9,UAR_percent,percentage_points,66.2280701754386,66.2280701754386,0.0,False
ads2_formal_cremad_d10_f2_hubert_base_A,cremad,10,2,hubert_base,15,unseen_ce,6,UAR_percent,percentage_points,60.08771929824562,66.2280701754386,6.140350877192983,False
ads2_formal_cremad_d10_f2_hubert_base_A,cremad,10,2,hubert_base,15,seen_uar,9,UAR_percent,percentage_points,66.2280701754386,66.2280701754386,0.0,False
ads2_formal_cremad_d10_f2_hubert_base_A,cremad,10,2,hubert_base,15,unseen_uar,15,UAR_percent,percentage_points,65.78947368421052,66.2280701754386,0.43859649122807015,False
ads2_formal_cremad_d10_f3_wavlm_base_plus_A,cremad,10,3,wavlm_base_plus,15,last,15,UAR_percent,percentage_points,65.19607843137256,65.19607843137256,0.0,False
ads2_formal_cremad_d10_f3_wavlm_base_plus_A,cremad,10,3,wavlm_base_plus,15,seen_ce,5,UAR_percent,percentage_points,63.23529411764706,65.19607843137256,1.9607843137254901,False
ads2_formal_cremad_d10_f3_wavlm_base_plus_A,cremad,10,3,wavlm_base_plus,15,unseen_ce,5,UAR_percent,percentage_points,63.23529411764706,65.19607843137256,1.9607843137254901,False
ads2_formal_cremad_d10_f3_wavlm_base_plus_A,cremad,10,3,wavlm_base_plus,15,seen_uar,9,UAR_percent,percentage_points,63.23529411764706,65.19607843137256,1.9607843137254901,False
ads2_formal_cremad_d10_f3_wavlm_base_plus_A,cremad,10,3,wavlm_base_plus,15,unseen_uar,9,UAR_percent,percentage_points,63.23529411764706,65.19607843137256,1.9607843137254901,False
ads2_formal_cremad_d10_f3_hubert_base_A,cremad,10,3,hubert_base,15,last,15,UAR_percent,percentage_points,55.3921568627451,61.76470588235294,6.372549019607843,False
ads2_formal_cremad_d10_f3_hubert_base_A,cremad,10,3,hubert_base,15,seen_ce,4,UAR_percent,percentage_points,53.92156862745098,61.76470588235294,7.8431372549019605,False
ads2_formal_cremad_d10_f3_hubert_base_A,cremad,10,3,hubert_base,15,unseen_ce,3,UAR_percent,percentage_points,51.470588235294116,61.76470588235294,10.294117647058824,False
ads2_formal_cremad_d10_f3_hubert_base_A,cremad,10,3,hubert_base,15,seen_uar,11,UAR_percent,percentage_points,60.294117647058826,61.76470588235294,1.4705882352941178,False
ads2_formal_cremad_d10_f3_hubert_base_A,cremad,10,3,hubert_base,15,unseen_uar,7,UAR_percent,percentage_points,61.76470588235294,61.76470588235294,0.0,False
ads2_formal_cremad_d10_f4_wavlm_base_plus_A,cremad,10,4,wavlm_base_plus,15,last,15,UAR_percent,percentage_points,46.28639334521687,55.16934046345811,8.882947118241235,False
ads2_formal_cremad_d10_f4_wavlm_base_plus_A,cremad,10,4,wavlm_base_plus,15,seen_ce,8,UAR_percent,percentage_points,55.16934046345811,55.16934046345811,0.0,False
ads2_formal_cremad_d10_f4_wavlm_base_plus_A,cremad,10,4,wavlm_base_plus,15,unseen_ce,8,UAR_percent,percentage_points,55.16934046345811,55.16934046345811,0.0,False
ads2_formal_cremad_d10_f4_wavlm_base_plus_A,cremad,10,4,wavlm_base_plus,15,seen_uar,12,UAR_percent,percentage_points,53.62448009506833,55.16934046345811,1.5448603683897801,False
ads2_formal_cremad_d10_f4_wavlm_base_plus_A,cremad,10,4,wavlm_base_plus,15,unseen_uar,8,UAR_percent,percentage_points,55.16934046345811,55.16934046345811,0.0,False
ads2_formal_cremad_d10_f4_hubert_base_A,cremad,10,4,hubert_base,15,last,15,UAR_percent,percentage_points,48.20261437908497,59.135472370766486,10.932857991681521,False
ads2_formal_cremad_d10_f4_hubert_base_A,cremad,10,4,hubert_base,15,seen_ce,8,UAR_percent,percentage_points,57.204396910279264,59.135472370766486,1.9310754604872251,False
ads2_formal_cremad_d10_f4_hubert_base_A,cremad,10,4,hubert_base,15,unseen_ce,2,UAR_percent,percentage_points,49.88116458704694,59.135472370766486,9.254307783719549,False
ads2_formal_cremad_d10_f4_hubert_base_A,cremad,10,4,hubert_base,15,seen_uar,10,UAR_percent,percentage_points,53.22341057635175,59.135472370766486,5.912061794414735,False
ads2_formal_cremad_d10_f4_hubert_base_A,cremad,10,4,hubert_base,15,unseen_uar,8,UAR_percent,percentage_points,57.204396910279264,59.135472370766486,1.9310754604872251,False
ads2_formal_cremad_d11_f0_wavlm_base_plus_A,cremad,11,0,wavlm_base_plus,15,last,15,UAR_percent,percentage_points,42.86391654812707,49.86960644855382,7.005689900426742,False
ads2_formal_cremad_d11_f0_wavlm_base_plus_A,cremad,11,0,wavlm_base_plus,15,seen_ce,4,UAR_percent,percentage_points,46.894262683736365,49.86960644855382,2.975343764817449,False
ads2_formal_cremad_d11_f0_wavlm_base_plus_A,cremad,11,0,wavlm_base_plus,15,unseen_ce,4,UAR_percent,percentage_points,46.894262683736365,49.86960644855382,2.975343764817449,False
ads2_formal_cremad_d11_f0_wavlm_base_plus_A,cremad,11,0,wavlm_base_plus,15,seen_uar,9,UAR_percent,percentage_points,49.49027975343765,49.86960644855382,0.3793266951161688,False
ads2_formal_cremad_d11_f0_wavlm_base_plus_A,cremad,11,0,wavlm_base_plus,15,unseen_uar,9,UAR_percent,percentage_points,49.49027975343765,49.86960644855382,0.3793266951161688,False
ads2_formal_cremad_d11_f0_hubert_base_A,cremad,11,0,hubert_base,15,last,15,UAR_percent,percentage_points,50.39118065433855,55.66619250829777,5.275011853959223,False
ads2_formal_cremad_d11_f0_hubert_base_A,cremad,11,0,hubert_base,15,seen_ce,3,UAR_percent,percentage_points,49.41915599810336,55.66619250829777,6.2470365101944045,False
ads2_formal_cremad_d11_f0_hubert_base_A,cremad,11,0,hubert_base,15,unseen_ce,3,UAR_percent,percentage_points,49.41915599810336,55.66619250829777,6.2470365101944045,False
ads2_formal_cremad_d11_f0_hubert_base_A,cremad,11,0,hubert_base,15,seen_uar,11,UAR_percent,percentage_points,53.4257942152679,55.66619250829777,2.240398293029872,False
ads2_formal_cremad_d11_f0_hubert_base_A,cremad,11,0,hubert_base,15,unseen_uar,14,UAR_percent,percentage_points,49.976292081555236,55.66619250829777,5.689900426742532,False
ads2_formal_cremad_d11_f1_wavlm_base_plus_A,cremad,11,1,wavlm_base_plus,15,last,15,UAR_percent,percentage_points,58.333333333333336,58.333333333333336,0.0,False
ads2_formal_cremad_d11_f1_wavlm_base_plus_A,cremad,11,1,wavlm_base_plus,15,seen_ce,7,UAR_percent,percentage_points,52.65528686581318,58.333333333333336,5.678046467520152,False
ads2_formal_cremad_d11_f1_wavlm_base_plus_A,cremad,11,1,wavlm_base_plus,15,unseen_ce,7,UAR_percent,percentage_points,52.65528686581318,58.333333333333336,5.678046467520152,False
ads2_formal_cremad_d11_f1_wavlm_base_plus_A,cremad,11,1,wavlm_base_plus,15,seen_uar,14,UAR_percent,percentage_points,52.99905168326221,58.333333333333336,5.334281650071124,False
ads2_formal_cremad_d11_f1_wavlm_base_plus_A,cremad,11,1,wavlm_base_plus,15,unseen_uar,15,UAR_percent,percentage_points,58.333333333333336,58.333333333333336,0.0,False
ads2_formal_cremad_d11_f1_hubert_base_A,cremad,11,1,hubert_base,15,last,15,UAR_percent,percentage_points,52.93978188715031,58.66524419155998,5.725462304409673,False
ads2_formal_cremad_d11_f1_hubert_base_A,cremad,11,1,hubert_base,15,seen_ce,6,UAR_percent,percentage_points,57.40872451398767,58.66524419155998,1.256519677572309,False
ads2_formal_cremad_d11_f1_hubert_base_A,cremad,11,1,hubert_base,15,unseen_ce,7,UAR_percent,percentage_points,58.66524419155998,58.66524419155998,0.0,False
ads2_formal_cremad_d11_f1_hubert_base_A,cremad,11,1,hubert_base,15,seen_uar,13,UAR_percent,percentage_points,57.78805120910384,58.66524419155998,0.8771929824561403,False
ads2_formal_cremad_d11_f1_hubert_base_A,cremad,11,1,hubert_base,15,unseen_uar,7,UAR_percent,percentage_points,58.66524419155998,58.66524419155998,0.0,False
ads2_formal_cremad_d11_f2_wavlm_base_plus_A,cremad,11,2,wavlm_base_plus,15,last,15,UAR_percent,percentage_points,54.3859649122807,60.526315789473685,6.140350877192983,False
ads2_formal_cremad_d11_f2_wavlm_base_plus_A,cremad,11,2,wavlm_base_plus,15,seen_ce,4,UAR_percent,percentage_points,60.526315789473685,60.526315789473685,0.0,False
ads2_formal_cremad_d11_f2_wavlm_base_plus_A,cremad,11,2,wavlm_base_plus,15,unseen_ce,4,UAR_percent,percentage_points,60.526315789473685,60.526315789473685,0.0,False
ads2_formal_cremad_d11_f2_wavlm_base_plus_A,cremad,11,2,wavlm_base_plus,15,seen_uar,10,UAR_percent,percentage_points,58.333333333333336,60.526315789473685,2.192982456140351,False
ads2_formal_cremad_d11_f2_wavlm_base_plus_A,cremad,11,2,wavlm_base_plus,15,unseen_uar,10,UAR_percent,percentage_points,58.333333333333336,60.526315789473685,2.192982456140351,False
ads2_formal_cremad_d11_f2_hubert_base_A,cremad,11,2,hubert_base,15,last,15,UAR_percent,percentage_points,59.21052631578947,59.21052631578947,0.0,False
ads2_formal_cremad_d11_f2_hubert_base_A,cremad,11,2,hubert_base,15,seen_ce,4,UAR_percent,percentage_points,55.70175438596491,59.21052631578947,3.508771929824561,False
ads2_formal_cremad_d11_f2_hubert_base_A,cremad,11,2,hubert_base,15,unseen_ce,4,UAR_percent,percentage_points,55.70175438596491,59.21052631578947,3.508771929824561,False
ads2_formal_cremad_d11_f2_hubert_base_A,cremad,11,2,hubert_base,15,seen_uar,10,UAR_percent,percentage_points,56.578947368421055,59.21052631578947,2.6315789473684212,False
ads2_formal_cremad_d11_f2_hubert_base_A,cremad,11,2,hubert_base,15,unseen_uar,11,UAR_percent,percentage_points,55.26315789473684,59.21052631578947,3.9473684210526314,False
ads2_formal_cremad_d11_f3_wavlm_base_plus_A,cremad,11,3,wavlm_base_plus,15,last,15,UAR_percent,percentage_points,58.8235294117647,66.66666666666667,7.8431372549019605,False
ads2_formal_cremad_d11_f3_wavlm_base_plus_A,cremad,11,3,wavlm_base_plus,15,seen_ce,6,UAR_percent,percentage_points,66.66666666666667,66.66666666666667,0.0,False
ads2_formal_cremad_d11_f3_wavlm_base_plus_A,cremad,11,3,wavlm_base_plus,15,unseen_ce,6,UAR_percent,percentage_points,66.66666666666667,66.66666666666667,0.0,False
ads2_formal_cremad_d11_f3_wavlm_base_plus_A,cremad,11,3,wavlm_base_plus,15,seen_uar,6,UAR_percent,percentage_points,66.66666666666667,66.66666666666667,0.0,False
ads2_formal_cremad_d11_f3_wavlm_base_plus_A,cremad,11,3,wavlm_base_plus,15,unseen_uar,9,UAR_percent,percentage_points,61.76470588235294,66.66666666666667,4.901960784313726,False
ads2_formal_cremad_d11_f3_hubert_base_A,cremad,11,3,hubert_base,15,last,15,UAR_percent,percentage_points,65.68627450980392,68.62745098039215,2.9411764705882355,False
ads2_formal_cremad_d11_f3_hubert_base_A,cremad,11,3,hubert_base,15,seen_ce,6,UAR_percent,percentage_points,64.2156862745098,68.62745098039215,4.411764705882353,False
ads2_formal_cremad_d11_f3_hubert_base_A,cremad,11,3,hubert_base,15,unseen_ce,6,UAR_percent,percentage_points,64.2156862745098,68.62745098039215,4.411764705882353,False
ads2_formal_cremad_d11_f3_hubert_base_A,cremad,11,3,hubert_base,15,seen_uar,12,UAR_percent,percentage_points,65.68627450980392,68.62745098039215,2.9411764705882355,False
ads2_formal_cremad_d11_f3_hubert_base_A,cremad,11,3,hubert_base,15,unseen_uar,12,UAR_percent,percentage_points,65.68627450980392,68.62745098039215,2.9411764705882355,False
ads2_formal_cremad_d11_f4_wavlm_base_plus_A,cremad,11,4,wavlm_base_plus,15,last,15,UAR_percent,percentage_points,54.64943553178847,57.144979203802734,2.4955436720142603,False
ads2_formal_cremad_d11_f4_wavlm_base_plus_A,cremad,11,4,wavlm_base_plus,15,seen_ce,7,UAR_percent,percentage_points,53.71360665478313,57.144979203802734,3.4313725490196076,False
ads2_formal_cremad_d11_f4_wavlm_base_plus_A,cremad,11,4,wavlm_base_plus,15,unseen_ce,6,UAR_percent,percentage_points,57.0855614973262,57.144979203802734,0.059417706476530004,False
ads2_formal_cremad_d11_f4_wavlm_base_plus_A,cremad,11,4,wavlm_base_plus,15,seen_uar,7,UAR_percent,percentage_points,53.71360665478313,57.144979203802734,3.4313725490196076,False
ads2_formal_cremad_d11_f4_wavlm_base_plus_A,cremad,11,4,wavlm_base_plus,15,unseen_uar,12,UAR_percent,percentage_points,54.188948306595364,57.144979203802734,2.9560308972073677,False
ads2_formal_cremad_d11_f4_hubert_base_A,cremad,11,4,hubert_base,15,last,15,UAR_percent,percentage_points,54.72370766488414,60.650623885918,5.926916221033868,False
ads2_formal_cremad_d11_f4_hubert_base_A,cremad,11,4,hubert_base,15,seen_ce,7,UAR_percent,percentage_points,56.209150326797385,60.650623885918,4.441473559120618,False
ads2_formal_cremad_d11_f4_hubert_base_A,cremad,11,4,hubert_base,15,unseen_ce,4,UAR_percent,percentage_points,60.650623885918,60.650623885918,0.0,False
ads2_formal_cremad_d11_f4_hubert_base_A,cremad,11,4,hubert_base,15,seen_uar,7,UAR_percent,percentage_points,56.209150326797385,60.650623885918,4.441473559120618,False
ads2_formal_cremad_d11_f4_hubert_base_A,cremad,11,4,hubert_base,15,unseen_uar,13,UAR_percent,percentage_points,57.219251336898395,60.650623885918,3.4313725490196076,False
ads2_formal_cremad_d12_f0_wavlm_base_plus_A,cremad,12,0,wavlm_base_plus,15,last,15,UAR_percent,percentage_points,44.29824561403509,49.56140350877193,5.2631578947368425,False
ads2_formal_cremad_d12_f0_wavlm_base_plus_A,cremad,12,0,wavlm_base_plus,15,seen_ce,4,UAR_percent,percentage_points,47.36842105263158,49.56140350877193,2.192982456140351,False
ads2_formal_cremad_d12_f0_wavlm_base_plus_A,cremad,12,0,wavlm_base_plus,15,unseen_ce,4,UAR_percent,percentage_points,47.36842105263158,49.56140350877193,2.192982456140351,False
ads2_formal_cremad_d12_f0_wavlm_base_plus_A,cremad,12,0,wavlm_base_plus,15,seen_uar,10,UAR_percent,percentage_points,46.92982456140351,49.56140350877193,2.6315789473684212,False
ads2_formal_cremad_d12_f0_wavlm_base_plus_A,cremad,12,0,wavlm_base_plus,15,unseen_uar,13,UAR_percent,percentage_points,46.49122807017544,49.56140350877193,3.0701754385964914,False
ads2_formal_cremad_d12_f0_hubert_base_A,cremad,12,0,hubert_base,15,last,15,UAR_percent,percentage_points,51.31578947368421,55.70175438596491,4.385964912280702,False
ads2_formal_cremad_d12_f0_hubert_base_A,cremad,12,0,hubert_base,15,seen_ce,6,UAR_percent,percentage_points,50.0,55.70175438596491,5.701754385964913,False
ads2_formal_cremad_d12_f0_hubert_base_A,cremad,12,0,hubert_base,15,unseen_ce,2,UAR_percent,percentage_points,43.421052631578945,55.70175438596491,12.280701754385966,False
ads2_formal_cremad_d12_f0_hubert_base_A,cremad,12,0,hubert_base,15,seen_uar,11,UAR_percent,percentage_points,55.26315789473684,55.70175438596491,0.43859649122807015,False
ads2_formal_cremad_d12_f0_hubert_base_A,cremad,12,0,hubert_base,15,unseen_uar,14,UAR_percent,percentage_points,54.824561403508774,55.70175438596491,0.8771929824561403,False
ads2_formal_cremad_d12_f1_wavlm_base_plus_A,cremad,12,1,wavlm_base_plus,15,last,15,UAR_percent,percentage_points,55.26315789473684,59.64912280701754,4.385964912280702,False
ads2_formal_cremad_d12_f1_wavlm_base_plus_A,cremad,12,1,wavlm_base_plus,15,seen_ce,6,UAR_percent,percentage_points,53.94736842105263,59.64912280701754,5.701754385964913,False
ads2_formal_cremad_d12_f1_wavlm_base_plus_A,cremad,12,1,wavlm_base_plus,15,unseen_ce,6,UAR_percent,percentage_points,53.94736842105263,59.64912280701754,5.701754385964913,False
ads2_formal_cremad_d12_f1_wavlm_base_plus_A,cremad,12,1,wavlm_base_plus,15,seen_uar,13,UAR_percent,percentage_points,54.3859649122807,59.64912280701754,5.2631578947368425,False
ads2_formal_cremad_d12_f1_wavlm_base_plus_A,cremad,12,1,wavlm_base_plus,15,unseen_uar,13,UAR_percent,percentage_points,54.3859649122807,59.64912280701754,5.2631578947368425,False
ads2_formal_cremad_d12_f1_hubert_base_A,cremad,12,1,hubert_base,15,last,15,UAR_percent,percentage_points,60.526315789473685,65.35087719298245,4.824561403508772,False
ads2_formal_cremad_d12_f1_hubert_base_A,cremad,12,1,hubert_base,15,seen_ce,6,UAR_percent,percentage_points,62.280701754385966,65.35087719298245,3.0701754385964914,False
ads2_formal_cremad_d12_f1_hubert_base_A,cremad,12,1,hubert_base,15,unseen_ce,6,UAR_percent,percentage_points,62.280701754385966,65.35087719298245,3.0701754385964914,False
ads2_formal_cremad_d12_f1_hubert_base_A,cremad,12,1,hubert_base,15,seen_uar,14,UAR_percent,percentage_points,64.03508771929825,65.35087719298245,1.3157894736842106,False
ads2_formal_cremad_d12_f1_hubert_base_A,cremad,12,1,hubert_base,15,unseen_uar,12,UAR_percent,percentage_points,62.280701754385966,65.35087719298245,3.0701754385964914,False
ads2_formal_cremad_d12_f2_wavlm_base_plus_A,cremad,12,2,wavlm_base_plus,15,last,15,UAR_percent,percentage_points,47.36842105263158,49.56140350877193,2.192982456140351,False
ads2_formal_cremad_d12_f2_wavlm_base_plus_A,cremad,12,2,wavlm_base_plus,15,seen_ce,5,UAR_percent,percentage_points,47.36842105263158,49.56140350877193,2.192982456140351,False
ads2_formal_cremad_d12_f2_wavlm_base_plus_A,cremad,12,2,wavlm_base_plus,15,unseen_ce,3,UAR_percent,percentage_points,47.80701754385965,49.56140350877193,1.7543859649122806,False
ads2_formal_cremad_d12_f2_wavlm_base_plus_A,cremad,12,2,wavlm_base_plus,15,seen_uar,5,UAR_percent,percentage_points,47.36842105263158,49.56140350877193,2.192982456140351,False
ads2_formal_cremad_d12_f2_wavlm_base_plus_A,cremad,12,2,wavlm_base_plus,15,unseen_uar,5,UAR_percent,percentage_points,47.36842105263158,49.56140350877193,2.192982456140351,False
ads2_formal_cremad_d12_f2_hubert_base_A,cremad,12,2,hubert_base,15,last,15,UAR_percent,percentage_points,47.80701754385965,53.07017543859649,5.2631578947368425,False
ads2_formal_cremad_d12_f2_hubert_base_A,cremad,12,2,hubert_base,15,seen_ce,5,UAR_percent,percentage_points,49.12280701754386,53.07017543859649,3.9473684210526314,False
ads2_formal_cremad_d12_f2_hubert_base_A,cremad,12,2,hubert_base,15,unseen_ce,3,UAR_percent,percentage_points,51.31578947368421,53.07017543859649,1.7543859649122806,False
ads2_formal_cremad_d12_f2_hubert_base_A,cremad,12,2,hubert_base,15,seen_uar,3,UAR_percent,percentage_points,51.31578947368421,53.07017543859649,1.7543859649122806,False
ads2_formal_cremad_d12_f2_hubert_base_A,cremad,12,2,hubert_base,15,unseen_uar,3,UAR_percent,percentage_points,51.31578947368421,53.07017543859649,1.7543859649122806,False
ads2_formal_cremad_d12_f3_wavlm_base_plus_A,cremad,12,3,wavlm_base_plus,15,last,15,UAR_percent,percentage_points,60.101010101010104,62.121212121212125,2.0202020202020203,False
ads2_formal_cremad_d12_f3_wavlm_base_plus_A,cremad,12,3,wavlm_base_plus,15,seen_ce,4,UAR_percent,percentage_points,60.60606060606061,62.121212121212125,1.5151515151515151,False
ads2_formal_cremad_d12_f3_wavlm_base_plus_A,cremad,12,3,wavlm_base_plus,15,unseen_ce,4,UAR_percent,percentage_points,60.60606060606061,62.121212121212125,1.5151515151515151,False
ads2_formal_cremad_d12_f3_wavlm_base_plus_A,cremad,12,3,wavlm_base_plus,15,seen_uar,9,UAR_percent,percentage_points,61.61616161616162,62.121212121212125,0.5050505050505051,False
ads2_formal_cremad_d12_f3_wavlm_base_plus_A,cremad,12,3,wavlm_base_plus,15,unseen_uar,9,UAR_percent,percentage_points,61.61616161616162,62.121212121212125,0.5050505050505051,False
ads2_formal_cremad_d12_f3_hubert_base_A,cremad,12,3,hubert_base,15,last,15,UAR_percent,percentage_points,58.58585858585859,63.63636363636363,5.05050505050505,False
ads2_formal_cremad_d12_f3_hubert_base_A,cremad,12,3,hubert_base,15,seen_ce,7,UAR_percent,percentage_points,55.55555555555556,63.63636363636363,8.080808080808081,False
ads2_formal_cremad_d12_f3_hubert_base_A,cremad,12,3,hubert_base,15,unseen_ce,4,UAR_percent,percentage_points,58.58585858585859,63.63636363636363,5.05050505050505,False
ads2_formal_cremad_d12_f3_hubert_base_A,cremad,12,3,hubert_base,15,seen_uar,9,UAR_percent,percentage_points,63.63636363636363,63.63636363636363,0.0,False
ads2_formal_cremad_d12_f3_hubert_base_A,cremad,12,3,hubert_base,15,unseen_uar,15,UAR_percent,percentage_points,58.58585858585859,63.63636363636363,5.05050505050505,False
ads2_formal_cremad_d12_f4_wavlm_base_plus_A,cremad,12,4,wavlm_base_plus,15,last,15,UAR_percent,percentage_points,58.199643493761144,58.199643493761144,0.0,False
ads2_formal_cremad_d12_f4_wavlm_base_plus_A,cremad,12,4,wavlm_base_plus,15,seen_ce,6,UAR_percent,percentage_points,53.83244206773619,58.199643493761144,4.367201426024955,False
ads2_formal_cremad_d12_f4_wavlm_base_plus_A,cremad,12,4,wavlm_base_plus,15,unseen_ce,6,UAR_percent,percentage_points,53.83244206773619,58.199643493761144,4.367201426024955,False
ads2_formal_cremad_d12_f4_wavlm_base_plus_A,cremad,12,4,wavlm_base_plus,15,seen_uar,13,UAR_percent,percentage_points,54.263220439691025,58.199643493761144,3.936423054070113,False
ads2_formal_cremad_d12_f4_wavlm_base_plus_A,cremad,12,4,wavlm_base_plus,15,unseen_uar,13,UAR_percent,percentage_points,54.263220439691025,58.199643493761144,3.936423054070113,False
ads2_formal_cremad_d12_f4_hubert_base_A,cremad,12,4,hubert_base,15,last,15,UAR_percent,percentage_points,57.70944741532977,59.194890077243016,1.4854426619132501,False
ads2_formal_cremad_d12_f4_hubert_base_A,cremad,12,4,hubert_base,15,seen_ce,5,UAR_percent,percentage_points,54.233511586452764,59.194890077243016,4.961378490790255,False
ads2_formal_cremad_d12_f4_hubert_base_A,cremad,12,4,hubert_base,15,unseen_ce,5,UAR_percent,percentage_points,54.233511586452764,59.194890077243016,4.961378490790255,False
ads2_formal_cremad_d12_f4_hubert_base_A,cremad,12,4,hubert_base,15,seen_uar,12,UAR_percent,percentage_points,59.194890077243016,59.194890077243016,0.0,False
ads2_formal_cremad_d12_f4_hubert_base_A,cremad,12,4,hubert_base,15,unseen_uar,5,UAR_percent,percentage_points,54.233511586452764,59.194890077243016,4.961378490790255,False
ads2_formal_cremad_d13_f0_wavlm_base_plus_A,cremad,13,0,wavlm_base_plus,15,last,15,UAR_percent,percentage_points,50.87719298245614,55.70175438596491,4.824561403508772,False
ads2_formal_cremad_d13_f0_wavlm_base_plus_A,cremad,13,0,wavlm_base_plus,15,seen_ce,6,UAR_percent,percentage_points,52.63157894736842,55.70175438596491,3.0701754385964914,False
ads2_formal_cremad_d13_f0_wavlm_base_plus_A,cremad,13,0,wavlm_base_plus,15,unseen_ce,6,UAR_percent,percentage_points,52.63157894736842,55.70175438596491,3.0701754385964914,False
ads2_formal_cremad_d13_f0_wavlm_base_plus_A,cremad,13,0,wavlm_base_plus,15,seen_uar,14,UAR_percent,percentage_points,55.70175438596491,55.70175438596491,0.0,False
ads2_formal_cremad_d13_f0_wavlm_base_plus_A,cremad,13,0,wavlm_base_plus,15,unseen_uar,14,UAR_percent,percentage_points,55.70175438596491,55.70175438596491,0.0,False
ads2_formal_cremad_d13_f0_hubert_base_A,cremad,13,0,hubert_base,15,last,15,UAR_percent,percentage_points,45.175438596491226,55.26315789473684,10.087719298245615,False
ads2_formal_cremad_d13_f0_hubert_base_A,cremad,13,0,hubert_base,15,seen_ce,3,UAR_percent,percentage_points,47.80701754385965,55.26315789473684,7.456140350877193,False
ads2_formal_cremad_d13_f0_hubert_base_A,cremad,13,0,hubert_base,15,unseen_ce,3,UAR_percent,percentage_points,47.80701754385965,55.26315789473684,7.456140350877193,False
ads2_formal_cremad_d13_f0_hubert_base_A,cremad,13,0,hubert_base,15,seen_uar,10,UAR_percent,percentage_points,49.56140350877193,55.26315789473684,5.701754385964913,False
ads2_formal_cremad_d13_f0_hubert_base_A,cremad,13,0,hubert_base,15,unseen_uar,9,UAR_percent,percentage_points,48.68421052631579,55.26315789473684,6.578947368421052,False
ads2_formal_cremad_d13_f1_wavlm_base_plus_A,cremad,13,1,wavlm_base_plus,15,last,15,UAR_percent,percentage_points,49.549549549549546,57.65765765765766,8.108108108108109,False
ads2_formal_cremad_d13_f1_wavlm_base_plus_A,cremad,13,1,wavlm_base_plus,15,seen_ce,6,UAR_percent,percentage_points,57.65765765765766,57.65765765765766,0.0,False
ads2_formal_cremad_d13_f1_wavlm_base_plus_A,cremad,13,1,wavlm_base_plus,15,unseen_ce,6,UAR_percent,percentage_points,57.65765765765766,57.65765765765766,0.0,False
ads2_formal_cremad_d13_f1_wavlm_base_plus_A,cremad,13,1,wavlm_base_plus,15,seen_uar,6,UAR_percent,percentage_points,57.65765765765766,57.65765765765766,0.0,False
ads2_formal_cremad_d13_f1_wavlm_base_plus_A,cremad,13,1,wavlm_base_plus,15,unseen_uar,6,UAR_percent,percentage_points,57.65765765765766,57.65765765765766,0.0,False
ads2_formal_cremad_d13_f1_hubert_base_A,cremad,13,1,hubert_base,15,last,15,UAR_percent,percentage_points,63.96396396396396,65.76576576576576,1.8018018018018018,False
ads2_formal_cremad_d13_f1_hubert_base_A,cremad,13,1,hubert_base,15,seen_ce,6,UAR_percent,percentage_points,65.76576576576576,65.76576576576576,0.0,False
ads2_formal_cremad_d13_f1_hubert_base_A,cremad,13,1,hubert_base,15,unseen_ce,6,UAR_percent,percentage_points,65.76576576576576,65.76576576576576,0.0,False
ads2_formal_cremad_d13_f1_hubert_base_A,cremad,13,1,hubert_base,15,seen_uar,8,UAR_percent,percentage_points,63.06306306306306,65.76576576576576,2.7027027027027026,False
ads2_formal_cremad_d13_f1_hubert_base_A,cremad,13,1,hubert_base,15,unseen_uar,13,UAR_percent,percentage_points,63.513513513513516,65.76576576576576,2.2522522522522523,False
ads2_formal_cremad_d13_f2_wavlm_base_plus_A,cremad,13,2,wavlm_base_plus,15,last,15,UAR_percent,percentage_points,60.08771929824562,61.40350877192982,1.3157894736842106,False
ads2_formal_cremad_d13_f2_wavlm_base_plus_A,cremad,13,2,wavlm_base_plus,15,seen_ce,11,UAR_percent,percentage_points,59.64912280701754,61.40350877192982,1.7543859649122806,False
ads2_formal_cremad_d13_f2_wavlm_base_plus_A,cremad,13,2,wavlm_base_plus,15,unseen_ce,4,UAR_percent,percentage_points,53.94736842105263,61.40350877192982,7.456140350877193,False
ads2_formal_cremad_d13_f2_wavlm_base_plus_A,cremad,13,2,wavlm_base_plus,15,seen_uar,11,UAR_percent,percentage_points,59.64912280701754,61.40350877192982,1.7543859649122806,False
ads2_formal_cremad_d13_f2_wavlm_base_plus_A,cremad,13,2,wavlm_base_plus,15,unseen_uar,11,UAR_percent,percentage_points,59.64912280701754,61.40350877192982,1.7543859649122806,False
ads2_formal_cremad_d13_f2_hubert_base_A,cremad,13,2,hubert_base,15,last,15,UAR_percent,percentage_points,66.2280701754386,66.2280701754386,0.0,False
ads2_formal_cremad_d13_f2_hubert_base_A,cremad,13,2,hubert_base,15,seen_ce,7,UAR_percent,percentage_points,62.280701754385966,66.2280701754386,3.9473684210526314,False
ads2_formal_cremad_d13_f2_hubert_base_A,cremad,13,2,hubert_base,15,unseen_ce,7,UAR_percent,percentage_points,62.280701754385966,66.2280701754386,3.9473684210526314,False
ads2_formal_cremad_d13_f2_hubert_base_A,cremad,13,2,hubert_base,15,seen_uar,7,UAR_percent,percentage_points,62.280701754385966,66.2280701754386,3.9473684210526314,False
ads2_formal_cremad_d13_f2_hubert_base_A,cremad,13,2,hubert_base,15,unseen_uar,10,UAR_percent,percentage_points,64.03508771929825,66.2280701754386,2.192982456140351,False
ads2_formal_cremad_d13_f3_wavlm_base_plus_A,cremad,13,3,wavlm_base_plus,15,last,15,UAR_percent,percentage_points,51.96078431372549,57.35294117647059,5.392156862745098,False
ads2_formal_cremad_d13_f3_wavlm_base_plus_A,cremad,13,3,wavlm_base_plus,15,seen_ce,8,UAR_percent,percentage_points,52.94117647058823,57.35294117647059,4.411764705882353,False
ads2_formal_cremad_d13_f3_wavlm_base_plus_A,cremad,13,3,wavlm_base_plus,15,unseen_ce,8,UAR_percent,percentage_points,52.94117647058823,57.35294117647059,4.411764705882353,False
ads2_formal_cremad_d13_f3_wavlm_base_plus_A,cremad,13,3,wavlm_base_plus,15,seen_uar,13,UAR_percent,percentage_points,50.98039215686274,57.35294117647059,6.372549019607843,False
ads2_formal_cremad_d13_f3_wavlm_base_plus_A,cremad,13,3,wavlm_base_plus,15,unseen_uar,13,UAR_percent,percentage_points,50.98039215686274,57.35294117647059,6.372549019607843,False
ads2_formal_cremad_d13_f3_hubert_base_A,cremad,13,3,hubert_base,15,last,15,UAR_percent,percentage_points,53.92156862745098,55.3921568627451,1.4705882352941178,False
ads2_formal_cremad_d13_f3_hubert_base_A,cremad,13,3,hubert_base,15,seen_ce,8,UAR_percent,percentage_points,55.3921568627451,55.3921568627451,0.0,False
ads2_formal_cremad_d13_f3_hubert_base_A,cremad,13,3,hubert_base,15,unseen_ce,4,UAR_percent,percentage_points,46.07843137254902,55.3921568627451,9.313725490196079,False
ads2_formal_cremad_d13_f3_hubert_base_A,cremad,13,3,hubert_base,15,seen_uar,15,UAR_percent,percentage_points,53.92156862745098,55.3921568627451,1.4705882352941178,False
ads2_formal_cremad_d13_f3_hubert_base_A,cremad,13,3,hubert_base,15,unseen_uar,14,UAR_percent,percentage_points,54.90196078431372,55.3921568627451,0.49019607843137253,False
ads2_formal_cremad_d13_f4_wavlm_base_plus_A,cremad,13,4,wavlm_base_plus,15,last,15,UAR_percent,percentage_points,51.470588235294116,61.76470588235294,10.294117647058824,False
ads2_formal_cremad_d13_f4_wavlm_base_plus_A,cremad,13,4,wavlm_base_plus,15,seen_ce,7,UAR_percent,percentage_points,52.450980392156865,61.76470588235294,9.313725490196079,False
ads2_formal_cremad_d13_f4_wavlm_base_plus_A,cremad,13,4,wavlm_base_plus,15,unseen_ce,5,UAR_percent,percentage_points,53.92156862745098,61.76470588235294,7.8431372549019605,False
ads2_formal_cremad_d13_f4_wavlm_base_plus_A,cremad,13,4,wavlm_base_plus,15,seen_uar,11,UAR_percent,percentage_points,60.78431372549019,61.76470588235294,0.9803921568627451,False
ads2_formal_cremad_d13_f4_wavlm_base_plus_A,cremad,13,4,wavlm_base_plus,15,unseen_uar,12,UAR_percent,percentage_points,61.76470588235294,61.76470588235294,0.0,False
ads2_formal_cremad_d13_f4_hubert_base_A,cremad,13,4,hubert_base,15,last,15,UAR_percent,percentage_points,62.745098039215684,62.745098039215684,0.0,False
ads2_formal_cremad_d13_f4_hubert_base_A,cremad,13,4,hubert_base,15,seen_ce,4,UAR_percent,percentage_points,49.01960784313726,62.745098039215684,13.72549019607843,False
ads2_formal_cremad_d13_f4_hubert_base_A,cremad,13,4,hubert_base,15,unseen_ce,3,UAR_percent,percentage_points,59.31372549019608,62.745098039215684,3.4313725490196076,False
ads2_formal_cremad_d13_f4_hubert_base_A,cremad,13,4,hubert_base,15,seen_uar,12,UAR_percent,percentage_points,61.76470588235294,62.745098039215684,0.9803921568627451,False
ads2_formal_cremad_d13_f4_hubert_base_A,cremad,13,4,hubert_base,15,unseen_uar,13,UAR_percent,percentage_points,59.80392156862745,62.745098039215684,2.9411764705882355,False
ads2_formal_cremad_d14_f0_wavlm_base_plus_A,cremad,14,0,wavlm_base_plus,15,last,15,UAR_percent,percentage_points,56.14035087719298,58.771929824561404,2.6315789473684212,False
ads2_formal_cremad_d14_f0_wavlm_base_plus_A,cremad,14,0,wavlm_base_plus,15,seen_ce,7,UAR_percent,percentage_points,52.19298245614035,58.771929824561404,6.578947368421052,False
ads2_formal_cremad_d14_f0_wavlm_base_plus_A,cremad,14,0,wavlm_base_plus,15,unseen_ce,7,UAR_percent,percentage_points,52.19298245614035,58.771929824561404,6.578947368421052,False
ads2_formal_cremad_d14_f0_wavlm_base_plus_A,cremad,14,0,wavlm_base_plus,15,seen_uar,13,UAR_percent,percentage_points,57.89473684210526,58.771929824561404,0.8771929824561403,False
ads2_formal_cremad_d14_f0_wavlm_base_plus_A,cremad,14,0,wavlm_base_plus,15,unseen_uar,13,UAR_percent,percentage_points,57.89473684210526,58.771929824561404,0.8771929824561403,False
ads2_formal_cremad_d14_f0_hubert_base_A,cremad,14,0,hubert_base,15,last,15,UAR_percent,percentage_points,56.578947368421055,63.1578947368421,6.578947368421052,False
ads2_formal_cremad_d14_f0_hubert_base_A,cremad,14,0,hubert_base,15,seen_ce,8,UAR_percent,percentage_points,63.1578947368421,63.1578947368421,0.0,False
ads2_formal_cremad_d14_f0_hubert_base_A,cremad,14,0,hubert_base,15,unseen_ce,8,UAR_percent,percentage_points,63.1578947368421,63.1578947368421,0.0,False
ads2_formal_cremad_d14_f0_hubert_base_A,cremad,14,0,hubert_base,15,seen_uar,9,UAR_percent,percentage_points,58.771929824561404,63.1578947368421,4.385964912280702,False
ads2_formal_cremad_d14_f0_hubert_base_A,cremad,14,0,hubert_base,15,unseen_uar,9,UAR_percent,percentage_points,58.771929824561404,63.1578947368421,4.385964912280702,False
ads2_formal_cremad_d14_f1_wavlm_base_plus_A,cremad,14,1,wavlm_base_plus,15,last,15,UAR_percent,percentage_points,61.8421052631579,64.03508771929825,2.192982456140351,False
ads2_formal_cremad_d14_f1_wavlm_base_plus_A,cremad,14,1,wavlm_base_plus,15,seen_ce,5,UAR_percent,percentage_points,62.719298245614034,64.03508771929825,1.3157894736842106,False
ads2_formal_cremad_d14_f1_wavlm_base_plus_A,cremad,14,1,wavlm_base_plus,15,unseen_ce,5,UAR_percent,percentage_points,62.719298245614034,64.03508771929825,1.3157894736842106,False
ads2_formal_cremad_d14_f1_wavlm_base_plus_A,cremad,14,1,wavlm_base_plus,15,seen_uar,8,UAR_percent,percentage_points,64.03508771929825,64.03508771929825,0.0,False
ads2_formal_cremad_d14_f1_wavlm_base_plus_A,cremad,14,1,wavlm_base_plus,15,unseen_uar,5,UAR_percent,percentage_points,62.719298245614034,64.03508771929825,1.3157894736842106,False
ads2_formal_cremad_d14_f1_hubert_base_A,cremad,14,1,hubert_base,15,last,15,UAR_percent,percentage_points,56.14035087719298,62.280701754385966,6.140350877192983,False
ads2_formal_cremad_d14_f1_hubert_base_A,cremad,14,1,hubert_base,15,seen_ce,8,UAR_percent,percentage_points,61.40350877192982,62.280701754385966,0.8771929824561403,False
ads2_formal_cremad_d14_f1_hubert_base_A,cremad,14,1,hubert_base,15,unseen_ce,4,UAR_percent,percentage_points,52.63157894736842,62.280701754385966,9.649122807017545,False
ads2_formal_cremad_d14_f1_hubert_base_A,cremad,14,1,hubert_base,15,seen_uar,8,UAR_percent,percentage_points,61.40350877192982,62.280701754385966,0.8771929824561403,False
ads2_formal_cremad_d14_f1_hubert_base_A,cremad,14,1,hubert_base,15,unseen_uar,14,UAR_percent,percentage_points,62.280701754385966,62.280701754385966,0.0,False
ads2_formal_cremad_d14_f2_wavlm_base_plus_A,cremad,14,2,wavlm_base_plus,15,last,15,UAR_percent,percentage_points,51.14983404457089,53.75770507349455,2.6078710289236606,False
ads2_formal_cremad_d14_f2_wavlm_base_plus_A,cremad,14,2,wavlm_base_plus,15,seen_ce,11,UAR_percent,percentage_points,53.75770507349455,53.75770507349455,0.0,False
ads2_formal_cremad_d14_f2_wavlm_base_plus_A,cremad,14,2,wavlm_base_plus,15,unseen_ce,5,UAR_percent,percentage_points,47.93741109530583,53.75770507349455,5.820293978188715,False
ads2_formal_cremad_d14_f2_wavlm_base_plus_A,cremad,14,2,wavlm_base_plus,15,seen_uar,14,UAR_percent,percentage_points,50.165955429113325,53.75770507349455,3.591749644381223,False
ads2_formal_cremad_d14_f2_wavlm_base_plus_A,cremad,14,2,wavlm_base_plus,15,unseen_uar,11,UAR_percent,percentage_points,53.75770507349455,53.75770507349455,0.0,False
ads2_formal_cremad_d14_f2_hubert_base_A,cremad,14,2,hubert_base,15,last,15,UAR_percent,percentage_points,48.790896159317214,60.69227121858701,11.901375059269796,False
ads2_formal_cremad_d14_f2_hubert_base_A,cremad,14,2,hubert_base,15,seen_ce,9,UAR_percent,percentage_points,60.69227121858701,60.69227121858701,0.0,False
ads2_formal_cremad_d14_f2_hubert_base_A,cremad,14,2,hubert_base,15,unseen_ce,3,UAR_percent,percentage_points,53.27169274537695,60.69227121858701,7.420578473210052,False
ads2_formal_cremad_d14_f2_hubert_base_A,cremad,14,2,hubert_base,15,seen_uar,9,UAR_percent,percentage_points,60.69227121858701,60.69227121858701,0.0,False
ads2_formal_cremad_d14_f2_hubert_base_A,cremad,14,2,hubert_base,15,unseen_uar,9,UAR_percent,percentage_points,60.69227121858701,60.69227121858701,0.0,False
ads2_formal_cremad_d14_f3_wavlm_base_plus_A,cremad,14,3,wavlm_base_plus,15,last,15,UAR_percent,percentage_points,55.55555555555556,58.08080808080808,2.525252525252525,False
ads2_formal_cremad_d14_f3_wavlm_base_plus_A,cremad,14,3,wavlm_base_plus,15,seen_ce,9,UAR_percent,percentage_points,55.55555555555556,58.08080808080808,2.525252525252525,False
ads2_formal_cremad_d14_f3_wavlm_base_plus_A,cremad,14,3,wavlm_base_plus,15,unseen_ce,5,UAR_percent,percentage_points,55.05050505050505,58.08080808080808,3.0303030303030303,False
ads2_formal_cremad_d14_f3_wavlm_base_plus_A,cremad,14,3,wavlm_base_plus,15,seen_uar,10,UAR_percent,percentage_points,56.56565656565657,58.08080808080808,1.5151515151515151,False
ads2_formal_cremad_d14_f3_wavlm_base_plus_A,cremad,14,3,wavlm_base_plus,15,unseen_uar,10,UAR_percent,percentage_points,56.56565656565657,58.08080808080808,1.5151515151515151,False
ads2_formal_cremad_d14_f3_hubert_base_A,cremad,14,3,hubert_base,15,last,15,UAR_percent,percentage_points,59.5959595959596,60.101010101010104,0.5050505050505051,False
ads2_formal_cremad_d14_f3_hubert_base_A,cremad,14,3,hubert_base,15,seen_ce,5,UAR_percent,percentage_points,56.06060606060606,60.101010101010104,4.040404040404041,False
ads2_formal_cremad_d14_f3_hubert_base_A,cremad,14,3,hubert_base,15,unseen_ce,5,UAR_percent,percentage_points,56.06060606060606,60.101010101010104,4.040404040404041,False
ads2_formal_cremad_d14_f3_hubert_base_A,cremad,14,3,hubert_base,15,seen_uar,11,UAR_percent,percentage_points,57.57575757575758,60.101010101010104,2.525252525252525,False
ads2_formal_cremad_d14_f3_hubert_base_A,cremad,14,3,hubert_base,15,unseen_uar,6,UAR_percent,percentage_points,60.101010101010104,60.101010101010104,0.0,False
ads2_formal_cremad_d14_f4_wavlm_base_plus_A,cremad,14,4,wavlm_base_plus,15,last,15,UAR_percent,percentage_points,35.85858585858586,52.525252525252526,16.666666666666668,False
ads2_formal_cremad_d14_f4_wavlm_base_plus_A,cremad,14,4,wavlm_base_plus,15,seen_ce,9,UAR_percent,percentage_points,48.484848484848484,52.525252525252526,4.040404040404041,False
ads2_formal_cremad_d14_f4_wavlm_base_plus_A,cremad,14,4,wavlm_base_plus,15,unseen_ce,3,UAR_percent,percentage_points,52.525252525252526,52.525252525252526,0.0,False
ads2_formal_cremad_d14_f4_wavlm_base_plus_A,cremad,14,4,wavlm_base_plus,15,seen_uar,9,UAR_percent,percentage_points,48.484848484848484,52.525252525252526,4.040404040404041,False
ads2_formal_cremad_d14_f4_wavlm_base_plus_A,cremad,14,4,wavlm_base_plus,15,unseen_uar,3,UAR_percent,percentage_points,52.525252525252526,52.525252525252526,0.0,False
ads2_formal_cremad_d14_f4_hubert_base_A,cremad,14,4,hubert_base,15,last,15,UAR_percent,percentage_points,44.94949494949495,51.515151515151516,6.565656565656566,False
ads2_formal_cremad_d14_f4_hubert_base_A,cremad,14,4,hubert_base,15,seen_ce,3,UAR_percent,percentage_points,48.98989898989899,51.515151515151516,2.525252525252525,False
ads2_formal_cremad_d14_f4_hubert_base_A,cremad,14,4,hubert_base,15,unseen_ce,3,UAR_percent,percentage_points,48.98989898989899,51.515151515151516,2.525252525252525,False
ads2_formal_cremad_d14_f4_hubert_base_A,cremad,14,4,hubert_base,15,seen_uar,9,UAR_percent,percentage_points,51.515151515151516,51.515151515151516,0.0,False
ads2_formal_cremad_d14_f4_hubert_base_A,cremad,14,4,hubert_base,15,unseen_uar,3,UAR_percent,percentage_points,48.98989898989899,51.515151515151516,2.525252525252525,False
ads2_formal_cremad_d15_f0_wavlm_base_plus_A,cremad,15,0,wavlm_base_plus,15,last,15,UAR_percent,percentage_points,57.45614035087719,62.280701754385966,4.824561403508772,False
ads2_formal_cremad_d15_f0_wavlm_base_plus_A,cremad,15,0,wavlm_base_plus,15,seen_ce,9,UAR_percent,percentage_points,62.280701754385966,62.280701754385966,0.0,False
ads2_formal_cremad_d15_f0_wavlm_base_plus_A,cremad,15,0,wavlm_base_plus,15,unseen_ce,9,UAR_percent,percentage_points,62.280701754385966,62.280701754385966,0.0,False
ads2_formal_cremad_d15_f0_wavlm_base_plus_A,cremad,15,0,wavlm_base_plus,15,seen_uar,9,UAR_percent,percentage_points,62.280701754385966,62.280701754385966,0.0,False
ads2_formal_cremad_d15_f0_wavlm_base_plus_A,cremad,15,0,wavlm_base_plus,15,unseen_uar,9,UAR_percent,percentage_points,62.280701754385966,62.280701754385966,0.0,False
ads2_formal_cremad_d15_f0_hubert_base_A,cremad,15,0,hubert_base,15,last,15,UAR_percent,percentage_points,53.50877192982456,57.01754385964912,3.508771929824561,False
ads2_formal_cremad_d15_f0_hubert_base_A,cremad,15,0,hubert_base,15,seen_ce,8,UAR_percent,percentage_points,53.07017543859649,57.01754385964912,3.9473684210526314,False
ads2_formal_cremad_d15_f0_hubert_base_A,cremad,15,0,hubert_base,15,unseen_ce,5,UAR_percent,percentage_points,51.31578947368421,57.01754385964912,5.701754385964913,False
ads2_formal_cremad_d15_f0_hubert_base_A,cremad,15,0,hubert_base,15,seen_uar,8,UAR_percent,percentage_points,53.07017543859649,57.01754385964912,3.9473684210526314,False
ads2_formal_cremad_d15_f0_hubert_base_A,cremad,15,0,hubert_base,15,unseen_uar,11,UAR_percent,percentage_points,53.07017543859649,57.01754385964912,3.9473684210526314,False
ads2_formal_cremad_d15_f1_wavlm_base_plus_A,cremad,15,1,wavlm_base_plus,15,last,15,UAR_percent,percentage_points,46.05263157894737,50.87719298245614,4.824561403508772,False
ads2_formal_cremad_d15_f1_wavlm_base_plus_A,cremad,15,1,wavlm_base_plus,15,seen_ce,3,UAR_percent,percentage_points,48.24561403508772,50.87719298245614,2.6315789473684212,False
ads2_formal_cremad_d15_f1_wavlm_base_plus_A,cremad,15,1,wavlm_base_plus,15,unseen_ce,3,UAR_percent,percentage_points,48.24561403508772,50.87719298245614,2.6315789473684212,False
ads2_formal_cremad_d15_f1_wavlm_base_plus_A,cremad,15,1,wavlm_base_plus,15,seen_uar,3,UAR_percent,percentage_points,48.24561403508772,50.87719298245614,2.6315789473684212,False
ads2_formal_cremad_d15_f1_wavlm_base_plus_A,cremad,15,1,wavlm_base_plus,15,unseen_uar,10,UAR_percent,percentage_points,50.87719298245614,50.87719298245614,0.0,False
ads2_formal_cremad_d15_f1_hubert_base_A,cremad,15,1,hubert_base,15,last,15,UAR_percent,percentage_points,58.771929824561404,58.771929824561404,0.0,False
ads2_formal_cremad_d15_f1_hubert_base_A,cremad,15,1,hubert_base,15,seen_ce,4,UAR_percent,percentage_points,53.07017543859649,58.771929824561404,5.701754385964913,False
ads2_formal_cremad_d15_f1_hubert_base_A,cremad,15,1,hubert_base,15,unseen_ce,3,UAR_percent,percentage_points,55.26315789473684,58.771929824561404,3.508771929824561,False
ads2_formal_cremad_d15_f1_hubert_base_A,cremad,15,1,hubert_base,15,seen_uar,15,UAR_percent,percentage_points,58.771929824561404,58.771929824561404,0.0,False
ads2_formal_cremad_d15_f1_hubert_base_A,cremad,15,1,hubert_base,15,unseen_uar,15,UAR_percent,percentage_points,58.771929824561404,58.771929824561404,0.0,False
ads2_formal_cremad_d15_f2_wavlm_base_plus_A,cremad,15,2,wavlm_base_plus,15,last,15,UAR_percent,percentage_points,42.98245614035088,54.3859649122807,11.403508771929825,False
ads2_formal_cremad_d15_f2_wavlm_base_plus_A,cremad,15,2,wavlm_base_plus,15,seen_ce,6,UAR_percent,percentage_points,54.3859649122807,54.3859649122807,0.0,False
ads2_formal_cremad_d15_f2_wavlm_base_plus_A,cremad,15,2,wavlm_base_plus,15,unseen_ce,6,UAR_percent,percentage_points,54.3859649122807,54.3859649122807,0.0,False
ads2_formal_cremad_d15_f2_wavlm_base_plus_A,cremad,15,2,wavlm_base_plus,15,seen_uar,6,UAR_percent,percentage_points,54.3859649122807,54.3859649122807,0.0,False
ads2_formal_cremad_d15_f2_wavlm_base_plus_A,cremad,15,2,wavlm_base_plus,15,unseen_uar,10,UAR_percent,percentage_points,52.19298245614035,54.3859649122807,2.192982456140351,False
ads2_formal_cremad_d15_f2_hubert_base_A,cremad,15,2,hubert_base,15,last,15,UAR_percent,percentage_points,54.3859649122807,62.719298245614034,8.333333333333334,False
ads2_formal_cremad_d15_f2_hubert_base_A,cremad,15,2,hubert_base,15,seen_ce,5,UAR_percent,percentage_points,60.526315789473685,62.719298245614034,2.192982456140351,False
ads2_formal_cremad_d15_f2_hubert_base_A,cremad,15,2,hubert_base,15,unseen_ce,5,UAR_percent,percentage_points,60.526315789473685,62.719298245614034,2.192982456140351,False
ads2_formal_cremad_d15_f2_hubert_base_A,cremad,15,2,hubert_base,15,seen_uar,12,UAR_percent,percentage_points,62.719298245614034,62.719298245614034,0.0,False
ads2_formal_cremad_d15_f2_hubert_base_A,cremad,15,2,hubert_base,15,unseen_uar,12,UAR_percent,percentage_points,62.719298245614034,62.719298245614034,0.0,False
ads2_formal_cremad_d15_f3_wavlm_base_plus_A,cremad,15,3,wavlm_base_plus,15,last,15,UAR_percent,percentage_points,58.333333333333336,62.254901960784316,3.9215686274509802,False
ads2_formal_cremad_d15_f3_wavlm_base_plus_A,cremad,15,3,wavlm_base_plus,15,seen_ce,7,UAR_percent,percentage_points,55.3921568627451,62.254901960784316,6.862745098039215,False
ads2_formal_cremad_d15_f3_wavlm_base_plus_A,cremad,15,3,wavlm_base_plus,15,unseen_ce,3,UAR_percent,percentage_points,45.09803921568628,62.254901960784316,17.15686274509804,False
ads2_formal_cremad_d15_f3_wavlm_base_plus_A,cremad,15,3,wavlm_base_plus,15,seen_uar,14,UAR_percent,percentage_points,61.27450980392157,62.254901960784316,0.9803921568627451,False
ads2_formal_cremad_d15_f3_wavlm_base_plus_A,cremad,15,3,wavlm_base_plus,15,unseen_uar,11,UAR_percent,percentage_points,62.254901960784316,62.254901960784316,0.0,False
ads2_formal_cremad_d15_f3_hubert_base_A,cremad,15,3,hubert_base,15,last,15,UAR_percent,percentage_points,57.84313725490196,62.254901960784316,4.411764705882353,False
ads2_formal_cremad_d15_f3_hubert_base_A,cremad,15,3,hubert_base,15,seen_ce,6,UAR_percent,percentage_points,59.80392156862745,62.254901960784316,2.450980392156863,False
ads2_formal_cremad_d15_f3_hubert_base_A,cremad,15,3,hubert_base,15,unseen_ce,2,UAR_percent,percentage_points,48.529411764705884,62.254901960784316,13.72549019607843,False
ads2_formal_cremad_d15_f3_hubert_base_A,cremad,15,3,hubert_base,15,seen_uar,12,UAR_percent,percentage_points,61.27450980392157,62.254901960784316,0.9803921568627451,False
ads2_formal_cremad_d15_f3_hubert_base_A,cremad,15,3,hubert_base,15,unseen_uar,9,UAR_percent,percentage_points,59.31372549019608,62.254901960784316,2.9411764705882355,False
ads2_formal_cremad_d15_f4_wavlm_base_plus_A,cremad,15,4,wavlm_base_plus,15,last,15,UAR_percent,percentage_points,52.450980392156865,52.450980392156865,0.0,False
ads2_formal_cremad_d15_f4_wavlm_base_plus_A,cremad,15,4,wavlm_base_plus,15,seen_ce,8,UAR_percent,percentage_points,49.509803921568626,52.450980392156865,2.9411764705882355,False
ads2_formal_cremad_d15_f4_wavlm_base_plus_A,cremad,15,4,wavlm_base_plus,15,unseen_ce,6,UAR_percent,percentage_points,51.96078431372549,52.450980392156865,0.49019607843137253,False
ads2_formal_cremad_d15_f4_wavlm_base_plus_A,cremad,15,4,wavlm_base_plus,15,seen_uar,15,UAR_percent,percentage_points,52.450980392156865,52.450980392156865,0.0,False
ads2_formal_cremad_d15_f4_wavlm_base_plus_A,cremad,15,4,wavlm_base_plus,15,unseen_uar,15,UAR_percent,percentage_points,52.450980392156865,52.450980392156865,0.0,False
ads2_formal_cremad_d15_f4_hubert_base_A,cremad,15,4,hubert_base,15,last,15,UAR_percent,percentage_points,46.07843137254902,54.90196078431372,8.823529411764707,False
ads2_formal_cremad_d15_f4_hubert_base_A,cremad,15,4,hubert_base,15,seen_ce,7,UAR_percent,percentage_points,54.90196078431372,54.90196078431372,0.0,False
ads2_formal_cremad_d15_f4_hubert_base_A,cremad,15,4,hubert_base,15,unseen_ce,4,UAR_percent,percentage_points,50.98039215686274,54.90196078431372,3.9215686274509802,False
ads2_formal_cremad_d15_f4_hubert_base_A,cremad,15,4,hubert_base,15,seen_uar,7,UAR_percent,percentage_points,54.90196078431372,54.90196078431372,0.0,False
ads2_formal_cremad_d15_f4_hubert_base_A,cremad,15,4,hubert_base,15,unseen_uar,7,UAR_percent,percentage_points,54.90196078431372,54.90196078431372,0.0,False
ads2_formal_cremad_d16_f0_wavlm_base_plus_A,cremad,16,0,wavlm_base_plus,15,last,15,UAR_percent,percentage_points,51.75438596491228,58.333333333333336,6.578947368421052,False
ads2_formal_cremad_d16_f0_wavlm_base_plus_A,cremad,16,0,wavlm_base_plus,15,seen_ce,6,UAR_percent,percentage_points,57.45614035087719,58.333333333333336,0.8771929824561403,False
ads2_formal_cremad_d16_f0_wavlm_base_plus_A,cremad,16,0,wavlm_base_plus,15,unseen_ce,6,UAR_percent,percentage_points,57.45614035087719,58.333333333333336,0.8771929824561403,False
ads2_formal_cremad_d16_f0_wavlm_base_plus_A,cremad,16,0,wavlm_base_plus,15,seen_uar,11,UAR_percent,percentage_points,53.94736842105263,58.333333333333336,4.385964912280702,False
ads2_formal_cremad_d16_f0_wavlm_base_plus_A,cremad,16,0,wavlm_base_plus,15,unseen_uar,11,UAR_percent,percentage_points,53.94736842105263,58.333333333333336,4.385964912280702,False
ads2_formal_cremad_d16_f0_hubert_base_A,cremad,16,0,hubert_base,15,last,15,UAR_percent,percentage_points,57.01754385964912,61.40350877192982,4.385964912280702,False
ads2_formal_cremad_d16_f0_hubert_base_A,cremad,16,0,hubert_base,15,seen_ce,6,UAR_percent,percentage_points,59.21052631578947,61.40350877192982,2.192982456140351,False
ads2_formal_cremad_d16_f0_hubert_base_A,cremad,16,0,hubert_base,15,unseen_ce,3,UAR_percent,percentage_points,57.01754385964912,61.40350877192982,4.385964912280702,False
ads2_formal_cremad_d16_f0_hubert_base_A,cremad,16,0,hubert_base,15,seen_uar,9,UAR_percent,percentage_points,60.08771929824562,61.40350877192982,1.3157894736842106,False
ads2_formal_cremad_d16_f0_hubert_base_A,cremad,16,0,hubert_base,15,unseen_uar,12,UAR_percent,percentage_points,58.333333333333336,61.40350877192982,3.0701754385964914,False
ads2_formal_cremad_d16_f1_wavlm_base_plus_A,cremad,16,1,wavlm_base_plus,15,last,15,UAR_percent,percentage_points,56.14035087719298,60.08771929824562,3.9473684210526314,False
ads2_formal_cremad_d16_f1_wavlm_base_plus_A,cremad,16,1,wavlm_base_plus,15,seen_ce,5,UAR_percent,percentage_points,52.63157894736842,60.08771929824562,7.456140350877193,False
ads2_formal_cremad_d16_f1_wavlm_base_plus_A,cremad,16,1,wavlm_base_plus,15,unseen_ce,5,UAR_percent,percentage_points,52.63157894736842,60.08771929824562,7.456140350877193,False
ads2_formal_cremad_d16_f1_wavlm_base_plus_A,cremad,16,1,wavlm_base_plus,15,seen_uar,11,UAR_percent,percentage_points,57.01754385964912,60.08771929824562,3.0701754385964914,False
ads2_formal_cremad_d16_f1_wavlm_base_plus_A,cremad,16,1,wavlm_base_plus,15,unseen_uar,13,UAR_percent,percentage_points,56.578947368421055,60.08771929824562,3.508771929824561,False
ads2_formal_cremad_d16_f1_hubert_base_A,cremad,16,1,hubert_base,15,last,15,UAR_percent,percentage_points,60.08771929824562,60.08771929824562,0.0,False
ads2_formal_cremad_d16_f1_hubert_base_A,cremad,16,1,hubert_base,15,seen_ce,5,UAR_percent,percentage_points,53.94736842105263,60.08771929824562,6.140350877192983,False
ads2_formal_cremad_d16_f1_hubert_base_A,cremad,16,1,hubert_base,15,unseen_ce,3,UAR_percent,percentage_points,52.19298245614035,60.08771929824562,7.894736842105263,False
ads2_formal_cremad_d16_f1_hubert_base_A,cremad,16,1,hubert_base,15,seen_uar,12,UAR_percent,percentage_points,59.21052631578947,60.08771929824562,0.8771929824561403,False
ads2_formal_cremad_d16_f1_hubert_base_A,cremad,16,1,hubert_base,15,unseen_uar,7,UAR_percent,percentage_points,58.333333333333336,60.08771929824562,1.7543859649122806,False
ads2_formal_cremad_d16_f2_wavlm_base_plus_A,cremad,16,2,wavlm_base_plus,15,last,15,UAR_percent,percentage_points,54.824561403508774,55.26315789473684,0.43859649122807015,False
ads2_formal_cremad_d16_f2_wavlm_base_plus_A,cremad,16,2,wavlm_base_plus,15,seen_ce,6,UAR_percent,percentage_points,47.80701754385965,55.26315789473684,7.456140350877193,False
ads2_formal_cremad_d16_f2_wavlm_base_plus_A,cremad,16,2,wavlm_base_plus,15,unseen_ce,4,UAR_percent,percentage_points,45.6140350877193,55.26315789473684,9.649122807017545,False
ads2_formal_cremad_d16_f2_wavlm_base_plus_A,cremad,16,2,wavlm_base_plus,15,seen_uar,12,UAR_percent,percentage_points,55.26315789473684,55.26315789473684,0.0,False
ads2_formal_cremad_d16_f2_wavlm_base_plus_A,cremad,16,2,wavlm_base_plus,15,unseen_uar,14,UAR_percent,percentage_points,53.50877192982456,55.26315789473684,1.7543859649122806,False
ads2_formal_cremad_d16_f2_hubert_base_A,cremad,16,2,hubert_base,15,last,15,UAR_percent,percentage_points,47.36842105263158,53.07017543859649,5.701754385964913,False
ads2_formal_cremad_d16_f2_hubert_base_A,cremad,16,2,hubert_base,15,seen_ce,3,UAR_percent,percentage_points,50.43859649122807,53.07017543859649,2.6315789473684212,False
ads2_formal_cremad_d16_f2_hubert_base_A,cremad,16,2,hubert_base,15,unseen_ce,3,UAR_percent,percentage_points,50.43859649122807,53.07017543859649,2.6315789473684212,False
ads2_formal_cremad_d16_f2_hubert_base_A,cremad,16,2,hubert_base,15,seen_uar,7,UAR_percent,percentage_points,50.0,53.07017543859649,3.0701754385964914,False
ads2_formal_cremad_d16_f2_hubert_base_A,cremad,16,2,hubert_base,15,unseen_uar,12,UAR_percent,percentage_points,53.07017543859649,53.07017543859649,0.0,False
ads2_formal_cremad_d16_f3_wavlm_base_plus_A,cremad,16,3,wavlm_base_plus,15,last,15,UAR_percent,percentage_points,50.490196078431374,53.431372549019606,2.9411764705882355,False
ads2_formal_cremad_d16_f3_wavlm_base_plus_A,cremad,16,3,wavlm_base_plus,15,seen_ce,6,UAR_percent,percentage_points,45.09803921568628,53.431372549019606,8.333333333333334,False
ads2_formal_cremad_d16_f3_wavlm_base_plus_A,cremad,16,3,wavlm_base_plus,15,unseen_ce,6,UAR_percent,percentage_points,45.09803921568628,53.431372549019606,8.333333333333334,False
ads2_formal_cremad_d16_f3_wavlm_base_plus_A,cremad,16,3,wavlm_base_plus,15,seen_uar,10,UAR_percent,percentage_points,52.94117647058823,53.431372549019606,0.49019607843137253,False
ads2_formal_cremad_d16_f3_wavlm_base_plus_A,cremad,16,3,wavlm_base_plus,15,unseen_uar,9,UAR_percent,percentage_points,53.431372549019606,53.431372549019606,0.0,False
ads2_formal_cremad_d16_f3_hubert_base_A,cremad,16,3,hubert_base,15,last,15,UAR_percent,percentage_points,55.3921568627451,55.3921568627451,0.0,False
ads2_formal_cremad_d16_f3_hubert_base_A,cremad,16,3,hubert_base,15,seen_ce,4,UAR_percent,percentage_points,53.92156862745098,55.3921568627451,1.4705882352941178,False
ads2_formal_cremad_d16_f3_hubert_base_A,cremad,16,3,hubert_base,15,unseen_ce,4,UAR_percent,percentage_points,53.92156862745098,55.3921568627451,1.4705882352941178,False
ads2_formal_cremad_d16_f3_hubert_base_A,cremad,16,3,hubert_base,15,seen_uar,13,UAR_percent,percentage_points,54.411764705882355,55.3921568627451,0.9803921568627451,False
ads2_formal_cremad_d16_f3_hubert_base_A,cremad,16,3,hubert_base,15,unseen_uar,6,UAR_percent,percentage_points,52.94117647058823,55.3921568627451,2.450980392156863,False
ads2_formal_cremad_d16_f4_wavlm_base_plus_A,cremad,16,4,wavlm_base_plus,15,last,15,UAR_percent,percentage_points,59.31372549019608,64.70588235294117,5.392156862745098,False
ads2_formal_cremad_d16_f4_wavlm_base_plus_A,cremad,16,4,wavlm_base_plus,15,seen_ce,4,UAR_percent,percentage_points,61.27450980392157,64.70588235294117,3.4313725490196076,False
ads2_formal_cremad_d16_f4_wavlm_base_plus_A,cremad,16,4,wavlm_base_plus,15,unseen_ce,4,UAR_percent,percentage_points,61.27450980392157,64.70588235294117,3.4313725490196076,False
ads2_formal_cremad_d16_f4_wavlm_base_plus_A,cremad,16,4,wavlm_base_plus,15,seen_uar,9,UAR_percent,percentage_points,61.76470588235294,64.70588235294117,2.9411764705882355,False
ads2_formal_cremad_d16_f4_wavlm_base_plus_A,cremad,16,4,wavlm_base_plus,15,unseen_uar,11,UAR_percent,percentage_points,60.294117647058826,64.70588235294117,4.411764705882353,False
ads2_formal_cremad_d16_f4_hubert_base_A,cremad,16,4,hubert_base,15,last,15,UAR_percent,percentage_points,60.294117647058826,67.15686274509804,6.862745098039215,False
ads2_formal_cremad_d16_f4_hubert_base_A,cremad,16,4,hubert_base,15,seen_ce,5,UAR_percent,percentage_points,67.15686274509804,67.15686274509804,0.0,False
ads2_formal_cremad_d16_f4_hubert_base_A,cremad,16,4,hubert_base,15,unseen_ce,5,UAR_percent,percentage_points,67.15686274509804,67.15686274509804,0.0,False
ads2_formal_cremad_d16_f4_hubert_base_A,cremad,16,4,hubert_base,15,seen_uar,8,UAR_percent,percentage_points,66.66666666666667,67.15686274509804,0.49019607843137253,False
ads2_formal_cremad_d16_f4_hubert_base_A,cremad,16,4,hubert_base,15,unseen_uar,7,UAR_percent,percentage_points,65.19607843137256,67.15686274509804,1.9607843137254901,False
ads2_formal_cremad_d17_f0_wavlm_base_plus_A,cremad,17,0,wavlm_base_plus,15,last,15,UAR_percent,percentage_points,56.86344238975818,56.94642010431484,0.08297771455666192,False
ads2_formal_cremad_d17_f0_wavlm_base_plus_A,cremad,17,0,wavlm_base_plus,15,seen_ce,9,UAR_percent,percentage_points,56.94642010431484,56.94642010431484,0.0,False
ads2_formal_cremad_d17_f0_wavlm_base_plus_A,cremad,17,0,wavlm_base_plus,15,unseen_ce,4,UAR_percent,percentage_points,50.687529634898056,56.94642010431484,6.2588904694167855,False
ads2_formal_cremad_d17_f0_wavlm_base_plus_A,cremad,17,0,wavlm_base_plus,15,seen_uar,9,UAR_percent,percentage_points,56.94642010431484,56.94642010431484,0.0,False
ads2_formal_cremad_d17_f0_wavlm_base_plus_A,cremad,17,0,wavlm_base_plus,15,unseen_uar,9,UAR_percent,percentage_points,56.94642010431484,56.94642010431484,0.0,False
ads2_formal_cremad_d17_f0_hubert_base_A,cremad,17,0,hubert_base,15,last,15,UAR_percent,percentage_points,56.51967757230915,56.958274063537225,0.43859649122807015,False
ads2_formal_cremad_d17_f0_hubert_base_A,cremad,17,0,hubert_base,15,seen_ce,6,UAR_percent,percentage_points,53.828828828828826,56.958274063537225,3.1294452347083928,False
ads2_formal_cremad_d17_f0_hubert_base_A,cremad,17,0,hubert_base,15,unseen_ce,4,UAR_percent,percentage_points,53.91180654338549,56.958274063537225,3.046467520151731,False
ads2_formal_cremad_d17_f0_hubert_base_A,cremad,17,0,hubert_base,15,seen_uar,6,UAR_percent,percentage_points,53.828828828828826,56.958274063537225,3.1294452347083928,False
ads2_formal_cremad_d17_f0_hubert_base_A,cremad,17,0,hubert_base,15,unseen_uar,9,UAR_percent,percentage_points,56.51967757230915,56.958274063537225,0.43859649122807015,False
ads2_formal_cremad_d17_f1_wavlm_base_plus_A,cremad,17,1,wavlm_base_plus,15,last,15,UAR_percent,percentage_points,57.147937411095306,57.147937411095306,0.0,False
ads2_formal_cremad_d17_f1_wavlm_base_plus_A,cremad,17,1,wavlm_base_plus,15,seen_ce,8,UAR_percent,percentage_points,52.311522048364154,57.147937411095306,4.836415362731152,False
ads2_formal_cremad_d17_f1_wavlm_base_plus_A,cremad,17,1,wavlm_base_plus,15,unseen_ce,6,UAR_percent,percentage_points,52.204836415362735,57.147937411095306,4.943100995732575,False
ads2_formal_cremad_d17_f1_wavlm_base_plus_A,cremad,17,1,wavlm_base_plus,15,seen_uar,15,UAR_percent,percentage_points,57.147937411095306,57.147937411095306,0.0,False
ads2_formal_cremad_d17_f1_wavlm_base_plus_A,cremad,17,1,wavlm_base_plus,15,unseen_uar,8,UAR_percent,percentage_points,52.311522048364154,57.147937411095306,4.836415362731152,False
ads2_formal_cremad_d17_f1_hubert_base_A,cremad,17,1,hubert_base,15,last,15,UAR_percent,percentage_points,63.37126600284495,63.37126600284495,0.0,False
ads2_formal_cremad_d17_f1_hubert_base_A,cremad,17,1,hubert_base,15,seen_ce,7,UAR_percent,percentage_points,57.64580369843528,63.37126600284495,5.725462304409673,False
ads2_formal_cremad_d17_f1_hubert_base_A,cremad,17,1,hubert_base,15,unseen_ce,4,UAR_percent,percentage_points,53.18871503082029,63.37126600284495,10.182550972024655,False
ads2_formal_cremad_d17_f1_hubert_base_A,cremad,17,1,hubert_base,15,seen_uar,10,UAR_percent,percentage_points,58.428165007112376,63.37126600284495,4.943100995732575,False
ads2_formal_cremad_d17_f1_hubert_base_A,cremad,17,1,hubert_base,15,unseen_uar,7,UAR_percent,percentage_points,57.64580369843528,63.37126600284495,5.725462304409673,False
ads2_formal_cremad_d17_f2_wavlm_base_plus_A,cremad,17,2,wavlm_base_plus,15,last,15,UAR_percent,percentage_points,60.08771929824562,62.280701754385966,2.192982456140351,False
ads2_formal_cremad_d17_f2_wavlm_base_plus_A,cremad,17,2,wavlm_base_plus,15,seen_ce,8,UAR_percent,percentage_points,62.280701754385966,62.280701754385966,0.0,False
ads2_formal_cremad_d17_f2_wavlm_base_plus_A,cremad,17,2,wavlm_base_plus,15,unseen_ce,5,UAR_percent,percentage_points,57.89473684210526,62.280701754385966,4.385964912280702,False
ads2_formal_cremad_d17_f2_wavlm_base_plus_A,cremad,17,2,wavlm_base_plus,15,seen_uar,8,UAR_percent,percentage_points,62.280701754385966,62.280701754385966,0.0,False
ads2_formal_cremad_d17_f2_wavlm_base_plus_A,cremad,17,2,wavlm_base_plus,15,unseen_uar,8,UAR_percent,percentage_points,62.280701754385966,62.280701754385966,0.0,False
ads2_formal_cremad_d17_f2_hubert_base_A,cremad,17,2,hubert_base,15,last,15,UAR_percent,percentage_points,58.771929824561404,61.8421052631579,3.0701754385964914,False
ads2_formal_cremad_d17_f2_hubert_base_A,cremad,17,2,hubert_base,15,seen_ce,4,UAR_percent,percentage_points,57.45614035087719,61.8421052631579,4.385964912280702,False
ads2_formal_cremad_d17_f2_hubert_base_A,cremad,17,2,hubert_base,15,unseen_ce,4,UAR_percent,percentage_points,57.45614035087719,61.8421052631579,4.385964912280702,False
ads2_formal_cremad_d17_f2_hubert_base_A,cremad,17,2,hubert_base,15,seen_uar,10,UAR_percent,percentage_points,58.333333333333336,61.8421052631579,3.508771929824561,False
ads2_formal_cremad_d17_f2_hubert_base_A,cremad,17,2,hubert_base,15,unseen_uar,15,UAR_percent,percentage_points,58.771929824561404,61.8421052631579,3.0701754385964914,False
ads2_formal_cremad_d17_f3_wavlm_base_plus_A,cremad,17,3,wavlm_base_plus,15,last,15,UAR_percent,percentage_points,52.15389185977421,55.55555555555556,3.401663695781343,False
ads2_formal_cremad_d17_f3_wavlm_base_plus_A,cremad,17,3,wavlm_base_plus,15,seen_ce,10,UAR_percent,percentage_points,55.55555555555556,55.55555555555556,0.0,False
ads2_formal_cremad_d17_f3_wavlm_base_plus_A,cremad,17,3,wavlm_base_plus,15,unseen_ce,10,UAR_percent,percentage_points,55.55555555555556,55.55555555555556,0.0,False
ads2_formal_cremad_d17_f3_wavlm_base_plus_A,cremad,17,3,wavlm_base_plus,15,seen_uar,10,UAR_percent,percentage_points,55.55555555555556,55.55555555555556,0.0,False
ads2_formal_cremad_d17_f3_wavlm_base_plus_A,cremad,17,3,wavlm_base_plus,15,unseen_uar,10,UAR_percent,percentage_points,55.55555555555556,55.55555555555556,0.0,False
ads2_formal_cremad_d17_f3_hubert_base_A,cremad,17,3,hubert_base,15,last,15,UAR_percent,percentage_points,58.98692810457516,58.98692810457516,0.0,False
ads2_formal_cremad_d17_f3_hubert_base_A,cremad,17,3,hubert_base,15,seen_ce,6,UAR_percent,percentage_points,56.00118835412953,58.98692810457516,2.985739750445633,False
ads2_formal_cremad_d17_f3_hubert_base_A,cremad,17,3,hubert_base,15,unseen_ce,6,UAR_percent,percentage_points,56.00118835412953,58.98692810457516,2.985739750445633,False
ads2_formal_cremad_d17_f3_hubert_base_A,cremad,17,3,hubert_base,15,seen_uar,9,UAR_percent,percentage_points,54.56030897207368,58.98692810457516,4.426619132501486,False
ads2_formal_cremad_d17_f3_hubert_base_A,cremad,17,3,hubert_base,15,unseen_uar,15,UAR_percent,percentage_points,58.98692810457516,58.98692810457516,0.0,False
ads2_formal_cremad_d17_f4_wavlm_base_plus_A,cremad,17,4,wavlm_base_plus,15,last,15,UAR_percent,percentage_points,57.84313725490196,60.294117647058826,2.450980392156863,False
ads2_formal_cremad_d17_f4_wavlm_base_plus_A,cremad,17,4,wavlm_base_plus,15,seen_ce,9,UAR_percent,percentage_points,60.294117647058826,60.294117647058826,0.0,False
ads2_formal_cremad_d17_f4_wavlm_base_plus_A,cremad,17,4,wavlm_base_plus,15,unseen_ce,9,UAR_percent,percentage_points,60.294117647058826,60.294117647058826,0.0,False
ads2_formal_cremad_d17_f4_wavlm_base_plus_A,cremad,17,4,wavlm_base_plus,15,seen_uar,9,UAR_percent,percentage_points,60.294117647058826,60.294117647058826,0.0,False
ads2_formal_cremad_d17_f4_wavlm_base_plus_A,cremad,17,4,wavlm_base_plus,15,unseen_uar,15,UAR_percent,percentage_points,57.84313725490196,60.294117647058826,2.450980392156863,False
ads2_formal_cremad_d17_f4_hubert_base_A,cremad,17,4,hubert_base,15,last,15,UAR_percent,percentage_points,59.80392156862745,62.254901960784316,2.450980392156863,False
ads2_formal_cremad_d17_f4_hubert_base_A,cremad,17,4,hubert_base,15,seen_ce,5,UAR_percent,percentage_points,59.80392156862745,62.254901960784316,2.450980392156863,False
ads2_formal_cremad_d17_f4_hubert_base_A,cremad,17,4,hubert_base,15,unseen_ce,5,UAR_percent,percentage_points,59.80392156862745,62.254901960784316,2.450980392156863,False
ads2_formal_cremad_d17_f4_hubert_base_A,cremad,17,4,hubert_base,15,seen_uar,5,UAR_percent,percentage_points,59.80392156862745,62.254901960784316,2.450980392156863,False
ads2_formal_cremad_d17_f4_hubert_base_A,cremad,17,4,hubert_base,15,unseen_uar,5,UAR_percent,percentage_points,59.80392156862745,62.254901960784316,2.450980392156863,False
ads2_formal_cremad_d18_f0_wavlm_base_plus_A,cremad,18,0,wavlm_base_plus,15,last,15,UAR_percent,percentage_points,54.3859649122807,57.89473684210526,3.508771929824561,False
ads2_formal_cremad_d18_f0_wavlm_base_plus_A,cremad,18,0,wavlm_base_plus,15,seen_ce,8,UAR_percent,percentage_points,53.50877192982456,57.89473684210526,4.385964912280702,False
ads2_formal_cremad_d18_f0_wavlm_base_plus_A,cremad,18,0,wavlm_base_plus,15,unseen_ce,5,UAR_percent,percentage_points,56.578947368421055,57.89473684210526,1.3157894736842106,False
ads2_formal_cremad_d18_f0_wavlm_base_plus_A,cremad,18,0,wavlm_base_plus,15,seen_uar,14,UAR_percent,percentage_points,57.89473684210526,57.89473684210526,0.0,False
ads2_formal_cremad_d18_f0_wavlm_base_plus_A,cremad,18,0,wavlm_base_plus,15,unseen_uar,14,UAR_percent,percentage_points,57.89473684210526,57.89473684210526,0.0,False
ads2_formal_cremad_d18_f0_hubert_base_A,cremad,18,0,hubert_base,15,last,15,UAR_percent,percentage_points,54.3859649122807,56.578947368421055,2.192982456140351,False
ads2_formal_cremad_d18_f0_hubert_base_A,cremad,18,0,hubert_base,15,seen_ce,6,UAR_percent,percentage_points,54.824561403508774,56.578947368421055,1.7543859649122806,False
ads2_formal_cremad_d18_f0_hubert_base_A,cremad,18,0,hubert_base,15,unseen_ce,5,UAR_percent,percentage_points,56.578947368421055,56.578947368421055,0.0,False
ads2_formal_cremad_d18_f0_hubert_base_A,cremad,18,0,hubert_base,15,seen_uar,14,UAR_percent,percentage_points,54.824561403508774,56.578947368421055,1.7543859649122806,False
ads2_formal_cremad_d18_f0_hubert_base_A,cremad,18,0,hubert_base,15,unseen_uar,9,UAR_percent,percentage_points,56.578947368421055,56.578947368421055,0.0,False
ads2_formal_cremad_d18_f1_wavlm_base_plus_A,cremad,18,1,wavlm_base_plus,15,last,15,UAR_percent,percentage_points,47.36842105263158,54.824561403508774,7.456140350877193,False
ads2_formal_cremad_d18_f1_wavlm_base_plus_A,cremad,18,1,wavlm_base_plus,15,seen_ce,7,UAR_percent,percentage_points,51.75438596491228,54.824561403508774,3.0701754385964914,False
ads2_formal_cremad_d18_f1_wavlm_base_plus_A,cremad,18,1,wavlm_base_plus,15,unseen_ce,11,UAR_percent,percentage_points,54.824561403508774,54.824561403508774,0.0,False
ads2_formal_cremad_d18_f1_wavlm_base_plus_A,cremad,18,1,wavlm_base_plus,15,seen_uar,7,UAR_percent,percentage_points,51.75438596491228,54.824561403508774,3.0701754385964914,False
ads2_formal_cremad_d18_f1_wavlm_base_plus_A,cremad,18,1,wavlm_base_plus,15,unseen_uar,11,UAR_percent,percentage_points,54.824561403508774,54.824561403508774,0.0,False
ads2_formal_cremad_d18_f1_hubert_base_A,cremad,18,1,hubert_base,15,last,15,UAR_percent,percentage_points,53.07017543859649,55.26315789473684,2.192982456140351,False
ads2_formal_cremad_d18_f1_hubert_base_A,cremad,18,1,hubert_base,15,seen_ce,3,UAR_percent,percentage_points,53.50877192982456,55.26315789473684,1.7543859649122806,False
ads2_formal_cremad_d18_f1_hubert_base_A,cremad,18,1,hubert_base,15,unseen_ce,3,UAR_percent,percentage_points,53.50877192982456,55.26315789473684,1.7543859649122806,False
ads2_formal_cremad_d18_f1_hubert_base_A,cremad,18,1,hubert_base,15,seen_uar,9,UAR_percent,percentage_points,55.26315789473684,55.26315789473684,0.0,False
ads2_formal_cremad_d18_f1_hubert_base_A,cremad,18,1,hubert_base,15,unseen_uar,14,UAR_percent,percentage_points,50.87719298245614,55.26315789473684,4.385964912280702,False
ads2_formal_cremad_d18_f2_wavlm_base_plus_A,cremad,18,2,wavlm_base_plus,15,last,15,UAR_percent,percentage_points,57.207207207207205,60.810810810810814,3.6036036036036037,False
ads2_formal_cremad_d18_f2_wavlm_base_plus_A,cremad,18,2,wavlm_base_plus,15,seen_ce,7,UAR_percent,percentage_points,56.75675675675676,60.810810810810814,4.054054054054054,False
ads2_formal_cremad_d18_f2_wavlm_base_plus_A,cremad,18,2,wavlm_base_plus,15,unseen_ce,7,UAR_percent,percentage_points,56.75675675675676,60.810810810810814,4.054054054054054,False
ads2_formal_cremad_d18_f2_wavlm_base_plus_A,cremad,18,2,wavlm_base_plus,15,seen_uar,13,UAR_percent,percentage_points,60.810810810810814,60.810810810810814,0.0,False
ads2_formal_cremad_d18_f2_wavlm_base_plus_A,cremad,18,2,wavlm_base_plus,15,unseen_uar,7,UAR_percent,percentage_points,56.75675675675676,60.810810810810814,4.054054054054054,False
ads2_formal_cremad_d18_f2_hubert_base_A,cremad,18,2,hubert_base,15,last,15,UAR_percent,percentage_points,60.810810810810814,66.21621621621621,5.405405405405405,False
ads2_formal_cremad_d18_f2_hubert_base_A,cremad,18,2,hubert_base,15,seen_ce,11,UAR_percent,percentage_points,66.21621621621621,66.21621621621621,0.0,False
ads2_formal_cremad_d18_f2_hubert_base_A,cremad,18,2,hubert_base,15,unseen_ce,6,UAR_percent,percentage_points,59.45945945945946,66.21621621621621,6.756756756756757,False
ads2_formal_cremad_d18_f2_hubert_base_A,cremad,18,2,hubert_base,15,seen_uar,11,UAR_percent,percentage_points,66.21621621621621,66.21621621621621,0.0,False
ads2_formal_cremad_d18_f2_hubert_base_A,cremad,18,2,hubert_base,15,unseen_uar,11,UAR_percent,percentage_points,66.21621621621621,66.21621621621621,0.0,False
ads2_formal_cremad_d18_f3_wavlm_base_plus_A,cremad,18,3,wavlm_base_plus,15,last,15,UAR_percent,percentage_points,53.92156862745098,68.13725490196079,14.215686274509803,False
ads2_formal_cremad_d18_f3_wavlm_base_plus_A,cremad,18,3,wavlm_base_plus,15,seen_ce,8,UAR_percent,percentage_points,68.13725490196079,68.13725490196079,0.0,False
ads2_formal_cremad_d18_f3_wavlm_base_plus_A,cremad,18,3,wavlm_base_plus,15,unseen_ce,8,UAR_percent,percentage_points,68.13725490196079,68.13725490196079,0.0,False
ads2_formal_cremad_d18_f3_wavlm_base_plus_A,cremad,18,3,wavlm_base_plus,15,seen_uar,11,UAR_percent,percentage_points,60.78431372549019,68.13725490196079,7.352941176470588,False
ads2_formal_cremad_d18_f3_wavlm_base_plus_A,cremad,18,3,wavlm_base_plus,15,unseen_uar,11,UAR_percent,percentage_points,60.78431372549019,68.13725490196079,7.352941176470588,False
ads2_formal_cremad_d18_f3_hubert_base_A,cremad,18,3,hubert_base,15,last,15,UAR_percent,percentage_points,60.78431372549019,62.254901960784316,1.4705882352941178,False
ads2_formal_cremad_d18_f3_hubert_base_A,cremad,18,3,hubert_base,15,seen_ce,4,UAR_percent,percentage_points,53.92156862745098,62.254901960784316,8.333333333333334,False
ads2_formal_cremad_d18_f3_hubert_base_A,cremad,18,3,hubert_base,15,unseen_ce,7,UAR_percent,percentage_points,62.254901960784316,62.254901960784316,0.0,False
ads2_formal_cremad_d18_f3_hubert_base_A,cremad,18,3,hubert_base,15,seen_uar,14,UAR_percent,percentage_points,59.80392156862745,62.254901960784316,2.450980392156863,False
ads2_formal_cremad_d18_f3_hubert_base_A,cremad,18,3,hubert_base,15,unseen_uar,7,UAR_percent,percentage_points,62.254901960784316,62.254901960784316,0.0,False
ads2_formal_cremad_d18_f4_wavlm_base_plus_A,cremad,18,4,wavlm_base_plus,15,last,15,UAR_percent,percentage_points,54.66428995840761,63.44325609031491,8.778966131907309,False
ads2_formal_cremad_d18_f4_wavlm_base_plus_A,cremad,18,4,wavlm_base_plus,15,seen_ce,12,UAR_percent,percentage_points,62.982768865121805,63.44325609031491,0.46048722519310753,False
ads2_formal_cremad_d18_f4_wavlm_base_plus_A,cremad,18,4,wavlm_base_plus,15,unseen_ce,5,UAR_percent,percentage_points,49.70291146761735,63.44325609031491,13.740344622697563,False
ads2_formal_cremad_d18_f4_wavlm_base_plus_A,cremad,18,4,wavlm_base_plus,15,seen_uar,12,UAR_percent,percentage_points,62.982768865121805,63.44325609031491,0.46048722519310753,False
ads2_formal_cremad_d18_f4_wavlm_base_plus_A,cremad,18,4,wavlm_base_plus,15,unseen_uar,12,UAR_percent,percentage_points,62.982768865121805,63.44325609031491,0.46048722519310753,False
ads2_formal_cremad_d18_f4_hubert_base_A,cremad,18,4,hubert_base,15,last,15,UAR_percent,percentage_points,55.97147950089126,62.849079025549614,6.877599524658348,False
ads2_formal_cremad_d18_f4_hubert_base_A,cremad,18,4,hubert_base,15,seen_ce,8,UAR_percent,percentage_points,58.942364824717764,62.849079025549614,3.906714200831848,False
ads2_formal_cremad_d18_f4_hubert_base_A,cremad,18,4,hubert_base,15,unseen_ce,3,UAR_percent,percentage_points,48.603683897801545,62.849079025549614,14.245395127748068,False
ads2_formal_cremad_d18_f4_hubert_base_A,cremad,18,4,hubert_base,15,seen_uar,13,UAR_percent,percentage_points,62.849079025549614,62.849079025549614,0.0,False
ads2_formal_cremad_d18_f4_hubert_base_A,cremad,18,4,hubert_base,15,unseen_uar,7,UAR_percent,percentage_points,53.99584076054664,62.849079025549614,8.853238265002972,False
ads2_formal_cremad_d19_f0_wavlm_base_plus_A,cremad,19,0,wavlm_base_plus,15,last,15,UAR_percent,percentage_points,52.63157894736842,53.07017543859649,0.43859649122807015,False
ads2_formal_cremad_d19_f0_wavlm_base_plus_A,cremad,19,0,wavlm_base_plus,15,seen_ce,7,UAR_percent,percentage_points,50.87719298245614,53.07017543859649,2.192982456140351,False
ads2_formal_cremad_d19_f0_wavlm_base_plus_A,cremad,19,0,wavlm_base_plus,15,unseen_ce,8,UAR_percent,percentage_points,46.92982456140351,53.07017543859649,6.140350877192983,False
ads2_formal_cremad_d19_f0_wavlm_base_plus_A,cremad,19,0,wavlm_base_plus,15,seen_uar,7,UAR_percent,percentage_points,50.87719298245614,53.07017543859649,2.192982456140351,False
ads2_formal_cremad_d19_f0_wavlm_base_plus_A,cremad,19,0,wavlm_base_plus,15,unseen_uar,8,UAR_percent,percentage_points,46.92982456140351,53.07017543859649,6.140350877192983,False
ads2_formal_cremad_d19_f0_hubert_base_A,cremad,19,0,hubert_base,15,last,15,UAR_percent,percentage_points,52.19298245614035,58.771929824561404,6.578947368421052,False
ads2_formal_cremad_d19_f0_hubert_base_A,cremad,19,0,hubert_base,15,seen_ce,6,UAR_percent,percentage_points,56.14035087719298,58.771929824561404,2.6315789473684212,False
ads2_formal_cremad_d19_f0_hubert_base_A,cremad,19,0,hubert_base,15,unseen_ce,6,UAR_percent,percentage_points,56.14035087719298,58.771929824561404,2.6315789473684212,False
ads2_formal_cremad_d19_f0_hubert_base_A,cremad,19,0,hubert_base,15,seen_uar,6,UAR_percent,percentage_points,56.14035087719298,58.771929824561404,2.6315789473684212,False
ads2_formal_cremad_d19_f0_hubert_base_A,cremad,19,0,hubert_base,15,unseen_uar,14,UAR_percent,percentage_points,55.70175438596491,58.771929824561404,3.0701754385964914,False
ads2_formal_cremad_d19_f1_wavlm_base_plus_A,cremad,19,1,wavlm_base_plus,15,last,15,UAR_percent,percentage_points,53.07017543859649,60.526315789473685,7.456140350877193,False
ads2_formal_cremad_d19_f1_wavlm_base_plus_A,cremad,19,1,wavlm_base_plus,15,seen_ce,9,UAR_percent,percentage_points,58.333333333333336,60.526315789473685,2.192982456140351,False
ads2_formal_cremad_d19_f1_wavlm_base_plus_A,cremad,19,1,wavlm_base_plus,15,unseen_ce,9,UAR_percent,percentage_points,58.333333333333336,60.526315789473685,2.192982456140351,False
ads2_formal_cremad_d19_f1_wavlm_base_plus_A,cremad,19,1,wavlm_base_plus,15,seen_uar,10,UAR_percent,percentage_points,60.526315789473685,60.526315789473685,0.0,False
ads2_formal_cremad_d19_f1_wavlm_base_plus_A,cremad,19,1,wavlm_base_plus,15,unseen_uar,12,UAR_percent,percentage_points,58.771929824561404,60.526315789473685,1.7543859649122806,False
ads2_formal_cremad_d19_f1_hubert_base_A,cremad,19,1,hubert_base,15,last,15,UAR_percent,percentage_points,49.12280701754386,51.75438596491228,2.6315789473684212,False
ads2_formal_cremad_d19_f1_hubert_base_A,cremad,19,1,hubert_base,15,seen_ce,6,UAR_percent,percentage_points,47.36842105263158,51.75438596491228,4.385964912280702,False
ads2_formal_cremad_d19_f1_hubert_base_A,cremad,19,1,hubert_base,15,unseen_ce,4,UAR_percent,percentage_points,44.73684210526316,51.75438596491228,7.017543859649122,False
ads2_formal_cremad_d19_f1_hubert_base_A,cremad,19,1,hubert_base,15,seen_uar,9,UAR_percent,percentage_points,51.75438596491228,51.75438596491228,0.0,False
ads2_formal_cremad_d19_f1_hubert_base_A,cremad,19,1,hubert_base,15,unseen_uar,15,UAR_percent,percentage_points,49.12280701754386,51.75438596491228,2.6315789473684212,False
ads2_formal_cremad_d19_f2_wavlm_base_plus_A,cremad,19,2,wavlm_base_plus,15,last,15,UAR_percent,percentage_points,55.26315789473684,60.08771929824562,4.824561403508772,False
ads2_formal_cremad_d19_f2_wavlm_base_plus_A,cremad,19,2,wavlm_base_plus,15,seen_ce,8,UAR_percent,percentage_points,58.771929824561404,60.08771929824562,1.3157894736842106,False
ads2_formal_cremad_d19_f2_wavlm_base_plus_A,cremad,19,2,wavlm_base_plus,15,unseen_ce,8,UAR_percent,percentage_points,58.771929824561404,60.08771929824562,1.3157894736842106,False
ads2_formal_cremad_d19_f2_wavlm_base_plus_A,cremad,19,2,wavlm_base_plus,15,seen_uar,8,UAR_percent,percentage_points,58.771929824561404,60.08771929824562,1.3157894736842106,False
ads2_formal_cremad_d19_f2_wavlm_base_plus_A,cremad,19,2,wavlm_base_plus,15,unseen_uar,15,UAR_percent,percentage_points,55.26315789473684,60.08771929824562,4.824561403508772,False
ads2_formal_cremad_d19_f2_hubert_base_A,cremad,19,2,hubert_base,15,last,15,UAR_percent,percentage_points,63.1578947368421,65.35087719298245,2.192982456140351,False
ads2_formal_cremad_d19_f2_hubert_base_A,cremad,19,2,hubert_base,15,seen_ce,6,UAR_percent,percentage_points,57.01754385964912,65.35087719298245,8.333333333333334,False
ads2_formal_cremad_d19_f2_hubert_base_A,cremad,19,2,hubert_base,15,unseen_ce,6,UAR_percent,percentage_points,57.01754385964912,65.35087719298245,8.333333333333334,False
ads2_formal_cremad_d19_f2_hubert_base_A,cremad,19,2,hubert_base,15,seen_uar,14,UAR_percent,percentage_points,65.35087719298245,65.35087719298245,0.0,False
ads2_formal_cremad_d19_f2_hubert_base_A,cremad,19,2,hubert_base,15,unseen_uar,14,UAR_percent,percentage_points,65.35087719298245,65.35087719298245,0.0,False
ads2_formal_cremad_d19_f3_wavlm_base_plus_A,cremad,19,3,wavlm_base_plus,15,last,15,UAR_percent,percentage_points,54.90196078431372,56.86274509803921,1.9607843137254901,False
ads2_formal_cremad_d19_f3_wavlm_base_plus_A,cremad,19,3,wavlm_base_plus,15,seen_ce,5,UAR_percent,percentage_points,55.88235294117647,56.86274509803921,0.9803921568627451,False
ads2_formal_cremad_d19_f3_wavlm_base_plus_A,cremad,19,3,wavlm_base_plus,15,unseen_ce,5,UAR_percent,percentage_points,55.88235294117647,56.86274509803921,0.9803921568627451,False
ads2_formal_cremad_d19_f3_wavlm_base_plus_A,cremad,19,3,wavlm_base_plus,15,seen_uar,5,UAR_percent,percentage_points,55.88235294117647,56.86274509803921,0.9803921568627451,False
ads2_formal_cremad_d19_f3_wavlm_base_plus_A,cremad,19,3,wavlm_base_plus,15,unseen_uar,15,UAR_percent,percentage_points,54.90196078431372,56.86274509803921,1.9607843137254901,False
ads2_formal_cremad_d19_f3_hubert_base_A,cremad,19,3,hubert_base,15,last,15,UAR_percent,percentage_points,65.19607843137256,67.6470588235294,2.450980392156863,False
ads2_formal_cremad_d19_f3_hubert_base_A,cremad,19,3,hubert_base,15,seen_ce,5,UAR_percent,percentage_points,62.745098039215684,67.6470588235294,4.901960784313726,False
ads2_formal_cremad_d19_f3_hubert_base_A,cremad,19,3,hubert_base,15,unseen_ce,4,UAR_percent,percentage_points,60.78431372549019,67.6470588235294,6.862745098039215,False
ads2_formal_cremad_d19_f3_hubert_base_A,cremad,19,3,hubert_base,15,seen_uar,5,UAR_percent,percentage_points,62.745098039215684,67.6470588235294,4.901960784313726,False
ads2_formal_cremad_d19_f3_hubert_base_A,cremad,19,3,hubert_base,15,unseen_uar,13,UAR_percent,percentage_points,66.17647058823529,67.6470588235294,1.4705882352941178,False
ads2_formal_cremad_d19_f4_wavlm_base_plus_A,cremad,19,4,wavlm_base_plus,15,last,15,UAR_percent,percentage_points,54.90196078431372,59.31372549019608,4.411764705882353,False
ads2_formal_cremad_d19_f4_wavlm_base_plus_A,cremad,19,4,wavlm_base_plus,15,seen_ce,7,UAR_percent,percentage_points,59.31372549019608,59.31372549019608,0.0,False
ads2_formal_cremad_d19_f4_wavlm_base_plus_A,cremad,19,4,wavlm_base_plus,15,unseen_ce,7,UAR_percent,percentage_points,59.31372549019608,59.31372549019608,0.0,False
ads2_formal_cremad_d19_f4_wavlm_base_plus_A,cremad,19,4,wavlm_base_plus,15,seen_uar,7,UAR_percent,percentage_points,59.31372549019608,59.31372549019608,0.0,False
ads2_formal_cremad_d19_f4_wavlm_base_plus_A,cremad,19,4,wavlm_base_plus,15,unseen_uar,7,UAR_percent,percentage_points,59.31372549019608,59.31372549019608,0.0,False
ads2_formal_cremad_d19_f4_hubert_base_A,cremad,19,4,hubert_base,15,last,15,UAR_percent,percentage_points,60.78431372549019,63.72549019607843,2.9411764705882355,False
ads2_formal_cremad_d19_f4_hubert_base_A,cremad,19,4,hubert_base,15,seen_ce,7,UAR_percent,percentage_points,60.294117647058826,63.72549019607843,3.4313725490196076,False
ads2_formal_cremad_d19_f4_hubert_base_A,cremad,19,4,hubert_base,15,unseen_ce,4,UAR_percent,percentage_points,59.80392156862745,63.72549019607843,3.9215686274509802,False
ads2_formal_cremad_d19_f4_hubert_base_A,cremad,19,4,hubert_base,15,seen_uar,13,UAR_percent,percentage_points,60.294117647058826,63.72549019607843,3.4313725490196076,False
ads2_formal_cremad_d19_f4_hubert_base_A,cremad,19,4,hubert_base,15,unseen_uar,15,UAR_percent,percentage_points,60.78431372549019,63.72549019607843,2.9411764705882355,False
ads2_formal_cremad_d20_f0_wavlm_base_plus_A,cremad,20,0,wavlm_base_plus,15,last,15,UAR_percent,percentage_points,54.3859649122807,60.526315789473685,6.140350877192983,False
ads2_formal_cremad_d20_f0_wavlm_base_plus_A,cremad,20,0,wavlm_base_plus,15,seen_ce,9,UAR_percent,percentage_points,60.526315789473685,60.526315789473685,0.0,False
ads2_formal_cremad_d20_f0_wavlm_base_plus_A,cremad,20,0,wavlm_base_plus,15,unseen_ce,9,UAR_percent,percentage_points,60.526315789473685,60.526315789473685,0.0,False
ads2_formal_cremad_d20_f0_wavlm_base_plus_A,cremad,20,0,wavlm_base_plus,15,seen_uar,9,UAR_percent,percentage_points,60.526315789473685,60.526315789473685,0.0,False
ads2_formal_cremad_d20_f0_wavlm_base_plus_A,cremad,20,0,wavlm_base_plus,15,unseen_uar,9,UAR_percent,percentage_points,60.526315789473685,60.526315789473685,0.0,False
ads2_formal_cremad_d20_f0_hubert_base_A,cremad,20,0,hubert_base,15,last,15,UAR_percent,percentage_points,58.771929824561404,58.771929824561404,0.0,False
ads2_formal_cremad_d20_f0_hubert_base_A,cremad,20,0,hubert_base,15,seen_ce,5,UAR_percent,percentage_points,57.45614035087719,58.771929824561404,1.3157894736842106,False
ads2_formal_cremad_d20_f0_hubert_base_A,cremad,20,0,hubert_base,15,unseen_ce,5,UAR_percent,percentage_points,57.45614035087719,58.771929824561404,1.3157894736842106,False
ads2_formal_cremad_d20_f0_hubert_base_A,cremad,20,0,hubert_base,15,seen_uar,11,UAR_percent,percentage_points,55.26315789473684,58.771929824561404,3.508771929824561,False
ads2_formal_cremad_d20_f0_hubert_base_A,cremad,20,0,hubert_base,15,unseen_uar,5,UAR_percent,percentage_points,57.45614035087719,58.771929824561404,1.3157894736842106,False
ads2_formal_cremad_d20_f1_wavlm_base_plus_A,cremad,20,1,wavlm_base_plus,15,last,15,UAR_percent,percentage_points,49.12280701754386,54.3859649122807,5.2631578947368425,False
ads2_formal_cremad_d20_f1_wavlm_base_plus_A,cremad,20,1,wavlm_base_plus,15,seen_ce,6,UAR_percent,percentage_points,53.94736842105263,54.3859649122807,0.43859649122807015,False
ads2_formal_cremad_d20_f1_wavlm_base_plus_A,cremad,20,1,wavlm_base_plus,15,unseen_ce,6,UAR_percent,percentage_points,53.94736842105263,54.3859649122807,0.43859649122807015,False
ads2_formal_cremad_d20_f1_wavlm_base_plus_A,cremad,20,1,wavlm_base_plus,15,seen_uar,13,UAR_percent,percentage_points,54.3859649122807,54.3859649122807,0.0,False
ads2_formal_cremad_d20_f1_wavlm_base_plus_A,cremad,20,1,wavlm_base_plus,15,unseen_uar,13,UAR_percent,percentage_points,54.3859649122807,54.3859649122807,0.0,False
ads2_formal_cremad_d20_f1_hubert_base_A,cremad,20,1,hubert_base,15,last,15,UAR_percent,percentage_points,54.824561403508774,60.08771929824562,5.2631578947368425,False
ads2_formal_cremad_d20_f1_hubert_base_A,cremad,20,1,hubert_base,15,seen_ce,6,UAR_percent,percentage_points,57.45614035087719,60.08771929824562,2.6315789473684212,False
ads2_formal_cremad_d20_f1_hubert_base_A,cremad,20,1,hubert_base,15,unseen_ce,4,UAR_percent,percentage_points,43.85964912280702,60.08771929824562,16.228070175438596,False
ads2_formal_cremad_d20_f1_hubert_base_A,cremad,20,1,hubert_base,15,seen_uar,13,UAR_percent,percentage_points,60.08771929824562,60.08771929824562,0.0,False
ads2_formal_cremad_d20_f1_hubert_base_A,cremad,20,1,hubert_base,15,unseen_uar,6,UAR_percent,percentage_points,57.45614035087719,60.08771929824562,2.6315789473684212,False
ads2_formal_cremad_d20_f2_wavlm_base_plus_A,cremad,20,2,wavlm_base_plus,15,last,15,UAR_percent,percentage_points,49.56140350877193,53.94736842105263,4.385964912280702,False
ads2_formal_cremad_d20_f2_wavlm_base_plus_A,cremad,20,2,wavlm_base_plus,15,seen_ce,4,UAR_percent,percentage_points,47.80701754385965,53.94736842105263,6.140350877192983,False
ads2_formal_cremad_d20_f2_wavlm_base_plus_A,cremad,20,2,wavlm_base_plus,15,unseen_ce,4,UAR_percent,percentage_points,47.80701754385965,53.94736842105263,6.140350877192983,False
ads2_formal_cremad_d20_f2_wavlm_base_plus_A,cremad,20,2,wavlm_base_plus,15,seen_uar,14,UAR_percent,percentage_points,53.94736842105263,53.94736842105263,0.0,False
ads2_formal_cremad_d20_f2_wavlm_base_plus_A,cremad,20,2,wavlm_base_plus,15,unseen_uar,9,UAR_percent,percentage_points,50.43859649122807,53.94736842105263,3.508771929824561,False
ads2_formal_cremad_d20_f2_hubert_base_A,cremad,20,2,hubert_base,15,last,15,UAR_percent,percentage_points,55.26315789473684,55.70175438596491,0.43859649122807015,False
ads2_formal_cremad_d20_f2_hubert_base_A,cremad,20,2,hubert_base,15,seen_ce,4,UAR_percent,percentage_points,50.43859649122807,55.70175438596491,5.2631578947368425,False
ads2_formal_cremad_d20_f2_hubert_base_A,cremad,20,2,hubert_base,15,unseen_ce,3,UAR_percent,percentage_points,50.87719298245614,55.70175438596491,4.824561403508772,False
ads2_formal_cremad_d20_f2_hubert_base_A,cremad,20,2,hubert_base,15,seen_uar,9,UAR_percent,percentage_points,54.3859649122807,55.70175438596491,1.3157894736842106,False
ads2_formal_cremad_d20_f2_hubert_base_A,cremad,20,2,hubert_base,15,unseen_uar,15,UAR_percent,percentage_points,55.26315789473684,55.70175438596491,0.43859649122807015,False
ads2_formal_cremad_d20_f3_wavlm_base_plus_A,cremad,20,3,wavlm_base_plus,15,last,15,UAR_percent,percentage_points,54.04040404040404,57.85799168152109,3.817587641117053,False
ads2_formal_cremad_d20_f3_wavlm_base_plus_A,cremad,20,3,wavlm_base_plus,15,seen_ce,6,UAR_percent,percentage_points,55.45157456922163,57.85799168152109,2.406417112299465,False
ads2_formal_cremad_d20_f3_wavlm_base_plus_A,cremad,20,3,wavlm_base_plus,15,unseen_ce,3,UAR_percent,percentage_points,48.559120617944146,57.85799168152109,9.298871063576946,False
ads2_formal_cremad_d20_f3_wavlm_base_plus_A,cremad,20,3,wavlm_base_plus,15,seen_uar,8,UAR_percent,percentage_points,55.97147950089126,57.85799168152109,1.8865121806298277,False
ads2_formal_cremad_d20_f3_wavlm_base_plus_A,cremad,20,3,wavlm_base_plus,15,unseen_uar,13,UAR_percent,percentage_points,52.510398098633395,57.85799168152109,5.347593582887701,False
ads2_formal_cremad_d20_f3_hubert_base_A,cremad,20,3,hubert_base,15,last,15,UAR_percent,percentage_points,53.14913844325609,58.02139037433155,4.872251931075461,False
ads2_formal_cremad_d20_f3_hubert_base_A,cremad,20,3,hubert_base,15,seen_ce,6,UAR_percent,percentage_points,58.02139037433155,58.02139037433155,0.0,False
ads2_formal_cremad_d20_f3_hubert_base_A,cremad,20,3,hubert_base,15,unseen_ce,6,UAR_percent,percentage_points,58.02139037433155,58.02139037433155,0.0,False
ads2_formal_cremad_d20_f3_hubert_base_A,cremad,20,3,hubert_base,15,seen_uar,6,UAR_percent,percentage_points,58.02139037433155,58.02139037433155,0.0,False
ads2_formal_cremad_d20_f3_hubert_base_A,cremad,20,3,hubert_base,15,unseen_uar,8,UAR_percent,percentage_points,56.55080213903744,58.02139037433155,1.4705882352941178,False
ads2_formal_cremad_d20_f4_wavlm_base_plus_A,cremad,20,4,wavlm_base_plus,15,last,15,UAR_percent,percentage_points,50.0,50.490196078431374,0.49019607843137253,False
ads2_formal_cremad_d20_f4_wavlm_base_plus_A,cremad,20,4,wavlm_base_plus,15,seen_ce,6,UAR_percent,percentage_points,47.549019607843135,50.490196078431374,2.9411764705882355,False
ads2_formal_cremad_d20_f4_wavlm_base_plus_A,cremad,20,4,wavlm_base_plus,15,unseen_ce,7,UAR_percent,percentage_points,50.490196078431374,50.490196078431374,0.0,False
ads2_formal_cremad_d20_f4_wavlm_base_plus_A,cremad,20,4,wavlm_base_plus,15,seen_uar,14,UAR_percent,percentage_points,50.0,50.490196078431374,0.49019607843137253,False
ads2_formal_cremad_d20_f4_wavlm_base_plus_A,cremad,20,4,wavlm_base_plus,15,unseen_uar,12,UAR_percent,percentage_points,50.0,50.490196078431374,0.49019607843137253,False
ads2_formal_cremad_d20_f4_hubert_base_A,cremad,20,4,hubert_base,15,last,15,UAR_percent,percentage_points,51.470588235294116,55.88235294117647,4.411764705882353,False
ads2_formal_cremad_d20_f4_hubert_base_A,cremad,20,4,hubert_base,15,seen_ce,4,UAR_percent,percentage_points,55.3921568627451,55.88235294117647,0.49019607843137253,False
ads2_formal_cremad_d20_f4_hubert_base_A,cremad,20,4,hubert_base,15,unseen_ce,3,UAR_percent,percentage_points,47.549019607843135,55.88235294117647,8.333333333333334,False
ads2_formal_cremad_d20_f4_hubert_base_A,cremad,20,4,hubert_base,15,seen_uar,11,UAR_percent,percentage_points,51.470588235294116,55.88235294117647,4.411764705882353,False
ads2_formal_cremad_d20_f4_hubert_base_A,cremad,20,4,hubert_base,15,unseen_uar,10,UAR_percent,percentage_points,51.470588235294116,55.88235294117647,4.411764705882353,False
ads2_formal_cremad_d21_f0_wavlm_base_plus_A,cremad,21,0,wavlm_base_plus,15,last,15,UAR_percent,percentage_points,56.55523944997629,57.954006638217166,1.3987671882408725,False
ads2_formal_cremad_d21_f0_wavlm_base_plus_A,cremad,21,0,wavlm_base_plus,15,seen_ce,10,UAR_percent,percentage_points,57.954006638217166,57.954006638217166,0.0,False
ads2_formal_cremad_d21_f0_wavlm_base_plus_A,cremad,21,0,wavlm_base_plus,15,unseen_ce,4,UAR_percent,percentage_points,53.04646752015173,57.954006638217166,4.907539118065434,False
ads2_formal_cremad_d21_f0_wavlm_base_plus_A,cremad,21,0,wavlm_base_plus,15,seen_uar,15,UAR_percent,percentage_points,56.55523944997629,57.954006638217166,1.3987671882408725,False
ads2_formal_cremad_d21_f0_wavlm_base_plus_A,cremad,21,0,wavlm_base_plus,15,unseen_uar,13,UAR_percent,percentage_points,57.04125177809388,57.954006638217166,0.9127548601232812,False
ads2_formal_cremad_d21_f0_hubert_base_A,cremad,21,0,hubert_base,15,last,15,UAR_percent,percentage_points,54.445234708392604,59.69653864390707,5.2513039355144615,False
ads2_formal_cremad_d21_f0_hubert_base_A,cremad,21,0,hubert_base,15,seen_ce,6,UAR_percent,percentage_points,59.234234234234236,59.69653864390707,0.4623044096728307,False
ads2_formal_cremad_d21_f0_hubert_base_A,cremad,21,0,hubert_base,15,unseen_ce,6,UAR_percent,percentage_points,59.234234234234236,59.69653864390707,0.4623044096728307,False
ads2_formal_cremad_d21_f0_hubert_base_A,cremad,21,0,hubert_base,15,seen_uar,9,UAR_percent,percentage_points,54.907539118065436,59.69653864390707,4.788999525841631,False
ads2_formal_cremad_d21_f0_hubert_base_A,cremad,21,0,hubert_base,15,unseen_uar,11,UAR_percent,percentage_points,59.69653864390707,59.69653864390707,0.0,False
ads2_formal_cremad_d21_f1_wavlm_base_plus_A,cremad,21,1,wavlm_base_plus,15,last,15,UAR_percent,percentage_points,53.50877192982456,61.40350877192982,7.894736842105263,False
ads2_formal_cremad_d21_f1_wavlm_base_plus_A,cremad,21,1,wavlm_base_plus,15,seen_ce,14,UAR_percent,percentage_points,61.40350877192982,61.40350877192982,0.0,False
ads2_formal_cremad_d21_f1_wavlm_base_plus_A,cremad,21,1,wavlm_base_plus,15,unseen_ce,7,UAR_percent,percentage_points,57.01754385964912,61.40350877192982,4.385964912280702,False
ads2_formal_cremad_d21_f1_wavlm_base_plus_A,cremad,21,1,wavlm_base_plus,15,seen_uar,14,UAR_percent,percentage_points,61.40350877192982,61.40350877192982,0.0,False
ads2_formal_cremad_d21_f1_wavlm_base_plus_A,cremad,21,1,wavlm_base_plus,15,unseen_uar,14,UAR_percent,percentage_points,61.40350877192982,61.40350877192982,0.0,False
ads2_formal_cremad_d21_f1_hubert_base_A,cremad,21,1,hubert_base,15,last,15,UAR_percent,percentage_points,55.70175438596491,61.40350877192982,5.701754385964913,False
ads2_formal_cremad_d21_f1_hubert_base_A,cremad,21,1,hubert_base,15,seen_ce,3,UAR_percent,percentage_points,50.43859649122807,61.40350877192982,10.964912280701755,False
ads2_formal_cremad_d21_f1_hubert_base_A,cremad,21,1,hubert_base,15,unseen_ce,3,UAR_percent,percentage_points,50.43859649122807,61.40350877192982,10.964912280701755,False
ads2_formal_cremad_d21_f1_hubert_base_A,cremad,21,1,hubert_base,15,seen_uar,14,UAR_percent,percentage_points,61.40350877192982,61.40350877192982,0.0,False
ads2_formal_cremad_d21_f1_hubert_base_A,cremad,21,1,hubert_base,15,unseen_uar,9,UAR_percent,percentage_points,55.70175438596491,61.40350877192982,5.701754385964913,False
ads2_formal_cremad_d21_f2_wavlm_base_plus_A,cremad,21,2,wavlm_base_plus,15,last,15,UAR_percent,percentage_points,57.207207207207205,63.96396396396396,6.756756756756757,False
ads2_formal_cremad_d21_f2_wavlm_base_plus_A,cremad,21,2,wavlm_base_plus,15,seen_ce,10,UAR_percent,percentage_points,63.96396396396396,63.96396396396396,0.0,False
ads2_formal_cremad_d21_f2_wavlm_base_plus_A,cremad,21,2,wavlm_base_plus,15,unseen_ce,10,UAR_percent,percentage_points,63.96396396396396,63.96396396396396,0.0,False
ads2_formal_cremad_d21_f2_wavlm_base_plus_A,cremad,21,2,wavlm_base_plus,15,seen_uar,10,UAR_percent,percentage_points,63.96396396396396,63.96396396396396,0.0,False
ads2_formal_cremad_d21_f2_wavlm_base_plus_A,cremad,21,2,wavlm_base_plus,15,unseen_uar,10,UAR_percent,percentage_points,63.96396396396396,63.96396396396396,0.0,False
ads2_formal_cremad_d21_f2_hubert_base_A,cremad,21,2,hubert_base,15,last,15,UAR_percent,percentage_points,63.96396396396396,63.96396396396396,0.0,False
ads2_formal_cremad_d21_f2_hubert_base_A,cremad,21,2,hubert_base,15,seen_ce,6,UAR_percent,percentage_points,59.009009009009006,63.96396396396396,4.954954954954955,False
ads2_formal_cremad_d21_f2_hubert_base_A,cremad,21,2,hubert_base,15,unseen_ce,7,UAR_percent,percentage_points,54.95495495495496,63.96396396396396,9.00900900900901,False
ads2_formal_cremad_d21_f2_hubert_base_A,cremad,21,2,hubert_base,15,seen_uar,11,UAR_percent,percentage_points,62.16216216216216,63.96396396396396,1.8018018018018018,False
ads2_formal_cremad_d21_f2_hubert_base_A,cremad,21,2,hubert_base,15,unseen_uar,13,UAR_percent,percentage_points,61.26126126126126,63.96396396396396,2.7027027027027026,False
ads2_formal_cremad_d21_f3_wavlm_base_plus_A,cremad,21,3,wavlm_base_plus,15,last,15,UAR_percent,percentage_points,49.673202614379086,57.51633986928105,7.8431372549019605,False
ads2_formal_cremad_d21_f3_wavlm_base_plus_A,cremad,21,3,wavlm_base_plus,15,seen_ce,9,UAR_percent,percentage_points,46.22697563874034,57.51633986928105,11.2893642305407,False
ads2_formal_cremad_d21_f3_wavlm_base_plus_A,cremad,21,3,wavlm_base_plus,15,unseen_ce,5,UAR_percent,percentage_points,45.2020202020202,57.51633986928105,12.314319667260843,False
ads2_formal_cremad_d21_f3_wavlm_base_plus_A,cremad,21,3,wavlm_base_plus,15,seen_uar,10,UAR_percent,percentage_points,54.60487225193108,57.51633986928105,2.9114676173499703,False
ads2_formal_cremad_d21_f3_wavlm_base_plus_A,cremad,21,3,wavlm_base_plus,15,unseen_uar,12,UAR_percent,percentage_points,57.01128936423054,57.51633986928105,0.5050505050505051,False
ads2_formal_cremad_d21_f3_hubert_base_A,cremad,21,3,hubert_base,15,last,15,UAR_percent,percentage_points,49.09387997623292,54.51574569221628,5.421865715983363,False
ads2_formal_cremad_d21_f3_hubert_base_A,cremad,21,3,hubert_base,15,seen_ce,4,UAR_percent,percentage_points,48.20261437908497,54.51574569221628,6.313131313131313,False
ads2_formal_cremad_d21_f3_hubert_base_A,cremad,21,3,hubert_base,15,unseen_ce,4,UAR_percent,percentage_points,48.20261437908497,54.51574569221628,6.313131313131313,False
ads2_formal_cremad_d21_f3_hubert_base_A,cremad,21,3,hubert_base,15,seen_uar,7,UAR_percent,percentage_points,54.51574569221628,54.51574569221628,0.0,False
ads2_formal_cremad_d21_f3_hubert_base_A,cremad,21,3,hubert_base,15,unseen_uar,11,UAR_percent,percentage_points,51.05466428995841,54.51574569221628,3.461081402257873,False
ads2_formal_cremad_d21_f4_wavlm_base_plus_A,cremad,21,4,wavlm_base_plus,15,last,15,UAR_percent,percentage_points,59.31372549019608,61.76470588235294,2.450980392156863,False
ads2_formal_cremad_d21_f4_wavlm_base_plus_A,cremad,21,4,wavlm_base_plus,15,seen_ce,8,UAR_percent,percentage_points,61.76470588235294,61.76470588235294,0.0,False
ads2_formal_cremad_d21_f4_wavlm_base_plus_A,cremad,21,4,wavlm_base_plus,15,unseen_ce,8,UAR_percent,percentage_points,61.76470588235294,61.76470588235294,0.0,False
ads2_formal_cremad_d21_f4_wavlm_base_plus_A,cremad,21,4,wavlm_base_plus,15,seen_uar,8,UAR_percent,percentage_points,61.76470588235294,61.76470588235294,0.0,False
ads2_formal_cremad_d21_f4_wavlm_base_plus_A,cremad,21,4,wavlm_base_plus,15,unseen_uar,15,UAR_percent,percentage_points,59.31372549019608,61.76470588235294,2.450980392156863,False
ads2_formal_cremad_d21_f4_hubert_base_A,cremad,21,4,hubert_base,15,last,15,UAR_percent,percentage_points,63.23529411764706,67.6470588235294,4.411764705882353,False
ads2_formal_cremad_d21_f4_hubert_base_A,cremad,21,4,hubert_base,15,seen_ce,4,UAR_percent,percentage_points,61.76470588235294,67.6470588235294,5.882352941176471,False
ads2_formal_cremad_d21_f4_hubert_base_A,cremad,21,4,hubert_base,15,unseen_ce,4,UAR_percent,percentage_points,61.76470588235294,67.6470588235294,5.882352941176471,False
ads2_formal_cremad_d21_f4_hubert_base_A,cremad,21,4,hubert_base,15,seen_uar,12,UAR_percent,percentage_points,67.6470588235294,67.6470588235294,0.0,False
ads2_formal_cremad_d21_f4_hubert_base_A,cremad,21,4,hubert_base,15,unseen_uar,12,UAR_percent,percentage_points,67.6470588235294,67.6470588235294,0.0,False
ads2_formal_cremad_d22_f0_wavlm_base_plus_A,cremad,22,0,wavlm_base_plus,15,last,15,UAR_percent,percentage_points,48.68421052631579,58.333333333333336,9.649122807017545,False
ads2_formal_cremad_d22_f0_wavlm_base_plus_A,cremad,22,0,wavlm_base_plus,15,seen_ce,10,UAR_percent,percentage_points,58.333333333333336,58.333333333333336,0.0,False
ads2_formal_cremad_d22_f0_wavlm_base_plus_A,cremad,22,0,wavlm_base_plus,15,unseen_ce,4,UAR_percent,percentage_points,52.63157894736842,58.333333333333336,5.701754385964913,False
ads2_formal_cremad_d22_f0_wavlm_base_plus_A,cremad,22,0,wavlm_base_plus,15,seen_uar,10,UAR_percent,percentage_points,58.333333333333336,58.333333333333336,0.0,False
ads2_formal_cremad_d22_f0_wavlm_base_plus_A,cremad,22,0,wavlm_base_plus,15,unseen_uar,10,UAR_percent,percentage_points,58.333333333333336,58.333333333333336,0.0,False
ads2_formal_cremad_d22_f0_hubert_base_A,cremad,22,0,hubert_base,15,last,15,UAR_percent,percentage_points,57.89473684210526,62.719298245614034,4.824561403508772,False
ads2_formal_cremad_d22_f0_hubert_base_A,cremad,22,0,hubert_base,15,seen_ce,9,UAR_percent,percentage_points,62.719298245614034,62.719298245614034,0.0,False
ads2_formal_cremad_d22_f0_hubert_base_A,cremad,22,0,hubert_base,15,unseen_ce,4,UAR_percent,percentage_points,58.333333333333336,62.719298245614034,4.385964912280702,False
ads2_formal_cremad_d22_f0_hubert_base_A,cremad,22,0,hubert_base,15,seen_uar,9,UAR_percent,percentage_points,62.719298245614034,62.719298245614034,0.0,False
ads2_formal_cremad_d22_f0_hubert_base_A,cremad,22,0,hubert_base,15,unseen_uar,9,UAR_percent,percentage_points,62.719298245614034,62.719298245614034,0.0,False
ads2_formal_cremad_d22_f1_wavlm_base_plus_A,cremad,22,1,wavlm_base_plus,15,last,15,UAR_percent,percentage_points,52.63157894736842,57.01754385964912,4.385964912280702,False
ads2_formal_cremad_d22_f1_wavlm_base_plus_A,cremad,22,1,wavlm_base_plus,15,seen_ce,9,UAR_percent,percentage_points,57.01754385964912,57.01754385964912,0.0,False
ads2_formal_cremad_d22_f1_wavlm_base_plus_A,cremad,22,1,wavlm_base_plus,15,unseen_ce,9,UAR_percent,percentage_points,57.01754385964912,57.01754385964912,0.0,False
ads2_formal_cremad_d22_f1_wavlm_base_plus_A,cremad,22,1,wavlm_base_plus,15,seen_uar,9,UAR_percent,percentage_points,57.01754385964912,57.01754385964912,0.0,False
ads2_formal_cremad_d22_f1_wavlm_base_plus_A,cremad,22,1,wavlm_base_plus,15,unseen_uar,10,UAR_percent,percentage_points,53.07017543859649,57.01754385964912,3.9473684210526314,False
ads2_formal_cremad_d22_f1_hubert_base_A,cremad,22,1,hubert_base,15,last,15,UAR_percent,percentage_points,60.08771929824562,64.91228070175438,4.824561403508772,False
ads2_formal_cremad_d22_f1_hubert_base_A,cremad,22,1,hubert_base,15,seen_ce,10,UAR_percent,percentage_points,62.280701754385966,64.91228070175438,2.6315789473684212,False
ads2_formal_cremad_d22_f1_hubert_base_A,cremad,22,1,hubert_base,15,unseen_ce,6,UAR_percent,percentage_points,58.333333333333336,64.91228070175438,6.578947368421052,False
ads2_formal_cremad_d22_f1_hubert_base_A,cremad,22,1,hubert_base,15,seen_uar,10,UAR_percent,percentage_points,62.280701754385966,64.91228070175438,2.6315789473684212,False
ads2_formal_cremad_d22_f1_hubert_base_A,cremad,22,1,hubert_base,15,unseen_uar,11,UAR_percent,percentage_points,63.1578947368421,64.91228070175438,1.7543859649122806,False
ads2_formal_cremad_d22_f2_wavlm_base_plus_A,cremad,22,2,wavlm_base_plus,15,last,15,UAR_percent,percentage_points,50.0,59.64912280701754,9.649122807017545,False
ads2_formal_cremad_d22_f2_wavlm_base_plus_A,cremad,22,2,wavlm_base_plus,15,seen_ce,9,UAR_percent,percentage_points,59.64912280701754,59.64912280701754,0.0,False
ads2_formal_cremad_d22_f2_wavlm_base_plus_A,cremad,22,2,wavlm_base_plus,15,unseen_ce,4,UAR_percent,percentage_points,43.85964912280702,59.64912280701754,15.789473684210526,False
ads2_formal_cremad_d22_f2_wavlm_base_plus_A,cremad,22,2,wavlm_base_plus,15,seen_uar,9,UAR_percent,percentage_points,59.64912280701754,59.64912280701754,0.0,False
ads2_formal_cremad_d22_f2_wavlm_base_plus_A,cremad,22,2,wavlm_base_plus,15,unseen_uar,9,UAR_percent,percentage_points,59.64912280701754,59.64912280701754,0.0,False
ads2_formal_cremad_d22_f2_hubert_base_A,cremad,22,2,hubert_base,15,last,15,UAR_percent,percentage_points,53.94736842105263,56.14035087719298,2.192982456140351,False
ads2_formal_cremad_d22_f2_hubert_base_A,cremad,22,2,hubert_base,15,seen_ce,5,UAR_percent,percentage_points,51.31578947368421,56.14035087719298,4.824561403508772,False
ads2_formal_cremad_d22_f2_hubert_base_A,cremad,22,2,hubert_base,15,unseen_ce,2,UAR_percent,percentage_points,46.49122807017544,56.14035087719298,9.649122807017545,False
ads2_formal_cremad_d22_f2_hubert_base_A,cremad,22,2,hubert_base,15,seen_uar,5,UAR_percent,percentage_points,51.31578947368421,56.14035087719298,4.824561403508772,False
ads2_formal_cremad_d22_f2_hubert_base_A,cremad,22,2,hubert_base,15,unseen_uar,10,UAR_percent,percentage_points,56.14035087719298,56.14035087719298,0.0,False
ads2_formal_cremad_d22_f3_wavlm_base_plus_A,cremad,22,3,wavlm_base_plus,15,last,15,UAR_percent,percentage_points,55.3921568627451,60.294117647058826,4.901960784313726,False
ads2_formal_cremad_d22_f3_wavlm_base_plus_A,cremad,22,3,wavlm_base_plus,15,seen_ce,7,UAR_percent,percentage_points,58.8235294117647,60.294117647058826,1.4705882352941178,False
ads2_formal_cremad_d22_f3_wavlm_base_plus_A,cremad,22,3,wavlm_base_plus,15,unseen_ce,7,UAR_percent,percentage_points,58.8235294117647,60.294117647058826,1.4705882352941178,False
ads2_formal_cremad_d22_f3_wavlm_base_plus_A,cremad,22,3,wavlm_base_plus,15,seen_uar,11,UAR_percent,percentage_points,60.294117647058826,60.294117647058826,0.0,False
ads2_formal_cremad_d22_f3_wavlm_base_plus_A,cremad,22,3,wavlm_base_plus,15,unseen_uar,11,UAR_percent,percentage_points,60.294117647058826,60.294117647058826,0.0,False
ads2_formal_cremad_d22_f3_hubert_base_A,cremad,22,3,hubert_base,15,last,15,UAR_percent,percentage_points,62.745098039215684,62.745098039215684,0.0,False
ads2_formal_cremad_d22_f3_hubert_base_A,cremad,22,3,hubert_base,15,seen_ce,4,UAR_percent,percentage_points,57.84313725490196,62.745098039215684,4.901960784313726,False
ads2_formal_cremad_d22_f3_hubert_base_A,cremad,22,3,hubert_base,15,unseen_ce,4,UAR_percent,percentage_points,57.84313725490196,62.745098039215684,4.901960784313726,False
ads2_formal_cremad_d22_f3_hubert_base_A,cremad,22,3,hubert_base,15,seen_uar,15,UAR_percent,percentage_points,62.745098039215684,62.745098039215684,0.0,False
ads2_formal_cremad_d22_f3_hubert_base_A,cremad,22,3,hubert_base,15,unseen_uar,15,UAR_percent,percentage_points,62.745098039215684,62.745098039215684,0.0,False
ads2_formal_cremad_d22_f4_wavlm_base_plus_A,cremad,22,4,wavlm_base_plus,15,last,15,UAR_percent,percentage_points,51.440879382055854,58.80867498514557,7.3677956030897205,False
ads2_formal_cremad_d22_f4_wavlm_base_plus_A,cremad,22,4,wavlm_base_plus,15,seen_ce,8,UAR_percent,percentage_points,58.30362448009507,58.80867498514557,0.5050505050505051,False
ads2_formal_cremad_d22_f4_wavlm_base_plus_A,cremad,22,4,wavlm_base_plus,15,unseen_ce,4,UAR_percent,percentage_points,54.352346999405825,58.80867498514557,4.45632798573975,False
ads2_formal_cremad_d22_f4_wavlm_base_plus_A,cremad,22,4,wavlm_base_plus,15,seen_uar,9,UAR_percent,percentage_points,58.80867498514557,58.80867498514557,0.0,False
ads2_formal_cremad_d22_f4_wavlm_base_plus_A,cremad,22,4,wavlm_base_plus,15,unseen_uar,12,UAR_percent,percentage_points,58.80867498514557,58.80867498514557,0.0,False
ads2_formal_cremad_d22_f4_hubert_base_A,cremad,22,4,hubert_base,15,last,15,UAR_percent,percentage_points,59.78906714200832,61.74985145573381,1.9607843137254901,False
ads2_formal_cremad_d22_f4_hubert_base_A,cremad,22,4,hubert_base,15,seen_ce,8,UAR_percent,percentage_points,58.229352346999406,61.74985145573381,3.520499108734403,False
ads2_formal_cremad_d22_f4_hubert_base_A,cremad,22,4,hubert_base,15,unseen_ce,5,UAR_percent,percentage_points,60.68033273915627,61.74985145573381,1.0695187165775402,False
ads2_formal_cremad_d22_f4_hubert_base_A,cremad,22,4,hubert_base,15,seen_uar,8,UAR_percent,percentage_points,58.229352346999406,61.74985145573381,3.520499108734403,False
ads2_formal_cremad_d22_f4_hubert_base_A,cremad,22,4,hubert_base,15,unseen_uar,13,UAR_percent,percentage_points,61.244800950683306,61.74985145573381,0.5050505050505051,False
ads2_formal_cremad_d23_f0_wavlm_base_plus_A,cremad,23,0,wavlm_base_plus,15,last,15,UAR_percent,percentage_points,55.70175438596491,63.1578947368421,7.456140350877193,False
ads2_formal_cremad_d23_f0_wavlm_base_plus_A,cremad,23,0,wavlm_base_plus,15,seen_ce,6,UAR_percent,percentage_points,63.1578947368421,63.1578947368421,0.0,False
ads2_formal_cremad_d23_f0_wavlm_base_plus_A,cremad,23,0,wavlm_base_plus,15,unseen_ce,6,UAR_percent,percentage_points,63.1578947368421,63.1578947368421,0.0,False
ads2_formal_cremad_d23_f0_wavlm_base_plus_A,cremad,23,0,wavlm_base_plus,15,seen_uar,14,UAR_percent,percentage_points,60.526315789473685,63.1578947368421,2.6315789473684212,False
ads2_formal_cremad_d23_f0_wavlm_base_plus_A,cremad,23,0,wavlm_base_plus,15,unseen_uar,6,UAR_percent,percentage_points,63.1578947368421,63.1578947368421,0.0,False
ads2_formal_cremad_d23_f0_hubert_base_A,cremad,23,0,hubert_base,15,last,15,UAR_percent,percentage_points,56.578947368421055,58.771929824561404,2.192982456140351,False
ads2_formal_cremad_d23_f0_hubert_base_A,cremad,23,0,hubert_base,15,seen_ce,3,UAR_percent,percentage_points,51.31578947368421,58.771929824561404,7.456140350877193,False
ads2_formal_cremad_d23_f0_hubert_base_A,cremad,23,0,hubert_base,15,unseen_ce,4,UAR_percent,percentage_points,51.31578947368421,58.771929824561404,7.456140350877193,False
ads2_formal_cremad_d23_f0_hubert_base_A,cremad,23,0,hubert_base,15,seen_uar,10,UAR_percent,percentage_points,52.63157894736842,58.771929824561404,6.140350877192983,False
ads2_formal_cremad_d23_f0_hubert_base_A,cremad,23,0,hubert_base,15,unseen_uar,7,UAR_percent,percentage_points,52.19298245614035,58.771929824561404,6.578947368421052,False
ads2_formal_cremad_d23_f1_wavlm_base_plus_A,cremad,23,1,wavlm_base_plus,15,last,15,UAR_percent,percentage_points,44.72498814604078,47.72403982930299,2.9990516832622096,False
ads2_formal_cremad_d23_f1_wavlm_base_plus_A,cremad,23,1,wavlm_base_plus,15,seen_ce,4,UAR_percent,percentage_points,45.566619250829774,47.72403982930299,2.15742057847321,False
ads2_formal_cremad_d23_f1_wavlm_base_plus_A,cremad,23,1,wavlm_base_plus,15,unseen_ce,4,UAR_percent,percentage_points,45.566619250829774,47.72403982930299,2.15742057847321,False
ads2_formal_cremad_d23_f1_wavlm_base_plus_A,cremad,23,1,wavlm_base_plus,15,seen_uar,11,UAR_percent,percentage_points,46.01706970128023,47.72403982930299,1.7069701280227596,False
ads2_formal_cremad_d23_f1_wavlm_base_plus_A,cremad,23,1,wavlm_base_plus,15,unseen_uar,9,UAR_percent,percentage_points,47.72403982930299,47.72403982930299,0.0,False
ads2_formal_cremad_d23_f1_hubert_base_A,cremad,23,1,hubert_base,15,last,15,UAR_percent,percentage_points,47.747747747747745,58.5941204362257,10.84637268847795,False
ads2_formal_cremad_d23_f1_hubert_base_A,cremad,23,1,hubert_base,15,seen_ce,4,UAR_percent,percentage_points,54.37411095305832,58.5941204362257,4.220009483167378,False
ads2_formal_cremad_d23_f1_hubert_base_A,cremad,23,1,hubert_base,15,unseen_ce,3,UAR_percent,percentage_points,47.795163584637265,58.5941204362257,10.79895685158843,False
ads2_formal_cremad_d23_f1_hubert_base_A,cremad,23,1,hubert_base,15,seen_uar,11,UAR_percent,percentage_points,58.5941204362257,58.5941204362257,0.0,False
ads2_formal_cremad_d23_f1_hubert_base_A,cremad,23,1,hubert_base,15,unseen_uar,11,UAR_percent,percentage_points,58.5941204362257,58.5941204362257,0.0,False
ads2_formal_cremad_d23_f2_wavlm_base_plus_A,cremad,23,2,wavlm_base_plus,15,last,15,UAR_percent,percentage_points,54.824561403508774,64.91228070175438,10.087719298245615,False
ads2_formal_cremad_d23_f2_wavlm_base_plus_A,cremad,23,2,wavlm_base_plus,15,seen_ce,7,UAR_percent,percentage_points,64.91228070175438,64.91228070175438,0.0,False
ads2_formal_cremad_d23_f2_wavlm_base_plus_A,cremad,23,2,wavlm_base_plus,15,unseen_ce,7,UAR_percent,percentage_points,64.91228070175438,64.91228070175438,0.0,False
ads2_formal_cremad_d23_f2_wavlm_base_plus_A,cremad,23,2,wavlm_base_plus,15,seen_uar,7,UAR_percent,percentage_points,64.91228070175438,64.91228070175438,0.0,False
ads2_formal_cremad_d23_f2_wavlm_base_plus_A,cremad,23,2,wavlm_base_plus,15,unseen_uar,10,UAR_percent,percentage_points,60.08771929824562,64.91228070175438,4.824561403508772,False
ads2_formal_cremad_d23_f2_hubert_base_A,cremad,23,2,hubert_base,15,last,15,UAR_percent,percentage_points,60.526315789473685,64.47368421052632,3.9473684210526314,False
ads2_formal_cremad_d23_f2_hubert_base_A,cremad,23,2,hubert_base,15,seen_ce,7,UAR_percent,percentage_points,60.08771929824562,64.47368421052632,4.385964912280702,False
ads2_formal_cremad_d23_f2_hubert_base_A,cremad,23,2,hubert_base,15,unseen_ce,7,UAR_percent,percentage_points,60.08771929824562,64.47368421052632,4.385964912280702,False
ads2_formal_cremad_d23_f2_hubert_base_A,cremad,23,2,hubert_base,15,seen_uar,7,UAR_percent,percentage_points,60.08771929824562,64.47368421052632,4.385964912280702,False
ads2_formal_cremad_d23_f2_hubert_base_A,cremad,23,2,hubert_base,15,unseen_uar,8,UAR_percent,percentage_points,63.1578947368421,64.47368421052632,1.3157894736842106,False
ads2_formal_cremad_d23_f3_wavlm_base_plus_A,cremad,23,3,wavlm_base_plus,15,last,15,UAR_percent,percentage_points,47.05882352941177,57.35294117647059,10.294117647058824,False
ads2_formal_cremad_d23_f3_wavlm_base_plus_A,cremad,23,3,wavlm_base_plus,15,seen_ce,4,UAR_percent,percentage_points,55.3921568627451,57.35294117647059,1.9607843137254901,False
ads2_formal_cremad_d23_f3_wavlm_base_plus_A,cremad,23,3,wavlm_base_plus,15,unseen_ce,4,UAR_percent,percentage_points,55.3921568627451,57.35294117647059,1.9607843137254901,False
ads2_formal_cremad_d23_f3_wavlm_base_plus_A,cremad,23,3,wavlm_base_plus,15,seen_uar,12,UAR_percent,percentage_points,57.35294117647059,57.35294117647059,0.0,False
ads2_formal_cremad_d23_f3_wavlm_base_plus_A,cremad,23,3,wavlm_base_plus,15,unseen_uar,12,UAR_percent,percentage_points,57.35294117647059,57.35294117647059,0.0,False
ads2_formal_cremad_d23_f3_hubert_base_A,cremad,23,3,hubert_base,15,last,15,UAR_percent,percentage_points,56.372549019607845,60.78431372549019,4.411764705882353,False
ads2_formal_cremad_d23_f3_hubert_base_A,cremad,23,3,hubert_base,15,seen_ce,4,UAR_percent,percentage_points,59.31372549019608,60.78431372549019,1.4705882352941178,False
ads2_formal_cremad_d23_f3_hubert_base_A,cremad,23,3,hubert_base,15,unseen_ce,4,UAR_percent,percentage_points,59.31372549019608,60.78431372549019,1.4705882352941178,False
ads2_formal_cremad_d23_f3_hubert_base_A,cremad,23,3,hubert_base,15,seen_uar,14,UAR_percent,percentage_points,58.8235294117647,60.78431372549019,1.9607843137254901,False
ads2_formal_cremad_d23_f3_hubert_base_A,cremad,23,3,hubert_base,15,unseen_uar,14,UAR_percent,percentage_points,58.8235294117647,60.78431372549019,1.9607843137254901,False
ads2_formal_cremad_d23_f4_wavlm_base_plus_A,cremad,23,4,wavlm_base_plus,15,last,15,UAR_percent,percentage_points,54.411764705882355,60.294117647058826,5.882352941176471,False
ads2_formal_cremad_d23_f4_wavlm_base_plus_A,cremad,23,4,wavlm_base_plus,15,seen_ce,8,UAR_percent,percentage_points,55.88235294117647,60.294117647058826,4.411764705882353,False
ads2_formal_cremad_d23_f4_wavlm_base_plus_A,cremad,23,4,wavlm_base_plus,15,unseen_ce,9,UAR_percent,percentage_points,60.294117647058826,60.294117647058826,0.0,False
ads2_formal_cremad_d23_f4_wavlm_base_plus_A,cremad,23,4,wavlm_base_plus,15,seen_uar,13,UAR_percent,percentage_points,60.294117647058826,60.294117647058826,0.0,False
ads2_formal_cremad_d23_f4_wavlm_base_plus_A,cremad,23,4,wavlm_base_plus,15,unseen_uar,13,UAR_percent,percentage_points,60.294117647058826,60.294117647058826,0.0,False
ads2_formal_cremad_d23_f4_hubert_base_A,cremad,23,4,hubert_base,15,last,15,UAR_percent,percentage_points,61.27450980392157,65.19607843137256,3.9215686274509802,False
ads2_formal_cremad_d23_f4_hubert_base_A,cremad,23,4,hubert_base,15,seen_ce,6,UAR_percent,percentage_points,58.8235294117647,65.19607843137256,6.372549019607843,False
ads2_formal_cremad_d23_f4_hubert_base_A,cremad,23,4,hubert_base,15,unseen_ce,5,UAR_percent,percentage_points,63.23529411764706,65.19607843137256,1.9607843137254901,False
ads2_formal_cremad_d23_f4_hubert_base_A,cremad,23,4,hubert_base,15,seen_uar,9,UAR_percent,percentage_points,63.72549019607843,65.19607843137256,1.4705882352941178,False
ads2_formal_cremad_d23_f4_hubert_base_A,cremad,23,4,hubert_base,15,unseen_uar,9,UAR_percent,percentage_points,63.72549019607843,65.19607843137256,1.4705882352941178,False
ads2_formal_subesco_d00_f0_wavlm_base_plus_A,subesco,0,0,wavlm_base_plus,15,last,15,UAR_percent,percentage_points,44.642857142857146,60.714285714285715,16.071428571428573,False
ads2_formal_subesco_d00_f0_wavlm_base_plus_A,subesco,0,0,wavlm_base_plus,15,seen_ce,9,UAR_percent,percentage_points,57.142857142857146,60.714285714285715,3.5714285714285716,False
ads2_formal_subesco_d00_f0_wavlm_base_plus_A,subesco,0,0,wavlm_base_plus,15,unseen_ce,9,UAR_percent,percentage_points,57.142857142857146,60.714285714285715,3.5714285714285716,False
ads2_formal_subesco_d00_f0_wavlm_base_plus_A,subesco,0,0,wavlm_base_plus,15,seen_uar,10,UAR_percent,percentage_points,50.0,60.714285714285715,10.714285714285714,False
ads2_formal_subesco_d00_f0_wavlm_base_plus_A,subesco,0,0,wavlm_base_plus,15,unseen_uar,9,UAR_percent,percentage_points,57.142857142857146,60.714285714285715,3.5714285714285716,False
ads2_formal_subesco_d00_f0_wavlm_base_plus_A,subesco,0,0,wavlm_base_plus,45,last,45,UAR_percent,percentage_points,53.57142857142857,60.714285714285715,7.142857142857143,False
ads2_formal_subesco_d00_f0_wavlm_base_plus_A,subesco,0,0,wavlm_base_plus,45,seen_ce,9,UAR_percent,percentage_points,57.142857142857146,60.714285714285715,3.5714285714285716,False
ads2_formal_subesco_d00_f0_wavlm_base_plus_A,subesco,0,0,wavlm_base_plus,45,unseen_ce,9,UAR_percent,percentage_points,57.142857142857146,60.714285714285715,3.5714285714285716,False
ads2_formal_subesco_d00_f0_wavlm_base_plus_A,subesco,0,0,wavlm_base_plus,45,seen_uar,19,UAR_percent,percentage_points,58.92857142857143,60.714285714285715,1.7857142857142858,False
ads2_formal_subesco_d00_f0_wavlm_base_plus_A,subesco,0,0,wavlm_base_plus,45,unseen_uar,9,UAR_percent,percentage_points,57.142857142857146,60.714285714285715,3.5714285714285716,False
ads2_formal_subesco_d00_f0_hubert_base_A,subesco,0,0,hubert_base,15,last,15,UAR_percent,percentage_points,62.5,67.85714285714286,5.357142857142857,False
ads2_formal_subesco_d00_f0_hubert_base_A,subesco,0,0,hubert_base,15,seen_ce,8,UAR_percent,percentage_points,67.85714285714286,67.85714285714286,0.0,False
ads2_formal_subesco_d00_f0_hubert_base_A,subesco,0,0,hubert_base,15,unseen_ce,5,UAR_percent,percentage_points,55.357142857142854,67.85714285714286,12.5,False
ads2_formal_subesco_d00_f0_hubert_base_A,subesco,0,0,hubert_base,15,seen_uar,11,UAR_percent,percentage_points,62.5,67.85714285714286,5.357142857142857,False
ads2_formal_subesco_d00_f0_hubert_base_A,subesco,0,0,hubert_base,15,unseen_uar,12,UAR_percent,percentage_points,62.5,67.85714285714286,5.357142857142857,False
ads2_formal_subesco_d00_f1_wavlm_base_plus_A,subesco,0,1,wavlm_base_plus,15,last,15,UAR_percent,percentage_points,39.285714285714285,51.785714285714285,12.5,False
ads2_formal_subesco_d00_f1_wavlm_base_plus_A,subesco,0,1,wavlm_base_plus,15,seen_ce,10,UAR_percent,percentage_points,51.785714285714285,51.785714285714285,0.0,False
ads2_formal_subesco_d00_f1_wavlm_base_plus_A,subesco,0,1,wavlm_base_plus,15,unseen_ce,10,UAR_percent,percentage_points,51.785714285714285,51.785714285714285,0.0,False
ads2_formal_subesco_d00_f1_wavlm_base_plus_A,subesco,0,1,wavlm_base_plus,15,seen_uar,10,UAR_percent,percentage_points,51.785714285714285,51.785714285714285,0.0,False
ads2_formal_subesco_d00_f1_wavlm_base_plus_A,subesco,0,1,wavlm_base_plus,15,unseen_uar,14,UAR_percent,percentage_points,48.214285714285715,51.785714285714285,3.5714285714285716,False
ads2_formal_subesco_d00_f1_wavlm_base_plus_A,subesco,0,1,wavlm_base_plus,45,last,45,UAR_percent,percentage_points,55.357142857142854,58.92857142857143,3.5714285714285716,False
ads2_formal_subesco_d00_f1_wavlm_base_plus_A,subesco,0,1,wavlm_base_plus,45,seen_ce,10,UAR_percent,percentage_points,51.785714285714285,58.92857142857143,7.142857142857143,False
ads2_formal_subesco_d00_f1_wavlm_base_plus_A,subesco,0,1,wavlm_base_plus,45,unseen_ce,10,UAR_percent,percentage_points,51.785714285714285,58.92857142857143,7.142857142857143,False
ads2_formal_subesco_d00_f1_wavlm_base_plus_A,subesco,0,1,wavlm_base_plus,45,seen_uar,23,UAR_percent,percentage_points,51.785714285714285,58.92857142857143,7.142857142857143,False
ads2_formal_subesco_d00_f1_wavlm_base_plus_A,subesco,0,1,wavlm_base_plus,45,unseen_uar,14,UAR_percent,percentage_points,48.214285714285715,58.92857142857143,10.714285714285714,False
ads2_formal_subesco_d00_f1_hubert_base_A,subesco,0,1,hubert_base,15,last,15,UAR_percent,percentage_points,51.785714285714285,51.785714285714285,0.0,False
ads2_formal_subesco_d00_f1_hubert_base_A,subesco,0,1,hubert_base,15,seen_ce,7,UAR_percent,percentage_points,50.0,51.785714285714285,1.7857142857142858,False
ads2_formal_subesco_d00_f1_hubert_base_A,subesco,0,1,hubert_base,15,unseen_ce,7,UAR_percent,percentage_points,50.0,51.785714285714285,1.7857142857142858,False
ads2_formal_subesco_d00_f1_hubert_base_A,subesco,0,1,hubert_base,15,seen_uar,15,UAR_percent,percentage_points,51.785714285714285,51.785714285714285,0.0,False
ads2_formal_subesco_d00_f1_hubert_base_A,subesco,0,1,hubert_base,15,unseen_uar,13,UAR_percent,percentage_points,39.285714285714285,51.785714285714285,12.5,False
ads2_formal_subesco_d00_f2_wavlm_base_plus_A,subesco,0,2,wavlm_base_plus,15,last,15,UAR_percent,percentage_points,42.857142857142854,44.642857142857146,1.7857142857142858,False
ads2_formal_subesco_d00_f2_wavlm_base_plus_A,subesco,0,2,wavlm_base_plus,15,seen_ce,9,UAR_percent,percentage_points,35.714285714285715,44.642857142857146,8.928571428571429,False
ads2_formal_subesco_d00_f2_wavlm_base_plus_A,subesco,0,2,wavlm_base_plus,15,unseen_ce,4,UAR_percent,percentage_points,26.785714285714285,44.642857142857146,17.857142857142858,False
ads2_formal_subesco_d00_f2_wavlm_base_plus_A,subesco,0,2,wavlm_base_plus,15,seen_uar,13,UAR_percent,percentage_points,41.07142857142857,44.642857142857146,3.5714285714285716,False
ads2_formal_subesco_d00_f2_wavlm_base_plus_A,subesco,0,2,wavlm_base_plus,15,unseen_uar,12,UAR_percent,percentage_points,41.07142857142857,44.642857142857146,3.5714285714285716,False
ads2_formal_subesco_d00_f2_wavlm_base_plus_A,subesco,0,2,wavlm_base_plus,45,last,45,UAR_percent,percentage_points,41.07142857142857,50.0,8.928571428571429,False
ads2_formal_subesco_d00_f2_wavlm_base_plus_A,subesco,0,2,wavlm_base_plus,45,seen_ce,9,UAR_percent,percentage_points,35.714285714285715,50.0,14.285714285714286,False
ads2_formal_subesco_d00_f2_wavlm_base_plus_A,subesco,0,2,wavlm_base_plus,45,unseen_ce,4,UAR_percent,percentage_points,26.785714285714285,50.0,23.214285714285715,False
ads2_formal_subesco_d00_f2_wavlm_base_plus_A,subesco,0,2,wavlm_base_plus,45,seen_uar,28,UAR_percent,percentage_points,42.857142857142854,50.0,7.142857142857143,False
ads2_formal_subesco_d00_f2_wavlm_base_plus_A,subesco,0,2,wavlm_base_plus,45,unseen_uar,43,UAR_percent,percentage_points,42.857142857142854,50.0,7.142857142857143,False
ads2_formal_subesco_d00_f2_hubert_base_A,subesco,0,2,hubert_base,15,last,15,UAR_percent,percentage_points,48.214285714285715,51.785714285714285,3.5714285714285716,False
ads2_formal_subesco_d00_f2_hubert_base_A,subesco,0,2,hubert_base,15,seen_ce,7,UAR_percent,percentage_points,39.285714285714285,51.785714285714285,12.5,False
ads2_formal_subesco_d00_f2_hubert_base_A,subesco,0,2,hubert_base,15,unseen_ce,7,UAR_percent,percentage_points,39.285714285714285,51.785714285714285,12.5,False
ads2_formal_subesco_d00_f2_hubert_base_A,subesco,0,2,hubert_base,15,seen_uar,11,UAR_percent,percentage_points,48.214285714285715,51.785714285714285,3.5714285714285716,False
ads2_formal_subesco_d00_f2_hubert_base_A,subesco,0,2,hubert_base,15,unseen_uar,13,UAR_percent,percentage_points,51.785714285714285,51.785714285714285,0.0,False
ads2_formal_subesco_d00_f3_wavlm_base_plus_A,subesco,0,3,wavlm_base_plus,15,last,15,UAR_percent,percentage_points,46.42857142857143,51.785714285714285,5.357142857142857,False
ads2_formal_subesco_d00_f3_wavlm_base_plus_A,subesco,0,3,wavlm_base_plus,15,seen_ce,8,UAR_percent,percentage_points,46.42857142857143,51.785714285714285,5.357142857142857,False
ads2_formal_subesco_d00_f3_wavlm_base_plus_A,subesco,0,3,wavlm_base_plus,15,unseen_ce,8,UAR_percent,percentage_points,46.42857142857143,51.785714285714285,5.357142857142857,False
ads2_formal_subesco_d00_f3_wavlm_base_plus_A,subesco,0,3,wavlm_base_plus,15,seen_uar,12,UAR_percent,percentage_points,48.214285714285715,51.785714285714285,3.5714285714285716,False
ads2_formal_subesco_d00_f3_wavlm_base_plus_A,subesco,0,3,wavlm_base_plus,15,unseen_uar,13,UAR_percent,percentage_points,50.0,51.785714285714285,1.7857142857142858,False
ads2_formal_subesco_d00_f3_wavlm_base_plus_A,subesco,0,3,wavlm_base_plus,45,last,45,UAR_percent,percentage_points,51.785714285714285,51.785714285714285,0.0,False
ads2_formal_subesco_d00_f3_wavlm_base_plus_A,subesco,0,3,wavlm_base_plus,45,seen_ce,8,UAR_percent,percentage_points,46.42857142857143,51.785714285714285,5.357142857142857,False
ads2_formal_subesco_d00_f3_wavlm_base_plus_A,subesco,0,3,wavlm_base_plus,45,unseen_ce,8,UAR_percent,percentage_points,46.42857142857143,51.785714285714285,5.357142857142857,False
ads2_formal_subesco_d00_f3_wavlm_base_plus_A,subesco,0,3,wavlm_base_plus,45,seen_uar,32,UAR_percent,percentage_points,44.642857142857146,51.785714285714285,7.142857142857143,False
ads2_formal_subesco_d00_f3_wavlm_base_plus_A,subesco,0,3,wavlm_base_plus,45,unseen_uar,32,UAR_percent,percentage_points,44.642857142857146,51.785714285714285,7.142857142857143,False
ads2_formal_subesco_d00_f3_hubert_base_A,subesco,0,3,hubert_base,15,last,15,UAR_percent,percentage_points,42.857142857142854,48.214285714285715,5.357142857142857,False
ads2_formal_subesco_d00_f3_hubert_base_A,subesco,0,3,hubert_base,15,seen_ce,8,UAR_percent,percentage_points,44.642857142857146,48.214285714285715,3.5714285714285716,False
ads2_formal_subesco_d00_f3_hubert_base_A,subesco,0,3,hubert_base,15,unseen_ce,6,UAR_percent,percentage_points,42.857142857142854,48.214285714285715,5.357142857142857,False
ads2_formal_subesco_d00_f3_hubert_base_A,subesco,0,3,hubert_base,15,seen_uar,15,UAR_percent,percentage_points,42.857142857142854,48.214285714285715,5.357142857142857,False
ads2_formal_subesco_d00_f3_hubert_base_A,subesco,0,3,hubert_base,15,unseen_uar,8,UAR_percent,percentage_points,44.642857142857146,48.214285714285715,3.5714285714285716,False
ads2_formal_subesco_d00_f4_wavlm_base_plus_A,subesco,0,4,wavlm_base_plus,15,last,15,UAR_percent,percentage_points,48.214285714285715,53.57142857142857,5.357142857142857,False
ads2_formal_subesco_d00_f4_wavlm_base_plus_A,subesco,0,4,wavlm_base_plus,15,seen_ce,12,UAR_percent,percentage_points,46.42857142857143,53.57142857142857,7.142857142857143,False
ads2_formal_subesco_d00_f4_wavlm_base_plus_A,subesco,0,4,wavlm_base_plus,15,unseen_ce,12,UAR_percent,percentage_points,46.42857142857143,53.57142857142857,7.142857142857143,False
ads2_formal_subesco_d00_f4_wavlm_base_plus_A,subesco,0,4,wavlm_base_plus,15,seen_uar,9,UAR_percent,percentage_points,48.214285714285715,53.57142857142857,5.357142857142857,False
ads2_formal_subesco_d00_f4_wavlm_base_plus_A,subesco,0,4,wavlm_base_plus,15,unseen_uar,8,UAR_percent,percentage_points,41.07142857142857,53.57142857142857,12.5,False
ads2_formal_subesco_d00_f4_wavlm_base_plus_A,subesco,0,4,wavlm_base_plus,45,last,45,UAR_percent,percentage_points,51.785714285714285,58.92857142857143,7.142857142857143,False
ads2_formal_subesco_d00_f4_wavlm_base_plus_A,subesco,0,4,wavlm_base_plus,45,seen_ce,12,UAR_percent,percentage_points,46.42857142857143,58.92857142857143,12.5,False
ads2_formal_subesco_d00_f4_wavlm_base_plus_A,subesco,0,4,wavlm_base_plus,45,unseen_ce,12,UAR_percent,percentage_points,46.42857142857143,58.92857142857143,12.5,False
ads2_formal_subesco_d00_f4_wavlm_base_plus_A,subesco,0,4,wavlm_base_plus,45,seen_uar,25,UAR_percent,percentage_points,48.214285714285715,58.92857142857143,10.714285714285714,False
ads2_formal_subesco_d00_f4_wavlm_base_plus_A,subesco,0,4,wavlm_base_plus,45,unseen_uar,27,UAR_percent,percentage_points,57.142857142857146,58.92857142857143,1.7857142857142858,False
ads2_formal_subesco_d00_f4_hubert_base_A,subesco,0,4,hubert_base,15,last,15,UAR_percent,percentage_points,50.0,53.57142857142857,3.5714285714285716,False
ads2_formal_subesco_d00_f4_hubert_base_A,subesco,0,4,hubert_base,15,seen_ce,10,UAR_percent,percentage_points,53.57142857142857,53.57142857142857,0.0,False
ads2_formal_subesco_d00_f4_hubert_base_A,subesco,0,4,hubert_base,15,unseen_ce,4,UAR_percent,percentage_points,30.357142857142858,53.57142857142857,23.214285714285715,False
ads2_formal_subesco_d00_f4_hubert_base_A,subesco,0,4,hubert_base,15,seen_uar,10,UAR_percent,percentage_points,53.57142857142857,53.57142857142857,0.0,False
ads2_formal_subesco_d00_f4_hubert_base_A,subesco,0,4,hubert_base,15,unseen_uar,10,UAR_percent,percentage_points,53.57142857142857,53.57142857142857,0.0,False
ads2_formal_subesco_d01_f0_wavlm_base_plus_A,subesco,1,0,wavlm_base_plus,15,last,15,UAR_percent,percentage_points,66.07142857142857,66.07142857142857,0.0,False
ads2_formal_subesco_d01_f0_wavlm_base_plus_A,subesco,1,0,wavlm_base_plus,15,seen_ce,11,UAR_percent,percentage_points,58.92857142857143,66.07142857142857,7.142857142857143,False
ads2_formal_subesco_d01_f0_wavlm_base_plus_A,subesco,1,0,wavlm_base_plus,15,unseen_ce,4,UAR_percent,percentage_points,28.571428571428573,66.07142857142857,37.5,False
ads2_formal_subesco_d01_f0_wavlm_base_plus_A,subesco,1,0,wavlm_base_plus,15,seen_uar,11,UAR_percent,percentage_points,58.92857142857143,66.07142857142857,7.142857142857143,False
ads2_formal_subesco_d01_f0_wavlm_base_plus_A,subesco,1,0,wavlm_base_plus,15,unseen_uar,11,UAR_percent,percentage_points,58.92857142857143,66.07142857142857,7.142857142857143,False
ads2_formal_subesco_d01_f0_wavlm_base_plus_A,subesco,1,0,wavlm_base_plus,45,last,45,UAR_percent,percentage_points,58.92857142857143,66.07142857142857,7.142857142857143,False
ads2_formal_subesco_d01_f0_wavlm_base_plus_A,subesco,1,0,wavlm_base_plus,45,seen_ce,11,UAR_percent,percentage_points,58.92857142857143,66.07142857142857,7.142857142857143,False
ads2_formal_subesco_d01_f0_wavlm_base_plus_A,subesco,1,0,wavlm_base_plus,45,unseen_ce,4,UAR_percent,percentage_points,28.571428571428573,66.07142857142857,37.5,False
ads2_formal_subesco_d01_f0_wavlm_base_plus_A,subesco,1,0,wavlm_base_plus,45,seen_uar,41,UAR_percent,percentage_points,62.5,66.07142857142857,3.5714285714285716,False
ads2_formal_subesco_d01_f0_wavlm_base_plus_A,subesco,1,0,wavlm_base_plus,45,unseen_uar,43,UAR_percent,percentage_points,62.5,66.07142857142857,3.5714285714285716,False
ads2_formal_subesco_d01_f0_hubert_base_A,subesco,1,0,hubert_base,15,last,15,UAR_percent,percentage_points,60.714285714285715,66.07142857142857,5.357142857142857,False
ads2_formal_subesco_d01_f0_hubert_base_A,subesco,1,0,hubert_base,15,seen_ce,11,UAR_percent,percentage_points,66.07142857142857,66.07142857142857,0.0,False
ads2_formal_subesco_d01_f0_hubert_base_A,subesco,1,0,hubert_base,15,unseen_ce,4,UAR_percent,percentage_points,44.642857142857146,66.07142857142857,21.428571428571427,False
ads2_formal_subesco_d01_f0_hubert_base_A,subesco,1,0,hubert_base,15,seen_uar,11,UAR_percent,percentage_points,66.07142857142857,66.07142857142857,0.0,False
ads2_formal_subesco_d01_f0_hubert_base_A,subesco,1,0,hubert_base,15,unseen_uar,12,UAR_percent,percentage_points,64.28571428571429,66.07142857142857,1.7857142857142858,False
ads2_formal_subesco_d01_f1_wavlm_base_plus_A,subesco,1,1,wavlm_base_plus,15,last,15,UAR_percent,percentage_points,35.714285714285715,42.857142857142854,7.142857142857143,False
ads2_formal_subesco_d01_f1_wavlm_base_plus_A,subesco,1,1,wavlm_base_plus,15,seen_ce,10,UAR_percent,percentage_points,39.285714285714285,42.857142857142854,3.5714285714285716,False
ads2_formal_subesco_d01_f1_wavlm_base_plus_A,subesco,1,1,wavlm_base_plus,15,unseen_ce,10,UAR_percent,percentage_points,39.285714285714285,42.857142857142854,3.5714285714285716,False
ads2_formal_subesco_d01_f1_wavlm_base_plus_A,subesco,1,1,wavlm_base_plus,15,seen_uar,10,UAR_percent,percentage_points,39.285714285714285,42.857142857142854,3.5714285714285716,False
ads2_formal_subesco_d01_f1_wavlm_base_plus_A,subesco,1,1,wavlm_base_plus,15,unseen_uar,10,UAR_percent,percentage_points,39.285714285714285,42.857142857142854,3.5714285714285716,False
ads2_formal_subesco_d01_f1_wavlm_base_plus_A,subesco,1,1,wavlm_base_plus,45,last,45,UAR_percent,percentage_points,35.714285714285715,44.642857142857146,8.928571428571429,False
ads2_formal_subesco_d01_f1_wavlm_base_plus_A,subesco,1,1,wavlm_base_plus,45,seen_ce,10,UAR_percent,percentage_points,39.285714285714285,44.642857142857146,5.357142857142857,False
ads2_formal_subesco_d01_f1_wavlm_base_plus_A,subesco,1,1,wavlm_base_plus,45,unseen_ce,10,UAR_percent,percentage_points,39.285714285714285,44.642857142857146,5.357142857142857,False
ads2_formal_subesco_d01_f1_wavlm_base_plus_A,subesco,1,1,wavlm_base_plus,45,seen_uar,25,UAR_percent,percentage_points,44.642857142857146,44.642857142857146,0.0,False
ads2_formal_subesco_d01_f1_wavlm_base_plus_A,subesco,1,1,wavlm_base_plus,45,unseen_uar,41,UAR_percent,percentage_points,33.92857142857143,44.642857142857146,10.714285714285714,False
ads2_formal_subesco_d01_f1_hubert_base_A,subesco,1,1,hubert_base,15,last,15,UAR_percent,percentage_points,46.42857142857143,50.0,3.5714285714285716,False
ads2_formal_subesco_d01_f1_hubert_base_A,subesco,1,1,hubert_base,15,seen_ce,14,UAR_percent,percentage_points,50.0,50.0,0.0,False
ads2_formal_subesco_d01_f1_hubert_base_A,subesco,1,1,hubert_base,15,unseen_ce,5,UAR_percent,percentage_points,41.07142857142857,50.0,8.928571428571429,False
ads2_formal_subesco_d01_f1_hubert_base_A,subesco,1,1,hubert_base,15,seen_uar,14,UAR_percent,percentage_points,50.0,50.0,0.0,False
ads2_formal_subesco_d01_f1_hubert_base_A,subesco,1,1,hubert_base,15,unseen_uar,14,UAR_percent,percentage_points,50.0,50.0,0.0,False
ads2_formal_subesco_d01_f2_wavlm_base_plus_A,subesco,1,2,wavlm_base_plus,15,last,15,UAR_percent,percentage_points,46.42857142857143,58.92857142857143,12.5,False
ads2_formal_subesco_d01_f2_wavlm_base_plus_A,subesco,1,2,wavlm_base_plus,15,seen_ce,8,UAR_percent,percentage_points,48.214285714285715,58.92857142857143,10.714285714285714,False
ads2_formal_subesco_d01_f2_wavlm_base_plus_A,subesco,1,2,wavlm_base_plus,15,unseen_ce,10,UAR_percent,percentage_points,53.57142857142857,58.92857142857143,5.357142857142857,False
ads2_formal_subesco_d01_f2_wavlm_base_plus_A,subesco,1,2,wavlm_base_plus,15,seen_uar,12,UAR_percent,percentage_points,50.0,58.92857142857143,8.928571428571429,False
ads2_formal_subesco_d01_f2_wavlm_base_plus_A,subesco,1,2,wavlm_base_plus,15,unseen_uar,8,UAR_percent,percentage_points,48.214285714285715,58.92857142857143,10.714285714285714,False
ads2_formal_subesco_d01_f2_wavlm_base_plus_A,subesco,1,2,wavlm_base_plus,45,last,45,UAR_percent,percentage_points,51.785714285714285,58.92857142857143,7.142857142857143,False
ads2_formal_subesco_d01_f2_wavlm_base_plus_A,subesco,1,2,wavlm_base_plus,45,seen_ce,8,UAR_percent,percentage_points,48.214285714285715,58.92857142857143,10.714285714285714,False
ads2_formal_subesco_d01_f2_wavlm_base_plus_A,subesco,1,2,wavlm_base_plus,45,unseen_ce,10,UAR_percent,percentage_points,53.57142857142857,58.92857142857143,5.357142857142857,False
ads2_formal_subesco_d01_f2_wavlm_base_plus_A,subesco,1,2,wavlm_base_plus,45,seen_uar,21,UAR_percent,percentage_points,51.785714285714285,58.92857142857143,7.142857142857143,False
ads2_formal_subesco_d01_f2_wavlm_base_plus_A,subesco,1,2,wavlm_base_plus,45,unseen_uar,32,UAR_percent,percentage_points,57.142857142857146,58.92857142857143,1.7857142857142858,False
ads2_formal_subesco_d01_f2_hubert_base_A,subesco,1,2,hubert_base,15,last,15,UAR_percent,percentage_points,42.857142857142854,48.214285714285715,5.357142857142857,False
ads2_formal_subesco_d01_f2_hubert_base_A,subesco,1,2,hubert_base,15,seen_ce,7,UAR_percent,percentage_points,37.5,48.214285714285715,10.714285714285714,False
ads2_formal_subesco_d01_f2_hubert_base_A,subesco,1,2,hubert_base,15,unseen_ce,5,UAR_percent,percentage_points,42.857142857142854,48.214285714285715,5.357142857142857,False
ads2_formal_subesco_d01_f2_hubert_base_A,subesco,1,2,hubert_base,15,seen_uar,14,UAR_percent,percentage_points,41.07142857142857,48.214285714285715,7.142857142857143,False
ads2_formal_subesco_d01_f2_hubert_base_A,subesco,1,2,hubert_base,15,unseen_uar,11,UAR_percent,percentage_points,48.214285714285715,48.214285714285715,0.0,False
ads2_formal_subesco_d01_f3_wavlm_base_plus_A,subesco,1,3,wavlm_base_plus,15,last,15,UAR_percent,percentage_points,37.5,48.214285714285715,10.714285714285714,False
ads2_formal_subesco_d01_f3_wavlm_base_plus_A,subesco,1,3,wavlm_base_plus,15,seen_ce,9,UAR_percent,percentage_points,41.07142857142857,48.214285714285715,7.142857142857143,False
ads2_formal_subesco_d01_f3_wavlm_base_plus_A,subesco,1,3,wavlm_base_plus,15,unseen_ce,6,UAR_percent,percentage_points,44.642857142857146,48.214285714285715,3.5714285714285716,False
ads2_formal_subesco_d01_f3_wavlm_base_plus_A,subesco,1,3,wavlm_base_plus,15,seen_uar,15,UAR_percent,percentage_points,37.5,48.214285714285715,10.714285714285714,False
ads2_formal_subesco_d01_f3_wavlm_base_plus_A,subesco,1,3,wavlm_base_plus,15,unseen_uar,12,UAR_percent,percentage_points,39.285714285714285,48.214285714285715,8.928571428571429,False
ads2_formal_subesco_d01_f3_wavlm_base_plus_A,subesco,1,3,wavlm_base_plus,45,last,45,UAR_percent,percentage_points,39.285714285714285,51.785714285714285,12.5,False
ads2_formal_subesco_d01_f3_wavlm_base_plus_A,subesco,1,3,wavlm_base_plus,45,seen_ce,9,UAR_percent,percentage_points,41.07142857142857,51.785714285714285,10.714285714285714,False
ads2_formal_subesco_d01_f3_wavlm_base_plus_A,subesco,1,3,wavlm_base_plus,45,unseen_ce,6,UAR_percent,percentage_points,44.642857142857146,51.785714285714285,7.142857142857143,False
ads2_formal_subesco_d01_f3_wavlm_base_plus_A,subesco,1,3,wavlm_base_plus,45,seen_uar,19,UAR_percent,percentage_points,44.642857142857146,51.785714285714285,7.142857142857143,False
ads2_formal_subesco_d01_f3_wavlm_base_plus_A,subesco,1,3,wavlm_base_plus,45,unseen_uar,27,UAR_percent,percentage_points,44.642857142857146,51.785714285714285,7.142857142857143,False
ads2_formal_subesco_d01_f3_hubert_base_A,subesco,1,3,hubert_base,15,last,15,UAR_percent,percentage_points,42.857142857142854,44.642857142857146,1.7857142857142858,False
ads2_formal_subesco_d01_f3_hubert_base_A,subesco,1,3,hubert_base,15,seen_ce,9,UAR_percent,percentage_points,37.5,44.642857142857146,7.142857142857143,False
ads2_formal_subesco_d01_f3_hubert_base_A,subesco,1,3,hubert_base,15,unseen_ce,4,UAR_percent,percentage_points,37.5,44.642857142857146,7.142857142857143,False
ads2_formal_subesco_d01_f3_hubert_base_A,subesco,1,3,hubert_base,15,seen_uar,14,UAR_percent,percentage_points,39.285714285714285,44.642857142857146,5.357142857142857,False
ads2_formal_subesco_d01_f3_hubert_base_A,subesco,1,3,hubert_base,15,unseen_uar,10,UAR_percent,percentage_points,37.5,44.642857142857146,7.142857142857143,False
ads2_formal_subesco_d01_f4_wavlm_base_plus_A,subesco,1,4,wavlm_base_plus,15,last,15,UAR_percent,percentage_points,42.857142857142854,55.357142857142854,12.5,False
ads2_formal_subesco_d01_f4_wavlm_base_plus_A,subesco,1,4,wavlm_base_plus,15,seen_ce,8,UAR_percent,percentage_points,37.5,55.357142857142854,17.857142857142858,False
ads2_formal_subesco_d01_f4_wavlm_base_plus_A,subesco,1,4,wavlm_base_plus,15,unseen_ce,7,UAR_percent,percentage_points,55.357142857142854,55.357142857142854,0.0,False
ads2_formal_subesco_d01_f4_wavlm_base_plus_A,subesco,1,4,wavlm_base_plus,15,seen_uar,8,UAR_percent,percentage_points,37.5,55.357142857142854,17.857142857142858,False
ads2_formal_subesco_d01_f4_wavlm_base_plus_A,subesco,1,4,wavlm_base_plus,15,unseen_uar,15,UAR_percent,percentage_points,42.857142857142854,55.357142857142854,12.5,False
ads2_formal_subesco_d01_f4_wavlm_base_plus_A,subesco,1,4,wavlm_base_plus,45,last,45,UAR_percent,percentage_points,50.0,55.357142857142854,5.357142857142857,False
ads2_formal_subesco_d01_f4_wavlm_base_plus_A,subesco,1,4,wavlm_base_plus,45,seen_ce,8,UAR_percent,percentage_points,37.5,55.357142857142854,17.857142857142858,False
ads2_formal_subesco_d01_f4_wavlm_base_plus_A,subesco,1,4,wavlm_base_plus,45,unseen_ce,7,UAR_percent,percentage_points,55.357142857142854,55.357142857142854,0.0,False
ads2_formal_subesco_d01_f4_wavlm_base_plus_A,subesco,1,4,wavlm_base_plus,45,seen_uar,38,UAR_percent,percentage_points,46.42857142857143,55.357142857142854,8.928571428571429,False
ads2_formal_subesco_d01_f4_wavlm_base_plus_A,subesco,1,4,wavlm_base_plus,45,unseen_uar,28,UAR_percent,percentage_points,50.0,55.357142857142854,5.357142857142857,False
ads2_formal_subesco_d01_f4_hubert_base_A,subesco,1,4,hubert_base,15,last,15,UAR_percent,percentage_points,57.142857142857146,60.714285714285715,3.5714285714285716,False
ads2_formal_subesco_d01_f4_hubert_base_A,subesco,1,4,hubert_base,15,seen_ce,11,UAR_percent,percentage_points,50.0,60.714285714285715,10.714285714285714,False
ads2_formal_subesco_d01_f4_hubert_base_A,subesco,1,4,hubert_base,15,unseen_ce,5,UAR_percent,percentage_points,53.57142857142857,60.714285714285715,7.142857142857143,False
ads2_formal_subesco_d01_f4_hubert_base_A,subesco,1,4,hubert_base,15,seen_uar,11,UAR_percent,percentage_points,50.0,60.714285714285715,10.714285714285714,False
ads2_formal_subesco_d01_f4_hubert_base_A,subesco,1,4,hubert_base,15,unseen_uar,14,UAR_percent,percentage_points,53.57142857142857,60.714285714285715,7.142857142857143,False
ads2_formal_subesco_d02_f0_wavlm_base_plus_A,subesco,2,0,wavlm_base_plus,15,last,15,UAR_percent,percentage_points,53.57142857142857,55.357142857142854,1.7857142857142858,False
ads2_formal_subesco_d02_f0_wavlm_base_plus_A,subesco,2,0,wavlm_base_plus,15,seen_ce,8,UAR_percent,percentage_points,44.642857142857146,55.357142857142854,10.714285714285714,False
ads2_formal_subesco_d02_f0_wavlm_base_plus_A,subesco,2,0,wavlm_base_plus,15,unseen_ce,11,UAR_percent,percentage_points,50.0,55.357142857142854,5.357142857142857,False
ads2_formal_subesco_d02_f0_wavlm_base_plus_A,subesco,2,0,wavlm_base_plus,15,seen_uar,11,UAR_percent,percentage_points,50.0,55.357142857142854,5.357142857142857,False
ads2_formal_subesco_d02_f0_wavlm_base_plus_A,subesco,2,0,wavlm_base_plus,15,unseen_uar,11,UAR_percent,percentage_points,50.0,55.357142857142854,5.357142857142857,False
ads2_formal_subesco_d02_f0_wavlm_base_plus_A,subesco,2,0,wavlm_base_plus,45,last,45,UAR_percent,percentage_points,46.42857142857143,58.92857142857143,12.5,False
ads2_formal_subesco_d02_f0_wavlm_base_plus_A,subesco,2,0,wavlm_base_plus,45,seen_ce,8,UAR_percent,percentage_points,44.642857142857146,58.92857142857143,14.285714285714286,False
ads2_formal_subesco_d02_f0_wavlm_base_plus_A,subesco,2,0,wavlm_base_plus,45,unseen_ce,11,UAR_percent,percentage_points,50.0,58.92857142857143,8.928571428571429,False
ads2_formal_subesco_d02_f0_wavlm_base_plus_A,subesco,2,0,wavlm_base_plus,45,seen_uar,23,UAR_percent,percentage_points,53.57142857142857,58.92857142857143,5.357142857142857,False
ads2_formal_subesco_d02_f0_wavlm_base_plus_A,subesco,2,0,wavlm_base_plus,45,unseen_uar,11,UAR_percent,percentage_points,50.0,58.92857142857143,8.928571428571429,False
ads2_formal_subesco_d02_f0_hubert_base_A,subesco,2,0,hubert_base,15,last,15,UAR_percent,percentage_points,46.42857142857143,53.57142857142857,7.142857142857143,False
ads2_formal_subesco_d02_f0_hubert_base_A,subesco,2,0,hubert_base,15,seen_ce,7,UAR_percent,percentage_points,41.07142857142857,53.57142857142857,12.5,False
ads2_formal_subesco_d02_f0_hubert_base_A,subesco,2,0,hubert_base,15,unseen_ce,3,UAR_percent,percentage_points,46.42857142857143,53.57142857142857,7.142857142857143,False
ads2_formal_subesco_d02_f0_hubert_base_A,subesco,2,0,hubert_base,15,seen_uar,12,UAR_percent,percentage_points,50.0,53.57142857142857,3.5714285714285716,False
ads2_formal_subesco_d02_f0_hubert_base_A,subesco,2,0,hubert_base,15,unseen_uar,11,UAR_percent,percentage_points,53.57142857142857,53.57142857142857,0.0,False
ads2_formal_subesco_d02_f1_wavlm_base_plus_A,subesco,2,1,wavlm_base_plus,15,last,15,UAR_percent,percentage_points,46.42857142857143,55.357142857142854,8.928571428571429,False
ads2_formal_subesco_d02_f1_wavlm_base_plus_A,subesco,2,1,wavlm_base_plus,15,seen_ce,10,UAR_percent,percentage_points,51.785714285714285,55.357142857142854,3.5714285714285716,False
ads2_formal_subesco_d02_f1_wavlm_base_plus_A,subesco,2,1,wavlm_base_plus,15,unseen_ce,6,UAR_percent,percentage_points,51.785714285714285,55.357142857142854,3.5714285714285716,False
ads2_formal_subesco_d02_f1_wavlm_base_plus_A,subesco,2,1,wavlm_base_plus,15,seen_uar,14,UAR_percent,percentage_points,50.0,55.357142857142854,5.357142857142857,False
ads2_formal_subesco_d02_f1_wavlm_base_plus_A,subesco,2,1,wavlm_base_plus,15,unseen_uar,6,UAR_percent,percentage_points,51.785714285714285,55.357142857142854,3.5714285714285716,False
ads2_formal_subesco_d02_f1_wavlm_base_plus_A,subesco,2,1,wavlm_base_plus,45,last,45,UAR_percent,percentage_points,51.785714285714285,55.357142857142854,3.5714285714285716,False
ads2_formal_subesco_d02_f1_wavlm_base_plus_A,subesco,2,1,wavlm_base_plus,45,seen_ce,20,UAR_percent,percentage_points,55.357142857142854,55.357142857142854,0.0,False
ads2_formal_subesco_d02_f1_wavlm_base_plus_A,subesco,2,1,wavlm_base_plus,45,unseen_ce,6,UAR_percent,percentage_points,51.785714285714285,55.357142857142854,3.5714285714285716,False
ads2_formal_subesco_d02_f1_wavlm_base_plus_A,subesco,2,1,wavlm_base_plus,45,seen_uar,27,UAR_percent,percentage_points,51.785714285714285,55.357142857142854,3.5714285714285716,False
ads2_formal_subesco_d02_f1_wavlm_base_plus_A,subesco,2,1,wavlm_base_plus,45,unseen_uar,25,UAR_percent,percentage_points,50.0,55.357142857142854,5.357142857142857,False
ads2_formal_subesco_d02_f1_hubert_base_A,subesco,2,1,hubert_base,15,last,15,UAR_percent,percentage_points,53.57142857142857,57.142857142857146,3.5714285714285716,False
ads2_formal_subesco_d02_f1_hubert_base_A,subesco,2,1,hubert_base,15,seen_ce,10,UAR_percent,percentage_points,57.142857142857146,57.142857142857146,0.0,False
ads2_formal_subesco_d02_f1_hubert_base_A,subesco,2,1,hubert_base,15,unseen_ce,10,UAR_percent,percentage_points,57.142857142857146,57.142857142857146,0.0,False
ads2_formal_subesco_d02_f1_hubert_base_A,subesco,2,1,hubert_base,15,seen_uar,12,UAR_percent,percentage_points,55.357142857142854,57.142857142857146,1.7857142857142858,False
ads2_formal_subesco_d02_f1_hubert_base_A,subesco,2,1,hubert_base,15,unseen_uar,15,UAR_percent,percentage_points,53.57142857142857,57.142857142857146,3.5714285714285716,False
ads2_formal_subesco_d02_f2_wavlm_base_plus_A,subesco,2,2,wavlm_base_plus,15,last,15,UAR_percent,percentage_points,41.07142857142857,42.857142857142854,1.7857142857142858,False
ads2_formal_subesco_d02_f2_wavlm_base_plus_A,subesco,2,2,wavlm_base_plus,15,seen_ce,8,UAR_percent,percentage_points,32.142857142857146,42.857142857142854,10.714285714285714,False
ads2_formal_subesco_d02_f2_wavlm_base_plus_A,subesco,2,2,wavlm_base_plus,15,unseen_ce,8,UAR_percent,percentage_points,32.142857142857146,42.857142857142854,10.714285714285714,False
ads2_formal_subesco_d02_f2_wavlm_base_plus_A,subesco,2,2,wavlm_base_plus,15,seen_uar,12,UAR_percent,percentage_points,42.857142857142854,42.857142857142854,0.0,False
ads2_formal_subesco_d02_f2_wavlm_base_plus_A,subesco,2,2,wavlm_base_plus,15,unseen_uar,12,UAR_percent,percentage_points,42.857142857142854,42.857142857142854,0.0,False
ads2_formal_subesco_d02_f2_wavlm_base_plus_A,subesco,2,2,wavlm_base_plus,45,last,45,UAR_percent,percentage_points,41.07142857142857,44.642857142857146,3.5714285714285716,False
ads2_formal_subesco_d02_f2_wavlm_base_plus_A,subesco,2,2,wavlm_base_plus,45,seen_ce,8,UAR_percent,percentage_points,32.142857142857146,44.642857142857146,12.5,False
ads2_formal_subesco_d02_f2_wavlm_base_plus_A,subesco,2,2,wavlm_base_plus,45,unseen_ce,8,UAR_percent,percentage_points,32.142857142857146,44.642857142857146,12.5,False
ads2_formal_subesco_d02_f2_wavlm_base_plus_A,subesco,2,2,wavlm_base_plus,45,seen_uar,38,UAR_percent,percentage_points,42.857142857142854,44.642857142857146,1.7857142857142858,False
ads2_formal_subesco_d02_f2_wavlm_base_plus_A,subesco,2,2,wavlm_base_plus,45,unseen_uar,12,UAR_percent,percentage_points,42.857142857142854,44.642857142857146,1.7857142857142858,False
ads2_formal_subesco_d02_f2_hubert_base_A,subesco,2,2,hubert_base,15,last,15,UAR_percent,percentage_points,44.642857142857146,48.214285714285715,3.5714285714285716,False
ads2_formal_subesco_d02_f2_hubert_base_A,subesco,2,2,hubert_base,15,seen_ce,13,UAR_percent,percentage_points,48.214285714285715,48.214285714285715,0.0,False
ads2_formal_subesco_d02_f2_hubert_base_A,subesco,2,2,hubert_base,15,unseen_ce,6,UAR_percent,percentage_points,41.07142857142857,48.214285714285715,7.142857142857143,False
ads2_formal_subesco_d02_f2_hubert_base_A,subesco,2,2,hubert_base,15,seen_uar,14,UAR_percent,percentage_points,44.642857142857146,48.214285714285715,3.5714285714285716,False
ads2_formal_subesco_d02_f2_hubert_base_A,subesco,2,2,hubert_base,15,unseen_uar,14,UAR_percent,percentage_points,44.642857142857146,48.214285714285715,3.5714285714285716,False
ads2_formal_subesco_d02_f3_wavlm_base_plus_A,subesco,2,3,wavlm_base_plus,15,last,15,UAR_percent,percentage_points,48.214285714285715,53.57142857142857,5.357142857142857,False
ads2_formal_subesco_d02_f3_wavlm_base_plus_A,subesco,2,3,wavlm_base_plus,15,seen_ce,9,UAR_percent,percentage_points,51.785714285714285,53.57142857142857,1.7857142857142858,False
ads2_formal_subesco_d02_f3_wavlm_base_plus_A,subesco,2,3,wavlm_base_plus,15,unseen_ce,7,UAR_percent,percentage_points,46.42857142857143,53.57142857142857,7.142857142857143,False
ads2_formal_subesco_d02_f3_wavlm_base_plus_A,subesco,2,3,wavlm_base_plus,15,seen_uar,15,UAR_percent,percentage_points,48.214285714285715,53.57142857142857,5.357142857142857,False
ads2_formal_subesco_d02_f3_wavlm_base_plus_A,subesco,2,3,wavlm_base_plus,15,unseen_uar,15,UAR_percent,percentage_points,48.214285714285715,53.57142857142857,5.357142857142857,False
ads2_formal_subesco_d02_f3_wavlm_base_plus_A,subesco,2,3,wavlm_base_plus,45,last,45,UAR_percent,percentage_points,46.42857142857143,57.142857142857146,10.714285714285714,False
ads2_formal_subesco_d02_f3_wavlm_base_plus_A,subesco,2,3,wavlm_base_plus,45,seen_ce,20,UAR_percent,percentage_points,53.57142857142857,57.142857142857146,3.5714285714285716,False
ads2_formal_subesco_d02_f3_wavlm_base_plus_A,subesco,2,3,wavlm_base_plus,45,unseen_ce,7,UAR_percent,percentage_points,46.42857142857143,57.142857142857146,10.714285714285714,False
ads2_formal_subesco_d02_f3_wavlm_base_plus_A,subesco,2,3,wavlm_base_plus,45,seen_uar,31,UAR_percent,percentage_points,48.214285714285715,57.142857142857146,8.928571428571429,False
ads2_formal_subesco_d02_f3_wavlm_base_plus_A,subesco,2,3,wavlm_base_plus,45,unseen_uar,20,UAR_percent,percentage_points,53.57142857142857,57.142857142857146,3.5714285714285716,False
ads2_formal_subesco_d02_f3_hubert_base_A,subesco,2,3,hubert_base,15,last,15,UAR_percent,percentage_points,51.785714285714285,57.142857142857146,5.357142857142857,False
ads2_formal_subesco_d02_f3_hubert_base_A,subesco,2,3,hubert_base,15,seen_ce,13,UAR_percent,percentage_points,48.214285714285715,57.142857142857146,8.928571428571429,False
ads2_formal_subesco_d02_f3_hubert_base_A,subesco,2,3,hubert_base,15,unseen_ce,3,UAR_percent,percentage_points,46.42857142857143,57.142857142857146,10.714285714285714,False
ads2_formal_subesco_d02_f3_hubert_base_A,subesco,2,3,hubert_base,15,seen_uar,13,UAR_percent,percentage_points,48.214285714285715,57.142857142857146,8.928571428571429,False
ads2_formal_subesco_d02_f3_hubert_base_A,subesco,2,3,hubert_base,15,unseen_uar,7,UAR_percent,percentage_points,51.785714285714285,57.142857142857146,5.357142857142857,False
ads2_formal_subesco_d02_f4_wavlm_base_plus_A,subesco,2,4,wavlm_base_plus,15,last,15,UAR_percent,percentage_points,60.714285714285715,60.714285714285715,0.0,False
ads2_formal_subesco_d02_f4_wavlm_base_plus_A,subesco,2,4,wavlm_base_plus,15,seen_ce,10,UAR_percent,percentage_points,53.57142857142857,60.714285714285715,7.142857142857143,False
ads2_formal_subesco_d02_f4_wavlm_base_plus_A,subesco,2,4,wavlm_base_plus,15,unseen_ce,6,UAR_percent,percentage_points,46.42857142857143,60.714285714285715,14.285714285714286,False
ads2_formal_subesco_d02_f4_wavlm_base_plus_A,subesco,2,4,wavlm_base_plus,15,seen_uar,12,UAR_percent,percentage_points,46.42857142857143,60.714285714285715,14.285714285714286,False
ads2_formal_subesco_d02_f4_wavlm_base_plus_A,subesco,2,4,wavlm_base_plus,15,unseen_uar,12,UAR_percent,percentage_points,46.42857142857143,60.714285714285715,14.285714285714286,False
ads2_formal_subesco_d02_f4_wavlm_base_plus_A,subesco,2,4,wavlm_base_plus,45,last,45,UAR_percent,percentage_points,57.142857142857146,64.28571428571429,7.142857142857143,False
ads2_formal_subesco_d02_f4_wavlm_base_plus_A,subesco,2,4,wavlm_base_plus,45,seen_ce,10,UAR_percent,percentage_points,53.57142857142857,64.28571428571429,10.714285714285714,False
ads2_formal_subesco_d02_f4_wavlm_base_plus_A,subesco,2,4,wavlm_base_plus,45,unseen_ce,6,UAR_percent,percentage_points,46.42857142857143,64.28571428571429,17.857142857142858,False
ads2_formal_subesco_d02_f4_wavlm_base_plus_A,subesco,2,4,wavlm_base_plus,45,seen_uar,37,UAR_percent,percentage_points,58.92857142857143,64.28571428571429,5.357142857142857,False
ads2_formal_subesco_d02_f4_wavlm_base_plus_A,subesco,2,4,wavlm_base_plus,45,unseen_uar,34,UAR_percent,percentage_points,60.714285714285715,64.28571428571429,3.5714285714285716,False
ads2_formal_subesco_d02_f4_hubert_base_A,subesco,2,4,hubert_base,15,last,15,UAR_percent,percentage_points,62.5,67.85714285714286,5.357142857142857,False
ads2_formal_subesco_d02_f4_hubert_base_A,subesco,2,4,hubert_base,15,seen_ce,8,UAR_percent,percentage_points,58.92857142857143,67.85714285714286,8.928571428571429,False
ads2_formal_subesco_d02_f4_hubert_base_A,subesco,2,4,hubert_base,15,unseen_ce,6,UAR_percent,percentage_points,55.357142857142854,67.85714285714286,12.5,False
ads2_formal_subesco_d02_f4_hubert_base_A,subesco,2,4,hubert_base,15,seen_uar,7,UAR_percent,percentage_points,50.0,67.85714285714286,17.857142857142858,False
ads2_formal_subesco_d02_f4_hubert_base_A,subesco,2,4,hubert_base,15,unseen_uar,13,UAR_percent,percentage_points,55.357142857142854,67.85714285714286,12.5,False
ads2_formal_subesco_d03_f0_wavlm_base_plus_A,subesco,3,0,wavlm_base_plus,15,last,15,UAR_percent,percentage_points,41.07142857142857,50.0,8.928571428571429,False
ads2_formal_subesco_d03_f0_wavlm_base_plus_A,subesco,3,0,wavlm_base_plus,15,seen_ce,9,UAR_percent,percentage_points,50.0,50.0,0.0,False
ads2_formal_subesco_d03_f0_wavlm_base_plus_A,subesco,3,0,wavlm_base_plus,15,unseen_ce,4,UAR_percent,percentage_points,37.5,50.0,12.5,False
ads2_formal_subesco_d03_f0_wavlm_base_plus_A,subesco,3,0,wavlm_base_plus,15,seen_uar,14,UAR_percent,percentage_points,46.42857142857143,50.0,3.5714285714285716,False
ads2_formal_subesco_d03_f0_wavlm_base_plus_A,subesco,3,0,wavlm_base_plus,15,unseen_uar,15,UAR_percent,percentage_points,41.07142857142857,50.0,8.928571428571429,False
ads2_formal_subesco_d03_f0_wavlm_base_plus_A,subesco,3,0,wavlm_base_plus,45,last,45,UAR_percent,percentage_points,42.857142857142854,50.0,7.142857142857143,False
ads2_formal_subesco_d03_f0_wavlm_base_plus_A,subesco,3,0,wavlm_base_plus,45,seen_ce,9,UAR_percent,percentage_points,50.0,50.0,0.0,False
ads2_formal_subesco_d03_f0_wavlm_base_plus_A,subesco,3,0,wavlm_base_plus,45,unseen_ce,4,UAR_percent,percentage_points,37.5,50.0,12.5,False
ads2_formal_subesco_d03_f0_wavlm_base_plus_A,subesco,3,0,wavlm_base_plus,45,seen_uar,14,UAR_percent,percentage_points,46.42857142857143,50.0,3.5714285714285716,False
ads2_formal_subesco_d03_f0_wavlm_base_plus_A,subesco,3,0,wavlm_base_plus,45,unseen_uar,44,UAR_percent,percentage_points,41.07142857142857,50.0,8.928571428571429,False
ads2_formal_subesco_d03_f0_hubert_base_A,subesco,3,0,hubert_base,15,last,15,UAR_percent,percentage_points,48.214285714285715,51.785714285714285,3.5714285714285716,False
ads2_formal_subesco_d03_f0_hubert_base_A,subesco,3,0,hubert_base,15,seen_ce,6,UAR_percent,percentage_points,44.642857142857146,51.785714285714285,7.142857142857143,False
ads2_formal_subesco_d03_f0_hubert_base_A,subesco,3,0,hubert_base,15,unseen_ce,3,UAR_percent,percentage_points,39.285714285714285,51.785714285714285,12.5,False
ads2_formal_subesco_d03_f0_hubert_base_A,subesco,3,0,hubert_base,15,seen_uar,6,UAR_percent,percentage_points,44.642857142857146,51.785714285714285,7.142857142857143,False
ads2_formal_subesco_d03_f0_hubert_base_A,subesco,3,0,hubert_base,15,unseen_uar,12,UAR_percent,percentage_points,44.642857142857146,51.785714285714285,7.142857142857143,False
ads2_formal_subesco_d03_f1_wavlm_base_plus_A,subesco,3,1,wavlm_base_plus,15,last,15,UAR_percent,percentage_points,50.0,53.57142857142857,3.5714285714285716,False
ads2_formal_subesco_d03_f1_wavlm_base_plus_A,subesco,3,1,wavlm_base_plus,15,seen_ce,13,UAR_percent,percentage_points,53.57142857142857,53.57142857142857,0.0,False
ads2_formal_subesco_d03_f1_wavlm_base_plus_A,subesco,3,1,wavlm_base_plus,15,unseen_ce,8,UAR_percent,percentage_points,50.0,53.57142857142857,3.5714285714285716,False
ads2_formal_subesco_d03_f1_wavlm_base_plus_A,subesco,3,1,wavlm_base_plus,15,seen_uar,13,UAR_percent,percentage_points,53.57142857142857,53.57142857142857,0.0,False
ads2_formal_subesco_d03_f1_wavlm_base_plus_A,subesco,3,1,wavlm_base_plus,15,unseen_uar,14,UAR_percent,percentage_points,50.0,53.57142857142857,3.5714285714285716,False
ads2_formal_subesco_d03_f1_wavlm_base_plus_A,subesco,3,1,wavlm_base_plus,45,last,45,UAR_percent,percentage_points,55.357142857142854,57.142857142857146,1.7857142857142858,False
ads2_formal_subesco_d03_f1_wavlm_base_plus_A,subesco,3,1,wavlm_base_plus,45,seen_ce,13,UAR_percent,percentage_points,53.57142857142857,57.142857142857146,3.5714285714285716,False
ads2_formal_subesco_d03_f1_wavlm_base_plus_A,subesco,3,1,wavlm_base_plus,45,unseen_ce,8,UAR_percent,percentage_points,50.0,57.142857142857146,7.142857142857143,False
ads2_formal_subesco_d03_f1_wavlm_base_plus_A,subesco,3,1,wavlm_base_plus,45,seen_uar,16,UAR_percent,percentage_points,55.357142857142854,57.142857142857146,1.7857142857142858,False
ads2_formal_subesco_d03_f1_wavlm_base_plus_A,subesco,3,1,wavlm_base_plus,45,unseen_uar,36,UAR_percent,percentage_points,50.0,57.142857142857146,7.142857142857143,False
ads2_formal_subesco_d03_f1_hubert_base_A,subesco,3,1,hubert_base,15,last,15,UAR_percent,percentage_points,48.214285714285715,53.57142857142857,5.357142857142857,False
ads2_formal_subesco_d03_f1_hubert_base_A,subesco,3,1,hubert_base,15,seen_ce,10,UAR_percent,percentage_points,46.42857142857143,53.57142857142857,7.142857142857143,False
ads2_formal_subesco_d03_f1_hubert_base_A,subesco,3,1,hubert_base,15,unseen_ce,8,UAR_percent,percentage_points,48.214285714285715,53.57142857142857,5.357142857142857,False
ads2_formal_subesco_d03_f1_hubert_base_A,subesco,3,1,hubert_base,15,seen_uar,14,UAR_percent,percentage_points,48.214285714285715,53.57142857142857,5.357142857142857,False
ads2_formal_subesco_d03_f1_hubert_base_A,subesco,3,1,hubert_base,15,unseen_uar,9,UAR_percent,percentage_points,44.642857142857146,53.57142857142857,8.928571428571429,False
ads2_formal_subesco_d03_f2_wavlm_base_plus_A,subesco,3,2,wavlm_base_plus,15,last,15,UAR_percent,percentage_points,55.357142857142854,58.92857142857143,3.5714285714285716,False
ads2_formal_subesco_d03_f2_wavlm_base_plus_A,subesco,3,2,wavlm_base_plus,15,seen_ce,9,UAR_percent,percentage_points,51.785714285714285,58.92857142857143,7.142857142857143,False
ads2_formal_subesco_d03_f2_wavlm_base_plus_A,subesco,3,2,wavlm_base_plus,15,unseen_ce,5,UAR_percent,percentage_points,39.285714285714285,58.92857142857143,19.642857142857142,False
ads2_formal_subesco_d03_f2_wavlm_base_plus_A,subesco,3,2,wavlm_base_plus,15,seen_uar,15,UAR_percent,percentage_points,55.357142857142854,58.92857142857143,3.5714285714285716,False
ads2_formal_subesco_d03_f2_wavlm_base_plus_A,subesco,3,2,wavlm_base_plus,15,unseen_uar,12,UAR_percent,percentage_points,50.0,58.92857142857143,8.928571428571429,False
ads2_formal_subesco_d03_f2_wavlm_base_plus_A,subesco,3,2,wavlm_base_plus,45,last,45,UAR_percent,percentage_points,57.142857142857146,60.714285714285715,3.5714285714285716,False
ads2_formal_subesco_d03_f2_wavlm_base_plus_A,subesco,3,2,wavlm_base_plus,45,seen_ce,18,UAR_percent,percentage_points,60.714285714285715,60.714285714285715,0.0,False
ads2_formal_subesco_d03_f2_wavlm_base_plus_A,subesco,3,2,wavlm_base_plus,45,unseen_ce,5,UAR_percent,percentage_points,39.285714285714285,60.714285714285715,21.428571428571427,False
ads2_formal_subesco_d03_f2_wavlm_base_plus_A,subesco,3,2,wavlm_base_plus,45,seen_uar,18,UAR_percent,percentage_points,60.714285714285715,60.714285714285715,0.0,False
ads2_formal_subesco_d03_f2_wavlm_base_plus_A,subesco,3,2,wavlm_base_plus,45,unseen_uar,17,UAR_percent,percentage_points,58.92857142857143,60.714285714285715,1.7857142857142858,False
ads2_formal_subesco_d03_f2_hubert_base_A,subesco,3,2,hubert_base,15,last,15,UAR_percent,percentage_points,55.357142857142854,58.92857142857143,3.5714285714285716,False
ads2_formal_subesco_d03_f2_hubert_base_A,subesco,3,2,hubert_base,15,seen_ce,9,UAR_percent,percentage_points,51.785714285714285,58.92857142857143,7.142857142857143,False
ads2_formal_subesco_d03_f2_hubert_base_A,subesco,3,2,hubert_base,15,unseen_ce,4,UAR_percent,percentage_points,51.785714285714285,58.92857142857143,7.142857142857143,False
ads2_formal_subesco_d03_f2_hubert_base_A,subesco,3,2,hubert_base,15,seen_uar,13,UAR_percent,percentage_points,58.92857142857143,58.92857142857143,0.0,False
ads2_formal_subesco_d03_f2_hubert_base_A,subesco,3,2,hubert_base,15,unseen_uar,14,UAR_percent,percentage_points,57.142857142857146,58.92857142857143,1.7857142857142858,False
ads2_formal_subesco_d03_f3_wavlm_base_plus_A,subesco,3,3,wavlm_base_plus,15,last,15,UAR_percent,percentage_points,37.5,39.285714285714285,1.7857142857142858,False
ads2_formal_subesco_d03_f3_wavlm_base_plus_A,subesco,3,3,wavlm_base_plus,15,seen_ce,11,UAR_percent,percentage_points,32.142857142857146,39.285714285714285,7.142857142857143,False
ads2_formal_subesco_d03_f3_wavlm_base_plus_A,subesco,3,3,wavlm_base_plus,15,unseen_ce,11,UAR_percent,percentage_points,32.142857142857146,39.285714285714285,7.142857142857143,False
ads2_formal_subesco_d03_f3_wavlm_base_plus_A,subesco,3,3,wavlm_base_plus,15,seen_uar,15,UAR_percent,percentage_points,37.5,39.285714285714285,1.7857142857142858,False
ads2_formal_subesco_d03_f3_wavlm_base_plus_A,subesco,3,3,wavlm_base_plus,15,unseen_uar,12,UAR_percent,percentage_points,32.142857142857146,39.285714285714285,7.142857142857143,False
ads2_formal_subesco_d03_f3_wavlm_base_plus_A,subesco,3,3,wavlm_base_plus,45,last,45,UAR_percent,percentage_points,37.5,39.285714285714285,1.7857142857142858,False
ads2_formal_subesco_d03_f3_wavlm_base_plus_A,subesco,3,3,wavlm_base_plus,45,seen_ce,11,UAR_percent,percentage_points,32.142857142857146,39.285714285714285,7.142857142857143,False
ads2_formal_subesco_d03_f3_wavlm_base_plus_A,subesco,3,3,wavlm_base_plus,45,unseen_ce,11,UAR_percent,percentage_points,32.142857142857146,39.285714285714285,7.142857142857143,False
ads2_formal_subesco_d03_f3_wavlm_base_plus_A,subesco,3,3,wavlm_base_plus,45,seen_uar,22,UAR_percent,percentage_points,35.714285714285715,39.285714285714285,3.5714285714285716,False
ads2_formal_subesco_d03_f3_wavlm_base_plus_A,subesco,3,3,wavlm_base_plus,45,unseen_uar,23,UAR_percent,percentage_points,30.357142857142858,39.285714285714285,8.928571428571429,False
ads2_formal_subesco_d03_f3_hubert_base_A,subesco,3,3,hubert_base,15,last,15,UAR_percent,percentage_points,28.571428571428573,42.857142857142854,14.285714285714286,False
ads2_formal_subesco_d03_f3_hubert_base_A,subesco,3,3,hubert_base,15,seen_ce,8,UAR_percent,percentage_points,39.285714285714285,42.857142857142854,3.5714285714285716,False
ads2_formal_subesco_d03_f3_hubert_base_A,subesco,3,3,hubert_base,15,unseen_ce,8,UAR_percent,percentage_points,39.285714285714285,42.857142857142854,3.5714285714285716,False
ads2_formal_subesco_d03_f3_hubert_base_A,subesco,3,3,hubert_base,15,seen_uar,8,UAR_percent,percentage_points,39.285714285714285,42.857142857142854,3.5714285714285716,False
ads2_formal_subesco_d03_f3_hubert_base_A,subesco,3,3,hubert_base,15,unseen_uar,9,UAR_percent,percentage_points,32.142857142857146,42.857142857142854,10.714285714285714,False
ads2_formal_subesco_d03_f4_wavlm_base_plus_A,subesco,3,4,wavlm_base_plus,15,last,15,UAR_percent,percentage_points,37.5,42.857142857142854,5.357142857142857,False
ads2_formal_subesco_d03_f4_wavlm_base_plus_A,subesco,3,4,wavlm_base_plus,15,seen_ce,8,UAR_percent,percentage_points,42.857142857142854,42.857142857142854,0.0,False
ads2_formal_subesco_d03_f4_wavlm_base_plus_A,subesco,3,4,wavlm_base_plus,15,unseen_ce,5,UAR_percent,percentage_points,37.5,42.857142857142854,5.357142857142857,False
ads2_formal_subesco_d03_f4_wavlm_base_plus_A,subesco,3,4,wavlm_base_plus,15,seen_uar,5,UAR_percent,percentage_points,37.5,42.857142857142854,5.357142857142857,False
ads2_formal_subesco_d03_f4_wavlm_base_plus_A,subesco,3,4,wavlm_base_plus,15,unseen_uar,5,UAR_percent,percentage_points,37.5,42.857142857142854,5.357142857142857,False
ads2_formal_subesco_d03_f4_wavlm_base_plus_A,subesco,3,4,wavlm_base_plus,45,last,45,UAR_percent,percentage_points,48.214285714285715,60.714285714285715,12.5,False
ads2_formal_subesco_d03_f4_wavlm_base_plus_A,subesco,3,4,wavlm_base_plus,45,seen_ce,8,UAR_percent,percentage_points,42.857142857142854,60.714285714285715,17.857142857142858,False
ads2_formal_subesco_d03_f4_wavlm_base_plus_A,subesco,3,4,wavlm_base_plus,45,unseen_ce,5,UAR_percent,percentage_points,37.5,60.714285714285715,23.214285714285715,False
ads2_formal_subesco_d03_f4_wavlm_base_plus_A,subesco,3,4,wavlm_base_plus,45,seen_uar,34,UAR_percent,percentage_points,60.714285714285715,60.714285714285715,0.0,False
ads2_formal_subesco_d03_f4_wavlm_base_plus_A,subesco,3,4,wavlm_base_plus,45,unseen_uar,35,UAR_percent,percentage_points,44.642857142857146,60.714285714285715,16.071428571428573,False
ads2_formal_subesco_d03_f4_hubert_base_A,subesco,3,4,hubert_base,15,last,15,UAR_percent,percentage_points,44.642857142857146,51.785714285714285,7.142857142857143,False
ads2_formal_subesco_d03_f4_hubert_base_A,subesco,3,4,hubert_base,15,seen_ce,8,UAR_percent,percentage_points,50.0,51.785714285714285,1.7857142857142858,False
ads2_formal_subesco_d03_f4_hubert_base_A,subesco,3,4,hubert_base,15,unseen_ce,2,UAR_percent,percentage_points,32.142857142857146,51.785714285714285,19.642857142857142,False
ads2_formal_subesco_d03_f4_hubert_base_A,subesco,3,4,hubert_base,15,seen_uar,12,UAR_percent,percentage_points,51.785714285714285,51.785714285714285,0.0,False
ads2_formal_subesco_d03_f4_hubert_base_A,subesco,3,4,hubert_base,15,unseen_uar,9,UAR_percent,percentage_points,39.285714285714285,51.785714285714285,12.5,False
ads2_formal_subesco_d04_f0_wavlm_base_plus_A,subesco,4,0,wavlm_base_plus,15,last,15,UAR_percent,percentage_points,67.85714285714286,67.85714285714286,0.0,False
ads2_formal_subesco_d04_f0_wavlm_base_plus_A,subesco,4,0,wavlm_base_plus,15,seen_ce,9,UAR_percent,percentage_points,62.5,67.85714285714286,5.357142857142857,False
ads2_formal_subesco_d04_f0_wavlm_base_plus_A,subesco,4,0,wavlm_base_plus,15,unseen_ce,4,UAR_percent,percentage_points,44.642857142857146,67.85714285714286,23.214285714285715,False
ads2_formal_subesco_d04_f0_wavlm_base_plus_A,subesco,4,0,wavlm_base_plus,15,seen_uar,14,UAR_percent,percentage_points,66.07142857142857,67.85714285714286,1.7857142857142858,False
ads2_formal_subesco_d04_f0_wavlm_base_plus_A,subesco,4,0,wavlm_base_plus,15,unseen_uar,13,UAR_percent,percentage_points,67.85714285714286,67.85714285714286,0.0,False
ads2_formal_subesco_d04_f0_wavlm_base_plus_A,subesco,4,0,wavlm_base_plus,45,last,45,UAR_percent,percentage_points,69.64285714285714,76.78571428571429,7.142857142857143,False
ads2_formal_subesco_d04_f0_wavlm_base_plus_A,subesco,4,0,wavlm_base_plus,45,seen_ce,16,UAR_percent,percentage_points,67.85714285714286,76.78571428571429,8.928571428571429,False
ads2_formal_subesco_d04_f0_wavlm_base_plus_A,subesco,4,0,wavlm_base_plus,45,unseen_ce,4,UAR_percent,percentage_points,44.642857142857146,76.78571428571429,32.142857142857146,False
ads2_formal_subesco_d04_f0_wavlm_base_plus_A,subesco,4,0,wavlm_base_plus,45,seen_uar,37,UAR_percent,percentage_points,71.42857142857143,76.78571428571429,5.357142857142857,False
ads2_formal_subesco_d04_f0_wavlm_base_plus_A,subesco,4,0,wavlm_base_plus,45,unseen_uar,13,UAR_percent,percentage_points,67.85714285714286,76.78571428571429,8.928571428571429,False
ads2_formal_subesco_d04_f0_hubert_base_A,subesco,4,0,hubert_base,15,last,15,UAR_percent,percentage_points,55.357142857142854,58.92857142857143,3.5714285714285716,False
ads2_formal_subesco_d04_f0_hubert_base_A,subesco,4,0,hubert_base,15,seen_ce,10,UAR_percent,percentage_points,55.357142857142854,58.92857142857143,3.5714285714285716,False
ads2_formal_subesco_d04_f0_hubert_base_A,subesco,4,0,hubert_base,15,unseen_ce,4,UAR_percent,percentage_points,44.642857142857146,58.92857142857143,14.285714285714286,False
ads2_formal_subesco_d04_f0_hubert_base_A,subesco,4,0,hubert_base,15,seen_uar,14,UAR_percent,percentage_points,55.357142857142854,58.92857142857143,3.5714285714285716,False
ads2_formal_subesco_d04_f0_hubert_base_A,subesco,4,0,hubert_base,15,unseen_uar,10,UAR_percent,percentage_points,55.357142857142854,58.92857142857143,3.5714285714285716,False
ads2_formal_subesco_d04_f1_wavlm_base_plus_A,subesco,4,1,wavlm_base_plus,15,last,15,UAR_percent,percentage_points,51.785714285714285,51.785714285714285,0.0,False
ads2_formal_subesco_d04_f1_wavlm_base_plus_A,subesco,4,1,wavlm_base_plus,15,seen_ce,14,UAR_percent,percentage_points,46.42857142857143,51.785714285714285,5.357142857142857,False
ads2_formal_subesco_d04_f1_wavlm_base_plus_A,subesco,4,1,wavlm_base_plus,15,unseen_ce,15,UAR_percent,percentage_points,51.785714285714285,51.785714285714285,0.0,False
ads2_formal_subesco_d04_f1_wavlm_base_plus_A,subesco,4,1,wavlm_base_plus,15,seen_uar,14,UAR_percent,percentage_points,46.42857142857143,51.785714285714285,5.357142857142857,False
ads2_formal_subesco_d04_f1_wavlm_base_plus_A,subesco,4,1,wavlm_base_plus,15,unseen_uar,13,UAR_percent,percentage_points,41.07142857142857,51.785714285714285,10.714285714285714,False
ads2_formal_subesco_d04_f1_wavlm_base_plus_A,subesco,4,1,wavlm_base_plus,45,last,45,UAR_percent,percentage_points,51.785714285714285,51.785714285714285,0.0,False
ads2_formal_subesco_d04_f1_wavlm_base_plus_A,subesco,4,1,wavlm_base_plus,45,seen_ce,16,UAR_percent,percentage_points,48.214285714285715,51.785714285714285,3.5714285714285716,False
ads2_formal_subesco_d04_f1_wavlm_base_plus_A,subesco,4,1,wavlm_base_plus,45,unseen_ce,15,UAR_percent,percentage_points,51.785714285714285,51.785714285714285,0.0,False
ads2_formal_subesco_d04_f1_wavlm_base_plus_A,subesco,4,1,wavlm_base_plus,45,seen_uar,33,UAR_percent,percentage_points,51.785714285714285,51.785714285714285,0.0,False
ads2_formal_subesco_d04_f1_wavlm_base_plus_A,subesco,4,1,wavlm_base_plus,45,unseen_uar,33,UAR_percent,percentage_points,51.785714285714285,51.785714285714285,0.0,False
ads2_formal_subesco_d04_f1_hubert_base_A,subesco,4,1,hubert_base,15,last,15,UAR_percent,percentage_points,39.285714285714285,41.07142857142857,1.7857142857142858,False
ads2_formal_subesco_d04_f1_hubert_base_A,subesco,4,1,hubert_base,15,seen_ce,11,UAR_percent,percentage_points,41.07142857142857,41.07142857142857,0.0,False
ads2_formal_subesco_d04_f1_hubert_base_A,subesco,4,1,hubert_base,15,unseen_ce,6,UAR_percent,percentage_points,37.5,41.07142857142857,3.5714285714285716,False
ads2_formal_subesco_d04_f1_hubert_base_A,subesco,4,1,hubert_base,15,seen_uar,9,UAR_percent,percentage_points,35.714285714285715,41.07142857142857,5.357142857142857,False
ads2_formal_subesco_d04_f1_hubert_base_A,subesco,4,1,hubert_base,15,unseen_uar,6,UAR_percent,percentage_points,37.5,41.07142857142857,3.5714285714285716,False
ads2_formal_subesco_d04_f2_wavlm_base_plus_A,subesco,4,2,wavlm_base_plus,15,last,15,UAR_percent,percentage_points,39.285714285714285,44.642857142857146,5.357142857142857,False
ads2_formal_subesco_d04_f2_wavlm_base_plus_A,subesco,4,2,wavlm_base_plus,15,seen_ce,15,UAR_percent,percentage_points,39.285714285714285,44.642857142857146,5.357142857142857,False
ads2_formal_subesco_d04_f2_wavlm_base_plus_A,subesco,4,2,wavlm_base_plus,15,unseen_ce,11,UAR_percent,percentage_points,37.5,44.642857142857146,7.142857142857143,False
ads2_formal_subesco_d04_f2_wavlm_base_plus_A,subesco,4,2,wavlm_base_plus,15,seen_uar,15,UAR_percent,percentage_points,39.285714285714285,44.642857142857146,5.357142857142857,False
ads2_formal_subesco_d04_f2_wavlm_base_plus_A,subesco,4,2,wavlm_base_plus,15,unseen_uar,10,UAR_percent,percentage_points,44.642857142857146,44.642857142857146,0.0,False
ads2_formal_subesco_d04_f2_wavlm_base_plus_A,subesco,4,2,wavlm_base_plus,45,last,45,UAR_percent,percentage_points,41.07142857142857,46.42857142857143,5.357142857142857,False
ads2_formal_subesco_d04_f2_wavlm_base_plus_A,subesco,4,2,wavlm_base_plus,45,seen_ce,15,UAR_percent,percentage_points,39.285714285714285,46.42857142857143,7.142857142857143,False
ads2_formal_subesco_d04_f2_wavlm_base_plus_A,subesco,4,2,wavlm_base_plus,45,unseen_ce,11,UAR_percent,percentage_points,37.5,46.42857142857143,8.928571428571429,False
ads2_formal_subesco_d04_f2_wavlm_base_plus_A,subesco,4,2,wavlm_base_plus,45,seen_uar,40,UAR_percent,percentage_points,42.857142857142854,46.42857142857143,3.5714285714285716,False
ads2_formal_subesco_d04_f2_wavlm_base_plus_A,subesco,4,2,wavlm_base_plus,45,unseen_uar,20,UAR_percent,percentage_points,44.642857142857146,46.42857142857143,1.7857142857142858,False
ads2_formal_subesco_d04_f2_hubert_base_A,subesco,4,2,hubert_base,15,last,15,UAR_percent,percentage_points,39.285714285714285,39.285714285714285,0.0,False
ads2_formal_subesco_d04_f2_hubert_base_A,subesco,4,2,hubert_base,15,seen_ce,14,UAR_percent,percentage_points,39.285714285714285,39.285714285714285,0.0,False
ads2_formal_subesco_d04_f2_hubert_base_A,subesco,4,2,hubert_base,15,unseen_ce,9,UAR_percent,percentage_points,30.357142857142858,39.285714285714285,8.928571428571429,False
ads2_formal_subesco_d04_f2_hubert_base_A,subesco,4,2,hubert_base,15,seen_uar,14,UAR_percent,percentage_points,39.285714285714285,39.285714285714285,0.0,False
ads2_formal_subesco_d04_f2_hubert_base_A,subesco,4,2,hubert_base,15,unseen_uar,14,UAR_percent,percentage_points,39.285714285714285,39.285714285714285,0.0,False
ads2_formal_subesco_d04_f3_wavlm_base_plus_A,subesco,4,3,wavlm_base_plus,15,last,15,UAR_percent,percentage_points,46.42857142857143,58.92857142857143,12.5,False
ads2_formal_subesco_d04_f3_wavlm_base_plus_A,subesco,4,3,wavlm_base_plus,15,seen_ce,9,UAR_percent,percentage_points,42.857142857142854,58.92857142857143,16.071428571428573,False
ads2_formal_subesco_d04_f3_wavlm_base_plus_A,subesco,4,3,wavlm_base_plus,15,unseen_ce,8,UAR_percent,percentage_points,48.214285714285715,58.92857142857143,10.714285714285714,False
ads2_formal_subesco_d04_f3_wavlm_base_plus_A,subesco,4,3,wavlm_base_plus,15,seen_uar,13,UAR_percent,percentage_points,57.142857142857146,58.92857142857143,1.7857142857142858,False
ads2_formal_subesco_d04_f3_wavlm_base_plus_A,subesco,4,3,wavlm_base_plus,15,unseen_uar,10,UAR_percent,percentage_points,55.357142857142854,58.92857142857143,3.5714285714285716,False
ads2_formal_subesco_d04_f3_wavlm_base_plus_A,subesco,4,3,wavlm_base_plus,45,last,45,UAR_percent,percentage_points,53.57142857142857,60.714285714285715,7.142857142857143,False
ads2_formal_subesco_d04_f3_wavlm_base_plus_A,subesco,4,3,wavlm_base_plus,45,seen_ce,9,UAR_percent,percentage_points,42.857142857142854,60.714285714285715,17.857142857142858,False
ads2_formal_subesco_d04_f3_wavlm_base_plus_A,subesco,4,3,wavlm_base_plus,45,unseen_ce,8,UAR_percent,percentage_points,48.214285714285715,60.714285714285715,12.5,False
ads2_formal_subesco_d04_f3_wavlm_base_plus_A,subesco,4,3,wavlm_base_plus,45,seen_uar,21,UAR_percent,percentage_points,60.714285714285715,60.714285714285715,0.0,False
ads2_formal_subesco_d04_f3_wavlm_base_plus_A,subesco,4,3,wavlm_base_plus,45,unseen_uar,10,UAR_percent,percentage_points,55.357142857142854,60.714285714285715,5.357142857142857,False
ads2_formal_subesco_d04_f3_hubert_base_A,subesco,4,3,hubert_base,15,last,15,UAR_percent,percentage_points,53.57142857142857,55.357142857142854,1.7857142857142858,False
ads2_formal_subesco_d04_f3_hubert_base_A,subesco,4,3,hubert_base,15,seen_ce,9,UAR_percent,percentage_points,50.0,55.357142857142854,5.357142857142857,False
ads2_formal_subesco_d04_f3_hubert_base_A,subesco,4,3,hubert_base,15,unseen_ce,4,UAR_percent,percentage_points,42.857142857142854,55.357142857142854,12.5,False
ads2_formal_subesco_d04_f3_hubert_base_A,subesco,4,3,hubert_base,15,seen_uar,14,UAR_percent,percentage_points,55.357142857142854,55.357142857142854,0.0,False
ads2_formal_subesco_d04_f3_hubert_base_A,subesco,4,3,hubert_base,15,unseen_uar,9,UAR_percent,percentage_points,50.0,55.357142857142854,5.357142857142857,False
ads2_formal_subesco_d04_f4_wavlm_base_plus_A,subesco,4,4,wavlm_base_plus,15,last,15,UAR_percent,percentage_points,35.714285714285715,48.214285714285715,12.5,False
ads2_formal_subesco_d04_f4_wavlm_base_plus_A,subesco,4,4,wavlm_base_plus,15,seen_ce,7,UAR_percent,percentage_points,42.857142857142854,48.214285714285715,5.357142857142857,False
ads2_formal_subesco_d04_f4_wavlm_base_plus_A,subesco,4,4,wavlm_base_plus,15,unseen_ce,6,UAR_percent,percentage_points,46.42857142857143,48.214285714285715,1.7857142857142858,False
ads2_formal_subesco_d04_f4_wavlm_base_plus_A,subesco,4,4,wavlm_base_plus,15,seen_uar,6,UAR_percent,percentage_points,46.42857142857143,48.214285714285715,1.7857142857142858,False
ads2_formal_subesco_d04_f4_wavlm_base_plus_A,subesco,4,4,wavlm_base_plus,15,unseen_uar,9,UAR_percent,percentage_points,48.214285714285715,48.214285714285715,0.0,False
ads2_formal_subesco_d04_f4_wavlm_base_plus_A,subesco,4,4,wavlm_base_plus,45,last,45,UAR_percent,percentage_points,50.0,51.785714285714285,1.7857142857142858,False
ads2_formal_subesco_d04_f4_wavlm_base_plus_A,subesco,4,4,wavlm_base_plus,45,seen_ce,7,UAR_percent,percentage_points,42.857142857142854,51.785714285714285,8.928571428571429,False
ads2_formal_subesco_d04_f4_wavlm_base_plus_A,subesco,4,4,wavlm_base_plus,45,unseen_ce,6,UAR_percent,percentage_points,46.42857142857143,51.785714285714285,5.357142857142857,False
ads2_formal_subesco_d04_f4_wavlm_base_plus_A,subesco,4,4,wavlm_base_plus,45,seen_uar,6,UAR_percent,percentage_points,46.42857142857143,51.785714285714285,5.357142857142857,False
ads2_formal_subesco_d04_f4_wavlm_base_plus_A,subesco,4,4,wavlm_base_plus,45,unseen_uar,37,UAR_percent,percentage_points,48.214285714285715,51.785714285714285,3.5714285714285716,False
ads2_formal_subesco_d04_f4_hubert_base_A,subesco,4,4,hubert_base,15,last,15,UAR_percent,percentage_points,53.57142857142857,57.142857142857146,3.5714285714285716,False
ads2_formal_subesco_d04_f4_hubert_base_A,subesco,4,4,hubert_base,15,seen_ce,7,UAR_percent,percentage_points,48.214285714285715,57.142857142857146,8.928571428571429,False
ads2_formal_subesco_d04_f4_hubert_base_A,subesco,4,4,hubert_base,15,unseen_ce,7,UAR_percent,percentage_points,48.214285714285715,57.142857142857146,8.928571428571429,False
ads2_formal_subesco_d04_f4_hubert_base_A,subesco,4,4,hubert_base,15,seen_uar,7,UAR_percent,percentage_points,48.214285714285715,57.142857142857146,8.928571428571429,False
ads2_formal_subesco_d04_f4_hubert_base_A,subesco,4,4,hubert_base,15,unseen_uar,9,UAR_percent,percentage_points,46.42857142857143,57.142857142857146,10.714285714285714,False
ads2_formal_subesco_d05_f0_wavlm_base_plus_A,subesco,5,0,wavlm_base_plus,15,last,15,UAR_percent,percentage_points,37.5,50.0,12.5,False
ads2_formal_subesco_d05_f0_wavlm_base_plus_A,subesco,5,0,wavlm_base_plus,15,seen_ce,12,UAR_percent,percentage_points,50.0,50.0,0.0,False
ads2_formal_subesco_d05_f0_wavlm_base_plus_A,subesco,5,0,wavlm_base_plus,15,unseen_ce,4,UAR_percent,percentage_points,32.142857142857146,50.0,17.857142857142858,False
ads2_formal_subesco_d05_f0_wavlm_base_plus_A,subesco,5,0,wavlm_base_plus,15,seen_uar,13,UAR_percent,percentage_points,44.642857142857146,50.0,5.357142857142857,False
ads2_formal_subesco_d05_f0_wavlm_base_plus_A,subesco,5,0,wavlm_base_plus,15,unseen_uar,12,UAR_percent,percentage_points,50.0,50.0,0.0,False
ads2_formal_subesco_d05_f0_wavlm_base_plus_A,subesco,5,0,wavlm_base_plus,45,last,45,UAR_percent,percentage_points,42.857142857142854,51.785714285714285,8.928571428571429,False
ads2_formal_subesco_d05_f0_wavlm_base_plus_A,subesco,5,0,wavlm_base_plus,45,seen_ce,12,UAR_percent,percentage_points,50.0,51.785714285714285,1.7857142857142858,False
ads2_formal_subesco_d05_f0_wavlm_base_plus_A,subesco,5,0,wavlm_base_plus,45,unseen_ce,4,UAR_percent,percentage_points,32.142857142857146,51.785714285714285,19.642857142857142,False
ads2_formal_subesco_d05_f0_wavlm_base_plus_A,subesco,5,0,wavlm_base_plus,45,seen_uar,26,UAR_percent,percentage_points,46.42857142857143,51.785714285714285,5.357142857142857,False
ads2_formal_subesco_d05_f0_wavlm_base_plus_A,subesco,5,0,wavlm_base_plus,45,unseen_uar,26,UAR_percent,percentage_points,46.42857142857143,51.785714285714285,5.357142857142857,False
ads2_formal_subesco_d05_f0_hubert_base_A,subesco,5,0,hubert_base,15,last,15,UAR_percent,percentage_points,46.42857142857143,48.214285714285715,1.7857142857142858,False
ads2_formal_subesco_d05_f0_hubert_base_A,subesco,5,0,hubert_base,15,seen_ce,9,UAR_percent,percentage_points,41.07142857142857,48.214285714285715,7.142857142857143,False
ads2_formal_subesco_d05_f0_hubert_base_A,subesco,5,0,hubert_base,15,unseen_ce,3,UAR_percent,percentage_points,35.714285714285715,48.214285714285715,12.5,False
ads2_formal_subesco_d05_f0_hubert_base_A,subesco,5,0,hubert_base,15,seen_uar,12,UAR_percent,percentage_points,48.214285714285715,48.214285714285715,0.0,False
ads2_formal_subesco_d05_f0_hubert_base_A,subesco,5,0,hubert_base,15,unseen_uar,8,UAR_percent,percentage_points,46.42857142857143,48.214285714285715,1.7857142857142858,False
ads2_formal_subesco_d05_f1_wavlm_base_plus_A,subesco,5,1,wavlm_base_plus,15,last,15,UAR_percent,percentage_points,42.857142857142854,42.857142857142854,0.0,False
ads2_formal_subesco_d05_f1_wavlm_base_plus_A,subesco,5,1,wavlm_base_plus,15,seen_ce,12,UAR_percent,percentage_points,41.07142857142857,42.857142857142854,1.7857142857142858,False
ads2_formal_subesco_d05_f1_wavlm_base_plus_A,subesco,5,1,wavlm_base_plus,15,unseen_ce,12,UAR_percent,percentage_points,41.07142857142857,42.857142857142854,1.7857142857142858,False
ads2_formal_subesco_d05_f1_wavlm_base_plus_A,subesco,5,1,wavlm_base_plus,15,seen_uar,15,UAR_percent,percentage_points,42.857142857142854,42.857142857142854,0.0,False
ads2_formal_subesco_d05_f1_wavlm_base_plus_A,subesco,5,1,wavlm_base_plus,15,unseen_uar,13,UAR_percent,percentage_points,39.285714285714285,42.857142857142854,3.5714285714285716,False
ads2_formal_subesco_d05_f1_wavlm_base_plus_A,subesco,5,1,wavlm_base_plus,45,last,45,UAR_percent,percentage_points,32.142857142857146,42.857142857142854,10.714285714285714,False
ads2_formal_subesco_d05_f1_wavlm_base_plus_A,subesco,5,1,wavlm_base_plus,45,seen_ce,12,UAR_percent,percentage_points,41.07142857142857,42.857142857142854,1.7857142857142858,False
ads2_formal_subesco_d05_f1_wavlm_base_plus_A,subesco,5,1,wavlm_base_plus,45,unseen_ce,12,UAR_percent,percentage_points,41.07142857142857,42.857142857142854,1.7857142857142858,False
ads2_formal_subesco_d05_f1_wavlm_base_plus_A,subesco,5,1,wavlm_base_plus,45,seen_uar,23,UAR_percent,percentage_points,35.714285714285715,42.857142857142854,7.142857142857143,False
ads2_formal_subesco_d05_f1_wavlm_base_plus_A,subesco,5,1,wavlm_base_plus,45,unseen_uar,13,UAR_percent,percentage_points,39.285714285714285,42.857142857142854,3.5714285714285716,False
ads2_formal_subesco_d05_f1_hubert_base_A,subesco,5,1,hubert_base,15,last,15,UAR_percent,percentage_points,46.42857142857143,51.785714285714285,5.357142857142857,False
ads2_formal_subesco_d05_f1_hubert_base_A,subesco,5,1,hubert_base,15,seen_ce,14,UAR_percent,percentage_points,50.0,51.785714285714285,1.7857142857142858,False
ads2_formal_subesco_d05_f1_hubert_base_A,subesco,5,1,hubert_base,15,unseen_ce,7,UAR_percent,percentage_points,41.07142857142857,51.785714285714285,10.714285714285714,False
ads2_formal_subesco_d05_f1_hubert_base_A,subesco,5,1,hubert_base,15,seen_uar,14,UAR_percent,percentage_points,50.0,51.785714285714285,1.7857142857142858,False
ads2_formal_subesco_d05_f1_hubert_base_A,subesco,5,1,hubert_base,15,unseen_uar,12,UAR_percent,percentage_points,51.785714285714285,51.785714285714285,0.0,False
ads2_formal_subesco_d05_f2_wavlm_base_plus_A,subesco,5,2,wavlm_base_plus,15,last,15,UAR_percent,percentage_points,35.714285714285715,55.357142857142854,19.642857142857142,False
ads2_formal_subesco_d05_f2_wavlm_base_plus_A,subesco,5,2,wavlm_base_plus,15,seen_ce,5,UAR_percent,percentage_points,42.857142857142854,55.357142857142854,12.5,False
ads2_formal_subesco_d05_f2_wavlm_base_plus_A,subesco,5,2,wavlm_base_plus,15,unseen_ce,10,UAR_percent,percentage_points,51.785714285714285,55.357142857142854,3.5714285714285716,False
ads2_formal_subesco_d05_f2_wavlm_base_plus_A,subesco,5,2,wavlm_base_plus,15,seen_uar,11,UAR_percent,percentage_points,51.785714285714285,55.357142857142854,3.5714285714285716,False
ads2_formal_subesco_d05_f2_wavlm_base_plus_A,subesco,5,2,wavlm_base_plus,15,unseen_uar,10,UAR_percent,percentage_points,51.785714285714285,55.357142857142854,3.5714285714285716,False
ads2_formal_subesco_d05_f2_wavlm_base_plus_A,subesco,5,2,wavlm_base_plus,45,last,45,UAR_percent,percentage_points,48.214285714285715,55.357142857142854,7.142857142857143,False
ads2_formal_subesco_d05_f2_wavlm_base_plus_A,subesco,5,2,wavlm_base_plus,45,seen_ce,5,UAR_percent,percentage_points,42.857142857142854,55.357142857142854,12.5,False
ads2_formal_subesco_d05_f2_wavlm_base_plus_A,subesco,5,2,wavlm_base_plus,45,unseen_ce,10,UAR_percent,percentage_points,51.785714285714285,55.357142857142854,3.5714285714285716,False
ads2_formal_subesco_d05_f2_wavlm_base_plus_A,subesco,5,2,wavlm_base_plus,45,seen_uar,21,UAR_percent,percentage_points,46.42857142857143,55.357142857142854,8.928571428571429,False
ads2_formal_subesco_d05_f2_wavlm_base_plus_A,subesco,5,2,wavlm_base_plus,45,unseen_uar,10,UAR_percent,percentage_points,51.785714285714285,55.357142857142854,3.5714285714285716,False
ads2_formal_subesco_d05_f2_hubert_base_A,subesco,5,2,hubert_base,15,last,15,UAR_percent,percentage_points,51.785714285714285,58.92857142857143,7.142857142857143,False
ads2_formal_subesco_d05_f2_hubert_base_A,subesco,5,2,hubert_base,15,seen_ce,10,UAR_percent,percentage_points,58.92857142857143,58.92857142857143,0.0,False
ads2_formal_subesco_d05_f2_hubert_base_A,subesco,5,2,hubert_base,15,unseen_ce,10,UAR_percent,percentage_points,58.92857142857143,58.92857142857143,0.0,False
ads2_formal_subesco_d05_f2_hubert_base_A,subesco,5,2,hubert_base,15,seen_uar,15,UAR_percent,percentage_points,51.785714285714285,58.92857142857143,7.142857142857143,False
ads2_formal_subesco_d05_f2_hubert_base_A,subesco,5,2,hubert_base,15,unseen_uar,10,UAR_percent,percentage_points,58.92857142857143,58.92857142857143,0.0,False
ads2_formal_subesco_d05_f3_wavlm_base_plus_A,subesco,5,3,wavlm_base_plus,15,last,15,UAR_percent,percentage_points,44.642857142857146,48.214285714285715,3.5714285714285716,False
ads2_formal_subesco_d05_f3_wavlm_base_plus_A,subesco,5,3,wavlm_base_plus,15,seen_ce,14,UAR_percent,percentage_points,46.42857142857143,48.214285714285715,1.7857142857142858,False
ads2_formal_subesco_d05_f3_wavlm_base_plus_A,subesco,5,3,wavlm_base_plus,15,unseen_ce,7,UAR_percent,percentage_points,46.42857142857143,48.214285714285715,1.7857142857142858,False
ads2_formal_subesco_d05_f3_wavlm_base_plus_A,subesco,5,3,wavlm_base_plus,15,seen_uar,14,UAR_percent,percentage_points,46.42857142857143,48.214285714285715,1.7857142857142858,False
ads2_formal_subesco_d05_f3_wavlm_base_plus_A,subesco,5,3,wavlm_base_plus,15,unseen_uar,14,UAR_percent,percentage_points,46.42857142857143,48.214285714285715,1.7857142857142858,False
ads2_formal_subesco_d05_f3_wavlm_base_plus_A,subesco,5,3,wavlm_base_plus,45,last,45,UAR_percent,percentage_points,46.42857142857143,51.785714285714285,5.357142857142857,False
ads2_formal_subesco_d05_f3_wavlm_base_plus_A,subesco,5,3,wavlm_base_plus,45,seen_ce,14,UAR_percent,percentage_points,46.42857142857143,51.785714285714285,5.357142857142857,False
ads2_formal_subesco_d05_f3_wavlm_base_plus_A,subesco,5,3,wavlm_base_plus,45,unseen_ce,7,UAR_percent,percentage_points,46.42857142857143,51.785714285714285,5.357142857142857,False
ads2_formal_subesco_d05_f3_wavlm_base_plus_A,subesco,5,3,wavlm_base_plus,45,seen_uar,39,UAR_percent,percentage_points,44.642857142857146,51.785714285714285,7.142857142857143,False
ads2_formal_subesco_d05_f3_wavlm_base_plus_A,subesco,5,3,wavlm_base_plus,45,unseen_uar,26,UAR_percent,percentage_points,42.857142857142854,51.785714285714285,8.928571428571429,False
ads2_formal_subesco_d05_f3_hubert_base_A,subesco,5,3,hubert_base,15,last,15,UAR_percent,percentage_points,55.357142857142854,57.142857142857146,1.7857142857142858,False
ads2_formal_subesco_d05_f3_hubert_base_A,subesco,5,3,hubert_base,15,seen_ce,11,UAR_percent,percentage_points,48.214285714285715,57.142857142857146,8.928571428571429,False
ads2_formal_subesco_d05_f3_hubert_base_A,subesco,5,3,hubert_base,15,unseen_ce,5,UAR_percent,percentage_points,44.642857142857146,57.142857142857146,12.5,False
ads2_formal_subesco_d05_f3_hubert_base_A,subesco,5,3,hubert_base,15,seen_uar,15,UAR_percent,percentage_points,55.357142857142854,57.142857142857146,1.7857142857142858,False
ads2_formal_subesco_d05_f3_hubert_base_A,subesco,5,3,hubert_base,15,unseen_uar,10,UAR_percent,percentage_points,50.0,57.142857142857146,7.142857142857143,False
ads2_formal_subesco_d05_f4_wavlm_base_plus_A,subesco,5,4,wavlm_base_plus,15,last,15,UAR_percent,percentage_points,48.214285714285715,48.214285714285715,0.0,False
ads2_formal_subesco_d05_f4_wavlm_base_plus_A,subesco,5,4,wavlm_base_plus,15,seen_ce,9,UAR_percent,percentage_points,48.214285714285715,48.214285714285715,0.0,False
ads2_formal_subesco_d05_f4_wavlm_base_plus_A,subesco,5,4,wavlm_base_plus,15,unseen_ce,7,UAR_percent,percentage_points,42.857142857142854,48.214285714285715,5.357142857142857,False
ads2_formal_subesco_d05_f4_wavlm_base_plus_A,subesco,5,4,wavlm_base_plus,15,seen_uar,13,UAR_percent,percentage_points,42.857142857142854,48.214285714285715,5.357142857142857,False
ads2_formal_subesco_d05_f4_wavlm_base_plus_A,subesco,5,4,wavlm_base_plus,15,unseen_uar,6,UAR_percent,percentage_points,37.5,48.214285714285715,10.714285714285714,False
ads2_formal_subesco_d05_f4_wavlm_base_plus_A,subesco,5,4,wavlm_base_plus,45,last,45,UAR_percent,percentage_points,46.42857142857143,51.785714285714285,5.357142857142857,False
ads2_formal_subesco_d05_f4_wavlm_base_plus_A,subesco,5,4,wavlm_base_plus,45,seen_ce,9,UAR_percent,percentage_points,48.214285714285715,51.785714285714285,3.5714285714285716,False
ads2_formal_subesco_d05_f4_wavlm_base_plus_A,subesco,5,4,wavlm_base_plus,45,unseen_ce,7,UAR_percent,percentage_points,42.857142857142854,51.785714285714285,8.928571428571429,False
ads2_formal_subesco_d05_f4_wavlm_base_plus_A,subesco,5,4,wavlm_base_plus,45,seen_uar,23,UAR_percent,percentage_points,48.214285714285715,51.785714285714285,3.5714285714285716,False
ads2_formal_subesco_d05_f4_wavlm_base_plus_A,subesco,5,4,wavlm_base_plus,45,unseen_uar,6,UAR_percent,percentage_points,37.5,51.785714285714285,14.285714285714286,False
ads2_formal_subesco_d05_f4_hubert_base_A,subesco,5,4,hubert_base,15,last,15,UAR_percent,percentage_points,44.642857142857146,50.0,5.357142857142857,False
ads2_formal_subesco_d05_f4_hubert_base_A,subesco,5,4,hubert_base,15,seen_ce,9,UAR_percent,percentage_points,50.0,50.0,0.0,False
ads2_formal_subesco_d05_f4_hubert_base_A,subesco,5,4,hubert_base,15,unseen_ce,5,UAR_percent,percentage_points,41.07142857142857,50.0,8.928571428571429,False
ads2_formal_subesco_d05_f4_hubert_base_A,subesco,5,4,hubert_base,15,seen_uar,9,UAR_percent,percentage_points,50.0,50.0,0.0,False
ads2_formal_subesco_d05_f4_hubert_base_A,subesco,5,4,hubert_base,15,unseen_uar,6,UAR_percent,percentage_points,42.857142857142854,50.0,7.142857142857143,False
ads2_formal_subesco_d06_f0_wavlm_base_plus_A,subesco,6,0,wavlm_base_plus,15,last,15,UAR_percent,percentage_points,55.357142857142854,58.92857142857143,3.5714285714285716,False
ads2_formal_subesco_d06_f0_wavlm_base_plus_A,subesco,6,0,wavlm_base_plus,15,seen_ce,14,UAR_percent,percentage_points,58.92857142857143,58.92857142857143,0.0,False
ads2_formal_subesco_d06_f0_wavlm_base_plus_A,subesco,6,0,wavlm_base_plus,15,unseen_ce,12,UAR_percent,percentage_points,55.357142857142854,58.92857142857143,3.5714285714285716,False
ads2_formal_subesco_d06_f0_wavlm_base_plus_A,subesco,6,0,wavlm_base_plus,15,seen_uar,14,UAR_percent,percentage_points,58.92857142857143,58.92857142857143,0.0,False
ads2_formal_subesco_d06_f0_wavlm_base_plus_A,subesco,6,0,wavlm_base_plus,15,unseen_uar,14,UAR_percent,percentage_points,58.92857142857143,58.92857142857143,0.0,False
ads2_formal_subesco_d06_f0_wavlm_base_plus_A,subesco,6,0,wavlm_base_plus,45,last,45,UAR_percent,percentage_points,53.57142857142857,64.28571428571429,10.714285714285714,False
ads2_formal_subesco_d06_f0_wavlm_base_plus_A,subesco,6,0,wavlm_base_plus,45,seen_ce,14,UAR_percent,percentage_points,58.92857142857143,64.28571428571429,5.357142857142857,False
ads2_formal_subesco_d06_f0_wavlm_base_plus_A,subesco,6,0,wavlm_base_plus,45,unseen_ce,12,UAR_percent,percentage_points,55.357142857142854,64.28571428571429,8.928571428571429,False
ads2_formal_subesco_d06_f0_wavlm_base_plus_A,subesco,6,0,wavlm_base_plus,45,seen_uar,39,UAR_percent,percentage_points,51.785714285714285,64.28571428571429,12.5,False
ads2_formal_subesco_d06_f0_wavlm_base_plus_A,subesco,6,0,wavlm_base_plus,45,unseen_uar,24,UAR_percent,percentage_points,55.357142857142854,64.28571428571429,8.928571428571429,False
ads2_formal_subesco_d06_f0_hubert_base_A,subesco,6,0,hubert_base,15,last,15,UAR_percent,percentage_points,44.642857142857146,48.214285714285715,3.5714285714285716,False
ads2_formal_subesco_d06_f0_hubert_base_A,subesco,6,0,hubert_base,15,seen_ce,6,UAR_percent,percentage_points,42.857142857142854,48.214285714285715,5.357142857142857,False
ads2_formal_subesco_d06_f0_hubert_base_A,subesco,6,0,hubert_base,15,unseen_ce,6,UAR_percent,percentage_points,42.857142857142854,48.214285714285715,5.357142857142857,False
ads2_formal_subesco_d06_f0_hubert_base_A,subesco,6,0,hubert_base,15,seen_uar,14,UAR_percent,percentage_points,48.214285714285715,48.214285714285715,0.0,False
ads2_formal_subesco_d06_f0_hubert_base_A,subesco,6,0,hubert_base,15,unseen_uar,10,UAR_percent,percentage_points,46.42857142857143,48.214285714285715,1.7857142857142858,False
ads2_formal_subesco_d06_f1_wavlm_base_plus_A,subesco,6,1,wavlm_base_plus,15,last,15,UAR_percent,percentage_points,37.5,57.142857142857146,19.642857142857142,False
ads2_formal_subesco_d06_f1_wavlm_base_plus_A,subesco,6,1,wavlm_base_plus,15,seen_ce,10,UAR_percent,percentage_points,57.142857142857146,57.142857142857146,0.0,False
ads2_formal_subesco_d06_f1_wavlm_base_plus_A,subesco,6,1,wavlm_base_plus,15,unseen_ce,10,UAR_percent,percentage_points,57.142857142857146,57.142857142857146,0.0,False
ads2_formal_subesco_d06_f1_wavlm_base_plus_A,subesco,6,1,wavlm_base_plus,15,seen_uar,14,UAR_percent,percentage_points,46.42857142857143,57.142857142857146,10.714285714285714,False
ads2_formal_subesco_d06_f1_wavlm_base_plus_A,subesco,6,1,wavlm_base_plus,15,unseen_uar,10,UAR_percent,percentage_points,57.142857142857146,57.142857142857146,0.0,False
ads2_formal_subesco_d06_f1_wavlm_base_plus_A,subesco,6,1,wavlm_base_plus,45,last,45,UAR_percent,percentage_points,44.642857142857146,57.142857142857146,12.5,False
ads2_formal_subesco_d06_f1_wavlm_base_plus_A,subesco,6,1,wavlm_base_plus,45,seen_ce,10,UAR_percent,percentage_points,57.142857142857146,57.142857142857146,0.0,False
ads2_formal_subesco_d06_f1_wavlm_base_plus_A,subesco,6,1,wavlm_base_plus,45,unseen_ce,10,UAR_percent,percentage_points,57.142857142857146,57.142857142857146,0.0,False
ads2_formal_subesco_d06_f1_wavlm_base_plus_A,subesco,6,1,wavlm_base_plus,45,seen_uar,30,UAR_percent,percentage_points,46.42857142857143,57.142857142857146,10.714285714285714,False
ads2_formal_subesco_d06_f1_wavlm_base_plus_A,subesco,6,1,wavlm_base_plus,45,unseen_uar,34,UAR_percent,percentage_points,48.214285714285715,57.142857142857146,8.928571428571429,False
ads2_formal_subesco_d06_f1_hubert_base_A,subesco,6,1,hubert_base,15,last,15,UAR_percent,percentage_points,46.42857142857143,50.0,3.5714285714285716,False
ads2_formal_subesco_d06_f1_hubert_base_A,subesco,6,1,hubert_base,15,seen_ce,10,UAR_percent,percentage_points,39.285714285714285,50.0,10.714285714285714,False
ads2_formal_subesco_d06_f1_hubert_base_A,subesco,6,1,hubert_base,15,unseen_ce,8,UAR_percent,percentage_points,37.5,50.0,12.5,False
ads2_formal_subesco_d06_f1_hubert_base_A,subesco,6,1,hubert_base,15,seen_uar,15,UAR_percent,percentage_points,46.42857142857143,50.0,3.5714285714285716,False
ads2_formal_subesco_d06_f1_hubert_base_A,subesco,6,1,hubert_base,15,unseen_uar,11,UAR_percent,percentage_points,42.857142857142854,50.0,7.142857142857143,False
ads2_formal_subesco_d06_f2_wavlm_base_plus_A,subesco,6,2,wavlm_base_plus,15,last,15,UAR_percent,percentage_points,60.714285714285715,60.714285714285715,0.0,False
ads2_formal_subesco_d06_f2_wavlm_base_plus_A,subesco,6,2,wavlm_base_plus,15,seen_ce,14,UAR_percent,percentage_points,58.92857142857143,60.714285714285715,1.7857142857142858,False
ads2_formal_subesco_d06_f2_wavlm_base_plus_A,subesco,6,2,wavlm_base_plus,15,unseen_ce,8,UAR_percent,percentage_points,42.857142857142854,60.714285714285715,17.857142857142858,False
ads2_formal_subesco_d06_f2_wavlm_base_plus_A,subesco,6,2,wavlm_base_plus,15,seen_uar,8,UAR_percent,percentage_points,42.857142857142854,60.714285714285715,17.857142857142858,False
ads2_formal_subesco_d06_f2_wavlm_base_plus_A,subesco,6,2,wavlm_base_plus,15,unseen_uar,13,UAR_percent,percentage_points,51.785714285714285,60.714285714285715,8.928571428571429,False
ads2_formal_subesco_d06_f2_wavlm_base_plus_A,subesco,6,2,wavlm_base_plus,45,last,45,UAR_percent,percentage_points,60.714285714285715,66.07142857142857,5.357142857142857,False
ads2_formal_subesco_d06_f2_wavlm_base_plus_A,subesco,6,2,wavlm_base_plus,45,seen_ce,14,UAR_percent,percentage_points,58.92857142857143,66.07142857142857,7.142857142857143,False
ads2_formal_subesco_d06_f2_wavlm_base_plus_A,subesco,6,2,wavlm_base_plus,45,unseen_ce,8,UAR_percent,percentage_points,42.857142857142854,66.07142857142857,23.214285714285715,False
ads2_formal_subesco_d06_f2_wavlm_base_plus_A,subesco,6,2,wavlm_base_plus,45,seen_uar,17,UAR_percent,percentage_points,66.07142857142857,66.07142857142857,0.0,False
ads2_formal_subesco_d06_f2_wavlm_base_plus_A,subesco,6,2,wavlm_base_plus,45,unseen_uar,13,UAR_percent,percentage_points,51.785714285714285,66.07142857142857,14.285714285714286,False
ads2_formal_subesco_d06_f2_hubert_base_A,subesco,6,2,hubert_base,15,last,15,UAR_percent,percentage_points,58.92857142857143,60.714285714285715,1.7857142857142858,False
ads2_formal_subesco_d06_f2_hubert_base_A,subesco,6,2,hubert_base,15,seen_ce,13,UAR_percent,percentage_points,60.714285714285715,60.714285714285715,0.0,False
ads2_formal_subesco_d06_f2_hubert_base_A,subesco,6,2,hubert_base,15,unseen_ce,4,UAR_percent,percentage_points,50.0,60.714285714285715,10.714285714285714,False
ads2_formal_subesco_d06_f2_hubert_base_A,subesco,6,2,hubert_base,15,seen_uar,14,UAR_percent,percentage_points,55.357142857142854,60.714285714285715,5.357142857142857,False
ads2_formal_subesco_d06_f2_hubert_base_A,subesco,6,2,hubert_base,15,unseen_uar,13,UAR_percent,percentage_points,60.714285714285715,60.714285714285715,0.0,False
ads2_formal_subesco_d06_f3_wavlm_base_plus_A,subesco,6,3,wavlm_base_plus,15,last,15,UAR_percent,percentage_points,55.357142857142854,57.142857142857146,1.7857142857142858,False
ads2_formal_subesco_d06_f3_wavlm_base_plus_A,subesco,6,3,wavlm_base_plus,15,seen_ce,11,UAR_percent,percentage_points,46.42857142857143,57.142857142857146,10.714285714285714,False
ads2_formal_subesco_d06_f3_wavlm_base_plus_A,subesco,6,3,wavlm_base_plus,15,unseen_ce,11,UAR_percent,percentage_points,46.42857142857143,57.142857142857146,10.714285714285714,False
ads2_formal_subesco_d06_f3_wavlm_base_plus_A,subesco,6,3,wavlm_base_plus,15,seen_uar,11,UAR_percent,percentage_points,46.42857142857143,57.142857142857146,10.714285714285714,False
ads2_formal_subesco_d06_f3_wavlm_base_plus_A,subesco,6,3,wavlm_base_plus,15,unseen_uar,15,UAR_percent,percentage_points,55.357142857142854,57.142857142857146,1.7857142857142858,False
ads2_formal_subesco_d06_f3_wavlm_base_plus_A,subesco,6,3,wavlm_base_plus,45,last,45,UAR_percent,percentage_points,50.0,57.142857142857146,7.142857142857143,False
ads2_formal_subesco_d06_f3_wavlm_base_plus_A,subesco,6,3,wavlm_base_plus,45,seen_ce,11,UAR_percent,percentage_points,46.42857142857143,57.142857142857146,10.714285714285714,False
ads2_formal_subesco_d06_f3_wavlm_base_plus_A,subesco,6,3,wavlm_base_plus,45,unseen_ce,11,UAR_percent,percentage_points,46.42857142857143,57.142857142857146,10.714285714285714,False
ads2_formal_subesco_d06_f3_wavlm_base_plus_A,subesco,6,3,wavlm_base_plus,45,seen_uar,32,UAR_percent,percentage_points,51.785714285714285,57.142857142857146,5.357142857142857,False
ads2_formal_subesco_d06_f3_wavlm_base_plus_A,subesco,6,3,wavlm_base_plus,45,unseen_uar,45,UAR_percent,percentage_points,50.0,57.142857142857146,7.142857142857143,False
ads2_formal_subesco_d06_f3_hubert_base_A,subesco,6,3,hubert_base,15,last,15,UAR_percent,percentage_points,46.42857142857143,50.0,3.5714285714285716,False
ads2_formal_subesco_d06_f3_hubert_base_A,subesco,6,3,hubert_base,15,seen_ce,15,UAR_percent,percentage_points,46.42857142857143,50.0,3.5714285714285716,False
ads2_formal_subesco_d06_f3_hubert_base_A,subesco,6,3,hubert_base,15,unseen_ce,9,UAR_percent,percentage_points,46.42857142857143,50.0,3.5714285714285716,False
ads2_formal_subesco_d06_f3_hubert_base_A,subesco,6,3,hubert_base,15,seen_uar,15,UAR_percent,percentage_points,46.42857142857143,50.0,3.5714285714285716,False
ads2_formal_subesco_d06_f3_hubert_base_A,subesco,6,3,hubert_base,15,unseen_uar,10,UAR_percent,percentage_points,48.214285714285715,50.0,1.7857142857142858,False
ads2_formal_subesco_d06_f4_wavlm_base_plus_A,subesco,6,4,wavlm_base_plus,15,last,15,UAR_percent,percentage_points,44.642857142857146,48.214285714285715,3.5714285714285716,False
ads2_formal_subesco_d06_f4_wavlm_base_plus_A,subesco,6,4,wavlm_base_plus,15,seen_ce,12,UAR_percent,percentage_points,41.07142857142857,48.214285714285715,7.142857142857143,False
ads2_formal_subesco_d06_f4_wavlm_base_plus_A,subesco,6,4,wavlm_base_plus,15,unseen_ce,8,UAR_percent,percentage_points,39.285714285714285,48.214285714285715,8.928571428571429,False
ads2_formal_subesco_d06_f4_wavlm_base_plus_A,subesco,6,4,wavlm_base_plus,15,seen_uar,14,UAR_percent,percentage_points,42.857142857142854,48.214285714285715,5.357142857142857,False
ads2_formal_subesco_d06_f4_wavlm_base_plus_A,subesco,6,4,wavlm_base_plus,15,unseen_uar,12,UAR_percent,percentage_points,41.07142857142857,48.214285714285715,7.142857142857143,False
ads2_formal_subesco_d06_f4_wavlm_base_plus_A,subesco,6,4,wavlm_base_plus,45,last,45,UAR_percent,percentage_points,50.0,57.142857142857146,7.142857142857143,False
ads2_formal_subesco_d06_f4_wavlm_base_plus_A,subesco,6,4,wavlm_base_plus,45,seen_ce,12,UAR_percent,percentage_points,41.07142857142857,57.142857142857146,16.071428571428573,False
ads2_formal_subesco_d06_f4_wavlm_base_plus_A,subesco,6,4,wavlm_base_plus,45,unseen_ce,8,UAR_percent,percentage_points,39.285714285714285,57.142857142857146,17.857142857142858,False
ads2_formal_subesco_d06_f4_wavlm_base_plus_A,subesco,6,4,wavlm_base_plus,45,seen_uar,25,UAR_percent,percentage_points,48.214285714285715,57.142857142857146,8.928571428571429,False
ads2_formal_subesco_d06_f4_wavlm_base_plus_A,subesco,6,4,wavlm_base_plus,45,unseen_uar,27,UAR_percent,percentage_points,51.785714285714285,57.142857142857146,5.357142857142857,False
ads2_formal_subesco_d06_f4_hubert_base_A,subesco,6,4,hubert_base,15,last,15,UAR_percent,percentage_points,51.785714285714285,60.714285714285715,8.928571428571429,False
ads2_formal_subesco_d06_f4_hubert_base_A,subesco,6,4,hubert_base,15,seen_ce,5,UAR_percent,percentage_points,53.57142857142857,60.714285714285715,7.142857142857143,False
ads2_formal_subesco_d06_f4_hubert_base_A,subesco,6,4,hubert_base,15,unseen_ce,4,UAR_percent,percentage_points,39.285714285714285,60.714285714285715,21.428571428571427,False
ads2_formal_subesco_d06_f4_hubert_base_A,subesco,6,4,hubert_base,15,seen_uar,10,UAR_percent,percentage_points,58.92857142857143,60.714285714285715,1.7857142857142858,False
ads2_formal_subesco_d06_f4_hubert_base_A,subesco,6,4,hubert_base,15,unseen_uar,12,UAR_percent,percentage_points,60.714285714285715,60.714285714285715,0.0,False
ads2_formal_subesco_d07_f0_wavlm_base_plus_A,subesco,7,0,wavlm_base_plus,15,last,15,UAR_percent,percentage_points,37.5,46.42857142857143,8.928571428571429,False
ads2_formal_subesco_d07_f0_wavlm_base_plus_A,subesco,7,0,wavlm_base_plus,15,seen_ce,8,UAR_percent,percentage_points,33.92857142857143,46.42857142857143,12.5,False
ads2_formal_subesco_d07_f0_wavlm_base_plus_A,subesco,7,0,wavlm_base_plus,15,unseen_ce,8,UAR_percent,percentage_points,33.92857142857143,46.42857142857143,12.5,False
ads2_formal_subesco_d07_f0_wavlm_base_plus_A,subesco,7,0,wavlm_base_plus,15,seen_uar,14,UAR_percent,percentage_points,33.92857142857143,46.42857142857143,12.5,False
ads2_formal_subesco_d07_f0_wavlm_base_plus_A,subesco,7,0,wavlm_base_plus,15,unseen_uar,11,UAR_percent,percentage_points,35.714285714285715,46.42857142857143,10.714285714285714,False
ads2_formal_subesco_d07_f0_wavlm_base_plus_A,subesco,7,0,wavlm_base_plus,45,last,45,UAR_percent,percentage_points,37.5,46.42857142857143,8.928571428571429,False
ads2_formal_subesco_d07_f0_wavlm_base_plus_A,subesco,7,0,wavlm_base_plus,45,seen_ce,8,UAR_percent,percentage_points,33.92857142857143,46.42857142857143,12.5,False
ads2_formal_subesco_d07_f0_wavlm_base_plus_A,subesco,7,0,wavlm_base_plus,45,unseen_ce,8,UAR_percent,percentage_points,33.92857142857143,46.42857142857143,12.5,False
ads2_formal_subesco_d07_f0_wavlm_base_plus_A,subesco,7,0,wavlm_base_plus,45,seen_uar,14,UAR_percent,percentage_points,33.92857142857143,46.42857142857143,12.5,False
ads2_formal_subesco_d07_f0_wavlm_base_plus_A,subesco,7,0,wavlm_base_plus,45,unseen_uar,16,UAR_percent,percentage_points,33.92857142857143,46.42857142857143,12.5,False
ads2_formal_subesco_d07_f0_hubert_base_A,subesco,7,0,hubert_base,15,last,15,UAR_percent,percentage_points,37.5,42.857142857142854,5.357142857142857,False
ads2_formal_subesco_d07_f0_hubert_base_A,subesco,7,0,hubert_base,15,seen_ce,6,UAR_percent,percentage_points,39.285714285714285,42.857142857142854,3.5714285714285716,False
ads2_formal_subesco_d07_f0_hubert_base_A,subesco,7,0,hubert_base,15,unseen_ce,6,UAR_percent,percentage_points,39.285714285714285,42.857142857142854,3.5714285714285716,False
ads2_formal_subesco_d07_f0_hubert_base_A,subesco,7,0,hubert_base,15,seen_uar,15,UAR_percent,percentage_points,37.5,42.857142857142854,5.357142857142857,False
ads2_formal_subesco_d07_f0_hubert_base_A,subesco,7,0,hubert_base,15,unseen_uar,11,UAR_percent,percentage_points,41.07142857142857,42.857142857142854,1.7857142857142858,False
ads2_formal_subesco_d07_f1_wavlm_base_plus_A,subesco,7,1,wavlm_base_plus,15,last,15,UAR_percent,percentage_points,41.07142857142857,48.214285714285715,7.142857142857143,False
ads2_formal_subesco_d07_f1_wavlm_base_plus_A,subesco,7,1,wavlm_base_plus,15,seen_ce,11,UAR_percent,percentage_points,48.214285714285715,48.214285714285715,0.0,False
ads2_formal_subesco_d07_f1_wavlm_base_plus_A,subesco,7,1,wavlm_base_plus,15,unseen_ce,5,UAR_percent,percentage_points,30.357142857142858,48.214285714285715,17.857142857142858,False
ads2_formal_subesco_d07_f1_wavlm_base_plus_A,subesco,7,1,wavlm_base_plus,15,seen_uar,15,UAR_percent,percentage_points,41.07142857142857,48.214285714285715,7.142857142857143,False
ads2_formal_subesco_d07_f1_wavlm_base_plus_A,subesco,7,1,wavlm_base_plus,15,unseen_uar,14,UAR_percent,percentage_points,48.214285714285715,48.214285714285715,0.0,False
ads2_formal_subesco_d07_f1_wavlm_base_plus_A,subesco,7,1,wavlm_base_plus,45,last,45,UAR_percent,percentage_points,42.857142857142854,50.0,7.142857142857143,False
ads2_formal_subesco_d07_f1_wavlm_base_plus_A,subesco,7,1,wavlm_base_plus,45,seen_ce,11,UAR_percent,percentage_points,48.214285714285715,50.0,1.7857142857142858,False
ads2_formal_subesco_d07_f1_wavlm_base_plus_A,subesco,7,1,wavlm_base_plus,45,unseen_ce,5,UAR_percent,percentage_points,30.357142857142858,50.0,19.642857142857142,False
ads2_formal_subesco_d07_f1_wavlm_base_plus_A,subesco,7,1,wavlm_base_plus,45,seen_uar,31,UAR_percent,percentage_points,50.0,50.0,0.0,False
ads2_formal_subesco_d07_f1_wavlm_base_plus_A,subesco,7,1,wavlm_base_plus,45,unseen_uar,45,UAR_percent,percentage_points,42.857142857142854,50.0,7.142857142857143,False
ads2_formal_subesco_d07_f1_hubert_base_A,subesco,7,1,hubert_base,15,last,15,UAR_percent,percentage_points,39.285714285714285,48.214285714285715,8.928571428571429,False
ads2_formal_subesco_d07_f1_hubert_base_A,subesco,7,1,hubert_base,15,seen_ce,11,UAR_percent,percentage_points,46.42857142857143,48.214285714285715,1.7857142857142858,False
ads2_formal_subesco_d07_f1_hubert_base_A,subesco,7,1,hubert_base,15,unseen_ce,4,UAR_percent,percentage_points,41.07142857142857,48.214285714285715,7.142857142857143,False
ads2_formal_subesco_d07_f1_hubert_base_A,subesco,7,1,hubert_base,15,seen_uar,14,UAR_percent,percentage_points,42.857142857142854,48.214285714285715,5.357142857142857,False
ads2_formal_subesco_d07_f1_hubert_base_A,subesco,7,1,hubert_base,15,unseen_uar,11,UAR_percent,percentage_points,46.42857142857143,48.214285714285715,1.7857142857142858,False
ads2_formal_subesco_d07_f2_wavlm_base_plus_A,subesco,7,2,wavlm_base_plus,15,last,15,UAR_percent,percentage_points,33.92857142857143,44.642857142857146,10.714285714285714,False
ads2_formal_subesco_d07_f2_wavlm_base_plus_A,subesco,7,2,wavlm_base_plus,15,seen_ce,8,UAR_percent,percentage_points,42.857142857142854,44.642857142857146,1.7857142857142858,False
ads2_formal_subesco_d07_f2_wavlm_base_plus_A,subesco,7,2,wavlm_base_plus,15,unseen_ce,8,UAR_percent,percentage_points,42.857142857142854,44.642857142857146,1.7857142857142858,False
ads2_formal_subesco_d07_f2_wavlm_base_plus_A,subesco,7,2,wavlm_base_plus,15,seen_uar,12,UAR_percent,percentage_points,42.857142857142854,44.642857142857146,1.7857142857142858,False
ads2_formal_subesco_d07_f2_wavlm_base_plus_A,subesco,7,2,wavlm_base_plus,15,unseen_uar,8,UAR_percent,percentage_points,42.857142857142854,44.642857142857146,1.7857142857142858,False
ads2_formal_subesco_d07_f2_wavlm_base_plus_A,subesco,7,2,wavlm_base_plus,45,last,45,UAR_percent,percentage_points,41.07142857142857,44.642857142857146,3.5714285714285716,False
ads2_formal_subesco_d07_f2_wavlm_base_plus_A,subesco,7,2,wavlm_base_plus,45,seen_ce,8,UAR_percent,percentage_points,42.857142857142854,44.642857142857146,1.7857142857142858,False
ads2_formal_subesco_d07_f2_wavlm_base_plus_A,subesco,7,2,wavlm_base_plus,45,unseen_ce,8,UAR_percent,percentage_points,42.857142857142854,44.642857142857146,1.7857142857142858,False
ads2_formal_subesco_d07_f2_wavlm_base_plus_A,subesco,7,2,wavlm_base_plus,45,seen_uar,45,UAR_percent,percentage_points,41.07142857142857,44.642857142857146,3.5714285714285716,False
ads2_formal_subesco_d07_f2_wavlm_base_plus_A,subesco,7,2,wavlm_base_plus,45,unseen_uar,8,UAR_percent,percentage_points,42.857142857142854,44.642857142857146,1.7857142857142858,False
ads2_formal_subesco_d07_f2_hubert_base_A,subesco,7,2,hubert_base,15,last,15,UAR_percent,percentage_points,53.57142857142857,64.28571428571429,10.714285714285714,False
ads2_formal_subesco_d07_f2_hubert_base_A,subesco,7,2,hubert_base,15,seen_ce,9,UAR_percent,percentage_points,64.28571428571429,64.28571428571429,0.0,False
ads2_formal_subesco_d07_f2_hubert_base_A,subesco,7,2,hubert_base,15,unseen_ce,9,UAR_percent,percentage_points,64.28571428571429,64.28571428571429,0.0,False
ads2_formal_subesco_d07_f2_hubert_base_A,subesco,7,2,hubert_base,15,seen_uar,11,UAR_percent,percentage_points,60.714285714285715,64.28571428571429,3.5714285714285716,False
ads2_formal_subesco_d07_f2_hubert_base_A,subesco,7,2,hubert_base,15,unseen_uar,9,UAR_percent,percentage_points,64.28571428571429,64.28571428571429,0.0,False
ads2_formal_subesco_d07_f3_wavlm_base_plus_A,subesco,7,3,wavlm_base_plus,15,last,15,UAR_percent,percentage_points,60.714285714285715,67.85714285714286,7.142857142857143,False
ads2_formal_subesco_d07_f3_wavlm_base_plus_A,subesco,7,3,wavlm_base_plus,15,seen_ce,10,UAR_percent,percentage_points,60.714285714285715,67.85714285714286,7.142857142857143,False
ads2_formal_subesco_d07_f3_wavlm_base_plus_A,subesco,7,3,wavlm_base_plus,15,unseen_ce,6,UAR_percent,percentage_points,60.714285714285715,67.85714285714286,7.142857142857143,False
ads2_formal_subesco_d07_f3_wavlm_base_plus_A,subesco,7,3,wavlm_base_plus,15,seen_uar,10,UAR_percent,percentage_points,60.714285714285715,67.85714285714286,7.142857142857143,False
ads2_formal_subesco_d07_f3_wavlm_base_plus_A,subesco,7,3,wavlm_base_plus,15,unseen_uar,6,UAR_percent,percentage_points,60.714285714285715,67.85714285714286,7.142857142857143,False
ads2_formal_subesco_d07_f3_wavlm_base_plus_A,subesco,7,3,wavlm_base_plus,45,last,45,UAR_percent,percentage_points,67.85714285714286,69.64285714285714,1.7857142857142858,False
ads2_formal_subesco_d07_f3_wavlm_base_plus_A,subesco,7,3,wavlm_base_plus,45,seen_ce,10,UAR_percent,percentage_points,60.714285714285715,69.64285714285714,8.928571428571429,False
ads2_formal_subesco_d07_f3_wavlm_base_plus_A,subesco,7,3,wavlm_base_plus,45,unseen_ce,6,UAR_percent,percentage_points,60.714285714285715,69.64285714285714,8.928571428571429,False
ads2_formal_subesco_d07_f3_wavlm_base_plus_A,subesco,7,3,wavlm_base_plus,45,seen_uar,23,UAR_percent,percentage_points,66.07142857142857,69.64285714285714,3.5714285714285716,False
ads2_formal_subesco_d07_f3_wavlm_base_plus_A,subesco,7,3,wavlm_base_plus,45,unseen_uar,34,UAR_percent,percentage_points,66.07142857142857,69.64285714285714,3.5714285714285716,False
ads2_formal_subesco_d07_f3_hubert_base_A,subesco,7,3,hubert_base,15,last,15,UAR_percent,percentage_points,53.57142857142857,60.714285714285715,7.142857142857143,False
ads2_formal_subesco_d07_f3_hubert_base_A,subesco,7,3,hubert_base,15,seen_ce,6,UAR_percent,percentage_points,44.642857142857146,60.714285714285715,16.071428571428573,False
ads2_formal_subesco_d07_f3_hubert_base_A,subesco,7,3,hubert_base,15,unseen_ce,6,UAR_percent,percentage_points,44.642857142857146,60.714285714285715,16.071428571428573,False
ads2_formal_subesco_d07_f3_hubert_base_A,subesco,7,3,hubert_base,15,seen_uar,10,UAR_percent,percentage_points,60.714285714285715,60.714285714285715,0.0,False
ads2_formal_subesco_d07_f3_hubert_base_A,subesco,7,3,hubert_base,15,unseen_uar,6,UAR_percent,percentage_points,44.642857142857146,60.714285714285715,16.071428571428573,False
ads2_formal_subesco_d07_f4_wavlm_base_plus_A,subesco,7,4,wavlm_base_plus,15,last,15,UAR_percent,percentage_points,41.07142857142857,50.0,8.928571428571429,False
ads2_formal_subesco_d07_f4_wavlm_base_plus_A,subesco,7,4,wavlm_base_plus,15,seen_ce,9,UAR_percent,percentage_points,48.214285714285715,50.0,1.7857142857142858,False
ads2_formal_subesco_d07_f4_wavlm_base_plus_A,subesco,7,4,wavlm_base_plus,15,unseen_ce,9,UAR_percent,percentage_points,48.214285714285715,50.0,1.7857142857142858,False
ads2_formal_subesco_d07_f4_wavlm_base_plus_A,subesco,7,4,wavlm_base_plus,15,seen_uar,12,UAR_percent,percentage_points,50.0,50.0,0.0,False
ads2_formal_subesco_d07_f4_wavlm_base_plus_A,subesco,7,4,wavlm_base_plus,15,unseen_uar,9,UAR_percent,percentage_points,48.214285714285715,50.0,1.7857142857142858,False
ads2_formal_subesco_d07_f4_wavlm_base_plus_A,subesco,7,4,wavlm_base_plus,45,last,45,UAR_percent,percentage_points,57.142857142857146,58.92857142857143,1.7857142857142858,False
ads2_formal_subesco_d07_f4_wavlm_base_plus_A,subesco,7,4,wavlm_base_plus,45,seen_ce,9,UAR_percent,percentage_points,48.214285714285715,58.92857142857143,10.714285714285714,False
ads2_formal_subesco_d07_f4_wavlm_base_plus_A,subesco,7,4,wavlm_base_plus,45,unseen_ce,9,UAR_percent,percentage_points,48.214285714285715,58.92857142857143,10.714285714285714,False
ads2_formal_subesco_d07_f4_wavlm_base_plus_A,subesco,7,4,wavlm_base_plus,45,seen_uar,23,UAR_percent,percentage_points,55.357142857142854,58.92857142857143,3.5714285714285716,False
ads2_formal_subesco_d07_f4_wavlm_base_plus_A,subesco,7,4,wavlm_base_plus,45,unseen_uar,9,UAR_percent,percentage_points,48.214285714285715,58.92857142857143,10.714285714285714,False
ads2_formal_subesco_d07_f4_hubert_base_A,subesco,7,4,hubert_base,15,last,15,UAR_percent,percentage_points,62.5,64.28571428571429,1.7857142857142858,False
ads2_formal_subesco_d07_f4_hubert_base_A,subesco,7,4,hubert_base,15,seen_ce,10,UAR_percent,percentage_points,62.5,64.28571428571429,1.7857142857142858,False
ads2_formal_subesco_d07_f4_hubert_base_A,subesco,7,4,hubert_base,15,unseen_ce,8,UAR_percent,percentage_points,64.28571428571429,64.28571428571429,0.0,False
ads2_formal_subesco_d07_f4_hubert_base_A,subesco,7,4,hubert_base,15,seen_uar,10,UAR_percent,percentage_points,62.5,64.28571428571429,1.7857142857142858,False
ads2_formal_subesco_d07_f4_hubert_base_A,subesco,7,4,hubert_base,15,unseen_uar,14,UAR_percent,percentage_points,60.714285714285715,64.28571428571429,3.5714285714285716,False
ads2_formal_subesco_d08_f0_wavlm_base_plus_A,subesco,8,0,wavlm_base_plus,15,last,15,UAR_percent,percentage_points,51.785714285714285,55.357142857142854,3.5714285714285716,False
ads2_formal_subesco_d08_f0_wavlm_base_plus_A,subesco,8,0,wavlm_base_plus,15,seen_ce,11,UAR_percent,percentage_points,51.785714285714285,55.357142857142854,3.5714285714285716,False
ads2_formal_subesco_d08_f0_wavlm_base_plus_A,subesco,8,0,wavlm_base_plus,15,unseen_ce,8,UAR_percent,percentage_points,46.42857142857143,55.357142857142854,8.928571428571429,False
ads2_formal_subesco_d08_f0_wavlm_base_plus_A,subesco,8,0,wavlm_base_plus,15,seen_uar,15,UAR_percent,percentage_points,51.785714285714285,55.357142857142854,3.5714285714285716,False
ads2_formal_subesco_d08_f0_wavlm_base_plus_A,subesco,8,0,wavlm_base_plus,15,unseen_uar,13,UAR_percent,percentage_points,44.642857142857146,55.357142857142854,10.714285714285714,False
ads2_formal_subesco_d08_f0_wavlm_base_plus_A,subesco,8,0,wavlm_base_plus,45,last,45,UAR_percent,percentage_points,50.0,58.92857142857143,8.928571428571429,False
ads2_formal_subesco_d08_f0_wavlm_base_plus_A,subesco,8,0,wavlm_base_plus,45,seen_ce,11,UAR_percent,percentage_points,51.785714285714285,58.92857142857143,7.142857142857143,False
ads2_formal_subesco_d08_f0_wavlm_base_plus_A,subesco,8,0,wavlm_base_plus,45,unseen_ce,8,UAR_percent,percentage_points,46.42857142857143,58.92857142857143,12.5,False
ads2_formal_subesco_d08_f0_wavlm_base_plus_A,subesco,8,0,wavlm_base_plus,45,seen_uar,45,UAR_percent,percentage_points,50.0,58.92857142857143,8.928571428571429,False
ads2_formal_subesco_d08_f0_wavlm_base_plus_A,subesco,8,0,wavlm_base_plus,45,unseen_uar,18,UAR_percent,percentage_points,48.214285714285715,58.92857142857143,10.714285714285714,False
ads2_formal_subesco_d08_f0_hubert_base_A,subesco,8,0,hubert_base,15,last,15,UAR_percent,percentage_points,51.785714285714285,55.357142857142854,3.5714285714285716,False
ads2_formal_subesco_d08_f0_hubert_base_A,subesco,8,0,hubert_base,15,seen_ce,6,UAR_percent,percentage_points,48.214285714285715,55.357142857142854,7.142857142857143,False
ads2_formal_subesco_d08_f0_hubert_base_A,subesco,8,0,hubert_base,15,unseen_ce,8,UAR_percent,percentage_points,55.357142857142854,55.357142857142854,0.0,False
ads2_formal_subesco_d08_f0_hubert_base_A,subesco,8,0,hubert_base,15,seen_uar,14,UAR_percent,percentage_points,48.214285714285715,55.357142857142854,7.142857142857143,False
ads2_formal_subesco_d08_f0_hubert_base_A,subesco,8,0,hubert_base,15,unseen_uar,12,UAR_percent,percentage_points,53.57142857142857,55.357142857142854,1.7857142857142858,False
ads2_formal_subesco_d08_f1_wavlm_base_plus_A,subesco,8,1,wavlm_base_plus,15,last,15,UAR_percent,percentage_points,62.5,62.5,0.0,False
ads2_formal_subesco_d08_f1_wavlm_base_plus_A,subesco,8,1,wavlm_base_plus,15,seen_ce,6,UAR_percent,percentage_points,57.142857142857146,62.5,5.357142857142857,False
ads2_formal_subesco_d08_f1_wavlm_base_plus_A,subesco,8,1,wavlm_base_plus,15,unseen_ce,5,UAR_percent,percentage_points,41.07142857142857,62.5,21.428571428571427,False
ads2_formal_subesco_d08_f1_wavlm_base_plus_A,subesco,8,1,wavlm_base_plus,15,seen_uar,12,UAR_percent,percentage_points,57.142857142857146,62.5,5.357142857142857,False
ads2_formal_subesco_d08_f1_wavlm_base_plus_A,subesco,8,1,wavlm_base_plus,15,unseen_uar,13,UAR_percent,percentage_points,62.5,62.5,0.0,False
ads2_formal_subesco_d08_f1_wavlm_base_plus_A,subesco,8,1,wavlm_base_plus,45,last,45,UAR_percent,percentage_points,57.142857142857146,66.07142857142857,8.928571428571429,False
ads2_formal_subesco_d08_f1_wavlm_base_plus_A,subesco,8,1,wavlm_base_plus,45,seen_ce,6,UAR_percent,percentage_points,57.142857142857146,66.07142857142857,8.928571428571429,False
ads2_formal_subesco_d08_f1_wavlm_base_plus_A,subesco,8,1,wavlm_base_plus,45,unseen_ce,5,UAR_percent,percentage_points,41.07142857142857,66.07142857142857,25.0,False
ads2_formal_subesco_d08_f1_wavlm_base_plus_A,subesco,8,1,wavlm_base_plus,45,seen_uar,43,UAR_percent,percentage_points,57.142857142857146,66.07142857142857,8.928571428571429,False
ads2_formal_subesco_d08_f1_wavlm_base_plus_A,subesco,8,1,wavlm_base_plus,45,unseen_uar,33,UAR_percent,percentage_points,55.357142857142854,66.07142857142857,10.714285714285714,False
ads2_formal_subesco_d08_f1_hubert_base_A,subesco,8,1,hubert_base,15,last,15,UAR_percent,percentage_points,51.785714285714285,60.714285714285715,8.928571428571429,False
ads2_formal_subesco_d08_f1_hubert_base_A,subesco,8,1,hubert_base,15,seen_ce,6,UAR_percent,percentage_points,55.357142857142854,60.714285714285715,5.357142857142857,False
ads2_formal_subesco_d08_f1_hubert_base_A,subesco,8,1,hubert_base,15,unseen_ce,3,UAR_percent,percentage_points,30.357142857142858,60.714285714285715,30.357142857142858,False
ads2_formal_subesco_d08_f1_hubert_base_A,subesco,8,1,hubert_base,15,seen_uar,15,UAR_percent,percentage_points,51.785714285714285,60.714285714285715,8.928571428571429,False
ads2_formal_subesco_d08_f1_hubert_base_A,subesco,8,1,hubert_base,15,unseen_uar,15,UAR_percent,percentage_points,51.785714285714285,60.714285714285715,8.928571428571429,False
ads2_formal_subesco_d08_f2_wavlm_base_plus_A,subesco,8,2,wavlm_base_plus,15,last,15,UAR_percent,percentage_points,42.857142857142854,50.0,7.142857142857143,False
ads2_formal_subesco_d08_f2_wavlm_base_plus_A,subesco,8,2,wavlm_base_plus,15,seen_ce,12,UAR_percent,percentage_points,46.42857142857143,50.0,3.5714285714285716,False
ads2_formal_subesco_d08_f2_wavlm_base_plus_A,subesco,8,2,wavlm_base_plus,15,unseen_ce,2,UAR_percent,percentage_points,19.642857142857142,50.0,30.357142857142858,False
ads2_formal_subesco_d08_f2_wavlm_base_plus_A,subesco,8,2,wavlm_base_plus,15,seen_uar,14,UAR_percent,percentage_points,50.0,50.0,0.0,False
ads2_formal_subesco_d08_f2_wavlm_base_plus_A,subesco,8,2,wavlm_base_plus,15,unseen_uar,15,UAR_percent,percentage_points,42.857142857142854,50.0,7.142857142857143,False
ads2_formal_subesco_d08_f2_wavlm_base_plus_A,subesco,8,2,wavlm_base_plus,45,last,45,UAR_percent,percentage_points,50.0,53.57142857142857,3.5714285714285716,False
ads2_formal_subesco_d08_f2_wavlm_base_plus_A,subesco,8,2,wavlm_base_plus,45,seen_ce,17,UAR_percent,percentage_points,50.0,53.57142857142857,3.5714285714285716,False
ads2_formal_subesco_d08_f2_wavlm_base_plus_A,subesco,8,2,wavlm_base_plus,45,unseen_ce,2,UAR_percent,percentage_points,19.642857142857142,53.57142857142857,33.92857142857143,False
ads2_formal_subesco_d08_f2_wavlm_base_plus_A,subesco,8,2,wavlm_base_plus,45,seen_uar,17,UAR_percent,percentage_points,50.0,53.57142857142857,3.5714285714285716,False
ads2_formal_subesco_d08_f2_wavlm_base_plus_A,subesco,8,2,wavlm_base_plus,45,unseen_uar,28,UAR_percent,percentage_points,41.07142857142857,53.57142857142857,12.5,False
ads2_formal_subesco_d08_f2_hubert_base_A,subesco,8,2,hubert_base,15,last,15,UAR_percent,percentage_points,39.285714285714285,41.07142857142857,1.7857142857142858,False
ads2_formal_subesco_d08_f2_hubert_base_A,subesco,8,2,hubert_base,15,seen_ce,12,UAR_percent,percentage_points,39.285714285714285,41.07142857142857,1.7857142857142858,False
ads2_formal_subesco_d08_f2_hubert_base_A,subesco,8,2,hubert_base,15,unseen_ce,2,UAR_percent,percentage_points,32.142857142857146,41.07142857142857,8.928571428571429,False
ads2_formal_subesco_d08_f2_hubert_base_A,subesco,8,2,hubert_base,15,seen_uar,13,UAR_percent,percentage_points,35.714285714285715,41.07142857142857,5.357142857142857,False
ads2_formal_subesco_d08_f2_hubert_base_A,subesco,8,2,hubert_base,15,unseen_uar,15,UAR_percent,percentage_points,39.285714285714285,41.07142857142857,1.7857142857142858,False
ads2_formal_subesco_d08_f3_wavlm_base_plus_A,subesco,8,3,wavlm_base_plus,15,last,15,UAR_percent,percentage_points,44.642857142857146,46.42857142857143,1.7857142857142858,False
ads2_formal_subesco_d08_f3_wavlm_base_plus_A,subesco,8,3,wavlm_base_plus,15,seen_ce,15,UAR_percent,percentage_points,44.642857142857146,46.42857142857143,1.7857142857142858,False
ads2_formal_subesco_d08_f3_wavlm_base_plus_A,subesco,8,3,wavlm_base_plus,15,unseen_ce,5,UAR_percent,percentage_points,39.285714285714285,46.42857142857143,7.142857142857143,False
ads2_formal_subesco_d08_f3_wavlm_base_plus_A,subesco,8,3,wavlm_base_plus,15,seen_uar,15,UAR_percent,percentage_points,44.642857142857146,46.42857142857143,1.7857142857142858,False
ads2_formal_subesco_d08_f3_wavlm_base_plus_A,subesco,8,3,wavlm_base_plus,15,unseen_uar,11,UAR_percent,percentage_points,46.42857142857143,46.42857142857143,0.0,False
ads2_formal_subesco_d08_f3_wavlm_base_plus_A,subesco,8,3,wavlm_base_plus,45,last,45,UAR_percent,percentage_points,48.214285714285715,50.0,1.7857142857142858,False
ads2_formal_subesco_d08_f3_wavlm_base_plus_A,subesco,8,3,wavlm_base_plus,45,seen_ce,15,UAR_percent,percentage_points,44.642857142857146,50.0,5.357142857142857,False
ads2_formal_subesco_d08_f3_wavlm_base_plus_A,subesco,8,3,wavlm_base_plus,45,unseen_ce,5,UAR_percent,percentage_points,39.285714285714285,50.0,10.714285714285714,False
ads2_formal_subesco_d08_f3_wavlm_base_plus_A,subesco,8,3,wavlm_base_plus,45,seen_uar,33,UAR_percent,percentage_points,41.07142857142857,50.0,8.928571428571429,False
ads2_formal_subesco_d08_f3_wavlm_base_plus_A,subesco,8,3,wavlm_base_plus,45,unseen_uar,44,UAR_percent,percentage_points,48.214285714285715,50.0,1.7857142857142858,False
ads2_formal_subesco_d08_f3_hubert_base_A,subesco,8,3,hubert_base,15,last,15,UAR_percent,percentage_points,58.92857142857143,58.92857142857143,0.0,False
ads2_formal_subesco_d08_f3_hubert_base_A,subesco,8,3,hubert_base,15,seen_ce,15,UAR_percent,percentage_points,58.92857142857143,58.92857142857143,0.0,False
ads2_formal_subesco_d08_f3_hubert_base_A,subesco,8,3,hubert_base,15,unseen_ce,5,UAR_percent,percentage_points,46.42857142857143,58.92857142857143,12.5,False
ads2_formal_subesco_d08_f3_hubert_base_A,subesco,8,3,hubert_base,15,seen_uar,15,UAR_percent,percentage_points,58.92857142857143,58.92857142857143,0.0,False
ads2_formal_subesco_d08_f3_hubert_base_A,subesco,8,3,hubert_base,15,unseen_uar,5,UAR_percent,percentage_points,46.42857142857143,58.92857142857143,12.5,False
ads2_formal_subesco_d08_f4_wavlm_base_plus_A,subesco,8,4,wavlm_base_plus,15,last,15,UAR_percent,percentage_points,48.214285714285715,48.214285714285715,0.0,False
ads2_formal_subesco_d08_f4_wavlm_base_plus_A,subesco,8,4,wavlm_base_plus,15,seen_ce,10,UAR_percent,percentage_points,35.714285714285715,48.214285714285715,12.5,False
ads2_formal_subesco_d08_f4_wavlm_base_plus_A,subesco,8,4,wavlm_base_plus,15,unseen_ce,7,UAR_percent,percentage_points,35.714285714285715,48.214285714285715,12.5,False
ads2_formal_subesco_d08_f4_wavlm_base_plus_A,subesco,8,4,wavlm_base_plus,15,seen_uar,15,UAR_percent,percentage_points,48.214285714285715,48.214285714285715,0.0,False
ads2_formal_subesco_d08_f4_wavlm_base_plus_A,subesco,8,4,wavlm_base_plus,15,unseen_uar,12,UAR_percent,percentage_points,44.642857142857146,48.214285714285715,3.5714285714285716,False
ads2_formal_subesco_d08_f4_wavlm_base_plus_A,subesco,8,4,wavlm_base_plus,45,last,45,UAR_percent,percentage_points,46.42857142857143,48.214285714285715,1.7857142857142858,False
ads2_formal_subesco_d08_f4_wavlm_base_plus_A,subesco,8,4,wavlm_base_plus,45,seen_ce,10,UAR_percent,percentage_points,35.714285714285715,48.214285714285715,12.5,False
ads2_formal_subesco_d08_f4_wavlm_base_plus_A,subesco,8,4,wavlm_base_plus,45,unseen_ce,7,UAR_percent,percentage_points,35.714285714285715,48.214285714285715,12.5,False
ads2_formal_subesco_d08_f4_wavlm_base_plus_A,subesco,8,4,wavlm_base_plus,45,seen_uar,33,UAR_percent,percentage_points,44.642857142857146,48.214285714285715,3.5714285714285716,False
ads2_formal_subesco_d08_f4_wavlm_base_plus_A,subesco,8,4,wavlm_base_plus,45,unseen_uar,30,UAR_percent,percentage_points,44.642857142857146,48.214285714285715,3.5714285714285716,False
ads2_formal_subesco_d08_f4_hubert_base_A,subesco,8,4,hubert_base,15,last,15,UAR_percent,percentage_points,42.857142857142854,46.42857142857143,3.5714285714285716,False
ads2_formal_subesco_d08_f4_hubert_base_A,subesco,8,4,hubert_base,15,seen_ce,9,UAR_percent,percentage_points,46.42857142857143,46.42857142857143,0.0,False
ads2_formal_subesco_d08_f4_hubert_base_A,subesco,8,4,hubert_base,15,unseen_ce,7,UAR_percent,percentage_points,33.92857142857143,46.42857142857143,12.5,False
ads2_formal_subesco_d08_f4_hubert_base_A,subesco,8,4,hubert_base,15,seen_uar,13,UAR_percent,percentage_points,33.92857142857143,46.42857142857143,12.5,False
ads2_formal_subesco_d08_f4_hubert_base_A,subesco,8,4,hubert_base,15,unseen_uar,15,UAR_percent,percentage_points,42.857142857142854,46.42857142857143,3.5714285714285716,False
ads2_formal_subesco_d09_f0_wavlm_base_plus_A,subesco,9,0,wavlm_base_plus,15,last,15,UAR_percent,percentage_points,58.92857142857143,62.5,3.5714285714285716,False
ads2_formal_subesco_d09_f0_wavlm_base_plus_A,subesco,9,0,wavlm_base_plus,15,seen_ce,10,UAR_percent,percentage_points,62.5,62.5,0.0,False
ads2_formal_subesco_d09_f0_wavlm_base_plus_A,subesco,9,0,wavlm_base_plus,15,unseen_ce,10,UAR_percent,percentage_points,62.5,62.5,0.0,False
ads2_formal_subesco_d09_f0_wavlm_base_plus_A,subesco,9,0,wavlm_base_plus,15,seen_uar,15,UAR_percent,percentage_points,58.92857142857143,62.5,3.5714285714285716,False
ads2_formal_subesco_d09_f0_wavlm_base_plus_A,subesco,9,0,wavlm_base_plus,15,unseen_uar,10,UAR_percent,percentage_points,62.5,62.5,0.0,False
ads2_formal_subesco_d09_f0_wavlm_base_plus_A,subesco,9,0,wavlm_base_plus,45,last,45,UAR_percent,percentage_points,62.5,66.07142857142857,3.5714285714285716,False
ads2_formal_subesco_d09_f0_wavlm_base_plus_A,subesco,9,0,wavlm_base_plus,45,seen_ce,10,UAR_percent,percentage_points,62.5,66.07142857142857,3.5714285714285716,False
ads2_formal_subesco_d09_f0_wavlm_base_plus_A,subesco,9,0,wavlm_base_plus,45,unseen_ce,10,UAR_percent,percentage_points,62.5,66.07142857142857,3.5714285714285716,False
ads2_formal_subesco_d09_f0_wavlm_base_plus_A,subesco,9,0,wavlm_base_plus,45,seen_uar,20,UAR_percent,percentage_points,58.92857142857143,66.07142857142857,7.142857142857143,False
ads2_formal_subesco_d09_f0_wavlm_base_plus_A,subesco,9,0,wavlm_base_plus,45,unseen_uar,33,UAR_percent,percentage_points,62.5,66.07142857142857,3.5714285714285716,False
ads2_formal_subesco_d09_f0_hubert_base_A,subesco,9,0,hubert_base,15,last,15,UAR_percent,percentage_points,53.57142857142857,60.714285714285715,7.142857142857143,False
ads2_formal_subesco_d09_f0_hubert_base_A,subesco,9,0,hubert_base,15,seen_ce,9,UAR_percent,percentage_points,60.714285714285715,60.714285714285715,0.0,False
ads2_formal_subesco_d09_f0_hubert_base_A,subesco,9,0,hubert_base,15,unseen_ce,4,UAR_percent,percentage_points,37.5,60.714285714285715,23.214285714285715,False
ads2_formal_subesco_d09_f0_hubert_base_A,subesco,9,0,hubert_base,15,seen_uar,13,UAR_percent,percentage_points,57.142857142857146,60.714285714285715,3.5714285714285716,False
ads2_formal_subesco_d09_f0_hubert_base_A,subesco,9,0,hubert_base,15,unseen_uar,13,UAR_percent,percentage_points,57.142857142857146,60.714285714285715,3.5714285714285716,False
ads2_formal_subesco_d09_f1_wavlm_base_plus_A,subesco,9,1,wavlm_base_plus,15,last,15,UAR_percent,percentage_points,41.07142857142857,48.214285714285715,7.142857142857143,False
ads2_formal_subesco_d09_f1_wavlm_base_plus_A,subesco,9,1,wavlm_base_plus,15,seen_ce,8,UAR_percent,percentage_points,48.214285714285715,48.214285714285715,0.0,False
ads2_formal_subesco_d09_f1_wavlm_base_plus_A,subesco,9,1,wavlm_base_plus,15,unseen_ce,8,UAR_percent,percentage_points,48.214285714285715,48.214285714285715,0.0,False
ads2_formal_subesco_d09_f1_wavlm_base_plus_A,subesco,9,1,wavlm_base_plus,15,seen_uar,11,UAR_percent,percentage_points,46.42857142857143,48.214285714285715,1.7857142857142858,False
ads2_formal_subesco_d09_f1_wavlm_base_plus_A,subesco,9,1,wavlm_base_plus,15,unseen_uar,11,UAR_percent,percentage_points,46.42857142857143,48.214285714285715,1.7857142857142858,False
ads2_formal_subesco_d09_f1_wavlm_base_plus_A,subesco,9,1,wavlm_base_plus,45,last,45,UAR_percent,percentage_points,37.5,48.214285714285715,10.714285714285714,False
ads2_formal_subesco_d09_f1_wavlm_base_plus_A,subesco,9,1,wavlm_base_plus,45,seen_ce,8,UAR_percent,percentage_points,48.214285714285715,48.214285714285715,0.0,False
ads2_formal_subesco_d09_f1_wavlm_base_plus_A,subesco,9,1,wavlm_base_plus,45,unseen_ce,8,UAR_percent,percentage_points,48.214285714285715,48.214285714285715,0.0,False
ads2_formal_subesco_d09_f1_wavlm_base_plus_A,subesco,9,1,wavlm_base_plus,45,seen_uar,22,UAR_percent,percentage_points,42.857142857142854,48.214285714285715,5.357142857142857,False
ads2_formal_subesco_d09_f1_wavlm_base_plus_A,subesco,9,1,wavlm_base_plus,45,unseen_uar,19,UAR_percent,percentage_points,41.07142857142857,48.214285714285715,7.142857142857143,False
ads2_formal_subesco_d09_f1_hubert_base_A,subesco,9,1,hubert_base,15,last,15,UAR_percent,percentage_points,51.785714285714285,51.785714285714285,0.0,False
ads2_formal_subesco_d09_f1_hubert_base_A,subesco,9,1,hubert_base,15,seen_ce,8,UAR_percent,percentage_points,51.785714285714285,51.785714285714285,0.0,False
ads2_formal_subesco_d09_f1_hubert_base_A,subesco,9,1,hubert_base,15,unseen_ce,8,UAR_percent,percentage_points,51.785714285714285,51.785714285714285,0.0,False
ads2_formal_subesco_d09_f1_hubert_base_A,subesco,9,1,hubert_base,15,seen_uar,11,UAR_percent,percentage_points,48.214285714285715,51.785714285714285,3.5714285714285716,False
ads2_formal_subesco_d09_f1_hubert_base_A,subesco,9,1,hubert_base,15,unseen_uar,15,UAR_percent,percentage_points,51.785714285714285,51.785714285714285,0.0,False
ads2_formal_subesco_d09_f2_wavlm_base_plus_A,subesco,9,2,wavlm_base_plus,15,last,15,UAR_percent,percentage_points,37.5,42.857142857142854,5.357142857142857,False
ads2_formal_subesco_d09_f2_wavlm_base_plus_A,subesco,9,2,wavlm_base_plus,15,seen_ce,11,UAR_percent,percentage_points,41.07142857142857,42.857142857142854,1.7857142857142858,False
ads2_formal_subesco_d09_f2_wavlm_base_plus_A,subesco,9,2,wavlm_base_plus,15,unseen_ce,8,UAR_percent,percentage_points,39.285714285714285,42.857142857142854,3.5714285714285716,False
ads2_formal_subesco_d09_f2_wavlm_base_plus_A,subesco,9,2,wavlm_base_plus,15,seen_uar,11,UAR_percent,percentage_points,41.07142857142857,42.857142857142854,1.7857142857142858,False
ads2_formal_subesco_d09_f2_wavlm_base_plus_A,subesco,9,2,wavlm_base_plus,15,unseen_uar,8,UAR_percent,percentage_points,39.285714285714285,42.857142857142854,3.5714285714285716,False
ads2_formal_subesco_d09_f2_wavlm_base_plus_A,subesco,9,2,wavlm_base_plus,45,last,45,UAR_percent,percentage_points,41.07142857142857,46.42857142857143,5.357142857142857,False
ads2_formal_subesco_d09_f2_wavlm_base_plus_A,subesco,9,2,wavlm_base_plus,45,seen_ce,11,UAR_percent,percentage_points,41.07142857142857,46.42857142857143,5.357142857142857,False
ads2_formal_subesco_d09_f2_wavlm_base_plus_A,subesco,9,2,wavlm_base_plus,45,unseen_ce,8,UAR_percent,percentage_points,39.285714285714285,46.42857142857143,7.142857142857143,False
ads2_formal_subesco_d09_f2_wavlm_base_plus_A,subesco,9,2,wavlm_base_plus,45,seen_uar,11,UAR_percent,percentage_points,41.07142857142857,46.42857142857143,5.357142857142857,False
ads2_formal_subesco_d09_f2_wavlm_base_plus_A,subesco,9,2,wavlm_base_plus,45,unseen_uar,37,UAR_percent,percentage_points,42.857142857142854,46.42857142857143,3.5714285714285716,False
ads2_formal_subesco_d09_f2_hubert_base_A,subesco,9,2,hubert_base,15,last,15,UAR_percent,percentage_points,46.42857142857143,46.42857142857143,0.0,False
ads2_formal_subesco_d09_f2_hubert_base_A,subesco,9,2,hubert_base,15,seen_ce,7,UAR_percent,percentage_points,35.714285714285715,46.42857142857143,10.714285714285714,False
ads2_formal_subesco_d09_f2_hubert_base_A,subesco,9,2,hubert_base,15,unseen_ce,4,UAR_percent,percentage_points,37.5,46.42857142857143,8.928571428571429,False
ads2_formal_subesco_d09_f2_hubert_base_A,subesco,9,2,hubert_base,15,seen_uar,10,UAR_percent,percentage_points,44.642857142857146,46.42857142857143,1.7857142857142858,False
ads2_formal_subesco_d09_f2_hubert_base_A,subesco,9,2,hubert_base,15,unseen_uar,15,UAR_percent,percentage_points,46.42857142857143,46.42857142857143,0.0,False
ads2_formal_subesco_d09_f3_wavlm_base_plus_A,subesco,9,3,wavlm_base_plus,15,last,15,UAR_percent,percentage_points,58.92857142857143,60.714285714285715,1.7857142857142858,False
ads2_formal_subesco_d09_f3_wavlm_base_plus_A,subesco,9,3,wavlm_base_plus,15,seen_ce,12,UAR_percent,percentage_points,55.357142857142854,60.714285714285715,5.357142857142857,False
ads2_formal_subesco_d09_f3_wavlm_base_plus_A,subesco,9,3,wavlm_base_plus,15,unseen_ce,12,UAR_percent,percentage_points,55.357142857142854,60.714285714285715,5.357142857142857,False
ads2_formal_subesco_d09_f3_wavlm_base_plus_A,subesco,9,3,wavlm_base_plus,15,seen_uar,12,UAR_percent,percentage_points,55.357142857142854,60.714285714285715,5.357142857142857,False
ads2_formal_subesco_d09_f3_wavlm_base_plus_A,subesco,9,3,wavlm_base_plus,15,unseen_uar,14,UAR_percent,percentage_points,51.785714285714285,60.714285714285715,8.928571428571429,False
ads2_formal_subesco_d09_f3_wavlm_base_plus_A,subesco,9,3,wavlm_base_plus,45,last,45,UAR_percent,percentage_points,57.142857142857146,64.28571428571429,7.142857142857143,False
ads2_formal_subesco_d09_f3_wavlm_base_plus_A,subesco,9,3,wavlm_base_plus,45,seen_ce,12,UAR_percent,percentage_points,55.357142857142854,64.28571428571429,8.928571428571429,False
ads2_formal_subesco_d09_f3_wavlm_base_plus_A,subesco,9,3,wavlm_base_plus,45,unseen_ce,12,UAR_percent,percentage_points,55.357142857142854,64.28571428571429,8.928571428571429,False
ads2_formal_subesco_d09_f3_wavlm_base_plus_A,subesco,9,3,wavlm_base_plus,45,seen_uar,28,UAR_percent,percentage_points,62.5,64.28571428571429,1.7857142857142858,False
ads2_formal_subesco_d09_f3_wavlm_base_plus_A,subesco,9,3,wavlm_base_plus,45,unseen_uar,14,UAR_percent,percentage_points,51.785714285714285,64.28571428571429,12.5,False
ads2_formal_subesco_d09_f3_hubert_base_A,subesco,9,3,hubert_base,15,last,15,UAR_percent,percentage_points,50.0,64.28571428571429,14.285714285714286,False
ads2_formal_subesco_d09_f3_hubert_base_A,subesco,9,3,hubert_base,15,seen_ce,11,UAR_percent,percentage_points,44.642857142857146,64.28571428571429,19.642857142857142,False
ads2_formal_subesco_d09_f3_hubert_base_A,subesco,9,3,hubert_base,15,unseen_ce,4,UAR_percent,percentage_points,41.07142857142857,64.28571428571429,23.214285714285715,False
ads2_formal_subesco_d09_f3_hubert_base_A,subesco,9,3,hubert_base,15,seen_uar,14,UAR_percent,percentage_points,60.714285714285715,64.28571428571429,3.5714285714285716,False
ads2_formal_subesco_d09_f3_hubert_base_A,subesco,9,3,hubert_base,15,unseen_uar,9,UAR_percent,percentage_points,53.57142857142857,64.28571428571429,10.714285714285714,False
ads2_formal_subesco_d09_f4_wavlm_base_plus_A,subesco,9,4,wavlm_base_plus,15,last,15,UAR_percent,percentage_points,35.714285714285715,42.857142857142854,7.142857142857143,False
ads2_formal_subesco_d09_f4_wavlm_base_plus_A,subesco,9,4,wavlm_base_plus,15,seen_ce,10,UAR_percent,percentage_points,39.285714285714285,42.857142857142854,3.5714285714285716,False
ads2_formal_subesco_d09_f4_wavlm_base_plus_A,subesco,9,4,wavlm_base_plus,15,unseen_ce,11,UAR_percent,percentage_points,42.857142857142854,42.857142857142854,0.0,False
ads2_formal_subesco_d09_f4_wavlm_base_plus_A,subesco,9,4,wavlm_base_plus,15,seen_uar,14,UAR_percent,percentage_points,37.5,42.857142857142854,5.357142857142857,False
ads2_formal_subesco_d09_f4_wavlm_base_plus_A,subesco,9,4,wavlm_base_plus,15,unseen_uar,15,UAR_percent,percentage_points,35.714285714285715,42.857142857142854,7.142857142857143,False
ads2_formal_subesco_d09_f4_wavlm_base_plus_A,subesco,9,4,wavlm_base_plus,45,last,45,UAR_percent,percentage_points,39.285714285714285,42.857142857142854,3.5714285714285716,False
ads2_formal_subesco_d09_f4_wavlm_base_plus_A,subesco,9,4,wavlm_base_plus,45,seen_ce,10,UAR_percent,percentage_points,39.285714285714285,42.857142857142854,3.5714285714285716,False
ads2_formal_subesco_d09_f4_wavlm_base_plus_A,subesco,9,4,wavlm_base_plus,45,unseen_ce,11,UAR_percent,percentage_points,42.857142857142854,42.857142857142854,0.0,False
ads2_formal_subesco_d09_f4_wavlm_base_plus_A,subesco,9,4,wavlm_base_plus,45,seen_uar,23,UAR_percent,percentage_points,35.714285714285715,42.857142857142854,7.142857142857143,False
ads2_formal_subesco_d09_f4_wavlm_base_plus_A,subesco,9,4,wavlm_base_plus,45,unseen_uar,43,UAR_percent,percentage_points,39.285714285714285,42.857142857142854,3.5714285714285716,False
ads2_formal_subesco_d09_f4_hubert_base_A,subesco,9,4,hubert_base,15,last,15,UAR_percent,percentage_points,44.642857142857146,48.214285714285715,3.5714285714285716,False
ads2_formal_subesco_d09_f4_hubert_base_A,subesco,9,4,hubert_base,15,seen_ce,13,UAR_percent,percentage_points,41.07142857142857,48.214285714285715,7.142857142857143,False
ads2_formal_subesco_d09_f4_hubert_base_A,subesco,9,4,hubert_base,15,unseen_ce,5,UAR_percent,percentage_points,48.214285714285715,48.214285714285715,0.0,False
ads2_formal_subesco_d09_f4_hubert_base_A,subesco,9,4,hubert_base,15,seen_uar,13,UAR_percent,percentage_points,41.07142857142857,48.214285714285715,7.142857142857143,False
ads2_formal_subesco_d09_f4_hubert_base_A,subesco,9,4,hubert_base,15,unseen_uar,14,UAR_percent,percentage_points,48.214285714285715,48.214285714285715,0.0,False
ads2_formal_subesco_d10_f0_wavlm_base_plus_A,subesco,10,0,wavlm_base_plus,15,last,15,UAR_percent,percentage_points,51.785714285714285,53.57142857142857,1.7857142857142858,False
ads2_formal_subesco_d10_f0_wavlm_base_plus_A,subesco,10,0,wavlm_base_plus,15,seen_ce,13,UAR_percent,percentage_points,46.42857142857143,53.57142857142857,7.142857142857143,False
ads2_formal_subesco_d10_f0_wavlm_base_plus_A,subesco,10,0,wavlm_base_plus,15,unseen_ce,10,UAR_percent,percentage_points,48.214285714285715,53.57142857142857,5.357142857142857,False
ads2_formal_subesco_d10_f0_wavlm_base_plus_A,subesco,10,0,wavlm_base_plus,15,seen_uar,13,UAR_percent,percentage_points,46.42857142857143,53.57142857142857,7.142857142857143,False
ads2_formal_subesco_d10_f0_wavlm_base_plus_A,subesco,10,0,wavlm_base_plus,15,unseen_uar,13,UAR_percent,percentage_points,46.42857142857143,53.57142857142857,7.142857142857143,False
ads2_formal_subesco_d10_f0_wavlm_base_plus_A,subesco,10,0,wavlm_base_plus,45,last,45,UAR_percent,percentage_points,53.57142857142857,58.92857142857143,5.357142857142857,False
ads2_formal_subesco_d10_f0_wavlm_base_plus_A,subesco,10,0,wavlm_base_plus,45,seen_ce,13,UAR_percent,percentage_points,46.42857142857143,58.92857142857143,12.5,False
ads2_formal_subesco_d10_f0_wavlm_base_plus_A,subesco,10,0,wavlm_base_plus,45,unseen_ce,10,UAR_percent,percentage_points,48.214285714285715,58.92857142857143,10.714285714285714,False
ads2_formal_subesco_d10_f0_wavlm_base_plus_A,subesco,10,0,wavlm_base_plus,45,seen_uar,27,UAR_percent,percentage_points,57.142857142857146,58.92857142857143,1.7857142857142858,False
ads2_formal_subesco_d10_f0_wavlm_base_plus_A,subesco,10,0,wavlm_base_plus,45,unseen_uar,19,UAR_percent,percentage_points,50.0,58.92857142857143,8.928571428571429,False
ads2_formal_subesco_d10_f0_hubert_base_A,subesco,10,0,hubert_base,15,last,15,UAR_percent,percentage_points,51.785714285714285,51.785714285714285,0.0,False
ads2_formal_subesco_d10_f0_hubert_base_A,subesco,10,0,hubert_base,15,seen_ce,7,UAR_percent,percentage_points,39.285714285714285,51.785714285714285,12.5,False
ads2_formal_subesco_d10_f0_hubert_base_A,subesco,10,0,hubert_base,15,unseen_ce,7,UAR_percent,percentage_points,39.285714285714285,51.785714285714285,12.5,False
ads2_formal_subesco_d10_f0_hubert_base_A,subesco,10,0,hubert_base,15,seen_uar,10,UAR_percent,percentage_points,50.0,51.785714285714285,1.7857142857142858,False
ads2_formal_subesco_d10_f0_hubert_base_A,subesco,10,0,hubert_base,15,unseen_uar,15,UAR_percent,percentage_points,51.785714285714285,51.785714285714285,0.0,False
ads2_formal_subesco_d10_f1_wavlm_base_plus_A,subesco,10,1,wavlm_base_plus,15,last,15,UAR_percent,percentage_points,44.642857142857146,50.0,5.357142857142857,False
ads2_formal_subesco_d10_f1_wavlm_base_plus_A,subesco,10,1,wavlm_base_plus,15,seen_ce,9,UAR_percent,percentage_points,42.857142857142854,50.0,7.142857142857143,False
ads2_formal_subesco_d10_f1_wavlm_base_plus_A,subesco,10,1,wavlm_base_plus,15,unseen_ce,7,UAR_percent,percentage_points,41.07142857142857,50.0,8.928571428571429,False
ads2_formal_subesco_d10_f1_wavlm_base_plus_A,subesco,10,1,wavlm_base_plus,15,seen_uar,9,UAR_percent,percentage_points,42.857142857142854,50.0,7.142857142857143,False
ads2_formal_subesco_d10_f1_wavlm_base_plus_A,subesco,10,1,wavlm_base_plus,15,unseen_uar,14,UAR_percent,percentage_points,50.0,50.0,0.0,False
ads2_formal_subesco_d10_f1_wavlm_base_plus_A,subesco,10,1,wavlm_base_plus,45,last,45,UAR_percent,percentage_points,41.07142857142857,50.0,8.928571428571429,False
ads2_formal_subesco_d10_f1_wavlm_base_plus_A,subesco,10,1,wavlm_base_plus,45,seen_ce,9,UAR_percent,percentage_points,42.857142857142854,50.0,7.142857142857143,False
ads2_formal_subesco_d10_f1_wavlm_base_plus_A,subesco,10,1,wavlm_base_plus,45,unseen_ce,7,UAR_percent,percentage_points,41.07142857142857,50.0,8.928571428571429,False
ads2_formal_subesco_d10_f1_wavlm_base_plus_A,subesco,10,1,wavlm_base_plus,45,seen_uar,19,UAR_percent,percentage_points,44.642857142857146,50.0,5.357142857142857,False
ads2_formal_subesco_d10_f1_wavlm_base_plus_A,subesco,10,1,wavlm_base_plus,45,unseen_uar,20,UAR_percent,percentage_points,44.642857142857146,50.0,5.357142857142857,False
ads2_formal_subesco_d10_f1_hubert_base_A,subesco,10,1,hubert_base,15,last,15,UAR_percent,percentage_points,51.785714285714285,53.57142857142857,1.7857142857142858,False
ads2_formal_subesco_d10_f1_hubert_base_A,subesco,10,1,hubert_base,15,seen_ce,11,UAR_percent,percentage_points,51.785714285714285,53.57142857142857,1.7857142857142858,False
ads2_formal_subesco_d10_f1_hubert_base_A,subesco,10,1,hubert_base,15,unseen_ce,9,UAR_percent,percentage_points,46.42857142857143,53.57142857142857,7.142857142857143,False
ads2_formal_subesco_d10_f1_hubert_base_A,subesco,10,1,hubert_base,15,seen_uar,11,UAR_percent,percentage_points,51.785714285714285,53.57142857142857,1.7857142857142858,False
ads2_formal_subesco_d10_f1_hubert_base_A,subesco,10,1,hubert_base,15,unseen_uar,12,UAR_percent,percentage_points,53.57142857142857,53.57142857142857,0.0,False
ads2_formal_subesco_d10_f2_wavlm_base_plus_A,subesco,10,2,wavlm_base_plus,15,last,15,UAR_percent,percentage_points,55.357142857142854,60.714285714285715,5.357142857142857,False
ads2_formal_subesco_d10_f2_wavlm_base_plus_A,subesco,10,2,wavlm_base_plus,15,seen_ce,6,UAR_percent,percentage_points,53.57142857142857,60.714285714285715,7.142857142857143,False
ads2_formal_subesco_d10_f2_wavlm_base_plus_A,subesco,10,2,wavlm_base_plus,15,unseen_ce,6,UAR_percent,percentage_points,53.57142857142857,60.714285714285715,7.142857142857143,False
ads2_formal_subesco_d10_f2_wavlm_base_plus_A,subesco,10,2,wavlm_base_plus,15,seen_uar,15,UAR_percent,percentage_points,55.357142857142854,60.714285714285715,5.357142857142857,False
ads2_formal_subesco_d10_f2_wavlm_base_plus_A,subesco,10,2,wavlm_base_plus,15,unseen_uar,15,UAR_percent,percentage_points,55.357142857142854,60.714285714285715,5.357142857142857,False
ads2_formal_subesco_d10_f2_wavlm_base_plus_A,subesco,10,2,wavlm_base_plus,45,last,45,UAR_percent,percentage_points,58.92857142857143,64.28571428571429,5.357142857142857,False
ads2_formal_subesco_d10_f2_wavlm_base_plus_A,subesco,10,2,wavlm_base_plus,45,seen_ce,6,UAR_percent,percentage_points,53.57142857142857,64.28571428571429,10.714285714285714,False
ads2_formal_subesco_d10_f2_wavlm_base_plus_A,subesco,10,2,wavlm_base_plus,45,unseen_ce,6,UAR_percent,percentage_points,53.57142857142857,64.28571428571429,10.714285714285714,False
ads2_formal_subesco_d10_f2_wavlm_base_plus_A,subesco,10,2,wavlm_base_plus,45,seen_uar,38,UAR_percent,percentage_points,58.92857142857143,64.28571428571429,5.357142857142857,False
ads2_formal_subesco_d10_f2_wavlm_base_plus_A,subesco,10,2,wavlm_base_plus,45,unseen_uar,39,UAR_percent,percentage_points,57.142857142857146,64.28571428571429,7.142857142857143,False
ads2_formal_subesco_d10_f2_hubert_base_A,subesco,10,2,hubert_base,15,last,15,UAR_percent,percentage_points,39.285714285714285,50.0,10.714285714285714,False
ads2_formal_subesco_d10_f2_hubert_base_A,subesco,10,2,hubert_base,15,seen_ce,6,UAR_percent,percentage_points,44.642857142857146,50.0,5.357142857142857,False
ads2_formal_subesco_d10_f2_hubert_base_A,subesco,10,2,hubert_base,15,unseen_ce,5,UAR_percent,percentage_points,35.714285714285715,50.0,14.285714285714286,False
ads2_formal_subesco_d10_f2_hubert_base_A,subesco,10,2,hubert_base,15,seen_uar,11,UAR_percent,percentage_points,46.42857142857143,50.0,3.5714285714285716,False
ads2_formal_subesco_d10_f2_hubert_base_A,subesco,10,2,hubert_base,15,unseen_uar,13,UAR_percent,percentage_points,46.42857142857143,50.0,3.5714285714285716,False
ads2_formal_subesco_d10_f3_wavlm_base_plus_A,subesco,10,3,wavlm_base_plus,15,last,15,UAR_percent,percentage_points,37.5,50.0,12.5,False
ads2_formal_subesco_d10_f3_wavlm_base_plus_A,subesco,10,3,wavlm_base_plus,15,seen_ce,13,UAR_percent,percentage_points,46.42857142857143,50.0,3.5714285714285716,False
ads2_formal_subesco_d10_f3_wavlm_base_plus_A,subesco,10,3,wavlm_base_plus,15,unseen_ce,13,UAR_percent,percentage_points,46.42857142857143,50.0,3.5714285714285716,False
ads2_formal_subesco_d10_f3_wavlm_base_plus_A,subesco,10,3,wavlm_base_plus,15,seen_uar,13,UAR_percent,percentage_points,46.42857142857143,50.0,3.5714285714285716,False
ads2_formal_subesco_d10_f3_wavlm_base_plus_A,subesco,10,3,wavlm_base_plus,15,unseen_uar,15,UAR_percent,percentage_points,37.5,50.0,12.5,False
ads2_formal_subesco_d10_f3_wavlm_base_plus_A,subesco,10,3,wavlm_base_plus,45,last,45,UAR_percent,percentage_points,44.642857142857146,50.0,5.357142857142857,False
ads2_formal_subesco_d10_f3_wavlm_base_plus_A,subesco,10,3,wavlm_base_plus,45,seen_ce,13,UAR_percent,percentage_points,46.42857142857143,50.0,3.5714285714285716,False
ads2_formal_subesco_d10_f3_wavlm_base_plus_A,subesco,10,3,wavlm_base_plus,45,unseen_ce,13,UAR_percent,percentage_points,46.42857142857143,50.0,3.5714285714285716,False
ads2_formal_subesco_d10_f3_wavlm_base_plus_A,subesco,10,3,wavlm_base_plus,45,seen_uar,13,UAR_percent,percentage_points,46.42857142857143,50.0,3.5714285714285716,False
ads2_formal_subesco_d10_f3_wavlm_base_plus_A,subesco,10,3,wavlm_base_plus,45,unseen_uar,17,UAR_percent,percentage_points,41.07142857142857,50.0,8.928571428571429,False
ads2_formal_subesco_d10_f3_hubert_base_A,subesco,10,3,hubert_base,15,last,15,UAR_percent,percentage_points,46.42857142857143,51.785714285714285,5.357142857142857,False
ads2_formal_subesco_d10_f3_hubert_base_A,subesco,10,3,hubert_base,15,seen_ce,9,UAR_percent,percentage_points,51.785714285714285,51.785714285714285,0.0,False
ads2_formal_subesco_d10_f3_hubert_base_A,subesco,10,3,hubert_base,15,unseen_ce,8,UAR_percent,percentage_points,46.42857142857143,51.785714285714285,5.357142857142857,False
ads2_formal_subesco_d10_f3_hubert_base_A,subesco,10,3,hubert_base,15,seen_uar,15,UAR_percent,percentage_points,46.42857142857143,51.785714285714285,5.357142857142857,False
ads2_formal_subesco_d10_f3_hubert_base_A,subesco,10,3,hubert_base,15,unseen_uar,15,UAR_percent,percentage_points,46.42857142857143,51.785714285714285,5.357142857142857,False
ads2_formal_subesco_d10_f4_wavlm_base_plus_A,subesco,10,4,wavlm_base_plus,15,last,15,UAR_percent,percentage_points,41.07142857142857,48.214285714285715,7.142857142857143,False
ads2_formal_subesco_d10_f4_wavlm_base_plus_A,subesco,10,4,wavlm_base_plus,15,seen_ce,13,UAR_percent,percentage_points,48.214285714285715,48.214285714285715,0.0,False
ads2_formal_subesco_d10_f4_wavlm_base_plus_A,subesco,10,4,wavlm_base_plus,15,unseen_ce,7,UAR_percent,percentage_points,42.857142857142854,48.214285714285715,5.357142857142857,False
ads2_formal_subesco_d10_f4_wavlm_base_plus_A,subesco,10,4,wavlm_base_plus,15,seen_uar,13,UAR_percent,percentage_points,48.214285714285715,48.214285714285715,0.0,False
ads2_formal_subesco_d10_f4_wavlm_base_plus_A,subesco,10,4,wavlm_base_plus,15,unseen_uar,7,UAR_percent,percentage_points,42.857142857142854,48.214285714285715,5.357142857142857,False
ads2_formal_subesco_d10_f4_wavlm_base_plus_A,subesco,10,4,wavlm_base_plus,45,last,45,UAR_percent,percentage_points,46.42857142857143,48.214285714285715,1.7857142857142858,False
ads2_formal_subesco_d10_f4_wavlm_base_plus_A,subesco,10,4,wavlm_base_plus,45,seen_ce,13,UAR_percent,percentage_points,48.214285714285715,48.214285714285715,0.0,False
ads2_formal_subesco_d10_f4_wavlm_base_plus_A,subesco,10,4,wavlm_base_plus,45,unseen_ce,7,UAR_percent,percentage_points,42.857142857142854,48.214285714285715,5.357142857142857,False
ads2_formal_subesco_d10_f4_wavlm_base_plus_A,subesco,10,4,wavlm_base_plus,45,seen_uar,13,UAR_percent,percentage_points,48.214285714285715,48.214285714285715,0.0,False
ads2_formal_subesco_d10_f4_wavlm_base_plus_A,subesco,10,4,wavlm_base_plus,45,unseen_uar,30,UAR_percent,percentage_points,44.642857142857146,48.214285714285715,3.5714285714285716,False
ads2_formal_subesco_d10_f4_hubert_base_A,subesco,10,4,hubert_base,15,last,15,UAR_percent,percentage_points,42.857142857142854,50.0,7.142857142857143,False
ads2_formal_subesco_d10_f4_hubert_base_A,subesco,10,4,hubert_base,15,seen_ce,7,UAR_percent,percentage_points,44.642857142857146,50.0,5.357142857142857,False
ads2_formal_subesco_d10_f4_hubert_base_A,subesco,10,4,hubert_base,15,unseen_ce,7,UAR_percent,percentage_points,44.642857142857146,50.0,5.357142857142857,False
ads2_formal_subesco_d10_f4_hubert_base_A,subesco,10,4,hubert_base,15,seen_uar,13,UAR_percent,percentage_points,41.07142857142857,50.0,8.928571428571429,False
ads2_formal_subesco_d10_f4_hubert_base_A,subesco,10,4,hubert_base,15,unseen_uar,7,UAR_percent,percentage_points,44.642857142857146,50.0,5.357142857142857,False
ads2_formal_subesco_d11_f0_wavlm_base_plus_A,subesco,11,0,wavlm_base_plus,15,last,15,UAR_percent,percentage_points,53.57142857142857,53.57142857142857,0.0,False
ads2_formal_subesco_d11_f0_wavlm_base_plus_A,subesco,11,0,wavlm_base_plus,15,seen_ce,13,UAR_percent,percentage_points,51.785714285714285,53.57142857142857,1.7857142857142858,False
ads2_formal_subesco_d11_f0_wavlm_base_plus_A,subesco,11,0,wavlm_base_plus,15,unseen_ce,9,UAR_percent,percentage_points,50.0,53.57142857142857,3.5714285714285716,False
ads2_formal_subesco_d11_f0_wavlm_base_plus_A,subesco,11,0,wavlm_base_plus,15,seen_uar,15,UAR_percent,percentage_points,53.57142857142857,53.57142857142857,0.0,False
ads2_formal_subesco_d11_f0_wavlm_base_plus_A,subesco,11,0,wavlm_base_plus,15,unseen_uar,13,UAR_percent,percentage_points,51.785714285714285,53.57142857142857,1.7857142857142858,False
ads2_formal_subesco_d11_f0_wavlm_base_plus_A,subesco,11,0,wavlm_base_plus,45,last,45,UAR_percent,percentage_points,51.785714285714285,55.357142857142854,3.5714285714285716,False
ads2_formal_subesco_d11_f0_wavlm_base_plus_A,subesco,11,0,wavlm_base_plus,45,seen_ce,13,UAR_percent,percentage_points,51.785714285714285,55.357142857142854,3.5714285714285716,False
ads2_formal_subesco_d11_f0_wavlm_base_plus_A,subesco,11,0,wavlm_base_plus,45,unseen_ce,9,UAR_percent,percentage_points,50.0,55.357142857142854,5.357142857142857,False
ads2_formal_subesco_d11_f0_wavlm_base_plus_A,subesco,11,0,wavlm_base_plus,45,seen_uar,25,UAR_percent,percentage_points,48.214285714285715,55.357142857142854,7.142857142857143,False
ads2_formal_subesco_d11_f0_wavlm_base_plus_A,subesco,11,0,wavlm_base_plus,45,unseen_uar,19,UAR_percent,percentage_points,50.0,55.357142857142854,5.357142857142857,False
ads2_formal_subesco_d11_f0_hubert_base_A,subesco,11,0,hubert_base,15,last,15,UAR_percent,percentage_points,46.42857142857143,53.57142857142857,7.142857142857143,False
ads2_formal_subesco_d11_f0_hubert_base_A,subesco,11,0,hubert_base,15,seen_ce,10,UAR_percent,percentage_points,50.0,53.57142857142857,3.5714285714285716,False
ads2_formal_subesco_d11_f0_hubert_base_A,subesco,11,0,hubert_base,15,unseen_ce,4,UAR_percent,percentage_points,42.857142857142854,53.57142857142857,10.714285714285714,False
ads2_formal_subesco_d11_f0_hubert_base_A,subesco,11,0,hubert_base,15,seen_uar,13,UAR_percent,percentage_points,48.214285714285715,53.57142857142857,5.357142857142857,False
ads2_formal_subesco_d11_f0_hubert_base_A,subesco,11,0,hubert_base,15,unseen_uar,9,UAR_percent,percentage_points,50.0,53.57142857142857,3.5714285714285716,False
ads2_formal_subesco_d11_f1_wavlm_base_plus_A,subesco,11,1,wavlm_base_plus,15,last,15,UAR_percent,percentage_points,37.5,46.42857142857143,8.928571428571429,False
ads2_formal_subesco_d11_f1_wavlm_base_plus_A,subesco,11,1,wavlm_base_plus,15,seen_ce,8,UAR_percent,percentage_points,39.285714285714285,46.42857142857143,7.142857142857143,False
ads2_formal_subesco_d11_f1_wavlm_base_plus_A,subesco,11,1,wavlm_base_plus,15,unseen_ce,6,UAR_percent,percentage_points,35.714285714285715,46.42857142857143,10.714285714285714,False
ads2_formal_subesco_d11_f1_wavlm_base_plus_A,subesco,11,1,wavlm_base_plus,15,seen_uar,13,UAR_percent,percentage_points,35.714285714285715,46.42857142857143,10.714285714285714,False
ads2_formal_subesco_d11_f1_wavlm_base_plus_A,subesco,11,1,wavlm_base_plus,15,unseen_uar,10,UAR_percent,percentage_points,46.42857142857143,46.42857142857143,0.0,False
ads2_formal_subesco_d11_f1_wavlm_base_plus_A,subesco,11,1,wavlm_base_plus,45,last,45,UAR_percent,percentage_points,46.42857142857143,51.785714285714285,5.357142857142857,False
ads2_formal_subesco_d11_f1_wavlm_base_plus_A,subesco,11,1,wavlm_base_plus,45,seen_ce,8,UAR_percent,percentage_points,39.285714285714285,51.785714285714285,12.5,False
ads2_formal_subesco_d11_f1_wavlm_base_plus_A,subesco,11,1,wavlm_base_plus,45,unseen_ce,6,UAR_percent,percentage_points,35.714285714285715,51.785714285714285,16.071428571428573,False
ads2_formal_subesco_d11_f1_wavlm_base_plus_A,subesco,11,1,wavlm_base_plus,45,seen_uar,26,UAR_percent,percentage_points,48.214285714285715,51.785714285714285,3.5714285714285716,False
ads2_formal_subesco_d11_f1_wavlm_base_plus_A,subesco,11,1,wavlm_base_plus,45,unseen_uar,26,UAR_percent,percentage_points,48.214285714285715,51.785714285714285,3.5714285714285716,False
ads2_formal_subesco_d11_f1_hubert_base_A,subesco,11,1,hubert_base,15,last,15,UAR_percent,percentage_points,51.785714285714285,51.785714285714285,0.0,False
ads2_formal_subesco_d11_f1_hubert_base_A,subesco,11,1,hubert_base,15,seen_ce,8,UAR_percent,percentage_points,42.857142857142854,51.785714285714285,8.928571428571429,False
ads2_formal_subesco_d11_f1_hubert_base_A,subesco,11,1,hubert_base,15,unseen_ce,6,UAR_percent,percentage_points,48.214285714285715,51.785714285714285,3.5714285714285716,False
ads2_formal_subesco_d11_f1_hubert_base_A,subesco,11,1,hubert_base,15,seen_uar,10,UAR_percent,percentage_points,44.642857142857146,51.785714285714285,7.142857142857143,False
ads2_formal_subesco_d11_f1_hubert_base_A,subesco,11,1,hubert_base,15,unseen_uar,12,UAR_percent,percentage_points,44.642857142857146,51.785714285714285,7.142857142857143,False
ads2_formal_subesco_d11_f2_wavlm_base_plus_A,subesco,11,2,wavlm_base_plus,15,last,15,UAR_percent,percentage_points,51.785714285714285,51.785714285714285,0.0,False
ads2_formal_subesco_d11_f2_wavlm_base_plus_A,subesco,11,2,wavlm_base_plus,15,seen_ce,10,UAR_percent,percentage_points,50.0,51.785714285714285,1.7857142857142858,False
ads2_formal_subesco_d11_f2_wavlm_base_plus_A,subesco,11,2,wavlm_base_plus,15,unseen_ce,8,UAR_percent,percentage_points,46.42857142857143,51.785714285714285,5.357142857142857,False
ads2_formal_subesco_d11_f2_wavlm_base_plus_A,subesco,11,2,wavlm_base_plus,15,seen_uar,10,UAR_percent,percentage_points,50.0,51.785714285714285,1.7857142857142858,False
ads2_formal_subesco_d11_f2_wavlm_base_plus_A,subesco,11,2,wavlm_base_plus,15,unseen_uar,15,UAR_percent,percentage_points,51.785714285714285,51.785714285714285,0.0,False
ads2_formal_subesco_d11_f2_wavlm_base_plus_A,subesco,11,2,wavlm_base_plus,45,last,45,UAR_percent,percentage_points,51.785714285714285,57.142857142857146,5.357142857142857,False
ads2_formal_subesco_d11_f2_wavlm_base_plus_A,subesco,11,2,wavlm_base_plus,45,seen_ce,10,UAR_percent,percentage_points,50.0,57.142857142857146,7.142857142857143,False
ads2_formal_subesco_d11_f2_wavlm_base_plus_A,subesco,11,2,wavlm_base_plus,45,unseen_ce,8,UAR_percent,percentage_points,46.42857142857143,57.142857142857146,10.714285714285714,False
ads2_formal_subesco_d11_f2_wavlm_base_plus_A,subesco,11,2,wavlm_base_plus,45,seen_uar,40,UAR_percent,percentage_points,55.357142857142854,57.142857142857146,1.7857142857142858,False
ads2_formal_subesco_d11_f2_wavlm_base_plus_A,subesco,11,2,wavlm_base_plus,45,unseen_uar,24,UAR_percent,percentage_points,53.57142857142857,57.142857142857146,3.5714285714285716,False
ads2_formal_subesco_d11_f2_hubert_base_A,subesco,11,2,hubert_base,15,last,15,UAR_percent,percentage_points,55.357142857142854,55.357142857142854,0.0,False
ads2_formal_subesco_d11_f2_hubert_base_A,subesco,11,2,hubert_base,15,seen_ce,10,UAR_percent,percentage_points,50.0,55.357142857142854,5.357142857142857,False
ads2_formal_subesco_d11_f2_hubert_base_A,subesco,11,2,hubert_base,15,unseen_ce,3,UAR_percent,percentage_points,42.857142857142854,55.357142857142854,12.5,False
ads2_formal_subesco_d11_f2_hubert_base_A,subesco,11,2,hubert_base,15,seen_uar,10,UAR_percent,percentage_points,50.0,55.357142857142854,5.357142857142857,False
ads2_formal_subesco_d11_f2_hubert_base_A,subesco,11,2,hubert_base,15,unseen_uar,15,UAR_percent,percentage_points,55.357142857142854,55.357142857142854,0.0,False
ads2_formal_subesco_d11_f3_wavlm_base_plus_A,subesco,11,3,wavlm_base_plus,15,last,15,UAR_percent,percentage_points,53.57142857142857,53.57142857142857,0.0,False
ads2_formal_subesco_d11_f3_wavlm_base_plus_A,subesco,11,3,wavlm_base_plus,15,seen_ce,8,UAR_percent,percentage_points,46.42857142857143,53.57142857142857,7.142857142857143,False
ads2_formal_subesco_d11_f3_wavlm_base_plus_A,subesco,11,3,wavlm_base_plus,15,unseen_ce,10,UAR_percent,percentage_points,44.642857142857146,53.57142857142857,8.928571428571429,False
ads2_formal_subesco_d11_f3_wavlm_base_plus_A,subesco,11,3,wavlm_base_plus,15,seen_uar,9,UAR_percent,percentage_points,44.642857142857146,53.57142857142857,8.928571428571429,False
ads2_formal_subesco_d11_f3_wavlm_base_plus_A,subesco,11,3,wavlm_base_plus,15,unseen_uar,7,UAR_percent,percentage_points,48.214285714285715,53.57142857142857,5.357142857142857,False
ads2_formal_subesco_d11_f3_wavlm_base_plus_A,subesco,11,3,wavlm_base_plus,45,last,45,UAR_percent,percentage_points,50.0,58.92857142857143,8.928571428571429,False
ads2_formal_subesco_d11_f3_wavlm_base_plus_A,subesco,11,3,wavlm_base_plus,45,seen_ce,8,UAR_percent,percentage_points,46.42857142857143,58.92857142857143,12.5,False
ads2_formal_subesco_d11_f3_wavlm_base_plus_A,subesco,11,3,wavlm_base_plus,45,unseen_ce,10,UAR_percent,percentage_points,44.642857142857146,58.92857142857143,14.285714285714286,False
ads2_formal_subesco_d11_f3_wavlm_base_plus_A,subesco,11,3,wavlm_base_plus,45,seen_uar,38,UAR_percent,percentage_points,48.214285714285715,58.92857142857143,10.714285714285714,False
ads2_formal_subesco_d11_f3_wavlm_base_plus_A,subesco,11,3,wavlm_base_plus,45,unseen_uar,27,UAR_percent,percentage_points,51.785714285714285,58.92857142857143,7.142857142857143,False
ads2_formal_subesco_d11_f3_hubert_base_A,subesco,11,3,hubert_base,15,last,15,UAR_percent,percentage_points,48.214285714285715,50.0,1.7857142857142858,False
ads2_formal_subesco_d11_f3_hubert_base_A,subesco,11,3,hubert_base,15,seen_ce,11,UAR_percent,percentage_points,50.0,50.0,0.0,False
ads2_formal_subesco_d11_f3_hubert_base_A,subesco,11,3,hubert_base,15,unseen_ce,4,UAR_percent,percentage_points,32.142857142857146,50.0,17.857142857142858,False
ads2_formal_subesco_d11_f3_hubert_base_A,subesco,11,3,hubert_base,15,seen_uar,11,UAR_percent,percentage_points,50.0,50.0,0.0,False
ads2_formal_subesco_d11_f3_hubert_base_A,subesco,11,3,hubert_base,15,unseen_uar,10,UAR_percent,percentage_points,41.07142857142857,50.0,8.928571428571429,False
ads2_formal_subesco_d11_f4_wavlm_base_plus_A,subesco,11,4,wavlm_base_plus,15,last,15,UAR_percent,percentage_points,50.0,53.57142857142857,3.5714285714285716,False
ads2_formal_subesco_d11_f4_wavlm_base_plus_A,subesco,11,4,wavlm_base_plus,15,seen_ce,10,UAR_percent,percentage_points,46.42857142857143,53.57142857142857,7.142857142857143,False
ads2_formal_subesco_d11_f4_wavlm_base_plus_A,subesco,11,4,wavlm_base_plus,15,unseen_ce,6,UAR_percent,percentage_points,41.07142857142857,53.57142857142857,12.5,False
ads2_formal_subesco_d11_f4_wavlm_base_plus_A,subesco,11,4,wavlm_base_plus,15,seen_uar,14,UAR_percent,percentage_points,53.57142857142857,53.57142857142857,0.0,False
ads2_formal_subesco_d11_f4_wavlm_base_plus_A,subesco,11,4,wavlm_base_plus,15,unseen_uar,9,UAR_percent,percentage_points,48.214285714285715,53.57142857142857,5.357142857142857,False
ads2_formal_subesco_d11_f4_wavlm_base_plus_A,subesco,11,4,wavlm_base_plus,45,last,45,UAR_percent,percentage_points,46.42857142857143,60.714285714285715,14.285714285714286,False
ads2_formal_subesco_d11_f4_wavlm_base_plus_A,subesco,11,4,wavlm_base_plus,45,seen_ce,16,UAR_percent,percentage_points,50.0,60.714285714285715,10.714285714285714,False
ads2_formal_subesco_d11_f4_wavlm_base_plus_A,subesco,11,4,wavlm_base_plus,45,unseen_ce,6,UAR_percent,percentage_points,41.07142857142857,60.714285714285715,19.642857142857142,False
ads2_formal_subesco_d11_f4_wavlm_base_plus_A,subesco,11,4,wavlm_base_plus,45,seen_uar,42,UAR_percent,percentage_points,50.0,60.714285714285715,10.714285714285714,False
ads2_formal_subesco_d11_f4_wavlm_base_plus_A,subesco,11,4,wavlm_base_plus,45,unseen_uar,31,UAR_percent,percentage_points,60.714285714285715,60.714285714285715,0.0,False
ads2_formal_subesco_d11_f4_hubert_base_A,subesco,11,4,hubert_base,15,last,15,UAR_percent,percentage_points,55.357142857142854,58.92857142857143,3.5714285714285716,False
ads2_formal_subesco_d11_f4_hubert_base_A,subesco,11,4,hubert_base,15,seen_ce,10,UAR_percent,percentage_points,58.92857142857143,58.92857142857143,0.0,False
ads2_formal_subesco_d11_f4_hubert_base_A,subesco,11,4,hubert_base,15,unseen_ce,7,UAR_percent,percentage_points,55.357142857142854,58.92857142857143,3.5714285714285716,False
ads2_formal_subesco_d11_f4_hubert_base_A,subesco,11,4,hubert_base,15,seen_uar,13,UAR_percent,percentage_points,53.57142857142857,58.92857142857143,5.357142857142857,False
ads2_formal_subesco_d11_f4_hubert_base_A,subesco,11,4,hubert_base,15,unseen_uar,10,UAR_percent,percentage_points,58.92857142857143,58.92857142857143,0.0,False
ads2_formal_subesco_d12_f0_wavlm_base_plus_A,subesco,12,0,wavlm_base_plus,15,last,15,UAR_percent,percentage_points,50.0,51.785714285714285,1.7857142857142858,False
ads2_formal_subesco_d12_f0_wavlm_base_plus_A,subesco,12,0,wavlm_base_plus,15,seen_ce,11,UAR_percent,percentage_points,50.0,51.785714285714285,1.7857142857142858,False
ads2_formal_subesco_d12_f0_wavlm_base_plus_A,subesco,12,0,wavlm_base_plus,15,unseen_ce,9,UAR_percent,percentage_points,51.785714285714285,51.785714285714285,0.0,False
ads2_formal_subesco_d12_f0_wavlm_base_plus_A,subesco,12,0,wavlm_base_plus,15,seen_uar,10,UAR_percent,percentage_points,51.785714285714285,51.785714285714285,0.0,False
ads2_formal_subesco_d12_f0_wavlm_base_plus_A,subesco,12,0,wavlm_base_plus,15,unseen_uar,9,UAR_percent,percentage_points,51.785714285714285,51.785714285714285,0.0,False
ads2_formal_subesco_d12_f0_wavlm_base_plus_A,subesco,12,0,wavlm_base_plus,45,last,45,UAR_percent,percentage_points,46.42857142857143,51.785714285714285,5.357142857142857,False
ads2_formal_subesco_d12_f0_wavlm_base_plus_A,subesco,12,0,wavlm_base_plus,45,seen_ce,11,UAR_percent,percentage_points,50.0,51.785714285714285,1.7857142857142858,False
ads2_formal_subesco_d12_f0_wavlm_base_plus_A,subesco,12,0,wavlm_base_plus,45,unseen_ce,9,UAR_percent,percentage_points,51.785714285714285,51.785714285714285,0.0,False
ads2_formal_subesco_d12_f0_wavlm_base_plus_A,subesco,12,0,wavlm_base_plus,45,seen_uar,10,UAR_percent,percentage_points,51.785714285714285,51.785714285714285,0.0,False
ads2_formal_subesco_d12_f0_wavlm_base_plus_A,subesco,12,0,wavlm_base_plus,45,unseen_uar,42,UAR_percent,percentage_points,44.642857142857146,51.785714285714285,7.142857142857143,False
ads2_formal_subesco_d12_f0_hubert_base_A,subesco,12,0,hubert_base,15,last,15,UAR_percent,percentage_points,60.714285714285715,62.5,1.7857142857142858,False
ads2_formal_subesco_d12_f0_hubert_base_A,subesco,12,0,hubert_base,15,seen_ce,8,UAR_percent,percentage_points,62.5,62.5,0.0,False
ads2_formal_subesco_d12_f0_hubert_base_A,subesco,12,0,hubert_base,15,unseen_ce,9,UAR_percent,percentage_points,51.785714285714285,62.5,10.714285714285714,False
ads2_formal_subesco_d12_f0_hubert_base_A,subesco,12,0,hubert_base,15,seen_uar,14,UAR_percent,percentage_points,58.92857142857143,62.5,3.5714285714285716,False
ads2_formal_subesco_d12_f0_hubert_base_A,subesco,12,0,hubert_base,15,unseen_uar,9,UAR_percent,percentage_points,51.785714285714285,62.5,10.714285714285714,False
ads2_formal_subesco_d12_f1_wavlm_base_plus_A,subesco,12,1,wavlm_base_plus,15,last,15,UAR_percent,percentage_points,46.42857142857143,46.42857142857143,0.0,False
ads2_formal_subesco_d12_f1_wavlm_base_plus_A,subesco,12,1,wavlm_base_plus,15,seen_ce,8,UAR_percent,percentage_points,37.5,46.42857142857143,8.928571428571429,False
ads2_formal_subesco_d12_f1_wavlm_base_plus_A,subesco,12,1,wavlm_base_plus,15,unseen_ce,8,UAR_percent,percentage_points,37.5,46.42857142857143,8.928571428571429,False
ads2_formal_subesco_d12_f1_wavlm_base_plus_A,subesco,12,1,wavlm_base_plus,15,seen_uar,15,UAR_percent,percentage_points,46.42857142857143,46.42857142857143,0.0,False
ads2_formal_subesco_d12_f1_wavlm_base_plus_A,subesco,12,1,wavlm_base_plus,15,unseen_uar,15,UAR_percent,percentage_points,46.42857142857143,46.42857142857143,0.0,False
ads2_formal_subesco_d12_f1_wavlm_base_plus_A,subesco,12,1,wavlm_base_plus,45,last,45,UAR_percent,percentage_points,42.857142857142854,48.214285714285715,5.357142857142857,False
ads2_formal_subesco_d12_f1_wavlm_base_plus_A,subesco,12,1,wavlm_base_plus,45,seen_ce,8,UAR_percent,percentage_points,37.5,48.214285714285715,10.714285714285714,False
ads2_formal_subesco_d12_f1_wavlm_base_plus_A,subesco,12,1,wavlm_base_plus,45,unseen_ce,8,UAR_percent,percentage_points,37.5,48.214285714285715,10.714285714285714,False
ads2_formal_subesco_d12_f1_wavlm_base_plus_A,subesco,12,1,wavlm_base_plus,45,seen_uar,37,UAR_percent,percentage_points,42.857142857142854,48.214285714285715,5.357142857142857,False
ads2_formal_subesco_d12_f1_wavlm_base_plus_A,subesco,12,1,wavlm_base_plus,45,unseen_uar,18,UAR_percent,percentage_points,44.642857142857146,48.214285714285715,3.5714285714285716,False
ads2_formal_subesco_d12_f1_hubert_base_A,subesco,12,1,hubert_base,15,last,15,UAR_percent,percentage_points,53.57142857142857,53.57142857142857,0.0,False
ads2_formal_subesco_d12_f1_hubert_base_A,subesco,12,1,hubert_base,15,seen_ce,9,UAR_percent,percentage_points,42.857142857142854,53.57142857142857,10.714285714285714,False
ads2_formal_subesco_d12_f1_hubert_base_A,subesco,12,1,hubert_base,15,unseen_ce,7,UAR_percent,percentage_points,42.857142857142854,53.57142857142857,10.714285714285714,False
ads2_formal_subesco_d12_f1_hubert_base_A,subesco,12,1,hubert_base,15,seen_uar,15,UAR_percent,percentage_points,53.57142857142857,53.57142857142857,0.0,False
ads2_formal_subesco_d12_f1_hubert_base_A,subesco,12,1,hubert_base,15,unseen_uar,12,UAR_percent,percentage_points,48.214285714285715,53.57142857142857,5.357142857142857,False
ads2_formal_subesco_d12_f2_wavlm_base_plus_A,subesco,12,2,wavlm_base_plus,15,last,15,UAR_percent,percentage_points,51.785714285714285,58.92857142857143,7.142857142857143,False
ads2_formal_subesco_d12_f2_wavlm_base_plus_A,subesco,12,2,wavlm_base_plus,15,seen_ce,11,UAR_percent,percentage_points,50.0,58.92857142857143,8.928571428571429,False
ads2_formal_subesco_d12_f2_wavlm_base_plus_A,subesco,12,2,wavlm_base_plus,15,unseen_ce,15,UAR_percent,percentage_points,51.785714285714285,58.92857142857143,7.142857142857143,False
ads2_formal_subesco_d12_f2_wavlm_base_plus_A,subesco,12,2,wavlm_base_plus,15,seen_uar,15,UAR_percent,percentage_points,51.785714285714285,58.92857142857143,7.142857142857143,False
ads2_formal_subesco_d12_f2_wavlm_base_plus_A,subesco,12,2,wavlm_base_plus,15,unseen_uar,15,UAR_percent,percentage_points,51.785714285714285,58.92857142857143,7.142857142857143,False
ads2_formal_subesco_d12_f2_wavlm_base_plus_A,subesco,12,2,wavlm_base_plus,45,last,45,UAR_percent,percentage_points,60.714285714285715,60.714285714285715,0.0,False
ads2_formal_subesco_d12_f2_wavlm_base_plus_A,subesco,12,2,wavlm_base_plus,45,seen_ce,11,UAR_percent,percentage_points,50.0,60.714285714285715,10.714285714285714,False
ads2_formal_subesco_d12_f2_wavlm_base_plus_A,subesco,12,2,wavlm_base_plus,45,unseen_ce,15,UAR_percent,percentage_points,51.785714285714285,60.714285714285715,8.928571428571429,False
ads2_formal_subesco_d12_f2_wavlm_base_plus_A,subesco,12,2,wavlm_base_plus,45,seen_uar,15,UAR_percent,percentage_points,51.785714285714285,60.714285714285715,8.928571428571429,False
ads2_formal_subesco_d12_f2_wavlm_base_plus_A,subesco,12,2,wavlm_base_plus,45,unseen_uar,30,UAR_percent,percentage_points,58.92857142857143,60.714285714285715,1.7857142857142858,False
ads2_formal_subesco_d12_f2_hubert_base_A,subesco,12,2,hubert_base,15,last,15,UAR_percent,percentage_points,51.785714285714285,58.92857142857143,7.142857142857143,False
ads2_formal_subesco_d12_f2_hubert_base_A,subesco,12,2,hubert_base,15,seen_ce,7,UAR_percent,percentage_points,57.142857142857146,58.92857142857143,1.7857142857142858,False
ads2_formal_subesco_d12_f2_hubert_base_A,subesco,12,2,hubert_base,15,unseen_ce,6,UAR_percent,percentage_points,48.214285714285715,58.92857142857143,10.714285714285714,False
ads2_formal_subesco_d12_f2_hubert_base_A,subesco,12,2,hubert_base,15,seen_uar,7,UAR_percent,percentage_points,57.142857142857146,58.92857142857143,1.7857142857142858,False
ads2_formal_subesco_d12_f2_hubert_base_A,subesco,12,2,hubert_base,15,unseen_uar,11,UAR_percent,percentage_points,51.785714285714285,58.92857142857143,7.142857142857143,False
ads2_formal_subesco_d12_f3_wavlm_base_plus_A,subesco,12,3,wavlm_base_plus,15,last,15,UAR_percent,percentage_points,32.142857142857146,37.5,5.357142857142857,False
ads2_formal_subesco_d12_f3_wavlm_base_plus_A,subesco,12,3,wavlm_base_plus,15,seen_ce,11,UAR_percent,percentage_points,33.92857142857143,37.5,3.5714285714285716,False
ads2_formal_subesco_d12_f3_wavlm_base_plus_A,subesco,12,3,wavlm_base_plus,15,unseen_ce,11,UAR_percent,percentage_points,33.92857142857143,37.5,3.5714285714285716,False
ads2_formal_subesco_d12_f3_wavlm_base_plus_A,subesco,12,3,wavlm_base_plus,15,seen_uar,10,UAR_percent,percentage_points,37.5,37.5,0.0,False
ads2_formal_subesco_d12_f3_wavlm_base_plus_A,subesco,12,3,wavlm_base_plus,15,unseen_uar,12,UAR_percent,percentage_points,32.142857142857146,37.5,5.357142857142857,False
ads2_formal_subesco_d12_f3_wavlm_base_plus_A,subesco,12,3,wavlm_base_plus,45,last,45,UAR_percent,percentage_points,37.5,42.857142857142854,5.357142857142857,False
ads2_formal_subesco_d12_f3_wavlm_base_plus_A,subesco,12,3,wavlm_base_plus,45,seen_ce,11,UAR_percent,percentage_points,33.92857142857143,42.857142857142854,8.928571428571429,False
ads2_formal_subesco_d12_f3_wavlm_base_plus_A,subesco,12,3,wavlm_base_plus,45,unseen_ce,11,UAR_percent,percentage_points,33.92857142857143,42.857142857142854,8.928571428571429,False
ads2_formal_subesco_d12_f3_wavlm_base_plus_A,subesco,12,3,wavlm_base_plus,45,seen_uar,28,UAR_percent,percentage_points,35.714285714285715,42.857142857142854,7.142857142857143,False
ads2_formal_subesco_d12_f3_wavlm_base_plus_A,subesco,12,3,wavlm_base_plus,45,unseen_uar,34,UAR_percent,percentage_points,33.92857142857143,42.857142857142854,8.928571428571429,False
ads2_formal_subesco_d12_f3_hubert_base_A,subesco,12,3,hubert_base,15,last,15,UAR_percent,percentage_points,30.357142857142858,46.42857142857143,16.071428571428573,False
ads2_formal_subesco_d12_f3_hubert_base_A,subesco,12,3,hubert_base,15,seen_ce,8,UAR_percent,percentage_points,41.07142857142857,46.42857142857143,5.357142857142857,False
ads2_formal_subesco_d12_f3_hubert_base_A,subesco,12,3,hubert_base,15,unseen_ce,7,UAR_percent,percentage_points,39.285714285714285,46.42857142857143,7.142857142857143,False
ads2_formal_subesco_d12_f3_hubert_base_A,subesco,12,3,hubert_base,15,seen_uar,8,UAR_percent,percentage_points,41.07142857142857,46.42857142857143,5.357142857142857,False
ads2_formal_subesco_d12_f3_hubert_base_A,subesco,12,3,hubert_base,15,unseen_uar,14,UAR_percent,percentage_points,39.285714285714285,46.42857142857143,7.142857142857143,False
ads2_formal_subesco_d12_f4_wavlm_base_plus_A,subesco,12,4,wavlm_base_plus,15,last,15,UAR_percent,percentage_points,41.07142857142857,57.142857142857146,16.071428571428573,False
ads2_formal_subesco_d12_f4_wavlm_base_plus_A,subesco,12,4,wavlm_base_plus,15,seen_ce,10,UAR_percent,percentage_points,57.142857142857146,57.142857142857146,0.0,False
ads2_formal_subesco_d12_f4_wavlm_base_plus_A,subesco,12,4,wavlm_base_plus,15,unseen_ce,10,UAR_percent,percentage_points,57.142857142857146,57.142857142857146,0.0,False
ads2_formal_subesco_d12_f4_wavlm_base_plus_A,subesco,12,4,wavlm_base_plus,15,seen_uar,12,UAR_percent,percentage_points,44.642857142857146,57.142857142857146,12.5,False
ads2_formal_subesco_d12_f4_wavlm_base_plus_A,subesco,12,4,wavlm_base_plus,15,unseen_uar,10,UAR_percent,percentage_points,57.142857142857146,57.142857142857146,0.0,False
ads2_formal_subesco_d12_f4_wavlm_base_plus_A,subesco,12,4,wavlm_base_plus,45,last,45,UAR_percent,percentage_points,37.5,57.142857142857146,19.642857142857142,False
ads2_formal_subesco_d12_f4_wavlm_base_plus_A,subesco,12,4,wavlm_base_plus,45,seen_ce,10,UAR_percent,percentage_points,57.142857142857146,57.142857142857146,0.0,False
ads2_formal_subesco_d12_f4_wavlm_base_plus_A,subesco,12,4,wavlm_base_plus,45,unseen_ce,10,UAR_percent,percentage_points,57.142857142857146,57.142857142857146,0.0,False
ads2_formal_subesco_d12_f4_wavlm_base_plus_A,subesco,12,4,wavlm_base_plus,45,seen_uar,23,UAR_percent,percentage_points,41.07142857142857,57.142857142857146,16.071428571428573,False
ads2_formal_subesco_d12_f4_wavlm_base_plus_A,subesco,12,4,wavlm_base_plus,45,unseen_uar,10,UAR_percent,percentage_points,57.142857142857146,57.142857142857146,0.0,False
ads2_formal_subesco_d12_f4_hubert_base_A,subesco,12,4,hubert_base,15,last,15,UAR_percent,percentage_points,46.42857142857143,51.785714285714285,5.357142857142857,False
ads2_formal_subesco_d12_f4_hubert_base_A,subesco,12,4,hubert_base,15,seen_ce,8,UAR_percent,percentage_points,46.42857142857143,51.785714285714285,5.357142857142857,False
ads2_formal_subesco_d12_f4_hubert_base_A,subesco,12,4,hubert_base,15,unseen_ce,3,UAR_percent,percentage_points,37.5,51.785714285714285,14.285714285714286,False
ads2_formal_subesco_d12_f4_hubert_base_A,subesco,12,4,hubert_base,15,seen_uar,8,UAR_percent,percentage_points,46.42857142857143,51.785714285714285,5.357142857142857,False
ads2_formal_subesco_d12_f4_hubert_base_A,subesco,12,4,hubert_base,15,unseen_uar,14,UAR_percent,percentage_points,50.0,51.785714285714285,1.7857142857142858,False
ads2_formal_subesco_d13_f0_wavlm_base_plus_A,subesco,13,0,wavlm_base_plus,15,last,15,UAR_percent,percentage_points,42.857142857142854,42.857142857142854,0.0,False
ads2_formal_subesco_d13_f0_wavlm_base_plus_A,subesco,13,0,wavlm_base_plus,15,seen_ce,15,UAR_percent,percentage_points,42.857142857142854,42.857142857142854,0.0,False
ads2_formal_subesco_d13_f0_wavlm_base_plus_A,subesco,13,0,wavlm_base_plus,15,unseen_ce,7,UAR_percent,percentage_points,41.07142857142857,42.857142857142854,1.7857142857142858,False
ads2_formal_subesco_d13_f0_wavlm_base_plus_A,subesco,13,0,wavlm_base_plus,15,seen_uar,15,UAR_percent,percentage_points,42.857142857142854,42.857142857142854,0.0,False
ads2_formal_subesco_d13_f0_wavlm_base_plus_A,subesco,13,0,wavlm_base_plus,15,unseen_uar,13,UAR_percent,percentage_points,33.92857142857143,42.857142857142854,8.928571428571429,False
ads2_formal_subesco_d13_f0_wavlm_base_plus_A,subesco,13,0,wavlm_base_plus,45,last,45,UAR_percent,percentage_points,33.92857142857143,46.42857142857143,12.5,False
ads2_formal_subesco_d13_f0_wavlm_base_plus_A,subesco,13,0,wavlm_base_plus,45,seen_ce,15,UAR_percent,percentage_points,42.857142857142854,46.42857142857143,3.5714285714285716,False
ads2_formal_subesco_d13_f0_wavlm_base_plus_A,subesco,13,0,wavlm_base_plus,45,unseen_ce,7,UAR_percent,percentage_points,41.07142857142857,46.42857142857143,5.357142857142857,False
ads2_formal_subesco_d13_f0_wavlm_base_plus_A,subesco,13,0,wavlm_base_plus,45,seen_uar,37,UAR_percent,percentage_points,42.857142857142854,46.42857142857143,3.5714285714285716,False
ads2_formal_subesco_d13_f0_wavlm_base_plus_A,subesco,13,0,wavlm_base_plus,45,unseen_uar,13,UAR_percent,percentage_points,33.92857142857143,46.42857142857143,12.5,False
ads2_formal_subesco_d13_f0_hubert_base_A,subesco,13,0,hubert_base,15,last,15,UAR_percent,percentage_points,39.285714285714285,42.857142857142854,3.5714285714285716,False
ads2_formal_subesco_d13_f0_hubert_base_A,subesco,13,0,hubert_base,15,seen_ce,7,UAR_percent,percentage_points,35.714285714285715,42.857142857142854,7.142857142857143,False
ads2_formal_subesco_d13_f0_hubert_base_A,subesco,13,0,hubert_base,15,unseen_ce,4,UAR_percent,percentage_points,32.142857142857146,42.857142857142854,10.714285714285714,False
ads2_formal_subesco_d13_f0_hubert_base_A,subesco,13,0,hubert_base,15,seen_uar,12,UAR_percent,percentage_points,42.857142857142854,42.857142857142854,0.0,False
ads2_formal_subesco_d13_f0_hubert_base_A,subesco,13,0,hubert_base,15,unseen_uar,13,UAR_percent,percentage_points,33.92857142857143,42.857142857142854,8.928571428571429,False
ads2_formal_subesco_d13_f1_wavlm_base_plus_A,subesco,13,1,wavlm_base_plus,15,last,15,UAR_percent,percentage_points,50.0,55.357142857142854,5.357142857142857,False
ads2_formal_subesco_d13_f1_wavlm_base_plus_A,subesco,13,1,wavlm_base_plus,15,seen_ce,8,UAR_percent,percentage_points,55.357142857142854,55.357142857142854,0.0,False
ads2_formal_subesco_d13_f1_wavlm_base_plus_A,subesco,13,1,wavlm_base_plus,15,unseen_ce,7,UAR_percent,percentage_points,42.857142857142854,55.357142857142854,12.5,False
ads2_formal_subesco_d13_f1_wavlm_base_plus_A,subesco,13,1,wavlm_base_plus,15,seen_uar,14,UAR_percent,percentage_points,51.785714285714285,55.357142857142854,3.5714285714285716,False
ads2_formal_subesco_d13_f1_wavlm_base_plus_A,subesco,13,1,wavlm_base_plus,15,unseen_uar,6,UAR_percent,percentage_points,37.5,55.357142857142854,17.857142857142858,False
ads2_formal_subesco_d13_f1_wavlm_base_plus_A,subesco,13,1,wavlm_base_plus,45,last,45,UAR_percent,percentage_points,51.785714285714285,60.714285714285715,8.928571428571429,False
ads2_formal_subesco_d13_f1_wavlm_base_plus_A,subesco,13,1,wavlm_base_plus,45,seen_ce,8,UAR_percent,percentage_points,55.357142857142854,60.714285714285715,5.357142857142857,False
ads2_formal_subesco_d13_f1_wavlm_base_plus_A,subesco,13,1,wavlm_base_plus,45,unseen_ce,7,UAR_percent,percentage_points,42.857142857142854,60.714285714285715,17.857142857142858,False
ads2_formal_subesco_d13_f1_wavlm_base_plus_A,subesco,13,1,wavlm_base_plus,45,seen_uar,28,UAR_percent,percentage_points,55.357142857142854,60.714285714285715,5.357142857142857,False
ads2_formal_subesco_d13_f1_wavlm_base_plus_A,subesco,13,1,wavlm_base_plus,45,unseen_uar,20,UAR_percent,percentage_points,60.714285714285715,60.714285714285715,0.0,False
ads2_formal_subesco_d13_f1_hubert_base_A,subesco,13,1,hubert_base,15,last,15,UAR_percent,percentage_points,57.142857142857146,58.92857142857143,1.7857142857142858,False
ads2_formal_subesco_d13_f1_hubert_base_A,subesco,13,1,hubert_base,15,seen_ce,8,UAR_percent,percentage_points,50.0,58.92857142857143,8.928571428571429,False
ads2_formal_subesco_d13_f1_hubert_base_A,subesco,13,1,hubert_base,15,unseen_ce,5,UAR_percent,percentage_points,50.0,58.92857142857143,8.928571428571429,False
ads2_formal_subesco_d13_f1_hubert_base_A,subesco,13,1,hubert_base,15,seen_uar,14,UAR_percent,percentage_points,55.357142857142854,58.92857142857143,3.5714285714285716,False
ads2_formal_subesco_d13_f1_hubert_base_A,subesco,13,1,hubert_base,15,unseen_uar,12,UAR_percent,percentage_points,50.0,58.92857142857143,8.928571428571429,False
ads2_formal_subesco_d13_f2_wavlm_base_plus_A,subesco,13,2,wavlm_base_plus,15,last,15,UAR_percent,percentage_points,46.42857142857143,48.214285714285715,1.7857142857142858,False
ads2_formal_subesco_d13_f2_wavlm_base_plus_A,subesco,13,2,wavlm_base_plus,15,seen_ce,11,UAR_percent,percentage_points,46.42857142857143,48.214285714285715,1.7857142857142858,False
ads2_formal_subesco_d13_f2_wavlm_base_plus_A,subesco,13,2,wavlm_base_plus,15,unseen_ce,11,UAR_percent,percentage_points,46.42857142857143,48.214285714285715,1.7857142857142858,False
ads2_formal_subesco_d13_f2_wavlm_base_plus_A,subesco,13,2,wavlm_base_plus,15,seen_uar,11,UAR_percent,percentage_points,46.42857142857143,48.214285714285715,1.7857142857142858,False
ads2_formal_subesco_d13_f2_wavlm_base_plus_A,subesco,13,2,wavlm_base_plus,15,unseen_uar,15,UAR_percent,percentage_points,46.42857142857143,48.214285714285715,1.7857142857142858,False
ads2_formal_subesco_d13_f2_wavlm_base_plus_A,subesco,13,2,wavlm_base_plus,45,last,45,UAR_percent,percentage_points,44.642857142857146,48.214285714285715,3.5714285714285716,False
ads2_formal_subesco_d13_f2_wavlm_base_plus_A,subesco,13,2,wavlm_base_plus,45,seen_ce,11,UAR_percent,percentage_points,46.42857142857143,48.214285714285715,1.7857142857142858,False
ads2_formal_subesco_d13_f2_wavlm_base_plus_A,subesco,13,2,wavlm_base_plus,45,unseen_ce,11,UAR_percent,percentage_points,46.42857142857143,48.214285714285715,1.7857142857142858,False
ads2_formal_subesco_d13_f2_wavlm_base_plus_A,subesco,13,2,wavlm_base_plus,45,seen_uar,11,UAR_percent,percentage_points,46.42857142857143,48.214285714285715,1.7857142857142858,False
ads2_formal_subesco_d13_f2_wavlm_base_plus_A,subesco,13,2,wavlm_base_plus,45,unseen_uar,25,UAR_percent,percentage_points,41.07142857142857,48.214285714285715,7.142857142857143,False
ads2_formal_subesco_d13_f2_hubert_base_A,subesco,13,2,hubert_base,15,last,15,UAR_percent,percentage_points,41.07142857142857,42.857142857142854,1.7857142857142858,False
ads2_formal_subesco_d13_f2_hubert_base_A,subesco,13,2,hubert_base,15,seen_ce,9,UAR_percent,percentage_points,42.857142857142854,42.857142857142854,0.0,False
ads2_formal_subesco_d13_f2_hubert_base_A,subesco,13,2,hubert_base,15,unseen_ce,5,UAR_percent,percentage_points,33.92857142857143,42.857142857142854,8.928571428571429,False
ads2_formal_subesco_d13_f2_hubert_base_A,subesco,13,2,hubert_base,15,seen_uar,15,UAR_percent,percentage_points,41.07142857142857,42.857142857142854,1.7857142857142858,False
ads2_formal_subesco_d13_f2_hubert_base_A,subesco,13,2,hubert_base,15,unseen_uar,14,UAR_percent,percentage_points,42.857142857142854,42.857142857142854,0.0,False
ads2_formal_subesco_d13_f3_wavlm_base_plus_A,subesco,13,3,wavlm_base_plus,15,last,15,UAR_percent,percentage_points,66.07142857142857,66.07142857142857,0.0,False
ads2_formal_subesco_d13_f3_wavlm_base_plus_A,subesco,13,3,wavlm_base_plus,15,seen_ce,13,UAR_percent,percentage_points,64.28571428571429,66.07142857142857,1.7857142857142858,False
ads2_formal_subesco_d13_f3_wavlm_base_plus_A,subesco,13,3,wavlm_base_plus,15,unseen_ce,6,UAR_percent,percentage_points,53.57142857142857,66.07142857142857,12.5,False
ads2_formal_subesco_d13_f3_wavlm_base_plus_A,subesco,13,3,wavlm_base_plus,15,seen_uar,15,UAR_percent,percentage_points,66.07142857142857,66.07142857142857,0.0,False
ads2_formal_subesco_d13_f3_wavlm_base_plus_A,subesco,13,3,wavlm_base_plus,15,unseen_uar,13,UAR_percent,percentage_points,64.28571428571429,66.07142857142857,1.7857142857142858,False
ads2_formal_subesco_d13_f3_wavlm_base_plus_A,subesco,13,3,wavlm_base_plus,45,last,45,UAR_percent,percentage_points,66.07142857142857,67.85714285714286,1.7857142857142858,False
ads2_formal_subesco_d13_f3_wavlm_base_plus_A,subesco,13,3,wavlm_base_plus,45,seen_ce,13,UAR_percent,percentage_points,64.28571428571429,67.85714285714286,3.5714285714285716,False
ads2_formal_subesco_d13_f3_wavlm_base_plus_A,subesco,13,3,wavlm_base_plus,45,unseen_ce,6,UAR_percent,percentage_points,53.57142857142857,67.85714285714286,14.285714285714286,False
ads2_formal_subesco_d13_f3_wavlm_base_plus_A,subesco,13,3,wavlm_base_plus,45,seen_uar,27,UAR_percent,percentage_points,66.07142857142857,67.85714285714286,1.7857142857142858,False
ads2_formal_subesco_d13_f3_wavlm_base_plus_A,subesco,13,3,wavlm_base_plus,45,unseen_uar,35,UAR_percent,percentage_points,64.28571428571429,67.85714285714286,3.5714285714285716,False
ads2_formal_subesco_d13_f3_hubert_base_A,subesco,13,3,hubert_base,15,last,15,UAR_percent,percentage_points,62.5,64.28571428571429,1.7857142857142858,False
ads2_formal_subesco_d13_f3_hubert_base_A,subesco,13,3,hubert_base,15,seen_ce,5,UAR_percent,percentage_points,58.92857142857143,64.28571428571429,5.357142857142857,False
ads2_formal_subesco_d13_f3_hubert_base_A,subesco,13,3,hubert_base,15,unseen_ce,5,UAR_percent,percentage_points,58.92857142857143,64.28571428571429,5.357142857142857,False
ads2_formal_subesco_d13_f3_hubert_base_A,subesco,13,3,hubert_base,15,seen_uar,15,UAR_percent,percentage_points,62.5,64.28571428571429,1.7857142857142858,False
ads2_formal_subesco_d13_f3_hubert_base_A,subesco,13,3,hubert_base,15,unseen_uar,12,UAR_percent,percentage_points,62.5,64.28571428571429,1.7857142857142858,False
ads2_formal_subesco_d13_f4_wavlm_base_plus_A,subesco,13,4,wavlm_base_plus,15,last,15,UAR_percent,percentage_points,37.5,44.642857142857146,7.142857142857143,False
ads2_formal_subesco_d13_f4_wavlm_base_plus_A,subesco,13,4,wavlm_base_plus,15,seen_ce,14,UAR_percent,percentage_points,41.07142857142857,44.642857142857146,3.5714285714285716,False
ads2_formal_subesco_d13_f4_wavlm_base_plus_A,subesco,13,4,wavlm_base_plus,15,unseen_ce,9,UAR_percent,percentage_points,44.642857142857146,44.642857142857146,0.0,False
ads2_formal_subesco_d13_f4_wavlm_base_plus_A,subesco,13,4,wavlm_base_plus,15,seen_uar,14,UAR_percent,percentage_points,41.07142857142857,44.642857142857146,3.5714285714285716,False
ads2_formal_subesco_d13_f4_wavlm_base_plus_A,subesco,13,4,wavlm_base_plus,15,unseen_uar,9,UAR_percent,percentage_points,44.642857142857146,44.642857142857146,0.0,False
ads2_formal_subesco_d13_f4_wavlm_base_plus_A,subesco,13,4,wavlm_base_plus,45,last,45,UAR_percent,percentage_points,46.42857142857143,48.214285714285715,1.7857142857142858,False
ads2_formal_subesco_d13_f4_wavlm_base_plus_A,subesco,13,4,wavlm_base_plus,45,seen_ce,14,UAR_percent,percentage_points,41.07142857142857,48.214285714285715,7.142857142857143,False
ads2_formal_subesco_d13_f4_wavlm_base_plus_A,subesco,13,4,wavlm_base_plus,45,unseen_ce,9,UAR_percent,percentage_points,44.642857142857146,48.214285714285715,3.5714285714285716,False
ads2_formal_subesco_d13_f4_wavlm_base_plus_A,subesco,13,4,wavlm_base_plus,45,seen_uar,24,UAR_percent,percentage_points,46.42857142857143,48.214285714285715,1.7857142857142858,False
ads2_formal_subesco_d13_f4_wavlm_base_plus_A,subesco,13,4,wavlm_base_plus,45,unseen_uar,26,UAR_percent,percentage_points,44.642857142857146,48.214285714285715,3.5714285714285716,False
ads2_formal_subesco_d13_f4_hubert_base_A,subesco,13,4,hubert_base,15,last,15,UAR_percent,percentage_points,44.642857142857146,48.214285714285715,3.5714285714285716,False
ads2_formal_subesco_d13_f4_hubert_base_A,subesco,13,4,hubert_base,15,seen_ce,11,UAR_percent,percentage_points,48.214285714285715,48.214285714285715,0.0,False
ads2_formal_subesco_d13_f4_hubert_base_A,subesco,13,4,hubert_base,15,unseen_ce,5,UAR_percent,percentage_points,46.42857142857143,48.214285714285715,1.7857142857142858,False
ads2_formal_subesco_d13_f4_hubert_base_A,subesco,13,4,hubert_base,15,seen_uar,11,UAR_percent,percentage_points,48.214285714285715,48.214285714285715,0.0,False
ads2_formal_subesco_d13_f4_hubert_base_A,subesco,13,4,hubert_base,15,unseen_uar,6,UAR_percent,percentage_points,41.07142857142857,48.214285714285715,7.142857142857143,False
ads2_formal_subesco_d14_f0_wavlm_base_plus_A,subesco,14,0,wavlm_base_plus,15,last,15,UAR_percent,percentage_points,48.214285714285715,57.142857142857146,8.928571428571429,False
ads2_formal_subesco_d14_f0_wavlm_base_plus_A,subesco,14,0,wavlm_base_plus,15,seen_ce,11,UAR_percent,percentage_points,57.142857142857146,57.142857142857146,0.0,False
ads2_formal_subesco_d14_f0_wavlm_base_plus_A,subesco,14,0,wavlm_base_plus,15,unseen_ce,9,UAR_percent,percentage_points,50.0,57.142857142857146,7.142857142857143,False
ads2_formal_subesco_d14_f0_wavlm_base_plus_A,subesco,14,0,wavlm_base_plus,15,seen_uar,15,UAR_percent,percentage_points,48.214285714285715,57.142857142857146,8.928571428571429,False
ads2_formal_subesco_d14_f0_wavlm_base_plus_A,subesco,14,0,wavlm_base_plus,15,unseen_uar,9,UAR_percent,percentage_points,50.0,57.142857142857146,7.142857142857143,False
ads2_formal_subesco_d14_f0_wavlm_base_plus_A,subesco,14,0,wavlm_base_plus,45,last,45,UAR_percent,percentage_points,50.0,57.142857142857146,7.142857142857143,False
ads2_formal_subesco_d14_f0_wavlm_base_plus_A,subesco,14,0,wavlm_base_plus,45,seen_ce,11,UAR_percent,percentage_points,57.142857142857146,57.142857142857146,0.0,False
ads2_formal_subesco_d14_f0_wavlm_base_plus_A,subesco,14,0,wavlm_base_plus,45,unseen_ce,9,UAR_percent,percentage_points,50.0,57.142857142857146,7.142857142857143,False
ads2_formal_subesco_d14_f0_wavlm_base_plus_A,subesco,14,0,wavlm_base_plus,45,seen_uar,31,UAR_percent,percentage_points,50.0,57.142857142857146,7.142857142857143,False
ads2_formal_subesco_d14_f0_wavlm_base_plus_A,subesco,14,0,wavlm_base_plus,45,unseen_uar,9,UAR_percent,percentage_points,50.0,57.142857142857146,7.142857142857143,False
ads2_formal_subesco_d14_f0_hubert_base_A,subesco,14,0,hubert_base,15,last,15,UAR_percent,percentage_points,42.857142857142854,44.642857142857146,1.7857142857142858,False
ads2_formal_subesco_d14_f0_hubert_base_A,subesco,14,0,hubert_base,15,seen_ce,14,UAR_percent,percentage_points,41.07142857142857,44.642857142857146,3.5714285714285716,False
ads2_formal_subesco_d14_f0_hubert_base_A,subesco,14,0,hubert_base,15,unseen_ce,6,UAR_percent,percentage_points,39.285714285714285,44.642857142857146,5.357142857142857,False
ads2_formal_subesco_d14_f0_hubert_base_A,subesco,14,0,hubert_base,15,seen_uar,14,UAR_percent,percentage_points,41.07142857142857,44.642857142857146,3.5714285714285716,False
ads2_formal_subesco_d14_f0_hubert_base_A,subesco,14,0,hubert_base,15,unseen_uar,14,UAR_percent,percentage_points,41.07142857142857,44.642857142857146,3.5714285714285716,False
ads2_formal_subesco_d14_f1_wavlm_base_plus_A,subesco,14,1,wavlm_base_plus,15,last,15,UAR_percent,percentage_points,57.142857142857146,58.92857142857143,1.7857142857142858,False
ads2_formal_subesco_d14_f1_wavlm_base_plus_A,subesco,14,1,wavlm_base_plus,15,seen_ce,9,UAR_percent,percentage_points,55.357142857142854,58.92857142857143,3.5714285714285716,False
ads2_formal_subesco_d14_f1_wavlm_base_plus_A,subesco,14,1,wavlm_base_plus,15,unseen_ce,9,UAR_percent,percentage_points,55.357142857142854,58.92857142857143,3.5714285714285716,False
ads2_formal_subesco_d14_f1_wavlm_base_plus_A,subesco,14,1,wavlm_base_plus,15,seen_uar,12,UAR_percent,percentage_points,58.92857142857143,58.92857142857143,0.0,False
ads2_formal_subesco_d14_f1_wavlm_base_plus_A,subesco,14,1,wavlm_base_plus,15,unseen_uar,15,UAR_percent,percentage_points,57.142857142857146,58.92857142857143,1.7857142857142858,False
ads2_formal_subesco_d14_f1_wavlm_base_plus_A,subesco,14,1,wavlm_base_plus,45,last,45,UAR_percent,percentage_points,60.714285714285715,64.28571428571429,3.5714285714285716,False
ads2_formal_subesco_d14_f1_wavlm_base_plus_A,subesco,14,1,wavlm_base_plus,45,seen_ce,17,UAR_percent,percentage_points,62.5,64.28571428571429,1.7857142857142858,False
ads2_formal_subesco_d14_f1_wavlm_base_plus_A,subesco,14,1,wavlm_base_plus,45,unseen_ce,9,UAR_percent,percentage_points,55.357142857142854,64.28571428571429,8.928571428571429,False
ads2_formal_subesco_d14_f1_wavlm_base_plus_A,subesco,14,1,wavlm_base_plus,45,seen_uar,22,UAR_percent,percentage_points,60.714285714285715,64.28571428571429,3.5714285714285716,False
ads2_formal_subesco_d14_f1_wavlm_base_plus_A,subesco,14,1,wavlm_base_plus,45,unseen_uar,40,UAR_percent,percentage_points,58.92857142857143,64.28571428571429,5.357142857142857,False
ads2_formal_subesco_d14_f1_hubert_base_A,subesco,14,1,hubert_base,15,last,15,UAR_percent,percentage_points,58.92857142857143,58.92857142857143,0.0,False
ads2_formal_subesco_d14_f1_hubert_base_A,subesco,14,1,hubert_base,15,seen_ce,6,UAR_percent,percentage_points,53.57142857142857,58.92857142857143,5.357142857142857,False
ads2_formal_subesco_d14_f1_hubert_base_A,subesco,14,1,hubert_base,15,unseen_ce,6,UAR_percent,percentage_points,53.57142857142857,58.92857142857143,5.357142857142857,False
ads2_formal_subesco_d14_f1_hubert_base_A,subesco,14,1,hubert_base,15,seen_uar,12,UAR_percent,percentage_points,53.57142857142857,58.92857142857143,5.357142857142857,False
ads2_formal_subesco_d14_f1_hubert_base_A,subesco,14,1,hubert_base,15,unseen_uar,11,UAR_percent,percentage_points,58.92857142857143,58.92857142857143,0.0,False
ads2_formal_subesco_d14_f2_wavlm_base_plus_A,subesco,14,2,wavlm_base_plus,15,last,15,UAR_percent,percentage_points,42.857142857142854,48.214285714285715,5.357142857142857,False
ads2_formal_subesco_d14_f2_wavlm_base_plus_A,subesco,14,2,wavlm_base_plus,15,seen_ce,12,UAR_percent,percentage_points,48.214285714285715,48.214285714285715,0.0,False
ads2_formal_subesco_d14_f2_wavlm_base_plus_A,subesco,14,2,wavlm_base_plus,15,unseen_ce,12,UAR_percent,percentage_points,48.214285714285715,48.214285714285715,0.0,False
ads2_formal_subesco_d14_f2_wavlm_base_plus_A,subesco,14,2,wavlm_base_plus,15,seen_uar,14,UAR_percent,percentage_points,41.07142857142857,48.214285714285715,7.142857142857143,False
ads2_formal_subesco_d14_f2_wavlm_base_plus_A,subesco,14,2,wavlm_base_plus,15,unseen_uar,12,UAR_percent,percentage_points,48.214285714285715,48.214285714285715,0.0,False
ads2_formal_subesco_d14_f2_wavlm_base_plus_A,subesco,14,2,wavlm_base_plus,45,last,45,UAR_percent,percentage_points,51.785714285714285,57.142857142857146,5.357142857142857,False
ads2_formal_subesco_d14_f2_wavlm_base_plus_A,subesco,14,2,wavlm_base_plus,45,seen_ce,12,UAR_percent,percentage_points,48.214285714285715,57.142857142857146,8.928571428571429,False
ads2_formal_subesco_d14_f2_wavlm_base_plus_A,subesco,14,2,wavlm_base_plus,45,unseen_ce,12,UAR_percent,percentage_points,48.214285714285715,57.142857142857146,8.928571428571429,False
ads2_formal_subesco_d14_f2_wavlm_base_plus_A,subesco,14,2,wavlm_base_plus,45,seen_uar,25,UAR_percent,percentage_points,44.642857142857146,57.142857142857146,12.5,False
ads2_formal_subesco_d14_f2_wavlm_base_plus_A,subesco,14,2,wavlm_base_plus,45,unseen_uar,12,UAR_percent,percentage_points,48.214285714285715,57.142857142857146,8.928571428571429,False
ads2_formal_subesco_d14_f2_hubert_base_A,subesco,14,2,hubert_base,15,last,15,UAR_percent,percentage_points,41.07142857142857,44.642857142857146,3.5714285714285716,False
ads2_formal_subesco_d14_f2_hubert_base_A,subesco,14,2,hubert_base,15,seen_ce,10,UAR_percent,percentage_points,37.5,44.642857142857146,7.142857142857143,False
ads2_formal_subesco_d14_f2_hubert_base_A,subesco,14,2,hubert_base,15,unseen_ce,10,UAR_percent,percentage_points,37.5,44.642857142857146,7.142857142857143,False
ads2_formal_subesco_d14_f2_hubert_base_A,subesco,14,2,hubert_base,15,seen_uar,10,UAR_percent,percentage_points,37.5,44.642857142857146,7.142857142857143,False
ads2_formal_subesco_d14_f2_hubert_base_A,subesco,14,2,hubert_base,15,unseen_uar,9,UAR_percent,percentage_points,39.285714285714285,44.642857142857146,5.357142857142857,False
ads2_formal_subesco_d14_f3_wavlm_base_plus_A,subesco,14,3,wavlm_base_plus,15,last,15,UAR_percent,percentage_points,50.0,57.142857142857146,7.142857142857143,False
ads2_formal_subesco_d14_f3_wavlm_base_plus_A,subesco,14,3,wavlm_base_plus,15,seen_ce,8,UAR_percent,percentage_points,51.785714285714285,57.142857142857146,5.357142857142857,False
ads2_formal_subesco_d14_f3_wavlm_base_plus_A,subesco,14,3,wavlm_base_plus,15,unseen_ce,8,UAR_percent,percentage_points,51.785714285714285,57.142857142857146,5.357142857142857,False
ads2_formal_subesco_d14_f3_wavlm_base_plus_A,subesco,14,3,wavlm_base_plus,15,seen_uar,13,UAR_percent,percentage_points,46.42857142857143,57.142857142857146,10.714285714285714,False
ads2_formal_subesco_d14_f3_wavlm_base_plus_A,subesco,14,3,wavlm_base_plus,15,unseen_uar,10,UAR_percent,percentage_points,55.357142857142854,57.142857142857146,1.7857142857142858,False
ads2_formal_subesco_d14_f3_wavlm_base_plus_A,subesco,14,3,wavlm_base_plus,45,last,45,UAR_percent,percentage_points,51.785714285714285,58.92857142857143,7.142857142857143,False
ads2_formal_subesco_d14_f3_wavlm_base_plus_A,subesco,14,3,wavlm_base_plus,45,seen_ce,8,UAR_percent,percentage_points,51.785714285714285,58.92857142857143,7.142857142857143,False
ads2_formal_subesco_d14_f3_wavlm_base_plus_A,subesco,14,3,wavlm_base_plus,45,unseen_ce,8,UAR_percent,percentage_points,51.785714285714285,58.92857142857143,7.142857142857143,False
ads2_formal_subesco_d14_f3_wavlm_base_plus_A,subesco,14,3,wavlm_base_plus,45,seen_uar,18,UAR_percent,percentage_points,55.357142857142854,58.92857142857143,3.5714285714285716,False
ads2_formal_subesco_d14_f3_wavlm_base_plus_A,subesco,14,3,wavlm_base_plus,45,unseen_uar,10,UAR_percent,percentage_points,55.357142857142854,58.92857142857143,3.5714285714285716,False
ads2_formal_subesco_d14_f3_hubert_base_A,subesco,14,3,hubert_base,15,last,15,UAR_percent,percentage_points,57.142857142857146,66.07142857142857,8.928571428571429,False
ads2_formal_subesco_d14_f3_hubert_base_A,subesco,14,3,hubert_base,15,seen_ce,11,UAR_percent,percentage_points,58.92857142857143,66.07142857142857,7.142857142857143,False
ads2_formal_subesco_d14_f3_hubert_base_A,subesco,14,3,hubert_base,15,unseen_ce,7,UAR_percent,percentage_points,55.357142857142854,66.07142857142857,10.714285714285714,False
ads2_formal_subesco_d14_f3_hubert_base_A,subesco,14,3,hubert_base,15,seen_uar,12,UAR_percent,percentage_points,55.357142857142854,66.07142857142857,10.714285714285714,False
ads2_formal_subesco_d14_f3_hubert_base_A,subesco,14,3,hubert_base,15,unseen_uar,13,UAR_percent,percentage_points,66.07142857142857,66.07142857142857,0.0,False
ads2_formal_subesco_d14_f4_wavlm_base_plus_A,subesco,14,4,wavlm_base_plus,15,last,15,UAR_percent,percentage_points,58.92857142857143,66.07142857142857,7.142857142857143,False
ads2_formal_subesco_d14_f4_wavlm_base_plus_A,subesco,14,4,wavlm_base_plus,15,seen_ce,13,UAR_percent,percentage_points,53.57142857142857,66.07142857142857,12.5,False
ads2_formal_subesco_d14_f4_wavlm_base_plus_A,subesco,14,4,wavlm_base_plus,15,unseen_ce,7,UAR_percent,percentage_points,66.07142857142857,66.07142857142857,0.0,False
ads2_formal_subesco_d14_f4_wavlm_base_plus_A,subesco,14,4,wavlm_base_plus,15,seen_uar,13,UAR_percent,percentage_points,53.57142857142857,66.07142857142857,12.5,False
ads2_formal_subesco_d14_f4_wavlm_base_plus_A,subesco,14,4,wavlm_base_plus,15,unseen_uar,13,UAR_percent,percentage_points,53.57142857142857,66.07142857142857,12.5,False
ads2_formal_subesco_d14_f4_wavlm_base_plus_A,subesco,14,4,wavlm_base_plus,45,last,45,UAR_percent,percentage_points,57.142857142857146,66.07142857142857,8.928571428571429,False
ads2_formal_subesco_d14_f4_wavlm_base_plus_A,subesco,14,4,wavlm_base_plus,45,seen_ce,13,UAR_percent,percentage_points,53.57142857142857,66.07142857142857,12.5,False
ads2_formal_subesco_d14_f4_wavlm_base_plus_A,subesco,14,4,wavlm_base_plus,45,unseen_ce,7,UAR_percent,percentage_points,66.07142857142857,66.07142857142857,0.0,False
ads2_formal_subesco_d14_f4_wavlm_base_plus_A,subesco,14,4,wavlm_base_plus,45,seen_uar,13,UAR_percent,percentage_points,53.57142857142857,66.07142857142857,12.5,False
ads2_formal_subesco_d14_f4_wavlm_base_plus_A,subesco,14,4,wavlm_base_plus,45,unseen_uar,31,UAR_percent,percentage_points,62.5,66.07142857142857,3.5714285714285716,False
ads2_formal_subesco_d14_f4_hubert_base_A,subesco,14,4,hubert_base,15,last,15,UAR_percent,percentage_points,58.92857142857143,62.5,3.5714285714285716,False
ads2_formal_subesco_d14_f4_hubert_base_A,subesco,14,4,hubert_base,15,seen_ce,9,UAR_percent,percentage_points,57.142857142857146,62.5,5.357142857142857,False
ads2_formal_subesco_d14_f4_hubert_base_A,subesco,14,4,hubert_base,15,unseen_ce,7,UAR_percent,percentage_points,57.142857142857146,62.5,5.357142857142857,False
ads2_formal_subesco_d14_f4_hubert_base_A,subesco,14,4,hubert_base,15,seen_uar,10,UAR_percent,percentage_points,55.357142857142854,62.5,7.142857142857143,False
ads2_formal_subesco_d14_f4_hubert_base_A,subesco,14,4,hubert_base,15,unseen_uar,9,UAR_percent,percentage_points,57.142857142857146,62.5,5.357142857142857,False
ads2_formal_subesco_d15_f0_wavlm_base_plus_A,subesco,15,0,wavlm_base_plus,15,last,15,UAR_percent,percentage_points,44.642857142857146,51.785714285714285,7.142857142857143,False
ads2_formal_subesco_d15_f0_wavlm_base_plus_A,subesco,15,0,wavlm_base_plus,15,seen_ce,9,UAR_percent,percentage_points,48.214285714285715,51.785714285714285,3.5714285714285716,False
ads2_formal_subesco_d15_f0_wavlm_base_plus_A,subesco,15,0,wavlm_base_plus,15,unseen_ce,4,UAR_percent,percentage_points,41.07142857142857,51.785714285714285,10.714285714285714,False
ads2_formal_subesco_d15_f0_wavlm_base_plus_A,subesco,15,0,wavlm_base_plus,15,seen_uar,15,UAR_percent,percentage_points,44.642857142857146,51.785714285714285,7.142857142857143,False
ads2_formal_subesco_d15_f0_wavlm_base_plus_A,subesco,15,0,wavlm_base_plus,15,unseen_uar,4,UAR_percent,percentage_points,41.07142857142857,51.785714285714285,10.714285714285714,False
ads2_formal_subesco_d15_f0_wavlm_base_plus_A,subesco,15,0,wavlm_base_plus,45,last,45,UAR_percent,percentage_points,44.642857142857146,53.57142857142857,8.928571428571429,False
ads2_formal_subesco_d15_f0_wavlm_base_plus_A,subesco,15,0,wavlm_base_plus,45,seen_ce,9,UAR_percent,percentage_points,48.214285714285715,53.57142857142857,5.357142857142857,False
ads2_formal_subesco_d15_f0_wavlm_base_plus_A,subesco,15,0,wavlm_base_plus,45,unseen_ce,4,UAR_percent,percentage_points,41.07142857142857,53.57142857142857,12.5,False
ads2_formal_subesco_d15_f0_wavlm_base_plus_A,subesco,15,0,wavlm_base_plus,45,seen_uar,23,UAR_percent,percentage_points,44.642857142857146,53.57142857142857,8.928571428571429,False
ads2_formal_subesco_d15_f0_wavlm_base_plus_A,subesco,15,0,wavlm_base_plus,45,unseen_uar,4,UAR_percent,percentage_points,41.07142857142857,53.57142857142857,12.5,False
ads2_formal_subesco_d15_f0_hubert_base_A,subesco,15,0,hubert_base,15,last,15,UAR_percent,percentage_points,51.785714285714285,58.92857142857143,7.142857142857143,False
ads2_formal_subesco_d15_f0_hubert_base_A,subesco,15,0,hubert_base,15,seen_ce,7,UAR_percent,percentage_points,46.42857142857143,58.92857142857143,12.5,False
ads2_formal_subesco_d15_f0_hubert_base_A,subesco,15,0,hubert_base,15,unseen_ce,2,UAR_percent,percentage_points,35.714285714285715,58.92857142857143,23.214285714285715,False
ads2_formal_subesco_d15_f0_hubert_base_A,subesco,15,0,hubert_base,15,seen_uar,15,UAR_percent,percentage_points,51.785714285714285,58.92857142857143,7.142857142857143,False
ads2_formal_subesco_d15_f0_hubert_base_A,subesco,15,0,hubert_base,15,unseen_uar,8,UAR_percent,percentage_points,51.785714285714285,58.92857142857143,7.142857142857143,False
ads2_formal_subesco_d15_f1_wavlm_base_plus_A,subesco,15,1,wavlm_base_plus,15,last,15,UAR_percent,percentage_points,32.142857142857146,42.857142857142854,10.714285714285714,False
ads2_formal_subesco_d15_f1_wavlm_base_plus_A,subesco,15,1,wavlm_base_plus,15,seen_ce,9,UAR_percent,percentage_points,37.5,42.857142857142854,5.357142857142857,False
ads2_formal_subesco_d15_f1_wavlm_base_plus_A,subesco,15,1,wavlm_base_plus,15,unseen_ce,9,UAR_percent,percentage_points,37.5,42.857142857142854,5.357142857142857,False
ads2_formal_subesco_d15_f1_wavlm_base_plus_A,subesco,15,1,wavlm_base_plus,15,seen_uar,12,UAR_percent,percentage_points,25.0,42.857142857142854,17.857142857142858,False
ads2_formal_subesco_d15_f1_wavlm_base_plus_A,subesco,15,1,wavlm_base_plus,15,unseen_uar,9,UAR_percent,percentage_points,37.5,42.857142857142854,5.357142857142857,False
ads2_formal_subesco_d15_f1_wavlm_base_plus_A,subesco,15,1,wavlm_base_plus,45,last,45,UAR_percent,percentage_points,28.571428571428573,42.857142857142854,14.285714285714286,False
ads2_formal_subesco_d15_f1_wavlm_base_plus_A,subesco,15,1,wavlm_base_plus,45,seen_ce,9,UAR_percent,percentage_points,37.5,42.857142857142854,5.357142857142857,False
ads2_formal_subesco_d15_f1_wavlm_base_plus_A,subesco,15,1,wavlm_base_plus,45,unseen_ce,9,UAR_percent,percentage_points,37.5,42.857142857142854,5.357142857142857,False
ads2_formal_subesco_d15_f1_wavlm_base_plus_A,subesco,15,1,wavlm_base_plus,45,seen_uar,45,UAR_percent,percentage_points,28.571428571428573,42.857142857142854,14.285714285714286,False
ads2_formal_subesco_d15_f1_wavlm_base_plus_A,subesco,15,1,wavlm_base_plus,45,unseen_uar,9,UAR_percent,percentage_points,37.5,42.857142857142854,5.357142857142857,False
ads2_formal_subesco_d15_f1_hubert_base_A,subesco,15,1,hubert_base,15,last,15,UAR_percent,percentage_points,48.214285714285715,50.0,1.7857142857142858,False
ads2_formal_subesco_d15_f1_hubert_base_A,subesco,15,1,hubert_base,15,seen_ce,6,UAR_percent,percentage_points,50.0,50.0,0.0,False
ads2_formal_subesco_d15_f1_hubert_base_A,subesco,15,1,hubert_base,15,unseen_ce,6,UAR_percent,percentage_points,50.0,50.0,0.0,False
ads2_formal_subesco_d15_f1_hubert_base_A,subesco,15,1,hubert_base,15,seen_uar,9,UAR_percent,percentage_points,48.214285714285715,50.0,1.7857142857142858,False
ads2_formal_subesco_d15_f1_hubert_base_A,subesco,15,1,hubert_base,15,unseen_uar,15,UAR_percent,percentage_points,48.214285714285715,50.0,1.7857142857142858,False
ads2_formal_subesco_d15_f2_wavlm_base_plus_A,subesco,15,2,wavlm_base_plus,15,last,15,UAR_percent,percentage_points,44.642857142857146,50.0,5.357142857142857,False
ads2_formal_subesco_d15_f2_wavlm_base_plus_A,subesco,15,2,wavlm_base_plus,15,seen_ce,8,UAR_percent,percentage_points,50.0,50.0,0.0,False
ads2_formal_subesco_d15_f2_wavlm_base_plus_A,subesco,15,2,wavlm_base_plus,15,unseen_ce,8,UAR_percent,percentage_points,50.0,50.0,0.0,False
ads2_formal_subesco_d15_f2_wavlm_base_plus_A,subesco,15,2,wavlm_base_plus,15,seen_uar,13,UAR_percent,percentage_points,41.07142857142857,50.0,8.928571428571429,False
ads2_formal_subesco_d15_f2_wavlm_base_plus_A,subesco,15,2,wavlm_base_plus,15,unseen_uar,8,UAR_percent,percentage_points,50.0,50.0,0.0,False
ads2_formal_subesco_d15_f2_wavlm_base_plus_A,subesco,15,2,wavlm_base_plus,45,last,45,UAR_percent,percentage_points,46.42857142857143,53.57142857142857,7.142857142857143,False
ads2_formal_subesco_d15_f2_wavlm_base_plus_A,subesco,15,2,wavlm_base_plus,45,seen_ce,8,UAR_percent,percentage_points,50.0,53.57142857142857,3.5714285714285716,False
ads2_formal_subesco_d15_f2_wavlm_base_plus_A,subesco,15,2,wavlm_base_plus,45,unseen_ce,8,UAR_percent,percentage_points,50.0,53.57142857142857,3.5714285714285716,False
ads2_formal_subesco_d15_f2_wavlm_base_plus_A,subesco,15,2,wavlm_base_plus,45,seen_uar,29,UAR_percent,percentage_points,50.0,53.57142857142857,3.5714285714285716,False
ads2_formal_subesco_d15_f2_wavlm_base_plus_A,subesco,15,2,wavlm_base_plus,45,unseen_uar,41,UAR_percent,percentage_points,48.214285714285715,53.57142857142857,5.357142857142857,False
ads2_formal_subesco_d15_f2_hubert_base_A,subesco,15,2,hubert_base,15,last,15,UAR_percent,percentage_points,46.42857142857143,48.214285714285715,1.7857142857142858,False
ads2_formal_subesco_d15_f2_hubert_base_A,subesco,15,2,hubert_base,15,seen_ce,9,UAR_percent,percentage_points,46.42857142857143,48.214285714285715,1.7857142857142858,False
ads2_formal_subesco_d15_f2_hubert_base_A,subesco,15,2,hubert_base,15,unseen_ce,5,UAR_percent,percentage_points,42.857142857142854,48.214285714285715,5.357142857142857,False
ads2_formal_subesco_d15_f2_hubert_base_A,subesco,15,2,hubert_base,15,seen_uar,15,UAR_percent,percentage_points,46.42857142857143,48.214285714285715,1.7857142857142858,False
ads2_formal_subesco_d15_f2_hubert_base_A,subesco,15,2,hubert_base,15,unseen_uar,15,UAR_percent,percentage_points,46.42857142857143,48.214285714285715,1.7857142857142858,False
ads2_formal_subesco_d15_f3_wavlm_base_plus_A,subesco,15,3,wavlm_base_plus,15,last,15,UAR_percent,percentage_points,51.785714285714285,58.92857142857143,7.142857142857143,False
ads2_formal_subesco_d15_f3_wavlm_base_plus_A,subesco,15,3,wavlm_base_plus,15,seen_ce,14,UAR_percent,percentage_points,48.214285714285715,58.92857142857143,10.714285714285714,False
ads2_formal_subesco_d15_f3_wavlm_base_plus_A,subesco,15,3,wavlm_base_plus,15,unseen_ce,8,UAR_percent,percentage_points,50.0,58.92857142857143,8.928571428571429,False
ads2_formal_subesco_d15_f3_wavlm_base_plus_A,subesco,15,3,wavlm_base_plus,15,seen_uar,14,UAR_percent,percentage_points,48.214285714285715,58.92857142857143,10.714285714285714,False
ads2_formal_subesco_d15_f3_wavlm_base_plus_A,subesco,15,3,wavlm_base_plus,15,unseen_uar,14,UAR_percent,percentage_points,48.214285714285715,58.92857142857143,10.714285714285714,False
ads2_formal_subesco_d15_f3_wavlm_base_plus_A,subesco,15,3,wavlm_base_plus,45,last,45,UAR_percent,percentage_points,51.785714285714285,58.92857142857143,7.142857142857143,False
ads2_formal_subesco_d15_f3_wavlm_base_plus_A,subesco,15,3,wavlm_base_plus,45,seen_ce,20,UAR_percent,percentage_points,51.785714285714285,58.92857142857143,7.142857142857143,False
ads2_formal_subesco_d15_f3_wavlm_base_plus_A,subesco,15,3,wavlm_base_plus,45,unseen_ce,8,UAR_percent,percentage_points,50.0,58.92857142857143,8.928571428571429,False
ads2_formal_subesco_d15_f3_wavlm_base_plus_A,subesco,15,3,wavlm_base_plus,45,seen_uar,19,UAR_percent,percentage_points,55.357142857142854,58.92857142857143,3.5714285714285716,False
ads2_formal_subesco_d15_f3_wavlm_base_plus_A,subesco,15,3,wavlm_base_plus,45,unseen_uar,45,UAR_percent,percentage_points,51.785714285714285,58.92857142857143,7.142857142857143,False
ads2_formal_subesco_d15_f3_hubert_base_A,subesco,15,3,hubert_base,15,last,15,UAR_percent,percentage_points,41.07142857142857,44.642857142857146,3.5714285714285716,False
ads2_formal_subesco_d15_f3_hubert_base_A,subesco,15,3,hubert_base,15,seen_ce,10,UAR_percent,percentage_points,37.5,44.642857142857146,7.142857142857143,False
ads2_formal_subesco_d15_f3_hubert_base_A,subesco,15,3,hubert_base,15,unseen_ce,6,UAR_percent,percentage_points,41.07142857142857,44.642857142857146,3.5714285714285716,False
ads2_formal_subesco_d15_f3_hubert_base_A,subesco,15,3,hubert_base,15,seen_uar,14,UAR_percent,percentage_points,44.642857142857146,44.642857142857146,0.0,False
ads2_formal_subesco_d15_f3_hubert_base_A,subesco,15,3,hubert_base,15,unseen_uar,13,UAR_percent,percentage_points,44.642857142857146,44.642857142857146,0.0,False
ads2_formal_subesco_d15_f4_wavlm_base_plus_A,subesco,15,4,wavlm_base_plus,15,last,15,UAR_percent,percentage_points,50.0,55.357142857142854,5.357142857142857,False
ads2_formal_subesco_d15_f4_wavlm_base_plus_A,subesco,15,4,wavlm_base_plus,15,seen_ce,11,UAR_percent,percentage_points,51.785714285714285,55.357142857142854,3.5714285714285716,False
ads2_formal_subesco_d15_f4_wavlm_base_plus_A,subesco,15,4,wavlm_base_plus,15,unseen_ce,6,UAR_percent,percentage_points,53.57142857142857,55.357142857142854,1.7857142857142858,False
ads2_formal_subesco_d15_f4_wavlm_base_plus_A,subesco,15,4,wavlm_base_plus,15,seen_uar,12,UAR_percent,percentage_points,46.42857142857143,55.357142857142854,8.928571428571429,False
ads2_formal_subesco_d15_f4_wavlm_base_plus_A,subesco,15,4,wavlm_base_plus,15,unseen_uar,8,UAR_percent,percentage_points,41.07142857142857,55.357142857142854,14.285714285714286,False
ads2_formal_subesco_d15_f4_wavlm_base_plus_A,subesco,15,4,wavlm_base_plus,45,last,45,UAR_percent,percentage_points,55.357142857142854,58.92857142857143,3.5714285714285716,False
ads2_formal_subesco_d15_f4_wavlm_base_plus_A,subesco,15,4,wavlm_base_plus,45,seen_ce,11,UAR_percent,percentage_points,51.785714285714285,58.92857142857143,7.142857142857143,False
ads2_formal_subesco_d15_f4_wavlm_base_plus_A,subesco,15,4,wavlm_base_plus,45,unseen_ce,6,UAR_percent,percentage_points,53.57142857142857,58.92857142857143,5.357142857142857,False
ads2_formal_subesco_d15_f4_wavlm_base_plus_A,subesco,15,4,wavlm_base_plus,45,seen_uar,17,UAR_percent,percentage_points,48.214285714285715,58.92857142857143,10.714285714285714,False
ads2_formal_subesco_d15_f4_wavlm_base_plus_A,subesco,15,4,wavlm_base_plus,45,unseen_uar,40,UAR_percent,percentage_points,55.357142857142854,58.92857142857143,3.5714285714285716,False
ads2_formal_subesco_d15_f4_hubert_base_A,subesco,15,4,hubert_base,15,last,15,UAR_percent,percentage_points,50.0,55.357142857142854,5.357142857142857,False
ads2_formal_subesco_d15_f4_hubert_base_A,subesco,15,4,hubert_base,15,seen_ce,8,UAR_percent,percentage_points,44.642857142857146,55.357142857142854,10.714285714285714,False
ads2_formal_subesco_d15_f4_hubert_base_A,subesco,15,4,hubert_base,15,unseen_ce,4,UAR_percent,percentage_points,48.214285714285715,55.357142857142854,7.142857142857143,False
ads2_formal_subesco_d15_f4_hubert_base_A,subesco,15,4,hubert_base,15,seen_uar,8,UAR_percent,percentage_points,44.642857142857146,55.357142857142854,10.714285714285714,False
ads2_formal_subesco_d15_f4_hubert_base_A,subesco,15,4,hubert_base,15,unseen_uar,8,UAR_percent,percentage_points,44.642857142857146,55.357142857142854,10.714285714285714,False
ads2_formal_subesco_d16_f0_wavlm_base_plus_A,subesco,16,0,wavlm_base_plus,15,last,15,UAR_percent,percentage_points,66.07142857142857,67.85714285714286,1.7857142857142858,False
ads2_formal_subesco_d16_f0_wavlm_base_plus_A,subesco,16,0,wavlm_base_plus,15,seen_ce,10,UAR_percent,percentage_points,55.357142857142854,67.85714285714286,12.5,False
ads2_formal_subesco_d16_f0_wavlm_base_plus_A,subesco,16,0,wavlm_base_plus,15,unseen_ce,8,UAR_percent,percentage_points,57.142857142857146,67.85714285714286,10.714285714285714,False
ads2_formal_subesco_d16_f0_wavlm_base_plus_A,subesco,16,0,wavlm_base_plus,15,seen_uar,8,UAR_percent,percentage_points,57.142857142857146,67.85714285714286,10.714285714285714,False
ads2_formal_subesco_d16_f0_wavlm_base_plus_A,subesco,16,0,wavlm_base_plus,15,unseen_uar,8,UAR_percent,percentage_points,57.142857142857146,67.85714285714286,10.714285714285714,False
ads2_formal_subesco_d16_f0_wavlm_base_plus_A,subesco,16,0,wavlm_base_plus,45,last,45,UAR_percent,percentage_points,60.714285714285715,67.85714285714286,7.142857142857143,False
ads2_formal_subesco_d16_f0_wavlm_base_plus_A,subesco,16,0,wavlm_base_plus,45,seen_ce,10,UAR_percent,percentage_points,55.357142857142854,67.85714285714286,12.5,False
ads2_formal_subesco_d16_f0_wavlm_base_plus_A,subesco,16,0,wavlm_base_plus,45,unseen_ce,8,UAR_percent,percentage_points,57.142857142857146,67.85714285714286,10.714285714285714,False
ads2_formal_subesco_d16_f0_wavlm_base_plus_A,subesco,16,0,wavlm_base_plus,45,seen_uar,27,UAR_percent,percentage_points,55.357142857142854,67.85714285714286,12.5,False
ads2_formal_subesco_d16_f0_wavlm_base_plus_A,subesco,16,0,wavlm_base_plus,45,unseen_uar,8,UAR_percent,percentage_points,57.142857142857146,67.85714285714286,10.714285714285714,False
ads2_formal_subesco_d16_f0_hubert_base_A,subesco,16,0,hubert_base,15,last,15,UAR_percent,percentage_points,62.5,64.28571428571429,1.7857142857142858,False
ads2_formal_subesco_d16_f0_hubert_base_A,subesco,16,0,hubert_base,15,seen_ce,13,UAR_percent,percentage_points,64.28571428571429,64.28571428571429,0.0,False
ads2_formal_subesco_d16_f0_hubert_base_A,subesco,16,0,hubert_base,15,unseen_ce,6,UAR_percent,percentage_points,62.5,64.28571428571429,1.7857142857142858,False
ads2_formal_subesco_d16_f0_hubert_base_A,subesco,16,0,hubert_base,15,seen_uar,15,UAR_percent,percentage_points,62.5,64.28571428571429,1.7857142857142858,False
ads2_formal_subesco_d16_f0_hubert_base_A,subesco,16,0,hubert_base,15,unseen_uar,7,UAR_percent,percentage_points,58.92857142857143,64.28571428571429,5.357142857142857,False
ads2_formal_subesco_d16_f1_wavlm_base_plus_A,subesco,16,1,wavlm_base_plus,15,last,15,UAR_percent,percentage_points,37.5,44.642857142857146,7.142857142857143,False
ads2_formal_subesco_d16_f1_wavlm_base_plus_A,subesco,16,1,wavlm_base_plus,15,seen_ce,8,UAR_percent,percentage_points,39.285714285714285,44.642857142857146,5.357142857142857,False
ads2_formal_subesco_d16_f1_wavlm_base_plus_A,subesco,16,1,wavlm_base_plus,15,unseen_ce,8,UAR_percent,percentage_points,39.285714285714285,44.642857142857146,5.357142857142857,False
ads2_formal_subesco_d16_f1_wavlm_base_plus_A,subesco,16,1,wavlm_base_plus,15,seen_uar,12,UAR_percent,percentage_points,44.642857142857146,44.642857142857146,0.0,False
ads2_formal_subesco_d16_f1_wavlm_base_plus_A,subesco,16,1,wavlm_base_plus,15,unseen_uar,12,UAR_percent,percentage_points,44.642857142857146,44.642857142857146,0.0,False
ads2_formal_subesco_d16_f1_wavlm_base_plus_A,subesco,16,1,wavlm_base_plus,45,last,45,UAR_percent,percentage_points,48.214285714285715,48.214285714285715,0.0,False
ads2_formal_subesco_d16_f1_wavlm_base_plus_A,subesco,16,1,wavlm_base_plus,45,seen_ce,8,UAR_percent,percentage_points,39.285714285714285,48.214285714285715,8.928571428571429,False
ads2_formal_subesco_d16_f1_wavlm_base_plus_A,subesco,16,1,wavlm_base_plus,45,unseen_ce,8,UAR_percent,percentage_points,39.285714285714285,48.214285714285715,8.928571428571429,False
ads2_formal_subesco_d16_f1_wavlm_base_plus_A,subesco,16,1,wavlm_base_plus,45,seen_uar,45,UAR_percent,percentage_points,48.214285714285715,48.214285714285715,0.0,False
ads2_formal_subesco_d16_f1_wavlm_base_plus_A,subesco,16,1,wavlm_base_plus,45,unseen_uar,28,UAR_percent,percentage_points,44.642857142857146,48.214285714285715,3.5714285714285716,False
ads2_formal_subesco_d16_f1_hubert_base_A,subesco,16,1,hubert_base,15,last,15,UAR_percent,percentage_points,44.642857142857146,53.57142857142857,8.928571428571429,False
ads2_formal_subesco_d16_f1_hubert_base_A,subesco,16,1,hubert_base,15,seen_ce,8,UAR_percent,percentage_points,42.857142857142854,53.57142857142857,10.714285714285714,False
ads2_formal_subesco_d16_f1_hubert_base_A,subesco,16,1,hubert_base,15,unseen_ce,10,UAR_percent,percentage_points,53.57142857142857,53.57142857142857,0.0,False
ads2_formal_subesco_d16_f1_hubert_base_A,subesco,16,1,hubert_base,15,seen_uar,10,UAR_percent,percentage_points,53.57142857142857,53.57142857142857,0.0,False
ads2_formal_subesco_d16_f1_hubert_base_A,subesco,16,1,hubert_base,15,unseen_uar,10,UAR_percent,percentage_points,53.57142857142857,53.57142857142857,0.0,False
ads2_formal_subesco_d16_f2_wavlm_base_plus_A,subesco,16,2,wavlm_base_plus,15,last,15,UAR_percent,percentage_points,44.642857142857146,51.785714285714285,7.142857142857143,False
ads2_formal_subesco_d16_f2_wavlm_base_plus_A,subesco,16,2,wavlm_base_plus,15,seen_ce,7,UAR_percent,percentage_points,46.42857142857143,51.785714285714285,5.357142857142857,False
ads2_formal_subesco_d16_f2_wavlm_base_plus_A,subesco,16,2,wavlm_base_plus,15,unseen_ce,9,UAR_percent,percentage_points,50.0,51.785714285714285,1.7857142857142858,False
ads2_formal_subesco_d16_f2_wavlm_base_plus_A,subesco,16,2,wavlm_base_plus,15,seen_uar,8,UAR_percent,percentage_points,51.785714285714285,51.785714285714285,0.0,False
ads2_formal_subesco_d16_f2_wavlm_base_plus_A,subesco,16,2,wavlm_base_plus,15,unseen_uar,15,UAR_percent,percentage_points,44.642857142857146,51.785714285714285,7.142857142857143,False
ads2_formal_subesco_d16_f2_wavlm_base_plus_A,subesco,16,2,wavlm_base_plus,45,last,45,UAR_percent,percentage_points,51.785714285714285,53.57142857142857,1.7857142857142858,False
ads2_formal_subesco_d16_f2_wavlm_base_plus_A,subesco,16,2,wavlm_base_plus,45,seen_ce,17,UAR_percent,percentage_points,48.214285714285715,53.57142857142857,5.357142857142857,False
ads2_formal_subesco_d16_f2_wavlm_base_plus_A,subesco,16,2,wavlm_base_plus,45,unseen_ce,9,UAR_percent,percentage_points,50.0,53.57142857142857,3.5714285714285716,False
ads2_formal_subesco_d16_f2_wavlm_base_plus_A,subesco,16,2,wavlm_base_plus,45,seen_uar,28,UAR_percent,percentage_points,48.214285714285715,53.57142857142857,5.357142857142857,False
ads2_formal_subesco_d16_f2_wavlm_base_plus_A,subesco,16,2,wavlm_base_plus,45,unseen_uar,29,UAR_percent,percentage_points,48.214285714285715,53.57142857142857,5.357142857142857,False
ads2_formal_subesco_d16_f2_hubert_base_A,subesco,16,2,hubert_base,15,last,15,UAR_percent,percentage_points,48.214285714285715,60.714285714285715,12.5,False
ads2_formal_subesco_d16_f2_hubert_base_A,subesco,16,2,hubert_base,15,seen_ce,7,UAR_percent,percentage_points,35.714285714285715,60.714285714285715,25.0,False
ads2_formal_subesco_d16_f2_hubert_base_A,subesco,16,2,hubert_base,15,unseen_ce,4,UAR_percent,percentage_points,44.642857142857146,60.714285714285715,16.071428571428573,False
ads2_formal_subesco_d16_f2_hubert_base_A,subesco,16,2,hubert_base,15,seen_uar,13,UAR_percent,percentage_points,42.857142857142854,60.714285714285715,17.857142857142858,False
ads2_formal_subesco_d16_f2_hubert_base_A,subesco,16,2,hubert_base,15,unseen_uar,9,UAR_percent,percentage_points,60.714285714285715,60.714285714285715,0.0,False
ads2_formal_subesco_d16_f3_wavlm_base_plus_A,subesco,16,3,wavlm_base_plus,15,last,15,UAR_percent,percentage_points,44.642857142857146,46.42857142857143,1.7857142857142858,False
ads2_formal_subesco_d16_f3_wavlm_base_plus_A,subesco,16,3,wavlm_base_plus,15,seen_ce,8,UAR_percent,percentage_points,46.42857142857143,46.42857142857143,0.0,False
ads2_formal_subesco_d16_f3_wavlm_base_plus_A,subesco,16,3,wavlm_base_plus,15,unseen_ce,8,UAR_percent,percentage_points,46.42857142857143,46.42857142857143,0.0,False
ads2_formal_subesco_d16_f3_wavlm_base_plus_A,subesco,16,3,wavlm_base_plus,15,seen_uar,15,UAR_percent,percentage_points,44.642857142857146,46.42857142857143,1.7857142857142858,False
ads2_formal_subesco_d16_f3_wavlm_base_plus_A,subesco,16,3,wavlm_base_plus,15,unseen_uar,13,UAR_percent,percentage_points,44.642857142857146,46.42857142857143,1.7857142857142858,False
ads2_formal_subesco_d16_f3_wavlm_base_plus_A,subesco,16,3,wavlm_base_plus,45,last,45,UAR_percent,percentage_points,42.857142857142854,53.57142857142857,10.714285714285714,False
ads2_formal_subesco_d16_f3_wavlm_base_plus_A,subesco,16,3,wavlm_base_plus,45,seen_ce,8,UAR_percent,percentage_points,46.42857142857143,53.57142857142857,7.142857142857143,False
ads2_formal_subesco_d16_f3_wavlm_base_plus_A,subesco,16,3,wavlm_base_plus,45,unseen_ce,8,UAR_percent,percentage_points,46.42857142857143,53.57142857142857,7.142857142857143,False
ads2_formal_subesco_d16_f3_wavlm_base_plus_A,subesco,16,3,wavlm_base_plus,45,seen_uar,31,UAR_percent,percentage_points,42.857142857142854,53.57142857142857,10.714285714285714,False
ads2_formal_subesco_d16_f3_wavlm_base_plus_A,subesco,16,3,wavlm_base_plus,45,unseen_uar,18,UAR_percent,percentage_points,50.0,53.57142857142857,3.5714285714285716,False
ads2_formal_subesco_d16_f3_hubert_base_A,subesco,16,3,hubert_base,15,last,15,UAR_percent,percentage_points,51.785714285714285,51.785714285714285,0.0,False
ads2_formal_subesco_d16_f3_hubert_base_A,subesco,16,3,hubert_base,15,seen_ce,10,UAR_percent,percentage_points,39.285714285714285,51.785714285714285,12.5,False
ads2_formal_subesco_d16_f3_hubert_base_A,subesco,16,3,hubert_base,15,unseen_ce,8,UAR_percent,percentage_points,46.42857142857143,51.785714285714285,5.357142857142857,False
ads2_formal_subesco_d16_f3_hubert_base_A,subesco,16,3,hubert_base,15,seen_uar,14,UAR_percent,percentage_points,51.785714285714285,51.785714285714285,0.0,False
ads2_formal_subesco_d16_f3_hubert_base_A,subesco,16,3,hubert_base,15,unseen_uar,13,UAR_percent,percentage_points,48.214285714285715,51.785714285714285,3.5714285714285716,False
ads2_formal_subesco_d16_f4_wavlm_base_plus_A,subesco,16,4,wavlm_base_plus,15,last,15,UAR_percent,percentage_points,60.714285714285715,73.21428571428571,12.5,False
ads2_formal_subesco_d16_f4_wavlm_base_plus_A,subesco,16,4,wavlm_base_plus,15,seen_ce,13,UAR_percent,percentage_points,64.28571428571429,73.21428571428571,8.928571428571429,False
ads2_formal_subesco_d16_f4_wavlm_base_plus_A,subesco,16,4,wavlm_base_plus,15,unseen_ce,13,UAR_percent,percentage_points,64.28571428571429,73.21428571428571,8.928571428571429,False
ads2_formal_subesco_d16_f4_wavlm_base_plus_A,subesco,16,4,wavlm_base_plus,15,seen_uar,12,UAR_percent,percentage_points,53.57142857142857,73.21428571428571,19.642857142857142,False
ads2_formal_subesco_d16_f4_wavlm_base_plus_A,subesco,16,4,wavlm_base_plus,15,unseen_uar,13,UAR_percent,percentage_points,64.28571428571429,73.21428571428571,8.928571428571429,False
ads2_formal_subesco_d16_f4_wavlm_base_plus_A,subesco,16,4,wavlm_base_plus,45,last,45,UAR_percent,percentage_points,67.85714285714286,73.21428571428571,5.357142857142857,False
ads2_formal_subesco_d16_f4_wavlm_base_plus_A,subesco,16,4,wavlm_base_plus,45,seen_ce,13,UAR_percent,percentage_points,64.28571428571429,73.21428571428571,8.928571428571429,False
ads2_formal_subesco_d16_f4_wavlm_base_plus_A,subesco,16,4,wavlm_base_plus,45,unseen_ce,13,UAR_percent,percentage_points,64.28571428571429,73.21428571428571,8.928571428571429,False
ads2_formal_subesco_d16_f4_wavlm_base_plus_A,subesco,16,4,wavlm_base_plus,45,seen_uar,18,UAR_percent,percentage_points,60.714285714285715,73.21428571428571,12.5,False
ads2_formal_subesco_d16_f4_wavlm_base_plus_A,subesco,16,4,wavlm_base_plus,45,unseen_uar,13,UAR_percent,percentage_points,64.28571428571429,73.21428571428571,8.928571428571429,False
ads2_formal_subesco_d16_f4_hubert_base_A,subesco,16,4,hubert_base,15,last,15,UAR_percent,percentage_points,62.5,62.5,0.0,False
ads2_formal_subesco_d16_f4_hubert_base_A,subesco,16,4,hubert_base,15,seen_ce,15,UAR_percent,percentage_points,62.5,62.5,0.0,False
ads2_formal_subesco_d16_f4_hubert_base_A,subesco,16,4,hubert_base,15,unseen_ce,6,UAR_percent,percentage_points,55.357142857142854,62.5,7.142857142857143,False
ads2_formal_subesco_d16_f4_hubert_base_A,subesco,16,4,hubert_base,15,seen_uar,15,UAR_percent,percentage_points,62.5,62.5,0.0,False
ads2_formal_subesco_d16_f4_hubert_base_A,subesco,16,4,hubert_base,15,unseen_uar,15,UAR_percent,percentage_points,62.5,62.5,0.0,False
ads2_formal_subesco_d17_f0_wavlm_base_plus_A,subesco,17,0,wavlm_base_plus,15,last,15,UAR_percent,percentage_points,33.92857142857143,46.42857142857143,12.5,False
ads2_formal_subesco_d17_f0_wavlm_base_plus_A,subesco,17,0,wavlm_base_plus,15,seen_ce,10,UAR_percent,percentage_points,46.42857142857143,46.42857142857143,0.0,False
ads2_formal_subesco_d17_f0_wavlm_base_plus_A,subesco,17,0,wavlm_base_plus,15,unseen_ce,10,UAR_percent,percentage_points,46.42857142857143,46.42857142857143,0.0,False
ads2_formal_subesco_d17_f0_wavlm_base_plus_A,subesco,17,0,wavlm_base_plus,15,seen_uar,13,UAR_percent,percentage_points,39.285714285714285,46.42857142857143,7.142857142857143,False
ads2_formal_subesco_d17_f0_wavlm_base_plus_A,subesco,17,0,wavlm_base_plus,15,unseen_uar,15,UAR_percent,percentage_points,33.92857142857143,46.42857142857143,12.5,False
ads2_formal_subesco_d17_f0_wavlm_base_plus_A,subesco,17,0,wavlm_base_plus,45,last,45,UAR_percent,percentage_points,42.857142857142854,48.214285714285715,5.357142857142857,False
ads2_formal_subesco_d17_f0_wavlm_base_plus_A,subesco,17,0,wavlm_base_plus,45,seen_ce,10,UAR_percent,percentage_points,46.42857142857143,48.214285714285715,1.7857142857142858,False
ads2_formal_subesco_d17_f0_wavlm_base_plus_A,subesco,17,0,wavlm_base_plus,45,unseen_ce,10,UAR_percent,percentage_points,46.42857142857143,48.214285714285715,1.7857142857142858,False
ads2_formal_subesco_d17_f0_wavlm_base_plus_A,subesco,17,0,wavlm_base_plus,45,seen_uar,22,UAR_percent,percentage_points,46.42857142857143,48.214285714285715,1.7857142857142858,False
ads2_formal_subesco_d17_f0_wavlm_base_plus_A,subesco,17,0,wavlm_base_plus,45,unseen_uar,43,UAR_percent,percentage_points,42.857142857142854,48.214285714285715,5.357142857142857,False
ads2_formal_subesco_d17_f0_hubert_base_A,subesco,17,0,hubert_base,15,last,15,UAR_percent,percentage_points,60.714285714285715,60.714285714285715,0.0,False
ads2_formal_subesco_d17_f0_hubert_base_A,subesco,17,0,hubert_base,15,seen_ce,9,UAR_percent,percentage_points,55.357142857142854,60.714285714285715,5.357142857142857,False
ads2_formal_subesco_d17_f0_hubert_base_A,subesco,17,0,hubert_base,15,unseen_ce,8,UAR_percent,percentage_points,53.57142857142857,60.714285714285715,7.142857142857143,False
ads2_formal_subesco_d17_f0_hubert_base_A,subesco,17,0,hubert_base,15,seen_uar,9,UAR_percent,percentage_points,55.357142857142854,60.714285714285715,5.357142857142857,False
ads2_formal_subesco_d17_f0_hubert_base_A,subesco,17,0,hubert_base,15,unseen_uar,14,UAR_percent,percentage_points,53.57142857142857,60.714285714285715,7.142857142857143,False
ads2_formal_subesco_d17_f1_wavlm_base_plus_A,subesco,17,1,wavlm_base_plus,15,last,15,UAR_percent,percentage_points,57.142857142857146,57.142857142857146,0.0,False
ads2_formal_subesco_d17_f1_wavlm_base_plus_A,subesco,17,1,wavlm_base_plus,15,seen_ce,14,UAR_percent,percentage_points,51.785714285714285,57.142857142857146,5.357142857142857,False
ads2_formal_subesco_d17_f1_wavlm_base_plus_A,subesco,17,1,wavlm_base_plus,15,unseen_ce,9,UAR_percent,percentage_points,50.0,57.142857142857146,7.142857142857143,False
ads2_formal_subesco_d17_f1_wavlm_base_plus_A,subesco,17,1,wavlm_base_plus,15,seen_uar,11,UAR_percent,percentage_points,55.357142857142854,57.142857142857146,1.7857142857142858,False
ads2_formal_subesco_d17_f1_wavlm_base_plus_A,subesco,17,1,wavlm_base_plus,15,unseen_uar,13,UAR_percent,percentage_points,51.785714285714285,57.142857142857146,5.357142857142857,False
ads2_formal_subesco_d17_f1_wavlm_base_plus_A,subesco,17,1,wavlm_base_plus,45,last,45,UAR_percent,percentage_points,53.57142857142857,60.714285714285715,7.142857142857143,False
ads2_formal_subesco_d17_f1_wavlm_base_plus_A,subesco,17,1,wavlm_base_plus,45,seen_ce,14,UAR_percent,percentage_points,51.785714285714285,60.714285714285715,8.928571428571429,False
ads2_formal_subesco_d17_f1_wavlm_base_plus_A,subesco,17,1,wavlm_base_plus,45,unseen_ce,9,UAR_percent,percentage_points,50.0,60.714285714285715,10.714285714285714,False
ads2_formal_subesco_d17_f1_wavlm_base_plus_A,subesco,17,1,wavlm_base_plus,45,seen_uar,21,UAR_percent,percentage_points,55.357142857142854,60.714285714285715,5.357142857142857,False
ads2_formal_subesco_d17_f1_wavlm_base_plus_A,subesco,17,1,wavlm_base_plus,45,unseen_uar,22,UAR_percent,percentage_points,53.57142857142857,60.714285714285715,7.142857142857143,False
ads2_formal_subesco_d17_f1_hubert_base_A,subesco,17,1,hubert_base,15,last,15,UAR_percent,percentage_points,44.642857142857146,50.0,5.357142857142857,False
ads2_formal_subesco_d17_f1_hubert_base_A,subesco,17,1,hubert_base,15,seen_ce,11,UAR_percent,percentage_points,46.42857142857143,50.0,3.5714285714285716,False
ads2_formal_subesco_d17_f1_hubert_base_A,subesco,17,1,hubert_base,15,unseen_ce,8,UAR_percent,percentage_points,46.42857142857143,50.0,3.5714285714285716,False
ads2_formal_subesco_d17_f1_hubert_base_A,subesco,17,1,hubert_base,15,seen_uar,11,UAR_percent,percentage_points,46.42857142857143,50.0,3.5714285714285716,False
ads2_formal_subesco_d17_f1_hubert_base_A,subesco,17,1,hubert_base,15,unseen_uar,15,UAR_percent,percentage_points,44.642857142857146,50.0,5.357142857142857,False
ads2_formal_subesco_d17_f2_wavlm_base_plus_A,subesco,17,2,wavlm_base_plus,15,last,15,UAR_percent,percentage_points,58.92857142857143,66.07142857142857,7.142857142857143,False
ads2_formal_subesco_d17_f2_wavlm_base_plus_A,subesco,17,2,wavlm_base_plus,15,seen_ce,14,UAR_percent,percentage_points,66.07142857142857,66.07142857142857,0.0,False
ads2_formal_subesco_d17_f2_wavlm_base_plus_A,subesco,17,2,wavlm_base_plus,15,unseen_ce,9,UAR_percent,percentage_points,64.28571428571429,66.07142857142857,1.7857142857142858,False
ads2_formal_subesco_d17_f2_wavlm_base_plus_A,subesco,17,2,wavlm_base_plus,15,seen_uar,14,UAR_percent,percentage_points,66.07142857142857,66.07142857142857,0.0,False
ads2_formal_subesco_d17_f2_wavlm_base_plus_A,subesco,17,2,wavlm_base_plus,15,unseen_uar,12,UAR_percent,percentage_points,53.57142857142857,66.07142857142857,12.5,False
ads2_formal_subesco_d17_f2_wavlm_base_plus_A,subesco,17,2,wavlm_base_plus,45,last,45,UAR_percent,percentage_points,62.5,66.07142857142857,3.5714285714285716,False
ads2_formal_subesco_d17_f2_wavlm_base_plus_A,subesco,17,2,wavlm_base_plus,45,seen_ce,26,UAR_percent,percentage_points,60.714285714285715,66.07142857142857,5.357142857142857,False
ads2_formal_subesco_d17_f2_wavlm_base_plus_A,subesco,17,2,wavlm_base_plus,45,unseen_ce,9,UAR_percent,percentage_points,64.28571428571429,66.07142857142857,1.7857142857142858,False
ads2_formal_subesco_d17_f2_wavlm_base_plus_A,subesco,17,2,wavlm_base_plus,45,seen_uar,28,UAR_percent,percentage_points,60.714285714285715,66.07142857142857,5.357142857142857,False
ads2_formal_subesco_d17_f2_wavlm_base_plus_A,subesco,17,2,wavlm_base_plus,45,unseen_uar,12,UAR_percent,percentage_points,53.57142857142857,66.07142857142857,12.5,False
ads2_formal_subesco_d17_f2_hubert_base_A,subesco,17,2,hubert_base,15,last,15,UAR_percent,percentage_points,64.28571428571429,64.28571428571429,0.0,False
ads2_formal_subesco_d17_f2_hubert_base_A,subesco,17,2,hubert_base,15,seen_ce,8,UAR_percent,percentage_points,57.142857142857146,64.28571428571429,7.142857142857143,False
ads2_formal_subesco_d17_f2_hubert_base_A,subesco,17,2,hubert_base,15,unseen_ce,4,UAR_percent,percentage_points,51.785714285714285,64.28571428571429,12.5,False
ads2_formal_subesco_d17_f2_hubert_base_A,subesco,17,2,hubert_base,15,seen_uar,8,UAR_percent,percentage_points,57.142857142857146,64.28571428571429,7.142857142857143,False
ads2_formal_subesco_d17_f2_hubert_base_A,subesco,17,2,hubert_base,15,unseen_uar,7,UAR_percent,percentage_points,58.92857142857143,64.28571428571429,5.357142857142857,False
ads2_formal_subesco_d17_f3_wavlm_base_plus_A,subesco,17,3,wavlm_base_plus,15,last,15,UAR_percent,percentage_points,53.57142857142857,57.142857142857146,3.5714285714285716,False
ads2_formal_subesco_d17_f3_wavlm_base_plus_A,subesco,17,3,wavlm_base_plus,15,seen_ce,12,UAR_percent,percentage_points,46.42857142857143,57.142857142857146,10.714285714285714,False
ads2_formal_subesco_d17_f3_wavlm_base_plus_A,subesco,17,3,wavlm_base_plus,15,unseen_ce,10,UAR_percent,percentage_points,57.142857142857146,57.142857142857146,0.0,False
ads2_formal_subesco_d17_f3_wavlm_base_plus_A,subesco,17,3,wavlm_base_plus,15,seen_uar,14,UAR_percent,percentage_points,55.357142857142854,57.142857142857146,1.7857142857142858,False
ads2_formal_subesco_d17_f3_wavlm_base_plus_A,subesco,17,3,wavlm_base_plus,15,unseen_uar,12,UAR_percent,percentage_points,46.42857142857143,57.142857142857146,10.714285714285714,False
ads2_formal_subesco_d17_f3_wavlm_base_plus_A,subesco,17,3,wavlm_base_plus,45,last,45,UAR_percent,percentage_points,53.57142857142857,64.28571428571429,10.714285714285714,False
ads2_formal_subesco_d17_f3_wavlm_base_plus_A,subesco,17,3,wavlm_base_plus,45,seen_ce,12,UAR_percent,percentage_points,46.42857142857143,64.28571428571429,17.857142857142858,False
ads2_formal_subesco_d17_f3_wavlm_base_plus_A,subesco,17,3,wavlm_base_plus,45,unseen_ce,10,UAR_percent,percentage_points,57.142857142857146,64.28571428571429,7.142857142857143,False
ads2_formal_subesco_d17_f3_wavlm_base_plus_A,subesco,17,3,wavlm_base_plus,45,seen_uar,33,UAR_percent,percentage_points,58.92857142857143,64.28571428571429,5.357142857142857,False
ads2_formal_subesco_d17_f3_wavlm_base_plus_A,subesco,17,3,wavlm_base_plus,45,unseen_uar,26,UAR_percent,percentage_points,62.5,64.28571428571429,1.7857142857142858,False
ads2_formal_subesco_d17_f3_hubert_base_A,subesco,17,3,hubert_base,15,last,15,UAR_percent,percentage_points,66.07142857142857,66.07142857142857,0.0,False
ads2_formal_subesco_d17_f3_hubert_base_A,subesco,17,3,hubert_base,15,seen_ce,14,UAR_percent,percentage_points,66.07142857142857,66.07142857142857,0.0,False
ads2_formal_subesco_d17_f3_hubert_base_A,subesco,17,3,hubert_base,15,unseen_ce,5,UAR_percent,percentage_points,51.785714285714285,66.07142857142857,14.285714285714286,False
ads2_formal_subesco_d17_f3_hubert_base_A,subesco,17,3,hubert_base,15,seen_uar,14,UAR_percent,percentage_points,66.07142857142857,66.07142857142857,0.0,False
ads2_formal_subesco_d17_f3_hubert_base_A,subesco,17,3,hubert_base,15,unseen_uar,14,UAR_percent,percentage_points,66.07142857142857,66.07142857142857,0.0,False
ads2_formal_subesco_d17_f4_wavlm_base_plus_A,subesco,17,4,wavlm_base_plus,15,last,15,UAR_percent,percentage_points,42.857142857142854,51.785714285714285,8.928571428571429,False
ads2_formal_subesco_d17_f4_wavlm_base_plus_A,subesco,17,4,wavlm_base_plus,15,seen_ce,12,UAR_percent,percentage_points,51.785714285714285,51.785714285714285,0.0,False
ads2_formal_subesco_d17_f4_wavlm_base_plus_A,subesco,17,4,wavlm_base_plus,15,unseen_ce,7,UAR_percent,percentage_points,42.857142857142854,51.785714285714285,8.928571428571429,False
ads2_formal_subesco_d17_f4_wavlm_base_plus_A,subesco,17,4,wavlm_base_plus,15,seen_uar,15,UAR_percent,percentage_points,42.857142857142854,51.785714285714285,8.928571428571429,False
ads2_formal_subesco_d17_f4_wavlm_base_plus_A,subesco,17,4,wavlm_base_plus,15,unseen_uar,7,UAR_percent,percentage_points,42.857142857142854,51.785714285714285,8.928571428571429,False
ads2_formal_subesco_d17_f4_wavlm_base_plus_A,subesco,17,4,wavlm_base_plus,45,last,45,UAR_percent,percentage_points,46.42857142857143,55.357142857142854,8.928571428571429,False
ads2_formal_subesco_d17_f4_wavlm_base_plus_A,subesco,17,4,wavlm_base_plus,45,seen_ce,12,UAR_percent,percentage_points,51.785714285714285,55.357142857142854,3.5714285714285716,False
ads2_formal_subesco_d17_f4_wavlm_base_plus_A,subesco,17,4,wavlm_base_plus,45,unseen_ce,7,UAR_percent,percentage_points,42.857142857142854,55.357142857142854,12.5,False
ads2_formal_subesco_d17_f4_wavlm_base_plus_A,subesco,17,4,wavlm_base_plus,45,seen_uar,25,UAR_percent,percentage_points,50.0,55.357142857142854,5.357142857142857,False
ads2_formal_subesco_d17_f4_wavlm_base_plus_A,subesco,17,4,wavlm_base_plus,45,unseen_uar,26,UAR_percent,percentage_points,51.785714285714285,55.357142857142854,3.5714285714285716,False
ads2_formal_subesco_d17_f4_hubert_base_A,subesco,17,4,hubert_base,15,last,15,UAR_percent,percentage_points,46.42857142857143,50.0,3.5714285714285716,False
ads2_formal_subesco_d17_f4_hubert_base_A,subesco,17,4,hubert_base,15,seen_ce,12,UAR_percent,percentage_points,42.857142857142854,50.0,7.142857142857143,False
ads2_formal_subesco_d17_f4_hubert_base_A,subesco,17,4,hubert_base,15,unseen_ce,4,UAR_percent,percentage_points,50.0,50.0,0.0,False
ads2_formal_subesco_d17_f4_hubert_base_A,subesco,17,4,hubert_base,15,seen_uar,15,UAR_percent,percentage_points,46.42857142857143,50.0,3.5714285714285716,False
ads2_formal_subesco_d17_f4_hubert_base_A,subesco,17,4,hubert_base,15,unseen_uar,13,UAR_percent,percentage_points,41.07142857142857,50.0,8.928571428571429,False
ads2_formal_subesco_d18_f0_wavlm_base_plus_A,subesco,18,0,wavlm_base_plus,15,last,15,UAR_percent,percentage_points,32.142857142857146,48.214285714285715,16.071428571428573,False
ads2_formal_subesco_d18_f0_wavlm_base_plus_A,subesco,18,0,wavlm_base_plus,15,seen_ce,7,UAR_percent,percentage_points,44.642857142857146,48.214285714285715,3.5714285714285716,False
ads2_formal_subesco_d18_f0_wavlm_base_plus_A,subesco,18,0,wavlm_base_plus,15,unseen_ce,7,UAR_percent,percentage_points,44.642857142857146,48.214285714285715,3.5714285714285716,False
ads2_formal_subesco_d18_f0_wavlm_base_plus_A,subesco,18,0,wavlm_base_plus,15,seen_uar,11,UAR_percent,percentage_points,48.214285714285715,48.214285714285715,0.0,False
ads2_formal_subesco_d18_f0_wavlm_base_plus_A,subesco,18,0,wavlm_base_plus,15,unseen_uar,13,UAR_percent,percentage_points,48.214285714285715,48.214285714285715,0.0,False
ads2_formal_subesco_d18_f0_wavlm_base_plus_A,subesco,18,0,wavlm_base_plus,45,last,45,UAR_percent,percentage_points,44.642857142857146,53.57142857142857,8.928571428571429,False
ads2_formal_subesco_d18_f0_wavlm_base_plus_A,subesco,18,0,wavlm_base_plus,45,seen_ce,7,UAR_percent,percentage_points,44.642857142857146,53.57142857142857,8.928571428571429,False
ads2_formal_subesco_d18_f0_wavlm_base_plus_A,subesco,18,0,wavlm_base_plus,45,unseen_ce,7,UAR_percent,percentage_points,44.642857142857146,53.57142857142857,8.928571428571429,False
ads2_formal_subesco_d18_f0_wavlm_base_plus_A,subesco,18,0,wavlm_base_plus,45,seen_uar,38,UAR_percent,percentage_points,41.07142857142857,53.57142857142857,12.5,False
ads2_formal_subesco_d18_f0_wavlm_base_plus_A,subesco,18,0,wavlm_base_plus,45,unseen_uar,38,UAR_percent,percentage_points,41.07142857142857,53.57142857142857,12.5,False
ads2_formal_subesco_d18_f0_hubert_base_A,subesco,18,0,hubert_base,15,last,15,UAR_percent,percentage_points,44.642857142857146,46.42857142857143,1.7857142857142858,False
ads2_formal_subesco_d18_f0_hubert_base_A,subesco,18,0,hubert_base,15,seen_ce,9,UAR_percent,percentage_points,42.857142857142854,46.42857142857143,3.5714285714285716,False
ads2_formal_subesco_d18_f0_hubert_base_A,subesco,18,0,hubert_base,15,unseen_ce,7,UAR_percent,percentage_points,44.642857142857146,46.42857142857143,1.7857142857142858,False
ads2_formal_subesco_d18_f0_hubert_base_A,subesco,18,0,hubert_base,15,seen_uar,8,UAR_percent,percentage_points,46.42857142857143,46.42857142857143,0.0,False
ads2_formal_subesco_d18_f0_hubert_base_A,subesco,18,0,hubert_base,15,unseen_uar,12,UAR_percent,percentage_points,46.42857142857143,46.42857142857143,0.0,False
ads2_formal_subesco_d18_f1_wavlm_base_plus_A,subesco,18,1,wavlm_base_plus,15,last,15,UAR_percent,percentage_points,62.5,66.07142857142857,3.5714285714285716,False
ads2_formal_subesco_d18_f1_wavlm_base_plus_A,subesco,18,1,wavlm_base_plus,15,seen_ce,13,UAR_percent,percentage_points,66.07142857142857,66.07142857142857,0.0,False
ads2_formal_subesco_d18_f1_wavlm_base_plus_A,subesco,18,1,wavlm_base_plus,15,unseen_ce,10,UAR_percent,percentage_points,60.714285714285715,66.07142857142857,5.357142857142857,False
ads2_formal_subesco_d18_f1_wavlm_base_plus_A,subesco,18,1,wavlm_base_plus,15,seen_uar,14,UAR_percent,percentage_points,62.5,66.07142857142857,3.5714285714285716,False
ads2_formal_subesco_d18_f1_wavlm_base_plus_A,subesco,18,1,wavlm_base_plus,15,unseen_uar,11,UAR_percent,percentage_points,57.142857142857146,66.07142857142857,8.928571428571429,False
ads2_formal_subesco_d18_f1_wavlm_base_plus_A,subesco,18,1,wavlm_base_plus,45,last,45,UAR_percent,percentage_points,57.142857142857146,66.07142857142857,8.928571428571429,False
ads2_formal_subesco_d18_f1_wavlm_base_plus_A,subesco,18,1,wavlm_base_plus,45,seen_ce,13,UAR_percent,percentage_points,66.07142857142857,66.07142857142857,0.0,False
ads2_formal_subesco_d18_f1_wavlm_base_plus_A,subesco,18,1,wavlm_base_plus,45,unseen_ce,10,UAR_percent,percentage_points,60.714285714285715,66.07142857142857,5.357142857142857,False
ads2_formal_subesco_d18_f1_wavlm_base_plus_A,subesco,18,1,wavlm_base_plus,45,seen_uar,14,UAR_percent,percentage_points,62.5,66.07142857142857,3.5714285714285716,False
ads2_formal_subesco_d18_f1_wavlm_base_plus_A,subesco,18,1,wavlm_base_plus,45,unseen_uar,24,UAR_percent,percentage_points,58.92857142857143,66.07142857142857,7.142857142857143,False
ads2_formal_subesco_d18_f1_hubert_base_A,subesco,18,1,hubert_base,15,last,15,UAR_percent,percentage_points,62.5,67.85714285714286,5.357142857142857,False
ads2_formal_subesco_d18_f1_hubert_base_A,subesco,18,1,hubert_base,15,seen_ce,13,UAR_percent,percentage_points,67.85714285714286,67.85714285714286,0.0,False
ads2_formal_subesco_d18_f1_hubert_base_A,subesco,18,1,hubert_base,15,unseen_ce,8,UAR_percent,percentage_points,58.92857142857143,67.85714285714286,8.928571428571429,False
ads2_formal_subesco_d18_f1_hubert_base_A,subesco,18,1,hubert_base,15,seen_uar,14,UAR_percent,percentage_points,57.142857142857146,67.85714285714286,10.714285714285714,False
ads2_formal_subesco_d18_f1_hubert_base_A,subesco,18,1,hubert_base,15,unseen_uar,15,UAR_percent,percentage_points,62.5,67.85714285714286,5.357142857142857,False
ads2_formal_subesco_d18_f2_wavlm_base_plus_A,subesco,18,2,wavlm_base_plus,15,last,15,UAR_percent,percentage_points,44.642857142857146,44.642857142857146,0.0,False
ads2_formal_subesco_d18_f2_wavlm_base_plus_A,subesco,18,2,wavlm_base_plus,15,seen_ce,12,UAR_percent,percentage_points,42.857142857142854,44.642857142857146,1.7857142857142858,False
ads2_formal_subesco_d18_f2_wavlm_base_plus_A,subesco,18,2,wavlm_base_plus,15,unseen_ce,12,UAR_percent,percentage_points,42.857142857142854,44.642857142857146,1.7857142857142858,False
ads2_formal_subesco_d18_f2_wavlm_base_plus_A,subesco,18,2,wavlm_base_plus,15,seen_uar,13,UAR_percent,percentage_points,42.857142857142854,44.642857142857146,1.7857142857142858,False
ads2_formal_subesco_d18_f2_wavlm_base_plus_A,subesco,18,2,wavlm_base_plus,15,unseen_uar,13,UAR_percent,percentage_points,42.857142857142854,44.642857142857146,1.7857142857142858,False
ads2_formal_subesco_d18_f2_wavlm_base_plus_A,subesco,18,2,wavlm_base_plus,45,last,45,UAR_percent,percentage_points,41.07142857142857,44.642857142857146,3.5714285714285716,False
ads2_formal_subesco_d18_f2_wavlm_base_plus_A,subesco,18,2,wavlm_base_plus,45,seen_ce,12,UAR_percent,percentage_points,42.857142857142854,44.642857142857146,1.7857142857142858,False
ads2_formal_subesco_d18_f2_wavlm_base_plus_A,subesco,18,2,wavlm_base_plus,45,unseen_ce,12,UAR_percent,percentage_points,42.857142857142854,44.642857142857146,1.7857142857142858,False
ads2_formal_subesco_d18_f2_wavlm_base_plus_A,subesco,18,2,wavlm_base_plus,45,seen_uar,30,UAR_percent,percentage_points,41.07142857142857,44.642857142857146,3.5714285714285716,False
ads2_formal_subesco_d18_f2_wavlm_base_plus_A,subesco,18,2,wavlm_base_plus,45,unseen_uar,17,UAR_percent,percentage_points,41.07142857142857,44.642857142857146,3.5714285714285716,False
ads2_formal_subesco_d18_f2_hubert_base_A,subesco,18,2,hubert_base,15,last,15,UAR_percent,percentage_points,46.42857142857143,50.0,3.5714285714285716,False
ads2_formal_subesco_d18_f2_hubert_base_A,subesco,18,2,hubert_base,15,seen_ce,8,UAR_percent,percentage_points,44.642857142857146,50.0,5.357142857142857,False
ads2_formal_subesco_d18_f2_hubert_base_A,subesco,18,2,hubert_base,15,unseen_ce,8,UAR_percent,percentage_points,44.642857142857146,50.0,5.357142857142857,False
ads2_formal_subesco_d18_f2_hubert_base_A,subesco,18,2,hubert_base,15,seen_uar,12,UAR_percent,percentage_points,50.0,50.0,0.0,False
ads2_formal_subesco_d18_f2_hubert_base_A,subesco,18,2,hubert_base,15,unseen_uar,13,UAR_percent,percentage_points,42.857142857142854,50.0,7.142857142857143,False
ads2_formal_subesco_d18_f3_wavlm_base_plus_A,subesco,18,3,wavlm_base_plus,15,last,15,UAR_percent,percentage_points,48.214285714285715,50.0,1.7857142857142858,False
ads2_formal_subesco_d18_f3_wavlm_base_plus_A,subesco,18,3,wavlm_base_plus,15,seen_ce,13,UAR_percent,percentage_points,50.0,50.0,0.0,False
ads2_formal_subesco_d18_f3_wavlm_base_plus_A,subesco,18,3,wavlm_base_plus,15,unseen_ce,8,UAR_percent,percentage_points,46.42857142857143,50.0,3.5714285714285716,False
ads2_formal_subesco_d18_f3_wavlm_base_plus_A,subesco,18,3,wavlm_base_plus,15,seen_uar,13,UAR_percent,percentage_points,50.0,50.0,0.0,False
ads2_formal_subesco_d18_f3_wavlm_base_plus_A,subesco,18,3,wavlm_base_plus,15,unseen_uar,15,UAR_percent,percentage_points,48.214285714285715,50.0,1.7857142857142858,False
ads2_formal_subesco_d18_f3_wavlm_base_plus_A,subesco,18,3,wavlm_base_plus,45,last,45,UAR_percent,percentage_points,44.642857142857146,51.785714285714285,7.142857142857143,False
ads2_formal_subesco_d18_f3_wavlm_base_plus_A,subesco,18,3,wavlm_base_plus,45,seen_ce,13,UAR_percent,percentage_points,50.0,51.785714285714285,1.7857142857142858,False
ads2_formal_subesco_d18_f3_wavlm_base_plus_A,subesco,18,3,wavlm_base_plus,45,unseen_ce,8,UAR_percent,percentage_points,46.42857142857143,51.785714285714285,5.357142857142857,False
ads2_formal_subesco_d18_f3_wavlm_base_plus_A,subesco,18,3,wavlm_base_plus,45,seen_uar,13,UAR_percent,percentage_points,50.0,51.785714285714285,1.7857142857142858,False
ads2_formal_subesco_d18_f3_wavlm_base_plus_A,subesco,18,3,wavlm_base_plus,45,unseen_uar,42,UAR_percent,percentage_points,50.0,51.785714285714285,1.7857142857142858,False
ads2_formal_subesco_d18_f3_hubert_base_A,subesco,18,3,hubert_base,15,last,15,UAR_percent,percentage_points,44.642857142857146,50.0,5.357142857142857,False
ads2_formal_subesco_d18_f3_hubert_base_A,subesco,18,3,hubert_base,15,seen_ce,9,UAR_percent,percentage_points,42.857142857142854,50.0,7.142857142857143,False
ads2_formal_subesco_d18_f3_hubert_base_A,subesco,18,3,hubert_base,15,unseen_ce,5,UAR_percent,percentage_points,35.714285714285715,50.0,14.285714285714286,False
ads2_formal_subesco_d18_f3_hubert_base_A,subesco,18,3,hubert_base,15,seen_uar,9,UAR_percent,percentage_points,42.857142857142854,50.0,7.142857142857143,False
ads2_formal_subesco_d18_f3_hubert_base_A,subesco,18,3,hubert_base,15,unseen_uar,15,UAR_percent,percentage_points,44.642857142857146,50.0,5.357142857142857,False
ads2_formal_subesco_d18_f4_wavlm_base_plus_A,subesco,18,4,wavlm_base_plus,15,last,15,UAR_percent,percentage_points,39.285714285714285,46.42857142857143,7.142857142857143,False
ads2_formal_subesco_d18_f4_wavlm_base_plus_A,subesco,18,4,wavlm_base_plus,15,seen_ce,7,UAR_percent,percentage_points,37.5,46.42857142857143,8.928571428571429,False
ads2_formal_subesco_d18_f4_wavlm_base_plus_A,subesco,18,4,wavlm_base_plus,15,unseen_ce,7,UAR_percent,percentage_points,37.5,46.42857142857143,8.928571428571429,False
ads2_formal_subesco_d18_f4_wavlm_base_plus_A,subesco,18,4,wavlm_base_plus,15,seen_uar,15,UAR_percent,percentage_points,39.285714285714285,46.42857142857143,7.142857142857143,False
ads2_formal_subesco_d18_f4_wavlm_base_plus_A,subesco,18,4,wavlm_base_plus,15,unseen_uar,6,UAR_percent,percentage_points,37.5,46.42857142857143,8.928571428571429,False
ads2_formal_subesco_d18_f4_wavlm_base_plus_A,subesco,18,4,wavlm_base_plus,45,last,45,UAR_percent,percentage_points,46.42857142857143,48.214285714285715,1.7857142857142858,False
ads2_formal_subesco_d18_f4_wavlm_base_plus_A,subesco,18,4,wavlm_base_plus,45,seen_ce,7,UAR_percent,percentage_points,37.5,48.214285714285715,10.714285714285714,False
ads2_formal_subesco_d18_f4_wavlm_base_plus_A,subesco,18,4,wavlm_base_plus,45,unseen_ce,7,UAR_percent,percentage_points,37.5,48.214285714285715,10.714285714285714,False
ads2_formal_subesco_d18_f4_wavlm_base_plus_A,subesco,18,4,wavlm_base_plus,45,seen_uar,19,UAR_percent,percentage_points,48.214285714285715,48.214285714285715,0.0,False
ads2_formal_subesco_d18_f4_wavlm_base_plus_A,subesco,18,4,wavlm_base_plus,45,unseen_uar,35,UAR_percent,percentage_points,46.42857142857143,48.214285714285715,1.7857142857142858,False
ads2_formal_subesco_d18_f4_hubert_base_A,subesco,18,4,hubert_base,15,last,15,UAR_percent,percentage_points,39.285714285714285,44.642857142857146,5.357142857142857,False
ads2_formal_subesco_d18_f4_hubert_base_A,subesco,18,4,hubert_base,15,seen_ce,7,UAR_percent,percentage_points,41.07142857142857,44.642857142857146,3.5714285714285716,False
ads2_formal_subesco_d18_f4_hubert_base_A,subesco,18,4,hubert_base,15,unseen_ce,5,UAR_percent,percentage_points,35.714285714285715,44.642857142857146,8.928571428571429,False
ads2_formal_subesco_d18_f4_hubert_base_A,subesco,18,4,hubert_base,15,seen_uar,13,UAR_percent,percentage_points,41.07142857142857,44.642857142857146,3.5714285714285716,False
ads2_formal_subesco_d18_f4_hubert_base_A,subesco,18,4,hubert_base,15,unseen_uar,11,UAR_percent,percentage_points,42.857142857142854,44.642857142857146,1.7857142857142858,False
ads2_formal_subesco_d19_f0_wavlm_base_plus_A,subesco,19,0,wavlm_base_plus,15,last,15,UAR_percent,percentage_points,51.785714285714285,51.785714285714285,0.0,False
ads2_formal_subesco_d19_f0_wavlm_base_plus_A,subesco,19,0,wavlm_base_plus,15,seen_ce,10,UAR_percent,percentage_points,48.214285714285715,51.785714285714285,3.5714285714285716,False
ads2_formal_subesco_d19_f0_wavlm_base_plus_A,subesco,19,0,wavlm_base_plus,15,unseen_ce,9,UAR_percent,percentage_points,46.42857142857143,51.785714285714285,5.357142857142857,False
ads2_formal_subesco_d19_f0_wavlm_base_plus_A,subesco,19,0,wavlm_base_plus,15,seen_uar,15,UAR_percent,percentage_points,51.785714285714285,51.785714285714285,0.0,False
ads2_formal_subesco_d19_f0_wavlm_base_plus_A,subesco,19,0,wavlm_base_plus,15,unseen_uar,9,UAR_percent,percentage_points,46.42857142857143,51.785714285714285,5.357142857142857,False
ads2_formal_subesco_d19_f0_wavlm_base_plus_A,subesco,19,0,wavlm_base_plus,45,last,45,UAR_percent,percentage_points,57.142857142857146,58.92857142857143,1.7857142857142858,False
ads2_formal_subesco_d19_f0_wavlm_base_plus_A,subesco,19,0,wavlm_base_plus,45,seen_ce,10,UAR_percent,percentage_points,48.214285714285715,58.92857142857143,10.714285714285714,False
ads2_formal_subesco_d19_f0_wavlm_base_plus_A,subesco,19,0,wavlm_base_plus,45,unseen_ce,9,UAR_percent,percentage_points,46.42857142857143,58.92857142857143,12.5,False
ads2_formal_subesco_d19_f0_wavlm_base_plus_A,subesco,19,0,wavlm_base_plus,45,seen_uar,37,UAR_percent,percentage_points,53.57142857142857,58.92857142857143,5.357142857142857,False
ads2_formal_subesco_d19_f0_wavlm_base_plus_A,subesco,19,0,wavlm_base_plus,45,unseen_uar,9,UAR_percent,percentage_points,46.42857142857143,58.92857142857143,12.5,False
ads2_formal_subesco_d19_f0_hubert_base_A,subesco,19,0,hubert_base,15,last,15,UAR_percent,percentage_points,50.0,60.714285714285715,10.714285714285714,False
ads2_formal_subesco_d19_f0_hubert_base_A,subesco,19,0,hubert_base,15,seen_ce,12,UAR_percent,percentage_points,51.785714285714285,60.714285714285715,8.928571428571429,False
ads2_formal_subesco_d19_f0_hubert_base_A,subesco,19,0,hubert_base,15,unseen_ce,5,UAR_percent,percentage_points,39.285714285714285,60.714285714285715,21.428571428571427,False
ads2_formal_subesco_d19_f0_hubert_base_A,subesco,19,0,hubert_base,15,seen_uar,14,UAR_percent,percentage_points,57.142857142857146,60.714285714285715,3.5714285714285716,False
ads2_formal_subesco_d19_f0_hubert_base_A,subesco,19,0,hubert_base,15,unseen_uar,13,UAR_percent,percentage_points,60.714285714285715,60.714285714285715,0.0,False
ads2_formal_subesco_d19_f1_wavlm_base_plus_A,subesco,19,1,wavlm_base_plus,15,last,15,UAR_percent,percentage_points,51.785714285714285,51.785714285714285,0.0,False
ads2_formal_subesco_d19_f1_wavlm_base_plus_A,subesco,19,1,wavlm_base_plus,15,seen_ce,15,UAR_percent,percentage_points,51.785714285714285,51.785714285714285,0.0,False
ads2_formal_subesco_d19_f1_wavlm_base_plus_A,subesco,19,1,wavlm_base_plus,15,unseen_ce,7,UAR_percent,percentage_points,44.642857142857146,51.785714285714285,7.142857142857143,False
ads2_formal_subesco_d19_f1_wavlm_base_plus_A,subesco,19,1,wavlm_base_plus,15,seen_uar,14,UAR_percent,percentage_points,48.214285714285715,51.785714285714285,3.5714285714285716,False
ads2_formal_subesco_d19_f1_wavlm_base_plus_A,subesco,19,1,wavlm_base_plus,15,unseen_uar,13,UAR_percent,percentage_points,44.642857142857146,51.785714285714285,7.142857142857143,False
ads2_formal_subesco_d19_f1_wavlm_base_plus_A,subesco,19,1,wavlm_base_plus,45,last,45,UAR_percent,percentage_points,41.07142857142857,53.57142857142857,12.5,False
ads2_formal_subesco_d19_f1_wavlm_base_plus_A,subesco,19,1,wavlm_base_plus,45,seen_ce,32,UAR_percent,percentage_points,46.42857142857143,53.57142857142857,7.142857142857143,False
ads2_formal_subesco_d19_f1_wavlm_base_plus_A,subesco,19,1,wavlm_base_plus,45,unseen_ce,7,UAR_percent,percentage_points,44.642857142857146,53.57142857142857,8.928571428571429,False
ads2_formal_subesco_d19_f1_wavlm_base_plus_A,subesco,19,1,wavlm_base_plus,45,seen_uar,14,UAR_percent,percentage_points,48.214285714285715,53.57142857142857,5.357142857142857,False
ads2_formal_subesco_d19_f1_wavlm_base_plus_A,subesco,19,1,wavlm_base_plus,45,unseen_uar,45,UAR_percent,percentage_points,41.07142857142857,53.57142857142857,12.5,False
ads2_formal_subesco_d19_f1_hubert_base_A,subesco,19,1,hubert_base,15,last,15,UAR_percent,percentage_points,41.07142857142857,44.642857142857146,3.5714285714285716,False
ads2_formal_subesco_d19_f1_hubert_base_A,subesco,19,1,hubert_base,15,seen_ce,8,UAR_percent,percentage_points,41.07142857142857,44.642857142857146,3.5714285714285716,False
ads2_formal_subesco_d19_f1_hubert_base_A,subesco,19,1,hubert_base,15,unseen_ce,5,UAR_percent,percentage_points,42.857142857142854,44.642857142857146,1.7857142857142858,False
ads2_formal_subesco_d19_f1_hubert_base_A,subesco,19,1,hubert_base,15,seen_uar,15,UAR_percent,percentage_points,41.07142857142857,44.642857142857146,3.5714285714285716,False
ads2_formal_subesco_d19_f1_hubert_base_A,subesco,19,1,hubert_base,15,unseen_uar,13,UAR_percent,percentage_points,39.285714285714285,44.642857142857146,5.357142857142857,False
ads2_formal_subesco_d19_f2_wavlm_base_plus_A,subesco,19,2,wavlm_base_plus,15,last,15,UAR_percent,percentage_points,57.142857142857146,58.92857142857143,1.7857142857142858,False
ads2_formal_subesco_d19_f2_wavlm_base_plus_A,subesco,19,2,wavlm_base_plus,15,seen_ce,12,UAR_percent,percentage_points,57.142857142857146,58.92857142857143,1.7857142857142858,False
ads2_formal_subesco_d19_f2_wavlm_base_plus_A,subesco,19,2,wavlm_base_plus,15,unseen_ce,5,UAR_percent,percentage_points,39.285714285714285,58.92857142857143,19.642857142857142,False
ads2_formal_subesco_d19_f2_wavlm_base_plus_A,subesco,19,2,wavlm_base_plus,15,seen_uar,15,UAR_percent,percentage_points,57.142857142857146,58.92857142857143,1.7857142857142858,False
ads2_formal_subesco_d19_f2_wavlm_base_plus_A,subesco,19,2,wavlm_base_plus,15,unseen_uar,15,UAR_percent,percentage_points,57.142857142857146,58.92857142857143,1.7857142857142858,False
ads2_formal_subesco_d19_f2_wavlm_base_plus_A,subesco,19,2,wavlm_base_plus,45,last,45,UAR_percent,percentage_points,55.357142857142854,60.714285714285715,5.357142857142857,False
ads2_formal_subesco_d19_f2_wavlm_base_plus_A,subesco,19,2,wavlm_base_plus,45,seen_ce,12,UAR_percent,percentage_points,57.142857142857146,60.714285714285715,3.5714285714285716,False
ads2_formal_subesco_d19_f2_wavlm_base_plus_A,subesco,19,2,wavlm_base_plus,45,unseen_ce,5,UAR_percent,percentage_points,39.285714285714285,60.714285714285715,21.428571428571427,False
ads2_formal_subesco_d19_f2_wavlm_base_plus_A,subesco,19,2,wavlm_base_plus,45,seen_uar,32,UAR_percent,percentage_points,55.357142857142854,60.714285714285715,5.357142857142857,False
ads2_formal_subesco_d19_f2_wavlm_base_plus_A,subesco,19,2,wavlm_base_plus,45,unseen_uar,28,UAR_percent,percentage_points,51.785714285714285,60.714285714285715,8.928571428571429,False
ads2_formal_subesco_d19_f2_hubert_base_A,subesco,19,2,hubert_base,15,last,15,UAR_percent,percentage_points,50.0,57.142857142857146,7.142857142857143,False
ads2_formal_subesco_d19_f2_hubert_base_A,subesco,19,2,hubert_base,15,seen_ce,8,UAR_percent,percentage_points,53.57142857142857,57.142857142857146,3.5714285714285716,False
ads2_formal_subesco_d19_f2_hubert_base_A,subesco,19,2,hubert_base,15,unseen_ce,5,UAR_percent,percentage_points,48.214285714285715,57.142857142857146,8.928571428571429,False
ads2_formal_subesco_d19_f2_hubert_base_A,subesco,19,2,hubert_base,15,seen_uar,14,UAR_percent,percentage_points,57.142857142857146,57.142857142857146,0.0,False
ads2_formal_subesco_d19_f2_hubert_base_A,subesco,19,2,hubert_base,15,unseen_uar,15,UAR_percent,percentage_points,50.0,57.142857142857146,7.142857142857143,False
ads2_formal_subesco_d19_f3_wavlm_base_plus_A,subesco,19,3,wavlm_base_plus,15,last,15,UAR_percent,percentage_points,37.5,39.285714285714285,1.7857142857142858,False
ads2_formal_subesco_d19_f3_wavlm_base_plus_A,subesco,19,3,wavlm_base_plus,15,seen_ce,14,UAR_percent,percentage_points,37.5,39.285714285714285,1.7857142857142858,False
ads2_formal_subesco_d19_f3_wavlm_base_plus_A,subesco,19,3,wavlm_base_plus,15,unseen_ce,5,UAR_percent,percentage_points,37.5,39.285714285714285,1.7857142857142858,False
ads2_formal_subesco_d19_f3_wavlm_base_plus_A,subesco,19,3,wavlm_base_plus,15,seen_uar,14,UAR_percent,percentage_points,37.5,39.285714285714285,1.7857142857142858,False
ads2_formal_subesco_d19_f3_wavlm_base_plus_A,subesco,19,3,wavlm_base_plus,15,unseen_uar,14,UAR_percent,percentage_points,37.5,39.285714285714285,1.7857142857142858,False
ads2_formal_subesco_d19_f3_wavlm_base_plus_A,subesco,19,3,wavlm_base_plus,45,last,45,UAR_percent,percentage_points,33.92857142857143,42.857142857142854,8.928571428571429,False
ads2_formal_subesco_d19_f3_wavlm_base_plus_A,subesco,19,3,wavlm_base_plus,45,seen_ce,14,UAR_percent,percentage_points,37.5,42.857142857142854,5.357142857142857,False
ads2_formal_subesco_d19_f3_wavlm_base_plus_A,subesco,19,3,wavlm_base_plus,45,unseen_ce,5,UAR_percent,percentage_points,37.5,42.857142857142854,5.357142857142857,False
ads2_formal_subesco_d19_f3_wavlm_base_plus_A,subesco,19,3,wavlm_base_plus,45,seen_uar,18,UAR_percent,percentage_points,35.714285714285715,42.857142857142854,7.142857142857143,False
ads2_formal_subesco_d19_f3_wavlm_base_plus_A,subesco,19,3,wavlm_base_plus,45,unseen_uar,23,UAR_percent,percentage_points,39.285714285714285,42.857142857142854,3.5714285714285716,False
ads2_formal_subesco_d19_f3_hubert_base_A,subesco,19,3,hubert_base,15,last,15,UAR_percent,percentage_points,48.214285714285715,48.214285714285715,0.0,False
ads2_formal_subesco_d19_f3_hubert_base_A,subesco,19,3,hubert_base,15,seen_ce,9,UAR_percent,percentage_points,42.857142857142854,48.214285714285715,5.357142857142857,False
ads2_formal_subesco_d19_f3_hubert_base_A,subesco,19,3,hubert_base,15,unseen_ce,5,UAR_percent,percentage_points,46.42857142857143,48.214285714285715,1.7857142857142858,False
ads2_formal_subesco_d19_f3_hubert_base_A,subesco,19,3,hubert_base,15,seen_uar,13,UAR_percent,percentage_points,48.214285714285715,48.214285714285715,0.0,False
ads2_formal_subesco_d19_f3_hubert_base_A,subesco,19,3,hubert_base,15,unseen_uar,13,UAR_percent,percentage_points,48.214285714285715,48.214285714285715,0.0,False
ads2_formal_subesco_d19_f4_wavlm_base_plus_A,subesco,19,4,wavlm_base_plus,15,last,15,UAR_percent,percentage_points,44.642857142857146,50.0,5.357142857142857,False
ads2_formal_subesco_d19_f4_wavlm_base_plus_A,subesco,19,4,wavlm_base_plus,15,seen_ce,10,UAR_percent,percentage_points,50.0,50.0,0.0,False
ads2_formal_subesco_d19_f4_wavlm_base_plus_A,subesco,19,4,wavlm_base_plus,15,unseen_ce,10,UAR_percent,percentage_points,50.0,50.0,0.0,False
ads2_formal_subesco_d19_f4_wavlm_base_plus_A,subesco,19,4,wavlm_base_plus,15,seen_uar,10,UAR_percent,percentage_points,50.0,50.0,0.0,False
ads2_formal_subesco_d19_f4_wavlm_base_plus_A,subesco,19,4,wavlm_base_plus,15,unseen_uar,10,UAR_percent,percentage_points,50.0,50.0,0.0,False
ads2_formal_subesco_d19_f4_wavlm_base_plus_A,subesco,19,4,wavlm_base_plus,45,last,45,UAR_percent,percentage_points,50.0,51.785714285714285,1.7857142857142858,False
ads2_formal_subesco_d19_f4_wavlm_base_plus_A,subesco,19,4,wavlm_base_plus,45,seen_ce,10,UAR_percent,percentage_points,50.0,51.785714285714285,1.7857142857142858,False
ads2_formal_subesco_d19_f4_wavlm_base_plus_A,subesco,19,4,wavlm_base_plus,45,unseen_ce,10,UAR_percent,percentage_points,50.0,51.785714285714285,1.7857142857142858,False
ads2_formal_subesco_d19_f4_wavlm_base_plus_A,subesco,19,4,wavlm_base_plus,45,seen_uar,20,UAR_percent,percentage_points,51.785714285714285,51.785714285714285,0.0,False
ads2_formal_subesco_d19_f4_wavlm_base_plus_A,subesco,19,4,wavlm_base_plus,45,unseen_uar,17,UAR_percent,percentage_points,48.214285714285715,51.785714285714285,3.5714285714285716,False
ads2_formal_subesco_d19_f4_hubert_base_A,subesco,19,4,hubert_base,15,last,15,UAR_percent,percentage_points,46.42857142857143,53.57142857142857,7.142857142857143,False
ads2_formal_subesco_d19_f4_hubert_base_A,subesco,19,4,hubert_base,15,seen_ce,10,UAR_percent,percentage_points,53.57142857142857,53.57142857142857,0.0,False
ads2_formal_subesco_d19_f4_hubert_base_A,subesco,19,4,hubert_base,15,unseen_ce,5,UAR_percent,percentage_points,41.07142857142857,53.57142857142857,12.5,False
ads2_formal_subesco_d19_f4_hubert_base_A,subesco,19,4,hubert_base,15,seen_uar,13,UAR_percent,percentage_points,53.57142857142857,53.57142857142857,0.0,False
ads2_formal_subesco_d19_f4_hubert_base_A,subesco,19,4,hubert_base,15,unseen_uar,13,UAR_percent,percentage_points,53.57142857142857,53.57142857142857,0.0,False
ads2_formal_subesco_d20_f0_wavlm_base_plus_A,subesco,20,0,wavlm_base_plus,15,last,15,UAR_percent,percentage_points,46.42857142857143,55.357142857142854,8.928571428571429,False
ads2_formal_subesco_d20_f0_wavlm_base_plus_A,subesco,20,0,wavlm_base_plus,15,seen_ce,9,UAR_percent,percentage_points,55.357142857142854,55.357142857142854,0.0,False
ads2_formal_subesco_d20_f0_wavlm_base_plus_A,subesco,20,0,wavlm_base_plus,15,unseen_ce,9,UAR_percent,percentage_points,55.357142857142854,55.357142857142854,0.0,False
ads2_formal_subesco_d20_f0_wavlm_base_plus_A,subesco,20,0,wavlm_base_plus,15,seen_uar,15,UAR_percent,percentage_points,46.42857142857143,55.357142857142854,8.928571428571429,False
ads2_formal_subesco_d20_f0_wavlm_base_plus_A,subesco,20,0,wavlm_base_plus,15,unseen_uar,13,UAR_percent,percentage_points,46.42857142857143,55.357142857142854,8.928571428571429,False
ads2_formal_subesco_d20_f0_wavlm_base_plus_A,subesco,20,0,wavlm_base_plus,45,last,45,UAR_percent,percentage_points,48.214285714285715,55.357142857142854,7.142857142857143,False
ads2_formal_subesco_d20_f0_wavlm_base_plus_A,subesco,20,0,wavlm_base_plus,45,seen_ce,9,UAR_percent,percentage_points,55.357142857142854,55.357142857142854,0.0,False
ads2_formal_subesco_d20_f0_wavlm_base_plus_A,subesco,20,0,wavlm_base_plus,45,unseen_ce,9,UAR_percent,percentage_points,55.357142857142854,55.357142857142854,0.0,False
ads2_formal_subesco_d20_f0_wavlm_base_plus_A,subesco,20,0,wavlm_base_plus,45,seen_uar,27,UAR_percent,percentage_points,46.42857142857143,55.357142857142854,8.928571428571429,False
ads2_formal_subesco_d20_f0_wavlm_base_plus_A,subesco,20,0,wavlm_base_plus,45,unseen_uar,30,UAR_percent,percentage_points,46.42857142857143,55.357142857142854,8.928571428571429,False
ads2_formal_subesco_d20_f0_hubert_base_A,subesco,20,0,hubert_base,15,last,15,UAR_percent,percentage_points,48.214285714285715,50.0,1.7857142857142858,False
ads2_formal_subesco_d20_f0_hubert_base_A,subesco,20,0,hubert_base,15,seen_ce,7,UAR_percent,percentage_points,41.07142857142857,50.0,8.928571428571429,False
ads2_formal_subesco_d20_f0_hubert_base_A,subesco,20,0,hubert_base,15,unseen_ce,3,UAR_percent,percentage_points,35.714285714285715,50.0,14.285714285714286,False
ads2_formal_subesco_d20_f0_hubert_base_A,subesco,20,0,hubert_base,15,seen_uar,13,UAR_percent,percentage_points,50.0,50.0,0.0,False
ads2_formal_subesco_d20_f0_hubert_base_A,subesco,20,0,hubert_base,15,unseen_uar,15,UAR_percent,percentage_points,48.214285714285715,50.0,1.7857142857142858,False
ads2_formal_subesco_d20_f1_wavlm_base_plus_A,subesco,20,1,wavlm_base_plus,15,last,15,UAR_percent,percentage_points,55.357142857142854,55.357142857142854,0.0,False
ads2_formal_subesco_d20_f1_wavlm_base_plus_A,subesco,20,1,wavlm_base_plus,15,seen_ce,8,UAR_percent,percentage_points,50.0,55.357142857142854,5.357142857142857,False
ads2_formal_subesco_d20_f1_wavlm_base_plus_A,subesco,20,1,wavlm_base_plus,15,unseen_ce,8,UAR_percent,percentage_points,50.0,55.357142857142854,5.357142857142857,False
ads2_formal_subesco_d20_f1_wavlm_base_plus_A,subesco,20,1,wavlm_base_plus,15,seen_uar,15,UAR_percent,percentage_points,55.357142857142854,55.357142857142854,0.0,False
ads2_formal_subesco_d20_f1_wavlm_base_plus_A,subesco,20,1,wavlm_base_plus,15,unseen_uar,15,UAR_percent,percentage_points,55.357142857142854,55.357142857142854,0.0,False
ads2_formal_subesco_d20_f1_wavlm_base_plus_A,subesco,20,1,wavlm_base_plus,45,last,45,UAR_percent,percentage_points,48.214285714285715,57.142857142857146,8.928571428571429,False
ads2_formal_subesco_d20_f1_wavlm_base_plus_A,subesco,20,1,wavlm_base_plus,45,seen_ce,8,UAR_percent,percentage_points,50.0,57.142857142857146,7.142857142857143,False
ads2_formal_subesco_d20_f1_wavlm_base_plus_A,subesco,20,1,wavlm_base_plus,45,unseen_ce,8,UAR_percent,percentage_points,50.0,57.142857142857146,7.142857142857143,False
ads2_formal_subesco_d20_f1_wavlm_base_plus_A,subesco,20,1,wavlm_base_plus,45,seen_uar,44,UAR_percent,percentage_points,57.142857142857146,57.142857142857146,0.0,False
ads2_formal_subesco_d20_f1_wavlm_base_plus_A,subesco,20,1,wavlm_base_plus,45,unseen_uar,16,UAR_percent,percentage_points,55.357142857142854,57.142857142857146,1.7857142857142858,False
ads2_formal_subesco_d20_f1_hubert_base_A,subesco,20,1,hubert_base,15,last,15,UAR_percent,percentage_points,58.92857142857143,60.714285714285715,1.7857142857142858,False
ads2_formal_subesco_d20_f1_hubert_base_A,subesco,20,1,hubert_base,15,seen_ce,15,UAR_percent,percentage_points,58.92857142857143,60.714285714285715,1.7857142857142858,False
ads2_formal_subesco_d20_f1_hubert_base_A,subesco,20,1,hubert_base,15,unseen_ce,7,UAR_percent,percentage_points,51.785714285714285,60.714285714285715,8.928571428571429,False
ads2_formal_subesco_d20_f1_hubert_base_A,subesco,20,1,hubert_base,15,seen_uar,15,UAR_percent,percentage_points,58.92857142857143,60.714285714285715,1.7857142857142858,False
ads2_formal_subesco_d20_f1_hubert_base_A,subesco,20,1,hubert_base,15,unseen_uar,15,UAR_percent,percentage_points,58.92857142857143,60.714285714285715,1.7857142857142858,False
ads2_formal_subesco_d20_f2_wavlm_base_plus_A,subesco,20,2,wavlm_base_plus,15,last,15,UAR_percent,percentage_points,37.5,50.0,12.5,False
ads2_formal_subesco_d20_f2_wavlm_base_plus_A,subesco,20,2,wavlm_base_plus,15,seen_ce,8,UAR_percent,percentage_points,50.0,50.0,0.0,False
ads2_formal_subesco_d20_f2_wavlm_base_plus_A,subesco,20,2,wavlm_base_plus,15,unseen_ce,5,UAR_percent,percentage_points,37.5,50.0,12.5,False
ads2_formal_subesco_d20_f2_wavlm_base_plus_A,subesco,20,2,wavlm_base_plus,15,seen_uar,8,UAR_percent,percentage_points,50.0,50.0,0.0,False
ads2_formal_subesco_d20_f2_wavlm_base_plus_A,subesco,20,2,wavlm_base_plus,15,unseen_uar,13,UAR_percent,percentage_points,44.642857142857146,50.0,5.357142857142857,False
ads2_formal_subesco_d20_f2_wavlm_base_plus_A,subesco,20,2,wavlm_base_plus,45,last,45,UAR_percent,percentage_points,46.42857142857143,50.0,3.5714285714285716,False
ads2_formal_subesco_d20_f2_wavlm_base_plus_A,subesco,20,2,wavlm_base_plus,45,seen_ce,8,UAR_percent,percentage_points,50.0,50.0,0.0,False
ads2_formal_subesco_d20_f2_wavlm_base_plus_A,subesco,20,2,wavlm_base_plus,45,unseen_ce,5,UAR_percent,percentage_points,37.5,50.0,12.5,False
ads2_formal_subesco_d20_f2_wavlm_base_plus_A,subesco,20,2,wavlm_base_plus,45,seen_uar,42,UAR_percent,percentage_points,46.42857142857143,50.0,3.5714285714285716,False
ads2_formal_subesco_d20_f2_wavlm_base_plus_A,subesco,20,2,wavlm_base_plus,45,unseen_uar,13,UAR_percent,percentage_points,44.642857142857146,50.0,5.357142857142857,False
ads2_formal_subesco_d20_f2_hubert_base_A,subesco,20,2,hubert_base,15,last,15,UAR_percent,percentage_points,46.42857142857143,51.785714285714285,5.357142857142857,False
ads2_formal_subesco_d20_f2_hubert_base_A,subesco,20,2,hubert_base,15,seen_ce,7,UAR_percent,percentage_points,46.42857142857143,51.785714285714285,5.357142857142857,False
ads2_formal_subesco_d20_f2_hubert_base_A,subesco,20,2,hubert_base,15,unseen_ce,5,UAR_percent,percentage_points,48.214285714285715,51.785714285714285,3.5714285714285716,False
ads2_formal_subesco_d20_f2_hubert_base_A,subesco,20,2,hubert_base,15,seen_uar,14,UAR_percent,percentage_points,50.0,51.785714285714285,1.7857142857142858,False
ads2_formal_subesco_d20_f2_hubert_base_A,subesco,20,2,hubert_base,15,unseen_uar,13,UAR_percent,percentage_points,44.642857142857146,51.785714285714285,7.142857142857143,False
ads2_formal_subesco_d20_f3_wavlm_base_plus_A,subesco,20,3,wavlm_base_plus,15,last,15,UAR_percent,percentage_points,37.5,39.285714285714285,1.7857142857142858,False
ads2_formal_subesco_d20_f3_wavlm_base_plus_A,subesco,20,3,wavlm_base_plus,15,seen_ce,6,UAR_percent,percentage_points,32.142857142857146,39.285714285714285,7.142857142857143,False
ads2_formal_subesco_d20_f3_wavlm_base_plus_A,subesco,20,3,wavlm_base_plus,15,unseen_ce,7,UAR_percent,percentage_points,28.571428571428573,39.285714285714285,10.714285714285714,False
ads2_formal_subesco_d20_f3_wavlm_base_plus_A,subesco,20,3,wavlm_base_plus,15,seen_uar,12,UAR_percent,percentage_points,39.285714285714285,39.285714285714285,0.0,False
ads2_formal_subesco_d20_f3_wavlm_base_plus_A,subesco,20,3,wavlm_base_plus,15,unseen_uar,13,UAR_percent,percentage_points,39.285714285714285,39.285714285714285,0.0,False
ads2_formal_subesco_d20_f3_wavlm_base_plus_A,subesco,20,3,wavlm_base_plus,45,last,45,UAR_percent,percentage_points,37.5,41.07142857142857,3.5714285714285716,False
ads2_formal_subesco_d20_f3_wavlm_base_plus_A,subesco,20,3,wavlm_base_plus,45,seen_ce,6,UAR_percent,percentage_points,32.142857142857146,41.07142857142857,8.928571428571429,False
ads2_formal_subesco_d20_f3_wavlm_base_plus_A,subesco,20,3,wavlm_base_plus,45,unseen_ce,7,UAR_percent,percentage_points,28.571428571428573,41.07142857142857,12.5,False
ads2_formal_subesco_d20_f3_wavlm_base_plus_A,subesco,20,3,wavlm_base_plus,45,seen_uar,16,UAR_percent,percentage_points,41.07142857142857,41.07142857142857,0.0,False
ads2_formal_subesco_d20_f3_wavlm_base_plus_A,subesco,20,3,wavlm_base_plus,45,unseen_uar,16,UAR_percent,percentage_points,41.07142857142857,41.07142857142857,0.0,False
ads2_formal_subesco_d20_f3_hubert_base_A,subesco,20,3,hubert_base,15,last,15,UAR_percent,percentage_points,41.07142857142857,46.42857142857143,5.357142857142857,False
ads2_formal_subesco_d20_f3_hubert_base_A,subesco,20,3,hubert_base,15,seen_ce,6,UAR_percent,percentage_points,39.285714285714285,46.42857142857143,7.142857142857143,False
ads2_formal_subesco_d20_f3_hubert_base_A,subesco,20,3,hubert_base,15,unseen_ce,5,UAR_percent,percentage_points,35.714285714285715,46.42857142857143,10.714285714285714,False
ads2_formal_subesco_d20_f3_hubert_base_A,subesco,20,3,hubert_base,15,seen_uar,11,UAR_percent,percentage_points,44.642857142857146,46.42857142857143,1.7857142857142858,False
ads2_formal_subesco_d20_f3_hubert_base_A,subesco,20,3,hubert_base,15,unseen_uar,13,UAR_percent,percentage_points,39.285714285714285,46.42857142857143,7.142857142857143,False
ads2_formal_subesco_d20_f4_wavlm_base_plus_A,subesco,20,4,wavlm_base_plus,15,last,15,UAR_percent,percentage_points,50.0,58.92857142857143,8.928571428571429,False
ads2_formal_subesco_d20_f4_wavlm_base_plus_A,subesco,20,4,wavlm_base_plus,15,seen_ce,12,UAR_percent,percentage_points,48.214285714285715,58.92857142857143,10.714285714285714,False
ads2_formal_subesco_d20_f4_wavlm_base_plus_A,subesco,20,4,wavlm_base_plus,15,unseen_ce,12,UAR_percent,percentage_points,48.214285714285715,58.92857142857143,10.714285714285714,False
ads2_formal_subesco_d20_f4_wavlm_base_plus_A,subesco,20,4,wavlm_base_plus,15,seen_uar,13,UAR_percent,percentage_points,50.0,58.92857142857143,8.928571428571429,False
ads2_formal_subesco_d20_f4_wavlm_base_plus_A,subesco,20,4,wavlm_base_plus,15,unseen_uar,8,UAR_percent,percentage_points,46.42857142857143,58.92857142857143,12.5,False
ads2_formal_subesco_d20_f4_wavlm_base_plus_A,subesco,20,4,wavlm_base_plus,45,last,45,UAR_percent,percentage_points,44.642857142857146,58.92857142857143,14.285714285714286,False
ads2_formal_subesco_d20_f4_wavlm_base_plus_A,subesco,20,4,wavlm_base_plus,45,seen_ce,16,UAR_percent,percentage_points,51.785714285714285,58.92857142857143,7.142857142857143,False
ads2_formal_subesco_d20_f4_wavlm_base_plus_A,subesco,20,4,wavlm_base_plus,45,unseen_ce,12,UAR_percent,percentage_points,48.214285714285715,58.92857142857143,10.714285714285714,False
ads2_formal_subesco_d20_f4_wavlm_base_plus_A,subesco,20,4,wavlm_base_plus,45,seen_uar,32,UAR_percent,percentage_points,44.642857142857146,58.92857142857143,14.285714285714286,False
ads2_formal_subesco_d20_f4_wavlm_base_plus_A,subesco,20,4,wavlm_base_plus,45,unseen_uar,37,UAR_percent,percentage_points,44.642857142857146,58.92857142857143,14.285714285714286,False
ads2_formal_subesco_d20_f4_hubert_base_A,subesco,20,4,hubert_base,15,last,15,UAR_percent,percentage_points,51.785714285714285,51.785714285714285,0.0,False
ads2_formal_subesco_d20_f4_hubert_base_A,subesco,20,4,hubert_base,15,seen_ce,8,UAR_percent,percentage_points,41.07142857142857,51.785714285714285,10.714285714285714,False
ads2_formal_subesco_d20_f4_hubert_base_A,subesco,20,4,hubert_base,15,unseen_ce,8,UAR_percent,percentage_points,41.07142857142857,51.785714285714285,10.714285714285714,False
ads2_formal_subesco_d20_f4_hubert_base_A,subesco,20,4,hubert_base,15,seen_uar,14,UAR_percent,percentage_points,50.0,51.785714285714285,1.7857142857142858,False
ads2_formal_subesco_d20_f4_hubert_base_A,subesco,20,4,hubert_base,15,unseen_uar,14,UAR_percent,percentage_points,50.0,51.785714285714285,1.7857142857142858,False
ads2_formal_subesco_d21_f0_wavlm_base_plus_A,subesco,21,0,wavlm_base_plus,15,last,15,UAR_percent,percentage_points,41.07142857142857,53.57142857142857,12.5,False
ads2_formal_subesco_d21_f0_wavlm_base_plus_A,subesco,21,0,wavlm_base_plus,15,seen_ce,7,UAR_percent,percentage_points,53.57142857142857,53.57142857142857,0.0,False
ads2_formal_subesco_d21_f0_wavlm_base_plus_A,subesco,21,0,wavlm_base_plus,15,unseen_ce,7,UAR_percent,percentage_points,53.57142857142857,53.57142857142857,0.0,False
ads2_formal_subesco_d21_f0_wavlm_base_plus_A,subesco,21,0,wavlm_base_plus,15,seen_uar,15,UAR_percent,percentage_points,41.07142857142857,53.57142857142857,12.5,False
ads2_formal_subesco_d21_f0_wavlm_base_plus_A,subesco,21,0,wavlm_base_plus,15,unseen_uar,7,UAR_percent,percentage_points,53.57142857142857,53.57142857142857,0.0,False
ads2_formal_subesco_d21_f0_wavlm_base_plus_A,subesco,21,0,wavlm_base_plus,45,last,45,UAR_percent,percentage_points,37.5,53.57142857142857,16.071428571428573,False
ads2_formal_subesco_d21_f0_wavlm_base_plus_A,subesco,21,0,wavlm_base_plus,45,seen_ce,7,UAR_percent,percentage_points,53.57142857142857,53.57142857142857,0.0,False
ads2_formal_subesco_d21_f0_wavlm_base_plus_A,subesco,21,0,wavlm_base_plus,45,unseen_ce,7,UAR_percent,percentage_points,53.57142857142857,53.57142857142857,0.0,False
ads2_formal_subesco_d21_f0_wavlm_base_plus_A,subesco,21,0,wavlm_base_plus,45,seen_uar,44,UAR_percent,percentage_points,39.285714285714285,53.57142857142857,14.285714285714286,False
ads2_formal_subesco_d21_f0_wavlm_base_plus_A,subesco,21,0,wavlm_base_plus,45,unseen_uar,7,UAR_percent,percentage_points,53.57142857142857,53.57142857142857,0.0,False
ads2_formal_subesco_d21_f0_hubert_base_A,subesco,21,0,hubert_base,15,last,15,UAR_percent,percentage_points,42.857142857142854,60.714285714285715,17.857142857142858,False
ads2_formal_subesco_d21_f0_hubert_base_A,subesco,21,0,hubert_base,15,seen_ce,10,UAR_percent,percentage_points,51.785714285714285,60.714285714285715,8.928571428571429,False
ads2_formal_subesco_d21_f0_hubert_base_A,subesco,21,0,hubert_base,15,unseen_ce,3,UAR_percent,percentage_points,37.5,60.714285714285715,23.214285714285715,False
ads2_formal_subesco_d21_f0_hubert_base_A,subesco,21,0,hubert_base,15,seen_uar,10,UAR_percent,percentage_points,51.785714285714285,60.714285714285715,8.928571428571429,False
ads2_formal_subesco_d21_f0_hubert_base_A,subesco,21,0,hubert_base,15,unseen_uar,8,UAR_percent,percentage_points,44.642857142857146,60.714285714285715,16.071428571428573,False
ads2_formal_subesco_d21_f1_wavlm_base_plus_A,subesco,21,1,wavlm_base_plus,15,last,15,UAR_percent,percentage_points,51.785714285714285,51.785714285714285,0.0,False
ads2_formal_subesco_d21_f1_wavlm_base_plus_A,subesco,21,1,wavlm_base_plus,15,seen_ce,12,UAR_percent,percentage_points,50.0,51.785714285714285,1.7857142857142858,False
ads2_formal_subesco_d21_f1_wavlm_base_plus_A,subesco,21,1,wavlm_base_plus,15,unseen_ce,10,UAR_percent,percentage_points,48.214285714285715,51.785714285714285,3.5714285714285716,False
ads2_formal_subesco_d21_f1_wavlm_base_plus_A,subesco,21,1,wavlm_base_plus,15,seen_uar,15,UAR_percent,percentage_points,51.785714285714285,51.785714285714285,0.0,False
ads2_formal_subesco_d21_f1_wavlm_base_plus_A,subesco,21,1,wavlm_base_plus,15,unseen_uar,15,UAR_percent,percentage_points,51.785714285714285,51.785714285714285,0.0,False
ads2_formal_subesco_d21_f1_wavlm_base_plus_A,subesco,21,1,wavlm_base_plus,45,last,45,UAR_percent,percentage_points,37.5,51.785714285714285,14.285714285714286,False
ads2_formal_subesco_d21_f1_wavlm_base_plus_A,subesco,21,1,wavlm_base_plus,45,seen_ce,12,UAR_percent,percentage_points,50.0,51.785714285714285,1.7857142857142858,False
ads2_formal_subesco_d21_f1_wavlm_base_plus_A,subesco,21,1,wavlm_base_plus,45,unseen_ce,10,UAR_percent,percentage_points,48.214285714285715,51.785714285714285,3.5714285714285716,False
ads2_formal_subesco_d21_f1_wavlm_base_plus_A,subesco,21,1,wavlm_base_plus,45,seen_uar,25,UAR_percent,percentage_points,41.07142857142857,51.785714285714285,10.714285714285714,False
ads2_formal_subesco_d21_f1_wavlm_base_plus_A,subesco,21,1,wavlm_base_plus,45,unseen_uar,20,UAR_percent,percentage_points,44.642857142857146,51.785714285714285,7.142857142857143,False
ads2_formal_subesco_d21_f1_hubert_base_A,subesco,21,1,hubert_base,15,last,15,UAR_percent,percentage_points,39.285714285714285,46.42857142857143,7.142857142857143,False
ads2_formal_subesco_d21_f1_hubert_base_A,subesco,21,1,hubert_base,15,seen_ce,8,UAR_percent,percentage_points,46.42857142857143,46.42857142857143,0.0,False
ads2_formal_subesco_d21_f1_hubert_base_A,subesco,21,1,hubert_base,15,unseen_ce,7,UAR_percent,percentage_points,42.857142857142854,46.42857142857143,3.5714285714285716,False
ads2_formal_subesco_d21_f1_hubert_base_A,subesco,21,1,hubert_base,15,seen_uar,7,UAR_percent,percentage_points,42.857142857142854,46.42857142857143,3.5714285714285716,False
ads2_formal_subesco_d21_f1_hubert_base_A,subesco,21,1,hubert_base,15,unseen_uar,8,UAR_percent,percentage_points,46.42857142857143,46.42857142857143,0.0,False
ads2_formal_subesco_d21_f2_wavlm_base_plus_A,subesco,21,2,wavlm_base_plus,15,last,15,UAR_percent,percentage_points,46.42857142857143,48.214285714285715,1.7857142857142858,False
ads2_formal_subesco_d21_f2_wavlm_base_plus_A,subesco,21,2,wavlm_base_plus,15,seen_ce,13,UAR_percent,percentage_points,41.07142857142857,48.214285714285715,7.142857142857143,False
ads2_formal_subesco_d21_f2_wavlm_base_plus_A,subesco,21,2,wavlm_base_plus,15,unseen_ce,10,UAR_percent,percentage_points,44.642857142857146,48.214285714285715,3.5714285714285716,False
ads2_formal_subesco_d21_f2_wavlm_base_plus_A,subesco,21,2,wavlm_base_plus,15,seen_uar,15,UAR_percent,percentage_points,46.42857142857143,48.214285714285715,1.7857142857142858,False
ads2_formal_subesco_d21_f2_wavlm_base_plus_A,subesco,21,2,wavlm_base_plus,15,unseen_uar,12,UAR_percent,percentage_points,39.285714285714285,48.214285714285715,8.928571428571429,False
ads2_formal_subesco_d21_f2_wavlm_base_plus_A,subesco,21,2,wavlm_base_plus,45,last,45,UAR_percent,percentage_points,46.42857142857143,48.214285714285715,1.7857142857142858,False
ads2_formal_subesco_d21_f2_wavlm_base_plus_A,subesco,21,2,wavlm_base_plus,45,seen_ce,13,UAR_percent,percentage_points,41.07142857142857,48.214285714285715,7.142857142857143,False
ads2_formal_subesco_d21_f2_wavlm_base_plus_A,subesco,21,2,wavlm_base_plus,45,unseen_ce,10,UAR_percent,percentage_points,44.642857142857146,48.214285714285715,3.5714285714285716,False
ads2_formal_subesco_d21_f2_wavlm_base_plus_A,subesco,21,2,wavlm_base_plus,45,seen_uar,29,UAR_percent,percentage_points,46.42857142857143,48.214285714285715,1.7857142857142858,False
ads2_formal_subesco_d21_f2_wavlm_base_plus_A,subesco,21,2,wavlm_base_plus,45,unseen_uar,16,UAR_percent,percentage_points,46.42857142857143,48.214285714285715,1.7857142857142858,False
ads2_formal_subesco_d21_f2_hubert_base_A,subesco,21,2,hubert_base,15,last,15,UAR_percent,percentage_points,58.92857142857143,58.92857142857143,0.0,False
ads2_formal_subesco_d21_f2_hubert_base_A,subesco,21,2,hubert_base,15,seen_ce,14,UAR_percent,percentage_points,57.142857142857146,58.92857142857143,1.7857142857142858,False
ads2_formal_subesco_d21_f2_hubert_base_A,subesco,21,2,hubert_base,15,unseen_ce,7,UAR_percent,percentage_points,41.07142857142857,58.92857142857143,17.857142857142858,False
ads2_formal_subesco_d21_f2_hubert_base_A,subesco,21,2,hubert_base,15,seen_uar,14,UAR_percent,percentage_points,57.142857142857146,58.92857142857143,1.7857142857142858,False
ads2_formal_subesco_d21_f2_hubert_base_A,subesco,21,2,hubert_base,15,unseen_uar,14,UAR_percent,percentage_points,57.142857142857146,58.92857142857143,1.7857142857142858,False
ads2_formal_subesco_d21_f3_wavlm_base_plus_A,subesco,21,3,wavlm_base_plus,15,last,15,UAR_percent,percentage_points,44.642857142857146,51.785714285714285,7.142857142857143,False
ads2_formal_subesco_d21_f3_wavlm_base_plus_A,subesco,21,3,wavlm_base_plus,15,seen_ce,12,UAR_percent,percentage_points,51.785714285714285,51.785714285714285,0.0,False
ads2_formal_subesco_d21_f3_wavlm_base_plus_A,subesco,21,3,wavlm_base_plus,15,unseen_ce,7,UAR_percent,percentage_points,41.07142857142857,51.785714285714285,10.714285714285714,False
ads2_formal_subesco_d21_f3_wavlm_base_plus_A,subesco,21,3,wavlm_base_plus,15,seen_uar,12,UAR_percent,percentage_points,51.785714285714285,51.785714285714285,0.0,False
ads2_formal_subesco_d21_f3_wavlm_base_plus_A,subesco,21,3,wavlm_base_plus,15,unseen_uar,15,UAR_percent,percentage_points,44.642857142857146,51.785714285714285,7.142857142857143,False
ads2_formal_subesco_d21_f3_wavlm_base_plus_A,subesco,21,3,wavlm_base_plus,45,last,45,UAR_percent,percentage_points,50.0,57.142857142857146,7.142857142857143,False
ads2_formal_subesco_d21_f3_wavlm_base_plus_A,subesco,21,3,wavlm_base_plus,45,seen_ce,12,UAR_percent,percentage_points,51.785714285714285,57.142857142857146,5.357142857142857,False
ads2_formal_subesco_d21_f3_wavlm_base_plus_A,subesco,21,3,wavlm_base_plus,45,unseen_ce,7,UAR_percent,percentage_points,41.07142857142857,57.142857142857146,16.071428571428573,False
ads2_formal_subesco_d21_f3_wavlm_base_plus_A,subesco,21,3,wavlm_base_plus,45,seen_uar,33,UAR_percent,percentage_points,53.57142857142857,57.142857142857146,3.5714285714285716,False
ads2_formal_subesco_d21_f3_wavlm_base_plus_A,subesco,21,3,wavlm_base_plus,45,unseen_uar,22,UAR_percent,percentage_points,48.214285714285715,57.142857142857146,8.928571428571429,False
ads2_formal_subesco_d21_f3_hubert_base_A,subesco,21,3,hubert_base,15,last,15,UAR_percent,percentage_points,37.5,48.214285714285715,10.714285714285714,False
ads2_formal_subesco_d21_f3_hubert_base_A,subesco,21,3,hubert_base,15,seen_ce,5,UAR_percent,percentage_points,44.642857142857146,48.214285714285715,3.5714285714285716,False
ads2_formal_subesco_d21_f3_hubert_base_A,subesco,21,3,hubert_base,15,unseen_ce,10,UAR_percent,percentage_points,37.5,48.214285714285715,10.714285714285714,False
ads2_formal_subesco_d21_f3_hubert_base_A,subesco,21,3,hubert_base,15,seen_uar,14,UAR_percent,percentage_points,42.857142857142854,48.214285714285715,5.357142857142857,False
ads2_formal_subesco_d21_f3_hubert_base_A,subesco,21,3,hubert_base,15,unseen_uar,12,UAR_percent,percentage_points,44.642857142857146,48.214285714285715,3.5714285714285716,False
ads2_formal_subesco_d21_f4_wavlm_base_plus_A,subesco,21,4,wavlm_base_plus,15,last,15,UAR_percent,percentage_points,33.92857142857143,37.5,3.5714285714285716,False
ads2_formal_subesco_d21_f4_wavlm_base_plus_A,subesco,21,4,wavlm_base_plus,15,seen_ce,6,UAR_percent,percentage_points,32.142857142857146,37.5,5.357142857142857,False
ads2_formal_subesco_d21_f4_wavlm_base_plus_A,subesco,21,4,wavlm_base_plus,15,unseen_ce,2,UAR_percent,percentage_points,26.785714285714285,37.5,10.714285714285714,False
ads2_formal_subesco_d21_f4_wavlm_base_plus_A,subesco,21,4,wavlm_base_plus,15,seen_uar,12,UAR_percent,percentage_points,37.5,37.5,0.0,False
ads2_formal_subesco_d21_f4_wavlm_base_plus_A,subesco,21,4,wavlm_base_plus,15,unseen_uar,15,UAR_percent,percentage_points,33.92857142857143,37.5,3.5714285714285716,False
ads2_formal_subesco_d21_f4_wavlm_base_plus_A,subesco,21,4,wavlm_base_plus,45,last,45,UAR_percent,percentage_points,33.92857142857143,41.07142857142857,7.142857142857143,False
ads2_formal_subesco_d21_f4_wavlm_base_plus_A,subesco,21,4,wavlm_base_plus,45,seen_ce,6,UAR_percent,percentage_points,32.142857142857146,41.07142857142857,8.928571428571429,False
ads2_formal_subesco_d21_f4_wavlm_base_plus_A,subesco,21,4,wavlm_base_plus,45,unseen_ce,2,UAR_percent,percentage_points,26.785714285714285,41.07142857142857,14.285714285714286,False
ads2_formal_subesco_d21_f4_wavlm_base_plus_A,subesco,21,4,wavlm_base_plus,45,seen_uar,32,UAR_percent,percentage_points,37.5,41.07142857142857,3.5714285714285716,False
ads2_formal_subesco_d21_f4_wavlm_base_plus_A,subesco,21,4,wavlm_base_plus,45,unseen_uar,20,UAR_percent,percentage_points,41.07142857142857,41.07142857142857,0.0,False
ads2_formal_subesco_d21_f4_hubert_base_A,subesco,21,4,hubert_base,15,last,15,UAR_percent,percentage_points,48.214285714285715,50.0,1.7857142857142858,False
ads2_formal_subesco_d21_f4_hubert_base_A,subesco,21,4,hubert_base,15,seen_ce,8,UAR_percent,percentage_points,42.857142857142854,50.0,7.142857142857143,False
ads2_formal_subesco_d21_f4_hubert_base_A,subesco,21,4,hubert_base,15,unseen_ce,8,UAR_percent,percentage_points,42.857142857142854,50.0,7.142857142857143,False
ads2_formal_subesco_d21_f4_hubert_base_A,subesco,21,4,hubert_base,15,seen_uar,15,UAR_percent,percentage_points,48.214285714285715,50.0,1.7857142857142858,False
ads2_formal_subesco_d21_f4_hubert_base_A,subesco,21,4,hubert_base,15,unseen_uar,8,UAR_percent,percentage_points,42.857142857142854,50.0,7.142857142857143,False
ads2_formal_subesco_d22_f0_wavlm_base_plus_A,subesco,22,0,wavlm_base_plus,15,last,15,UAR_percent,percentage_points,37.5,42.857142857142854,5.357142857142857,False
ads2_formal_subesco_d22_f0_wavlm_base_plus_A,subesco,22,0,wavlm_base_plus,15,seen_ce,9,UAR_percent,percentage_points,33.92857142857143,42.857142857142854,8.928571428571429,False
ads2_formal_subesco_d22_f0_wavlm_base_plus_A,subesco,22,0,wavlm_base_plus,15,unseen_ce,4,UAR_percent,percentage_points,32.142857142857146,42.857142857142854,10.714285714285714,False
ads2_formal_subesco_d22_f0_wavlm_base_plus_A,subesco,22,0,wavlm_base_plus,15,seen_uar,13,UAR_percent,percentage_points,39.285714285714285,42.857142857142854,3.5714285714285716,False
ads2_formal_subesco_d22_f0_wavlm_base_plus_A,subesco,22,0,wavlm_base_plus,15,unseen_uar,8,UAR_percent,percentage_points,35.714285714285715,42.857142857142854,7.142857142857143,False
ads2_formal_subesco_d22_f0_wavlm_base_plus_A,subesco,22,0,wavlm_base_plus,45,last,45,UAR_percent,percentage_points,37.5,46.42857142857143,8.928571428571429,False
ads2_formal_subesco_d22_f0_wavlm_base_plus_A,subesco,22,0,wavlm_base_plus,45,seen_ce,9,UAR_percent,percentage_points,33.92857142857143,46.42857142857143,12.5,False
ads2_formal_subesco_d22_f0_wavlm_base_plus_A,subesco,22,0,wavlm_base_plus,45,unseen_ce,4,UAR_percent,percentage_points,32.142857142857146,46.42857142857143,14.285714285714286,False
ads2_formal_subesco_d22_f0_wavlm_base_plus_A,subesco,22,0,wavlm_base_plus,45,seen_uar,31,UAR_percent,percentage_points,39.285714285714285,46.42857142857143,7.142857142857143,False
ads2_formal_subesco_d22_f0_wavlm_base_plus_A,subesco,22,0,wavlm_base_plus,45,unseen_uar,42,UAR_percent,percentage_points,39.285714285714285,46.42857142857143,7.142857142857143,False
ads2_formal_subesco_d22_f0_hubert_base_A,subesco,22,0,hubert_base,15,last,15,UAR_percent,percentage_points,39.285714285714285,39.285714285714285,0.0,False
ads2_formal_subesco_d22_f0_hubert_base_A,subesco,22,0,hubert_base,15,seen_ce,10,UAR_percent,percentage_points,39.285714285714285,39.285714285714285,0.0,False
ads2_formal_subesco_d22_f0_hubert_base_A,subesco,22,0,hubert_base,15,unseen_ce,4,UAR_percent,percentage_points,30.357142857142858,39.285714285714285,8.928571428571429,False
ads2_formal_subesco_d22_f0_hubert_base_A,subesco,22,0,hubert_base,15,seen_uar,10,UAR_percent,percentage_points,39.285714285714285,39.285714285714285,0.0,False
ads2_formal_subesco_d22_f0_hubert_base_A,subesco,22,0,hubert_base,15,unseen_uar,10,UAR_percent,percentage_points,39.285714285714285,39.285714285714285,0.0,False
ads2_formal_subesco_d22_f1_wavlm_base_plus_A,subesco,22,1,wavlm_base_plus,15,last,15,UAR_percent,percentage_points,57.142857142857146,57.142857142857146,0.0,False
ads2_formal_subesco_d22_f1_wavlm_base_plus_A,subesco,22,1,wavlm_base_plus,15,seen_ce,10,UAR_percent,percentage_points,42.857142857142854,57.142857142857146,14.285714285714286,False
ads2_formal_subesco_d22_f1_wavlm_base_plus_A,subesco,22,1,wavlm_base_plus,15,unseen_ce,5,UAR_percent,percentage_points,35.714285714285715,57.142857142857146,21.428571428571427,False
ads2_formal_subesco_d22_f1_wavlm_base_plus_A,subesco,22,1,wavlm_base_plus,15,seen_uar,14,UAR_percent,percentage_points,50.0,57.142857142857146,7.142857142857143,False
ads2_formal_subesco_d22_f1_wavlm_base_plus_A,subesco,22,1,wavlm_base_plus,15,unseen_uar,15,UAR_percent,percentage_points,57.142857142857146,57.142857142857146,0.0,False
ads2_formal_subesco_d22_f1_wavlm_base_plus_A,subesco,22,1,wavlm_base_plus,45,last,45,UAR_percent,percentage_points,55.357142857142854,57.142857142857146,1.7857142857142858,False
ads2_formal_subesco_d22_f1_wavlm_base_plus_A,subesco,22,1,wavlm_base_plus,45,seen_ce,10,UAR_percent,percentage_points,42.857142857142854,57.142857142857146,14.285714285714286,False
ads2_formal_subesco_d22_f1_wavlm_base_plus_A,subesco,22,1,wavlm_base_plus,45,unseen_ce,5,UAR_percent,percentage_points,35.714285714285715,57.142857142857146,21.428571428571427,False
ads2_formal_subesco_d22_f1_wavlm_base_plus_A,subesco,22,1,wavlm_base_plus,45,seen_uar,21,UAR_percent,percentage_points,53.57142857142857,57.142857142857146,3.5714285714285716,False
ads2_formal_subesco_d22_f1_wavlm_base_plus_A,subesco,22,1,wavlm_base_plus,45,unseen_uar,22,UAR_percent,percentage_points,51.785714285714285,57.142857142857146,5.357142857142857,False
ads2_formal_subesco_d22_f1_hubert_base_A,subesco,22,1,hubert_base,15,last,15,UAR_percent,percentage_points,55.357142857142854,57.142857142857146,1.7857142857142858,False
ads2_formal_subesco_d22_f1_hubert_base_A,subesco,22,1,hubert_base,15,seen_ce,10,UAR_percent,percentage_points,53.57142857142857,57.142857142857146,3.5714285714285716,False
ads2_formal_subesco_d22_f1_hubert_base_A,subesco,22,1,hubert_base,15,unseen_ce,5,UAR_percent,percentage_points,48.214285714285715,57.142857142857146,8.928571428571429,False
ads2_formal_subesco_d22_f1_hubert_base_A,subesco,22,1,hubert_base,15,seen_uar,10,UAR_percent,percentage_points,53.57142857142857,57.142857142857146,3.5714285714285716,False
ads2_formal_subesco_d22_f1_hubert_base_A,subesco,22,1,hubert_base,15,unseen_uar,10,UAR_percent,percentage_points,53.57142857142857,57.142857142857146,3.5714285714285716,False
ads2_formal_subesco_d22_f2_wavlm_base_plus_A,subesco,22,2,wavlm_base_plus,15,last,15,UAR_percent,percentage_points,51.785714285714285,51.785714285714285,0.0,False
ads2_formal_subesco_d22_f2_wavlm_base_plus_A,subesco,22,2,wavlm_base_plus,15,seen_ce,8,UAR_percent,percentage_points,44.642857142857146,51.785714285714285,7.142857142857143,False
ads2_formal_subesco_d22_f2_wavlm_base_plus_A,subesco,22,2,wavlm_base_plus,15,unseen_ce,8,UAR_percent,percentage_points,44.642857142857146,51.785714285714285,7.142857142857143,False
ads2_formal_subesco_d22_f2_wavlm_base_plus_A,subesco,22,2,wavlm_base_plus,15,seen_uar,15,UAR_percent,percentage_points,51.785714285714285,51.785714285714285,0.0,False
ads2_formal_subesco_d22_f2_wavlm_base_plus_A,subesco,22,2,wavlm_base_plus,15,unseen_uar,9,UAR_percent,percentage_points,50.0,51.785714285714285,1.7857142857142858,False
ads2_formal_subesco_d22_f2_wavlm_base_plus_A,subesco,22,2,wavlm_base_plus,45,last,45,UAR_percent,percentage_points,55.357142857142854,57.142857142857146,1.7857142857142858,False
ads2_formal_subesco_d22_f2_wavlm_base_plus_A,subesco,22,2,wavlm_base_plus,45,seen_ce,8,UAR_percent,percentage_points,44.642857142857146,57.142857142857146,12.5,False
ads2_formal_subesco_d22_f2_wavlm_base_plus_A,subesco,22,2,wavlm_base_plus,45,unseen_ce,8,UAR_percent,percentage_points,44.642857142857146,57.142857142857146,12.5,False
ads2_formal_subesco_d22_f2_wavlm_base_plus_A,subesco,22,2,wavlm_base_plus,45,seen_uar,19,UAR_percent,percentage_points,53.57142857142857,57.142857142857146,3.5714285714285716,False
ads2_formal_subesco_d22_f2_wavlm_base_plus_A,subesco,22,2,wavlm_base_plus,45,unseen_uar,40,UAR_percent,percentage_points,53.57142857142857,57.142857142857146,3.5714285714285716,False
ads2_formal_subesco_d22_f2_hubert_base_A,subesco,22,2,hubert_base,15,last,15,UAR_percent,percentage_points,44.642857142857146,53.57142857142857,8.928571428571429,False
ads2_formal_subesco_d22_f2_hubert_base_A,subesco,22,2,hubert_base,15,seen_ce,9,UAR_percent,percentage_points,44.642857142857146,53.57142857142857,8.928571428571429,False
ads2_formal_subesco_d22_f2_hubert_base_A,subesco,22,2,hubert_base,15,unseen_ce,7,UAR_percent,percentage_points,44.642857142857146,53.57142857142857,8.928571428571429,False
ads2_formal_subesco_d22_f2_hubert_base_A,subesco,22,2,hubert_base,15,seen_uar,12,UAR_percent,percentage_points,53.57142857142857,53.57142857142857,0.0,False
ads2_formal_subesco_d22_f2_hubert_base_A,subesco,22,2,hubert_base,15,unseen_uar,10,UAR_percent,percentage_points,42.857142857142854,53.57142857142857,10.714285714285714,False
ads2_formal_subesco_d22_f3_wavlm_base_plus_A,subesco,22,3,wavlm_base_plus,15,last,15,UAR_percent,percentage_points,46.42857142857143,50.0,3.5714285714285716,False
ads2_formal_subesco_d22_f3_wavlm_base_plus_A,subesco,22,3,wavlm_base_plus,15,seen_ce,8,UAR_percent,percentage_points,42.857142857142854,50.0,7.142857142857143,False
ads2_formal_subesco_d22_f3_wavlm_base_plus_A,subesco,22,3,wavlm_base_plus,15,unseen_ce,6,UAR_percent,percentage_points,48.214285714285715,50.0,1.7857142857142858,False
ads2_formal_subesco_d22_f3_wavlm_base_plus_A,subesco,22,3,wavlm_base_plus,15,seen_uar,11,UAR_percent,percentage_points,44.642857142857146,50.0,5.357142857142857,False
ads2_formal_subesco_d22_f3_wavlm_base_plus_A,subesco,22,3,wavlm_base_plus,15,unseen_uar,10,UAR_percent,percentage_points,39.285714285714285,50.0,10.714285714285714,False
ads2_formal_subesco_d22_f3_wavlm_base_plus_A,subesco,22,3,wavlm_base_plus,45,last,45,UAR_percent,percentage_points,64.28571428571429,64.28571428571429,0.0,False
ads2_formal_subesco_d22_f3_wavlm_base_plus_A,subesco,22,3,wavlm_base_plus,45,seen_ce,8,UAR_percent,percentage_points,42.857142857142854,64.28571428571429,21.428571428571427,False
ads2_formal_subesco_d22_f3_wavlm_base_plus_A,subesco,22,3,wavlm_base_plus,45,unseen_ce,6,UAR_percent,percentage_points,48.214285714285715,64.28571428571429,16.071428571428573,False
ads2_formal_subesco_d22_f3_wavlm_base_plus_A,subesco,22,3,wavlm_base_plus,45,seen_uar,32,UAR_percent,percentage_points,42.857142857142854,64.28571428571429,21.428571428571427,False
ads2_formal_subesco_d22_f3_wavlm_base_plus_A,subesco,22,3,wavlm_base_plus,45,unseen_uar,40,UAR_percent,percentage_points,50.0,64.28571428571429,14.285714285714286,False
ads2_formal_subesco_d22_f3_hubert_base_A,subesco,22,3,hubert_base,15,last,15,UAR_percent,percentage_points,46.42857142857143,53.57142857142857,7.142857142857143,False
ads2_formal_subesco_d22_f3_hubert_base_A,subesco,22,3,hubert_base,15,seen_ce,10,UAR_percent,percentage_points,50.0,53.57142857142857,3.5714285714285716,False
ads2_formal_subesco_d22_f3_hubert_base_A,subesco,22,3,hubert_base,15,unseen_ce,5,UAR_percent,percentage_points,51.785714285714285,53.57142857142857,1.7857142857142858,False
ads2_formal_subesco_d22_f3_hubert_base_A,subesco,22,3,hubert_base,15,seen_uar,15,UAR_percent,percentage_points,46.42857142857143,53.57142857142857,7.142857142857143,False
ads2_formal_subesco_d22_f3_hubert_base_A,subesco,22,3,hubert_base,15,unseen_uar,12,UAR_percent,percentage_points,53.57142857142857,53.57142857142857,0.0,False
ads2_formal_subesco_d22_f4_wavlm_base_plus_A,subesco,22,4,wavlm_base_plus,15,last,15,UAR_percent,percentage_points,48.214285714285715,57.142857142857146,8.928571428571429,False
ads2_formal_subesco_d22_f4_wavlm_base_plus_A,subesco,22,4,wavlm_base_plus,15,seen_ce,14,UAR_percent,percentage_points,57.142857142857146,57.142857142857146,0.0,False
ads2_formal_subesco_d22_f4_wavlm_base_plus_A,subesco,22,4,wavlm_base_plus,15,unseen_ce,6,UAR_percent,percentage_points,51.785714285714285,57.142857142857146,5.357142857142857,False
ads2_formal_subesco_d22_f4_wavlm_base_plus_A,subesco,22,4,wavlm_base_plus,15,seen_uar,14,UAR_percent,percentage_points,57.142857142857146,57.142857142857146,0.0,False
ads2_formal_subesco_d22_f4_wavlm_base_plus_A,subesco,22,4,wavlm_base_plus,15,unseen_uar,11,UAR_percent,percentage_points,55.357142857142854,57.142857142857146,1.7857142857142858,False
ads2_formal_subesco_d22_f4_wavlm_base_plus_A,subesco,22,4,wavlm_base_plus,45,last,45,UAR_percent,percentage_points,53.57142857142857,60.714285714285715,7.142857142857143,False
ads2_formal_subesco_d22_f4_wavlm_base_plus_A,subesco,22,4,wavlm_base_plus,45,seen_ce,14,UAR_percent,percentage_points,57.142857142857146,60.714285714285715,3.5714285714285716,False
ads2_formal_subesco_d22_f4_wavlm_base_plus_A,subesco,22,4,wavlm_base_plus,45,unseen_ce,6,UAR_percent,percentage_points,51.785714285714285,60.714285714285715,8.928571428571429,False
ads2_formal_subesco_d22_f4_wavlm_base_plus_A,subesco,22,4,wavlm_base_plus,45,seen_uar,14,UAR_percent,percentage_points,57.142857142857146,60.714285714285715,3.5714285714285716,False
ads2_formal_subesco_d22_f4_wavlm_base_plus_A,subesco,22,4,wavlm_base_plus,45,unseen_uar,27,UAR_percent,percentage_points,50.0,60.714285714285715,10.714285714285714,False
ads2_formal_subesco_d22_f4_hubert_base_A,subesco,22,4,hubert_base,15,last,15,UAR_percent,percentage_points,60.714285714285715,60.714285714285715,0.0,False
ads2_formal_subesco_d22_f4_hubert_base_A,subesco,22,4,hubert_base,15,seen_ce,7,UAR_percent,percentage_points,50.0,60.714285714285715,10.714285714285714,False
ads2_formal_subesco_d22_f4_hubert_base_A,subesco,22,4,hubert_base,15,unseen_ce,7,UAR_percent,percentage_points,50.0,60.714285714285715,10.714285714285714,False
ads2_formal_subesco_d22_f4_hubert_base_A,subesco,22,4,hubert_base,15,seen_uar,15,UAR_percent,percentage_points,60.714285714285715,60.714285714285715,0.0,False
ads2_formal_subesco_d22_f4_hubert_base_A,subesco,22,4,hubert_base,15,unseen_uar,12,UAR_percent,percentage_points,58.92857142857143,60.714285714285715,1.7857142857142858,False
ads2_formal_subesco_d23_f0_wavlm_base_plus_A,subesco,23,0,wavlm_base_plus,15,last,15,UAR_percent,percentage_points,35.714285714285715,55.357142857142854,19.642857142857142,False
ads2_formal_subesco_d23_f0_wavlm_base_plus_A,subesco,23,0,wavlm_base_plus,15,seen_ce,8,UAR_percent,percentage_points,55.357142857142854,55.357142857142854,0.0,False
ads2_formal_subesco_d23_f0_wavlm_base_plus_A,subesco,23,0,wavlm_base_plus,15,unseen_ce,8,UAR_percent,percentage_points,55.357142857142854,55.357142857142854,0.0,False
ads2_formal_subesco_d23_f0_wavlm_base_plus_A,subesco,23,0,wavlm_base_plus,15,seen_uar,8,UAR_percent,percentage_points,55.357142857142854,55.357142857142854,0.0,False
ads2_formal_subesco_d23_f0_wavlm_base_plus_A,subesco,23,0,wavlm_base_plus,15,unseen_uar,14,UAR_percent,percentage_points,42.857142857142854,55.357142857142854,12.5,False
ads2_formal_subesco_d23_f0_wavlm_base_plus_A,subesco,23,0,wavlm_base_plus,45,last,45,UAR_percent,percentage_points,41.07142857142857,55.357142857142854,14.285714285714286,False
ads2_formal_subesco_d23_f0_wavlm_base_plus_A,subesco,23,0,wavlm_base_plus,45,seen_ce,8,UAR_percent,percentage_points,55.357142857142854,55.357142857142854,0.0,False
ads2_formal_subesco_d23_f0_wavlm_base_plus_A,subesco,23,0,wavlm_base_plus,45,unseen_ce,8,UAR_percent,percentage_points,55.357142857142854,55.357142857142854,0.0,False
ads2_formal_subesco_d23_f0_wavlm_base_plus_A,subesco,23,0,wavlm_base_plus,45,seen_uar,27,UAR_percent,percentage_points,46.42857142857143,55.357142857142854,8.928571428571429,False
ads2_formal_subesco_d23_f0_wavlm_base_plus_A,subesco,23,0,wavlm_base_plus,45,unseen_uar,16,UAR_percent,percentage_points,48.214285714285715,55.357142857142854,7.142857142857143,False
ads2_formal_subesco_d23_f0_hubert_base_A,subesco,23,0,hubert_base,15,last,15,UAR_percent,percentage_points,35.714285714285715,55.357142857142854,19.642857142857142,False
ads2_formal_subesco_d23_f0_hubert_base_A,subesco,23,0,hubert_base,15,seen_ce,11,UAR_percent,percentage_points,44.642857142857146,55.357142857142854,10.714285714285714,False
ads2_formal_subesco_d23_f0_hubert_base_A,subesco,23,0,hubert_base,15,unseen_ce,3,UAR_percent,percentage_points,44.642857142857146,55.357142857142854,10.714285714285714,False
ads2_formal_subesco_d23_f0_hubert_base_A,subesco,23,0,hubert_base,15,seen_uar,11,UAR_percent,percentage_points,44.642857142857146,55.357142857142854,10.714285714285714,False
ads2_formal_subesco_d23_f0_hubert_base_A,subesco,23,0,hubert_base,15,unseen_uar,13,UAR_percent,percentage_points,44.642857142857146,55.357142857142854,10.714285714285714,False
ads2_formal_subesco_d23_f1_wavlm_base_plus_A,subesco,23,1,wavlm_base_plus,15,last,15,UAR_percent,percentage_points,57.142857142857146,57.142857142857146,0.0,False
ads2_formal_subesco_d23_f1_wavlm_base_plus_A,subesco,23,1,wavlm_base_plus,15,seen_ce,12,UAR_percent,percentage_points,57.142857142857146,57.142857142857146,0.0,False
ads2_formal_subesco_d23_f1_wavlm_base_plus_A,subesco,23,1,wavlm_base_plus,15,unseen_ce,12,UAR_percent,percentage_points,57.142857142857146,57.142857142857146,0.0,False
ads2_formal_subesco_d23_f1_wavlm_base_plus_A,subesco,23,1,wavlm_base_plus,15,seen_uar,12,UAR_percent,percentage_points,57.142857142857146,57.142857142857146,0.0,False
ads2_formal_subesco_d23_f1_wavlm_base_plus_A,subesco,23,1,wavlm_base_plus,15,unseen_uar,11,UAR_percent,percentage_points,51.785714285714285,57.142857142857146,5.357142857142857,False
ads2_formal_subesco_d23_f1_wavlm_base_plus_A,subesco,23,1,wavlm_base_plus,45,last,45,UAR_percent,percentage_points,57.142857142857146,60.714285714285715,3.5714285714285716,False
ads2_formal_subesco_d23_f1_wavlm_base_plus_A,subesco,23,1,wavlm_base_plus,45,seen_ce,17,UAR_percent,percentage_points,53.57142857142857,60.714285714285715,7.142857142857143,False
ads2_formal_subesco_d23_f1_wavlm_base_plus_A,subesco,23,1,wavlm_base_plus,45,unseen_ce,12,UAR_percent,percentage_points,57.142857142857146,60.714285714285715,3.5714285714285716,False
ads2_formal_subesco_d23_f1_wavlm_base_plus_A,subesco,23,1,wavlm_base_plus,45,seen_uar,30,UAR_percent,percentage_points,55.357142857142854,60.714285714285715,5.357142857142857,False
ads2_formal_subesco_d23_f1_wavlm_base_plus_A,subesco,23,1,wavlm_base_plus,45,unseen_uar,23,UAR_percent,percentage_points,58.92857142857143,60.714285714285715,1.7857142857142858,False
ads2_formal_subesco_d23_f1_hubert_base_A,subesco,23,1,hubert_base,15,last,15,UAR_percent,percentage_points,46.42857142857143,50.0,3.5714285714285716,False
ads2_formal_subesco_d23_f1_hubert_base_A,subesco,23,1,hubert_base,15,seen_ce,9,UAR_percent,percentage_points,46.42857142857143,50.0,3.5714285714285716,False
ads2_formal_subesco_d23_f1_hubert_base_A,subesco,23,1,hubert_base,15,unseen_ce,9,UAR_percent,percentage_points,46.42857142857143,50.0,3.5714285714285716,False
ads2_formal_subesco_d23_f1_hubert_base_A,subesco,23,1,hubert_base,15,seen_uar,11,UAR_percent,percentage_points,46.42857142857143,50.0,3.5714285714285716,False
ads2_formal_subesco_d23_f1_hubert_base_A,subesco,23,1,hubert_base,15,unseen_uar,14,UAR_percent,percentage_points,44.642857142857146,50.0,5.357142857142857,False
ads2_formal_subesco_d23_f2_wavlm_base_plus_A,subesco,23,2,wavlm_base_plus,15,last,15,UAR_percent,percentage_points,44.642857142857146,48.214285714285715,3.5714285714285716,False
ads2_formal_subesco_d23_f2_wavlm_base_plus_A,subesco,23,2,wavlm_base_plus,15,seen_ce,10,UAR_percent,percentage_points,48.214285714285715,48.214285714285715,0.0,False
ads2_formal_subesco_d23_f2_wavlm_base_plus_A,subesco,23,2,wavlm_base_plus,15,unseen_ce,6,UAR_percent,percentage_points,33.92857142857143,48.214285714285715,14.285714285714286,False
ads2_formal_subesco_d23_f2_wavlm_base_plus_A,subesco,23,2,wavlm_base_plus,15,seen_uar,15,UAR_percent,percentage_points,44.642857142857146,48.214285714285715,3.5714285714285716,False
ads2_formal_subesco_d23_f2_wavlm_base_plus_A,subesco,23,2,wavlm_base_plus,15,unseen_uar,10,UAR_percent,percentage_points,48.214285714285715,48.214285714285715,0.0,False
ads2_formal_subesco_d23_f2_wavlm_base_plus_A,subesco,23,2,wavlm_base_plus,45,last,45,UAR_percent,percentage_points,48.214285714285715,51.785714285714285,3.5714285714285716,False
ads2_formal_subesco_d23_f2_wavlm_base_plus_A,subesco,23,2,wavlm_base_plus,45,seen_ce,10,UAR_percent,percentage_points,48.214285714285715,51.785714285714285,3.5714285714285716,False
ads2_formal_subesco_d23_f2_wavlm_base_plus_A,subesco,23,2,wavlm_base_plus,45,unseen_ce,6,UAR_percent,percentage_points,33.92857142857143,51.785714285714285,17.857142857142858,False
ads2_formal_subesco_d23_f2_wavlm_base_plus_A,subesco,23,2,wavlm_base_plus,45,seen_uar,35,UAR_percent,percentage_points,50.0,51.785714285714285,1.7857142857142858,False
ads2_formal_subesco_d23_f2_wavlm_base_plus_A,subesco,23,2,wavlm_base_plus,45,unseen_uar,33,UAR_percent,percentage_points,48.214285714285715,51.785714285714285,3.5714285714285716,False
ads2_formal_subesco_d23_f2_hubert_base_A,subesco,23,2,hubert_base,15,last,15,UAR_percent,percentage_points,32.142857142857146,51.785714285714285,19.642857142857142,False
ads2_formal_subesco_d23_f2_hubert_base_A,subesco,23,2,hubert_base,15,seen_ce,8,UAR_percent,percentage_points,42.857142857142854,51.785714285714285,8.928571428571429,False
ads2_formal_subesco_d23_f2_hubert_base_A,subesco,23,2,hubert_base,15,unseen_ce,3,UAR_percent,percentage_points,39.285714285714285,51.785714285714285,12.5,False
ads2_formal_subesco_d23_f2_hubert_base_A,subesco,23,2,hubert_base,15,seen_uar,14,UAR_percent,percentage_points,42.857142857142854,51.785714285714285,8.928571428571429,False
ads2_formal_subesco_d23_f2_hubert_base_A,subesco,23,2,hubert_base,15,unseen_uar,14,UAR_percent,percentage_points,42.857142857142854,51.785714285714285,8.928571428571429,False
ads2_formal_subesco_d23_f3_wavlm_base_plus_A,subesco,23,3,wavlm_base_plus,15,last,15,UAR_percent,percentage_points,58.92857142857143,58.92857142857143,0.0,False
ads2_formal_subesco_d23_f3_wavlm_base_plus_A,subesco,23,3,wavlm_base_plus,15,seen_ce,11,UAR_percent,percentage_points,51.785714285714285,58.92857142857143,7.142857142857143,False
ads2_formal_subesco_d23_f3_wavlm_base_plus_A,subesco,23,3,wavlm_base_plus,15,unseen_ce,14,UAR_percent,percentage_points,58.92857142857143,58.92857142857143,0.0,False
ads2_formal_subesco_d23_f3_wavlm_base_plus_A,subesco,23,3,wavlm_base_plus,15,seen_uar,15,UAR_percent,percentage_points,58.92857142857143,58.92857142857143,0.0,False
ads2_formal_subesco_d23_f3_wavlm_base_plus_A,subesco,23,3,wavlm_base_plus,15,unseen_uar,14,UAR_percent,percentage_points,58.92857142857143,58.92857142857143,0.0,False
ads2_formal_subesco_d23_f3_wavlm_base_plus_A,subesco,23,3,wavlm_base_plus,45,last,45,UAR_percent,percentage_points,57.142857142857146,64.28571428571429,7.142857142857143,False
ads2_formal_subesco_d23_f3_wavlm_base_plus_A,subesco,23,3,wavlm_base_plus,45,seen_ce,23,UAR_percent,percentage_points,55.357142857142854,64.28571428571429,8.928571428571429,False
ads2_formal_subesco_d23_f3_wavlm_base_plus_A,subesco,23,3,wavlm_base_plus,45,unseen_ce,14,UAR_percent,percentage_points,58.92857142857143,64.28571428571429,5.357142857142857,False
ads2_formal_subesco_d23_f3_wavlm_base_plus_A,subesco,23,3,wavlm_base_plus,45,seen_uar,36,UAR_percent,percentage_points,60.714285714285715,64.28571428571429,3.5714285714285716,False
ads2_formal_subesco_d23_f3_wavlm_base_plus_A,subesco,23,3,wavlm_base_plus,45,unseen_uar,14,UAR_percent,percentage_points,58.92857142857143,64.28571428571429,5.357142857142857,False
ads2_formal_subesco_d23_f3_hubert_base_A,subesco,23,3,hubert_base,15,last,15,UAR_percent,percentage_points,50.0,58.92857142857143,8.928571428571429,False
ads2_formal_subesco_d23_f3_hubert_base_A,subesco,23,3,hubert_base,15,seen_ce,11,UAR_percent,percentage_points,58.92857142857143,58.92857142857143,0.0,False
ads2_formal_subesco_d23_f3_hubert_base_A,subesco,23,3,hubert_base,15,unseen_ce,5,UAR_percent,percentage_points,46.42857142857143,58.92857142857143,12.5,False
ads2_formal_subesco_d23_f3_hubert_base_A,subesco,23,3,hubert_base,15,seen_uar,12,UAR_percent,percentage_points,48.214285714285715,58.92857142857143,10.714285714285714,False
ads2_formal_subesco_d23_f3_hubert_base_A,subesco,23,3,hubert_base,15,unseen_uar,8,UAR_percent,percentage_points,55.357142857142854,58.92857142857143,3.5714285714285716,False
ads2_formal_subesco_d23_f4_wavlm_base_plus_A,subesco,23,4,wavlm_base_plus,15,last,15,UAR_percent,percentage_points,46.42857142857143,55.357142857142854,8.928571428571429,False
ads2_formal_subesco_d23_f4_wavlm_base_plus_A,subesco,23,4,wavlm_base_plus,15,seen_ce,9,UAR_percent,percentage_points,55.357142857142854,55.357142857142854,0.0,False
ads2_formal_subesco_d23_f4_wavlm_base_plus_A,subesco,23,4,wavlm_base_plus,15,unseen_ce,9,UAR_percent,percentage_points,55.357142857142854,55.357142857142854,0.0,False
ads2_formal_subesco_d23_f4_wavlm_base_plus_A,subesco,23,4,wavlm_base_plus,15,seen_uar,8,UAR_percent,percentage_points,44.642857142857146,55.357142857142854,10.714285714285714,False
ads2_formal_subesco_d23_f4_wavlm_base_plus_A,subesco,23,4,wavlm_base_plus,15,unseen_uar,11,UAR_percent,percentage_points,46.42857142857143,55.357142857142854,8.928571428571429,False
ads2_formal_subesco_d23_f4_wavlm_base_plus_A,subesco,23,4,wavlm_base_plus,45,last,45,UAR_percent,percentage_points,51.785714285714285,55.357142857142854,3.5714285714285716,False
ads2_formal_subesco_d23_f4_wavlm_base_plus_A,subesco,23,4,wavlm_base_plus,45,seen_ce,9,UAR_percent,percentage_points,55.357142857142854,55.357142857142854,0.0,False
ads2_formal_subesco_d23_f4_wavlm_base_plus_A,subesco,23,4,wavlm_base_plus,45,unseen_ce,9,UAR_percent,percentage_points,55.357142857142854,55.357142857142854,0.0,False
ads2_formal_subesco_d23_f4_wavlm_base_plus_A,subesco,23,4,wavlm_base_plus,45,seen_uar,39,UAR_percent,percentage_points,50.0,55.357142857142854,5.357142857142857,False
ads2_formal_subesco_d23_f4_wavlm_base_plus_A,subesco,23,4,wavlm_base_plus,45,unseen_uar,39,UAR_percent,percentage_points,50.0,55.357142857142854,5.357142857142857,False
ads2_formal_subesco_d23_f4_hubert_base_A,subesco,23,4,hubert_base,15,last,15,UAR_percent,percentage_points,42.857142857142854,55.357142857142854,12.5,False
ads2_formal_subesco_d23_f4_hubert_base_A,subesco,23,4,hubert_base,15,seen_ce,12,UAR_percent,percentage_points,50.0,55.357142857142854,5.357142857142857,False
ads2_formal_subesco_d23_f4_hubert_base_A,subesco,23,4,hubert_base,15,unseen_ce,5,UAR_percent,percentage_points,42.857142857142854,55.357142857142854,12.5,False
ads2_formal_subesco_d23_f4_hubert_base_A,subesco,23,4,hubert_base,15,seen_uar,13,UAR_percent,percentage_points,55.357142857142854,55.357142857142854,0.0,False
ads2_formal_subesco_d23_f4_hubert_base_A,subesco,23,4,hubert_base,15,unseen_uar,12,UAR_percent,percentage_points,50.0,55.357142857142854,5.357142857142857,False
ads2_formal_ravdess_d00_f0_wavlm_base_plus_A,ravdess,0,0,wavlm_base_plus,15,last,15,UAR_percent,percentage_points,47.916666666666664,47.916666666666664,0.0,False
ads2_formal_ravdess_d00_f0_wavlm_base_plus_A,ravdess,0,0,wavlm_base_plus,15,seen_ce,15,UAR_percent,percentage_points,47.916666666666664,47.916666666666664,0.0,False
ads2_formal_ravdess_d00_f0_wavlm_base_plus_A,ravdess,0,0,wavlm_base_plus,15,unseen_ce,15,UAR_percent,percentage_points,47.916666666666664,47.916666666666664,0.0,False
ads2_formal_ravdess_d00_f0_wavlm_base_plus_A,ravdess,0,0,wavlm_base_plus,15,seen_uar,15,UAR_percent,percentage_points,47.916666666666664,47.916666666666664,0.0,False
ads2_formal_ravdess_d00_f0_wavlm_base_plus_A,ravdess,0,0,wavlm_base_plus,15,unseen_uar,15,UAR_percent,percentage_points,47.916666666666664,47.916666666666664,0.0,False
ads2_formal_ravdess_d00_f0_wavlm_base_plus_A,ravdess,0,0,wavlm_base_plus,45,last,45,UAR_percent,percentage_points,50.0,52.083333333333336,2.0833333333333335,False
ads2_formal_ravdess_d00_f0_wavlm_base_plus_A,ravdess,0,0,wavlm_base_plus,45,seen_ce,29,UAR_percent,percentage_points,47.916666666666664,52.083333333333336,4.166666666666667,False
ads2_formal_ravdess_d00_f0_wavlm_base_plus_A,ravdess,0,0,wavlm_base_plus,45,unseen_ce,15,UAR_percent,percentage_points,47.916666666666664,52.083333333333336,4.166666666666667,False
ads2_formal_ravdess_d00_f0_wavlm_base_plus_A,ravdess,0,0,wavlm_base_plus,45,seen_uar,29,UAR_percent,percentage_points,47.916666666666664,52.083333333333336,4.166666666666667,False
ads2_formal_ravdess_d00_f0_wavlm_base_plus_A,ravdess,0,0,wavlm_base_plus,45,unseen_uar,43,UAR_percent,percentage_points,47.916666666666664,52.083333333333336,4.166666666666667,False
ads2_formal_ravdess_d00_f0_hubert_base_A,ravdess,0,0,hubert_base,15,last,15,UAR_percent,percentage_points,35.416666666666664,35.416666666666664,0.0,False
ads2_formal_ravdess_d00_f0_hubert_base_A,ravdess,0,0,hubert_base,15,seen_ce,15,UAR_percent,percentage_points,35.416666666666664,35.416666666666664,0.0,False
ads2_formal_ravdess_d00_f0_hubert_base_A,ravdess,0,0,hubert_base,15,unseen_ce,12,UAR_percent,percentage_points,35.416666666666664,35.416666666666664,0.0,False
ads2_formal_ravdess_d00_f0_hubert_base_A,ravdess,0,0,hubert_base,15,seen_uar,15,UAR_percent,percentage_points,35.416666666666664,35.416666666666664,0.0,False
ads2_formal_ravdess_d00_f0_hubert_base_A,ravdess,0,0,hubert_base,15,unseen_uar,13,UAR_percent,percentage_points,33.333333333333336,35.416666666666664,2.0833333333333335,False
ads2_formal_ravdess_d00_f1_wavlm_base_plus_A,ravdess,0,1,wavlm_base_plus,15,last,15,UAR_percent,percentage_points,35.416666666666664,39.583333333333336,4.166666666666667,False
ads2_formal_ravdess_d00_f1_wavlm_base_plus_A,ravdess,0,1,wavlm_base_plus,15,seen_ce,15,UAR_percent,percentage_points,35.416666666666664,39.583333333333336,4.166666666666667,False
ads2_formal_ravdess_d00_f1_wavlm_base_plus_A,ravdess,0,1,wavlm_base_plus,15,unseen_ce,15,UAR_percent,percentage_points,35.416666666666664,39.583333333333336,4.166666666666667,False
ads2_formal_ravdess_d00_f1_wavlm_base_plus_A,ravdess,0,1,wavlm_base_plus,15,seen_uar,15,UAR_percent,percentage_points,35.416666666666664,39.583333333333336,4.166666666666667,False
ads2_formal_ravdess_d00_f1_wavlm_base_plus_A,ravdess,0,1,wavlm_base_plus,15,unseen_uar,15,UAR_percent,percentage_points,35.416666666666664,39.583333333333336,4.166666666666667,False
ads2_formal_ravdess_d00_f1_wavlm_base_plus_A,ravdess,0,1,wavlm_base_plus,45,last,45,UAR_percent,percentage_points,52.083333333333336,54.166666666666664,2.0833333333333335,False
ads2_formal_ravdess_d00_f1_wavlm_base_plus_A,ravdess,0,1,wavlm_base_plus,45,seen_ce,31,UAR_percent,percentage_points,50.0,54.166666666666664,4.166666666666667,False
ads2_formal_ravdess_d00_f1_wavlm_base_plus_A,ravdess,0,1,wavlm_base_plus,45,unseen_ce,22,UAR_percent,percentage_points,52.083333333333336,54.166666666666664,2.0833333333333335,False
ads2_formal_ravdess_d00_f1_wavlm_base_plus_A,ravdess,0,1,wavlm_base_plus,45,seen_uar,22,UAR_percent,percentage_points,52.083333333333336,54.166666666666664,2.0833333333333335,False
ads2_formal_ravdess_d00_f1_wavlm_base_plus_A,ravdess,0,1,wavlm_base_plus,45,unseen_uar,39,UAR_percent,percentage_points,45.833333333333336,54.166666666666664,8.333333333333334,False
ads2_formal_ravdess_d00_f1_hubert_base_A,ravdess,0,1,hubert_base,15,last,15,UAR_percent,percentage_points,41.666666666666664,43.75,2.0833333333333335,False
ads2_formal_ravdess_d00_f1_hubert_base_A,ravdess,0,1,hubert_base,15,seen_ce,14,UAR_percent,percentage_points,43.75,43.75,0.0,False
ads2_formal_ravdess_d00_f1_hubert_base_A,ravdess,0,1,hubert_base,15,unseen_ce,14,UAR_percent,percentage_points,43.75,43.75,0.0,False
ads2_formal_ravdess_d00_f1_hubert_base_A,ravdess,0,1,hubert_base,15,seen_uar,15,UAR_percent,percentage_points,41.666666666666664,43.75,2.0833333333333335,False
ads2_formal_ravdess_d00_f1_hubert_base_A,ravdess,0,1,hubert_base,15,unseen_uar,14,UAR_percent,percentage_points,43.75,43.75,0.0,False
ads2_formal_ravdess_d00_f2_wavlm_base_plus_A,ravdess,0,2,wavlm_base_plus,15,last,15,UAR_percent,percentage_points,46.875,46.875,0.0,False
ads2_formal_ravdess_d00_f2_wavlm_base_plus_A,ravdess,0,2,wavlm_base_plus,15,seen_ce,15,UAR_percent,percentage_points,46.875,46.875,0.0,False
ads2_formal_ravdess_d00_f2_wavlm_base_plus_A,ravdess,0,2,wavlm_base_plus,15,unseen_ce,14,UAR_percent,percentage_points,31.25,46.875,15.625,False
ads2_formal_ravdess_d00_f2_wavlm_base_plus_A,ravdess,0,2,wavlm_base_plus,15,seen_uar,14,UAR_percent,percentage_points,31.25,46.875,15.625,False
ads2_formal_ravdess_d00_f2_wavlm_base_plus_A,ravdess,0,2,wavlm_base_plus,15,unseen_uar,14,UAR_percent,percentage_points,31.25,46.875,15.625,False
ads2_formal_ravdess_d00_f2_wavlm_base_plus_A,ravdess,0,2,wavlm_base_plus,45,last,45,UAR_percent,percentage_points,56.25,62.5,6.25,False
ads2_formal_ravdess_d00_f2_wavlm_base_plus_A,ravdess,0,2,wavlm_base_plus,45,seen_ce,32,UAR_percent,percentage_points,59.375,62.5,3.125,False
ads2_formal_ravdess_d00_f2_wavlm_base_plus_A,ravdess,0,2,wavlm_base_plus,45,unseen_ce,37,UAR_percent,percentage_points,62.5,62.5,0.0,False
ads2_formal_ravdess_d00_f2_wavlm_base_plus_A,ravdess,0,2,wavlm_base_plus,45,seen_uar,32,UAR_percent,percentage_points,59.375,62.5,3.125,False
ads2_formal_ravdess_d00_f2_wavlm_base_plus_A,ravdess,0,2,wavlm_base_plus,45,unseen_uar,37,UAR_percent,percentage_points,62.5,62.5,0.0,False
ads2_formal_ravdess_d00_f2_hubert_base_A,ravdess,0,2,hubert_base,15,last,15,UAR_percent,percentage_points,50.0,59.375,9.375,False
ads2_formal_ravdess_d00_f2_hubert_base_A,ravdess,0,2,hubert_base,15,seen_ce,14,UAR_percent,percentage_points,59.375,59.375,0.0,False
ads2_formal_ravdess_d00_f2_hubert_base_A,ravdess,0,2,hubert_base,15,unseen_ce,14,UAR_percent,percentage_points,59.375,59.375,0.0,False
ads2_formal_ravdess_d00_f2_hubert_base_A,ravdess,0,2,hubert_base,15,seen_uar,15,UAR_percent,percentage_points,50.0,59.375,9.375,False
ads2_formal_ravdess_d00_f2_hubert_base_A,ravdess,0,2,hubert_base,15,unseen_uar,10,UAR_percent,percentage_points,56.25,59.375,3.125,False
ads2_formal_ravdess_d00_f3_wavlm_base_plus_A,ravdess,0,3,wavlm_base_plus,15,last,15,UAR_percent,percentage_points,37.5,37.5,0.0,False
ads2_formal_ravdess_d00_f3_wavlm_base_plus_A,ravdess,0,3,wavlm_base_plus,15,seen_ce,15,UAR_percent,percentage_points,37.5,37.5,0.0,False
ads2_formal_ravdess_d00_f3_wavlm_base_plus_A,ravdess,0,3,wavlm_base_plus,15,unseen_ce,15,UAR_percent,percentage_points,37.5,37.5,0.0,False
ads2_formal_ravdess_d00_f3_wavlm_base_plus_A,ravdess,0,3,wavlm_base_plus,15,seen_uar,14,UAR_percent,percentage_points,25.0,37.5,12.5,False
ads2_formal_ravdess_d00_f3_wavlm_base_plus_A,ravdess,0,3,wavlm_base_plus,15,unseen_uar,15,UAR_percent,percentage_points,37.5,37.5,0.0,False
ads2_formal_ravdess_d00_f3_wavlm_base_plus_A,ravdess,0,3,wavlm_base_plus,45,last,45,UAR_percent,percentage_points,43.75,56.25,12.5,False
ads2_formal_ravdess_d00_f3_wavlm_base_plus_A,ravdess,0,3,wavlm_base_plus,45,seen_ce,32,UAR_percent,percentage_points,56.25,56.25,0.0,False
ads2_formal_ravdess_d00_f3_wavlm_base_plus_A,ravdess,0,3,wavlm_base_plus,45,unseen_ce,16,UAR_percent,percentage_points,40.625,56.25,15.625,False
ads2_formal_ravdess_d00_f3_wavlm_base_plus_A,ravdess,0,3,wavlm_base_plus,45,seen_uar,34,UAR_percent,percentage_points,53.125,56.25,3.125,False
ads2_formal_ravdess_d00_f3_wavlm_base_plus_A,ravdess,0,3,wavlm_base_plus,45,unseen_uar,32,UAR_percent,percentage_points,56.25,56.25,0.0,False
ads2_formal_ravdess_d00_f3_hubert_base_A,ravdess,0,3,hubert_base,15,last,15,UAR_percent,percentage_points,34.375,46.875,12.5,False
ads2_formal_ravdess_d00_f3_hubert_base_A,ravdess,0,3,hubert_base,15,seen_ce,14,UAR_percent,percentage_points,46.875,46.875,0.0,False
ads2_formal_ravdess_d00_f3_hubert_base_A,ravdess,0,3,hubert_base,15,unseen_ce,13,UAR_percent,percentage_points,46.875,46.875,0.0,False
ads2_formal_ravdess_d00_f3_hubert_base_A,ravdess,0,3,hubert_base,15,seen_uar,14,UAR_percent,percentage_points,46.875,46.875,0.0,False
ads2_formal_ravdess_d00_f3_hubert_base_A,ravdess,0,3,hubert_base,15,unseen_uar,14,UAR_percent,percentage_points,46.875,46.875,0.0,False
ads2_formal_ravdess_d00_f4_wavlm_base_plus_A,ravdess,0,4,wavlm_base_plus,15,last,15,UAR_percent,percentage_points,40.625,40.625,0.0,False
ads2_formal_ravdess_d00_f4_wavlm_base_plus_A,ravdess,0,4,wavlm_base_plus,15,seen_ce,15,UAR_percent,percentage_points,40.625,40.625,0.0,False
ads2_formal_ravdess_d00_f4_wavlm_base_plus_A,ravdess,0,4,wavlm_base_plus,15,unseen_ce,15,UAR_percent,percentage_points,40.625,40.625,0.0,False
ads2_formal_ravdess_d00_f4_wavlm_base_plus_A,ravdess,0,4,wavlm_base_plus,15,seen_uar,15,UAR_percent,percentage_points,40.625,40.625,0.0,False
ads2_formal_ravdess_d00_f4_wavlm_base_plus_A,ravdess,0,4,wavlm_base_plus,15,unseen_uar,15,UAR_percent,percentage_points,40.625,40.625,0.0,False
ads2_formal_ravdess_d00_f4_wavlm_base_plus_A,ravdess,0,4,wavlm_base_plus,45,last,45,UAR_percent,percentage_points,56.25,59.375,3.125,False
ads2_formal_ravdess_d00_f4_wavlm_base_plus_A,ravdess,0,4,wavlm_base_plus,45,seen_ce,41,UAR_percent,percentage_points,59.375,59.375,0.0,False
ads2_formal_ravdess_d00_f4_wavlm_base_plus_A,ravdess,0,4,wavlm_base_plus,45,unseen_ce,41,UAR_percent,percentage_points,59.375,59.375,0.0,False
ads2_formal_ravdess_d00_f4_wavlm_base_plus_A,ravdess,0,4,wavlm_base_plus,45,seen_uar,36,UAR_percent,percentage_points,50.0,59.375,9.375,False
ads2_formal_ravdess_d00_f4_wavlm_base_plus_A,ravdess,0,4,wavlm_base_plus,45,unseen_uar,38,UAR_percent,percentage_points,53.125,59.375,6.25,False
ads2_formal_ravdess_d00_f4_hubert_base_A,ravdess,0,4,hubert_base,15,last,15,UAR_percent,percentage_points,46.875,56.25,9.375,False
ads2_formal_ravdess_d00_f4_hubert_base_A,ravdess,0,4,hubert_base,15,seen_ce,13,UAR_percent,percentage_points,43.75,56.25,12.5,False
ads2_formal_ravdess_d00_f4_hubert_base_A,ravdess,0,4,hubert_base,15,unseen_ce,13,UAR_percent,percentage_points,43.75,56.25,12.5,False
ads2_formal_ravdess_d00_f4_hubert_base_A,ravdess,0,4,hubert_base,15,seen_uar,13,UAR_percent,percentage_points,43.75,56.25,12.5,False
ads2_formal_ravdess_d00_f4_hubert_base_A,ravdess,0,4,hubert_base,15,unseen_uar,10,UAR_percent,percentage_points,40.625,56.25,15.625,False
ads2_formal_ravdess_d01_f0_wavlm_base_plus_A,ravdess,1,0,wavlm_base_plus,15,last,15,UAR_percent,percentage_points,29.166666666666668,29.166666666666668,0.0,False
ads2_formal_ravdess_d01_f0_wavlm_base_plus_A,ravdess,1,0,wavlm_base_plus,15,seen_ce,14,UAR_percent,percentage_points,29.166666666666668,29.166666666666668,0.0,False
ads2_formal_ravdess_d01_f0_wavlm_base_plus_A,ravdess,1,0,wavlm_base_plus,15,unseen_ce,14,UAR_percent,percentage_points,29.166666666666668,29.166666666666668,0.0,False
ads2_formal_ravdess_d01_f0_wavlm_base_plus_A,ravdess,1,0,wavlm_base_plus,15,seen_uar,14,UAR_percent,percentage_points,29.166666666666668,29.166666666666668,0.0,False
ads2_formal_ravdess_d01_f0_wavlm_base_plus_A,ravdess,1,0,wavlm_base_plus,15,unseen_uar,14,UAR_percent,percentage_points,29.166666666666668,29.166666666666668,0.0,False
ads2_formal_ravdess_d01_f0_wavlm_base_plus_A,ravdess,1,0,wavlm_base_plus,45,last,45,UAR_percent,percentage_points,33.333333333333336,43.75,10.416666666666666,False
ads2_formal_ravdess_d01_f0_wavlm_base_plus_A,ravdess,1,0,wavlm_base_plus,45,seen_ce,41,UAR_percent,percentage_points,43.75,43.75,0.0,False
ads2_formal_ravdess_d01_f0_wavlm_base_plus_A,ravdess,1,0,wavlm_base_plus,45,unseen_ce,26,UAR_percent,percentage_points,35.416666666666664,43.75,8.333333333333334,False
ads2_formal_ravdess_d01_f0_wavlm_base_plus_A,ravdess,1,0,wavlm_base_plus,45,seen_uar,41,UAR_percent,percentage_points,43.75,43.75,0.0,False
ads2_formal_ravdess_d01_f0_wavlm_base_plus_A,ravdess,1,0,wavlm_base_plus,45,unseen_uar,38,UAR_percent,percentage_points,37.5,43.75,6.25,False
ads2_formal_ravdess_d01_f0_hubert_base_A,ravdess,1,0,hubert_base,15,last,15,UAR_percent,percentage_points,22.916666666666668,27.083333333333332,4.166666666666667,False
ads2_formal_ravdess_d01_f0_hubert_base_A,ravdess,1,0,hubert_base,15,seen_ce,14,UAR_percent,percentage_points,22.916666666666668,27.083333333333332,4.166666666666667,False
ads2_formal_ravdess_d01_f0_hubert_base_A,ravdess,1,0,hubert_base,15,unseen_ce,14,UAR_percent,percentage_points,22.916666666666668,27.083333333333332,4.166666666666667,False
ads2_formal_ravdess_d01_f0_hubert_base_A,ravdess,1,0,hubert_base,15,seen_uar,7,UAR_percent,percentage_points,25.0,27.083333333333332,2.0833333333333335,False
ads2_formal_ravdess_d01_f0_hubert_base_A,ravdess,1,0,hubert_base,15,unseen_uar,7,UAR_percent,percentage_points,25.0,27.083333333333332,2.0833333333333335,False
ads2_formal_ravdess_d01_f1_wavlm_base_plus_A,ravdess,1,1,wavlm_base_plus,15,last,15,UAR_percent,percentage_points,37.5,37.5,0.0,False
ads2_formal_ravdess_d01_f1_wavlm_base_plus_A,ravdess,1,1,wavlm_base_plus,15,seen_ce,15,UAR_percent,percentage_points,37.5,37.5,0.0,False
ads2_formal_ravdess_d01_f1_wavlm_base_plus_A,ravdess,1,1,wavlm_base_plus,15,unseen_ce,14,UAR_percent,percentage_points,33.333333333333336,37.5,4.166666666666667,False
ads2_formal_ravdess_d01_f1_wavlm_base_plus_A,ravdess,1,1,wavlm_base_plus,15,seen_uar,15,UAR_percent,percentage_points,37.5,37.5,0.0,False
ads2_formal_ravdess_d01_f1_wavlm_base_plus_A,ravdess,1,1,wavlm_base_plus,15,unseen_uar,14,UAR_percent,percentage_points,33.333333333333336,37.5,4.166666666666667,False
ads2_formal_ravdess_d01_f1_wavlm_base_plus_A,ravdess,1,1,wavlm_base_plus,45,last,45,UAR_percent,percentage_points,52.083333333333336,52.083333333333336,0.0,False
ads2_formal_ravdess_d01_f1_wavlm_base_plus_A,ravdess,1,1,wavlm_base_plus,45,seen_ce,27,UAR_percent,percentage_points,45.833333333333336,52.083333333333336,6.25,False
ads2_formal_ravdess_d01_f1_wavlm_base_plus_A,ravdess,1,1,wavlm_base_plus,45,unseen_ce,20,UAR_percent,percentage_points,43.75,52.083333333333336,8.333333333333334,False
ads2_formal_ravdess_d01_f1_wavlm_base_plus_A,ravdess,1,1,wavlm_base_plus,45,seen_uar,34,UAR_percent,percentage_points,43.75,52.083333333333336,8.333333333333334,False
ads2_formal_ravdess_d01_f1_wavlm_base_plus_A,ravdess,1,1,wavlm_base_plus,45,unseen_uar,40,UAR_percent,percentage_points,43.75,52.083333333333336,8.333333333333334,False
ads2_formal_ravdess_d01_f1_hubert_base_A,ravdess,1,1,hubert_base,15,last,15,UAR_percent,percentage_points,43.75,43.75,0.0,False
ads2_formal_ravdess_d01_f1_hubert_base_A,ravdess,1,1,hubert_base,15,seen_ce,14,UAR_percent,percentage_points,39.583333333333336,43.75,4.166666666666667,False
ads2_formal_ravdess_d01_f1_hubert_base_A,ravdess,1,1,hubert_base,15,unseen_ce,14,UAR_percent,percentage_points,39.583333333333336,43.75,4.166666666666667,False
ads2_formal_ravdess_d01_f1_hubert_base_A,ravdess,1,1,hubert_base,15,seen_uar,14,UAR_percent,percentage_points,39.583333333333336,43.75,4.166666666666667,False
ads2_formal_ravdess_d01_f1_hubert_base_A,ravdess,1,1,hubert_base,15,unseen_uar,14,UAR_percent,percentage_points,39.583333333333336,43.75,4.166666666666667,False
ads2_formal_ravdess_d01_f2_wavlm_base_plus_A,ravdess,1,2,wavlm_base_plus,15,last,15,UAR_percent,percentage_points,40.625,40.625,0.0,False
ads2_formal_ravdess_d01_f2_wavlm_base_plus_A,ravdess,1,2,wavlm_base_plus,15,seen_ce,14,UAR_percent,percentage_points,37.5,40.625,3.125,False
ads2_formal_ravdess_d01_f2_wavlm_base_plus_A,ravdess,1,2,wavlm_base_plus,15,unseen_ce,14,UAR_percent,percentage_points,37.5,40.625,3.125,False
ads2_formal_ravdess_d01_f2_wavlm_base_plus_A,ravdess,1,2,wavlm_base_plus,15,seen_uar,14,UAR_percent,percentage_points,37.5,40.625,3.125,False
ads2_formal_ravdess_d01_f2_wavlm_base_plus_A,ravdess,1,2,wavlm_base_plus,15,unseen_uar,15,UAR_percent,percentage_points,40.625,40.625,0.0,False
ads2_formal_ravdess_d01_f2_wavlm_base_plus_A,ravdess,1,2,wavlm_base_plus,45,last,45,UAR_percent,percentage_points,53.125,62.5,9.375,False
ads2_formal_ravdess_d01_f2_wavlm_base_plus_A,ravdess,1,2,wavlm_base_plus,45,seen_ce,20,UAR_percent,percentage_points,43.75,62.5,18.75,False
ads2_formal_ravdess_d01_f2_wavlm_base_plus_A,ravdess,1,2,wavlm_base_plus,45,unseen_ce,18,UAR_percent,percentage_points,46.875,62.5,15.625,False
ads2_formal_ravdess_d01_f2_wavlm_base_plus_A,ravdess,1,2,wavlm_base_plus,45,seen_uar,26,UAR_percent,percentage_points,46.875,62.5,15.625,False
ads2_formal_ravdess_d01_f2_wavlm_base_plus_A,ravdess,1,2,wavlm_base_plus,45,unseen_uar,42,UAR_percent,percentage_points,46.875,62.5,15.625,False
ads2_formal_ravdess_d01_f2_hubert_base_A,ravdess,1,2,hubert_base,15,last,15,UAR_percent,percentage_points,34.375,53.125,18.75,False
ads2_formal_ravdess_d01_f2_hubert_base_A,ravdess,1,2,hubert_base,15,seen_ce,14,UAR_percent,percentage_points,53.125,53.125,0.0,False
ads2_formal_ravdess_d01_f2_hubert_base_A,ravdess,1,2,hubert_base,15,unseen_ce,14,UAR_percent,percentage_points,53.125,53.125,0.0,False
ads2_formal_ravdess_d01_f2_hubert_base_A,ravdess,1,2,hubert_base,15,seen_uar,14,UAR_percent,percentage_points,53.125,53.125,0.0,False
ads2_formal_ravdess_d01_f2_hubert_base_A,ravdess,1,2,hubert_base,15,unseen_uar,14,UAR_percent,percentage_points,53.125,53.125,0.0,False
ads2_formal_ravdess_d01_f3_wavlm_base_plus_A,ravdess,1,3,wavlm_base_plus,15,last,15,UAR_percent,percentage_points,25.0,25.0,0.0,False
ads2_formal_ravdess_d01_f3_wavlm_base_plus_A,ravdess,1,3,wavlm_base_plus,15,seen_ce,15,UAR_percent,percentage_points,25.0,25.0,0.0,False
ads2_formal_ravdess_d01_f3_wavlm_base_plus_A,ravdess,1,3,wavlm_base_plus,15,unseen_ce,15,UAR_percent,percentage_points,25.0,25.0,0.0,False
ads2_formal_ravdess_d01_f3_wavlm_base_plus_A,ravdess,1,3,wavlm_base_plus,15,seen_uar,15,UAR_percent,percentage_points,25.0,25.0,0.0,False
ads2_formal_ravdess_d01_f3_wavlm_base_plus_A,ravdess,1,3,wavlm_base_plus,15,unseen_uar,15,UAR_percent,percentage_points,25.0,25.0,0.0,False
ads2_formal_ravdess_d01_f3_wavlm_base_plus_A,ravdess,1,3,wavlm_base_plus,45,last,45,UAR_percent,percentage_points,34.375,43.75,9.375,False
ads2_formal_ravdess_d01_f3_wavlm_base_plus_A,ravdess,1,3,wavlm_base_plus,45,seen_ce,26,UAR_percent,percentage_points,37.5,43.75,6.25,False
ads2_formal_ravdess_d01_f3_wavlm_base_plus_A,ravdess,1,3,wavlm_base_plus,45,unseen_ce,32,UAR_percent,percentage_points,40.625,43.75,3.125,False
ads2_formal_ravdess_d01_f3_wavlm_base_plus_A,ravdess,1,3,wavlm_base_plus,45,seen_uar,38,UAR_percent,percentage_points,40.625,43.75,3.125,False
ads2_formal_ravdess_d01_f3_wavlm_base_plus_A,ravdess,1,3,wavlm_base_plus,45,unseen_uar,42,UAR_percent,percentage_points,40.625,43.75,3.125,False
ads2_formal_ravdess_d01_f3_hubert_base_A,ravdess,1,3,hubert_base,15,last,15,UAR_percent,percentage_points,31.25,34.375,3.125,False
ads2_formal_ravdess_d01_f3_hubert_base_A,ravdess,1,3,hubert_base,15,seen_ce,12,UAR_percent,percentage_points,28.125,34.375,6.25,False
ads2_formal_ravdess_d01_f3_hubert_base_A,ravdess,1,3,hubert_base,15,unseen_ce,12,UAR_percent,percentage_points,28.125,34.375,6.25,False
ads2_formal_ravdess_d01_f3_hubert_base_A,ravdess,1,3,hubert_base,15,seen_uar,15,UAR_percent,percentage_points,31.25,34.375,3.125,False
ads2_formal_ravdess_d01_f3_hubert_base_A,ravdess,1,3,hubert_base,15,unseen_uar,10,UAR_percent,percentage_points,34.375,34.375,0.0,False
ads2_formal_ravdess_d01_f4_wavlm_base_plus_A,ravdess,1,4,wavlm_base_plus,15,last,15,UAR_percent,percentage_points,28.125,34.375,6.25,False
ads2_formal_ravdess_d01_f4_wavlm_base_plus_A,ravdess,1,4,wavlm_base_plus,15,seen_ce,14,UAR_percent,percentage_points,25.0,34.375,9.375,False
ads2_formal_ravdess_d01_f4_wavlm_base_plus_A,ravdess,1,4,wavlm_base_plus,15,unseen_ce,13,UAR_percent,percentage_points,34.375,34.375,0.0,False
ads2_formal_ravdess_d01_f4_wavlm_base_plus_A,ravdess,1,4,wavlm_base_plus,15,seen_uar,14,UAR_percent,percentage_points,25.0,34.375,9.375,False
ads2_formal_ravdess_d01_f4_wavlm_base_plus_A,ravdess,1,4,wavlm_base_plus,15,unseen_uar,13,UAR_percent,percentage_points,34.375,34.375,0.0,False
ads2_formal_ravdess_d01_f4_wavlm_base_plus_A,ravdess,1,4,wavlm_base_plus,45,last,45,UAR_percent,percentage_points,31.25,40.625,9.375,False
ads2_formal_ravdess_d01_f4_wavlm_base_plus_A,ravdess,1,4,wavlm_base_plus,45,seen_ce,29,UAR_percent,percentage_points,34.375,40.625,6.25,False
ads2_formal_ravdess_d01_f4_wavlm_base_plus_A,ravdess,1,4,wavlm_base_plus,45,unseen_ce,22,UAR_percent,percentage_points,34.375,40.625,6.25,False
ads2_formal_ravdess_d01_f4_wavlm_base_plus_A,ravdess,1,4,wavlm_base_plus,45,seen_uar,38,UAR_percent,percentage_points,28.125,40.625,12.5,False
ads2_formal_ravdess_d01_f4_wavlm_base_plus_A,ravdess,1,4,wavlm_base_plus,45,unseen_uar,44,UAR_percent,percentage_points,34.375,40.625,6.25,False
ads2_formal_ravdess_d01_f4_hubert_base_A,ravdess,1,4,hubert_base,15,last,15,UAR_percent,percentage_points,43.75,50.0,6.25,False
ads2_formal_ravdess_d01_f4_hubert_base_A,ravdess,1,4,hubert_base,15,seen_ce,12,UAR_percent,percentage_points,40.625,50.0,9.375,False
ads2_formal_ravdess_d01_f4_hubert_base_A,ravdess,1,4,hubert_base,15,unseen_ce,12,UAR_percent,percentage_points,40.625,50.0,9.375,False
ads2_formal_ravdess_d01_f4_hubert_base_A,ravdess,1,4,hubert_base,15,seen_uar,15,UAR_percent,percentage_points,43.75,50.0,6.25,False
ads2_formal_ravdess_d01_f4_hubert_base_A,ravdess,1,4,hubert_base,15,unseen_uar,12,UAR_percent,percentage_points,40.625,50.0,9.375,False
ads2_formal_ravdess_d02_f0_wavlm_base_plus_A,ravdess,2,0,wavlm_base_plus,15,last,15,UAR_percent,percentage_points,31.25,35.416666666666664,4.166666666666667,False
ads2_formal_ravdess_d02_f0_wavlm_base_plus_A,ravdess,2,0,wavlm_base_plus,15,seen_ce,15,UAR_percent,percentage_points,31.25,35.416666666666664,4.166666666666667,False
ads2_formal_ravdess_d02_f0_wavlm_base_plus_A,ravdess,2,0,wavlm_base_plus,15,unseen_ce,15,UAR_percent,percentage_points,31.25,35.416666666666664,4.166666666666667,False
ads2_formal_ravdess_d02_f0_wavlm_base_plus_A,ravdess,2,0,wavlm_base_plus,15,seen_uar,15,UAR_percent,percentage_points,31.25,35.416666666666664,4.166666666666667,False
ads2_formal_ravdess_d02_f0_wavlm_base_plus_A,ravdess,2,0,wavlm_base_plus,15,unseen_uar,15,UAR_percent,percentage_points,31.25,35.416666666666664,4.166666666666667,False
ads2_formal_ravdess_d02_f0_wavlm_base_plus_A,ravdess,2,0,wavlm_base_plus,45,last,45,UAR_percent,percentage_points,35.416666666666664,47.916666666666664,12.5,False
ads2_formal_ravdess_d02_f0_wavlm_base_plus_A,ravdess,2,0,wavlm_base_plus,45,seen_ce,28,UAR_percent,percentage_points,39.583333333333336,47.916666666666664,8.333333333333334,False
ads2_formal_ravdess_d02_f0_wavlm_base_plus_A,ravdess,2,0,wavlm_base_plus,45,unseen_ce,19,UAR_percent,percentage_points,33.333333333333336,47.916666666666664,14.583333333333334,False
ads2_formal_ravdess_d02_f0_wavlm_base_plus_A,ravdess,2,0,wavlm_base_plus,45,seen_uar,42,UAR_percent,percentage_points,35.416666666666664,47.916666666666664,12.5,False
ads2_formal_ravdess_d02_f0_wavlm_base_plus_A,ravdess,2,0,wavlm_base_plus,45,unseen_uar,34,UAR_percent,percentage_points,37.5,47.916666666666664,10.416666666666666,False
ads2_formal_ravdess_d02_f0_hubert_base_A,ravdess,2,0,hubert_base,15,last,15,UAR_percent,percentage_points,35.416666666666664,39.583333333333336,4.166666666666667,False
ads2_formal_ravdess_d02_f0_hubert_base_A,ravdess,2,0,hubert_base,15,seen_ce,15,UAR_percent,percentage_points,35.416666666666664,39.583333333333336,4.166666666666667,False
ads2_formal_ravdess_d02_f0_hubert_base_A,ravdess,2,0,hubert_base,15,unseen_ce,11,UAR_percent,percentage_points,37.5,39.583333333333336,2.0833333333333335,False
ads2_formal_ravdess_d02_f0_hubert_base_A,ravdess,2,0,hubert_base,15,seen_uar,15,UAR_percent,percentage_points,35.416666666666664,39.583333333333336,4.166666666666667,False
ads2_formal_ravdess_d02_f0_hubert_base_A,ravdess,2,0,hubert_base,15,unseen_uar,14,UAR_percent,percentage_points,29.166666666666668,39.583333333333336,10.416666666666666,False
ads2_formal_ravdess_d02_f1_wavlm_base_plus_A,ravdess,2,1,wavlm_base_plus,15,last,15,UAR_percent,percentage_points,45.833333333333336,45.833333333333336,0.0,False
ads2_formal_ravdess_d02_f1_wavlm_base_plus_A,ravdess,2,1,wavlm_base_plus,15,seen_ce,13,UAR_percent,percentage_points,37.5,45.833333333333336,8.333333333333334,False
ads2_formal_ravdess_d02_f1_wavlm_base_plus_A,ravdess,2,1,wavlm_base_plus,15,unseen_ce,13,UAR_percent,percentage_points,37.5,45.833333333333336,8.333333333333334,False
ads2_formal_ravdess_d02_f1_wavlm_base_plus_A,ravdess,2,1,wavlm_base_plus,15,seen_uar,13,UAR_percent,percentage_points,37.5,45.833333333333336,8.333333333333334,False
ads2_formal_ravdess_d02_f1_wavlm_base_plus_A,ravdess,2,1,wavlm_base_plus,15,unseen_uar,13,UAR_percent,percentage_points,37.5,45.833333333333336,8.333333333333334,False
ads2_formal_ravdess_d02_f1_wavlm_base_plus_A,ravdess,2,1,wavlm_base_plus,45,last,45,UAR_percent,percentage_points,52.083333333333336,56.25,4.166666666666667,False
ads2_formal_ravdess_d02_f1_wavlm_base_plus_A,ravdess,2,1,wavlm_base_plus,45,seen_ce,17,UAR_percent,percentage_points,50.0,56.25,6.25,False
ads2_formal_ravdess_d02_f1_wavlm_base_plus_A,ravdess,2,1,wavlm_base_plus,45,unseen_ce,17,UAR_percent,percentage_points,50.0,56.25,6.25,False
ads2_formal_ravdess_d02_f1_wavlm_base_plus_A,ravdess,2,1,wavlm_base_plus,45,seen_uar,38,UAR_percent,percentage_points,52.083333333333336,56.25,4.166666666666667,False
ads2_formal_ravdess_d02_f1_wavlm_base_plus_A,ravdess,2,1,wavlm_base_plus,45,unseen_uar,31,UAR_percent,percentage_points,54.166666666666664,56.25,2.0833333333333335,False
ads2_formal_ravdess_d02_f1_hubert_base_A,ravdess,2,1,hubert_base,15,last,15,UAR_percent,percentage_points,47.916666666666664,50.0,2.0833333333333335,False
ads2_formal_ravdess_d02_f1_hubert_base_A,ravdess,2,1,hubert_base,15,seen_ce,15,UAR_percent,percentage_points,47.916666666666664,50.0,2.0833333333333335,False
ads2_formal_ravdess_d02_f1_hubert_base_A,ravdess,2,1,hubert_base,15,unseen_ce,12,UAR_percent,percentage_points,39.583333333333336,50.0,10.416666666666666,False
ads2_formal_ravdess_d02_f1_hubert_base_A,ravdess,2,1,hubert_base,15,seen_uar,12,UAR_percent,percentage_points,39.583333333333336,50.0,10.416666666666666,False
ads2_formal_ravdess_d02_f1_hubert_base_A,ravdess,2,1,hubert_base,15,unseen_uar,15,UAR_percent,percentage_points,47.916666666666664,50.0,2.0833333333333335,False
ads2_formal_ravdess_d02_f2_wavlm_base_plus_A,ravdess,2,2,wavlm_base_plus,15,last,15,UAR_percent,percentage_points,34.375,50.0,15.625,False
ads2_formal_ravdess_d02_f2_wavlm_base_plus_A,ravdess,2,2,wavlm_base_plus,15,seen_ce,15,UAR_percent,percentage_points,34.375,50.0,15.625,False
ads2_formal_ravdess_d02_f2_wavlm_base_plus_A,ravdess,2,2,wavlm_base_plus,15,unseen_ce,14,UAR_percent,percentage_points,31.25,50.0,18.75,False
ads2_formal_ravdess_d02_f2_wavlm_base_plus_A,ravdess,2,2,wavlm_base_plus,15,seen_uar,14,UAR_percent,percentage_points,31.25,50.0,18.75,False
ads2_formal_ravdess_d02_f2_wavlm_base_plus_A,ravdess,2,2,wavlm_base_plus,15,unseen_uar,14,UAR_percent,percentage_points,31.25,50.0,18.75,False
ads2_formal_ravdess_d02_f2_wavlm_base_plus_A,ravdess,2,2,wavlm_base_plus,45,last,45,UAR_percent,percentage_points,37.5,50.0,12.5,False
ads2_formal_ravdess_d02_f2_wavlm_base_plus_A,ravdess,2,2,wavlm_base_plus,45,seen_ce,28,UAR_percent,percentage_points,34.375,50.0,15.625,False
ads2_formal_ravdess_d02_f2_wavlm_base_plus_A,ravdess,2,2,wavlm_base_plus,45,unseen_ce,28,UAR_percent,percentage_points,34.375,50.0,15.625,False
ads2_formal_ravdess_d02_f2_wavlm_base_plus_A,ravdess,2,2,wavlm_base_plus,45,seen_uar,41,UAR_percent,percentage_points,31.25,50.0,18.75,False
ads2_formal_ravdess_d02_f2_wavlm_base_plus_A,ravdess,2,2,wavlm_base_plus,45,unseen_uar,28,UAR_percent,percentage_points,34.375,50.0,15.625,False
ads2_formal_ravdess_d02_f2_hubert_base_A,ravdess,2,2,hubert_base,15,last,15,UAR_percent,percentage_points,37.5,46.875,9.375,False
ads2_formal_ravdess_d02_f2_hubert_base_A,ravdess,2,2,hubert_base,15,seen_ce,12,UAR_percent,percentage_points,37.5,46.875,9.375,False
ads2_formal_ravdess_d02_f2_hubert_base_A,ravdess,2,2,hubert_base,15,unseen_ce,11,UAR_percent,percentage_points,43.75,46.875,3.125,False
ads2_formal_ravdess_d02_f2_hubert_base_A,ravdess,2,2,hubert_base,15,seen_uar,13,UAR_percent,percentage_points,43.75,46.875,3.125,False
ads2_formal_ravdess_d02_f2_hubert_base_A,ravdess,2,2,hubert_base,15,unseen_uar,12,UAR_percent,percentage_points,37.5,46.875,9.375,False
ads2_formal_ravdess_d02_f3_wavlm_base_plus_A,ravdess,2,3,wavlm_base_plus,15,last,15,UAR_percent,percentage_points,28.125,28.125,0.0,False
ads2_formal_ravdess_d02_f3_wavlm_base_plus_A,ravdess,2,3,wavlm_base_plus,15,seen_ce,15,UAR_percent,percentage_points,28.125,28.125,0.0,False
ads2_formal_ravdess_d02_f3_wavlm_base_plus_A,ravdess,2,3,wavlm_base_plus,15,unseen_ce,15,UAR_percent,percentage_points,28.125,28.125,0.0,False
ads2_formal_ravdess_d02_f3_wavlm_base_plus_A,ravdess,2,3,wavlm_base_plus,15,seen_uar,15,UAR_percent,percentage_points,28.125,28.125,0.0,False
ads2_formal_ravdess_d02_f3_wavlm_base_plus_A,ravdess,2,3,wavlm_base_plus,15,unseen_uar,13,UAR_percent,percentage_points,25.0,28.125,3.125,False
ads2_formal_ravdess_d02_f3_wavlm_base_plus_A,ravdess,2,3,wavlm_base_plus,45,last,45,UAR_percent,percentage_points,37.5,46.875,9.375,False
ads2_formal_ravdess_d02_f3_wavlm_base_plus_A,ravdess,2,3,wavlm_base_plus,45,seen_ce,19,UAR_percent,percentage_points,28.125,46.875,18.75,False
ads2_formal_ravdess_d02_f3_wavlm_base_plus_A,ravdess,2,3,wavlm_base_plus,45,unseen_ce,17,UAR_percent,percentage_points,28.125,46.875,18.75,False
ads2_formal_ravdess_d02_f3_wavlm_base_plus_A,ravdess,2,3,wavlm_base_plus,45,seen_uar,31,UAR_percent,percentage_points,40.625,46.875,6.25,False
ads2_formal_ravdess_d02_f3_wavlm_base_plus_A,ravdess,2,3,wavlm_base_plus,45,unseen_uar,44,UAR_percent,percentage_points,43.75,46.875,3.125,False
ads2_formal_ravdess_d02_f3_hubert_base_A,ravdess,2,3,hubert_base,15,last,15,UAR_percent,percentage_points,50.0,50.0,0.0,False
ads2_formal_ravdess_d02_f3_hubert_base_A,ravdess,2,3,hubert_base,15,seen_ce,14,UAR_percent,percentage_points,50.0,50.0,0.0,False
ads2_formal_ravdess_d02_f3_hubert_base_A,ravdess,2,3,hubert_base,15,unseen_ce,14,UAR_percent,percentage_points,50.0,50.0,0.0,False
ads2_formal_ravdess_d02_f3_hubert_base_A,ravdess,2,3,hubert_base,15,seen_uar,10,UAR_percent,percentage_points,40.625,50.0,9.375,False
ads2_formal_ravdess_d02_f3_hubert_base_A,ravdess,2,3,hubert_base,15,unseen_uar,15,UAR_percent,percentage_points,50.0,50.0,0.0,False
ads2_formal_ravdess_d02_f4_wavlm_base_plus_A,ravdess,2,4,wavlm_base_plus,15,last,15,UAR_percent,percentage_points,37.5,40.625,3.125,False
ads2_formal_ravdess_d02_f4_wavlm_base_plus_A,ravdess,2,4,wavlm_base_plus,15,seen_ce,15,UAR_percent,percentage_points,37.5,40.625,3.125,False
ads2_formal_ravdess_d02_f4_wavlm_base_plus_A,ravdess,2,4,wavlm_base_plus,15,unseen_ce,13,UAR_percent,percentage_points,40.625,40.625,0.0,False
ads2_formal_ravdess_d02_f4_wavlm_base_plus_A,ravdess,2,4,wavlm_base_plus,15,seen_uar,15,UAR_percent,percentage_points,37.5,40.625,3.125,False
ads2_formal_ravdess_d02_f4_wavlm_base_plus_A,ravdess,2,4,wavlm_base_plus,15,unseen_uar,13,UAR_percent,percentage_points,40.625,40.625,0.0,False
ads2_formal_ravdess_d02_f4_wavlm_base_plus_A,ravdess,2,4,wavlm_base_plus,45,last,45,UAR_percent,percentage_points,34.375,43.75,9.375,False
ads2_formal_ravdess_d02_f4_wavlm_base_plus_A,ravdess,2,4,wavlm_base_plus,45,seen_ce,17,UAR_percent,percentage_points,40.625,43.75,3.125,False
ads2_formal_ravdess_d02_f4_wavlm_base_plus_A,ravdess,2,4,wavlm_base_plus,45,unseen_ce,17,UAR_percent,percentage_points,40.625,43.75,3.125,False
ads2_formal_ravdess_d02_f4_wavlm_base_plus_A,ravdess,2,4,wavlm_base_plus,45,seen_uar,17,UAR_percent,percentage_points,40.625,43.75,3.125,False
ads2_formal_ravdess_d02_f4_wavlm_base_plus_A,ravdess,2,4,wavlm_base_plus,45,unseen_uar,37,UAR_percent,percentage_points,37.5,43.75,6.25,False
ads2_formal_ravdess_d02_f4_hubert_base_A,ravdess,2,4,hubert_base,15,last,15,UAR_percent,percentage_points,37.5,43.75,6.25,False
ads2_formal_ravdess_d02_f4_hubert_base_A,ravdess,2,4,hubert_base,15,seen_ce,14,UAR_percent,percentage_points,25.0,43.75,18.75,False
ads2_formal_ravdess_d02_f4_hubert_base_A,ravdess,2,4,hubert_base,15,unseen_ce,10,UAR_percent,percentage_points,40.625,43.75,3.125,False
ads2_formal_ravdess_d02_f4_hubert_base_A,ravdess,2,4,hubert_base,15,seen_uar,15,UAR_percent,percentage_points,37.5,43.75,6.25,False
ads2_formal_ravdess_d02_f4_hubert_base_A,ravdess,2,4,hubert_base,15,unseen_uar,13,UAR_percent,percentage_points,43.75,43.75,0.0,False
ads2_formal_ravdess_d03_f0_wavlm_base_plus_A,ravdess,3,0,wavlm_base_plus,15,last,15,UAR_percent,percentage_points,31.25,31.25,0.0,False
ads2_formal_ravdess_d03_f0_wavlm_base_plus_A,ravdess,3,0,wavlm_base_plus,15,seen_ce,13,UAR_percent,percentage_points,27.083333333333332,31.25,4.166666666666667,False
ads2_formal_ravdess_d03_f0_wavlm_base_plus_A,ravdess,3,0,wavlm_base_plus,15,unseen_ce,3,UAR_percent,percentage_points,20.833333333333332,31.25,10.416666666666666,False
ads2_formal_ravdess_d03_f0_wavlm_base_plus_A,ravdess,3,0,wavlm_base_plus,15,seen_uar,15,UAR_percent,percentage_points,31.25,31.25,0.0,False
ads2_formal_ravdess_d03_f0_wavlm_base_plus_A,ravdess,3,0,wavlm_base_plus,15,unseen_uar,15,UAR_percent,percentage_points,31.25,31.25,0.0,False
ads2_formal_ravdess_d03_f0_wavlm_base_plus_A,ravdess,3,0,wavlm_base_plus,45,last,45,UAR_percent,percentage_points,33.333333333333336,45.833333333333336,12.5,False
ads2_formal_ravdess_d03_f0_wavlm_base_plus_A,ravdess,3,0,wavlm_base_plus,45,seen_ce,20,UAR_percent,percentage_points,45.833333333333336,45.833333333333336,0.0,False
ads2_formal_ravdess_d03_f0_wavlm_base_plus_A,ravdess,3,0,wavlm_base_plus,45,unseen_ce,18,UAR_percent,percentage_points,39.583333333333336,45.833333333333336,6.25,False
ads2_formal_ravdess_d03_f0_wavlm_base_plus_A,ravdess,3,0,wavlm_base_plus,45,seen_uar,24,UAR_percent,percentage_points,37.5,45.833333333333336,8.333333333333334,False
ads2_formal_ravdess_d03_f0_wavlm_base_plus_A,ravdess,3,0,wavlm_base_plus,45,unseen_uar,27,UAR_percent,percentage_points,37.5,45.833333333333336,8.333333333333334,False
ads2_formal_ravdess_d03_f0_hubert_base_A,ravdess,3,0,hubert_base,15,last,15,UAR_percent,percentage_points,37.5,37.5,0.0,False
ads2_formal_ravdess_d03_f0_hubert_base_A,ravdess,3,0,hubert_base,15,seen_ce,13,UAR_percent,percentage_points,35.416666666666664,37.5,2.0833333333333335,False
ads2_formal_ravdess_d03_f0_hubert_base_A,ravdess,3,0,hubert_base,15,unseen_ce,2,UAR_percent,percentage_points,18.75,37.5,18.75,False
ads2_formal_ravdess_d03_f0_hubert_base_A,ravdess,3,0,hubert_base,15,seen_uar,15,UAR_percent,percentage_points,37.5,37.5,0.0,False
ads2_formal_ravdess_d03_f0_hubert_base_A,ravdess,3,0,hubert_base,15,unseen_uar,11,UAR_percent,percentage_points,29.166666666666668,37.5,8.333333333333334,False
ads2_formal_ravdess_d03_f1_wavlm_base_plus_A,ravdess,3,1,wavlm_base_plus,15,last,15,UAR_percent,percentage_points,33.333333333333336,35.416666666666664,2.0833333333333335,False
ads2_formal_ravdess_d03_f1_wavlm_base_plus_A,ravdess,3,1,wavlm_base_plus,15,seen_ce,15,UAR_percent,percentage_points,33.333333333333336,35.416666666666664,2.0833333333333335,False
ads2_formal_ravdess_d03_f1_wavlm_base_plus_A,ravdess,3,1,wavlm_base_plus,15,unseen_ce,12,UAR_percent,percentage_points,25.0,35.416666666666664,10.416666666666666,False
ads2_formal_ravdess_d03_f1_wavlm_base_plus_A,ravdess,3,1,wavlm_base_plus,15,seen_uar,15,UAR_percent,percentage_points,33.333333333333336,35.416666666666664,2.0833333333333335,False
ads2_formal_ravdess_d03_f1_wavlm_base_plus_A,ravdess,3,1,wavlm_base_plus,15,unseen_uar,12,UAR_percent,percentage_points,25.0,35.416666666666664,10.416666666666666,False
ads2_formal_ravdess_d03_f1_wavlm_base_plus_A,ravdess,3,1,wavlm_base_plus,45,last,45,UAR_percent,percentage_points,41.666666666666664,50.0,8.333333333333334,False
ads2_formal_ravdess_d03_f1_wavlm_base_plus_A,ravdess,3,1,wavlm_base_plus,45,seen_ce,20,UAR_percent,percentage_points,41.666666666666664,50.0,8.333333333333334,False
ads2_formal_ravdess_d03_f1_wavlm_base_plus_A,ravdess,3,1,wavlm_base_plus,45,unseen_ce,12,UAR_percent,percentage_points,25.0,50.0,25.0,False
ads2_formal_ravdess_d03_f1_wavlm_base_plus_A,ravdess,3,1,wavlm_base_plus,45,seen_uar,34,UAR_percent,percentage_points,45.833333333333336,50.0,4.166666666666667,False
ads2_formal_ravdess_d03_f1_wavlm_base_plus_A,ravdess,3,1,wavlm_base_plus,45,unseen_uar,37,UAR_percent,percentage_points,47.916666666666664,50.0,2.0833333333333335,False
ads2_formal_ravdess_d03_f1_hubert_base_A,ravdess,3,1,hubert_base,15,last,15,UAR_percent,percentage_points,39.583333333333336,50.0,10.416666666666666,False
ads2_formal_ravdess_d03_f1_hubert_base_A,ravdess,3,1,hubert_base,15,seen_ce,13,UAR_percent,percentage_points,45.833333333333336,50.0,4.166666666666667,False
ads2_formal_ravdess_d03_f1_hubert_base_A,ravdess,3,1,hubert_base,15,unseen_ce,9,UAR_percent,percentage_points,45.833333333333336,50.0,4.166666666666667,False
ads2_formal_ravdess_d03_f1_hubert_base_A,ravdess,3,1,hubert_base,15,seen_uar,13,UAR_percent,percentage_points,45.833333333333336,50.0,4.166666666666667,False
ads2_formal_ravdess_d03_f1_hubert_base_A,ravdess,3,1,hubert_base,15,unseen_uar,13,UAR_percent,percentage_points,45.833333333333336,50.0,4.166666666666667,False
ads2_formal_ravdess_d03_f2_wavlm_base_plus_A,ravdess,3,2,wavlm_base_plus,15,last,15,UAR_percent,percentage_points,37.5,43.75,6.25,False
ads2_formal_ravdess_d03_f2_wavlm_base_plus_A,ravdess,3,2,wavlm_base_plus,15,seen_ce,14,UAR_percent,percentage_points,34.375,43.75,9.375,False
ads2_formal_ravdess_d03_f2_wavlm_base_plus_A,ravdess,3,2,wavlm_base_plus,15,unseen_ce,15,UAR_percent,percentage_points,37.5,43.75,6.25,False
ads2_formal_ravdess_d03_f2_wavlm_base_plus_A,ravdess,3,2,wavlm_base_plus,15,seen_uar,14,UAR_percent,percentage_points,34.375,43.75,9.375,False
ads2_formal_ravdess_d03_f2_wavlm_base_plus_A,ravdess,3,2,wavlm_base_plus,15,unseen_uar,13,UAR_percent,percentage_points,34.375,43.75,9.375,False
ads2_formal_ravdess_d03_f2_wavlm_base_plus_A,ravdess,3,2,wavlm_base_plus,45,last,45,UAR_percent,percentage_points,43.75,53.125,9.375,False
ads2_formal_ravdess_d03_f2_wavlm_base_plus_A,ravdess,3,2,wavlm_base_plus,45,seen_ce,41,UAR_percent,percentage_points,53.125,53.125,0.0,False
ads2_formal_ravdess_d03_f2_wavlm_base_plus_A,ravdess,3,2,wavlm_base_plus,45,unseen_ce,18,UAR_percent,percentage_points,43.75,53.125,9.375,False
ads2_formal_ravdess_d03_f2_wavlm_base_plus_A,ravdess,3,2,wavlm_base_plus,45,seen_uar,41,UAR_percent,percentage_points,53.125,53.125,0.0,False
ads2_formal_ravdess_d03_f2_wavlm_base_plus_A,ravdess,3,2,wavlm_base_plus,45,unseen_uar,40,UAR_percent,percentage_points,40.625,53.125,12.5,False
ads2_formal_ravdess_d03_f2_hubert_base_A,ravdess,3,2,hubert_base,15,last,15,UAR_percent,percentage_points,43.75,46.875,3.125,False
ads2_formal_ravdess_d03_f2_hubert_base_A,ravdess,3,2,hubert_base,15,seen_ce,12,UAR_percent,percentage_points,43.75,46.875,3.125,False
ads2_formal_ravdess_d03_f2_hubert_base_A,ravdess,3,2,hubert_base,15,unseen_ce,12,UAR_percent,percentage_points,43.75,46.875,3.125,False
ads2_formal_ravdess_d03_f2_hubert_base_A,ravdess,3,2,hubert_base,15,seen_uar,14,UAR_percent,percentage_points,46.875,46.875,0.0,False
ads2_formal_ravdess_d03_f2_hubert_base_A,ravdess,3,2,hubert_base,15,unseen_uar,10,UAR_percent,percentage_points,37.5,46.875,9.375,False
ads2_formal_ravdess_d03_f3_wavlm_base_plus_A,ravdess,3,3,wavlm_base_plus,15,last,15,UAR_percent,percentage_points,40.625,43.75,3.125,False
ads2_formal_ravdess_d03_f3_wavlm_base_plus_A,ravdess,3,3,wavlm_base_plus,15,seen_ce,14,UAR_percent,percentage_points,43.75,43.75,0.0,False
ads2_formal_ravdess_d03_f3_wavlm_base_plus_A,ravdess,3,3,wavlm_base_plus,15,unseen_ce,14,UAR_percent,percentage_points,43.75,43.75,0.0,False
ads2_formal_ravdess_d03_f3_wavlm_base_plus_A,ravdess,3,3,wavlm_base_plus,15,seen_uar,14,UAR_percent,percentage_points,43.75,43.75,0.0,False
ads2_formal_ravdess_d03_f3_wavlm_base_plus_A,ravdess,3,3,wavlm_base_plus,15,unseen_uar,12,UAR_percent,percentage_points,40.625,43.75,3.125,False
ads2_formal_ravdess_d03_f3_wavlm_base_plus_A,ravdess,3,3,wavlm_base_plus,45,last,45,UAR_percent,percentage_points,46.875,56.25,9.375,False
ads2_formal_ravdess_d03_f3_wavlm_base_plus_A,ravdess,3,3,wavlm_base_plus,45,seen_ce,20,UAR_percent,percentage_points,46.875,56.25,9.375,False
ads2_formal_ravdess_d03_f3_wavlm_base_plus_A,ravdess,3,3,wavlm_base_plus,45,unseen_ce,18,UAR_percent,percentage_points,46.875,56.25,9.375,False
ads2_formal_ravdess_d03_f3_wavlm_base_plus_A,ravdess,3,3,wavlm_base_plus,45,seen_uar,35,UAR_percent,percentage_points,46.875,56.25,9.375,False
ads2_formal_ravdess_d03_f3_wavlm_base_plus_A,ravdess,3,3,wavlm_base_plus,45,unseen_uar,18,UAR_percent,percentage_points,46.875,56.25,9.375,False
ads2_formal_ravdess_d03_f3_hubert_base_A,ravdess,3,3,hubert_base,15,last,15,UAR_percent,percentage_points,50.0,50.0,0.0,False
ads2_formal_ravdess_d03_f3_hubert_base_A,ravdess,3,3,hubert_base,15,seen_ce,15,UAR_percent,percentage_points,50.0,50.0,0.0,False
ads2_formal_ravdess_d03_f3_hubert_base_A,ravdess,3,3,hubert_base,15,unseen_ce,12,UAR_percent,percentage_points,43.75,50.0,6.25,False
ads2_formal_ravdess_d03_f3_hubert_base_A,ravdess,3,3,hubert_base,15,seen_uar,13,UAR_percent,percentage_points,43.75,50.0,6.25,False
ads2_formal_ravdess_d03_f3_hubert_base_A,ravdess,3,3,hubert_base,15,unseen_uar,9,UAR_percent,percentage_points,37.5,50.0,12.5,False
ads2_formal_ravdess_d03_f4_wavlm_base_plus_A,ravdess,3,4,wavlm_base_plus,15,last,15,UAR_percent,percentage_points,43.75,43.75,0.0,False
ads2_formal_ravdess_d03_f4_wavlm_base_plus_A,ravdess,3,4,wavlm_base_plus,15,seen_ce,15,UAR_percent,percentage_points,43.75,43.75,0.0,False
ads2_formal_ravdess_d03_f4_wavlm_base_plus_A,ravdess,3,4,wavlm_base_plus,15,unseen_ce,15,UAR_percent,percentage_points,43.75,43.75,0.0,False
ads2_formal_ravdess_d03_f4_wavlm_base_plus_A,ravdess,3,4,wavlm_base_plus,15,seen_uar,15,UAR_percent,percentage_points,43.75,43.75,0.0,False
ads2_formal_ravdess_d03_f4_wavlm_base_plus_A,ravdess,3,4,wavlm_base_plus,15,unseen_uar,15,UAR_percent,percentage_points,43.75,43.75,0.0,False
ads2_formal_ravdess_d03_f4_wavlm_base_plus_A,ravdess,3,4,wavlm_base_plus,45,last,45,UAR_percent,percentage_points,43.75,50.0,6.25,False
ads2_formal_ravdess_d03_f4_wavlm_base_plus_A,ravdess,3,4,wavlm_base_plus,45,seen_ce,38,UAR_percent,percentage_points,50.0,50.0,0.0,False
ads2_formal_ravdess_d03_f4_wavlm_base_plus_A,ravdess,3,4,wavlm_base_plus,45,unseen_ce,17,UAR_percent,percentage_points,43.75,50.0,6.25,False
ads2_formal_ravdess_d03_f4_wavlm_base_plus_A,ravdess,3,4,wavlm_base_plus,45,seen_uar,42,UAR_percent,percentage_points,46.875,50.0,3.125,False
ads2_formal_ravdess_d03_f4_wavlm_base_plus_A,ravdess,3,4,wavlm_base_plus,45,unseen_uar,34,UAR_percent,percentage_points,34.375,50.0,15.625,False
ads2_formal_ravdess_d03_f4_hubert_base_A,ravdess,3,4,hubert_base,15,last,15,UAR_percent,percentage_points,50.0,50.0,0.0,False
ads2_formal_ravdess_d03_f4_hubert_base_A,ravdess,3,4,hubert_base,15,seen_ce,14,UAR_percent,percentage_points,37.5,50.0,12.5,False
ads2_formal_ravdess_d03_f4_hubert_base_A,ravdess,3,4,hubert_base,15,unseen_ce,11,UAR_percent,percentage_points,37.5,50.0,12.5,False
ads2_formal_ravdess_d03_f4_hubert_base_A,ravdess,3,4,hubert_base,15,seen_uar,15,UAR_percent,percentage_points,50.0,50.0,0.0,False
ads2_formal_ravdess_d03_f4_hubert_base_A,ravdess,3,4,hubert_base,15,unseen_uar,14,UAR_percent,percentage_points,37.5,50.0,12.5,False
ads2_formal_ravdess_d04_f0_wavlm_base_plus_A,ravdess,4,0,wavlm_base_plus,15,last,15,UAR_percent,percentage_points,29.166666666666668,31.25,2.0833333333333335,False
ads2_formal_ravdess_d04_f0_wavlm_base_plus_A,ravdess,4,0,wavlm_base_plus,15,seen_ce,14,UAR_percent,percentage_points,29.166666666666668,31.25,2.0833333333333335,False
ads2_formal_ravdess_d04_f0_wavlm_base_plus_A,ravdess,4,0,wavlm_base_plus,15,unseen_ce,14,UAR_percent,percentage_points,29.166666666666668,31.25,2.0833333333333335,False
ads2_formal_ravdess_d04_f0_wavlm_base_plus_A,ravdess,4,0,wavlm_base_plus,15,seen_uar,13,UAR_percent,percentage_points,31.25,31.25,0.0,False
ads2_formal_ravdess_d04_f0_wavlm_base_plus_A,ravdess,4,0,wavlm_base_plus,15,unseen_uar,14,UAR_percent,percentage_points,29.166666666666668,31.25,2.0833333333333335,False
ads2_formal_ravdess_d04_f0_wavlm_base_plus_A,ravdess,4,0,wavlm_base_plus,45,last,45,UAR_percent,percentage_points,35.416666666666664,37.5,2.0833333333333335,False
ads2_formal_ravdess_d04_f0_wavlm_base_plus_A,ravdess,4,0,wavlm_base_plus,45,seen_ce,20,UAR_percent,percentage_points,35.416666666666664,37.5,2.0833333333333335,False
ads2_formal_ravdess_d04_f0_wavlm_base_plus_A,ravdess,4,0,wavlm_base_plus,45,unseen_ce,16,UAR_percent,percentage_points,37.5,37.5,0.0,False
ads2_formal_ravdess_d04_f0_wavlm_base_plus_A,ravdess,4,0,wavlm_base_plus,45,seen_uar,20,UAR_percent,percentage_points,35.416666666666664,37.5,2.0833333333333335,False
ads2_formal_ravdess_d04_f0_wavlm_base_plus_A,ravdess,4,0,wavlm_base_plus,45,unseen_uar,43,UAR_percent,percentage_points,35.416666666666664,37.5,2.0833333333333335,False
ads2_formal_ravdess_d04_f0_hubert_base_A,ravdess,4,0,hubert_base,15,last,15,UAR_percent,percentage_points,45.833333333333336,47.916666666666664,2.0833333333333335,False
ads2_formal_ravdess_d04_f0_hubert_base_A,ravdess,4,0,hubert_base,15,seen_ce,15,UAR_percent,percentage_points,45.833333333333336,47.916666666666664,2.0833333333333335,False
ads2_formal_ravdess_d04_f0_hubert_base_A,ravdess,4,0,hubert_base,15,unseen_ce,15,UAR_percent,percentage_points,45.833333333333336,47.916666666666664,2.0833333333333335,False
ads2_formal_ravdess_d04_f0_hubert_base_A,ravdess,4,0,hubert_base,15,seen_uar,9,UAR_percent,percentage_points,31.25,47.916666666666664,16.666666666666668,False
ads2_formal_ravdess_d04_f0_hubert_base_A,ravdess,4,0,hubert_base,15,unseen_uar,15,UAR_percent,percentage_points,45.833333333333336,47.916666666666664,2.0833333333333335,False
ads2_formal_ravdess_d04_f1_wavlm_base_plus_A,ravdess,4,1,wavlm_base_plus,15,last,15,UAR_percent,percentage_points,47.916666666666664,47.916666666666664,0.0,False
ads2_formal_ravdess_d04_f1_wavlm_base_plus_A,ravdess,4,1,wavlm_base_plus,15,seen_ce,15,UAR_percent,percentage_points,47.916666666666664,47.916666666666664,0.0,False
ads2_formal_ravdess_d04_f1_wavlm_base_plus_A,ravdess,4,1,wavlm_base_plus,15,unseen_ce,15,UAR_percent,percentage_points,47.916666666666664,47.916666666666664,0.0,False
ads2_formal_ravdess_d04_f1_wavlm_base_plus_A,ravdess,4,1,wavlm_base_plus,15,seen_uar,14,UAR_percent,percentage_points,35.416666666666664,47.916666666666664,12.5,False
ads2_formal_ravdess_d04_f1_wavlm_base_plus_A,ravdess,4,1,wavlm_base_plus,15,unseen_uar,15,UAR_percent,percentage_points,47.916666666666664,47.916666666666664,0.0,False
ads2_formal_ravdess_d04_f1_wavlm_base_plus_A,ravdess,4,1,wavlm_base_plus,45,last,45,UAR_percent,percentage_points,50.0,52.083333333333336,2.0833333333333335,False
ads2_formal_ravdess_d04_f1_wavlm_base_plus_A,ravdess,4,1,wavlm_base_plus,45,seen_ce,45,UAR_percent,percentage_points,50.0,52.083333333333336,2.0833333333333335,False
ads2_formal_ravdess_d04_f1_wavlm_base_plus_A,ravdess,4,1,wavlm_base_plus,45,unseen_ce,19,UAR_percent,percentage_points,41.666666666666664,52.083333333333336,10.416666666666666,False
ads2_formal_ravdess_d04_f1_wavlm_base_plus_A,ravdess,4,1,wavlm_base_plus,45,seen_uar,41,UAR_percent,percentage_points,52.083333333333336,52.083333333333336,0.0,False
ads2_formal_ravdess_d04_f1_wavlm_base_plus_A,ravdess,4,1,wavlm_base_plus,45,unseen_uar,19,UAR_percent,percentage_points,41.666666666666664,52.083333333333336,10.416666666666666,False
ads2_formal_ravdess_d04_f1_hubert_base_A,ravdess,4,1,hubert_base,15,last,15,UAR_percent,percentage_points,37.5,41.666666666666664,4.166666666666667,False
ads2_formal_ravdess_d04_f1_hubert_base_A,ravdess,4,1,hubert_base,15,seen_ce,12,UAR_percent,percentage_points,41.666666666666664,41.666666666666664,0.0,False
ads2_formal_ravdess_d04_f1_hubert_base_A,ravdess,4,1,hubert_base,15,unseen_ce,11,UAR_percent,percentage_points,41.666666666666664,41.666666666666664,0.0,False
ads2_formal_ravdess_d04_f1_hubert_base_A,ravdess,4,1,hubert_base,15,seen_uar,13,UAR_percent,percentage_points,33.333333333333336,41.666666666666664,8.333333333333334,False
ads2_formal_ravdess_d04_f1_hubert_base_A,ravdess,4,1,hubert_base,15,unseen_uar,12,UAR_percent,percentage_points,41.666666666666664,41.666666666666664,0.0,False
ads2_formal_ravdess_d04_f2_wavlm_base_plus_A,ravdess,4,2,wavlm_base_plus,15,last,15,UAR_percent,percentage_points,31.25,31.25,0.0,False
ads2_formal_ravdess_d04_f2_wavlm_base_plus_A,ravdess,4,2,wavlm_base_plus,15,seen_ce,5,UAR_percent,percentage_points,15.625,31.25,15.625,False
ads2_formal_ravdess_d04_f2_wavlm_base_plus_A,ravdess,4,2,wavlm_base_plus,15,unseen_ce,14,UAR_percent,percentage_points,25.0,31.25,6.25,False
ads2_formal_ravdess_d04_f2_wavlm_base_plus_A,ravdess,4,2,wavlm_base_plus,15,seen_uar,14,UAR_percent,percentage_points,25.0,31.25,6.25,False
ads2_formal_ravdess_d04_f2_wavlm_base_plus_A,ravdess,4,2,wavlm_base_plus,15,unseen_uar,15,UAR_percent,percentage_points,31.25,31.25,0.0,False
ads2_formal_ravdess_d04_f2_wavlm_base_plus_A,ravdess,4,2,wavlm_base_plus,45,last,45,UAR_percent,percentage_points,43.75,62.5,18.75,False
ads2_formal_ravdess_d04_f2_wavlm_base_plus_A,ravdess,4,2,wavlm_base_plus,45,seen_ce,35,UAR_percent,percentage_points,53.125,62.5,9.375,False
ads2_formal_ravdess_d04_f2_wavlm_base_plus_A,ravdess,4,2,wavlm_base_plus,45,unseen_ce,35,UAR_percent,percentage_points,53.125,62.5,9.375,False
ads2_formal_ravdess_d04_f2_wavlm_base_plus_A,ravdess,4,2,wavlm_base_plus,45,seen_uar,35,UAR_percent,percentage_points,53.125,62.5,9.375,False
ads2_formal_ravdess_d04_f2_wavlm_base_plus_A,ravdess,4,2,wavlm_base_plus,45,unseen_uar,35,UAR_percent,percentage_points,53.125,62.5,9.375,False
ads2_formal_ravdess_d04_f2_hubert_base_A,ravdess,4,2,hubert_base,15,last,15,UAR_percent,percentage_points,50.0,53.125,3.125,False
ads2_formal_ravdess_d04_f2_hubert_base_A,ravdess,4,2,hubert_base,15,seen_ce,13,UAR_percent,percentage_points,50.0,53.125,3.125,False
ads2_formal_ravdess_d04_f2_hubert_base_A,ravdess,4,2,hubert_base,15,unseen_ce,13,UAR_percent,percentage_points,50.0,53.125,3.125,False
ads2_formal_ravdess_d04_f2_hubert_base_A,ravdess,4,2,hubert_base,15,seen_uar,13,UAR_percent,percentage_points,50.0,53.125,3.125,False
ads2_formal_ravdess_d04_f2_hubert_base_A,ravdess,4,2,hubert_base,15,unseen_uar,13,UAR_percent,percentage_points,50.0,53.125,3.125,False
ads2_formal_ravdess_d04_f3_wavlm_base_plus_A,ravdess,4,3,wavlm_base_plus,15,last,15,UAR_percent,percentage_points,28.125,28.125,0.0,False
ads2_formal_ravdess_d04_f3_wavlm_base_plus_A,ravdess,4,3,wavlm_base_plus,15,seen_ce,13,UAR_percent,percentage_points,28.125,28.125,0.0,False
ads2_formal_ravdess_d04_f3_wavlm_base_plus_A,ravdess,4,3,wavlm_base_plus,15,unseen_ce,11,UAR_percent,percentage_points,28.125,28.125,0.0,False
ads2_formal_ravdess_d04_f3_wavlm_base_plus_A,ravdess,4,3,wavlm_base_plus,15,seen_uar,13,UAR_percent,percentage_points,28.125,28.125,0.0,False
ads2_formal_ravdess_d04_f3_wavlm_base_plus_A,ravdess,4,3,wavlm_base_plus,15,unseen_uar,14,UAR_percent,percentage_points,25.0,28.125,3.125,False
ads2_formal_ravdess_d04_f3_wavlm_base_plus_A,ravdess,4,3,wavlm_base_plus,45,last,45,UAR_percent,percentage_points,25.0,40.625,15.625,False
ads2_formal_ravdess_d04_f3_wavlm_base_plus_A,ravdess,4,3,wavlm_base_plus,45,seen_ce,28,UAR_percent,percentage_points,40.625,40.625,0.0,False
ads2_formal_ravdess_d04_f3_wavlm_base_plus_A,ravdess,4,3,wavlm_base_plus,45,unseen_ce,11,UAR_percent,percentage_points,28.125,40.625,12.5,False
ads2_formal_ravdess_d04_f3_wavlm_base_plus_A,ravdess,4,3,wavlm_base_plus,45,seen_uar,26,UAR_percent,percentage_points,34.375,40.625,6.25,False
ads2_formal_ravdess_d04_f3_wavlm_base_plus_A,ravdess,4,3,wavlm_base_plus,45,unseen_uar,44,UAR_percent,percentage_points,25.0,40.625,15.625,False
ads2_formal_ravdess_d04_f3_hubert_base_A,ravdess,4,3,hubert_base,15,last,15,UAR_percent,percentage_points,53.125,53.125,0.0,False
ads2_formal_ravdess_d04_f3_hubert_base_A,ravdess,4,3,hubert_base,15,seen_ce,15,UAR_percent,percentage_points,53.125,53.125,0.0,False
ads2_formal_ravdess_d04_f3_hubert_base_A,ravdess,4,3,hubert_base,15,unseen_ce,12,UAR_percent,percentage_points,43.75,53.125,9.375,False
ads2_formal_ravdess_d04_f3_hubert_base_A,ravdess,4,3,hubert_base,15,seen_uar,15,UAR_percent,percentage_points,53.125,53.125,0.0,False
ads2_formal_ravdess_d04_f3_hubert_base_A,ravdess,4,3,hubert_base,15,unseen_uar,15,UAR_percent,percentage_points,53.125,53.125,0.0,False
ads2_formal_ravdess_d04_f4_wavlm_base_plus_A,ravdess,4,4,wavlm_base_plus,15,last,15,UAR_percent,percentage_points,37.5,40.625,3.125,False
ads2_formal_ravdess_d04_f4_wavlm_base_plus_A,ravdess,4,4,wavlm_base_plus,15,seen_ce,15,UAR_percent,percentage_points,37.5,40.625,3.125,False
ads2_formal_ravdess_d04_f4_wavlm_base_plus_A,ravdess,4,4,wavlm_base_plus,15,unseen_ce,15,UAR_percent,percentage_points,37.5,40.625,3.125,False
ads2_formal_ravdess_d04_f4_wavlm_base_plus_A,ravdess,4,4,wavlm_base_plus,15,seen_uar,15,UAR_percent,percentage_points,37.5,40.625,3.125,False
ads2_formal_ravdess_d04_f4_wavlm_base_plus_A,ravdess,4,4,wavlm_base_plus,15,unseen_uar,15,UAR_percent,percentage_points,37.5,40.625,3.125,False
ads2_formal_ravdess_d04_f4_wavlm_base_plus_A,ravdess,4,4,wavlm_base_plus,45,last,45,UAR_percent,percentage_points,53.125,53.125,0.0,False
ads2_formal_ravdess_d04_f4_wavlm_base_plus_A,ravdess,4,4,wavlm_base_plus,45,seen_ce,23,UAR_percent,percentage_points,53.125,53.125,0.0,False
ads2_formal_ravdess_d04_f4_wavlm_base_plus_A,ravdess,4,4,wavlm_base_plus,45,unseen_ce,24,UAR_percent,percentage_points,46.875,53.125,6.25,False
ads2_formal_ravdess_d04_f4_wavlm_base_plus_A,ravdess,4,4,wavlm_base_plus,45,seen_uar,36,UAR_percent,percentage_points,46.875,53.125,6.25,False
ads2_formal_ravdess_d04_f4_wavlm_base_plus_A,ravdess,4,4,wavlm_base_plus,45,unseen_uar,24,UAR_percent,percentage_points,46.875,53.125,6.25,False
ads2_formal_ravdess_d04_f4_hubert_base_A,ravdess,4,4,hubert_base,15,last,15,UAR_percent,percentage_points,31.25,34.375,3.125,False
ads2_formal_ravdess_d04_f4_hubert_base_A,ravdess,4,4,hubert_base,15,seen_ce,14,UAR_percent,percentage_points,34.375,34.375,0.0,False
ads2_formal_ravdess_d04_f4_hubert_base_A,ravdess,4,4,hubert_base,15,unseen_ce,14,UAR_percent,percentage_points,34.375,34.375,0.0,False
ads2_formal_ravdess_d04_f4_hubert_base_A,ravdess,4,4,hubert_base,15,seen_uar,14,UAR_percent,percentage_points,34.375,34.375,0.0,False
ads2_formal_ravdess_d04_f4_hubert_base_A,ravdess,4,4,hubert_base,15,unseen_uar,11,UAR_percent,percentage_points,31.25,34.375,3.125,False
ads2_formal_ravdess_d05_f0_wavlm_base_plus_A,ravdess,5,0,wavlm_base_plus,15,last,15,UAR_percent,percentage_points,41.666666666666664,41.666666666666664,0.0,False
ads2_formal_ravdess_d05_f0_wavlm_base_plus_A,ravdess,5,0,wavlm_base_plus,15,seen_ce,14,UAR_percent,percentage_points,41.666666666666664,41.666666666666664,0.0,False
ads2_formal_ravdess_d05_f0_wavlm_base_plus_A,ravdess,5,0,wavlm_base_plus,15,unseen_ce,15,UAR_percent,percentage_points,41.666666666666664,41.666666666666664,0.0,False
ads2_formal_ravdess_d05_f0_wavlm_base_plus_A,ravdess,5,0,wavlm_base_plus,15,seen_uar,15,UAR_percent,percentage_points,41.666666666666664,41.666666666666664,0.0,False
ads2_formal_ravdess_d05_f0_wavlm_base_plus_A,ravdess,5,0,wavlm_base_plus,15,unseen_uar,15,UAR_percent,percentage_points,41.666666666666664,41.666666666666664,0.0,False
ads2_formal_ravdess_d05_f0_wavlm_base_plus_A,ravdess,5,0,wavlm_base_plus,45,last,45,UAR_percent,percentage_points,41.666666666666664,50.0,8.333333333333334,False
ads2_formal_ravdess_d05_f0_wavlm_base_plus_A,ravdess,5,0,wavlm_base_plus,45,seen_ce,19,UAR_percent,percentage_points,45.833333333333336,50.0,4.166666666666667,False
ads2_formal_ravdess_d05_f0_wavlm_base_plus_A,ravdess,5,0,wavlm_base_plus,45,unseen_ce,19,UAR_percent,percentage_points,45.833333333333336,50.0,4.166666666666667,False
ads2_formal_ravdess_d05_f0_wavlm_base_plus_A,ravdess,5,0,wavlm_base_plus,45,seen_uar,28,UAR_percent,percentage_points,39.583333333333336,50.0,10.416666666666666,False
ads2_formal_ravdess_d05_f0_wavlm_base_plus_A,ravdess,5,0,wavlm_base_plus,45,unseen_uar,29,UAR_percent,percentage_points,39.583333333333336,50.0,10.416666666666666,False
ads2_formal_ravdess_d05_f0_hubert_base_A,ravdess,5,0,hubert_base,15,last,15,UAR_percent,percentage_points,45.833333333333336,47.916666666666664,2.0833333333333335,False
ads2_formal_ravdess_d05_f0_hubert_base_A,ravdess,5,0,hubert_base,15,seen_ce,15,UAR_percent,percentage_points,45.833333333333336,47.916666666666664,2.0833333333333335,False
ads2_formal_ravdess_d05_f0_hubert_base_A,ravdess,5,0,hubert_base,15,unseen_ce,13,UAR_percent,percentage_points,37.5,47.916666666666664,10.416666666666666,False
ads2_formal_ravdess_d05_f0_hubert_base_A,ravdess,5,0,hubert_base,15,seen_uar,15,UAR_percent,percentage_points,45.833333333333336,47.916666666666664,2.0833333333333335,False
ads2_formal_ravdess_d05_f0_hubert_base_A,ravdess,5,0,hubert_base,15,unseen_uar,13,UAR_percent,percentage_points,37.5,47.916666666666664,10.416666666666666,False
ads2_formal_ravdess_d05_f1_wavlm_base_plus_A,ravdess,5,1,wavlm_base_plus,15,last,15,UAR_percent,percentage_points,29.166666666666668,31.25,2.0833333333333335,False
ads2_formal_ravdess_d05_f1_wavlm_base_plus_A,ravdess,5,1,wavlm_base_plus,15,seen_ce,14,UAR_percent,percentage_points,31.25,31.25,0.0,False
ads2_formal_ravdess_d05_f1_wavlm_base_plus_A,ravdess,5,1,wavlm_base_plus,15,unseen_ce,14,UAR_percent,percentage_points,31.25,31.25,0.0,False
ads2_formal_ravdess_d05_f1_wavlm_base_plus_A,ravdess,5,1,wavlm_base_plus,15,seen_uar,15,UAR_percent,percentage_points,29.166666666666668,31.25,2.0833333333333335,False
ads2_formal_ravdess_d05_f1_wavlm_base_plus_A,ravdess,5,1,wavlm_base_plus,15,unseen_uar,14,UAR_percent,percentage_points,31.25,31.25,0.0,False
ads2_formal_ravdess_d05_f1_wavlm_base_plus_A,ravdess,5,1,wavlm_base_plus,45,last,45,UAR_percent,percentage_points,50.0,54.166666666666664,4.166666666666667,False
ads2_formal_ravdess_d05_f1_wavlm_base_plus_A,ravdess,5,1,wavlm_base_plus,45,seen_ce,45,UAR_percent,percentage_points,50.0,54.166666666666664,4.166666666666667,False
ads2_formal_ravdess_d05_f1_wavlm_base_plus_A,ravdess,5,1,wavlm_base_plus,45,unseen_ce,18,UAR_percent,percentage_points,47.916666666666664,54.166666666666664,6.25,False
ads2_formal_ravdess_d05_f1_wavlm_base_plus_A,ravdess,5,1,wavlm_base_plus,45,seen_uar,45,UAR_percent,percentage_points,50.0,54.166666666666664,4.166666666666667,False
ads2_formal_ravdess_d05_f1_wavlm_base_plus_A,ravdess,5,1,wavlm_base_plus,45,unseen_uar,37,UAR_percent,percentage_points,43.75,54.166666666666664,10.416666666666666,False
ads2_formal_ravdess_d05_f1_hubert_base_A,ravdess,5,1,hubert_base,15,last,15,UAR_percent,percentage_points,45.833333333333336,45.833333333333336,0.0,False
ads2_formal_ravdess_d05_f1_hubert_base_A,ravdess,5,1,hubert_base,15,seen_ce,15,UAR_percent,percentage_points,45.833333333333336,45.833333333333336,0.0,False
ads2_formal_ravdess_d05_f1_hubert_base_A,ravdess,5,1,hubert_base,15,unseen_ce,10,UAR_percent,percentage_points,41.666666666666664,45.833333333333336,4.166666666666667,False
ads2_formal_ravdess_d05_f1_hubert_base_A,ravdess,5,1,hubert_base,15,seen_uar,15,UAR_percent,percentage_points,45.833333333333336,45.833333333333336,0.0,False
ads2_formal_ravdess_d05_f1_hubert_base_A,ravdess,5,1,hubert_base,15,unseen_uar,15,UAR_percent,percentage_points,45.833333333333336,45.833333333333336,0.0,False
ads2_formal_ravdess_d05_f2_wavlm_base_plus_A,ravdess,5,2,wavlm_base_plus,15,last,15,UAR_percent,percentage_points,37.5,37.5,0.0,False
ads2_formal_ravdess_d05_f2_wavlm_base_plus_A,ravdess,5,2,wavlm_base_plus,15,seen_ce,15,UAR_percent,percentage_points,37.5,37.5,0.0,False
ads2_formal_ravdess_d05_f2_wavlm_base_plus_A,ravdess,5,2,wavlm_base_plus,15,unseen_ce,15,UAR_percent,percentage_points,37.5,37.5,0.0,False
ads2_formal_ravdess_d05_f2_wavlm_base_plus_A,ravdess,5,2,wavlm_base_plus,15,seen_uar,12,UAR_percent,percentage_points,28.125,37.5,9.375,False
ads2_formal_ravdess_d05_f2_wavlm_base_plus_A,ravdess,5,2,wavlm_base_plus,15,unseen_uar,15,UAR_percent,percentage_points,37.5,37.5,0.0,False
ads2_formal_ravdess_d05_f2_wavlm_base_plus_A,ravdess,5,2,wavlm_base_plus,45,last,45,UAR_percent,percentage_points,34.375,46.875,12.5,False
ads2_formal_ravdess_d05_f2_wavlm_base_plus_A,ravdess,5,2,wavlm_base_plus,45,seen_ce,21,UAR_percent,percentage_points,46.875,46.875,0.0,False
ads2_formal_ravdess_d05_f2_wavlm_base_plus_A,ravdess,5,2,wavlm_base_plus,45,unseen_ce,21,UAR_percent,percentage_points,46.875,46.875,0.0,False
ads2_formal_ravdess_d05_f2_wavlm_base_plus_A,ravdess,5,2,wavlm_base_plus,45,seen_uar,39,UAR_percent,percentage_points,43.75,46.875,3.125,False
ads2_formal_ravdess_d05_f2_wavlm_base_plus_A,ravdess,5,2,wavlm_base_plus,45,unseen_uar,30,UAR_percent,percentage_points,46.875,46.875,0.0,False
ads2_formal_ravdess_d05_f2_hubert_base_A,ravdess,5,2,hubert_base,15,last,15,UAR_percent,percentage_points,53.125,56.25,3.125,False
ads2_formal_ravdess_d05_f2_hubert_base_A,ravdess,5,2,hubert_base,15,seen_ce,15,UAR_percent,percentage_points,53.125,56.25,3.125,False
ads2_formal_ravdess_d05_f2_hubert_base_A,ravdess,5,2,hubert_base,15,unseen_ce,14,UAR_percent,percentage_points,56.25,56.25,0.0,False
ads2_formal_ravdess_d05_f2_hubert_base_A,ravdess,5,2,hubert_base,15,seen_uar,12,UAR_percent,percentage_points,46.875,56.25,9.375,False
ads2_formal_ravdess_d05_f2_hubert_base_A,ravdess,5,2,hubert_base,15,unseen_uar,12,UAR_percent,percentage_points,46.875,56.25,9.375,False
ads2_formal_ravdess_d05_f3_wavlm_base_plus_A,ravdess,5,3,wavlm_base_plus,15,last,15,UAR_percent,percentage_points,46.875,50.0,3.125,False
ads2_formal_ravdess_d05_f3_wavlm_base_plus_A,ravdess,5,3,wavlm_base_plus,15,seen_ce,15,UAR_percent,percentage_points,46.875,50.0,3.125,False
ads2_formal_ravdess_d05_f3_wavlm_base_plus_A,ravdess,5,3,wavlm_base_plus,15,unseen_ce,15,UAR_percent,percentage_points,46.875,50.0,3.125,False
ads2_formal_ravdess_d05_f3_wavlm_base_plus_A,ravdess,5,3,wavlm_base_plus,15,seen_uar,15,UAR_percent,percentage_points,46.875,50.0,3.125,False
ads2_formal_ravdess_d05_f3_wavlm_base_plus_A,ravdess,5,3,wavlm_base_plus,15,unseen_uar,14,UAR_percent,percentage_points,50.0,50.0,0.0,False
ads2_formal_ravdess_d05_f3_wavlm_base_plus_A,ravdess,5,3,wavlm_base_plus,45,last,45,UAR_percent,percentage_points,43.75,56.25,12.5,False
ads2_formal_ravdess_d05_f3_wavlm_base_plus_A,ravdess,5,3,wavlm_base_plus,45,seen_ce,20,UAR_percent,percentage_points,46.875,56.25,9.375,False
ads2_formal_ravdess_d05_f3_wavlm_base_plus_A,ravdess,5,3,wavlm_base_plus,45,unseen_ce,23,UAR_percent,percentage_points,53.125,56.25,3.125,False
ads2_formal_ravdess_d05_f3_wavlm_base_plus_A,ravdess,5,3,wavlm_base_plus,45,seen_uar,20,UAR_percent,percentage_points,46.875,56.25,9.375,False
ads2_formal_ravdess_d05_f3_wavlm_base_plus_A,ravdess,5,3,wavlm_base_plus,45,unseen_uar,29,UAR_percent,percentage_points,46.875,56.25,9.375,False
ads2_formal_ravdess_d05_f3_hubert_base_A,ravdess,5,3,hubert_base,15,last,15,UAR_percent,percentage_points,53.125,53.125,0.0,False
ads2_formal_ravdess_d05_f3_hubert_base_A,ravdess,5,3,hubert_base,15,seen_ce,15,UAR_percent,percentage_points,53.125,53.125,0.0,False
ads2_formal_ravdess_d05_f3_hubert_base_A,ravdess,5,3,hubert_base,15,unseen_ce,12,UAR_percent,percentage_points,50.0,53.125,3.125,False
ads2_formal_ravdess_d05_f3_hubert_base_A,ravdess,5,3,hubert_base,15,seen_uar,12,UAR_percent,percentage_points,50.0,53.125,3.125,False
ads2_formal_ravdess_d05_f3_hubert_base_A,ravdess,5,3,hubert_base,15,unseen_uar,13,UAR_percent,percentage_points,40.625,53.125,12.5,False
ads2_formal_ravdess_d05_f4_wavlm_base_plus_A,ravdess,5,4,wavlm_base_plus,15,last,15,UAR_percent,percentage_points,28.125,40.625,12.5,False
ads2_formal_ravdess_d05_f4_wavlm_base_plus_A,ravdess,5,4,wavlm_base_plus,15,seen_ce,14,UAR_percent,percentage_points,40.625,40.625,0.0,False
ads2_formal_ravdess_d05_f4_wavlm_base_plus_A,ravdess,5,4,wavlm_base_plus,15,unseen_ce,14,UAR_percent,percentage_points,40.625,40.625,0.0,False
ads2_formal_ravdess_d05_f4_wavlm_base_plus_A,ravdess,5,4,wavlm_base_plus,15,seen_uar,14,UAR_percent,percentage_points,40.625,40.625,0.0,False
ads2_formal_ravdess_d05_f4_wavlm_base_plus_A,ravdess,5,4,wavlm_base_plus,15,unseen_uar,15,UAR_percent,percentage_points,28.125,40.625,12.5,False
ads2_formal_ravdess_d05_f4_wavlm_base_plus_A,ravdess,5,4,wavlm_base_plus,45,last,45,UAR_percent,percentage_points,37.5,56.25,18.75,False
ads2_formal_ravdess_d05_f4_wavlm_base_plus_A,ravdess,5,4,wavlm_base_plus,45,seen_ce,24,UAR_percent,percentage_points,56.25,56.25,0.0,False
ads2_formal_ravdess_d05_f4_wavlm_base_plus_A,ravdess,5,4,wavlm_base_plus,45,unseen_ce,18,UAR_percent,percentage_points,43.75,56.25,12.5,False
ads2_formal_ravdess_d05_f4_wavlm_base_plus_A,ravdess,5,4,wavlm_base_plus,45,seen_uar,36,UAR_percent,percentage_points,50.0,56.25,6.25,False
ads2_formal_ravdess_d05_f4_wavlm_base_plus_A,ravdess,5,4,wavlm_base_plus,45,unseen_uar,33,UAR_percent,percentage_points,46.875,56.25,9.375,False
ads2_formal_ravdess_d05_f4_hubert_base_A,ravdess,5,4,hubert_base,15,last,15,UAR_percent,percentage_points,34.375,37.5,3.125,False
ads2_formal_ravdess_d05_f4_hubert_base_A,ravdess,5,4,hubert_base,15,seen_ce,12,UAR_percent,percentage_points,37.5,37.5,0.0,False
ads2_formal_ravdess_d05_f4_hubert_base_A,ravdess,5,4,hubert_base,15,unseen_ce,12,UAR_percent,percentage_points,37.5,37.5,0.0,False
ads2_formal_ravdess_d05_f4_hubert_base_A,ravdess,5,4,hubert_base,15,seen_uar,12,UAR_percent,percentage_points,37.5,37.5,0.0,False
ads2_formal_ravdess_d05_f4_hubert_base_A,ravdess,5,4,hubert_base,15,unseen_uar,14,UAR_percent,percentage_points,34.375,37.5,3.125,False
ads2_formal_ravdess_d06_f0_wavlm_base_plus_A,ravdess,6,0,wavlm_base_plus,15,last,15,UAR_percent,percentage_points,25.0,27.083333333333332,2.0833333333333335,False
ads2_formal_ravdess_d06_f0_wavlm_base_plus_A,ravdess,6,0,wavlm_base_plus,15,seen_ce,15,UAR_percent,percentage_points,25.0,27.083333333333332,2.0833333333333335,False
ads2_formal_ravdess_d06_f0_wavlm_base_plus_A,ravdess,6,0,wavlm_base_plus,15,unseen_ce,15,UAR_percent,percentage_points,25.0,27.083333333333332,2.0833333333333335,False
ads2_formal_ravdess_d06_f0_wavlm_base_plus_A,ravdess,6,0,wavlm_base_plus,15,seen_uar,12,UAR_percent,percentage_points,25.0,27.083333333333332,2.0833333333333335,False
ads2_formal_ravdess_d06_f0_wavlm_base_plus_A,ravdess,6,0,wavlm_base_plus,15,unseen_uar,14,UAR_percent,percentage_points,27.083333333333332,27.083333333333332,0.0,False
ads2_formal_ravdess_d06_f0_wavlm_base_plus_A,ravdess,6,0,wavlm_base_plus,45,last,45,UAR_percent,percentage_points,35.416666666666664,45.833333333333336,10.416666666666666,False
ads2_formal_ravdess_d06_f0_wavlm_base_plus_A,ravdess,6,0,wavlm_base_plus,45,seen_ce,26,UAR_percent,percentage_points,39.583333333333336,45.833333333333336,6.25,False
ads2_formal_ravdess_d06_f0_wavlm_base_plus_A,ravdess,6,0,wavlm_base_plus,45,unseen_ce,21,UAR_percent,percentage_points,37.5,45.833333333333336,8.333333333333334,False
ads2_formal_ravdess_d06_f0_wavlm_base_plus_A,ravdess,6,0,wavlm_base_plus,45,seen_uar,35,UAR_percent,percentage_points,41.666666666666664,45.833333333333336,4.166666666666667,False
ads2_formal_ravdess_d06_f0_wavlm_base_plus_A,ravdess,6,0,wavlm_base_plus,45,unseen_uar,30,UAR_percent,percentage_points,37.5,45.833333333333336,8.333333333333334,False
ads2_formal_ravdess_d06_f0_hubert_base_A,ravdess,6,0,hubert_base,15,last,15,UAR_percent,percentage_points,35.416666666666664,37.5,2.0833333333333335,False
ads2_formal_ravdess_d06_f0_hubert_base_A,ravdess,6,0,hubert_base,15,seen_ce,13,UAR_percent,percentage_points,35.416666666666664,37.5,2.0833333333333335,False
ads2_formal_ravdess_d06_f0_hubert_base_A,ravdess,6,0,hubert_base,15,unseen_ce,13,UAR_percent,percentage_points,35.416666666666664,37.5,2.0833333333333335,False
ads2_formal_ravdess_d06_f0_hubert_base_A,ravdess,6,0,hubert_base,15,seen_uar,15,UAR_percent,percentage_points,35.416666666666664,37.5,2.0833333333333335,False
ads2_formal_ravdess_d06_f0_hubert_base_A,ravdess,6,0,hubert_base,15,unseen_uar,15,UAR_percent,percentage_points,35.416666666666664,37.5,2.0833333333333335,False
ads2_formal_ravdess_d06_f1_wavlm_base_plus_A,ravdess,6,1,wavlm_base_plus,15,last,15,UAR_percent,percentage_points,39.583333333333336,39.583333333333336,0.0,False
ads2_formal_ravdess_d06_f1_wavlm_base_plus_A,ravdess,6,1,wavlm_base_plus,15,seen_ce,15,UAR_percent,percentage_points,39.583333333333336,39.583333333333336,0.0,False
ads2_formal_ravdess_d06_f1_wavlm_base_plus_A,ravdess,6,1,wavlm_base_plus,15,unseen_ce,13,UAR_percent,percentage_points,33.333333333333336,39.583333333333336,6.25,False
ads2_formal_ravdess_d06_f1_wavlm_base_plus_A,ravdess,6,1,wavlm_base_plus,15,seen_uar,15,UAR_percent,percentage_points,39.583333333333336,39.583333333333336,0.0,False
ads2_formal_ravdess_d06_f1_wavlm_base_plus_A,ravdess,6,1,wavlm_base_plus,15,unseen_uar,9,UAR_percent,percentage_points,31.25,39.583333333333336,8.333333333333334,False
ads2_formal_ravdess_d06_f1_wavlm_base_plus_A,ravdess,6,1,wavlm_base_plus,45,last,45,UAR_percent,percentage_points,35.416666666666664,39.583333333333336,4.166666666666667,False
ads2_formal_ravdess_d06_f1_wavlm_base_plus_A,ravdess,6,1,wavlm_base_plus,45,seen_ce,29,UAR_percent,percentage_points,31.25,39.583333333333336,8.333333333333334,False
ads2_formal_ravdess_d06_f1_wavlm_base_plus_A,ravdess,6,1,wavlm_base_plus,45,unseen_ce,13,UAR_percent,percentage_points,33.333333333333336,39.583333333333336,6.25,False
ads2_formal_ravdess_d06_f1_wavlm_base_plus_A,ravdess,6,1,wavlm_base_plus,45,seen_uar,41,UAR_percent,percentage_points,35.416666666666664,39.583333333333336,4.166666666666667,False
ads2_formal_ravdess_d06_f1_wavlm_base_plus_A,ravdess,6,1,wavlm_base_plus,45,unseen_uar,29,UAR_percent,percentage_points,31.25,39.583333333333336,8.333333333333334,False
ads2_formal_ravdess_d06_f1_hubert_base_A,ravdess,6,1,hubert_base,15,last,15,UAR_percent,percentage_points,41.666666666666664,50.0,8.333333333333334,False
ads2_formal_ravdess_d06_f1_hubert_base_A,ravdess,6,1,hubert_base,15,seen_ce,13,UAR_percent,percentage_points,45.833333333333336,50.0,4.166666666666667,False
ads2_formal_ravdess_d06_f1_hubert_base_A,ravdess,6,1,hubert_base,15,unseen_ce,14,UAR_percent,percentage_points,45.833333333333336,50.0,4.166666666666667,False
ads2_formal_ravdess_d06_f1_hubert_base_A,ravdess,6,1,hubert_base,15,seen_uar,12,UAR_percent,percentage_points,45.833333333333336,50.0,4.166666666666667,False
ads2_formal_ravdess_d06_f1_hubert_base_A,ravdess,6,1,hubert_base,15,unseen_uar,14,UAR_percent,percentage_points,45.833333333333336,50.0,4.166666666666667,False
ads2_formal_ravdess_d06_f2_wavlm_base_plus_A,ravdess,6,2,wavlm_base_plus,15,last,15,UAR_percent,percentage_points,40.625,46.875,6.25,False
ads2_formal_ravdess_d06_f2_wavlm_base_plus_A,ravdess,6,2,wavlm_base_plus,15,seen_ce,14,UAR_percent,percentage_points,46.875,46.875,0.0,False
ads2_formal_ravdess_d06_f2_wavlm_base_plus_A,ravdess,6,2,wavlm_base_plus,15,unseen_ce,14,UAR_percent,percentage_points,46.875,46.875,0.0,False
ads2_formal_ravdess_d06_f2_wavlm_base_plus_A,ravdess,6,2,wavlm_base_plus,15,seen_uar,14,UAR_percent,percentage_points,46.875,46.875,0.0,False
ads2_formal_ravdess_d06_f2_wavlm_base_plus_A,ravdess,6,2,wavlm_base_plus,15,unseen_uar,14,UAR_percent,percentage_points,46.875,46.875,0.0,False
ads2_formal_ravdess_d06_f2_wavlm_base_plus_A,ravdess,6,2,wavlm_base_plus,45,last,45,UAR_percent,percentage_points,46.875,46.875,0.0,False
ads2_formal_ravdess_d06_f2_wavlm_base_plus_A,ravdess,6,2,wavlm_base_plus,45,seen_ce,34,UAR_percent,percentage_points,46.875,46.875,0.0,False
ads2_formal_ravdess_d06_f2_wavlm_base_plus_A,ravdess,6,2,wavlm_base_plus,45,unseen_ce,20,UAR_percent,percentage_points,46.875,46.875,0.0,False
ads2_formal_ravdess_d06_f2_wavlm_base_plus_A,ravdess,6,2,wavlm_base_plus,45,seen_uar,41,UAR_percent,percentage_points,43.75,46.875,3.125,False
ads2_formal_ravdess_d06_f2_wavlm_base_plus_A,ravdess,6,2,wavlm_base_plus,45,unseen_uar,37,UAR_percent,percentage_points,43.75,46.875,3.125,False
ads2_formal_ravdess_d06_f2_hubert_base_A,ravdess,6,2,hubert_base,15,last,15,UAR_percent,percentage_points,34.375,40.625,6.25,False
ads2_formal_ravdess_d06_f2_hubert_base_A,ravdess,6,2,hubert_base,15,seen_ce,12,UAR_percent,percentage_points,37.5,40.625,3.125,False
ads2_formal_ravdess_d06_f2_hubert_base_A,ravdess,6,2,hubert_base,15,unseen_ce,12,UAR_percent,percentage_points,37.5,40.625,3.125,False
ads2_formal_ravdess_d06_f2_hubert_base_A,ravdess,6,2,hubert_base,15,seen_uar,12,UAR_percent,percentage_points,37.5,40.625,3.125,False
ads2_formal_ravdess_d06_f2_hubert_base_A,ravdess,6,2,hubert_base,15,unseen_uar,10,UAR_percent,percentage_points,25.0,40.625,15.625,False
ads2_formal_ravdess_d06_f3_wavlm_base_plus_A,ravdess,6,3,wavlm_base_plus,15,last,15,UAR_percent,percentage_points,25.0,28.125,3.125,False
ads2_formal_ravdess_d06_f3_wavlm_base_plus_A,ravdess,6,3,wavlm_base_plus,15,seen_ce,15,UAR_percent,percentage_points,25.0,28.125,3.125,False
ads2_formal_ravdess_d06_f3_wavlm_base_plus_A,ravdess,6,3,wavlm_base_plus,15,unseen_ce,12,UAR_percent,percentage_points,28.125,28.125,0.0,False
ads2_formal_ravdess_d06_f3_wavlm_base_plus_A,ravdess,6,3,wavlm_base_plus,15,seen_uar,15,UAR_percent,percentage_points,25.0,28.125,3.125,False
ads2_formal_ravdess_d06_f3_wavlm_base_plus_A,ravdess,6,3,wavlm_base_plus,15,unseen_uar,12,UAR_percent,percentage_points,28.125,28.125,0.0,False
ads2_formal_ravdess_d06_f3_wavlm_base_plus_A,ravdess,6,3,wavlm_base_plus,45,last,45,UAR_percent,percentage_points,28.125,37.5,9.375,False
ads2_formal_ravdess_d06_f3_wavlm_base_plus_A,ravdess,6,3,wavlm_base_plus,45,seen_ce,26,UAR_percent,percentage_points,31.25,37.5,6.25,False
ads2_formal_ravdess_d06_f3_wavlm_base_plus_A,ravdess,6,3,wavlm_base_plus,45,unseen_ce,17,UAR_percent,percentage_points,28.125,37.5,9.375,False
ads2_formal_ravdess_d06_f3_wavlm_base_plus_A,ravdess,6,3,wavlm_base_plus,45,seen_uar,42,UAR_percent,percentage_points,37.5,37.5,0.0,False
ads2_formal_ravdess_d06_f3_wavlm_base_plus_A,ravdess,6,3,wavlm_base_plus,45,unseen_uar,41,UAR_percent,percentage_points,28.125,37.5,9.375,False
ads2_formal_ravdess_d06_f3_hubert_base_A,ravdess,6,3,hubert_base,15,last,15,UAR_percent,percentage_points,53.125,56.25,3.125,False
ads2_formal_ravdess_d06_f3_hubert_base_A,ravdess,6,3,hubert_base,15,seen_ce,14,UAR_percent,percentage_points,56.25,56.25,0.0,False
ads2_formal_ravdess_d06_f3_hubert_base_A,ravdess,6,3,hubert_base,15,unseen_ce,12,UAR_percent,percentage_points,50.0,56.25,6.25,False
ads2_formal_ravdess_d06_f3_hubert_base_A,ravdess,6,3,hubert_base,15,seen_uar,15,UAR_percent,percentage_points,53.125,56.25,3.125,False
ads2_formal_ravdess_d06_f3_hubert_base_A,ravdess,6,3,hubert_base,15,unseen_uar,11,UAR_percent,percentage_points,37.5,56.25,18.75,False
ads2_formal_ravdess_d06_f4_wavlm_base_plus_A,ravdess,6,4,wavlm_base_plus,15,last,15,UAR_percent,percentage_points,31.25,34.375,3.125,False
ads2_formal_ravdess_d06_f4_wavlm_base_plus_A,ravdess,6,4,wavlm_base_plus,15,seen_ce,15,UAR_percent,percentage_points,31.25,34.375,3.125,False
ads2_formal_ravdess_d06_f4_wavlm_base_plus_A,ravdess,6,4,wavlm_base_plus,15,unseen_ce,15,UAR_percent,percentage_points,31.25,34.375,3.125,False
ads2_formal_ravdess_d06_f4_wavlm_base_plus_A,ravdess,6,4,wavlm_base_plus,15,seen_uar,15,UAR_percent,percentage_points,31.25,34.375,3.125,False
ads2_formal_ravdess_d06_f4_wavlm_base_plus_A,ravdess,6,4,wavlm_base_plus,15,unseen_uar,13,UAR_percent,percentage_points,21.875,34.375,12.5,False
ads2_formal_ravdess_d06_f4_wavlm_base_plus_A,ravdess,6,4,wavlm_base_plus,45,last,45,UAR_percent,percentage_points,40.625,50.0,9.375,False
ads2_formal_ravdess_d06_f4_wavlm_base_plus_A,ravdess,6,4,wavlm_base_plus,45,seen_ce,34,UAR_percent,percentage_points,50.0,50.0,0.0,False
ads2_formal_ravdess_d06_f4_wavlm_base_plus_A,ravdess,6,4,wavlm_base_plus,45,unseen_ce,27,UAR_percent,percentage_points,46.875,50.0,3.125,False
ads2_formal_ravdess_d06_f4_wavlm_base_plus_A,ravdess,6,4,wavlm_base_plus,45,seen_uar,38,UAR_percent,percentage_points,50.0,50.0,0.0,False
ads2_formal_ravdess_d06_f4_wavlm_base_plus_A,ravdess,6,4,wavlm_base_plus,45,unseen_uar,45,UAR_percent,percentage_points,40.625,50.0,9.375,False
ads2_formal_ravdess_d06_f4_hubert_base_A,ravdess,6,4,hubert_base,15,last,15,UAR_percent,percentage_points,31.25,34.375,3.125,False
ads2_formal_ravdess_d06_f4_hubert_base_A,ravdess,6,4,hubert_base,15,seen_ce,12,UAR_percent,percentage_points,34.375,34.375,0.0,False
ads2_formal_ravdess_d06_f4_hubert_base_A,ravdess,6,4,hubert_base,15,unseen_ce,12,UAR_percent,percentage_points,34.375,34.375,0.0,False
ads2_formal_ravdess_d06_f4_hubert_base_A,ravdess,6,4,hubert_base,15,seen_uar,12,UAR_percent,percentage_points,34.375,34.375,0.0,False
ads2_formal_ravdess_d06_f4_hubert_base_A,ravdess,6,4,hubert_base,15,unseen_uar,13,UAR_percent,percentage_points,34.375,34.375,0.0,False
ads2_formal_ravdess_d07_f0_wavlm_base_plus_A,ravdess,7,0,wavlm_base_plus,15,last,15,UAR_percent,percentage_points,27.083333333333332,27.083333333333332,0.0,False
ads2_formal_ravdess_d07_f0_wavlm_base_plus_A,ravdess,7,0,wavlm_base_plus,15,seen_ce,14,UAR_percent,percentage_points,22.916666666666668,27.083333333333332,4.166666666666667,False
ads2_formal_ravdess_d07_f0_wavlm_base_plus_A,ravdess,7,0,wavlm_base_plus,15,unseen_ce,15,UAR_percent,percentage_points,27.083333333333332,27.083333333333332,0.0,False
ads2_formal_ravdess_d07_f0_wavlm_base_plus_A,ravdess,7,0,wavlm_base_plus,15,seen_uar,14,UAR_percent,percentage_points,22.916666666666668,27.083333333333332,4.166666666666667,False
ads2_formal_ravdess_d07_f0_wavlm_base_plus_A,ravdess,7,0,wavlm_base_plus,15,unseen_uar,11,UAR_percent,percentage_points,12.5,27.083333333333332,14.583333333333334,False
ads2_formal_ravdess_d07_f0_wavlm_base_plus_A,ravdess,7,0,wavlm_base_plus,45,last,45,UAR_percent,percentage_points,41.666666666666664,56.25,14.583333333333334,False
ads2_formal_ravdess_d07_f0_wavlm_base_plus_A,ravdess,7,0,wavlm_base_plus,45,seen_ce,32,UAR_percent,percentage_points,56.25,56.25,0.0,False
ads2_formal_ravdess_d07_f0_wavlm_base_plus_A,ravdess,7,0,wavlm_base_plus,45,unseen_ce,32,UAR_percent,percentage_points,56.25,56.25,0.0,False
ads2_formal_ravdess_d07_f0_wavlm_base_plus_A,ravdess,7,0,wavlm_base_plus,45,seen_uar,26,UAR_percent,percentage_points,52.083333333333336,56.25,4.166666666666667,False
ads2_formal_ravdess_d07_f0_wavlm_base_plus_A,ravdess,7,0,wavlm_base_plus,45,unseen_uar,26,UAR_percent,percentage_points,52.083333333333336,56.25,4.166666666666667,False
ads2_formal_ravdess_d07_f0_hubert_base_A,ravdess,7,0,hubert_base,15,last,15,UAR_percent,percentage_points,39.583333333333336,39.583333333333336,0.0,False
ads2_formal_ravdess_d07_f0_hubert_base_A,ravdess,7,0,hubert_base,15,seen_ce,12,UAR_percent,percentage_points,37.5,39.583333333333336,2.0833333333333335,False
ads2_formal_ravdess_d07_f0_hubert_base_A,ravdess,7,0,hubert_base,15,unseen_ce,3,UAR_percent,percentage_points,18.75,39.583333333333336,20.833333333333332,False
ads2_formal_ravdess_d07_f0_hubert_base_A,ravdess,7,0,hubert_base,15,seen_uar,15,UAR_percent,percentage_points,39.583333333333336,39.583333333333336,0.0,False
ads2_formal_ravdess_d07_f0_hubert_base_A,ravdess,7,0,hubert_base,15,unseen_uar,14,UAR_percent,percentage_points,37.5,39.583333333333336,2.0833333333333335,False
ads2_formal_ravdess_d07_f1_wavlm_base_plus_A,ravdess,7,1,wavlm_base_plus,15,last,15,UAR_percent,percentage_points,33.333333333333336,33.333333333333336,0.0,False
ads2_formal_ravdess_d07_f1_wavlm_base_plus_A,ravdess,7,1,wavlm_base_plus,15,seen_ce,15,UAR_percent,percentage_points,33.333333333333336,33.333333333333336,0.0,False
ads2_formal_ravdess_d07_f1_wavlm_base_plus_A,ravdess,7,1,wavlm_base_plus,15,unseen_ce,15,UAR_percent,percentage_points,33.333333333333336,33.333333333333336,0.0,False
ads2_formal_ravdess_d07_f1_wavlm_base_plus_A,ravdess,7,1,wavlm_base_plus,15,seen_uar,15,UAR_percent,percentage_points,33.333333333333336,33.333333333333336,0.0,False
ads2_formal_ravdess_d07_f1_wavlm_base_plus_A,ravdess,7,1,wavlm_base_plus,15,unseen_uar,15,UAR_percent,percentage_points,33.333333333333336,33.333333333333336,0.0,False
ads2_formal_ravdess_d07_f1_wavlm_base_plus_A,ravdess,7,1,wavlm_base_plus,45,last,45,UAR_percent,percentage_points,41.666666666666664,50.0,8.333333333333334,False
ads2_formal_ravdess_d07_f1_wavlm_base_plus_A,ravdess,7,1,wavlm_base_plus,45,seen_ce,23,UAR_percent,percentage_points,39.583333333333336,50.0,10.416666666666666,False
ads2_formal_ravdess_d07_f1_wavlm_base_plus_A,ravdess,7,1,wavlm_base_plus,45,unseen_ce,23,UAR_percent,percentage_points,39.583333333333336,50.0,10.416666666666666,False
ads2_formal_ravdess_d07_f1_wavlm_base_plus_A,ravdess,7,1,wavlm_base_plus,45,seen_uar,40,UAR_percent,percentage_points,43.75,50.0,6.25,False
ads2_formal_ravdess_d07_f1_wavlm_base_plus_A,ravdess,7,1,wavlm_base_plus,45,unseen_uar,43,UAR_percent,percentage_points,39.583333333333336,50.0,10.416666666666666,False
ads2_formal_ravdess_d07_f1_hubert_base_A,ravdess,7,1,hubert_base,15,last,15,UAR_percent,percentage_points,39.583333333333336,43.75,4.166666666666667,False
ads2_formal_ravdess_d07_f1_hubert_base_A,ravdess,7,1,hubert_base,15,seen_ce,15,UAR_percent,percentage_points,39.583333333333336,43.75,4.166666666666667,False
ads2_formal_ravdess_d07_f1_hubert_base_A,ravdess,7,1,hubert_base,15,unseen_ce,12,UAR_percent,percentage_points,43.75,43.75,0.0,False
ads2_formal_ravdess_d07_f1_hubert_base_A,ravdess,7,1,hubert_base,15,seen_uar,15,UAR_percent,percentage_points,39.583333333333336,43.75,4.166666666666667,False
ads2_formal_ravdess_d07_f1_hubert_base_A,ravdess,7,1,hubert_base,15,unseen_uar,13,UAR_percent,percentage_points,35.416666666666664,43.75,8.333333333333334,False
ads2_formal_ravdess_d07_f2_wavlm_base_plus_A,ravdess,7,2,wavlm_base_plus,15,last,15,UAR_percent,percentage_points,43.75,43.75,0.0,False
ads2_formal_ravdess_d07_f2_wavlm_base_plus_A,ravdess,7,2,wavlm_base_plus,15,seen_ce,15,UAR_percent,percentage_points,43.75,43.75,0.0,False
ads2_formal_ravdess_d07_f2_wavlm_base_plus_A,ravdess,7,2,wavlm_base_plus,15,unseen_ce,15,UAR_percent,percentage_points,43.75,43.75,0.0,False
ads2_formal_ravdess_d07_f2_wavlm_base_plus_A,ravdess,7,2,wavlm_base_plus,15,seen_uar,14,UAR_percent,percentage_points,43.75,43.75,0.0,False
ads2_formal_ravdess_d07_f2_wavlm_base_plus_A,ravdess,7,2,wavlm_base_plus,15,unseen_uar,14,UAR_percent,percentage_points,43.75,43.75,0.0,False
ads2_formal_ravdess_d07_f2_wavlm_base_plus_A,ravdess,7,2,wavlm_base_plus,45,last,45,UAR_percent,percentage_points,46.875,56.25,9.375,False
ads2_formal_ravdess_d07_f2_wavlm_base_plus_A,ravdess,7,2,wavlm_base_plus,45,seen_ce,42,UAR_percent,percentage_points,53.125,56.25,3.125,False
ads2_formal_ravdess_d07_f2_wavlm_base_plus_A,ravdess,7,2,wavlm_base_plus,45,unseen_ce,26,UAR_percent,percentage_points,50.0,56.25,6.25,False
ads2_formal_ravdess_d07_f2_wavlm_base_plus_A,ravdess,7,2,wavlm_base_plus,45,seen_uar,36,UAR_percent,percentage_points,53.125,56.25,3.125,False
ads2_formal_ravdess_d07_f2_wavlm_base_plus_A,ravdess,7,2,wavlm_base_plus,45,unseen_uar,42,UAR_percent,percentage_points,53.125,56.25,3.125,False
ads2_formal_ravdess_d07_f2_hubert_base_A,ravdess,7,2,hubert_base,15,last,15,UAR_percent,percentage_points,56.25,59.375,3.125,False
ads2_formal_ravdess_d07_f2_hubert_base_A,ravdess,7,2,hubert_base,15,seen_ce,14,UAR_percent,percentage_points,53.125,59.375,6.25,False
ads2_formal_ravdess_d07_f2_hubert_base_A,ravdess,7,2,hubert_base,15,unseen_ce,14,UAR_percent,percentage_points,53.125,59.375,6.25,False
ads2_formal_ravdess_d07_f2_hubert_base_A,ravdess,7,2,hubert_base,15,seen_uar,12,UAR_percent,percentage_points,53.125,59.375,6.25,False
ads2_formal_ravdess_d07_f2_hubert_base_A,ravdess,7,2,hubert_base,15,unseen_uar,11,UAR_percent,percentage_points,59.375,59.375,0.0,False
ads2_formal_ravdess_d07_f3_wavlm_base_plus_A,ravdess,7,3,wavlm_base_plus,15,last,15,UAR_percent,percentage_points,31.25,31.25,0.0,False
ads2_formal_ravdess_d07_f3_wavlm_base_plus_A,ravdess,7,3,wavlm_base_plus,15,seen_ce,14,UAR_percent,percentage_points,28.125,31.25,3.125,False
ads2_formal_ravdess_d07_f3_wavlm_base_plus_A,ravdess,7,3,wavlm_base_plus,15,unseen_ce,14,UAR_percent,percentage_points,28.125,31.25,3.125,False
ads2_formal_ravdess_d07_f3_wavlm_base_plus_A,ravdess,7,3,wavlm_base_plus,15,seen_uar,12,UAR_percent,percentage_points,25.0,31.25,6.25,False
ads2_formal_ravdess_d07_f3_wavlm_base_plus_A,ravdess,7,3,wavlm_base_plus,15,unseen_uar,12,UAR_percent,percentage_points,25.0,31.25,6.25,False
ads2_formal_ravdess_d07_f3_wavlm_base_plus_A,ravdess,7,3,wavlm_base_plus,45,last,45,UAR_percent,percentage_points,31.25,37.5,6.25,False
ads2_formal_ravdess_d07_f3_wavlm_base_plus_A,ravdess,7,3,wavlm_base_plus,45,seen_ce,19,UAR_percent,percentage_points,34.375,37.5,3.125,False
ads2_formal_ravdess_d07_f3_wavlm_base_plus_A,ravdess,7,3,wavlm_base_plus,45,unseen_ce,14,UAR_percent,percentage_points,28.125,37.5,9.375,False
ads2_formal_ravdess_d07_f3_wavlm_base_plus_A,ravdess,7,3,wavlm_base_plus,45,seen_uar,40,UAR_percent,percentage_points,34.375,37.5,3.125,False
ads2_formal_ravdess_d07_f3_wavlm_base_plus_A,ravdess,7,3,wavlm_base_plus,45,unseen_uar,32,UAR_percent,percentage_points,31.25,37.5,6.25,False
ads2_formal_ravdess_d07_f3_hubert_base_A,ravdess,7,3,hubert_base,15,last,15,UAR_percent,percentage_points,31.25,34.375,3.125,False
ads2_formal_ravdess_d07_f3_hubert_base_A,ravdess,7,3,hubert_base,15,seen_ce,13,UAR_percent,percentage_points,34.375,34.375,0.0,False
ads2_formal_ravdess_d07_f3_hubert_base_A,ravdess,7,3,hubert_base,15,unseen_ce,9,UAR_percent,percentage_points,25.0,34.375,9.375,False
ads2_formal_ravdess_d07_f3_hubert_base_A,ravdess,7,3,hubert_base,15,seen_uar,13,UAR_percent,percentage_points,34.375,34.375,0.0,False
ads2_formal_ravdess_d07_f3_hubert_base_A,ravdess,7,3,hubert_base,15,unseen_uar,9,UAR_percent,percentage_points,25.0,34.375,9.375,False
ads2_formal_ravdess_d07_f4_wavlm_base_plus_A,ravdess,7,4,wavlm_base_plus,15,last,15,UAR_percent,percentage_points,21.875,34.375,12.5,False
ads2_formal_ravdess_d07_f4_wavlm_base_plus_A,ravdess,7,4,wavlm_base_plus,15,seen_ce,13,UAR_percent,percentage_points,34.375,34.375,0.0,False
ads2_formal_ravdess_d07_f4_wavlm_base_plus_A,ravdess,7,4,wavlm_base_plus,15,unseen_ce,13,UAR_percent,percentage_points,34.375,34.375,0.0,False
ads2_formal_ravdess_d07_f4_wavlm_base_plus_A,ravdess,7,4,wavlm_base_plus,15,seen_uar,15,UAR_percent,percentage_points,21.875,34.375,12.5,False
ads2_formal_ravdess_d07_f4_wavlm_base_plus_A,ravdess,7,4,wavlm_base_plus,15,unseen_uar,13,UAR_percent,percentage_points,34.375,34.375,0.0,False
ads2_formal_ravdess_d07_f4_wavlm_base_plus_A,ravdess,7,4,wavlm_base_plus,45,last,45,UAR_percent,percentage_points,34.375,40.625,6.25,False
ads2_formal_ravdess_d07_f4_wavlm_base_plus_A,ravdess,7,4,wavlm_base_plus,45,seen_ce,34,UAR_percent,percentage_points,40.625,40.625,0.0,False
ads2_formal_ravdess_d07_f4_wavlm_base_plus_A,ravdess,7,4,wavlm_base_plus,45,unseen_ce,13,UAR_percent,percentage_points,34.375,40.625,6.25,False
ads2_formal_ravdess_d07_f4_wavlm_base_plus_A,ravdess,7,4,wavlm_base_plus,45,seen_uar,34,UAR_percent,percentage_points,40.625,40.625,0.0,False
ads2_formal_ravdess_d07_f4_wavlm_base_plus_A,ravdess,7,4,wavlm_base_plus,45,unseen_uar,42,UAR_percent,percentage_points,37.5,40.625,3.125,False
ads2_formal_ravdess_d07_f4_hubert_base_A,ravdess,7,4,hubert_base,15,last,15,UAR_percent,percentage_points,53.125,53.125,0.0,False
ads2_formal_ravdess_d07_f4_hubert_base_A,ravdess,7,4,hubert_base,15,seen_ce,15,UAR_percent,percentage_points,53.125,53.125,0.0,False
ads2_formal_ravdess_d07_f4_hubert_base_A,ravdess,7,4,hubert_base,15,unseen_ce,11,UAR_percent,percentage_points,43.75,53.125,9.375,False
ads2_formal_ravdess_d07_f4_hubert_base_A,ravdess,7,4,hubert_base,15,seen_uar,15,UAR_percent,percentage_points,53.125,53.125,0.0,False
ads2_formal_ravdess_d07_f4_hubert_base_A,ravdess,7,4,hubert_base,15,unseen_uar,7,UAR_percent,percentage_points,31.25,53.125,21.875,False
ads2_formal_ravdess_d08_f0_wavlm_base_plus_A,ravdess,8,0,wavlm_base_plus,15,last,15,UAR_percent,percentage_points,27.083333333333332,27.083333333333332,0.0,False
ads2_formal_ravdess_d08_f0_wavlm_base_plus_A,ravdess,8,0,wavlm_base_plus,15,seen_ce,14,UAR_percent,percentage_points,22.916666666666668,27.083333333333332,4.166666666666667,False
ads2_formal_ravdess_d08_f0_wavlm_base_plus_A,ravdess,8,0,wavlm_base_plus,15,unseen_ce,14,UAR_percent,percentage_points,22.916666666666668,27.083333333333332,4.166666666666667,False
ads2_formal_ravdess_d08_f0_wavlm_base_plus_A,ravdess,8,0,wavlm_base_plus,15,seen_uar,13,UAR_percent,percentage_points,25.0,27.083333333333332,2.0833333333333335,False
ads2_formal_ravdess_d08_f0_wavlm_base_plus_A,ravdess,8,0,wavlm_base_plus,15,unseen_uar,11,UAR_percent,percentage_points,27.083333333333332,27.083333333333332,0.0,False
ads2_formal_ravdess_d08_f0_wavlm_base_plus_A,ravdess,8,0,wavlm_base_plus,45,last,45,UAR_percent,percentage_points,33.333333333333336,37.5,4.166666666666667,False
ads2_formal_ravdess_d08_f0_wavlm_base_plus_A,ravdess,8,0,wavlm_base_plus,45,seen_ce,18,UAR_percent,percentage_points,20.833333333333332,37.5,16.666666666666668,False
ads2_formal_ravdess_d08_f0_wavlm_base_plus_A,ravdess,8,0,wavlm_base_plus,45,unseen_ce,18,UAR_percent,percentage_points,20.833333333333332,37.5,16.666666666666668,False
ads2_formal_ravdess_d08_f0_wavlm_base_plus_A,ravdess,8,0,wavlm_base_plus,45,seen_uar,38,UAR_percent,percentage_points,25.0,37.5,12.5,False
ads2_formal_ravdess_d08_f0_wavlm_base_plus_A,ravdess,8,0,wavlm_base_plus,45,unseen_uar,32,UAR_percent,percentage_points,33.333333333333336,37.5,4.166666666666667,False
ads2_formal_ravdess_d08_f0_hubert_base_A,ravdess,8,0,hubert_base,15,last,15,UAR_percent,percentage_points,37.5,37.5,0.0,False
ads2_formal_ravdess_d08_f0_hubert_base_A,ravdess,8,0,hubert_base,15,seen_ce,12,UAR_percent,percentage_points,33.333333333333336,37.5,4.166666666666667,False
ads2_formal_ravdess_d08_f0_hubert_base_A,ravdess,8,0,hubert_base,15,unseen_ce,12,UAR_percent,percentage_points,33.333333333333336,37.5,4.166666666666667,False
ads2_formal_ravdess_d08_f0_hubert_base_A,ravdess,8,0,hubert_base,15,seen_uar,12,UAR_percent,percentage_points,33.333333333333336,37.5,4.166666666666667,False
ads2_formal_ravdess_d08_f0_hubert_base_A,ravdess,8,0,hubert_base,15,unseen_uar,15,UAR_percent,percentage_points,37.5,37.5,0.0,False
ads2_formal_ravdess_d08_f1_wavlm_base_plus_A,ravdess,8,1,wavlm_base_plus,15,last,15,UAR_percent,percentage_points,39.583333333333336,50.0,10.416666666666666,False
ads2_formal_ravdess_d08_f1_wavlm_base_plus_A,ravdess,8,1,wavlm_base_plus,15,seen_ce,13,UAR_percent,percentage_points,50.0,50.0,0.0,False
ads2_formal_ravdess_d08_f1_wavlm_base_plus_A,ravdess,8,1,wavlm_base_plus,15,unseen_ce,15,UAR_percent,percentage_points,39.583333333333336,50.0,10.416666666666666,False
ads2_formal_ravdess_d08_f1_wavlm_base_plus_A,ravdess,8,1,wavlm_base_plus,15,seen_uar,13,UAR_percent,percentage_points,50.0,50.0,0.0,False
ads2_formal_ravdess_d08_f1_wavlm_base_plus_A,ravdess,8,1,wavlm_base_plus,15,unseen_uar,12,UAR_percent,percentage_points,39.583333333333336,50.0,10.416666666666666,False
ads2_formal_ravdess_d08_f1_wavlm_base_plus_A,ravdess,8,1,wavlm_base_plus,45,last,45,UAR_percent,percentage_points,50.0,54.166666666666664,4.166666666666667,False
ads2_formal_ravdess_d08_f1_wavlm_base_plus_A,ravdess,8,1,wavlm_base_plus,45,seen_ce,29,UAR_percent,percentage_points,54.166666666666664,54.166666666666664,0.0,False
ads2_formal_ravdess_d08_f1_wavlm_base_plus_A,ravdess,8,1,wavlm_base_plus,45,unseen_ce,23,UAR_percent,percentage_points,45.833333333333336,54.166666666666664,8.333333333333334,False
ads2_formal_ravdess_d08_f1_wavlm_base_plus_A,ravdess,8,1,wavlm_base_plus,45,seen_uar,36,UAR_percent,percentage_points,52.083333333333336,54.166666666666664,2.0833333333333335,False
ads2_formal_ravdess_d08_f1_wavlm_base_plus_A,ravdess,8,1,wavlm_base_plus,45,unseen_uar,29,UAR_percent,percentage_points,54.166666666666664,54.166666666666664,0.0,False
ads2_formal_ravdess_d08_f1_hubert_base_A,ravdess,8,1,hubert_base,15,last,15,UAR_percent,percentage_points,39.583333333333336,41.666666666666664,2.0833333333333335,False
ads2_formal_ravdess_d08_f1_hubert_base_A,ravdess,8,1,hubert_base,15,seen_ce,14,UAR_percent,percentage_points,41.666666666666664,41.666666666666664,0.0,False
ads2_formal_ravdess_d08_f1_hubert_base_A,ravdess,8,1,hubert_base,15,unseen_ce,14,UAR_percent,percentage_points,41.666666666666664,41.666666666666664,0.0,False
ads2_formal_ravdess_d08_f1_hubert_base_A,ravdess,8,1,hubert_base,15,seen_uar,14,UAR_percent,percentage_points,41.666666666666664,41.666666666666664,0.0,False
ads2_formal_ravdess_d08_f1_hubert_base_A,ravdess,8,1,hubert_base,15,unseen_uar,14,UAR_percent,percentage_points,41.666666666666664,41.666666666666664,0.0,False
ads2_formal_ravdess_d08_f2_wavlm_base_plus_A,ravdess,8,2,wavlm_base_plus,15,last,15,UAR_percent,percentage_points,18.75,28.125,9.375,False
ads2_formal_ravdess_d08_f2_wavlm_base_plus_A,ravdess,8,2,wavlm_base_plus,15,seen_ce,15,UAR_percent,percentage_points,18.75,28.125,9.375,False
ads2_formal_ravdess_d08_f2_wavlm_base_plus_A,ravdess,8,2,wavlm_base_plus,15,unseen_ce,13,UAR_percent,percentage_points,28.125,28.125,0.0,False
ads2_formal_ravdess_d08_f2_wavlm_base_plus_A,ravdess,8,2,wavlm_base_plus,15,seen_uar,15,UAR_percent,percentage_points,18.75,28.125,9.375,False
ads2_formal_ravdess_d08_f2_wavlm_base_plus_A,ravdess,8,2,wavlm_base_plus,15,unseen_uar,14,UAR_percent,percentage_points,15.625,28.125,12.5,False
ads2_formal_ravdess_d08_f2_wavlm_base_plus_A,ravdess,8,2,wavlm_base_plus,45,last,45,UAR_percent,percentage_points,21.875,28.125,6.25,False
ads2_formal_ravdess_d08_f2_wavlm_base_plus_A,ravdess,8,2,wavlm_base_plus,45,seen_ce,22,UAR_percent,percentage_points,21.875,28.125,6.25,False
ads2_formal_ravdess_d08_f2_wavlm_base_plus_A,ravdess,8,2,wavlm_base_plus,45,unseen_ce,13,UAR_percent,percentage_points,28.125,28.125,0.0,False
ads2_formal_ravdess_d08_f2_wavlm_base_plus_A,ravdess,8,2,wavlm_base_plus,45,seen_uar,41,UAR_percent,percentage_points,25.0,28.125,3.125,False
ads2_formal_ravdess_d08_f2_wavlm_base_plus_A,ravdess,8,2,wavlm_base_plus,45,unseen_uar,19,UAR_percent,percentage_points,18.75,28.125,9.375,False
ads2_formal_ravdess_d08_f2_hubert_base_A,ravdess,8,2,hubert_base,15,last,15,UAR_percent,percentage_points,31.25,31.25,0.0,False
ads2_formal_ravdess_d08_f2_hubert_base_A,ravdess,8,2,hubert_base,15,seen_ce,12,UAR_percent,percentage_points,21.875,31.25,9.375,False
ads2_formal_ravdess_d08_f2_hubert_base_A,ravdess,8,2,hubert_base,15,unseen_ce,11,UAR_percent,percentage_points,21.875,31.25,9.375,False
ads2_formal_ravdess_d08_f2_hubert_base_A,ravdess,8,2,hubert_base,15,seen_uar,13,UAR_percent,percentage_points,28.125,31.25,3.125,False
ads2_formal_ravdess_d08_f2_hubert_base_A,ravdess,8,2,hubert_base,15,unseen_uar,9,UAR_percent,percentage_points,31.25,31.25,0.0,False
ads2_formal_ravdess_d08_f3_wavlm_base_plus_A,ravdess,8,3,wavlm_base_plus,15,last,15,UAR_percent,percentage_points,25.0,31.25,6.25,False
ads2_formal_ravdess_d08_f3_wavlm_base_plus_A,ravdess,8,3,wavlm_base_plus,15,seen_ce,15,UAR_percent,percentage_points,25.0,31.25,6.25,False
ads2_formal_ravdess_d08_f3_wavlm_base_plus_A,ravdess,8,3,wavlm_base_plus,15,unseen_ce,14,UAR_percent,percentage_points,31.25,31.25,0.0,False
ads2_formal_ravdess_d08_f3_wavlm_base_plus_A,ravdess,8,3,wavlm_base_plus,15,seen_uar,15,UAR_percent,percentage_points,25.0,31.25,6.25,False
ads2_formal_ravdess_d08_f3_wavlm_base_plus_A,ravdess,8,3,wavlm_base_plus,15,unseen_uar,14,UAR_percent,percentage_points,31.25,31.25,0.0,False
ads2_formal_ravdess_d08_f3_wavlm_base_plus_A,ravdess,8,3,wavlm_base_plus,45,last,45,UAR_percent,percentage_points,37.5,43.75,6.25,False
ads2_formal_ravdess_d08_f3_wavlm_base_plus_A,ravdess,8,3,wavlm_base_plus,45,seen_ce,19,UAR_percent,percentage_points,34.375,43.75,9.375,False
ads2_formal_ravdess_d08_f3_wavlm_base_plus_A,ravdess,8,3,wavlm_base_plus,45,unseen_ce,19,UAR_percent,percentage_points,34.375,43.75,9.375,False
ads2_formal_ravdess_d08_f3_wavlm_base_plus_A,ravdess,8,3,wavlm_base_plus,45,seen_uar,26,UAR_percent,percentage_points,34.375,43.75,9.375,False
ads2_formal_ravdess_d08_f3_wavlm_base_plus_A,ravdess,8,3,wavlm_base_plus,45,unseen_uar,19,UAR_percent,percentage_points,34.375,43.75,9.375,False
ads2_formal_ravdess_d08_f3_hubert_base_A,ravdess,8,3,hubert_base,15,last,15,UAR_percent,percentage_points,40.625,43.75,3.125,False
ads2_formal_ravdess_d08_f3_hubert_base_A,ravdess,8,3,hubert_base,15,seen_ce,15,UAR_percent,percentage_points,40.625,43.75,3.125,False
ads2_formal_ravdess_d08_f3_hubert_base_A,ravdess,8,3,hubert_base,15,unseen_ce,10,UAR_percent,percentage_points,37.5,43.75,6.25,False
ads2_formal_ravdess_d08_f3_hubert_base_A,ravdess,8,3,hubert_base,15,seen_uar,15,UAR_percent,percentage_points,40.625,43.75,3.125,False
ads2_formal_ravdess_d08_f3_hubert_base_A,ravdess,8,3,hubert_base,15,unseen_uar,13,UAR_percent,percentage_points,43.75,43.75,0.0,False
ads2_formal_ravdess_d08_f4_wavlm_base_plus_A,ravdess,8,4,wavlm_base_plus,15,last,15,UAR_percent,percentage_points,40.625,40.625,0.0,False
ads2_formal_ravdess_d08_f4_wavlm_base_plus_A,ravdess,8,4,wavlm_base_plus,15,seen_ce,14,UAR_percent,percentage_points,40.625,40.625,0.0,False
ads2_formal_ravdess_d08_f4_wavlm_base_plus_A,ravdess,8,4,wavlm_base_plus,15,unseen_ce,15,UAR_percent,percentage_points,40.625,40.625,0.0,False
ads2_formal_ravdess_d08_f4_wavlm_base_plus_A,ravdess,8,4,wavlm_base_plus,15,seen_uar,14,UAR_percent,percentage_points,40.625,40.625,0.0,False
ads2_formal_ravdess_d08_f4_wavlm_base_plus_A,ravdess,8,4,wavlm_base_plus,15,unseen_uar,15,UAR_percent,percentage_points,40.625,40.625,0.0,False
ads2_formal_ravdess_d08_f4_wavlm_base_plus_A,ravdess,8,4,wavlm_base_plus,45,last,45,UAR_percent,percentage_points,46.875,50.0,3.125,False
ads2_formal_ravdess_d08_f4_wavlm_base_plus_A,ravdess,8,4,wavlm_base_plus,45,seen_ce,28,UAR_percent,percentage_points,50.0,50.0,0.0,False
ads2_formal_ravdess_d08_f4_wavlm_base_plus_A,ravdess,8,4,wavlm_base_plus,45,unseen_ce,22,UAR_percent,percentage_points,43.75,50.0,6.25,False
ads2_formal_ravdess_d08_f4_wavlm_base_plus_A,ravdess,8,4,wavlm_base_plus,45,seen_uar,41,UAR_percent,percentage_points,37.5,50.0,12.5,False
ads2_formal_ravdess_d08_f4_wavlm_base_plus_A,ravdess,8,4,wavlm_base_plus,45,unseen_uar,42,UAR_percent,percentage_points,46.875,50.0,3.125,False
ads2_formal_ravdess_d08_f4_hubert_base_A,ravdess,8,4,hubert_base,15,last,15,UAR_percent,percentage_points,50.0,50.0,0.0,False
ads2_formal_ravdess_d08_f4_hubert_base_A,ravdess,8,4,hubert_base,15,seen_ce,15,UAR_percent,percentage_points,50.0,50.0,0.0,False
ads2_formal_ravdess_d08_f4_hubert_base_A,ravdess,8,4,hubert_base,15,unseen_ce,13,UAR_percent,percentage_points,40.625,50.0,9.375,False
ads2_formal_ravdess_d08_f4_hubert_base_A,ravdess,8,4,hubert_base,15,seen_uar,15,UAR_percent,percentage_points,50.0,50.0,0.0,False
ads2_formal_ravdess_d08_f4_hubert_base_A,ravdess,8,4,hubert_base,15,unseen_uar,14,UAR_percent,percentage_points,43.75,50.0,6.25,False
ads2_formal_ravdess_d09_f0_wavlm_base_plus_A,ravdess,9,0,wavlm_base_plus,15,last,15,UAR_percent,percentage_points,45.833333333333336,45.833333333333336,0.0,False
ads2_formal_ravdess_d09_f0_wavlm_base_plus_A,ravdess,9,0,wavlm_base_plus,15,seen_ce,15,UAR_percent,percentage_points,45.833333333333336,45.833333333333336,0.0,False
ads2_formal_ravdess_d09_f0_wavlm_base_plus_A,ravdess,9,0,wavlm_base_plus,15,unseen_ce,14,UAR_percent,percentage_points,43.75,45.833333333333336,2.0833333333333335,False
ads2_formal_ravdess_d09_f0_wavlm_base_plus_A,ravdess,9,0,wavlm_base_plus,15,seen_uar,13,UAR_percent,percentage_points,43.75,45.833333333333336,2.0833333333333335,False
ads2_formal_ravdess_d09_f0_wavlm_base_plus_A,ravdess,9,0,wavlm_base_plus,15,unseen_uar,14,UAR_percent,percentage_points,43.75,45.833333333333336,2.0833333333333335,False
ads2_formal_ravdess_d09_f0_wavlm_base_plus_A,ravdess,9,0,wavlm_base_plus,45,last,45,UAR_percent,percentage_points,43.75,52.083333333333336,8.333333333333334,False
ads2_formal_ravdess_d09_f0_wavlm_base_plus_A,ravdess,9,0,wavlm_base_plus,45,seen_ce,28,UAR_percent,percentage_points,39.583333333333336,52.083333333333336,12.5,False
ads2_formal_ravdess_d09_f0_wavlm_base_plus_A,ravdess,9,0,wavlm_base_plus,45,unseen_ce,20,UAR_percent,percentage_points,47.916666666666664,52.083333333333336,4.166666666666667,False
ads2_formal_ravdess_d09_f0_wavlm_base_plus_A,ravdess,9,0,wavlm_base_plus,45,seen_uar,28,UAR_percent,percentage_points,39.583333333333336,52.083333333333336,12.5,False
ads2_formal_ravdess_d09_f0_wavlm_base_plus_A,ravdess,9,0,wavlm_base_plus,45,unseen_uar,44,UAR_percent,percentage_points,45.833333333333336,52.083333333333336,6.25,False
ads2_formal_ravdess_d09_f0_hubert_base_A,ravdess,9,0,hubert_base,15,last,15,UAR_percent,percentage_points,39.583333333333336,41.666666666666664,2.0833333333333335,False
ads2_formal_ravdess_d09_f0_hubert_base_A,ravdess,9,0,hubert_base,15,seen_ce,13,UAR_percent,percentage_points,39.583333333333336,41.666666666666664,2.0833333333333335,False
ads2_formal_ravdess_d09_f0_hubert_base_A,ravdess,9,0,hubert_base,15,unseen_ce,14,UAR_percent,percentage_points,39.583333333333336,41.666666666666664,2.0833333333333335,False
ads2_formal_ravdess_d09_f0_hubert_base_A,ravdess,9,0,hubert_base,15,seen_uar,13,UAR_percent,percentage_points,39.583333333333336,41.666666666666664,2.0833333333333335,False
ads2_formal_ravdess_d09_f0_hubert_base_A,ravdess,9,0,hubert_base,15,unseen_uar,11,UAR_percent,percentage_points,39.583333333333336,41.666666666666664,2.0833333333333335,False
ads2_formal_ravdess_d09_f1_wavlm_base_plus_A,ravdess,9,1,wavlm_base_plus,15,last,15,UAR_percent,percentage_points,43.75,43.75,0.0,False
ads2_formal_ravdess_d09_f1_wavlm_base_plus_A,ravdess,9,1,wavlm_base_plus,15,seen_ce,15,UAR_percent,percentage_points,43.75,43.75,0.0,False
ads2_formal_ravdess_d09_f1_wavlm_base_plus_A,ravdess,9,1,wavlm_base_plus,15,unseen_ce,15,UAR_percent,percentage_points,43.75,43.75,0.0,False
ads2_formal_ravdess_d09_f1_wavlm_base_plus_A,ravdess,9,1,wavlm_base_plus,15,seen_uar,15,UAR_percent,percentage_points,43.75,43.75,0.0,False
ads2_formal_ravdess_d09_f1_wavlm_base_plus_A,ravdess,9,1,wavlm_base_plus,15,unseen_uar,14,UAR_percent,percentage_points,35.416666666666664,43.75,8.333333333333334,False
ads2_formal_ravdess_d09_f1_wavlm_base_plus_A,ravdess,9,1,wavlm_base_plus,45,last,45,UAR_percent,percentage_points,56.25,58.333333333333336,2.0833333333333335,False
ads2_formal_ravdess_d09_f1_wavlm_base_plus_A,ravdess,9,1,wavlm_base_plus,45,seen_ce,35,UAR_percent,percentage_points,56.25,58.333333333333336,2.0833333333333335,False
ads2_formal_ravdess_d09_f1_wavlm_base_plus_A,ravdess,9,1,wavlm_base_plus,45,unseen_ce,17,UAR_percent,percentage_points,45.833333333333336,58.333333333333336,12.5,False
ads2_formal_ravdess_d09_f1_wavlm_base_plus_A,ravdess,9,1,wavlm_base_plus,45,seen_uar,42,UAR_percent,percentage_points,54.166666666666664,58.333333333333336,4.166666666666667,False
ads2_formal_ravdess_d09_f1_wavlm_base_plus_A,ravdess,9,1,wavlm_base_plus,45,unseen_uar,34,UAR_percent,percentage_points,54.166666666666664,58.333333333333336,4.166666666666667,False
ads2_formal_ravdess_d09_f1_hubert_base_A,ravdess,9,1,hubert_base,15,last,15,UAR_percent,percentage_points,41.666666666666664,50.0,8.333333333333334,False
ads2_formal_ravdess_d09_f1_hubert_base_A,ravdess,9,1,hubert_base,15,seen_ce,12,UAR_percent,percentage_points,45.833333333333336,50.0,4.166666666666667,False
ads2_formal_ravdess_d09_f1_hubert_base_A,ravdess,9,1,hubert_base,15,unseen_ce,11,UAR_percent,percentage_points,41.666666666666664,50.0,8.333333333333334,False
ads2_formal_ravdess_d09_f1_hubert_base_A,ravdess,9,1,hubert_base,15,seen_uar,13,UAR_percent,percentage_points,43.75,50.0,6.25,False
ads2_formal_ravdess_d09_f1_hubert_base_A,ravdess,9,1,hubert_base,15,unseen_uar,15,UAR_percent,percentage_points,41.666666666666664,50.0,8.333333333333334,False
ads2_formal_ravdess_d09_f2_wavlm_base_plus_A,ravdess,9,2,wavlm_base_plus,15,last,15,UAR_percent,percentage_points,28.125,31.25,3.125,False
ads2_formal_ravdess_d09_f2_wavlm_base_plus_A,ravdess,9,2,wavlm_base_plus,15,seen_ce,13,UAR_percent,percentage_points,28.125,31.25,3.125,False
ads2_formal_ravdess_d09_f2_wavlm_base_plus_A,ravdess,9,2,wavlm_base_plus,15,unseen_ce,13,UAR_percent,percentage_points,28.125,31.25,3.125,False
ads2_formal_ravdess_d09_f2_wavlm_base_plus_A,ravdess,9,2,wavlm_base_plus,15,seen_uar,9,UAR_percent,percentage_points,28.125,31.25,3.125,False
ads2_formal_ravdess_d09_f2_wavlm_base_plus_A,ravdess,9,2,wavlm_base_plus,15,unseen_uar,11,UAR_percent,percentage_points,28.125,31.25,3.125,False
ads2_formal_ravdess_d09_f2_wavlm_base_plus_A,ravdess,9,2,wavlm_base_plus,45,last,45,UAR_percent,percentage_points,34.375,43.75,9.375,False
ads2_formal_ravdess_d09_f2_wavlm_base_plus_A,ravdess,9,2,wavlm_base_plus,45,seen_ce,16,UAR_percent,percentage_points,34.375,43.75,9.375,False
ads2_formal_ravdess_d09_f2_wavlm_base_plus_A,ravdess,9,2,wavlm_base_plus,45,unseen_ce,16,UAR_percent,percentage_points,34.375,43.75,9.375,False
ads2_formal_ravdess_d09_f2_wavlm_base_plus_A,ravdess,9,2,wavlm_base_plus,45,seen_uar,24,UAR_percent,percentage_points,34.375,43.75,9.375,False
ads2_formal_ravdess_d09_f2_wavlm_base_plus_A,ravdess,9,2,wavlm_base_plus,45,unseen_uar,24,UAR_percent,percentage_points,34.375,43.75,9.375,False
ads2_formal_ravdess_d09_f2_hubert_base_A,ravdess,9,2,hubert_base,15,last,15,UAR_percent,percentage_points,43.75,43.75,0.0,False
ads2_formal_ravdess_d09_f2_hubert_base_A,ravdess,9,2,hubert_base,15,seen_ce,15,UAR_percent,percentage_points,43.75,43.75,0.0,False
ads2_formal_ravdess_d09_f2_hubert_base_A,ravdess,9,2,hubert_base,15,unseen_ce,13,UAR_percent,percentage_points,43.75,43.75,0.0,False
ads2_formal_ravdess_d09_f2_hubert_base_A,ravdess,9,2,hubert_base,15,seen_uar,15,UAR_percent,percentage_points,43.75,43.75,0.0,False
ads2_formal_ravdess_d09_f2_hubert_base_A,ravdess,9,2,hubert_base,15,unseen_uar,12,UAR_percent,percentage_points,40.625,43.75,3.125,False
ads2_formal_ravdess_d09_f3_wavlm_base_plus_A,ravdess,9,3,wavlm_base_plus,15,last,15,UAR_percent,percentage_points,25.0,28.125,3.125,False
ads2_formal_ravdess_d09_f3_wavlm_base_plus_A,ravdess,9,3,wavlm_base_plus,15,seen_ce,14,UAR_percent,percentage_points,28.125,28.125,0.0,False
ads2_formal_ravdess_d09_f3_wavlm_base_plus_A,ravdess,9,3,wavlm_base_plus,15,unseen_ce,14,UAR_percent,percentage_points,28.125,28.125,0.0,False
ads2_formal_ravdess_d09_f3_wavlm_base_plus_A,ravdess,9,3,wavlm_base_plus,15,seen_uar,14,UAR_percent,percentage_points,28.125,28.125,0.0,False
ads2_formal_ravdess_d09_f3_wavlm_base_plus_A,ravdess,9,3,wavlm_base_plus,15,unseen_uar,14,UAR_percent,percentage_points,28.125,28.125,0.0,False
ads2_formal_ravdess_d09_f3_wavlm_base_plus_A,ravdess,9,3,wavlm_base_plus,45,last,45,UAR_percent,percentage_points,43.75,43.75,0.0,False
ads2_formal_ravdess_d09_f3_wavlm_base_plus_A,ravdess,9,3,wavlm_base_plus,45,seen_ce,36,UAR_percent,percentage_points,40.625,43.75,3.125,False
ads2_formal_ravdess_d09_f3_wavlm_base_plus_A,ravdess,9,3,wavlm_base_plus,45,unseen_ce,22,UAR_percent,percentage_points,31.25,43.75,12.5,False
ads2_formal_ravdess_d09_f3_wavlm_base_plus_A,ravdess,9,3,wavlm_base_plus,45,seen_uar,41,UAR_percent,percentage_points,40.625,43.75,3.125,False
ads2_formal_ravdess_d09_f3_wavlm_base_plus_A,ravdess,9,3,wavlm_base_plus,45,unseen_uar,33,UAR_percent,percentage_points,43.75,43.75,0.0,False
ads2_formal_ravdess_d09_f3_hubert_base_A,ravdess,9,3,hubert_base,15,last,15,UAR_percent,percentage_points,31.25,34.375,3.125,False
ads2_formal_ravdess_d09_f3_hubert_base_A,ravdess,9,3,hubert_base,15,seen_ce,14,UAR_percent,percentage_points,34.375,34.375,0.0,False
ads2_formal_ravdess_d09_f3_hubert_base_A,ravdess,9,3,hubert_base,15,unseen_ce,15,UAR_percent,percentage_points,31.25,34.375,3.125,False
ads2_formal_ravdess_d09_f3_hubert_base_A,ravdess,9,3,hubert_base,15,seen_uar,12,UAR_percent,percentage_points,31.25,34.375,3.125,False
ads2_formal_ravdess_d09_f3_hubert_base_A,ravdess,9,3,hubert_base,15,unseen_uar,15,UAR_percent,percentage_points,31.25,34.375,3.125,False
ads2_formal_ravdess_d09_f4_wavlm_base_plus_A,ravdess,9,4,wavlm_base_plus,15,last,15,UAR_percent,percentage_points,28.125,34.375,6.25,False
ads2_formal_ravdess_d09_f4_wavlm_base_plus_A,ravdess,9,4,wavlm_base_plus,15,seen_ce,14,UAR_percent,percentage_points,34.375,34.375,0.0,False
ads2_formal_ravdess_d09_f4_wavlm_base_plus_A,ravdess,9,4,wavlm_base_plus,15,unseen_ce,14,UAR_percent,percentage_points,34.375,34.375,0.0,False
ads2_formal_ravdess_d09_f4_wavlm_base_plus_A,ravdess,9,4,wavlm_base_plus,15,seen_uar,14,UAR_percent,percentage_points,34.375,34.375,0.0,False
ads2_formal_ravdess_d09_f4_wavlm_base_plus_A,ravdess,9,4,wavlm_base_plus,15,unseen_uar,9,UAR_percent,percentage_points,18.75,34.375,15.625,False
ads2_formal_ravdess_d09_f4_wavlm_base_plus_A,ravdess,9,4,wavlm_base_plus,45,last,45,UAR_percent,percentage_points,28.125,40.625,12.5,False
ads2_formal_ravdess_d09_f4_wavlm_base_plus_A,ravdess,9,4,wavlm_base_plus,45,seen_ce,18,UAR_percent,percentage_points,31.25,40.625,9.375,False
ads2_formal_ravdess_d09_f4_wavlm_base_plus_A,ravdess,9,4,wavlm_base_plus,45,unseen_ce,24,UAR_percent,percentage_points,25.0,40.625,15.625,False
ads2_formal_ravdess_d09_f4_wavlm_base_plus_A,ravdess,9,4,wavlm_base_plus,45,seen_uar,30,UAR_percent,percentage_points,25.0,40.625,15.625,False
ads2_formal_ravdess_d09_f4_wavlm_base_plus_A,ravdess,9,4,wavlm_base_plus,45,unseen_uar,26,UAR_percent,percentage_points,28.125,40.625,12.5,False
ads2_formal_ravdess_d09_f4_hubert_base_A,ravdess,9,4,hubert_base,15,last,15,UAR_percent,percentage_points,34.375,46.875,12.5,False
ads2_formal_ravdess_d09_f4_hubert_base_A,ravdess,9,4,hubert_base,15,seen_ce,13,UAR_percent,percentage_points,37.5,46.875,9.375,False
ads2_formal_ravdess_d09_f4_hubert_base_A,ravdess,9,4,hubert_base,15,unseen_ce,14,UAR_percent,percentage_points,37.5,46.875,9.375,False
ads2_formal_ravdess_d09_f4_hubert_base_A,ravdess,9,4,hubert_base,15,seen_uar,14,UAR_percent,percentage_points,37.5,46.875,9.375,False
ads2_formal_ravdess_d09_f4_hubert_base_A,ravdess,9,4,hubert_base,15,unseen_uar,13,UAR_percent,percentage_points,37.5,46.875,9.375,False
ads2_formal_ravdess_d10_f0_wavlm_base_plus_A,ravdess,10,0,wavlm_base_plus,15,last,15,UAR_percent,percentage_points,29.166666666666668,31.25,2.0833333333333335,False
ads2_formal_ravdess_d10_f0_wavlm_base_plus_A,ravdess,10,0,wavlm_base_plus,15,seen_ce,14,UAR_percent,percentage_points,27.083333333333332,31.25,4.166666666666667,False
ads2_formal_ravdess_d10_f0_wavlm_base_plus_A,ravdess,10,0,wavlm_base_plus,15,unseen_ce,12,UAR_percent,percentage_points,31.25,31.25,0.0,False
ads2_formal_ravdess_d10_f0_wavlm_base_plus_A,ravdess,10,0,wavlm_base_plus,15,seen_uar,13,UAR_percent,percentage_points,22.916666666666668,31.25,8.333333333333334,False
ads2_formal_ravdess_d10_f0_wavlm_base_plus_A,ravdess,10,0,wavlm_base_plus,15,unseen_uar,12,UAR_percent,percentage_points,31.25,31.25,0.0,False
ads2_formal_ravdess_d10_f0_wavlm_base_plus_A,ravdess,10,0,wavlm_base_plus,45,last,45,UAR_percent,percentage_points,41.666666666666664,52.083333333333336,10.416666666666666,False
ads2_formal_ravdess_d10_f0_wavlm_base_plus_A,ravdess,10,0,wavlm_base_plus,45,seen_ce,22,UAR_percent,percentage_points,37.5,52.083333333333336,14.583333333333334,False
ads2_formal_ravdess_d10_f0_wavlm_base_plus_A,ravdess,10,0,wavlm_base_plus,45,unseen_ce,12,UAR_percent,percentage_points,31.25,52.083333333333336,20.833333333333332,False
ads2_formal_ravdess_d10_f0_wavlm_base_plus_A,ravdess,10,0,wavlm_base_plus,45,seen_uar,43,UAR_percent,percentage_points,47.916666666666664,52.083333333333336,4.166666666666667,False
ads2_formal_ravdess_d10_f0_wavlm_base_plus_A,ravdess,10,0,wavlm_base_plus,45,unseen_uar,40,UAR_percent,percentage_points,39.583333333333336,52.083333333333336,12.5,False
ads2_formal_ravdess_d10_f0_hubert_base_A,ravdess,10,0,hubert_base,15,last,15,UAR_percent,percentage_points,39.583333333333336,47.916666666666664,8.333333333333334,False
ads2_formal_ravdess_d10_f0_hubert_base_A,ravdess,10,0,hubert_base,15,seen_ce,13,UAR_percent,percentage_points,47.916666666666664,47.916666666666664,0.0,False
ads2_formal_ravdess_d10_f0_hubert_base_A,ravdess,10,0,hubert_base,15,unseen_ce,13,UAR_percent,percentage_points,47.916666666666664,47.916666666666664,0.0,False
ads2_formal_ravdess_d10_f0_hubert_base_A,ravdess,10,0,hubert_base,15,seen_uar,15,UAR_percent,percentage_points,39.583333333333336,47.916666666666664,8.333333333333334,False
ads2_formal_ravdess_d10_f0_hubert_base_A,ravdess,10,0,hubert_base,15,unseen_uar,13,UAR_percent,percentage_points,47.916666666666664,47.916666666666664,0.0,False
ads2_formal_ravdess_d10_f1_wavlm_base_plus_A,ravdess,10,1,wavlm_base_plus,15,last,15,UAR_percent,percentage_points,43.75,47.916666666666664,4.166666666666667,False
ads2_formal_ravdess_d10_f1_wavlm_base_plus_A,ravdess,10,1,wavlm_base_plus,15,seen_ce,13,UAR_percent,percentage_points,47.916666666666664,47.916666666666664,0.0,False
ads2_formal_ravdess_d10_f1_wavlm_base_plus_A,ravdess,10,1,wavlm_base_plus,15,unseen_ce,15,UAR_percent,percentage_points,43.75,47.916666666666664,4.166666666666667,False
ads2_formal_ravdess_d10_f1_wavlm_base_plus_A,ravdess,10,1,wavlm_base_plus,15,seen_uar,15,UAR_percent,percentage_points,43.75,47.916666666666664,4.166666666666667,False
ads2_formal_ravdess_d10_f1_wavlm_base_plus_A,ravdess,10,1,wavlm_base_plus,15,unseen_uar,15,UAR_percent,percentage_points,43.75,47.916666666666664,4.166666666666667,False
ads2_formal_ravdess_d10_f1_wavlm_base_plus_A,ravdess,10,1,wavlm_base_plus,45,last,45,UAR_percent,percentage_points,47.916666666666664,50.0,2.0833333333333335,False
ads2_formal_ravdess_d10_f1_wavlm_base_plus_A,ravdess,10,1,wavlm_base_plus,45,seen_ce,22,UAR_percent,percentage_points,45.833333333333336,50.0,4.166666666666667,False
ads2_formal_ravdess_d10_f1_wavlm_base_plus_A,ravdess,10,1,wavlm_base_plus,45,unseen_ce,18,UAR_percent,percentage_points,43.75,50.0,6.25,False
ads2_formal_ravdess_d10_f1_wavlm_base_plus_A,ravdess,10,1,wavlm_base_plus,45,seen_uar,24,UAR_percent,percentage_points,50.0,50.0,0.0,False
ads2_formal_ravdess_d10_f1_wavlm_base_plus_A,ravdess,10,1,wavlm_base_plus,45,unseen_uar,15,UAR_percent,percentage_points,43.75,50.0,6.25,False
ads2_formal_ravdess_d10_f1_hubert_base_A,ravdess,10,1,hubert_base,15,last,15,UAR_percent,percentage_points,45.833333333333336,45.833333333333336,0.0,False
ads2_formal_ravdess_d10_f1_hubert_base_A,ravdess,10,1,hubert_base,15,seen_ce,12,UAR_percent,percentage_points,45.833333333333336,45.833333333333336,0.0,False
ads2_formal_ravdess_d10_f1_hubert_base_A,ravdess,10,1,hubert_base,15,unseen_ce,14,UAR_percent,percentage_points,41.666666666666664,45.833333333333336,4.166666666666667,False
ads2_formal_ravdess_d10_f1_hubert_base_A,ravdess,10,1,hubert_base,15,seen_uar,15,UAR_percent,percentage_points,45.833333333333336,45.833333333333336,0.0,False
ads2_formal_ravdess_d10_f1_hubert_base_A,ravdess,10,1,hubert_base,15,unseen_uar,11,UAR_percent,percentage_points,43.75,45.833333333333336,2.0833333333333335,False
ads2_formal_ravdess_d10_f2_wavlm_base_plus_A,ravdess,10,2,wavlm_base_plus,15,last,15,UAR_percent,percentage_points,34.375,34.375,0.0,False
ads2_formal_ravdess_d10_f2_wavlm_base_plus_A,ravdess,10,2,wavlm_base_plus,15,seen_ce,15,UAR_percent,percentage_points,34.375,34.375,0.0,False
ads2_formal_ravdess_d10_f2_wavlm_base_plus_A,ravdess,10,2,wavlm_base_plus,15,unseen_ce,15,UAR_percent,percentage_points,34.375,34.375,0.0,False
ads2_formal_ravdess_d10_f2_wavlm_base_plus_A,ravdess,10,2,wavlm_base_plus,15,seen_uar,13,UAR_percent,percentage_points,34.375,34.375,0.0,False
ads2_formal_ravdess_d10_f2_wavlm_base_plus_A,ravdess,10,2,wavlm_base_plus,15,unseen_uar,13,UAR_percent,percentage_points,34.375,34.375,0.0,False
ads2_formal_ravdess_d10_f2_wavlm_base_plus_A,ravdess,10,2,wavlm_base_plus,45,last,45,UAR_percent,percentage_points,56.25,68.75,12.5,False
ads2_formal_ravdess_d10_f2_wavlm_base_plus_A,ravdess,10,2,wavlm_base_plus,45,seen_ce,28,UAR_percent,percentage_points,56.25,68.75,12.5,False
ads2_formal_ravdess_d10_f2_wavlm_base_plus_A,ravdess,10,2,wavlm_base_plus,45,unseen_ce,21,UAR_percent,percentage_points,53.125,68.75,15.625,False
ads2_formal_ravdess_d10_f2_wavlm_base_plus_A,ravdess,10,2,wavlm_base_plus,45,seen_uar,39,UAR_percent,percentage_points,59.375,68.75,9.375,False
ads2_formal_ravdess_d10_f2_wavlm_base_plus_A,ravdess,10,2,wavlm_base_plus,45,unseen_uar,27,UAR_percent,percentage_points,59.375,68.75,9.375,False
ads2_formal_ravdess_d10_f2_hubert_base_A,ravdess,10,2,hubert_base,15,last,15,UAR_percent,percentage_points,53.125,53.125,0.0,False
ads2_formal_ravdess_d10_f2_hubert_base_A,ravdess,10,2,hubert_base,15,seen_ce,12,UAR_percent,percentage_points,40.625,53.125,12.5,False
ads2_formal_ravdess_d10_f2_hubert_base_A,ravdess,10,2,hubert_base,15,unseen_ce,12,UAR_percent,percentage_points,40.625,53.125,12.5,False
ads2_formal_ravdess_d10_f2_hubert_base_A,ravdess,10,2,hubert_base,15,seen_uar,12,UAR_percent,percentage_points,40.625,53.125,12.5,False
ads2_formal_ravdess_d10_f2_hubert_base_A,ravdess,10,2,hubert_base,15,unseen_uar,10,UAR_percent,percentage_points,40.625,53.125,12.5,False
ads2_formal_ravdess_d10_f3_wavlm_base_plus_A,ravdess,10,3,wavlm_base_plus,15,last,15,UAR_percent,percentage_points,28.125,37.5,9.375,False
ads2_formal_ravdess_d10_f3_wavlm_base_plus_A,ravdess,10,3,wavlm_base_plus,15,seen_ce,14,UAR_percent,percentage_points,31.25,37.5,6.25,False
ads2_formal_ravdess_d10_f3_wavlm_base_plus_A,ravdess,10,3,wavlm_base_plus,15,unseen_ce,14,UAR_percent,percentage_points,31.25,37.5,6.25,False
ads2_formal_ravdess_d10_f3_wavlm_base_plus_A,ravdess,10,3,wavlm_base_plus,15,seen_uar,12,UAR_percent,percentage_points,37.5,37.5,0.0,False
ads2_formal_ravdess_d10_f3_wavlm_base_plus_A,ravdess,10,3,wavlm_base_plus,15,unseen_uar,14,UAR_percent,percentage_points,31.25,37.5,6.25,False
ads2_formal_ravdess_d10_f3_wavlm_base_plus_A,ravdess,10,3,wavlm_base_plus,45,last,45,UAR_percent,percentage_points,53.125,53.125,0.0,False
ads2_formal_ravdess_d10_f3_wavlm_base_plus_A,ravdess,10,3,wavlm_base_plus,45,seen_ce,25,UAR_percent,percentage_points,46.875,53.125,6.25,False
ads2_formal_ravdess_d10_f3_wavlm_base_plus_A,ravdess,10,3,wavlm_base_plus,45,unseen_ce,20,UAR_percent,percentage_points,31.25,53.125,21.875,False
ads2_formal_ravdess_d10_f3_wavlm_base_plus_A,ravdess,10,3,wavlm_base_plus,45,seen_uar,25,UAR_percent,percentage_points,46.875,53.125,6.25,False
ads2_formal_ravdess_d10_f3_wavlm_base_plus_A,ravdess,10,3,wavlm_base_plus,45,unseen_uar,45,UAR_percent,percentage_points,53.125,53.125,0.0,False
ads2_formal_ravdess_d10_f3_hubert_base_A,ravdess,10,3,hubert_base,15,last,15,UAR_percent,percentage_points,40.625,46.875,6.25,False
ads2_formal_ravdess_d10_f3_hubert_base_A,ravdess,10,3,hubert_base,15,seen_ce,14,UAR_percent,percentage_points,40.625,46.875,6.25,False
ads2_formal_ravdess_d10_f3_hubert_base_A,ravdess,10,3,hubert_base,15,unseen_ce,12,UAR_percent,percentage_points,40.625,46.875,6.25,False
ads2_formal_ravdess_d10_f3_hubert_base_A,ravdess,10,3,hubert_base,15,seen_uar,14,UAR_percent,percentage_points,40.625,46.875,6.25,False
ads2_formal_ravdess_d10_f3_hubert_base_A,ravdess,10,3,hubert_base,15,unseen_uar,11,UAR_percent,percentage_points,43.75,46.875,3.125,False
ads2_formal_ravdess_d10_f4_wavlm_base_plus_A,ravdess,10,4,wavlm_base_plus,15,last,15,UAR_percent,percentage_points,28.125,31.25,3.125,False
ads2_formal_ravdess_d10_f4_wavlm_base_plus_A,ravdess,10,4,wavlm_base_plus,15,seen_ce,14,UAR_percent,percentage_points,31.25,31.25,0.0,False
ads2_formal_ravdess_d10_f4_wavlm_base_plus_A,ravdess,10,4,wavlm_base_plus,15,unseen_ce,14,UAR_percent,percentage_points,31.25,31.25,0.0,False
ads2_formal_ravdess_d10_f4_wavlm_base_plus_A,ravdess,10,4,wavlm_base_plus,15,seen_uar,14,UAR_percent,percentage_points,31.25,31.25,0.0,False
ads2_formal_ravdess_d10_f4_wavlm_base_plus_A,ravdess,10,4,wavlm_base_plus,15,unseen_uar,13,UAR_percent,percentage_points,28.125,31.25,3.125,False
ads2_formal_ravdess_d10_f4_wavlm_base_plus_A,ravdess,10,4,wavlm_base_plus,45,last,45,UAR_percent,percentage_points,31.25,40.625,9.375,False
ads2_formal_ravdess_d10_f4_wavlm_base_plus_A,ravdess,10,4,wavlm_base_plus,45,seen_ce,36,UAR_percent,percentage_points,31.25,40.625,9.375,False
ads2_formal_ravdess_d10_f4_wavlm_base_plus_A,ravdess,10,4,wavlm_base_plus,45,unseen_ce,16,UAR_percent,percentage_points,37.5,40.625,3.125,False
ads2_formal_ravdess_d10_f4_wavlm_base_plus_A,ravdess,10,4,wavlm_base_plus,45,seen_uar,39,UAR_percent,percentage_points,37.5,40.625,3.125,False
ads2_formal_ravdess_d10_f4_wavlm_base_plus_A,ravdess,10,4,wavlm_base_plus,45,unseen_uar,34,UAR_percent,percentage_points,37.5,40.625,3.125,False
ads2_formal_ravdess_d10_f4_hubert_base_A,ravdess,10,4,hubert_base,15,last,15,UAR_percent,percentage_points,31.25,40.625,9.375,False
ads2_formal_ravdess_d10_f4_hubert_base_A,ravdess,10,4,hubert_base,15,seen_ce,14,UAR_percent,percentage_points,40.625,40.625,0.0,False
ads2_formal_ravdess_d10_f4_hubert_base_A,ravdess,10,4,hubert_base,15,unseen_ce,13,UAR_percent,percentage_points,34.375,40.625,6.25,False
ads2_formal_ravdess_d10_f4_hubert_base_A,ravdess,10,4,hubert_base,15,seen_uar,15,UAR_percent,percentage_points,31.25,40.625,9.375,False
ads2_formal_ravdess_d10_f4_hubert_base_A,ravdess,10,4,hubert_base,15,unseen_uar,10,UAR_percent,percentage_points,37.5,40.625,3.125,False
ads2_formal_ravdess_d11_f0_wavlm_base_plus_A,ravdess,11,0,wavlm_base_plus,15,last,15,UAR_percent,percentage_points,31.25,31.25,0.0,False
ads2_formal_ravdess_d11_f0_wavlm_base_plus_A,ravdess,11,0,wavlm_base_plus,15,seen_ce,14,UAR_percent,percentage_points,27.083333333333332,31.25,4.166666666666667,False
ads2_formal_ravdess_d11_f0_wavlm_base_plus_A,ravdess,11,0,wavlm_base_plus,15,unseen_ce,12,UAR_percent,percentage_points,29.166666666666668,31.25,2.0833333333333335,False
ads2_formal_ravdess_d11_f0_wavlm_base_plus_A,ravdess,11,0,wavlm_base_plus,15,seen_uar,14,UAR_percent,percentage_points,27.083333333333332,31.25,4.166666666666667,False
ads2_formal_ravdess_d11_f0_wavlm_base_plus_A,ravdess,11,0,wavlm_base_plus,15,unseen_uar,14,UAR_percent,percentage_points,27.083333333333332,31.25,4.166666666666667,False
ads2_formal_ravdess_d11_f0_wavlm_base_plus_A,ravdess,11,0,wavlm_base_plus,45,last,45,UAR_percent,percentage_points,47.916666666666664,47.916666666666664,0.0,False
ads2_formal_ravdess_d11_f0_wavlm_base_plus_A,ravdess,11,0,wavlm_base_plus,45,seen_ce,34,UAR_percent,percentage_points,35.416666666666664,47.916666666666664,12.5,False
ads2_formal_ravdess_d11_f0_wavlm_base_plus_A,ravdess,11,0,wavlm_base_plus,45,unseen_ce,22,UAR_percent,percentage_points,33.333333333333336,47.916666666666664,14.583333333333334,False
ads2_formal_ravdess_d11_f0_wavlm_base_plus_A,ravdess,11,0,wavlm_base_plus,45,seen_uar,43,UAR_percent,percentage_points,39.583333333333336,47.916666666666664,8.333333333333334,False
ads2_formal_ravdess_d11_f0_wavlm_base_plus_A,ravdess,11,0,wavlm_base_plus,45,unseen_uar,37,UAR_percent,percentage_points,37.5,47.916666666666664,10.416666666666666,False
ads2_formal_ravdess_d11_f0_hubert_base_A,ravdess,11,0,hubert_base,15,last,15,UAR_percent,percentage_points,31.25,33.333333333333336,2.0833333333333335,False
ads2_formal_ravdess_d11_f0_hubert_base_A,ravdess,11,0,hubert_base,15,seen_ce,14,UAR_percent,percentage_points,33.333333333333336,33.333333333333336,0.0,False
ads2_formal_ravdess_d11_f0_hubert_base_A,ravdess,11,0,hubert_base,15,unseen_ce,14,UAR_percent,percentage_points,33.333333333333336,33.333333333333336,0.0,False
ads2_formal_ravdess_d11_f0_hubert_base_A,ravdess,11,0,hubert_base,15,seen_uar,14,UAR_percent,percentage_points,33.333333333333336,33.333333333333336,0.0,False
ads2_formal_ravdess_d11_f0_hubert_base_A,ravdess,11,0,hubert_base,15,unseen_uar,10,UAR_percent,percentage_points,33.333333333333336,33.333333333333336,0.0,False
ads2_formal_ravdess_d11_f1_wavlm_base_plus_A,ravdess,11,1,wavlm_base_plus,15,last,15,UAR_percent,percentage_points,35.416666666666664,35.416666666666664,0.0,False
ads2_formal_ravdess_d11_f1_wavlm_base_plus_A,ravdess,11,1,wavlm_base_plus,15,seen_ce,13,UAR_percent,percentage_points,27.083333333333332,35.416666666666664,8.333333333333334,False
ads2_formal_ravdess_d11_f1_wavlm_base_plus_A,ravdess,11,1,wavlm_base_plus,15,unseen_ce,13,UAR_percent,percentage_points,27.083333333333332,35.416666666666664,8.333333333333334,False
ads2_formal_ravdess_d11_f1_wavlm_base_plus_A,ravdess,11,1,wavlm_base_plus,15,seen_uar,12,UAR_percent,percentage_points,27.083333333333332,35.416666666666664,8.333333333333334,False
ads2_formal_ravdess_d11_f1_wavlm_base_plus_A,ravdess,11,1,wavlm_base_plus,15,unseen_uar,13,UAR_percent,percentage_points,27.083333333333332,35.416666666666664,8.333333333333334,False
ads2_formal_ravdess_d11_f1_wavlm_base_plus_A,ravdess,11,1,wavlm_base_plus,45,last,45,UAR_percent,percentage_points,29.166666666666668,43.75,14.583333333333334,False
ads2_formal_ravdess_d11_f1_wavlm_base_plus_A,ravdess,11,1,wavlm_base_plus,45,seen_ce,22,UAR_percent,percentage_points,35.416666666666664,43.75,8.333333333333334,False
ads2_formal_ravdess_d11_f1_wavlm_base_plus_A,ravdess,11,1,wavlm_base_plus,45,unseen_ce,22,UAR_percent,percentage_points,35.416666666666664,43.75,8.333333333333334,False
ads2_formal_ravdess_d11_f1_wavlm_base_plus_A,ravdess,11,1,wavlm_base_plus,45,seen_uar,38,UAR_percent,percentage_points,35.416666666666664,43.75,8.333333333333334,False
ads2_formal_ravdess_d11_f1_wavlm_base_plus_A,ravdess,11,1,wavlm_base_plus,45,unseen_uar,31,UAR_percent,percentage_points,37.5,43.75,6.25,False
ads2_formal_ravdess_d11_f1_hubert_base_A,ravdess,11,1,hubert_base,15,last,15,UAR_percent,percentage_points,54.166666666666664,54.166666666666664,0.0,False
ads2_formal_ravdess_d11_f1_hubert_base_A,ravdess,11,1,hubert_base,15,seen_ce,14,UAR_percent,percentage_points,43.75,54.166666666666664,10.416666666666666,False
ads2_formal_ravdess_d11_f1_hubert_base_A,ravdess,11,1,hubert_base,15,unseen_ce,11,UAR_percent,percentage_points,39.583333333333336,54.166666666666664,14.583333333333334,False
ads2_formal_ravdess_d11_f1_hubert_base_A,ravdess,11,1,hubert_base,15,seen_uar,12,UAR_percent,percentage_points,45.833333333333336,54.166666666666664,8.333333333333334,False
ads2_formal_ravdess_d11_f1_hubert_base_A,ravdess,11,1,hubert_base,15,unseen_uar,14,UAR_percent,percentage_points,43.75,54.166666666666664,10.416666666666666,False
ads2_formal_ravdess_d11_f2_wavlm_base_plus_A,ravdess,11,2,wavlm_base_plus,15,last,15,UAR_percent,percentage_points,34.375,34.375,0.0,False
ads2_formal_ravdess_d11_f2_wavlm_base_plus_A,ravdess,11,2,wavlm_base_plus,15,seen_ce,13,UAR_percent,percentage_points,34.375,34.375,0.0,False
ads2_formal_ravdess_d11_f2_wavlm_base_plus_A,ravdess,11,2,wavlm_base_plus,15,unseen_ce,13,UAR_percent,percentage_points,34.375,34.375,0.0,False
ads2_formal_ravdess_d11_f2_wavlm_base_plus_A,ravdess,11,2,wavlm_base_plus,15,seen_uar,13,UAR_percent,percentage_points,34.375,34.375,0.0,False
ads2_formal_ravdess_d11_f2_wavlm_base_plus_A,ravdess,11,2,wavlm_base_plus,15,unseen_uar,13,UAR_percent,percentage_points,34.375,34.375,0.0,False
ads2_formal_ravdess_d11_f2_wavlm_base_plus_A,ravdess,11,2,wavlm_base_plus,45,last,45,UAR_percent,percentage_points,40.625,43.75,3.125,False
ads2_formal_ravdess_d11_f2_wavlm_base_plus_A,ravdess,11,2,wavlm_base_plus,45,seen_ce,17,UAR_percent,percentage_points,37.5,43.75,6.25,False
ads2_formal_ravdess_d11_f2_wavlm_base_plus_A,ravdess,11,2,wavlm_base_plus,45,unseen_ce,13,UAR_percent,percentage_points,34.375,43.75,9.375,False
ads2_formal_ravdess_d11_f2_wavlm_base_plus_A,ravdess,11,2,wavlm_base_plus,45,seen_uar,27,UAR_percent,percentage_points,40.625,43.75,3.125,False
ads2_formal_ravdess_d11_f2_wavlm_base_plus_A,ravdess,11,2,wavlm_base_plus,45,unseen_uar,39,UAR_percent,percentage_points,40.625,43.75,3.125,False
ads2_formal_ravdess_d11_f2_hubert_base_A,ravdess,11,2,hubert_base,15,last,15,UAR_percent,percentage_points,31.25,37.5,6.25,False
ads2_formal_ravdess_d11_f2_hubert_base_A,ravdess,11,2,hubert_base,15,seen_ce,15,UAR_percent,percentage_points,31.25,37.5,6.25,False
ads2_formal_ravdess_d11_f2_hubert_base_A,ravdess,11,2,hubert_base,15,unseen_ce,15,UAR_percent,percentage_points,31.25,37.5,6.25,False
ads2_formal_ravdess_d11_f2_hubert_base_A,ravdess,11,2,hubert_base,15,seen_uar,15,UAR_percent,percentage_points,31.25,37.5,6.25,False
ads2_formal_ravdess_d11_f2_hubert_base_A,ravdess,11,2,hubert_base,15,unseen_uar,14,UAR_percent,percentage_points,31.25,37.5,6.25,False
ads2_formal_ravdess_d11_f3_wavlm_base_plus_A,ravdess,11,3,wavlm_base_plus,15,last,15,UAR_percent,percentage_points,50.0,50.0,0.0,False
ads2_formal_ravdess_d11_f3_wavlm_base_plus_A,ravdess,11,3,wavlm_base_plus,15,seen_ce,14,UAR_percent,percentage_points,46.875,50.0,3.125,False
ads2_formal_ravdess_d11_f3_wavlm_base_plus_A,ravdess,11,3,wavlm_base_plus,15,unseen_ce,14,UAR_percent,percentage_points,46.875,50.0,3.125,False
ads2_formal_ravdess_d11_f3_wavlm_base_plus_A,ravdess,11,3,wavlm_base_plus,15,seen_uar,14,UAR_percent,percentage_points,46.875,50.0,3.125,False
ads2_formal_ravdess_d11_f3_wavlm_base_plus_A,ravdess,11,3,wavlm_base_plus,15,unseen_uar,14,UAR_percent,percentage_points,46.875,50.0,3.125,False
ads2_formal_ravdess_d11_f3_wavlm_base_plus_A,ravdess,11,3,wavlm_base_plus,45,last,45,UAR_percent,percentage_points,50.0,53.125,3.125,False
ads2_formal_ravdess_d11_f3_wavlm_base_plus_A,ravdess,11,3,wavlm_base_plus,45,seen_ce,26,UAR_percent,percentage_points,50.0,53.125,3.125,False
ads2_formal_ravdess_d11_f3_wavlm_base_plus_A,ravdess,11,3,wavlm_base_plus,45,unseen_ce,24,UAR_percent,percentage_points,46.875,53.125,6.25,False
ads2_formal_ravdess_d11_f3_wavlm_base_plus_A,ravdess,11,3,wavlm_base_plus,45,seen_uar,36,UAR_percent,percentage_points,53.125,53.125,0.0,False
ads2_formal_ravdess_d11_f3_wavlm_base_plus_A,ravdess,11,3,wavlm_base_plus,45,unseen_uar,24,UAR_percent,percentage_points,46.875,53.125,6.25,False
ads2_formal_ravdess_d11_f3_hubert_base_A,ravdess,11,3,hubert_base,15,last,15,UAR_percent,percentage_points,53.125,53.125,0.0,False
ads2_formal_ravdess_d11_f3_hubert_base_A,ravdess,11,3,hubert_base,15,seen_ce,12,UAR_percent,percentage_points,43.75,53.125,9.375,False
ads2_formal_ravdess_d11_f3_hubert_base_A,ravdess,11,3,hubert_base,15,unseen_ce,12,UAR_percent,percentage_points,43.75,53.125,9.375,False
ads2_formal_ravdess_d11_f3_hubert_base_A,ravdess,11,3,hubert_base,15,seen_uar,15,UAR_percent,percentage_points,53.125,53.125,0.0,False
ads2_formal_ravdess_d11_f3_hubert_base_A,ravdess,11,3,hubert_base,15,unseen_uar,15,UAR_percent,percentage_points,53.125,53.125,0.0,False
ads2_formal_ravdess_d11_f4_wavlm_base_plus_A,ravdess,11,4,wavlm_base_plus,15,last,15,UAR_percent,percentage_points,34.375,37.5,3.125,False
ads2_formal_ravdess_d11_f4_wavlm_base_plus_A,ravdess,11,4,wavlm_base_plus,15,seen_ce,15,UAR_percent,percentage_points,34.375,37.5,3.125,False
ads2_formal_ravdess_d11_f4_wavlm_base_plus_A,ravdess,11,4,wavlm_base_plus,15,unseen_ce,15,UAR_percent,percentage_points,34.375,37.5,3.125,False
ads2_formal_ravdess_d11_f4_wavlm_base_plus_A,ravdess,11,4,wavlm_base_plus,15,seen_uar,15,UAR_percent,percentage_points,34.375,37.5,3.125,False
ads2_formal_ravdess_d11_f4_wavlm_base_plus_A,ravdess,11,4,wavlm_base_plus,15,unseen_uar,14,UAR_percent,percentage_points,31.25,37.5,6.25,False
ads2_formal_ravdess_d11_f4_wavlm_base_plus_A,ravdess,11,4,wavlm_base_plus,45,last,45,UAR_percent,percentage_points,28.125,46.875,18.75,False
ads2_formal_ravdess_d11_f4_wavlm_base_plus_A,ravdess,11,4,wavlm_base_plus,45,seen_ce,33,UAR_percent,percentage_points,46.875,46.875,0.0,False
ads2_formal_ravdess_d11_f4_wavlm_base_plus_A,ravdess,11,4,wavlm_base_plus,45,unseen_ce,31,UAR_percent,percentage_points,43.75,46.875,3.125,False
ads2_formal_ravdess_d11_f4_wavlm_base_plus_A,ravdess,11,4,wavlm_base_plus,45,seen_uar,40,UAR_percent,percentage_points,34.375,46.875,12.5,False
ads2_formal_ravdess_d11_f4_wavlm_base_plus_A,ravdess,11,4,wavlm_base_plus,45,unseen_uar,42,UAR_percent,percentage_points,37.5,46.875,9.375,False
ads2_formal_ravdess_d11_f4_hubert_base_A,ravdess,11,4,hubert_base,15,last,15,UAR_percent,percentage_points,31.25,37.5,6.25,False
ads2_formal_ravdess_d11_f4_hubert_base_A,ravdess,11,4,hubert_base,15,seen_ce,14,UAR_percent,percentage_points,37.5,37.5,0.0,False
ads2_formal_ravdess_d11_f4_hubert_base_A,ravdess,11,4,hubert_base,15,unseen_ce,14,UAR_percent,percentage_points,37.5,37.5,0.0,False
ads2_formal_ravdess_d11_f4_hubert_base_A,ravdess,11,4,hubert_base,15,seen_uar,10,UAR_percent,percentage_points,21.875,37.5,15.625,False
ads2_formal_ravdess_d11_f4_hubert_base_A,ravdess,11,4,hubert_base,15,unseen_uar,15,UAR_percent,percentage_points,31.25,37.5,6.25,False
ads2_formal_ravdess_d12_f0_wavlm_base_plus_A,ravdess,12,0,wavlm_base_plus,15,last,15,UAR_percent,percentage_points,37.5,37.5,0.0,False
ads2_formal_ravdess_d12_f0_wavlm_base_plus_A,ravdess,12,0,wavlm_base_plus,15,seen_ce,15,UAR_percent,percentage_points,37.5,37.5,0.0,False
ads2_formal_ravdess_d12_f0_wavlm_base_plus_A,ravdess,12,0,wavlm_base_plus,15,unseen_ce,15,UAR_percent,percentage_points,37.5,37.5,0.0,False
ads2_formal_ravdess_d12_f0_wavlm_base_plus_A,ravdess,12,0,wavlm_base_plus,15,seen_uar,15,UAR_percent,percentage_points,37.5,37.5,0.0,False
ads2_formal_ravdess_d12_f0_wavlm_base_plus_A,ravdess,12,0,wavlm_base_plus,15,unseen_uar,13,UAR_percent,percentage_points,35.416666666666664,37.5,2.0833333333333335,False
ads2_formal_ravdess_d12_f0_wavlm_base_plus_A,ravdess,12,0,wavlm_base_plus,45,last,45,UAR_percent,percentage_points,52.083333333333336,52.083333333333336,0.0,False
ads2_formal_ravdess_d12_f0_wavlm_base_plus_A,ravdess,12,0,wavlm_base_plus,45,seen_ce,21,UAR_percent,percentage_points,43.75,52.083333333333336,8.333333333333334,False
ads2_formal_ravdess_d12_f0_wavlm_base_plus_A,ravdess,12,0,wavlm_base_plus,45,unseen_ce,15,UAR_percent,percentage_points,37.5,52.083333333333336,14.583333333333334,False
ads2_formal_ravdess_d12_f0_wavlm_base_plus_A,ravdess,12,0,wavlm_base_plus,45,seen_uar,45,UAR_percent,percentage_points,52.083333333333336,52.083333333333336,0.0,False
ads2_formal_ravdess_d12_f0_wavlm_base_plus_A,ravdess,12,0,wavlm_base_plus,45,unseen_uar,30,UAR_percent,percentage_points,47.916666666666664,52.083333333333336,4.166666666666667,False
ads2_formal_ravdess_d12_f0_hubert_base_A,ravdess,12,0,hubert_base,15,last,15,UAR_percent,percentage_points,27.083333333333332,41.666666666666664,14.583333333333334,False
ads2_formal_ravdess_d12_f0_hubert_base_A,ravdess,12,0,hubert_base,15,seen_ce,12,UAR_percent,percentage_points,35.416666666666664,41.666666666666664,6.25,False
ads2_formal_ravdess_d12_f0_hubert_base_A,ravdess,12,0,hubert_base,15,unseen_ce,11,UAR_percent,percentage_points,37.5,41.666666666666664,4.166666666666667,False
ads2_formal_ravdess_d12_f0_hubert_base_A,ravdess,12,0,hubert_base,15,seen_uar,14,UAR_percent,percentage_points,41.666666666666664,41.666666666666664,0.0,False
ads2_formal_ravdess_d12_f0_hubert_base_A,ravdess,12,0,hubert_base,15,unseen_uar,14,UAR_percent,percentage_points,41.666666666666664,41.666666666666664,0.0,False
ads2_formal_ravdess_d12_f1_wavlm_base_plus_A,ravdess,12,1,wavlm_base_plus,15,last,15,UAR_percent,percentage_points,37.5,37.5,0.0,False
ads2_formal_ravdess_d12_f1_wavlm_base_plus_A,ravdess,12,1,wavlm_base_plus,15,seen_ce,15,UAR_percent,percentage_points,37.5,37.5,0.0,False
ads2_formal_ravdess_d12_f1_wavlm_base_plus_A,ravdess,12,1,wavlm_base_plus,15,unseen_ce,15,UAR_percent,percentage_points,37.5,37.5,0.0,False
ads2_formal_ravdess_d12_f1_wavlm_base_plus_A,ravdess,12,1,wavlm_base_plus,15,seen_uar,9,UAR_percent,percentage_points,29.166666666666668,37.5,8.333333333333334,False
ads2_formal_ravdess_d12_f1_wavlm_base_plus_A,ravdess,12,1,wavlm_base_plus,15,unseen_uar,15,UAR_percent,percentage_points,37.5,37.5,0.0,False
ads2_formal_ravdess_d12_f1_wavlm_base_plus_A,ravdess,12,1,wavlm_base_plus,45,last,45,UAR_percent,percentage_points,62.5,64.58333333333333,2.0833333333333335,False
ads2_formal_ravdess_d12_f1_wavlm_base_plus_A,ravdess,12,1,wavlm_base_plus,45,seen_ce,25,UAR_percent,percentage_points,50.0,64.58333333333333,14.583333333333334,False
ads2_formal_ravdess_d12_f1_wavlm_base_plus_A,ravdess,12,1,wavlm_base_plus,45,unseen_ce,26,UAR_percent,percentage_points,54.166666666666664,64.58333333333333,10.416666666666666,False
ads2_formal_ravdess_d12_f1_wavlm_base_plus_A,ravdess,12,1,wavlm_base_plus,45,seen_uar,30,UAR_percent,percentage_points,58.333333333333336,64.58333333333333,6.25,False
ads2_formal_ravdess_d12_f1_wavlm_base_plus_A,ravdess,12,1,wavlm_base_plus,45,unseen_uar,29,UAR_percent,percentage_points,52.083333333333336,64.58333333333333,12.5,False
ads2_formal_ravdess_d12_f1_hubert_base_A,ravdess,12,1,hubert_base,15,last,15,UAR_percent,percentage_points,41.666666666666664,52.083333333333336,10.416666666666666,False
ads2_formal_ravdess_d12_f1_hubert_base_A,ravdess,12,1,hubert_base,15,seen_ce,13,UAR_percent,percentage_points,45.833333333333336,52.083333333333336,6.25,False
ads2_formal_ravdess_d12_f1_hubert_base_A,ravdess,12,1,hubert_base,15,unseen_ce,12,UAR_percent,percentage_points,52.083333333333336,52.083333333333336,0.0,False
ads2_formal_ravdess_d12_f1_hubert_base_A,ravdess,12,1,hubert_base,15,seen_uar,13,UAR_percent,percentage_points,45.833333333333336,52.083333333333336,6.25,False
ads2_formal_ravdess_d12_f1_hubert_base_A,ravdess,12,1,hubert_base,15,unseen_uar,13,UAR_percent,percentage_points,45.833333333333336,52.083333333333336,6.25,False
ads2_formal_ravdess_d12_f2_wavlm_base_plus_A,ravdess,12,2,wavlm_base_plus,15,last,15,UAR_percent,percentage_points,28.125,28.125,0.0,False
ads2_formal_ravdess_d12_f2_wavlm_base_plus_A,ravdess,12,2,wavlm_base_plus,15,seen_ce,15,UAR_percent,percentage_points,28.125,28.125,0.0,False
ads2_formal_ravdess_d12_f2_wavlm_base_plus_A,ravdess,12,2,wavlm_base_plus,15,unseen_ce,15,UAR_percent,percentage_points,28.125,28.125,0.0,False
ads2_formal_ravdess_d12_f2_wavlm_base_plus_A,ravdess,12,2,wavlm_base_plus,15,seen_uar,15,UAR_percent,percentage_points,28.125,28.125,0.0,False
ads2_formal_ravdess_d12_f2_wavlm_base_plus_A,ravdess,12,2,wavlm_base_plus,15,unseen_uar,15,UAR_percent,percentage_points,28.125,28.125,0.0,False
ads2_formal_ravdess_d12_f2_wavlm_base_plus_A,ravdess,12,2,wavlm_base_plus,45,last,45,UAR_percent,percentage_points,34.375,40.625,6.25,False
ads2_formal_ravdess_d12_f2_wavlm_base_plus_A,ravdess,12,2,wavlm_base_plus,45,seen_ce,22,UAR_percent,percentage_points,21.875,40.625,18.75,False
ads2_formal_ravdess_d12_f2_wavlm_base_plus_A,ravdess,12,2,wavlm_base_plus,45,unseen_ce,22,UAR_percent,percentage_points,21.875,40.625,18.75,False
ads2_formal_ravdess_d12_f2_wavlm_base_plus_A,ravdess,12,2,wavlm_base_plus,45,seen_uar,41,UAR_percent,percentage_points,40.625,40.625,0.0,False
ads2_formal_ravdess_d12_f2_wavlm_base_plus_A,ravdess,12,2,wavlm_base_plus,45,unseen_uar,41,UAR_percent,percentage_points,40.625,40.625,0.0,False
ads2_formal_ravdess_d12_f2_hubert_base_A,ravdess,12,2,hubert_base,15,last,15,UAR_percent,percentage_points,31.25,34.375,3.125,False
ads2_formal_ravdess_d12_f2_hubert_base_A,ravdess,12,2,hubert_base,15,seen_ce,12,UAR_percent,percentage_points,31.25,34.375,3.125,False
ads2_formal_ravdess_d12_f2_hubert_base_A,ravdess,12,2,hubert_base,15,unseen_ce,12,UAR_percent,percentage_points,31.25,34.375,3.125,False
ads2_formal_ravdess_d12_f2_hubert_base_A,ravdess,12,2,hubert_base,15,seen_uar,12,UAR_percent,percentage_points,31.25,34.375,3.125,False
ads2_formal_ravdess_d12_f2_hubert_base_A,ravdess,12,2,hubert_base,15,unseen_uar,10,UAR_percent,percentage_points,28.125,34.375,6.25,False
ads2_formal_ravdess_d12_f3_wavlm_base_plus_A,ravdess,12,3,wavlm_base_plus,15,last,15,UAR_percent,percentage_points,46.875,46.875,0.0,False
ads2_formal_ravdess_d12_f3_wavlm_base_plus_A,ravdess,12,3,wavlm_base_plus,15,seen_ce,15,UAR_percent,percentage_points,46.875,46.875,0.0,False
ads2_formal_ravdess_d12_f3_wavlm_base_plus_A,ravdess,12,3,wavlm_base_plus,15,unseen_ce,15,UAR_percent,percentage_points,46.875,46.875,0.0,False
ads2_formal_ravdess_d12_f3_wavlm_base_plus_A,ravdess,12,3,wavlm_base_plus,15,seen_uar,15,UAR_percent,percentage_points,46.875,46.875,0.0,False
ads2_formal_ravdess_d12_f3_wavlm_base_plus_A,ravdess,12,3,wavlm_base_plus,15,unseen_uar,13,UAR_percent,percentage_points,40.625,46.875,6.25,False
ads2_formal_ravdess_d12_f3_wavlm_base_plus_A,ravdess,12,3,wavlm_base_plus,45,last,45,UAR_percent,percentage_points,50.0,50.0,0.0,False
ads2_formal_ravdess_d12_f3_wavlm_base_plus_A,ravdess,12,3,wavlm_base_plus,45,seen_ce,21,UAR_percent,percentage_points,34.375,50.0,15.625,False
ads2_formal_ravdess_d12_f3_wavlm_base_plus_A,ravdess,12,3,wavlm_base_plus,45,unseen_ce,17,UAR_percent,percentage_points,34.375,50.0,15.625,False
ads2_formal_ravdess_d12_f3_wavlm_base_plus_A,ravdess,12,3,wavlm_base_plus,45,seen_uar,45,UAR_percent,percentage_points,50.0,50.0,0.0,False
ads2_formal_ravdess_d12_f3_wavlm_base_plus_A,ravdess,12,3,wavlm_base_plus,45,unseen_uar,36,UAR_percent,percentage_points,46.875,50.0,3.125,False
ads2_formal_ravdess_d12_f3_hubert_base_A,ravdess,12,3,hubert_base,15,last,15,UAR_percent,percentage_points,34.375,43.75,9.375,False
ads2_formal_ravdess_d12_f3_hubert_base_A,ravdess,12,3,hubert_base,15,seen_ce,15,UAR_percent,percentage_points,34.375,43.75,9.375,False
ads2_formal_ravdess_d12_f3_hubert_base_A,ravdess,12,3,hubert_base,15,unseen_ce,12,UAR_percent,percentage_points,43.75,43.75,0.0,False
ads2_formal_ravdess_d12_f3_hubert_base_A,ravdess,12,3,hubert_base,15,seen_uar,14,UAR_percent,percentage_points,40.625,43.75,3.125,False
ads2_formal_ravdess_d12_f3_hubert_base_A,ravdess,12,3,hubert_base,15,unseen_uar,10,UAR_percent,percentage_points,43.75,43.75,0.0,False
ads2_formal_ravdess_d12_f4_wavlm_base_plus_A,ravdess,12,4,wavlm_base_plus,15,last,15,UAR_percent,percentage_points,28.125,28.125,0.0,False
ads2_formal_ravdess_d12_f4_wavlm_base_plus_A,ravdess,12,4,wavlm_base_plus,15,seen_ce,15,UAR_percent,percentage_points,28.125,28.125,0.0,False
ads2_formal_ravdess_d12_f4_wavlm_base_plus_A,ravdess,12,4,wavlm_base_plus,15,unseen_ce,15,UAR_percent,percentage_points,28.125,28.125,0.0,False
ads2_formal_ravdess_d12_f4_wavlm_base_plus_A,ravdess,12,4,wavlm_base_plus,15,seen_uar,15,UAR_percent,percentage_points,28.125,28.125,0.0,False
ads2_formal_ravdess_d12_f4_wavlm_base_plus_A,ravdess,12,4,wavlm_base_plus,15,unseen_uar,15,UAR_percent,percentage_points,28.125,28.125,0.0,False
ads2_formal_ravdess_d12_f4_wavlm_base_plus_A,ravdess,12,4,wavlm_base_plus,45,last,45,UAR_percent,percentage_points,50.0,59.375,9.375,False
ads2_formal_ravdess_d12_f4_wavlm_base_plus_A,ravdess,12,4,wavlm_base_plus,45,seen_ce,36,UAR_percent,percentage_points,46.875,59.375,12.5,False
ads2_formal_ravdess_d12_f4_wavlm_base_plus_A,ravdess,12,4,wavlm_base_plus,45,unseen_ce,19,UAR_percent,percentage_points,43.75,59.375,15.625,False
ads2_formal_ravdess_d12_f4_wavlm_base_plus_A,ravdess,12,4,wavlm_base_plus,45,seen_uar,36,UAR_percent,percentage_points,46.875,59.375,12.5,False
ads2_formal_ravdess_d12_f4_wavlm_base_plus_A,ravdess,12,4,wavlm_base_plus,45,unseen_uar,43,UAR_percent,percentage_points,50.0,59.375,9.375,False
ads2_formal_ravdess_d12_f4_hubert_base_A,ravdess,12,4,hubert_base,15,last,15,UAR_percent,percentage_points,40.625,46.875,6.25,False
ads2_formal_ravdess_d12_f4_hubert_base_A,ravdess,12,4,hubert_base,15,seen_ce,14,UAR_percent,percentage_points,43.75,46.875,3.125,False
ads2_formal_ravdess_d12_f4_hubert_base_A,ravdess,12,4,hubert_base,15,unseen_ce,14,UAR_percent,percentage_points,43.75,46.875,3.125,False
ads2_formal_ravdess_d12_f4_hubert_base_A,ravdess,12,4,hubert_base,15,seen_uar,14,UAR_percent,percentage_points,43.75,46.875,3.125,False
ads2_formal_ravdess_d12_f4_hubert_base_A,ravdess,12,4,hubert_base,15,unseen_uar,14,UAR_percent,percentage_points,43.75,46.875,3.125,False
ads2_formal_ravdess_d13_f0_wavlm_base_plus_A,ravdess,13,0,wavlm_base_plus,15,last,15,UAR_percent,percentage_points,33.333333333333336,37.5,4.166666666666667,False
ads2_formal_ravdess_d13_f0_wavlm_base_plus_A,ravdess,13,0,wavlm_base_plus,15,seen_ce,14,UAR_percent,percentage_points,37.5,37.5,0.0,False
ads2_formal_ravdess_d13_f0_wavlm_base_plus_A,ravdess,13,0,wavlm_base_plus,15,unseen_ce,14,UAR_percent,percentage_points,37.5,37.5,0.0,False
ads2_formal_ravdess_d13_f0_wavlm_base_plus_A,ravdess,13,0,wavlm_base_plus,15,seen_uar,14,UAR_percent,percentage_points,37.5,37.5,0.0,False
ads2_formal_ravdess_d13_f0_wavlm_base_plus_A,ravdess,13,0,wavlm_base_plus,15,unseen_uar,11,UAR_percent,percentage_points,25.0,37.5,12.5,False
ads2_formal_ravdess_d13_f0_wavlm_base_plus_A,ravdess,13,0,wavlm_base_plus,45,last,45,UAR_percent,percentage_points,37.5,41.666666666666664,4.166666666666667,False
ads2_formal_ravdess_d13_f0_wavlm_base_plus_A,ravdess,13,0,wavlm_base_plus,45,seen_ce,18,UAR_percent,percentage_points,33.333333333333336,41.666666666666664,8.333333333333334,False
ads2_formal_ravdess_d13_f0_wavlm_base_plus_A,ravdess,13,0,wavlm_base_plus,45,unseen_ce,18,UAR_percent,percentage_points,33.333333333333336,41.666666666666664,8.333333333333334,False
ads2_formal_ravdess_d13_f0_wavlm_base_plus_A,ravdess,13,0,wavlm_base_plus,45,seen_uar,39,UAR_percent,percentage_points,35.416666666666664,41.666666666666664,6.25,False
ads2_formal_ravdess_d13_f0_wavlm_base_plus_A,ravdess,13,0,wavlm_base_plus,45,unseen_uar,18,UAR_percent,percentage_points,33.333333333333336,41.666666666666664,8.333333333333334,False
ads2_formal_ravdess_d13_f0_hubert_base_A,ravdess,13,0,hubert_base,15,last,15,UAR_percent,percentage_points,47.916666666666664,50.0,2.0833333333333335,False
ads2_formal_ravdess_d13_f0_hubert_base_A,ravdess,13,0,hubert_base,15,seen_ce,13,UAR_percent,percentage_points,47.916666666666664,50.0,2.0833333333333335,False
ads2_formal_ravdess_d13_f0_hubert_base_A,ravdess,13,0,hubert_base,15,unseen_ce,11,UAR_percent,percentage_points,41.666666666666664,50.0,8.333333333333334,False
ads2_formal_ravdess_d13_f0_hubert_base_A,ravdess,13,0,hubert_base,15,seen_uar,15,UAR_percent,percentage_points,47.916666666666664,50.0,2.0833333333333335,False
ads2_formal_ravdess_d13_f0_hubert_base_A,ravdess,13,0,hubert_base,15,unseen_uar,14,UAR_percent,percentage_points,47.916666666666664,50.0,2.0833333333333335,False
ads2_formal_ravdess_d13_f1_wavlm_base_plus_A,ravdess,13,1,wavlm_base_plus,15,last,15,UAR_percent,percentage_points,27.083333333333332,31.25,4.166666666666667,False
ads2_formal_ravdess_d13_f1_wavlm_base_plus_A,ravdess,13,1,wavlm_base_plus,15,seen_ce,14,UAR_percent,percentage_points,31.25,31.25,0.0,False
ads2_formal_ravdess_d13_f1_wavlm_base_plus_A,ravdess,13,1,wavlm_base_plus,15,unseen_ce,14,UAR_percent,percentage_points,31.25,31.25,0.0,False
ads2_formal_ravdess_d13_f1_wavlm_base_plus_A,ravdess,13,1,wavlm_base_plus,15,seen_uar,11,UAR_percent,percentage_points,27.083333333333332,31.25,4.166666666666667,False
ads2_formal_ravdess_d13_f1_wavlm_base_plus_A,ravdess,13,1,wavlm_base_plus,15,unseen_uar,14,UAR_percent,percentage_points,31.25,31.25,0.0,False
ads2_formal_ravdess_d13_f1_wavlm_base_plus_A,ravdess,13,1,wavlm_base_plus,45,last,45,UAR_percent,percentage_points,47.916666666666664,47.916666666666664,0.0,False
ads2_formal_ravdess_d13_f1_wavlm_base_plus_A,ravdess,13,1,wavlm_base_plus,45,seen_ce,30,UAR_percent,percentage_points,43.75,47.916666666666664,4.166666666666667,False
ads2_formal_ravdess_d13_f1_wavlm_base_plus_A,ravdess,13,1,wavlm_base_plus,45,unseen_ce,19,UAR_percent,percentage_points,39.583333333333336,47.916666666666664,8.333333333333334,False
ads2_formal_ravdess_d13_f1_wavlm_base_plus_A,ravdess,13,1,wavlm_base_plus,45,seen_uar,25,UAR_percent,percentage_points,35.416666666666664,47.916666666666664,12.5,False
ads2_formal_ravdess_d13_f1_wavlm_base_plus_A,ravdess,13,1,wavlm_base_plus,45,unseen_uar,45,UAR_percent,percentage_points,47.916666666666664,47.916666666666664,0.0,False
ads2_formal_ravdess_d13_f1_hubert_base_A,ravdess,13,1,hubert_base,15,last,15,UAR_percent,percentage_points,47.916666666666664,47.916666666666664,0.0,False
ads2_formal_ravdess_d13_f1_hubert_base_A,ravdess,13,1,hubert_base,15,seen_ce,14,UAR_percent,percentage_points,39.583333333333336,47.916666666666664,8.333333333333334,False
ads2_formal_ravdess_d13_f1_hubert_base_A,ravdess,13,1,hubert_base,15,unseen_ce,14,UAR_percent,percentage_points,39.583333333333336,47.916666666666664,8.333333333333334,False
ads2_formal_ravdess_d13_f1_hubert_base_A,ravdess,13,1,hubert_base,15,seen_uar,14,UAR_percent,percentage_points,39.583333333333336,47.916666666666664,8.333333333333334,False
ads2_formal_ravdess_d13_f1_hubert_base_A,ravdess,13,1,hubert_base,15,unseen_uar,14,UAR_percent,percentage_points,39.583333333333336,47.916666666666664,8.333333333333334,False
ads2_formal_ravdess_d13_f2_wavlm_base_plus_A,ravdess,13,2,wavlm_base_plus,15,last,15,UAR_percent,percentage_points,37.5,37.5,0.0,False
ads2_formal_ravdess_d13_f2_wavlm_base_plus_A,ravdess,13,2,wavlm_base_plus,15,seen_ce,15,UAR_percent,percentage_points,37.5,37.5,0.0,False
ads2_formal_ravdess_d13_f2_wavlm_base_plus_A,ravdess,13,2,wavlm_base_plus,15,unseen_ce,15,UAR_percent,percentage_points,37.5,37.5,0.0,False
ads2_formal_ravdess_d13_f2_wavlm_base_plus_A,ravdess,13,2,wavlm_base_plus,15,seen_uar,15,UAR_percent,percentage_points,37.5,37.5,0.0,False
ads2_formal_ravdess_d13_f2_wavlm_base_plus_A,ravdess,13,2,wavlm_base_plus,15,unseen_uar,15,UAR_percent,percentage_points,37.5,37.5,0.0,False
ads2_formal_ravdess_d13_f2_wavlm_base_plus_A,ravdess,13,2,wavlm_base_plus,45,last,45,UAR_percent,percentage_points,46.875,53.125,6.25,False
ads2_formal_ravdess_d13_f2_wavlm_base_plus_A,ravdess,13,2,wavlm_base_plus,45,seen_ce,20,UAR_percent,percentage_points,53.125,53.125,0.0,False
ads2_formal_ravdess_d13_f2_wavlm_base_plus_A,ravdess,13,2,wavlm_base_plus,45,unseen_ce,20,UAR_percent,percentage_points,53.125,53.125,0.0,False
ads2_formal_ravdess_d13_f2_wavlm_base_plus_A,ravdess,13,2,wavlm_base_plus,45,seen_uar,39,UAR_percent,percentage_points,46.875,53.125,6.25,False
ads2_formal_ravdess_d13_f2_wavlm_base_plus_A,ravdess,13,2,wavlm_base_plus,45,unseen_uar,34,UAR_percent,percentage_points,50.0,53.125,3.125,False
ads2_formal_ravdess_d13_f2_hubert_base_A,ravdess,13,2,hubert_base,15,last,15,UAR_percent,percentage_points,62.5,65.625,3.125,False
ads2_formal_ravdess_d13_f2_hubert_base_A,ravdess,13,2,hubert_base,15,seen_ce,15,UAR_percent,percentage_points,62.5,65.625,3.125,False
ads2_formal_ravdess_d13_f2_hubert_base_A,ravdess,13,2,hubert_base,15,unseen_ce,15,UAR_percent,percentage_points,62.5,65.625,3.125,False
ads2_formal_ravdess_d13_f2_hubert_base_A,ravdess,13,2,hubert_base,15,seen_uar,13,UAR_percent,percentage_points,56.25,65.625,9.375,False
ads2_formal_ravdess_d13_f2_hubert_base_A,ravdess,13,2,hubert_base,15,unseen_uar,15,UAR_percent,percentage_points,62.5,65.625,3.125,False
ads2_formal_ravdess_d13_f3_wavlm_base_plus_A,ravdess,13,3,wavlm_base_plus,15,last,15,UAR_percent,percentage_points,18.75,25.0,6.25,False
ads2_formal_ravdess_d13_f3_wavlm_base_plus_A,ravdess,13,3,wavlm_base_plus,15,seen_ce,15,UAR_percent,percentage_points,18.75,25.0,6.25,False
ads2_formal_ravdess_d13_f3_wavlm_base_plus_A,ravdess,13,3,wavlm_base_plus,15,unseen_ce,15,UAR_percent,percentage_points,18.75,25.0,6.25,False
ads2_formal_ravdess_d13_f3_wavlm_base_plus_A,ravdess,13,3,wavlm_base_plus,15,seen_uar,15,UAR_percent,percentage_points,18.75,25.0,6.25,False
ads2_formal_ravdess_d13_f3_wavlm_base_plus_A,ravdess,13,3,wavlm_base_plus,15,unseen_uar,15,UAR_percent,percentage_points,18.75,25.0,6.25,False
ads2_formal_ravdess_d13_f3_wavlm_base_plus_A,ravdess,13,3,wavlm_base_plus,45,last,45,UAR_percent,percentage_points,37.5,46.875,9.375,False
ads2_formal_ravdess_d13_f3_wavlm_base_plus_A,ravdess,13,3,wavlm_base_plus,45,seen_ce,29,UAR_percent,percentage_points,40.625,46.875,6.25,False
ads2_formal_ravdess_d13_f3_wavlm_base_plus_A,ravdess,13,3,wavlm_base_plus,45,unseen_ce,17,UAR_percent,percentage_points,18.75,46.875,28.125,False
ads2_formal_ravdess_d13_f3_wavlm_base_plus_A,ravdess,13,3,wavlm_base_plus,45,seen_uar,43,UAR_percent,percentage_points,37.5,46.875,9.375,False
ads2_formal_ravdess_d13_f3_wavlm_base_plus_A,ravdess,13,3,wavlm_base_plus,45,unseen_uar,37,UAR_percent,percentage_points,40.625,46.875,6.25,False
ads2_formal_ravdess_d13_f3_hubert_base_A,ravdess,13,3,hubert_base,15,last,15,UAR_percent,percentage_points,28.125,37.5,9.375,False
ads2_formal_ravdess_d13_f3_hubert_base_A,ravdess,13,3,hubert_base,15,seen_ce,12,UAR_percent,percentage_points,37.5,37.5,0.0,False
ads2_formal_ravdess_d13_f3_hubert_base_A,ravdess,13,3,hubert_base,15,unseen_ce,12,UAR_percent,percentage_points,37.5,37.5,0.0,False
ads2_formal_ravdess_d13_f3_hubert_base_A,ravdess,13,3,hubert_base,15,seen_uar,8,UAR_percent,percentage_points,37.5,37.5,0.0,False
ads2_formal_ravdess_d13_f3_hubert_base_A,ravdess,13,3,hubert_base,15,unseen_uar,11,UAR_percent,percentage_points,34.375,37.5,3.125,False
ads2_formal_ravdess_d13_f4_wavlm_base_plus_A,ravdess,13,4,wavlm_base_plus,15,last,15,UAR_percent,percentage_points,40.625,40.625,0.0,False
ads2_formal_ravdess_d13_f4_wavlm_base_plus_A,ravdess,13,4,wavlm_base_plus,15,seen_ce,15,UAR_percent,percentage_points,40.625,40.625,0.0,False
ads2_formal_ravdess_d13_f4_wavlm_base_plus_A,ravdess,13,4,wavlm_base_plus,15,unseen_ce,15,UAR_percent,percentage_points,40.625,40.625,0.0,False
ads2_formal_ravdess_d13_f4_wavlm_base_plus_A,ravdess,13,4,wavlm_base_plus,15,seen_uar,15,UAR_percent,percentage_points,40.625,40.625,0.0,False
ads2_formal_ravdess_d13_f4_wavlm_base_plus_A,ravdess,13,4,wavlm_base_plus,15,unseen_uar,15,UAR_percent,percentage_points,40.625,40.625,0.0,False
ads2_formal_ravdess_d13_f4_wavlm_base_plus_A,ravdess,13,4,wavlm_base_plus,45,last,45,UAR_percent,percentage_points,50.0,56.25,6.25,False
ads2_formal_ravdess_d13_f4_wavlm_base_plus_A,ravdess,13,4,wavlm_base_plus,45,seen_ce,23,UAR_percent,percentage_points,40.625,56.25,15.625,False
ads2_formal_ravdess_d13_f4_wavlm_base_plus_A,ravdess,13,4,wavlm_base_plus,45,unseen_ce,25,UAR_percent,percentage_points,46.875,56.25,9.375,False
ads2_formal_ravdess_d13_f4_wavlm_base_plus_A,ravdess,13,4,wavlm_base_plus,45,seen_uar,34,UAR_percent,percentage_points,50.0,56.25,6.25,False
ads2_formal_ravdess_d13_f4_wavlm_base_plus_A,ravdess,13,4,wavlm_base_plus,45,unseen_uar,38,UAR_percent,percentage_points,40.625,56.25,15.625,False
ads2_formal_ravdess_d13_f4_hubert_base_A,ravdess,13,4,hubert_base,15,last,15,UAR_percent,percentage_points,56.25,59.375,3.125,False
ads2_formal_ravdess_d13_f4_hubert_base_A,ravdess,13,4,hubert_base,15,seen_ce,15,UAR_percent,percentage_points,56.25,59.375,3.125,False
ads2_formal_ravdess_d13_f4_hubert_base_A,ravdess,13,4,hubert_base,15,unseen_ce,13,UAR_percent,percentage_points,59.375,59.375,0.0,False
ads2_formal_ravdess_d13_f4_hubert_base_A,ravdess,13,4,hubert_base,15,seen_uar,15,UAR_percent,percentage_points,56.25,59.375,3.125,False
ads2_formal_ravdess_d13_f4_hubert_base_A,ravdess,13,4,hubert_base,15,unseen_uar,15,UAR_percent,percentage_points,56.25,59.375,3.125,False
ads2_formal_ravdess_d14_f0_wavlm_base_plus_A,ravdess,14,0,wavlm_base_plus,15,last,15,UAR_percent,percentage_points,43.75,47.916666666666664,4.166666666666667,False
ads2_formal_ravdess_d14_f0_wavlm_base_plus_A,ravdess,14,0,wavlm_base_plus,15,seen_ce,15,UAR_percent,percentage_points,43.75,47.916666666666664,4.166666666666667,False
ads2_formal_ravdess_d14_f0_wavlm_base_plus_A,ravdess,14,0,wavlm_base_plus,15,unseen_ce,14,UAR_percent,percentage_points,47.916666666666664,47.916666666666664,0.0,False
ads2_formal_ravdess_d14_f0_wavlm_base_plus_A,ravdess,14,0,wavlm_base_plus,15,seen_uar,10,UAR_percent,percentage_points,39.583333333333336,47.916666666666664,8.333333333333334,False
ads2_formal_ravdess_d14_f0_wavlm_base_plus_A,ravdess,14,0,wavlm_base_plus,15,unseen_uar,12,UAR_percent,percentage_points,41.666666666666664,47.916666666666664,6.25,False
ads2_formal_ravdess_d14_f0_wavlm_base_plus_A,ravdess,14,0,wavlm_base_plus,45,last,45,UAR_percent,percentage_points,43.75,47.916666666666664,4.166666666666667,False
ads2_formal_ravdess_d14_f0_wavlm_base_plus_A,ravdess,14,0,wavlm_base_plus,45,seen_ce,42,UAR_percent,percentage_points,47.916666666666664,47.916666666666664,0.0,False
ads2_formal_ravdess_d14_f0_wavlm_base_plus_A,ravdess,14,0,wavlm_base_plus,45,unseen_ce,20,UAR_percent,percentage_points,39.583333333333336,47.916666666666664,8.333333333333334,False
ads2_formal_ravdess_d14_f0_wavlm_base_plus_A,ravdess,14,0,wavlm_base_plus,45,seen_uar,42,UAR_percent,percentage_points,47.916666666666664,47.916666666666664,0.0,False
ads2_formal_ravdess_d14_f0_wavlm_base_plus_A,ravdess,14,0,wavlm_base_plus,45,unseen_uar,42,UAR_percent,percentage_points,47.916666666666664,47.916666666666664,0.0,False
ads2_formal_ravdess_d14_f0_hubert_base_A,ravdess,14,0,hubert_base,15,last,15,UAR_percent,percentage_points,45.833333333333336,47.916666666666664,2.0833333333333335,False
ads2_formal_ravdess_d14_f0_hubert_base_A,ravdess,14,0,hubert_base,15,seen_ce,11,UAR_percent,percentage_points,45.833333333333336,47.916666666666664,2.0833333333333335,False
ads2_formal_ravdess_d14_f0_hubert_base_A,ravdess,14,0,hubert_base,15,unseen_ce,9,UAR_percent,percentage_points,45.833333333333336,47.916666666666664,2.0833333333333335,False
ads2_formal_ravdess_d14_f0_hubert_base_A,ravdess,14,0,hubert_base,15,seen_uar,13,UAR_percent,percentage_points,47.916666666666664,47.916666666666664,0.0,False
ads2_formal_ravdess_d14_f0_hubert_base_A,ravdess,14,0,hubert_base,15,unseen_uar,9,UAR_percent,percentage_points,45.833333333333336,47.916666666666664,2.0833333333333335,False
ads2_formal_ravdess_d14_f1_wavlm_base_plus_A,ravdess,14,1,wavlm_base_plus,15,last,15,UAR_percent,percentage_points,27.083333333333332,33.333333333333336,6.25,False
ads2_formal_ravdess_d14_f1_wavlm_base_plus_A,ravdess,14,1,wavlm_base_plus,15,seen_ce,15,UAR_percent,percentage_points,27.083333333333332,33.333333333333336,6.25,False
ads2_formal_ravdess_d14_f1_wavlm_base_plus_A,ravdess,14,1,wavlm_base_plus,15,unseen_ce,14,UAR_percent,percentage_points,22.916666666666668,33.333333333333336,10.416666666666666,False
ads2_formal_ravdess_d14_f1_wavlm_base_plus_A,ravdess,14,1,wavlm_base_plus,15,seen_uar,15,UAR_percent,percentage_points,27.083333333333332,33.333333333333336,6.25,False
ads2_formal_ravdess_d14_f1_wavlm_base_plus_A,ravdess,14,1,wavlm_base_plus,15,unseen_uar,11,UAR_percent,percentage_points,33.333333333333336,33.333333333333336,0.0,False
ads2_formal_ravdess_d14_f1_wavlm_base_plus_A,ravdess,14,1,wavlm_base_plus,45,last,45,UAR_percent,percentage_points,39.583333333333336,43.75,4.166666666666667,False
ads2_formal_ravdess_d14_f1_wavlm_base_plus_A,ravdess,14,1,wavlm_base_plus,45,seen_ce,20,UAR_percent,percentage_points,39.583333333333336,43.75,4.166666666666667,False
ads2_formal_ravdess_d14_f1_wavlm_base_plus_A,ravdess,14,1,wavlm_base_plus,45,unseen_ce,25,UAR_percent,percentage_points,37.5,43.75,6.25,False
ads2_formal_ravdess_d14_f1_wavlm_base_plus_A,ravdess,14,1,wavlm_base_plus,45,seen_uar,41,UAR_percent,percentage_points,39.583333333333336,43.75,4.166666666666667,False
ads2_formal_ravdess_d14_f1_wavlm_base_plus_A,ravdess,14,1,wavlm_base_plus,45,unseen_uar,25,UAR_percent,percentage_points,37.5,43.75,6.25,False
ads2_formal_ravdess_d14_f1_hubert_base_A,ravdess,14,1,hubert_base,15,last,15,UAR_percent,percentage_points,43.75,43.75,0.0,False
ads2_formal_ravdess_d14_f1_hubert_base_A,ravdess,14,1,hubert_base,15,seen_ce,12,UAR_percent,percentage_points,37.5,43.75,6.25,False
ads2_formal_ravdess_d14_f1_hubert_base_A,ravdess,14,1,hubert_base,15,unseen_ce,12,UAR_percent,percentage_points,37.5,43.75,6.25,False
ads2_formal_ravdess_d14_f1_hubert_base_A,ravdess,14,1,hubert_base,15,seen_uar,12,UAR_percent,percentage_points,37.5,43.75,6.25,False
ads2_formal_ravdess_d14_f1_hubert_base_A,ravdess,14,1,hubert_base,15,unseen_uar,14,UAR_percent,percentage_points,39.583333333333336,43.75,4.166666666666667,False
ads2_formal_ravdess_d14_f2_wavlm_base_plus_A,ravdess,14,2,wavlm_base_plus,15,last,15,UAR_percent,percentage_points,34.375,43.75,9.375,False
ads2_formal_ravdess_d14_f2_wavlm_base_plus_A,ravdess,14,2,wavlm_base_plus,15,seen_ce,15,UAR_percent,percentage_points,34.375,43.75,9.375,False
ads2_formal_ravdess_d14_f2_wavlm_base_plus_A,ravdess,14,2,wavlm_base_plus,15,unseen_ce,15,UAR_percent,percentage_points,34.375,43.75,9.375,False
ads2_formal_ravdess_d14_f2_wavlm_base_plus_A,ravdess,14,2,wavlm_base_plus,15,seen_uar,15,UAR_percent,percentage_points,34.375,43.75,9.375,False
ads2_formal_ravdess_d14_f2_wavlm_base_plus_A,ravdess,14,2,wavlm_base_plus,15,unseen_uar,13,UAR_percent,percentage_points,25.0,43.75,18.75,False
ads2_formal_ravdess_d14_f2_wavlm_base_plus_A,ravdess,14,2,wavlm_base_plus,45,last,45,UAR_percent,percentage_points,37.5,50.0,12.5,False
ads2_formal_ravdess_d14_f2_wavlm_base_plus_A,ravdess,14,2,wavlm_base_plus,45,seen_ce,39,UAR_percent,percentage_points,34.375,50.0,15.625,False
ads2_formal_ravdess_d14_f2_wavlm_base_plus_A,ravdess,14,2,wavlm_base_plus,45,unseen_ce,28,UAR_percent,percentage_points,37.5,50.0,12.5,False
ads2_formal_ravdess_d14_f2_wavlm_base_plus_A,ravdess,14,2,wavlm_base_plus,45,seen_uar,39,UAR_percent,percentage_points,34.375,50.0,15.625,False
ads2_formal_ravdess_d14_f2_wavlm_base_plus_A,ravdess,14,2,wavlm_base_plus,45,unseen_uar,39,UAR_percent,percentage_points,34.375,50.0,15.625,False
ads2_formal_ravdess_d14_f2_hubert_base_A,ravdess,14,2,hubert_base,15,last,15,UAR_percent,percentage_points,31.25,40.625,9.375,False
ads2_formal_ravdess_d14_f2_hubert_base_A,ravdess,14,2,hubert_base,15,seen_ce,13,UAR_percent,percentage_points,31.25,40.625,9.375,False
ads2_formal_ravdess_d14_f2_hubert_base_A,ravdess,14,2,hubert_base,15,unseen_ce,14,UAR_percent,percentage_points,37.5,40.625,3.125,False
ads2_formal_ravdess_d14_f2_hubert_base_A,ravdess,14,2,hubert_base,15,seen_uar,15,UAR_percent,percentage_points,31.25,40.625,9.375,False
ads2_formal_ravdess_d14_f2_hubert_base_A,ravdess,14,2,hubert_base,15,unseen_uar,15,UAR_percent,percentage_points,31.25,40.625,9.375,False
ads2_formal_ravdess_d14_f3_wavlm_base_plus_A,ravdess,14,3,wavlm_base_plus,15,last,15,UAR_percent,percentage_points,37.5,40.625,3.125,False
ads2_formal_ravdess_d14_f3_wavlm_base_plus_A,ravdess,14,3,wavlm_base_plus,15,seen_ce,14,UAR_percent,percentage_points,37.5,40.625,3.125,False
ads2_formal_ravdess_d14_f3_wavlm_base_plus_A,ravdess,14,3,wavlm_base_plus,15,unseen_ce,14,UAR_percent,percentage_points,37.5,40.625,3.125,False
ads2_formal_ravdess_d14_f3_wavlm_base_plus_A,ravdess,14,3,wavlm_base_plus,15,seen_uar,14,UAR_percent,percentage_points,37.5,40.625,3.125,False
ads2_formal_ravdess_d14_f3_wavlm_base_plus_A,ravdess,14,3,wavlm_base_plus,15,unseen_uar,12,UAR_percent,percentage_points,40.625,40.625,0.0,False
ads2_formal_ravdess_d14_f3_wavlm_base_plus_A,ravdess,14,3,wavlm_base_plus,45,last,45,UAR_percent,percentage_points,50.0,53.125,3.125,False
ads2_formal_ravdess_d14_f3_wavlm_base_plus_A,ravdess,14,3,wavlm_base_plus,45,seen_ce,26,UAR_percent,percentage_points,46.875,53.125,6.25,False
ads2_formal_ravdess_d14_f3_wavlm_base_plus_A,ravdess,14,3,wavlm_base_plus,45,unseen_ce,18,UAR_percent,percentage_points,43.75,53.125,9.375,False
ads2_formal_ravdess_d14_f3_wavlm_base_plus_A,ravdess,14,3,wavlm_base_plus,45,seen_uar,33,UAR_percent,percentage_points,50.0,53.125,3.125,False
ads2_formal_ravdess_d14_f3_wavlm_base_plus_A,ravdess,14,3,wavlm_base_plus,45,unseen_uar,39,UAR_percent,percentage_points,46.875,53.125,6.25,False
ads2_formal_ravdess_d14_f3_hubert_base_A,ravdess,14,3,hubert_base,15,last,15,UAR_percent,percentage_points,46.875,53.125,6.25,False
ads2_formal_ravdess_d14_f3_hubert_base_A,ravdess,14,3,hubert_base,15,seen_ce,15,UAR_percent,percentage_points,46.875,53.125,6.25,False
ads2_formal_ravdess_d14_f3_hubert_base_A,ravdess,14,3,hubert_base,15,unseen_ce,12,UAR_percent,percentage_points,43.75,53.125,9.375,False
ads2_formal_ravdess_d14_f3_hubert_base_A,ravdess,14,3,hubert_base,15,seen_uar,12,UAR_percent,percentage_points,43.75,53.125,9.375,False
ads2_formal_ravdess_d14_f3_hubert_base_A,ravdess,14,3,hubert_base,15,unseen_uar,13,UAR_percent,percentage_points,37.5,53.125,15.625,False
ads2_formal_ravdess_d14_f4_wavlm_base_plus_A,ravdess,14,4,wavlm_base_plus,15,last,15,UAR_percent,percentage_points,31.25,31.25,0.0,False
ads2_formal_ravdess_d14_f4_wavlm_base_plus_A,ravdess,14,4,wavlm_base_plus,15,seen_ce,14,UAR_percent,percentage_points,28.125,31.25,3.125,False
ads2_formal_ravdess_d14_f4_wavlm_base_plus_A,ravdess,14,4,wavlm_base_plus,15,unseen_ce,11,UAR_percent,percentage_points,28.125,31.25,3.125,False
ads2_formal_ravdess_d14_f4_wavlm_base_plus_A,ravdess,14,4,wavlm_base_plus,15,seen_uar,15,UAR_percent,percentage_points,31.25,31.25,0.0,False
ads2_formal_ravdess_d14_f4_wavlm_base_plus_A,ravdess,14,4,wavlm_base_plus,15,unseen_uar,10,UAR_percent,percentage_points,28.125,31.25,3.125,False
ads2_formal_ravdess_d14_f4_wavlm_base_plus_A,ravdess,14,4,wavlm_base_plus,45,last,45,UAR_percent,percentage_points,31.25,37.5,6.25,False
ads2_formal_ravdess_d14_f4_wavlm_base_plus_A,ravdess,14,4,wavlm_base_plus,45,seen_ce,26,UAR_percent,percentage_points,31.25,37.5,6.25,False
ads2_formal_ravdess_d14_f4_wavlm_base_plus_A,ravdess,14,4,wavlm_base_plus,45,unseen_ce,11,UAR_percent,percentage_points,28.125,37.5,9.375,False
ads2_formal_ravdess_d14_f4_wavlm_base_plus_A,ravdess,14,4,wavlm_base_plus,45,seen_uar,38,UAR_percent,percentage_points,31.25,37.5,6.25,False
ads2_formal_ravdess_d14_f4_wavlm_base_plus_A,ravdess,14,4,wavlm_base_plus,45,unseen_uar,45,UAR_percent,percentage_points,31.25,37.5,6.25,False
ads2_formal_ravdess_d14_f4_hubert_base_A,ravdess,14,4,hubert_base,15,last,15,UAR_percent,percentage_points,46.875,46.875,0.0,False
ads2_formal_ravdess_d14_f4_hubert_base_A,ravdess,14,4,hubert_base,15,seen_ce,14,UAR_percent,percentage_points,40.625,46.875,6.25,False
ads2_formal_ravdess_d14_f4_hubert_base_A,ravdess,14,4,hubert_base,15,unseen_ce,12,UAR_percent,percentage_points,40.625,46.875,6.25,False
ads2_formal_ravdess_d14_f4_hubert_base_A,ravdess,14,4,hubert_base,15,seen_uar,12,UAR_percent,percentage_points,40.625,46.875,6.25,False
ads2_formal_ravdess_d14_f4_hubert_base_A,ravdess,14,4,hubert_base,15,unseen_uar,12,UAR_percent,percentage_points,40.625,46.875,6.25,False
ads2_formal_ravdess_d15_f0_wavlm_base_plus_A,ravdess,15,0,wavlm_base_plus,15,last,15,UAR_percent,percentage_points,33.333333333333336,43.75,10.416666666666666,False
ads2_formal_ravdess_d15_f0_wavlm_base_plus_A,ravdess,15,0,wavlm_base_plus,15,seen_ce,14,UAR_percent,percentage_points,43.75,43.75,0.0,False
ads2_formal_ravdess_d15_f0_wavlm_base_plus_A,ravdess,15,0,wavlm_base_plus,15,unseen_ce,14,UAR_percent,percentage_points,43.75,43.75,0.0,False
ads2_formal_ravdess_d15_f0_wavlm_base_plus_A,ravdess,15,0,wavlm_base_plus,15,seen_uar,14,UAR_percent,percentage_points,43.75,43.75,0.0,False
ads2_formal_ravdess_d15_f0_wavlm_base_plus_A,ravdess,15,0,wavlm_base_plus,15,unseen_uar,14,UAR_percent,percentage_points,43.75,43.75,0.0,False
ads2_formal_ravdess_d15_f0_wavlm_base_plus_A,ravdess,15,0,wavlm_base_plus,45,last,45,UAR_percent,percentage_points,56.25,62.5,6.25,False
ads2_formal_ravdess_d15_f0_wavlm_base_plus_A,ravdess,15,0,wavlm_base_plus,45,seen_ce,17,UAR_percent,percentage_points,41.666666666666664,62.5,20.833333333333332,False
ads2_formal_ravdess_d15_f0_wavlm_base_plus_A,ravdess,15,0,wavlm_base_plus,45,unseen_ce,28,UAR_percent,percentage_points,54.166666666666664,62.5,8.333333333333334,False
ads2_formal_ravdess_d15_f0_wavlm_base_plus_A,ravdess,15,0,wavlm_base_plus,45,seen_uar,40,UAR_percent,percentage_points,58.333333333333336,62.5,4.166666666666667,False
ads2_formal_ravdess_d15_f0_wavlm_base_plus_A,ravdess,15,0,wavlm_base_plus,45,unseen_uar,37,UAR_percent,percentage_points,52.083333333333336,62.5,10.416666666666666,False
ads2_formal_ravdess_d15_f0_hubert_base_A,ravdess,15,0,hubert_base,15,last,15,UAR_percent,percentage_points,54.166666666666664,54.166666666666664,0.0,False
ads2_formal_ravdess_d15_f0_hubert_base_A,ravdess,15,0,hubert_base,15,seen_ce,13,UAR_percent,percentage_points,50.0,54.166666666666664,4.166666666666667,False
ads2_formal_ravdess_d15_f0_hubert_base_A,ravdess,15,0,hubert_base,15,unseen_ce,13,UAR_percent,percentage_points,50.0,54.166666666666664,4.166666666666667,False
ads2_formal_ravdess_d15_f0_hubert_base_A,ravdess,15,0,hubert_base,15,seen_uar,13,UAR_percent,percentage_points,50.0,54.166666666666664,4.166666666666667,False
ads2_formal_ravdess_d15_f0_hubert_base_A,ravdess,15,0,hubert_base,15,unseen_uar,11,UAR_percent,percentage_points,39.583333333333336,54.166666666666664,14.583333333333334,False
ads2_formal_ravdess_d15_f1_wavlm_base_plus_A,ravdess,15,1,wavlm_base_plus,15,last,15,UAR_percent,percentage_points,33.333333333333336,35.416666666666664,2.0833333333333335,False
ads2_formal_ravdess_d15_f1_wavlm_base_plus_A,ravdess,15,1,wavlm_base_plus,15,seen_ce,14,UAR_percent,percentage_points,35.416666666666664,35.416666666666664,0.0,False
ads2_formal_ravdess_d15_f1_wavlm_base_plus_A,ravdess,15,1,wavlm_base_plus,15,unseen_ce,14,UAR_percent,percentage_points,35.416666666666664,35.416666666666664,0.0,False
ads2_formal_ravdess_d15_f1_wavlm_base_plus_A,ravdess,15,1,wavlm_base_plus,15,seen_uar,14,UAR_percent,percentage_points,35.416666666666664,35.416666666666664,0.0,False
ads2_formal_ravdess_d15_f1_wavlm_base_plus_A,ravdess,15,1,wavlm_base_plus,15,unseen_uar,14,UAR_percent,percentage_points,35.416666666666664,35.416666666666664,0.0,False
ads2_formal_ravdess_d15_f1_wavlm_base_plus_A,ravdess,15,1,wavlm_base_plus,45,last,45,UAR_percent,percentage_points,41.666666666666664,47.916666666666664,6.25,False
ads2_formal_ravdess_d15_f1_wavlm_base_plus_A,ravdess,15,1,wavlm_base_plus,45,seen_ce,41,UAR_percent,percentage_points,45.833333333333336,47.916666666666664,2.0833333333333335,False
ads2_formal_ravdess_d15_f1_wavlm_base_plus_A,ravdess,15,1,wavlm_base_plus,45,unseen_ce,17,UAR_percent,percentage_points,33.333333333333336,47.916666666666664,14.583333333333334,False
ads2_formal_ravdess_d15_f1_wavlm_base_plus_A,ravdess,15,1,wavlm_base_plus,45,seen_uar,30,UAR_percent,percentage_points,43.75,47.916666666666664,4.166666666666667,False
ads2_formal_ravdess_d15_f1_wavlm_base_plus_A,ravdess,15,1,wavlm_base_plus,45,unseen_uar,41,UAR_percent,percentage_points,45.833333333333336,47.916666666666664,2.0833333333333335,False
ads2_formal_ravdess_d15_f1_hubert_base_A,ravdess,15,1,hubert_base,15,last,15,UAR_percent,percentage_points,54.166666666666664,54.166666666666664,0.0,False
ads2_formal_ravdess_d15_f1_hubert_base_A,ravdess,15,1,hubert_base,15,seen_ce,15,UAR_percent,percentage_points,54.166666666666664,54.166666666666664,0.0,False
ads2_formal_ravdess_d15_f1_hubert_base_A,ravdess,15,1,hubert_base,15,unseen_ce,15,UAR_percent,percentage_points,54.166666666666664,54.166666666666664,0.0,False
ads2_formal_ravdess_d15_f1_hubert_base_A,ravdess,15,1,hubert_base,15,seen_uar,15,UAR_percent,percentage_points,54.166666666666664,54.166666666666664,0.0,False
ads2_formal_ravdess_d15_f1_hubert_base_A,ravdess,15,1,hubert_base,15,unseen_uar,15,UAR_percent,percentage_points,54.166666666666664,54.166666666666664,0.0,False
ads2_formal_ravdess_d15_f2_wavlm_base_plus_A,ravdess,15,2,wavlm_base_plus,15,last,15,UAR_percent,percentage_points,31.25,34.375,3.125,False
ads2_formal_ravdess_d15_f2_wavlm_base_plus_A,ravdess,15,2,wavlm_base_plus,15,seen_ce,15,UAR_percent,percentage_points,31.25,34.375,3.125,False
ads2_formal_ravdess_d15_f2_wavlm_base_plus_A,ravdess,15,2,wavlm_base_plus,15,unseen_ce,15,UAR_percent,percentage_points,31.25,34.375,3.125,False
ads2_formal_ravdess_d15_f2_wavlm_base_plus_A,ravdess,15,2,wavlm_base_plus,15,seen_uar,15,UAR_percent,percentage_points,31.25,34.375,3.125,False
ads2_formal_ravdess_d15_f2_wavlm_base_plus_A,ravdess,15,2,wavlm_base_plus,15,unseen_uar,15,UAR_percent,percentage_points,31.25,34.375,3.125,False
ads2_formal_ravdess_d15_f2_wavlm_base_plus_A,ravdess,15,2,wavlm_base_plus,45,last,45,UAR_percent,percentage_points,40.625,50.0,9.375,False
ads2_formal_ravdess_d15_f2_wavlm_base_plus_A,ravdess,15,2,wavlm_base_plus,45,seen_ce,20,UAR_percent,percentage_points,43.75,50.0,6.25,False
ads2_formal_ravdess_d15_f2_wavlm_base_plus_A,ravdess,15,2,wavlm_base_plus,45,unseen_ce,15,UAR_percent,percentage_points,31.25,50.0,18.75,False
ads2_formal_ravdess_d15_f2_wavlm_base_plus_A,ravdess,15,2,wavlm_base_plus,45,seen_uar,38,UAR_percent,percentage_points,50.0,50.0,0.0,False
ads2_formal_ravdess_d15_f2_wavlm_base_plus_A,ravdess,15,2,wavlm_base_plus,45,unseen_uar,22,UAR_percent,percentage_points,40.625,50.0,9.375,False
ads2_formal_ravdess_d15_f2_hubert_base_A,ravdess,15,2,hubert_base,15,last,15,UAR_percent,percentage_points,46.875,46.875,0.0,False
ads2_formal_ravdess_d15_f2_hubert_base_A,ravdess,15,2,hubert_base,15,seen_ce,13,UAR_percent,percentage_points,37.5,46.875,9.375,False
ads2_formal_ravdess_d15_f2_hubert_base_A,ravdess,15,2,hubert_base,15,unseen_ce,13,UAR_percent,percentage_points,37.5,46.875,9.375,False
ads2_formal_ravdess_d15_f2_hubert_base_A,ravdess,15,2,hubert_base,15,seen_uar,11,UAR_percent,percentage_points,43.75,46.875,3.125,False
ads2_formal_ravdess_d15_f2_hubert_base_A,ravdess,15,2,hubert_base,15,unseen_uar,15,UAR_percent,percentage_points,46.875,46.875,0.0,False
ads2_formal_ravdess_d15_f3_wavlm_base_plus_A,ravdess,15,3,wavlm_base_plus,15,last,15,UAR_percent,percentage_points,25.0,31.25,6.25,False
ads2_formal_ravdess_d15_f3_wavlm_base_plus_A,ravdess,15,3,wavlm_base_plus,15,seen_ce,14,UAR_percent,percentage_points,31.25,31.25,0.0,False
ads2_formal_ravdess_d15_f3_wavlm_base_plus_A,ravdess,15,3,wavlm_base_plus,15,unseen_ce,14,UAR_percent,percentage_points,31.25,31.25,0.0,False
ads2_formal_ravdess_d15_f3_wavlm_base_plus_A,ravdess,15,3,wavlm_base_plus,15,seen_uar,14,UAR_percent,percentage_points,31.25,31.25,0.0,False
ads2_formal_ravdess_d15_f3_wavlm_base_plus_A,ravdess,15,3,wavlm_base_plus,15,unseen_uar,14,UAR_percent,percentage_points,31.25,31.25,0.0,False
ads2_formal_ravdess_d15_f3_wavlm_base_plus_A,ravdess,15,3,wavlm_base_plus,45,last,45,UAR_percent,percentage_points,34.375,37.5,3.125,False
ads2_formal_ravdess_d15_f3_wavlm_base_plus_A,ravdess,15,3,wavlm_base_plus,45,seen_ce,24,UAR_percent,percentage_points,31.25,37.5,6.25,False
ads2_formal_ravdess_d15_f3_wavlm_base_plus_A,ravdess,15,3,wavlm_base_plus,45,unseen_ce,14,UAR_percent,percentage_points,31.25,37.5,6.25,False
ads2_formal_ravdess_d15_f3_wavlm_base_plus_A,ravdess,15,3,wavlm_base_plus,45,seen_uar,41,UAR_percent,percentage_points,31.25,37.5,6.25,False
ads2_formal_ravdess_d15_f3_wavlm_base_plus_A,ravdess,15,3,wavlm_base_plus,45,unseen_uar,38,UAR_percent,percentage_points,34.375,37.5,3.125,False
ads2_formal_ravdess_d15_f3_hubert_base_A,ravdess,15,3,hubert_base,15,last,15,UAR_percent,percentage_points,40.625,43.75,3.125,False
ads2_formal_ravdess_d15_f3_hubert_base_A,ravdess,15,3,hubert_base,15,seen_ce,12,UAR_percent,percentage_points,43.75,43.75,0.0,False
ads2_formal_ravdess_d15_f3_hubert_base_A,ravdess,15,3,hubert_base,15,unseen_ce,10,UAR_percent,percentage_points,40.625,43.75,3.125,False
ads2_formal_ravdess_d15_f3_hubert_base_A,ravdess,15,3,hubert_base,15,seen_uar,15,UAR_percent,percentage_points,40.625,43.75,3.125,False
ads2_formal_ravdess_d15_f3_hubert_base_A,ravdess,15,3,hubert_base,15,unseen_uar,10,UAR_percent,percentage_points,40.625,43.75,3.125,False
ads2_formal_ravdess_d15_f4_wavlm_base_plus_A,ravdess,15,4,wavlm_base_plus,15,last,15,UAR_percent,percentage_points,43.75,46.875,3.125,False
ads2_formal_ravdess_d15_f4_wavlm_base_plus_A,ravdess,15,4,wavlm_base_plus,15,seen_ce,14,UAR_percent,percentage_points,46.875,46.875,0.0,False
ads2_formal_ravdess_d15_f4_wavlm_base_plus_A,ravdess,15,4,wavlm_base_plus,15,unseen_ce,14,UAR_percent,percentage_points,46.875,46.875,0.0,False
ads2_formal_ravdess_d15_f4_wavlm_base_plus_A,ravdess,15,4,wavlm_base_plus,15,seen_uar,14,UAR_percent,percentage_points,46.875,46.875,0.0,False
ads2_formal_ravdess_d15_f4_wavlm_base_plus_A,ravdess,15,4,wavlm_base_plus,15,unseen_uar,9,UAR_percent,percentage_points,37.5,46.875,9.375,False
ads2_formal_ravdess_d15_f4_wavlm_base_plus_A,ravdess,15,4,wavlm_base_plus,45,last,45,UAR_percent,percentage_points,56.25,59.375,3.125,False
ads2_formal_ravdess_d15_f4_wavlm_base_plus_A,ravdess,15,4,wavlm_base_plus,45,seen_ce,21,UAR_percent,percentage_points,50.0,59.375,9.375,False
ads2_formal_ravdess_d15_f4_wavlm_base_plus_A,ravdess,15,4,wavlm_base_plus,45,unseen_ce,23,UAR_percent,percentage_points,46.875,59.375,12.5,False
ads2_formal_ravdess_d15_f4_wavlm_base_plus_A,ravdess,15,4,wavlm_base_plus,45,seen_uar,45,UAR_percent,percentage_points,56.25,59.375,3.125,False
ads2_formal_ravdess_d15_f4_wavlm_base_plus_A,ravdess,15,4,wavlm_base_plus,45,unseen_uar,37,UAR_percent,percentage_points,56.25,59.375,3.125,False
ads2_formal_ravdess_d15_f4_hubert_base_A,ravdess,15,4,hubert_base,15,last,15,UAR_percent,percentage_points,50.0,50.0,0.0,False
ads2_formal_ravdess_d15_f4_hubert_base_A,ravdess,15,4,hubert_base,15,seen_ce,12,UAR_percent,percentage_points,50.0,50.0,0.0,False
ads2_formal_ravdess_d15_f4_hubert_base_A,ravdess,15,4,hubert_base,15,unseen_ce,15,UAR_percent,percentage_points,50.0,50.0,0.0,False
ads2_formal_ravdess_d15_f4_hubert_base_A,ravdess,15,4,hubert_base,15,seen_uar,12,UAR_percent,percentage_points,50.0,50.0,0.0,False
ads2_formal_ravdess_d15_f4_hubert_base_A,ravdess,15,4,hubert_base,15,unseen_uar,12,UAR_percent,percentage_points,50.0,50.0,0.0,False
ads2_formal_ravdess_d16_f0_wavlm_base_plus_A,ravdess,16,0,wavlm_base_plus,15,last,15,UAR_percent,percentage_points,22.916666666666668,22.916666666666668,0.0,False
ads2_formal_ravdess_d16_f0_wavlm_base_plus_A,ravdess,16,0,wavlm_base_plus,15,seen_ce,15,UAR_percent,percentage_points,22.916666666666668,22.916666666666668,0.0,False
ads2_formal_ravdess_d16_f0_wavlm_base_plus_A,ravdess,16,0,wavlm_base_plus,15,unseen_ce,15,UAR_percent,percentage_points,22.916666666666668,22.916666666666668,0.0,False
ads2_formal_ravdess_d16_f0_wavlm_base_plus_A,ravdess,16,0,wavlm_base_plus,15,seen_uar,15,UAR_percent,percentage_points,22.916666666666668,22.916666666666668,0.0,False
ads2_formal_ravdess_d16_f0_wavlm_base_plus_A,ravdess,16,0,wavlm_base_plus,15,unseen_uar,15,UAR_percent,percentage_points,22.916666666666668,22.916666666666668,0.0,False
ads2_formal_ravdess_d16_f0_wavlm_base_plus_A,ravdess,16,0,wavlm_base_plus,45,last,45,UAR_percent,percentage_points,35.416666666666664,43.75,8.333333333333334,False
ads2_formal_ravdess_d16_f0_wavlm_base_plus_A,ravdess,16,0,wavlm_base_plus,45,seen_ce,41,UAR_percent,percentage_points,39.583333333333336,43.75,4.166666666666667,False
ads2_formal_ravdess_d16_f0_wavlm_base_plus_A,ravdess,16,0,wavlm_base_plus,45,unseen_ce,21,UAR_percent,percentage_points,39.583333333333336,43.75,4.166666666666667,False
ads2_formal_ravdess_d16_f0_wavlm_base_plus_A,ravdess,16,0,wavlm_base_plus,45,seen_uar,42,UAR_percent,percentage_points,43.75,43.75,0.0,False
ads2_formal_ravdess_d16_f0_wavlm_base_plus_A,ravdess,16,0,wavlm_base_plus,45,unseen_uar,40,UAR_percent,percentage_points,35.416666666666664,43.75,8.333333333333334,False
ads2_formal_ravdess_d16_f0_hubert_base_A,ravdess,16,0,hubert_base,15,last,15,UAR_percent,percentage_points,41.666666666666664,41.666666666666664,0.0,False
ads2_formal_ravdess_d16_f0_hubert_base_A,ravdess,16,0,hubert_base,15,seen_ce,14,UAR_percent,percentage_points,35.416666666666664,41.666666666666664,6.25,False
ads2_formal_ravdess_d16_f0_hubert_base_A,ravdess,16,0,hubert_base,15,unseen_ce,13,UAR_percent,percentage_points,41.666666666666664,41.666666666666664,0.0,False
ads2_formal_ravdess_d16_f0_hubert_base_A,ravdess,16,0,hubert_base,15,seen_uar,15,UAR_percent,percentage_points,41.666666666666664,41.666666666666664,0.0,False
ads2_formal_ravdess_d16_f0_hubert_base_A,ravdess,16,0,hubert_base,15,unseen_uar,13,UAR_percent,percentage_points,41.666666666666664,41.666666666666664,0.0,False
ads2_formal_ravdess_d16_f1_wavlm_base_plus_A,ravdess,16,1,wavlm_base_plus,15,last,15,UAR_percent,percentage_points,39.583333333333336,39.583333333333336,0.0,False
ads2_formal_ravdess_d16_f1_wavlm_base_plus_A,ravdess,16,1,wavlm_base_plus,15,seen_ce,15,UAR_percent,percentage_points,39.583333333333336,39.583333333333336,0.0,False
ads2_formal_ravdess_d16_f1_wavlm_base_plus_A,ravdess,16,1,wavlm_base_plus,15,unseen_ce,15,UAR_percent,percentage_points,39.583333333333336,39.583333333333336,0.0,False
ads2_formal_ravdess_d16_f1_wavlm_base_plus_A,ravdess,16,1,wavlm_base_plus,15,seen_uar,15,UAR_percent,percentage_points,39.583333333333336,39.583333333333336,0.0,False
ads2_formal_ravdess_d16_f1_wavlm_base_plus_A,ravdess,16,1,wavlm_base_plus,15,unseen_uar,15,UAR_percent,percentage_points,39.583333333333336,39.583333333333336,0.0,False
ads2_formal_ravdess_d16_f1_wavlm_base_plus_A,ravdess,16,1,wavlm_base_plus,45,last,45,UAR_percent,percentage_points,54.166666666666664,56.25,2.0833333333333335,False
ads2_formal_ravdess_d16_f1_wavlm_base_plus_A,ravdess,16,1,wavlm_base_plus,45,seen_ce,29,UAR_percent,percentage_points,54.166666666666664,56.25,2.0833333333333335,False
ads2_formal_ravdess_d16_f1_wavlm_base_plus_A,ravdess,16,1,wavlm_base_plus,45,unseen_ce,23,UAR_percent,percentage_points,47.916666666666664,56.25,8.333333333333334,False
ads2_formal_ravdess_d16_f1_wavlm_base_plus_A,ravdess,16,1,wavlm_base_plus,45,seen_uar,44,UAR_percent,percentage_points,50.0,56.25,6.25,False
ads2_formal_ravdess_d16_f1_wavlm_base_plus_A,ravdess,16,1,wavlm_base_plus,45,unseen_uar,45,UAR_percent,percentage_points,54.166666666666664,56.25,2.0833333333333335,False
ads2_formal_ravdess_d16_f1_hubert_base_A,ravdess,16,1,hubert_base,15,last,15,UAR_percent,percentage_points,31.25,39.583333333333336,8.333333333333334,False
ads2_formal_ravdess_d16_f1_hubert_base_A,ravdess,16,1,hubert_base,15,seen_ce,11,UAR_percent,percentage_points,29.166666666666668,39.583333333333336,10.416666666666666,False
ads2_formal_ravdess_d16_f1_hubert_base_A,ravdess,16,1,hubert_base,15,unseen_ce,15,UAR_percent,percentage_points,31.25,39.583333333333336,8.333333333333334,False
ads2_formal_ravdess_d16_f1_hubert_base_A,ravdess,16,1,hubert_base,15,seen_uar,11,UAR_percent,percentage_points,29.166666666666668,39.583333333333336,10.416666666666666,False
ads2_formal_ravdess_d16_f1_hubert_base_A,ravdess,16,1,hubert_base,15,unseen_uar,14,UAR_percent,percentage_points,35.416666666666664,39.583333333333336,4.166666666666667,False
ads2_formal_ravdess_d16_f2_wavlm_base_plus_A,ravdess,16,2,wavlm_base_plus,15,last,15,UAR_percent,percentage_points,25.0,34.375,9.375,False
ads2_formal_ravdess_d16_f2_wavlm_base_plus_A,ravdess,16,2,wavlm_base_plus,15,seen_ce,13,UAR_percent,percentage_points,34.375,34.375,0.0,False
ads2_formal_ravdess_d16_f2_wavlm_base_plus_A,ravdess,16,2,wavlm_base_plus,15,unseen_ce,13,UAR_percent,percentage_points,34.375,34.375,0.0,False
ads2_formal_ravdess_d16_f2_wavlm_base_plus_A,ravdess,16,2,wavlm_base_plus,15,seen_uar,14,UAR_percent,percentage_points,28.125,34.375,6.25,False
ads2_formal_ravdess_d16_f2_wavlm_base_plus_A,ravdess,16,2,wavlm_base_plus,15,unseen_uar,14,UAR_percent,percentage_points,28.125,34.375,6.25,False
ads2_formal_ravdess_d16_f2_wavlm_base_plus_A,ravdess,16,2,wavlm_base_plus,45,last,45,UAR_percent,percentage_points,43.75,50.0,6.25,False
ads2_formal_ravdess_d16_f2_wavlm_base_plus_A,ravdess,16,2,wavlm_base_plus,45,seen_ce,28,UAR_percent,percentage_points,34.375,50.0,15.625,False
ads2_formal_ravdess_d16_f2_wavlm_base_plus_A,ravdess,16,2,wavlm_base_plus,45,unseen_ce,28,UAR_percent,percentage_points,34.375,50.0,15.625,False
ads2_formal_ravdess_d16_f2_wavlm_base_plus_A,ravdess,16,2,wavlm_base_plus,45,seen_uar,29,UAR_percent,percentage_points,37.5,50.0,12.5,False
ads2_formal_ravdess_d16_f2_wavlm_base_plus_A,ravdess,16,2,wavlm_base_plus,45,unseen_uar,32,UAR_percent,percentage_points,46.875,50.0,3.125,False
ads2_formal_ravdess_d16_f2_hubert_base_A,ravdess,16,2,hubert_base,15,last,15,UAR_percent,percentage_points,40.625,43.75,3.125,False
ads2_formal_ravdess_d16_f2_hubert_base_A,ravdess,16,2,hubert_base,15,seen_ce,13,UAR_percent,percentage_points,40.625,43.75,3.125,False
ads2_formal_ravdess_d16_f2_hubert_base_A,ravdess,16,2,hubert_base,15,unseen_ce,11,UAR_percent,percentage_points,34.375,43.75,9.375,False
ads2_formal_ravdess_d16_f2_hubert_base_A,ravdess,16,2,hubert_base,15,seen_uar,11,UAR_percent,percentage_points,34.375,43.75,9.375,False
ads2_formal_ravdess_d16_f2_hubert_base_A,ravdess,16,2,hubert_base,15,unseen_uar,13,UAR_percent,percentage_points,40.625,43.75,3.125,False
ads2_formal_ravdess_d16_f3_wavlm_base_plus_A,ravdess,16,3,wavlm_base_plus,15,last,15,UAR_percent,percentage_points,31.25,37.5,6.25,False
ads2_formal_ravdess_d16_f3_wavlm_base_plus_A,ravdess,16,3,wavlm_base_plus,15,seen_ce,14,UAR_percent,percentage_points,37.5,37.5,0.0,False
ads2_formal_ravdess_d16_f3_wavlm_base_plus_A,ravdess,16,3,wavlm_base_plus,15,unseen_ce,14,UAR_percent,percentage_points,37.5,37.5,0.0,False
ads2_formal_ravdess_d16_f3_wavlm_base_plus_A,ravdess,16,3,wavlm_base_plus,15,seen_uar,10,UAR_percent,percentage_points,21.875,37.5,15.625,False
ads2_formal_ravdess_d16_f3_wavlm_base_plus_A,ravdess,16,3,wavlm_base_plus,15,unseen_uar,15,UAR_percent,percentage_points,31.25,37.5,6.25,False
ads2_formal_ravdess_d16_f3_wavlm_base_plus_A,ravdess,16,3,wavlm_base_plus,45,last,45,UAR_percent,percentage_points,25.0,37.5,12.5,False
ads2_formal_ravdess_d16_f3_wavlm_base_plus_A,ravdess,16,3,wavlm_base_plus,45,seen_ce,26,UAR_percent,percentage_points,34.375,37.5,3.125,False
ads2_formal_ravdess_d16_f3_wavlm_base_plus_A,ravdess,16,3,wavlm_base_plus,45,unseen_ce,26,UAR_percent,percentage_points,34.375,37.5,3.125,False
ads2_formal_ravdess_d16_f3_wavlm_base_plus_A,ravdess,16,3,wavlm_base_plus,45,seen_uar,37,UAR_percent,percentage_points,37.5,37.5,0.0,False
ads2_formal_ravdess_d16_f3_wavlm_base_plus_A,ravdess,16,3,wavlm_base_plus,45,unseen_uar,40,UAR_percent,percentage_points,31.25,37.5,6.25,False
ads2_formal_ravdess_d16_f3_hubert_base_A,ravdess,16,3,hubert_base,15,last,15,UAR_percent,percentage_points,25.0,28.125,3.125,False
ads2_formal_ravdess_d16_f3_hubert_base_A,ravdess,16,3,hubert_base,15,seen_ce,15,UAR_percent,percentage_points,25.0,28.125,3.125,False
ads2_formal_ravdess_d16_f3_hubert_base_A,ravdess,16,3,hubert_base,15,unseen_ce,13,UAR_percent,percentage_points,28.125,28.125,0.0,False
ads2_formal_ravdess_d16_f3_hubert_base_A,ravdess,16,3,hubert_base,15,seen_uar,12,UAR_percent,percentage_points,25.0,28.125,3.125,False
ads2_formal_ravdess_d16_f3_hubert_base_A,ravdess,16,3,hubert_base,15,unseen_uar,15,UAR_percent,percentage_points,25.0,28.125,3.125,False
ads2_formal_ravdess_d16_f4_wavlm_base_plus_A,ravdess,16,4,wavlm_base_plus,15,last,15,UAR_percent,percentage_points,46.875,46.875,0.0,False
ads2_formal_ravdess_d16_f4_wavlm_base_plus_A,ravdess,16,4,wavlm_base_plus,15,seen_ce,15,UAR_percent,percentage_points,46.875,46.875,0.0,False
ads2_formal_ravdess_d16_f4_wavlm_base_plus_A,ravdess,16,4,wavlm_base_plus,15,unseen_ce,14,UAR_percent,percentage_points,40.625,46.875,6.25,False
ads2_formal_ravdess_d16_f4_wavlm_base_plus_A,ravdess,16,4,wavlm_base_plus,15,seen_uar,15,UAR_percent,percentage_points,46.875,46.875,0.0,False
ads2_formal_ravdess_d16_f4_wavlm_base_plus_A,ravdess,16,4,wavlm_base_plus,15,unseen_uar,15,UAR_percent,percentage_points,46.875,46.875,0.0,False
ads2_formal_ravdess_d16_f4_wavlm_base_plus_A,ravdess,16,4,wavlm_base_plus,45,last,45,UAR_percent,percentage_points,56.25,56.25,0.0,False
ads2_formal_ravdess_d16_f4_wavlm_base_plus_A,ravdess,16,4,wavlm_base_plus,45,seen_ce,36,UAR_percent,percentage_points,50.0,56.25,6.25,False
ads2_formal_ravdess_d16_f4_wavlm_base_plus_A,ravdess,16,4,wavlm_base_plus,45,unseen_ce,26,UAR_percent,percentage_points,50.0,56.25,6.25,False
ads2_formal_ravdess_d16_f4_wavlm_base_plus_A,ravdess,16,4,wavlm_base_plus,45,seen_uar,40,UAR_percent,percentage_points,50.0,56.25,6.25,False
ads2_formal_ravdess_d16_f4_wavlm_base_plus_A,ravdess,16,4,wavlm_base_plus,45,unseen_uar,42,UAR_percent,percentage_points,56.25,56.25,0.0,False
ads2_formal_ravdess_d16_f4_hubert_base_A,ravdess,16,4,hubert_base,15,last,15,UAR_percent,percentage_points,43.75,53.125,9.375,False
ads2_formal_ravdess_d16_f4_hubert_base_A,ravdess,16,4,hubert_base,15,seen_ce,14,UAR_percent,percentage_points,53.125,53.125,0.0,False
ads2_formal_ravdess_d16_f4_hubert_base_A,ravdess,16,4,hubert_base,15,unseen_ce,12,UAR_percent,percentage_points,50.0,53.125,3.125,False
ads2_formal_ravdess_d16_f4_hubert_base_A,ravdess,16,4,hubert_base,15,seen_uar,12,UAR_percent,percentage_points,50.0,53.125,3.125,False
ads2_formal_ravdess_d16_f4_hubert_base_A,ravdess,16,4,hubert_base,15,unseen_uar,14,UAR_percent,percentage_points,53.125,53.125,0.0,False
ads2_formal_ravdess_d17_f0_wavlm_base_plus_A,ravdess,17,0,wavlm_base_plus,15,last,15,UAR_percent,percentage_points,29.166666666666668,35.416666666666664,6.25,False
ads2_formal_ravdess_d17_f0_wavlm_base_plus_A,ravdess,17,0,wavlm_base_plus,15,seen_ce,14,UAR_percent,percentage_points,35.416666666666664,35.416666666666664,0.0,False
ads2_formal_ravdess_d17_f0_wavlm_base_plus_A,ravdess,17,0,wavlm_base_plus,15,unseen_ce,14,UAR_percent,percentage_points,35.416666666666664,35.416666666666664,0.0,False
ads2_formal_ravdess_d17_f0_wavlm_base_plus_A,ravdess,17,0,wavlm_base_plus,15,seen_uar,14,UAR_percent,percentage_points,35.416666666666664,35.416666666666664,0.0,False
ads2_formal_ravdess_d17_f0_wavlm_base_plus_A,ravdess,17,0,wavlm_base_plus,15,unseen_uar,14,UAR_percent,percentage_points,35.416666666666664,35.416666666666664,0.0,False
ads2_formal_ravdess_d17_f0_wavlm_base_plus_A,ravdess,17,0,wavlm_base_plus,45,last,45,UAR_percent,percentage_points,39.583333333333336,43.75,4.166666666666667,False
ads2_formal_ravdess_d17_f0_wavlm_base_plus_A,ravdess,17,0,wavlm_base_plus,45,seen_ce,29,UAR_percent,percentage_points,41.666666666666664,43.75,2.0833333333333335,False
ads2_formal_ravdess_d17_f0_wavlm_base_plus_A,ravdess,17,0,wavlm_base_plus,45,unseen_ce,20,UAR_percent,percentage_points,35.416666666666664,43.75,8.333333333333334,False
ads2_formal_ravdess_d17_f0_wavlm_base_plus_A,ravdess,17,0,wavlm_base_plus,45,seen_uar,32,UAR_percent,percentage_points,41.666666666666664,43.75,2.0833333333333335,False
ads2_formal_ravdess_d17_f0_wavlm_base_plus_A,ravdess,17,0,wavlm_base_plus,45,unseen_uar,20,UAR_percent,percentage_points,35.416666666666664,43.75,8.333333333333334,False
ads2_formal_ravdess_d17_f0_hubert_base_A,ravdess,17,0,hubert_base,15,last,15,UAR_percent,percentage_points,35.416666666666664,43.75,8.333333333333334,False
ads2_formal_ravdess_d17_f0_hubert_base_A,ravdess,17,0,hubert_base,15,seen_ce,13,UAR_percent,percentage_points,39.583333333333336,43.75,4.166666666666667,False
ads2_formal_ravdess_d17_f0_hubert_base_A,ravdess,17,0,hubert_base,15,unseen_ce,11,UAR_percent,percentage_points,37.5,43.75,6.25,False
ads2_formal_ravdess_d17_f0_hubert_base_A,ravdess,17,0,hubert_base,15,seen_uar,15,UAR_percent,percentage_points,35.416666666666664,43.75,8.333333333333334,False
ads2_formal_ravdess_d17_f0_hubert_base_A,ravdess,17,0,hubert_base,15,unseen_uar,13,UAR_percent,percentage_points,39.583333333333336,43.75,4.166666666666667,False
ads2_formal_ravdess_d17_f1_wavlm_base_plus_A,ravdess,17,1,wavlm_base_plus,15,last,15,UAR_percent,percentage_points,33.333333333333336,39.583333333333336,6.25,False
ads2_formal_ravdess_d17_f1_wavlm_base_plus_A,ravdess,17,1,wavlm_base_plus,15,seen_ce,15,UAR_percent,percentage_points,33.333333333333336,39.583333333333336,6.25,False
ads2_formal_ravdess_d17_f1_wavlm_base_plus_A,ravdess,17,1,wavlm_base_plus,15,unseen_ce,14,UAR_percent,percentage_points,39.583333333333336,39.583333333333336,0.0,False
ads2_formal_ravdess_d17_f1_wavlm_base_plus_A,ravdess,17,1,wavlm_base_plus,15,seen_uar,14,UAR_percent,percentage_points,39.583333333333336,39.583333333333336,0.0,False
ads2_formal_ravdess_d17_f1_wavlm_base_plus_A,ravdess,17,1,wavlm_base_plus,15,unseen_uar,14,UAR_percent,percentage_points,39.583333333333336,39.583333333333336,0.0,False
ads2_formal_ravdess_d17_f1_wavlm_base_plus_A,ravdess,17,1,wavlm_base_plus,45,last,45,UAR_percent,percentage_points,37.5,47.916666666666664,10.416666666666666,False
ads2_formal_ravdess_d17_f1_wavlm_base_plus_A,ravdess,17,1,wavlm_base_plus,45,seen_ce,20,UAR_percent,percentage_points,37.5,47.916666666666664,10.416666666666666,False
ads2_formal_ravdess_d17_f1_wavlm_base_plus_A,ravdess,17,1,wavlm_base_plus,45,unseen_ce,20,UAR_percent,percentage_points,37.5,47.916666666666664,10.416666666666666,False
ads2_formal_ravdess_d17_f1_wavlm_base_plus_A,ravdess,17,1,wavlm_base_plus,45,seen_uar,38,UAR_percent,percentage_points,47.916666666666664,47.916666666666664,0.0,False
ads2_formal_ravdess_d17_f1_wavlm_base_plus_A,ravdess,17,1,wavlm_base_plus,45,unseen_uar,23,UAR_percent,percentage_points,37.5,47.916666666666664,10.416666666666666,False
ads2_formal_ravdess_d17_f1_hubert_base_A,ravdess,17,1,hubert_base,15,last,15,UAR_percent,percentage_points,47.916666666666664,47.916666666666664,0.0,False
ads2_formal_ravdess_d17_f1_hubert_base_A,ravdess,17,1,hubert_base,15,seen_ce,12,UAR_percent,percentage_points,45.833333333333336,47.916666666666664,2.0833333333333335,False
ads2_formal_ravdess_d17_f1_hubert_base_A,ravdess,17,1,hubert_base,15,unseen_ce,12,UAR_percent,percentage_points,45.833333333333336,47.916666666666664,2.0833333333333335,False
ads2_formal_ravdess_d17_f1_hubert_base_A,ravdess,17,1,hubert_base,15,seen_uar,15,UAR_percent,percentage_points,47.916666666666664,47.916666666666664,0.0,False
ads2_formal_ravdess_d17_f1_hubert_base_A,ravdess,17,1,hubert_base,15,unseen_uar,15,UAR_percent,percentage_points,47.916666666666664,47.916666666666664,0.0,False
ads2_formal_ravdess_d17_f2_wavlm_base_plus_A,ravdess,17,2,wavlm_base_plus,15,last,15,UAR_percent,percentage_points,37.5,46.875,9.375,False
ads2_formal_ravdess_d17_f2_wavlm_base_plus_A,ravdess,17,2,wavlm_base_plus,15,seen_ce,14,UAR_percent,percentage_points,46.875,46.875,0.0,False
ads2_formal_ravdess_d17_f2_wavlm_base_plus_A,ravdess,17,2,wavlm_base_plus,15,unseen_ce,14,UAR_percent,percentage_points,46.875,46.875,0.0,False
ads2_formal_ravdess_d17_f2_wavlm_base_plus_A,ravdess,17,2,wavlm_base_plus,15,seen_uar,14,UAR_percent,percentage_points,46.875,46.875,0.0,False
ads2_formal_ravdess_d17_f2_wavlm_base_plus_A,ravdess,17,2,wavlm_base_plus,15,unseen_uar,12,UAR_percent,percentage_points,31.25,46.875,15.625,False
ads2_formal_ravdess_d17_f2_wavlm_base_plus_A,ravdess,17,2,wavlm_base_plus,45,last,45,UAR_percent,percentage_points,37.5,50.0,12.5,False
ads2_formal_ravdess_d17_f2_wavlm_base_plus_A,ravdess,17,2,wavlm_base_plus,45,seen_ce,20,UAR_percent,percentage_points,37.5,50.0,12.5,False
ads2_formal_ravdess_d17_f2_wavlm_base_plus_A,ravdess,17,2,wavlm_base_plus,45,unseen_ce,18,UAR_percent,percentage_points,40.625,50.0,9.375,False
ads2_formal_ravdess_d17_f2_wavlm_base_plus_A,ravdess,17,2,wavlm_base_plus,45,seen_uar,26,UAR_percent,percentage_points,37.5,50.0,12.5,False
ads2_formal_ravdess_d17_f2_wavlm_base_plus_A,ravdess,17,2,wavlm_base_plus,45,unseen_uar,25,UAR_percent,percentage_points,37.5,50.0,12.5,False
ads2_formal_ravdess_d17_f2_hubert_base_A,ravdess,17,2,hubert_base,15,last,15,UAR_percent,percentage_points,34.375,34.375,0.0,False
ads2_formal_ravdess_d17_f2_hubert_base_A,ravdess,17,2,hubert_base,15,seen_ce,13,UAR_percent,percentage_points,34.375,34.375,0.0,False
ads2_formal_ravdess_d17_f2_hubert_base_A,ravdess,17,2,hubert_base,15,unseen_ce,13,UAR_percent,percentage_points,34.375,34.375,0.0,False
ads2_formal_ravdess_d17_f2_hubert_base_A,ravdess,17,2,hubert_base,15,seen_uar,13,UAR_percent,percentage_points,34.375,34.375,0.0,False
ads2_formal_ravdess_d17_f2_hubert_base_A,ravdess,17,2,hubert_base,15,unseen_uar,11,UAR_percent,percentage_points,25.0,34.375,9.375,False
ads2_formal_ravdess_d17_f3_wavlm_base_plus_A,ravdess,17,3,wavlm_base_plus,15,last,15,UAR_percent,percentage_points,21.875,21.875,0.0,False
ads2_formal_ravdess_d17_f3_wavlm_base_plus_A,ravdess,17,3,wavlm_base_plus,15,seen_ce,13,UAR_percent,percentage_points,21.875,21.875,0.0,False
ads2_formal_ravdess_d17_f3_wavlm_base_plus_A,ravdess,17,3,wavlm_base_plus,15,unseen_ce,13,UAR_percent,percentage_points,21.875,21.875,0.0,False
ads2_formal_ravdess_d17_f3_wavlm_base_plus_A,ravdess,17,3,wavlm_base_plus,15,seen_uar,13,UAR_percent,percentage_points,21.875,21.875,0.0,False
ads2_formal_ravdess_d17_f3_wavlm_base_plus_A,ravdess,17,3,wavlm_base_plus,15,unseen_uar,11,UAR_percent,percentage_points,12.5,21.875,9.375,False
ads2_formal_ravdess_d17_f3_wavlm_base_plus_A,ravdess,17,3,wavlm_base_plus,45,last,45,UAR_percent,percentage_points,37.5,37.5,0.0,False
ads2_formal_ravdess_d17_f3_wavlm_base_plus_A,ravdess,17,3,wavlm_base_plus,45,seen_ce,25,UAR_percent,percentage_points,31.25,37.5,6.25,False
ads2_formal_ravdess_d17_f3_wavlm_base_plus_A,ravdess,17,3,wavlm_base_plus,45,unseen_ce,25,UAR_percent,percentage_points,31.25,37.5,6.25,False
ads2_formal_ravdess_d17_f3_wavlm_base_plus_A,ravdess,17,3,wavlm_base_plus,45,seen_uar,43,UAR_percent,percentage_points,34.375,37.5,3.125,False
ads2_formal_ravdess_d17_f3_wavlm_base_plus_A,ravdess,17,3,wavlm_base_plus,45,unseen_uar,36,UAR_percent,percentage_points,34.375,37.5,3.125,False
ads2_formal_ravdess_d17_f3_hubert_base_A,ravdess,17,3,hubert_base,15,last,15,UAR_percent,percentage_points,34.375,34.375,0.0,False
ads2_formal_ravdess_d17_f3_hubert_base_A,ravdess,17,3,hubert_base,15,seen_ce,13,UAR_percent,percentage_points,34.375,34.375,0.0,False
ads2_formal_ravdess_d17_f3_hubert_base_A,ravdess,17,3,hubert_base,15,unseen_ce,13,UAR_percent,percentage_points,34.375,34.375,0.0,False
ads2_formal_ravdess_d17_f3_hubert_base_A,ravdess,17,3,hubert_base,15,seen_uar,13,UAR_percent,percentage_points,34.375,34.375,0.0,False
ads2_formal_ravdess_d17_f3_hubert_base_A,ravdess,17,3,hubert_base,15,unseen_uar,11,UAR_percent,percentage_points,34.375,34.375,0.0,False
ads2_formal_ravdess_d17_f4_wavlm_base_plus_A,ravdess,17,4,wavlm_base_plus,15,last,15,UAR_percent,percentage_points,37.5,37.5,0.0,False
ads2_formal_ravdess_d17_f4_wavlm_base_plus_A,ravdess,17,4,wavlm_base_plus,15,seen_ce,15,UAR_percent,percentage_points,37.5,37.5,0.0,False
ads2_formal_ravdess_d17_f4_wavlm_base_plus_A,ravdess,17,4,wavlm_base_plus,15,unseen_ce,15,UAR_percent,percentage_points,37.5,37.5,0.0,False
ads2_formal_ravdess_d17_f4_wavlm_base_plus_A,ravdess,17,4,wavlm_base_plus,15,seen_uar,14,UAR_percent,percentage_points,31.25,37.5,6.25,False
ads2_formal_ravdess_d17_f4_wavlm_base_plus_A,ravdess,17,4,wavlm_base_plus,15,unseen_uar,15,UAR_percent,percentage_points,37.5,37.5,0.0,False
ads2_formal_ravdess_d17_f4_wavlm_base_plus_A,ravdess,17,4,wavlm_base_plus,45,last,45,UAR_percent,percentage_points,43.75,46.875,3.125,False
ads2_formal_ravdess_d17_f4_wavlm_base_plus_A,ravdess,17,4,wavlm_base_plus,45,seen_ce,31,UAR_percent,percentage_points,46.875,46.875,0.0,False
ads2_formal_ravdess_d17_f4_wavlm_base_plus_A,ravdess,17,4,wavlm_base_plus,45,unseen_ce,17,UAR_percent,percentage_points,43.75,46.875,3.125,False
ads2_formal_ravdess_d17_f4_wavlm_base_plus_A,ravdess,17,4,wavlm_base_plus,45,seen_uar,44,UAR_percent,percentage_points,43.75,46.875,3.125,False
ads2_formal_ravdess_d17_f4_wavlm_base_plus_A,ravdess,17,4,wavlm_base_plus,45,unseen_uar,33,UAR_percent,percentage_points,43.75,46.875,3.125,False
ads2_formal_ravdess_d17_f4_hubert_base_A,ravdess,17,4,hubert_base,15,last,15,UAR_percent,percentage_points,53.125,56.25,3.125,False
ads2_formal_ravdess_d17_f4_hubert_base_A,ravdess,17,4,hubert_base,15,seen_ce,14,UAR_percent,percentage_points,50.0,56.25,6.25,False
ads2_formal_ravdess_d17_f4_hubert_base_A,ravdess,17,4,hubert_base,15,unseen_ce,14,UAR_percent,percentage_points,50.0,56.25,6.25,False
ads2_formal_ravdess_d17_f4_hubert_base_A,ravdess,17,4,hubert_base,15,seen_uar,13,UAR_percent,percentage_points,43.75,56.25,12.5,False
ads2_formal_ravdess_d17_f4_hubert_base_A,ravdess,17,4,hubert_base,15,unseen_uar,13,UAR_percent,percentage_points,43.75,56.25,12.5,False
ads2_formal_ravdess_d18_f0_wavlm_base_plus_A,ravdess,18,0,wavlm_base_plus,15,last,15,UAR_percent,percentage_points,39.583333333333336,39.583333333333336,0.0,False
ads2_formal_ravdess_d18_f0_wavlm_base_plus_A,ravdess,18,0,wavlm_base_plus,15,seen_ce,15,UAR_percent,percentage_points,39.583333333333336,39.583333333333336,0.0,False
ads2_formal_ravdess_d18_f0_wavlm_base_plus_A,ravdess,18,0,wavlm_base_plus,15,unseen_ce,15,UAR_percent,percentage_points,39.583333333333336,39.583333333333336,0.0,False
ads2_formal_ravdess_d18_f0_wavlm_base_plus_A,ravdess,18,0,wavlm_base_plus,15,seen_uar,15,UAR_percent,percentage_points,39.583333333333336,39.583333333333336,0.0,False
ads2_formal_ravdess_d18_f0_wavlm_base_plus_A,ravdess,18,0,wavlm_base_plus,15,unseen_uar,15,UAR_percent,percentage_points,39.583333333333336,39.583333333333336,0.0,False
ads2_formal_ravdess_d18_f0_wavlm_base_plus_A,ravdess,18,0,wavlm_base_plus,45,last,45,UAR_percent,percentage_points,45.833333333333336,54.166666666666664,8.333333333333334,False
ads2_formal_ravdess_d18_f0_wavlm_base_plus_A,ravdess,18,0,wavlm_base_plus,45,seen_ce,32,UAR_percent,percentage_points,39.583333333333336,54.166666666666664,14.583333333333334,False
ads2_formal_ravdess_d18_f0_wavlm_base_plus_A,ravdess,18,0,wavlm_base_plus,45,unseen_ce,18,UAR_percent,percentage_points,33.333333333333336,54.166666666666664,20.833333333333332,False
ads2_formal_ravdess_d18_f0_wavlm_base_plus_A,ravdess,18,0,wavlm_base_plus,45,seen_uar,43,UAR_percent,percentage_points,50.0,54.166666666666664,4.166666666666667,False
ads2_formal_ravdess_d18_f0_wavlm_base_plus_A,ravdess,18,0,wavlm_base_plus,45,unseen_uar,29,UAR_percent,percentage_points,45.833333333333336,54.166666666666664,8.333333333333334,False
ads2_formal_ravdess_d18_f0_hubert_base_A,ravdess,18,0,hubert_base,15,last,15,UAR_percent,percentage_points,41.666666666666664,41.666666666666664,0.0,False
ads2_formal_ravdess_d18_f0_hubert_base_A,ravdess,18,0,hubert_base,15,seen_ce,15,UAR_percent,percentage_points,41.666666666666664,41.666666666666664,0.0,False
ads2_formal_ravdess_d18_f0_hubert_base_A,ravdess,18,0,hubert_base,15,unseen_ce,13,UAR_percent,percentage_points,37.5,41.666666666666664,4.166666666666667,False
ads2_formal_ravdess_d18_f0_hubert_base_A,ravdess,18,0,hubert_base,15,seen_uar,15,UAR_percent,percentage_points,41.666666666666664,41.666666666666664,0.0,False
ads2_formal_ravdess_d18_f0_hubert_base_A,ravdess,18,0,hubert_base,15,unseen_uar,15,UAR_percent,percentage_points,41.666666666666664,41.666666666666664,0.0,False
ads2_formal_ravdess_d18_f1_wavlm_base_plus_A,ravdess,18,1,wavlm_base_plus,15,last,15,UAR_percent,percentage_points,41.666666666666664,41.666666666666664,0.0,False
ads2_formal_ravdess_d18_f1_wavlm_base_plus_A,ravdess,18,1,wavlm_base_plus,15,seen_ce,15,UAR_percent,percentage_points,41.666666666666664,41.666666666666664,0.0,False
ads2_formal_ravdess_d18_f1_wavlm_base_plus_A,ravdess,18,1,wavlm_base_plus,15,unseen_ce,15,UAR_percent,percentage_points,41.666666666666664,41.666666666666664,0.0,False
ads2_formal_ravdess_d18_f1_wavlm_base_plus_A,ravdess,18,1,wavlm_base_plus,15,seen_uar,15,UAR_percent,percentage_points,41.666666666666664,41.666666666666664,0.0,False
ads2_formal_ravdess_d18_f1_wavlm_base_plus_A,ravdess,18,1,wavlm_base_plus,15,unseen_uar,15,UAR_percent,percentage_points,41.666666666666664,41.666666666666664,0.0,False
ads2_formal_ravdess_d18_f1_wavlm_base_plus_A,ravdess,18,1,wavlm_base_plus,45,last,45,UAR_percent,percentage_points,41.666666666666664,52.083333333333336,10.416666666666666,False
ads2_formal_ravdess_d18_f1_wavlm_base_plus_A,ravdess,18,1,wavlm_base_plus,45,seen_ce,22,UAR_percent,percentage_points,47.916666666666664,52.083333333333336,4.166666666666667,False
ads2_formal_ravdess_d18_f1_wavlm_base_plus_A,ravdess,18,1,wavlm_base_plus,45,unseen_ce,22,UAR_percent,percentage_points,47.916666666666664,52.083333333333336,4.166666666666667,False
ads2_formal_ravdess_d18_f1_wavlm_base_plus_A,ravdess,18,1,wavlm_base_plus,45,seen_uar,25,UAR_percent,percentage_points,52.083333333333336,52.083333333333336,0.0,False
ads2_formal_ravdess_d18_f1_wavlm_base_plus_A,ravdess,18,1,wavlm_base_plus,45,unseen_uar,19,UAR_percent,percentage_points,39.583333333333336,52.083333333333336,12.5,False
ads2_formal_ravdess_d18_f1_hubert_base_A,ravdess,18,1,hubert_base,15,last,15,UAR_percent,percentage_points,43.75,43.75,0.0,False
ads2_formal_ravdess_d18_f1_hubert_base_A,ravdess,18,1,hubert_base,15,seen_ce,14,UAR_percent,percentage_points,43.75,43.75,0.0,False
ads2_formal_ravdess_d18_f1_hubert_base_A,ravdess,18,1,hubert_base,15,unseen_ce,10,UAR_percent,percentage_points,39.583333333333336,43.75,4.166666666666667,False
ads2_formal_ravdess_d18_f1_hubert_base_A,ravdess,18,1,hubert_base,15,seen_uar,14,UAR_percent,percentage_points,43.75,43.75,0.0,False
ads2_formal_ravdess_d18_f1_hubert_base_A,ravdess,18,1,hubert_base,15,unseen_uar,15,UAR_percent,percentage_points,43.75,43.75,0.0,False
ads2_formal_ravdess_d18_f2_wavlm_base_plus_A,ravdess,18,2,wavlm_base_plus,15,last,15,UAR_percent,percentage_points,31.25,31.25,0.0,False
ads2_formal_ravdess_d18_f2_wavlm_base_plus_A,ravdess,18,2,wavlm_base_plus,15,seen_ce,15,UAR_percent,percentage_points,31.25,31.25,0.0,False
ads2_formal_ravdess_d18_f2_wavlm_base_plus_A,ravdess,18,2,wavlm_base_plus,15,unseen_ce,15,UAR_percent,percentage_points,31.25,31.25,0.0,False
ads2_formal_ravdess_d18_f2_wavlm_base_plus_A,ravdess,18,2,wavlm_base_plus,15,seen_uar,13,UAR_percent,percentage_points,31.25,31.25,0.0,False
ads2_formal_ravdess_d18_f2_wavlm_base_plus_A,ravdess,18,2,wavlm_base_plus,15,unseen_uar,15,UAR_percent,percentage_points,31.25,31.25,0.0,False
ads2_formal_ravdess_d18_f2_wavlm_base_plus_A,ravdess,18,2,wavlm_base_plus,45,last,45,UAR_percent,percentage_points,53.125,53.125,0.0,False
ads2_formal_ravdess_d18_f2_wavlm_base_plus_A,ravdess,18,2,wavlm_base_plus,45,seen_ce,24,UAR_percent,percentage_points,50.0,53.125,3.125,False
ads2_formal_ravdess_d18_f2_wavlm_base_plus_A,ravdess,18,2,wavlm_base_plus,45,unseen_ce,20,UAR_percent,percentage_points,43.75,53.125,9.375,False
ads2_formal_ravdess_d18_f2_wavlm_base_plus_A,ravdess,18,2,wavlm_base_plus,45,seen_uar,40,UAR_percent,percentage_points,53.125,53.125,0.0,False
ads2_formal_ravdess_d18_f2_wavlm_base_plus_A,ravdess,18,2,wavlm_base_plus,45,unseen_uar,32,UAR_percent,percentage_points,53.125,53.125,0.0,False
ads2_formal_ravdess_d18_f2_hubert_base_A,ravdess,18,2,hubert_base,15,last,15,UAR_percent,percentage_points,65.625,68.75,3.125,False
ads2_formal_ravdess_d18_f2_hubert_base_A,ravdess,18,2,hubert_base,15,seen_ce,11,UAR_percent,percentage_points,50.0,68.75,18.75,False
ads2_formal_ravdess_d18_f2_hubert_base_A,ravdess,18,2,hubert_base,15,unseen_ce,11,UAR_percent,percentage_points,50.0,68.75,18.75,False
ads2_formal_ravdess_d18_f2_hubert_base_A,ravdess,18,2,hubert_base,15,seen_uar,11,UAR_percent,percentage_points,50.0,68.75,18.75,False
ads2_formal_ravdess_d18_f2_hubert_base_A,ravdess,18,2,hubert_base,15,unseen_uar,13,UAR_percent,percentage_points,68.75,68.75,0.0,False
ads2_formal_ravdess_d18_f3_wavlm_base_plus_A,ravdess,18,3,wavlm_base_plus,15,last,15,UAR_percent,percentage_points,15.625,31.25,15.625,False
ads2_formal_ravdess_d18_f3_wavlm_base_plus_A,ravdess,18,3,wavlm_base_plus,15,seen_ce,15,UAR_percent,percentage_points,15.625,31.25,15.625,False
ads2_formal_ravdess_d18_f3_wavlm_base_plus_A,ravdess,18,3,wavlm_base_plus,15,unseen_ce,15,UAR_percent,percentage_points,15.625,31.25,15.625,False
ads2_formal_ravdess_d18_f3_wavlm_base_plus_A,ravdess,18,3,wavlm_base_plus,15,seen_uar,15,UAR_percent,percentage_points,15.625,31.25,15.625,False
ads2_formal_ravdess_d18_f3_wavlm_base_plus_A,ravdess,18,3,wavlm_base_plus,15,unseen_uar,15,UAR_percent,percentage_points,15.625,31.25,15.625,False
ads2_formal_ravdess_d18_f3_wavlm_base_plus_A,ravdess,18,3,wavlm_base_plus,45,last,45,UAR_percent,percentage_points,37.5,37.5,0.0,False
ads2_formal_ravdess_d18_f3_wavlm_base_plus_A,ravdess,18,3,wavlm_base_plus,45,seen_ce,18,UAR_percent,percentage_points,21.875,37.5,15.625,False
ads2_formal_ravdess_d18_f3_wavlm_base_plus_A,ravdess,18,3,wavlm_base_plus,45,unseen_ce,18,UAR_percent,percentage_points,21.875,37.5,15.625,False
ads2_formal_ravdess_d18_f3_wavlm_base_plus_A,ravdess,18,3,wavlm_base_plus,45,seen_uar,36,UAR_percent,percentage_points,34.375,37.5,3.125,False
ads2_formal_ravdess_d18_f3_wavlm_base_plus_A,ravdess,18,3,wavlm_base_plus,45,unseen_uar,36,UAR_percent,percentage_points,34.375,37.5,3.125,False
ads2_formal_ravdess_d18_f3_hubert_base_A,ravdess,18,3,hubert_base,15,last,15,UAR_percent,percentage_points,25.0,31.25,6.25,False
ads2_formal_ravdess_d18_f3_hubert_base_A,ravdess,18,3,hubert_base,15,seen_ce,14,UAR_percent,percentage_points,25.0,31.25,6.25,False
ads2_formal_ravdess_d18_f3_hubert_base_A,ravdess,18,3,hubert_base,15,unseen_ce,14,UAR_percent,percentage_points,25.0,31.25,6.25,False
ads2_formal_ravdess_d18_f3_hubert_base_A,ravdess,18,3,hubert_base,15,seen_uar,14,UAR_percent,percentage_points,25.0,31.25,6.25,False
ads2_formal_ravdess_d18_f3_hubert_base_A,ravdess,18,3,hubert_base,15,unseen_uar,14,UAR_percent,percentage_points,25.0,31.25,6.25,False
ads2_formal_ravdess_d18_f4_wavlm_base_plus_A,ravdess,18,4,wavlm_base_plus,15,last,15,UAR_percent,percentage_points,50.0,50.0,0.0,False
ads2_formal_ravdess_d18_f4_wavlm_base_plus_A,ravdess,18,4,wavlm_base_plus,15,seen_ce,15,UAR_percent,percentage_points,50.0,50.0,0.0,False
ads2_formal_ravdess_d18_f4_wavlm_base_plus_A,ravdess,18,4,wavlm_base_plus,15,unseen_ce,15,UAR_percent,percentage_points,50.0,50.0,0.0,False
ads2_formal_ravdess_d18_f4_wavlm_base_plus_A,ravdess,18,4,wavlm_base_plus,15,seen_uar,10,UAR_percent,percentage_points,37.5,50.0,12.5,False
ads2_formal_ravdess_d18_f4_wavlm_base_plus_A,ravdess,18,4,wavlm_base_plus,15,unseen_uar,15,UAR_percent,percentage_points,50.0,50.0,0.0,False
ads2_formal_ravdess_d18_f4_wavlm_base_plus_A,ravdess,18,4,wavlm_base_plus,45,last,45,UAR_percent,percentage_points,59.375,59.375,0.0,False
ads2_formal_ravdess_d18_f4_wavlm_base_plus_A,ravdess,18,4,wavlm_base_plus,45,seen_ce,28,UAR_percent,percentage_points,53.125,59.375,6.25,False
ads2_formal_ravdess_d18_f4_wavlm_base_plus_A,ravdess,18,4,wavlm_base_plus,45,unseen_ce,22,UAR_percent,percentage_points,46.875,59.375,12.5,False
ads2_formal_ravdess_d18_f4_wavlm_base_plus_A,ravdess,18,4,wavlm_base_plus,45,seen_uar,42,UAR_percent,percentage_points,59.375,59.375,0.0,False
ads2_formal_ravdess_d18_f4_wavlm_base_plus_A,ravdess,18,4,wavlm_base_plus,45,unseen_uar,33,UAR_percent,percentage_points,56.25,59.375,3.125,False
ads2_formal_ravdess_d18_f4_hubert_base_A,ravdess,18,4,hubert_base,15,last,15,UAR_percent,percentage_points,50.0,53.125,3.125,False
ads2_formal_ravdess_d18_f4_hubert_base_A,ravdess,18,4,hubert_base,15,seen_ce,15,UAR_percent,percentage_points,50.0,53.125,3.125,False
ads2_formal_ravdess_d18_f4_hubert_base_A,ravdess,18,4,hubert_base,15,unseen_ce,15,UAR_percent,percentage_points,50.0,53.125,3.125,False
ads2_formal_ravdess_d18_f4_hubert_base_A,ravdess,18,4,hubert_base,15,seen_uar,14,UAR_percent,percentage_points,43.75,53.125,9.375,False
ads2_formal_ravdess_d18_f4_hubert_base_A,ravdess,18,4,hubert_base,15,unseen_uar,15,UAR_percent,percentage_points,50.0,53.125,3.125,False
ads2_formal_ravdess_d19_f0_wavlm_base_plus_A,ravdess,19,0,wavlm_base_plus,15,last,15,UAR_percent,percentage_points,27.083333333333332,33.333333333333336,6.25,False
ads2_formal_ravdess_d19_f0_wavlm_base_plus_A,ravdess,19,0,wavlm_base_plus,15,seen_ce,13,UAR_percent,percentage_points,33.333333333333336,33.333333333333336,0.0,False
ads2_formal_ravdess_d19_f0_wavlm_base_plus_A,ravdess,19,0,wavlm_base_plus,15,unseen_ce,13,UAR_percent,percentage_points,33.333333333333336,33.333333333333336,0.0,False
ads2_formal_ravdess_d19_f0_wavlm_base_plus_A,ravdess,19,0,wavlm_base_plus,15,seen_uar,15,UAR_percent,percentage_points,27.083333333333332,33.333333333333336,6.25,False
ads2_formal_ravdess_d19_f0_wavlm_base_plus_A,ravdess,19,0,wavlm_base_plus,15,unseen_uar,15,UAR_percent,percentage_points,27.083333333333332,33.333333333333336,6.25,False
ads2_formal_ravdess_d19_f0_wavlm_base_plus_A,ravdess,19,0,wavlm_base_plus,45,last,45,UAR_percent,percentage_points,52.083333333333336,52.083333333333336,0.0,False
ads2_formal_ravdess_d19_f0_wavlm_base_plus_A,ravdess,19,0,wavlm_base_plus,45,seen_ce,22,UAR_percent,percentage_points,45.833333333333336,52.083333333333336,6.25,False
ads2_formal_ravdess_d19_f0_wavlm_base_plus_A,ravdess,19,0,wavlm_base_plus,45,unseen_ce,13,UAR_percent,percentage_points,33.333333333333336,52.083333333333336,18.75,False
ads2_formal_ravdess_d19_f0_wavlm_base_plus_A,ravdess,19,0,wavlm_base_plus,45,seen_uar,34,UAR_percent,percentage_points,45.833333333333336,52.083333333333336,6.25,False
ads2_formal_ravdess_d19_f0_wavlm_base_plus_A,ravdess,19,0,wavlm_base_plus,45,unseen_uar,43,UAR_percent,percentage_points,50.0,52.083333333333336,2.0833333333333335,False
ads2_formal_ravdess_d19_f0_hubert_base_A,ravdess,19,0,hubert_base,15,last,15,UAR_percent,percentage_points,31.25,37.5,6.25,False
ads2_formal_ravdess_d19_f0_hubert_base_A,ravdess,19,0,hubert_base,15,seen_ce,15,UAR_percent,percentage_points,31.25,37.5,6.25,False
ads2_formal_ravdess_d19_f0_hubert_base_A,ravdess,19,0,hubert_base,15,unseen_ce,2,UAR_percent,percentage_points,18.75,37.5,18.75,False
ads2_formal_ravdess_d19_f0_hubert_base_A,ravdess,19,0,hubert_base,15,seen_uar,12,UAR_percent,percentage_points,35.416666666666664,37.5,2.0833333333333335,False
ads2_formal_ravdess_d19_f0_hubert_base_A,ravdess,19,0,hubert_base,15,unseen_uar,13,UAR_percent,percentage_points,37.5,37.5,0.0,False
ads2_formal_ravdess_d19_f1_wavlm_base_plus_A,ravdess,19,1,wavlm_base_plus,15,last,15,UAR_percent,percentage_points,20.833333333333332,37.5,16.666666666666668,False
ads2_formal_ravdess_d19_f1_wavlm_base_plus_A,ravdess,19,1,wavlm_base_plus,15,seen_ce,13,UAR_percent,percentage_points,37.5,37.5,0.0,False
ads2_formal_ravdess_d19_f1_wavlm_base_plus_A,ravdess,19,1,wavlm_base_plus,15,unseen_ce,13,UAR_percent,percentage_points,37.5,37.5,0.0,False
ads2_formal_ravdess_d19_f1_wavlm_base_plus_A,ravdess,19,1,wavlm_base_plus,15,seen_uar,13,UAR_percent,percentage_points,37.5,37.5,0.0,False
ads2_formal_ravdess_d19_f1_wavlm_base_plus_A,ravdess,19,1,wavlm_base_plus,15,unseen_uar,13,UAR_percent,percentage_points,37.5,37.5,0.0,False
ads2_formal_ravdess_d19_f1_wavlm_base_plus_A,ravdess,19,1,wavlm_base_plus,45,last,45,UAR_percent,percentage_points,41.666666666666664,45.833333333333336,4.166666666666667,False
ads2_formal_ravdess_d19_f1_wavlm_base_plus_A,ravdess,19,1,wavlm_base_plus,45,seen_ce,17,UAR_percent,percentage_points,31.25,45.833333333333336,14.583333333333334,False
ads2_formal_ravdess_d19_f1_wavlm_base_plus_A,ravdess,19,1,wavlm_base_plus,45,unseen_ce,20,UAR_percent,percentage_points,43.75,45.833333333333336,2.0833333333333335,False
ads2_formal_ravdess_d19_f1_wavlm_base_plus_A,ravdess,19,1,wavlm_base_plus,45,seen_uar,20,UAR_percent,percentage_points,43.75,45.833333333333336,2.0833333333333335,False
ads2_formal_ravdess_d19_f1_wavlm_base_plus_A,ravdess,19,1,wavlm_base_plus,45,unseen_uar,17,UAR_percent,percentage_points,31.25,45.833333333333336,14.583333333333334,False
ads2_formal_ravdess_d19_f1_hubert_base_A,ravdess,19,1,hubert_base,15,last,15,UAR_percent,percentage_points,39.583333333333336,47.916666666666664,8.333333333333334,False
ads2_formal_ravdess_d19_f1_hubert_base_A,ravdess,19,1,hubert_base,15,seen_ce,14,UAR_percent,percentage_points,45.833333333333336,47.916666666666664,2.0833333333333335,False
ads2_formal_ravdess_d19_f1_hubert_base_A,ravdess,19,1,hubert_base,15,unseen_ce,14,UAR_percent,percentage_points,45.833333333333336,47.916666666666664,2.0833333333333335,False
ads2_formal_ravdess_d19_f1_hubert_base_A,ravdess,19,1,hubert_base,15,seen_uar,15,UAR_percent,percentage_points,39.583333333333336,47.916666666666664,8.333333333333334,False
ads2_formal_ravdess_d19_f1_hubert_base_A,ravdess,19,1,hubert_base,15,unseen_uar,13,UAR_percent,percentage_points,45.833333333333336,47.916666666666664,2.0833333333333335,False
ads2_formal_ravdess_d19_f2_wavlm_base_plus_A,ravdess,19,2,wavlm_base_plus,15,last,15,UAR_percent,percentage_points,34.375,34.375,0.0,False
ads2_formal_ravdess_d19_f2_wavlm_base_plus_A,ravdess,19,2,wavlm_base_plus,15,seen_ce,14,UAR_percent,percentage_points,31.25,34.375,3.125,False
ads2_formal_ravdess_d19_f2_wavlm_base_plus_A,ravdess,19,2,wavlm_base_plus,15,unseen_ce,15,UAR_percent,percentage_points,34.375,34.375,0.0,False
ads2_formal_ravdess_d19_f2_wavlm_base_plus_A,ravdess,19,2,wavlm_base_plus,15,seen_uar,14,UAR_percent,percentage_points,31.25,34.375,3.125,False
ads2_formal_ravdess_d19_f2_wavlm_base_plus_A,ravdess,19,2,wavlm_base_plus,15,unseen_uar,15,UAR_percent,percentage_points,34.375,34.375,0.0,False
ads2_formal_ravdess_d19_f2_wavlm_base_plus_A,ravdess,19,2,wavlm_base_plus,45,last,45,UAR_percent,percentage_points,43.75,50.0,6.25,False
ads2_formal_ravdess_d19_f2_wavlm_base_plus_A,ravdess,19,2,wavlm_base_plus,45,seen_ce,27,UAR_percent,percentage_points,37.5,50.0,12.5,False
ads2_formal_ravdess_d19_f2_wavlm_base_plus_A,ravdess,19,2,wavlm_base_plus,45,unseen_ce,19,UAR_percent,percentage_points,31.25,50.0,18.75,False
ads2_formal_ravdess_d19_f2_wavlm_base_plus_A,ravdess,19,2,wavlm_base_plus,45,seen_uar,42,UAR_percent,percentage_points,37.5,50.0,12.5,False
ads2_formal_ravdess_d19_f2_wavlm_base_plus_A,ravdess,19,2,wavlm_base_plus,45,unseen_uar,38,UAR_percent,percentage_points,50.0,50.0,0.0,False
ads2_formal_ravdess_d19_f2_hubert_base_A,ravdess,19,2,hubert_base,15,last,15,UAR_percent,percentage_points,40.625,43.75,3.125,False
ads2_formal_ravdess_d19_f2_hubert_base_A,ravdess,19,2,hubert_base,15,seen_ce,11,UAR_percent,percentage_points,43.75,43.75,0.0,False
ads2_formal_ravdess_d19_f2_hubert_base_A,ravdess,19,2,hubert_base,15,unseen_ce,11,UAR_percent,percentage_points,43.75,43.75,0.0,False
ads2_formal_ravdess_d19_f2_hubert_base_A,ravdess,19,2,hubert_base,15,seen_uar,15,UAR_percent,percentage_points,40.625,43.75,3.125,False
ads2_formal_ravdess_d19_f2_hubert_base_A,ravdess,19,2,hubert_base,15,unseen_uar,15,UAR_percent,percentage_points,40.625,43.75,3.125,False
ads2_formal_ravdess_d19_f3_wavlm_base_plus_A,ravdess,19,3,wavlm_base_plus,15,last,15,UAR_percent,percentage_points,43.75,43.75,0.0,False
ads2_formal_ravdess_d19_f3_wavlm_base_plus_A,ravdess,19,3,wavlm_base_plus,15,seen_ce,15,UAR_percent,percentage_points,43.75,43.75,0.0,False
ads2_formal_ravdess_d19_f3_wavlm_base_plus_A,ravdess,19,3,wavlm_base_plus,15,unseen_ce,15,UAR_percent,percentage_points,43.75,43.75,0.0,False
ads2_formal_ravdess_d19_f3_wavlm_base_plus_A,ravdess,19,3,wavlm_base_plus,15,seen_uar,15,UAR_percent,percentage_points,43.75,43.75,0.0,False
ads2_formal_ravdess_d19_f3_wavlm_base_plus_A,ravdess,19,3,wavlm_base_plus,15,unseen_uar,13,UAR_percent,percentage_points,37.5,43.75,6.25,False
ads2_formal_ravdess_d19_f3_wavlm_base_plus_A,ravdess,19,3,wavlm_base_plus,45,last,45,UAR_percent,percentage_points,43.75,56.25,12.5,False
ads2_formal_ravdess_d19_f3_wavlm_base_plus_A,ravdess,19,3,wavlm_base_plus,45,seen_ce,31,UAR_percent,percentage_points,56.25,56.25,0.0,False
ads2_formal_ravdess_d19_f3_wavlm_base_plus_A,ravdess,19,3,wavlm_base_plus,45,unseen_ce,27,UAR_percent,percentage_points,43.75,56.25,12.5,False
ads2_formal_ravdess_d19_f3_wavlm_base_plus_A,ravdess,19,3,wavlm_base_plus,45,seen_uar,33,UAR_percent,percentage_points,50.0,56.25,6.25,False
ads2_formal_ravdess_d19_f3_wavlm_base_plus_A,ravdess,19,3,wavlm_base_plus,45,unseen_uar,42,UAR_percent,percentage_points,50.0,56.25,6.25,False
ads2_formal_ravdess_d19_f3_hubert_base_A,ravdess,19,3,hubert_base,15,last,15,UAR_percent,percentage_points,53.125,56.25,3.125,False
ads2_formal_ravdess_d19_f3_hubert_base_A,ravdess,19,3,hubert_base,15,seen_ce,14,UAR_percent,percentage_points,56.25,56.25,0.0,False
ads2_formal_ravdess_d19_f3_hubert_base_A,ravdess,19,3,hubert_base,15,unseen_ce,10,UAR_percent,percentage_points,46.875,56.25,9.375,False
ads2_formal_ravdess_d19_f3_hubert_base_A,ravdess,19,3,hubert_base,15,seen_uar,14,UAR_percent,percentage_points,56.25,56.25,0.0,False
ads2_formal_ravdess_d19_f3_hubert_base_A,ravdess,19,3,hubert_base,15,unseen_uar,10,UAR_percent,percentage_points,46.875,56.25,9.375,False
ads2_formal_ravdess_d19_f4_wavlm_base_plus_A,ravdess,19,4,wavlm_base_plus,15,last,15,UAR_percent,percentage_points,31.25,31.25,0.0,False
ads2_formal_ravdess_d19_f4_wavlm_base_plus_A,ravdess,19,4,wavlm_base_plus,15,seen_ce,15,UAR_percent,percentage_points,31.25,31.25,0.0,False
ads2_formal_ravdess_d19_f4_wavlm_base_plus_A,ravdess,19,4,wavlm_base_plus,15,unseen_ce,15,UAR_percent,percentage_points,31.25,31.25,0.0,False
ads2_formal_ravdess_d19_f4_wavlm_base_plus_A,ravdess,19,4,wavlm_base_plus,15,seen_uar,15,UAR_percent,percentage_points,31.25,31.25,0.0,False
ads2_formal_ravdess_d19_f4_wavlm_base_plus_A,ravdess,19,4,wavlm_base_plus,15,unseen_uar,14,UAR_percent,percentage_points,18.75,31.25,12.5,False
ads2_formal_ravdess_d19_f4_wavlm_base_plus_A,ravdess,19,4,wavlm_base_plus,45,last,45,UAR_percent,percentage_points,43.75,43.75,0.0,False
ads2_formal_ravdess_d19_f4_wavlm_base_plus_A,ravdess,19,4,wavlm_base_plus,45,seen_ce,21,UAR_percent,percentage_points,40.625,43.75,3.125,False
ads2_formal_ravdess_d19_f4_wavlm_base_plus_A,ravdess,19,4,wavlm_base_plus,45,unseen_ce,15,UAR_percent,percentage_points,31.25,43.75,12.5,False
ads2_formal_ravdess_d19_f4_wavlm_base_plus_A,ravdess,19,4,wavlm_base_plus,45,seen_uar,40,UAR_percent,percentage_points,43.75,43.75,0.0,False
ads2_formal_ravdess_d19_f4_wavlm_base_plus_A,ravdess,19,4,wavlm_base_plus,45,unseen_uar,22,UAR_percent,percentage_points,37.5,43.75,6.25,False
ads2_formal_ravdess_d19_f4_hubert_base_A,ravdess,19,4,hubert_base,15,last,15,UAR_percent,percentage_points,34.375,37.5,3.125,False
ads2_formal_ravdess_d19_f4_hubert_base_A,ravdess,19,4,hubert_base,15,seen_ce,14,UAR_percent,percentage_points,31.25,37.5,6.25,False
ads2_formal_ravdess_d19_f4_hubert_base_A,ravdess,19,4,hubert_base,15,unseen_ce,12,UAR_percent,percentage_points,28.125,37.5,9.375,False
ads2_formal_ravdess_d19_f4_hubert_base_A,ravdess,19,4,hubert_base,15,seen_uar,14,UAR_percent,percentage_points,31.25,37.5,6.25,False
ads2_formal_ravdess_d19_f4_hubert_base_A,ravdess,19,4,hubert_base,15,unseen_uar,12,UAR_percent,percentage_points,28.125,37.5,9.375,False
ads2_formal_ravdess_d20_f0_wavlm_base_plus_A,ravdess,20,0,wavlm_base_plus,15,last,15,UAR_percent,percentage_points,25.0,47.916666666666664,22.916666666666668,False
ads2_formal_ravdess_d20_f0_wavlm_base_plus_A,ravdess,20,0,wavlm_base_plus,15,seen_ce,13,UAR_percent,percentage_points,37.5,47.916666666666664,10.416666666666666,False
ads2_formal_ravdess_d20_f0_wavlm_base_plus_A,ravdess,20,0,wavlm_base_plus,15,unseen_ce,12,UAR_percent,percentage_points,39.583333333333336,47.916666666666664,8.333333333333334,False
ads2_formal_ravdess_d20_f0_wavlm_base_plus_A,ravdess,20,0,wavlm_base_plus,15,seen_uar,14,UAR_percent,percentage_points,37.5,47.916666666666664,10.416666666666666,False
ads2_formal_ravdess_d20_f0_wavlm_base_plus_A,ravdess,20,0,wavlm_base_plus,15,unseen_uar,12,UAR_percent,percentage_points,39.583333333333336,47.916666666666664,8.333333333333334,False
ads2_formal_ravdess_d20_f0_wavlm_base_plus_A,ravdess,20,0,wavlm_base_plus,45,last,45,UAR_percent,percentage_points,35.416666666666664,47.916666666666664,12.5,False
ads2_formal_ravdess_d20_f0_wavlm_base_plus_A,ravdess,20,0,wavlm_base_plus,45,seen_ce,26,UAR_percent,percentage_points,47.916666666666664,47.916666666666664,0.0,False
ads2_formal_ravdess_d20_f0_wavlm_base_plus_A,ravdess,20,0,wavlm_base_plus,45,unseen_ce,16,UAR_percent,percentage_points,47.916666666666664,47.916666666666664,0.0,False
ads2_formal_ravdess_d20_f0_wavlm_base_plus_A,ravdess,20,0,wavlm_base_plus,45,seen_uar,37,UAR_percent,percentage_points,31.25,47.916666666666664,16.666666666666668,False
ads2_formal_ravdess_d20_f0_wavlm_base_plus_A,ravdess,20,0,wavlm_base_plus,45,unseen_uar,36,UAR_percent,percentage_points,41.666666666666664,47.916666666666664,6.25,False
ads2_formal_ravdess_d20_f0_hubert_base_A,ravdess,20,0,hubert_base,15,last,15,UAR_percent,percentage_points,33.333333333333336,39.583333333333336,6.25,False
ads2_formal_ravdess_d20_f0_hubert_base_A,ravdess,20,0,hubert_base,15,seen_ce,12,UAR_percent,percentage_points,39.583333333333336,39.583333333333336,0.0,False
ads2_formal_ravdess_d20_f0_hubert_base_A,ravdess,20,0,hubert_base,15,unseen_ce,12,UAR_percent,percentage_points,39.583333333333336,39.583333333333336,0.0,False
ads2_formal_ravdess_d20_f0_hubert_base_A,ravdess,20,0,hubert_base,15,seen_uar,14,UAR_percent,percentage_points,33.333333333333336,39.583333333333336,6.25,False
ads2_formal_ravdess_d20_f0_hubert_base_A,ravdess,20,0,hubert_base,15,unseen_uar,12,UAR_percent,percentage_points,39.583333333333336,39.583333333333336,0.0,False
ads2_formal_ravdess_d20_f1_wavlm_base_plus_A,ravdess,20,1,wavlm_base_plus,15,last,15,UAR_percent,percentage_points,43.75,43.75,0.0,False
ads2_formal_ravdess_d20_f1_wavlm_base_plus_A,ravdess,20,1,wavlm_base_plus,15,seen_ce,15,UAR_percent,percentage_points,43.75,43.75,0.0,False
ads2_formal_ravdess_d20_f1_wavlm_base_plus_A,ravdess,20,1,wavlm_base_plus,15,unseen_ce,15,UAR_percent,percentage_points,43.75,43.75,0.0,False
ads2_formal_ravdess_d20_f1_wavlm_base_plus_A,ravdess,20,1,wavlm_base_plus,15,seen_uar,13,UAR_percent,percentage_points,35.416666666666664,43.75,8.333333333333334,False
ads2_formal_ravdess_d20_f1_wavlm_base_plus_A,ravdess,20,1,wavlm_base_plus,15,unseen_uar,14,UAR_percent,percentage_points,37.5,43.75,6.25,False
ads2_formal_ravdess_d20_f1_wavlm_base_plus_A,ravdess,20,1,wavlm_base_plus,45,last,45,UAR_percent,percentage_points,43.75,50.0,6.25,False
ads2_formal_ravdess_d20_f1_wavlm_base_plus_A,ravdess,20,1,wavlm_base_plus,45,seen_ce,24,UAR_percent,percentage_points,47.916666666666664,50.0,2.0833333333333335,False
ads2_formal_ravdess_d20_f1_wavlm_base_plus_A,ravdess,20,1,wavlm_base_plus,45,unseen_ce,18,UAR_percent,percentage_points,47.916666666666664,50.0,2.0833333333333335,False
ads2_formal_ravdess_d20_f1_wavlm_base_plus_A,ravdess,20,1,wavlm_base_plus,45,seen_uar,34,UAR_percent,percentage_points,45.833333333333336,50.0,4.166666666666667,False
ads2_formal_ravdess_d20_f1_wavlm_base_plus_A,ravdess,20,1,wavlm_base_plus,45,unseen_uar,33,UAR_percent,percentage_points,41.666666666666664,50.0,8.333333333333334,False
ads2_formal_ravdess_d20_f1_hubert_base_A,ravdess,20,1,hubert_base,15,last,15,UAR_percent,percentage_points,39.583333333333336,45.833333333333336,6.25,False
ads2_formal_ravdess_d20_f1_hubert_base_A,ravdess,20,1,hubert_base,15,seen_ce,14,UAR_percent,percentage_points,45.833333333333336,45.833333333333336,0.0,False
ads2_formal_ravdess_d20_f1_hubert_base_A,ravdess,20,1,hubert_base,15,unseen_ce,11,UAR_percent,percentage_points,43.75,45.833333333333336,2.0833333333333335,False
ads2_formal_ravdess_d20_f1_hubert_base_A,ravdess,20,1,hubert_base,15,seen_uar,14,UAR_percent,percentage_points,45.833333333333336,45.833333333333336,0.0,False
ads2_formal_ravdess_d20_f1_hubert_base_A,ravdess,20,1,hubert_base,15,unseen_uar,10,UAR_percent,percentage_points,41.666666666666664,45.833333333333336,4.166666666666667,False
ads2_formal_ravdess_d20_f2_wavlm_base_plus_A,ravdess,20,2,wavlm_base_plus,15,last,15,UAR_percent,percentage_points,37.5,37.5,0.0,False
ads2_formal_ravdess_d20_f2_wavlm_base_plus_A,ravdess,20,2,wavlm_base_plus,15,seen_ce,15,UAR_percent,percentage_points,37.5,37.5,0.0,False
ads2_formal_ravdess_d20_f2_wavlm_base_plus_A,ravdess,20,2,wavlm_base_plus,15,unseen_ce,15,UAR_percent,percentage_points,37.5,37.5,0.0,False
ads2_formal_ravdess_d20_f2_wavlm_base_plus_A,ravdess,20,2,wavlm_base_plus,15,seen_uar,15,UAR_percent,percentage_points,37.5,37.5,0.0,False
ads2_formal_ravdess_d20_f2_wavlm_base_plus_A,ravdess,20,2,wavlm_base_plus,15,unseen_uar,15,UAR_percent,percentage_points,37.5,37.5,0.0,False
ads2_formal_ravdess_d20_f2_wavlm_base_plus_A,ravdess,20,2,wavlm_base_plus,45,last,45,UAR_percent,percentage_points,50.0,53.125,3.125,False
ads2_formal_ravdess_d20_f2_wavlm_base_plus_A,ravdess,20,2,wavlm_base_plus,45,seen_ce,33,UAR_percent,percentage_points,50.0,53.125,3.125,False
ads2_formal_ravdess_d20_f2_wavlm_base_plus_A,ravdess,20,2,wavlm_base_plus,45,unseen_ce,21,UAR_percent,percentage_points,50.0,53.125,3.125,False
ads2_formal_ravdess_d20_f2_wavlm_base_plus_A,ravdess,20,2,wavlm_base_plus,45,seen_uar,45,UAR_percent,percentage_points,50.0,53.125,3.125,False
ads2_formal_ravdess_d20_f2_wavlm_base_plus_A,ravdess,20,2,wavlm_base_plus,45,unseen_uar,41,UAR_percent,percentage_points,43.75,53.125,9.375,False
ads2_formal_ravdess_d20_f2_hubert_base_A,ravdess,20,2,hubert_base,15,last,15,UAR_percent,percentage_points,40.625,50.0,9.375,False
ads2_formal_ravdess_d20_f2_hubert_base_A,ravdess,20,2,hubert_base,15,seen_ce,14,UAR_percent,percentage_points,50.0,50.0,0.0,False
ads2_formal_ravdess_d20_f2_hubert_base_A,ravdess,20,2,hubert_base,15,unseen_ce,14,UAR_percent,percentage_points,50.0,50.0,0.0,False
ads2_formal_ravdess_d20_f2_hubert_base_A,ravdess,20,2,hubert_base,15,seen_uar,14,UAR_percent,percentage_points,50.0,50.0,0.0,False
ads2_formal_ravdess_d20_f2_hubert_base_A,ravdess,20,2,hubert_base,15,unseen_uar,14,UAR_percent,percentage_points,50.0,50.0,0.0,False
ads2_formal_ravdess_d20_f3_wavlm_base_plus_A,ravdess,20,3,wavlm_base_plus,15,last,15,UAR_percent,percentage_points,34.375,40.625,6.25,False
ads2_formal_ravdess_d20_f3_wavlm_base_plus_A,ravdess,20,3,wavlm_base_plus,15,seen_ce,14,UAR_percent,percentage_points,40.625,40.625,0.0,False
ads2_formal_ravdess_d20_f3_wavlm_base_plus_A,ravdess,20,3,wavlm_base_plus,15,unseen_ce,15,UAR_percent,percentage_points,34.375,40.625,6.25,False
ads2_formal_ravdess_d20_f3_wavlm_base_plus_A,ravdess,20,3,wavlm_base_plus,15,seen_uar,13,UAR_percent,percentage_points,40.625,40.625,0.0,False
ads2_formal_ravdess_d20_f3_wavlm_base_plus_A,ravdess,20,3,wavlm_base_plus,15,unseen_uar,14,UAR_percent,percentage_points,40.625,40.625,0.0,False
ads2_formal_ravdess_d20_f3_wavlm_base_plus_A,ravdess,20,3,wavlm_base_plus,45,last,45,UAR_percent,percentage_points,37.5,46.875,9.375,False
ads2_formal_ravdess_d20_f3_wavlm_base_plus_A,ravdess,20,3,wavlm_base_plus,45,seen_ce,27,UAR_percent,percentage_points,37.5,46.875,9.375,False
ads2_formal_ravdess_d20_f3_wavlm_base_plus_A,ravdess,20,3,wavlm_base_plus,45,unseen_ce,21,UAR_percent,percentage_points,37.5,46.875,9.375,False
ads2_formal_ravdess_d20_f3_wavlm_base_plus_A,ravdess,20,3,wavlm_base_plus,45,seen_uar,32,UAR_percent,percentage_points,37.5,46.875,9.375,False
ads2_formal_ravdess_d20_f3_wavlm_base_plus_A,ravdess,20,3,wavlm_base_plus,45,unseen_uar,32,UAR_percent,percentage_points,37.5,46.875,9.375,False
ads2_formal_ravdess_d20_f3_hubert_base_A,ravdess,20,3,hubert_base,15,last,15,UAR_percent,percentage_points,43.75,46.875,3.125,False
ads2_formal_ravdess_d20_f3_hubert_base_A,ravdess,20,3,hubert_base,15,seen_ce,13,UAR_percent,percentage_points,43.75,46.875,3.125,False
ads2_formal_ravdess_d20_f3_hubert_base_A,ravdess,20,3,hubert_base,15,unseen_ce,13,UAR_percent,percentage_points,43.75,46.875,3.125,False
ads2_formal_ravdess_d20_f3_hubert_base_A,ravdess,20,3,hubert_base,15,seen_uar,13,UAR_percent,percentage_points,43.75,46.875,3.125,False
ads2_formal_ravdess_d20_f3_hubert_base_A,ravdess,20,3,hubert_base,15,unseen_uar,15,UAR_percent,percentage_points,43.75,46.875,3.125,False
ads2_formal_ravdess_d20_f4_wavlm_base_plus_A,ravdess,20,4,wavlm_base_plus,15,last,15,UAR_percent,percentage_points,34.375,34.375,0.0,False
ads2_formal_ravdess_d20_f4_wavlm_base_plus_A,ravdess,20,4,wavlm_base_plus,15,seen_ce,15,UAR_percent,percentage_points,34.375,34.375,0.0,False
ads2_formal_ravdess_d20_f4_wavlm_base_plus_A,ravdess,20,4,wavlm_base_plus,15,unseen_ce,15,UAR_percent,percentage_points,34.375,34.375,0.0,False
ads2_formal_ravdess_d20_f4_wavlm_base_plus_A,ravdess,20,4,wavlm_base_plus,15,seen_uar,15,UAR_percent,percentage_points,34.375,34.375,0.0,False
ads2_formal_ravdess_d20_f4_wavlm_base_plus_A,ravdess,20,4,wavlm_base_plus,15,unseen_uar,15,UAR_percent,percentage_points,34.375,34.375,0.0,False
ads2_formal_ravdess_d20_f4_wavlm_base_plus_A,ravdess,20,4,wavlm_base_plus,45,last,45,UAR_percent,percentage_points,50.0,53.125,3.125,False
ads2_formal_ravdess_d20_f4_wavlm_base_plus_A,ravdess,20,4,wavlm_base_plus,45,seen_ce,24,UAR_percent,percentage_points,46.875,53.125,6.25,False
ads2_formal_ravdess_d20_f4_wavlm_base_plus_A,ravdess,20,4,wavlm_base_plus,45,unseen_ce,17,UAR_percent,percentage_points,40.625,53.125,12.5,False
ads2_formal_ravdess_d20_f4_wavlm_base_plus_A,ravdess,20,4,wavlm_base_plus,45,seen_uar,35,UAR_percent,percentage_points,43.75,53.125,9.375,False
ads2_formal_ravdess_d20_f4_wavlm_base_plus_A,ravdess,20,4,wavlm_base_plus,45,unseen_uar,30,UAR_percent,percentage_points,50.0,53.125,3.125,False
ads2_formal_ravdess_d20_f4_hubert_base_A,ravdess,20,4,hubert_base,15,last,15,UAR_percent,percentage_points,53.125,53.125,0.0,False
ads2_formal_ravdess_d20_f4_hubert_base_A,ravdess,20,4,hubert_base,15,seen_ce,14,UAR_percent,percentage_points,53.125,53.125,0.0,False
ads2_formal_ravdess_d20_f4_hubert_base_A,ravdess,20,4,hubert_base,15,unseen_ce,12,UAR_percent,percentage_points,46.875,53.125,6.25,False
ads2_formal_ravdess_d20_f4_hubert_base_A,ravdess,20,4,hubert_base,15,seen_uar,14,UAR_percent,percentage_points,53.125,53.125,0.0,False
ads2_formal_ravdess_d20_f4_hubert_base_A,ravdess,20,4,hubert_base,15,unseen_uar,13,UAR_percent,percentage_points,50.0,53.125,3.125,False
ads2_formal_ravdess_d21_f0_wavlm_base_plus_A,ravdess,21,0,wavlm_base_plus,15,last,15,UAR_percent,percentage_points,33.333333333333336,33.333333333333336,0.0,False
ads2_formal_ravdess_d21_f0_wavlm_base_plus_A,ravdess,21,0,wavlm_base_plus,15,seen_ce,15,UAR_percent,percentage_points,33.333333333333336,33.333333333333336,0.0,False
ads2_formal_ravdess_d21_f0_wavlm_base_plus_A,ravdess,21,0,wavlm_base_plus,15,unseen_ce,15,UAR_percent,percentage_points,33.333333333333336,33.333333333333336,0.0,False
ads2_formal_ravdess_d21_f0_wavlm_base_plus_A,ravdess,21,0,wavlm_base_plus,15,seen_uar,15,UAR_percent,percentage_points,33.333333333333336,33.333333333333336,0.0,False
ads2_formal_ravdess_d21_f0_wavlm_base_plus_A,ravdess,21,0,wavlm_base_plus,15,unseen_uar,11,UAR_percent,percentage_points,31.25,33.333333333333336,2.0833333333333335,False
ads2_formal_ravdess_d21_f0_wavlm_base_plus_A,ravdess,21,0,wavlm_base_plus,45,last,45,UAR_percent,percentage_points,54.166666666666664,58.333333333333336,4.166666666666667,False
ads2_formal_ravdess_d21_f0_wavlm_base_plus_A,ravdess,21,0,wavlm_base_plus,45,seen_ce,39,UAR_percent,percentage_points,47.916666666666664,58.333333333333336,10.416666666666666,False
ads2_formal_ravdess_d21_f0_wavlm_base_plus_A,ravdess,21,0,wavlm_base_plus,45,unseen_ce,17,UAR_percent,percentage_points,50.0,58.333333333333336,8.333333333333334,False
ads2_formal_ravdess_d21_f0_wavlm_base_plus_A,ravdess,21,0,wavlm_base_plus,45,seen_uar,30,UAR_percent,percentage_points,50.0,58.333333333333336,8.333333333333334,False
ads2_formal_ravdess_d21_f0_wavlm_base_plus_A,ravdess,21,0,wavlm_base_plus,45,unseen_uar,38,UAR_percent,percentage_points,52.083333333333336,58.333333333333336,6.25,False
ads2_formal_ravdess_d21_f0_hubert_base_A,ravdess,21,0,hubert_base,15,last,15,UAR_percent,percentage_points,52.083333333333336,52.083333333333336,0.0,False
ads2_formal_ravdess_d21_f0_hubert_base_A,ravdess,21,0,hubert_base,15,seen_ce,13,UAR_percent,percentage_points,45.833333333333336,52.083333333333336,6.25,False
ads2_formal_ravdess_d21_f0_hubert_base_A,ravdess,21,0,hubert_base,15,unseen_ce,15,UAR_percent,percentage_points,52.083333333333336,52.083333333333336,0.0,False
ads2_formal_ravdess_d21_f0_hubert_base_A,ravdess,21,0,hubert_base,15,seen_uar,14,UAR_percent,percentage_points,50.0,52.083333333333336,2.0833333333333335,False
ads2_formal_ravdess_d21_f0_hubert_base_A,ravdess,21,0,hubert_base,15,unseen_uar,13,UAR_percent,percentage_points,45.833333333333336,52.083333333333336,6.25,False
ads2_formal_ravdess_d21_f1_wavlm_base_plus_A,ravdess,21,1,wavlm_base_plus,15,last,15,UAR_percent,percentage_points,37.5,37.5,0.0,False
ads2_formal_ravdess_d21_f1_wavlm_base_plus_A,ravdess,21,1,wavlm_base_plus,15,seen_ce,15,UAR_percent,percentage_points,37.5,37.5,0.0,False
ads2_formal_ravdess_d21_f1_wavlm_base_plus_A,ravdess,21,1,wavlm_base_plus,15,unseen_ce,15,UAR_percent,percentage_points,37.5,37.5,0.0,False
ads2_formal_ravdess_d21_f1_wavlm_base_plus_A,ravdess,21,1,wavlm_base_plus,15,seen_uar,15,UAR_percent,percentage_points,37.5,37.5,0.0,False
ads2_formal_ravdess_d21_f1_wavlm_base_plus_A,ravdess,21,1,wavlm_base_plus,15,unseen_uar,14,UAR_percent,percentage_points,35.416666666666664,37.5,2.0833333333333335,False
ads2_formal_ravdess_d21_f1_wavlm_base_plus_A,ravdess,21,1,wavlm_base_plus,45,last,45,UAR_percent,percentage_points,50.0,50.0,0.0,False
ads2_formal_ravdess_d21_f1_wavlm_base_plus_A,ravdess,21,1,wavlm_base_plus,45,seen_ce,35,UAR_percent,percentage_points,41.666666666666664,50.0,8.333333333333334,False
ads2_formal_ravdess_d21_f1_wavlm_base_plus_A,ravdess,21,1,wavlm_base_plus,45,unseen_ce,17,UAR_percent,percentage_points,45.833333333333336,50.0,4.166666666666667,False
ads2_formal_ravdess_d21_f1_wavlm_base_plus_A,ravdess,21,1,wavlm_base_plus,45,seen_uar,35,UAR_percent,percentage_points,41.666666666666664,50.0,8.333333333333334,False
ads2_formal_ravdess_d21_f1_wavlm_base_plus_A,ravdess,21,1,wavlm_base_plus,45,unseen_uar,37,UAR_percent,percentage_points,37.5,50.0,12.5,False
ads2_formal_ravdess_d21_f1_hubert_base_A,ravdess,21,1,hubert_base,15,last,15,UAR_percent,percentage_points,41.666666666666664,45.833333333333336,4.166666666666667,False
ads2_formal_ravdess_d21_f1_hubert_base_A,ravdess,21,1,hubert_base,15,seen_ce,14,UAR_percent,percentage_points,43.75,45.833333333333336,2.0833333333333335,False
ads2_formal_ravdess_d21_f1_hubert_base_A,ravdess,21,1,hubert_base,15,unseen_ce,14,UAR_percent,percentage_points,43.75,45.833333333333336,2.0833333333333335,False
ads2_formal_ravdess_d21_f1_hubert_base_A,ravdess,21,1,hubert_base,15,seen_uar,14,UAR_percent,percentage_points,43.75,45.833333333333336,2.0833333333333335,False
ads2_formal_ravdess_d21_f1_hubert_base_A,ravdess,21,1,hubert_base,15,unseen_uar,14,UAR_percent,percentage_points,43.75,45.833333333333336,2.0833333333333335,False
ads2_formal_ravdess_d21_f2_wavlm_base_plus_A,ravdess,21,2,wavlm_base_plus,15,last,15,UAR_percent,percentage_points,37.5,37.5,0.0,False
ads2_formal_ravdess_d21_f2_wavlm_base_plus_A,ravdess,21,2,wavlm_base_plus,15,seen_ce,15,UAR_percent,percentage_points,37.5,37.5,0.0,False
ads2_formal_ravdess_d21_f2_wavlm_base_plus_A,ravdess,21,2,wavlm_base_plus,15,unseen_ce,15,UAR_percent,percentage_points,37.5,37.5,0.0,False
ads2_formal_ravdess_d21_f2_wavlm_base_plus_A,ravdess,21,2,wavlm_base_plus,15,seen_uar,15,UAR_percent,percentage_points,37.5,37.5,0.0,False
ads2_formal_ravdess_d21_f2_wavlm_base_plus_A,ravdess,21,2,wavlm_base_plus,15,unseen_uar,15,UAR_percent,percentage_points,37.5,37.5,0.0,False
ads2_formal_ravdess_d21_f2_wavlm_base_plus_A,ravdess,21,2,wavlm_base_plus,45,last,45,UAR_percent,percentage_points,37.5,53.125,15.625,False
ads2_formal_ravdess_d21_f2_wavlm_base_plus_A,ravdess,21,2,wavlm_base_plus,45,seen_ce,27,UAR_percent,percentage_points,37.5,53.125,15.625,False
ads2_formal_ravdess_d21_f2_wavlm_base_plus_A,ravdess,21,2,wavlm_base_plus,45,unseen_ce,15,UAR_percent,percentage_points,37.5,53.125,15.625,False
ads2_formal_ravdess_d21_f2_wavlm_base_plus_A,ravdess,21,2,wavlm_base_plus,45,seen_uar,39,UAR_percent,percentage_points,46.875,53.125,6.25,False
ads2_formal_ravdess_d21_f2_wavlm_base_plus_A,ravdess,21,2,wavlm_base_plus,45,unseen_uar,31,UAR_percent,percentage_points,43.75,53.125,9.375,False
ads2_formal_ravdess_d21_f2_hubert_base_A,ravdess,21,2,hubert_base,15,last,15,UAR_percent,percentage_points,46.875,46.875,0.0,False
ads2_formal_ravdess_d21_f2_hubert_base_A,ravdess,21,2,hubert_base,15,seen_ce,13,UAR_percent,percentage_points,43.75,46.875,3.125,False
ads2_formal_ravdess_d21_f2_hubert_base_A,ravdess,21,2,hubert_base,15,unseen_ce,12,UAR_percent,percentage_points,34.375,46.875,12.5,False
ads2_formal_ravdess_d21_f2_hubert_base_A,ravdess,21,2,hubert_base,15,seen_uar,15,UAR_percent,percentage_points,46.875,46.875,0.0,False
ads2_formal_ravdess_d21_f2_hubert_base_A,ravdess,21,2,hubert_base,15,unseen_uar,10,UAR_percent,percentage_points,40.625,46.875,6.25,False
ads2_formal_ravdess_d21_f3_wavlm_base_plus_A,ravdess,21,3,wavlm_base_plus,15,last,15,UAR_percent,percentage_points,43.75,43.75,0.0,False
ads2_formal_ravdess_d21_f3_wavlm_base_plus_A,ravdess,21,3,wavlm_base_plus,15,seen_ce,15,UAR_percent,percentage_points,43.75,43.75,0.0,False
ads2_formal_ravdess_d21_f3_wavlm_base_plus_A,ravdess,21,3,wavlm_base_plus,15,unseen_ce,15,UAR_percent,percentage_points,43.75,43.75,0.0,False
ads2_formal_ravdess_d21_f3_wavlm_base_plus_A,ravdess,21,3,wavlm_base_plus,15,seen_uar,15,UAR_percent,percentage_points,43.75,43.75,0.0,False
ads2_formal_ravdess_d21_f3_wavlm_base_plus_A,ravdess,21,3,wavlm_base_plus,15,unseen_uar,15,UAR_percent,percentage_points,43.75,43.75,0.0,False
ads2_formal_ravdess_d21_f3_wavlm_base_plus_A,ravdess,21,3,wavlm_base_plus,45,last,45,UAR_percent,percentage_points,43.75,50.0,6.25,False
ads2_formal_ravdess_d21_f3_wavlm_base_plus_A,ravdess,21,3,wavlm_base_plus,45,seen_ce,34,UAR_percent,percentage_points,46.875,50.0,3.125,False
ads2_formal_ravdess_d21_f3_wavlm_base_plus_A,ravdess,21,3,wavlm_base_plus,45,unseen_ce,19,UAR_percent,percentage_points,50.0,50.0,0.0,False
ads2_formal_ravdess_d21_f3_wavlm_base_plus_A,ravdess,21,3,wavlm_base_plus,45,seen_uar,41,UAR_percent,percentage_points,43.75,50.0,6.25,False
ads2_formal_ravdess_d21_f3_wavlm_base_plus_A,ravdess,21,3,wavlm_base_plus,45,unseen_uar,43,UAR_percent,percentage_points,40.625,50.0,9.375,False
ads2_formal_ravdess_d21_f3_hubert_base_A,ravdess,21,3,hubert_base,15,last,15,UAR_percent,percentage_points,40.625,43.75,3.125,False
ads2_formal_ravdess_d21_f3_hubert_base_A,ravdess,21,3,hubert_base,15,seen_ce,15,UAR_percent,percentage_points,40.625,43.75,3.125,False
ads2_formal_ravdess_d21_f3_hubert_base_A,ravdess,21,3,hubert_base,15,unseen_ce,12,UAR_percent,percentage_points,40.625,43.75,3.125,False
ads2_formal_ravdess_d21_f3_hubert_base_A,ravdess,21,3,hubert_base,15,seen_uar,12,UAR_percent,percentage_points,40.625,43.75,3.125,False
ads2_formal_ravdess_d21_f3_hubert_base_A,ravdess,21,3,hubert_base,15,unseen_uar,12,UAR_percent,percentage_points,40.625,43.75,3.125,False
ads2_formal_ravdess_d21_f4_wavlm_base_plus_A,ravdess,21,4,wavlm_base_plus,15,last,15,UAR_percent,percentage_points,37.5,37.5,0.0,False
ads2_formal_ravdess_d21_f4_wavlm_base_plus_A,ravdess,21,4,wavlm_base_plus,15,seen_ce,15,UAR_percent,percentage_points,37.5,37.5,0.0,False
ads2_formal_ravdess_d21_f4_wavlm_base_plus_A,ravdess,21,4,wavlm_base_plus,15,unseen_ce,15,UAR_percent,percentage_points,37.5,37.5,0.0,False
ads2_formal_ravdess_d21_f4_wavlm_base_plus_A,ravdess,21,4,wavlm_base_plus,15,seen_uar,15,UAR_percent,percentage_points,37.5,37.5,0.0,False
ads2_formal_ravdess_d21_f4_wavlm_base_plus_A,ravdess,21,4,wavlm_base_plus,15,unseen_uar,12,UAR_percent,percentage_points,34.375,37.5,3.125,False
ads2_formal_ravdess_d21_f4_wavlm_base_plus_A,ravdess,21,4,wavlm_base_plus,45,last,45,UAR_percent,percentage_points,40.625,46.875,6.25,False
ads2_formal_ravdess_d21_f4_wavlm_base_plus_A,ravdess,21,4,wavlm_base_plus,45,seen_ce,17,UAR_percent,percentage_points,43.75,46.875,3.125,False
ads2_formal_ravdess_d21_f4_wavlm_base_plus_A,ravdess,21,4,wavlm_base_plus,45,unseen_ce,17,UAR_percent,percentage_points,43.75,46.875,3.125,False
ads2_formal_ravdess_d21_f4_wavlm_base_plus_A,ravdess,21,4,wavlm_base_plus,45,seen_uar,43,UAR_percent,percentage_points,43.75,46.875,3.125,False
ads2_formal_ravdess_d21_f4_wavlm_base_plus_A,ravdess,21,4,wavlm_base_plus,45,unseen_uar,34,UAR_percent,percentage_points,37.5,46.875,9.375,False
ads2_formal_ravdess_d21_f4_hubert_base_A,ravdess,21,4,hubert_base,15,last,15,UAR_percent,percentage_points,31.25,50.0,18.75,False
ads2_formal_ravdess_d21_f4_hubert_base_A,ravdess,21,4,hubert_base,15,seen_ce,11,UAR_percent,percentage_points,50.0,50.0,0.0,False
ads2_formal_ravdess_d21_f4_hubert_base_A,ravdess,21,4,hubert_base,15,unseen_ce,15,UAR_percent,percentage_points,31.25,50.0,18.75,False
ads2_formal_ravdess_d21_f4_hubert_base_A,ravdess,21,4,hubert_base,15,seen_uar,11,UAR_percent,percentage_points,50.0,50.0,0.0,False
ads2_formal_ravdess_d21_f4_hubert_base_A,ravdess,21,4,hubert_base,15,unseen_uar,15,UAR_percent,percentage_points,31.25,50.0,18.75,False
ads2_formal_ravdess_d22_f0_wavlm_base_plus_A,ravdess,22,0,wavlm_base_plus,15,last,15,UAR_percent,percentage_points,47.916666666666664,52.083333333333336,4.166666666666667,False
ads2_formal_ravdess_d22_f0_wavlm_base_plus_A,ravdess,22,0,wavlm_base_plus,15,seen_ce,15,UAR_percent,percentage_points,47.916666666666664,52.083333333333336,4.166666666666667,False
ads2_formal_ravdess_d22_f0_wavlm_base_plus_A,ravdess,22,0,wavlm_base_plus,15,unseen_ce,14,UAR_percent,percentage_points,37.5,52.083333333333336,14.583333333333334,False
ads2_formal_ravdess_d22_f0_wavlm_base_plus_A,ravdess,22,0,wavlm_base_plus,15,seen_uar,15,UAR_percent,percentage_points,47.916666666666664,52.083333333333336,4.166666666666667,False
ads2_formal_ravdess_d22_f0_wavlm_base_plus_A,ravdess,22,0,wavlm_base_plus,15,unseen_uar,13,UAR_percent,percentage_points,35.416666666666664,52.083333333333336,16.666666666666668,False
ads2_formal_ravdess_d22_f0_wavlm_base_plus_A,ravdess,22,0,wavlm_base_plus,45,last,45,UAR_percent,percentage_points,39.583333333333336,52.083333333333336,12.5,False
ads2_formal_ravdess_d22_f0_wavlm_base_plus_A,ravdess,22,0,wavlm_base_plus,45,seen_ce,28,UAR_percent,percentage_points,43.75,52.083333333333336,8.333333333333334,False
ads2_formal_ravdess_d22_f0_wavlm_base_plus_A,ravdess,22,0,wavlm_base_plus,45,unseen_ce,25,UAR_percent,percentage_points,45.833333333333336,52.083333333333336,6.25,False
ads2_formal_ravdess_d22_f0_wavlm_base_plus_A,ravdess,22,0,wavlm_base_plus,45,seen_uar,28,UAR_percent,percentage_points,43.75,52.083333333333336,8.333333333333334,False
ads2_formal_ravdess_d22_f0_wavlm_base_plus_A,ravdess,22,0,wavlm_base_plus,45,unseen_uar,28,UAR_percent,percentage_points,43.75,52.083333333333336,8.333333333333334,False
ads2_formal_ravdess_d22_f0_hubert_base_A,ravdess,22,0,hubert_base,15,last,15,UAR_percent,percentage_points,47.916666666666664,56.25,8.333333333333334,False
ads2_formal_ravdess_d22_f0_hubert_base_A,ravdess,22,0,hubert_base,15,seen_ce,14,UAR_percent,percentage_points,50.0,56.25,6.25,False
ads2_formal_ravdess_d22_f0_hubert_base_A,ravdess,22,0,hubert_base,15,unseen_ce,13,UAR_percent,percentage_points,47.916666666666664,56.25,8.333333333333334,False
ads2_formal_ravdess_d22_f0_hubert_base_A,ravdess,22,0,hubert_base,15,seen_uar,14,UAR_percent,percentage_points,50.0,56.25,6.25,False
ads2_formal_ravdess_d22_f0_hubert_base_A,ravdess,22,0,hubert_base,15,unseen_uar,8,UAR_percent,percentage_points,47.916666666666664,56.25,8.333333333333334,False
ads2_formal_ravdess_d22_f1_wavlm_base_plus_A,ravdess,22,1,wavlm_base_plus,15,last,15,UAR_percent,percentage_points,35.416666666666664,35.416666666666664,0.0,False
ads2_formal_ravdess_d22_f1_wavlm_base_plus_A,ravdess,22,1,wavlm_base_plus,15,seen_ce,14,UAR_percent,percentage_points,35.416666666666664,35.416666666666664,0.0,False
ads2_formal_ravdess_d22_f1_wavlm_base_plus_A,ravdess,22,1,wavlm_base_plus,15,unseen_ce,9,UAR_percent,percentage_points,33.333333333333336,35.416666666666664,2.0833333333333335,False
ads2_formal_ravdess_d22_f1_wavlm_base_plus_A,ravdess,22,1,wavlm_base_plus,15,seen_uar,13,UAR_percent,percentage_points,31.25,35.416666666666664,4.166666666666667,False
ads2_formal_ravdess_d22_f1_wavlm_base_plus_A,ravdess,22,1,wavlm_base_plus,15,unseen_uar,11,UAR_percent,percentage_points,31.25,35.416666666666664,4.166666666666667,False
ads2_formal_ravdess_d22_f1_wavlm_base_plus_A,ravdess,22,1,wavlm_base_plus,45,last,45,UAR_percent,percentage_points,43.75,47.916666666666664,4.166666666666667,False
ads2_formal_ravdess_d22_f1_wavlm_base_plus_A,ravdess,22,1,wavlm_base_plus,45,seen_ce,17,UAR_percent,percentage_points,27.083333333333332,47.916666666666664,20.833333333333332,False
ads2_formal_ravdess_d22_f1_wavlm_base_plus_A,ravdess,22,1,wavlm_base_plus,45,unseen_ce,17,UAR_percent,percentage_points,27.083333333333332,47.916666666666664,20.833333333333332,False
ads2_formal_ravdess_d22_f1_wavlm_base_plus_A,ravdess,22,1,wavlm_base_plus,45,seen_uar,17,UAR_percent,percentage_points,27.083333333333332,47.916666666666664,20.833333333333332,False
ads2_formal_ravdess_d22_f1_wavlm_base_plus_A,ravdess,22,1,wavlm_base_plus,45,unseen_uar,22,UAR_percent,percentage_points,37.5,47.916666666666664,10.416666666666666,False
ads2_formal_ravdess_d22_f1_hubert_base_A,ravdess,22,1,hubert_base,15,last,15,UAR_percent,percentage_points,39.583333333333336,39.583333333333336,0.0,False
ads2_formal_ravdess_d22_f1_hubert_base_A,ravdess,22,1,hubert_base,15,seen_ce,14,UAR_percent,percentage_points,39.583333333333336,39.583333333333336,0.0,False
ads2_formal_ravdess_d22_f1_hubert_base_A,ravdess,22,1,hubert_base,15,unseen_ce,10,UAR_percent,percentage_points,35.416666666666664,39.583333333333336,4.166666666666667,False
ads2_formal_ravdess_d22_f1_hubert_base_A,ravdess,22,1,hubert_base,15,seen_uar,13,UAR_percent,percentage_points,39.583333333333336,39.583333333333336,0.0,False
ads2_formal_ravdess_d22_f1_hubert_base_A,ravdess,22,1,hubert_base,15,unseen_uar,10,UAR_percent,percentage_points,35.416666666666664,39.583333333333336,4.166666666666667,False
ads2_formal_ravdess_d22_f2_wavlm_base_plus_A,ravdess,22,2,wavlm_base_plus,15,last,15,UAR_percent,percentage_points,31.25,37.5,6.25,False
ads2_formal_ravdess_d22_f2_wavlm_base_plus_A,ravdess,22,2,wavlm_base_plus,15,seen_ce,15,UAR_percent,percentage_points,31.25,37.5,6.25,False
ads2_formal_ravdess_d22_f2_wavlm_base_plus_A,ravdess,22,2,wavlm_base_plus,15,unseen_ce,15,UAR_percent,percentage_points,31.25,37.5,6.25,False
ads2_formal_ravdess_d22_f2_wavlm_base_plus_A,ravdess,22,2,wavlm_base_plus,15,seen_uar,15,UAR_percent,percentage_points,31.25,37.5,6.25,False
ads2_formal_ravdess_d22_f2_wavlm_base_plus_A,ravdess,22,2,wavlm_base_plus,15,unseen_uar,15,UAR_percent,percentage_points,31.25,37.5,6.25,False
ads2_formal_ravdess_d22_f2_wavlm_base_plus_A,ravdess,22,2,wavlm_base_plus,45,last,45,UAR_percent,percentage_points,34.375,50.0,15.625,False
ads2_formal_ravdess_d22_f2_wavlm_base_plus_A,ravdess,22,2,wavlm_base_plus,45,seen_ce,27,UAR_percent,percentage_points,50.0,50.0,0.0,False
ads2_formal_ravdess_d22_f2_wavlm_base_plus_A,ravdess,22,2,wavlm_base_plus,45,unseen_ce,18,UAR_percent,percentage_points,34.375,50.0,15.625,False
ads2_formal_ravdess_d22_f2_wavlm_base_plus_A,ravdess,22,2,wavlm_base_plus,45,seen_uar,27,UAR_percent,percentage_points,50.0,50.0,0.0,False
ads2_formal_ravdess_d22_f2_wavlm_base_plus_A,ravdess,22,2,wavlm_base_plus,45,unseen_uar,22,UAR_percent,percentage_points,40.625,50.0,9.375,False
ads2_formal_ravdess_d22_f2_hubert_base_A,ravdess,22,2,hubert_base,15,last,15,UAR_percent,percentage_points,50.0,50.0,0.0,False
ads2_formal_ravdess_d22_f2_hubert_base_A,ravdess,22,2,hubert_base,15,seen_ce,11,UAR_percent,percentage_points,46.875,50.0,3.125,False
ads2_formal_ravdess_d22_f2_hubert_base_A,ravdess,22,2,hubert_base,15,unseen_ce,11,UAR_percent,percentage_points,46.875,50.0,3.125,False
ads2_formal_ravdess_d22_f2_hubert_base_A,ravdess,22,2,hubert_base,15,seen_uar,11,UAR_percent,percentage_points,46.875,50.0,3.125,False
ads2_formal_ravdess_d22_f2_hubert_base_A,ravdess,22,2,hubert_base,15,unseen_uar,13,UAR_percent,percentage_points,43.75,50.0,6.25,False
ads2_formal_ravdess_d22_f3_wavlm_base_plus_A,ravdess,22,3,wavlm_base_plus,15,last,15,UAR_percent,percentage_points,21.875,21.875,0.0,False
ads2_formal_ravdess_d22_f3_wavlm_base_plus_A,ravdess,22,3,wavlm_base_plus,15,seen_ce,13,UAR_percent,percentage_points,21.875,21.875,0.0,False
ads2_formal_ravdess_d22_f3_wavlm_base_plus_A,ravdess,22,3,wavlm_base_plus,15,unseen_ce,13,UAR_percent,percentage_points,21.875,21.875,0.0,False
ads2_formal_ravdess_d22_f3_wavlm_base_plus_A,ravdess,22,3,wavlm_base_plus,15,seen_uar,13,UAR_percent,percentage_points,21.875,21.875,0.0,False
ads2_formal_ravdess_d22_f3_wavlm_base_plus_A,ravdess,22,3,wavlm_base_plus,15,unseen_uar,13,UAR_percent,percentage_points,21.875,21.875,0.0,False
ads2_formal_ravdess_d22_f3_wavlm_base_plus_A,ravdess,22,3,wavlm_base_plus,45,last,45,UAR_percent,percentage_points,25.0,31.25,6.25,False
ads2_formal_ravdess_d22_f3_wavlm_base_plus_A,ravdess,22,3,wavlm_base_plus,45,seen_ce,26,UAR_percent,percentage_points,31.25,31.25,0.0,False
ads2_formal_ravdess_d22_f3_wavlm_base_plus_A,ravdess,22,3,wavlm_base_plus,45,unseen_ce,21,UAR_percent,percentage_points,28.125,31.25,3.125,False
ads2_formal_ravdess_d22_f3_wavlm_base_plus_A,ravdess,22,3,wavlm_base_plus,45,seen_uar,34,UAR_percent,percentage_points,31.25,31.25,0.0,False
ads2_formal_ravdess_d22_f3_wavlm_base_plus_A,ravdess,22,3,wavlm_base_plus,45,unseen_uar,13,UAR_percent,percentage_points,21.875,31.25,9.375,False
ads2_formal_ravdess_d22_f3_hubert_base_A,ravdess,22,3,hubert_base,15,last,15,UAR_percent,percentage_points,40.625,40.625,0.0,False
ads2_formal_ravdess_d22_f3_hubert_base_A,ravdess,22,3,hubert_base,15,seen_ce,14,UAR_percent,percentage_points,37.5,40.625,3.125,False
ads2_formal_ravdess_d22_f3_hubert_base_A,ravdess,22,3,hubert_base,15,unseen_ce,14,UAR_percent,percentage_points,37.5,40.625,3.125,False
ads2_formal_ravdess_d22_f3_hubert_base_A,ravdess,22,3,hubert_base,15,seen_uar,12,UAR_percent,percentage_points,37.5,40.625,3.125,False
ads2_formal_ravdess_d22_f3_hubert_base_A,ravdess,22,3,hubert_base,15,unseen_uar,9,UAR_percent,percentage_points,31.25,40.625,9.375,False
ads2_formal_ravdess_d22_f4_wavlm_base_plus_A,ravdess,22,4,wavlm_base_plus,15,last,15,UAR_percent,percentage_points,21.875,25.0,3.125,False
ads2_formal_ravdess_d22_f4_wavlm_base_plus_A,ravdess,22,4,wavlm_base_plus,15,seen_ce,15,UAR_percent,percentage_points,21.875,25.0,3.125,False
ads2_formal_ravdess_d22_f4_wavlm_base_plus_A,ravdess,22,4,wavlm_base_plus,15,unseen_ce,15,UAR_percent,percentage_points,21.875,25.0,3.125,False
ads2_formal_ravdess_d22_f4_wavlm_base_plus_A,ravdess,22,4,wavlm_base_plus,15,seen_uar,13,UAR_percent,percentage_points,25.0,25.0,0.0,False
ads2_formal_ravdess_d22_f4_wavlm_base_plus_A,ravdess,22,4,wavlm_base_plus,15,unseen_uar,13,UAR_percent,percentage_points,25.0,25.0,0.0,False
ads2_formal_ravdess_d22_f4_wavlm_base_plus_A,ravdess,22,4,wavlm_base_plus,45,last,45,UAR_percent,percentage_points,40.625,43.75,3.125,False
ads2_formal_ravdess_d22_f4_wavlm_base_plus_A,ravdess,22,4,wavlm_base_plus,45,seen_ce,39,UAR_percent,percentage_points,34.375,43.75,9.375,False
ads2_formal_ravdess_d22_f4_wavlm_base_plus_A,ravdess,22,4,wavlm_base_plus,45,unseen_ce,31,UAR_percent,percentage_points,37.5,43.75,6.25,False
ads2_formal_ravdess_d22_f4_wavlm_base_plus_A,ravdess,22,4,wavlm_base_plus,45,seen_uar,41,UAR_percent,percentage_points,37.5,43.75,6.25,False
ads2_formal_ravdess_d22_f4_wavlm_base_plus_A,ravdess,22,4,wavlm_base_plus,45,unseen_uar,36,UAR_percent,percentage_points,37.5,43.75,6.25,False
ads2_formal_ravdess_d22_f4_hubert_base_A,ravdess,22,4,hubert_base,15,last,15,UAR_percent,percentage_points,28.125,34.375,6.25,False
ads2_formal_ravdess_d22_f4_hubert_base_A,ravdess,22,4,hubert_base,15,seen_ce,11,UAR_percent,percentage_points,34.375,34.375,0.0,False
ads2_formal_ravdess_d22_f4_hubert_base_A,ravdess,22,4,hubert_base,15,unseen_ce,11,UAR_percent,percentage_points,34.375,34.375,0.0,False
ads2_formal_ravdess_d22_f4_hubert_base_A,ravdess,22,4,hubert_base,15,seen_uar,8,UAR_percent,percentage_points,25.0,34.375,9.375,False
ads2_formal_ravdess_d22_f4_hubert_base_A,ravdess,22,4,hubert_base,15,unseen_uar,12,UAR_percent,percentage_points,31.25,34.375,3.125,False
ads2_formal_ravdess_d23_f0_wavlm_base_plus_A,ravdess,23,0,wavlm_base_plus,15,last,15,UAR_percent,percentage_points,31.25,33.333333333333336,2.0833333333333335,False
ads2_formal_ravdess_d23_f0_wavlm_base_plus_A,ravdess,23,0,wavlm_base_plus,15,seen_ce,14,UAR_percent,percentage_points,33.333333333333336,33.333333333333336,0.0,False
ads2_formal_ravdess_d23_f0_wavlm_base_plus_A,ravdess,23,0,wavlm_base_plus,15,unseen_ce,13,UAR_percent,percentage_points,27.083333333333332,33.333333333333336,6.25,False
ads2_formal_ravdess_d23_f0_wavlm_base_plus_A,ravdess,23,0,wavlm_base_plus,15,seen_uar,13,UAR_percent,percentage_points,27.083333333333332,33.333333333333336,6.25,False
ads2_formal_ravdess_d23_f0_wavlm_base_plus_A,ravdess,23,0,wavlm_base_plus,15,unseen_uar,13,UAR_percent,percentage_points,27.083333333333332,33.333333333333336,6.25,False
ads2_formal_ravdess_d23_f0_wavlm_base_plus_A,ravdess,23,0,wavlm_base_plus,45,last,45,UAR_percent,percentage_points,37.5,47.916666666666664,10.416666666666666,False
ads2_formal_ravdess_d23_f0_wavlm_base_plus_A,ravdess,23,0,wavlm_base_plus,45,seen_ce,18,UAR_percent,percentage_points,47.916666666666664,47.916666666666664,0.0,False
ads2_formal_ravdess_d23_f0_wavlm_base_plus_A,ravdess,23,0,wavlm_base_plus,45,unseen_ce,18,UAR_percent,percentage_points,47.916666666666664,47.916666666666664,0.0,False
ads2_formal_ravdess_d23_f0_wavlm_base_plus_A,ravdess,23,0,wavlm_base_plus,45,seen_uar,35,UAR_percent,percentage_points,47.916666666666664,47.916666666666664,0.0,False
ads2_formal_ravdess_d23_f0_wavlm_base_plus_A,ravdess,23,0,wavlm_base_plus,45,unseen_uar,18,UAR_percent,percentage_points,47.916666666666664,47.916666666666664,0.0,False
ads2_formal_ravdess_d23_f0_hubert_base_A,ravdess,23,0,hubert_base,15,last,15,UAR_percent,percentage_points,31.25,39.583333333333336,8.333333333333334,False
ads2_formal_ravdess_d23_f0_hubert_base_A,ravdess,23,0,hubert_base,15,seen_ce,14,UAR_percent,percentage_points,39.583333333333336,39.583333333333336,0.0,False
ads2_formal_ravdess_d23_f0_hubert_base_A,ravdess,23,0,hubert_base,15,unseen_ce,14,UAR_percent,percentage_points,39.583333333333336,39.583333333333336,0.0,False
ads2_formal_ravdess_d23_f0_hubert_base_A,ravdess,23,0,hubert_base,15,seen_uar,14,UAR_percent,percentage_points,39.583333333333336,39.583333333333336,0.0,False
ads2_formal_ravdess_d23_f0_hubert_base_A,ravdess,23,0,hubert_base,15,unseen_uar,12,UAR_percent,percentage_points,35.416666666666664,39.583333333333336,4.166666666666667,False
ads2_formal_ravdess_d23_f1_wavlm_base_plus_A,ravdess,23,1,wavlm_base_plus,15,last,15,UAR_percent,percentage_points,27.083333333333332,29.166666666666668,2.0833333333333335,False
ads2_formal_ravdess_d23_f1_wavlm_base_plus_A,ravdess,23,1,wavlm_base_plus,15,seen_ce,14,UAR_percent,percentage_points,29.166666666666668,29.166666666666668,0.0,False
ads2_formal_ravdess_d23_f1_wavlm_base_plus_A,ravdess,23,1,wavlm_base_plus,15,unseen_ce,14,UAR_percent,percentage_points,29.166666666666668,29.166666666666668,0.0,False
ads2_formal_ravdess_d23_f1_wavlm_base_plus_A,ravdess,23,1,wavlm_base_plus,15,seen_uar,14,UAR_percent,percentage_points,29.166666666666668,29.166666666666668,0.0,False
ads2_formal_ravdess_d23_f1_wavlm_base_plus_A,ravdess,23,1,wavlm_base_plus,15,unseen_uar,14,UAR_percent,percentage_points,29.166666666666668,29.166666666666668,0.0,False
ads2_formal_ravdess_d23_f1_wavlm_base_plus_A,ravdess,23,1,wavlm_base_plus,45,last,45,UAR_percent,percentage_points,37.5,45.833333333333336,8.333333333333334,False
ads2_formal_ravdess_d23_f1_wavlm_base_plus_A,ravdess,23,1,wavlm_base_plus,45,seen_ce,28,UAR_percent,percentage_points,39.583333333333336,45.833333333333336,6.25,False
ads2_formal_ravdess_d23_f1_wavlm_base_plus_A,ravdess,23,1,wavlm_base_plus,45,unseen_ce,28,UAR_percent,percentage_points,39.583333333333336,45.833333333333336,6.25,False
ads2_formal_ravdess_d23_f1_wavlm_base_plus_A,ravdess,23,1,wavlm_base_plus,45,seen_uar,28,UAR_percent,percentage_points,39.583333333333336,45.833333333333336,6.25,False
ads2_formal_ravdess_d23_f1_wavlm_base_plus_A,ravdess,23,1,wavlm_base_plus,45,unseen_uar,28,UAR_percent,percentage_points,39.583333333333336,45.833333333333336,6.25,False
ads2_formal_ravdess_d23_f1_hubert_base_A,ravdess,23,1,hubert_base,15,last,15,UAR_percent,percentage_points,43.75,43.75,0.0,False
ads2_formal_ravdess_d23_f1_hubert_base_A,ravdess,23,1,hubert_base,15,seen_ce,15,UAR_percent,percentage_points,43.75,43.75,0.0,False
ads2_formal_ravdess_d23_f1_hubert_base_A,ravdess,23,1,hubert_base,15,unseen_ce,15,UAR_percent,percentage_points,43.75,43.75,0.0,False
ads2_formal_ravdess_d23_f1_hubert_base_A,ravdess,23,1,hubert_base,15,seen_uar,11,UAR_percent,percentage_points,37.5,43.75,6.25,False
ads2_formal_ravdess_d23_f1_hubert_base_A,ravdess,23,1,hubert_base,15,unseen_uar,15,UAR_percent,percentage_points,43.75,43.75,0.0,False
ads2_formal_ravdess_d23_f2_wavlm_base_plus_A,ravdess,23,2,wavlm_base_plus,15,last,15,UAR_percent,percentage_points,31.25,31.25,0.0,False
ads2_formal_ravdess_d23_f2_wavlm_base_plus_A,ravdess,23,2,wavlm_base_plus,15,seen_ce,15,UAR_percent,percentage_points,31.25,31.25,0.0,False
ads2_formal_ravdess_d23_f2_wavlm_base_plus_A,ravdess,23,2,wavlm_base_plus,15,unseen_ce,15,UAR_percent,percentage_points,31.25,31.25,0.0,False
ads2_formal_ravdess_d23_f2_wavlm_base_plus_A,ravdess,23,2,wavlm_base_plus,15,seen_uar,15,UAR_percent,percentage_points,31.25,31.25,0.0,False
ads2_formal_ravdess_d23_f2_wavlm_base_plus_A,ravdess,23,2,wavlm_base_plus,15,unseen_uar,10,UAR_percent,percentage_points,31.25,31.25,0.0,False
ads2_formal_ravdess_d23_f2_wavlm_base_plus_A,ravdess,23,2,wavlm_base_plus,45,last,45,UAR_percent,percentage_points,46.875,53.125,6.25,False
ads2_formal_ravdess_d23_f2_wavlm_base_plus_A,ravdess,23,2,wavlm_base_plus,45,seen_ce,34,UAR_percent,percentage_points,43.75,53.125,9.375,False
ads2_formal_ravdess_d23_f2_wavlm_base_plus_A,ravdess,23,2,wavlm_base_plus,45,unseen_ce,21,UAR_percent,percentage_points,43.75,53.125,9.375,False
ads2_formal_ravdess_d23_f2_wavlm_base_plus_A,ravdess,23,2,wavlm_base_plus,45,seen_uar,29,UAR_percent,percentage_points,40.625,53.125,12.5,False
ads2_formal_ravdess_d23_f2_wavlm_base_plus_A,ravdess,23,2,wavlm_base_plus,45,unseen_uar,34,UAR_percent,percentage_points,43.75,53.125,9.375,False
ads2_formal_ravdess_d23_f2_hubert_base_A,ravdess,23,2,hubert_base,15,last,15,UAR_percent,percentage_points,37.5,53.125,15.625,False
ads2_formal_ravdess_d23_f2_hubert_base_A,ravdess,23,2,hubert_base,15,seen_ce,12,UAR_percent,percentage_points,50.0,53.125,3.125,False
ads2_formal_ravdess_d23_f2_hubert_base_A,ravdess,23,2,hubert_base,15,unseen_ce,12,UAR_percent,percentage_points,50.0,53.125,3.125,False
ads2_formal_ravdess_d23_f2_hubert_base_A,ravdess,23,2,hubert_base,15,seen_uar,12,UAR_percent,percentage_points,50.0,53.125,3.125,False
ads2_formal_ravdess_d23_f2_hubert_base_A,ravdess,23,2,hubert_base,15,unseen_uar,14,UAR_percent,percentage_points,53.125,53.125,0.0,False
ads2_formal_ravdess_d23_f3_wavlm_base_plus_A,ravdess,23,3,wavlm_base_plus,15,last,15,UAR_percent,percentage_points,37.5,37.5,0.0,False
ads2_formal_ravdess_d23_f3_wavlm_base_plus_A,ravdess,23,3,wavlm_base_plus,15,seen_ce,14,UAR_percent,percentage_points,37.5,37.5,0.0,False
ads2_formal_ravdess_d23_f3_wavlm_base_plus_A,ravdess,23,3,wavlm_base_plus,15,unseen_ce,14,UAR_percent,percentage_points,37.5,37.5,0.0,False
ads2_formal_ravdess_d23_f3_wavlm_base_plus_A,ravdess,23,3,wavlm_base_plus,15,seen_uar,14,UAR_percent,percentage_points,37.5,37.5,0.0,False
ads2_formal_ravdess_d23_f3_wavlm_base_plus_A,ravdess,23,3,wavlm_base_plus,15,unseen_uar,12,UAR_percent,percentage_points,31.25,37.5,6.25,False
ads2_formal_ravdess_d23_f3_wavlm_base_plus_A,ravdess,23,3,wavlm_base_plus,45,last,45,UAR_percent,percentage_points,43.75,50.0,6.25,False
ads2_formal_ravdess_d23_f3_wavlm_base_plus_A,ravdess,23,3,wavlm_base_plus,45,seen_ce,18,UAR_percent,percentage_points,50.0,50.0,0.0,False
ads2_formal_ravdess_d23_f3_wavlm_base_plus_A,ravdess,23,3,wavlm_base_plus,45,unseen_ce,18,UAR_percent,percentage_points,50.0,50.0,0.0,False
ads2_formal_ravdess_d23_f3_wavlm_base_plus_A,ravdess,23,3,wavlm_base_plus,45,seen_uar,44,UAR_percent,percentage_points,43.75,50.0,6.25,False
ads2_formal_ravdess_d23_f3_wavlm_base_plus_A,ravdess,23,3,wavlm_base_plus,45,unseen_uar,42,UAR_percent,percentage_points,40.625,50.0,9.375,False
ads2_formal_ravdess_d23_f3_hubert_base_A,ravdess,23,3,hubert_base,15,last,15,UAR_percent,percentage_points,46.875,46.875,0.0,False
ads2_formal_ravdess_d23_f3_hubert_base_A,ravdess,23,3,hubert_base,15,seen_ce,13,UAR_percent,percentage_points,34.375,46.875,12.5,False
ads2_formal_ravdess_d23_f3_hubert_base_A,ravdess,23,3,hubert_base,15,unseen_ce,11,UAR_percent,percentage_points,25.0,46.875,21.875,False
ads2_formal_ravdess_d23_f3_hubert_base_A,ravdess,23,3,hubert_base,15,seen_uar,13,UAR_percent,percentage_points,34.375,46.875,12.5,False
ads2_formal_ravdess_d23_f3_hubert_base_A,ravdess,23,3,hubert_base,15,unseen_uar,11,UAR_percent,percentage_points,25.0,46.875,21.875,False
ads2_formal_ravdess_d23_f4_wavlm_base_plus_A,ravdess,23,4,wavlm_base_plus,15,last,15,UAR_percent,percentage_points,31.25,43.75,12.5,False
ads2_formal_ravdess_d23_f4_wavlm_base_plus_A,ravdess,23,4,wavlm_base_plus,15,seen_ce,15,UAR_percent,percentage_points,31.25,43.75,12.5,False
ads2_formal_ravdess_d23_f4_wavlm_base_plus_A,ravdess,23,4,wavlm_base_plus,15,unseen_ce,15,UAR_percent,percentage_points,31.25,43.75,12.5,False
ads2_formal_ravdess_d23_f4_wavlm_base_plus_A,ravdess,23,4,wavlm_base_plus,15,seen_uar,14,UAR_percent,percentage_points,43.75,43.75,0.0,False
ads2_formal_ravdess_d23_f4_wavlm_base_plus_A,ravdess,23,4,wavlm_base_plus,15,unseen_uar,15,UAR_percent,percentage_points,31.25,43.75,12.5,False
ads2_formal_ravdess_d23_f4_wavlm_base_plus_A,ravdess,23,4,wavlm_base_plus,45,last,45,UAR_percent,percentage_points,46.875,50.0,3.125,False
ads2_formal_ravdess_d23_f4_wavlm_base_plus_A,ravdess,23,4,wavlm_base_plus,45,seen_ce,28,UAR_percent,percentage_points,40.625,50.0,9.375,False
ads2_formal_ravdess_d23_f4_wavlm_base_plus_A,ravdess,23,4,wavlm_base_plus,45,unseen_ce,28,UAR_percent,percentage_points,40.625,50.0,9.375,False
ads2_formal_ravdess_d23_f4_wavlm_base_plus_A,ravdess,23,4,wavlm_base_plus,45,seen_uar,41,UAR_percent,percentage_points,43.75,50.0,6.25,False
ads2_formal_ravdess_d23_f4_wavlm_base_plus_A,ravdess,23,4,wavlm_base_plus,45,unseen_uar,38,UAR_percent,percentage_points,40.625,50.0,9.375,False
ads2_formal_ravdess_d23_f4_hubert_base_A,ravdess,23,4,hubert_base,15,last,15,UAR_percent,percentage_points,34.375,37.5,3.125,False
ads2_formal_ravdess_d23_f4_hubert_base_A,ravdess,23,4,hubert_base,15,seen_ce,15,UAR_percent,percentage_points,34.375,37.5,3.125,False
ads2_formal_ravdess_d23_f4_hubert_base_A,ravdess,23,4,hubert_base,15,unseen_ce,15,UAR_percent,percentage_points,34.375,37.5,3.125,False
ads2_formal_ravdess_d23_f4_hubert_base_A,ravdess,23,4,hubert_base,15,seen_uar,15,UAR_percent,percentage_points,34.375,37.5,3.125,False
ads2_formal_ravdess_d23_f4_hubert_base_A,ravdess,23,4,hubert_base,15,unseen_uar,15,UAR_percent,percentage_points,34.375,37.5,3.125,False
